1	1
2	4
3	5
4	6
5	7
6	8
7	8
8	8
9	8
10	8
11	8
12	8
13	8
14	8
15	9
16	10
17	11
18	12
19	13
20	14
21	15
22	16
23	18
24	18
25	20
26	20
27	20
28	22
29	24
30	24
31	24
32	26
33	28
34	28
35	28
36	30
37	30
38	32
39	33
40	34
41	35
42	36
43	37
44	38
45	39
46	40
47	41
48	41
49	42
50	43
51	44
52	45
53	46
54	47
55	48
56	49
57	49
58	50
59	51
60	52
61	53
62	54
63	55
64	56
65	57
66	57
67	58
68	59
69	60
70	60
71	59
72	59
73	59
74	59
75	59
76	59
77	61
78	61
79	61
80	60
81	60
82	60
83	60
84	60
85	62
86	62
87	64
88	64
89	64
90	64
91	64
92	64
93	64
94	64
95	64
96	64
97	63
98	63
99	63
100	63
101	65
102	67
103	67
104	67
105	67
106	67
107	67
108	67
109	67
110	67
111	67
112	67
113	67
114	66
115	66
116	68
117	68
118	70
119	70
120	70
121	70
122	70
123	70
124	70
125	72
126	72
127	72
128	72
129	72
130	72
131	73
132	74
133	75
134	76
135	77
136	78
137	79
138	80
139	81
140	82
141	83
142	84
143	85
144	86
145	87
146	88
147	89
148	90
149	91
150	92
151	93
152	94
153	95
154	96
155	97
156	98
157	99
158	100
159	100
160	101
161	102
162	103
163	104
164	105
165	106
166	107
167	108
168	109
169	110
170	111
171	112
172	112
173	113
174	114
175	115
176	115
177	116
178	116
179	117
180	118
181	119
182	120
183	121
184	122
185	123
186	124
187	125
188	126
189	127
190	127
191	127
192	128
193	129
194	130
195	131
196	132
197	133
198	133
199	134
200	134
201	135
202	136
203	138
204	138
205	138
206	140
207	141
208	141
209	141
210	143
211	143
212	144
213	144
214	144
215	144
216	143
217	143
218	143
219	143
220	145
221	147
222	147
223	147
224	149
225	150
226	150
227	150
228	151
229	151
230	153
231	153
232	153
233	153
234	153
235	153
236	152
237	152
238	154
239	154
240	154
241	154
242	154
243	154
244	154
245	156
246	156
247	158
248	158
249	158
250	159
251	160
252	160
253	160
254	162
255	162
256	163
257	165
258	165
259	165
260	165
261	167
262	167
263	168
264	170
265	170
266	170
267	172
268	172
269	172
270	172
271	172
272	172
273	171
274	171
275	171
276	171
277	171
278	171
279	171
280	173
281	173
282	173
283	174
284	174
285	176
286	176
287	176
288	177
289	177
290	179
291	179
292	181
293	181
294	181
295	183
296	183
297	183
298	185
299	185
300	187
301	187
302	187
303	187
304	187
305	186
306	186
307	188
308	188
309	188
310	188
311	188
312	188
313	188
314	188
315	189
316	189
317	189
318	189
319	191
320	191
321	191
322	193
323	195
324	195
325	195
326	195
327	195
328	195
329	195
330	195
331	195
332	196
333	196
334	196
335	198
336	198
337	198
338	200
339	201
340	202
341	203
342	204
343	205
344	206
345	206
346	207
347	208
348	209
349	210
350	211
351	212
352	213
353	213
354	214
355	215
356	215
357	216
358	217
359	218
360	219
361	220
362	221
363	222
364	223
365	224
366	225
367	226
368	227
369	228
370	229
371	229
372	230
373	231
374	232
375	233
376	234
377	235
378	236
379	236
380	237
381	238
382	239
383	239
384	240
385	241
386	242
387	243
388	244
389	245
390	246
391	247
392	248
393	249
394	249
395	250
396	251
397	252
398	253
399	254
400	255
401	256
402	257
403	258
404	259
405	260
406	261
407	262
408	263
409	264
410	264
411	265
412	266
413	267
414	268
415	269
416	269
417	270
418	270
419	270
420	271
421	272
422	273
423	274
424	275
425	276
426	276
427	277
428	278
429	279
430	280
431	280
432	281
433	282
434	282
435	283
436	284
437	285
438	286
439	287
440	288
441	289
442	290
443	291
444	292
445	292
446	293
447	294
448	295
449	296
450	297
451	298
452	299
453	300
454	301
455	302
456	303
457	304
458	305
459	306
460	307
461	308
462	309
463	310
464	310
465	310
466	311
467	312
468	313
469	313
470	314
471	315
472	316
473	317
474	318
475	319
476	320
477	320
478	321
479	322
480	323
481	324
482	324
483	325
484	326
485	327
486	328
487	329
488	330
489	331
490	332
491	333
492	334
493	335
494	336
495	337
496	338
497	338
498	339
499	340
500	341
501	342
502	343
503	344
504	345
505	346
506	347
507	348
508	349
509	350
510	351
511	352
512	353
513	354
514	355
515	355
516	356
517	357
518	358
519	359
520	360
521	361
522	361
523	362
524	363
525	364
526	365
527	366
528	367
529	368
530	369
531	370
532	371
533	372
534	373
535	374
536	375
537	376
538	376
539	376
540	375
541	375
542	375
543	375
544	375
545	377
546	377
547	379
548	379
549	379
550	379
551	379
552	379
553	379
554	378
555	378
556	378
557	377
558	377
559	379
560	379
561	381
562	381
563	381
564	381
565	381
566	381
567	381
568	383
569	382
570	382
571	382
572	384
573	384
574	385
575	385
576	385
577	387
578	387
579	388
580	390
581	390
582	390
583	392
584	392
585	392
586	392
587	392
588	392
589	391
590	390
591	390
592	390
593	390
594	390
595	390
596	392
597	392
598	394
599	394
600	394
601	394
602	394
603	394
604	394
605	394
606	393
607	393
608	392
609	392
610	394
611	394
612	396
613	396
614	395
615	395
616	395
617	397
618	397
619	397
620	397
621	397
622	397
623	398
624	398
625	400
626	400
627	400
628	401
629	403
630	403
631	403
632	405
633	405
634	407
635	407
636	407
637	407
638	407
639	406
640	406
641	408
642	408
643	408
644	408
645	410
646	412
647	412
648	412
649	414
650	414
651	416
652	416
653	416
654	416
655	416
656	416
657	415
658	415
659	417
660	417
661	416
662	416
663	415
664	415
665	415
666	415
667	417
668	419
669	419
670	419
671	419
672	419
673	419
674	419
675	419
676	418
677	418
678	420
679	420
680	422
681	422
682	421
683	421
684	421
685	421
686	421
687	423
688	423
689	423
690	422
691	422
692	422
693	422
694	422
695	422
696	424
697	424
698	426
699	426
700	428
701	428
702	428
703	428
704	428
705	428
706	428
707	430
708	430
709	430
710	429
711	429
712	429
713	429
714	429
715	429
716	429
717	429
718	431
719	433
720	433
721	433
722	433
723	433
724	433
725	433
726	433
727	434
728	434
729	435
730	435
731	435
732	436
733	438
734	438
735	438
736	440
737	440
738	442
739	442
740	442
741	444
742	446
743	446
744	446
745	448
746	448
747	450
748	450
749	450
750	450
751	449
752	449
753	449
754	449
755	451
756	453
757	453
758	453
759	453
760	453
761	453
762	453
763	455
764	454
765	454
766	454
767	454
768	454
769	453
770	453
771	455
772	455
773	457
774	457
775	457
776	457
777	459
778	458
779	458
780	458
781	458
782	458
783	460
784	460
785	460
786	459
787	459
788	459
789	459
790	459
791	461
792	461
793	463
794	463
795	463
796	463
797	463
798	463
799	463
800	463
801	465
802	467
803	467
804	467
805	467
806	467
807	467
808	467
809	469
810	469
811	469
812	469
813	469
814	469
815	469
816	469
817	470
818	470
819	471
820	471
821	471
822	472
823	474
824	474
825	474
826	476
827	476
828	476
829	476
830	476
831	476
832	476
833	478
834	478
835	478
836	480
837	480
838	480
839	481
840	483
841	483
842	483
843	485
844	485
845	487
846	487
847	487
848	487
849	487
850	489
851	489
852	491
853	491
854	493
855	493
856	493
857	493
858	492
859	492
860	492
861	491
862	491
863	493
864	493
865	495
866	495
867	495
868	494
869	494
870	494
871	494
872	494
873	494
874	494
875	494
876	494
877	496
878	496
879	496
880	497
881	499
882	499
883	499
884	501
885	501
886	501
887	503
888	503
889	505
890	507
891	507
892	507
893	507
894	507
895	507
896	509
897	509
898	511
899	511
900	511
901	511
902	511
903	510
904	509
905	509
906	509
907	511
908	511
909	513
910	513
911	513
912	512
913	512
914	512
915	513
916	514
917	514
918	515
919	516
920	517
921	518
922	519
923	520
924	521
925	522
926	523
927	524
928	525
929	525
930	526
931	527
932	528
933	529
934	530
935	531
936	532
937	533
938	534
939	535
940	536
941	537
942	538
943	539
944	539
945	539
946	540
947	541
948	542
949	543
950	544
951	545
952	546
953	547
954	548
955	549
956	550
957	551
958	552
959	553
960	554
961	555
962	555
963	556
964	557
965	558
966	559
967	559
968	560
969	561
970	561
971	562
972	563
973	564
974	565
975	566
976	567
977	568
978	569
979	570
980	571
981	572
982	573
983	573
984	574
985	575
986	576
987	577
988	578
989	579
990	580
991	581
992	582
993	583
994	584
995	585
996	585
997	586
998	587
999	588
1000	589
1001	590
1002	591
1003	592
1004	593
1005	594
1006	595
1007	596
1008	597
1009	598
1010	599
1011	600
1012	601
1013	602
1014	603
1015	603
1016	604
1017	604
1018	605
1019	606
1020	607
1021	608
1022	609
1023	610
1024	611
1025	612
1026	613
1027	614
1028	614
1029	615
1030	616
1031	616
1032	617
1033	618
1034	619
1035	620
1036	620
1037	621
1038	622
1039	623
1040	624
1041	625
1042	626
1043	627
1044	628
1045	629
1046	630
1047	631
1048	632
1049	633
1050	634
1051	635
1052	636
1053	636
1054	637
1055	638
1056	639
1057	640
1058	640
1059	641
1060	642
1061	643
1062	643
1063	643
1064	644
1065	645
1066	646
1067	646
1068	647
1069	648
1070	649
1071	650
1072	651
1073	652
1074	653
1075	654
1076	655
1077	656
1078	657
1079	658
1080	659
1081	660
1082	661
1083	662
1084	663
1085	664
1086	665
1087	666
1088	667
1089	668
1090	668
1091	669
1092	670
1093	671
1094	672
1095	673
1096	674
1097	675
1098	676
1099	677
1100	678
1101	679
1102	680
1103	681
1104	681
1105	682
1106	683
1107	684
1108	685
1109	686
1110	687
1111	688
1112	689
1113	690
1114	691
1115	692
1116	693
1117	693
1118	694
1119	695
1120	696
1121	697
1122	698
1123	699
1124	699
1125	700
1126	701
1127	702
1128	703
1129	704
1130	705
1131	706
1132	707
1133	708
1134	708
1135	709
1136	710
1137	711
1138	712
1139	713
1140	714
1141	714
1142	715
1143	715
1144	716
1145	717
1146	718
1147	719
1148	720
1149	721
1150	722
1151	723
1152	724
1153	725
1154	726
1155	727
1156	727
1157	728
1158	729
1159	730
1160	731
1161	732
1162	733
1163	734
1164	735
1165	736
1166	737
1167	737
1168	738
1169	739
1170	740
1171	741
1172	742
1173	743
1174	744
1175	745
1176	745
1177	746
1178	747
1179	748
1180	749
1181	750
1182	751
1183	752
1184	752
1185	753
1186	754
1187	754
1188	755
1189	756
1190	757
1191	758
1192	759
1193	759
1194	760
1195	761
1196	761
1197	761
1198	762
1199	763
1200	764
1201	765
1202	766
1203	767
1204	768
1205	769
1206	770
1207	771
1208	772
1209	773
1210	774
1211	775
1212	776
1213	777
1214	778
1215	779
1216	780
1217	781
1218	782
1219	783
1220	783
1221	784
1222	785
1223	786
1224	787
1225	788
1226	789
1227	790
1228	791
1229	792
1230	793
1231	794
1232	795
1233	796
1234	797
1235	798
1236	799
1237	800
1238	800
1239	801
1240	802
1241	803
1242	803
1243	804
1244	805
1245	806
1246	807
1247	808
1248	808
1249	809
1250	810
1251	811
1252	812
1253	813
1254	814
1255	815
1256	816
1257	817
1258	818
1259	818
1260	819
1261	820
1262	821
1263	822
1264	823
1265	824
1266	825
1267	826
1268	827
1269	828
1270	829
1271	830
1272	830
1273	831
1274	831
1275	832
1276	833
1277	834
1278	835
1279	836
1280	836
1281	837
1282	838
1283	839
1284	840
1285	841
1286	842
1287	843
1288	844
1289	845
1290	846
1291	847
1292	848
1293	848
1294	849
1295	850
1296	851
1297	852
1298	853
1299	854
1300	855
1301	856
1302	856
1303	857
1304	857
1305	858
1306	859
1307	860
1308	861
1309	862
1310	863
1311	864
1312	865
1313	866
1314	867
1315	868
1316	869
1317	870
1318	871
1319	872
1320	873
1321	873
1322	874
1323	875
1324	876
1325	877
1326	878
1327	879
1328	879
1329	880
1330	880
1331	881
1332	881
1333	882
1334	883
1335	884
1336	885
1337	886
1338	887
1339	888
1340	889
1341	890
1342	891
1343	892
1344	893
1345	893
1346	894
1347	895
1348	896
1349	896
1350	897
1351	898
1352	899
1353	900
1354	901
1355	902
1356	903
1357	904
1358	905
1359	906
1360	907
1361	907
1362	908
1363	909
1364	910
1365	910
1366	911
1367	912
1368	913
1369	914
1370	915
1371	916
1372	917
1373	918
1374	919
1375	920
1376	921
1377	922
1378	922
1379	923
1380	924
1381	925
1382	926
1383	927
1384	928
1385	929
1386	930
1387	931
1388	931
1389	932
1390	932
1391	933
1392	934
1393	935
1394	935
1395	936
1396	937
1397	938
1398	939
1399	940
1400	941
1401	942
1402	943
1403	944
1404	945
1405	946
1406	947
1407	947
1408	948
1409	949
1410	950
1411	951
1412	951
1413	952
1414	953
1415	954
1416	955
1417	956
1418	957
1419	958
1420	959
1421	960
1422	961
1423	962
1424	962
1425	963
1426	964
1427	966
1428	966
1429	966
1430	968
1431	968
1432	968
1433	969
1434	969
1435	971
1436	971
1437	971
1438	971
1439	971
1440	971
1441	970
1442	970
1443	972
1444	972
1445	972
1446	972
1447	972
1448	972
1449	972
1450	974
1451	974
1452	974
1453	975
1454	975
1455	977
1456	977
1457	977
1458	978
1459	978
1460	980
1461	982
1462	982
1463	982
1464	984
1465	984
1466	986
1467	986
1468	986
1469	986
1470	986
1471	985
1472	985
1473	987
1474	987
1475	987
1476	987
1477	987
1478	987
1479	987
1480	987
1481	988
1482	988
1483	988
1484	988
1485	990
1486	990
1487	990
1488	992
1489	994
1490	994
1491	994
1492	994
1493	994
1494	994
1495	994
1496	994
1497	995
1498	995
1499	995
1500	997
1501	996
1502	996
1503	996
1504	996
1505	996
1506	996
1507	998
1508	998
1509	998
1510	997
1511	997
1512	996
1513	998
1514	998
1515	1000
1516	1000
1517	1000
1518	1000
1519	1000
1520	1000
1521	1000
1522	1002
1523	1002
1524	1002
1525	1001
1526	1001
1527	1001
1528	1001
1529	1001
1530	1001
1531	1001
1532	1001
1533	1003
1534	1005
1535	1005
1536	1005
1537	1005
1538	1005
1539	1005
1540	1005
1541	1005
1542	1006
1543	1006
1544	1007
1545	1007
1546	1007
1547	1008
1548	1010
1549	1010
1550	1010
1551	1012
1552	1014
1553	1014
1554	1014
1555	1016
1556	1016
1557	1016
1558	1018
1559	1018
1560	1019
1561	1019
1562	1019
1563	1019
1564	1018
1565	1018
1566	1018
1567	1018
1568	1020
1569	1020
1570	1020
1571	1020
1572	1020
1573	1020
1574	1020
1575	1022
1576	1022
1577	1024
1578	1024
1579	1024
1580	1025
1581	1025
1582	1025
1583	1027
1584	1027
1585	1028
1586	1030
1587	1030
1588	1030
1589	1032
1590	1032
1591	1034
1592	1034
1593	1034
1594	1034
1595	1034
1596	1034
1597	1033
1598	1035
1599	1035
1600	1035
1601	1035
1602	1035
1603	1035
1604	1035
1605	1035
1606	1036
1607	1036
1608	1036
1609	1038
1610	1040
1611	1040
1612	1040
1613	1040
1614	1040
1615	1040
1616	1040
1617	1040
1618	1040
1619	1041
1620	1041
1621	1041
1622	1043
1623	1043
1624	1043
1625	1045
1626	1044
1627	1044
1628	1044
1629	1043
1630	1045
1631	1045
1632	1045
1633	1044
1634	1044
1635	1044
1636	1044
1637	1044
1638	1046
1639	1046
1640	1048
1641	1048
1642	1048
1643	1048
1644	1047
1645	1047
1646	1047
1647	1047
1648	1047
1649	1047
1650	1047
1651	1049
1652	1051
1653	1051
1654	1051
1655	1051
1656	1051
1657	1051
1658	1051
1659	1053
1660	1053
1661	1053
1662	1053
1663	1053
1664	1053
1665	1053
1666	1053
1667	1054
1668	1054
1669	1055
1670	1055
1671	1055
1672	1056
1673	1058
1674	1058
1675	1058
1676	1060
1677	1059
1678	1059
1679	1059
1680	1059
1681	1059
1682	1059
1683	1061
1684	1061
1685	1063
1686	1063
1687	1065
1688	1065
1689	1065
1690	1065
1691	1065
1692	1065
1693	1065
1694	1065
1695	1065
1696	1065
1697	1064
1698	1064
1699	1064
1700	1066
1701	1066
1702	1068
1703	1068
1704	1068
1705	1068
1706	1068
1707	1068
1708	1070
1709	1070
1710	1070
1711	1070
1712	1070
1713	1070
1714	1071
1715	1071
1716	1073
1717	1073
1718	1073
1719	1074
1720	1076
1721	1076
1722	1076
1723	1078
1724	1078
1725	1079
1726	1079
1727	1079
1728	1079
1729	1079
1730	1078
1731	1078
1732	1080
1733	1080
1734	1080
1735	1082
1736	1082
1737	1082
1738	1084
1739	1084
1740	1084
1741	1086
1742	1086
1743	1086
1744	1086
1745	1086
1746	1086
1747	1085
1748	1085
1749	1085
1750	1085
1751	1085
1752	1085
1753	1085
1754	1087
1755	1087
1756	1087
1757	1088
1758	1088
1759	1088
1760	1088
1761	1088
1762	1090
1763	1092
1764	1092
1765	1092
1766	1094
1767	1094
1768	1096
1769	1096
1770	1096
1771	1096
1772	1096
1773	1095
1774	1095
1775	1097
1776	1097
1777	1097
1778	1097
1779	1097
1780	1097
1781	1097
1782	1097
1783	1098
1784	1098
1785	1098
1786	1100
1787	1100
1788	1100
1789	1102
1790	1104
1791	1104
1792	1104
1793	1104
1794	1103
1795	1103
1796	1103
1797	1103
1798	1105
1799	1105
1800	1105
1801	1107
1802	1109
1803	1109
1804	1109
1805	1111
1806	1112
1807	1112
1808	1111
1809	1113
1810	1112
1811	1112
1812	1112
1813	1112
1814	1111
1815	1111
1816	1111
1817	1111
1818	1113
1819	1113
1820	1113
1821	1113
1822	1113
1823	1113
1824	1113
1825	1115
1826	1115
1827	1115
1828	1115
1829	1115
1830	1115
1831	1115
1832	1117
1833	1117
1834	1119
1835	1119
1836	1119
1837	1120
1838	1121
1839	1121
1840	1121
1841	1123
1842	1123
1843	1123
1844	1123
1845	1123
1846	1123
1847	1123
1848	1123
1849	1125
1850	1125
1851	1125
1852	1126
1853	1128
1854	1128
1855	1128
1856	1130
1857	1130
1858	1130
1859	1132
1860	1132
1861	1132
1862	1134
1863	1134
1864	1136
1865	1136
1866	1136
1867	1136
1868	1136
1869	1135
1870	1135
1871	1135
1872	1135
1873	1135
1874	1135
1875	1135
1876	1135
1877	1137
1878	1137
1879	1137
1880	1138
1881	1140
1882	1140
1883	1140
1884	1142
1885	1142
1886	1142
1887	1144
1888	1144
1889	1146
1890	1145
1891	1145
1892	1145
1893	1144
1894	1146
1895	1146
1896	1146
1897	1146
1898	1146
1899	1146
1900	1148
1901	1147
1902	1149
1903	1149
1904	1149
1905	1149
1906	1148
1907	1148
1908	1148
1909	1148
1910	1147
1911	1146
1912	1146
1913	1146
1914	1148
1915	1148
1916	1150
1917	1150
1918	1150
1919	1149
1920	1149
1921	1149
1922	1151
1923	1151
1924	1151
1925	1150
1926	1150
1927	1150
1928	1150
1929	1150
1930	1152
1931	1152
1932	1154
1933	1154
1934	1154
1935	1154
1936	1154
1937	1154
1938	1154
1939	1154
1940	1154
1941	1154
1942	1154
1943	1153
1944	1153
1945	1155
1946	1155
1947	1157
1948	1157
1949	1157
1950	1157
1951	1157
1952	1157
1953	1157
1954	1159
1955	1159
1956	1159
1957	1159
1958	1159
1959	1161
1960	1161
1961	1162
1962	1162
1963	1162
1964	1164
1965	1164
1966	1165
1967	1167
1968	1167
1969	1167
1970	1168
1971	1168
1972	1168
1973	1168
1974	1168
1975	1168
1976	1167
1977	1167
1978	1167
1979	1167
1980	1167
1981	1167
1982	1167
1983	1169
1984	1168
1985	1168
1986	1169
1987	1169
1988	1169
1989	1169
1990	1171
1991	1171
1992	1171
1993	1171
1994	1173
1995	1173
1996	1172
1997	1172
1998	1172
1999	1172
2000	1171
2001	1173
2002	1173
2003	1173
2004	1175
2005	1175
2006	1175
2007	1177
2008	1177
2009	1179
2010	1179
2011	1179
2012	1179
2013	1179
2014	1178
2015	1178
2016	1180
2017	1180
2018	1179
2019	1179
2020	1179
2021	1179
2022	1179
2023	1179
2024	1181
2025	1181
2026	1181
2027	1183
2028	1185
2029	1185
2030	1185
2031	1185
2032	1185
2033	1185
2034	1185
2035	1185
2036	1186
2037	1186
2038	1186
2039	1188
2040	1188
2041	1188
2042	1190
2043	1190
2044	1190
2045	1190
2046	1190
2047	1190
2048	1190
2049	1192
2050	1194
2051	1194
2052	1194
2053	1196
2054	1197
2055	1197
2056	1196
2057	1195
2058	1197
2059	1197
2060	1197
2061	1197
2062	1197
2063	1197
2064	1196
2065	1196
2066	1198
2067	1198
2068	1197
2069	1197
2070	1197
2071	1197
2072	1196
2073	1198
2074	1198
2075	1200
2076	1200
2077	1200
2078	1200
2079	1202
2080	1202
2081	1203
2082	1205
2083	1205
2084	1204
2085	1206
2086	1206
2087	1206
2088	1206
2089	1206
2090	1206
2091	1205
2092	1205
2093	1205
2094	1205
2095	1205
2096	1205
2097	1205
2098	1207
2099	1207
2100	1207
2101	1208
2102	1208
2103	1210
2104	1210
2105	1210
2106	1210
2107	1212
2108	1212
2109	1212
2110	1212
2111	1212
2112	1212
2113	1212
2114	1214
2115	1214
2116	1214
2117	1216
2118	1216
2119	1216
2120	1217
2121	1219
2122	1219
2123	1219
2124	1221
2125	1221
2126	1223
2127	1223
2128	1223
2129	1223
2130	1223
2131	1225
2132	1224
2133	1224
2134	1223
2135	1222
2136	1222
2137	1224
2138	1224
2139	1226
2140	1226
2141	1226
2142	1225
2143	1225
2144	1225
2145	1225
2146	1224
2147	1224
2148	1224
2149	1223
2150	1223
2151	1225
2152	1225
2153	1227
2154	1227
2155	1227
2156	1226
2157	1226
2158	1226
2159	1228
2160	1228
2161	1228
2162	1228
2163	1230
2164	1232
2165	1232
2166	1232
2167	1234
2168	1234
2169	1236
2170	1236
2171	1236
2172	1236
2173	1236
2174	1236
2175	1235
2176	1235
2177	1236
2178	1238
2179	1238
2180	1238
2181	1237
2182	1237
2183	1236
2184	1236
2185	1236
2186	1236
2187	1238
2188	1240
2189	1239
2190	1239
2191	1239
2192	1239
2193	1239
2194	1238
2195	1238
2196	1238
2197	1238
2198	1237
2199	1237
2200	1239
2201	1239
2202	1241
2203	1241
2204	1240
2205	1240
2206	1240
2207	1240
2208	1240
2209	1242
2210	1242
2211	1242
2212	1242
2213	1242
2214	1242
2215	1244
2216	1244
2217	1244
2218	1244
2219	1246
2220	1246
2221	1246
2222	1246
2223	1246
2224	1246
2225	1245
2226	1245
2227	1245
2228	1244
2229	1246
2230	1246
2231	1246
2232	1246
2233	1245
2234	1245
2235	1244
2236	1244
2237	1246
2238	1246
2239	1246
2240	1246
2241	1246
2242	1246
2243	1248
2244	1248
2245	1248
2246	1250
2247	1250
2248	1252
2249	1251
2250	1251
2251	1253
2252	1253
2253	1255
2254	1255
2255	1255
2256	1255
2257	1255
2258	1254
2259	1254
2260	1256
2261	1256
2262	1256
2263	1256
2264	1256
2265	1256
2266	1256
2267	1256
2268	1256
2269	1257
2270	1257
2271	1259
2272	1259
2273	1259
2274	1261
2275	1261
2276	1263
2277	1263
2278	1263
2279	1265
2280	1267
2281	1267
2282	1267
2283	1269
2284	1269
2285	1271
2286	1271
2287	1271
2288	1271
2289	1270
2290	1270
2291	1270
2292	1270
2293	1271
2294	1273
2295	1272
2296	1272
2297	1272
2298	1272
2299	1272
2300	1271
2301	1271
2302	1270
2303	1270
2304	1270
2305	1270
2306	1272
2307	1274
2308	1274
2309	1273
2310	1273
2311	1273
2312	1273
2313	1273
2314	1272
2315	1272
2316	1274
2317	1274
2318	1276
2319	1276
2320	1276
2321	1276
2322	1276
2323	1276
2324	1278
2325	1277
2326	1277
2327	1277
2328	1277
2329	1277
2330	1277
2331	1277
2332	1277
2333	1276
2334	1276
2335	1275
2336	1275
2337	1277
2338	1277
2339	1279
2340	1279
2341	1279
2342	1279
2343	1279
2344	1279
2345	1281
2346	1281
2347	1281
2348	1281
2349	1281
2350	1281
2351	1280
2352	1279
2353	1281
2354	1281
2355	1281
2356	1281
2357	1281
2358	1281
2359	1283
2360	1283
2361	1285
2362	1285
2363	1285
2364	1285
2365	1287
2366	1289
2367	1288
2368	1288
2369	1290
2370	1290
2371	1290
2372	1290
2373	1290
2374	1290
2375	1289
2376	1291
2377	1291
2378	1291
2379	1291
2380	1291
2381	1291
2382	1291
2383	1291
2384	1292
2385	1292
2386	1292
2387	1294
2388	1294
2389	1294
2390	1296
2391	1297
2392	1298
2393	1299
2394	1300
2395	1301
2396	1301
2397	1302
2398	1303
2399	1304
2400	1305
2401	1306
2402	1306
2403	1307
2404	1308
2405	1309
2406	1309
2407	1310
2408	1311
2409	1312
2410	1313
2411	1314
2412	1315
2413	1316
2414	1317
2415	1318
2416	1318
2417	1319
2418	1320
2419	1321
2420	1322
2421	1323
2422	1324
2423	1325
2424	1326
2425	1327
2426	1327
2427	1328
2428	1329
2429	1329
2430	1330
2431	1331
2432	1332
2433	1333
2434	1334
2435	1334
2436	1334
2437	1335
2438	1336
2439	1337
2440	1337
2441	1338
2442	1339
2443	1340
2444	1341
2445	1342
2446	1343
2447	1343
2448	1344
2449	1345
2450	1346
2451	1347
2452	1348
2453	1349
2454	1350
2455	1351
2456	1352
2457	1353
2458	1354
2459	1355
2460	1356
2461	1356
2462	1356
2463	1357
2464	1358
2465	1359
2466	1360
2467	1361
2468	1362
2469	1363
2470	1364
2471	1365
2472	1366
2473	1367
2474	1368
2475	1369
2476	1370
2477	1371
2478	1372
2479	1373
2480	1373
2481	1374
2482	1375
2483	1376
2484	1377
2485	1377
2486	1378
2487	1378
2488	1379
2489	1380
2490	1381
2491	1382
2492	1383
2493	1384
2494	1385
2495	1386
2496	1387
2497	1387
2498	1388
2499	1389
2500	1390
2501	1391
2502	1391
2503	1392
2504	1393
2505	1394
2506	1395
2507	1396
2508	1397
2509	1398
2510	1399
2511	1400
2512	1401
2513	1402
2514	1403
2515	1404
2516	1405
2517	1406
2518	1407
2519	1408
2520	1409
2521	1409
2522	1410
2523	1411
2524	1412
2525	1413
2526	1414
2527	1415
2528	1415
2529	1416
2530	1416
2531	1417
2532	1418
2533	1418
2534	1419
2535	1420
2536	1421
2537	1421
2538	1422
2539	1423
2540	1424
2541	1425
2542	1426
2543	1426
2544	1427
2545	1428
2546	1429
2547	1430
2548	1431
2549	1432
2550	1433
2551	1434
2552	1435
2553	1436
2554	1436
2555	1437
2556	1438
2557	1439
2558	1440
2559	1441
2560	1442
2561	1443
2562	1444
2563	1444
2564	1445
2565	1446
2566	1447
2567	1448
2568	1449
2569	1449
2570	1449
2571	1450
2572	1451
2573	1452
2574	1453
2575	1454
2576	1454
2577	1455
2578	1456
2579	1456
2580	1457
2581	1458
2582	1459
2583	1459
2584	1460
2585	1461
2586	1462
2587	1463
2588	1464
2589	1465
2590	1465
2591	1466
2592	1467
2593	1468
2594	1469
2595	1470
2596	1471
2597	1472
2598	1473
2599	1474
2600	1475
2601	1476
2602	1477
2603	1477
2604	1478
2605	1479
2606	1479
2607	1480
2608	1481
2609	1482
2610	1482
2611	1483
2612	1483
2613	1483
2614	1484
2615	1485
2616	1486
2617	1487
2618	1488
2619	1488
2620	1489
2621	1490
2622	1491
2623	1492
2624	1493
2625	1494
2626	1495
2627	1496
2628	1497
2629	1498
2630	1499
2631	1500
2632	1501
2633	1502
2634	1503
2635	1503
2636	1504
2637	1504
2638	1505
2639	1506
2640	1507
2641	1508
2642	1509
2643	1510
2644	1511
2645	1512
2646	1513
2647	1513
2648	1514
2649	1515
2650	1516
2651	1516
2652	1517
2653	1518
2654	1518
2655	1519
2656	1520
2657	1521
2658	1522
2659	1523
2660	1524
2661	1525
2662	1526
2663	1527
2664	1528
2665	1529
2666	1530
2667	1531
2668	1532
2669	1533
2670	1533
2671	1534
2672	1535
2673	1536
2674	1537
2675	1538
2676	1539
2677	1540
2678	1541
2679	1542
2680	1542
2681	1543
2682	1544
2683	1545
2684	1546
2685	1547
2686	1548
2687	1549
2688	1550
2689	1551
2690	1552
2691	1553
2692	1554
2693	1554
2694	1555
2695	1556
2696	1557
2697	1557
2698	1558
2699	1559
2700	1560
2701	1561
2702	1562
2703	1562
2704	1563
2705	1564
2706	1564
2707	1565
2708	1565
2709	1565
2710	1565
2711	1566
2712	1567
2713	1568
2714	1568
2715	1567
2716	1568
2717	1569
2718	1570
2719	1571
2720	1572
2721	1573
2722	1574
2723	1575
2724	1576
2725	1577
2726	1578
2727	1578
2728	1579
2729	1580
2730	1581
2731	1582
2732	1583
2733	1583
2734	1584
2735	1584
2736	1584
2737	1585
2738	1586
2739	1586
2740	1587
2741	1588
2742	1589
2743	1590
2744	1591
2745	1592
2746	1593
2747	1594
2748	1595
2749	1596
2750	1597
2751	1598
2752	1599
2753	1600
2754	1601
2755	1601
2756	1601
2757	1602
2758	1603
2759	1604
2760	1604
2761	1605
2762	1606
2763	1607
2764	1608
2765	1609
2766	1610
2767	1611
2768	1612
2769	1613
2770	1614
2771	1615
2772	1615
2773	1615
2774	1616
2775	1616
2776	1617
2777	1618
2778	1619
2779	1619
2780	1620
2781	1620
2782	1621
2783	1622
2784	1623
2785	1624
2786	1625
2787	1626
2788	1627
2789	1628
2790	1629
2791	1630
2792	1630
2793	1631
2794	1632
2795	1632
2796	1633
2797	1634
2798	1635
2799	1636
2800	1636
2801	1637
2802	1638
2803	1639
2804	1640
2805	1641
2806	1642
2807	1643
2808	1644
2809	1645
2810	1646
2811	1647
2812	1648
2813	1649
2814	1650
2815	1650
2816	1651
2817	1652
2818	1653
2819	1654
2820	1655
2821	1656
2822	1656
2823	1657
2824	1658
2825	1659
2826	1660
2827	1661
2828	1662
2829	1663
2830	1664
2831	1665
2832	1666
2833	1666
2834	1667
2835	1667
2836	1668
2837	1669
2838	1670
2839	1671
2840	1672
2841	1673
2842	1673
2843	1674
2844	1675
2845	1676
2846	1677
2847	1678
2848	1678
2849	1679
2850	1680
2851	1681
2852	1681
2853	1682
2854	1682
2855	1683
2856	1684
2857	1685
2858	1686
2859	1686
2860	1687
2861	1688
2862	1689
2863	1690
2864	1691
2865	1691
2866	1692
2867	1693
2868	1694
2869	1695
2870	1696
2871	1697
2872	1698
2873	1699
2874	1699
2875	1700
2876	1701
2877	1702
2878	1703
2879	1704
2880	1705
2881	1706
2882	1706
2883	1707
2884	1708
2885	1709
2886	1710
2887	1711
2888	1712
2889	1713
2890	1714
2891	1714
2892	1715
2893	1716
2894	1717
2895	1718
2896	1719
2897	1720
2898	1721
2899	1722
2900	1723
2901	1724
2902	1725
2903	1726
2904	1727
2905	1728
2906	1729
2907	1730
2908	1730
2909	1731
2910	1732
2911	1733
2912	1734
2913	1735
2914	1736
2915	1736
2916	1737
2917	1738
2918	1738
2919	1739
2920	1740
2921	1741
2922	1741
2923	1742
2924	1743
2925	1743
2926	1744
2927	1745
2928	1746
2929	1747
2930	1748
2931	1749
2932	1750
2933	1751
2934	1752
2935	1753
2936	1754
2937	1755
2938	1756
2939	1757
2940	1758
2941	1759
2942	1759
2943	1760
2944	1761
2945	1761
2946	1762
2947	1763
2948	1764
2949	1765
2950	1766
2951	1767
2952	1768
2953	1769
2954	1770
2955	1771
2956	1772
2957	1773
2958	1773
2959	1773
2960	1774
2961	1774
2962	1774
2963	1775
2964	1775
2965	1776
2966	1776
2967	1777
2968	1778
2969	1779
2970	1779
2971	1780
2972	1781
2973	1782
2974	1783
2975	1784
2976	1785
2977	1786
2978	1787
2979	1788
2980	1789
2981	1789
2982	1790
2983	1791
2984	1792
2985	1793
2986	1794
2987	1795
2988	1796
2989	1797
2990	1797
2991	1798
2992	1799
2993	1800
2994	1801
2995	1801
2996	1802
2997	1802
2998	1803
2999	1804
3000	1805
3001	1806
3002	1807
3003	1808
3004	1809
3005	1810
3006	1810
3007	1809
3008	1810
3009	1811
3010	1812
3011	1813
3012	1814
3013	1814
3014	1815
3015	1816
3016	1817
3017	1818
3018	1819
3019	1819
3020	1820
3021	1821
3022	1822
3023	1823
3024	1823
3025	1824
3026	1825
3027	1825
3028	1826
3029	1826
3030	1827
3031	1827
3032	1828
3033	1829
3034	1830
3035	1830
3036	1831
3037	1832
3038	1833
3039	1834
3040	1835
3041	1836
3042	1837
3043	1838
3044	1839
3045	1840
3046	1841
3047	1842
3048	1843
3049	1844
3050	1845
3051	1846
3052	1847
3053	1848
3054	1849
3055	1850
3056	1850
3057	1851
3058	1852
3059	1853
3060	1854
3061	1855
3062	1856
3063	1857
3064	1858
3065	1858
3066	1859
3067	1860
3068	1860
3069	1860
3070	1861
3071	1862
3072	1863
3073	1864
3074	1865
3075	1865
3076	1866
3077	1866
3078	1867
3079	1868
3080	1869
3081	1870
3082	1871
3083	1872
3084	1873
3085	1874
3086	1875
3087	1876
3088	1876
3089	1876
3090	1877
3091	1878
3092	1879
3093	1879
3094	1880
3095	1881
3096	1882
3097	1883
3098	1884
3099	1885
3100	1886
3101	1886
3102	1887
3103	1888
3104	1889
3105	1890
3106	1890
3107	1890
3108	1891
3109	1892
3110	1893
3111	1894
3112	1895
3113	1896
3114	1896
3115	1897
3116	1897
3117	1898
3118	1899
3119	1900
3120	1901
3121	1902
3122	1903
3123	1904
3124	1905
3125	1906
3126	1906
3127	1907
3128	1908
3129	1909
3130	1910
3131	1910
3132	1911
3133	1912
3134	1912
3135	1913
3136	1914
3137	1915
3138	1916
3139	1917
3140	1918
3141	1919
3142	1920
3143	1921
3144	1922
3145	1922
3146	1922
3147	1923
3148	1924
3149	1925
3150	1926
3151	1927
3152	1928
3153	1928
3154	1929
3155	1930
3156	1931
3157	1932
3158	1933
3159	1934
3160	1935
3161	1935
3162	1936
3163	1936
3164	1937
3165	1938
3166	1939
3167	1940
3168	1940
3169	1941
3170	1942
3171	1943
3172	1944
3173	1945
3174	1946
3175	1947
3176	1948
3177	1949
3178	1949
3179	1950
3180	1951
3181	1952
3182	1953
3183	1953
3184	1954
3185	1955
3186	1956
3187	1957
3188	1958
3189	1959
3190	1960
3191	1961
3192	1962
3193	1963
3194	1964
3195	1965
3196	1966
3197	1967
3198	1968
3199	1969
3200	1970
3201	1971
3202	1972
3203	1973
3204	1974
3205	1975
3206	1976
3207	1977
3208	1978
3209	1979
3210	1979
3211	1980
3212	1981
3213	1982
3214	1983
3215	1984
3216	1985
3217	1985
3218	1986
3219	1987
3220	1988
3221	1989
3222	1990
3223	1990
3224	1991
3225	1992
3226	1993
3227	1994
3228	1995
3229	1996
3230	1997
3231	1998
3232	1998
3233	1999
3234	2000
3235	2001
3236	2002
3237	2003
3238	2004
3239	2005
3240	2006
3241	2007
3242	2008
3243	2009
3244	2010
3245	2011
3246	2012
3247	2012
3248	2013
3249	2014
3250	2015
3251	2015
3252	2016
3253	2017
3254	2018
3255	2018
3256	2019
3257	2020
3258	2021
3259	2022
3260	2022
3261	2023
3262	2024
3263	2025
3264	2026
3265	2027
3266	2028
3267	2029
3268	2029
3269	2030
3270	2031
3271	2032
3272	2033
3273	2034
3274	2035
3275	2036
3276	2037
3277	2038
3278	2039
3279	2039
3280	2040
3281	2041
3282	2042
3283	2042
3284	2042
3285	2043
3286	2044
3287	2044
3288	2044
3289	2045
3290	2046
3291	2047
3292	2048
3293	2049
3294	2050
3295	2051
3296	2052
3297	2052
3298	2053
3299	2054
3300	2055
3301	2056
3302	2056
3303	2057
3304	2058
3305	2059
3306	2060
3307	2061
3308	2062
3309	2063
3310	2064
3311	2065
3312	2066
3313	2067
3314	2068
3315	2069
3316	2069
3317	2069
3318	2070
3319	2070
3320	2069
3321	2069
3322	2070
3323	2071
3324	2072
3325	2073
3326	2074
3327	2075
3328	2075
3329	2076
3330	2077
3331	2077
3332	2078
3333	2079
3334	2079
3335	2080
3336	2081
3337	2082
3338	2082
3339	2083
3340	2084
3341	2085
3342	2086
3343	2087
3344	2088
3345	2088
3346	2089
3347	2089
3348	2090
3349	2090
3350	2091
3351	2092
3352	2093
3353	2094
3354	2095
3355	2096
3356	2097
3357	2098
3358	2099
3359	2100
3360	2101
3361	2102
3362	2103
3363	2104
3364	2105
3365	2106
3366	2107
3367	2108
3368	2109
3369	2109
3370	2110
3371	2111
3372	2112
3373	2113
3374	2114
3375	2115
3376	2116
3377	2117
3378	2117
3379	2118
3380	2119
3381	2119
3382	2120
3383	2120
3384	2120
3385	2121
3386	2122
3387	2123
3388	2124
3389	2125
3390	2126
3391	2126
3392	2127
3393	2128
3394	2129
3395	2130
3396	2130
3397	2131
3398	2132
3399	2133
3400	2133
3401	2133
3402	2134
3403	2135
3404	2136
3405	2136
3406	2137
3407	2138
3408	2139
3409	2140
3410	2141
3411	2142
3412	2143
3413	2144
3414	2145
3415	2146
3416	2147
3417	2148
3418	2149
3419	2149
3420	2150
3421	2151
3422	2152
3423	2153
3424	2154
3425	2155
3426	2156
3427	2157
3428	2158
3429	2159
3430	2159
3431	2160
3432	2161
3433	2161
3434	2162
3435	2163
3436	2164
3437	2165
3438	2166
3439	2167
3440	2168
3441	2169
3442	2170
3443	2171
3444	2171
3445	2171
3446	2172
3447	2173
3448	2174
3449	2175
3450	2176
3451	2177
3452	2178
3453	2178
3454	2179
3455	2180
3456	2181
3457	2182
3458	2182
3459	2183
3460	2184
3461	2185
3462	2185
3463	2186
3464	2187
3465	2187
3466	2188
3467	2188
3468	2188
3469	2189
3470	2190
3471	2191
3472	2192
3473	2193
3474	2194
3475	2195
3476	2196
3477	2197
3478	2197
3479	2198
3480	2199
3481	2200
3482	2201
3483	2202
3484	2203
3485	2204
3486	2205
3487	2206
3488	2207
3489	2208
3490	2209
3491	2210
3492	2211
3493	2212
3494	2213
3495	2214
3496	2215
3497	2216
3498	2217
3499	2217
3500	2218
3501	2219
3502	2220
3503	2220
3504	2221
3505	2222
3506	2223
3507	2224
3508	2225
3509	2226
3510	2227
3511	2228
3512	2229
3513	2229
3514	2230
3515	2231
3516	2232
3517	2233
3518	2234
3519	2235
3520	2235
3521	2236
3522	2237
3523	2238
3524	2239
3525	2240
3526	2241
3527	2242
3528	2243
3529	2244
3530	2245
3531	2245
3532	2246
3533	2247
3534	2248
3535	2248
3536	2249
3537	2250
3538	2250
3539	2251
3540	2251
3541	2252
3542	2253
3543	2253
3544	2254
3545	2255
3546	2255
3547	2256
3548	2257
3549	2258
3550	2259
3551	2260
3552	2260
3553	2261
3554	2262
3555	2262
3556	2262
3557	2263
3558	2264
3559	2263
3560	2264
3561	2265
3562	2266
3563	2267
3564	2268
3565	2269
3566	2270
3567	2271
3568	2272
3569	2273
3570	2274
3571	2275
3572	2276
3573	2276
3574	2277
3575	2278
3576	2279
3577	2280
3578	2281
3579	2282
3580	2283
3581	2284
3582	2285
3583	2285
3584	2285
3585	2286
3586	2286
3587	2287
3588	2287
3589	2288
3590	2289
3591	2290
3592	2291
3593	2292
3594	2293
3595	2294
3596	2294
3597	2295
3598	2296
3599	2297
3600	2298
3601	2299
3602	2300
3603	2300
3604	2300
3605	2301
3606	2302
3607	2303
3608	2304
3609	2305
3610	2305
3611	2306
3612	2307
3613	2308
3614	2309
3615	2310
3616	2310
3617	2311
3618	2312
3619	2313
3620	2314
3621	2315
3622	2315
3623	2315
3624	2316
3625	2317
3626	2317
3627	2318
3628	2318
3629	2319
3630	2320
3631	2321
3632	2322
3633	2323
3634	2324
3635	2325
3636	2326
3637	2327
3638	2328
3639	2329
3640	2330
3641	2331
3642	2332
3643	2333
3644	2334
3645	2335
3646	2336
3647	2337
3648	2338
3649	2339
3650	2339
3651	2340
3652	2341
3653	2342
3654	2343
3655	2343
3656	2344
3657	2345
3658	2346
3659	2347
3660	2348
3661	2349
3662	2350
3663	2351
3664	2351
3665	2352
3666	2353
3667	2354
3668	2355
3669	2355
3670	2356
3671	2357
3672	2357
3673	2358
3674	2359
3675	2360
3676	2361
3677	2362
3678	2363
3679	2364
3680	2364
3681	2365
3682	2365
3683	2366
3684	2367
3685	2368
3686	2368
3687	2367
3688	2367
3689	2367
3690	2367
3691	2367
3692	2367
3693	2369
3694	2369
3695	2370
3696	2370
3697	2370
3698	2370
3699	2369
3700	2369
3701	2369
3702	2369
3703	2371
3704	2371
3705	2373
3706	2373
3707	2372
3708	2372
3709	2372
3710	2374
3711	2374
3712	2374
3713	2374
3714	2374
3715	2374
3716	2375
3717	2375
3718	2377
3719	2377
3720	2377
3721	2378
3722	2380
3723	2380
3724	2380
3725	2382
3726	2382
3727	2384
3728	2384
3729	2384
3730	2384
3731	2384
3732	2383
3733	2383
3734	2383
3735	2384
3736	2384
3737	2384
3738	2386
3739	2388
3740	2388
3741	2388
3742	2390
3743	2390
3744	2392
3745	2392
3746	2392
3747	2392
3748	2391
3749	2391
3750	2391
3751	2391
3752	2393
3753	2395
3754	2395
3755	2395
3756	2395
3757	2395
3758	2395
3759	2394
3760	2394
3761	2394
3762	2394
3763	2394
3764	2393
3765	2393
3766	2395
3767	2395
3768	2397
3769	2397
3770	2397
3771	2397
3772	2399
3773	2398
3774	2398
3775	2398
3776	2398
3777	2398
3778	2398
3779	2397
3780	2397
3781	2397
3782	2397
3783	2397
3784	2399
3785	2399
3786	2401
3787	2401
3788	2401
3789	2401
3790	2401
3791	2401
3792	2401
3793	2403
3794	2403
3795	2403
3796	2403
3797	2403
3798	2403
3799	2403
3800	2403
3801	2404
3802	2404
3803	2405
3804	2405
3805	2405
3806	2406
3807	2408
3808	2408
3809	2408
3810	2410
3811	2410
3812	2410
3813	2410
3814	2410
3815	2410
3816	2410
3817	2412
3818	2412
3819	2414
3820	2414
3821	2414
3822	2415
3823	2417
3824	2417
3825	2417
3826	2418
3827	2418
3828	2420
3829	2420
3830	2420
3831	2420
3832	2420
3833	2421
3834	2421
3835	2423
3836	2423
3837	2425
3838	2425
3839	2425
3840	2425
3841	2424
3842	2424
3843	2424
3844	2423
3845	2423
3846	2425
3847	2425
3848	2427
3849	2427
3850	2427
3851	2426
3852	2426
3853	2426
3854	2426
3855	2426
3856	2426
3857	2426
3858	2426
3859	2426
3860	2428
3861	2428
3862	2429
3863	2430
3864	2430
3865	2430
3866	2432
3867	2432
3868	2432
3869	2434
3870	2434
3871	2436
3872	2436
3873	2436
3874	2436
3875	2436
3876	2438
3877	2438
3878	2438
3879	2440
3880	2440
3881	2440
3882	2439
3883	2439
3884	2439
3885	2441
3886	2441
3887	2441
3888	2443
3889	2444
3890	2444
3891	2444
3892	2445
3893	2445
3894	2445
3895	2445
3896	2445
3897	2444
3898	2444
3899	2444
3900	2444
3901	2446
3902	2448
3903	2448
3904	2448
3905	2450
3906	2450
3907	2450
3908	2450
3909	2450
3910	2450
3911	2449
3912	2449
3913	2451
3914	2451
3915	2451
3916	2451
3917	2451
3918	2450
3919	2450
3920	2452
3921	2452
3922	2453
3923	2453
3924	2453
3925	2454
3926	2455
3927	2455
3928	2455
3929	2456
3930	2456
3931	2456
3932	2456
3933	2456
3934	2456
3935	2456
3936	2456
3937	2458
3938	2458
3939	2458
3940	2459
3941	2461
3942	2461
3943	2461
3944	2463
3945	2463
3946	2463
3947	2465
3948	2465
3949	2465
3950	2467
3951	2469
3952	2469
3953	2469
3954	2469
3955	2469
3956	2468
3957	2468
3958	2468
3959	2468
3960	2468
3961	2468
3962	2468
3963	2470
3964	2470
3965	2470
3966	2471
3967	2473
3968	2473
3969	2473
3970	2474
3971	2473
3972	2473
3973	2475
3974	2475
3975	2477
3976	2476
3977	2476
3978	2476
3979	2475
3980	2477
3981	2477
3982	2477
3983	2477
3984	2477
3985	2477
3986	2479
3987	2479
3988	2481
3989	2481
3990	2481
3991	2481
3992	2480
3993	2480
3994	2480
3995	2480
3996	2479
3997	2478
3998	2478
3999	2478
4000	2480
4001	2480
4002	2481
4003	2481
4004	2481
4005	2480
4006	2479
4007	2479
4008	2479
4009	2478
4010	2477
4011	2477
4012	2477
4013	2477
4014	2479
4015	2479
4016	2480
4017	2480
4018	2480
4019	2480
4020	2480
4021	2480
4022	2480
4023	2482
4024	2482
4025	2484
4026	2484
4027	2484
4028	2484
4029	2484
4030	2484
4031	2484
4032	2486
4033	2485
4034	2485
4035	2485
4036	2487
4037	2487
4038	2488
4039	2488
4040	2488
4041	2490
4042	2490
4043	2492
4044	2492
4045	2492
4046	2494
4047	2494
4048	2494
4049	2494
4050	2494
4051	2494
4052	2493
4053	2494
4054	2494
4055	2494
4056	2494
4057	2496
4058	2498
4059	2498
4060	2498
4061	2500
4062	2500
4063	2502
4064	2502
4065	2502
4066	2502
4067	2502
4068	2502
4069	2501
4070	2501
4071	2503
4072	2503
4073	2502
4074	2502
4075	2501
4076	2501
4077	2501
4078	2501
4079	2503
4080	2505
4081	2504
4082	2504
4083	2504
4084	2504
4085	2504
4086	2504
4087	2506
4088	2506
4089	2505
4090	2505
4091	2505
4092	2505
4093	2505
4094	2507
4095	2507
4096	2507
4097	2506
4098	2506
4099	2506
4100	2506
4101	2506
4102	2506
4103	2508
4104	2508
4105	2510
4106	2510
4107	2510
4108	2510
4109	2510
4110	2510
4111	2510
4112	2512
4113	2512
4114	2512
4115	2512
4116	2512
4117	2512
4118	2512
4119	2512
4120	2513
4121	2513
4122	2514
4123	2514
4124	2514
4125	2515
4126	2517
4127	2517
4128	2517
4129	2519
4130	2519
4131	2519
4132	2519
4133	2519
4134	2519
4135	2519
4136	2521
4137	2521
4138	2521
4139	2523
4140	2523
4141	2524
4142	2525
4143	2525
4144	2525
4145	2527
4146	2527
4147	2529
4148	2529
4149	2529
4150	2529
4151	2529
4152	2531
4153	2531
4154	2531
4155	2533
4156	2533
4157	2533
4158	2532
4159	2532
4160	2532
4161	2532
4162	2532
4163	2532
4164	2532
4165	2532
4166	2532
4167	2534
4168	2534
4169	2535
4170	2537
4171	2537
4172	2537
4173	2539
4174	2539
4175	2539
4176	2541
4177	2541
4178	2542
4179	2544
4180	2544
4181	2544
4182	2544
4183	2544
4184	2544
4185	2545
4186	2545
4187	2547
4188	2547
4189	2547
4190	2547
4191	2547
4192	2546
4193	2545
4194	2545
4195	2545
4196	2547
4197	2547
4198	2549
4199	2549
4200	2549
4201	2548
4202	2548
4203	2548
4204	2550
4205	2550
4206	2550
4207	2552
4208	2552
4209	2552
4210	2552
4211	2551
4212	2551
4213	2551
4214	2551
4215	2553
4216	2555
4217	2555
4218	2555
4219	2557
4220	2558
4221	2558
4222	2558
4223	2558
4224	2559
4225	2559
4226	2559
4227	2559
4228	2559
4229	2559
4230	2558
4231	2558
4232	2560
4233	2560
4234	2560
4235	2560
4236	2560
4237	2560
4238	2560
4239	2562
4240	2562
4241	2564
4242	2564
4243	2564
4244	2565
4245	2567
4246	2567
4247	2567
4248	2567
4249	2569
4250	2569
4251	2570
4252	2572
4253	2572
4254	2574
4255	2574
4256	2574
4257	2574
4258	2574
4259	2574
4260	2573
4261	2573
4262	2573
4263	2573
4264	2573
4265	2573
4266	2575
4267	2575
4268	2575
4269	2576
4270	2576
4271	2577
4272	2577
4273	2577
4274	2577
4275	2577
4276	2577
4277	2577
4278	2577
4279	2577
4280	2579
4281	2579
4282	2579
4283	2579
4284	2580
4285	2582
4286	2582
4287	2582
4288	2584
4289	2584
4290	2586
4291	2586
4292	2586
4293	2586
4294	2586
4295	2588
4296	2588
4297	2588
4298	2587
4299	2586
4300	2586
4301	2588
4302	2588
4303	2590
4304	2590
4305	2590
4306	2589
4307	2589
4308	2589
4309	2589
4310	2588
4311	2588
4312	2588
4313	2587
4314	2587
4315	2589
4316	2589
4317	2589
4318	2589
4319	2588
4320	2588
4321	2589
4322	2589
4323	2589
4324	2590
4325	2590
4326	2590
4327	2592
4328	2592
4329	2593
4330	2593
4331	2593
4332	2593
4333	2592
4334	2591
4335	2591
4336	2591
4337	2593
4338	2593
4339	2593
4340	2593
4341	2593
4342	2593
4343	2592
4344	2592
4345	2594
4346	2593
4347	2592
4348	2592
4349	2592
4350	2592
4351	2592
4352	2594
4353	2594
4354	2596
4355	2596
4356	2596
4357	2595
4358	2595
4359	2597
4360	2597
4361	2598
4362	2600
4363	2600
4364	2600
4365	2600
4366	2602
4367	2604
4368	2604
4369	2604
4370	2606
4371	2606
4372	2606
4373	2606
4374	2606
4375	2606
4376	2605
4377	2607
4378	2607
4379	2607
4380	2607
4381	2607
4382	2607
4383	2607
4384	2607
4385	2608
4386	2608
4387	2608
4388	2608
4389	2608
4390	2610
4391	2612
4392	2612
4393	2612
4394	2612
4395	2612
4396	2612
4397	2612
4398	2612
4399	2613
4400	2613
4401	2613
4402	2615
4403	2615
4404	2615
4405	2617
4406	2616
4407	2616
4408	2616
4409	2615
4410	2617
4411	2617
4412	2617
4413	2616
4414	2616
4415	2616
4416	2616
4417	2616
4418	2618
4419	2618
4420	2620
4421	2620
4422	2620
4423	2620
4424	2619
4425	2619
4426	2619
4427	2619
4428	2619
4429	2619
4430	2619
4431	2621
4432	2622
4433	2622
4434	2622
4435	2622
4436	2622
4437	2622
4438	2621
4439	2622
4440	2622
4441	2622
4442	2622
4443	2621
4444	2621
4445	2622
4446	2622
4447	2623
4448	2623
4449	2623
4450	2624
4451	2626
4452	2626
4453	2625
4454	2626
4455	2625
4456	2625
4457	2625
4458	2625
4459	2625
4460	2624
4461	2625
4462	2625
4463	2627
4464	2627
4465	2627
4466	2627
4467	2627
4468	2627
4469	2627
4470	2629
4471	2629
4472	2629
4473	2628
4474	2628
4475	2628
4476	2628
4477	2628
4478	2628
4479	2628
4480	2630
4481	2631
4482	2631
4483	2631
4484	2631
4485	2631
4486	2631
4487	2631
4488	2631
4489	2632
4490	2632
4491	2633
4492	2633
4493	2633
4494	2634
4495	2636
4496	2636
4497	2636
4498	2638
4499	2638
4500	2640
4501	2640
4502	2639
4503	2640
4504	2640
4505	2640
4506	2642
4507	2642
4508	2644
4509	2644
4510	2644
4511	2644
4512	2643
4513	2643
4514	2643
4515	2645
4516	2646
4517	2645
4518	2645
4519	2645
4520	2645
4521	2645
4522	2645
4523	2646
4524	2646
4525	2648
4526	2648
4527	2648
4528	2650
4529	2649
4530	2649
4531	2649
4532	2649
4533	2649
4534	2649
4535	2649
4536	2649
4537	2649
4538	2649
4539	2649
4540	2651
4541	2653
4542	2653
4543	2653
4544	2653
4545	2653
4546	2653
4547	2653
4548	2655
4549	2655
4550	2655
4551	2655
4552	2655
4553	2655
4554	2655
4555	2655
4556	2656
4557	2657
4558	2657
4559	2657
4560	2658
4561	2660
4562	2660
4563	2660
4564	2662
4565	2662
4566	2662
4567	2662
4568	2662
4569	2662
4570	2662
4571	2664
4572	2663
4573	2663
4574	2664
4575	2664
4576	2664
4577	2665
4578	2667
4579	2667
4580	2667
4581	2668
4582	2668
4583	2670
4584	2670
4585	2670
4586	2670
4587	2670
4588	2672
4589	2674
4590	2674
4591	2674
4592	2674
4593	2673
4594	2673
4595	2673
4596	2672
4597	2672
4598	2674
4599	2674
4600	2676
4601	2676
4602	2676
4603	2675
4604	2675
4605	2675
4606	2675
4607	2675
4608	2675
4609	2675
4610	2675
4611	2675
4612	2677
4613	2677
4614	2676
4615	2677
4616	2679
4617	2679
4618	2681
4619	2681
4620	2681
4621	2683
4622	2683
4623	2685
4624	2685
4625	2685
4626	2685
4627	2684
4628	2683
4629	2683
4630	2683
4631	2685
4632	2685
4633	2687
4634	2687
4635	2687
4636	2686
4637	2686
4638	2686
4639	2686
4640	2685
4641	2685
4642	2685
4643	2685
4644	2685
4645	2687
4646	2687
4647	2689
4648	2689
4649	2689
4650	2689
4651	2689
4652	2689
4653	2689
4654	2688
4655	2688
4656	2688
4657	2688
4658	2690
4659	2689
4660	2689
4661	2689
4662	2689
4663	2689
4664	2690
4665	2690
4666	2691
4667	2691
4668	2691
4669	2691
4670	2692
4671	2694
4672	2694
4673	2694
4674	2696
4675	2696
4676	2696
4677	2696
4678	2696
4679	2696
4680	2695
4681	2696
4682	2696
4683	2698
4684	2698
4685	2698
4686	2699
4687	2701
4688	2701
4689	2701
4690	2703
4691	2702
4692	2704
4693	2704
4694	2704
4695	2704
4696	2704
4697	2703
4698	2703
4699	2705
4700	2705
4701	2705
4702	2705
4703	2707
4704	2709
4705	2709
4706	2709
4707	2709
4708	2711
4709	2711
4710	2711
4711	2711
4712	2711
4713	2711
4714	2710
4715	2710
4716	2712
4717	2711
4718	2710
4719	2710
4720	2709
4721	2709
4722	2709
4723	2709
4724	2711
4725	2713
4726	2713
4727	2713
4728	2713
4729	2713
4730	2713
4731	2713
4732	2713
4733	2713
4734	2715
4735	2715
4736	2715
4737	2715
4738	2715
4739	2715
4740	2715
4741	2717
4742	2717
4743	2719
4744	2719
4745	2719
4746	2721
4747	2723
4748	2723
4749	2725
4750	2725
4751	2726
4752	2726
4753	2726
4754	2726
4755	2725
4756	2725
4757	2725
4758	2725
4759	2727
4760	2729
4761	2729
4762	2729
4763	2729
4764	2729
4765	2729
4766	2728
4767	2728
4768	2728
4769	2728
4770	2728
4771	2728
4772	2730
4773	2732
4774	2732
4775	2732
4776	2731
4777	2731
4778	2731
4779	2731
4780	2731
4781	2733
4782	2733
4783	2735
4784	2735
4785	2735
4786	2735
4787	2735
4788	2735
4789	2735
4790	2735
4791	2736
4792	2738
4793	2738
4794	2738
4795	2738
4796	2738
4797	2738
4798	2738
4799	2740
4800	2740
4801	2740
4802	2740
4803	2740
4804	2740
4805	2740
4806	2741
4807	2741
4808	2742
4809	2742
4810	2742
4811	2743
4812	2744
4813	2744
4814	2744
4815	2746
4816	2746
4817	2746
4818	2748
4819	2750
4820	2750
4821	2750
4822	2752
4823	2752
4824	2754
4825	2754
4826	2754
4827	2753
4828	2753
4829	2753
4830	2753
4831	2755
4832	2757
4833	2757
4834	2757
4835	2757
4836	2757
4837	2757
4838	2757
4839	2757
4840	2756
4841	2756
4842	2756
4843	2756
4844	2758
4845	2760
4846	2760
4847	2759
4848	2759
4849	2759
4850	2759
4851	2758
4852	2758
4853	2758
4854	2760
4855	2760
4856	2760
4857	2760
4858	2760
4859	2760
4860	2762
4861	2761
4862	2761
4863	2761
4864	2761
4865	2761
4866	2762
4867	2762
4868	2762
4869	2764
4870	2764
4871	2764
4872	2764
4873	2763
4874	2762
4875	2761
4876	2761
4877	2763
4878	2763
4879	2765
4880	2765
4881	2765
4882	2765
4883	2765
4884	2765
4885	2767
4886	2767
4887	2767
4888	2767
4889	2767
4890	2767
4891	2766
4892	2766
4893	2765
4894	2765
4895	2765
4896	2765
4897	2765
4898	2767
4899	2767
4900	2769
4901	2769
4902	2769
4903	2771
4904	2773
4905	2773
4906	2773
4907	2773
4908	2775
4909	2776
4910	2776
4911	2776
4912	2778
4913	2778
4914	2778
4915	2778
4916	2778
4917	2778
4918	2777
4919	2779
4920	2779
4921	2779
4922	2779
4923	2779
4924	2779
4925	2779
4926	2780
4927	2780
4928	2780
4929	2780
4930	2780
4931	2781
4932	2781
4933	2781
4934	2781
4935	2780
4936	2780
4937	2780
4938	2780
4939	2782
4940	2782
4941	2782
4942	2783
4943	2783
4944	2783
4945	2784
4946	2784
4947	2786
4948	2786
4949	2786
4950	2785
4951	2785
4952	2785
4953	2784
4954	2784
4955	2786
4956	2785
4957	2784
4958	2783
4959	2783
4960	2783
4961	2783
4962	2785
4963	2785
4964	2785
4965	2784
4966	2786
4967	2786
4968	2786
4969	2787
4970	2787
4971	2789
4972	2789
4973	2791
4974	2791
4975	2793
4976	2793
4977	2793
4978	2795
4979	2795
4980	2797
4981	2797
4982	2797
4983	2797
4984	2797
4985	2796
4986	2796
4987	2798
4988	2798
4989	2798
4990	2798
4991	2798
4992	2798
4993	2798
4994	2799
4995	2799
4996	2799
4997	2799
4998	2801
4999	2801
5000	2801
5001	2803
5002	2805
5003	2805
5004	2805
5005	2805
5006	2805
5007	2805
5008	2805
5009	2805
5010	2805
5011	2806
5012	2806
5013	2806
5014	2806
5015	2808
5016	2807
5017	2807
5018	2807
5019	2807
5020	2807
5021	2807
5022	2809
5023	2809
5024	2809
5025	2808
5026	2808
5027	2807
5028	2809
5029	2809
5030	2810
5031	2810
5032	2810
5033	2810
5034	2810
5035	2809
5036	2809
5037	2811
5038	2811
5039	2811
5040	2810
5041	2810
5042	2810
5043	2810
5044	2810
5045	2810
5046	2810
5047	2810
5048	2812
5049	2812
5050	2812
5051	2812
5052	2812
5053	2812
5054	2811
5055	2812
5056	2812
5057	2813
5058	2813
5059	2813
5060	2814
5061	2816
5062	2816
5063	2815
5064	2816
5065	2818
5066	2818
5067	2818
5068	2817
5069	2818
5070	2818
5071	2818
5072	2820
5073	2820
5074	2822
5075	2822
5076	2822
5077	2822
5078	2822
5079	2822
5080	2821
5081	2820
5082	2820
5083	2820
5084	2820
5085	2820
5086	2820
5087	2819
5088	2819
5089	2820
5090	2820
5091	2822
5092	2822
5093	2821
5094	2821
5095	2821
5096	2821
5097	2821
5098	2823
5099	2823
5100	2825
5101	2825
5102	2825
5103	2825
5104	2824
5105	2824
5106	2824
5107	2824
5108	2823
5109	2823
5110	2824
5111	2826
5112	2826
5113	2826
5114	2828
5115	2828
5116	2827
5117	2827
5118	2827
5119	2826
5120	2826
5121	2827
5122	2827
5123	2829
5124	2829
5125	2829
5126	2829
5127	2829
5128	2829
5129	2829
5130	2829
5131	2831
5132	2833
5133	2833
5134	2833
5135	2833
5136	2833
5137	2833
5138	2833
5139	2834
5140	2834
5141	2834
5142	2834
5143	2834
5144	2834
5145	2834
5146	2834
5147	2835
5148	2835
5149	2836
5150	2836
5151	2836
5152	2837
5153	2839
5154	2839
5155	2839
5156	2841
5157	2841
5158	2841
5159	2841
5160	2841
5161	2841
5162	2841
5163	2843
5164	2843
5165	2845
5166	2845
5167	2844
5168	2845
5169	2847
5170	2847
5171	2847
5172	2849
5173	2849
5174	2851
5175	2851
5176	2851
5177	2850
5178	2850
5179	2850
5180	2849
5181	2849
5182	2851
5183	2851
5184	2853
5185	2853
5186	2853
5187	2852
5188	2852
5189	2852
5190	2852
5191	2852
5192	2852
5193	2852
5194	2852
5195	2852
5196	2854
5197	2853
5198	2853
5199	2854
5200	2856
5201	2856
5202	2856
5203	2857
5204	2857
5205	2857
5206	2859
5207	2859
5208	2860
5209	2860
5210	2860
5211	2860
5212	2860
5213	2862
5214	2864
5215	2864
5216	2864
5217	2864
5218	2864
5219	2863
5220	2862
5221	2862
5222	2862
5223	2864
5224	2864
5225	2866
5226	2866
5227	2866
5228	2865
5229	2865
5230	2865
5231	2867
5232	2867
5233	2868
5234	2868
5235	2868
5236	2870
5237	2870
5238	2871
5239	2873
5240	2873
5241	2872
5242	2874
5243	2874
5244	2874
5245	2874
5246	2874
5247	2874
5248	2873
5249	2872
5250	2872
5251	2872
5252	2872
5253	2872
5254	2872
5255	2874
5256	2874
5257	2876
5258	2876
5259	2876
5260	2876
5261	2876
5262	2876
5263	2876
5264	2876
5265	2875
5266	2875
5267	2875
5268	2877
5269	2877
5270	2876
5271	2876
5272	2876
5273	2876
5274	2877
5275	2877
5276	2878
5277	2878
5278	2878
5279	2879
5280	2881
5281	2881
5282	2881
5283	2881
5284	2883
5285	2883
5286	2883
5287	2883
5288	2883
5289	2882
5290	2882
5291	2884
5292	2884
5293	2884
5294	2886
5295	2887
5296	2887
5297	2886
5298	2886
5299	2886
5300	2886
5301	2886
5302	2886
5303	2885
5304	2885
5305	2887
5306	2886
5307	2886
5308	2886
5309	2886
5310	2886
5311	2886
5312	2888
5313	2888
5314	2890
5315	2890
5316	2892
5317	2892
5318	2892
5319	2892
5320	2892
5321	2892
5322	2892
5323	2894
5324	2894
5325	2894
5326	2894
5327	2894
5328	2894
5329	2894
5330	2894
5331	2894
5332	2894
5333	2894
5334	2894
5335	2894
5336	2894
5337	2894
5338	2894
5339	2895
5340	2895
5341	2896
5342	2896
5343	2896
5344	2897
5345	2898
5346	2898
5347	2898
5348	2900
5349	2900
5350	2902
5351	2902
5352	2902
5353	2904
5354	2906
5355	2906
5356	2906
5357	2908
5358	2908
5359	2908
5360	2908
5361	2908
5362	2907
5363	2907
5364	2907
5365	2907
5366	2909
5367	2911
5368	2911
5369	2911
5370	2911
5371	2911
5372	2911
5373	2911
5374	2913
5375	2912
5376	2911
5377	2911
5378	2911
5379	2911
5380	2910
5381	2910
5382	2912
5383	2912
5384	2914
5385	2914
5386	2914
5387	2914
5388	2914
5389	2914
5390	2914
5391	2914
5392	2916
5393	2918
5394	2918
5395	2918
5396	2920
5397	2920
5398	2922
5399	2922
5400	2922
5401	2922
5402	2922
5403	2921
5404	2921
5405	2922
5406	2924
5407	2924
5408	2923
5409	2923
5410	2922
5411	2922
5412	2922
5413	2922
5414	2924
5415	2924
5416	2924
5417	2924
5418	2924
5419	2924
5420	2924
5421	2924
5422	2924
5423	2924
5424	2923
5425	2923
5426	2925
5427	2925
5428	2927
5429	2927
5430	2926
5431	2926
5432	2926
5433	2926
5434	2926
5435	2928
5436	2928
5437	2928
5438	2928
5439	2928
5440	2928
5441	2930
5442	2930
5443	2930
5444	2930
5445	2932
5446	2932
5447	2932
5448	2932
5449	2932
5450	2932
5451	2931
5452	2931
5453	2931
5454	2932
5455	2932
5456	2932
5457	2934
5458	2934
5459	2934
5460	2933
5461	2932
5462	2932
5463	2931
5464	2931
5465	2933
5466	2932
5467	2932
5468	2932
5469	2932
5470	2932
5471	2932
5472	2934
5473	2934
5474	2936
5475	2936
5476	2936
5477	2938
5478	2938
5479	2940
5480	2940
5481	2941
5482	2941
5483	2941
5484	2943
5485	2943
5486	2945
5487	2945
5488	2945
5489	2945
5490	2944
5491	2943
5492	2943
5493	2945
5494	2945
5495	2945
5496	2945
5497	2945
5498	2945
5499	2945
5500	2945
5501	2946
5502	2946
5503	2946
5504	2946
5505	2945
5506	2945
5507	2944
5508	2944
5509	2944
5510	2944
5511	2945
5512	2945
5513	2947
5514	2947
5515	2949
5516	2949
5517	2949
5518	2949
5519	2949
5520	2949
5521	2949
5522	2949
5523	2949
5524	2949
5525	2948
5526	2948
5527	2948
5528	2950
5529	2950
5530	2952
5531	2952
5532	2952
5533	2951
5534	2951
5535	2951
5536	2953
5537	2953
5538	2953
5539	2953
5540	2953
5541	2953
5542	2954
5543	2954
5544	2956
5545	2956
5546	2956
5547	2957
5548	2958
5549	2958
5550	2957
5551	2958
5552	2958
5553	2958
5554	2958
5555	2958
5556	2958
5557	2957
5558	2957
5559	2956
5560	2956
5561	2956
5562	2956
5563	2956
5564	2958
5565	2958
5566	2959
5567	2959
5568	2959
5569	2959
5570	2959
5571	2961
5572	2961
5573	2961
5574	2963
5575	2962
5576	2962
5577	2962
5578	2962
5579	2962
5580	2961
5581	2961
5582	2961
5583	2961
5584	2961
5585	2961
5586	2961
5587	2961
5588	2962
5589	2962
5590	2962
5591	2962
5592	2962
5593	2964
5594	2964
5595	2966
5596	2966
5597	2966
5598	2967
5599	2967
5600	2969
5601	2968
5602	2967
5603	2967
5604	2967
5605	2966
5606	2966
5607	2968
5608	2968
5609	2967
5610	2966
5611	2966
5612	2966
5613	2965
5614	2965
5615	2965
5616	2965
5617	2967
5618	2967
5619	2967
5620	2969
5621	2971
5622	2971
5623	2971
5624	2971
5625	2971
5626	2971
5627	2971
5628	2971
5629	2972
5630	2972
5631	2972
5632	2974
5633	2974
5634	2974
5635	2976
5636	2978
5637	2978
5638	2978
5639	2978
5640	2978
5641	2978
5642	2978
5643	2978
5644	2977
5645	2977
5646	2979
5647	2978
5648	2978
5649	2978
5650	2978
5651	2978
5652	2978
5653	2978
5654	2979
5655	2979
5656	2978
5657	2979
5658	2979
5659	2979
5660	2981
5661	2981
5662	2982
5663	2984
5664	2984
5665	2984
5666	2984
5667	2984
5668	2984
5669	2984
5670	2983
5671	2984
5672	2984
5673	2986
5674	2986
5675	2985
5676	2985
5677	2987
5678	2987
5679	2989
5680	2989
5681	2989
5682	2989
5683	2989
5684	2988
5685	2988
5686	2990
5687	2990
5688	2990
5689	2992
5690	2993
5691	2993
5692	2992
5693	2994
5694	2994
5695	2995
5696	2995
5697	2995
5698	2995
5699	2994
5700	2994
5701	2994
5702	2993
5703	2995
5704	2997
5705	2997
5706	2997
5707	2996
5708	2996
5709	2996
5710	2996
5711	2996
5712	2998
5713	2998
5714	2998
5715	2998
5716	2998
5717	2998
5718	2998
5719	3000
5720	3000
5721	3000
5722	3000
5723	3000
5724	3000
5725	3000
5726	3002
5727	3001
5728	3001
5729	3001
5730	3001
5731	3001
5732	3001
5733	3001
5734	3002
5735	3002
5736	3003
5737	3003
5738	3003
5739	3004
5740	3004
5741	3004
5742	3004
5743	3004
5744	3004
5745	3004
5746	3004
5747	3004
5748	3004
5749	3005
5750	3005
5751	3005
5752	3006
5753	3007
5754	3007
5755	3007
5756	3009
5757	3009
5758	3009
5759	3011
5760	3011
5761	3013
5762	3015
5763	3015
5764	3015
5765	3015
5766	3015
5767	3015
5768	3017
5769	3017
5770	3017
5771	3017
5772	3017
5773	3016
5774	3015
5775	3015
5776	3015
5777	3015
5778	3017
5779	3017
5780	3017
5781	3016
5782	3016
5783	3016
5784	3018
5785	3018
5786	3018
5787	3017
5788	3017
5789	3017
5790	3017
5791	3017
5792	3019
5793	3019
5794	3019
5795	3019
5796	3019
5797	3019
5798	3019
5799	3019
5800	3019
5801	3019
5802	3019
5803	3018
5804	3018
5805	3020
5806	3020
5807	3022
5808	3022
5809	3022
5810	3022
5811	3022
5812	3022
5813	3022
5814	3024
5815	3024
5816	3024
5817	3023
5818	3023
5819	3025
5820	3025
5821	3026
5822	3026
5823	3026
5824	3027
5825	3028
5826	3028
5827	3028
5828	3028
5829	3028
5830	3028
5831	3028
5832	3027
5833	3027
5834	3027
5835	3027
5836	3027
5837	3027
5838	3027
5839	3027
5840	3028
5841	3028
5842	3028
5843	3028
5844	3030
5845	3030
5846	3030
5847	3030
5848	3031
5849	3031
5850	3033
5851	3033
5852	3033
5853	3035
5854	3034
5855	3033
5856	3033
5857	3033
5858	3033
5859	3032
5860	3031
5861	3031
5862	3031
5863	3031
5864	3031
5865	3031
5866	3033
5867	3033
5868	3033
5869	3033
5870	3035
5871	3035
5872	3035
5873	3035
5874	3037
5875	3037
5876	3037
5877	3037
5878	3036
5879	3036
5880	3038
5881	3038
5882	3038
5883	3038
5884	3038
5885	3038
5886	3038
5887	3038
5888	3039
5889	3039
5890	3039
5891	3041
5892	3041
5893	3041
5894	3043
5895	3045
5896	3045
5897	3045
5898	3045
5899	3044
5900	3043
5901	3043
5902	3042
5903	3042
5904	3042
5905	3044
5906	3044
5907	3044
5908	3046
5909	3048
5910	3048
5911	3049
5912	3049
5913	3049
5914	3051
5915	3050
5916	3050
5917	3052
5918	3052
5919	3052
5920	3052
5921	3052
5922	3052
5923	3051
5924	3053
5925	3053
5926	3053
5927	3053
5928	3053
5929	3053
5930	3053
5931	3053
5932	3052
5933	3052
5934	3054
5935	3054
5936	3055
5937	3055
5938	3054
5939	3054
5940	3054
5941	3054
5942	3054
5943	3054
5944	3055
5945	3055
5946	3054
5947	3054
5948	3055
5949	3057
5950	3057
5951	3057
5952	3059
5953	3059
5954	3059
5955	3059
5956	3059
5957	3058
5958	3058
5959	3060
5960	3060
5961	3060
5962	3062
5963	3063
5964	3063
5965	3063
5966	3064
5967	3063
5968	3065
5969	3065
5970	3065
5971	3065
5972	3065
5973	3065
5974	3064
5975	3063
5976	3065
5977	3064
5978	3064
5979	3064
5980	3064
5981	3064
5982	3064
5983	3066
5984	3066
5985	3068
5986	3068
5987	3070
5988	3070
5989	3070
5990	3070
5991	3070
5992	3070
5993	3070
5994	3070
5995	3070
5996	3070
5997	3069
5998	3069
5999	3071
6000	3070
6001	3070
6002	3070
6003	3070
6004	3070
6005	3070
6006	3070
6007	3071
6008	3071
6009	3072
6010	3072
6011	3072
6012	3073
6013	3073
6014	3073
6015	3073
6016	3073
6017	3073
6018	3073
6019	3073
6020	3073
6021	3073
6022	3074
6023	3074
6024	3074
6025	3076
6026	3076
6027	3076
6028	3077
6029	3077
6030	3077
6031	3079
6032	3079
6033	3081
6034	3081
6035	3081
6036	3081
6037	3081
6038	3083
6039	3083
6040	3085
6041	3085
6042	3085
6043	3085
6044	3085
6045	3085
6046	3084
6047	3084
6048	3084
6049	3086
6050	3086
6051	3086
6052	3085
6053	3084
6054	3084
6055	3085
6056	3085
6057	3085
6058	3086
6059	3087
6060	3088
6061	3089
6062	3090
6063	3091
6064	3091
6065	3092
6066	3093
6067	3094
6068	3095
6069	3096
6070	3097
6071	3098
6072	3099
6073	3100
6074	3100
6075	3101
6076	3102
6077	3103
6078	3104
6079	3105
6080	3106
6081	3107
6082	3108
6083	3109
6084	3110
6085	3110
6086	3111
6087	3111
6088	3112
6089	3113
6090	3114
6091	3115
6092	3116
6093	3117
6094	3118
6095	3119
6096	3120
6097	3121
6098	3121
6099	3122
6100	3123
6101	3123
6102	3124
6103	3125
6104	3126
6105	3127
6106	3127
6107	3128
6108	3129
6109	3129
6110	3130
6111	3131
6112	3132
6113	3133
6114	3134
6115	3135
6116	3136
6117	3137
6118	3138
6119	3139
6120	3140
6121	3141
6122	3141
6123	3141
6124	3142
6125	3143
6126	3143
6127	3144
6128	3145
6129	3146
6130	3147
6131	3148
6132	3148
6133	3149
6134	3150
6135	3150
6136	3150
6137	3151
6138	3152
6139	3153
6140	3154
6141	3155
6142	3155
6143	3156
6144	3157
6145	3158
6146	3159
6147	3160
6148	3161
6149	3161
6150	3162
6151	3163
6152	3164
6153	3164
6154	3165
6155	3165
6156	3166
6157	3167
6158	3168
6159	3169
6160	3170
6161	3171
6162	3172
6163	3173
6164	3174
6165	3175
6166	3176
6167	3177
6168	3178
6169	3179
6170	3180
6171	3181
6172	3182
6173	3182
6174	3183
6175	3184
6176	3185
6177	3186
6178	3186
6179	3186
6180	3187
6181	3188
6182	3189
6183	3190
6184	3191
6185	3192
6186	3193
6187	3194
6188	3195
6189	3196
6190	3196
6191	3197
6192	3197
6193	3198
6194	3199
6195	3200
6196	3201
6197	3201
6198	3201
6199	3202
6200	3203
6201	3204
6202	3205
6203	3206
6204	3207
6205	3208
6206	3208
6207	3209
6208	3210
6209	3211
6210	3212
6211	3212
6212	3213
6213	3214
6214	3215
6215	3216
6216	3217
6217	3218
6218	3219
6219	3220
6220	3220
6221	3221
6222	3221
6223	3222
6224	3223
6225	3224
6226	3225
6227	3226
6228	3226
6229	3227
6230	3228
6231	3229
6232	3230
6233	3231
6234	3232
6235	3233
6236	3234
6237	3235
6238	3235
6239	3236
6240	3237
6241	3238
6242	3238
6243	3239
6244	3239
6245	3240
6246	3240
6247	3241
6248	3241
6249	3242
6250	3243
6251	3244
6252	3245
6253	3246
6254	3247
6255	3247
6256	3248
6257	3248
6258	3249
6259	3250
6260	3250
6261	3251
6262	3252
6263	3253
6264	3253
6265	3254
6266	3255
6267	3256
6268	3257
6269	3258
6270	3259
6271	3260
6272	3261
6273	3262
6274	3263
6275	3264
6276	3264
6277	3265
6278	3266
6279	3267
6280	3267
6281	3268
6282	3269
6283	3270
6284	3271
6285	3272
6286	3273
6287	3274
6288	3275
6289	3276
6290	3277
6291	3278
6292	3279
6293	3280
6294	3280
6295	3281
6296	3282
6297	3283
6298	3284
6299	3285
6300	3286
6301	3286
6302	3287
6303	3287
6304	3288
6305	3289
6306	3290
6307	3290
6308	3291
6309	3291
6310	3292
6311	3293
6312	3294
6313	3295
6314	3296
6315	3297
6316	3298
6317	3299
6318	3300
6319	3301
6320	3302
6321	3302
6322	3303
6323	3304
6324	3305
6325	3306
6326	3307
6327	3308
6328	3309
6329	3310
6330	3310
6331	3311
6332	3312
6333	3312
6334	3313
6335	3313
6336	3314
6337	3314
6338	3314
6339	3314
6340	3315
6341	3315
6342	3316
6343	3317
6344	3318
6345	3319
6346	3320
6347	3321
6348	3322
6349	3323
6350	3324
6351	3325
6352	3326
6353	3326
6354	3327
6355	3328
6356	3329
6357	3330
6358	3331
6359	3332
6360	3333
6361	3334
6362	3335
6363	3336
6364	3337
6365	3338
6366	3338
6367	3339
6368	3340
6369	3341
6370	3342
6371	3343
6372	3344
6373	3345
6374	3346
6375	3347
6376	3348
6377	3349
6378	3350
6379	3351
6380	3351
6381	3351
6382	3352
6383	3353
6384	3354
6385	3354
6386	3355
6387	3355
6388	3356
6389	3357
6390	3358
6391	3358
6392	3358
6393	3359
6394	3360
6395	3361
6396	3362
6397	3363
6398	3364
6399	3365
6400	3366
6401	3367
6402	3367
6403	3368
6404	3369
6405	3370
6406	3371
6407	3372
6408	3373
6409	3374
6410	3375
6411	3375
6412	3376
6413	3377
6414	3378
6415	3379
6416	3379
6417	3380
6418	3381
6419	3382
6420	3383
6421	3384
6422	3385
6423	3386
6424	3387
6425	3388
6426	3388
6427	3388
6428	3389
6429	3390
6430	3391
6431	3391
6432	3391
6433	3392
6434	3393
6435	3394
6436	3395
6437	3396
6438	3396
6439	3397
6440	3398
6441	3399
6442	3400
6443	3401
6444	3402
6445	3403
6446	3403
6447	3404
6448	3404
6449	3405
6450	3406
6451	3407
6452	3407
6453	3408
6454	3409
6455	3410
6456	3411
6457	3412
6458	3413
6459	3414
6460	3415
6461	3416
6462	3417
6463	3418
6464	3419
6465	3420
6466	3420
6467	3421
6468	3422
6469	3423
6470	3424
6471	3425
6472	3426
6473	3427
6474	3427
6475	3428
6476	3429
6477	3430
6478	3431
6479	3432
6480	3433
6481	3434
6482	3435
6483	3436
6484	3437
6485	3437
6486	3438
6487	3439
6488	3439
6489	3440
6490	3441
6491	3442
6492	3443
6493	3444
6494	3445
6495	3445
6496	3446
6497	3447
6498	3448
6499	3449
6500	3450
6501	3451
6502	3452
6503	3453
6504	3454
6505	3454
6506	3455
6507	3456
6508	3457
6509	3458
6510	3459
6511	3459
6512	3459
6513	3460
6514	3461
6515	3462
6516	3463
6517	3464
6518	3465
6519	3466
6520	3467
6521	3468
6522	3469
6523	3470
6524	3471
6525	3471
6526	3472
6527	3473
6528	3474
6529	3474
6530	3475
6531	3476
6532	3476
6533	3477
6534	3478
6535	3478
6536	3479
6537	3480
6538	3481
6539	3481
6540	3482
6541	3483
6542	3484
6543	3485
6544	3486
6545	3487
6546	3488
6547	3489
6548	3490
6549	3491
6550	3491
6551	3491
6552	3491
6553	3492
6554	3493
6555	3494
6556	3494
6557	3495
6558	3496
6559	3497
6560	3497
6561	3497
6562	3498
6563	3499
6564	3500
6565	3500
6566	3501
6567	3502
6568	3503
6569	3504
6570	3505
6571	3505
6572	3506
6573	3507
6574	3508
6575	3509
6576	3510
6577	3511
6578	3512
6579	3513
6580	3514
6581	3515
6582	3516
6583	3517
6584	3518
6585	3519
6586	3519
6587	3520
6588	3521
6589	3521
6590	3522
6591	3523
6592	3524
6593	3525
6594	3526
6595	3526
6596	3527
6597	3528
6598	3529
6599	3530
6600	3531
6601	3532
6602	3533
6603	3534
6604	3535
6605	3536
6606	3536
6607	3537
6608	3537
6609	3538
6610	3539
6611	3540
6612	3541
6613	3542
6614	3543
6615	3544
6616	3545
6617	3546
6618	3547
6619	3547
6620	3548
6621	3548
6622	3549
6623	3550
6624	3551
6625	3551
6626	3552
6627	3553
6628	3553
6629	3554
6630	3555
6631	3556
6632	3557
6633	3558
6634	3559
6635	3560
6636	3561
6637	3561
6638	3562
6639	3562
6640	3563
6641	3564
6642	3565
6643	3566
6644	3567
6645	3568
6646	3569
6647	3570
6648	3570
6649	3571
6650	3571
6651	3572
6652	3573
6653	3574
6654	3575
6655	3576
6656	3577
6657	3578
6658	3579
6659	3580
6660	3581
6661	3582
6662	3583
6663	3584
6664	3585
6665	3586
6666	3587
6667	3588
6668	3588
6669	3589
6670	3590
6671	3591
6672	3591
6673	3592
6674	3592
6675	3593
6676	3593
6677	3594
6678	3594
6679	3595
6680	3596
6681	3597
6682	3598
6683	3599
6684	3600
6685	3601
6686	3602
6687	3603
6688	3604
6689	3604
6690	3605
6691	3606
6692	3607
6693	3607
6694	3608
6695	3609
6696	3610
6697	3611
6698	3612
6699	3613
6700	3614
6701	3614
6702	3615
6703	3616
6704	3617
6705	3617
6706	3618
6707	3619
6708	3620
6709	3621
6710	3622
6711	3623
6712	3624
6713	3625
6714	3626
6715	3626
6716	3627
6717	3627
6718	3627
6719	3628
6720	3628
6721	3629
6722	3630
6723	3630
6724	3631
6725	3632
6726	3633
6727	3634
6728	3635
6729	3636
6730	3637
6731	3637
6732	3637
6733	3638
6734	3639
6735	3640
6736	3641
6737	3641
6738	3642
6739	3643
6740	3644
6741	3645
6742	3646
6743	3647
6744	3648
6745	3649
6746	3650
6747	3651
6748	3652
6749	3652
6750	3653
6751	3654
6752	3655
6753	3656
6754	3657
6755	3658
6756	3659
6757	3660
6758	3660
6759	3661
6760	3662
6761	3663
6762	3664
6763	3665
6764	3666
6765	3667
6766	3668
6767	3669
6768	3670
6769	3671
6770	3672
6771	3673
6772	3674
6773	3675
6774	3675
6775	3676
6776	3677
6777	3678
6778	3678
6779	3679
6780	3679
6781	3679
6782	3680
6783	3680
6784	3681
6785	3681
6786	3682
6787	3683
6788	3683
6789	3684
6790	3685
6791	3686
6792	3687
6793	3688
6794	3688
6795	3689
6796	3690
6797	3690
6798	3690
6799	3691
6800	3692
6801	3693
6802	3694
6803	3695
6804	3695
6805	3696
6806	3697
6807	3698
6808	3699
6809	3700
6810	3701
6811	3702
6812	3703
6813	3704
6814	3705
6815	3706
6816	3706
6817	3707
6818	3708
6819	3709
6820	3709
6821	3709
6822	3710
6823	3711
6824	3711
6825	3712
6826	3713
6827	3714
6828	3715
6829	3716
6830	3717
6831	3718
6832	3719
6833	3720
6834	3720
6835	3721
6836	3722
6837	3722
6838	3723
6839	3724
6840	3725
6841	3726
6842	3727
6843	3728
6844	3729
6845	3730
6846	3731
6847	3732
6848	3732
6849	3733
6850	3734
6851	3735
6852	3735
6853	3735
6854	3735
6855	3736
6856	3737
6857	3737
6858	3738
6859	3738
6860	3739
6861	3740
6862	3741
6863	3742
6864	3743
6865	3743
6866	3744
6867	3745
6868	3746
6869	3747
6870	3748
6871	3749
6872	3749
6873	3750
6874	3750
6875	3751
6876	3751
6877	3752
6878	3753
6879	3754
6880	3755
6881	3756
6882	3757
6883	3758
6884	3758
6885	3759
6886	3760
6887	3761
6888	3762
6889	3763
6890	3764
6891	3765
6892	3766
6893	3767
6894	3768
6895	3769
6896	3770
6897	3770
6898	3771
6899	3772
6900	3773
6901	3774
6902	3775
6903	3776
6904	3777
6905	3778
6906	3778
6907	3779
6908	3779
6909	3780
6910	3781
6911	3782
6912	3782
6913	3782
6914	3783
6915	3783
6916	3784
6917	3785
6918	3786
6919	3786
6920	3787
6921	3788
6922	3788
6923	3789
6924	3789
6925	3790
6926	3791
6927	3792
6928	3793
6929	3794
6930	3795
6931	3795
6932	3796
6933	3797
6934	3798
6935	3799
6936	3800
6937	3801
6938	3802
6939	3803
6940	3802
6941	3803
6942	3804
6943	3805
6944	3806
6945	3807
6946	3808
6947	3809
6948	3809
6949	3810
6950	3811
6951	3812
6952	3812
6953	3813
6954	3814
6955	3815
6956	3815
6957	3816
6958	3816
6959	3816
6960	3817
6961	3818
6962	3819
6963	3820
6964	3821
6965	3822
6966	3822
6967	3823
6968	3824
6969	3825
6970	3826
6971	3826
6972	3827
6973	3828
6974	3829
6975	3830
6976	3831
6977	3832
6978	3833
6979	3834
6980	3835
6981	3836
6982	3837
6983	3838
6984	3839
6985	3840
6986	3840
6987	3841
6988	3841
6989	3841
6990	3842
6991	3843
6992	3844
6993	3845
6994	3846
6995	3847
6996	3847
6997	3848
6998	3849
6999	3850
7000	3850
7001	3851
7002	3852
7003	3853
7004	3854
7005	3855
7006	3855
7007	3856
7008	3857
7009	3858
7010	3859
7011	3860
7012	3861
7013	3862
7014	3863
7015	3864
7016	3865
7017	3866
7018	3867
7019	3868
7020	3869
7021	3870
7022	3870
7023	3871
7024	3872
7025	3873
7026	3874
7027	3875
7028	3876
7029	3877
7030	3878
7031	3879
7032	3879
7033	3880
7034	3881
7035	3882
7036	3883
7037	3884
7038	3885
7039	3886
7040	3887
7041	3888
7042	3889
7043	3890
7044	3891
7045	3891
7046	3892
7047	3893
7048	3894
7049	3894
7050	3895
7051	3896
7052	3897
7053	3898
7054	3899
7055	3900
7056	3901
7057	3901
7058	3902
7059	3902
7060	3902
7061	3903
7062	3903
7063	3904
7064	3905
7065	3906
7066	3907
7067	3908
7068	3909
7069	3910
7070	3911
7071	3912
7072	3913
7073	3913
7074	3914
7075	3915
7076	3916
7077	3917
7078	3918
7079	3919
7080	3919
7081	3919
7082	3920
7083	3921
7084	3920
7085	3920
7086	3921
7087	3922
7088	3923
7089	3924
7090	3925
7091	3926
7092	3927
7093	3928
7094	3929
7095	3929
7096	3929
7097	3930
7098	3931
7099	3932
7100	3933
7101	3934
7102	3934
7103	3935
7104	3935
7105	3936
7106	3937
7107	3937
7108	3938
7109	3939
7110	3940
7111	3941
7112	3942
7113	3943
7114	3944
7115	3945
7116	3945
7117	3946
7118	3947
7119	3948
7120	3949
7121	3950
7122	3951
7123	3952
7124	3953
7125	3953
7126	3954
7127	3954
7128	3955
7129	3956
7130	3957
7131	3958
7132	3959
7133	3960
7134	3961
7135	3962
7136	3962
7137	3963
7138	3962
7139	3962
7140	3963
7141	3964
7142	3965
7143	3966
7144	3967
7145	3968
7146	3969
7147	3970
7148	3970
7149	3971
7150	3972
7151	3972
7152	3972
7153	3973
7154	3973
7155	3974
7156	3974
7157	3975
7158	3975
7159	3976
7160	3977
7161	3978
7162	3979
7163	3980
7164	3980
7165	3981
7166	3982
7167	3983
7168	3984
7169	3985
7170	3986
7171	3987
7172	3988
7173	3989
7174	3990
7175	3991
7176	3992
7177	3993
7178	3994
7179	3995
7180	3995
7181	3996
7182	3997
7183	3998
7184	3998
7185	3999
7186	4000
7187	4001
7188	4002
7189	4003
7190	4004
7191	4005
7192	4006
7193	4007
7194	4008
7195	4009
7196	4010
7197	4010
7198	4011
7199	4011
7200	4012
7201	4013
7202	4014
7203	4015
7204	4016
7205	4016
7206	4017
7207	4018
7208	4019
7209	4020
7210	4021
7211	4022
7212	4023
7213	4024
7214	4025
7215	4025
7216	4026
7217	4026
7218	4027
7219	4028
7220	4029
7221	4030
7222	4031
7223	4032
7224	4033
7225	4034
7226	4034
7227	4035
7228	4035
7229	4036
7230	4037
7231	4038
7232	4039
7233	4040
7234	4041
7235	4042
7236	4042
7237	4043
7238	4044
7239	4045
7240	4046
7241	4047
7242	4048
7243	4048
7244	4049
7245	4050
7246	4051
7247	4051
7248	4052
7249	4052
7250	4053
7251	4053
7252	4054
7253	4054
7254	4055
7255	4056
7256	4056
7257	4057
7258	4057
7259	4058
7260	4059
7261	4059
7262	4060
7263	4061
7264	4062
7265	4062
7266	4063
7267	4064
7268	4065
7269	4066
7270	4067
7271	4068
7272	4069
7273	4070
7274	4071
7275	4072
7276	4073
7277	4073
7278	4074
7279	4075
7280	4076
7281	4076
7282	4077
7283	4078
7284	4079
7285	4080
7286	4081
7287	4082
7288	4083
7289	4084
7290	4084
7291	4085
7292	4086
7293	4086
7294	4087
7295	4088
7296	4089
7297	4090
7298	4091
7299	4092
7300	4093
7301	4094
7302	4094
7303	4095
7304	4095
7305	4096
7306	4097
7307	4098
7308	4098
7309	4099
7310	4099
7311	4100
7312	4100
7313	4101
7314	4102
7315	4103
7316	4104
7317	4105
7318	4106
7319	4107
7320	4108
7321	4109
7322	4109
7323	4110
7324	4111
7325	4112
7326	4112
7327	4112
7328	4113
7329	4114
7330	4115
7331	4116
7332	4117
7333	4118
7334	4119
7335	4120
7336	4121
7337	4122
7338	4122
7339	4122
7340	4123
7341	4124
7342	4125
7343	4126
7344	4127
7345	4128
7346	4129
7347	4130
7348	4131
7349	4131
7350	4131
7351	4132
7352	4133
7353	4134
7354	4134
7355	4134
7356	4135
7357	4136
7358	4137
7359	4137
7360	4138
7361	4139
7362	4139
7363	4140
7364	4141
7365	4141
7366	4142
7367	4142
7368	4143
7369	4144
7370	4145
7371	4146
7372	4147
7373	4148
7374	4149
7375	4150
7376	4151
7377	4151
7378	4152
7379	4153
7380	4154
7381	4155
7382	4156
7383	4157
7384	4157
7385	4157
7386	4158
7387	4158
7388	4159
7389	4158
7390	4159
7391	4160
7392	4160
7393	4161
7394	4162
7395	4163
7396	4164
7397	4165
7398	4166
7399	4167
7400	4168
7401	4167
7402	4168
7403	4169
7404	4170
7405	4171
7406	4172
7407	4173
7408	4173
7409	4174
7410	4175
7411	4176
7412	4176
7413	4176
7414	4177
7415	4177
7416	4178
7417	4179
7418	4180
7419	4180
7420	4181
7421	4182
7422	4183
7423	4184
7424	4185
7425	4186
7426	4187
7427	4188
7428	4188
7429	4189
7430	4190
7431	4191
7432	4192
7433	4193
7434	4194
7435	4195
7436	4196
7437	4197
7438	4198
7439	4199
7440	4200
7441	4200
7442	4201
7443	4202
7444	4203
7445	4204
7446	4205
7447	4206
7448	4207
7449	4208
7450	4209
7451	4209
7452	4209
7453	4210
7454	4211
7455	4211
7456	4212
7457	4212
7458	4213
7459	4214
7460	4215
7461	4216
7462	4217
7463	4218
7464	4219
7465	4220
7466	4220
7467	4221
7468	4222
7469	4222
7470	4223
7471	4224
7472	4225
7473	4226
7474	4226
7475	4226
7476	4227
7477	4227
7478	4228
7479	4229
7480	4230
7481	4231
7482	4232
7483	4233
7484	4234
7485	4235
7486	4236
7487	4237
7488	4238
7489	4239
7490	4240
7491	4241
7492	4242
7493	4243
7494	4243
7495	4244
7496	4244
7497	4245
7498	4246
7499	4247
7500	4248
7501	4249
7502	4250
7503	4251
7504	4251
7505	4252
7506	4253
7507	4254
7508	4255
7509	4256
7510	4256
7511	4257
7512	4258
7513	4259
7514	4260
7515	4261
7516	4262
7517	4263
7518	4263
7519	4264
7520	4265
7521	4265
7522	4266
7523	4267
7524	4268
7525	4268
7526	4269
7527	4270
7528	4271
7529	4272
7530	4273
7531	4274
7532	4275
7533	4275
7534	4276
7535	4276
7536	4277
7537	4278
7538	4279
7539	4279
7540	4279
7541	4280
7542	4281
7543	4282
7544	4283
7545	4284
7546	4285
7547	4286
7548	4287
7549	4288
7550	4289
7551	4289
7552	4290
7553	4290
7554	4291
7555	4292
7556	4293
7557	4293
7558	4294
7559	4295
7560	4296
7561	4296
7562	4297
7563	4298
7564	4299
7565	4299
7566	4300
7567	4301
7568	4301
7569	4302
7570	4303
7571	4304
7572	4305
7573	4306
7574	4306
7575	4307
7576	4308
7577	4308
7578	4308
7579	4308
7580	4308
7581	4309
7582	4310
7583	4310
7584	4311
7585	4311
7586	4311
7587	4312
7588	4313
7589	4314
7590	4314
7591	4315
7592	4316
7593	4317
7594	4318
7595	4318
7596	4319
7597	4319
7598	4320
7599	4321
7600	4322
7601	4323
7602	4324
7603	4325
7604	4326
7605	4327
7606	4328
7607	4328
7608	4329
7609	4329
7610	4329
7611	4330
7612	4331
7613	4332
7614	4333
7615	4334
7616	4334
7617	4335
7618	4336
7619	4337
7620	4338
7621	4339
7622	4340
7623	4341
7624	4341
7625	4342
7626	4343
7627	4344
7628	4345
7629	4346
7630	4346
7631	4347
7632	4348
7633	4348
7634	4349
7635	4350
7636	4350
7637	4351
7638	4352
7639	4353
7640	4354
7641	4355
7642	4355
7643	4356
7644	4357
7645	4358
7646	4359
7647	4360
7648	4360
7649	4361
7650	4362
7651	4363
7652	4363
7653	4364
7654	4365
7655	4366
7656	4367
7657	4368
7658	4369
7659	4370
7660	4371
7661	4372
7662	4373
7663	4374
7664	4375
7665	4376
7666	4377
7667	4378
7668	4379
7669	4380
7670	4381
7671	4382
7672	4383
7673	4384
7674	4384
7675	4385
7676	4386
7677	4387
7678	4388
7679	4389
7680	4390
7681	4390
7682	4391
7683	4392
7684	4393
7685	4393
7686	4393
7687	4394
7688	4395
7689	4396
7690	4397
7691	4398
7692	4399
7693	4400
7694	4400
7695	4400
7696	4401
7697	4402
7698	4403
7699	4404
7700	4404
7701	4405
7702	4406
7703	4407
7704	4407
7705	4408
7706	4409
7707	4410
7708	4410
7709	4411
7710	4412
7711	4413
7712	4413
7713	4413
7714	4413
7715	4414
7716	4415
7717	4416
7718	4417
7719	4418
7720	4419
7721	4420
7722	4421
7723	4421
7724	4421
7725	4422
7726	4422
7727	4423
7728	4424
7729	4424
7730	4425
7731	4426
7732	4427
7733	4427
7734	4427
7735	4428
7736	4429
7737	4430
7738	4431
7739	4432
7740	4433
7741	4434
7742	4435
7743	4436
7744	4437
7745	4438
7746	4439
7747	4440
7748	4441
7749	4441
7750	4441
7751	4442
7752	4443
7753	4444
7754	4445
7755	4445
7756	4445
7757	4446
7758	4447
7759	4448
7760	4448
7761	4449
7762	4450
7763	4451
7764	4452
7765	4453
7766	4454
7767	4454
7768	4455
7769	4456
7770	4457
7771	4458
7772	4458
7773	4459
7774	4460
7775	4461
7776	4462
7777	4463
7778	4464
7779	4465
7780	4466
7781	4467
7782	4468
7783	4469
7784	4469
7785	4470
7786	4470
7787	4470
7788	4471
7789	4472
7790	4472
7791	4473
7792	4474
7793	4475
7794	4476
7795	4477
7796	4478
7797	4479
7798	4480
7799	4481
7800	4482
7801	4483
7802	4484
7803	4485
7804	4485
7805	4486
7806	4487
7807	4488
7808	4489
7809	4489
7810	4489
7811	4489
7812	4490
7813	4491
7814	4492
7815	4493
7816	4494
7817	4495
7818	4496
7819	4496
7820	4497
7821	4498
7822	4499
7823	4499
7824	4500
7825	4501
7826	4502
7827	4503
7828	4503
7829	4504
7830	4505
7831	4506
7832	4507
7833	4508
7834	4509
7835	4510
7836	4511
7837	4512
7838	4512
7839	4513
7840	4513
7841	4514
7842	4514
7843	4515
7844	4516
7845	4516
7846	4517
7847	4518
7848	4519
7849	4520
7850	4521
7851	4522
7852	4522
7853	4523
7854	4523
7855	4524
7856	4525
7857	4525
7858	4526
7859	4527
7860	4528
7861	4529
7862	4529
7863	4530
7864	4531
7865	4532
7866	4533
7867	4534
7868	4535
7869	4536
7870	4537
7871	4538
7872	4539
7873	4539
7874	4540
7875	4541
7876	4542
7877	4543
7878	4544
7879	4545
7880	4545
7881	4544
7882	4544
7883	4545
7884	4545
7885	4546
7886	4547
7887	4548
7888	4549
7889	4550
7890	4551
7891	4551
7892	4551
7893	4552
7894	4553
7895	4554
7896	4554
7897	4554
7898	4555
7899	4555
7900	4556
7901	4557
7902	4558
7903	4558
7904	4559
7905	4560
7906	4561
7907	4562
7908	4563
7909	4564
7910	4565
7911	4565
7912	4566
7913	4567
7914	4567
7915	4567
7916	4568
7917	4569
7918	4570
7919	4571
7920	4572
7921	4573
7922	4574
7923	4575
7924	4576
7925	4577
7926	4578
7927	4579
7928	4580
7929	4580
7930	4581
7931	4582
7932	4583
7933	4583
7934	4584
7935	4585
7936	4586
7937	4587
7938	4588
7939	4589
7940	4590
7941	4591
7942	4591
7943	4591
7944	4591
7945	4592
7946	4591
7947	4591
7948	4592
7949	4593
7950	4594
7951	4595
7952	4596
7953	4597
7954	4598
7955	4598
7956	4599
7957	4600
7958	4601
7959	4601
7960	4602
7961	4603
7962	4604
7963	4605
7964	4606
7965	4607
7966	4608
7967	4609
7968	4609
7969	4610
7970	4610
7971	4610
7972	4611
7973	4612
7974	4613
7975	4613
7976	4614
7977	4615
7978	4616
7979	4617
7980	4618
7981	4619
7982	4620
7983	4620
7984	4621
7985	4622
7986	4623
7987	4624
7988	4624
7989	4625
7990	4626
7991	4627
7992	4628
7993	4629
7994	4630
7995	4631
7996	4632
7997	4632
7998	4633
7999	4633
8000	4634
8001	4635
8002	4636
8003	4637
8004	4638
8005	4639
8006	4640
8007	4640
8008	4641
8009	4642
8010	4643
8011	4644
8012	4645
8013	4646
8014	4646
8015	4647
8016	4648
8017	4649
8018	4650
8019	4651
8020	4652
8021	4652
8022	4653
8023	4653
8024	4654
8025	4654
8026	4654
8027	4655
8028	4655
8029	4656
8030	4657
8031	4658
8032	4659
8033	4660
8034	4661
8035	4662
8036	4663
8037	4664
8038	4664
8039	4664
8040	4665
8041	4666
8042	4666
8043	4667
8044	4668
8045	4669
8046	4670
8047	4671
8048	4672
8049	4673
8050	4674
8051	4675
8052	4676
8053	4677
8054	4677
8055	4678
8056	4679
8057	4680
8058	4680
8059	4681
8060	4682
8061	4683
8062	4684
8063	4684
8064	4685
8065	4685
8066	4685
8067	4686
8068	4686
8069	4685
8070	4686
8071	4687
8072	4687
8073	4687
8074	4688
8075	4689
8076	4689
8077	4690
8078	4691
8079	4692
8080	4693
8081	4693
8082	4694
8083	4695
8084	4696
8085	4697
8086	4698
8087	4699
8088	4700
8089	4701
8090	4702
8091	4703
8092	4704
8093	4704
8094	4705
8095	4706
8096	4707
8097	4708
8098	4709
8099	4710
8100	4711
8101	4711
8102	4712
8103	4713
8104	4713
8105	4714
8106	4715
8107	4716
8108	4716
8109	4716
8110	4717
8111	4718
8112	4718
8113	4717
8114	4718
8115	4719
8116	4720
8117	4721
8118	4722
8119	4723
8120	4724
8121	4723
8122	4724
8123	4724
8124	4724
8125	4725
8126	4726
8127	4727
8128	4728
8129	4729
8130	4730
8131	4731
8132	4732
8133	4733
8134	4734
8135	4735
8136	4735
8137	4735
8138	4736
8139	4737
8140	4738
8141	4739
8142	4740
8143	4741
8144	4742
8145	4743
8146	4743
8147	4743
8148	4742
8149	4743
8150	4744
8151	4745
8152	4746
8153	4747
8154	4747
8155	4747
8156	4748
8157	4748
8158	4749
8159	4750
8160	4750
8161	4751
8162	4752
8163	4752
8164	4752
8165	4753
8166	4754
8167	4755
8168	4756
8169	4757
8170	4758
8171	4759
8172	4760
8173	4761
8174	4762
8175	4763
8176	4764
8177	4765
8178	4765
8179	4766
8180	4767
8181	4768
8182	4768
8183	4769
8184	4770
8185	4771
8186	4772
8187	4773
8188	4773
8189	4774
8190	4775
8191	4776
8192	4777
8193	4778
8194	4779
8195	4780
8196	4780
8197	4780
8198	4781
8199	4781
8200	4782
8201	4783
8202	4784
8203	4785
8204	4785
8205	4786
8206	4787
8207	4788
8208	4789
8209	4790
8210	4791
8211	4792
8212	4793
8213	4793
8214	4793
8215	4794
8216	4795
8217	4795
8218	4796
8219	4797
8220	4798
8221	4798
8222	4799
8223	4799
8224	4800
8225	4801
8226	4800
8227	4801
8228	4802
8229	4802
8230	4803
8231	4804
8232	4805
8233	4806
8234	4807
8235	4807
8236	4808
8237	4809
8238	4810
8239	4811
8240	4811
8241	4812
8242	4813
8243	4814
8244	4814
8245	4814
8246	4815
8247	4816
8248	4815
8249	4816
8250	4817
8251	4818
8252	4819
8253	4820
8254	4821
8255	4822
8256	4822
8257	4823
8258	4824
8259	4824
8260	4824
8261	4825
8262	4826
8263	4827
8264	4828
8265	4828
8266	4828
8267	4829
8268	4830
8269	4831
8270	4832
8271	4833
8272	4834
8273	4835
8274	4836
8275	4836
8276	4837
8277	4838
8278	4839
8279	4839
8280	4840
8281	4841
8282	4842
8283	4843
8284	4844
8285	4845
8286	4846
8287	4847
8288	4847
8289	4848
8290	4849
8291	4850
8292	4851
8293	4852
8294	4853
8295	4853
8296	4853
8297	4854
8298	4855
8299	4856
8300	4856
8301	4856
8302	4856
8303	4857
8304	4858
8305	4859
8306	4859
8307	4860
8308	4861
8309	4862
8310	4863
8311	4863
8312	4864
8313	4865
8314	4866
8315	4866
8316	4866
8317	4867
8318	4868
8319	4869
8320	4869
8321	4869
8322	4869
8323	4870
8324	4871
8325	4871
8326	4872
8327	4872
8328	4873
8329	4874
8330	4875
8331	4876
8332	4876
8333	4877
8334	4878
8335	4878
8336	4879
8337	4880
8338	4881
8339	4881
8340	4882
8341	4882
8342	4883
8343	4884
8344	4884
8345	4884
8346	4885
8347	4886
8348	4887
8349	4888
8350	4889
8351	4890
8352	4891
8353	4892
8354	4893
8355	4894
8356	4895
8357	4895
8358	4896
8359	4897
8360	4897
8361	4898
8362	4899
8363	4900
8364	4901
8365	4901
8366	4902
8367	4903
8368	4904
8369	4905
8370	4905
8371	4906
8372	4907
8373	4908
8374	4909
8375	4910
8376	4911
8377	4911
8378	4912
8379	4912
8380	4912
8381	4913
8382	4913
8383	4914
8384	4915
8385	4916
8386	4917
8387	4918
8388	4918
8389	4919
8390	4920
8391	4920
8392	4921
8393	4922
8394	4922
8395	4923
8396	4924
8397	4925
8398	4926
8399	4927
8400	4928
8401	4929
8402	4930
8403	4931
8404	4932
8405	4933
8406	4934
8407	4935
8408	4936
8409	4937
8410	4938
8411	4939
8412	4940
8413	4941
8414	4942
8415	4942
8416	4943
8417	4944
8418	4945
8419	4946
8420	4947
8421	4948
8422	4948
8423	4947
8424	4948
8425	4949
8426	4949
8427	4950
8428	4951
8429	4952
8430	4953
8431	4954
8432	4955
8433	4956
8434	4957
8435	4957
8436	4958
8437	4959
8438	4960
8439	4961
8440	4962
8441	4962
8442	4963
8443	4963
8444	4964
8445	4964
8446	4965
8447	4966
8448	4967
8449	4967
8450	4968
8451	4968
8452	4968
8453	4969
8454	4970
8455	4970
8456	4971
8457	4971
8458	4972
8459	4973
8460	4974
8461	4975
8462	4976
8463	4977
8464	4978
8465	4979
8466	4980
8467	4981
8468	4981
8469	4982
8470	4983
8471	4984
8472	4984
8473	4985
8474	4985
8475	4985
8476	4986
8477	4987
8478	4988
8479	4989
8480	4990
8481	4991
8482	4992
8483	4993
8484	4993
8485	4994
8486	4994
8487	4995
8488	4996
8489	4997
8490	4997
8491	4998
8492	4998
8493	4999
8494	5000
8495	5001
8496	5002
8497	5003
8498	5004
8499	5005
8500	5006
8501	5007
8502	5008
8503	5008
8504	5009
8505	5010
8506	5011
8507	5012
8508	5013
8509	5013
8510	5013
8511	5014
8512	5015
8513	5016
8514	5017
8515	5018
8516	5018
8517	5018
8518	5019
8519	5020
8520	5021
8521	5022
8522	5023
8523	5024
8524	5024
8525	5025
8526	5025
8527	5026
8528	5026
8529	5027
8530	5028
8531	5029
8532	5029
8533	5030
8534	5031
8535	5032
8536	5033
8537	5034
8538	5035
8539	5035
8540	5036
8541	5037
8542	5037
8543	5037
8544	5037
8545	5038
8546	5039
8547	5040
8548	5041
8549	5042
8550	5043
8551	5044
8552	5045
8553	5045
8554	5046
8555	5047
8556	5048
8557	5048
8558	5049
8559	5050
8560	5050
8561	5051
8562	5051
8563	5052
8564	5053
8565	5054
8566	5055
8567	5056
8568	5057
8569	5058
8570	5059
8571	5060
8572	5060
8573	5061
8574	5062
8575	5063
8576	5064
8577	5065
8578	5066
8579	5067
8580	5067
8581	5068
8582	5069
8583	5070
8584	5071
8585	5072
8586	5073
8587	5074
8588	5074
8589	5074
8590	5075
8591	5076
8592	5077
8593	5078
8594	5079
8595	5080
8596	5080
8597	5081
8598	5082
8599	5083
8600	5084
8601	5085
8602	5085
8603	5086
8604	5087
8605	5088
8606	5089
8607	5090
8608	5091
8609	5092
8610	5093
8611	5093
8612	5093
8613	5094
8614	5095
8615	5096
8616	5096
8617	5096
8618	5097
8619	5098
8620	5099
8621	5100
8622	5101
8623	5102
8624	5103
8625	5104
8626	5105
8627	5105
8628	5105
8629	5106
8630	5107
8631	5108
8632	5109
8633	5110
8634	5111
8635	5112
8636	5113
8637	5114
8638	5114
8639	5113
8640	5114
8641	5114
8642	5114
8643	5115
8644	5115
8645	5116
8646	5117
8647	5117
8648	5118
8649	5118
8650	5119
8651	5119
8652	5120
8653	5121
8654	5121
8655	5122
8656	5123
8657	5124
8658	5125
8659	5126
8660	5127
8661	5128
8662	5129
8663	5129
8664	5130
8665	5131
8666	5132
8667	5133
8668	5134
8669	5135
8670	5136
8671	5137
8672	5138
8673	5138
8674	5139
8675	5140
8676	5141
8677	5142
8678	5143
8679	5144
8680	5144
8681	5145
8682	5145
8683	5146
8684	5147
8685	5148
8686	5149
8687	5149
8688	5150
8689	5150
8690	5150
8691	5151
8692	5152
8693	5151
8694	5152
8695	5153
8696	5154
8697	5155
8698	5156
8699	5157
8700	5157
8701	5158
8702	5159
8703	5160
8704	5161
8705	5162
8706	5162
8707	5162
8708	5163
8709	5164
8710	5165
8711	5166
8712	5165
8713	5165
8714	5165
8715	5166
8716	5166
8717	5167
8718	5168
8719	5169
8720	5170
8721	5171
8722	5171
8723	5172
8724	5172
8725	5172
8726	5173
8727	5174
8728	5175
8729	5175
8730	5176
8731	5177
8732	5178
8733	5179
8734	5180
8735	5181
8736	5182
8737	5183
8738	5184
8739	5185
8740	5186
8741	5187
8742	5187
8743	5188
8744	5189
8745	5189
8746	5189
8747	5189
8748	5190
8749	5191
8750	5192
8751	5193
8752	5194
8753	5195
8754	5196
8755	5197
8756	5197
8757	5198
8758	5199
8759	5200
8760	5201
8761	5202
8762	5203
8763	5204
8764	5205
8765	5206
8766	5207
8767	5208
8768	5208
8769	5209
8770	5209
8771	5210
8772	5211
8773	5212
8774	5212
8775	5213
8776	5214
8777	5215
8778	5216
8779	5217
8780	5218
8781	5219
8782	5220
8783	5221
8784	5222
8785	5223
8786	5223
8787	5223
8788	5223
8789	5223
8790	5222
8791	5223
8792	5224
8793	5225
8794	5226
8795	5227
8796	5228
8797	5228
8798	5228
8799	5229
8800	5230
8801	5231
8802	5232
8803	5233
8804	5233
8805	5233
8806	5234
8807	5235
8808	5235
8809	5236
8810	5237
8811	5238
8812	5239
8813	5240
8814	5240
8815	5241
8816	5242
8817	5243
8818	5243
8819	5244
8820	5244
8821	5245
8822	5245
8823	5246
8824	5247
8825	5248
8826	5248
8827	5249
8828	5250
8829	5251
8830	5252
8831	5252
8832	5252
8833	5253
8834	5254
8835	5255
8836	5256
8837	5257
8838	5258
8839	5258
8840	5259
8841	5260
8842	5260
8843	5261
8844	5262
8845	5263
8846	5264
8847	5265
8848	5266
8849	5267
8850	5268
8851	5268
8852	5269
8853	5270
8854	5271
8855	5271
8856	5272
8857	5273
8858	5274
8859	5274
8860	5274
8861	5274
8862	5274
8863	5275
8864	5276
8865	5277
8866	5278
8867	5279
8868	5280
8869	5281
8870	5282
8871	5283
8872	5284
8873	5285
8874	5285
8875	5286
8876	5286
8877	5287
8878	5288
8879	5289
8880	5290
8881	5291
8882	5292
8883	5292
8884	5292
8885	5293
8886	5294
8887	5295
8888	5296
8889	5297
8890	5298
8891	5298
8892	5299
8893	5299
8894	5299
8895	5300
8896	5301
8897	5302
8898	5303
8899	5304
8900	5305
8901	5305
8902	5305
8903	5306
8904	5306
8905	5307
8906	5308
8907	5309
8908	5310
8909	5311
8910	5312
8911	5313
8912	5314
8913	5314
8914	5315
8915	5316
8916	5317
8917	5318
8918	5319
8919	5320
8920	5320
8921	5321
8922	5322
8923	5323
8924	5324
8925	5325
8926	5326
8927	5327
8928	5327
8929	5328
8930	5329
8931	5330
8932	5331
8933	5332
8934	5333
8935	5334
8936	5335
8937	5335
8938	5336
8939	5337
8940	5338
8941	5339
8942	5340
8943	5341
8944	5342
8945	5342
8946	5343
8947	5344
8948	5345
8949	5346
8950	5347
8951	5348
8952	5349
8953	5349
8954	5349
8955	5350
8956	5351
8957	5352
8958	5353
8959	5353
8960	5354
8961	5355
8962	5356
8963	5356
8964	5357
8965	5358
8966	5359
8967	5360
8968	5361
8969	5362
8970	5363
8971	5364
8972	5365
8973	5366
8974	5366
8975	5366
8976	5367
8977	5368
8978	5369
8979	5370
8980	5370
8981	5370
8982	5371
8983	5372
8984	5373
8985	5374
8986	5375
8987	5376
8988	5377
8989	5378
8990	5379
8991	5380
8992	5381
8993	5381
8994	5382
8995	5382
8996	5383
8997	5384
8998	5385
8999	5386
9000	5387
9001	5387
9002	5387
9003	5388
9004	5389
9005	5389
9006	5390
9007	5391
9008	5391
9009	5392
9010	5391
9011	5391
9012	5392
9013	5392
9014	5392
9015	5393
9016	5394
9017	5395
9018	5396
9019	5397
9020	5398
9021	5399
9022	5399
9023	5400
9024	5401
9025	5401
9026	5402
9027	5403
9028	5404
9029	5404
9030	5404
9031	5405
9032	5406
9033	5406
9034	5407
9035	5408
9036	5409
9037	5410
9038	5409
9039	5410
9040	5411
9041	5412
9042	5413
9043	5414
9044	5415
9045	5415
9046	5415
9047	5416
9048	5417
9049	5418
9050	5419
9051	5420
9052	5421
9053	5421
9054	5422
9055	5423
9056	5424
9057	5425
9058	5426
9059	5427
9060	5428
9061	5429
9062	5429
9063	5429
9064	5429
9065	5428
9066	5428
9067	5428
9068	5429
9069	5430
9070	5431
9071	5432
9072	5433
9073	5433
9074	5434
9075	5435
9076	5436
9077	5437
9078	5438
9079	5439
9080	5440
9081	5441
9082	5442
9083	5443
9084	5443
9085	5444
9086	5445
9087	5445
9088	5445
9089	5446
9090	5446
9091	5447
9092	5448
9093	5449
9094	5450
9095	5451
9096	5452
9097	5453
9098	5454
9099	5455
9100	5456
9101	5457
9102	5458
9103	5458
9104	5459
9105	5460
9106	5460
9107	5461
9108	5462
9109	5463
9110	5463
9111	5464
9112	5464
9113	5465
9114	5465
9115	5466
9116	5467
9117	5468
9118	5469
9119	5470
9120	5471
9121	5472
9122	5472
9123	5473
9124	5474
9125	5475
9126	5476
9127	5476
9128	5476
9129	5475
9130	5475
9131	5476
9132	5477
9133	5478
9134	5479
9135	5480
9136	5480
9137	5481
9138	5482
9139	5484
9140	5484
9141	5486
9142	5486
9143	5486
9144	5488
9145	5488
9146	5489
9147	5489
9148	5489
9149	5489
9150	5488
9151	5488
9152	5488
9153	5488
9154	5490
9155	5490
9156	5490
9157	5490
9158	5492
9159	5492
9160	5493
9161	5493
9162	5492
9163	5492
9164	5492
9165	5493
9166	5493
9167	5494
9168	5494
9169	5495
9170	5495
9171	5495
9172	5495
9173	5495
9174	5495
9175	5497
9176	5497
9177	5497
9178	5497
9179	5497
9180	5497
9181	5497
9182	5497
9183	5498
9184	5498
9185	5498
9186	5500
9187	5502
9188	5501
9189	5501
9190	5501
9191	5501
9192	5501
9193	5501
9194	5501
9195	5501
9196	5502
9197	5502
9198	5502
9199	5504
9200	5504
9201	5504
9202	5506
9203	5505
9204	5505
9205	5505
9206	5504
9207	5506
9208	5506
9209	5506
9210	5505
9211	5505
9212	5505
9213	5505
9214	5505
9215	5507
9216	5507
9217	5508
9218	5508
9219	5507
9220	5507
9221	5506
9222	5506
9223	5506
9224	5506
9225	5506
9226	5506
9227	5505
9228	5507
9229	5509
9230	5509
9231	5509
9232	5509
9233	5509
9234	5509
9235	5509
9236	5511
9237	5511
9238	5511
9239	5511
9240	5511
9241	5511
9242	5511
9243	5512
9244	5512
9245	5513
9246	5513
9247	5513
9248	5514
9249	5516
9250	5516
9251	5516
9252	5518
9253	5519
9254	5519
9255	5518
9256	5518
9257	5518
9258	5518
9259	5519
9260	5519
9261	5519
9262	5519
9263	5519
9264	5519
9265	5519
9266	5519
9267	5519
9268	5519
9269	5519
9270	5519
9271	5518
9272	5518
9273	5520
9274	5520
9275	5522
9276	5522
9277	5522
9278	5522
9279	5522
9280	5522
9281	5522
9282	5524
9283	5524
9284	5524
9285	5524
9286	5524
9287	5526
9288	5526
9289	5527
9290	5527
9291	5527
9292	5529
9293	5529
9294	5530
9295	5532
9296	5532
9297	5532
9298	5532
9299	5532
9300	5532
9301	5532
9302	5532
9303	5531
9304	5531
9305	5531
9306	5530
9307	5530
9308	5530
9309	5530
9310	5531
9311	5531
9312	5531
9313	5530
9314	5531
9315	5531
9316	5531
9317	5531
9318	5532
9319	5532
9320	5532
9321	5534
9322	5534
9323	5534
9324	5536
9325	5536
9326	5538
9327	5538
9328	5538
9329	5538
9330	5538
9331	5537
9332	5537
9333	5539
9334	5539
9335	5538
9336	5538
9337	5538
9338	5538
9339	5538
9340	5538
9341	5540
9342	5540
9343	5540
9344	5542
9345	5544
9346	5544
9347	5544
9348	5544
9349	5544
9350	5544
9351	5544
9352	5544
9353	5544
9354	5544
9355	5544
9356	5546
9357	5546
9358	5546
9359	5548
9360	5550
9361	5550
9362	5550
9363	5552
9364	5552
9365	5551
9366	5550
9367	5552
9368	5552
9369	5552
9370	5552
9371	5552
9372	5552
9373	5551
9374	5551
9375	5553
9376	5553
9377	5553
9378	5553
9379	5553
9380	5553
9381	5553
9382	5555
9383	5555
9384	5554
9385	5555
9386	5555
9387	5557
9388	5557
9389	5557
9390	5557
9391	5559
9392	5559
9393	5559
9394	5559
9395	5559
9396	5559
9397	5559
9398	5561
9399	5561
9400	5562
9401	5561
9402	5561
9403	5562
9404	5564
9405	5564
9406	5564
9407	5566
9408	5566
9409	5568
9410	5568
9411	5568
9412	5568
9413	5568
9414	5568
9415	5568
9416	5567
9417	5566
9418	5566
9419	5568
9420	5568
9421	5570
9422	5570
9423	5570
9424	5569
9425	5569
9426	5569
9427	5569
9428	5568
9429	5568
9430	5568
9431	5567
9432	5567
9433	5569
9434	5569
9435	5571
9436	5571
9437	5571
9438	5570
9439	5570
9440	5570
9441	5572
9442	5572
9443	5572
9444	5572
9445	5574
9446	5575
9447	5575
9448	5575
9449	5576
9450	5576
9451	5578
9452	5578
9453	5578
9454	5578
9455	5578
9456	5577
9457	5579
9458	5579
9459	5579
9460	5578
9461	5577
9462	5576
9463	5576
9464	5576
9465	5576
9466	5577
9467	5579
9468	5578
9469	5578
9470	5578
9471	5578
9472	5578
9473	5577
9474	5577
9475	5577
9476	5577
9477	5576
9478	5576
9479	5577
9480	5577
9481	5577
9482	5577
9483	5577
9484	5577
9485	5579
9486	5579
9487	5579
9488	5579
9489	5579
9490	5579
9491	5581
9492	5581
9493	5581
9494	5581
9495	5583
9496	5583
9497	5583
9498	5582
9499	5581
9500	5581
9501	5581
9502	5581
9503	5581
9504	5581
9505	5581
9506	5581
9507	5580
9508	5580
9509	5582
9510	5582
9511	5582
9512	5582
9513	5582
9514	5582
9515	5584
9516	5584
9517	5584
9518	5586
9519	5586
9520	5587
9521	5586
9522	5586
9523	5588
9524	5588
9525	5590
9526	5590
9527	5590
9528	5590
9529	5590
9530	5589
9531	5589
9532	5591
9533	5591
9534	5591
9535	5591
9536	5591
9537	5591
9538	5591
9539	5591
9540	5591
9541	5592
9542	5592
9543	5593
9544	5593
9545	5593
9546	5595
9547	5595
9548	5596
9549	5596
9550	5596
9551	5598
9552	5600
9553	5600
9554	5600
9555	5602
9556	5602
9557	5604
9558	5604
9559	5604
9560	5604
9561	5603
9562	5603
9563	5603
9564	5603
9565	5604
9566	5604
9567	5604
9568	5604
9569	5604
9570	5604
9571	5603
9572	5602
9573	5602
9574	5602
9575	5604
9576	5604
9577	5603
9578	5603
9579	5603
9580	5603
9581	5603
9582	5602
9583	5602
9584	5604
9585	5604
9586	5606
9587	5606
9588	5606
9589	5606
9590	5606
9591	5606
9592	5608
9593	5607
9594	5607
9595	5607
9596	5607
9597	5607
9598	5607
9599	5609
9600	5609
9601	5609
9602	5609
9603	5609
9604	5611
9605	5611
9606	5611
9607	5611
9608	5611
9609	5611
9610	5610
9611	5609
9612	5611
9613	5613
9614	5613
9615	5613
9616	5613
9617	5613
9618	5613
9619	5613
9620	5613
9621	5614
9622	5614
9623	5614
9624	5616
9625	5616
9626	5616
9627	5618
9628	5618
9629	5617
9630	5616
9631	5616
9632	5616
9633	5616
9634	5618
9635	5618
9636	5620
9637	5620
9638	5620
9639	5620
9640	5620
9641	5620
9642	5620
9643	5619
9644	5619
9645	5619
9646	5619
9647	5621
9648	5621
9649	5621
9650	5621
9651	5621
9652	5621
9653	5621
9654	5622
9655	5622
9656	5622
9657	5622
9658	5623
9659	5625
9660	5625
9661	5625
9662	5627
9663	5627
9664	5627
9665	5627
9666	5627
9667	5627
9668	5626
9669	5625
9670	5625
9671	5625
9672	5625
9673	5625
9674	5625
9675	5627
9676	5627
9677	5629
9678	5629
9679	5629
9680	5629
9681	5629
9682	5629
9683	5629
9684	5630
9685	5630
9686	5632
9687	5632
9688	5632
9689	5633
9690	5635
9691	5635
9692	5635
9693	5637
9694	5637
9695	5639
9696	5639
9697	5639
9698	5639
9699	5639
9700	5638
9701	5638
9702	5640
9703	5640
9704	5640
9705	5640
9706	5642
9707	5642
9708	5642
9709	5642
9710	5644
9711	5644
9712	5644
9713	5644
9714	5644
9715	5644
9716	5643
9717	5643
9718	5645
9719	5645
9720	5644
9721	5644
9722	5644
9723	5644
9724	5646
9725	5648
9726	5648
9727	5648
9728	5648
9729	5648
9730	5648
9731	5648
9732	5648
9733	5648
9734	5649
9735	5649
9736	5649
9737	5649
9738	5649
9739	5649
9740	5649
9741	5650
9742	5650
9743	5651
9744	5651
9745	5651
9746	5653
9747	5655
9748	5655
9749	5657
9750	5657
9751	5657
9752	5657
9753	5657
9754	5656
9755	5656
9756	5656
9757	5656
9758	5658
9759	5659
9760	5659
9761	5659
9762	5659
9763	5659
9764	5659
9765	5658
9766	5658
9767	5658
9768	5658
9769	5658
9770	5658
9771	5660
9772	5662
9773	5662
9774	5662
9775	5661
9776	5661
9777	5661
9778	5661
9779	5661
9780	5663
9781	5663
9782	5665
9783	5665
9784	5665
9785	5665
9786	5665
9787	5665
9788	5665
9789	5665
9790	5666
9791	5668
9792	5668
9793	5668
9794	5668
9795	5668
9796	5668
9797	5668
9798	5668
9799	5668
9800	5668
9801	5668
9802	5668
9803	5667
9804	5668
9805	5668
9806	5669
9807	5669
9808	5669
9809	5670
9810	5671
9811	5671
9812	5671
9813	5672
9814	5672
9815	5672
9816	5673
9817	5673
9818	5673
9819	5675
9820	5675
9821	5677
9822	5677
9823	5676
9824	5676
9825	5676
9826	5676
9827	5675
9828	5677
9829	5677
9830	5677
9831	5677
9832	5677
9833	5677
9834	5677
9835	5677
9836	5676
9837	5676
9838	5676
9839	5676
9840	5678
9841	5680
9842	5680
9843	5680
9844	5680
9845	5679
9846	5678
9847	5678
9848	5680
9849	5680
9850	5680
9851	5680
9852	5680
9853	5680
9854	5682
9855	5681
9856	5681
9857	5681
9858	5681
9859	5681
9860	5683
9861	5683
9862	5683
9863	5685
9864	5685
9865	5685
9866	5685
9867	5684
9868	5684
9869	5684
9870	5684
9871	5686
9872	5686
9873	5688
9874	5688
9875	5688
9876	5688
9877	5688
9878	5688
9879	5690
9880	5690
9881	5690
9882	5690
9883	5690
9884	5690
9885	5689
9886	5690
9887	5690
9888	5689
9889	5689
9890	5689
9891	5689
9892	5689
9893	5690
9894	5690
9895	5692
9896	5692
9897	5692
9898	5694
9899	5696
9900	5696
9901	5696
9902	5696
9903	5698
9904	5699
9905	5699
9906	5699
9907	5701
9908	5701
9909	5701
9910	5701
9911	5701
9912	5701
9913	5700
9914	5701
9915	5701
9916	5701
9917	5701
9918	5701
9919	5700
9920	5701
9921	5701
9922	5701
9923	5701
9924	5701
9925	5703
9926	5703
9927	5702
9928	5702
9929	5703
9930	5703
9931	5705
9932	5705
9933	5705
9934	5705
9935	5705
9936	5705
9937	5704
9938	5704
9939	5706
9940	5706
9941	5706
9942	5706
9943	5708
9944	5708
9945	5707
9946	5707
9947	5708
9948	5708
9949	5708
9950	5708
9951	5708
9952	5709
9953	5709
9954	5710
9955	5709
9956	5709
9957	5709
9958	5709
9959	5709
9960	5711
9961	5710
9962	5710
9963	5710
9964	5710
9965	5710
9966	5710
9967	5710
9968	5711
9969	5711
9970	5711
9971	5711
9972	5713
9973	5713
9974	5713
9975	5715
9976	5717
9977	5717
9978	5717
9979	5716
9980	5716
9981	5716
9982	5716
9983	5716
9984	5717
9985	5717
9986	5717
9987	5719
9988	5718
9989	5718
9990	5718
9991	5718
9992	5718
9993	5718
9994	5720
9995	5720
9996	5720
9997	5720
9998	5719
9999	5721
10000	5721
10001	5723
10002	5723
10003	5723
10004	5723
10005	5723
10006	5723
10007	5723
10008	5723
10009	5723
10010	5723
10011	5723
10012	5723
10013	5723
10014	5722
10015	5724
10016	5726
10017	5725
10018	5725
10019	5725
10020	5725
10021	5725
10022	5725
10023	5726
10024	5726
10025	5727
10026	5727
10027	5727
10028	5728
10029	5730
10030	5730
10031	5729
10032	5731
10033	5730
10034	5730
10035	5730
10036	5730
10037	5731
10038	5731
10039	5732
10040	5732
10041	5732
10042	5732
10043	5732
10044	5732
10045	5732
10046	5732
10047	5732
10048	5732
10049	5731
10050	5731
10051	5731
10052	5733
10053	5733
10054	5735
10055	5735
10056	5735
10057	5735
10058	5735
10059	5735
10060	5737
10061	5737
10062	5737
10063	5737
10064	5737
10065	5737
10066	5738
10067	5738
10068	5740
10069	5740
10070	5740
10071	5741
10072	5743
10073	5743
10074	5743
10075	5745
10076	5745
10077	5745
10078	5745
10079	5745
10080	5745
10081	5744
10082	5744
10083	5745
10084	5745
10085	5745
10086	5747
10087	5747
10088	5747
10089	5749
10090	5749
10091	5749
10092	5751
10093	5751
10094	5751
10095	5751
10096	5751
10097	5751
10098	5750
10099	5749
10100	5749
10101	5748
10102	5748
10103	5748
10104	5748
10105	5748
10106	5748
10107	5748
10108	5747
10109	5748
10110	5748
10111	5750
10112	5750
10113	5750
10114	5750
10115	5750
10116	5750
10117	5750
10118	5750
10119	5750
10120	5750
10121	5750
10122	5752
10123	5752
10124	5752
10125	5754
10126	5756
10127	5756
10128	5756
10129	5756
10130	5755
10131	5755
10132	5755
10133	5755
10134	5757
10135	5757
10136	5757
10137	5759
10138	5761
10139	5761
10140	5761
10141	5763
10142	5763
10143	5762
10144	5764
10145	5763
10146	5763
10147	5763
10148	5763
10149	5762
10150	5762
10151	5762
10152	5762
10153	5764
10154	5764
10155	5764
10156	5764
10157	5764
10158	5764
10159	5764
10160	5766
10161	5766
10162	5768
10163	5768
10164	5767
10165	5768
10166	5768
10167	5768
10168	5770
10169	5770
10170	5770
10171	5770
10172	5770
10173	5770
10174	5770
10175	5770
10176	5772
10177	5772
10178	5773
10179	5775
10180	5775
10181	5775
10182	5776
10183	5775
10184	5774
10185	5776
10186	5776
10187	5778
10188	5777
10189	5777
10190	5777
10191	5776
10192	5778
10193	5778
10194	5778
10195	5778
10196	5778
10197	5778
10198	5778
10199	5780
10200	5780
10201	5780
10202	5780
10203	5779
10204	5779
10205	5779
10206	5779
10207	5778
10208	5777
10209	5777
10210	5777
10211	5779
10212	5779
10213	5781
10214	5781
10215	5781
10216	5780
10217	5780
10218	5780
10219	5781
10220	5781
10221	5781
10222	5781
10223	5783
10224	5785
10225	5785
10226	5785
10227	5787
10228	5787
10229	5789
10230	5789
10231	5789
10232	5789
10233	5789
10234	5789
10235	5788
10236	5788
10237	5789
10238	5791
10239	5791
10240	5791
10241	5790
10242	5790
10243	5789
10244	5788
10245	5788
10246	5788
10247	5790
10248	5790
10249	5790
10250	5790
10251	5790
10252	5789
10253	5788
10254	5788
10255	5787
10256	5787
10257	5787
10258	5789
10259	5789
10260	5788
10261	5788
10262	5788
10263	5788
10264	5788
10265	5790
10266	5790
10267	5790
10268	5790
10269	5790
10270	5790
10271	5792
10272	5792
10273	5792
10274	5794
10275	5794
10276	5794
10277	5794
10278	5794
10279	5794
10280	5793
10281	5792
10282	5792
10283	5791
10284	5793
10285	5795
10286	5795
10287	5795
10288	5795
10289	5795
10290	5795
10291	5795
10292	5795
10293	5795
10294	5796
10295	5796
10296	5798
10297	5798
10298	5798
10299	5800
10300	5800
10301	5802
10302	5802
10303	5802
10304	5804
10305	5805
10306	5805
10307	5804
10308	5806
10309	5806
10310	5807
10311	5807
10312	5807
10313	5807
10314	5806
10315	5806
10316	5808
10317	5807
10318	5807
10319	5807
10320	5807
10321	5807
10322	5806
10323	5806
10324	5805
10325	5805
10326	5805
10327	5805
10328	5806
10329	5808
10330	5808
10331	5807
10332	5807
10333	5807
10334	5807
10335	5806
10336	5805
10337	5805
10338	5806
10339	5806
10340	5808
10341	5808
10342	5808
10343	5808
10344	5808
10345	5808
10346	5808
10347	5808
10348	5808
10349	5808
10350	5808
10351	5808
10352	5807
10353	5807
10354	5807
10355	5809
10356	5809
10357	5811
10358	5811
10359	5811
10360	5811
10361	5811
10362	5811
10363	5813
10364	5813
10365	5813
10366	5812
10367	5811
10368	5811
10369	5811
10370	5811
10371	5811
10372	5811
10373	5811
10374	5813
10375	5813
10376	5815
10377	5815
10378	5815
10379	5815
10380	5817
10381	5818
10382	5817
10383	5817
10384	5819
10385	5819
10386	5819
10387	5819
10388	5819
10389	5819
10390	5818
10391	5820
10392	5820
10393	5820
10394	5820
10395	5820
10396	5820
10397	5820
10398	5820
10399	5821
10400	5821
10401	5821
10402	5822
10403	5822
10404	5822
10405	5824
10406	5824
10407	5823
10408	5823
10409	5823
10410	5823
10411	5823
10412	5825
10413	5825
10414	5827
10415	5827
10416	5827
10417	5827
10418	5827
10419	5827
10420	5827
10421	5829
10422	5829
10423	5830
10424	5830
10425	5830
10426	5832
10427	5832
10428	5833
10429	5835
10430	5835
10431	5834
10432	5836
10433	5836
10434	5836
10435	5835
10436	5835
10437	5835
10438	5834
10439	5833
10440	5833
10441	5832
10442	5832
10443	5832
10444	5832
10445	5834
10446	5834
10447	5836
10448	5836
10449	5836
10450	5836
10451	5836
10452	5836
10453	5836
10454	5836
10455	5835
10456	5835
10457	5835
10458	5837
10459	5837
10460	5837
10461	5837
10462	5837
10463	5837
10464	5838
10465	5838
10466	5838
10467	5838
10468	5839
10469	5841
10470	5841
10471	5841
10472	5841
10473	5843
10474	5843
10475	5843
10476	5843
10477	5843
10478	5842
10479	5842
10480	5843
10481	5843
10482	5843
10483	5843
10484	5845
10485	5847
10486	5847
10487	5847
10488	5849
10489	5849
10490	5849
10491	5849
10492	5849
10493	5849
10494	5848
10495	5848
10496	5850
10497	5850
10498	5849
10499	5849
10500	5849
10501	5849
10502	5849
10503	5851
10504	5852
10505	5852
10506	5852
10507	5852
10508	5852
10509	5852
10510	5851
10511	5851
10512	5851
10513	5851
10514	5851
10515	5851
10516	5853
10517	5853
10518	5855
10519	5855
10520	5857
10521	5857
10522	5857
10523	5857
10524	5857
10525	5857
10526	5857
10527	5859
10528	5859
10529	5859
10530	5859
10531	5859
10532	5859
10533	5859
10534	5859
10535	5859
10536	5859
10537	5860
10538	5859
10539	5859
10540	5859
10541	5859
10542	5858
10543	5858
10544	5859
10545	5859
10546	5860
10547	5860
10548	5860
10549	5861
10550	5862
10551	5862
10552	5862
10553	5863
10554	5863
10555	5865
10556	5865
10557	5865
10558	5867
10559	5867
10560	5867
10561	5869
10562	5869
10563	5869
10564	5868
10565	5867
10566	5867
10567	5867
10568	5866
10569	5868
10570	5870
10571	5870
10572	5870
10573	5870
10574	5870
10575	5869
10576	5869
10577	5870
10578	5870
10579	5870
10580	5870
10581	5870
10582	5872
10583	5872
10584	5873
10585	5873
10586	5873
10587	5873
10588	5873
10589	5872
10590	5872
10591	5874
10592	5873
10593	5875
10594	5875
10595	5875
10596	5874
10597	5873
10598	5873
10599	5872
10600	5874
10601	5874
10602	5876
10603	5875
10604	5875
10605	5875
10606	5875
10607	5875
10608	5875
10609	5875
10610	5875
10611	5875
10612	5874
10613	5874
10614	5876
10615	5876
10616	5878
10617	5878
10618	5877
10619	5877
10620	5877
10621	5877
10622	5876
10623	5878
10624	5878
10625	5878
10626	5878
10627	5878
10628	5878
10629	5880
10630	5880
10631	5880
10632	5880
10633	5882
10634	5882
10635	5882
10636	5882
10637	5882
10638	5882
10639	5881
10640	5881
10641	5881
10642	5882
10643	5884
10644	5884
10645	5884
10646	5886
10647	5886
10648	5886
10649	5886
10650	5886
10651	5886
10652	5885
10653	5885
10654	5887
10655	5886
10656	5886
10657	5886
10658	5886
10659	5886
10660	5886
10661	5887
10662	5886
10663	5888
10664	5888
10665	5888
10666	5890
10667	5890
10668	5892
10669	5892
10670	5893
10671	5893
10672	5893
10673	5895
10674	5895
10675	5897
10676	5897
10677	5897
10678	5897
10679	5897
10680	5896
10681	5896
10682	5897
10683	5896
10684	5896
10685	5896
10686	5896
10687	5896
10688	5896
10689	5895
10690	5895
10691	5895
10692	5897
10693	5897
10694	5897
10695	5897
10696	5897
10697	5897
10698	5897
10699	5897
10700	5899
10701	5899
10702	5899
10703	5899
10704	5899
10705	5899
10706	5899
10707	5900
10708	5899
10709	5899
10710	5899
10711	5900
10712	5900
10713	5900
10714	5900
10715	5902
10716	5904
10717	5903
10718	5903
10719	5904
10720	5904
10721	5904
10722	5904
10723	5904
10724	5904
10725	5903
10726	5903
10727	5904
10728	5904
10729	5904
10730	5905
10731	5907
10732	5907
10733	5907
10734	5909
10735	5909
10736	5911
10737	5910
10738	5910
10739	5910
10740	5910
10741	5909
10742	5909
10743	5911
10744	5911
10745	5911
10746	5913
10747	5913
10748	5915
10749	5915
10750	5915
10751	5915
10752	5915
10753	5915
10754	5914
10755	5914
10756	5916
10757	5915
10758	5915
10759	5914
10760	5913
10761	5913
10762	5913
10763	5914
10764	5913
10765	5913
10766	5915
10767	5914
10768	5913
10769	5913
10770	5913
10771	5913
10772	5913
10773	5915
10774	5915
10775	5915
10776	5914
10777	5914
10778	5914
10779	5914
10780	5914
10781	5914
10782	5916
10783	5916
10784	5918
10785	5918
10786	5920
10787	5920
10788	5920
10789	5920
10790	5920
10791	5919
10792	5919
10793	5919
10794	5919
10795	5919
10796	5919
10797	5919
10798	5919
10799	5920
10800	5922
10801	5922
10802	5922
10803	5922
10804	5922
10805	5921
10806	5921
10807	5921
10808	5922
10809	5922
10810	5923
10811	5923
10812	5923
10813	5924
10814	5926
10815	5926
10816	5926
10817	5928
10818	5928
10819	5928
10820	5928
10821	5928
10822	5928
10823	5928
10824	5930
10825	5930
10826	5930
10827	5930
10828	5929
10829	5930
10830	5930
10831	5930
10832	5932
10833	5932
10834	5934
10835	5934
10836	5934
10837	5934
10838	5934
10839	5935
10840	5935
10841	5937
10842	5937
10843	5937
10844	5937
10845	5939
10846	5939
10847	5939
10848	5938
10849	5938
10850	5938
10851	5938
10852	5938
10853	5938
10854	5937
10855	5937
10856	5937
10857	5937
10858	5938
10859	5940
10860	5940
10861	5940
10862	5941
10863	5941
10864	5941
10865	5943
10866	5943
10867	5944
10868	5946
10869	5946
10870	5946
10871	5946
10872	5946
10873	5946
10874	5948
10875	5948
10876	5950
10877	5950
10878	5950
10879	5950
10880	5950
10881	5949
10882	5948
10883	5948
10884	5948
10885	5950
10886	5950
10887	5952
10888	5952
10889	5952
10890	5951
10891	5951
10892	5951
10893	5953
10894	5953
10895	5953
10896	5955
10897	5954
10898	5954
10899	5954
10900	5953
10901	5953
10902	5953
10903	5953
10904	5954
10905	5956
10906	5956
10907	5956
10908	5958
10909	5959
10910	5959
10911	5959
10912	5959
10913	5961
10914	5961
10915	5961
10916	5961
10917	5961
10918	5961
10919	5960
10920	5960
10921	5962
10922	5962
10923	5962
10924	5962
10925	5962
10926	5961
10927	5961
10928	5963
10929	5963
10930	5964
10931	5964
10932	5964
10933	5965
10934	5967
10935	5967
10936	5967
10937	5967
10938	5968
10939	5968
10940	5969
10941	5971
10942	5971
10943	5970
10944	5970
10945	5970
10946	5970
10947	5970
10948	5970
10949	5969
10950	5969
10951	5969
10952	5969
10953	5968
10954	5969
10955	5969
10956	5969
10957	5970
10958	5970
10959	5970
10960	5970
10961	5970
10962	5970
10963	5969
10964	5969
10965	5969
10966	5969
10967	5969
10968	5971
10969	5971
10970	5971
10971	5972
10972	5972
10973	5972
10974	5972
10975	5972
10976	5973
10977	5973
10978	5973
10979	5972
10980	5971
10981	5971
10982	5973
10983	5973
10984	5975
10985	5975
10986	5975
10987	5974
10988	5974
10989	5974
10990	5974
10991	5973
10992	5973
10993	5973
10994	5972
10995	5972
10996	5974
10997	5974
10998	5974
10999	5973
11000	5973
11001	5973
11002	5974
11003	5975
11004	5975
11005	5975
11006	5975
11007	5975
11008	5975
11009	5977
11010	5977
11011	5977
11012	5977
11013	5977
11014	5976
11015	5976
11016	5978
11017	5978
11018	5979
11019	5979
11020	5979
11021	5980
11022	5981
11023	5981
11024	5982
11025	5982
11026	5982
11027	5982
11028	5982
11029	5982
11030	5982
11031	5982
11032	5984
11033	5984
11034	5984
11035	5985
11036	5985
11037	5987
11038	5987
11039	5987
11040	5989
11041	5989
11042	5989
11043	5991
11044	5993
11045	5993
11046	5993
11047	5993
11048	5993
11049	5992
11050	5992
11051	5991
11052	5991
11053	5991
11054	5991
11055	5992
11056	5992
11057	5992
11058	5993
11059	5995
11060	5995
11061	5995
11062	5996
11063	5995
11064	5995
11065	5997
11066	5997
11067	5999
11068	5998
11069	5997
11070	5997
11071	5996
11072	5997
11073	5997
11074	5997
11075	5997
11076	5997
11077	5997
11078	5999
11079	6001
11080	6001
11081	6001
11082	6001
11083	6000
11084	6000
11085	6000
11086	6000
11087	5999
11088	5998
11089	5998
11090	5998
11091	6000
11092	6000
11093	6001
11094	6001
11095	6001
11096	6000
11097	5999
11098	5999
11099	6000
11100	6000
11101	6000
11102	6000
11103	6000
11104	6001
11105	6001
11106	6000
11107	6000
11108	6000
11109	5999
11110	5999
11111	6001
11112	6001
11113	6003
11114	6003
11115	6003
11116	6003
11117	6003
11118	6003
11119	6003
11120	6004
11121	6004
11122	6004
11123	6004
11124	6004
11125	6006
11126	6006
11127	6005
11128	6005
11129	6007
11130	6007
11131	6009
11132	6009
11133	6009
11134	6009
11135	6009
11136	6009
11137	6008
11138	6007
11139	6007
11140	6007
11141	6007
11142	6006
11143	6007
11144	6007
11145	6007
11146	6009
11147	6009
11148	6009
11149	6009
11150	6010
11151	6010
11152	6010
11153	6010
11154	6009
11155	6011
11156	6011
11157	6010
11158	6010
11159	6010
11160	6010
11161	6010
11162	6010
11163	6010
11164	6012
11165	6014
11166	6014
11167	6014
11168	6014
11169	6013
11170	6013
11171	6013
11172	6013
11173	6014
11174	6014
11175	6014
11176	6016
11177	6016
11178	6016
11179	6018
11180	6020
11181	6020
11182	6020
11183	6020
11184	6022
11185	6022
11186	6023
11187	6025
11188	6025
11189	6024
11190	6026
11191	6026
11192	6026
11193	6026
11194	6026
11195	6026
11196	6025
11197	6025
11198	6025
11199	6025
11200	6025
11201	6025
11202	6025
11203	6027
11204	6027
11205	6027
11206	6028
11207	6028
11208	6030
11209	6030
11210	6030
11211	6029
11212	6031
11213	6031
11214	6031
11215	6031
11216	6031
11217	6031
11218	6031
11219	6033
11220	6032
11221	6032
11222	6033
11223	6033
11224	6033
11225	6034
11226	6036
11227	6036
11228	6036
11229	6038
11230	6038
11231	6040
11232	6040
11233	6040
11234	6040
11235	6040
11236	6040
11237	6039
11238	6038
11239	6038
11240	6038
11241	6040
11242	6040
11243	6040
11244	6039
11245	6039
11246	6039
11247	6039
11248	6038
11249	6038
11250	6038
11251	6037
11252	6037
11253	6039
11254	6039
11255	6041
11256	6041
11257	6041
11258	6040
11259	6040
11260	6040
11261	6042
11262	6042
11263	6042
11264	6042
11265	6044
11266	6045
11267	6045
11268	6045
11269	6046
11270	6046
11271	6048
11272	6048
11273	6048
11274	6048
11275	6047
11276	6047
11277	6046
11278	6046
11279	6045
11280	6044
11281	6044
11282	6044
11283	6044
11284	6045
11285	6047
11286	6046
11287	6046
11288	6046
11289	6046
11290	6046
11291	6045
11292	6045
11293	6045
11294	6045
11295	6044
11296	6044
11297	6046
11298	6046
11299	6046
11300	6046
11301	6046
11302	6046
11303	6048
11304	6048
11305	6048
11306	6048
11307	6048
11308	6047
11309	6048
11310	6048
11311	6048
11312	6050
11313	6050
11314	6050
11315	6050
11316	6050
11317	6049
11318	6049
11319	6049
11320	6049
11321	6049
11322	6049
11323	6049
11324	6049
11325	6051
11326	6051
11327	6051
11328	6053
11329	6053
11330	6054
11331	6053
11332	6053
11333	6055
11334	6055
11335	6057
11336	6057
11337	6057
11338	6057
11339	6057
11340	6056
11341	6056
11342	6058
11343	6058
11344	6058
11345	6058
11346	6058
11347	6058
11348	6058
11349	6058
11350	6058
11351	6059
11352	6059
11353	6060
11354	6060
11355	6060
11356	6062
11357	6062
11358	6063
11359	6062
11360	6062
11361	6064
11362	6066
11363	6066
11364	6066
11365	6068
11366	6068
11367	6070
11368	6070
11369	6070
11370	6070
11371	6069
11372	6069
11373	6069
11374	6070
11375	6070
11376	6070
11377	6070
11378	6070
11379	6069
11380	6069
11381	6068
11382	6067
11383	6067
11384	6067
11385	6068
11386	6067
11387	6067
11388	6067
11389	6067
11390	6066
11391	6065
11392	6065
11393	6066
11394	6066
11395	6068
11396	6068
11397	6067
11398	6067
11399	6067
11400	6067
11401	6069
11402	6068
11403	6068
11404	6068
11405	6068
11406	6068
11407	6070
11408	6070
11409	6070
11410	6070
11411	6072
11412	6074
11413	6074
11414	6076
11415	6076
11416	6076
11417	6076
11418	6076
11419	6076
11420	6075
11421	6077
11422	6077
11423	6077
11424	6077
11425	6077
11426	6077
11427	6077
11428	6077
11429	6078
11430	6077
11431	6077
11432	6079
11433	6079
11434	6079
11435	6081
11436	6083
11437	6083
11438	6083
11439	6083
11440	6082
11441	6083
11442	6083
11443	6085
11444	6085
11445	6085
11446	6085
11447	6085
11448	6085
11449	6084
11450	6084
11451	6086
11452	6085
11453	6085
11454	6085
11455	6085
11456	6085
11457	6085
11458	6087
11459	6087
11460	6087
11461	6087
11462	6089
11463	6089
11464	6089
11465	6090
11466	6090
11467	6092
11468	6094
11469	6094
11470	6094
11471	6096
11472	6096
11473	6098
11474	6098
11475	6098
11476	6098
11477	6098
11478	6097
11479	6097
11480	6097
11481	6096
11482	6097
11483	6096
11484	6095
11485	6096
11486	6096
11487	6096
11488	6096
11489	6096
11490	6096
11491	6095
11492	6095
11493	6094
11494	6096
11495	6095
11496	6094
11497	6096
11498	6096
11499	6096
11500	6095
11501	6095
11502	6095
11503	6095
11504	6095
11505	6095
11506	6095
11507	6095
11508	6096
11509	6096
11510	6096
11511	6096
11512	6096
11513	6096
11514	6096
11515	6096
11516	6097
11517	6097
11518	6098
11519	6098
11520	6098
11521	6099
11522	6101
11523	6101
11524	6101
11525	6103
11526	6102
11527	6102
11528	6102
11529	6104
11530	6104
11531	6104
11532	6103
11533	6103
11534	6103
11535	6103
11536	6103
11537	6105
11538	6105
11539	6107
11540	6107
11541	6107
11542	6107
11543	6107
11544	6107
11545	6107
11546	6107
11547	6107
11548	6109
11549	6109
11550	6109
11551	6109
11552	6109
11553	6109
11554	6109
11555	6109
11556	6109
11557	6109
11558	6109
11559	6109
11560	6109
11561	6110
11562	6110
11563	6111
11564	6111
11565	6110
11566	6111
11567	6111
11568	6111
11569	6110
11570	6110
11571	6110
11572	6110
11573	6110
11574	6110
11575	6112
11576	6112
11577	6114
11578	6114
11579	6116
11580	6116
11581	6116
11582	6116
11583	6116
11584	6116
11585	6116
11586	6116
11587	6116
11588	6116
11589	6115
11590	6115
11591	6117
11592	6117
11593	6116
11594	6118
11595	6118
11596	6118
11597	6118
11598	6118
11599	6118
11600	6119
11601	6119
11602	6121
11603	6121
11604	6121
11605	6122
11606	6124
11607	6124
11608	6123
11609	6125
11610	6124
11611	6125
11612	6125
11613	6125
11614	6125
11615	6125
11616	6124
11617	6124
11618	6126
11619	6126
11620	6126
11621	6128
11622	6128
11623	6128
11624	6130
11625	6130
11626	6130
11627	6130
11628	6130
11629	6130
11630	6129
11631	6129
11632	6129
11633	6129
11634	6129
11635	6129
11636	6129
11637	6131
11638	6130
11639	6130
11640	6131
11641	6131
11642	6131
11643	6131
11644	6131
11645	6133
11646	6135
11647	6135
11648	6135
11649	6137
11650	6137
11651	6139
11652	6139
11653	6138
11654	6138
11655	6138
11656	6137
11657	6137
11658	6138
11659	6138
11660	6137
11661	6137
11662	6138
11663	6138
11664	6138
11665	6139
11666	6139
11667	6138
11668	6138
11669	6138
11670	6138
11671	6138
11672	6140
11673	6140
11674	6140
11675	6139
11676	6139
11677	6139
11678	6138
11679	6138
11680	6140
11681	6140
11682	6142
11683	6142
11684	6142
11685	6142
11686	6142
11687	6142
11688	6142
11689	6142
11690	6142
11691	6142
11692	6142
11693	6141
11694	6141
11695	6143
11696	6143
11697	6143
11698	6143
11699	6143
11700	6143
11701	6143
11702	6142
11703	6141
11704	6141
11705	6143
11706	6143
11707	6144
11708	6144
11709	6144
11710	6145
11711	6145
11712	6146
11713	6148
11714	6148
11715	6148
11716	6149
11717	6149
11718	6149
11719	6149
11720	6149
11721	6149
11722	6148
11723	6148
11724	6148
11725	6148
11726	6148
11727	6147
11728	6147
11729	6149
11730	6148
11731	6148
11732	6149
11733	6149
11734	6149
11735	6149
11736	6151
11737	6151
11738	6153
11739	6153
11740	6153
11741	6155
11742	6155
11743	6155
11744	6157
11745	6157
11746	6159
11747	6159
11748	6159
11749	6159
11750	6159
11751	6158
11752	6158
11753	6158
11754	6158
11755	6158
11756	6158
11757	6158
11758	6158
11759	6160
11760	6162
11761	6162
11762	6162
11763	6164
11764	6165
11765	6165
11766	6164
11767	6163
11768	6164
11769	6164
11770	6164
11771	6164
11772	6164
11773	6163
11774	6162
11775	6162
11776	6164
11777	6164
11778	6163
11779	6163
11780	6163
11781	6163
11782	6165
11783	6165
11784	6167
11785	6167
11786	6167
11787	6167
11788	6169
11789	6169
11790	6170
11791	6172
11792	6172
11793	6172
11794	6172
11795	6172
11796	6171
11797	6170
11798	6170
11799	6170
11800	6170
11801	6170
11802	6170
11803	6170
11804	6172
11805	6172
11806	6172
11807	6173
11808	6173
11809	6175
11810	6175
11811	6175
11812	6175
11813	6176
11814	6176
11815	6176
11816	6176
11817	6176
11818	6176
11819	6176
11820	6178
11821	6178
11822	6177
11823	6178
11824	6179
11825	6179
11826	6179
11827	6181
11828	6181
11829	6182
11830	6182
11831	6182
11832	6182
11833	6182
11834	6184
11835	6183
11836	6183
11837	6182
11838	6181
11839	6181
11840	6181
11841	6183
11842	6183
11843	6183
11844	6182
11845	6182
11846	6182
11847	6182
11848	6182
11849	6181
11850	6181
11851	6181
11852	6182
11853	6182
11854	6182
11855	6181
11856	6181
11857	6180
11858	6182
11859	6182
11860	6184
11861	6184
11862	6184
11863	6184
11864	6184
11865	6184
11866	6184
11867	6184
11868	6184
11869	6184
11870	6184
11871	6183
11872	6182
11873	6184
11874	6183
11875	6185
11876	6185
11877	6185
11878	6185
11879	6185
11880	6185
11881	6185
11882	6187
11883	6187
11884	6187
11885	6187
11886	6187
11887	6187
11888	6186
11889	6186
11890	6187
11891	6189
11892	6188
11893	6188
11894	6188
11895	6187
11896	6187
11897	6186
11898	6186
11899	6186
11900	6185
11901	6185
11902	6185
11903	6185
11904	6186
11905	6186
11906	6187
11907	6187
11908	6187
11909	6187
11910	6189
11911	6189
11912	6189
11913	6189
11914	6189
11915	6191
11916	6191
11917	6193
11918	6193
11919	6193
11920	6195
11921	6195
11922	6195
11923	6195
11924	6195
11925	6195
11926	6194
11927	6193
11928	6192
11929	6192
11930	6192
11931	6192
11932	6192
11933	6194
11934	6194
11935	6194
11936	6194
11937	6194
11938	6194
11939	6193
11940	6194
11941	6193
11942	6193
11943	6193
11944	6193
11945	6193
11946	6193
11947	6193
11948	6193
11949	6193
11950	6193
11951	6195
11952	6195
11953	6195
11954	6197
11955	6199
11956	6199
11957	6199
11958	6199
11959	6199
11960	6199
11961	6199
11962	6199
11963	6199
11964	6199
11965	6199
11966	6201
11967	6201
11968	6201
11969	6203
11970	6203
11971	6203
11972	6203
11973	6203
11974	6204
11975	6204
11976	6204
11977	6204
11978	6204
11979	6203
11980	6202
11981	6202
11982	6204
11983	6204
11984	6204
11985	6204
11986	6204
11987	6204
11988	6206
11989	6206
11990	6206
11991	6206
11992	6206
11993	6206
11994	6205
11995	6206
11996	6206
11997	6206
11998	6206
11999	6206
12000	6206
12001	6206
12002	6206
12003	6205
12004	6205
12005	6207
12006	6207
12007	6208
12008	6208
12009	6208
12010	6209
12011	6209
12012	6209
12013	6209
12014	6209
12015	6209
12016	6209
12017	6209
12018	6210
12019	6210
12020	6209
12021	6210
12022	6211
12023	6211
12024	6210
12025	6211
12026	6213
12027	6213
12028	6213
12029	6215
12030	6217
12031	6217
12032	6217
12033	6219
12034	6219
12035	6221
12036	6220
12037	6220
12038	6220
12039	6220
12040	6220
12041	6219
12042	6218
12043	6220
12044	6220
12045	6219
12046	6219
12047	6218
12048	6218
12049	6218
12050	6218
12051	6220
12052	6220
12053	6222
12054	6222
12055	6221
12056	6221
12057	6221
12058	6221
12059	6220
12060	6220
12061	6220
12062	6220
12063	6220
12064	6220
12065	6222
12066	6222
12067	6224
12068	6224
12069	6226
12070	6226
12071	6226
12072	6226
12073	6226
12074	6225
12075	6225
12076	6225
12077	6225
12078	6225
12079	6224
12080	6226
12081	6226
12082	6226
12083	6226
12084	6226
12085	6226
12086	6226
12087	6226
12088	6227
12089	6227
12090	6228
12091	6228
12092	6228
12093	6229
12094	6229
12095	6229
12096	6228
12097	6228
12098	6228
12099	6228
12100	6228
12101	6228
12102	6230
12103	6229
12104	6229
12105	6231
12106	6231
12107	6230
12108	6231
12109	6231
12110	6233
12111	6233
12112	6233
12113	6232
12114	6232
12115	6232
12116	6234
12117	6234
12118	6234
12119	6234
12120	6233
12121	6233
12122	6235
12123	6235
12124	6235
12125	6235
12126	6235
12127	6235
12128	6235
12129	6236
12130	6236
12131	6237
12132	6239
12133	6239
12134	6239
12135	6240
12136	6240
12137	6239
12138	6239
12139	6239
12140	6239
12141	6238
12142	6240
12143	6240
12144	6240
12145	6240
12146	6240
12147	6240
12148	6240
12149	6240
12150	6241
12151	6241
12152	6240
12153	6240
12154	6240
12155	6242
12156	6242
12157	6242
12158	6242
12159	6242
12160	6242
12161	6242
12162	6243
12163	6243
12164	6245
12165	6244
12166	6244
12167	6246
12168	6246
12169	6247
12170	6246
12171	6246
12172	6246
12173	6246
12174	6245
12175	6245
12176	6247
12177	6247
12178	6247
12179	6249
12180	6249
12181	6251
12182	6251
12183	6251
12184	6251
12185	6250
12186	6250
12187	6250
12188	6250
12189	6252
12190	6251
12191	6250
12192	6249
12193	6249
12194	6249
12195	6248
12196	6248
12197	6249
12198	6249
12199	6251
12200	6251
12201	6251
12202	6251
12203	6253
12204	6252
12205	6251
12206	6251
12207	6251
12208	6251
12209	6253
12210	6253
12211	6253
12212	6252
12213	6252
12214	6252
12215	6252
12216	6252
12217	6254
12218	6254
12219	6254
12220	6254
12221	6254
12222	6254
12223	6254
12224	6254
12225	6255
12226	6257
12227	6257
12228	6257
12229	6257
12230	6257
12231	6257
12232	6256
12233	6258
12234	6258
12235	6258
12236	6257
12237	6257
12238	6257
12239	6257
12240	6257
12241	6258
12242	6258
12243	6259
12244	6259
12245	6259
12246	6260
12247	6262
12248	6262
12249	6262
12250	6264
12251	6264
12252	6264
12253	6264
12254	6264
12255	6264
12256	6264
12257	6263
12258	6263
12259	6264
12260	6266
12261	6266
12262	6265
12263	6265
12264	6267
12265	6267
12266	6267
12267	6267
12268	6267
12269	6269
12270	6269
12271	6271
12272	6271
12273	6273
12274	6273
12275	6273
12276	6273
12277	6272
12278	6272
12279	6272
12280	6271
12281	6271
12282	6273
12283	6273
12284	6275
12285	6275
12286	6275
12287	6274
12288	6274
12289	6274
12290	6274
12291	6274
12292	6274
12293	6274
12294	6274
12295	6274
12296	6276
12297	6276
12298	6277
12299	6277
12300	6277
12301	6277
12302	6276
12303	6276
12304	6278
12305	6278
12306	6280
12307	6282
12308	6282
12309	6282
12310	6282
12311	6282
12312	6282
12313	6283
12314	6283
12315	6283
12316	6283
12317	6285
12318	6285
12319	6285
12320	6284
12321	6284
12322	6284
12323	6286
12324	6286
12325	6286
12326	6288
12327	6289
12328	6289
12329	6289
12330	6290
12331	6290
12332	6290
12333	6290
12334	6290
12335	6289
12336	6289
12337	6289
12338	6289
12339	6291
12340	6293
12341	6293
12342	6293
12343	6295
12344	6295
12345	6294
12346	6294
12347	6294
12348	6294
12349	6293
12350	6293
12351	6293
12352	6293
12353	6293
12354	6294
12355	6294
12356	6294
12357	6294
12358	6295
12359	6296
12360	6296
12361	6296
12362	6296
12363	6296
12364	6296
12365	6296
12366	6296
12367	6295
12368	6297
12369	6297
12370	6297
12371	6298
12372	6299
12373	6299
12374	6299
12375	6301
12376	6301
12377	6301
12378	6303
12379	6303
12380	6303
12381	6304
12382	6303
12383	6303
12384	6303
12385	6303
12386	6303
12387	6302
12388	6302
12389	6302
12390	6301
12391	6301
12392	6301
12393	6301
12394	6303
12395	6303
12396	6303
12397	6304
12398	6303
12399	6303
12400	6303
12401	6302
12402	6304
12403	6304
12404	6304
12405	6304
12406	6304
12407	6304
12408	6305
12409	6305
12410	6307
12411	6307
12412	6307
12413	6307
12414	6306
12415	6306
12416	6306
12417	6306
12418	6305
12419	6304
12420	6304
12421	6304
12422	6306
12423	6306
12424	6306
12425	6305
12426	6305
12427	6305
12428	6305
12429	6304
12430	6305
12431	6304
12432	6304
12433	6303
12434	6303
12435	6302
12436	6302
12437	6304
12438	6304
12439	6304
12440	6304
12441	6304
12442	6304
12443	6304
12444	6304
12445	6306
12446	6306
12447	6306
12448	6306
12449	6306
12450	6306
12451	6305
12452	6307
12453	6307
12454	6307
12455	6308
12456	6308
12457	6308
12458	6310
12459	6309
12460	6310
12461	6310
12462	6310
12463	6310
12464	6310
12465	6312
12466	6312
12467	6314
12468	6314
12469	6315
12470	6315
12471	6315
12472	6314
12473	6314
12474	6316
12475	6316
12476	6316
12477	6316
12478	6316
12479	6316
12480	6316
12481	6316
12482	6316
12483	6318
12484	6318
12485	6318
12486	6320
12487	6322
12488	6322
12489	6322
12490	6322
12491	6321
12492	6320
12493	6320
12494	6320
12495	6320
12496	6322
12497	6322
12498	6322
12499	6322
12500	6322
12501	6322
12502	6322
12503	6324
12504	6323
12505	6323
12506	6324
12507	6326
12508	6326
12509	6326
12510	6326
12511	6328
12512	6328
12513	6329
12514	6331
12515	6331
12516	6331
12517	6331
12518	6330
12519	6330
12520	6330
12521	6330
12522	6329
12523	6328
12524	6328
12525	6328
12526	6330
12527	6330
12528	6332
12529	6332
12530	6331
12531	6330
12532	6330
12533	6330
12534	6330
12535	6329
12536	6330
12537	6330
12538	6330
12539	6330
12540	6330
12541	6330
12542	6332
12543	6332
12544	6331
12545	6331
12546	6331
12547	6330
12548	6329
12549	6331
12550	6331
12551	6333
12552	6333
12553	6333
12554	6333
12555	6335
12556	6335
12557	6336
12558	6338
12559	6338
12560	6340
12561	6340
12562	6340
12563	6340
12564	6340
12565	6340
12566	6339
12567	6339
12568	6339
12569	6339
12570	6339
12571	6339
12572	6338
12573	6340
12574	6340
12575	6340
12576	6341
12577	6341
12578	6342
12579	6342
12580	6342
12581	6343
12582	6342
12583	6342
12584	6342
12585	6342
12586	6343
12587	6343
12588	6343
12589	6344
12590	6343
12591	6343
12592	6344
12593	6346
12594	6346
12595	6346
12596	6348
12597	6348
12598	6350
12599	6350
12600	6350
12601	6350
12602	6350
12603	6352
12604	6351
12605	6350
12606	6349
12607	6349
12608	6350
12609	6350
12610	6352
12611	6352
12612	6352
12613	6351
12614	6351
12615	6351
12616	6351
12617	6350
12618	6350
12619	6350
12620	6349
12621	6349
12622	6351
12623	6351
12624	6352
12625	6352
12626	6352
12627	6351
12628	6350
12629	6350
12630	6351
12631	6350
12632	6350
12633	6350
12634	6352
12635	6354
12636	6354
12637	6354
12638	6356
12639	6356
12640	6358
12641	6358
12642	6358
12643	6358
12644	6358
12645	6358
12646	6357
12647	6358
12648	6358
12649	6357
12650	6356
12651	6355
12652	6355
12653	6355
12654	6355
12655	6356
12656	6356
12657	6356
12658	6356
12659	6356
12660	6355
12661	6354
12662	6354
12663	6354
12664	6353
12665	6353
12666	6354
12667	6354
12668	6356
12669	6356
12670	6355
12671	6355
12672	6355
12673	6355
12674	6355
12675	6357
12676	6357
12677	6356
12678	6356
12679	6356
12680	6356
12681	6358
12682	6358
12683	6360
12684	6360
12685	6362
12686	6362
12687	6364
12688	6364
12689	6364
12690	6364
12691	6364
12692	6363
12693	6363
12694	6365
12695	6365
12696	6365
12697	6365
12698	6365
12699	6365
12700	6365
12701	6365
12702	6365
12703	6366
12704	6368
12705	6368
12706	6368
12707	6370
12708	6370
12709	6372
12710	6372
12711	6372
12712	6374
12713	6375
12714	6375
12715	6375
12716	6377
12717	6377
12718	6378
12719	6378
12720	6378
12721	6378
12722	6377
12723	6377
12724	6376
12725	6378
12726	6377
12727	6377
12728	6377
12729	6377
12730	6377
12731	6376
12732	6376
12733	6375
12734	6375
12735	6375
12736	6375
12737	6377
12738	6377
12739	6376
12740	6375
12741	6375
12742	6375
12743	6375
12744	6376
12745	6376
12746	6378
12747	6378
12748	6378
12749	6378
12750	6378
12751	6378
12752	6378
12753	6378
12754	6378
12755	6378
12756	6378
12757	6378
12758	6378
12759	6380
12760	6380
12761	6380
12762	6380
12763	6380
12764	6379
12765	6379
12766	6379
12767	6379
12768	6379
12769	6379
12770	6381
12771	6381
12772	6383
12773	6383
12774	6383
12775	6383
12776	6385
12777	6386
12778	6385
12779	6385
12780	6387
12781	6387
12782	6387
12783	6387
12784	6387
12785	6387
12786	6386
12787	6388
12788	6388
12789	6388
12790	6388
12791	6388
12792	6388
12793	6388
12794	6388
12795	6389
12796	6389
12797	6389
12798	6390
12799	6390
12800	6390
12801	6392
12802	6391
12803	6391
12804	6391
12805	6391
12806	6391
12807	6391
12808	6393
12809	6393
12810	6393
12811	6392
12812	6392
12813	6394
12814	6394
12815	6396
12816	6396
12817	6396
12818	6396
12819	6396
12820	6396
12821	6396
12822	6398
12823	6398
12824	6398
12825	6398
12826	6398
12827	6398
12828	6398
12829	6398
12830	6398
12831	6398
12832	6398
12833	6398
12834	6398
12835	6398
12836	6398
12837	6399
12838	6399
12839	6400
12840	6400
12841	6399
12842	6400
12843	6400
12844	6400
12845	6402
12846	6402
12847	6402
12848	6402
12849	6402
12850	6404
12851	6403
12852	6404
12853	6404
12854	6404
12855	6404
12856	6403
12857	6403
12858	6403
12859	6403
12860	6405
12861	6405
12862	6404
12863	6404
12864	6404
12865	6404
12866	6404
12867	6406
12868	6406
12869	6408
12870	6408
12871	6408
12872	6408
12873	6408
12874	6410
12875	6410
12876	6411
12877	6413
12878	6413
12879	6413
12880	6415
12881	6415
12882	6417
12883	6417
12884	6417
12885	6417
12886	6417
12887	6417
12888	6416
12889	6416
12890	6415
12891	6414
12892	6415
12893	6414
12894	6414
12895	6414
12896	6413
12897	6415
12898	6414
12899	6414
12900	6414
12901	6414
12902	6414
12903	6416
12904	6416
12905	6416
12906	6416
12907	6415
12908	6415
12909	6415
12910	6415
12911	6415
12912	6415
12913	6415
12914	6416
12915	6415
12916	6415
12917	6415
12918	6415
12919	6415
12920	6415
12921	6415
12922	6415
12923	6416
12924	6416
12925	6417
12926	6417
12927	6417
12928	6418
12929	6420
12930	6420
12931	6420
12932	6422
12933	6421
12934	6421
12935	6421
12936	6421
12937	6421
12938	6420
12939	6422
12940	6422
12941	6424
12942	6424
12943	6424
12944	6424
12945	6424
12946	6424
12947	6424
12948	6424
12949	6423
12950	6423
12951	6423
12952	6425
12953	6426
12954	6426
12955	6427
12956	6427
12957	6427
12958	6428
12959	6430
12960	6430
12961	6430
12962	6430
12963	6431
12964	6431
12965	6431
12966	6431
12967	6431
12968	6430
12969	6430
12970	6432
12971	6432
12972	6432
12973	6434
12974	6435
12975	6435
12976	6434
12977	6433
12978	6433
12979	6433
12980	6432
12981	6432
12982	6432
12983	6432
12984	6434
12985	6434
12986	6434
12987	6434
12988	6434
12989	6433
12990	6433
12991	6435
12992	6435
12993	6435
12994	6435
12995	6435
12996	6435
12997	6435
12998	6436
12999	6436
13000	6437
13001	6437
13002	6437
13003	6438
13004	6439
13005	6439
13006	6439
13007	6439
13008	6439
13009	6439
13010	6439
13011	6439
13012	6439
13013	6441
13014	6441
13015	6441
13016	6442
13017	6444
13018	6444
13019	6444
13020	6446
13021	6446
13022	6446
13023	6447
13024	6447
13025	6446
13026	6448
13027	6447
13028	6448
13029	6449
13030	6449
13031	6449
13032	6451
13033	6451
13034	6451
13035	6452
13036	6452
13037	6454
13038	6453
13039	6453
13040	6453
13041	6452
13042	6452
13043	6452
13044	6452
13045	6452
13046	6452
13047	6454
13048	6453
13049	6455
13050	6455
13051	6455
13052	6455
13053	6454
13054	6454
13055	6454
13056	6453
13057	6452
13058	6452
13059	6451
13060	6451
13061	6451
13062	6450
13063	6450
13064	6452
13065	6452
13066	6452
13067	6451
13068	6451
13069	6451
13070	6451
13071	6451
13072	6453
13073	6453
13074	6455
13075	6455
13076	6455
13077	6455
13078	6455
13079	6455
13080	6455
13081	6455
13082	6455
13083	6454
13084	6454
13085	6454
13086	6456
13087	6455
13088	6457
13089	6457
13090	6457
13091	6457
13092	6457
13093	6457
13094	6457
13095	6459
13096	6459
13097	6460
13098	6460
13099	6459
13100	6461
13101	6461
13102	6462
13103	6464
13104	6464
13105	6463
13106	6464
13107	6464
13108	6464
13109	6464
13110	6464
13111	6463
13112	6463
13113	6463
13114	6463
13115	6463
13116	6463
13117	6463
13118	6465
13119	6465
13120	6466
13121	6466
13122	6466
13123	6466
13124	6468
13125	6468
13126	6468
13127	6468
13128	6470
13129	6469
13130	6468
13131	6468
13132	6468
13133	6468
13134	6467
13135	6467
13136	6469
13137	6469
13138	6469
13139	6471
13140	6471
13141	6473
13142	6473
13143	6473
13144	6473
13145	6473
13146	6472
13147	6472
13148	6472
13149	6472
13150	6471
13151	6471
13152	6471
13153	6471
13154	6472
13155	6472
13156	6471
13157	6471
13158	6470
13159	6470
13160	6471
13161	6473
13162	6473
13163	6475
13164	6475
13165	6475
13166	6475
13167	6475
13168	6475
13169	6475
13170	6475
13171	6475
13172	6475
13173	6474
13174	6474
13175	6473
13176	6475
13177	6475
13178	6477
13179	6477
13180	6477
13181	6477
13182	6477
13183	6476
13184	6478
13185	6478
13186	6478
13187	6478
13188	6478
13189	6478
13190	6477
13191	6477
13192	6477
13193	6478
13194	6479
13195	6478
13196	6478
13197	6477
13198	6477
13199	6477
13200	6476
13201	6475
13202	6475
13203	6475
13204	6475
13205	6475
13206	6477
13207	6477
13208	6477
13209	6477
13210	6477
13211	6477
13212	6477
13213	6476
13214	6476
13215	6476
13216	6475
13217	6475
13218	6475
13219	6475
13220	6476
13221	6476
13222	6477
13223	6477
13224	6477
13225	6477
13226	6477
13227	6479
13228	6479
13229	6479
13230	6481
13231	6481
13232	6481
13233	6483
13234	6483
13235	6485
13236	6485
13237	6485
13238	6485
13239	6485
13240	6484
13241	6484
13242	6486
13243	6486
13244	6486
13245	6486
13246	6486
13247	6486
13248	6486
13249	6486
13250	6486
13251	6486
13252	6486
13253	6488
13254	6488
13255	6488
13256	6490
13257	6489
13258	6489
13259	6489
13260	6489
13261	6489
13262	6489
13263	6489
13264	6489
13265	6489
13266	6489
13267	6491
13268	6491
13269	6491
13270	6493
13271	6494
13272	6494
13273	6494
13274	6494
13275	6494
13276	6494
13277	6494
13278	6494
13279	6493
13280	6493
13281	6495
13282	6495
13283	6496
13284	6496
13285	6496
13286	6496
13287	6496
13288	6496
13289	6496
13290	6497
13291	6497
13292	6496
13293	6496
13294	6496
13295	6495
13296	6494
13297	6495
13298	6496
13299	6496
13300	6496
13301	6496
13302	6496
13303	6496
13304	6497
13305	6497
13306	6497
13307	6497
13308	6497
13309	6496
13310	6495
13311	6495
13312	6495
13313	6495
13314	6497
13315	6497
13316	6497
13317	6497
13318	6499
13319	6499
13320	6499
13321	6499
13322	6499
13323	6498
13324	6498
13325	6500
13326	6500
13327	6500
13328	6502
13329	6504
13330	6504
13331	6504
13332	6506
13333	6506
13334	6508
13335	6508
13336	6507
13337	6506
13338	6505
13339	6505
13340	6505
13341	6504
13342	6506
13343	6505
13344	6505
13345	6505
13346	6505
13347	6505
13348	6504
13349	6504
13350	6506
13351	6506
13352	6508
13353	6507
13354	6507
13355	6507
13356	6507
13357	6507
13358	6509
13359	6509
13360	6509
13361	6508
13362	6508
13363	6508
13364	6508
13365	6508
13366	6510
13367	6510
13368	6510
13369	6510
13370	6510
13371	6512
13372	6512
13373	6512
13374	6512
13375	6512
13376	6512
13377	6511
13378	6513
13379	6513
13380	6513
13381	6513
13382	6513
13383	6513
13384	6513
13385	6513
13386	6514
13387	6514
13388	6515
13389	6515
13390	6515
13391	6516
13392	6516
13393	6516
13394	6515
13395	6515
13396	6515
13397	6514
13398	6514
13399	6516
13400	6515
13401	6514
13402	6515
13403	6515
13404	6517
13405	6517
13406	6517
13407	6517
13408	6519
13409	6519
13410	6519
13411	6518
13412	6518
13413	6518
13414	6520
13415	6520
13416	6520
13417	6520
13418	6522
13419	6522
13420	6522
13421	6522
13422	6524
13423	6524
13424	6525
13425	6525
13426	6525
13427	6524
13428	6524
13429	6524
13430	6524
13431	6524
13432	6524
13433	6523
13434	6522
13435	6522
13436	6524
13437	6524
13438	6524
13439	6524
13440	6524
13441	6524
13442	6524
13443	6526
13444	6526
13445	6528
13446	6528
13447	6528
13448	6528
13449	6528
13450	6528
13451	6530
13452	6530
13453	6531
13454	6533
13455	6533
13456	6533
13457	6533
13458	6535
13459	6535
13460	6535
13461	6535
13462	6535
13463	6535
13464	6534
13465	6534
13466	6533
13467	6535
13468	6535
13469	6535
13470	6535
13471	6535
13472	6534
13473	6534
13474	6534
13475	6535
13476	6535
13477	6535
13478	6535
13479	6536
13480	6535
13481	6535
13482	6535
13483	6535
13484	6535
13485	6535
13486	6534
13487	6534
13488	6535
13489	6535
13490	6535
13491	6537
13492	6537
13493	6537
13494	6538
13495	6537
13496	6537
13497	6537
13498	6536
13499	6538
13500	6538
13501	6538
13502	6537
13503	6537
13504	6537
13505	6537
13506	6537
13507	6539
13508	6539
13509	6541
13510	6541
13511	6541
13512	6541
13513	6540
13514	6540
13515	6540
13516	6540
13517	6540
13518	6540
13519	6541
13520	6541
13521	6541
13522	6540
13523	6540
13524	6540
13525	6539
13526	6539
13527	6539
13528	6540
13529	6540
13530	6540
13531	6541
13532	6542
13533	6542
13534	6542
13535	6542
13536	6542
13537	6543
13538	6543
13539	6545
13540	6545
13541	6545
13542	6545
13543	6544
13544	6544
13545	6543
13546	6543
13547	6544
13548	6544
13549	6544
13550	6544
13551	6544
13552	6546
13553	6546
13554	6546
13555	6546
13556	6545
13557	6545
13558	6545
13559	6545
13560	6545
13561	6545
13562	6545
13563	6547
13564	6548
13565	6548
13566	6547
13567	6547
13568	6547
13569	6547
13570	6547
13571	6547
13572	6548
13573	6547
13574	6547
13575	6548
13576	6548
13577	6548
13578	6550
13579	6550
13580	6549
13581	6548
13582	6548
13583	6548
13584	6548
13585	6549
13586	6548
13587	6550
13588	6552
13589	6552
13590	6552
13591	6552
13592	6552
13593	6552
13594	6552
13595	6553
13596	6553
13597	6555
13598	6555
13599	6555
13600	6556
13601	6555
13602	6555
13603	6555
13604	6555
13605	6555
13606	6557
13607	6557
13608	6556
13609	6555
13610	6555
13611	6555
13612	6555
13613	6555
13614	6556
13615	6556
13616	6556
13617	6556
13618	6556
13619	6556
13620	6558
13621	6558
13622	6557
13623	6557
13624	6557
13625	6557
13626	6557
13627	6557
13628	6557
13629	6557
13630	6559
13631	6559
13632	6558
13633	6558
13634	6558
13635	6558
13636	6558
13637	6558
13638	6558
13639	6560
13640	6560
13641	6560
13642	6561
13643	6563
13644	6563
13645	6563
13646	6565
13647	6564
13648	6566
13649	6566
13650	6566
13651	6566
13652	6565
13653	6564
13654	6564
13655	6563
13656	6563
13657	6565
13658	6565
13659	6566
13660	6565
13661	6565
13662	6564
13663	6564
13664	6564
13665	6563
13666	6563
13667	6563
13668	6563
13669	6563
13670	6565
13671	6565
13672	6565
13673	6566
13674	6568
13675	6568
13676	6568
13677	6570
13678	6570
13679	6570
13680	6572
13681	6572
13682	6574
13683	6574
13684	6574
13685	6574
13686	6574
13687	6574
13688	6576
13689	6576
13690	6576
13691	6576
13692	6576
13693	6575
13694	6574
13695	6574
13696	6574
13697	6576
13698	6576
13699	6578
13700	6578
13701	6578
13702	6577
13703	6576
13704	6576
13705	6575
13706	6575
13707	6575
13708	6575
13709	6575
13710	6577
13711	6577
13712	6577
13713	6576
13714	6578
13715	6578
13716	6578
13717	6579
13718	6579
13719	6581
13720	6581
13721	6583
13722	6583
13723	6585
13724	6585
13725	6585
13726	6585
13727	6585
13728	6584
13729	6583
13730	6584
13731	6583
13732	6583
13733	6583
13734	6585
13735	6585
13736	6584
13737	6585
13738	6586
13739	6586
13740	6585
13741	6585
13742	6585
13743	6585
13744	6585
13745	6587
13746	6587
13747	6586
13748	6586
13749	6585
13750	6587
13751	6587
13752	6586
13753	6586
13754	6586
13755	6586
13756	6586
13757	6586
13758	6585
13759	6585
13760	6585
13761	6585
13762	6585
13763	6585
13764	6585
13765	6585
13766	6587
13767	6587
13768	6588
13769	6588
13770	6587
13771	6589
13772	6589
13773	6589
13774	6591
13775	6591
13776	6591
13777	6590
13778	6592
13779	6592
13780	6592
13781	6591
13782	6591
13783	6591
13784	6591
13785	6591
13786	6593
13787	6593
13788	6595
13789	6595
13790	6595
13791	6594
13792	6594
13793	6594
13794	6594
13795	6596
13796	6595
13797	6595
13798	6595
13799	6595
13800	6595
13801	6595
13802	6595
13803	6596
13804	6596
13805	6597
13806	6597
13807	6597
13808	6598
13809	6599
13810	6599
13811	6599
13812	6598
13813	6597
13814	6597
13815	6597
13816	6597
13817	6597
13818	6598
13819	6598
13820	6600
13821	6600
13822	6600
13823	6600
13824	6600
13825	6600
13826	6600
13827	6600
13828	6600
13829	6599
13830	6599
13831	6601
13832	6601
13833	6601
13834	6601
13835	6601
13836	6601
13837	6601
13838	6602
13839	6602
13840	6602
13841	6602
13842	6602
13843	6603
13844	6603
13845	6603
13846	6604
13847	6606
13848	6606
13849	6606
13850	6606
13851	6606
13852	6606
13853	6606
13854	6605
13855	6605
13856	6605
13857	6605
13858	6605
13859	6605
13860	6605
13861	6607
13862	6609
13863	6609
13864	6609
13865	6611
13866	6612
13867	6612
13868	6611
13869	6610
13870	6610
13871	6610
13872	6610
13873	6610
13874	6610
13875	6609
13876	6609
13877	6611
13878	6610
13879	6609
13880	6609
13881	6610
13882	6611
13883	6611
13884	6611
13885	6611
13886	6611
13887	6611
13888	6611
13889	6613
13890	6613
13891	6613
13892	6614
13893	6613
13894	6615
13895	6615
13896	6615
13897	6615
13898	6615
13899	6615
13900	6615
13901	6615
13902	6615
13903	6614
13904	6614
13905	6616
13906	6616
13907	6616
13908	6617
13909	6618
13910	6618
13911	6618
13912	6620
13913	6620
13914	6621
13915	6621
13916	6621
13917	6621
13918	6621
13919	6622
13920	6621
13921	6621
13922	6620
13923	6619
13924	6619
13925	6621
13926	6621
13927	6623
13928	6622
13929	6622
13930	6621
13931	6621
13932	6621
13933	6621
13934	6621
13935	6620
13936	6620
13937	6621
13938	6620
13939	6620
13940	6622
13941	6624
13942	6624
13943	6624
13944	6625
13945	6625
13946	6627
13947	6626
13948	6626
13949	6626
13950	6626
13951	6626
13952	6626
13953	6628
13954	6628
13955	6628
13956	6628
13957	6628
13958	6627
13959	6626
13960	6626
13961	6626
13962	6626
13963	6627
13964	6629
13965	6629
13966	6628
13967	6627
13968	6627
13969	6627
13970	6627
13971	6626
13972	6626
13973	6627
13974	6627
13975	6629
13976	6629
13977	6629
13978	6629
13979	6629
13980	6629
13981	6631
13982	6630
13983	6630
13984	6630
13985	6630
13986	6630
13987	6630
13988	6630
13989	6630
13990	6629
13991	6628
13992	6627
13993	6627
13994	6629
13995	6629
13996	6631
13997	6631
13998	6631
13999	6631
14000	6631
14001	6631
14002	6633
14003	6633
14004	6633
14005	6633
14006	6633
14007	6633
14008	6632
14009	6634
14010	6633
14011	6633
14012	6633
14013	6633
14014	6634
14015	6636
14016	6636
14017	6636
14018	6636
14019	6636
14020	6635
14021	6635
14022	6635
14023	6636
14024	6636
14025	6636
14026	6637
14027	6637
14028	6638
14029	6638
14030	6638
14031	6637
14032	6636
14033	6636
14034	6636
14035	6636
14036	6638
14037	6638
14038	6638
14039	6638
14040	6639
14041	6639
14042	6639
14043	6638
14044	6638
14045	6638
14046	6638
14047	6638
14048	6638
14049	6638
14050	6640
14051	6640
14052	6640
14053	6640
14054	6640
14055	6642
14056	6642
14057	6642
14058	6643
14059	6643
14060	6645
14061	6645
14062	6647
14063	6647
14064	6647
14065	6647
14066	6649
14067	6648
14068	6648
14069	6648
14070	6648
14071	6647
14072	6646
14073	6646
14074	6645
14075	6645
14076	6645
14077	6645
14078	6645
14079	6644
14080	6644
14081	6645
14082	6645
14083	6645
14084	6645
14085	6647
14086	6647
14087	6647
14088	6648
14089	6650
14090	6650
14091	6650
14092	6649
14093	6649
14094	6649
14095	6649
14096	6649
14097	6649
14098	6650
14099	6650
14100	6650
14101	6651
14102	6651
14103	6651
14104	6651
14105	6651
14106	6651
14107	6653
14108	6653
14109	6653
14110	6652
14111	6652
14112	6651
14113	6653
14114	6652
14115	6654
14116	6654
14117	6654
14118	6653
14119	6653
14120	6653
14121	6653
14122	6653
14123	6653
14124	6652
14125	6653
14126	6653
14127	6652
14128	6651
14129	6652
14130	6652
14131	6652
14132	6651
14133	6650
14134	6649
14135	6649
14136	6648
14137	6648
14138	6648
14139	6647
14140	6649
14141	6649
14142	6650
14143	6652
14144	6652
14145	6652
14146	6652
14147	6652
14148	6652
14149	6652
14150	6651
14151	6651
14152	6652
14153	6652
14154	6653
14155	6653
14156	6652
14157	6652
14158	6652
14159	6652
14160	6652
14161	6654
14162	6654
14163	6655
14164	6655
14165	6655
14166	6655
14167	6655
14168	6655
14169	6657
14170	6657
14171	6656
14172	6655
14173	6655
14174	6655
14175	6655
14176	6655
14177	6657
14178	6657
14179	6657
14180	6657
14181	6656
14182	6656
14183	6656
14184	6656
14185	6656
14186	6656
14187	6658
14188	6658
14189	6657
14190	6658
14191	6658
14192	6658
14193	6658
14194	6658
14195	6660
14196	6660
14197	6661
14198	6661
14199	6661
14200	6661
14201	6660
14202	6660
14203	6659
14204	6659
14205	6660
14206	6660
14207	6660
14208	6660
14209	6659
14210	6659
14211	6659
14212	6659
14213	6659
14214	6661
14215	6663
14216	6663
14217	6664
14218	6663
14219	6663
14220	6662
14221	6661
14222	6661
14223	6661
14224	6661
14225	6662
14226	6661
14227	6661
14228	6662
14229	6662
14230	6662
14231	6664
14232	6663
14233	6663
14234	6663
14235	6662
14236	6662
14237	6662
14238	6664
14239	6663
14240	6663
14241	6665
14242	6665
14243	6665
14244	6666
14245	6668
14246	6668
14247	6668
14248	6670
14249	6670
14250	6672
14251	6672
14252	6672
14253	6671
14254	6671
14255	6671
14256	6673
14257	6673
14258	6673
14259	6673
14260	6672
14261	6672
14262	6672
14263	6671
14264	6671
14265	6673
14266	6673
14267	6675
14268	6675
14269	6675
14270	6674
14271	6673
14272	6673
14273	6673
14274	6673
14275	6673
14276	6673
14277	6673
14278	6673
14279	6675
14280	6675
14281	6675
14282	6676
14283	6678
14284	6678
14285	6678
14286	6680
14287	6679
14288	6681
14289	6681
14290	6681
14291	6681
14292	6681
14293	6680
14294	6679
14295	6678
14296	6678
14297	6680
14298	6680
14299	6681
14300	6681
14301	6680
14302	6679
14303	6679
14304	6678
14305	6678
14306	6678
14307	6678
14308	6678
14309	6678
14310	6680
14311	6680
14312	6680
14313	6680
14314	6679
14315	6681
14316	6681
14317	6683
14318	6683
14319	6683
14320	6683
14321	6682
14322	6682
14323	6682
14324	6684
14325	6683
14326	6683
14327	6683
14328	6683
14329	6683
14330	6683
14331	6683
14332	6684
14333	6684
14334	6685
14335	6685
14336	6685
14337	6686
14338	6687
14339	6687
14340	6687
14341	6686
14342	6686
14343	6686
14344	6686
14345	6686
14346	6688
14347	6688
14348	6690
14349	6690
14350	6690
14351	6689
14352	6689
14353	6691
14354	6691
14355	6692
14356	6692
14357	6694
14358	6694
14359	6696
14360	6696
14361	6696
14362	6696
14363	6696
14364	6695
14365	6694
14366	6695
14367	6695
14368	6694
14369	6694
14370	6694
14371	6694
14372	6694
14373	6696
14374	6696
14375	6697
14376	6696
14377	6696
14378	6698
14379	6698
14380	6697
14381	6698
14382	6697
14383	6697
14384	6697
14385	6696
14386	6698
14387	6698
14388	6698
14389	6698
14390	6698
14391	6697
14392	6697
14393	6697
14394	6697
14395	6697
14396	6697
14397	6697
14398	6699
14399	6698
14400	6698
14401	6698
14402	6698
14403	6699
14404	6698
14405	6698
14406	6697
14407	6699
14408	6699
14409	6699
14410	6701
14411	6700
14412	6699
14413	6699
14414	6699
14415	6699
14416	6699
14417	6700
14418	6700
14419	6702
14420	6702
14421	6702
14422	6702
14423	6702
14424	6702
14425	6702
14426	6702
14427	6702
14428	6701
14429	6701
14430	6703
14431	6703
14432	6704
14433	6704
14434	6704
14435	6704
14436	6704
14437	6704
14438	6704
14439	6704
14440	6705
14441	6704
14442	6704
14443	6704
14444	6704
14445	6705
14446	6707
14447	6707
14448	6707
14449	6707
14450	6707
14451	6707
14452	6706
14453	6706
14454	6708
14455	6708
14456	6708
14457	6710
14458	6711
14459	6711
14460	6710
14461	6709
14462	6709
14463	6709
14464	6709
14465	6708
14466	6708
14467	6708
14468	6708
14469	6710
14470	6710
14471	6710
14472	6710
14473	6710
14474	6710
14475	6710
14476	6712
14477	6712
14478	6712
14479	6712
14480	6712
14481	6712
14482	6712
14483	6714
14484	6714
14485	6716
14486	6716
14487	6716
14488	6717
14489	6718
14490	6717
14491	6717
14492	6717
14493	6716
14494	6716
14495	6715
14496	6715
14497	6715
14498	6715
14499	6715
14500	6714
14501	6714
14502	6714
14503	6715
14504	6716
14505	6716
14506	6716
14507	6718
14508	6718
14509	6718
14510	6719
14511	6719
14512	6721
14513	6720
14514	6720
14515	6720
14516	6719
14517	6721
14518	6721
14519	6721
14520	6721
14521	6721
14522	6721
14523	6722
14524	6721
14525	6723
14526	6722
14527	6722
14528	6722
14529	6721
14530	6721
14531	6721
14532	6721
14533	6720
14534	6721
14535	6720
14536	6720
14537	6720
14538	6722
14539	6724
14540	6724
14541	6724
14542	6726
14543	6726
14544	6727
14545	6727
14546	6726
14547	6726
14548	6726
14549	6725
14550	6725
14551	6727
14552	6727
14553	6726
14554	6725
14555	6725
14556	6724
14557	6724
14558	6724
14559	6724
14560	6725
14561	6727
14562	6727
14563	6727
14564	6727
14565	6727
14566	6727
14567	6727
14568	6729
14569	6729
14570	6728
14571	6728
14572	6728
14573	6728
14574	6728
14575	6730
14576	6729
14577	6729
14578	6729
14579	6729
14580	6729
14581	6731
14582	6731
14583	6731
14584	6731
14585	6733
14586	6733
14587	6733
14588	6733
14589	6733
14590	6733
14591	6732
14592	6732
14593	6732
14594	6734
14595	6734
14596	6734
14597	6733
14598	6732
14599	6732
14600	6731
14601	6731
14602	6733
14603	6733
14604	6732
14605	6732
14606	6732
14607	6733
14608	6735
14609	6735
14610	6735
14611	6734
14612	6734
14613	6734
14614	6734
14615	6734
14616	6734
14617	6735
14618	6735
14619	6735
14620	6736
14621	6737
14622	6737
14623	6738
14624	6739
14625	6738
14626	6738
14627	6739
14628	6739
14629	6740
14630	6741
14631	6742
14632	6742
14633	6743
14634	6744
14635	6744
14636	6745
14637	6746
14638	6747
14639	6747
14640	6748
14641	6749
14642	6750
14643	6751
14644	6752
14645	6753
14646	6754
14647	6755
14648	6755
14649	6756
14650	6757
14651	6758
14652	6759
14653	6760
14654	6761
14655	6761
14656	6761
14657	6762
14658	6762
14659	6763
14660	6763
14661	6763
14662	6764
14663	6765
14664	6765
14665	6766
14666	6766
14667	6767
14668	6768
14669	6769
14670	6770
14671	6771
14672	6772
14673	6773
14674	6773
14675	6774
14676	6774
14677	6774
14678	6775
14679	6776
14680	6777
14681	6778
14682	6779
14683	6780
14684	6781
14685	6782
14686	6782
14687	6783
14688	6784
14689	6785
14690	6786
14691	6787
14692	6787
14693	6788
14694	6789
14695	6790
14696	6791
14697	6792
14698	6793
14699	6794
14700	6795
14701	6796
14702	6797
14703	6798
14704	6799
14705	6800
14706	6801
14707	6802
14708	6802
14709	6803
14710	6804
14711	6805
14712	6806
14713	6807
14714	6808
14715	6809
14716	6810
14717	6811
14718	6811
14719	6812
14720	6813
14721	6814
14722	6815
14723	6816
14724	6817
14725	6818
14726	6819
14727	6820
14728	6821
14729	6821
14730	6822
14731	6823
14732	6824
14733	6825
14734	6826
14735	6827
14736	6828
14737	6829
14738	6829
14739	6830
14740	6831
14741	6831
14742	6832
14743	6832
14744	6832
14745	6832
14746	6832
14747	6833
14748	6833
14749	6833
14750	6834
14751	6835
14752	6835
14753	6836
14754	6837
14755	6838
14756	6839
14757	6840
14758	6841
14759	6842
14760	6843
14761	6843
14762	6844
14763	6845
14764	6846
14765	6847
14766	6848
14767	6847
14768	6848
14769	6848
14770	6848
14771	6848
14772	6849
14773	6849
14774	6848
14775	6849
14776	6850
14777	6851
14778	6852
14779	6852
14780	6853
14781	6854
14782	6854
14783	6855
14784	6856
14785	6857
14786	6857
14787	6858
14788	6859
14789	6860
14790	6860
14791	6861
14792	6862
14793	6863
14794	6863
14795	6863
14796	6864
14797	6865
14798	6866
14799	6866
14800	6866
14801	6867
14802	6868
14803	6869
14804	6870
14805	6871
14806	6872
14807	6872
14808	6873
14809	6873
14810	6874
14811	6875
14812	6876
14813	6877
14814	6878
14815	6879
14816	6880
14817	6881
14818	6882
14819	6882
14820	6883
14821	6884
14822	6885
14823	6886
14824	6886
14825	6887
14826	6888
14827	6888
14828	6889
14829	6890
14830	6891
14831	6891
14832	6892
14833	6893
14834	6894
14835	6895
14836	6894
14837	6895
14838	6896
14839	6896
14840	6897
14841	6898
14842	6899
14843	6900
14844	6901
14845	6901
14846	6901
14847	6901
14848	6902
14849	6903
14850	6904
14851	6905
14852	6905
14853	6906
14854	6906
14855	6907
14856	6908
14857	6909
14858	6910
14859	6910
14860	6911
14861	6912
14862	6913
14863	6914
14864	6915
14865	6916
14866	6917
14867	6918
14868	6919
14869	6920
14870	6921
14871	6922
14872	6923
14873	6924
14874	6925
14875	6926
14876	6927
14877	6928
14878	6929
14879	6930
14880	6931
14881	6932
14882	6933
14883	6934
14884	6935
14885	6936
14886	6936
14887	6937
14888	6938
14889	6939
14890	6940
14891	6941
14892	6942
14893	6942
14894	6943
14895	6944
14896	6945
14897	6946
14898	6946
14899	6947
14900	6948
14901	6949
14902	6950
14903	6951
14904	6952
14905	6953
14906	6954
14907	6954
14908	6955
14909	6956
14910	6957
14911	6958
14912	6959
14913	6959
14914	6960
14915	6961
14916	6962
14917	6963
14918	6964
14919	6964
14920	6965
14921	6966
14922	6967
14923	6968
14924	6968
14925	6969
14926	6970
14927	6971
14928	6972
14929	6972
14930	6973
14931	6974
14932	6975
14933	6976
14934	6976
14935	6977
14936	6978
14937	6979
14938	6980
14939	6981
14940	6982
14941	6982
14942	6983
14943	6984
14944	6985
14945	6986
14946	6987
14947	6987
14948	6987
14949	6988
14950	6988
14951	6987
14952	6987
14953	6988
14954	6989
14955	6990
14956	6991
14957	6992
14958	6992
14959	6992
14960	6993
14961	6993
14962	6994
14963	6995
14964	6996
14965	6997
14966	6997
14967	6998
14968	6999
14969	7000
14970	7001
14971	7001
14972	7002
14973	7002
14974	7002
14975	7002
14976	7003
14977	7003
14978	7004
14979	7005
14980	7006
14981	7007
14982	7008
14983	7009
14984	7010
14985	7011
14986	7011
14987	7012
14988	7013
14989	7014
14990	7015
14991	7016
14992	7017
14993	7018
14994	7019
14995	7019
14996	7020
14997	7021
14998	7022
14999	7023
15000	7024
15001	7025
15002	7026
15003	7027
15004	7026
15005	7027
15006	7028
15007	7028
15008	7029
15009	7029
15010	7029
15011	7030
15012	7031
15013	7032
15014	7033
15015	7034
15016	7035
15017	7035
15018	7036
15019	7037
15020	7038
15021	7039
15022	7039
15023	7040
15024	7041
15025	7041
15026	7041
15027	7042
15028	7043
15029	7043
15030	7044
15031	7045
15032	7046
15033	7047
15034	7048
15035	7048
15036	7049
15037	7049
15038	7050
15039	7051
15040	7052
15041	7052
15042	7053
15043	7054
15044	7055
15045	7056
15046	7057
15047	7058
15048	7058
15049	7059
15050	7060
15051	7060
15052	7061
15053	7062
15054	7063
15055	7064
15056	7064
15057	7065
15058	7065
15059	7066
15060	7065
15061	7066
15062	7067
15063	7068
15064	7069
15065	7070
15066	7070
15067	7071
15068	7072
15069	7073
15070	7074
15071	7074
15072	7075
15073	7076
15074	7077
15075	7077
15076	7078
15077	7079
15078	7079
15079	7080
15080	7080
15081	7081
15082	7082
15083	7083
15084	7084
15085	7085
15086	7085
15087	7086
15088	7087
15089	7088
15090	7089
15091	7089
15092	7089
15093	7090
15094	7091
15095	7092
15096	7093
15097	7094
15098	7095
15099	7096
15100	7097
15101	7098
15102	7099
15103	7100
15104	7101
15105	7102
15106	7103
15107	7104
15108	7105
15109	7106
15110	7106
15111	7107
15112	7108
15113	7109
15114	7110
15115	7111
15116	7112
15117	7113
15118	7114
15119	7115
15120	7115
15121	7115
15122	7116
15123	7117
15124	7118
15125	7118
15126	7119
15127	7119
15128	7120
15129	7121
15130	7122
15131	7123
15132	7124
15133	7125
15134	7126
15135	7127
15136	7128
15137	7128
15138	7129
15139	7130
15140	7131
15141	7131
15142	7132
15143	7132
15144	7133
15145	7133
15146	7134
15147	7135
15148	7135
15149	7136
15150	7137
15151	7137
15152	7138
15153	7139
15154	7140
15155	7141
15156	7142
15157	7142
15158	7143
15159	7144
15160	7144
15161	7144
15162	7145
15163	7146
15164	7145
15165	7146
15166	7147
15167	7147
15168	7148
15169	7149
15170	7149
15171	7150
15172	7151
15173	7152
15174	7152
15175	7152
15176	7152
15177	7153
15178	7154
15179	7155
15180	7156
15181	7156
15182	7155
15183	7156
15184	7156
15185	7157
15186	7157
15187	7158
15188	7159
15189	7160
15190	7161
15191	7162
15192	7163
15193	7164
15194	7164
15195	7165
15196	7166
15197	7167
15198	7168
15199	7169
15200	7170
15201	7170
15202	7170
15203	7171
15204	7172
15205	7172
15206	7172
15207	7173
15208	7174
15209	7175
15210	7176
15211	7176
15212	7176
15213	7177
15214	7178
15215	7178
15216	7179
15217	7179
15218	7179
15219	7180
15220	7181
15221	7182
15222	7183
15223	7184
15224	7185
15225	7186
15226	7187
15227	7187
15228	7187
15229	7188
15230	7189
15231	7188
15232	7189
15233	7190
15234	7191
15235	7192
15236	7193
15237	7194
15238	7195
15239	7195
15240	7196
15241	7196
15242	7197
15243	7198
15244	7199
15245	7199
15246	7200
15247	7200
15248	7200
15249	7201
15250	7202
15251	7202
15252	7203
15253	7204
15254	7205
15255	7206
15256	7207
15257	7208
15258	7208
15259	7208
15260	7209
15261	7210
15262	7211
15263	7212
15264	7213
15265	7214
15266	7215
15267	7216
15268	7217
15269	7217
15270	7217
15271	7218
15272	7219
15273	7219
15274	7220
15275	7221
15276	7222
15277	7223
15278	7223
15279	7224
15280	7225
15281	7225
15282	7226
15283	7227
15284	7227
15285	7228
15286	7228
15287	7229
15288	7230
15289	7231
15290	7232
15291	7233
15292	7234
15293	7235
15294	7236
15295	7237
15296	7237
15297	7237
15298	7238
15299	7238
15300	7239
15301	7240
15302	7241
15303	7242
15304	7243
15305	7244
15306	7245
15307	7246
15308	7247
15309	7248
15310	7248
15311	7249
15312	7249
15313	7250
15314	7251
15315	7252
15316	7253
15317	7254
15318	7255
15319	7256
15320	7257
15321	7257
15322	7258
15323	7259
15324	7259
15325	7260
15326	7260
15327	7261
15328	7262
15329	7262
15330	7263
15331	7263
15332	7264
15333	7265
15334	7266
15335	7267
15336	7268
15337	7268
15338	7269
15339	7268
15340	7269
15341	7270
15342	7271
15343	7272
15344	7273
15345	7274
15346	7274
15347	7274
15348	7275
15349	7276
15350	7277
15351	7277
15352	7278
15353	7279
15354	7279
15355	7280
15356	7281
15357	7282
15358	7282
15359	7282
15360	7282
15361	7283
15362	7284
15363	7284
15364	7284
15365	7285
15366	7286
15367	7287
15368	7288
15369	7289
15370	7290
15371	7291
15372	7292
15373	7293
15374	7294
15375	7295
15376	7295
15377	7295
15378	7296
15379	7297
15380	7298
15381	7299
15382	7300
15383	7301
15384	7302
15385	7302
15386	7302
15387	7303
15388	7304
15389	7305
15390	7305
15391	7306
15392	7307
15393	7308
15394	7308
15395	7308
15396	7309
15397	7310
15398	7310
15399	7311
15400	7312
15401	7312
15402	7312
15403	7313
15404	7313
15405	7314
15406	7314
15407	7314
15408	7315
15409	7316
15410	7317
15411	7318
15412	7319
15413	7320
15414	7321
15415	7322
15416	7323
15417	7324
15418	7325
15419	7326
15420	7327
15421	7328
15422	7328
15423	7328
15424	7329
15425	7329
15426	7330
15427	7331
15428	7332
15429	7332
15430	7333
15431	7334
15432	7335
15433	7335
15434	7336
15435	7337
15436	7338
15437	7339
15438	7340
15439	7340
15440	7341
15441	7342
15442	7343
15443	7343
15444	7344
15445	7345
15446	7346
15447	7345
15448	7346
15449	7347
15450	7347
15451	7348
15452	7349
15453	7350
15454	7350
15455	7351
15456	7352
15457	7353
15458	7354
15459	7355
15460	7356
15461	7357
15462	7357
15463	7357
15464	7357
15465	7358
15466	7358
15467	7359
15468	7358
15469	7359
15470	7360
15471	7361
15472	7362
15473	7363
15474	7364
15475	7365
15476	7365
15477	7366
15478	7365
15479	7366
15480	7367
15481	7368
15482	7368
15483	7368
15484	7369
15485	7369
15486	7370
15487	7371
15488	7372
15489	7373
15490	7373
15491	7373
15492	7373
15493	7374
15494	7374
15495	7375
15496	7376
15497	7376
15498	7376
15499	7376
15500	7376
15501	7376
15502	7377
15503	7377
15504	7378
15505	7379
15506	7379
15507	7380
15508	7381
15509	7382
15510	7383
15511	7383
15512	7384
15513	7384
15514	7385
15515	7386
15516	7387
15517	7388
15518	7389
15519	7390
15520	7390
15521	7391
15522	7392
15523	7392
15524	7392
15525	7392
15526	7393
15527	7394
15528	7395
15529	7396
15530	7396
15531	7397
15532	7398
15533	7399
15534	7400
15535	7401
15536	7402
15537	7403
15538	7403
15539	7404
15540	7405
15541	7405
15542	7406
15543	7407
15544	7408
15545	7409
15546	7410
15547	7411
15548	7411
15549	7412
15550	7413
15551	7414
15552	7414
15553	7414
15554	7415
15555	7416
15556	7417
15557	7418
15558	7419
15559	7419
15560	7420
15561	7421
15562	7422
15563	7423
15564	7424
15565	7424
15566	7425
15567	7426
15568	7427
15569	7427
15570	7428
15571	7428
15572	7429
15573	7430
15574	7431
15575	7432
15576	7433
15577	7434
15578	7434
15579	7435
15580	7436
15581	7437
15582	7438
15583	7439
15584	7439
15585	7440
15586	7441
15587	7442
15588	7443
15589	7444
15590	7445
15591	7446
15592	7446
15593	7447
15594	7448
15595	7449
15596	7450
15597	7451
15598	7452
15599	7452
15600	7453
15601	7454
15602	7455
15603	7455
15604	7455
15605	7456
15606	7457
15607	7458
15608	7459
15609	7460
15610	7461
15611	7462
15612	7462
15613	7462
15614	7463
15615	7464
15616	7464
15617	7464
15618	7465
15619	7466
15620	7466
15621	7467
15622	7468
15623	7469
15624	7470
15625	7471
15626	7471
15627	7471
15628	7472
15629	7473
15630	7474
15631	7475
15632	7475
15633	7476
15634	7477
15635	7478
15636	7478
15637	7479
15638	7480
15639	7480
15640	7481
15641	7482
15642	7483
15643	7484
15644	7485
15645	7486
15646	7486
15647	7486
15648	7487
15649	7487
15650	7488
15651	7489
15652	7490
15653	7490
15654	7491
15655	7492
15656	7493
15657	7494
15658	7494
15659	7494
15660	7495
15661	7495
15662	7496
15663	7497
15664	7497
15665	7498
15666	7499
15667	7500
15668	7501
15669	7502
15670	7503
15671	7504
15672	7504
15673	7505
15674	7506
15675	7507
15676	7508
15677	7509
15678	7510
15679	7511
15680	7512
15681	7513
15682	7514
15683	7515
15684	7516
15685	7517
15686	7518
15687	7519
15688	7520
15689	7521
15690	7521
15691	7522
15692	7523
15693	7524
15694	7525
15695	7525
15696	7525
15697	7526
15698	7527
15699	7528
15700	7529
15701	7530
15702	7531
15703	7532
15704	7533
15705	7534
15706	7534
15707	7535
15708	7536
15709	7537
15710	7537
15711	7537
15712	7538
15713	7539
15714	7540
15715	7541
15716	7542
15717	7543
15718	7544
15719	7545
15720	7546
15721	7547
15722	7548
15723	7549
15724	7549
15725	7550
15726	7551
15727	7552
15728	7553
15729	7553
15730	7553
15731	7554
15732	7554
15733	7554
15734	7554
15735	7555
15736	7555
15737	7555
15738	7555
15739	7555
15740	7555
15741	7555
15742	7556
15743	7557
15744	7558
15745	7558
15746	7559
15747	7559
15748	7560
15749	7561
15750	7562
15751	7563
15752	7564
15753	7563
15754	7564
15755	7564
15756	7565
15757	7566
15758	7567
15759	7568
15760	7569
15761	7570
15762	7570
15763	7570
15764	7569
15765	7570
15766	7571
15767	7572
15768	7573
15769	7573
15770	7574
15771	7574
15772	7574
15773	7575
15774	7576
15775	7576
15776	7577
15777	7578
15778	7579
15779	7579
15780	7580
15781	7581
15782	7581
15783	7582
15784	7583
15785	7584
15786	7585
15787	7586
15788	7587
15789	7588
15790	7589
15791	7589
15792	7589
15793	7590
15794	7590
15795	7591
15796	7591
15797	7592
15798	7592
15799	7593
15800	7593
15801	7594
15802	7595
15803	7596
15804	7597
15805	7598
15806	7599
15807	7600
15808	7601
15809	7602
15810	7603
15811	7603
15812	7604
15813	7605
15814	7605
15815	7606
15816	7607
15817	7608
15818	7609
15819	7609
15820	7610
15821	7611
15822	7611
15823	7612
15824	7613
15825	7614
15826	7615
15827	7616
15828	7617
15829	7618
15830	7619
15831	7619
15832	7620
15833	7621
15834	7621
15835	7622
15836	7623
15837	7624
15838	7624
15839	7625
15840	7626
15841	7627
15842	7628
15843	7629
15844	7630
15845	7630
15846	7631
15847	7632
15848	7633
15849	7633
15850	7634
15851	7634
15852	7634
15853	7635
15854	7635
15855	7635
15856	7636
15857	7636
15858	7637
15859	7638
15860	7639
15861	7640
15862	7641
15863	7641
15864	7642
15865	7643
15866	7644
15867	7645
15868	7646
15869	7647
15870	7647
15871	7648
15872	7649
15873	7650
15874	7651
15875	7652
15876	7653
15877	7654
15878	7655
15879	7655
15880	7656
15881	7657
15882	7658
15883	7659
15884	7660
15885	7661
15886	7662
15887	7663
15888	7664
15889	7665
15890	7666
15891	7667
15892	7668
15893	7669
15894	7670
15895	7671
15896	7671
15897	7672
15898	7673
15899	7674
15900	7675
15901	7676
15902	7677
15903	7677
15904	7678
15905	7679
15906	7680
15907	7681
15908	7681
15909	7682
15910	7683
15911	7683
15912	7684
15913	7685
15914	7686
15915	7687
15916	7688
15917	7689
15918	7690
15919	7690
15920	7691
15921	7692
15922	7692
15923	7693
15924	7694
15925	7695
15926	7696
15927	7697
15928	7698
15929	7699
15930	7700
15931	7701
15932	7702
15933	7703
15934	7703
15935	7703
15936	7702
15937	7703
15938	7703
15939	7704
15940	7704
15941	7703
15942	7704
15943	7705
15944	7706
15945	7707
15946	7708
15947	7708
15948	7708
15949	7709
15950	7710
15951	7711
15952	7711
15953	7712
15954	7713
15955	7714
15956	7715
15957	7715
15958	7716
15959	7716
15960	7717
15961	7717
15962	7718
15963	7718
15964	7719
15965	7719
15966	7720
15967	7721
15968	7722
15969	7723
15970	7723
15971	7724
15972	7725
15973	7726
15974	7727
15975	7728
15976	7729
15977	7730
15978	7731
15979	7732
15980	7733
15981	7734
15982	7735
15983	7736
15984	7736
15985	7737
15986	7737
15987	7738
15988	7739
15989	7740
15990	7741
15991	7742
15992	7743
15993	7742
15994	7743
15995	7744
15996	7744
15997	7744
15998	7744
15999	7745
16000	7746
16001	7747
16002	7748
16003	7749
16004	7749
16005	7750
16006	7751
16007	7752
16008	7753
16009	7753
16010	7754
16011	7755
16012	7756
16013	7756
16014	7756
16015	7757
16016	7758
16017	7759
16018	7759
16019	7760
16020	7761
16021	7762
16022	7763
16023	7764
16024	7764
16025	7765
16026	7766
16027	7767
16028	7768
16029	7769
16030	7770
16031	7770
16032	7770
16033	7771
16034	7772
16035	7772
16036	7773
16037	7774
16038	7774
16039	7773
16040	7774
16041	7775
16042	7775
16043	7775
16044	7776
16045	7777
16046	7778
16047	7779
16048	7779
16049	7779
16050	7780
16051	7781
16052	7782
16053	7783
16054	7784
16055	7785
16056	7786
16057	7786
16058	7787
16059	7788
16060	7788
16061	7788
16062	7788
16063	7789
16064	7790
16065	7790
16066	7791
16067	7792
16068	7792
16069	7793
16070	7793
16071	7793
16072	7794
16073	7795
16074	7796
16075	7797
16076	7798
16077	7799
16078	7800
16079	7801
16080	7802
16081	7802
16082	7803
16083	7803
16084	7803
16085	7804
16086	7805
16087	7806
16088	7807
16089	7808
16090	7809
16091	7810
16092	7811
16093	7812
16094	7813
16095	7813
16096	7814
16097	7815
16098	7816
16099	7816
16100	7817
16101	7818
16102	7818
16103	7819
16104	7819
16105	7820
16106	7821
16107	7821
16108	7822
16109	7823
16110	7824
16111	7824
16112	7825
16113	7826
16114	7825
16115	7826
16116	7827
16117	7827
16118	7828
16119	7829
16120	7828
16121	7829
16122	7830
16123	7831
16124	7832
16125	7833
16126	7834
16127	7835
16128	7836
16129	7837
16130	7837
16131	7838
16132	7839
16133	7840
16134	7840
16135	7841
16136	7841
16137	7842
16138	7842
16139	7841
16140	7841
16141	7842
16142	7842
16143	7841
16144	7842
16145	7843
16146	7844
16147	7845
16148	7846
16149	7847
16150	7847
16151	7848
16152	7848
16153	7849
16154	7849
16155	7850
16156	7849
16157	7850
16158	7851
16159	7852
16160	7852
16161	7853
16162	7854
16163	7855
16164	7855
16165	7856
16166	7856
16167	7857
16168	7858
16169	7859
16170	7860
16171	7861
16172	7861
16173	7861
16174	7862
16175	7863
16176	7863
16177	7864
16178	7865
16179	7866
16180	7866
16181	7867
16182	7868
16183	7869
16184	7870
16185	7871
16186	7872
16187	7873
16188	7874
16189	7875
16190	7876
16191	7877
16192	7878
16193	7879
16194	7880
16195	7880
16196	7881
16197	7882
16198	7883
16199	7884
16200	7885
16201	7886
16202	7887
16203	7888
16204	7889
16205	7890
16206	7891
16207	7892
16208	7892
16209	7892
16210	7893
16211	7894
16212	7895
16213	7895
16214	7896
16215	7896
16216	7896
16217	7897
16218	7898
16219	7899
16220	7900
16221	7901
16222	7902
16223	7903
16224	7902
16225	7902
16226	7903
16227	7904
16228	7904
16229	7904
16230	7905
16231	7905
16232	7905
16233	7905
16234	7906
16235	7907
16236	7908
16237	7909
16238	7910
16239	7911
16240	7912
16241	7913
16242	7914
16243	7915
16244	7915
16245	7916
16246	7916
16247	7917
16248	7918
16249	7919
16250	7919
16251	7920
16252	7921
16253	7922
16254	7923
16255	7924
16256	7924
16257	7925
16258	7926
16259	7927
16260	7928
16261	7928
16262	7929
16263	7930
16264	7930
16265	7930
16266	7931
16267	7932
16268	7933
16269	7934
16270	7935
16271	7936
16272	7935
16273	7936
16274	7936
16275	7937
16276	7937
16277	7938
16278	7939
16279	7939
16280	7940
16281	7941
16282	7942
16283	7943
16284	7944
16285	7945
16286	7945
16287	7945
16288	7946
16289	7947
16290	7948
16291	7949
16292	7950
16293	7951
16294	7952
16295	7953
16296	7953
16297	7953
16298	7953
16299	7954
16300	7955
16301	7956
16302	7957
16303	7958
16304	7959
16305	7960
16306	7960
16307	7961
16308	7962
16309	7962
16310	7963
16311	7964
16312	7964
16313	7964
16314	7965
16315	7966
16316	7967
16317	7968
16318	7969
16319	7970
16320	7971
16321	7972
16322	7973
16323	7973
16324	7973
16325	7974
16326	7975
16327	7975
16328	7976
16329	7977
16330	7978
16331	7978
16332	7978
16333	7979
16334	7979
16335	7979
16336	7980
16337	7980
16338	7981
16339	7982
16340	7983
16341	7984
16342	7985
16343	7986
16344	7987
16345	7988
16346	7989
16347	7990
16348	7991
16349	7992
16350	7993
16351	7994
16352	7994
16353	7995
16354	7996
16355	7997
16356	7998
16357	7999
16358	8000
16359	8000
16360	8000
16361	8000
16362	8001
16363	8002
16364	8003
16365	8004
16366	8004
16367	8005
16368	8005
16369	8006
16370	8007
16371	8008
16372	8009
16373	8009
16374	8010
16375	8011
16376	8012
16377	8013
16378	8014
16379	8014
16380	8015
16381	8016
16382	8016
16383	8016
16384	8017
16385	8018
16386	8017
16387	8018
16388	8019
16389	8020
16390	8020
16391	8021
16392	8021
16393	8022
16394	8023
16395	8023
16396	8024
16397	8025
16398	8026
16399	8026
16400	8027
16401	8028
16402	8029
16403	8030
16404	8030
16405	8031
16406	8032
16407	8033
16408	8034
16409	8033
16410	8034
16411	8035
16412	8036
16413	8036
16414	8036
16415	8037
16416	8037
16417	8038
16418	8039
16419	8040
16420	8041
16421	8042
16422	8043
16423	8043
16424	8043
16425	8044
16426	8045
16427	8045
16428	8046
16429	8046
16430	8045
16431	8046
16432	8047
16433	8048
16434	8048
16435	8049
16436	8050
16437	8050
16438	8051
16439	8052
16440	8053
16441	8054
16442	8055
16443	8056
16444	8057
16445	8058
16446	8059
16447	8060
16448	8060
16449	8061
16450	8061
16451	8062
16452	8063
16453	8064
16454	8065
16455	8066
16456	8066
16457	8067
16458	8068
16459	8068
16460	8069
16461	8070
16462	8071
16463	8072
16464	8072
16465	8072
16466	8072
16467	8073
16468	8073
16469	8073
16470	8073
16471	8074
16472	8075
16473	8075
16474	8076
16475	8077
16476	8077
16477	8078
16478	8079
16479	8080
16480	8080
16481	8081
16482	8082
16483	8082
16484	8082
16485	8083
16486	8084
16487	8085
16488	8086
16489	8087
16490	8088
16491	8089
16492	8090
16493	8091
16494	8092
16495	8093
16496	8093
16497	8094
16498	8095
16499	8096
16500	8097
16501	8098
16502	8099
16503	8099
16504	8100
16505	8101
16506	8102
16507	8103
16508	8103
16509	8104
16510	8105
16511	8106
16512	8107
16513	8108
16514	8109
16515	8109
16516	8110
16517	8110
16518	8110
16519	8111
16520	8111
16521	8112
16522	8113
16523	8114
16524	8115
16525	8115
16526	8116
16527	8117
16528	8118
16529	8119
16530	8120
16531	8121
16532	8121
16533	8122
16534	8123
16535	8123
16536	8123
16537	8124
16538	8125
16539	8126
16540	8127
16541	8128
16542	8129
16543	8129
16544	8130
16545	8131
16546	8132
16547	8133
16548	8134
16549	8135
16550	8136
16551	8137
16552	8138
16553	8139
16554	8140
16555	8141
16556	8141
16557	8142
16558	8143
16559	8144
16560	8145
16561	8146
16562	8147
16563	8147
16564	8147
16565	8148
16566	8149
16567	8149
16568	8150
16569	8151
16570	8152
16571	8153
16572	8154
16573	8155
16574	8156
16575	8157
16576	8157
16577	8157
16578	8158
16579	8158
16580	8159
16581	8160
16582	8161
16583	8162
16584	8162
16585	8163
16586	8164
16587	8165
16588	8164
16589	8165
16590	8166
16591	8167
16592	8168
16593	8168
16594	8169
16595	8169
16596	8170
16597	8171
16598	8172
16599	8173
16600	8174
16601	8174
16602	8174
16603	8175
16604	8176
16605	8177
16606	8178
16607	8179
16608	8180
16609	8181
16610	8182
16611	8182
16612	8183
16613	8183
16614	8184
16615	8184
16616	8185
16617	8186
16618	8187
16619	8188
16620	8188
16621	8188
16622	8189
16623	8190
16624	8191
16625	8191
16626	8192
16627	8193
16628	8193
16629	8194
16630	8194
16631	8195
16632	8196
16633	8197
16634	8197
16635	8198
16636	8199
16637	8199
16638	8200
16639	8201
16640	8202
16641	8203
16642	8203
16643	8204
16644	8204
16645	8204
16646	8205
16647	8206
16648	8207
16649	8208
16650	8209
16651	8210
16652	8209
16653	8210
16654	8210
16655	8211
16656	8212
16657	8213
16658	8213
16659	8213
16660	8214
16661	8215
16662	8216
16663	8216
16664	8216
16665	8217
16666	8217
16667	8218
16668	8219
16669	8220
16670	8221
16671	8222
16672	8222
16673	8222
16674	8222
16675	8223
16676	8224
16677	8225
16678	8226
16679	8226
16680	8227
16681	8228
16682	8228
16683	8229
16684	8230
16685	8231
16686	8232
16687	8233
16688	8234
16689	8235
16690	8236
16691	8237
16692	8237
16693	8238
16694	8239
16695	8239
16696	8240
16697	8241
16698	8242
16699	8243
16700	8244
16701	8245
16702	8245
16703	8246
16704	8247
16705	8248
16706	8249
16707	8250
16708	8251
16709	8252
16710	8253
16711	8253
16712	8253
16713	8254
16714	8254
16715	8254
16716	8255
16717	8255
16718	8256
16719	8256
16720	8256
16721	8257
16722	8258
16723	8258
16724	8258
16725	8259
16726	8259
16727	8259
16728	8259
16729	8260
16730	8261
16731	8262
16732	8263
16733	8264
16734	8263
16735	8264
16736	8264
16737	8265
16738	8266
16739	8267
16740	8268
16741	8269
16742	8270
16743	8271
16744	8272
16745	8272
16746	8273
16747	8273
16748	8273
16749	8274
16750	8275
16751	8276
16752	8277
16753	8278
16754	8279
16755	8280
16756	8281
16757	8282
16758	8281
16759	8282
16760	8282
16761	8283
16762	8283
16763	8284
16764	8284
16765	8285
16766	8285
16767	8286
16768	8286
16769	8286
16770	8286
16771	8287
16772	8288
16773	8289
16774	8290
16775	8291
16776	8292
16777	8293
16778	8294
16779	8295
16780	8295
16781	8296
16782	8296
16783	8297
16784	8298
16785	8298
16786	8299
16787	8300
16788	8301
16789	8301
16790	8300
16791	8301
16792	8300
16793	8301
16794	8302
16795	8303
16796	8304
16797	8304
16798	8305
16799	8306
16800	8306
16801	8307
16802	8308
16803	8309
16804	8309
16805	8310
16806	8310
16807	8311
16808	8310
16809	8310
16810	8311
16811	8311
16812	8312
16813	8313
16814	8313
16815	8314
16816	8315
16817	8316
16818	8317
16819	8318
16820	8318
16821	8319
16822	8320
16823	8321
16824	8321
16825	8322
16826	8323
16827	8324
16828	8325
16829	8325
16830	8326
16831	8327
16832	8327
16833	8328
16834	8329
16835	8329
16836	8330
16837	8331
16838	8332
16839	8333
16840	8334
16841	8334
16842	8335
16843	8335
16844	8336
16845	8337
16846	8338
16847	8338
16848	8339
16849	8340
16850	8340
16851	8341
16852	8342
16853	8343
16854	8344
16855	8345
16856	8344
16857	8345
16858	8346
16859	8347
16860	8347
16861	8348
16862	8349
16863	8350
16864	8350
16865	8351
16866	8352
16867	8353
16868	8353
16869	8354
16870	8354
16871	8354
16872	8354
16873	8355
16874	8355
16875	8356
16876	8357
16877	8358
16878	8359
16879	8360
16880	8361
16881	8362
16882	8363
16883	8363
16884	8364
16885	8364
16886	8364
16887	8365
16888	8365
16889	8366
16890	8367
16891	8368
16892	8368
16893	8369
16894	8370
16895	8371
16896	8372
16897	8373
16898	8374
16899	8375
16900	8376
16901	8377
16902	8378
16903	8379
16904	8380
16905	8380
16906	8381
16907	8382
16908	8382
16909	8382
16910	8383
16911	8384
16912	8384
16913	8385
16914	8386
16915	8387
16916	8387
16917	8387
16918	8388
16919	8388
16920	8387
16921	8388
16922	8389
16923	8390
16924	8390
16925	8391
16926	8392
16927	8392
16928	8393
16929	8394
16930	8395
16931	8395
16932	8395
16933	8395
16934	8395
16935	8395
16936	8396
16937	8396
16938	8397
16939	8398
16940	8399
16941	8399
16942	8399
16943	8399
16944	8400
16945	8401
16946	8402
16947	8403
16948	8404
16949	8405
16950	8405
16951	8406
16952	8407
16953	8408
16954	8409
16955	8410
16956	8410
16957	8410
16958	8411
16959	8412
16960	8412
16961	8413
16962	8414
16963	8414
16964	8415
16965	8416
16966	8417
16967	8418
16968	8419
16969	8420
16970	8420
16971	8420
16972	8420
16973	8421
16974	8421
16975	8421
16976	8422
16977	8423
16978	8423
16979	8424
16980	8424
16981	8425
16982	8426
16983	8427
16984	8428
16985	8428
16986	8429
16987	8430
16988	8430
16989	8430
16990	8430
16991	8431
16992	8432
16993	8433
16994	8434
16995	8435
16996	8436
16997	8437
16998	8438
16999	8439
17000	8440
17001	8441
17002	8441
17003	8441
17004	8442
17005	8443
17006	8443
17007	8442
17008	8442
17009	8443
17010	8443
17011	8444
17012	8444
17013	8443
17014	8444
17015	8445
17016	8446
17017	8447
17018	8448
17019	8449
17020	8450
17021	8451
17022	8452
17023	8453
17024	8454
17025	8455
17026	8456
17027	8457
17028	8457
17029	8458
17030	8459
17031	8460
17032	8461
17033	8461
17034	8462
17035	8463
17036	8464
17037	8465
17038	8466
17039	8467
17040	8468
17041	8469
17042	8470
17043	8470
17044	8471
17045	8472
17046	8472
17047	8473
17048	8472
17049	8472
17050	8473
17051	8474
17052	8474
17053	8475
17054	8476
17055	8477
17056	8478
17057	8479
17058	8480
17059	8481
17060	8481
17061	8482
17062	8482
17063	8483
17064	8484
17065	8485
17066	8485
17067	8486
17068	8487
17069	8488
17070	8489
17071	8490
17072	8491
17073	8492
17074	8493
17075	8493
17076	8494
17077	8495
17078	8496
17079	8497
17080	8498
17081	8498
17082	8499
17083	8500
17084	8501
17085	8501
17086	8502
17087	8503
17088	8504
17089	8505
17090	8506
17091	8507
17092	8508
17093	8509
17094	8510
17095	8511
17096	8511
17097	8512
17098	8512
17099	8513
17100	8513
17101	8512
17102	8513
17103	8514
17104	8514
17105	8515
17106	8515
17107	8516
17108	8517
17109	8518
17110	8519
17111	8520
17112	8521
17113	8521
17114	8522
17115	8523
17116	8524
17117	8525
17118	8525
17119	8525
17120	8526
17121	8527
17122	8528
17123	8528
17124	8529
17125	8529
17126	8530
17127	8530
17128	8531
17129	8532
17130	8533
17131	8534
17132	8535
17133	8536
17134	8536
17135	8537
17136	8538
17137	8539
17138	8540
17139	8541
17140	8541
17141	8541
17142	8542
17143	8543
17144	8544
17145	8545
17146	8545
17147	8546
17148	8547
17149	8548
17150	8549
17151	8549
17152	8549
17153	8549
17154	8550
17155	8550
17156	8551
17157	8551
17158	8552
17159	8553
17160	8554
17161	8555
17162	8556
17163	8557
17164	8558
17165	8559
17166	8560
17167	8561
17168	8561
17169	8561
17170	8562
17171	8563
17172	8564
17173	8565
17174	8566
17175	8567
17176	8567
17177	8568
17178	8569
17179	8570
17180	8570
17181	8571
17182	8572
17183	8572
17184	8573
17185	8573
17186	8573
17187	8574
17188	8574
17189	8575
17190	8576
17191	8577
17192	8578
17193	8579
17194	8580
17195	8581
17196	8582
17197	8582
17198	8583
17199	8584
17200	8585
17201	8585
17202	8586
17203	8587
17204	8587
17205	8588
17206	8589
17207	8590
17208	8590
17209	8590
17210	8591
17211	8592
17212	8592
17213	8591
17214	8592
17215	8593
17216	8594
17217	8594
17218	8595
17219	8596
17220	8597
17221	8598
17222	8598
17223	8599
17224	8600
17225	8601
17226	8602
17227	8601
17228	8602
17229	8603
17230	8604
17231	8604
17232	8604
17233	8605
17234	8606
17235	8607
17236	8608
17237	8609
17238	8610
17239	8611
17240	8612
17241	8612
17242	8613
17243	8613
17244	8612
17245	8612
17246	8612
17247	8613
17248	8614
17249	8615
17250	8616
17251	8617
17252	8617
17253	8618
17254	8618
17255	8619
17256	8619
17257	8620
17258	8621
17259	8622
17260	8622
17261	8623
17262	8624
17263	8625
17264	8626
17265	8627
17266	8628
17267	8627
17268	8628
17269	8628
17270	8629
17271	8629
17272	8630
17273	8631
17274	8631
17275	8632
17276	8631
17277	8631
17278	8631
17279	8632
17280	8633
17281	8634
17282	8635
17283	8636
17284	8637
17285	8637
17286	8638
17287	8639
17288	8640
17289	8641
17290	8642
17291	8643
17292	8644
17293	8645
17294	8644
17295	8645
17296	8646
17297	8645
17298	8646
17299	8646
17300	8646
17301	8647
17302	8647
17303	8648
17304	8649
17305	8650
17306	8650
17307	8650
17308	8651
17309	8652
17310	8653
17311	8654
17312	8654
17313	8655
17314	8656
17315	8655
17316	8656
17317	8657
17318	8658
17319	8658
17320	8659
17321	8660
17322	8661
17323	8662
17324	8662
17325	8663
17326	8664
17327	8664
17328	8665
17329	8666
17330	8666
17331	8667
17332	8668
17333	8669
17334	8669
17335	8670
17336	8671
17337	8671
17338	8672
17339	8673
17340	8674
17341	8674
17342	8675
17343	8676
17344	8677
17345	8677
17346	8678
17347	8678
17348	8678
17349	8679
17350	8680
17351	8681
17352	8682
17353	8682
17354	8683
17355	8684
17356	8684
17357	8685
17358	8686
17359	8686
17360	8687
17361	8688
17362	8687
17363	8688
17364	8688
17365	8688
17366	8688
17367	8689
17368	8689
17369	8690
17370	8689
17371	8690
17372	8691
17373	8692
17374	8693
17375	8694
17376	8695
17377	8696
17378	8697
17379	8698
17380	8699
17381	8700
17382	8701
17383	8700
17384	8701
17385	8702
17386	8703
17387	8703
17388	8704
17389	8705
17390	8706
17391	8707
17392	8708
17393	8709
17394	8710
17395	8711
17396	8712
17397	8712
17398	8713
17399	8714
17400	8715
17401	8716
17402	8716
17403	8717
17404	8717
17405	8718
17406	8719
17407	8720
17408	8720
17409	8721
17410	8722
17411	8723
17412	8723
17413	8724
17414	8724
17415	8725
17416	8726
17417	8727
17418	8727
17419	8728
17420	8728
17421	8729
17422	8730
17423	8730
17424	8730
17425	8731
17426	8732
17427	8732
17428	8733
17429	8733
17430	8734
17431	8735
17432	8736
17433	8736
17434	8737
17435	8738
17436	8738
17437	8738
17438	8739
17439	8739
17440	8738
17441	8739
17442	8740
17443	8740
17444	8741
17445	8742
17446	8743
17447	8744
17448	8745
17449	8746
17450	8747
17451	8748
17452	8749
17453	8749
17454	8749
17455	8749
17456	8750
17457	8750
17458	8751
17459	8752
17460	8753
17461	8754
17462	8755
17463	8756
17464	8757
17465	8758
17466	8759
17467	8760
17468	8761
17469	8762
17470	8762
17471	8762
17472	8762
17473	8763
17474	8764
17475	8765
17476	8766
17477	8767
17478	8768
17479	8769
17480	8770
17481	8770
17482	8771
17483	8772
17484	8773
17485	8774
17486	8774
17487	8775
17488	8776
17489	8777
17490	8778
17491	8779
17492	8780
17493	8781
17494	8782
17495	8782
17496	8783
17497	8784
17498	8785
17499	8786
17500	8786
17501	8787
17502	8788
17503	8788
17504	8789
17505	8790
17506	8791
17507	8792
17508	8792
17509	8793
17510	8793
17511	8794
17512	8794
17513	8795
17514	8796
17515	8797
17516	8797
17517	8797
17518	8798
17519	8799
17520	8800
17521	8800
17522	8801
17523	8802
17524	8802
17525	8802
17526	8803
17527	8804
17528	8804
17529	8805
17530	8806
17531	8807
17532	8807
17533	8808
17534	8808
17535	8809
17536	8810
17537	8811
17538	8812
17539	8813
17540	8814
17541	8814
17542	8815
17543	8816
17544	8817
17545	8818
17546	8819
17547	8818
17548	8818
17549	8819
17550	8820
17551	8821
17552	8822
17553	8822
17554	8822
17555	8822
17556	8822
17557	8823
17558	8824
17559	8824
17560	8825
17561	8826
17562	8827
17563	8828
17564	8829
17565	8830
17566	8830
17567	8831
17568	8831
17569	8832
17570	8833
17571	8834
17572	8835
17573	8836
17574	8837
17575	8838
17576	8839
17577	8839
17578	8840
17579	8841
17580	8842
17581	8841
17582	8842
17583	8843
17584	8843
17585	8843
17586	8844
17587	8844
17588	8845
17589	8846
17590	8847
17591	8847
17592	8848
17593	8849
17594	8849
17595	8849
17596	8850
17597	8850
17598	8851
17599	8851
17600	8852
17601	8853
17602	8852
17603	8853
17604	8854
17605	8854
17606	8854
17607	8854
17608	8854
17609	8853
17610	8854
17611	8855
17612	8856
17613	8857
17614	8857
17615	8858
17616	8859
17617	8860
17618	8861
17619	8860
17620	8861
17621	8862
17622	8863
17623	8864
17624	8865
17625	8865
17626	8866
17627	8867
17628	8867
17629	8868
17630	8869
17631	8870
17632	8871
17633	8872
17634	8873
17635	8874
17636	8875
17637	8876
17638	8876
17639	8875
17640	8876
17641	8877
17642	8877
17643	8878
17644	8879
17645	8880
17646	8880
17647	8881
17648	8882
17649	8883
17650	8884
17651	8884
17652	8885
17653	8886
17654	8886
17655	8887
17656	8888
17657	8887
17658	8888
17659	8889
17660	8889
17661	8889
17662	8889
17663	8889
17664	8889
17665	8888
17666	8889
17667	8890
17668	8891
17669	8892
17670	8893
17671	8894
17672	8895
17673	8896
17674	8897
17675	8898
17676	8898
17677	8899
17678	8900
17679	8900
17680	8901
17681	8901
17682	8901
17683	8902
17684	8903
17685	8904
17686	8905
17687	8905
17688	8906
17689	8907
17690	8908
17691	8909
17692	8910
17693	8911
17694	8912
17695	8913
17696	8914
17697	8915
17698	8914
17699	8914
17700	8914
17701	8915
17702	8916
17703	8916
17704	8917
17705	8917
17706	8918
17707	8919
17708	8920
17709	8921
17710	8921
17711	8921
17712	8921
17713	8921
17714	8922
17715	8922
17716	8922
17717	8922
17718	8923
17719	8924
17720	8925
17721	8926
17722	8927
17723	8928
17724	8929
17725	8930
17726	8930
17727	8931
17728	8932
17729	8932
17730	8933
17731	8932
17732	8933
17733	8933
17734	8933
17735	8934
17736	8934
17737	8935
17738	8936
17739	8937
17740	8937
17741	8938
17742	8938
17743	8939
17744	8939
17745	8940
17746	8941
17747	8942
17748	8943
17749	8943
17750	8944
17751	8945
17752	8946
17753	8947
17754	8948
17755	8948
17756	8949
17757	8950
17758	8951
17759	8952
17760	8952
17761	8953
17762	8953
17763	8954
17764	8955
17765	8956
17766	8957
17767	8958
17768	8959
17769	8960
17770	8961
17771	8962
17772	8963
17773	8964
17774	8964
17775	8965
17776	8966
17777	8967
17778	8967
17779	8968
17780	8968
17781	8969
17782	8970
17783	8971
17784	8972
17785	8972
17786	8973
17787	8974
17788	8975
17789	8976
17790	8977
17791	8977
17792	8978
17793	8979
17794	8980
17795	8981
17796	8981
17797	8980
17798	8981
17799	8982
17800	8983
17801	8983
17802	8984
17803	8985
17804	8985
17805	8986
17806	8987
17807	8988
17808	8989
17809	8990
17810	8991
17811	8992
17812	8993
17813	8994
17814	8994
17815	8994
17816	8994
17817	8995
17818	8996
17819	8996
17820	8997
17821	8998
17822	8999
17823	9000
17824	9001
17825	9002
17826	9002
17827	9002
17828	9003
17829	9004
17830	9005
17831	9005
17832	9006
17833	9007
17834	9008
17835	9009
17836	9010
17837	9011
17838	9012
17839	9012
17840	9011
17841	9011
17842	9012
17843	9013
17844	9013
17845	9013
17846	9013
17847	9014
17848	9015
17849	9016
17850	9017
17851	9018
17852	9019
17853	9020
17854	9021
17855	9022
17856	9023
17857	9024
17858	9024
17859	9025
17860	9026
17861	9026
17862	9027
17863	9027
17864	9028
17865	9029
17866	9030
17867	9031
17868	9032
17869	9033
17870	9034
17871	9035
17872	9035
17873	9035
17874	9036
17875	9037
17876	9038
17877	9039
17878	9040
17879	9039
17880	9040
17881	9041
17882	9041
17883	9042
17884	9042
17885	9042
17886	9043
17887	9043
17888	9044
17889	9045
17890	9046
17891	9047
17892	9047
17893	9048
17894	9049
17895	9049
17896	9050
17897	9050
17898	9051
17899	9052
17900	9052
17901	9053
17902	9053
17903	9054
17904	9055
17905	9056
17906	9057
17907	9057
17908	9058
17909	9059
17910	9060
17911	9061
17912	9062
17913	9062
17914	9063
17915	9064
17916	9064
17917	9065
17918	9066
17919	9067
17920	9068
17921	9069
17922	9070
17923	9071
17924	9072
17925	9072
17926	9073
17927	9074
17928	9075
17929	9075
17930	9076
17931	9077
17932	9078
17933	9079
17934	9079
17935	9080
17936	9081
17937	9081
17938	9082
17939	9082
17940	9083
17941	9084
17942	9085
17943	9086
17944	9086
17945	9087
17946	9088
17947	9088
17948	9089
17949	9090
17950	9091
17951	9092
17952	9093
17953	9094
17954	9094
17955	9094
17956	9095
17957	9095
17958	9096
17959	9096
17960	9096
17961	9097
17962	9098
17963	9098
17964	9098
17965	9099
17966	9100
17967	9101
17968	9101
17969	9102
17970	9103
17971	9104
17972	9104
17973	9104
17974	9105
17975	9105
17976	9106
17977	9107
17978	9108
17979	9109
17980	9110
17981	9111
17982	9111
17983	9112
17984	9112
17985	9113
17986	9114
17987	9114
17988	9113
17989	9114
17990	9113
17991	9112
17992	9113
17993	9114
17994	9115
17995	9116
17996	9116
17997	9117
17998	9118
17999	9118
18000	9119
18001	9120
18002	9121
18003	9122
18004	9123
18005	9124
18006	9125
18007	9126
18008	9126
18009	9126
18010	9127
18011	9127
18012	9128
18013	9129
18014	9130
18015	9131
18016	9132
18017	9133
18018	9134
18019	9135
18020	9135
18021	9136
18022	9137
18023	9138
18024	9139
18025	9140
18026	9140
18027	9141
18028	9141
18029	9142
18030	9141
18031	9142
18032	9142
18033	9141
18034	9142
18035	9142
18036	9143
18037	9142
18038	9142
18039	9143
18040	9144
18041	9144
18042	9145
18043	9146
18044	9147
18045	9147
18046	9147
18047	9147
18048	9148
18049	9149
18050	9150
18051	9150
18052	9150
18053	9151
18054	9152
18055	9152
18056	9153
18057	9154
18058	9154
18059	9155
18060	9156
18061	9157
18062	9157
18063	9157
18064	9158
18065	9159
18066	9160
18067	9161
18068	9162
18069	9163
18070	9163
18071	9164
18072	9164
18073	9165
18074	9166
18075	9167
18076	9168
18077	9168
18078	9169
18079	9169
18080	9169
18081	9170
18082	9170
18083	9170
18084	9170
18085	9170
18086	9171
18087	9172
18088	9173
18089	9174
18090	9175
18091	9176
18092	9177
18093	9178
18094	9179
18095	9180
18096	9181
18097	9182
18098	9183
18099	9183
18100	9184
18101	9184
18102	9184
18103	9185
18104	9185
18105	9186
18106	9187
18107	9188
18108	9189
18109	9190
18110	9190
18111	9191
18112	9192
18113	9193
18114	9194
18115	9195
18116	9195
18117	9195
18118	9196
18119	9197
18120	9198
18121	9198
18122	9198
18123	9199
18124	9200
18125	9201
18126	9202
18127	9203
18128	9203
18129	9204
18130	9205
18131	9206
18132	9207
18133	9208
18134	9209
18135	9209
18136	9209
18137	9209
18138	9210
18139	9210
18140	9211
18141	9212
18142	9213
18143	9214
18144	9215
18145	9216
18146	9217
18147	9218
18148	9219
18149	9220
18150	9221
18151	9221
18152	9222
18153	9223
18154	9224
18155	9225
18156	9226
18157	9227
18158	9227
18159	9227
18160	9228
18161	9228
18162	9229
18163	9229
18164	9230
18165	9231
18166	9232
18167	9233
18168	9234
18169	9234
18170	9235
18171	9236
18172	9236
18173	9235
18174	9235
18175	9236
18176	9237
18177	9238
18178	9239
18179	9239
18180	9239
18181	9240
18182	9240
18183	9241
18184	9241
18185	9242
18186	9243
18187	9244
18188	9245
18189	9245
18190	9244
18191	9245
18192	9246
18193	9247
18194	9248
18195	9249
18196	9250
18197	9250
18198	9251
18199	9252
18200	9253
18201	9254
18202	9255
18203	9256
18204	9257
18205	9257
18206	9258
18207	9259
18208	9260
18209	9260
18210	9261
18211	9262
18212	9263
18213	9264
18214	9265
18215	9266
18216	9267
18217	9267
18218	9268
18219	9268
18220	9268
18221	9269
18222	9269
18223	9270
18224	9271
18225	9272
18226	9272
18227	9273
18228	9274
18229	9273
18230	9273
18231	9274
18232	9275
18233	9276
18234	9276
18235	9277
18236	9276
18237	9277
18238	9278
18239	9279
18240	9280
18241	9281
18242	9281
18243	9281
18244	9282
18245	9283
18246	9284
18247	9284
18248	9285
18249	9286
18250	9287
18251	9287
18252	9287
18253	9287
18254	9288
18255	9289
18256	9289
18257	9290
18258	9291
18259	9291
18260	9290
18261	9290
18262	9291
18263	9292
18264	9292
18265	9293
18266	9293
18267	9294
18268	9295
18269	9296
18270	9297
18271	9298
18272	9299
18273	9300
18274	9301
18275	9302
18276	9303
18277	9303
18278	9304
18279	9305
18280	9306
18281	9306
18282	9307
18283	9306
18284	9306
18285	9307
18286	9308
18287	9309
18288	9310
18289	9311
18290	9312
18291	9312
18292	9313
18293	9314
18294	9315
18295	9315
18296	9316
18297	9317
18298	9318
18299	9318
18300	9318
18301	9318
18302	9317
18303	9318
18304	9319
18305	9320
18306	9321
18307	9321
18308	9322
18309	9323
18310	9323
18311	9324
18312	9325
18313	9326
18314	9327
18315	9328
18316	9329
18317	9330
18318	9331
18319	9332
18320	9333
18321	9333
18322	9334
18323	9335
18324	9335
18325	9334
18326	9335
18327	9335
18328	9336
18329	9336
18330	9337
18331	9338
18332	9338
18333	9339
18334	9340
18335	9341
18336	9342
18337	9343
18338	9344
18339	9344
18340	9345
18341	9345
18342	9346
18343	9346
18344	9347
18345	9346
18346	9347
18347	9348
18348	9349
18349	9350
18350	9351
18351	9352
18352	9353
18353	9354
18354	9355
18355	9356
18356	9357
18357	9358
18358	9358
18359	9359
18360	9359
18361	9359
18362	9359
18363	9360
18364	9361
18365	9361
18366	9361
18367	9362
18368	9362
18369	9363
18370	9364
18371	9364
18372	9365
18373	9365
18374	9366
18375	9367
18376	9368
18377	9369
18378	9370
18379	9371
18380	9372
18381	9373
18382	9372
18383	9373
18384	9374
18385	9374
18386	9375
18387	9375
18388	9375
18389	9376
18390	9377
18391	9378
18392	9379
18393	9380
18394	9381
18395	9382
18396	9383
18397	9384
18398	9384
18399	9385
18400	9385
18401	9386
18402	9387
18403	9387
18404	9388
18405	9388
18406	9389
18407	9390
18408	9389
18409	9390
18410	9391
18411	9392
18412	9392
18413	9393
18414	9393
18415	9394
18416	9395
18417	9396
18418	9397
18419	9398
18420	9398
18421	9397
18422	9397
18423	9398
18424	9399
18425	9400
18426	9401
18427	9402
18428	9402
18429	9403
18430	9404
18431	9404
18432	9404
18433	9404
18434	9404
18435	9405
18436	9405
18437	9406
18438	9407
18439	9408
18440	9409
18441	9409
18442	9409
18443	9409
18444	9410
18445	9411
18446	9412
18447	9413
18448	9414
18449	9415
18450	9416
18451	9417
18452	9418
18453	9419
18454	9420
18455	9420
18456	9421
18457	9421
18458	9422
18459	9423
18460	9424
18461	9424
18462	9425
18463	9426
18464	9426
18465	9426
18466	9427
18467	9427
18468	9428
18469	9429
18470	9430
18471	9431
18472	9432
18473	9433
18474	9433
18475	9434
18476	9435
18477	9435
18478	9435
18479	9436
18480	9436
18481	9437
18482	9438
18483	9439
18484	9440
18485	9441
18486	9441
18487	9442
18488	9442
18489	9442
18490	9442
18491	9443
18492	9443
18493	9443
18494	9443
18495	9444
18496	9444
18497	9444
18498	9445
18499	9446
18500	9445
18501	9446
18502	9447
18503	9448
18504	9449
18505	9449
18506	9450
18507	9451
18508	9452
18509	9453
18510	9454
18511	9455
18512	9456
18513	9457
18514	9457
18515	9456
18516	9456
18517	9456
18518	9456
18519	9455
18520	9455
18521	9456
18522	9457
18523	9458
18524	9458
18525	9459
18526	9460
18527	9460
18528	9461
18529	9461
18530	9462
18531	9461
18532	9462
18533	9463
18534	9464
18535	9465
18536	9465
18537	9466
18538	9467
18539	9468
18540	9469
18541	9469
18542	9470
18543	9470
18544	9470
18545	9471
18546	9472
18547	9473
18548	9473
18549	9474
18550	9475
18551	9476
18552	9476
18553	9477
18554	9478
18555	9478
18556	9479
18557	9480
18558	9481
18559	9481
18560	9481
18561	9482
18562	9483
18563	9483
18564	9483
18565	9483
18566	9483
18567	9484
18568	9485
18569	9486
18570	9487
18571	9488
18572	9489
18573	9490
18574	9489
18575	9490
18576	9490
18577	9490
18578	9491
18579	9492
18580	9492
18581	9493
18582	9493
18583	9494
18584	9494
18585	9495
18586	9495
18587	9496
18588	9497
18589	9498
18590	9499
18591	9499
18592	9499
18593	9500
18594	9501
18595	9502
18596	9503
18597	9504
18598	9504
18599	9505
18600	9506
18601	9506
18602	9507
18603	9508
18604	9508
18605	9509
18606	9510
18607	9511
18608	9511
18609	9511
18610	9512
18611	9513
18612	9514
18613	9514
18614	9515
18615	9516
18616	9516
18617	9517
18618	9517
18619	9518
18620	9518
18621	9518
18622	9518
18623	9518
18624	9519
18625	9520
18626	9521
18627	9521
18628	9522
18629	9523
18630	9523
18631	9524
18632	9524
18633	9525
18634	9525
18635	9526
18636	9526
18637	9527
18638	9528
18639	9529
18640	9530
18641	9531
18642	9531
18643	9530
18644	9529
18645	9529
18646	9529
18647	9530
18648	9531
18649	9530
18650	9531
18651	9532
18652	9533
18653	9533
18654	9533
18655	9533
18656	9534
18657	9534
18658	9534
18659	9534
18660	9534
18661	9535
18662	9535
18663	9536
18664	9537
18665	9538
18666	9538
18667	9539
18668	9540
18669	9541
18670	9542
18671	9543
18672	9543
18673	9544
18674	9545
18675	9546
18676	9547
18677	9548
18678	9549
18679	9550
18680	9550
18681	9551
18682	9552
18683	9553
18684	9554
18685	9554
18686	9554
18687	9555
18688	9555
18689	9555
18690	9556
18691	9556
18692	9556
18693	9556
18694	9557
18695	9557
18696	9558
18697	9559
18698	9560
18699	9560
18700	9560
18701	9560
18702	9560
18703	9561
18704	9562
18705	9563
18706	9564
18707	9563
18708	9564
18709	9565
18710	9566
18711	9567
18712	9568
18713	9569
18714	9568
18715	9568
18716	9568
18717	9569
18718	9569
18719	9569
18720	9570
18721	9571
18722	9571
18723	9572
18724	9573
18725	9573
18726	9574
18727	9575
18728	9575
18729	9575
18730	9575
18731	9574
18732	9575
18733	9576
18734	9577
18735	9577
18736	9578
18737	9579
18738	9579
18739	9580
18740	9581
18741	9582
18742	9582
18743	9583
18744	9584
18745	9584
18746	9583
18747	9584
18748	9583
18749	9584
18750	9585
18751	9586
18752	9586
18753	9587
18754	9587
18755	9588
18756	9589
18757	9589
18758	9590
18759	9591
18760	9592
18761	9592
18762	9593
18763	9594
18764	9594
18765	9594
18766	9595
18767	9595
18768	9596
18769	9597
18770	9598
18771	9598
18772	9599
18773	9599
18774	9599
18775	9599
18776	9600
18777	9600
18778	9601
18779	9602
18780	9602
18781	9603
18782	9603
18783	9604
18784	9605
18785	9606
18786	9607
18787	9608
18788	9608
18789	9609
18790	9610
18791	9610
18792	9610
18793	9611
18794	9612
18795	9612
18796	9613
18797	9612
18798	9612
18799	9613
18800	9614
18801	9615
18802	9616
18803	9617
18804	9618
18805	9619
18806	9619
18807	9620
18808	9620
18809	9621
18810	9622
18811	9622
18812	9623
18813	9624
18814	9625
18815	9626
18816	9627
18817	9628
18818	9628
18819	9628
18820	9627
18821	9627
18822	9628
18823	9629
18824	9630
18825	9631
18826	9631
18827	9632
18828	9633
18829	9634
18830	9635
18831	9635
18832	9636
18833	9637
18834	9638
18835	9638
18836	9639
18837	9639
18838	9640
18839	9640
18840	9640
18841	9640
18842	9641
18843	9642
18844	9643
18845	9644
18846	9644
18847	9645
18848	9646
18849	9647
18850	9647
18851	9648
18852	9648
18853	9649
18854	9650
18855	9651
18856	9652
18857	9652
18858	9653
18859	9652
18860	9653
18861	9654
18862	9654
18863	9655
18864	9656
18865	9657
18866	9657
18867	9658
18868	9658
18869	9657
18870	9658
18871	9659
18872	9660
18873	9660
18874	9661
18875	9661
18876	9661
18877	9662
18878	9663
18879	9664
18880	9665
18881	9666
18882	9667
18883	9668
18884	9669
18885	9669
18886	9669
18887	9670
18888	9670
18889	9671
18890	9672
18891	9673
18892	9673
18893	9673
18894	9674
18895	9675
18896	9675
18897	9675
18898	9676
18899	9677
18900	9678
18901	9679
18902	9679
18903	9680
18904	9681
18905	9682
18906	9682
18907	9683
18908	9683
18909	9683
18910	9684
18911	9685
18912	9686
18913	9687
18914	9688
18915	9689
18916	9690
18917	9691
18918	9692
18919	9693
18920	9694
18921	9695
18922	9694
18923	9695
18924	9695
18925	9695
18926	9696
18927	9697
18928	9698
18929	9698
18930	9697
18931	9698
18932	9699
18933	9700
18934	9700
18935	9701
18936	9702
18937	9702
18938	9703
18939	9704
18940	9705
18941	9706
18942	9707
18943	9708
18944	9708
18945	9709
18946	9709
18947	9710
18948	9710
18949	9711
18950	9712
18951	9713
18952	9714
18953	9714
18954	9715
18955	9716
18956	9717
18957	9718
18958	9719
18959	9720
18960	9721
18961	9722
18962	9723
18963	9723
18964	9724
18965	9725
18966	9725
18967	9726
18968	9727
18969	9728
18970	9729
18971	9730
18972	9731
18973	9732
18974	9732
18975	9733
18976	9734
18977	9734
18978	9735
18979	9735
18980	9736
18981	9737
18982	9738
18983	9739
18984	9739
18985	9739
18986	9740
18987	9741
18988	9742
18989	9742
18990	9742
18991	9742
18992	9743
18993	9743
18994	9743
18995	9744
18996	9745
18997	9746
18998	9746
18999	9746
19000	9747
19001	9748
19002	9748
19003	9749
19004	9749
19005	9750
19006	9751
19007	9752
19008	9753
19009	9753
19010	9754
19011	9755
19012	9756
19013	9756
19014	9757
19015	9758
19016	9759
19017	9760
19018	9761
19019	9762
19020	9762
19021	9763
19022	9762
19023	9763
19024	9763
19025	9763
19026	9763
19027	9764
19028	9765
19029	9766
19030	9767
19031	9768
19032	9769
19033	9770
19034	9771
19035	9772
19036	9773
19037	9774
19038	9775
19039	9776
19040	9777
19041	9778
19042	9778
19043	9779
19044	9780
19045	9781
19046	9781
19047	9782
19048	9783
19049	9784
19050	9785
19051	9786
19052	9787
19053	9788
19054	9789
19055	9790
19056	9790
19057	9791
19058	9792
19059	9793
19060	9794
19061	9795
19062	9796
19063	9796
19064	9797
19065	9798
19066	9799
19067	9799
19068	9800
19069	9801
19070	9802
19071	9803
19072	9804
19073	9804
19074	9805
19075	9806
19076	9807
19077	9807
19078	9808
19079	9809
19080	9809
19081	9810
19082	9810
19083	9810
19084	9811
19085	9811
19086	9812
19087	9813
19088	9814
19089	9814
19090	9815
19091	9816
19092	9817
19093	9817
19094	9818
19095	9819
19096	9818
19097	9819
19098	9820
19099	9819
19100	9820
19101	9819
19102	9820
19103	9821
19104	9821
19105	9822
19106	9823
19107	9824
19108	9825
19109	9825
19110	9826
19111	9827
19112	9827
19113	9828
19114	9829
19115	9829
19116	9829
19117	9830
19118	9830
19119	9830
19120	9831
19121	9831
19122	9832
19123	9833
19124	9834
19125	9835
19126	9835
19127	9836
19128	9837
19129	9838
19130	9838
19131	9839
19132	9839
19133	9840
19134	9840
19135	9841
19136	9841
19137	9842
19138	9843
19139	9842
19140	9842
19141	9841
19142	9841
19143	9841
19144	9842
19145	9841
19146	9842
19147	9843
19148	9844
19149	9845
19150	9846
19151	9847
19152	9846
19153	9847
19154	9848
19155	9849
19156	9849
19157	9849
19158	9850
19159	9850
19160	9851
19161	9852
19162	9853
19163	9852
19164	9853
19165	9854
19166	9855
19167	9856
19168	9857
19169	9856
19170	9857
19171	9858
19172	9858
19173	9859
19174	9860
19175	9861
19176	9862
19177	9862
19178	9863
19179	9863
19180	9863
19181	9864
19182	9865
19183	9866
19184	9867
19185	9868
19186	9868
19187	9868
19188	9868
19189	9868
19190	9869
19191	9870
19192	9871
19193	9871
19194	9872
19195	9873
19196	9874
19197	9873
19198	9873
19199	9874
19200	9873
19201	9874
19202	9875
19203	9876
19204	9877
19205	9878
19206	9879
19207	9880
19208	9881
19209	9882
19210	9883
19211	9883
19212	9884
19213	9884
19214	9885
19215	9886
19216	9886
19217	9886
19218	9887
19219	9888
19220	9888
19221	9889
19222	9890
19223	9891
19224	9891
19225	9892
19226	9892
19227	9892
19228	9893
19229	9893
19230	9894
19231	9894
19232	9894
19233	9895
19234	9896
19235	9897
19236	9898
19237	9898
19238	9899
19239	9900
19240	9901
19241	9901
19242	9902
19243	9903
19244	9903
19245	9903
19246	9904
19247	9905
19248	9906
19249	9906
19250	9907
19251	9907
19252	9908
19253	9909
19254	9909
19255	9910
19256	9910
19257	9911
19258	9912
19259	9913
19260	9913
19261	9913
19262	9913
19263	9914
19264	9915
19265	9916
19266	9916
19267	9917
19268	9918
19269	9919
19270	9918
19271	9919
19272	9920
19273	9921
19274	9922
19275	9923
19276	9924
19277	9925
19278	9926
19279	9925
19280	9925
19281	9925
19282	9926
19283	9927
19284	9927
19285	9926
19286	9926
19287	9926
19288	9927
19289	9928
19290	9929
19291	9930
19292	9931
19293	9931
19294	9932
19295	9933
19296	9932
19297	9933
19298	9934
19299	9935
19300	9936
19301	9937
19302	9938
19303	9939
19304	9940
19305	9940
19306	9941
19307	9940
19308	9941
19309	9941
19310	9942
19311	9943
19312	9944
19313	9945
19314	9946
19315	9946
19316	9946
19317	9946
19318	9947
19319	9948
19320	9948
19321	9949
19322	9949
19323	9950
19324	9950
19325	9951
19326	9951
19327	9951
19328	9950
19329	9951
19330	9952
19331	9952
19332	9952
19333	9951
19334	9951
19335	9951
19336	9952
19337	9953
19338	9954
19339	9955
19340	9956
19341	9957
19342	9958
19343	9958
19344	9959
19345	9958
19346	9959
19347	9960
19348	9961
19349	9962
19350	9963
19351	9963
19352	9964
19353	9964
19354	9964
19355	9965
19356	9964
19357	9964
19358	9965
19359	9966
19360	9967
19361	9967
19362	9967
19363	9968
19364	9969
19365	9970
19366	9971
19367	9972
19368	9972
19369	9972
19370	9973
19371	9973
19372	9974
19373	9975
19374	9975
19375	9976
19376	9977
19377	9978
19378	9979
19379	9980
19380	9981
19381	9982
19382	9982
19383	9982
19384	9983
19385	9983
19386	9984
19387	9985
19388	9985
19389	9986
19390	9987
19391	9987
19392	9987
19393	9988
19394	9989
19395	9990
19396	9991
19397	9992
19398	9993
19399	9993
19400	9994
19401	9995
19402	9996
19403	9997
19404	9998
19405	9999
19406	9999
19407	10000
19408	10001
19409	10001
19410	10001
19411	10001
19412	10002
19413	10003
19414	10004
19415	10004
19416	10005
19417	10005
19418	10005
19419	10006
19420	10007
19421	10008
19422	10009
19423	10009
19424	10010
19425	10010
19426	10011
19427	10012
19428	10012
19429	10013
19430	10014
19431	10014
19432	10014
19433	10015
19434	10016
19435	10017
19436	10017
19437	10018
19438	10019
19439	10020
19440	10021
19441	10022
19442	10022
19443	10022
19444	10022
19445	10022
19446	10022
19447	10022
19448	10023
19449	10024
19450	10025
19451	10025
19452	10026
19453	10026
19454	10027
19455	10027
19456	10028
19457	10029
19458	10030
19459	10031
19460	10032
19461	10032
19462	10033
19463	10034
19464	10035
19465	10036
19466	10037
19467	10038
19468	10039
19469	10040
19470	10041
19471	10041
19472	10042
19473	10042
19474	10041
19475	10042
19476	10043
19477	10044
19478	10045
19479	10045
19480	10046
19481	10046
19482	10047
19483	10048
19484	10048
19485	10048
19486	10049
19487	10049
19488	10050
19489	10051
19490	10052
19491	10051
19492	10052
19493	10052
19494	10052
19495	10053
19496	10054
19497	10055
19498	10056
19499	10057
19500	10058
19501	10059
19502	10060
19503	10061
19504	10062
19505	10062
19506	10062
19507	10063
19508	10064
19509	10064
19510	10064
19511	10065
19512	10065
19513	10064
19514	10065
19515	10066
19516	10067
19517	10068
19518	10068
19519	10068
19520	10068
19521	10069
19522	10070
19523	10071
19524	10071
19525	10072
19526	10072
19527	10073
19528	10074
19529	10075
19530	10076
19531	10075
19532	10075
19533	10076
19534	10077
19535	10077
19536	10077
19537	10078
19538	10079
19539	10079
19540	10080
19541	10081
19542	10082
19543	10082
19544	10082
19545	10082
19546	10083
19547	10083
19548	10083
19549	10083
19550	10083
19551	10084
19552	10085
19553	10086
19554	10087
19555	10088
19556	10089
19557	10090
19558	10091
19559	10091
19560	10092
19561	10092
19562	10093
19563	10094
19564	10094
19565	10095
19566	10096
19567	10096
19568	10095
19569	10096
19570	10096
19571	10097
19572	10098
19573	10099
19574	10099
19575	10100
19576	10100
19577	10100
19578	10101
19579	10102
19580	10102
19581	10103
19582	10104
19583	10105
19584	10105
19585	10106
19586	10107
19587	10108
19588	10109
19589	10109
19590	10110
19591	10111
19592	10111
19593	10111
19594	10111
19595	10112
19596	10113
19597	10114
19598	10115
19599	10116
19600	10117
19601	10117
19602	10118
19603	10119
19604	10119
19605	10120
19606	10121
19607	10122
19608	10123
19609	10123
19610	10123
19611	10124
19612	10125
19613	10126
19614	10127
19615	10128
19616	10128
19617	10129
19618	10130
19619	10131
19620	10132
19621	10133
19622	10134
19623	10135
19624	10136
19625	10137
19626	10137
19627	10136
19628	10137
19629	10138
19630	10139
19631	10139
19632	10139
19633	10140
19634	10141
19635	10141
19636	10142
19637	10143
19638	10144
19639	10143
19640	10144
19641	10144
19642	10144
19643	10145
19644	10146
19645	10146
19646	10146
19647	10146
19648	10147
19649	10147
19650	10147
19651	10148
19652	10148
19653	10149
19654	10150
19655	10151
19656	10152
19657	10152
19658	10152
19659	10152
19660	10153
19661	10153
19662	10154
19663	10154
19664	10155
19665	10155
19666	10156
19667	10156
19668	10157
19669	10158
19670	10158
19671	10159
19672	10160
19673	10160
19674	10161
19675	10161
19676	10161
19677	10161
19678	10161
19679	10162
19680	10163
19681	10163
19682	10164
19683	10165
19684	10165
19685	10166
19686	10167
19687	10168
19688	10169
19689	10170
19690	10170
19691	10170
19692	10171
19693	10171
19694	10172
19695	10173
19696	10174
19697	10175
19698	10176
19699	10177
19700	10178
19701	10179
19702	10179
19703	10180
19704	10181
19705	10182
19706	10182
19707	10182
19708	10183
19709	10184
19710	10184
19711	10185
19712	10186
19713	10186
19714	10187
19715	10187
19716	10188
19717	10189
19718	10190
19719	10191
19720	10192
19721	10192
19722	10192
19723	10193
19724	10194
19725	10194
19726	10195
19727	10196
19728	10197
19729	10197
19730	10197
19731	10197
19732	10198
19733	10199
19734	10198
19735	10198
19736	10199
19737	10199
19738	10200
19739	10201
19740	10202
19741	10203
19742	10204
19743	10204
19744	10204
19745	10205
19746	10205
19747	10205
19748	10206
19749	10206
19750	10205
19751	10206
19752	10206
19753	10207
19754	10208
19755	10209
19756	10210
19757	10211
19758	10212
19759	10213
19760	10214
19761	10215
19762	10215
19763	10215
19764	10216
19765	10217
19766	10218
19767	10219
19768	10219
19769	10220
19770	10221
19771	10222
19772	10223
19773	10223
19774	10224
19775	10225
19776	10226
19777	10226
19778	10226
19779	10227
19780	10228
19781	10228
19782	10228
19783	10229
19784	10229
19785	10229
19786	10230
19787	10231
19788	10232
19789	10233
19790	10233
19791	10234
19792	10234
19793	10235
19794	10236
19795	10236
19796	10235
19797	10235
19798	10236
19799	10237
19800	10238
19801	10239
19802	10239
19803	10239
19804	10239
19805	10240
19806	10240
19807	10241
19808	10241
19809	10241
19810	10242
19811	10243
19812	10244
19813	10243
19814	10244
19815	10245
19816	10246
19817	10247
19818	10248
19819	10249
19820	10249
19821	10250
19822	10250
19823	10251
19824	10252
19825	10253
19826	10254
19827	10255
19828	10255
19829	10255
19830	10256
19831	10257
19832	10257
19833	10258
19834	10259
19835	10259
19836	10260
19837	10261
19838	10261
19839	10262
19840	10263
19841	10263
19842	10263
19843	10264
19844	10265
19845	10265
19846	10265
19847	10265
19848	10266
19849	10266
19850	10266
19851	10267
19852	10268
19853	10269
19854	10270
19855	10271
19856	10272
19857	10273
19858	10274
19859	10275
19860	10276
19861	10277
19862	10277
19863	10278
19864	10278
19865	10279
19866	10279
19867	10280
19868	10281
19869	10282
19870	10282
19871	10283
19872	10283
19873	10282
19874	10283
19875	10284
19876	10285
19877	10286
19878	10285
19879	10285
19880	10285
19881	10286
19882	10287
19883	10287
19884	10288
19885	10289
19886	10289
19887	10290
19888	10290
19889	10291
19890	10292
19891	10293
19892	10293
19893	10293
19894	10294
19895	10295
19896	10296
19897	10296
19898	10296
19899	10297
19900	10298
19901	10299
19902	10300
19903	10301
19904	10302
19905	10303
19906	10303
19907	10304
19908	10304
19909	10303
19910	10304
19911	10304
19912	10305
19913	10306
19914	10306
19915	10307
19916	10308
19917	10308
19918	10309
19919	10310
19920	10311
19921	10312
19922	10313
19923	10314
19924	10315
19925	10315
19926	10316
19927	10316
19928	10317
19929	10316
19930	10316
19931	10317
19932	10318
19933	10319
19934	10320
19935	10321
19936	10322
19937	10323
19938	10324
19939	10324
19940	10325
19941	10326
19942	10326
19943	10327
19944	10328
19945	10328
19946	10328
19947	10329
19948	10330
19949	10330
19950	10330
19951	10329
19952	10328
19953	10328
19954	10329
19955	10330
19956	10331
19957	10331
19958	10332
19959	10332
19960	10333
19961	10333
19962	10333
19963	10333
19964	10333
19965	10334
19966	10335
19967	10336
19968	10337
19969	10337
19970	10337
19971	10337
19972	10338
19973	10338
19974	10338
19975	10338
19976	10339
19977	10339
19978	10340
19979	10341
19980	10342
19981	10342
19982	10343
19983	10343
19984	10343
19985	10344
19986	10345
19987	10346
19988	10347
19989	10348
19990	10348
19991	10348
19992	10349
19993	10349
19994	10349
19995	10348
19996	10349
19997	10349
19998	10350
19999	10349
20000	10350
20001	10351
20002	10352
20003	10352
20004	10352
20005	10352
20006	10353
20007	10353
20008	10354
20009	10355
20010	10356
20011	10357
20012	10358
20013	10358
20014	10359
20015	10360
20016	10360
20017	10361
20018	10361
20019	10362
20020	10362
20021	10363
20022	10364
20023	10365
20024	10366
20025	10367
20026	10368
20027	10369
20028	10370
20029	10371
20030	10371
20031	10372
20032	10372
20033	10372
20034	10372
20035	10372
20036	10372
20037	10372
20038	10371
20039	10372
20040	10373
20041	10374
20042	10374
20043	10374
20044	10375
20045	10376
20046	10376
20047	10375
20048	10376
20049	10377
20050	10378
20051	10377
20052	10377
20053	10378
20054	10379
20055	10379
20056	10380
20057	10381
20058	10380
20059	10381
20060	10382
20061	10382
20062	10382
20063	10382
20064	10381
20065	10382
20066	10382
20067	10383
20068	10384
20069	10385
20070	10385
20071	10385
20072	10385
20073	10385
20074	10386
20075	10387
20076	10387
20077	10387
20078	10387
20079	10388
20080	10388
20081	10389
20082	10390
20083	10391
20084	10391
20085	10392
20086	10393
20087	10394
20088	10395
20089	10395
20090	10396
20091	10397
20092	10397
20093	10396
20094	10396
20095	10397
20096	10398
20097	10399
20098	10398
20099	10399
20100	10400
20101	10401
20102	10401
20103	10400
20104	10400
20105	10401
20106	10402
20107	10403
20108	10404
20109	10405
20110	10406
20111	10407
20112	10408
20113	10408
20114	10409
20115	10408
20116	10408
20117	10408
20118	10409
20119	10410
20120	10411
20121	10411
20122	10411
20123	10412
20124	10413
20125	10414
20126	10415
20127	10416
20128	10416
20129	10416
20130	10417
20131	10417
20132	10417
20133	10418
20134	10419
20135	10420
20136	10420
20137	10420
20138	10420
20139	10420
20140	10421
20141	10422
20142	10423
20143	10423
20144	10424
20145	10425
20146	10425
20147	10426
20148	10427
20149	10427
20150	10428
20151	10429
20152	10430
20153	10431
20154	10431
20155	10432
20156	10433
20157	10434
20158	10434
20159	10435
20160	10436
20161	10437
20162	10438
20163	10439
20164	10440
20165	10440
20166	10441
20167	10442
20168	10442
20169	10443
20170	10444
20171	10444
20172	10445
20173	10445
20174	10445
20175	10444
20176	10445
20177	10446
20178	10447
20179	10448
20180	10448
20181	10449
20182	10450
20183	10450
20184	10450
20185	10450
20186	10451
20187	10452
20188	10452
20189	10452
20190	10453
20191	10454
20192	10454
20193	10454
20194	10454
20195	10454
20196	10455
20197	10456
20198	10457
20199	10457
20200	10458
20201	10459
20202	10460
20203	10461
20204	10461
20205	10462
20206	10463
20207	10464
20208	10465
20209	10465
20210	10464
20211	10464
20212	10464
20213	10465
20214	10466
20215	10467
20216	10467
20217	10467
20218	10468
20219	10469
20220	10470
20221	10471
20222	10471
20223	10472
20224	10473
20225	10474
20226	10474
20227	10474
20228	10474
20229	10474
20230	10474
20231	10474
20232	10475
20233	10475
20234	10475
20235	10475
20236	10475
20237	10474
20238	10475
20239	10476
20240	10476
20241	10477
20242	10478
20243	10479
20244	10480
20245	10481
20246	10482
20247	10483
20248	10484
20249	10485
20250	10485
20251	10486
20252	10486
20253	10487
20254	10488
20255	10489
20256	10489
20257	10490
20258	10491
20259	10492
20260	10491
20261	10490
20262	10490
20263	10491
20264	10492
20265	10493
20266	10493
20267	10493
20268	10493
20269	10494
20270	10495
20271	10496
20272	10497
20273	10498
20274	10499
20275	10500
20276	10501
20277	10502
20278	10503
20279	10503
20280	10504
20281	10504
20282	10505
20283	10506
20284	10507
20285	10507
20286	10507
20287	10508
20288	10508
20289	10507
20290	10508
20291	10509
20292	10510
20293	10511
20294	10511
20295	10511
20296	10511
20297	10512
20298	10513
20299	10514
20300	10514
20301	10515
20302	10516
20303	10516
20304	10517
20305	10517
20306	10518
20307	10519
20308	10519
20309	10519
20310	10520
20311	10521
20312	10522
20313	10523
20314	10524
20315	10524
20316	10525
20317	10526
20318	10526
20319	10527
20320	10527
20321	10528
20322	10527
20323	10528
20324	10529
20325	10529
20326	10530
20327	10531
20328	10532
20329	10533
20330	10534
20331	10535
20332	10535
20333	10536
20334	10537
20335	10538
20336	10539
20337	10540
20338	10540
20339	10541
20340	10542
20341	10541
20342	10541
20343	10541
20344	10542
20345	10542
20346	10543
20347	10543
20348	10544
20349	10545
20350	10544
20351	10545
20352	10546
20353	10547
20354	10547
20355	10548
20356	10549
20357	10549
20358	10550
20359	10550
20360	10551
20361	10552
20362	10552
20363	10553
20364	10554
20365	10554
20366	10555
20367	10556
20368	10557
20369	10558
20370	10559
20371	10559
20372	10560
20373	10561
20374	10561
20375	10561
20376	10561
20377	10562
20378	10563
20379	10564
20380	10565
20381	10566
20382	10567
20383	10566
20384	10566
20385	10567
20386	10568
20387	10568
20388	10568
20389	10568
20390	10569
20391	10570
20392	10570
20393	10569
20394	10570
20395	10571
20396	10571
20397	10572
20398	10573
20399	10574
20400	10575
20401	10576
20402	10577
20403	10578
20404	10579
20405	10579
20406	10580
20407	10581
20408	10581
20409	10581
20410	10581
20411	10581
20412	10581
20413	10582
20414	10583
20415	10584
20416	10585
20417	10585
20418	10584
20419	10584
20420	10585
20421	10586
20422	10586
20423	10586
20424	10587
20425	10588
20426	10589
20427	10590
20428	10591
20429	10592
20430	10593
20431	10594
20432	10595
20433	10595
20434	10595
20435	10595
20436	10596
20437	10597
20438	10598
20439	10598
20440	10599
20441	10600
20442	10601
20443	10602
20444	10602
20445	10603
20446	10604
20447	10604
20448	10604
20449	10605
20450	10605
20451	10606
20452	10607
20453	10607
20454	10608
20455	10609
20456	10609
20457	10609
20458	10610
20459	10610
20460	10609
20461	10610
20462	10611
20463	10612
20464	10613
20465	10612
20466	10613
20467	10614
20468	10615
20469	10616
20470	10617
20471	10618
20472	10619
20473	10619
20474	10619
20475	10620
20476	10621
20477	10622
20478	10622
20479	10621
20480	10622
20481	10623
20482	10624
20483	10623
20484	10623
20485	10624
20486	10625
20487	10626
20488	10627
20489	10627
20490	10627
20491	10627
20492	10628
20493	10629
20494	10629
20495	10630
20496	10631
20497	10632
20498	10632
20499	10632
20500	10633
20501	10634
20502	10635
20503	10635
20504	10635
20505	10636
20506	10637
20507	10638
20508	10639
20509	10639
20510	10640
20511	10641
20512	10641
20513	10640
20514	10640
20515	10641
20516	10642
20517	10642
20518	10643
20519	10643
20520	10644
20521	10645
20522	10645
20523	10646
20524	10647
20525	10648
20526	10649
20527	10649
20528	10649
20529	10649
20530	10650
20531	10651
20532	10651
20533	10651
20534	10652
20535	10651
20536	10652
20537	10653
20538	10653
20539	10653
20540	10654
20541	10655
20542	10656
20543	10656
20544	10657
20545	10657
20546	10657
20547	10657
20548	10658
20549	10659
20550	10660
20551	10661
20552	10661
20553	10661
20554	10662
20555	10662
20556	10663
20557	10664
20558	10665
20559	10666
20560	10667
20561	10667
20562	10668
20563	10669
20564	10669
20565	10670
20566	10671
20567	10671
20568	10672
20569	10673
20570	10674
20571	10675
20572	10675
20573	10675
20574	10675
20575	10676
20576	10677
20577	10676
20578	10677
20579	10678
20580	10678
20581	10679
20582	10680
20583	10681
20584	10682
20585	10683
20586	10683
20587	10684
20588	10685
20589	10686
20590	10686
20591	10687
20592	10688
20593	10689
20594	10690
20595	10690
20596	10691
20597	10691
20598	10691
20599	10692
20600	10693
20601	10692
20602	10693
20603	10694
20604	10695
20605	10694
20606	10694
20607	10695
20608	10696
20609	10697
20610	10698
20611	10699
20612	10700
20613	10700
20614	10700
20615	10700
20616	10701
20617	10701
20618	10702
20619	10702
20620	10703
20621	10704
20622	10705
20623	10706
20624	10706
20625	10706
20626	10707
20627	10708
20628	10709
20629	10709
20630	10710
20631	10710
20632	10710
20633	10711
20634	10712
20635	10712
20636	10713
20637	10713
20638	10714
20639	10714
20640	10715
20641	10716
20642	10717
20643	10718
20644	10719
20645	10720
20646	10719
20647	10719
20648	10720
20649	10721
20650	10722
20651	10723
20652	10724
20653	10724
20654	10725
20655	10726
20656	10726
20657	10726
20658	10727
20659	10728
20660	10729
20661	10730
20662	10731
20663	10732
20664	10733
20665	10734
20666	10734
20667	10734
20668	10734
20669	10735
20670	10736
20671	10736
20672	10737
20673	10737
20674	10738
20675	10739
20676	10739
20677	10740
20678	10741
20679	10741
20680	10742
20681	10743
20682	10743
20683	10743
20684	10743
20685	10743
20686	10744
20687	10745
20688	10746
20689	10746
20690	10747
20691	10747
20692	10747
20693	10748
20694	10748
20695	10748
20696	10748
20697	10749
20698	10749
20699	10750
20700	10750
20701	10750
20702	10751
20703	10752
20704	10753
20705	10753
20706	10754
20707	10755
20708	10756
20709	10757
20710	10758
20711	10758
20712	10758
20713	10759
20714	10759
20715	10759
20716	10759
20717	10760
20718	10761
20719	10760
20720	10760
20721	10760
20722	10760
20723	10761
20724	10761
20725	10762
20726	10763
20727	10764
20728	10765
20729	10766
20730	10767
20731	10768
20732	10769
20733	10770
20734	10770
20735	10771
20736	10771
20737	10772
20738	10773
20739	10774
20740	10774
20741	10775
20742	10775
20743	10775
20744	10776
20745	10776
20746	10777
20747	10778
20748	10779
20749	10780
20750	10780
20751	10781
20752	10782
20753	10783
20754	10784
20755	10785
20756	10785
20757	10785
20758	10786
20759	10786
20760	10787
20761	10786
20762	10786
20763	10786
20764	10786
20765	10786
20766	10786
20767	10787
20768	10788
20769	10789
20770	10788
20771	10789
20772	10789
20773	10789
20774	10790
20775	10790
20776	10791
20777	10792
20778	10793
20779	10793
20780	10793
20781	10794
20782	10795
20783	10796
20784	10796
20785	10797
20786	10797
20787	10798
20788	10798
20789	10798
20790	10798
20791	10799
20792	10800
20793	10800
20794	10800
20795	10801
20796	10802
20797	10803
20798	10803
20799	10804
20800	10805
20801	10806
20802	10806
20803	10807
20804	10808
20805	10808
20806	10809
20807	10810
20808	10811
20809	10811
20810	10812
20811	10813
20812	10813
20813	10814
20814	10815
20815	10816
20816	10817
20817	10818
20818	10819
20819	10819
20820	10820
20821	10821
20822	10820
20823	10820
20824	10821
20825	10822
20826	10823
20827	10824
20828	10824
20829	10825
20830	10825
20831	10825
20832	10826
20833	10827
20834	10828
20835	10829
20836	10830
20837	10831
20838	10831
20839	10831
20840	10831
20841	10831
20842	10832
20843	10833
20844	10833
20845	10833
20846	10834
20847	10834
20848	10835
20849	10836
20850	10836
20851	10836
20852	10837
20853	10838
20854	10839
20855	10839
20856	10839
20857	10840
20858	10840
20859	10841
20860	10842
20861	10843
20862	10844
20863	10844
20864	10845
20865	10846
20866	10847
20867	10848
20868	10847
20869	10848
20870	10848
20871	10849
20872	10850
20873	10851
20874	10852
20875	10853
20876	10854
20877	10855
20878	10854
20879	10855
20880	10856
20881	10857
20882	10856
20883	10857
20884	10858
20885	10858
20886	10858
20887	10859
20888	10859
20889	10859
20890	10860
20891	10861
20892	10862
20893	10863
20894	10864
20895	10864
20896	10864
20897	10864
20898	10865
20899	10865
20900	10865
20901	10865
20902	10865
20903	10866
20904	10867
20905	10868
20906	10869
20907	10870
20908	10869
20909	10870
20910	10871
20911	10871
20912	10872
20913	10873
20914	10874
20915	10875
20916	10875
20917	10876
20918	10876
20919	10877
20920	10877
20921	10878
20922	10878
20923	10879
20924	10880
20925	10881
20926	10880
20927	10880
20928	10881
20929	10882
20930	10883
20931	10883
20932	10883
20933	10884
20934	10884
20935	10885
20936	10886
20937	10887
20938	10888
20939	10889
20940	10890
20941	10891
20942	10892
20943	10892
20944	10893
20945	10894
20946	10894
20947	10895
20948	10895
20949	10895
20950	10896
20951	10896
20952	10897
20953	10897
20954	10898
20955	10899
20956	10900
20957	10901
20958	10902
20959	10902
20960	10903
20961	10904
20962	10905
20963	10906
20964	10906
20965	10905
20966	10905
20967	10905
20968	10906
20969	10907
20970	10908
20971	10908
20972	10908
20973	10909
20974	10910
20975	10911
20976	10912
20977	10912
20978	10913
20979	10914
20980	10915
20981	10915
20982	10915
20983	10916
20984	10917
20985	10917
20986	10917
20987	10917
20988	10918
20989	10919
20990	10920
20991	10921
20992	10922
20993	10923
20994	10924
20995	10925
20996	10926
20997	10926
20998	10927
20999	10928
21000	10928
21001	10928
21002	10929
21003	10930
21004	10929
21005	10929
21006	10929
21007	10930
21008	10931
21009	10932
21010	10933
21011	10933
21012	10932
21013	10933
21014	10933
21015	10934
21016	10935
21017	10936
21018	10937
21019	10938
21020	10939
21021	10940
21022	10940
21023	10941
21024	10942
21025	10942
21026	10942
21027	10942
21028	10942
21029	10943
21030	10944
21031	10945
21032	10945
21033	10946
21034	10946
21035	10946
21036	10947
21037	10948
21038	10949
21039	10950
21040	10949
21041	10950
21042	10951
21043	10952
21044	10952
21045	10952
21046	10952
21047	10952
21048	10953
21049	10953
21050	10954
21051	10955
21052	10955
21053	10956
21054	10957
21055	10957
21056	10958
21057	10958
21058	10959
21059	10960
21060	10961
21061	10962
21062	10962
21063	10963
21064	10964
21065	10965
21066	10966
21067	10967
21068	10968
21069	10968
21070	10968
21071	10969
21072	10970
21073	10971
21074	10972
21075	10973
21076	10973
21077	10973
21078	10974
21079	10973
21080	10973
21081	10974
21082	10975
21083	10976
21084	10977
21085	10977
21086	10977
21087	10978
21088	10978
21089	10979
21090	10979
21091	10980
21092	10981
21093	10982
21094	10981
21095	10982
21096	10983
21097	10984
21098	10985
21099	10985
21100	10984
21101	10985
21102	10986
21103	10986
21104	10987
21105	10988
21106	10988
21107	10989
21108	10989
21109	10990
21110	10990
21111	10990
21112	10990
21113	10990
21114	10991
21115	10992
21116	10993
21117	10994
21118	10994
21119	10993
21120	10993
21121	10994
21122	10995
21123	10996
21124	10995
21125	10995
21126	10996
21127	10997
21128	10998
21129	10999
21130	11000
21131	11001
21132	11002
21133	11003
21134	11004
21135	11004
21136	11005
21137	11006
21138	11007
21139	11007
21140	11007
21141	11007
21142	11008
21143	11009
21144	11010
21145	11011
21146	11012
21147	11012
21148	11012
21149	11012
21150	11013
21151	11014
21152	11014
21153	11015
21154	11016
21155	11016
21156	11017
21157	11017
21158	11018
21159	11018
21160	11019
21161	11020
21162	11021
21163	11022
21164	11022
21165	11023
21166	11023
21167	11024
21168	11025
21169	11025
21170	11024
21171	11025
21172	11026
21173	11026
21174	11027
21175	11026
21176	11027
21177	11028
21178	11029
21179	11030
21180	11031
21181	11030
21182	11031
21183	11032
21184	11033
21185	11032
21186	11033
21187	11034
21188	11035
21189	11036
21190	11036
21191	11037
21192	11038
21193	11038
21194	11038
21195	11039
21196	11040
21197	11041
21198	11041
21199	11042
21200	11042
21201	11043
21202	11044
21203	11044
21204	11045
21205	11046
21206	11046
21207	11046
21208	11046
21209	11047
21210	11047
21211	11047
21212	11046
21213	11047
21214	11048
21215	11048
21216	11049
21217	11050
21218	11051
21219	11051
21220	11052
21221	11052
21222	11053
21223	11053
21224	11054
21225	11055
21226	11055
21227	11055
21228	11056
21229	11055
21230	11055
21231	11056
21232	11057
21233	11057
21234	11058
21235	11058
21236	11059
21237	11059
21238	11059
21239	11059
21240	11060
21241	11061
21242	11061
21243	11061
21244	11062
21245	11063
21246	11064
21247	11065
21248	11066
21249	11067
21250	11067
21251	11068
21252	11068
21253	11068
21254	11069
21255	11070
21256	11070
21257	11071
21258	11071
21259	11072
21260	11073
21261	11074
21262	11075
21263	11075
21264	11076
21265	11077
21266	11078
21267	11078
21268	11078
21269	11077
21270	11078
21271	11079
21272	11079
21273	11080
21274	11081
21275	11082
21276	11083
21277	11084
21278	11085
21279	11086
21280	11086
21281	11087
21282	11088
21283	11088
21284	11089
21285	11090
21286	11090
21287	11090
21288	11090
21289	11091
21290	11091
21291	11092
21292	11092
21293	11093
21294	11094
21295	11095
21296	11096
21297	11097
21298	11096
21299	11096
21300	11096
21301	11097
21302	11096
21303	11097
21304	11098
21305	11099
21306	11099
21307	11100
21308	11101
21309	11101
21310	11102
21311	11102
21312	11103
21313	11104
21314	11104
21315	11104
21316	11105
21317	11106
21318	11106
21319	11107
21320	11107
21321	11107
21322	11108
21323	11109
21324	11110
21325	11110
21326	11111
21327	11112
21328	11113
21329	11114
21330	11114
21331	11114
21332	11115
21333	11116
21334	11117
21335	11118
21336	11119
21337	11120
21338	11119
21339	11120
21340	11120
21341	11121
21342	11122
21343	11123
21344	11124
21345	11125
21346	11125
21347	11126
21348	11126
21349	11126
21350	11127
21351	11128
21352	11129
21353	11130
21354	11131
21355	11132
21356	11132
21357	11132
21358	11131
21359	11130
21360	11130
21361	11130
21362	11132
21363	11132
21364	11132
21365	11132
21366	11132
21367	11133
21368	11133
21369	11135
21370	11135
21371	11135
21372	11135
21373	11135
21374	11135
21375	11135
21376	11137
21377	11136
21378	11136
21379	11136
21380	11137
21381	11137
21382	11138
21383	11138
21384	11138
21385	11140
21386	11140
21387	11142
21388	11142
21389	11142
21390	11144
21391	11144
21392	11144
21393	11144
21394	11144
21395	11144
21396	11143
21397	11143
21398	11142
21399	11141
21400	11141
21401	11140
21402	11141
21403	11141
21404	11140
21405	11140
21406	11140
21407	11139
21408	11138
21409	11139
21410	11138
21411	11137
21412	11137
21413	11136
21414	11136
21415	11138
21416	11137
21417	11137
21418	11136
21419	11135
21420	11135
21421	11135
21422	11137
21423	11137
21424	11137
21425	11138
21426	11137
21427	11137
21428	11137
21429	11137
21430	11138
21431	11138
21432	11139
21433	11139
21434	11140
21435	11142
21436	11142
21437	11142
21438	11144
21439	11144
21440	11144
21441	11144
21442	11144
21443	11144
21444	11144
21445	11146
21446	11146
21447	11146
21448	11147
21449	11147
21450	11148
21451	11148
21452	11148
21453	11149
21454	11149
21455	11151
21456	11151
21457	11151
21458	11151
21459	11151
21460	11153
21461	11153
21462	11153
21463	11155
21464	11155
21465	11155
21466	11154
21467	11154
21468	11154
21469	11154
21470	11154
21471	11154
21472	11154
21473	11154
21474	11154
21475	11153
21476	11154
21477	11156
21478	11156
21479	11156
21480	11158
21481	11158
21482	11158
21483	11160
21484	11160
21485	11161
21486	11163
21487	11163
21488	11163
21489	11163
21490	11163
21491	11163
21492	11164
21493	11164
21494	11166
21495	11165
21496	11165
21497	11165
21498	11165
21499	11164
21500	11163
21501	11163
21502	11162
21503	11164
21504	11164
21505	11166
21506	11166
21507	11166
21508	11165
21509	11165
21510	11165
21511	11167
21512	11167
21513	11167
21514	11169
21515	11169
21516	11169
21517	11169
21518	11168
21519	11168
21520	11168
21521	11167
21522	11168
21523	11170
21524	11170
21525	11170
21526	11171
21527	11172
21528	11172
21529	11172
21530	11171
21531	11172
21532	11172
21533	11172
21534	11172
21535	11172
21536	11172
21537	11171
21538	11171
21539	11173
21540	11172
21541	11172
21542	11172
21543	11171
21544	11173
21545	11173
21546	11173
21547	11173
21548	11175
21549	11174
21550	11174
21551	11174
21552	11175
21553	11175
21554	11176
21555	11178
21556	11178
21557	11177
21558	11177
21559	11176
21560	11176
21561	11175
21562	11174
21563	11174
21564	11174
21565	11174
21566	11174
21567	11174
21568	11175
21569	11175
21570	11175
21571	11176
21572	11176
21573	11177
21574	11177
21575	11177
21576	11177
21577	11177
21578	11177
21579	11177
21580	11177
21581	11178
21582	11178
21583	11178
21584	11179
21585	11181
21586	11181
21587	11181
21588	11181
21589	11182
21590	11182
21591	11182
21592	11182
21593	11182
21594	11183
21595	11182
21596	11182
21597	11181
21598	11180
21599	11180
21600	11182
21601	11182
21602	11184
21603	11184
21604	11184
21605	11183
21606	11183
21607	11183
21608	11183
21609	11182
21610	11182
21611	11182
21612	11181
21613	11181
21614	11183
21615	11183
21616	11183
21617	11182
21618	11182
21619	11181
21620	11181
21621	11181
21622	11183
21623	11183
21624	11184
21625	11184
21626	11185
21627	11184
21628	11184
21629	11184
21630	11183
21631	11183
21632	11183
21633	11183
21634	11184
21635	11184
21636	11183
21637	11184
21638	11184
21639	11184
21640	11185
21641	11185
21642	11187
21643	11187
21644	11188
21645	11188
21646	11190
21647	11190
21648	11190
21649	11192
21650	11192
21651	11192
21652	11192
21653	11192
21654	11192
21655	11191
21656	11191
21657	11192
21658	11191
21659	11191
21660	11191
21661	11191
21662	11191
21663	11192
21664	11192
21665	11192
21666	11192
21667	11194
21668	11194
21669	11194
21670	11196
21671	11197
21672	11197
21673	11197
21674	11196
21675	11195
21676	11195
21677	11195
21678	11195
21679	11195
21680	11196
21681	11196
21682	11196
21683	11196
21684	11198
21685	11197
21686	11197
21687	11197
21688	11197
21689	11197
21690	11197
21691	11198
21692	11198
21693	11197
21694	11196
21695	11196
21696	11195
21697	11196
21698	11196
21699	11196
21700	11196
21701	11196
21702	11196
21703	11196
21704	11195
21705	11195
21706	11196
21707	11196
21708	11196
21709	11195
21710	11194
21711	11194
21712	11194
21713	11194
21714	11194
21715	11194
21716	11194
21717	11196
21718	11196
21719	11196
21720	11196
21721	11196
21722	11196
21723	11196
21724	11197
21725	11199
21726	11199
21727	11198
21728	11199
21729	11199
21730	11198
21731	11199
21732	11199
21733	11198
21734	11199
21735	11199
21736	11198
21737	11198
21738	11198
21739	11198
21740	11198
21741	11197
21742	11197
21743	11198
21744	11198
21745	11198
21746	11198
21747	11197
21748	11197
21749	11198
21750	11198
21751	11197
21752	11196
21753	11195
21754	11195
21755	11195
21756	11195
21757	11195
21758	11195
21759	11195
21760	11195
21761	11195
21762	11195
21763	11195
21764	11196
21765	11198
21766	11198
21767	11198
21768	11198
21769	11198
21770	11198
21771	11198
21772	11199
21773	11198
21774	11198
21775	11198
21776	11198
21777	11198
21778	11198
21779	11198
21780	11199
21781	11198
21782	11199
21783	11199
21784	11199
21785	11200
21786	11202
21787	11202
21788	11202
21789	11204
21790	11204
21791	11204
21792	11204
21793	11204
21794	11204
21795	11204
21796	11205
21797	11204
21798	11206
21799	11206
21800	11205
21801	11206
21802	11208
21803	11208
21804	11207
21805	11208
21806	11208
21807	11210
21808	11210
21809	11210
21810	11209
21811	11209
21812	11209
21813	11208
21814	11208
21815	11210
21816	11210
21817	11212
21818	11212
21819	11212
21820	11211
21821	11211
21822	11211
21823	11211
21824	11211
21825	11211
21826	11211
21827	11211
21828	11211
21829	11213
21830	11212
21831	11211
21832	11211
21833	11213
21834	11213
21835	11212
21836	11213
21837	11213
21838	11213
21839	11215
21840	11215
21841	11216
21842	11216
21843	11216
21844	11217
21845	11218
21846	11217
21847	11217
21848	11217
21849	11217
21850	11216
21851	11215
21852	11215
21853	11215
21854	11216
21855	11216
21856	11218
21857	11218
21858	11218
21859	11217
21860	11217
21861	11217
21862	11216
21863	11216
21864	11216
21865	11216
21866	11216
21867	11216
21868	11218
21869	11218
21870	11219
21871	11219
21872	11219
21873	11218
21874	11217
21875	11217
21876	11217
21877	11217
21878	11219
21879	11219
21880	11218
21881	11218
21882	11218
21883	11218
21884	11219
21885	11219
21886	11220
21887	11220
21888	11220
21889	11221
21890	11223
21891	11223
21892	11223
21893	11223
21894	11225
21895	11225
21896	11225
21897	11225
21898	11225
21899	11224
21900	11224
21901	11224
21902	11225
21903	11225
21904	11225
21905	11227
21906	11229
21907	11229
21908	11229
21909	11231
21910	11231
21911	11231
21912	11231
21913	11231
21914	11230
21915	11230
21916	11230
21917	11230
21918	11232
21919	11232
21920	11232
21921	11232
21922	11232
21923	11232
21924	11231
21925	11230
21926	11230
21927	11230
21928	11230
21929	11229
21930	11229
21931	11231
21932	11231
21933	11233
21934	11233
21935	11232
21936	11232
21937	11232
21938	11232
21939	11232
21940	11232
21941	11234
21942	11236
21943	11235
21944	11235
21945	11237
21946	11237
21947	11238
21948	11238
21949	11238
21950	11238
21951	11237
21952	11239
21953	11239
21954	11238
21955	11238
21956	11238
21957	11240
21958	11240
21959	11240
21960	11240
21961	11240
21962	11240
21963	11240
21964	11240
21965	11240
21966	11240
21967	11239
21968	11239
21969	11240
21970	11240
21971	11240
21972	11239
21973	11239
21974	11239
21975	11239
21976	11241
21977	11241
21978	11241
21979	11241
21980	11241
21981	11241
21982	11243
21983	11243
21984	11243
21985	11243
21986	11244
21987	11244
21988	11244
21989	11244
21990	11244
21991	11245
21992	11245
21993	11245
21994	11247
21995	11247
21996	11247
21997	11246
21998	11245
21999	11244
22000	11244
22001	11246
22002	11245
22003	11245
22004	11245
22005	11245
22006	11245
22007	11245
22008	11247
22009	11247
22010	11249
22011	11249
22012	11249
22013	11251
22014	11251
22015	11253
22016	11253
22017	11253
22018	11252
22019	11252
22020	11254
22021	11254
22022	11256
22023	11256
22024	11256
22025	11256
22026	11255
22027	11254
22028	11253
22029	11254
22030	11254
22031	11254
22032	11254
22033	11254
22034	11254
22035	11254
22036	11255
22037	11255
22038	11255
22039	11255
22040	11254
22041	11254
22042	11253
22043	11253
22044	11253
22045	11253
22046	11253
22047	11253
22048	11255
22049	11255
22050	11257
22051	11257
22052	11256
22053	11256
22054	11256
22055	11256
22056	11256
22057	11256
22058	11256
22059	11256
22060	11255
22061	11255
22062	11255
22063	11256
22064	11256
22065	11256
22066	11256
22067	11258
22068	11258
22069	11258
22070	11258
22071	11258
22072	11257
22073	11258
22074	11258
22075	11259
22076	11259
22077	11259
22078	11260
22079	11259
22080	11260
22081	11259
22082	11258
22083	11257
22084	11257
22085	11257
22086	11257
22087	11257
22088	11256
22089	11256
22090	11256
22091	11258
22092	11258
22093	11260
22094	11259
22095	11258
22096	11258
22097	11257
22098	11257
22099	11257
22100	11257
22101	11257
22102	11257
22103	11257
22104	11257
22105	11258
22106	11258
22107	11258
22108	11258
22109	11258
22110	11260
22111	11260
22112	11261
22113	11261
22114	11261
22115	11262
22116	11262
22117	11263
22118	11262
22119	11262
22120	11261
22121	11262
22122	11262
22123	11262
22124	11263
22125	11263
22126	11264
22127	11264
22128	11264
22129	11264
22130	11264
22131	11264
22132	11264
22133	11264
22134	11265
22135	11264
22136	11264
22137	11266
22138	11266
22139	11266
22140	11267
22141	11268
22142	11268
22143	11267
22144	11267
22145	11267
22146	11267
22147	11267
22148	11267
22149	11266
22150	11266
22151	11268
22152	11267
22153	11267
22154	11267
22155	11267
22156	11267
22157	11267
22158	11267
22159	11268
22160	11268
22161	11268
22162	11269
22163	11270
22164	11270
22165	11270
22166	11269
22167	11270
22168	11270
22169	11272
22170	11272
22171	11271
22172	11271
22173	11273
22174	11273
22175	11274
22176	11274
22177	11274
22178	11274
22179	11274
22180	11274
22181	11276
22182	11276
22183	11278
22184	11279
22185	11279
22186	11278
22187	11280
22188	11280
22189	11281
22190	11280
22191	11280
22192	11280
22193	11279
22194	11279
22195	11279
22196	11278
22197	11279
22198	11280
22199	11280
22200	11280
22201	11279
22202	11279
22203	11279
22204	11279
22205	11279
22206	11281
22207	11281
22208	11280
22209	11280
22210	11280
22211	11280
22212	11282
22213	11282
22214	11282
22215	11282
22216	11282
22217	11282
22218	11282
22219	11284
22220	11283
22221	11283
22222	11282
22223	11282
22224	11282
22225	11281
22226	11281
22227	11282
22228	11282
22229	11283
22230	11283
22231	11283
22232	11284
22233	11284
22234	11284
22235	11284
22236	11284
22237	11284
22238	11284
22239	11284
22240	11284
22241	11284
22242	11284
22243	11285
22244	11286
22245	11286
22246	11286
22247	11288
22248	11288
22249	11288
22250	11290
22251	11290
22252	11292
22253	11293
22254	11293
22255	11293
22256	11293
22257	11293
22258	11293
22259	11295
22260	11295
22261	11294
22262	11294
22263	11293
22264	11292
22265	11292
22266	11292
22267	11294
22268	11294
22269	11294
22270	11293
22271	11292
22272	11292
22273	11294
22274	11294
22275	11294
22276	11294
22277	11294
22278	11294
22279	11295
22280	11295
22281	11294
22282	11294
22283	11293
22284	11293
22285	11293
22286	11293
22287	11293
22288	11293
22289	11293
22290	11292
22291	11292
22292	11294
22293	11294
22294	11296
22295	11296
22296	11296
22297	11296
22298	11296
22299	11296
22300	11296
22301	11298
22302	11298
22303	11298
22304	11297
22305	11297
22306	11298
22307	11298
22308	11299
22309	11299
22310	11299
22311	11300
22312	11301
22313	11301
22314	11301
22315	11301
22316	11301
22317	11301
22318	11300
22319	11299
22320	11299
22321	11298
22322	11298
22323	11300
22324	11300
22325	11300
22326	11300
22327	11300
22328	11300
22329	11299
22330	11299
22331	11299
22332	11299
22333	11299
22334	11299
22335	11301
22336	11301
22337	11300
22338	11302
22339	11302
22340	11302
22341	11301
22342	11303
22343	11302
22344	11302
22345	11302
22346	11301
22347	11301
22348	11303
22349	11302
22350	11302
22351	11302
22352	11302
22353	11302
22354	11302
22355	11302
22356	11303
22357	11303
22358	11303
22359	11305
22360	11305
22361	11305
22362	11307
22363	11309
22364	11309
22365	11309
22366	11309
22367	11308
22368	11307
22369	11307
22370	11306
22371	11306
22372	11306
22373	11308
22374	11308
22375	11308
22376	11310
22377	11310
22378	11310
22379	11310
22380	11309
22381	11309
22382	11309
22383	11309
22384	11311
22385	11311
22386	11312
22387	11312
22388	11311
22389	11311
22390	11311
22391	11311
22392	11311
22393	11311
22394	11312
22395	11312
22396	11311
22397	11312
22398	11314
22399	11314
22400	11314
22401	11316
22402	11316
22403	11316
22404	11316
22405	11316
22406	11315
22407	11315
22408	11315
22409	11315
22410	11315
22411	11315
22412	11315
22413	11315
22414	11316
22415	11316
22416	11318
22417	11318
22418	11318
22419	11319
22420	11319
22421	11320
22422	11320
22423	11322
22424	11322
22425	11322
22426	11322
22427	11322
22428	11323
22429	11322
22430	11324
22431	11324
22432	11324
22433	11324
22434	11324
22435	11324
22436	11323
22437	11323
22438	11323
22439	11325
22440	11325
22441	11325
22442	11324
22443	11323
22444	11323
22445	11324
22446	11324
22447	11324
22448	11324
22449	11323
22450	11325
22451	11325
22452	11325
22453	11325
22454	11325
22455	11324
22456	11324
22457	11326
22458	11325
22459	11325
22460	11325
22461	11325
22462	11325
22463	11325
22464	11327
22465	11327
22466	11326
22467	11326
22468	11328
22469	11328
22470	11328
22471	11329
22472	11329
22473	11329
22474	11331
22475	11331
22476	11331
22477	11333
22478	11333
22479	11335
22480	11335
22481	11335
22482	11335
22483	11335
22484	11334
22485	11334
22486	11333
22487	11332
22488	11332
22489	11331
22490	11330
22491	11330
22492	11330
22493	11330
22494	11330
22495	11330
22496	11329
22497	11328
22498	11327
22499	11329
22500	11329
22501	11329
22502	11331
22503	11331
22504	11331
22505	11330
22506	11330
22507	11330
22508	11330
22509	11330
22510	11330
22511	11330
22512	11330
22513	11332
22514	11332
22515	11332
22516	11332
22517	11332
22518	11331
22519	11331
22520	11331
22521	11332
22522	11332
22523	11333
22524	11333
22525	11333
22526	11334
22527	11335
22528	11335
22529	11335
22530	11337
22531	11339
22532	11339
22533	11338
22534	11338
22535	11337
22536	11339
22537	11339
22538	11339
22539	11339
22540	11339
22541	11338
22542	11338
22543	11338
22544	11338
22545	11340
22546	11340
22547	11340
22548	11340
22549	11340
22550	11340
22551	11340
22552	11342
22553	11342
22554	11343
22555	11343
22556	11342
22557	11343
22558	11343
22559	11343
22560	11344
22561	11344
22562	11343
22563	11343
22564	11343
22565	11342
22566	11344
22567	11344
22568	11344
22569	11343
22570	11343
22571	11343
22572	11343
22573	11342
22574	11344
22575	11344
22576	11346
22577	11346
22578	11346
22579	11346
22580	11345
22581	11345
22582	11345
22583	11345
22584	11345
22585	11345
22586	11345
22587	11347
22588	11347
22589	11347
22590	11347
22591	11347
22592	11347
22593	11347
22594	11349
22595	11349
22596	11348
22597	11348
22598	11347
22599	11347
22600	11346
22601	11347
22602	11346
22603	11347
22604	11347
22605	11348
22606	11349
22607	11349
22608	11348
22609	11348
22610	11348
22611	11348
22612	11348
22613	11348
22614	11350
22615	11350
22616	11352
22617	11352
22618	11354
22619	11354
22620	11354
22621	11354
22622	11353
22623	11353
22624	11353
22625	11353
22626	11353
22627	11354
22628	11353
22629	11353
22630	11353
22631	11353
22632	11352
22633	11351
22634	11352
22635	11351
22636	11353
22637	11353
22638	11353
22639	11354
22640	11356
22641	11358
22642	11359
22643	11359
22644	11359
22645	11359
22646	11359
22647	11358
22648	11358
22649	11358
22650	11358
22651	11360
22652	11360
22653	11360
22654	11362
22655	11361
22656	11360
22657	11360
22658	11360
22659	11360
22660	11359
22661	11359
22662	11359
22663	11359
22664	11359
22665	11359
22666	11359
22667	11361
22668	11360
22669	11360
22670	11361
22671	11361
22672	11361
22673	11360
22674	11361
22675	11363
22676	11363
22677	11363
22678	11365
22679	11365
22680	11367
22681	11367
22682	11367
22683	11366
22684	11366
22685	11368
22686	11368
22687	11367
22688	11367
22689	11367
22690	11366
22691	11366
22692	11366
22693	11367
22694	11367
22695	11367
22696	11367
22697	11367
22698	11368
22699	11368
22700	11368
22701	11367
22702	11367
22703	11366
22704	11368
22705	11368
22706	11367
22707	11367
22708	11367
22709	11367
22710	11367
22711	11367
22712	11367
22713	11367
22714	11367
22715	11366
22716	11368
22717	11367
22718	11367
22719	11367
22720	11367
22721	11367
22722	11368
22723	11368
22724	11368
22725	11368
22726	11368
22727	11368
22728	11368
22729	11369
22730	11371
22731	11371
22732	11371
22733	11372
22734	11372
22735	11372
22736	11372
22737	11372
22738	11372
22739	11371
22740	11371
22741	11371
22742	11371
22743	11371
22744	11373
22745	11372
22746	11372
22747	11373
22748	11373
22749	11373
22750	11372
22751	11372
22752	11373
22753	11372
22754	11372
22755	11374
22756	11374
22757	11374
22758	11376
22759	11375
22760	11377
22761	11377
22762	11377
22763	11377
22764	11376
22765	11376
22766	11376
22767	11376
22768	11376
22769	11376
22770	11376
22771	11376
22772	11377
22773	11379
22774	11379
22775	11379
22776	11381
22777	11382
22778	11382
22779	11381
22780	11380
22781	11381
22782	11381
22783	11381
22784	11381
22785	11381
22786	11380
22787	11380
22788	11381
22789	11381
22790	11380
22791	11380
22792	11380
22793	11381
22794	11381
22795	11383
22796	11383
22797	11383
22798	11382
22799	11384
22800	11384
22801	11385
22802	11387
22803	11387
22804	11387
22805	11387
22806	11387
22807	11386
22808	11385
22809	11385
22810	11385
22811	11385
22812	11384
22813	11384
22814	11384
22815	11385
22816	11385
22817	11385
22818	11386
22819	11386
22820	11386
22821	11386
22822	11386
22823	11386
22824	11386
22825	11387
22826	11386
22827	11386
22828	11385
22829	11385
22830	11386
22831	11386
22832	11386
22833	11386
22834	11386
22835	11388
22836	11387
22837	11387
22838	11386
22839	11385
22840	11385
22841	11385
22842	11387
22843	11386
22844	11385
22845	11385
22846	11385
22847	11385
22848	11385
22849	11384
22850	11383
22851	11383
22852	11383
22853	11383
22854	11382
22855	11383
22856	11383
22857	11385
22858	11385
22859	11385
22860	11384
22861	11384
22862	11383
22863	11385
22864	11387
22865	11387
22866	11387
22867	11387
22868	11387
22869	11387
22870	11389
22871	11389
22872	11389
22873	11389
22874	11389
22875	11389
22876	11389
22877	11390
22878	11390
22879	11389
22880	11389
22881	11389
22882	11389
22883	11389
22884	11389
22885	11389
22886	11389
22887	11390
22888	11390
22889	11390
22890	11390
22891	11392
22892	11392
22893	11392
22894	11392
22895	11392
22896	11393
22897	11393
22898	11395
22899	11395
22900	11394
22901	11395
22902	11395
22903	11395
22904	11395
22905	11395
22906	11395
22907	11394
22908	11393
22909	11393
22910	11393
22911	11393
22912	11393
22913	11394
22914	11394
22915	11394
22916	11394
22917	11394
22918	11393
22919	11393
22920	11392
22921	11392
22922	11391
22923	11391
22924	11391
22925	11391
22926	11391
22927	11392
22928	11392
22929	11392
22930	11393
22931	11394
22932	11393
22933	11393
22934	11393
22935	11393
22936	11392
22937	11392
22938	11392
22939	11392
22940	11392
22941	11392
22942	11394
22943	11394
22944	11394
22945	11396
22946	11396
22947	11396
22948	11396
22949	11396
22950	11396
22951	11397
22952	11397
22953	11397
22954	11398
22955	11398
22956	11398
22957	11398
22958	11398
22959	11398
22960	11399
22961	11399
22962	11400
22963	11400
22964	11400
22965	11400
22966	11400
22967	11402
22968	11402
22969	11403
22970	11403
22971	11403
22972	11403
22973	11403
22974	11403
22975	11402
22976	11404
22977	11404
22978	11404
22979	11404
22980	11404
22981	11404
22982	11404
22983	11404
22984	11403
22985	11403
22986	11405
22987	11405
22988	11407
22989	11407
22990	11407
22991	11408
22992	11408
22993	11408
22994	11408
22995	11408
22996	11408
22997	11408
22998	11408
22999	11408
23000	11408
23001	11409
23002	11410
23003	11410
23004	11410
23005	11411
23006	11410
23007	11410
23008	11409
23009	11409
23010	11410
23011	11409
23012	11409
23013	11411
23014	11411
23015	11411
23016	11413
23017	11413
23018	11414
23019	11414
23020	11414
23021	11414
23022	11413
23023	11414
23024	11413
23025	11412
23026	11412
23027	11411
23028	11411
23029	11411
23030	11411
23031	11412
23032	11412
23033	11414
23034	11414
23035	11413
23036	11413
23037	11413
23038	11413
23039	11412
23040	11412
23041	11412
23042	11412
23043	11412
23044	11412
23045	11414
23046	11414
23047	11416
23048	11416
23049	11417
23050	11417
23051	11417
23052	11416
23053	11416
23054	11415
23055	11415
23056	11415
23057	11415
23058	11415
23059	11415
23060	11416
23061	11416
23062	11416
23063	11416
23064	11416
23065	11415
23066	11415
23067	11415
23068	11416
23069	11416
23070	11417
23071	11417
23072	11416
23073	11417
23074	11417
23075	11417
23076	11417
23077	11417
23078	11417
23079	11416
23080	11417
23081	11417
23082	11417
23083	11416
23084	11416
23085	11416
23086	11416
23087	11416
23088	11416
23089	11418
23090	11418
23091	11419
23092	11419
23093	11419
23094	11421
23095	11421
23096	11421
23097	11421
23098	11420
23099	11420
23100	11420
23101	11422
23102	11422
23103	11422
23104	11424
23105	11424
23106	11423
23107	11423
23108	11423
23109	11425
23110	11425
23111	11425
23112	11425
23113	11425
23114	11425
23115	11426
23116	11426
23117	11427
23118	11427
23119	11426
23120	11428
23121	11427
23122	11427
23123	11429
23124	11429
23125	11431
23126	11431
23127	11431
23128	11431
23129	11431
23130	11430
23131	11430
23132	11430
23133	11431
23134	11430
23135	11430
23136	11430
23137	11429
23138	11428
23139	11427
23140	11427
23141	11426
23142	11427
23143	11426
23144	11426
23145	11425
23146	11424
23147	11423
23148	11423
23149	11425
23150	11425
23151	11427
23152	11427
23153	11427
23154	11426
23155	11425
23156	11425
23157	11426
23158	11425
23159	11425
23160	11425
23161	11425
23162	11426
23163	11426
23164	11426
23165	11427
23166	11429
23167	11429
23168	11429
23169	11430
23170	11430
23171	11430
23172	11430
23173	11430
23174	11430
23175	11430
23176	11430
23177	11432
23178	11432
23179	11431
23180	11432
23181	11434
23182	11434
23183	11434
23184	11435
23185	11435
23186	11437
23187	11437
23188	11437
23189	11437
23190	11437
23191	11438
23192	11438
23193	11440
23194	11440
23195	11442
23196	11441
23197	11441
23198	11441
23199	11440
23200	11439
23201	11439
23202	11438
23203	11437
23204	11438
23205	11438
23206	11440
23207	11440
23208	11440
23209	11439
23210	11439
23211	11439
23212	11439
23213	11439
23214	11439
23215	11439
23216	11439
23217	11439
23218	11441
23219	11441
23220	11442
23221	11442
23222	11443
23223	11443
23224	11443
23225	11445
23226	11445
23227	11446
23228	11446
23229	11446
23230	11446
23231	11446
23232	11448
23233	11448
23234	11448
23235	11450
23236	11450
23237	11450
23238	11449
23239	11449
23240	11449
23241	11451
23242	11451
23243	11451
23244	11451
23245	11452
23246	11452
23247	11453
23248	11453
23249	11453
23250	11453
23251	11453
23252	11452
23253	11452
23254	11452
23255	11452
23256	11454
23257	11456
23258	11456
23259	11456
23260	11458
23261	11458
23262	11458
23263	11458
23264	11458
23265	11458
23266	11457
23267	11456
23268	11457
23269	11457
23270	11457
23271	11457
23272	11457
23273	11456
23274	11457
23275	11457
23276	11458
23277	11458
23278	11458
23279	11458
23280	11459
23281	11459
23282	11458
23283	11458
23284	11460
23285	11460
23286	11459
23287	11460
23288	11460
23289	11462
23290	11461
23291	11460
23292	11459
23293	11458
23294	11457
23295	11457
23296	11457
23297	11457
23298	11457
23299	11457
23300	11458
23301	11460
23302	11460
23303	11459
23304	11458
23305	11459
23306	11458
23307	11457
23308	11457
23309	11457
23310	11456
23311	11458
23312	11458
23313	11458
23314	11458
23315	11458
23316	11458
23317	11458
23318	11458
23319	11458
23320	11458
23321	11457
23322	11457
23323	11457
23324	11457
23325	11456
23326	11455
23327	11455
23328	11455
23329	11457
23330	11457
23331	11457
23332	11456
23333	11456
23334	11456
23335	11457
23336	11457
23337	11458
23338	11458
23339	11457
23340	11456
23341	11455
23342	11455
23343	11454
23344	11454
23345	11453
23346	11455
23347	11456
23348	11456
23349	11457
23350	11457
23351	11456
23352	11456
23353	11458
23354	11458
23355	11459
23356	11460
23357	11460
23358	11460
23359	11460
23360	11462
23361	11464
23362	11464
23363	11463
23364	11463
23365	11463
23366	11463
23367	11463
23368	11463
23369	11462
23370	11463
23371	11463
23372	11462
23373	11462
23374	11462
23375	11461
23376	11461
23377	11461
23378	11462
23379	11462
23380	11462
23381	11462
23382	11462
23383	11464
23384	11465
23385	11465
23386	11465
23387	11464
23388	11464
23389	11464
23390	11464
23391	11465
23392	11465
23393	11465
23394	11467
23395	11467
23396	11467
23397	11469
23398	11468
23399	11467
23400	11467
23401	11466
23402	11467
23403	11466
23404	11465
23405	11464
23406	11464
23407	11464
23408	11464
23409	11464
23410	11465
23411	11465
23412	11466
23413	11466
23414	11465
23415	11465
23416	11464
23417	11464
23418	11464
23419	11464
23420	11464
23421	11464
23422	11464
23423	11466
23424	11466
23425	11465
23426	11465
23427	11465
23428	11465
23429	11465
23430	11464
23431	11464
23432	11464
23433	11463
23434	11463
23435	11463
23436	11462
23437	11463
23438	11465
23439	11465
23440	11464
23441	11465
23442	11464
23443	11463
23444	11462
23445	11461
23446	11461
23447	11461
23448	11463
23449	11463
23450	11463
23451	11463
23452	11463
23453	11463
23454	11463
23455	11463
23456	11463
23457	11462
23458	11461
23459	11461
23460	11461
23461	11461
23462	11461
23463	11461
23464	11462
23465	11463
23466	11462
23467	11462
23468	11462
23469	11462
23470	11462
23471	11462
23472	11462
23473	11463
23474	11463
23475	11464
23476	11464
23477	11465
23478	11467
23479	11467
23480	11466
23481	11468
23482	11468
23483	11469
23484	11469
23485	11468
23486	11469
23487	11468
23488	11469
23489	11468
23490	11468
23491	11467
23492	11467
23493	11467
23494	11468
23495	11468
23496	11468
23497	11468
23498	11468
23499	11468
23500	11468
23501	11468
23502	11470
23503	11469
23504	11468
23505	11469
23506	11469
23507	11468
23508	11468
23509	11470
23510	11470
23511	11470
23512	11471
23513	11471
23514	11473
23515	11473
23516	11473
23517	11474
23518	11475
23519	11474
23520	11473
23521	11473
23522	11472
23523	11471
23524	11471
23525	11470
23526	11470
23527	11471
23528	11471
23529	11473
23530	11473
23531	11473
23532	11472
23533	11472
23534	11472
23535	11472
23536	11472
23537	11472
23538	11472
23539	11472
23540	11472
23541	11473
23542	11472
23543	11471
23544	11472
23545	11474
23546	11474
23547	11476
23548	11476
23549	11476
23550	11478
23551	11477
23552	11478
23553	11478
23554	11478
23555	11478
23556	11477
23557	11476
23558	11476
23559	11476
23560	11478
23561	11478
23562	11480
23563	11480
23564	11480
23565	11479
23566	11479
23567	11479
23568	11479
23569	11478
23570	11477
23571	11477
23572	11477
23573	11477
23574	11479
23575	11479
23576	11480
23577	11480
23578	11479
23579	11478
23580	11478
23581	11478
23582	11477
23583	11477
23584	11479
23585	11478
23586	11478
23587	11478
23588	11478
23589	11478
23590	11479
23591	11479
23592	11480
23593	11480
23594	11480
23595	11480
23596	11481
23597	11483
23598	11483
23599	11483
23600	11485
23601	11485
23602	11485
23603	11485
23604	11485
23605	11485
23606	11484
23607	11485
23608	11485
23609	11485
23610	11485
23611	11487
23612	11489
23613	11489
23614	11489
23615	11488
23616	11490
23617	11490
23618	11490
23619	11490
23620	11490
23621	11490
23622	11489
23623	11489
23624	11491
23625	11490
23626	11489
23627	11489
23628	11488
23629	11488
23630	11488
23631	11488
23632	11490
23633	11490
23634	11490
23635	11490
23636	11489
23637	11489
23638	11489
23639	11489
23640	11488
23641	11488
23642	11488
23643	11490
23644	11490
23645	11489
23646	11491
23647	11492
23648	11491
23649	11490
23650	11491
23651	11490
23652	11492
23653	11492
23654	11492
23655	11491
23656	11491
23657	11492
23658	11491
23659	11491
23660	11491
23661	11491
23662	11491
23663	11491
23664	11491
23665	11490
23666	11490
23667	11490
23668	11490
23669	11491
23670	11493
23671	11492
23672	11491
23673	11491
23674	11491
23675	11491
23676	11491
23677	11491
23678	11491
23679	11490
23680	11490
23681	11489
23682	11489
23683	11489
23684	11489
23685	11490
23686	11490
23687	11490
23688	11492
23689	11492
23690	11492
23691	11491
23692	11490
23693	11489
23694	11489
23695	11491
23696	11491
23697	11493
23698	11493
23699	11493
23700	11492
23701	11492
23702	11492
23703	11493
23704	11493
23705	11493
23706	11493
23707	11492
23708	11492
23709	11492
23710	11492
23711	11492
23712	11494
23713	11494
23714	11496
23715	11496
23716	11496
23717	11498
23718	11500
23719	11500
23720	11500
23721	11500
23722	11502
23723	11502
23724	11502
23725	11503
23726	11503
23727	11503
23728	11503
23729	11502
23730	11501
23731	11500
23732	11501
23733	11501
23734	11501
23735	11501
23736	11501
23737	11501
23738	11502
23739	11502
23740	11502
23741	11502
23742	11502
23743	11501
23744	11501
23745	11501
23746	11501
23747	11501
23748	11500
23749	11502
23750	11502
23751	11503
23752	11503
23753	11502
23754	11501
23755	11501
23756	11501
23757	11501
23758	11501
23759	11500
23760	11500
23761	11499
23762	11499
23763	11499
23764	11501
23765	11501
23766	11503
23767	11503
23768	11503
23769	11502
23770	11502
23771	11502
23772	11504
23773	11504
23774	11504
23775	11504
23776	11504
23777	11504
23778	11505
23779	11504
23780	11505
23781	11505
23782	11505
23783	11506
23784	11507
23785	11507
23786	11506
23787	11507
23788	11507
23789	11507
23790	11507
23791	11507
23792	11506
23793	11506
23794	11505
23795	11504
23796	11504
23797	11504
23798	11504
23799	11506
23800	11506
23801	11506
23802	11506
23803	11508
23804	11508
23805	11507
23806	11509
23807	11508
23808	11508
23809	11508
23810	11508
23811	11507
23812	11506
23813	11506
23814	11506
23815	11506
23816	11508
23817	11508
23818	11508
23819	11510
23820	11510
23821	11509
23822	11508
23823	11508
23824	11508
23825	11507
23826	11507
23827	11506
23828	11506
23829	11508
23830	11508
23831	11508
23832	11510
23833	11512
23834	11511
23835	11511
23836	11511
23837	11511
23838	11511
23839	11511
23840	11511
23841	11512
23842	11512
23843	11512
23844	11514
23845	11514
23846	11514
23847	11516
23848	11515
23849	11515
23850	11515
23851	11515
23852	11515
23853	11515
23854	11517
23855	11516
23856	11516
23857	11516
23858	11516
23859	11516
23860	11516
23861	11516
23862	11517
23863	11517
23864	11516
23865	11517
23866	11517
23867	11517
23868	11519
23869	11521
23870	11521
23871	11521
23872	11521
23873	11521
23874	11521
23875	11521
23876	11520
23877	11520
23878	11520
23879	11520
23880	11520
23881	11520
23882	11520
23883	11521
23884	11521
23885	11522
23886	11523
23887	11523
23888	11525
23889	11525
23890	11524
23891	11526
23892	11526
23893	11527
23894	11529
23895	11529
23896	11529
23897	11529
23898	11529
23899	11529
23900	11530
23901	11529
23902	11529
23903	11529
23904	11529
23905	11528
23906	11527
23907	11527
23908	11526
23909	11526
23910	11528
23911	11528
23912	11528
23913	11527
23914	11527
23915	11527
23916	11529
23917	11529
23918	11529
23919	11528
23920	11527
23921	11527
23922	11527
23923	11527
23924	11529
23925	11528
23926	11527
23927	11526
23928	11525
23929	11525
23930	11525
23931	11525
23932	11525
23933	11524
23934	11523
23935	11522
23936	11522
23937	11522
23938	11522
23939	11522
23940	11521
23941	11522
23942	11522
23943	11522
23944	11522
23945	11523
23946	11522
23947	11523
23948	11522
23949	11521
23950	11522
23951	11522
23952	11522
23953	11522
23954	11522
23955	11522
23956	11522
23957	11522
23958	11523
23959	11523
23960	11523
23961	11522
23962	11524
23963	11524
23964	11524
23965	11524
23966	11525
23967	11525
23968	11526
23969	11526
23970	11526
23971	11527
23972	11526
23973	11526
23974	11525
23975	11524
23976	11523
23977	11522
23978	11522
23979	11522
23980	11521
23981	11521
23982	11523
23983	11523
23984	11525
23985	11524
23986	11524
23987	11524
23988	11524
23989	11524
23990	11524
23991	11524
23992	11524
23993	11524
23994	11524
23995	11525
23996	11524
23997	11524
23998	11526
23999	11526
24000	11526
24001	11527
24002	11526
24003	11526
24004	11527
24005	11527
24006	11529
24007	11529
24008	11530
24009	11530
24010	11530
24011	11532
24012	11531
24013	11531
24014	11532
24015	11532
24016	11532
24017	11532
24018	11531
24019	11531
24020	11532
24021	11532
24022	11532
24023	11531
24024	11531
24025	11531
24026	11531
24027	11531
24028	11530
24029	11530
24030	11532
24031	11532
24032	11533
24033	11533
24034	11532
24035	11532
24036	11532
24037	11532
24038	11532
24039	11532
24040	11532
24041	11533
24042	11534
24043	11534
24044	11533
24045	11533
24046	11535
24047	11535
24048	11537
24049	11538
24050	11538
24051	11538
24052	11539
24053	11538
24054	11540
24055	11540
24056	11539
24057	11539
24058	11539
24059	11538
24060	11537
24061	11536
24062	11537
24063	11536
24064	11536
24065	11536
24066	11536
24067	11536
24068	11536
24069	11538
24070	11538
24071	11539
24072	11539
24073	11541
24074	11541
24075	11541
24076	11541
24077	11541
24078	11541
24079	11541
24080	11541
24081	11540
24082	11540
24083	11539
24084	11541
24085	11540
24086	11540
24087	11539
24088	11539
24089	11538
24090	11538
24091	11537
24092	11538
24093	11538
24094	11539
24095	11539
24096	11539
24097	11540
24098	11540
24099	11540
24100	11540
24101	11540
24102	11540
24103	11540
24104	11540
24105	11539
24106	11539
24107	11539
24108	11539
24109	11541
24110	11541
24111	11542
24112	11542
24113	11542
24114	11544
24115	11543
24116	11545
24117	11545
24118	11545
24119	11545
24120	11545
24121	11547
24122	11547
24123	11548
24124	11548
24125	11548
24126	11547
24127	11547
24128	11547
24129	11548
24130	11548
24131	11548
24132	11547
24133	11547
24134	11549
24135	11549
24136	11548
24137	11548
24138	11548
24139	11547
24140	11548
24141	11548
24142	11548
24143	11548
24144	11547
24145	11547
24146	11546
24147	11546
24148	11548
24149	11548
24150	11548
24151	11548
24152	11548
24153	11548
24154	11548
24155	11550
24156	11550
24157	11549
24158	11550
24159	11549
24160	11550
24161	11550
24162	11550
24163	11550
24164	11550
24165	11549
24166	11549
24167	11549
24168	11549
24169	11549
24170	11551
24171	11550
24172	11550
24173	11549
24174	11549
24175	11548
24176	11550
24177	11550
24178	11551
24179	11551
24180	11551
24181	11551
24182	11551
24183	11551
24184	11550
24185	11551
24186	11551
24187	11551
24188	11550
24189	11550
24190	11550
24191	11550
24192	11549
24193	11549
24194	11548
24195	11548
24196	11547
24197	11546
24198	11546
24199	11545
24200	11544
24201	11543
24202	11544
24203	11544
24204	11545
24205	11544
24206	11545
24207	11544
24208	11545
24209	11545
24210	11545
24211	11544
24212	11545
24213	11544
24214	11544
24215	11544
24216	11543
24217	11542
24218	11542
24219	11542
24220	11544
24221	11544
24222	11543
24223	11543
24224	11543
24225	11543
24226	11543
24227	11545
24228	11545
24229	11547
24230	11547
24231	11546
24232	11546
24233	11546
24234	11546
24235	11546
24236	11547
24237	11549
24238	11549
24239	11549
24240	11551
24241	11551
24242	11553
24243	11553
24244	11553
24245	11553
24246	11553
24247	11553
24248	11552
24249	11552
24250	11551
24251	11550
24252	11550
24253	11549
24254	11548
24255	11548
24256	11547
24257	11547
24258	11546
24259	11545
24260	11547
24261	11546
24262	11546
24263	11546
24264	11548
24265	11548
24266	11548
24267	11548
24268	11547
24269	11547
24270	11547
24271	11547
24272	11547
24273	11547
24274	11547
24275	11549
24276	11549
24277	11549
24278	11549
24279	11548
24280	11547
24281	11547
24282	11547
24283	11546
24284	11547
24285	11547
24286	11548
24287	11548
24288	11547
24289	11548
24290	11549
24291	11549
24292	11548
24293	11550
24294	11549
24295	11549
24296	11549
24297	11548
24298	11549
24299	11549
24300	11551
24301	11551
24302	11551
24303	11550
24304	11550
24305	11550
24306	11550
24307	11550
24308	11550
24309	11550
24310	11550
24311	11549
24312	11551
24313	11551
24314	11550
24315	11550
24316	11550
24317	11550
24318	11550
24319	11550
24320	11551
24321	11551
24322	11551
24323	11552
24324	11554
24325	11554
24326	11553
24327	11553
24328	11553
24329	11554
24330	11554
24331	11554
24332	11553
24333	11553
24334	11552
24335	11551
24336	11552
24337	11551
24338	11551
24339	11553
24340	11553
24341	11553
24342	11555
24343	11555
24344	11554
24345	11556
24346	11556
24347	11555
24348	11555
24349	11555
24350	11554
24351	11554
24352	11554
24353	11554
24354	11554
24355	11556
24356	11555
24357	11555
24358	11556
24359	11556
24360	11556
24361	11555
24362	11557
24363	11557
24364	11557
24365	11559
24366	11560
24367	11560
24368	11559
24369	11560
24370	11559
24371	11559
24372	11559
24373	11558
24374	11558
24375	11558
24376	11558
24377	11559
24378	11559
24379	11559
24380	11559
24381	11559
24382	11559
24383	11559
24384	11560
24385	11560
24386	11560
24387	11560
24388	11559
24389	11559
24390	11558
24391	11559
24392	11559
24393	11558
24394	11558
24395	11559
24396	11560
24397	11560
24398	11559
24399	11559
24400	11559
24401	11559
24402	11559
24403	11559
24404	11560
24405	11560
24406	11560
24407	11561
24408	11563
24409	11563
24410	11563
24411	11565
24412	11565
24413	11565
24414	11567
24415	11567
24416	11566
24417	11568
24418	11568
24419	11568
24420	11568
24421	11567
24422	11566
24423	11566
24424	11565
24425	11565
24426	11566
24427	11565
24428	11564
24429	11565
24430	11564
24431	11564
24432	11564
24433	11563
24434	11563
24435	11562
24436	11562
24437	11562
24438	11562
24439	11564
24440	11563
24441	11565
24442	11564
24443	11564
24444	11563
24445	11563
24446	11563
24447	11563
24448	11562
24449	11561
24450	11561
24451	11561
24452	11561
24453	11560
24454	11562
24455	11562
24456	11562
24457	11561
24458	11560
24459	11560
24460	11560
24461	11559
24462	11560
24463	11560
24464	11562
24465	11562
24466	11562
24467	11562
24468	11562
24469	11561
24470	11561
24471	11562
24472	11561
24473	11560
24474	11560
24475	11559
24476	11561
24477	11561
24478	11562
24479	11561
24480	11561
24481	11562
24482	11563
24483	11563
24484	11563
24485	11562
24486	11561
24487	11560
24488	11560
24489	11560
24490	11560
24491	11560
24492	11560
24493	11560
24494	11562
24495	11561
24496	11561
24497	11562
24498	11561
24499	11561
24500	11560
24501	11561
24502	11561
24503	11563
24504	11563
24505	11563
24506	11563
24507	11562
24508	11562
24509	11564
24510	11564
24511	11564
24512	11564
24513	11566
24514	11565
24515	11564
24516	11564
24517	11564
24518	11563
24519	11563
24520	11564
24521	11564
24522	11563
24523	11563
24524	11563
24525	11562
24526	11561
24527	11560
24528	11561
24529	11561
24530	11563
24531	11563
24532	11563
24533	11565
24534	11565
24535	11565
24536	11565
24537	11565
24538	11565
24539	11565
24540	11564
24541	11564
24542	11564
24543	11564
24544	11564
24545	11563
24546	11562
24547	11561
24548	11561
24549	11561
24550	11561
24551	11562
24552	11562
24553	11562
24554	11562
24555	11562
24556	11562
24557	11561
24558	11561
24559	11562
24560	11561
24561	11561
24562	11561
24563	11561
24564	11562
24565	11562
24566	11562
24567	11564
24568	11564
24569	11564
24570	11565
24571	11564
24572	11565
24573	11565
24574	11565
24575	11565
24576	11565
24577	11564
24578	11564
24579	11565
24580	11564
24581	11564
24582	11563
24583	11563
24584	11563
24585	11563
24586	11563
24587	11563
24588	11562
24589	11562
24590	11564
24591	11564
24592	11564
24593	11565
24594	11564
24595	11563
24596	11562
24597	11562
24598	11562
24599	11561
24600	11561
24601	11561
24602	11561
24603	11561
24604	11561
24605	11561
24606	11562
24607	11564
24608	11564
24609	11564
24610	11563
24611	11563
24612	11563
24613	11563
24614	11563
24615	11562
24616	11562
24617	11564
24618	11564
24619	11565
24620	11565
24621	11565
24622	11565
24623	11565
24624	11565
24625	11565
24626	11566
24627	11566
24628	11566
24629	11566
24630	11566
24631	11566
24632	11565
24633	11566
24634	11567
24635	11567
24636	11566
24637	11565
24638	11565
24639	11564
24640	11564
24641	11563
24642	11563
24643	11563
24644	11563
24645	11564
24646	11564
24647	11564
24648	11565
24649	11565
24650	11565
24651	11565
24652	11565
24653	11565
24654	11566
24655	11566
24656	11567
24657	11567
24658	11567
24659	11569
24660	11569
24661	11569
24662	11569
24663	11569
24664	11569
24665	11569
24666	11569
24667	11569
24668	11568
24669	11567
24670	11568
24671	11567
24672	11566
24673	11568
24674	11568
24675	11568
24676	11568
24677	11567
24678	11568
24679	11567
24680	11566
24681	11566
24682	11566
24683	11565
24684	11564
24685	11564
24686	11563
24687	11563
24688	11562
24689	11562
24690	11563
24691	11563
24692	11565
24693	11564
24694	11564
24695	11564
24696	11563
24697	11563
24698	11565
24699	11565
24700	11565
24701	11564
24702	11564
24703	11564
24704	11564
24705	11564
24706	11566
24707	11566
24708	11566
24709	11566
24710	11566
24711	11566
24712	11567
24713	11567
24714	11566
24715	11565
24716	11565
24717	11565
24718	11564
24719	11564
24720	11564
24721	11564
24722	11563
24723	11563
24724	11563
24725	11563
24726	11562
24727	11563
24728	11563
24729	11564
24730	11564
24731	11563
24732	11564
24733	11564
24734	11563
24735	11563
24736	11562
24737	11562
24738	11563
24739	11563
24740	11562
24741	11562
24742	11564
24743	11564
24744	11564
24745	11566
24746	11565
24747	11565
24748	11565
24749	11565
24750	11567
24751	11567
24752	11567
24753	11567
24754	11566
24755	11566
24756	11568
24757	11569
24758	11569
24759	11569
24760	11568
24761	11568
24762	11567
24763	11567
24764	11567
24765	11569
24766	11569
24767	11569
24768	11569
24769	11569
24770	11569
24771	11569
24772	11569
24773	11570
24774	11570
24775	11570
24776	11570
24777	11570
24778	11569
24779	11569
24780	11571
24781	11573
24782	11573
24783	11573
24784	11573
24785	11573
24786	11573
24787	11573
24788	11573
24789	11573
24790	11575
24791	11574
24792	11574
24793	11574
24794	11575
24795	11575
24796	11575
24797	11577
24798	11577
24799	11577
24800	11577
24801	11577
24802	11577
24803	11577
24804	11576
24805	11575
24806	11575
24807	11575
24808	11574
24809	11576
24810	11576
24811	11576
24812	11576
24813	11576
24814	11577
24815	11576
24816	11577
24817	11576
24818	11577
24819	11579
24820	11579
24821	11581
24822	11583
24823	11582
24824	11582
24825	11581
24826	11580
24827	11580
24828	11580
24829	11580
24830	11580
24831	11580
24832	11580
24833	11579
24834	11579
24835	11579
24836	11579
24837	11579
24838	11579
24839	11579
24840	11581
24841	11583
24842	11583
24843	11583
24844	11583
24845	11583
24846	11583
24847	11582
24848	11582
24849	11581
24850	11581
24851	11581
24852	11581
24853	11581
24854	11582
24855	11582
24856	11582
24857	11583
24858	11585
24859	11585
24860	11585
24861	11587
24862	11586
24863	11585
24864	11585
24865	11584
24866	11586
24867	11586
24868	11587
24869	11586
24870	11585
24871	11585
24872	11585
24873	11585
24874	11586
24875	11585
24876	11585
24877	11585
24878	11585
24879	11585
24880	11585
24881	11586
24882	11586
24883	11586
24884	11588
24885	11588
24886	11588
24887	11590
24888	11589
24889	11590
24890	11589
24891	11588
24892	11588
24893	11588
24894	11587
24895	11587
24896	11588
24897	11588
24898	11589
24899	11589
24900	11589
24901	11589
24902	11588
24903	11590
24904	11590
24905	11590
24906	11590
24907	11590
24908	11590
24909	11590
24910	11589
24911	11589
24912	11588
24913	11588
24914	11590
24915	11592
24916	11592
24917	11592
24918	11592
24919	11591
24920	11591
24921	11591
24922	11591
24923	11593
24924	11593
24925	11593
24926	11595
24927	11595
24928	11595
24929	11594
24930	11595
24931	11595
24932	11594
24933	11596
24934	11595
24935	11595
24936	11595
24937	11595
24938	11594
24939	11594
24940	11594
24941	11594
24942	11596
24943	11596
24944	11596
24945	11596
24946	11596
24947	11596
24948	11596
24949	11598
24950	11598
24951	11598
24952	11598
24953	11598
24954	11597
24955	11597
24956	11599
24957	11599
24958	11600
24959	11600
24960	11600
24961	11601
24962	11602
24963	11602
24964	11602
24965	11602
24966	11604
24967	11604
24968	11604
24969	11605
24970	11605
24971	11607
24972	11606
24973	11606
24974	11606
24975	11606
24976	11606
24977	11606
24978	11605
24979	11605
24980	11604
24981	11606
24982	11607
24983	11609
24984	11609
24985	11609
24986	11611
24987	11611
24988	11610
24989	11610
24990	11610
24991	11609
24992	11611
24993	11611
24994	11611
24995	11611
24996	11611
24997	11611
24998	11613
24999	11613
25000	11613
25001	11613
25002	11612
25003	11612
25004	11612
25005	11612
25006	11611
25007	11610
25008	11609
25009	11609
25010	11611
25011	11611
25012	11613
25013	11613
25014	11613
25015	11612
25016	11612
25017	11612
25018	11613
25019	11613
25020	11613
25021	11613
25022	11613
25023	11613
25024	11613
25025	11615
25026	11615
25027	11617
25028	11617
25029	11617
25030	11617
25031	11617
25032	11617
25033	11616
25034	11616
25035	11617
25036	11618
25037	11618
25038	11618
25039	11617
25040	11617
25041	11617
25042	11616
25043	11616
25044	11617
25045	11616
25046	11616
25047	11616
25048	11616
25049	11615
25050	11617
25051	11617
25052	11617
25053	11617
25054	11617
25055	11616
25056	11616
25057	11616
25058	11618
25059	11618
25060	11618
25061	11618
25062	11618
25063	11618
25064	11617
25065	11616
25066	11618
25067	11618
25068	11618
25069	11618
25070	11617
25071	11617
25072	11616
25073	11616
25074	11618
25075	11618
25076	11620
25077	11619
25078	11619
25079	11619
25080	11619
25081	11619
25082	11619
25083	11619
25084	11620
25085	11620
25086	11621
25087	11620
25088	11620
25089	11622
25090	11622
25091	11622
25092	11623
25093	11622
25094	11622
25095	11624
25096	11623
25097	11623
25098	11623
25099	11623
25100	11623
25101	11622
25102	11622
25103	11621
25104	11621
25105	11621
25106	11621
25107	11623
25108	11622
25109	11622
25110	11622
25111	11621
25112	11620
25113	11620
25114	11619
25115	11621
25116	11621
25117	11621
25118	11621
25119	11620
25120	11620
25121	11620
25122	11620
25123	11620
25124	11619
25125	11619
25126	11618
25127	11617
25128	11617
25129	11618
25130	11618
25131	11620
25132	11620
25133	11620
25134	11620
25135	11620
25136	11620
25137	11622
25138	11622
25139	11622
25140	11622
25141	11621
25142	11620
25143	11619
25144	11621
25145	11621
25146	11621
25147	11621
25148	11621
25149	11621
25150	11622
25151	11621
25152	11623
25153	11623
25154	11623
25155	11623
25156	11625
25157	11627
25158	11626
25159	11626
25160	11626
25161	11626
25162	11626
25163	11625
25164	11624
25165	11625
25166	11625
25167	11625
25168	11624
25169	11624
25170	11624
25171	11624
25172	11623
25173	11624
25174	11624
25175	11624
25176	11625
25177	11625
25178	11625
25179	11625
25180	11624
25181	11623
25182	11623
25183	11622
25184	11622
25185	11622
25186	11624
25187	11624
25188	11624
25189	11624
25190	11624
25191	11624
25192	11624
25193	11625
25194	11625
25195	11624
25196	11624
25197	11624
25198	11625
25199	11626
25200	11626
25201	11625
25202	11624
25203	11624
25204	11623
25205	11622
25206	11622
25207	11622
25208	11621
25209	11621
25210	11622
25211	11622
25212	11624
25213	11624
25214	11624
25215	11624
25216	11624
25217	11623
25218	11623
25219	11623
25220	11622
25221	11622
25222	11622
25223	11624
25224	11624
25225	11625
25226	11625
25227	11625
25228	11625
25229	11625
25230	11626
25231	11625
25232	11626
25233	11625
25234	11625
25235	11626
25236	11628
25237	11627
25238	11627
25239	11627
25240	11627
25241	11628
25242	11627
25243	11627
25244	11627
25245	11627
25246	11626
25247	11627
25248	11627
25249	11627
25250	11627
25251	11627
25252	11627
25253	11629
25254	11629
25255	11629
25256	11629
25257	11628
25258	11628
25259	11627
25260	11627
25261	11627
25262	11626
25263	11626
25264	11626
25265	11626
25266	11626
25267	11628
25268	11628
25269	11628
25270	11628
25271	11627
25272	11627
25273	11626
25274	11626
25275	11626
25276	11626
25277	11625
25278	11625
25279	11626
25280	11626
25281	11628
25282	11628
25283	11629
25284	11629
25285	11628
25286	11628
25287	11628
25288	11630
25289	11630
25290	11630
25291	11630
25292	11630
25293	11630
25294	11630
25295	11630
25296	11630
25297	11630
25298	11631
25299	11631
25300	11630
25301	11630
25302	11630
25303	11630
25304	11630
25305	11629
25306	11630
25307	11630
25308	11630
25309	11630
25310	11629
25311	11628
25312	11628
25313	11627
25314	11628
25315	11630
25316	11630
25317	11630
25318	11630
25319	11630
25320	11630
25321	11632
25322	11632
25323	11632
25324	11632
25325	11634
25326	11634
25327	11634
25328	11635
25329	11635
25330	11637
25331	11636
25332	11636
25333	11636
25334	11636
25335	11636
25336	11636
25337	11635
25338	11635
25339	11637
25340	11639
25341	11639
25342	11639
25343	11639
25344	11641
25345	11641
25346	11641
25347	11641
25348	11642
25349	11642
25350	11642
25351	11641
25352	11641
25353	11641
25354	11641
25355	11642
25356	11642
25357	11642
25358	11642
25359	11644
25360	11644
25361	11644
25362	11644
25363	11644
25364	11644
25365	11643
25366	11642
25367	11642
25368	11641
25369	11641
25370	11640
25371	11640
25372	11641
25373	11642
25374	11642
25375	11642
25376	11643
25377	11643
25378	11645
25379	11645
25380	11646
25381	11646
25382	11646
25383	11648
25384	11647
25385	11648
25386	11648
25387	11648
25388	11648
25389	11648
25390	11647
25391	11647
25392	11647
25393	11648
25394	11648
25395	11648
25396	11648
25397	11647
25398	11646
25399	11645
25400	11645
25401	11645
25402	11645
25403	11647
25404	11646
25405	11645
25406	11645
25407	11646
25408	11645
25409	11644
25410	11645
25411	11644
25412	11644
25413	11644
25414	11644
25415	11643
25416	11645
25417	11645
25418	11645
25419	11645
25420	11645
25421	11644
25422	11646
25423	11646
25424	11646
25425	11646
25426	11646
25427	11646
25428	11645
25429	11645
25430	11646
25431	11646
25432	11645
25433	11645
25434	11645
25435	11645
25436	11647
25437	11649
25438	11649
25439	11649
25440	11649
25441	11649
25442	11649
25443	11649
25444	11649
25445	11649
25446	11650
25447	11650
25448	11650
25449	11650
25450	11650
25451	11650
25452	11649
25453	11648
25454	11649
25455	11649
25456	11651
25457	11651
25458	11651
25459	11651
25460	11650
25461	11650
25462	11650
25463	11650
25464	11652
25465	11653
25466	11653
25467	11653
25468	11653
25469	11653
25470	11653
25471	11655
25472	11654
25473	11654
25474	11653
25475	11653
25476	11653
25477	11653
25478	11653
25479	11655
25480	11654
25481	11656
25482	11656
25483	11656
25484	11656
25485	11656
25486	11656
25487	11656
25488	11656
25489	11657
25490	11659
25491	11659
25492	11659
25493	11659
25494	11659
25495	11659
25496	11659
25497	11659
25498	11659
25499	11659
25500	11659
25501	11659
25502	11658
25503	11659
25504	11658
25505	11659
25506	11658
25507	11658
25508	11659
25509	11660
25510	11660
25511	11660
25512	11661
25513	11661
25514	11661
25515	11662
25516	11662
25517	11664
25518	11663
25519	11662
25520	11662
25521	11662
25522	11662
25523	11662
25524	11662
25525	11662
25526	11662
25527	11662
25528	11661
25529	11661
25530	11661
25531	11661
25532	11663
25533	11663
25534	11663
25535	11663
25536	11663
25537	11662
25538	11661
25539	11661
25540	11663
25541	11663
25542	11663
25543	11663
25544	11663
25545	11663
25546	11665
25547	11664
25548	11664
25549	11664
25550	11664
25551	11664
25552	11663
25553	11664
25554	11664
25555	11663
25556	11662
25557	11661
25558	11661
25559	11663
25560	11662
25561	11664
25562	11664
25563	11664
25564	11664
25565	11664
25566	11664
25567	11666
25568	11666
25569	11665
25570	11665
25571	11664
25572	11663
25573	11663
25574	11662
25575	11661
25576	11661
25577	11661
25578	11661
25579	11661
25580	11663
25581	11663
25582	11663
25583	11665
25584	11666
25585	11666
25586	11666
25587	11666
25588	11668
25589	11669
25590	11668
25591	11668
25592	11670
25593	11670
25594	11670
25595	11670
25596	11670
25597	11670
25598	11669
25599	11669
25600	11669
25601	11669
25602	11669
25603	11669
25604	11668
25605	11669
25606	11669
25607	11668
25608	11668
25609	11668
25610	11667
25611	11667
25612	11667
25613	11666
25614	11666
25615	11666
25616	11666
25617	11668
25618	11667
25619	11667
25620	11666
25621	11667
25622	11669
25623	11669
25624	11669
25625	11670
25626	11670
25627	11670
25628	11670
25629	11670
25630	11670
25631	11670
25632	11669
25633	11669
25634	11670
25635	11670
25636	11669
25637	11669
25638	11669
25639	11669
25640	11669
25641	11670
25642	11670
25643	11670
25644	11670
25645	11672
25646	11672
25647	11672
25648	11674
25649	11675
25650	11675
25651	11675
25652	11674
25653	11674
25654	11674
25655	11674
25656	11674
25657	11673
25658	11673
25659	11675
25660	11674
25661	11673
25662	11673
25663	11673
25664	11672
25665	11672
25666	11673
25667	11673
25668	11673
25669	11673
25670	11673
25671	11673
25672	11673
25673	11672
25674	11672
25675	11673
25676	11673
25677	11673
25678	11673
25679	11673
25680	11673
25681	11672
25682	11674
25683	11675
25684	11675
25685	11675
25686	11676
25687	11677
25688	11677
25689	11676
25690	11677
25691	11676
25692	11676
25693	11678
25694	11678
25695	11678
25696	11678
25697	11678
25698	11678
25699	11678
25700	11678
25701	11678
25702	11677
25703	11677
25704	11677
25705	11677
25706	11677
25707	11678
25708	11678
25709	11678
25710	11678
25711	11678
25712	11678
25713	11678
25714	11678
25715	11678
25716	11678
25717	11680
25718	11680
25719	11680
25720	11681
25721	11681
25722	11681
25723	11680
25724	11680
25725	11680
25726	11680
25727	11681
25728	11681
25729	11683
25730	11684
25731	11685
25732	11685
25733	11684
25734	11685
25735	11685
25736	11687
25737	11687
25738	11689
25739	11689
25740	11689
25741	11688
25742	11688
25743	11688
25744	11688
25745	11687
25746	11686
25747	11686
25748	11686
25749	11686
25750	11688
25751	11688
25752	11689
25753	11691
25754	11691
25755	11691
25756	11691
25757	11693
25758	11692
25759	11692
25760	11692
25761	11692
25762	11693
25763	11694
25764	11694
25765	11694
25766	11694
25767	11694
25768	11693
25769	11692
25770	11692
25771	11692
25772	11694
25773	11694
25774	11696
25775	11696
25776	11696
25777	11695
25778	11695
25779	11695
25780	11694
25781	11694
25782	11694
25783	11694
25784	11694
25785	11693
25786	11693
25787	11695
25788	11695
25789	11697
25790	11697
25791	11697
25792	11697
25793	11697
25794	11697
25795	11697
25796	11699
25797	11699
25798	11699
25799	11699
25800	11699
25801	11699
25802	11699
25803	11699
25804	11699
25805	11699
25806	11699
25807	11699
25808	11699
25809	11699
25810	11699
25811	11700
25812	11701
25813	11701
25814	11701
25815	11702
25816	11703
25817	11703
25818	11702
25819	11703
25820	11703
25821	11704
25822	11704
25823	11704
25824	11705
25825	11707
25826	11707
25827	11707
25828	11709
25829	11709
25830	11709
25831	11709
25832	11708
25833	11708
25834	11708
25835	11710
25836	11711
25837	11711
25838	11711
25839	11711
25840	11711
25841	11711
25842	11712
25843	11711
25844	11710
25845	11710
25846	11710
25847	11710
25848	11709
25849	11709
25850	11711
25851	11710
25852	11712
25853	11711
25854	11711
25855	11711
25856	11711
25857	11711
25858	11710
25859	11712
25860	11711
25861	11711
25862	11713
25863	11713
25864	11715
25865	11715
25866	11715
25867	11715
25868	11714
25869	11713
25870	11715
25871	11715
25872	11714
25873	11714
25874	11714
25875	11713
25876	11715
25877	11715
25878	11715
25879	11715
25880	11715
25881	11715
25882	11715
25883	11715
25884	11715
25885	11715
25886	11714
25887	11714
25888	11716
25889	11716
25890	11717
25891	11716
25892	11715
25893	11715
25894	11715
25895	11714
25896	11716
25897	11716
25898	11716
25899	11716
25900	11716
25901	11716
25902	11718
25903	11718
25904	11718
25905	11717
25906	11716
25907	11716
25908	11716
25909	11716
25910	11715
25911	11715
25912	11715
25913	11715
25914	11715
25915	11715
25916	11717
25917	11716
25918	11718
25919	11718
25920	11718
25921	11720
25922	11720
25923	11722
25924	11722
25925	11722
25926	11722
25927	11722
25928	11724
25929	11724
25930	11726
25931	11726
25932	11726
25933	11726
25934	11725
25935	11724
25936	11724
25937	11725
25938	11724
25939	11724
25940	11724
25941	11724
25942	11724
25943	11725
25944	11725
25945	11724
25946	11724
25947	11723
25948	11722
25949	11722
25950	11722
25951	11722
25952	11722
25953	11722
25954	11724
25955	11724
25956	11724
25957	11724
25958	11724
25959	11724
25960	11724
25961	11724
25962	11724
25963	11724
25964	11723
25965	11722
25966	11721
25967	11721
25968	11722
25969	11722
25970	11722
25971	11721
25972	11723
25973	11723
25974	11723
25975	11723
25976	11723
25977	11723
25978	11724
25979	11724
25980	11726
25981	11726
25982	11726
25983	11726
25984	11725
25985	11726
25986	11727
25987	11727
25988	11727
25989	11728
25990	11728
25991	11727
25992	11726
25993	11725
25994	11725
25995	11724
25996	11723
25997	11722
25998	11722
25999	11722
26000	11722
26001	11722
26002	11723
26003	11723
26004	11723
26005	11723
26006	11723
26007	11725
26008	11725
26009	11726
26010	11726
26011	11726
26012	11727
26013	11727
26014	11728
26015	11727
26016	11727
26017	11727
26018	11726
26019	11725
26020	11726
26021	11726
26022	11726
26023	11727
26024	11727
26025	11726
26026	11726
26027	11726
26028	11726
26029	11726
26030	11726
26031	11726
26032	11726
26033	11727
26034	11727
26035	11727
26036	11728
26037	11728
26038	11728
26039	11730
26040	11730
26041	11730
26042	11730
26043	11730
26044	11729
26045	11728
26046	11727
26047	11727
26048	11727
26049	11727
26050	11727
26051	11728
26052	11728
26053	11728
26054	11727
26055	11726
26056	11727
26057	11727
26058	11728
26059	11727
26060	11728
26061	11728
26062	11727
26063	11729
26064	11729
26065	11730
26066	11730
26067	11729
26068	11729
26069	11728
26070	11728
26071	11728
26072	11727
26073	11728
26074	11729
26075	11728
26076	11728
26077	11727
26078	11727
26079	11727
26080	11727
26081	11727
26082	11728
26083	11728
26084	11728
26085	11728
26086	11730
26087	11730
26088	11730
26089	11730
26090	11730
26091	11730
26092	11730
26093	11732
26094	11731
26095	11731
26096	11731
26097	11731
26098	11731
26099	11731
26100	11731
26101	11731
26102	11730
26103	11731
26104	11731
26105	11731
26106	11732
26107	11732
26108	11732
26109	11732
26110	11732
26111	11731
26112	11731
26113	11731
26114	11731
26115	11731
26116	11731
26117	11730
26118	11731
26119	11732
26120	11732
26121	11732
26122	11734
26123	11734
26124	11734
26125	11736
26126	11736
26127	11738
26128	11738
26129	11738
26130	11738
26131	11738
26132	11738
26133	11739
26134	11738
26135	11737
26136	11736
26137	11736
26138	11736
26139	11736
26140	11738
26141	11738
26142	11738
26143	11737
26144	11737
26145	11737
26146	11739
26147	11739
26148	11739
26149	11739
26150	11739
26151	11739
26152	11739
26153	11739
26154	11738
26155	11738
26156	11738
26157	11738
26158	11737
26159	11737
26160	11737
26161	11736
26162	11738
26163	11738
26164	11740
26165	11740
26166	11740
26167	11740
26168	11740
26169	11740
26170	11740
26171	11741
26172	11741
26173	11741
26174	11740
26175	11740
26176	11741
26177	11741
26178	11742
26179	11742
26180	11743
26181	11744
26182	11744
26183	11744
26184	11744
26185	11743
26186	11743
26187	11744
26188	11744
26189	11744
26190	11744
26191	11746
26192	11746
26193	11746
26194	11745
26195	11745
26196	11747
26197	11746
26198	11746
26199	11747
26200	11747
26201	11747
26202	11746
26203	11745
26204	11744
26205	11746
26206	11746
26207	11746
26208	11745
26209	11745
26210	11744
26211	11744
26212	11746
26213	11746
26214	11746
26215	11746
26216	11746
26217	11746
26218	11746
26219	11746
26220	11747
26221	11747
26222	11749
26223	11749
26224	11749
26225	11751
26226	11753
26227	11753
26228	11753
26229	11753
26230	11752
26231	11751
26232	11751
26233	11750
26234	11750
26235	11752
26236	11752
26237	11752
26238	11754
26239	11753
26240	11753
26241	11753
26242	11753
26243	11752
26244	11751
26245	11752
26246	11752
26247	11754
26248	11754
26249	11756
26250	11756
26251	11756
26252	11756
26253	11756
26254	11756
26255	11756
26256	11756
26257	11755
26258	11755
26259	11754
26260	11754
26261	11756
26262	11755
26263	11755
26264	11755
26265	11755
26266	11755
26267	11755
26268	11755
26269	11756
26270	11756
26271	11757
26272	11757
26273	11757
26274	11758
26275	11758
26276	11758
26277	11758
26278	11758
26279	11758
26280	11758
26281	11758
26282	11758
26283	11758
26284	11759
26285	11758
26286	11758
26287	11759
26288	11759
26289	11759
26290	11760
26291	11759
26292	11759
26293	11761
26294	11761
26295	11763
26296	11763
26297	11763
26298	11763
26299	11763
26300	11763
26301	11763
26302	11762
26303	11761
26304	11761
26305	11760
26306	11760
26307	11760
26308	11762
26309	11762
26310	11762
26311	11761
26312	11760
26313	11760
26314	11760
26315	11759
26316	11759
26317	11759
26318	11759
26319	11761
26320	11761
26321	11761
26322	11761
26323	11763
26324	11763
26325	11762
26326	11762
26327	11762
26328	11762
26329	11762
26330	11761
26331	11761
26332	11761
26333	11762
26334	11762
26335	11764
26336	11764
26337	11764
26338	11765
26339	11767
26340	11766
26341	11768
26342	11770
26343	11770
26344	11770
26345	11770
26346	11770
26347	11769
26348	11768
26349	11769
26350	11769
26351	11769
26352	11771
26353	11773
26354	11773
26355	11774
26356	11774
26357	11776
26358	11776
26359	11776
26360	11776
26361	11775
26362	11775
26363	11775
26364	11775
26365	11777
26366	11777
26367	11776
26368	11776
26369	11776
26370	11776
26371	11776
26372	11775
26373	11775
26374	11777
26375	11776
26376	11776
26377	11776
26378	11776
26379	11775
26380	11774
26381	11773
26382	11773
26383	11773
26384	11773
26385	11772
26386	11772
26387	11772
26388	11772
26389	11772
26390	11774
26391	11774
26392	11776
26393	11776
26394	11776
26395	11776
26396	11776
26397	11776
26398	11776
26399	11777
26400	11777
26401	11777
26402	11777
26403	11777
26404	11777
26405	11777
26406	11778
26407	11778
26408	11779
26409	11779
26410	11779
26411	11780
26412	11781
26413	11780
26414	11780
26415	11782
26416	11781
26417	11780
26418	11780
26419	11780
26420	11779
26421	11778
26422	11778
26423	11778
26424	11780
26425	11781
26426	11781
26427	11781
26428	11781
26429	11782
26430	11782
26431	11782
26432	11782
26433	11782
26434	11782
26435	11781
26436	11781
26437	11780
26438	11780
26439	11780
26440	11780
26441	11780
26442	11779
26443	11779
26444	11779
26445	11781
26446	11781
26447	11781
26448	11783
26449	11783
26450	11783
26451	11784
26452	11784
26453	11784
26454	11786
26455	11786
26456	11786
26457	11786
26458	11786
26459	11786
26460	11785
26461	11785
26462	11785
26463	11784
26464	11785
26465	11785
26466	11787
26467	11786
26468	11785
26469	11785
26470	11784
26471	11784
26472	11784
26473	11784
26474	11784
26475	11784
26476	11786
26477	11785
26478	11786
26479	11785
26480	11785
26481	11784
26482	11784
26483	11784
26484	11783
26485	11782
26486	11781
26487	11780
26488	11779
26489	11780
26490	11779
26491	11779
26492	11779
26493	11778
26494	11777
26495	11776
26496	11778
26497	11778
26498	11778
26499	11780
26500	11780
26501	11780
26502	11779
26503	11778
26504	11778
26505	11778
26506	11778
26507	11780
26508	11782
26509	11782
26510	11782
26511	11784
26512	11785
26513	11785
26514	11785
26515	11785
26516	11784
26517	11784
26518	11784
26519	11783
26520	11783
26521	11784
26522	11783
26523	11783
26524	11783
26525	11783
26526	11782
26527	11783
26528	11783
26529	11785
26530	11784
26531	11784
26532	11785
26533	11787
26534	11787
26535	11787
26536	11786
26537	11788
26538	11787
26539	11788
26540	11788
26541	11788
26542	11788
26543	11788
26544	11788
26545	11789
26546	11789
26547	11789
26548	11790
26549	11790
26550	11790
26551	11790
26552	11790
26553	11790
26554	11789
26555	11790
26556	11791
26557	11790
26558	11789
26559	11791
26560	11790
26561	11790
26562	11790
26563	11790
26564	11790
26565	11790
26566	11791
26567	11790
26568	11790
26569	11789
26570	11788
26571	11788
26572	11788
26573	11788
26574	11788
26575	11787
26576	11786
26577	11786
26578	11786
26579	11785
26580	11786
26581	11786
26582	11785
26583	11785
26584	11785
26585	11786
26586	11786
26587	11787
26588	11787
26589	11786
26590	11786
26591	11785
26592	11784
26593	11784
26594	11785
26595	11785
26596	11785
26597	11785
26598	11785
26599	11785
26600	11784
26601	11784
26602	11786
26603	11785
26604	11784
26605	11784
26606	11784
26607	11784
26608	11784
26609	11786
26610	11786
26611	11788
26612	11788
26613	11787
26614	11787
26615	11787
26616	11788
26617	11790
26618	11790
26619	11790
26620	11790
26621	11792
26622	11791
26623	11791
26624	11791
26625	11791
26626	11791
26627	11791
26628	11790
26629	11792
26630	11792
26631	11791
26632	11791
26633	11790
26634	11790
26635	11791
26636	11790
26637	11789
26638	11790
26639	11789
26640	11788
26641	11788
26642	11788
26643	11787
26644	11787
26645	11787
26646	11787
26647	11786
26648	11786
26649	11786
26650	11786
26651	11786
26652	11788
26653	11788
26654	11790
26655	11790
26656	11790
26657	11790
26658	11789
26659	11789
26660	11789
26661	11788
26662	11788
26663	11788
26664	11788
26665	11788
26666	11788
26667	11788
26668	11788
26669	11788
26670	11787
26671	11788
26672	11788
26673	11789
26674	11789
26675	11788
26676	11788
26677	11787
26678	11789
26679	11789
26680	11789
26681	11789
26682	11789
26683	11788
26684	11790
26685	11790
26686	11790
26687	11789
26688	11789
26689	11789
26690	11789
26691	11789
26692	11789
26693	11789
26694	11791
26695	11792
26696	11792
26697	11791
26698	11791
26699	11791
26700	11791
26701	11791
26702	11791
26703	11790
26704	11791
26705	11790
26706	11790
26707	11791
26708	11792
26709	11792
26710	11792
26711	11794
26712	11794
26713	11795
26714	11795
26715	11794
26716	11795
26717	11795
26718	11794
26719	11796
26720	11796
26721	11798
26722	11798
26723	11797
26724	11797
26725	11796
26726	11796
26727	11796
26728	11797
26729	11796
26730	11796
26731	11796
26732	11796
26733	11796
26734	11796
26735	11797
26736	11796
26737	11798
26738	11798
26739	11797
26740	11798
26741	11797
26742	11796
26743	11796
26744	11796
26745	11796
26746	11796
26747	11796
26748	11796
26749	11796
26750	11796
26751	11796
26752	11798
26753	11800
26754	11800
26755	11800
26756	11800
26757	11800
26758	11800
26759	11800
26760	11802
26761	11802
26762	11802
26763	11802
26764	11802
26765	11802
26766	11802
26767	11802
26768	11803
26769	11803
26770	11804
26771	11805
26772	11805
26773	11805
26774	11806
26775	11805
26776	11804
26777	11804
26778	11806
26779	11806
26780	11805
26781	11804
26782	11804
26783	11803
26784	11803
26785	11803
26786	11805
26787	11805
26788	11804
26789	11803
26790	11803
26791	11802
26792	11803
26793	11803
26794	11804
26795	11804
26796	11804
26797	11805
26798	11805
26799	11807
26800	11806
26801	11806
26802	11806
26803	11805
26804	11805
26805	11805
26806	11805
26807	11807
26808	11807
26809	11807
26810	11807
26811	11807
26812	11809
26813	11809
26814	11809
26815	11808
26816	11808
26817	11807
26818	11806
26819	11808
26820	11807
26821	11806
26822	11805
26823	11805
26824	11805
26825	11805
26826	11807
26827	11807
26828	11806
26829	11805
26830	11807
26831	11807
26832	11807
26833	11808
26834	11808
26835	11810
26836	11810
26837	11812
26838	11812
26839	11814
26840	11814
26841	11814
26842	11816
26843	11815
26844	11817
26845	11817
26846	11817
26847	11817
26848	11817
26849	11816
26850	11816
26851	11815
26852	11815
26853	11817
26854	11817
26855	11817
26856	11819
26857	11819
26858	11819
26859	11818
26860	11818
26861	11818
26862	11817
26863	11817
26864	11818
26865	11818
26866	11818
26867	11817
26868	11817
26869	11816
26870	11818
26871	11818
26872	11818
26873	11817
26874	11817
26875	11817
26876	11816
26877	11816
26878	11818
26879	11818
26880	11818
26881	11817
26882	11817
26883	11817
26884	11817
26885	11817
26886	11817
26887	11817
26888	11817
26889	11819
26890	11819
26891	11819
26892	11819
26893	11819
26894	11818
26895	11819
26896	11819
26897	11820
26898	11820
26899	11819
26900	11820
26901	11821
26902	11821
26903	11820
26904	11821
26905	11822
26906	11822
26907	11822
26908	11821
26909	11822
26910	11822
26911	11822
26912	11824
26913	11824
26914	11824
26915	11824
26916	11824
26917	11824
26918	11823
26919	11823
26920	11823
26921	11823
26922	11823
26923	11823
26924	11823
26925	11824
26926	11823
26927	11823
26928	11823
26929	11823
26930	11823
26931	11822
26932	11824
26933	11824
26934	11823
26935	11823
26936	11823
26937	11822
26938	11822
26939	11821
26940	11823
26941	11823
26942	11823
26943	11823
26944	11823
26945	11823
26946	11823
26947	11823
26948	11825
26949	11825
26950	11825
26951	11825
26952	11825
26953	11825
26954	11825
26955	11826
26956	11826
26957	11826
26958	11826
26959	11826
26960	11826
26961	11826
26962	11827
26963	11827
26964	11828
26965	11827
26966	11828
26967	11829
26968	11829
26969	11828
26970	11829
26971	11831
26972	11831
26973	11832
26974	11832
26975	11834
26976	11834
26977	11835
26978	11837
26979	11836
26980	11835
26981	11835
26982	11835
26983	11834
26984	11833
26985	11832
26986	11831
26987	11830
26988	11830
26989	11830
26990	11830
26991	11830
26992	11830
26993	11832
26994	11832
26995	11834
26996	11834
26997	11834
26998	11834
26999	11834
27000	11834
27001	11834
27002	11834
27003	11833
27004	11833
27005	11832
27006	11832
27007	11832
27008	11831
27009	11831
27010	11830
27011	11831
27012	11831
27013	11831
27014	11831
27015	11832
27016	11834
27017	11834
27018	11835
27019	11835
27020	11834
27021	11834
27022	11833
27023	11832
27024	11834
27025	11834
27026	11834
27027	11836
27028	11837
27029	11837
27030	11836
27031	11836
27032	11835
27033	11835
27034	11835
27035	11835
27036	11835
27037	11836
27038	11835
27039	11835
27040	11835
27041	11835
27042	11834
27043	11834
27044	11835
27045	11835
27046	11837
27047	11837
27048	11836
27049	11835
27050	11835
27051	11835
27052	11834
27053	11835
27054	11835
27055	11835
27056	11835
27057	11835
27058	11835
27059	11835
27060	11835
27061	11835
27062	11834
27063	11834
27064	11834
27065	11835
27066	11835
27067	11835
27068	11835
27069	11835
27070	11837
27071	11837
27072	11837
27073	11839
27074	11841
27075	11840
27076	11842
27077	11842
27078	11842
27079	11842
27080	11841
27081	11841
27082	11840
27083	11840
27084	11840
27085	11842
27086	11842
27087	11842
27088	11842
27089	11842
27090	11842
27091	11842
27092	11843
27093	11842
27094	11842
27095	11842
27096	11842
27097	11842
27098	11843
27099	11842
27100	11844
27101	11844
27102	11844
27103	11843
27104	11842
27105	11843
27106	11844
27107	11843
27108	11842
27109	11843
27110	11845
27111	11845
27112	11844
27113	11844
27114	11843
27115	11843
27116	11843
27117	11843
27118	11843
27119	11843
27120	11843
27121	11843
27122	11843
27123	11843
27124	11843
27125	11842
27126	11841
27127	11842
27128	11841
27129	11843
27130	11842
27131	11841
27132	11841
27133	11841
27134	11840
27135	11839
27136	11839
27137	11839
27138	11838
27139	11837
27140	11839
27141	11839
27142	11839
27143	11839
27144	11841
27145	11840
27146	11839
27147	11839
27148	11839
27149	11839
27150	11838
27151	11838
27152	11838
27153	11838
27154	11838
27155	11838
27156	11838
27157	11839
27158	11838
27159	11838
27160	11838
27161	11838
27162	11838
27163	11838
27164	11838
27165	11838
27166	11838
27167	11838
27168	11840
27169	11840
27170	11841
27171	11841
27172	11840
27173	11841
27174	11843
27175	11843
27176	11843
27177	11843
27178	11843
27179	11843
27180	11843
27181	11842
27182	11841
27183	11841
27184	11841
27185	11841
27186	11840
27187	11839
27188	11839
27189	11839
27190	11839
27191	11839
27192	11840
27193	11839
27194	11838
27195	11839
27196	11839
27197	11839
27198	11840
27199	11840
27200	11842
27201	11842
27202	11842
27203	11842
27204	11842
27205	11842
27206	11843
27207	11842
27208	11842
27209	11841
27210	11840
27211	11840
27212	11840
27213	11840
27214	11839
27215	11839
27216	11839
27217	11840
27218	11840
27219	11839
27220	11839
27221	11840
27222	11840
27223	11840
27224	11841
27225	11842
27226	11841
27227	11841
27228	11841
27229	11841
27230	11841
27231	11841
27232	11841
27233	11841
27234	11842
27235	11842
27236	11842
27237	11842
27238	11843
27239	11845
27240	11845
27241	11847
27242	11847
27243	11847
27244	11846
27245	11846
27246	11846
27247	11845
27248	11845
27249	11845
27250	11844
27251	11844
27252	11844
27253	11844
27254	11843
27255	11843
27256	11843
27257	11843
27258	11842
27259	11843
27260	11843
27261	11844
27262	11843
27263	11842
27264	11842
27265	11841
27266	11843
27267	11843
27268	11842
27269	11841
27270	11841
27271	11841
27272	11841
27273	11840
27274	11840
27275	11841
27276	11841
27277	11843
27278	11843
27279	11842
27280	11842
27281	11842
27282	11842
27283	11842
27284	11844
27285	11844
27286	11844
27287	11845
27288	11845
27289	11845
27290	11845
27291	11845
27292	11844
27293	11844
27294	11846
27295	11846
27296	11846
27297	11846
27298	11846
27299	11846
27300	11846
27301	11846
27302	11847
27303	11847
27304	11847
27305	11847
27306	11847
27307	11847
27308	11846
27309	11846
27310	11846
27311	11846
27312	11847
27313	11847
27314	11848
27315	11849
27316	11849
27317	11849
27318	11849
27319	11848
27320	11848
27321	11848
27322	11850
27323	11850
27324	11851
27325	11851
27326	11850
27327	11850
27328	11849
27329	11849
27330	11848
27331	11848
27332	11849
27333	11849
27334	11848
27335	11848
27336	11848
27337	11850
27338	11852
27339	11852
27340	11851
27341	11850
27342	11850
27343	11850
27344	11849
27345	11849
27346	11849
27347	11850
27348	11849
27349	11848
27350	11848
27351	11850
27352	11850
27353	11850
27354	11851
27355	11851
27356	11853
27357	11853
27358	11853
27359	11852
27360	11851
27361	11851
27362	11851
27363	11850
27364	11850
27365	11852
27366	11852
27367	11853
27368	11853
27369	11852
27370	11851
27371	11850
27372	11850
27373	11850
27374	11849
27375	11849
27376	11848
27377	11848
27378	11848
27379	11848
27380	11848
27381	11848
27382	11849
27383	11851
27384	11851
27385	11851
27386	11850
27387	11849
27388	11851
27389	11851
27390	11851
27391	11851
27392	11851
27393	11853
27394	11853
27395	11853
27396	11853
27397	11853
27398	11852
27399	11851
27400	11851
27401	11851
27402	11853
27403	11853
27404	11852
27405	11851
27406	11850
27407	11849
27408	11849
27409	11849
27410	11849
27411	11849
27412	11849
27413	11851
27414	11850
27415	11850
27416	11850
27417	11849
27418	11851
27419	11853
27420	11854
27421	11854
27422	11854
27423	11854
27424	11854
27425	11854
27426	11854
27427	11853
27428	11852
27429	11852
27430	11854
27431	11854
27432	11854
27433	11853
27434	11855
27435	11857
27436	11857
27437	11857
27438	11857
27439	11857
27440	11856
27441	11855
27442	11855
27443	11856
27444	11856
27445	11857
27446	11856
27447	11856
27448	11857
27449	11857
27450	11856
27451	11856
27452	11855
27453	11855
27454	11855
27455	11855
27456	11855
27457	11855
27458	11857
27459	11857
27460	11857
27461	11858
27462	11857
27463	11857
27464	11859
27465	11859
27466	11860
27467	11860
27468	11862
27469	11862
27470	11862
27471	11862
27472	11862
27473	11862
27474	11861
27475	11860
27476	11860
27477	11860
27478	11859
27479	11859
27480	11859
27481	11858
27482	11858
27483	11859
27484	11859
27485	11859
27486	11859
27487	11859
27488	11859
27489	11860
27490	11860
27491	11860
27492	11862
27493	11862
27494	11861
27495	11863
27496	11862
27497	11861
27498	11862
27499	11862
27500	11861
27501	11861
27502	11861
27503	11861
27504	11860
27505	11859
27506	11858
27507	11858
27508	11858
27509	11858
27510	11860
27511	11860
27512	11860
27513	11859
27514	11858
27515	11858
27516	11857
27517	11857
27518	11857
27519	11858
27520	11858
27521	11860
27522	11859
27523	11859
27524	11859
27525	11859
27526	11859
27527	11859
27528	11858
27529	11858
27530	11857
27531	11857
27532	11857
27533	11859
27534	11859
27535	11860
27536	11860
27537	11859
27538	11858
27539	11858
27540	11858
27541	11857
27542	11857
27543	11857
27544	11857
27545	11856
27546	11857
27547	11856
27548	11856
27549	11857
27550	11859
27551	11858
27552	11857
27553	11856
27554	11855
27555	11854
27556	11853
27557	11853
27558	11855
27559	11855
27560	11856
27561	11855
27562	11855
27563	11857
27564	11857
27565	11856
27566	11856
27567	11856
27568	11856
27569	11855
27570	11857
27571	11857
27572	11857
27573	11857
27574	11857
27575	11857
27576	11857
27577	11857
27578	11858
27579	11857
27580	11857
27581	11857
27582	11857
27583	11857
27584	11858
27585	11860
27586	11860
27587	11859
27588	11860
27589	11860
27590	11859
27591	11859
27592	11859
27593	11859
27594	11858
27595	11858
27596	11858
27597	11858
27598	11860
27599	11860
27600	11860
27601	11860
27602	11860
27603	11860
27604	11860
27605	11862
27606	11861
27607	11861
27608	11861
27609	11861
27610	11861
27611	11863
27612	11863
27613	11864
27614	11864
27615	11863
27616	11863
27617	11862
27618	11862
27619	11861
27620	11860
27621	11860
27622	11860
27623	11859
27624	11859
27625	11858
27626	11857
27627	11857
27628	11857
27629	11857
27630	11858
27631	11859
27632	11859
27633	11859
27634	11861
27635	11860
27636	11859
27637	11860
27638	11860
27639	11861
27640	11860
27641	11860
27642	11860
27643	11859
27644	11861
27645	11861
27646	11861
27647	11861
27648	11861
27649	11861
27650	11863
27651	11862
27652	11864
27653	11863
27654	11863
27655	11862
27656	11861
27657	11861
27658	11861
27659	11861
27660	11861
27661	11863
27662	11865
27663	11865
27664	11867
27665	11868
27666	11867
27667	11866
27668	11866
27669	11866
27670	11865
27671	11867
27672	11867
27673	11866
27674	11865
27675	11865
27676	11864
27677	11864
27678	11863
27679	11863
27680	11864
27681	11863
27682	11863
27683	11862
27684	11862
27685	11864
27686	11863
27687	11863
27688	11862
27689	11862
27690	11862
27691	11863
27692	11863
27693	11865
27694	11865
27695	11864
27696	11864
27697	11864
27698	11864
27699	11863
27700	11863
27701	11863
27702	11862
27703	11864
27704	11864
27705	11866
27706	11865
27707	11864
27708	11866
27709	11866
27710	11865
27711	11864
27712	11864
27713	11864
27714	11864
27715	11864
27716	11864
27717	11865
27718	11865
27719	11865
27720	11865
27721	11867
27722	11869
27723	11869
27724	11869
27725	11869
27726	11869
27727	11869
27728	11869
27729	11868
27730	11868
27731	11868
27732	11868
27733	11868
27734	11868
27735	11868
27736	11868
27737	11870
27738	11870
27739	11870
27740	11870
27741	11870
27742	11870
27743	11871
27744	11871
27745	11871
27746	11872
27747	11874
27748	11874
27749	11874
27750	11876
27751	11876
27752	11876
27753	11876
27754	11875
27755	11875
27756	11877
27757	11878
27758	11878
27759	11877
27760	11876
27761	11876
27762	11876
27763	11876
27764	11878
27765	11878
27766	11878
27767	11878
27768	11878
27769	11878
27770	11878
27771	11878
27772	11878
27773	11880
27774	11882
27775	11882
27776	11882
27777	11882
27778	11882
27779	11882
27780	11882
27781	11882
27782	11882
27783	11883
27784	11883
27785	11883
27786	11883
27787	11882
27788	11882
27789	11884
27790	11884
27791	11884
27792	11883
27793	11883
27794	11884
27795	11884
27796	11883
27797	11882
27798	11882
27799	11882
27800	11884
27801	11884
27802	11884
27803	11884
27804	11884
27805	11884
27806	11884
27807	11886
27808	11886
27809	11886
27810	11886
27811	11886
27812	11887
27813	11886
27814	11885
27815	11886
27816	11888
27817	11888
27818	11890
27819	11890
27820	11889
27821	11888
27822	11887
27823	11889
27824	11889
27825	11890
27826	11890
27827	11889
27828	11889
27829	11889
27830	11889
27831	11889
27832	11890
27833	11889
27834	11888
27835	11888
27836	11888
27837	11888
27838	11888
27839	11888
27840	11889
27841	11889
27842	11891
27843	11891
27844	11890
27845	11891
27846	11890
27847	11889
27848	11889
27849	11889
27850	11888
27851	11889
27852	11889
27853	11889
27854	11890
27855	11890
27856	11890
27857	11889
27858	11888
27859	11890
27860	11890
27861	11889
27862	11889
27863	11889
27864	11889
27865	11889
27866	11889
27867	11891
27868	11891
27869	11891
27870	11893
27871	11895
27872	11895
27873	11895
27874	11895
27875	11895
27876	11895
27877	11895
27878	11894
27879	11894
27880	11893
27881	11893
27882	11895
27883	11895
27884	11895
27885	11895
27886	11895
27887	11895
27888	11895
27889	11897
27890	11897
27891	11896
27892	11897
27893	11897
27894	11896
27895	11895
27896	11897
27897	11897
27898	11897
27899	11897
27900	11897
27901	11897
27902	11896
27903	11896
27904	11898
27905	11900
27906	11900
27907	11900
27908	11900
27909	11902
27910	11902
27911	11903
27912	11904
27913	11903
27914	11903
27915	11903
27916	11903
27917	11903
27918	11903
27919	11903
27920	11903
27921	11903
27922	11902
27923	11904
27924	11904
27925	11904
27926	11905
27927	11905
27928	11906
27929	11906
27930	11906
27931	11906
27932	11906
27933	11905
27934	11905
27935	11907
27936	11907
27937	11908
27938	11910
27939	11910
27940	11910
27941	11912
27942	11912
27943	11912
27944	11912
27945	11912
27946	11912
27947	11911
27948	11910
27949	11910
27950	11912
27951	11912
27952	11914
27953	11914
27954	11914
27955	11913
27956	11913
27957	11913
27958	11913
27959	11912
27960	11911
27961	11911
27962	11910
27963	11910
27964	11912
27965	11912
27966	11913
27967	11913
27968	11913
27969	11912
27970	11912
27971	11912
27972	11912
27973	11912
27974	11911
27975	11913
27976	11915
27977	11914
27978	11914
27979	11913
27980	11913
27981	11913
27982	11912
27983	11912
27984	11912
27985	11912
27986	11911
27987	11911
27988	11910
27989	11912
27990	11912
27991	11912
27992	11912
27993	11912
27994	11914
27995	11914
27996	11914
27997	11914
27998	11916
27999	11916
28000	11916
28001	11916
28002	11915
28003	11914
28004	11914
28005	11914
28006	11913
28007	11915
28008	11914
28009	11914
28010	11913
28011	11913
28012	11912
28013	11912
28014	11912
28015	11912
28016	11912
28017	11912
28018	11912
28019	11913
28020	11912
28021	11912
28022	11914
28023	11914
28024	11916
28025	11915
28026	11915
28027	11917
28028	11917
28029	11917
28030	11917
28031	11917
28032	11916
28033	11915
28034	11916
28035	11916
28036	11915
28037	11915
28038	11915
28039	11914
28040	11914
28041	11914
28042	11915
28043	11915
28044	11916
28045	11916
28046	11916
28047	11916
28048	11915
28049	11915
28050	11915
28051	11915
28052	11915
28053	11917
28054	11917
28055	11919
28056	11919
28057	11919
28058	11919
28059	11918
28060	11918
28061	11918
28062	11918
28063	11919
28064	11919
28065	11919
28066	11918
28067	11918
28068	11918
28069	11917
28070	11916
28071	11918
28072	11918
28073	11918
28074	11918
28075	11918
28076	11918
28077	11919
28078	11918
28079	11918
28080	11918
28081	11918
28082	11918
28083	11918
28084	11918
28085	11917
28086	11917
28087	11916
28088	11916
28089	11918
28090	11917
28091	11917
28092	11917
28093	11917
28094	11917
28095	11919
28096	11919
28097	11919
28098	11919
28099	11918
28100	11917
28101	11919
28102	11919
28103	11921
28104	11920
28105	11920
28106	11919
28107	11919
28108	11919
28109	11919
28110	11920
28111	11920
28112	11920
28113	11921
28114	11920
28115	11920
28116	11922
28117	11922
28118	11921
28119	11921
28120	11921
28121	11921
28122	11921
28123	11923
28124	11923
28125	11923
28126	11923
28127	11923
28128	11923
28129	11922
28130	11921
28131	11921
28132	11921
28133	11921
28134	11923
28135	11923
28136	11923
28137	11923
28138	11923
28139	11922
28140	11921
28141	11922
28142	11922
28143	11922
28144	11922
28145	11923
28146	11925
28147	11924
28148	11924
28149	11924
28150	11923
28151	11923
28152	11923
28153	11922
28154	11921
28155	11921
28156	11921
28157	11921
28158	11920
28159	11920
28160	11922
28161	11922
28162	11921
28163	11921
28164	11921
28165	11921
28166	11921
28167	11922
28168	11922
28169	11922
28170	11923
28171	11923
28172	11923
28173	11922
28174	11922
28175	11922
28176	11921
28177	11920
28178	11919
28179	11918
28180	11918
28181	11919
28182	11921
28183	11921
28184	11921
28185	11920
28186	11920
28187	11920
28188	11920
28189	11920
28190	11922
28191	11922
28192	11922
28193	11921
28194	11921
28195	11921
28196	11921
28197	11923
28198	11923
28199	11922
28200	11922
28201	11921
28202	11921
28203	11920
28204	11920
28205	11922
28206	11922
28207	11922
28208	11922
28209	11922
28210	11921
28211	11920
28212	11920
28213	11920
28214	11920
28215	11920
28216	11922
28217	11922
28218	11922
28219	11921
28220	11921
28221	11921
28222	11921
28223	11920
28224	11921
28225	11921
28226	11923
28227	11923
28228	11923
28229	11923
28230	11923
28231	11923
28232	11923
28233	11923
28234	11924
28235	11925
28236	11925
28237	11925
28238	11925
28239	11924
28240	11924
28241	11924
28242	11923
28243	11923
28244	11923
28245	11922
28246	11923
28247	11924
28248	11924
28249	11926
28250	11926
28251	11925
28252	11925
28253	11925
28254	11924
28255	11924
28256	11924
28257	11924
28258	11926
28259	11928
28260	11928
28261	11928
28262	11928
28263	11928
28264	11930
28265	11930
28266	11930
28267	11930
28268	11929
28269	11929
28270	11929
28271	11929
28272	11930
28273	11930
28274	11930
28275	11930
28276	11930
28277	11930
28278	11931
28279	11931
28280	11930
28281	11930
28282	11930
28283	11930
28284	11930
28285	11930
28286	11929
28287	11930
28288	11929
28289	11929
28290	11930
28291	11932
28292	11932
28293	11932
28294	11932
28295	11934
28296	11935
28297	11935
28298	11934
28299	11934
28300	11934
28301	11934
28302	11934
28303	11933
28304	11933
28305	11933
28306	11933
28307	11933
28308	11933
28309	11933
28310	11933
28311	11933
28312	11932
28313	11933
28314	11933
28315	11933
28316	11934
28317	11934
28318	11934
28319	11934
28320	11934
28321	11934
28322	11934
28323	11933
28324	11933
28325	11933
28326	11932
28327	11932
28328	11932
28329	11932
28330	11932
28331	11934
28332	11934
28333	11934
28334	11934
28335	11933
28336	11933
28337	11933
28338	11933
28339	11934
28340	11934
28341	11934
28342	11936
28343	11936
28344	11935
28345	11937
28346	11936
28347	11936
28348	11936
28349	11935
28350	11934
28351	11935
28352	11934
28353	11934
28354	11934
28355	11934
28356	11934
28357	11934
28358	11936
28359	11936
28360	11936
28361	11936
28362	11936
28363	11935
28364	11934
28365	11933
28366	11933
28367	11933
28368	11933
28369	11933
28370	11933
28371	11934
28372	11934
28373	11934
28374	11933
28375	11933
28376	11933
28377	11933
28378	11933
28379	11933
28380	11933
28381	11933
28382	11933
28383	11933
28384	11933
28385	11933
28386	11933
28387	11933
28388	11933
28389	11933
28390	11933
28391	11933
28392	11935
28393	11935
28394	11935
28395	11936
28396	11936
28397	11935
28398	11935
28399	11935
28400	11935
28401	11937
28402	11937
28403	11937
28404	11938
28405	11940
28406	11940
28407	11939
28408	11939
28409	11941
28410	11941
28411	11941
28412	11941
28413	11940
28414	11940
28415	11940
28416	11939
28417	11939
28418	11941
28419	11941
28420	11943
28421	11943
28422	11943
28423	11942
28424	11942
28425	11942
28426	11942
28427	11942
28428	11942
28429	11942
28430	11942
28431	11943
28432	11943
28433	11944
28434	11945
28435	11945
28436	11945
28437	11947
28438	11946
28439	11947
28440	11947
28441	11949
28442	11949
28443	11949
28444	11948
28445	11948
28446	11948
28447	11948
28448	11947
28449	11948
28450	11947
28451	11947
28452	11949
28453	11949
28454	11951
28455	11951
28456	11951
28457	11950
28458	11950
28459	11949
28460	11950
28461	11950
28462	11950
28463	11950
28464	11950
28465	11950
28466	11950
28467	11950
28468	11949
28469	11948
28470	11948
28471	11948
28472	11950
28473	11949
28474	11948
28475	11950
28476	11950
28477	11949
28478	11949
28479	11949
28480	11949
28481	11948
28482	11948
28483	11948
28484	11948
28485	11947
28486	11947
28487	11947
28488	11947
28489	11947
28490	11949
28491	11951
28492	11951
28493	11951
28494	11953
28495	11955
28496	11955
28497	11955
28498	11955
28499	11957
28500	11957
28501	11957
28502	11959
28503	11959
28504	11959
28505	11959
28506	11959
28507	11959
28508	11958
28509	11959
28510	11959
28511	11959
28512	11959
28513	11959
28514	11960
28515	11960
28516	11959
28517	11959
28518	11960
28519	11961
28520	11961
28521	11961
28522	11960
28523	11960
28524	11960
28525	11962
28526	11961
28527	11962
28528	11961
28529	11960
28530	11961
28531	11961
28532	11960
28533	11960
28534	11959
28535	11959
28536	11958
28537	11957
28538	11958
28539	11958
28540	11958
28541	11958
28542	11958
28543	11958
28544	11958
28545	11957
28546	11957
28547	11959
28548	11958
28549	11958
28550	11958
28551	11958
28552	11957
28553	11957
28554	11958
28555	11960
28556	11962
28557	11962
28558	11962
28559	11962
28560	11962
28561	11962
28562	11962
28563	11964
28564	11964
28565	11964
28566	11964
28567	11964
28568	11964
28569	11964
28570	11964
28571	11964
28572	11964
28573	11964
28574	11964
28575	11964
28576	11964
28577	11963
28578	11963
28579	11964
28580	11963
28581	11963
28582	11963
28583	11964
28584	11965
28585	11965
28586	11965
28587	11965
28588	11965
28589	11967
28590	11967
28591	11967
28592	11967
28593	11966
28594	11968
28595	11968
28596	11968
28597	11968
28598	11967
28599	11967
28600	11967
28601	11967
28602	11968
28603	11970
28604	11970
28605	11970
28606	11970
28607	11970
28608	11970
28609	11970
28610	11971
28611	11971
28612	11971
28613	11971
28614	11970
28615	11970
28616	11972
28617	11972
28618	11972
28619	11972
28620	11972
28621	11972
28622	11974
28623	11974
28624	11975
28625	11974
28626	11974
28627	11973
28628	11973
28629	11973
28630	11972
28631	11971
28632	11971
28633	11971
28634	11971
28635	11971
28636	11971
28637	11971
28638	11971
28639	11971
28640	11971
28641	11971
28642	11971
28643	11970
28644	11970
28645	11972
28646	11972
28647	11974
28648	11974
28649	11973
28650	11973
28651	11973
28652	11973
28653	11973
28654	11975
28655	11975
28656	11975
28657	11975
28658	11975
28659	11974
28660	11976
28661	11976
28662	11976
28663	11976
28664	11978
28665	11978
28666	11978
28667	11978
28668	11977
28669	11976
28670	11975
28671	11975
28672	11974
28673	11975
28674	11974
28675	11974
28676	11973
28677	11972
28678	11972
28679	11974
28680	11973
28681	11973
28682	11972
28683	11972
28684	11972
28685	11972
28686	11972
28687	11974
28688	11974
28689	11974
28690	11976
28691	11976
28692	11977
28693	11977
28694	11978
28695	11977
28696	11977
28697	11979
28698	11979
28699	11981
28700	11981
28701	11981
28702	11981
28703	11980
28704	11979
28705	11979
28706	11979
28707	11979
28708	11979
28709	11978
28710	11978
28711	11977
28712	11978
28713	11978
28714	11978
28715	11977
28716	11977
28717	11977
28718	11977
28719	11979
28720	11979
28721	11979
28722	11979
28723	11978
28724	11978
28725	11978
28726	11978
28727	11977
28728	11977
28729	11976
28730	11975
28731	11974
28732	11976
28733	11976
28734	11976
28735	11976
28736	11975
28737	11975
28738	11975
28739	11977
28740	11977
28741	11977
28742	11977
28743	11977
28744	11977
28745	11978
28746	11979
28747	11979
28748	11979
28749	11980
28750	11980
28751	11979
28752	11980
28753	11980
28754	11980
28755	11979
28756	11979
28757	11978
28758	11977
28759	11977
28760	11979
28761	11979
28762	11979
28763	11978
28764	11978
28765	11978
28766	11977
28767	11977
28768	11978
28769	11978
28770	11978
28771	11978
28772	11978
28773	11980
28774	11982
28775	11981
28776	11980
28777	11980
28778	11980
28779	11981
28780	11981
28781	11981
28782	11980
28783	11982
28784	11982
28785	11982
28786	11982
28787	11982
28788	11981
28789	11981
28790	11983
28791	11983
28792	11983
28793	11985
28794	11987
28795	11987
28796	11987
28797	11987
28798	11987
28799	11987
28800	11987
28801	11987
28802	11988
28803	11988
28804	11990
28805	11990
28806	11990
28807	11992
28808	11994
28809	11994
28810	11994
28811	11993
28812	11993
28813	11993
28814	11992
28815	11991
28816	11992
28817	11992
28818	11991
28819	11991
28820	11991
28821	11991
28822	11991
28823	11993
28824	11993
28825	11993
28826	11993
28827	11993
28828	11993
28829	11993
28830	11995
28831	11994
28832	11994
28833	11994
28834	11994
28835	11994
28836	11994
28837	11994
28838	11995
28839	11995
28840	11996
28841	11995
28842	11995
28843	11996
28844	11996
28845	11996
28846	11996
28847	11996
28848	11996
28849	11996
28850	11996
28851	11996
28852	11996
28853	11997
28854	11996
28855	11996
28856	11997
28857	11998
28858	11997
28859	11997
28860	11998
28861	11998
28862	11998
28863	12000
28864	12000
28865	12002
28866	12002
28867	12002
28868	12002
28869	12002
28870	12002
28871	12001
28872	12001
28873	12001
28874	12000
28875	11999
28876	11998
28877	11998
28878	11998
28879	12000
28880	12000
28881	12000
28882	11999
28883	11999
28884	11999
28885	12001
28886	12001
28887	12000
28888	11999
28889	11999
28890	11999
28891	11999
28892	11999
28893	11999
28894	11999
28895	11999
28896	11999
28897	11999
28898	11999
28899	11999
28900	11999
28901	11998
28902	11997
28903	11996
28904	11995
28905	11997
28906	11997
28907	11997
28908	11997
28909	11997
28910	11997
28911	11997
28912	11998
28913	11998
28914	11998
28915	12000
28916	12000
28917	12001
28918	12001
28919	12001
28920	12001
28921	12000
28922	12000
28923	12000
28924	12000
28925	12000
28926	12000
28927	12000
28928	12000
28929	12002
28930	12002
28931	12002
28932	12002
28933	12003
28934	12003
28935	12004
28936	12004
28937	12004
28938	12005
28939	12004
28940	12004
28941	12004
28942	12003
28943	12002
28944	12003
28945	12003
28946	12004
28947	12004
28948	12003
28949	12002
28950	12001
28951	12001
28952	12001
28953	12001
28954	12001
28955	12001
28956	12001
28957	12001
28958	12001
28959	12002
28960	12002
28961	12002
28962	12003
28963	12003
28964	12003
28965	12005
28966	12006
28967	12006
28968	12006
28969	12007
28970	12007
28971	12006
28972	12006
28973	12005
28974	12004
28975	12004
28976	12005
28977	12005
28978	12005
28979	12004
28980	12004
28981	12004
28982	12004
28983	12004
28984	12003
28985	12004
28986	12003
28987	12004
28988	12004
28989	12004
28990	12005
28991	12004
28992	12006
28993	12005
28994	12005
28995	12005
28996	12005
28997	12005
28998	12004
28999	12003
29000	12003
29001	12003
29002	12002
29003	12001
29004	12001
29005	12000
29006	12001
29007	12003
29008	12003
29009	12003
29010	12003
29011	12003
29012	12003
29013	12003
29014	12003
29015	12002
29016	12004
29017	12003
29018	12003
29019	12003
29020	12002
29021	12002
29022	12002
29023	12002
29024	12003
29025	12003
29026	12003
29027	12004
29028	12004
29029	12004
29030	12004
29031	12003
29032	12003
29033	12003
29034	12003
29035	12003
29036	12003
29037	12003
29038	12002
29039	12002
29040	12004
29041	12004
29042	12005
29043	12005
29044	12005
29045	12007
29046	12007
29047	12009
29048	12009
29049	12009
29050	12009
29051	12009
29052	12009
29053	12008
29054	12008
29055	12008
29056	12007
29057	12007
29058	12007
29059	12009
29060	12009
29061	12009
29062	12008
29063	12007
29064	12007
29065	12009
29066	12009
29067	12009
29068	12011
29069	12012
29070	12012
29071	12011
29072	12010
29073	12010
29074	12010
29075	12010
29076	12010
29077	12011
29078	12013
29079	12013
29080	12013
29081	12015
29082	12015
29083	12015
29084	12015
29085	12015
29086	12014
29087	12013
29088	12013
29089	12015
29090	12015
29091	12015
29092	12015
29093	12015
29094	12014
29095	12015
29096	12015
29097	12015
29098	12015
29099	12016
29100	12017
29101	12017
29102	12017
29103	12016
29104	12016
29105	12015
29106	12015
29107	12015
29108	12014
29109	12015
29110	12015
29111	12015
29112	12016
29113	12018
29114	12017
29115	12017
29116	12019
29117	12019
29118	12018
29119	12018
29120	12017
29121	12019
29122	12018
29123	12019
29124	12018
29125	12018
29126	12019
29127	12018
29128	12018
29129	12017
29130	12019
29131	12018
29132	12018
29133	12018
29134	12017
29135	12017
29136	12017
29137	12017
29138	12017
29139	12017
29140	12018
29141	12017
29142	12016
29143	12015
29144	12014
29145	12014
29146	12014
29147	12013
29148	12013
29149	12012
29150	12012
29151	12012
29152	12012
29153	12014
29154	12014
29155	12014
29156	12014
29157	12016
29158	12016
29159	12016
29160	12016
29161	12015
29162	12015
29163	12015
29164	12014
29165	12014
29166	12014
29167	12016
29168	12016
29169	12017
29170	12017
29171	12016
29172	12018
29173	12018
29174	12020
29175	12022
29176	12022
29177	12022
29178	12022
29179	12022
29180	12021
29181	12020
29182	12020
29183	12020
29184	12021
29185	12023
29186	12023
29187	12023
29188	12025
29189	12025
29190	12025
29191	12025
29192	12025
29193	12025
29194	12024
29195	12024
29196	12026
29197	12026
29198	12025
29199	12025
29200	12024
29201	12024
29202	12024
29203	12024
29204	12026
29205	12026
29206	12025
29207	12024
29208	12023
29209	12022
29210	12022
29211	12022
29212	12022
29213	12022
29214	12021
29215	12021
29216	12021
29217	12021
29218	12021
29219	12021
29220	12023
29221	12023
29222	12025
29223	12025
29224	12025
29225	12025
29226	12025
29227	12025
29228	12025
29229	12025
29230	12025
29231	12025
29232	12025
29233	12025
29234	12025
29235	12026
29236	12026
29237	12027
29238	12027
29239	12027
29240	12028
29241	12029
29242	12028
29243	12028
29244	12030
29245	12029
29246	12029
29247	12028
29248	12029
29249	12029
29250	12029
29251	12029
29252	12029
29253	12029
29254	12028
29255	12028
29256	12027
29257	12027
29258	12029
29259	12030
29260	12030
29261	12030
29262	12030
29263	12030
29264	12030
29265	12030
29266	12029
29267	12029
29268	12029
29269	12031
29270	12031
29271	12031
29272	12033
29273	12033
29274	12033
29275	12033
29276	12035
29277	12035
29278	12035
29279	12035
29280	12035
29281	12035
29282	12034
29283	12034
29284	12034
29285	12033
29286	12033
29287	12033
29288	12035
29289	12034
29290	12035
29291	12035
29292	12035
29293	12035
29294	12035
29295	12037
29296	12036
29297	12035
29298	12034
29299	12033
29300	12033
29301	12033
29302	12034
29303	12033
29304	12032
29305	12032
29306	12032
29307	12032
29308	12031
29309	12030
29310	12029
29311	12028
29312	12027
29313	12028
29314	12027
29315	12027
29316	12027
29317	12026
29318	12025
29319	12026
29320	12026
29321	12026
29322	12026
29323	12028
29324	12028
29325	12028
29326	12028
29327	12027
29328	12026
29329	12028
29330	12027
29331	12026
29332	12026
29333	12026
29334	12026
29335	12026
29336	12028
29337	12028
29338	12030
29339	12030
29340	12029
29341	12028
29342	12028
29343	12030
29344	12030
29345	12032
29346	12032
29347	12032
29348	12034
29349	12036
29350	12036
29351	12036
29352	12036
29353	12036
29354	12036
29355	12035
29356	12034
29357	12034
29358	12034
29359	12033
29360	12035
29361	12034
29362	12034
29363	12034
29364	12034
29365	12034
29366	12036
29367	12036
29368	12036
29369	12036
29370	12035
29371	12035
29372	12035
29373	12035
29374	12035
29375	12035
29376	12035
29377	12036
29378	12035
29379	12035
29380	12034
29381	12034
29382	12033
29383	12033
29384	12034
29385	12034
29386	12035
29387	12035
29388	12034
29389	12035
29390	12036
29391	12036
29392	12037
29393	12037
29394	12036
29395	12036
29396	12036
29397	12036
29398	12036
29399	12038
29400	12038
29401	12040
29402	12040
29403	12040
29404	12040
29405	12040
29406	12040
29407	12040
29408	12039
29409	12039
29410	12039
29411	12038
29412	12037
29413	12038
29414	12038
29415	12038
29416	12039
29417	12041
29418	12041
29419	12042
29420	12041
29421	12041
29422	12041
29423	12040
29424	12041
29425	12041
29426	12043
29427	12043
29428	12043
29429	12044
29430	12046
29431	12045
29432	12044
29433	12044
29434	12044
29435	12043
29436	12042
29437	12041
29438	12043
29439	12043
29440	12043
29441	12043
29442	12045
29443	12047
29444	12046
29445	12046
29446	12047
29447	12047
29448	12047
29449	12047
29450	12046
29451	12046
29452	12046
29453	12045
29454	12045
29455	12045
29456	12045
29457	12046
29458	12048
29459	12048
29460	12048
29461	12048
29462	12048
29463	12048
29464	12048
29465	12048
29466	12048
29467	12048
29468	12050
29469	12050
29470	12051
29471	12051
29472	12051
29473	12053
29474	12054
29475	12054
29476	12053
29477	12052
29478	12052
29479	12051
29480	12051
29481	12051
29482	12051
29483	12053
29484	12053
29485	12053
29486	12053
29487	12053
29488	12053
29489	12052
29490	12052
29491	12052
29492	12052
29493	12052
29494	12052
29495	12053
29496	12055
29497	12055
29498	12055
29499	12054
29500	12054
29501	12054
29502	12053
29503	12052
29504	12053
29505	12053
29506	12054
29507	12054
29508	12054
29509	12054
29510	12054
29511	12053
29512	12052
29513	12052
29514	12052
29515	12051
29516	12051
29517	12051
29518	12051
29519	12051
29520	12050
29521	12049
29522	12049
29523	12049
29524	12048
29525	12050
29526	12049
29527	12048
29528	12048
29529	12048
29530	12048
29531	12047
29532	12047
29533	12046
29534	12046
29535	12046
29536	12045
29537	12044
29538	12046
29539	12045
29540	12044
29541	12044
29542	12044
29543	12044
29544	12044
29545	12044
29546	12044
29547	12043
29548	12045
29549	12045
29550	12045
29551	12044
29552	12043
29553	12043
29554	12045
29555	12045
29556	12045
29557	12045
29558	12045
29559	12045
29560	12044
29561	12044
29562	12043
29563	12043
29564	12043
29565	12043
29566	12043
29567	12043
29568	12043
29569	12043
29570	12044
29571	12045
29572	12045
29573	12045
29574	12044
29575	12043
29576	12043
29577	12043
29578	12043
29579	12043
29580	12043
29581	12042
29582	12042
29583	12042
29584	12042
29585	12044
29586	12044
29587	12043
29588	12043
29589	12043
29590	12044
29591	12044
29592	12045
29593	12044
29594	12044
29595	12043
29596	12043
29597	12042
29598	12042
29599	12041
29600	12040
29601	12039
29602	12039
29603	12039
29604	12039
29605	12041
29606	12041
29607	12040
29608	12042
29609	12042
29610	12042
29611	12043
29612	12043
29613	12043
29614	12045
29615	12045
29616	12045
29617	12047
29618	12046
29619	12046
29620	12046
29621	12046
29622	12046
29623	12045
29624	12045
29625	12045
29626	12044
29627	12043
29628	12044
29629	12043
29630	12043
29631	12042
29632	12043
29633	12042
29634	12044
29635	12044
29636	12043
29637	12043
29638	12043
29639	12043
29640	12043
29641	12043
29642	12045
29643	12045
29644	12045
29645	12044
29646	12044
29647	12043
29648	12043
29649	12043
29650	12043
29651	12043
29652	12043
29653	12043
29654	12045
29655	12045
29656	12045
29657	12044
29658	12044
29659	12044
29660	12044
29661	12044
29662	12044
29663	12043
29664	12043
29665	12043
29666	12042
29667	12043
29668	12043
29669	12044
29670	12044
29671	12043
29672	12043
29673	12042
29674	12042
29675	12042
29676	12042
29677	12041
29678	12042
29679	12042
29680	12041
29681	12043
29682	12044
29683	12043
29684	12043
29685	12043
29686	12043
29687	12043
29688	12042
29689	12041
29690	12041
29691	12041
29692	12041
29693	12041
29694	12041
29695	12040
29696	12040
29697	12041
29698	12042
29699	12041
29700	12040
29701	12040
29702	12040
29703	12040
29704	12042
29705	12042
29706	12044
29707	12044
29708	12044
29709	12044
29710	12043
29711	12043
29712	12043
29713	12043
29714	12043
29715	12044
29716	12045
29717	12045
29718	12045
29719	12047
29720	12047
29721	12047
29722	12047
29723	12047
29724	12047
29725	12047
29726	12047
29727	12049
29728	12051
29729	12051
29730	12051
29731	12051
29732	12051
29733	12050
29734	12051
29735	12051
29736	12051
29737	12051
29738	12050
29739	12050
29740	12050
29741	12050
29742	12051
29743	12050
29744	12049
29745	12049
29746	12050
29747	12051
29748	12051
29749	12051
29750	12053
29751	12053
29752	12052
29753	12053
29754	12053
29755	12054
29756	12054
29757	12054
29758	12056
29759	12056
29760	12057
29761	12056
29762	12055
29763	12055
29764	12057
29765	12057
29766	12057
29767	12059
29768	12058
29769	12058
29770	12057
29771	12057
29772	12057
29773	12057
29774	12056
29775	12055
29776	12055
29777	12054
29778	12053
29779	12053
29780	12053
29781	12053
29782	12053
29783	12054
29784	12054
29785	12053
29786	12052
29787	12052
29788	12054
29789	12054
29790	12055
29791	12055
29792	12055
29793	12054
29794	12054
29795	12054
29796	12053
29797	12053
29798	12053
29799	12052
29800	12053
29801	12053
29802	12053
29803	12053
29804	12053
29805	12053
29806	12053
29807	12054
29808	12054
29809	12054
29810	12053
29811	12053
29812	12053
29813	12052
29814	12052
29815	12052
29816	12052
29817	12051
29818	12052
29819	12052
29820	12052
29821	12052
29822	12052
29823	12052
29824	12054
29825	12054
29826	12056
29827	12056
29828	12056
29829	12056
29830	12055
29831	12054
29832	12054
29833	12054
29834	12053
29835	12053
29836	12053
29837	12052
29838	12051
29839	12051
29840	12051
29841	12052
29842	12052
29843	12054
29844	12054
29845	12054
29846	12053
29847	12053
29848	12052
29849	12052
29850	12053
29851	12053
29852	12054
29853	12054
29854	12054
29855	12053
29856	12052
29857	12052
29858	12052
29859	12054
29860	12054
29861	12053
29862	12053
29863	12053
29864	12053
29865	12052
29866	12053
29867	12052
29868	12051
29869	12050
29870	12049
29871	12051
29872	12051
29873	12050
29874	12049
29875	12049
29876	12049
29877	12049
29878	12050
29879	12050
29880	12052
29881	12052
29882	12052
29883	12054
29884	12053
29885	12053
29886	12053
29887	12053
29888	12053
29889	12053
29890	12055
29891	12055
29892	12055
29893	12055
29894	12055
29895	12055
29896	12055
29897	12055
29898	12056
29899	12056
29900	12056
29901	12056
29902	12056
29903	12056
29904	12055
29905	12055
29906	12055
29907	12055
29908	12054
29909	12054
29910	12054
29911	12054
29912	12053
29913	12054
29914	12054
29915	12054
29916	12055
29917	12056
29918	12056
29919	12055
29920	12054
29921	12054
29922	12054
29923	12053
29924	12053
29925	12053
29926	12053
29927	12053
29928	12052
29929	12052
29930	12053
29931	12055
29932	12055
29933	12057
29934	12057
29935	12057
29936	12057
29937	12059
29938	12059
29939	12059
29940	12059
29941	12058
29942	12058
29943	12058
29944	12057
29945	12057
29946	12059
29947	12059
29948	12058
29949	12057
29950	12056
29951	12056
29952	12056
29953	12057
29954	12056
29955	12055
29956	12055
29957	12057
29958	12056
29959	12056
29960	12056
29961	12057
29962	12057
29963	12059
29964	12059
29965	12058
29966	12058
29967	12057
29968	12056
29969	12055
29970	12055
29971	12055
29972	12057
29973	12057
29974	12058
29975	12057
29976	12056
29977	12055
29978	12055
29979	12054
29980	12054
29981	12054
29982	12054
29983	12054
29984	12054
29985	12054
29986	12055
29987	12054
29988	12056
29989	12056
29990	12056
29991	12057
29992	12057
29993	12059
29994	12059
29995	12061
29996	12061
29997	12061
29998	12061
29999	12061
30000	12061
30001	12060
30002	12059
30003	12059
30004	12059
30005	12059
30006	12059
30007	12060
30008	12060
30009	12060
30010	12060
30011	12062
30012	12062
30013	12064
30014	12064
30015	12063
30016	12063
30017	12062
30018	12062
30019	12062
30020	12063
30021	12062
30022	12061
30023	12062
30024	12061
30025	12060
30026	12060
30027	12060
30028	12059
30029	12058
30030	12058
30031	12060
30032	12060
30033	12060
30034	12062
30035	12062
30036	12062
30037	12062
30038	12061
30039	12060
30040	12059
30041	12061
30042	12063
30043	12063
30044	12064
30045	12064
30046	12064
30047	12064
30048	12063
30049	12065
30050	12065
30051	12065
30052	12064
30053	12064
30054	12063
30055	12065
30056	12065
30057	12067
30058	12067
30059	12067
30060	12066
30061	12066
30062	12066
30063	12066
30064	12065
30065	12066
30066	12065
30067	12066
30068	12066
30069	12066
30070	12067
30071	12067
30072	12066
30073	12065
30074	12064
30075	12064
30076	12063
30077	12063
30078	12063
30079	12064
30080	12064
30081	12066
30082	12065
30083	12065
30084	12065
30085	12065
30086	12065
30087	12064
30088	12064
30089	12064
30090	12064
30091	12063
30092	12063
30093	12065
30094	12065
30095	12065
30096	12064
30097	12064
30098	12064
30099	12063
30100	12063
30101	12064
30102	12063
30103	12063
30104	12062
30105	12062
30106	12063
30107	12062
30108	12062
30109	12063
30110	12065
30111	12064
30112	12063
30113	12062
30114	12061
30115	12060
30116	12060
30117	12061
30118	12060
30119	12060
30120	12062
30121	12062
30122	12064
30123	12063
30124	12063
30125	12063
30126	12063
30127	12062
30128	12062
30129	12064
30130	12064
30131	12064
30132	12064
30133	12064
30134	12064
30135	12064
30136	12064
30137	12065
30138	12064
30139	12064
30140	12064
30141	12064
30142	12064
30143	12064
30144	12064
30145	12064
30146	12064
30147	12064
30148	12064
30149	12066
30150	12068
30151	12068
30152	12067
30153	12068
30154	12068
30155	12067
30156	12067
30157	12067
30158	12067
30159	12067
30160	12067
30161	12066
30162	12066
30163	12068
30164	12067
30165	12066
30166	12066
30167	12065
30168	12065
30169	12065
30170	12065
30171	12067
30172	12067
30173	12066
30174	12066
30175	12065
30176	12066
30177	12066
30178	12066
30179	12065
30180	12065
30181	12065
30182	12064
30183	12064
30184	12063
30185	12063
30186	12063
30187	12064
30188	12063
30189	12063
30190	12064
30191	12065
30192	12065
30193	12065
30194	12064
30195	12064
30196	12064
30197	12064
30198	12064
30199	12066
30200	12065
30201	12065
30202	12064
30203	12063
30204	12063
30205	12065
30206	12065
30207	12067
30208	12066
30209	12066
30210	12065
30211	12064
30212	12064
30213	12064
30214	12066
30215	12068
30216	12067
30217	12069
30218	12068
30219	12067
30220	12066
30221	12066
30222	12066
30223	12065
30224	12065
30225	12064
30226	12066
30227	12066
30228	12065
30229	12064
30230	12064
30231	12063
30232	12063
30233	12062
30234	12062
30235	12063
30236	12063
30237	12064
30238	12064
30239	12066
30240	12065
30241	12065
30242	12064
30243	12064
30244	12064
30245	12066
30246	12066
30247	12066
30248	12068
30249	12068
30250	12068
30251	12068
30252	12068
30253	12068
30254	12067
30255	12066
30256	12068
30257	12067
30258	12066
30259	12068
30260	12068
30261	12067
30262	12067
30263	12066
30264	12066
30265	12066
30266	12067
30267	12067
30268	12067
30269	12067
30270	12069
30271	12069
30272	12068
30273	12068
30274	12068
30275	12068
30276	12070
30277	12069
30278	12069
30279	12069
30280	12068
30281	12068
30282	12068
30283	12068
30284	12068
30285	12069
30286	12071
30287	12071
30288	12071
30289	12070
30290	12070
30291	12070
30292	12069
30293	12068
30294	12068
30295	12068
30296	12067
30297	12069
30298	12069
30299	12071
30300	12070
30301	12072
30302	12072
30303	12072
30304	12072
30305	12071
30306	12070
30307	12070
30308	12069
30309	12069
30310	12068
30311	12068
30312	12068
30313	12068
30314	12068
30315	12068
30316	12067
30317	12067
30318	12069
30319	12069
30320	12068
30321	12068
30322	12067
30323	12067
30324	12067
30325	12069
30326	12069
30327	12069
30328	12068
30329	12067
30330	12067
30331	12067
30332	12067
30333	12067
30334	12069
30335	12069
30336	12071
30337	12071
30338	12071
30339	12071
30340	12071
30341	12070
30342	12070
30343	12070
30344	12071
30345	12071
30346	12071
30347	12071
30348	12072
30349	12071
30350	12071
30351	12071
30352	12070
30353	12070
30354	12069
30355	12069
30356	12069
30357	12068
30358	12067
30359	12068
30360	12068
30361	12068
30362	12068
30363	12068
30364	12067
30365	12067
30366	12067
30367	12069
30368	12069
30369	12071
30370	12071
30371	12071
30372	12071
30373	12071
30374	12070
30375	12070
30376	12070
30377	12071
30378	12070
30379	12070
30380	12070
30381	12069
30382	12069
30383	12071
30384	12071
30385	12071
30386	12071
30387	12070
30388	12069
30389	12071
30390	12071
30391	12073
30392	12073
30393	12073
30394	12073
30395	12073
30396	12072
30397	12071
30398	12070
30399	12070
30400	12071
30401	12071
30402	12071
30403	12071
30404	12070
30405	12069
30406	12069
30407	12069
30408	12069
30409	12069
30410	12070
30411	12070
30412	12070
30413	12072
30414	12073
30415	12073
30416	12072
30417	12072
30418	12072
30419	12072
30420	12072
30421	12072
30422	12071
30423	12071
30424	12071
30425	12071
30426	12071
30427	12071
30428	12071
30429	12071
30430	12071
30431	12072
30432	12073
30433	12073
30434	12073
30435	12073
30436	12074
30437	12075
30438	12075
30439	12075
30440	12075
30441	12075
30442	12074
30443	12074
30444	12074
30445	12074
30446	12074
30447	12073
30448	12075
30449	12075
30450	12074
30451	12073
30452	12073
30453	12075
30454	12075
30455	12077
30456	12077
30457	12076
30458	12076
30459	12076
30460	12076
30461	12078
30462	12078
30463	12078
30464	12080
30465	12080
30466	12080
30467	12079
30468	12079
30469	12079
30470	12081
30471	12081
30472	12081
30473	12081
30474	12081
30475	12081
30476	12082
30477	12082
30478	12084
30479	12084
30480	12084
30481	12085
30482	12085
30483	12087
30484	12087
30485	12087
30486	12087
30487	12087
30488	12087
30489	12086
30490	12086
30491	12086
30492	12086
30493	12086
30494	12085
30495	12085
30496	12085
30497	12087
30498	12087
30499	12089
30500	12089
30501	12089
30502	12089
30503	12089
30504	12089
30505	12091
30506	12091
30507	12091
30508	12093
30509	12093
30510	12095
30511	12095
30512	12095
30513	12095
30514	12095
30515	12094
30516	12094
30517	12094
30518	12094
30519	12094
30520	12094
30521	12096
30522	12097
30523	12096
30524	12098
30525	12100
30526	12100
30527	12102
30528	12101
30529	12100
30530	12100
30531	12099
30532	12099
30533	12099
30534	12099
30535	12098
30536	12098
30537	12099
30538	12099
30539	12101
30540	12101
30541	12101
30542	12100
30543	12100
30544	12100
30545	12102
30546	12101
30547	12100
30548	12101
30549	12103
30550	12103
30551	12102
30552	12102
30553	12102
30554	12102
30555	12101
30556	12101
30557	12101
30558	12101
30559	12101
30560	12101
30561	12101
30562	12102
30563	12101
30564	12101
30565	12102
30566	12102
30567	12102
30568	12104
30569	12104
30570	12104
30571	12104
30572	12103
30573	12103
30574	12103
30575	12102
30576	12101
30577	12100
30578	12099
30579	12099
30580	12099
30581	12099
30582	12099
30583	12099
30584	12101
30585	12101
30586	12101
30587	12101
30588	12101
30589	12100
30590	12101
30591	12101
30592	12101
30593	12103
30594	12103
30595	12103
30596	12105
30597	12105
30598	12104
30599	12104
30600	12104
30601	12104
30602	12103
30603	12105
30604	12105
30605	12105
30606	12105
30607	12105
30608	12106
30609	12106
30610	12108
30611	12108
30612	12107
30613	12107
30614	12107
30615	12109
30616	12109
30617	12110
30618	12110
30619	12110
30620	12110
30621	12110
30622	12110
30623	12110
30624	12110
30625	12110
30626	12112
30627	12112
30628	12111
30629	12110
30630	12111
30631	12113
30632	12113
30633	12113
30634	12113
30635	12115
30636	12114
30637	12114
30638	12113
30639	12113
30640	12112
30641	12112
30642	12112
30643	12113
30644	12114
30645	12113
30646	12113
30647	12113
30648	12113
30649	12113
30650	12113
30651	12115
30652	12115
30653	12115
30654	12114
30655	12113
30656	12112
30657	12111
30658	12112
30659	12113
30660	12112
30661	12112
30662	12111
30663	12111
30664	12111
30665	12110
30666	12109
30667	12108
30668	12108
30669	12107
30670	12107
30671	12108
30672	12107
30673	12109
30674	12109
30675	12108
30676	12108
30677	12108
30678	12108
30679	12108
30680	12108
30681	12110
30682	12110
30683	12109
30684	12108
30685	12108
30686	12110
30687	12110
30688	12112
30689	12112
30690	12112
30691	12112
30692	12112
30693	12112
30694	12113
30695	12113
30696	12113
30697	12112
30698	12112
30699	12112
30700	12112
30701	12112
30702	12112
30703	12112
30704	12114
30705	12116
30706	12116
30707	12118
30708	12118
30709	12117
30710	12117
30711	12118
30712	12118
30713	12118
30714	12118
30715	12118
30716	12117
30717	12117
30718	12116
30719	12116
30720	12116
30721	12116
30722	12118
30723	12120
30724	12120
30725	12119
30726	12119
30727	12119
30728	12119
30729	12118
30730	12117
30731	12117
30732	12118
30733	12118
30734	12120
30735	12120
30736	12120
30737	12120
30738	12120
30739	12120
30740	12122
30741	12121
30742	12120
30743	12120
30744	12120
30745	12120
30746	12120
30747	12122
30748	12122
30749	12122
30750	12122
30751	12122
30752	12122
30753	12122
30754	12122
30755	12122
30756	12122
30757	12124
30758	12124
30759	12123
30760	12123
30761	12123
30762	12125
30763	12124
30764	12124
30765	12126
30766	12126
30767	12126
30768	12126
30769	12126
30770	12126
30771	12125
30772	12127
30773	12127
30774	12127
30775	12127
30776	12127
30777	12126
30778	12126
30779	12126
30780	12127
30781	12127
30782	12127
30783	12127
30784	12128
30785	12127
30786	12129
30787	12129
30788	12129
30789	12131
30790	12131
30791	12133
30792	12133
30793	12132
30794	12132
30795	12132
30796	12133
30797	12132
30798	12132
30799	12132
30800	12132
30801	12132
30802	12131
30803	12131
30804	12133
30805	12132
30806	12132
30807	12132
30808	12132
30809	12134
30810	12133
30811	12133
30812	12133
30813	12133
30814	12133
30815	12135
30816	12135
30817	12135
30818	12135
30819	12135
30820	12135
30821	12135
30822	12135
30823	12135
30824	12134
30825	12134
30826	12134
30827	12133
30828	12134
30829	12135
30830	12135
30831	12135
30832	12136
30833	12137
30834	12136
30835	12136
30836	12136
30837	12135
30838	12135
30839	12135
30840	12136
30841	12136
30842	12136
30843	12136
30844	12135
30845	12135
30846	12134
30847	12134
30848	12134
30849	12134
30850	12134
30851	12134
30852	12134
30853	12134
30854	12134
30855	12135
30856	12135
30857	12135
30858	12136
30859	12136
30860	12138
30861	12138
30862	12138
30863	12138
30864	12138
30865	12137
30866	12137
30867	12137
30868	12138
30869	12138
30870	12138
30871	12139
30872	12139
30873	12139
30874	12139
30875	12139
30876	12139
30877	12138
30878	12138
30879	12138
30880	12137
30881	12136
30882	12136
30883	12136
30884	12136
30885	12136
30886	12136
30887	12136
30888	12138
30889	12138
30890	12137
30891	12139
30892	12139
30893	12138
30894	12140
30895	12140
30896	12140
30897	12140
30898	12140
30899	12139
30900	12138
30901	12138
30902	12138
30903	12138
30904	12138
30905	12138
30906	12140
30907	12140
30908	12140
30909	12139
30910	12138
30911	12137
30912	12136
30913	12137
30914	12137
30915	12137
30916	12137
30917	12136
30918	12135
30919	12135
30920	12137
30921	12137
30922	12137
30923	12139
30924	12139
30925	12139
30926	12139
30927	12138
30928	12138
30929	12138
30930	12140
30931	12142
30932	12142
30933	12142
30934	12144
30935	12144
30936	12143
30937	12143
30938	12143
30939	12143
30940	12143
30941	12143
30942	12142
30943	12141
30944	12141
30945	12143
30946	12143
30947	12143
30948	12143
30949	12143
30950	12144
30951	12144
30952	12145
30953	12146
30954	12146
30955	12146
30956	12145
30957	12145
30958	12145
30959	12145
30960	12145
30961	12144
30962	12144
30963	12144
30964	12145
30965	12147
30966	12147
30967	12146
30968	12145
30969	12146
30970	12146
30971	12146
30972	12146
30973	12146
30974	12147
30975	12147
30976	12147
30977	12146
30978	12145
30979	12145
30980	12147
30981	12147
30982	12149
30983	12148
30984	12148
30985	12147
30986	12147
30987	12147
30988	12147
30989	12146
30990	12146
30991	12145
30992	12144
30993	12143
30994	12142
30995	12143
30996	12143
30997	12145
30998	12144
30999	12144
31000	12144
31001	12143
31002	12143
31003	12143
31004	12143
31005	12143
31006	12145
31007	12145
31008	12144
31009	12143
31010	12145
31011	12145
31012	12145
31013	12146
31014	12146
31015	12148
31016	12150
31017	12150
31018	12150
31019	12152
31020	12152
31021	12154
31022	12154
31023	12154
31024	12154
31025	12154
31026	12153
31027	12152
31028	12152
31029	12152
31030	12152
31031	12154
31032	12154
31033	12153
31034	12155
31035	12156
31036	12156
31037	12156
31038	12156
31039	12156
31040	12157
31041	12156
31042	12155
31043	12155
31044	12155
31045	12155
31046	12155
31047	12154
31048	12153
31049	12152
31050	12151
31051	12153
31052	12153
31053	12153
31054	12152
31055	12152
31056	12152
31057	12152
31058	12152
31059	12152
31060	12152
31061	12152
31062	12154
31063	12155
31064	12155
31065	12155
31066	12156
31067	12157
31068	12157
31069	12158
31070	12159
31071	12159
31072	12158
31073	12159
31074	12159
31075	12160
31076	12162
31077	12162
31078	12162
31079	12162
31080	12161
31081	12161
31082	12161
31083	12160
31084	12159
31085	12159
31086	12159
31087	12159
31088	12159
31089	12159
31090	12161
31091	12161
31092	12160
31093	12160
31094	12159
31095	12159
31096	12159
31097	12158
31098	12158
31099	12157
31100	12157
31101	12158
31102	12158
31103	12159
31104	12159
31105	12159
31106	12160
31107	12160
31108	12160
31109	12162
31110	12162
31111	12162
31112	12162
31113	12162
31114	12161
31115	12161
31116	12161
31117	12161
31118	12161
31119	12161
31120	12161
31121	12161
31122	12160
31123	12160
31124	12162
31125	12162
31126	12162
31127	12164
31128	12166
31129	12166
31130	12168
31131	12168
31132	12168
31133	12168
31134	12167
31135	12166
31136	12166
31137	12166
31138	12167
31139	12166
31140	12166
31141	12166
31142	12166
31143	12165
31144	12164
31145	12163
31146	12163
31147	12163
31148	12163
31149	12163
31150	12165
31151	12165
31152	12167
31153	12167
31154	12167
31155	12167
31156	12169
31157	12170
31158	12170
31159	12170
31160	12172
31161	12172
31162	12171
31163	12170
31164	12169
31165	12169
31166	12169
31167	12169
31168	12171
31169	12170
31170	12170
31171	12170
31172	12170
31173	12170
31174	12170
31175	12170
31176	12169
31177	12169
31178	12168
31179	12167
31180	12166
31181	12166
31182	12166
31183	12166
31184	12165
31185	12164
31186	12164
31187	12164
31188	12166
31189	12166
31190	12166
31191	12166
31192	12166
31193	12165
31194	12165
31195	12165
31196	12165
31197	12166
31198	12166
31199	12166
31200	12166
31201	12166
31202	12165
31203	12164
31204	12164
31205	12163
31206	12163
31207	12163
31208	12163
31209	12162
31210	12162
31211	12163
31212	12163
31213	12163
31214	12163
31215	12164
31216	12164
31217	12164
31218	12164
31219	12164
31220	12163
31221	12162
31222	12162
31223	12162
31224	12164
31225	12164
31226	12164
31227	12164
31228	12164
31229	12164
31230	12164
31231	12164
31232	12164
31233	12164
31234	12164
31235	12163
31236	12163
31237	12165
31238	12165
31239	12165
31240	12165
31241	12165
31242	12165
31243	12165
31244	12167
31245	12167
31246	12167
31247	12166
31248	12166
31249	12166
31250	12166
31251	12167
31252	12167
31253	12167
31254	12166
31255	12166
31256	12165
31257	12165
31258	12165
31259	12164
31260	12163
31261	12163
31262	12164
31263	12164
31264	12164
31265	12163
31266	12165
31267	12165
31268	12165
31269	12165
31270	12166
31271	12165
31272	12165
31273	12167
31274	12166
31275	12166
31276	12165
31277	12164
31278	12164
31279	12164
31280	12164
31281	12164
31282	12164
31283	12166
31284	12166
31285	12165
31286	12166
31287	12166
31288	12166
31289	12166
31290	12165
31291	12165
31292	12164
31293	12164
31294	12163
31295	12163
31296	12163
31297	12163
31298	12162
31299	12162
31300	12162
31301	12164
31302	12164
31303	12164
31304	12166
31305	12168
31306	12168
31307	12168
31308	12168
31309	12167
31310	12166
31311	12166
31312	12165
31313	12164
31314	12164
31315	12164
31316	12164
31317	12166
31318	12165
31319	12166
31320	12166
31321	12165
31322	12165
31323	12167
31324	12167
31325	12167
31326	12167
31327	12167
31328	12167
31329	12166
31330	12167
31331	12167
31332	12166
31333	12166
31334	12166
31335	12166
31336	12166
31337	12165
31338	12167
31339	12167
31340	12168
31341	12168
31342	12167
31343	12167
31344	12167
31345	12167
31346	12167
31347	12167
31348	12168
31349	12168
31350	12167
31351	12166
31352	12167
31353	12168
31354	12168
31355	12168
31356	12168
31357	12168
31358	12167
31359	12167
31360	12166
31361	12166
31362	12168
31363	12168
31364	12169
31365	12169
31366	12169
31367	12168
31368	12168
31369	12168
31370	12168
31371	12168
31372	12168
31373	12168
31374	12167
31375	12168
31376	12168
31377	12168
31378	12170
31379	12170
31380	12169
31381	12170
31382	12170
31383	12170
31384	12170
31385	12170
31386	12170
31387	12170
31388	12172
31389	12172
31390	12173
31391	12173
31392	12173
31393	12173
31394	12173
31395	12172
31396	12172
31397	12174
31398	12174
31399	12174
31400	12174
31401	12173
31402	12173
31403	12173
31404	12174
31405	12176
31406	12176
31407	12176
31408	12176
31409	12175
31410	12175
31411	12174
31412	12173
31413	12174
31414	12174
31415	12174
31416	12174
31417	12175
31418	12175
31419	12174
31420	12174
31421	12174
31422	12176
31423	12175
31424	12175
31425	12175
31426	12174
31427	12173
31428	12175
31429	12174
31430	12176
31431	12176
31432	12178
31433	12178
31434	12177
31435	12176
31436	12176
31437	12175
31438	12175
31439	12175
31440	12175
31441	12175
31442	12174
31443	12173
31444	12172
31445	12172
31446	12171
31447	12171
31448	12171
31449	12173
31450	12173
31451	12173
31452	12173
31453	12175
31454	12174
31455	12174
31456	12174
31457	12173
31458	12173
31459	12175
31460	12175
31461	12174
31462	12173
31463	12172
31464	12172
31465	12171
31466	12171
31467	12173
31468	12173
31469	12173
31470	12173
31471	12172
31472	12171
31473	12171
31474	12171
31475	12171
31476	12172
31477	12171
31478	12171
31479	12172
31480	12172
31481	12171
31482	12171
31483	12171
31484	12170
31485	12170
31486	12170
31487	12170
31488	12169
31489	12168
31490	12170
31491	12170
31492	12171
31493	12171
31494	12173
31495	12173
31496	12173
31497	12173
31498	12172
31499	12171
31500	12171
31501	12170
31502	12170
31503	12171
31504	12171
31505	12171
31506	12171
31507	12170
31508	12170
31509	12169
31510	12169
31511	12168
31512	12167
31513	12167
31514	12167
31515	12166
31516	12167
31517	12167
31518	12166
31519	12166
31520	12166
31521	12166
31522	12168
31523	12168
31524	12168
31525	12167
31526	12167
31527	12167
31528	12169
31529	12169
31530	12169
31531	12169
31532	12169
31533	12168
31534	12167
31535	12168
31536	12168
31537	12168
31538	12170
31539	12171
31540	12171
31541	12170
31542	12169
31543	12169
31544	12169
31545	12168
31546	12168
31547	12168
31548	12167
31549	12167
31550	12167
31551	12166
31552	12166
31553	12166
31554	12166
31555	12166
31556	12166
31557	12166
31558	12166
31559	12166
31560	12167
31561	12167
31562	12167
31563	12167
31564	12167
31565	12166
31566	12167
31567	12167
31568	12167
31569	12166
31570	12166
31571	12165
31572	12165
31573	12165
31574	12165
31575	12164
31576	12166
31577	12166
31578	12165
31579	12164
31580	12166
31581	12165
31582	12164
31583	12165
31584	12164
31585	12164
31586	12163
31587	12163
31588	12165
31589	12164
31590	12164
31591	12164
31592	12163
31593	12163
31594	12163
31595	12163
31596	12163
31597	12164
31598	12163
31599	12163
31600	12164
31601	12164
31602	12164
31603	12164
31604	12164
31605	12166
31606	12166
31607	12166
31608	12166
31609	12165
31610	12165
31611	12164
31612	12164
31613	12164
31614	12164
31615	12164
31616	12163
31617	12163
31618	12164
31619	12164
31620	12164
31621	12166
31622	12166
31623	12166
31624	12168
31625	12167
31626	12167
31627	12167
31628	12166
31629	12165
31630	12165
31631	12165
31632	12165
31633	12167
31634	12166
31635	12166
31636	12166
31637	12165
31638	12167
31639	12167
31640	12168
31641	12168
31642	12168
31643	12168
31644	12167
31645	12167
31646	12167
31647	12167
31648	12167
31649	12167
31650	12169
31651	12169
31652	12169
31653	12170
31654	12170
31655	12170
31656	12172
31657	12172
31658	12171
31659	12171
31660	12170
31661	12170
31662	12170
31663	12172
31664	12172
31665	12171
31666	12172
31667	12174
31668	12174
31669	12173
31670	12173
31671	12173
31672	12175
31673	12175
31674	12174
31675	12174
31676	12173
31677	12173
31678	12172
31679	12172
31680	12173
31681	12173
31682	12173
31683	12173
31684	12174
31685	12174
31686	12174
31687	12176
31688	12176
31689	12178
31690	12178
31691	12178
31692	12178
31693	12178
31694	12178
31695	12178
31696	12177
31697	12177
31698	12177
31699	12179
31700	12179
31701	12180
31702	12179
31703	12179
31704	12181
31705	12181
31706	12182
31707	12182
31708	12182
31709	12181
31710	12181
31711	12181
31712	12180
31713	12179
31714	12181
31715	12181
31716	12181
31717	12183
31718	12183
31719	12185
31720	12185
31721	12184
31722	12186
31723	12186
31724	12186
31725	12186
31726	12186
31727	12186
31728	12185
31729	12184
31730	12184
31731	12184
31732	12184
31733	12186
31734	12186
31735	12185
31736	12184
31737	12184
31738	12184
31739	12185
31740	12184
31741	12184
31742	12186
31743	12188
31744	12187
31745	12186
31746	12186
31747	12186
31748	12186
31749	12186
31750	12185
31751	12185
31752	12186
31753	12186
31754	12187
31755	12187
31756	12186
31757	12185
31758	12184
31759	12184
31760	12183
31761	12182
31762	12182
31763	12184
31764	12186
31765	12185
31766	12184
31767	12183
31768	12184
31769	12184
31770	12184
31771	12183
31772	12182
31773	12181
31774	12181
31775	12181
31776	12181
31777	12182
31778	12182
31779	12181
31780	12181
31781	12181
31782	12180
31783	12180
31784	12180
31785	12180
31786	12179
31787	12179
31788	12180
31789	12179
31790	12181
31791	12180
31792	12180
31793	12180
31794	12180
31795	12180
31796	12182
31797	12182
31798	12182
31799	12182
31800	12182
31801	12182
31802	12184
31803	12184
31804	12184
31805	12184
31806	12184
31807	12184
31808	12184
31809	12184
31810	12184
31811	12184
31812	12186
31813	12186
31814	12186
31815	12185
31816	12187
31817	12186
31818	12186
31819	12186
31820	12188
31821	12188
31822	12188
31823	12188
31824	12188
31825	12187
31826	12187
31827	12189
31828	12189
31829	12188
31830	12187
31831	12187
31832	12187
31833	12187
31834	12187
31835	12187
31836	12187
31837	12187
31838	12187
31839	12188
31840	12188
31841	12189
31842	12188
31843	12188
31844	12187
31845	12187
31846	12189
31847	12189
31848	12189
31849	12188
31850	12187
31851	12186
31852	12185
31853	12184
31854	12185
31855	12186
31856	12185
31857	12185
31858	12184
31859	12184
31860	12184
31861	12183
31862	12183
31863	12182
31864	12181
31865	12180
31866	12180
31867	12181
31868	12180
31869	12182
31870	12182
31871	12181
31872	12181
31873	12181
31874	12181
31875	12181
31876	12181
31877	12183
31878	12183
31879	12182
31880	12181
31881	12181
31882	12183
31883	12183
31884	12185
31885	12185
31886	12185
31887	12185
31888	12185
31889	12185
31890	12186
31891	12186
31892	12186
31893	12185
31894	12185
31895	12185
31896	12185
31897	12185
31898	12187
31899	12187
31900	12187
31901	12189
31902	12189
31903	12188
31904	12187
31905	12187
31906	12187
31907	12186
31908	12185
31909	12185
31910	12185
31911	12185
31912	12187
31913	12189
31914	12189
31915	12189
31916	12191
31917	12191
31918	12191
31919	12191
31920	12191
31921	12191
31922	12190
31923	12192
31924	12192
31925	12192
31926	12192
31927	12192
31928	12191
31929	12192
31930	12193
31931	12193
31932	12193
31933	12194
31934	12194
31935	12194
31936	12194
31937	12194
31938	12193
31939	12193
31940	12193
31941	12194
31942	12196
31943	12196
31944	12196
31945	12195
31946	12196
31947	12195
31948	12194
31949	12194
31950	12194
31951	12193
31952	12195
31953	12195
31954	12195
31955	12195
31956	12195
31957	12195
31958	12196
31959	12196
31960	12198
31961	12197
31962	12197
31963	12197
31964	12196
31965	12196
31966	12196
31967	12195
31968	12195
31969	12194
31970	12193
31971	12195
31972	12195
31973	12195
31974	12197
31975	12197
31976	12199
31977	12199
31978	12198
31979	12198
31980	12197
31981	12198
31982	12198
31983	12197
31984	12197
31985	12196
31986	12196
31987	12196
31988	12196
31989	12198
31990	12198
31991	12200
31992	12200
31993	12199
31994	12199
31995	12199
31996	12199
31997	12198
31998	12198
31999	12198
32000	12200
32001	12200
32002	12200
32003	12200
32004	12200
32005	12200
32006	12200
32007	12200
32008	12200
32009	12200
32010	12200
32011	12199
32012	12198
32013	12199
32014	12199
32015	12200
32016	12200
32017	12201
32018	12202
32019	12201
32020	12200
32021	12200
32022	12200
32023	12200
32024	12200
32025	12201
32026	12201
32027	12201
32028	12203
32029	12203
32030	12204
32031	12204
32032	12204
32033	12204
32034	12204
32035	12203
32036	12203
32037	12203
32038	12203
32039	12203
32040	12203
32041	12203
32042	12202
32043	12203
32044	12203
32045	12203
32046	12203
32047	12203
32048	12202
32049	12201
32050	12201
32051	12201
32052	12201
32053	12201
32054	12201
32055	12202
32056	12202
32057	12202
32058	12202
32059	12201
32060	12201
32061	12201
32062	12201
32063	12201
32064	12201
32065	12201
32066	12201
32067	12203
32068	12202
32069	12202
32070	12201
32071	12203
32072	12202
32073	12201
32074	12203
32075	12203
32076	12203
32077	12203
32078	12203
32079	12203
32080	12202
32081	12201
32082	12201
32083	12200
32084	12200
32085	12200
32086	12200
32087	12200
32088	12200
32089	12199
32090	12199
32091	12199
32092	12198
32093	12197
32094	12196
32095	12195
32096	12196
32097	12196
32098	12196
32099	12196
32100	12195
32101	12195
32102	12194
32103	12193
32104	12193
32105	12195
32106	12194
32107	12195
32108	12195
32109	12194
32110	12194
32111	12193
32112	12193
32113	12193
32114	12193
32115	12193
32116	12194
32117	12194
32118	12196
32119	12196
32120	12195
32121	12195
32122	12197
32123	12197
32124	12198
32125	12200
32126	12200
32127	12200
32128	12202
32129	12202
32130	12204
32131	12204
32132	12204
32133	12204
32134	12204
32135	12203
32136	12202
32137	12203
32138	12203
32139	12203
32140	12203
32141	12203
32142	12204
32143	12203
32144	12202
32145	12202
32146	12201
32147	12201
32148	12201
32149	12203
32150	12203
32151	12202
32152	12204
32153	12203
32154	12202
32155	12201
32156	12200
32157	12200
32158	12200
32159	12199
32160	12199
32161	12199
32162	12199
32163	12198
32164	12198
32165	12198
32166	12198
32167	12198
32168	12198
32169	12197
32170	12198
32171	12197
32172	12198
32173	12197
32174	12197
32175	12198
32176	12197
32177	12198
32178	12198
32179	12197
32180	12197
32181	12197
32182	12197
32183	12197
32184	12199
32185	12199
32186	12198
32187	12197
32188	12197
32189	12197
32190	12196
32191	12196
32192	12195
32193	12195
32194	12195
32195	12196
32196	12196
32197	12197
32198	12197
32199	12197
32200	12197
32201	12198
32202	12198
32203	12200
32204	12200
32205	12200
32206	12200
32207	12200
32208	12200
32209	12199
32210	12200
32211	12200
32212	12200
32213	12201
32214	12203
32215	12203
32216	12202
32217	12203
32218	12203
32219	12203
32220	12202
32221	12202
32222	12201
32223	12201
32224	12203
32225	12202
32226	12202
32227	12202
32228	12204
32229	12206
32230	12206
32231	12206
32232	12208
32233	12208
32234	12208
32235	12208
32236	12208
32237	12207
32238	12206
32239	12207
32240	12206
32241	12205
32242	12205
32243	12205
32244	12205
32245	12205
32246	12207
32247	12206
32248	12206
32249	12206
32250	12205
32251	12205
32252	12205
32253	12205
32254	12205
32255	12205
32256	12207
32257	12206
32258	12206
32259	12206
32260	12208
32261	12209
32262	12208
32263	12208
32264	12210
32265	12209
32266	12209
32267	12209
32268	12209
32269	12209
32270	12208
32271	12208
32272	12208
32273	12208
32274	12210
32275	12210
32276	12209
32277	12209
32278	12209
32279	12208
32280	12207
32281	12206
32282	12205
32283	12204
32284	12204
32285	12203
32286	12202
32287	12201
32288	12201
32289	12201
32290	12200
32291	12201
32292	12201
32293	12201
32294	12201
32295	12201
32296	12200
32297	12199
32298	12199
32299	12199
32300	12201
32301	12201
32302	12201
32303	12201
32304	12201
32305	12201
32306	12200
32307	12200
32308	12200
32309	12200
32310	12199
32311	12199
32312	12199
32313	12199
32314	12198
32315	12199
32316	12199
32317	12199
32318	12200
32319	12200
32320	12200
32321	12200
32322	12199
32323	12198
32324	12198
32325	12198
32326	12197
32327	12199
32328	12199
32329	12199
32330	12199
32331	12199
32332	12199
32333	12199
32334	12199
32335	12199
32336	12199
32337	12198
32338	12198
32339	12198
32340	12198
32341	12198
32342	12200
32343	12200
32344	12200
32345	12199
32346	12199
32347	12199
32348	12199
32349	12199
32350	12199
32351	12198
32352	12198
32353	12199
32354	12199
32355	12199
32356	12199
32357	12198
32358	12198
32359	12197
32360	12197
32361	12197
32362	12197
32363	12197
32364	12199
32365	12199
32366	12199
32367	12198
32368	12198
32369	12199
32370	12199
32371	12199
32372	12198
32373	12198
32374	12198
32375	12197
32376	12197
32377	12196
32378	12195
32379	12194
32380	12195
32381	12195
32382	12194
32383	12194
32384	12195
32385	12195
32386	12197
32387	12199
32388	12199
32389	12198
32390	12197
32391	12197
32392	12197
32393	12196
32394	12196
32395	12196
32396	12196
32397	12196
32398	12198
32399	12198
32400	12198
32401	12197
32402	12197
32403	12197
32404	12196
32405	12196
32406	12198
32407	12198
32408	12198
32409	12200
32410	12201
32411	12200
32412	12200
32413	12200
32414	12200
32415	12200
32416	12200
32417	12199
32418	12201
32419	12200
32420	12200
32421	12200
32422	12200
32423	12200
32424	12200
32425	12200
32426	12201
32427	12201
32428	12200
32429	12201
32430	12201
32431	12201
32432	12201
32433	12200
32434	12201
32435	12202
32436	12202
32437	12202
32438	12201
32439	12201
32440	12201
32441	12200
32442	12201
32443	12201
32444	12200
32445	12199
32446	12199
32447	12201
32448	12201
32449	12201
32450	12201
32451	12201
32452	12200
32453	12200
32454	12202
32455	12202
32456	12203
32457	12203
32458	12202
32459	12201
32460	12201
32461	12201
32462	12201
32463	12201
32464	12201
32465	12200
32466	12200
32467	12201
32468	12201
32469	12200
32470	12201
32471	12201
32472	12203
32473	12203
32474	12203
32475	12203
32476	12204
32477	12204
32478	12204
32479	12204
32480	12204
32481	12204
32482	12206
32483	12206
32484	12206
32485	12208
32486	12208
32487	12208
32488	12208
32489	12209
32490	12210
32491	12211
32492	12212
32493	12213
32494	12214
32495	12215
32496	12216
32497	12217
32498	12218
32499	12219
32500	12219
32501	12220
32502	12221
32503	12222
32504	12223
32505	12224
32506	12224
32507	12224
32508	12225
32509	12226
32510	12227
32511	12227
32512	12228
32513	12229
32514	12230
32515	12231
32516	12232
32517	12232
32518	12233
32519	12233
32520	12234
32521	12235
32522	12236
32523	12236
32524	12237
32525	12238
32526	12238
32527	12239
32528	12240
32529	12240
32530	12239
32531	12240
32532	12241
32533	12241
32534	12242
32535	12243
32536	12243
32537	12244
32538	12245
32539	12246
32540	12246
32541	12246
32542	12246
32543	12246
32544	12246
32545	12247
32546	12247
32547	12247
32548	12248
32549	12248
32550	12249
32551	12248
32552	12249
32553	12250
32554	12251
32555	12252
32556	12253
32557	12254
32558	12255
32559	12256
32560	12257
32561	12258
32562	12258
32563	12259
32564	12260
32565	12261
32566	12261
32567	12262
32568	12262
32569	12263
32570	12264
32571	12264
32572	12265
32573	12265
32574	12265
32575	12266
32576	12267
32577	12268
32578	12269
32579	12270
32580	12271
32581	12271
32582	12271
32583	12272
32584	12272
32585	12273
32586	12274
32587	12275
32588	12276
32589	12277
32590	12278
32591	12279
32592	12280
32593	12281
32594	12281
32595	12282
32596	12282
32597	12282
32598	12283
32599	12284
32600	12284
32601	12285
32602	12285
32603	12286
32604	12286
32605	12287
32606	12287
32607	12288
32608	12288
32609	12289
32610	12290
32611	12291
32612	12291
32613	12291
32614	12292
32615	12293
32616	12294
32617	12295
32618	12296
32619	12296
32620	12297
32621	12298
32622	12299
32623	12299
32624	12300
32625	12301
32626	12301
32627	12302
32628	12303
32629	12303
32630	12304
32631	12304
32632	12305
32633	12306
32634	12306
32635	12307
32636	12307
32637	12307
32638	12308
32639	12309
32640	12310
32641	12310
32642	12311
32643	12311
32644	12311
32645	12312
32646	12312
32647	12313
32648	12314
32649	12314
32650	12315
32651	12316
32652	12317
32653	12318
32654	12319
32655	12320
32656	12321
32657	12321
32658	12321
32659	12322
32660	12323
32661	12324
32662	12324
32663	12325
32664	12324
32665	12325
32666	12326
32667	12326
32668	12327
32669	12328
32670	12329
32671	12330
32672	12331
32673	12331
32674	12332
32675	12333
32676	12334
32677	12335
32678	12336
32679	12337
32680	12338
32681	12339
32682	12339
32683	12340
32684	12340
32685	12341
32686	12342
32687	12343
32688	12344
32689	12344
32690	12345
32691	12346
32692	12347
32693	12348
32694	12349
32695	12350
32696	12350
32697	12350
32698	12351
32699	12351
32700	12352
32701	12352
32702	12353
32703	12353
32704	12354
32705	12354
32706	12355
32707	12356
32708	12356
32709	12357
32710	12358
32711	12359
32712	12360
32713	12360
32714	12361
32715	12362
32716	12363
32717	12364
32718	12365
32719	12365
32720	12366
32721	12366
32722	12367
32723	12368
32724	12368
32725	12368
32726	12369
32727	12368
32728	12369
32729	12369
32730	12369
32731	12370
32732	12371
32733	12371
32734	12371
32735	12370
32736	12370
32737	12370
32738	12371
32739	12372
32740	12372
32741	12371
32742	12371
32743	12372
32744	12373
32745	12374
32746	12375
32747	12375
32748	12375
32749	12376
32750	12376
32751	12377
32752	12378
32753	12377
32754	12377
32755	12377
32756	12377
32757	12378
32758	12378
32759	12378
32760	12378
32761	12379
32762	12379
32763	12380
32764	12380
32765	12381
32766	12382
32767	12383
32768	12383
32769	12383
32770	12383
32771	12383
32772	12384
32773	12385
32774	12386
32775	12387
32776	12387
32777	12388
32778	12389
32779	12390
32780	12391
32781	12392
32782	12393
32783	12394
32784	12394
32785	12395
32786	12395
32787	12396
32788	12397
32789	12398
32790	12398
32791	12399
32792	12400
32793	12401
32794	12402
32795	12403
32796	12404
32797	12405
32798	12405
32799	12406
32800	12406
32801	12406
32802	12407
32803	12406
32804	12407
32805	12408
32806	12409
32807	12410
32808	12410
32809	12411
32810	12412
32811	12412
32812	12412
32813	12413
32814	12412
32815	12413
32816	12414
32817	12415
32818	12416
32819	12417
32820	12417
32821	12418
32822	12418
32823	12419
32824	12419
32825	12419
32826	12420
32827	12421
32828	12421
32829	12421
32830	12422
32831	12423
32832	12424
32833	12425
32834	12426
32835	12426
32836	12427
32837	12428
32838	12429
32839	12430
32840	12430
32841	12431
32842	12431
32843	12431
32844	12432
32845	12433
32846	12434
32847	12435
32848	12436
32849	12437
32850	12438
32851	12439
32852	12439
32853	12440
32854	12441
32855	12442
32856	12443
32857	12444
32858	12445
32859	12446
32860	12447
32861	12448
32862	12449
32863	12450
32864	12451
32865	12452
32866	12452
32867	12453
32868	12454
32869	12455
32870	12455
32871	12455
32872	12456
32873	12457
32874	12458
32875	12459
32876	12460
32877	12461
32878	12461
32879	12462
32880	12463
32881	12464
32882	12464
32883	12464
32884	12465
32885	12466
32886	12466
32887	12466
32888	12467
32889	12468
32890	12468
32891	12469
32892	12470
32893	12471
32894	12471
32895	12472
32896	12472
32897	12471
32898	12472
32899	12473
32900	12473
32901	12474
32902	12475
32903	12476
32904	12477
32905	12477
32906	12478
32907	12478
32908	12479
32909	12480
32910	12480
32911	12481
32912	12482
32913	12483
32914	12484
32915	12484
32916	12485
32917	12486
32918	12486
32919	12486
32920	12486
32921	12487
32922	12488
32923	12489
32924	12490
32925	12491
32926	12492
32927	12492
32928	12493
32929	12494
32930	12495
32931	12495
32932	12496
32933	12496
32934	12496
32935	12496
32936	12497
32937	12498
32938	12499
32939	12499
32940	12500
32941	12501
32942	12500
32943	12501
32944	12502
32945	12503
32946	12504
32947	12505
32948	12506
32949	12505
32950	12505
32951	12506
32952	12507
32953	12508
32954	12507
32955	12508
32956	12509
32957	12510
32958	12510
32959	12511
32960	12511
32961	12512
32962	12513
32963	12514
32964	12515
32965	12516
32966	12516
32967	12517
32968	12517
32969	12517
32970	12517
32971	12518
32972	12518
32973	12518
32974	12519
32975	12520
32976	12521
32977	12522
32978	12523
32979	12524
32980	12525
32981	12526
32982	12527
32983	12528
32984	12528
32985	12529
32986	12530
32987	12531
32988	12532
32989	12533
32990	12533
32991	12534
32992	12535
32993	12535
32994	12536
32995	12536
32996	12537
32997	12537
32998	12538
32999	12539
33000	12540
33001	12541
33002	12541
33003	12542
33004	12543
33005	12543
33006	12544
33007	12545
33008	12545
33009	12546
33010	12547
33011	12548
33012	12549
33013	12549
33014	12550
33015	12550
33016	12551
33017	12551
33018	12551
33019	12552
33020	12552
33021	12553
33022	12554
33023	12555
33024	12556
33025	12557
33026	12558
33027	12559
33028	12560
33029	12561
33030	12561
33031	12561
33032	12562
33033	12563
33034	12563
33035	12564
33036	12565
33037	12566
33038	12567
33039	12568
33040	12569
33041	12570
33042	12571
33043	12572
33044	12572
33045	12573
33046	12574
33047	12575
33048	12576
33049	12577
33050	12578
33051	12579
33052	12579
33053	12580
33054	12580
33055	12580
33056	12581
33057	12581
33058	12582
33059	12582
33060	12582
33061	12583
33062	12584
33063	12585
33064	12586
33065	12585
33066	12586
33067	12585
33068	12585
33069	12586
33070	12587
33071	12588
33072	12589
33073	12590
33074	12591
33075	12592
33076	12592
33077	12593
33078	12594
33079	12595
33080	12594
33081	12594
33082	12595
33083	12596
33084	12597
33085	12598
33086	12599
33087	12600
33088	12600
33089	12601
33090	12602
33091	12603
33092	12602
33093	12603
33094	12604
33095	12605
33096	12606
33097	12606
33098	12606
33099	12606
33100	12605
33101	12606
33102	12607
33103	12608
33104	12609
33105	12610
33106	12610
33107	12610
33108	12610
33109	12610
33110	12611
33111	12612
33112	12612
33113	12613
33114	12613
33115	12613
33116	12613
33117	12613
33118	12614
33119	12615
33120	12616
33121	12617
33122	12618
33123	12619
33124	12620
33125	12621
33126	12622
33127	12623
33128	12624
33129	12625
33130	12625
33131	12625
33132	12626
33133	12627
33134	12627
33135	12627
33136	12628
33137	12628
33138	12629
33139	12630
33140	12630
33141	12630
33142	12631
33143	12632
33144	12633
33145	12634
33146	12635
33147	12635
33148	12636
33149	12637
33150	12637
33151	12637
33152	12638
33153	12637
33154	12638
33155	12638
33156	12638
33157	12639
33158	12640
33159	12641
33160	12642
33161	12643
33162	12644
33163	12644
33164	12644
33165	12645
33166	12646
33167	12647
33168	12647
33169	12646
33170	12647
33171	12648
33172	12648
33173	12648
33174	12648
33175	12649
33176	12650
33177	12650
33178	12649
33179	12649
33180	12650
33181	12650
33182	12650
33183	12650
33184	12651
33185	12651
33186	12651
33187	12651
33188	12652
33189	12653
33190	12654
33191	12655
33192	12655
33193	12656
33194	12656
33195	12657
33196	12658
33197	12658
33198	12658
33199	12659
33200	12659
33201	12660
33202	12661
33203	12661
33204	12661
33205	12662
33206	12663
33207	12664
33208	12665
33209	12665
33210	12665
33211	12666
33212	12666
33213	12667
33214	12667
33215	12668
33216	12668
33217	12669
33218	12669
33219	12669
33220	12669
33221	12669
33222	12670
33223	12671
33224	12671
33225	12672
33226	12673
33227	12674
33228	12675
33229	12676
33230	12677
33231	12677
33232	12677
33233	12678
33234	12678
33235	12678
33236	12679
33237	12679
33238	12679
33239	12680
33240	12681
33241	12681
33242	12682
33243	12683
33244	12684
33245	12685
33246	12686
33247	12685
33248	12685
33249	12686
33250	12687
33251	12688
33252	12689
33253	12690
33254	12691
33255	12692
33256	12693
33257	12694
33258	12695
33259	12696
33260	12697
33261	12698
33262	12699
33263	12700
33264	12700
33265	12701
33266	12702
33267	12703
33268	12704
33269	12705
33270	12706
33271	12707
33272	12708
33273	12708
33274	12709
33275	12710
33276	12711
33277	12712
33278	12712
33279	12713
33280	12714
33281	12715
33282	12716
33283	12717
33284	12718
33285	12718
33286	12719
33287	12719
33288	12720
33289	12720
33290	12721
33291	12722
33292	12723
33293	12723
33294	12724
33295	12724
33296	12723
33297	12724
33298	12725
33299	12725
33300	12725
33301	12726
33302	12727
33303	12728
33304	12728
33305	12729
33306	12729
33307	12730
33308	12730
33309	12730
33310	12729
33311	12730
33312	12731
33313	12732
33314	12732
33315	12731
33316	12730
33317	12730
33318	12731
33319	12731
33320	12732
33321	12732
33322	12732
33323	12733
33324	12734
33325	12735
33326	12735
33327	12736
33328	12736
33329	12737
33330	12738
33331	12739
33332	12739
33333	12740
33334	12740
33335	12740
33336	12740
33337	12740
33338	12741
33339	12741
33340	12741
33341	12742
33342	12743
33343	12742
33344	12743
33345	12743
33346	12743
33347	12743
33348	12743
33349	12743
33350	12744
33351	12743
33352	12744
33353	12745
33354	12746
33355	12746
33356	12745
33357	12745
33358	12746
33359	12747
33360	12748
33361	12749
33362	12750
33363	12751
33364	12751
33365	12752
33366	12752
33367	12752
33368	12753
33369	12754
33370	12754
33371	12755
33372	12755
33373	12756
33374	12756
33375	12757
33376	12758
33377	12758
33378	12759
33379	12759
33380	12760
33381	12761
33382	12762
33383	12763
33384	12763
33385	12764
33386	12765
33387	12765
33388	12766
33389	12766
33390	12766
33391	12767
33392	12768
33393	12769
33394	12769
33395	12770
33396	12771
33397	12772
33398	12773
33399	12774
33400	12775
33401	12776
33402	12776
33403	12777
33404	12778
33405	12779
33406	12780
33407	12780
33408	12781
33409	12782
33410	12783
33411	12783
33412	12784
33413	12785
33414	12786
33415	12787
33416	12788
33417	12789
33418	12790
33419	12790
33420	12790
33421	12790
33422	12790
33423	12791
33424	12791
33425	12792
33426	12793
33427	12794
33428	12795
33429	12795
33430	12796
33431	12796
33432	12796
33433	12796
33434	12797
33435	12798
33436	12798
33437	12799
33438	12800
33439	12801
33440	12802
33441	12803
33442	12804
33443	12805
33444	12805
33445	12805
33446	12806
33447	12807
33448	12807
33449	12808
33450	12809
33451	12810
33452	12811
33453	12811
33454	12810
33455	12811
33456	12812
33457	12813
33458	12813
33459	12813
33460	12813
33461	12814
33462	12814
33463	12815
33464	12816
33465	12817
33466	12818
33467	12818
33468	12819
33469	12819
33470	12819
33471	12819
33472	12818
33473	12819
33474	12820
33475	12821
33476	12822
33477	12821
33478	12822
33479	12822
33480	12823
33481	12824
33482	12825
33483	12825
33484	12825
33485	12826
33486	12827
33487	12828
33488	12829
33489	12829
33490	12830
33491	12830
33492	12831
33493	12832
33494	12833
33495	12834
33496	12835
33497	12835
33498	12836
33499	12836
33500	12836
33501	12837
33502	12838
33503	12838
33504	12838
33505	12839
33506	12839
33507	12840
33508	12841
33509	12842
33510	12843
33511	12844
33512	12845
33513	12846
33514	12847
33515	12847
33516	12848
33517	12849
33518	12849
33519	12849
33520	12848
33521	12849
33522	12850
33523	12850
33524	12851
33525	12852
33526	12853
33527	12854
33528	12855
33529	12856
33530	12857
33531	12858
33532	12859
33533	12860
33534	12861
33535	12862
33536	12863
33537	12863
33538	12863
33539	12864
33540	12864
33541	12865
33542	12866
33543	12867
33544	12867
33545	12868
33546	12868
33547	12869
33548	12870
33549	12871
33550	12872
33551	12873
33552	12874
33553	12875
33554	12876
33555	12876
33556	12876
33557	12877
33558	12878
33559	12879
33560	12880
33561	12880
33562	12881
33563	12881
33564	12882
33565	12881
33566	12882
33567	12883
33568	12883
33569	12883
33570	12884
33571	12885
33572	12884
33573	12884
33574	12885
33575	12886
33576	12886
33577	12887
33578	12888
33579	12888
33580	12889
33581	12889
33582	12890
33583	12890
33584	12891
33585	12892
33586	12893
33587	12893
33588	12893
33589	12894
33590	12895
33591	12896
33592	12896
33593	12896
33594	12897
33595	12898
33596	12899
33597	12900
33598	12901
33599	12902
33600	12902
33601	12903
33602	12904
33603	12903
33604	12904
33605	12904
33606	12905
33607	12906
33608	12905
33609	12906
33610	12907
33611	12907
33612	12908
33613	12909
33614	12910
33615	12910
33616	12911
33617	12910
33618	12910
33619	12911
33620	12911
33621	12910
33622	12911
33623	12911
33624	12911
33625	12911
33626	12912
33627	12913
33628	12914
33629	12915
33630	12914
33631	12914
33632	12915
33633	12916
33634	12917
33635	12918
33636	12919
33637	12920
33638	12921
33639	12921
33640	12922
33641	12923
33642	12924
33643	12924
33644	12925
33645	12926
33646	12926
33647	12927
33648	12928
33649	12929
33650	12930
33651	12931
33652	12931
33653	12932
33654	12933
33655	12934
33656	12935
33657	12936
33658	12937
33659	12938
33660	12938
33661	12939
33662	12940
33663	12941
33664	12942
33665	12943
33666	12944
33667	12945
33668	12946
33669	12946
33670	12947
33671	12948
33672	12949
33673	12950
33674	12951
33675	12952
33676	12953
33677	12953
33678	12954
33679	12955
33680	12956
33681	12957
33682	12958
33683	12959
33684	12960
33685	12960
33686	12960
33687	12960
33688	12961
33689	12961
33690	12962
33691	12963
33692	12963
33693	12964
33694	12965
33695	12965
33696	12966
33697	12967
33698	12968
33699	12969
33700	12969
33701	12970
33702	12970
33703	12971
33704	12972
33705	12973
33706	12974
33707	12974
33708	12974
33709	12974
33710	12975
33711	12975
33712	12976
33713	12977
33714	12977
33715	12977
33716	12976
33717	12976
33718	12977
33719	12977
33720	12977
33721	12978
33722	12979
33723	12980
33724	12980
33725	12981
33726	12982
33727	12983
33728	12984
33729	12985
33730	12985
33731	12986
33732	12987
33733	12987
33734	12987
33735	12987
33736	12987
33737	12988
33738	12989
33739	12989
33740	12990
33741	12990
33742	12990
33743	12990
33744	12991
33745	12991
33746	12992
33747	12993
33748	12994
33749	12995
33750	12995
33751	12996
33752	12997
33753	12997
33754	12998
33755	12999
33756	12999
33757	12999
33758	12998
33759	12998
33760	12998
33761	12999
33762	13000
33763	13001
33764	13002
33765	13002
33766	13003
33767	13004
33768	13005
33769	13006
33770	13007
33771	13008
33772	13008
33773	13009
33774	13009
33775	13009
33776	13010
33777	13011
33778	13011
33779	13011
33780	13012
33781	13013
33782	13014
33783	13014
33784	13015
33785	13016
33786	13017
33787	13018
33788	13019
33789	13020
33790	13021
33791	13022
33792	13023
33793	13023
33794	13024
33795	13025
33796	13026
33797	13027
33798	13027
33799	13027
33800	13027
33801	13027
33802	13027
33803	13028
33804	13029
33805	13030
33806	13031
33807	13032
33808	13033
33809	13033
33810	13034
33811	13035
33812	13036
33813	13037
33814	13038
33815	13039
33816	13040
33817	13041
33818	13042
33819	13043
33820	13044
33821	13043
33822	13043
33823	13044
33824	13045
33825	13045
33826	13046
33827	13047
33828	13048
33829	13047
33830	13047
33831	13047
33832	13048
33833	13049
33834	13050
33835	13050
33836	13051
33837	13051
33838	13052
33839	13052
33840	13053
33841	13054
33842	13054
33843	13055
33844	13056
33845	13056
33846	13056
33847	13055
33848	13055
33849	13055
33850	13055
33851	13056
33852	13057
33853	13058
33854	13059
33855	13060
33856	13061
33857	13062
33858	13062
33859	13062
33860	13063
33861	13064
33862	13065
33863	13066
33864	13066
33865	13067
33866	13068
33867	13068
33868	13068
33869	13069
33870	13070
33871	13071
33872	13072
33873	13073
33874	13073
33875	13073
33876	13073
33877	13074
33878	13075
33879	13076
33880	13076
33881	13076
33882	13077
33883	13078
33884	13079
33885	13080
33886	13081
33887	13081
33888	13082
33889	13083
33890	13084
33891	13085
33892	13086
33893	13087
33894	13088
33895	13089
33896	13090
33897	13090
33898	13091
33899	13092
33900	13093
33901	13093
33902	13093
33903	13093
33904	13093
33905	13094
33906	13095
33907	13096
33908	13097
33909	13098
33910	13099
33911	13100
33912	13101
33913	13102
33914	13103
33915	13103
33916	13104
33917	13105
33918	13106
33919	13106
33920	13107
33921	13108
33922	13107
33923	13108
33924	13109
33925	13110
33926	13111
33927	13111
33928	13111
33929	13111
33930	13112
33931	13113
33932	13114
33933	13115
33934	13114
33935	13115
33936	13116
33937	13116
33938	13116
33939	13116
33940	13116
33941	13116
33942	13117
33943	13117
33944	13117
33945	13117
33946	13117
33947	13118
33948	13119
33949	13120
33950	13121
33951	13122
33952	13122
33953	13123
33954	13124
33955	13124
33956	13124
33957	13125
33958	13124
33959	13124
33960	13124
33961	13125
33962	13126
33963	13127
33964	13126
33965	13127
33966	13128
33967	13129
33968	13130
33969	13131
33970	13131
33971	13132
33972	13133
33973	13134
33974	13135
33975	13135
33976	13136
33977	13137
33978	13137
33979	13138
33980	13139
33981	13140
33982	13140
33983	13139
33984	13138
33985	13139
33986	13140
33987	13141
33988	13142
33989	13143
33990	13144
33991	13143
33992	13143
33993	13144
33994	13145
33995	13144
33996	13145
33997	13146
33998	13146
33999	13146
34000	13147
34001	13147
34002	13148
34003	13149
34004	13149
34005	13148
34006	13148
34007	13149
34008	13149
34009	13149
34010	13150
34011	13150
34012	13151
34013	13152
34014	13153
34015	13154
34016	13155
34017	13156
34018	13157
34019	13158
34020	13158
34021	13159
34022	13159
34023	13160
34024	13161
34025	13162
34026	13163
34027	13164
34028	13165
34029	13166
34030	13167
34031	13168
34032	13169
34033	13170
34034	13170
34035	13170
34036	13170
34037	13170
34038	13171
34039	13172
34040	13173
34041	13174
34042	13174
34043	13175
34044	13176
34045	13177
34046	13178
34047	13179
34048	13179
34049	13180
34050	13181
34051	13180
34052	13180
34053	13180
34054	13180
34055	13181
34056	13182
34057	13182
34058	13182
34059	13182
34060	13183
34061	13184
34062	13184
34063	13185
34064	13186
34065	13186
34066	13187
34067	13188
34068	13188
34069	13188
34070	13188
34071	13189
34072	13190
34073	13191
34074	13191
34075	13192
34076	13192
34077	13193
34078	13193
34079	13194
34080	13195
34081	13196
34082	13197
34083	13198
34084	13199
34085	13199
34086	13200
34087	13201
34088	13201
34089	13201
34090	13202
34091	13203
34092	13204
34093	13205
34094	13204
34095	13205
34096	13206
34097	13207
34098	13207
34099	13208
34100	13209
34101	13209
34102	13208
34103	13208
34104	13209
34105	13210
34106	13211
34107	13212
34108	13212
34109	13213
34110	13213
34111	13214
34112	13214
34113	13214
34114	13214
34115	13215
34116	13216
34117	13217
34118	13217
34119	13218
34120	13219
34121	13219
34122	13220
34123	13221
34124	13222
34125	13223
34126	13224
34127	13225
34128	13225
34129	13226
34130	13227
34131	13228
34132	13229
34133	13229
34134	13230
34135	13231
34136	13232
34137	13233
34138	13234
34139	13234
34140	13235
34141	13235
34142	13236
34143	13237
34144	13237
34145	13238
34146	13239
34147	13239
34148	13240
34149	13241
34150	13242
34151	13243
34152	13244
34153	13245
34154	13246
34155	13246
34156	13247
34157	13248
34158	13249
34159	13249
34160	13250
34161	13251
34162	13252
34163	13253
34164	13253
34165	13254
34166	13255
34167	13256
34168	13255
34169	13256
34170	13257
34171	13258
34172	13258
34173	13259
34174	13258
34175	13259
34176	13260
34177	13261
34178	13262
34179	13263
34180	13264
34181	13264
34182	13265
34183	13265
34184	13266
34185	13266
34186	13266
34187	13267
34188	13268
34189	13268
34190	13268
34191	13269
34192	13270
34193	13271
34194	13271
34195	13270
34196	13271
34197	13271
34198	13271
34199	13272
34200	13272
34201	13273
34202	13274
34203	13275
34204	13276
34205	13277
34206	13277
34207	13278
34208	13278
34209	13279
34210	13279
34211	13280
34212	13281
34213	13282
34214	13282
34215	13283
34216	13283
34217	13283
34218	13284
34219	13285
34220	13285
34221	13286
34222	13287
34223	13288
34224	13289
34225	13289
34226	13289
34227	13290
34228	13290
34229	13291
34230	13291
34231	13291
34232	13292
34233	13291
34234	13290
34235	13290
34236	13291
34237	13291
34238	13292
34239	13293
34240	13294
34241	13295
34242	13296
34243	13297
34244	13297
34245	13298
34246	13298
34247	13299
34248	13300
34249	13300
34250	13300
34251	13301
34252	13302
34253	13302
34254	13302
34255	13303
34256	13304
34257	13305
34258	13306
34259	13307
34260	13307
34261	13308
34262	13307
34263	13308
34264	13308
34265	13309
34266	13309
34267	13309
34268	13310
34269	13310
34270	13310
34271	13311
34272	13310
34273	13311
34274	13312
34275	13313
34276	13314
34277	13315
34278	13316
34279	13316
34280	13317
34281	13317
34282	13318
34283	13318
34284	13319
34285	13319
34286	13318
34287	13319
34288	13319
34289	13320
34290	13321
34291	13322
34292	13323
34293	13323
34294	13324
34295	13325
34296	13326
34297	13326
34298	13326
34299	13327
34300	13328
34301	13329
34302	13328
34303	13328
34304	13329
34305	13330
34306	13331
34307	13332
34308	13333
34309	13333
34310	13334
34311	13334
34312	13335
34313	13334
34314	13335
34315	13336
34316	13337
34317	13338
34318	13338
34319	13339
34320	13340
34321	13340
34322	13341
34323	13341
34324	13342
34325	13343
34326	13344
34327	13345
34328	13345
34329	13346
34330	13346
34331	13347
34332	13347
34333	13348
34334	13349
34335	13350
34336	13351
34337	13352
34338	13353
34339	13353
34340	13354
34341	13354
34342	13354
34343	13354
34344	13353
34345	13354
34346	13355
34347	13354
34348	13355
34349	13356
34350	13357
34351	13358
34352	13359
34353	13360
34354	13360
34355	13360
34356	13360
34357	13361
34358	13362
34359	13363
34360	13364
34361	13364
34362	13365
34363	13366
34364	13366
34365	13366
34366	13366
34367	13367
34368	13367
34369	13367
34370	13368
34371	13369
34372	13369
34373	13370
34374	13370
34375	13370
34376	13371
34377	13371
34378	13371
34379	13372
34380	13373
34381	13374
34382	13375
34383	13375
34384	13374
34385	13375
34386	13376
34387	13377
34388	13378
34389	13379
34390	13380
34391	13381
34392	13382
34393	13383
34394	13382
34395	13383
34396	13384
34397	13384
34398	13385
34399	13386
34400	13385
34401	13385
34402	13385
34403	13386
34404	13387
34405	13388
34406	13389
34407	13389
34408	13389
34409	13389
34410	13390
34411	13390
34412	13391
34413	13392
34414	13392
34415	13393
34416	13393
34417	13393
34418	13393
34419	13393
34420	13393
34421	13392
34422	13393
34423	13394
34424	13394
34425	13395
34426	13395
34427	13396
34428	13395
34429	13395
34430	13395
34431	13396
34432	13395
34433	13394
34434	13394
34435	13393
34436	13393
34437	13393
34438	13394
34439	13394
34440	13394
34441	13395
34442	13396
34443	13397
34444	13398
34445	13399
34446	13400
34447	13401
34448	13402
34449	13402
34450	13402
34451	13402
34452	13403
34453	13403
34454	13404
34455	13404
34456	13404
34457	13405
34458	13406
34459	13407
34460	13408
34461	13409
34462	13410
34463	13410
34464	13411
34465	13412
34466	13412
34467	13413
34468	13414
34469	13413
34470	13413
34471	13413
34472	13414
34473	13415
34474	13414
34475	13414
34476	13414
34477	13414
34478	13414
34479	13415
34480	13415
34481	13415
34482	13416
34483	13417
34484	13418
34485	13419
34486	13420
34487	13421
34488	13421
34489	13421
34490	13422
34491	13423
34492	13423
34493	13423
34494	13423
34495	13423
34496	13424
34497	13423
34498	13424
34499	13425
34500	13425
34501	13425
34502	13426
34503	13427
34504	13427
34505	13428
34506	13429
34507	13430
34508	13431
34509	13432
34510	13433
34511	13434
34512	13435
34513	13435
34514	13436
34515	13437
34516	13437
34517	13438
34518	13438
34519	13439
34520	13440
34521	13441
34522	13442
34523	13443
34524	13443
34525	13444
34526	13445
34527	13445
34528	13446
34529	13447
34530	13448
34531	13449
34532	13450
34533	13451
34534	13452
34535	13452
34536	13453
34537	13453
34538	13454
34539	13455
34540	13455
34541	13456
34542	13457
34543	13458
34544	13458
34545	13459
34546	13460
34547	13460
34548	13461
34549	13462
34550	13463
34551	13463
34552	13464
34553	13465
34554	13465
34555	13466
34556	13467
34557	13467
34558	13468
34559	13469
34560	13470
34561	13471
34562	13471
34563	13471
34564	13471
34565	13471
34566	13470
34567	13470
34568	13470
34569	13471
34570	13471
34571	13471
34572	13470
34573	13471
34574	13472
34575	13473
34576	13474
34577	13475
34578	13476
34579	13477
34580	13478
34581	13479
34582	13479
34583	13480
34584	13481
34585	13482
34586	13482
34587	13482
34588	13482
34589	13482
34590	13483
34591	13483
34592	13483
34593	13484
34594	13485
34595	13486
34596	13487
34597	13488
34598	13489
34599	13488
34600	13489
34601	13489
34602	13490
34603	13490
34604	13491
34605	13492
34606	13493
34607	13493
34608	13494
34609	13494
34610	13495
34611	13495
34612	13496
34613	13496
34614	13497
34615	13498
34616	13498
34617	13498
34618	13499
34619	13499
34620	13500
34621	13500
34622	13501
34623	13501
34624	13502
34625	13503
34626	13504
34627	13505
34628	13506
34629	13507
34630	13507
34631	13508
34632	13508
34633	13509
34634	13510
34635	13510
34636	13511
34637	13512
34638	13511
34639	13512
34640	13513
34641	13514
34642	13515
34643	13516
34644	13517
34645	13518
34646	13519
34647	13519
34648	13520
34649	13521
34650	13522
34651	13522
34652	13523
34653	13524
34654	13525
34655	13526
34656	13527
34657	13528
34658	13529
34659	13530
34660	13531
34661	13531
34662	13532
34663	13533
34664	13533
34665	13534
34666	13534
34667	13535
34668	13535
34669	13536
34670	13536
34671	13536
34672	13537
34673	13537
34674	13538
34675	13537
34676	13538
34677	13539
34678	13540
34679	13540
34680	13540
34681	13541
34682	13542
34683	13543
34684	13544
34685	13545
34686	13546
34687	13546
34688	13547
34689	13548
34690	13549
34691	13550
34692	13551
34693	13552
34694	13553
34695	13553
34696	13554
34697	13554
34698	13555
34699	13555
34700	13555
34701	13555
34702	13555
34703	13556
34704	13556
34705	13557
34706	13558
34707	13559
34708	13560
34709	13561
34710	13561
34711	13562
34712	13563
34713	13564
34714	13565
34715	13566
34716	13566
34717	13567
34718	13568
34719	13569
34720	13569
34721	13570
34722	13571
34723	13572
34724	13572
34725	13573
34726	13574
34727	13574
34728	13575
34729	13575
34730	13576
34731	13576
34732	13577
34733	13577
34734	13578
34735	13579
34736	13580
34737	13581
34738	13581
34739	13581
34740	13581
34741	13582
34742	13583
34743	13582
34744	13582
34745	13583
34746	13584
34747	13583
34748	13583
34749	13584
34750	13584
34751	13585
34752	13585
34753	13585
34754	13586
34755	13586
34756	13587
34757	13587
34758	13588
34759	13588
34760	13589
34761	13590
34762	13591
34763	13591
34764	13591
34765	13592
34766	13593
34767	13594
34768	13595
34769	13595
34770	13595
34771	13596
34772	13597
34773	13598
34774	13598
34775	13599
34776	13599
34777	13600
34778	13601
34779	13602
34780	13602
34781	13603
34782	13603
34783	13603
34784	13604
34785	13605
34786	13606
34787	13607
34788	13607
34789	13607
34790	13608
34791	13609
34792	13609
34793	13610
34794	13611
34795	13611
34796	13612
34797	13611
34798	13612
34799	13611
34800	13612
34801	13613
34802	13613
34803	13614
34804	13615
34805	13614
34806	13615
34807	13615
34808	13616
34809	13617
34810	13617
34811	13617
34812	13618
34813	13618
34814	13618
34815	13619
34816	13620
34817	13621
34818	13622
34819	13623
34820	13623
34821	13624
34822	13625
34823	13626
34824	13627
34825	13627
34826	13628
34827	13629
34828	13629
34829	13630
34830	13631
34831	13632
34832	13633
34833	13634
34834	13635
34835	13635
34836	13635
34837	13636
34838	13637
34839	13638
34840	13639
34841	13640
34842	13641
34843	13641
34844	13642
34845	13643
34846	13644
34847	13644
34848	13645
34849	13645
34850	13646
34851	13647
34852	13648
34853	13648
34854	13649
34855	13650
34856	13651
34857	13652
34858	13653
34859	13654
34860	13655
34861	13656
34862	13657
34863	13658
34864	13659
34865	13660
34866	13660
34867	13661
34868	13662
34869	13663
34870	13664
34871	13665
34872	13665
34873	13664
34874	13665
34875	13666
34876	13666
34877	13667
34878	13668
34879	13669
34880	13670
34881	13671
34882	13671
34883	13672
34884	13673
34885	13674
34886	13673
34887	13674
34888	13675
34889	13676
34890	13677
34891	13678
34892	13678
34893	13677
34894	13677
34895	13678
34896	13678
34897	13679
34898	13680
34899	13680
34900	13681
34901	13682
34902	13683
34903	13684
34904	13685
34905	13686
34906	13686
34907	13686
34908	13687
34909	13688
34910	13689
34911	13690
34912	13691
34913	13692
34914	13693
34915	13694
34916	13694
34917	13694
34918	13695
34919	13696
34920	13697
34921	13697
34922	13698
34923	13699
34924	13699
34925	13700
34926	13700
34927	13700
34928	13701
34929	13702
34930	13703
34931	13703
34932	13703
34933	13704
34934	13705
34935	13706
34936	13707
34937	13708
34938	13709
34939	13710
34940	13711
34941	13711
34942	13712
34943	13713
34944	13714
34945	13715
34946	13716
34947	13717
34948	13718
34949	13718
34950	13719
34951	13720
34952	13721
34953	13721
34954	13721
34955	13721
34956	13721
34957	13722
34958	13723
34959	13724
34960	13725
34961	13725
34962	13726
34963	13726
34964	13727
34965	13727
34966	13728
34967	13729
34968	13730
34969	13731
34970	13732
34971	13733
34972	13734
34973	13735
34974	13736
34975	13737
34976	13738
34977	13738
34978	13739
34979	13740
34980	13741
34981	13741
34982	13742
34983	13742
34984	13743
34985	13743
34986	13744
34987	13744
34988	13744
34989	13745
34990	13745
34991	13746
34992	13747
34993	13748
34994	13749
34995	13750
34996	13750
34997	13751
34998	13751
34999	13752
35000	13753
35001	13754
35002	13755
35003	13755
35004	13756
35005	13757
35006	13758
35007	13758
35008	13759
35009	13760
35010	13760
35011	13761
35012	13762
35013	13763
35014	13764
35015	13765
35016	13766
35017	13766
35018	13767
35019	13768
35020	13769
35021	13769
35022	13770
35023	13771
35024	13771
35025	13772
35026	13772
35027	13773
35028	13773
35029	13774
35030	13774
35031	13775
35032	13775
35033	13776
35034	13776
35035	13777
35036	13778
35037	13779
35038	13780
35039	13781
35040	13782
35041	13783
35042	13784
35043	13784
35044	13784
35045	13785
35046	13786
35047	13787
35048	13787
35049	13788
35050	13788
35051	13789
35052	13790
35053	13791
35054	13792
35055	13792
35056	13793
35057	13794
35058	13795
35059	13796
35060	13797
35061	13798
35062	13799
35063	13799
35064	13799
35065	13799
35066	13798
35067	13799
35068	13800
35069	13800
35070	13800
35071	13801
35072	13802
35073	13803
35074	13803
35075	13803
35076	13804
35077	13804
35078	13805
35079	13806
35080	13806
35081	13806
35082	13806
35083	13807
35084	13807
35085	13808
35086	13809
35087	13810
35088	13811
35089	13812
35090	13813
35091	13814
35092	13815
35093	13816
35094	13817
35095	13818
35096	13818
35097	13818
35098	13819
35099	13820
35100	13820
35101	13820
35102	13821
35103	13821
35104	13822
35105	13823
35106	13823
35107	13824
35108	13825
35109	13826
35110	13827
35111	13828
35112	13828
35113	13829
35114	13830
35115	13830
35116	13831
35117	13832
35118	13833
35119	13834
35120	13835
35121	13836
35122	13837
35123	13837
35124	13837
35125	13838
35126	13838
35127	13839
35128	13839
35129	13840
35130	13840
35131	13841
35132	13841
35133	13842
35134	13843
35135	13843
35136	13843
35137	13844
35138	13845
35139	13844
35140	13845
35141	13845
35142	13846
35143	13845
35144	13845
35145	13845
35146	13845
35147	13846
35148	13847
35149	13848
35150	13849
35151	13850
35152	13851
35153	13852
35154	13852
35155	13853
35156	13853
35157	13854
35158	13854
35159	13855
35160	13855
35161	13856
35162	13857
35163	13858
35164	13858
35165	13858
35166	13858
35167	13858
35168	13858
35169	13858
35170	13859
35171	13859
35172	13860
35173	13860
35174	13860
35175	13861
35176	13861
35177	13861
35178	13862
35179	13863
35180	13863
35181	13864
35182	13865
35183	13866
35184	13867
35185	13868
35186	13867
35187	13868
35188	13868
35189	13869
35190	13870
35191	13871
35192	13872
35193	13872
35194	13873
35195	13874
35196	13875
35197	13876
35198	13876
35199	13876
35200	13877
35201	13878
35202	13879
35203	13880
35204	13881
35205	13882
35206	13883
35207	13884
35208	13885
35209	13886
35210	13887
35211	13888
35212	13889
35213	13890
35214	13891
35215	13891
35216	13892
35217	13893
35218	13894
35219	13895
35220	13896
35221	13897
35222	13897
35223	13898
35224	13899
35225	13900
35226	13901
35227	13902
35228	13902
35229	13903
35230	13904
35231	13905
35232	13906
35233	13907
35234	13908
35235	13908
35236	13909
35237	13910
35238	13910
35239	13911
35240	13912
35241	13913
35242	13913
35243	13913
35244	13914
35245	13914
35246	13915
35247	13916
35248	13917
35249	13916
35250	13917
35251	13918
35252	13918
35253	13918
35254	13919
35255	13920
35256	13920
35257	13921
35258	13922
35259	13923
35260	13924
35261	13924
35262	13923
35263	13924
35264	13925
35265	13926
35266	13927
35267	13928
35268	13929
35269	13930
35270	13931
35271	13931
35272	13932
35273	13932
35274	13933
35275	13933
35276	13933
35277	13933
35278	13934
35279	13934
35280	13935
35281	13936
35282	13937
35283	13938
35284	13938
35285	13939
35286	13939
35287	13940
35288	13940
35289	13941
35290	13942
35291	13943
35292	13944
35293	13945
35294	13945
35295	13945
35296	13944
35297	13945
35298	13946
35299	13947
35300	13947
35301	13948
35302	13949
35303	13950
35304	13951
35305	13952
35306	13953
35307	13953
35308	13954
35309	13954
35310	13955
35311	13955
35312	13956
35313	13957
35314	13957
35315	13958
35316	13958
35317	13959
35318	13960
35319	13960
35320	13960
35321	13960
35322	13959
35323	13960
35324	13960
35325	13961
35326	13962
35327	13963
35328	13964
35329	13965
35330	13966
35331	13967
35332	13968
35333	13969
35334	13970
35335	13971
35336	13972
35337	13973
35338	13974
35339	13975
35340	13976
35341	13976
35342	13976
35343	13977
35344	13978
35345	13979
35346	13980
35347	13981
35348	13981
35349	13982
35350	13983
35351	13984
35352	13985
35353	13986
35354	13986
35355	13987
35356	13988
35357	13989
35358	13990
35359	13991
35360	13992
35361	13993
35362	13994
35363	13994
35364	13994
35365	13995
35366	13996
35367	13997
35368	13997
35369	13998
35370	13999
35371	13999
35372	14000
35373	14000
35374	14000
35375	14001
35376	14002
35377	14003
35378	14004
35379	14005
35380	14006
35381	14006
35382	14007
35383	14007
35384	14007
35385	14006
35386	14006
35387	14006
35388	14007
35389	14008
35390	14008
35391	14009
35392	14009
35393	14010
35394	14010
35395	14011
35396	14012
35397	14012
35398	14013
35399	14014
35400	14015
35401	14016
35402	14017
35403	14018
35404	14018
35405	14018
35406	14019
35407	14020
35408	14021
35409	14021
35410	14022
35411	14023
35412	14023
35413	14023
35414	14023
35415	14023
35416	14024
35417	14024
35418	14024
35419	14025
35420	14025
35421	14026
35422	14027
35423	14027
35424	14028
35425	14029
35426	14030
35427	14031
35428	14032
35429	14033
35430	14033
35431	14033
35432	14033
35433	14033
35434	14032
35435	14032
35436	14033
35437	14034
35438	14035
35439	14036
35440	14036
35441	14036
35442	14037
35443	14038
35444	14039
35445	14040
35446	14040
35447	14040
35448	14041
35449	14042
35450	14042
35451	14043
35452	14043
35453	14043
35454	14044
35455	14045
35456	14045
35457	14046
35458	14047
35459	14047
35460	14047
35461	14047
35462	14046
35463	14047
35464	14047
35465	14048
35466	14047
35467	14047
35468	14047
35469	14048
35470	14049
35471	14050
35472	14049
35473	14048
35474	14048
35475	14048
35476	14049
35477	14050
35478	14051
35479	14052
35480	14053
35481	14054
35482	14054
35483	14054
35484	14055
35485	14056
35486	14056
35487	14057
35488	14057
35489	14058
35490	14059
35491	14059
35492	14060
35493	14061
35494	14061
35495	14061
35496	14062
35497	14063
35498	14063
35499	14063
35500	14064
35501	14065
35502	14065
35503	14065
35504	14065
35505	14065
35506	14066
35507	14066
35508	14065
35509	14066
35510	14066
35511	14066
35512	14067
35513	14067
35514	14068
35515	14069
35516	14070
35517	14071
35518	14071
35519	14072
35520	14073
35521	14074
35522	14075
35523	14076
35524	14075
35525	14076
35526	14076
35527	14077
35528	14078
35529	14079
35530	14079
35531	14080
35532	14081
35533	14082
35534	14083
35535	14084
35536	14085
35537	14085
35538	14086
35539	14087
35540	14088
35541	14088
35542	14088
35543	14089
35544	14089
35545	14090
35546	14090
35547	14091
35548	14092
35549	14093
35550	14092
35551	14093
35552	14094
35553	14095
35554	14096
35555	14096
35556	14097
35557	14098
35558	14099
35559	14100
35560	14101
35561	14102
35562	14102
35563	14102
35564	14103
35565	14104
35566	14105
35567	14105
35568	14105
35569	14105
35570	14106
35571	14106
35572	14106
35573	14106
35574	14107
35575	14107
35576	14107
35577	14108
35578	14109
35579	14110
35580	14111
35581	14112
35582	14112
35583	14112
35584	14112
35585	14113
35586	14113
35587	14114
35588	14115
35589	14116
35590	14116
35591	14116
35592	14117
35593	14118
35594	14118
35595	14118
35596	14119
35597	14120
35598	14121
35599	14122
35600	14123
35601	14124
35602	14125
35603	14125
35604	14125
35605	14126
35606	14127
35607	14128
35608	14129
35609	14130
35610	14129
35611	14129
35612	14130
35613	14131
35614	14132
35615	14133
35616	14134
35617	14135
35618	14136
35619	14136
35620	14136
35621	14136
35622	14136
35623	14137
35624	14138
35625	14138
35626	14139
35627	14139
35628	14139
35629	14140
35630	14141
35631	14142
35632	14143
35633	14144
35634	14145
35635	14146
35636	14146
35637	14147
35638	14148
35639	14148
35640	14148
35641	14147
35642	14148
35643	14149
35644	14150
35645	14151
35646	14152
35647	14153
35648	14153
35649	14154
35650	14155
35651	14155
35652	14156
35653	14157
35654	14157
35655	14158
35656	14159
35657	14160
35658	14160
35659	14160
35660	14161
35661	14161
35662	14162
35663	14163
35664	14164
35665	14165
35666	14166
35667	14167
35668	14168
35669	14168
35670	14168
35671	14169
35672	14170
35673	14170
35674	14171
35675	14172
35676	14172
35677	14173
35678	14173
35679	14174
35680	14174
35681	14174
35682	14175
35683	14176
35684	14177
35685	14178
35686	14178
35687	14179
35688	14179
35689	14180
35690	14181
35691	14181
35692	14182
35693	14183
35694	14184
35695	14185
35696	14186
35697	14186
35698	14187
35699	14188
35700	14189
35701	14190
35702	14191
35703	14192
35704	14193
35705	14194
35706	14195
35707	14196
35708	14197
35709	14197
35710	14198
35711	14199
35712	14200
35713	14200
35714	14200
35715	14201
35716	14202
35717	14203
35718	14203
35719	14204
35720	14204
35721	14205
35722	14206
35723	14207
35724	14208
35725	14209
35726	14210
35727	14211
35728	14212
35729	14213
35730	14214
35731	14214
35732	14215
35733	14215
35734	14215
35735	14216
35736	14217
35737	14218
35738	14219
35739	14220
35740	14220
35741	14221
35742	14222
35743	14223
35744	14223
35745	14223
35746	14224
35747	14224
35748	14225
35749	14226
35750	14227
35751	14226
35752	14227
35753	14228
35754	14229
35755	14230
35756	14231
35757	14231
35758	14232
35759	14233
35760	14233
35761	14233
35762	14234
35763	14235
35764	14235
35765	14236
35766	14237
35767	14238
35768	14239
35769	14240
35770	14241
35771	14242
35772	14243
35773	14244
35774	14245
35775	14246
35776	14247
35777	14248
35778	14248
35779	14248
35780	14248
35781	14248
35782	14248
35783	14248
35784	14249
35785	14250
35786	14251
35787	14252
35788	14253
35789	14253
35790	14254
35791	14255
35792	14256
35793	14257
35794	14258
35795	14259
35796	14260
35797	14261
35798	14262
35799	14263
35800	14264
35801	14263
35802	14264
35803	14263
35804	14263
35805	14264
35806	14265
35807	14266
35808	14267
35809	14268
35810	14268
35811	14269
35812	14270
35813	14271
35814	14272
35815	14272
35816	14273
35817	14273
35818	14274
35819	14274
35820	14275
35821	14274
35822	14275
35823	14276
35824	14276
35825	14276
35826	14276
35827	14276
35828	14276
35829	14277
35830	14278
35831	14279
35832	14279
35833	14280
35834	14281
35835	14282
35836	14282
35837	14283
35838	14284
35839	14284
35840	14285
35841	14286
35842	14286
35843	14286
35844	14287
35845	14287
35846	14288
35847	14288
35848	14289
35849	14289
35850	14290
35851	14291
35852	14292
35853	14293
35854	14293
35855	14294
35856	14294
35857	14295
35858	14295
35859	14296
35860	14296
35861	14297
35862	14298
35863	14299
35864	14299
35865	14299
35866	14300
35867	14301
35868	14302
35869	14302
35870	14302
35871	14303
35872	14304
35873	14305
35874	14305
35875	14306
35876	14307
35877	14307
35878	14308
35879	14307
35880	14308
35881	14308
35882	14309
35883	14310
35884	14311
35885	14312
35886	14313
35887	14314
35888	14315
35889	14315
35890	14315
35891	14316
35892	14317
35893	14318
35894	14318
35895	14319
35896	14320
35897	14320
35898	14321
35899	14322
35900	14323
35901	14324
35902	14324
35903	14325
35904	14325
35905	14325
35906	14326
35907	14326
35908	14326
35909	14327
35910	14328
35911	14329
35912	14330
35913	14331
35914	14332
35915	14333
35916	14334
35917	14335
35918	14336
35919	14337
35920	14338
35921	14339
35922	14340
35923	14340
35924	14341
35925	14342
35926	14342
35927	14343
35928	14344
35929	14345
35930	14345
35931	14346
35932	14347
35933	14348
35934	14348
35935	14347
35936	14348
35937	14349
35938	14350
35939	14351
35940	14352
35941	14352
35942	14352
35943	14353
35944	14354
35945	14353
35946	14353
35947	14354
35948	14354
35949	14355
35950	14355
35951	14356
35952	14357
35953	14358
35954	14359
35955	14359
35956	14359
35957	14360
35958	14361
35959	14361
35960	14362
35961	14363
35962	14363
35963	14362
35964	14363
35965	14363
35966	14364
35967	14365
35968	14366
35969	14366
35970	14367
35971	14367
35972	14368
35973	14369
35974	14370
35975	14371
35976	14372
35977	14373
35978	14373
35979	14374
35980	14374
35981	14375
35982	14375
35983	14376
35984	14376
35985	14376
35986	14377
35987	14378
35988	14379
35989	14380
35990	14380
35991	14381
35992	14382
35993	14383
35994	14383
35995	14384
35996	14384
35997	14384
35998	14385
35999	14385
36000	14386
36001	14387
36002	14388
36003	14389
36004	14390
36005	14390
36006	14391
36007	14391
36008	14392
36009	14392
36010	14391
36011	14390
36012	14391
36013	14391
36014	14392
36015	14393
36016	14394
36017	14395
36018	14395
36019	14395
36020	14396
36021	14397
36022	14397
36023	14398
36024	14398
36025	14399
36026	14400
36027	14400
36028	14400
36029	14401
36030	14401
36031	14402
36032	14403
36033	14404
36034	14403
36035	14403
36036	14404
36037	14404
36038	14404
36039	14405
36040	14406
36041	14405
36042	14406
36043	14406
36044	14407
36045	14407
36046	14408
36047	14409
36048	14410
36049	14410
36050	14410
36051	14411
36052	14412
36053	14413
36054	14414
36055	14415
36056	14416
36057	14416
36058	14417
36059	14418
36060	14419
36061	14419
36062	14419
36063	14420
36064	14421
36065	14422
36066	14423
36067	14423
36068	14424
36069	14425
36070	14426
36071	14426
36072	14426
36073	14427
36074	14428
36075	14428
36076	14429
36077	14430
36078	14431
36079	14432
36080	14433
36081	14434
36082	14435
36083	14435
36084	14436
36085	14437
36086	14438
36087	14439
36088	14439
36089	14440
36090	14441
36091	14441
36092	14442
36093	14443
36094	14444
36095	14445
36096	14446
36097	14447
36098	14448
36099	14449
36100	14449
36101	14448
36102	14448
36103	14449
36104	14449
36105	14450
36106	14450
36107	14451
36108	14452
36109	14452
36110	14453
36111	14454
36112	14455
36113	14456
36114	14457
36115	14457
36116	14457
36117	14458
36118	14459
36119	14460
36120	14461
36121	14462
36122	14463
36123	14463
36124	14463
36125	14464
36126	14464
36127	14463
36128	14464
36129	14465
36130	14465
36131	14466
36132	14467
36133	14467
36134	14468
36135	14468
36136	14469
36137	14470
36138	14470
36139	14470
36140	14471
36141	14472
36142	14473
36143	14474
36144	14475
36145	14475
36146	14476
36147	14477
36148	14477
36149	14478
36150	14479
36151	14480
36152	14481
36153	14482
36154	14483
36155	14484
36156	14484
36157	14485
36158	14485
36159	14486
36160	14487
36161	14488
36162	14489
36163	14490
36164	14491
36165	14492
36166	14492
36167	14493
36168	14493
36169	14493
36170	14494
36171	14495
36172	14495
36173	14495
36174	14496
36175	14497
36176	14498
36177	14499
36178	14500
36179	14501
36180	14502
36181	14503
36182	14503
36183	14504
36184	14505
36185	14505
36186	14504
36187	14504
36188	14505
36189	14506
36190	14506
36191	14507
36192	14508
36193	14509
36194	14509
36195	14510
36196	14511
36197	14511
36198	14512
36199	14512
36200	14513
36201	14513
36202	14514
36203	14514
36204	14514
36205	14513
36206	14514
36207	14515
36208	14516
36209	14515
36210	14515
36211	14516
36212	14517
36213	14518
36214	14518
36215	14519
36216	14519
36217	14519
36218	14520
36219	14520
36220	14521
36221	14522
36222	14523
36223	14524
36224	14525
36225	14525
36226	14526
36227	14526
36228	14526
36229	14526
36230	14526
36231	14527
36232	14528
36233	14528
36234	14529
36235	14529
36236	14530
36237	14530
36238	14530
36239	14531
36240	14531
36241	14532
36242	14533
36243	14533
36244	14534
36245	14535
36246	14535
36247	14534
36248	14534
36249	14534
36250	14535
36251	14536
36252	14537
36253	14537
36254	14538
36255	14539
36256	14540
36257	14541
36258	14542
36259	14542
36260	14542
36261	14543
36262	14543
36263	14544
36264	14545
36265	14546
36266	14546
36267	14547
36268	14547
36269	14547
36270	14548
36271	14549
36272	14550
36273	14551
36274	14552
36275	14552
36276	14553
36277	14552
36278	14553
36279	14553
36280	14553
36281	14554
36282	14554
36283	14554
36284	14554
36285	14554
36286	14554
36287	14555
36288	14555
36289	14556
36290	14557
36291	14557
36292	14558
36293	14559
36294	14560
36295	14560
36296	14561
36297	14562
36298	14561
36299	14561
36300	14562
36301	14563
36302	14564
36303	14565
36304	14566
36305	14567
36306	14568
36307	14569
36308	14570
36309	14571
36310	14571
36311	14572
36312	14573
36313	14573
36314	14573
36315	14574
36316	14573
36317	14573
36318	14574
36319	14575
36320	14575
36321	14575
36322	14576
36323	14577
36324	14577
36325	14576
36326	14576
36327	14575
36328	14576
36329	14577
36330	14577
36331	14578
36332	14579
36333	14580
36334	14581
36335	14581
36336	14581
36337	14582
36338	14582
36339	14583
36340	14584
36341	14585
36342	14584
36343	14585
36344	14585
36345	14586
36346	14587
36347	14588
36348	14589
36349	14590
36350	14591
36351	14591
36352	14592
36353	14593
36354	14594
36355	14595
36356	14595
36357	14596
36358	14596
36359	14597
36360	14598
36361	14599
36362	14600
36363	14601
36364	14602
36365	14602
36366	14602
36367	14601
36368	14602
36369	14602
36370	14603
36371	14603
36372	14604
36373	14605
36374	14605
36375	14606
36376	14607
36377	14606
36378	14607
36379	14606
36380	14606
36381	14606
36382	14605
36383	14605
36384	14606
36385	14607
36386	14608
36387	14608
36388	14608
36389	14607
36390	14608
36391	14609
36392	14610
36393	14610
36394	14610
36395	14611
36396	14612
36397	14613
36398	14614
36399	14615
36400	14616
36401	14617
36402	14617
36403	14618
36404	14618
36405	14619
36406	14620
36407	14620
36408	14621
36409	14621
36410	14622
36411	14623
36412	14624
36413	14625
36414	14625
36415	14626
36416	14627
36417	14628
36418	14627
36419	14627
36420	14628
36421	14629
36422	14630
36423	14630
36424	14630
36425	14631
36426	14632
36427	14632
36428	14633
36429	14633
36430	14633
36431	14632
36432	14633
36433	14634
36434	14635
36435	14635
36436	14636
36437	14637
36438	14636
36439	14635
36440	14636
36441	14637
36442	14638
36443	14639
36444	14640
36445	14639
36446	14640
36447	14640
36448	14640
36449	14640
36450	14640
36451	14641
36452	14642
36453	14642
36454	14643
36455	14644
36456	14644
36457	14645
36458	14644
36459	14645
36460	14646
36461	14647
36462	14647
36463	14648
36464	14649
36465	14649
36466	14649
36467	14649
36468	14650
36469	14650
36470	14651
36471	14651
36472	14652
36473	14651
36474	14650
36475	14651
36476	14651
36477	14652
36478	14653
36479	14654
36480	14653
36481	14654
36482	14655
36483	14656
36484	14656
36485	14657
36486	14658
36487	14659
36488	14660
36489	14661
36490	14661
36491	14662
36492	14663
36493	14664
36494	14665
36495	14666
36496	14665
36497	14664
36498	14665
36499	14666
36500	14667
36501	14668
36502	14669
36503	14670
36504	14670
36505	14671
36506	14672
36507	14673
36508	14674
36509	14675
36510	14676
36511	14677
36512	14678
36513	14679
36514	14679
36515	14680
36516	14681
36517	14682
36518	14683
36519	14684
36520	14685
36521	14685
36522	14685
36523	14686
36524	14687
36525	14687
36526	14688
36527	14689
36528	14690
36529	14690
36530	14691
36531	14692
36532	14692
36533	14692
36534	14693
36535	14694
36536	14695
36537	14696
36538	14697
36539	14697
36540	14698
36541	14699
36542	14700
36543	14701
36544	14702
36545	14702
36546	14703
36547	14704
36548	14705
36549	14705
36550	14705
36551	14706
36552	14706
36553	14707
36554	14708
36555	14709
36556	14710
36557	14710
36558	14710
36559	14710
36560	14710
36561	14710
36562	14710
36563	14709
36564	14709
36565	14710
36566	14711
36567	14712
36568	14713
36569	14714
36570	14715
36571	14716
36572	14717
36573	14718
36574	14718
36575	14719
36576	14720
36577	14720
36578	14720
36579	14719
36580	14719
36581	14718
36582	14717
36583	14717
36584	14717
36585	14718
36586	14718
36587	14719
36588	14720
36589	14721
36590	14721
36591	14722
36592	14723
36593	14722
36594	14722
36595	14722
36596	14722
36597	14722
36598	14721
36599	14721
36600	14722
36601	14723
36602	14724
36603	14724
36604	14725
36605	14726
36606	14727
36607	14727
36608	14727
36609	14728
36610	14729
36611	14730
36612	14731
36613	14731
36614	14732
36615	14733
36616	14733
36617	14734
36618	14734
36619	14735
36620	14736
36621	14737
36622	14738
36623	14739
36624	14738
36625	14739
36626	14740
36627	14740
36628	14740
36629	14740
36630	14739
36631	14740
36632	14739
36633	14740
36634	14740
36635	14741
36636	14740
36637	14741
36638	14742
36639	14742
36640	14742
36641	14741
36642	14742
36643	14743
36644	14743
36645	14743
36646	14744
36647	14744
36648	14743
36649	14743
36650	14744
36651	14745
36652	14746
36653	14745
36654	14746
36655	14747
36656	14747
36657	14747
36658	14748
36659	14749
36660	14750
36661	14751
36662	14751
36663	14751
36664	14752
36665	14753
36666	14754
36667	14755
36668	14756
36669	14756
36670	14756
36671	14757
36672	14758
36673	14758
36674	14759
36675	14760
36676	14760
36677	14761
36678	14761
36679	14761
36680	14761
36681	14761
36682	14762
36683	14763
36684	14764
36685	14764
36686	14765
36687	14765
36688	14766
36689	14767
36690	14768
36691	14769
36692	14770
36693	14771
36694	14772
36695	14773
36696	14774
36697	14775
36698	14775
36699	14775
36700	14775
36701	14776
36702	14777
36703	14778
36704	14779
36705	14780
36706	14781
36707	14782
36708	14783
36709	14784
36710	14785
36711	14785
36712	14784
36713	14784
36714	14784
36715	14785
36716	14786
36717	14787
36718	14788
36719	14789
36720	14790
36721	14789
36722	14789
36723	14790
36724	14791
36725	14791
36726	14791
36727	14791
36728	14792
36729	14792
36730	14793
36731	14793
36732	14794
36733	14793
36734	14794
36735	14795
36736	14795
36737	14796
36738	14796
36739	14796
36740	14796
36741	14797
36742	14797
36743	14797
36744	14798
36745	14798
36746	14799
36747	14799
36748	14800
36749	14800
36750	14801
36751	14802
36752	14803
36753	14804
36754	14805
36755	14805
36756	14805
36757	14806
36758	14807
36759	14807
36760	14808
36761	14809
36762	14810
36763	14810
36764	14809
36765	14810
36766	14810
36767	14810
36768	14810
36769	14811
36770	14812
36771	14813
36772	14814
36773	14815
36774	14816
36775	14817
36776	14818
36777	14819
36778	14820
36779	14820
36780	14821
36781	14821
36782	14822
36783	14823
36784	14822
36785	14823
36786	14824
36787	14825
36788	14826
36789	14826
36790	14826
36791	14827
36792	14827
36793	14827
36794	14827
36795	14828
36796	14829
36797	14830
36798	14831
36799	14832
36800	14833
36801	14832
36802	14832
36803	14831
36804	14832
36805	14831
36806	14830
36807	14830
36808	14831
36809	14832
36810	14833
36811	14834
36812	14835
36813	14834
36814	14834
36815	14834
36816	14834
36817	14835
36818	14835
36819	14836
36820	14836
36821	14836
36822	14837
36823	14837
36824	14838
36825	14837
36826	14837
36827	14837
36828	14837
36829	14837
36830	14837
36831	14838
36832	14837
36833	14838
36834	14839
36835	14840
36836	14841
36837	14842
36838	14843
36839	14842
36840	14842
36841	14843
36842	14844
36843	14845
36844	14845
36845	14846
36846	14847
36847	14848
36848	14847
36849	14847
36850	14847
36851	14846
36852	14846
36853	14847
36854	14848
36855	14849
36856	14850
36857	14850
36858	14851
36859	14852
36860	14852
36861	14853
36862	14854
36863	14854
36864	14855
36865	14855
36866	14856
36867	14856
36868	14856
36869	14856
36870	14857
36871	14857
36872	14858
36873	14858
36874	14858
36875	14858
36876	14859
36877	14859
36878	14860
36879	14861
36880	14862
36881	14863
36882	14863
36883	14863
36884	14864
36885	14864
36886	14863
36887	14864
36888	14863
36889	14864
36890	14865
36891	14865
36892	14866
36893	14867
36894	14868
36895	14868
36896	14869
36897	14870
36898	14870
36899	14871
36900	14872
36901	14873
36902	14874
36903	14873
36904	14874
36905	14875
36906	14876
36907	14877
36908	14878
36909	14878
36910	14878
36911	14879
36912	14880
36913	14880
36914	14881
36915	14882
36916	14883
36917	14884
36918	14883
36919	14884
36920	14885
36921	14886
36922	14886
36923	14887
36924	14886
36925	14886
36926	14887
36927	14887
36928	14888
36929	14888
36930	14889
36931	14890
36932	14890
36933	14889
36934	14888
36935	14889
36936	14888
36937	14888
36938	14888
36939	14888
36940	14888
36941	14889
36942	14888
36943	14889
36944	14890
36945	14891
36946	14892
36947	14893
36948	14893
36949	14892
36950	14892
36951	14892
36952	14893
36953	14894
36954	14894
36955	14895
36956	14896
36957	14896
36958	14897
36959	14898
36960	14898
36961	14899
36962	14899
36963	14899
36964	14899
36965	14900
36966	14901
36967	14901
36968	14901
36969	14900
36970	14900
36971	14900
36972	14901
36973	14902
36974	14903
36975	14904
36976	14905
36977	14905
36978	14906
36979	14907
36980	14907
36981	14907
36982	14908
36983	14908
36984	14908
36985	14909
36986	14910
36987	14911
36988	14911
36989	14911
36990	14912
36991	14912
36992	14912
36993	14912
36994	14911
36995	14912
36996	14911
36997	14912
36998	14913
36999	14914
37000	14915
37001	14916
37002	14917
37003	14917
37004	14918
37005	14919
37006	14919
37007	14918
37008	14919
37009	14918
37010	14919
37011	14918
37012	14917
37013	14917
37014	14918
37015	14919
37016	14919
37017	14920
37018	14920
37019	14920
37020	14921
37021	14922
37022	14923
37023	14924
37024	14925
37025	14926
37026	14926
37027	14926
37028	14927
37029	14927
37030	14927
37031	14928
37032	14929
37033	14930
37034	14931
37035	14932
37036	14933
37037	14933
37038	14933
37039	14934
37040	14935
37041	14935
37042	14936
37043	14937
37044	14938
37045	14939
37046	14940
37047	14941
37048	14942
37049	14943
37050	14944
37051	14944
37052	14944
37053	14944
37054	14944
37055	14944
37056	14944
37057	14944
37058	14944
37059	14944
37060	14944
37061	14945
37062	14946
37063	14947
37064	14948
37065	14948
37066	14949
37067	14950
37068	14950
37069	14951
37070	14952
37071	14953
37072	14952
37073	14952
37074	14951
37075	14951
37076	14951
37077	14951
37078	14952
37079	14953
37080	14954
37081	14953
37082	14954
37083	14955
37084	14956
37085	14957
37086	14958
37087	14959
37088	14960
37089	14960
37090	14960
37091	14961
37092	14962
37093	14963
37094	14964
37095	14965
37096	14966
37097	14966
37098	14967
37099	14968
37100	14969
37101	14969
37102	14970
37103	14970
37104	14971
37105	14970
37106	14971
37107	14971
37108	14971
37109	14972
37110	14973
37111	14973
37112	14974
37113	14975
37114	14976
37115	14977
37116	14978
37117	14978
37118	14979
37119	14980
37120	14981
37121	14981
37122	14981
37123	14981
37124	14982
37125	14982
37126	14983
37127	14984
37128	14985
37129	14986
37130	14985
37131	14984
37132	14985
37133	14986
37134	14985
37135	14986
37136	14987
37137	14986
37138	14987
37139	14988
37140	14988
37141	14989
37142	14990
37143	14991
37144	14991
37145	14992
37146	14993
37147	14994
37148	14995
37149	14996
37150	14997
37151	14998
37152	14998
37153	14998
37154	14998
37155	14999
37156	14999
37157	14998
37158	14997
37159	14998
37160	14999
37161	15000
37162	15000
37163	15001
37164	15002
37165	15003
37166	15002
37167	15003
37168	15004
37169	15005
37170	15005
37171	15005
37172	15005
37173	15005
37174	15005
37175	15005
37176	15006
37177	15006
37178	15007
37179	15008
37180	15008
37181	15008
37182	15008
37183	15009
37184	15010
37185	15010
37186	15011
37187	15012
37188	15012
37189	15013
37190	15013
37191	15014
37192	15014
37193	15015
37194	15016
37195	15017
37196	15018
37197	15018
37198	15018
37199	15018
37200	15017
37201	15016
37202	15016
37203	15017
37204	15017
37205	15017
37206	15018
37207	15019
37208	15020
37209	15021
37210	15021
37211	15022
37212	15023
37213	15023
37214	15024
37215	15025
37216	15026
37217	15026
37218	15026
37219	15026
37220	15027
37221	15028
37222	15028
37223	15028
37224	15028
37225	15029
37226	15030
37227	15030
37228	15030
37229	15030
37230	15030
37231	15031
37232	15032
37233	15032
37234	15031
37235	15030
37236	15031
37237	15031
37238	15032
37239	15033
37240	15034
37241	15034
37242	15035
37243	15035
37244	15035
37245	15036
37246	15037
37247	15038
37248	15038
37249	15039
37250	15039
37251	15040
37252	15041
37253	15042
37254	15042
37255	15043
37256	15043
37257	15044
37258	15044
37259	15045
37260	15046
37261	15046
37262	15047
37263	15048
37264	15049
37265	15050
37266	15050
37267	15050
37268	15051
37269	15051
37270	15051
37271	15050
37272	15051
37273	15050
37274	15051
37275	15052
37276	15053
37277	15054
37278	15054
37279	15055
37280	15056
37281	15055
37282	15055
37283	15054
37284	15054
37285	15054
37286	15054
37287	15055
37288	15055
37289	15055
37290	15056
37291	15057
37292	15058
37293	15059
37294	15060
37295	15060
37296	15061
37297	15061
37298	15062
37299	15063
37300	15064
37301	15065
37302	15066
37303	15065
37304	15066
37305	15065
37306	15066
37307	15067
37308	15067
37309	15068
37310	15069
37311	15070
37312	15071
37313	15071
37314	15072
37315	15073
37316	15074
37317	15075
37318	15075
37319	15075
37320	15076
37321	15077
37322	15077
37323	15076
37324	15077
37325	15078
37326	15077
37327	15078
37328	15079
37329	15080
37330	15081
37331	15082
37332	15083
37333	15083
37334	15083
37335	15084
37336	15085
37337	15084
37338	15085
37339	15086
37340	15086
37341	15085
37342	15086
37343	15086
37344	15087
37345	15088
37346	15087
37347	15087
37348	15086
37349	15086
37350	15086
37351	15087
37352	15087
37353	15088
37354	15089
37355	15090
37356	15091
37357	15091
37358	15092
37359	15092
37360	15092
37361	15092
37362	15093
37363	15093
37364	15094
37365	15094
37366	15094
37367	15094
37368	15094
37369	15095
37370	15094
37371	15094
37372	15095
37373	15095
37374	15094
37375	15094
37376	15095
37377	15096
37378	15096
37379	15096
37380	15096
37381	15097
37382	15098
37383	15098
37384	15099
37385	15100
37386	15101
37387	15102
37388	15102
37389	15103
37390	15104
37391	15105
37392	15105
37393	15105
37394	15106
37395	15106
37396	15107
37397	15108
37398	15109
37399	15109
37400	15110
37401	15110
37402	15109
37403	15109
37404	15109
37405	15110
37406	15111
37407	15111
37408	15112
37409	15111
37410	15110
37411	15111
37412	15112
37413	15113
37414	15114
37415	15115
37416	15116
37417	15116
37418	15117
37419	15117
37420	15118
37421	15118
37422	15119
37423	15119
37424	15120
37425	15121
37426	15122
37427	15123
37428	15123
37429	15123
37430	15124
37431	15125
37432	15125
37433	15125
37434	15126
37435	15126
37436	15127
37437	15128
37438	15127
37439	15126
37440	15126
37441	15127
37442	15127
37443	15128
37444	15129
37445	15130
37446	15130
37447	15131
37448	15131
37449	15132
37450	15132
37451	15132
37452	15133
37453	15133
37454	15133
37455	15134
37456	15133
37457	15134
37458	15133
37459	15134
37460	15134
37461	15135
37462	15136
37463	15137
37464	15137
37465	15138
37466	15139
37467	15140
37468	15141
37469	15142
37470	15143
37471	15144
37472	15144
37473	15145
37474	15146
37475	15147
37476	15148
37477	15149
37478	15149
37479	15149
37480	15150
37481	15151
37482	15151
37483	15151
37484	15152
37485	15153
37486	15153
37487	15154
37488	15154
37489	15155
37490	15156
37491	15155
37492	15155
37493	15156
37494	15157
37495	15157
37496	15158
37497	15159
37498	15160
37499	15160
37500	15161
37501	15161
37502	15162
37503	15163
37504	15163
37505	15164
37506	15164
37507	15165
37508	15166
37509	15167
37510	15168
37511	15168
37512	15169
37513	15170
37514	15171
37515	15171
37516	15171
37517	15172
37518	15173
37519	15173
37520	15173
37521	15173
37522	15174
37523	15175
37524	15175
37525	15176
37526	15176
37527	15176
37528	15176
37529	15177
37530	15178
37531	15178
37532	15178
37533	15178
37534	15179
37535	15180
37536	15181
37537	15181
37538	15182
37539	15183
37540	15184
37541	15185
37542	15186
37543	15186
37544	15187
37545	15187
37546	15187
37547	15188
37548	15189
37549	15190
37550	15191
37551	15192
37552	15193
37553	15194
37554	15194
37555	15194
37556	15195
37557	15196
37558	15197
37559	15197
37560	15198
37561	15199
37562	15198
37563	15199
37564	15200
37565	15200
37566	15200
37567	15201
37568	15202
37569	15203
37570	15204
37571	15204
37572	15205
37573	15206
37574	15206
37575	15205
37576	15206
37577	15207
37578	15208
37579	15207
37580	15207
37581	15207
37582	15207
37583	15207
37584	15206
37585	15207
37586	15207
37587	15208
37588	15209
37589	15209
37590	15209
37591	15210
37592	15210
37593	15211
37594	15211
37595	15212
37596	15213
37597	15213
37598	15213
37599	15214
37600	15215
37601	15216
37602	15216
37603	15217
37604	15218
37605	15219
37606	15220
37607	15220
37608	15220
37609	15221
37610	15222
37611	15223
37612	15224
37613	15225
37614	15225
37615	15225
37616	15226
37617	15226
37618	15225
37619	15225
37620	15226
37621	15227
37622	15227
37623	15227
37624	15228
37625	15229
37626	15230
37627	15231
37628	15232
37629	15233
37630	15234
37631	15235
37632	15236
37633	15237
37634	15238
37635	15239
37636	15240
37637	15241
37638	15242
37639	15243
37640	15244
37641	15244
37642	15245
37643	15246
37644	15247
37645	15248
37646	15249
37647	15248
37648	15247
37649	15248
37650	15249
37651	15249
37652	15250
37653	15251
37654	15252
37655	15253
37656	15254
37657	15255
37658	15256
37659	15257
37660	15257
37661	15258
37662	15259
37663	15259
37664	15260
37665	15260
37666	15261
37667	15262
37668	15263
37669	15264
37670	15265
37671	15265
37672	15266
37673	15267
37674	15267
37675	15266
37676	15267
37677	15268
37678	15269
37679	15270
37680	15270
37681	15270
37682	15269
37683	15269
37684	15270
37685	15271
37686	15272
37687	15272
37688	15273
37689	15274
37690	15274
37691	15275
37692	15275
37693	15276
37694	15277
37695	15278
37696	15278
37697	15279
37698	15279
37699	15280
37700	15280
37701	15280
37702	15281
37703	15281
37704	15282
37705	15283
37706	15283
37707	15284
37708	15284
37709	15285
37710	15286
37711	15286
37712	15286
37713	15287
37714	15287
37715	15288
37716	15289
37717	15289
37718	15290
37719	15291
37720	15292
37721	15293
37722	15294
37723	15295
37724	15295
37725	15296
37726	15297
37727	15298
37728	15297
37729	15298
37730	15299
37731	15300
37732	15300
37733	15301
37734	15301
37735	15302
37736	15302
37737	15303
37738	15304
37739	15305
37740	15306
37741	15307
37742	15307
37743	15307
37744	15308
37745	15309
37746	15309
37747	15310
37748	15311
37749	15312
37750	15312
37751	15313
37752	15313
37753	15313
37754	15314
37755	15314
37756	15315
37757	15316
37758	15317
37759	15318
37760	15319
37761	15318
37762	15319
37763	15319
37764	15320
37765	15321
37766	15322
37767	15323
37768	15323
37769	15323
37770	15323
37771	15323
37772	15324
37773	15325
37774	15325
37775	15325
37776	15326
37777	15326
37778	15327
37779	15328
37780	15329
37781	15328
37782	15329
37783	15329
37784	15329
37785	15329
37786	15330
37787	15330
37788	15331
37789	15332
37790	15333
37791	15334
37792	15334
37793	15335
37794	15335
37795	15335
37796	15335
37797	15334
37798	15334
37799	15335
37800	15335
37801	15336
37802	15336
37803	15337
37804	15338
37805	15339
37806	15338
37807	15338
37808	15337
37809	15338
37810	15339
37811	15339
37812	15340
37813	15340
37814	15341
37815	15342
37816	15343
37817	15344
37818	15345
37819	15345
37820	15346
37821	15346
37822	15346
37823	15347
37824	15348
37825	15349
37826	15349
37827	15349
37828	15350
37829	15351
37830	15351
37831	15351
37832	15352
37833	15353
37834	15354
37835	15355
37836	15356
37837	15356
37838	15357
37839	15358
37840	15358
37841	15358
37842	15358
37843	15359
37844	15360
37845	15361
37846	15362
37847	15363
37848	15364
37849	15365
37850	15366
37851	15367
37852	15368
37853	15369
37854	15370
37855	15371
37856	15372
37857	15371
37858	15372
37859	15372
37860	15373
37861	15373
37862	15374
37863	15375
37864	15376
37865	15376
37866	15377
37867	15378
37868	15377
37869	15378
37870	15379
37871	15380
37872	15380
37873	15379
37874	15380
37875	15381
37876	15382
37877	15383
37878	15384
37879	15385
37880	15385
37881	15384
37882	15385
37883	15385
37884	15385
37885	15386
37886	15386
37887	15385
37888	15386
37889	15386
37890	15387
37891	15387
37892	15387
37893	15388
37894	15389
37895	15389
37896	15389
37897	15389
37898	15390
37899	15391
37900	15391
37901	15390
37902	15391
37903	15391
37904	15392
37905	15393
37906	15393
37907	15393
37908	15394
37909	15395
37910	15396
37911	15396
37912	15397
37913	15397
37914	15398
37915	15399
37916	15398
37917	15399
37918	15398
37919	15398
37920	15399
37921	15399
37922	15400
37923	15400
37924	15400
37925	15401
37926	15401
37927	15402
37928	15402
37929	15402
37930	15403
37931	15404
37932	15405
37933	15404
37934	15405
37935	15406
37936	15407
37937	15407
37938	15408
37939	15408
37940	15409
37941	15409
37942	15410
37943	15410
37944	15411
37945	15412
37946	15412
37947	15411
37948	15411
37949	15412
37950	15412
37951	15413
37952	15414
37953	15414
37954	15415
37955	15416
37956	15416
37957	15416
37958	15417
37959	15417
37960	15417
37961	15416
37962	15417
37963	15418
37964	15419
37965	15420
37966	15421
37967	15422
37968	15422
37969	15423
37970	15424
37971	15425
37972	15426
37973	15427
37974	15428
37975	15429
37976	15429
37977	15430
37978	15430
37979	15431
37980	15432
37981	15433
37982	15434
37983	15435
37984	15436
37985	15437
37986	15438
37987	15439
37988	15440
37989	15441
37990	15442
37991	15442
37992	15442
37993	15443
37994	15442
37995	15443
37996	15443
37997	15444
37998	15445
37999	15446
38000	15447
38001	15447
38002	15448
38003	15449
38004	15450
38005	15451
38006	15452
38007	15453
38008	15454
38009	15454
38010	15453
38011	15453
38012	15453
38013	15453
38014	15453
38015	15453
38016	15454
38017	15455
38018	15456
38019	15457
38020	15457
38021	15458
38022	15459
38023	15460
38024	15461
38025	15462
38026	15462
38027	15463
38028	15464
38029	15464
38030	15465
38031	15465
38032	15466
38033	15467
38034	15467
38035	15467
38036	15468
38037	15468
38038	15469
38039	15470
38040	15471
38041	15472
38042	15473
38043	15474
38044	15475
38045	15476
38046	15476
38047	15477
38048	15477
38049	15478
38050	15479
38051	15480
38052	15480
38053	15481
38054	15480
38055	15481
38056	15481
38057	15482
38058	15482
38059	15481
38060	15482
38061	15482
38062	15483
38063	15483
38064	15483
38065	15483
38066	15484
38067	15485
38068	15486
38069	15487
38070	15488
38071	15488
38072	15489
38073	15490
38074	15491
38075	15491
38076	15491
38077	15492
38078	15493
38079	15494
38080	15495
38081	15496
38082	15497
38083	15498
38084	15499
38085	15500
38086	15500
38087	15499
38088	15500
38089	15499
38090	15499
38091	15500
38092	15501
38093	15502
38094	15503
38095	15504
38096	15505
38097	15506
38098	15507
38099	15508
38100	15509
38101	15509
38102	15509
38103	15509
38104	15510
38105	15509
38106	15510
38107	15511
38108	15511
38109	15512
38110	15512
38111	15513
38112	15513
38113	15514
38114	15515
38115	15516
38116	15517
38117	15518
38118	15519
38119	15520
38120	15520
38121	15520
38122	15520
38123	15521
38124	15522
38125	15522
38126	15523
38127	15524
38128	15525
38129	15525
38130	15526
38131	15526
38132	15526
38133	15526
38134	15526
38135	15527
38136	15528
38137	15529
38138	15530
38139	15530
38140	15531
38141	15532
38142	15533
38143	15533
38144	15534
38145	15534
38146	15535
38147	15536
38148	15537
38149	15538
38150	15539
38151	15540
38152	15541
38153	15542
38154	15542
38155	15543
38156	15544
38157	15545
38158	15546
38159	15546
38160	15545
38161	15546
38162	15547
38163	15548
38164	15549
38165	15550
38166	15551
38167	15552
38168	15553
38169	15554
38170	15554
38171	15554
38172	15555
38173	15555
38174	15556
38175	15557
38176	15558
38177	15558
38178	15559
38179	15560
38180	15560
38181	15561
38182	15561
38183	15562
38184	15563
38185	15563
38186	15564
38187	15565
38188	15565
38189	15566
38190	15566
38191	15567
38192	15568
38193	15569
38194	15568
38195	15569
38196	15569
38197	15569
38198	15570
38199	15570
38200	15571
38201	15572
38202	15573
38203	15573
38204	15573
38205	15573
38206	15573
38207	15574
38208	15574
38209	15574
38210	15575
38211	15576
38212	15576
38213	15576
38214	15577
38215	15578
38216	15578
38217	15579
38218	15579
38219	15580
38220	15581
38221	15580
38222	15580
38223	15580
38224	15581
38225	15582
38226	15582
38227	15582
38228	15582
38229	15583
38230	15584
38231	15585
38232	15586
38233	15586
38234	15587
38235	15588
38236	15589
38237	15590
38238	15591
38239	15591
38240	15592
38241	15593
38242	15594
38243	15595
38244	15595
38245	15595
38246	15595
38247	15596
38248	15596
38249	15597
38250	15598
38251	15599
38252	15600
38253	15600
38254	15600
38255	15600
38256	15601
38257	15602
38258	15603
38259	15604
38260	15605
38261	15606
38262	15607
38263	15606
38264	15606
38265	15606
38266	15607
38267	15607
38268	15608
38269	15608
38270	15609
38271	15609
38272	15610
38273	15611
38274	15612
38275	15612
38276	15613
38277	15614
38278	15614
38279	15615
38280	15616
38281	15617
38282	15618
38283	15618
38284	15618
38285	15619
38286	15619
38287	15619
38288	15620
38289	15621
38290	15622
38291	15623
38292	15624
38293	15624
38294	15625
38295	15626
38296	15627
38297	15627
38298	15627
38299	15626
38300	15626
38301	15627
38302	15628
38303	15628
38304	15629
38305	15629
38306	15629
38307	15630
38308	15631
38309	15632
38310	15633
38311	15633
38312	15633
38313	15633
38314	15634
38315	15634
38316	15635
38317	15636
38318	15637
38319	15638
38320	15639
38321	15640
38322	15641
38323	15641
38324	15642
38325	15641
38326	15641
38327	15641
38328	15641
38329	15641
38330	15642
38331	15643
38332	15643
38333	15643
38334	15643
38335	15643
38336	15644
38337	15645
38338	15646
38339	15646
38340	15647
38341	15646
38342	15646
38343	15646
38344	15647
38345	15647
38346	15648
38347	15648
38348	15648
38349	15649
38350	15648
38351	15649
38352	15650
38353	15651
38354	15652
38355	15652
38356	15653
38357	15654
38358	15655
38359	15656
38360	15656
38361	15655
38362	15655
38363	15655
38364	15656
38365	15656
38366	15657
38367	15658
38368	15658
38369	15659
38370	15659
38371	15659
38372	15659
38373	15660
38374	15660
38375	15661
38376	15662
38377	15662
38378	15663
38379	15663
38380	15663
38381	15664
38382	15665
38383	15666
38384	15667
38385	15668
38386	15669
38387	15670
38388	15671
38389	15670
38390	15671
38391	15672
38392	15673
38393	15674
38394	15675
38395	15675
38396	15676
38397	15676
38398	15676
38399	15677
38400	15678
38401	15678
38402	15679
38403	15679
38404	15679
38405	15680
38406	15681
38407	15682
38408	15683
38409	15684
38410	15685
38411	15685
38412	15686
38413	15686
38414	15687
38415	15688
38416	15689
38417	15689
38418	15690
38419	15689
38420	15689
38421	15689
38422	15690
38423	15690
38424	15690
38425	15691
38426	15692
38427	15693
38428	15692
38429	15693
38430	15694
38431	15695
38432	15695
38433	15696
38434	15697
38435	15698
38436	15698
38437	15698
38438	15699
38439	15700
38440	15701
38441	15701
38442	15702
38443	15703
38444	15702
38445	15702
38446	15703
38447	15704
38448	15705
38449	15705
38450	15706
38451	15706
38452	15707
38453	15707
38454	15707
38455	15707
38456	15708
38457	15708
38458	15709
38459	15709
38460	15710
38461	15711
38462	15712
38463	15711
38464	15711
38465	15712
38466	15713
38467	15714
38468	15713
38469	15713
38470	15714
38471	15715
38472	15716
38473	15717
38474	15717
38475	15718
38476	15719
38477	15719
38478	15720
38479	15720
38480	15721
38481	15722
38482	15722
38483	15723
38484	15724
38485	15725
38486	15726
38487	15727
38488	15728
38489	15729
38490	15729
38491	15730
38492	15731
38493	15732
38494	15733
38495	15734
38496	15735
38497	15735
38498	15736
38499	15736
38500	15736
38501	15737
38502	15738
38503	15739
38504	15740
38505	15740
38506	15741
38507	15740
38508	15740
38509	15740
38510	15741
38511	15742
38512	15743
38513	15742
38514	15743
38515	15743
38516	15743
38517	15743
38518	15743
38519	15743
38520	15744
38521	15745
38522	15745
38523	15746
38524	15747
38525	15748
38526	15749
38527	15749
38528	15750
38529	15751
38530	15752
38531	15753
38532	15754
38533	15754
38534	15755
38535	15756
38536	15757
38537	15758
38538	15759
38539	15758
38540	15759
38541	15760
38542	15761
38543	15760
38544	15761
38545	15762
38546	15763
38547	15764
38548	15764
38549	15765
38550	15765
38551	15766
38552	15767
38553	15768
38554	15769
38555	15770
38556	15770
38557	15771
38558	15771
38559	15772
38560	15773
38561	15774
38562	15775
38563	15775
38564	15775
38565	15776
38566	15777
38567	15778
38568	15779
38569	15780
38570	15781
38571	15781
38572	15782
38573	15782
38574	15783
38575	15784
38576	15785
38577	15785
38578	15785
38579	15785
38580	15785
38581	15785
38582	15785
38583	15786
38584	15787
38585	15788
38586	15789
38587	15790
38588	15790
38589	15789
38590	15790
38591	15791
38592	15791
38593	15791
38594	15791
38595	15791
38596	15791
38597	15792
38598	15792
38599	15793
38600	15794
38601	15794
38602	15794
38603	15795
38604	15796
38605	15797
38606	15797
38607	15797
38608	15798
38609	15799
38610	15800
38611	15801
38612	15801
38613	15802
38614	15803
38615	15804
38616	15804
38617	15804
38618	15805
38619	15805
38620	15805
38621	15805
38622	15805
38623	15806
38624	15807
38625	15808
38626	15809
38627	15809
38628	15810
38629	15811
38630	15812
38631	15813
38632	15814
38633	15815
38634	15816
38635	15816
38636	15817
38637	15818
38638	15819
38639	15820
38640	15820
38641	15820
38642	15820
38643	15820
38644	15820
38645	15820
38646	15821
38647	15822
38648	15823
38649	15824
38650	15825
38651	15826
38652	15826
38653	15827
38654	15827
38655	15828
38656	15829
38657	15829
38658	15830
38659	15831
38660	15832
38661	15833
38662	15834
38663	15835
38664	15836
38665	15837
38666	15838
38667	15838
38668	15839
38669	15838
38670	15839
38671	15838
38672	15838
38673	15839
38674	15838
38675	15838
38676	15839
38677	15840
38678	15841
38679	15842
38680	15842
38681	15842
38682	15843
38683	15844
38684	15845
38685	15846
38686	15847
38687	15848
38688	15849
38689	15848
38690	15849
38691	15850
38692	15851
38693	15851
38694	15852
38695	15853
38696	15853
38697	15854
38698	15855
38699	15856
38700	15856
38701	15857
38702	15857
38703	15858
38704	15859
38705	15859
38706	15860
38707	15860
38708	15860
38709	15860
38710	15859
38711	15860
38712	15861
38713	15862
38714	15863
38715	15864
38716	15865
38717	15866
38718	15867
38719	15867
38720	15868
38721	15869
38722	15869
38723	15869
38724	15870
38725	15870
38726	15869
38727	15869
38728	15869
38729	15870
38730	15871
38731	15871
38732	15871
38733	15872
38734	15873
38735	15874
38736	15874
38737	15874
38738	15875
38739	15875
38740	15876
38741	15877
38742	15878
38743	15878
38744	15879
38745	15880
38746	15881
38747	15882
38748	15883
38749	15883
38750	15883
38751	15883
38752	15884
38753	15885
38754	15886
38755	15885
38756	15886
38757	15886
38758	15886
38759	15887
38760	15886
38761	15887
38762	15888
38763	15888
38764	15889
38765	15890
38766	15890
38767	15891
38768	15892
38769	15893
38770	15894
38771	15895
38772	15896
38773	15896
38774	15896
38775	15897
38776	15897
38777	15897
38778	15897
38779	15897
38780	15898
38781	15898
38782	15898
38783	15899
38784	15899
38785	15900
38786	15901
38787	15902
38788	15903
38789	15904
38790	15904
38791	15905
38792	15905
38793	15905
38794	15906
38795	15907
38796	15907
38797	15907
38798	15907
38799	15908
38800	15909
38801	15910
38802	15910
38803	15910
38804	15911
38805	15911
38806	15910
38807	15910
38808	15911
38809	15910
38810	15911
38811	15911
38812	15911
38813	15912
38814	15913
38815	15912
38816	15913
38817	15914
38818	15915
38819	15915
38820	15915
38821	15916
38822	15917
38823	15918
38824	15919
38825	15920
38826	15921
38827	15922
38828	15923
38829	15924
38830	15925
38831	15926
38832	15926
38833	15926
38834	15927
38835	15928
38836	15929
38837	15930
38838	15931
38839	15931
38840	15930
38841	15931
38842	15932
38843	15933
38844	15933
38845	15934
38846	15934
38847	15935
38848	15936
38849	15936
38850	15937
38851	15937
38852	15938
38853	15938
38854	15939
38855	15938
38856	15939
38857	15940
38858	15940
38859	15941
38860	15942
38861	15942
38862	15943
38863	15944
38864	15945
38865	15945
38866	15946
38867	15947
38868	15948
38869	15949
38870	15948
38871	15948
38872	15949
38873	15949
38874	15950
38875	15951
38876	15952
38877	15952
38878	15953
38879	15954
38880	15955
38881	15956
38882	15957
38883	15956
38884	15957
38885	15958
38886	15959
38887	15960
38888	15961
38889	15961
38890	15962
38891	15963
38892	15963
38893	15964
38894	15964
38895	15964
38896	15964
38897	15964
38898	15965
38899	15965
38900	15966
38901	15966
38902	15966
38903	15967
38904	15968
38905	15969
38906	15969
38907	15970
38908	15970
38909	15971
38910	15972
38911	15972
38912	15973
38913	15974
38914	15974
38915	15974
38916	15975
38917	15976
38918	15975
38919	15975
38920	15976
38921	15977
38922	15978
38923	15979
38924	15980
38925	15981
38926	15982
38927	15983
38928	15983
38929	15984
38930	15985
38931	15986
38932	15987
38933	15988
38934	15988
38935	15989
38936	15989
38937	15990
38938	15990
38939	15990
38940	15990
38941	15991
38942	15991
38943	15992
38944	15993
38945	15994
38946	15994
38947	15994
38948	15994
38949	15995
38950	15996
38951	15997
38952	15996
38953	15997
38954	15998
38955	15999
38956	15998
38957	15998
38958	15999
38959	15999
38960	15999
38961	16000
38962	16000
38963	16001
38964	16001
38965	16001
38966	16002
38967	16001
38968	16000
38969	16001
38970	16002
38971	16002
38972	16002
38973	16002
38974	16003
38975	16003
38976	16004
38977	16005
38978	16005
38979	16006
38980	16005
38981	16005
38982	16005
38983	16006
38984	16007
38985	16007
38986	16007
38987	16008
38988	16007
38989	16008
38990	16008
38991	16008
38992	16009
38993	16009
38994	16010
38995	16011
38996	16011
38997	16012
38998	16013
38999	16013
39000	16014
39001	16015
39002	16015
39003	16016
39004	16016
39005	16017
39006	16018
39007	16019
39008	16018
39009	16019
39010	16019
39011	16020
39012	16021
39013	16022
39014	16023
39015	16023
39016	16024
39017	16023
39018	16023
39019	16023
39020	16023
39021	16022
39022	16023
39023	16022
39024	16022
39025	16023
39026	16023
39027	16023
39028	16023
39029	16024
39030	16025
39031	16026
39032	16027
39033	16027
39034	16028
39035	16027
39036	16028
39037	16028
39038	16028
39039	16029
39040	16030
39041	16031
39042	16031
39043	16032
39044	16033
39045	16034
39046	16035
39047	16035
39048	16035
39049	16035
39050	16036
39051	16037
39052	16036
39053	16036
39054	16036
39055	16037
39056	16038
39057	16039
39058	16040
39059	16041
39060	16042
39061	16042
39062	16042
39063	16043
39064	16044
39065	16044
39066	16044
39067	16045
39068	16046
39069	16046
39070	16046
39071	16046
39072	16047
39073	16048
39074	16049
39075	16050
39076	16051
39077	16052
39078	16051
39079	16050
39080	16051
39081	16051
39082	16052
39083	16052
39084	16053
39085	16054
39086	16055
39087	16056
39088	16057
39089	16058
39090	16059
39091	16058
39092	16058
39093	16059
39094	16060
39095	16061
39096	16062
39097	16062
39098	16062
39099	16062
39100	16063
39101	16064
39102	16064
39103	16065
39104	16066
39105	16066
39106	16066
39107	16067
39108	16067
39109	16068
39110	16069
39111	16070
39112	16071
39113	16072
39114	16071
39115	16072
39116	16073
39117	16073
39118	16073
39119	16074
39120	16075
39121	16075
39122	16075
39123	16076
39124	16077
39125	16078
39126	16079
39127	16080
39128	16081
39129	16082
39130	16081
39131	16082
39132	16081
39133	16081
39134	16081
39135	16082
39136	16083
39137	16082
39138	16083
39139	16084
39140	16085
39141	16086
39142	16086
39143	16086
39144	16086
39145	16087
39146	16087
39147	16087
39148	16088
39149	16089
39150	16090
39151	16091
39152	16091
39153	16092
39154	16092
39155	16091
39156	16092
39157	16092
39158	16093
39159	16093
39160	16094
39161	16094
39162	16095
39163	16096
39164	16097
39165	16098
39166	16098
39167	16098
39168	16099
39169	16100
39170	16101
39171	16102
39172	16102
39173	16103
39174	16103
39175	16103
39176	16104
39177	16103
39178	16103
39179	16103
39180	16104
39181	16104
39182	16105
39183	16106
39184	16107
39185	16108
39186	16109
39187	16110
39188	16110
39189	16111
39190	16110
39191	16111
39192	16110
39193	16110
39194	16110
39195	16111
39196	16112
39197	16113
39198	16114
39199	16114
39200	16115
39201	16115
39202	16115
39203	16115
39204	16115
39205	16116
39206	16116
39207	16116
39208	16116
39209	16117
39210	16118
39211	16118
39212	16119
39213	16119
39214	16119
39215	16120
39216	16121
39217	16122
39218	16123
39219	16123
39220	16124
39221	16124
39222	16125
39223	16125
39224	16125
39225	16125
39226	16126
39227	16126
39228	16127
39229	16127
39230	16128
39231	16129
39232	16129
39233	16130
39234	16131
39235	16132
39236	16132
39237	16132
39238	16133
39239	16133
39240	16134
39241	16135
39242	16136
39243	16135
39244	16135
39245	16136
39246	16137
39247	16138
39248	16138
39249	16138
39250	16139
39251	16139
39252	16140
39253	16141
39254	16142
39255	16143
39256	16143
39257	16144
39258	16144
39259	16143
39260	16143
39261	16144
39262	16145
39263	16146
39264	16146
39265	16146
39266	16146
39267	16146
39268	16147
39269	16148
39270	16148
39271	16149
39272	16150
39273	16150
39274	16151
39275	16152
39276	16152
39277	16153
39278	16154
39279	16155
39280	16156
39281	16156
39282	16157
39283	16157
39284	16158
39285	16159
39286	16158
39287	16158
39288	16158
39289	16159
39290	16159
39291	16160
39292	16161
39293	16161
39294	16162
39295	16163
39296	16163
39297	16163
39298	16163
39299	16163
39300	16164
39301	16165
39302	16165
39303	16164
39304	16165
39305	16165
39306	16166
39307	16167
39308	16168
39309	16169
39310	16170
39311	16170
39312	16169
39313	16170
39314	16171
39315	16172
39316	16173
39317	16172
39318	16173
39319	16174
39320	16175
39321	16176
39322	16177
39323	16177
39324	16178
39325	16178
39326	16178
39327	16179
39328	16179
39329	16180
39330	16181
39331	16181
39332	16182
39333	16181
39334	16182
39335	16183
39336	16184
39337	16184
39338	16185
39339	16186
39340	16187
39341	16188
39342	16188
39343	16189
39344	16190
39345	16191
39346	16191
39347	16190
39348	16191
39349	16192
39350	16191
39351	16191
39352	16192
39353	16193
39354	16194
39355	16195
39356	16196
39357	16196
39358	16196
39359	16197
39360	16198
39361	16197
39362	16198
39363	16199
39364	16200
39365	16200
39366	16199
39367	16200
39368	16200
39369	16201
39370	16202
39371	16202
39372	16202
39373	16202
39374	16203
39375	16203
39376	16204
39377	16205
39378	16206
39379	16205
39380	16205
39381	16206
39382	16207
39383	16206
39384	16207
39385	16208
39386	16209
39387	16210
39388	16210
39389	16211
39390	16212
39391	16213
39392	16214
39393	16215
39394	16216
39395	16217
39396	16218
39397	16219
39398	16220
39399	16221
39400	16221
39401	16221
39402	16220
39403	16219
39404	16218
39405	16218
39406	16219
39407	16220
39408	16220
39409	16221
39410	16222
39411	16222
39412	16223
39413	16224
39414	16224
39415	16225
39416	16225
39417	16226
39418	16227
39419	16228
39420	16229
39421	16229
39422	16230
39423	16231
39424	16232
39425	16233
39426	16234
39427	16235
39428	16235
39429	16235
39430	16236
39431	16237
39432	16238
39433	16239
39434	16240
39435	16241
39436	16242
39437	16243
39438	16244
39439	16244
39440	16245
39441	16245
39442	16245
39443	16245
39444	16246
39445	16247
39446	16248
39447	16248
39448	16248
39449	16247
39450	16248
39451	16249
39452	16248
39453	16248
39454	16247
39455	16248
39456	16249
39457	16250
39458	16251
39459	16252
39460	16253
39461	16254
39462	16255
39463	16256
39464	16256
39465	16257
39466	16258
39467	16259
39468	16259
39469	16260
39470	16260
39471	16260
39472	16261
39473	16262
39474	16262
39475	16262
39476	16263
39477	16264
39478	16265
39479	16266
39480	16267
39481	16266
39482	16266
39483	16267
39484	16267
39485	16267
39486	16267
39487	16268
39488	16269
39489	16270
39490	16271
39491	16272
39492	16273
39493	16273
39494	16274
39495	16274
39496	16275
39497	16275
39498	16276
39499	16276
39500	16277
39501	16278
39502	16278
39503	16279
39504	16279
39505	16280
39506	16281
39507	16282
39508	16283
39509	16283
39510	16284
39511	16285
39512	16286
39513	16286
39514	16287
39515	16288
39516	16289
39517	16289
39518	16290
39519	16290
39520	16290
39521	16290
39522	16290
39523	16290
39524	16291
39525	16292
39526	16293
39527	16292
39528	16291
39529	16292
39530	16292
39531	16292
39532	16292
39533	16293
39534	16294
39535	16294
39536	16294
39537	16295
39538	16296
39539	16297
39540	16297
39541	16298
39542	16299
39543	16300
39544	16300
39545	16299
39546	16299
39547	16299
39548	16300
39549	16301
39550	16301
39551	16302
39552	16303
39553	16304
39554	16305
39555	16305
39556	16306
39557	16306
39558	16306
39559	16307
39560	16307
39561	16308
39562	16308
39563	16308
39564	16308
39565	16309
39566	16310
39567	16311
39568	16312
39569	16313
39570	16314
39571	16314
39572	16315
39573	16316
39574	16317
39575	16318
39576	16318
39577	16319
39578	16320
39579	16321
39580	16322
39581	16322
39582	16323
39583	16324
39584	16324
39585	16324
39586	16325
39587	16325
39588	16325
39589	16325
39590	16325
39591	16326
39592	16327
39593	16328
39594	16329
39595	16329
39596	16329
39597	16330
39598	16331
39599	16331
39600	16332
39601	16332
39602	16333
39603	16334
39604	16333
39605	16333
39606	16334
39607	16335
39608	16335
39609	16334
39610	16335
39611	16335
39612	16335
39613	16335
39614	16336
39615	16337
39616	16336
39617	16335
39618	16336
39619	16337
39620	16338
39621	16339
39622	16340
39623	16339
39624	16340
39625	16341
39626	16341
39627	16342
39628	16342
39629	16342
39630	16342
39631	16343
39632	16344
39633	16344
39634	16343
39635	16342
39636	16341
39637	16341
39638	16342
39639	16342
39640	16343
39641	16344
39642	16345
39643	16346
39644	16346
39645	16347
39646	16347
39647	16347
39648	16348
39649	16349
39650	16350
39651	16351
39652	16352
39653	16352
39654	16353
39655	16354
39656	16355
39657	16355
39658	16355
39659	16356
39660	16356
39661	16357
39662	16358
39663	16359
39664	16360
39665	16359
39666	16360
39667	16360
39668	16360
39669	16361
39670	16362
39671	16363
39672	16364
39673	16364
39674	16364
39675	16364
39676	16363
39677	16364
39678	16364
39679	16364
39680	16365
39681	16364
39682	16365
39683	16366
39684	16365
39685	16366
39686	16365
39687	16365
39688	16366
39689	16366
39690	16365
39691	16365
39692	16365
39693	16366
39694	16367
39695	16367
39696	16366
39697	16366
39698	16367
39699	16368
39700	16368
39701	16369
39702	16370
39703	16371
39704	16372
39705	16371
39706	16372
39707	16372
39708	16372
39709	16372
39710	16372
39711	16373
39712	16374
39713	16373
39714	16374
39715	16375
39716	16376
39717	16376
39718	16377
39719	16378
39720	16378
39721	16379
39722	16380
39723	16380
39724	16381
39725	16382
39726	16381
39727	16380
39728	16381
39729	16381
39730	16381
39731	16382
39732	16383
39733	16383
39734	16382
39735	16383
39736	16384
39737	16383
39738	16384
39739	16384
39740	16385
39741	16386
39742	16387
39743	16388
39744	16389
39745	16389
39746	16390
39747	16391
39748	16392
39749	16393
39750	16394
39751	16395
39752	16396
39753	16397
39754	16396
39755	16397
39756	16397
39757	16398
39758	16399
39759	16399
39760	16400
39761	16401
39762	16402
39763	16402
39764	16403
39765	16404
39766	16405
39767	16406
39768	16405
39769	16404
39770	16405
39771	16406
39772	16406
39773	16407
39774	16408
39775	16409
39776	16410
39777	16410
39778	16411
39779	16411
39780	16412
39781	16413
39782	16414
39783	16415
39784	16415
39785	16416
39786	16417
39787	16418
39788	16419
39789	16419
39790	16420
39791	16421
39792	16422
39793	16422
39794	16422
39795	16423
39796	16423
39797	16424
39798	16424
39799	16425
39800	16426
39801	16426
39802	16427
39803	16428
39804	16429
39805	16430
39806	16431
39807	16432
39808	16433
39809	16433
39810	16434
39811	16434
39812	16435
39813	16435
39814	16434
39815	16435
39816	16435
39817	16435
39818	16434
39819	16433
39820	16433
39821	16433
39822	16433
39823	16434
39824	16434
39825	16435
39826	16436
39827	16437
39828	16438
39829	16437
39830	16437
39831	16437
39832	16438
39833	16438
39834	16438
39835	16438
39836	16439
39837	16438
39838	16437
39839	16437
39840	16438
39841	16439
39842	16439
39843	16438
39844	16439
39845	16440
39846	16440
39847	16441
39848	16442
39849	16441
39850	16440
39851	16439
39852	16439
39853	16439
39854	16440
39855	16441
39856	16441
39857	16441
39858	16441
39859	16442
39860	16443
39861	16443
39862	16444
39863	16445
39864	16446
39865	16447
39866	16448
39867	16449
39868	16449
39869	16450
39870	16450
39871	16451
39872	16452
39873	16452
39874	16453
39875	16454
39876	16455
39877	16455
39878	16456
39879	16457
39880	16457
39881	16458
39882	16458
39883	16458
39884	16457
39885	16456
39886	16457
39887	16457
39888	16458
39889	16459
39890	16460
39891	16461
39892	16462
39893	16462
39894	16462
39895	16462
39896	16462
39897	16463
39898	16463
39899	16464
39900	16465
39901	16465
39902	16465
39903	16465
39904	16465
39905	16466
39906	16467
39907	16467
39908	16468
39909	16469
39910	16470
39911	16470
39912	16471
39913	16472
39914	16472
39915	16473
39916	16473
39917	16474
39918	16475
39919	16476
39920	16476
39921	16475
39922	16476
39923	16476
39924	16477
39925	16477
39926	16476
39927	16476
39928	16476
39929	16477
39930	16478
39931	16479
39932	16480
39933	16481
39934	16482
39935	16483
39936	16484
39937	16484
39938	16485
39939	16484
39940	16485
39941	16486
39942	16487
39943	16487
39944	16487
39945	16488
39946	16488
39947	16489
39948	16490
39949	16490
39950	16490
39951	16491
39952	16492
39953	16492
39954	16493
39955	16494
39956	16495
39957	16496
39958	16497
39959	16498
39960	16497
39961	16497
39962	16496
39963	16497
39964	16497
39965	16498
39966	16497
39967	16496
39968	16497
39969	16498
39970	16498
39971	16499
39972	16500
39973	16500
39974	16500
39975	16500
39976	16499
39977	16498
39978	16498
39979	16497
39980	16498
39981	16499
39982	16500
39983	16501
39984	16501
39985	16502
39986	16502
39987	16503
39988	16504
39989	16505
39990	16506
39991	16506
39992	16506
39993	16507
39994	16508
39995	16509
39996	16510
39997	16510
39998	16510
39999	16511
40000	16512
40001	16512
40002	16513
40003	16513
40004	16514
40005	16515
40006	16516
40007	16517
40008	16518
40009	16519
40010	16519
40011	16519
40012	16520
40013	16521
40014	16521
40015	16521
40016	16521
40017	16521
40018	16521
40019	16522
40020	16523
40021	16524
40022	16525
40023	16526
40024	16527
40025	16527
40026	16528
40027	16528
40028	16528
40029	16529
40030	16530
40031	16531
40032	16532
40033	16533
40034	16534
40035	16535
40036	16536
40037	16537
40038	16537
40039	16537
40040	16536
40041	16535
40042	16536
40043	16536
40044	16537
40045	16538
40046	16539
40047	16539
40048	16538
40049	16538
40050	16538
40051	16539
40052	16540
40053	16541
40054	16541
40055	16542
40056	16542
40057	16543
40058	16543
40059	16543
40060	16544
40061	16545
40062	16546
40063	16547
40064	16547
40065	16548
40066	16549
40067	16550
40068	16550
40069	16551
40070	16552
40071	16552
40072	16552
40073	16552
40074	16552
40075	16553
40076	16553
40077	16552
40078	16551
40079	16551
40080	16552
40081	16553
40082	16554
40083	16555
40084	16556
40085	16555
40086	16555
40087	16555
40088	16555
40089	16554
40090	16554
40091	16554
40092	16554
40093	16555
40094	16555
40095	16555
40096	16555
40097	16554
40098	16555
40099	16556
40100	16557
40101	16558
40102	16559
40103	16560
40104	16561
40105	16562
40106	16561
40107	16562
40108	16563
40109	16563
40110	16563
40111	16564
40112	16565
40113	16565
40114	16566
40115	16566
40116	16566
40117	16567
40118	16567
40119	16568
40120	16568
40121	16568
40122	16567
40123	16567
40124	16568
40125	16569
40126	16570
40127	16570
40128	16571
40129	16572
40130	16573
40131	16573
40132	16572
40133	16572
40134	16573
40135	16573
40136	16574
40137	16574
40138	16575
40139	16575
40140	16576
40141	16577
40142	16578
40143	16577
40144	16578
40145	16579
40146	16579
40147	16580
40148	16581
40149	16580
40150	16581
40151	16582
40152	16582
40153	16583
40154	16583
40155	16583
40156	16583
40157	16584
40158	16584
40159	16584
40160	16585
40161	16585
40162	16586
40163	16586
40164	16586
40165	16587
40166	16586
40167	16585
40168	16586
40169	16585
40170	16585
40171	16585
40172	16585
40173	16586
40174	16586
40175	16586
40176	16586
40177	16585
40178	16586
40179	16586
40180	16586
40181	16587
40182	16588
40183	16589
40184	16590
40185	16591
40186	16591
40187	16592
40188	16592
40189	16592
40190	16593
40191	16594
40192	16595
40193	16596
40194	16596
40195	16596
40196	16596
40197	16597
40198	16597
40199	16596
40200	16597
40201	16597
40202	16598
40203	16599
40204	16600
40205	16600
40206	16600
40207	16600
40208	16600
40209	16601
40210	16601
40211	16600
40212	16601
40213	16600
40214	16599
40215	16598
40216	16597
40217	16596
40218	16597
40219	16597
40220	16597
40221	16598
40222	16599
40223	16600
40224	16601
40225	16602
40226	16603
40227	16603
40228	16603
40229	16603
40230	16603
40231	16603
40232	16603
40233	16604
40234	16605
40235	16606
40236	16606
40237	16607
40238	16607
40239	16607
40240	16607
40241	16608
40242	16607
40243	16606
40244	16606
40245	16607
40246	16608
40247	16609
40248	16609
40249	16608
40250	16607
40251	16607
40252	16608
40253	16608
40254	16608
40255	16609
40256	16609
40257	16609
40258	16609
40259	16610
40260	16611
40261	16612
40262	16613
40263	16614
40264	16614
40265	16614
40266	16614
40267	16615
40268	16614
40269	16615
40270	16616
40271	16616
40272	16617
40273	16618
40274	16618
40275	16618
40276	16619
40277	16620
40278	16621
40279	16621
40280	16622
40281	16623
40282	16623
40283	16623
40284	16624
40285	16625
40286	16626
40287	16625
40288	16625
40289	16625
40290	16626
40291	16627
40292	16628
40293	16629
40294	16630
40295	16630
40296	16630
40297	16630
40298	16631
40299	16630
40300	16631
40301	16632
40302	16632
40303	16632
40304	16633
40305	16634
40306	16635
40307	16635
40308	16635
40309	16636
40310	16637
40311	16637
40312	16638
40313	16639
40314	16639
40315	16639
40316	16639
40317	16638
40318	16637
40319	16638
40320	16639
40321	16639
40322	16640
40323	16640
40324	16641
40325	16641
40326	16642
40327	16643
40328	16644
40329	16644
40330	16645
40331	16645
40332	16645
40333	16644
40334	16644
40335	16645
40336	16645
40337	16644
40338	16645
40339	16645
40340	16644
40341	16644
40342	16645
40343	16645
40344	16646
40345	16647
40346	16648
40347	16649
40348	16649
40349	16649
40350	16649
40351	16648
40352	16648
40353	16649
40354	16650
40355	16651
40356	16652
40357	16652
40358	16653
40359	16654
40360	16655
40361	16656
40362	16656
40363	16657
40364	16657
40365	16658
40366	16659
40367	16660
40368	16659
40369	16658
40370	16658
40371	16659
40372	16660
40373	16661
40374	16660
40375	16659
40376	16659
40377	16660
40378	16661
40379	16662
40380	16662
40381	16663
40382	16663
40383	16664
40384	16664
40385	16665
40386	16665
40387	16666
40388	16666
40389	16667
40390	16668
40391	16669
40392	16669
40393	16670
40394	16671
40395	16672
40396	16673
40397	16673
40398	16674
40399	16675
40400	16676
40401	16675
40402	16675
40403	16676
40404	16676
40405	16675
40406	16675
40407	16675
40408	16675
40409	16675
40410	16676
40411	16675
40412	16676
40413	16675
40414	16676
40415	16677
40416	16677
40417	16678
40418	16678
40419	16678
40420	16678
40421	16679
40422	16679
40423	16680
40424	16680
40425	16681
40426	16682
40427	16682
40428	16683
40429	16683
40430	16683
40431	16684
40432	16685
40433	16686
40434	16687
40435	16686
40436	16687
40437	16688
40438	16688
40439	16689
40440	16690
40441	16691
40442	16692
40443	16693
40444	16694
40445	16694
40446	16695
40447	16695
40448	16696
40449	16697
40450	16698
40451	16698
40452	16698
40453	16699
40454	16699
40455	16700
40456	16701
40457	16700
40458	16701
40459	16702
40460	16703
40461	16704
40462	16705
40463	16705
40464	16706
40465	16706
40466	16706
40467	16707
40468	16708
40469	16708
40470	16709
40471	16710
40472	16710
40473	16711
40474	16712
40475	16712
40476	16713
40477	16714
40478	16714
40479	16715
40480	16715
40481	16716
40482	16717
40483	16718
40484	16719
40485	16720
40486	16721
40487	16722
40488	16722
40489	16722
40490	16722
40491	16722
40492	16722
40493	16722
40494	16722
40495	16723
40496	16723
40497	16724
40498	16723
40499	16723
40500	16723
40501	16724
40502	16724
40503	16724
40504	16725
40505	16726
40506	16727
40507	16728
40508	16729
40509	16730
40510	16729
40511	16730
40512	16731
40513	16732
40514	16733
40515	16733
40516	16734
40517	16735
40518	16736
40519	16737
40520	16737
40521	16738
40522	16739
40523	16739
40524	16739
40525	16740
40526	16741
40527	16740
40528	16741
40529	16742
40530	16743
40531	16743
40532	16744
40533	16744
40534	16745
40535	16746
40536	16745
40537	16744
40538	16745
40539	16744
40540	16743
40541	16744
40542	16745
40543	16746
40544	16746
40545	16747
40546	16746
40547	16747
40548	16747
40549	16748
40550	16747
40551	16747
40552	16746
40553	16747
40554	16747
40555	16747
40556	16748
40557	16749
40558	16750
40559	16750
40560	16751
40561	16752
40562	16752
40563	16753
40564	16754
40565	16754
40566	16755
40567	16754
40568	16753
40569	16753
40570	16753
40571	16753
40572	16754
40573	16754
40574	16754
40575	16755
40576	16756
40577	16757
40578	16757
40579	16758
40580	16759
40581	16760
40582	16760
40583	16761
40584	16761
40585	16762
40586	16761
40587	16762
40588	16763
40589	16763
40590	16763
40591	16764
40592	16764
40593	16765
40594	16766
40595	16766
40596	16766
40597	16766
40598	16767
40599	16767
40600	16767
40601	16768
40602	16768
40603	16768
40604	16768
40605	16769
40606	16770
40607	16770
40608	16771
40609	16772
40610	16772
40611	16772
40612	16773
40613	16774
40614	16774
40615	16775
40616	16776
40617	16777
40618	16778
40619	16778
40620	16779
40621	16780
40622	16781
40623	16781
40624	16782
40625	16783
40626	16782
40627	16782
40628	16781
40629	16782
40630	16782
40631	16782
40632	16783
40633	16784
40634	16784
40635	16784
40636	16785
40637	16786
40638	16786
40639	16786
40640	16787
40641	16788
40642	16788
40643	16788
40644	16788
40645	16787
40646	16786
40647	16787
40648	16787
40649	16787
40650	16787
40651	16788
40652	16789
40653	16789
40654	16790
40655	16790
40656	16790
40657	16791
40658	16792
40659	16792
40660	16792
40661	16793
40662	16793
40663	16794
40664	16795
40665	16796
40666	16796
40667	16797
40668	16798
40669	16798
40670	16799
40671	16800
40672	16800
40673	16800
40674	16801
40675	16801
40676	16801
40677	16802
40678	16802
40679	16803
40680	16804
40681	16805
40682	16806
40683	16807
40684	16807
40685	16807
40686	16807
40687	16806
40688	16807
40689	16806
40690	16807
40691	16808
40692	16809
40693	16808
40694	16808
40695	16809
40696	16809
40697	16810
40698	16810
40699	16810
40700	16811
40701	16811
40702	16811
40703	16812
40704	16813
40705	16813
40706	16814
40707	16814
40708	16813
40709	16813
40710	16813
40711	16813
40712	16814
40713	16813
40714	16813
40715	16814
40716	16815
40717	16815
40718	16816
40719	16816
40720	16817
40721	16818
40722	16818
40723	16819
40724	16819
40725	16820
40726	16819
40727	16819
40728	16819
40729	16820
40730	16820
40731	16821
40732	16821
40733	16822
40734	16823
40735	16823
40736	16824
40737	16825
40738	16826
40739	16826
40740	16827
40741	16826
40742	16827
40743	16828
40744	16828
40745	16829
40746	16830
40747	16829
40748	16830
40749	16830
40750	16831
40751	16832
40752	16833
40753	16833
40754	16833
40755	16833
40756	16834
40757	16835
40758	16836
40759	16837
40760	16837
40761	16836
40762	16836
40763	16837
40764	16837
40765	16838
40766	16837
40767	16838
40768	16839
40769	16839
40770	16840
40771	16841
40772	16842
40773	16843
40774	16844
40775	16845
40776	16846
40777	16845
40778	16845
40779	16845
40780	16844
40781	16845
40782	16845
40783	16846
40784	16847
40785	16847
40786	16846
40787	16847
40788	16848
40789	16849
40790	16850
40791	16850
40792	16851
40793	16852
40794	16853
40795	16854
40796	16855
40797	16856
40798	16857
40799	16857
40800	16858
40801	16858
40802	16859
40803	16859
40804	16860
40805	16859
40806	16860
40807	16860
40808	16861
40809	16862
40810	16862
40811	16862
40812	16863
40813	16862
40814	16863
40815	16864
40816	16865
40817	16866
40818	16867
40819	16866
40820	16867
40821	16867
40822	16866
40823	16866
40824	16867
40825	16868
40826	16868
40827	16869
40828	16870
40829	16871
40830	16872
40831	16873
40832	16874
40833	16875
40834	16875
40835	16876
40836	16877
40837	16878
40838	16878
40839	16879
40840	16880
40841	16880
40842	16880
40843	16880
40844	16881
40845	16882
40846	16883
40847	16884
40848	16885
40849	16886
40850	16887
40851	16887
40852	16888
40853	16889
40854	16890
40855	16891
40856	16892
40857	16893
40858	16893
40859	16894
40860	16895
40861	16895
40862	16896
40863	16896
40864	16897
40865	16897
40866	16898
40867	16897
40868	16897
40869	16896
40870	16897
40871	16898
40872	16897
40873	16897
40874	16897
40875	16898
40876	16899
40877	16900
40878	16901
40879	16902
40880	16903
40881	16902
40882	16902
40883	16903
40884	16904
40885	16905
40886	16906
40887	16907
40888	16907
40889	16908
40890	16909
40891	16908
40892	16908
40893	16907
40894	16907
40895	16907
40896	16908
40897	16909
40898	16909
40899	16910
40900	16911
40901	16912
40902	16913
40903	16914
40904	16914
40905	16914
40906	16915
40907	16915
40908	16916
40909	16917
40910	16917
40911	16917
40912	16918
40913	16918
40914	16919
40915	16919
40916	16920
40917	16920
40918	16921
40919	16921
40920	16921
40921	16922
40922	16923
40923	16924
40924	16925
40925	16926
40926	16927
40927	16927
40928	16928
40929	16929
40930	16930
40931	16930
40932	16931
40933	16930
40934	16931
40935	16932
40936	16933
40937	16934
40938	16934
40939	16935
40940	16934
40941	16935
40942	16936
40943	16936
40944	16936
40945	16937
40946	16937
40947	16938
40948	16938
40949	16937
40950	16937
40951	16938
40952	16939
40953	16939
40954	16939
40955	16940
40956	16940
40957	16941
40958	16942
40959	16943
40960	16944
40961	16945
40962	16944
40963	16945
40964	16945
40965	16946
40966	16947
40967	16948
40968	16949
40969	16949
40970	16949
40971	16950
40972	16950
40973	16951
40974	16952
40975	16952
40976	16953
40977	16953
40978	16954
40979	16954
40980	16955
40981	16956
40982	16957
40983	16957
40984	16957
40985	16958
40986	16957
40987	16956
40988	16956
40989	16957
40990	16957
40991	16958
40992	16959
40993	16958
40994	16958
40995	16958
40996	16959
40997	16960
40998	16960
40999	16960
41000	16960
41001	16961
41002	16960
41003	16961
41004	16962
41005	16962
41006	16962
41007	16962
41008	16963
41009	16964
41010	16965
41011	16966
41012	16967
41013	16968
41014	16969
41015	16969
41016	16969
41017	16969
41018	16970
41019	16971
41020	16972
41021	16973
41022	16974
41023	16974
41024	16974
41025	16974
41026	16975
41027	16975
41028	16976
41029	16977
41030	16977
41031	16978
41032	16979
41033	16979
41034	16978
41035	16978
41036	16979
41037	16980
41038	16981
41039	16982
41040	16983
41041	16984
41042	16985
41043	16986
41044	16987
41045	16986
41046	16987
41047	16988
41048	16988
41049	16989
41050	16990
41051	16991
41052	16991
41053	16991
41054	16991
41055	16992
41056	16992
41057	16993
41058	16992
41059	16993
41060	16994
41061	16994
41062	16995
41063	16994
41064	16995
41065	16996
41066	16997
41067	16998
41068	16999
41069	16999
41070	17000
41071	17001
41072	17002
41073	17002
41074	17003
41075	17004
41076	17005
41077	17006
41078	17006
41079	17007
41080	17008
41081	17008
41082	17008
41083	17008
41084	17009
41085	17010
41086	17009
41087	17010
41088	17010
41089	17011
41090	17012
41091	17013
41092	17013
41093	17014
41094	17014
41095	17015
41096	17016
41097	17017
41098	17018
41099	17019
41100	17019
41101	17019
41102	17020
41103	17019
41104	17018
41105	17019
41106	17019
41107	17020
41108	17020
41109	17020
41110	17020
41111	17020
41112	17021
41113	17022
41114	17023
41115	17024
41116	17024
41117	17024
41118	17024
41119	17024
41120	17024
41121	17025
41122	17026
41123	17026
41124	17027
41125	17027
41126	17027
41127	17028
41128	17029
41129	17029
41130	17030
41131	17030
41132	17031
41133	17032
41134	17033
41135	17034
41136	17035
41137	17035
41138	17036
41139	17036
41140	17035
41141	17035
41142	17036
41143	17036
41144	17036
41145	17037
41146	17038
41147	17038
41148	17039
41149	17038
41150	17039
41151	17039
41152	17038
41153	17039
41154	17040
41155	17040
41156	17041
41157	17042
41158	17043
41159	17044
41160	17044
41161	17045
41162	17045
41163	17046
41164	17046
41165	17047
41166	17048
41167	17049
41168	17050
41169	17051
41170	17052
41171	17053
41172	17054
41173	17054
41174	17053
41175	17054
41176	17054
41177	17055
41178	17056
41179	17055
41180	17056
41181	17057
41182	17058
41183	17059
41184	17060
41185	17060
41186	17061
41187	17061
41188	17061
41189	17062
41190	17063
41191	17063
41192	17064
41193	17065
41194	17064
41195	17065
41196	17065
41197	17065
41198	17066
41199	17067
41200	17068
41201	17069
41202	17068
41203	17068
41204	17068
41205	17069
41206	17070
41207	17071
41208	17071
41209	17072
41210	17073
41211	17073
41212	17073
41213	17073
41214	17073
41215	17073
41216	17074
41217	17075
41218	17076
41219	17076
41220	17077
41221	17078
41222	17079
41223	17079
41224	17080
41225	17080
41226	17081
41227	17082
41228	17083
41229	17084
41230	17085
41231	17085
41232	17086
41233	17087
41234	17088
41235	17089
41236	17090
41237	17091
41238	17091
41239	17092
41240	17091
41241	17092
41242	17092
41243	17093
41244	17094
41245	17095
41246	17096
41247	17097
41248	17098
41249	17099
41250	17099
41251	17099
41252	17100
41253	17100
41254	17101
41255	17101
41256	17101
41257	17100
41258	17099
41259	17100
41260	17101
41261	17102
41262	17101
41263	17102
41264	17103
41265	17103
41266	17104
41267	17104
41268	17105
41269	17106
41270	17106
41271	17105
41272	17106
41273	17106
41274	17106
41275	17107
41276	17108
41277	17109
41278	17109
41279	17109
41280	17110
41281	17111
41282	17112
41283	17112
41284	17112
41285	17112
41286	17113
41287	17113
41288	17113
41289	17113
41290	17114
41291	17114
41292	17114
41293	17113
41294	17114
41295	17115
41296	17114
41297	17114
41298	17115
41299	17115
41300	17116
41301	17116
41302	17115
41303	17116
41304	17117
41305	17118
41306	17119
41307	17119
41308	17120
41309	17120
41310	17121
41311	17122
41312	17122
41313	17123
41314	17124
41315	17125
41316	17126
41317	17126
41318	17127
41319	17127
41320	17128
41321	17129
41322	17130
41323	17130
41324	17130
41325	17131
41326	17132
41327	17133
41328	17134
41329	17135
41330	17136
41331	17137
41332	17138
41333	17138
41334	17138
41335	17137
41336	17136
41337	17136
41338	17136
41339	17137
41340	17138
41341	17137
41342	17137
41343	17138
41344	17138
41345	17139
41346	17140
41347	17140
41348	17140
41349	17140
41350	17140
41351	17140
41352	17141
41353	17141
41354	17142
41355	17143
41356	17144
41357	17143
41358	17142
41359	17143
41360	17144
41361	17144
41362	17145
41363	17146
41364	17147
41365	17148
41366	17148
41367	17149
41368	17150
41369	17151
41370	17151
41371	17151
41372	17151
41373	17151
41374	17151
41375	17152
41376	17153
41377	17153
41378	17154
41379	17155
41380	17155
41381	17156
41382	17157
41383	17157
41384	17158
41385	17159
41386	17158
41387	17159
41388	17160
41389	17161
41390	17162
41391	17163
41392	17163
41393	17164
41394	17165
41395	17165
41396	17166
41397	17167
41398	17167
41399	17167
41400	17167
41401	17168
41402	17168
41403	17168
41404	17169
41405	17169
41406	17170
41407	17170
41408	17171
41409	17170
41410	17171
41411	17170
41412	17171
41413	17171
41414	17171
41415	17171
41416	17172
41417	17173
41418	17174
41419	17175
41420	17176
41421	17177
41422	17177
41423	17176
41424	17177
41425	17178
41426	17178
41427	17178
41428	17179
41429	17179
41430	17180
41431	17180
41432	17180
41433	17180
41434	17181
41435	17182
41436	17183
41437	17183
41438	17184
41439	17185
41440	17186
41441	17187
41442	17188
41443	17188
41444	17188
41445	17189
41446	17189
41447	17190
41448	17191
41449	17192
41450	17193
41451	17193
41452	17194
41453	17195
41454	17196
41455	17196
41456	17197
41457	17197
41458	17197
41459	17196
41460	17197
41461	17197
41462	17198
41463	17197
41464	17198
41465	17198
41466	17197
41467	17197
41468	17198
41469	17198
41470	17198
41471	17199
41472	17199
41473	17199
41474	17200
41475	17199
41476	17199
41477	17200
41478	17201
41479	17202
41480	17202
41481	17203
41482	17203
41483	17204
41484	17205
41485	17205
41486	17206
41487	17207
41488	17208
41489	17207
41490	17207
41491	17207
41492	17208
41493	17208
41494	17208
41495	17208
41496	17209
41497	17210
41498	17211
41499	17212
41500	17213
41501	17213
41502	17213
41503	17213
41504	17214
41505	17215
41506	17216
41507	17216
41508	17217
41509	17217
41510	17217
41511	17218
41512	17219
41513	17220
41514	17220
41515	17220
41516	17220
41517	17220
41518	17221
41519	17222
41520	17223
41521	17224
41522	17225
41523	17226
41524	17227
41525	17227
41526	17228
41527	17229
41528	17228
41529	17229
41530	17230
41531	17231
41532	17232
41533	17231
41534	17232
41535	17233
41536	17233
41537	17234
41538	17235
41539	17236
41540	17237
41541	17237
41542	17237
41543	17237
41544	17238
41545	17238
41546	17239
41547	17239
41548	17239
41549	17240
41550	17239
41551	17240
41552	17241
41553	17242
41554	17243
41555	17244
41556	17245
41557	17246
41558	17247
41559	17248
41560	17249
41561	17249
41562	17250
41563	17250
41564	17249
41565	17249
41566	17249
41567	17250
41568	17251
41569	17251
41570	17252
41571	17252
41572	17253
41573	17254
41574	17255
41575	17256
41576	17256
41577	17256
41578	17256
41579	17256
41580	17256
41581	17257
41582	17257
41583	17258
41584	17258
41585	17258
41586	17258
41587	17258
41588	17259
41589	17259
41590	17259
41591	17259
41592	17260
41593	17261
41594	17260
41595	17260
41596	17259
41597	17260
41598	17261
41599	17260
41600	17261
41601	17262
41602	17263
41603	17263
41604	17262
41605	17262
41606	17263
41607	17263
41608	17264
41609	17264
41610	17264
41611	17264
41612	17265
41613	17266
41614	17267
41615	17267
41616	17268
41617	17269
41618	17270
41619	17271
41620	17271
41621	17271
41622	17271
41623	17272
41624	17273
41625	17274
41626	17275
41627	17276
41628	17277
41629	17278
41630	17279
41631	17279
41632	17279
41633	17280
41634	17280
41635	17281
41636	17281
41637	17281
41638	17282
41639	17282
41640	17282
41641	17283
41642	17284
41643	17285
41644	17286
41645	17286
41646	17287
41647	17288
41648	17288
41649	17289
41650	17289
41651	17289
41652	17290
41653	17290
41654	17290
41655	17290
41656	17291
41657	17292
41658	17293
41659	17294
41660	17295
41661	17296
41662	17297
41663	17297
41664	17297
41665	17297
41666	17298
41667	17299
41668	17299
41669	17300
41670	17300
41671	17301
41672	17302
41673	17302
41674	17303
41675	17302
41676	17301
41677	17301
41678	17301
41679	17301
41680	17302
41681	17303
41682	17304
41683	17304
41684	17304
41685	17305
41686	17306
41687	17307
41688	17307
41689	17308
41690	17309
41691	17310
41692	17310
41693	17310
41694	17311
41695	17312
41696	17312
41697	17313
41698	17314
41699	17313
41700	17313
41701	17314
41702	17315
41703	17315
41704	17316
41705	17316
41706	17316
41707	17317
41708	17317
41709	17318
41710	17319
41711	17318
41712	17319
41713	17319
41714	17320
41715	17320
41716	17319
41717	17319
41718	17320
41719	17321
41720	17322
41721	17323
41722	17323
41723	17323
41724	17323
41725	17323
41726	17322
41727	17323
41728	17323
41729	17323
41730	17323
41731	17324
41732	17324
41733	17325
41734	17326
41735	17327
41736	17328
41737	17329
41738	17330
41739	17331
41740	17332
41741	17331
41742	17332
41743	17333
41744	17334
41745	17334
41746	17335
41747	17336
41748	17337
41749	17338
41750	17339
41751	17338
41752	17339
41753	17340
41754	17340
41755	17339
41756	17340
41757	17341
41758	17341
41759	17342
41760	17343
41761	17343
41762	17343
41763	17343
41764	17344
41765	17345
41766	17345
41767	17346
41768	17347
41769	17347
41770	17348
41771	17349
41772	17350
41773	17350
41774	17350
41775	17351
41776	17351
41777	17352
41778	17353
41779	17354
41780	17353
41781	17354
41782	17354
41783	17354
41784	17355
41785	17356
41786	17357
41787	17357
41788	17358
41789	17359
41790	17360
41791	17361
41792	17362
41793	17363
41794	17364
41795	17364
41796	17365
41797	17365
41798	17365
41799	17366
41800	17367
41801	17368
41802	17369
41803	17369
41804	17369
41805	17369
41806	17370
41807	17371
41808	17371
41809	17371
41810	17371
41811	17372
41812	17373
41813	17374
41814	17374
41815	17375
41816	17375
41817	17375
41818	17375
41819	17375
41820	17376
41821	17377
41822	17378
41823	17378
41824	17379
41825	17378
41826	17379
41827	17378
41828	17377
41829	17377
41830	17378
41831	17378
41832	17378
41833	17378
41834	17379
41835	17380
41836	17379
41837	17380
41838	17379
41839	17380
41840	17381
41841	17382
41842	17382
41843	17383
41844	17383
41845	17383
41846	17384
41847	17385
41848	17386
41849	17387
41850	17386
41851	17387
41852	17387
41853	17388
41854	17388
41855	17388
41856	17388
41857	17388
41858	17388
41859	17388
41860	17389
41861	17390
41862	17391
41863	17392
41864	17391
41865	17391
41866	17390
41867	17390
41868	17389
41869	17390
41870	17391
41871	17392
41872	17393
41873	17394
41874	17394
41875	17395
41876	17396
41877	17397
41878	17397
41879	17398
41880	17399
41881	17400
41882	17401
41883	17402
41884	17401
41885	17402
41886	17402
41887	17403
41888	17404
41889	17405
41890	17405
41891	17406
41892	17406
41893	17406
41894	17407
41895	17408
41896	17409
41897	17409
41898	17410
41899	17410
41900	17409
41901	17409
41902	17409
41903	17410
41904	17411
41905	17412
41906	17412
41907	17413
41908	17414
41909	17415
41910	17416
41911	17417
41912	17418
41913	17419
41914	17419
41915	17419
41916	17419
41917	17420
41918	17421
41919	17421
41920	17422
41921	17422
41922	17423
41923	17424
41924	17425
41925	17426
41926	17425
41927	17426
41928	17427
41929	17428
41930	17429
41931	17430
41932	17431
41933	17432
41934	17431
41935	17432
41936	17432
41937	17433
41938	17433
41939	17433
41940	17434
41941	17435
41942	17434
41943	17435
41944	17436
41945	17437
41946	17438
41947	17437
41948	17437
41949	17437
41950	17438
41951	17439
41952	17439
41953	17440
41954	17441
41955	17441
41956	17442
41957	17442
41958	17441
41959	17440
41960	17440
41961	17441
41962	17441
41963	17441
41964	17442
41965	17442
41966	17443
41967	17442
41968	17442
41969	17443
41970	17443
41971	17443
41972	17444
41973	17444
41974	17445
41975	17445
41976	17445
41977	17445
41978	17445
41979	17446
41980	17446
41981	17446
41982	17447
41983	17448
41984	17448
41985	17449
41986	17450
41987	17451
41988	17450
41989	17451
41990	17451
41991	17452
41992	17453
41993	17452
41994	17452
41995	17452
41996	17453
41997	17454
41998	17454
41999	17454
42000	17454
42001	17454
42002	17454
42003	17455
42004	17456
42005	17457
42006	17456
42007	17457
42008	17458
42009	17459
42010	17460
42011	17460
42012	17460
42013	17459
42014	17458
42015	17458
42016	17457
42017	17457
42018	17458
42019	17457
42020	17457
42021	17457
42022	17458
42023	17459
42024	17459
42025	17460
42026	17460
42027	17461
42028	17462
42029	17463
42030	17464
42031	17464
42032	17465
42033	17465
42034	17466
42035	17466
42036	17467
42037	17467
42038	17466
42039	17465
42040	17466
42041	17467
42042	17468
42043	17469
42044	17470
42045	17471
42046	17472
42047	17472
42048	17472
42049	17472
42050	17473
42051	17474
42052	17474
42053	17474
42054	17475
42055	17475
42056	17476
42057	17476
42058	17475
42059	17476
42060	17477
42061	17478
42062	17479
42063	17479
42064	17480
42065	17481
42066	17482
42067	17483
42068	17482
42069	17481
42070	17481
42071	17482
42072	17483
42073	17484
42074	17485
42075	17486
42076	17486
42077	17486
42078	17486
42079	17487
42080	17488
42081	17489
42082	17490
42083	17489
42084	17490
42085	17491
42086	17492
42087	17492
42088	17493
42089	17493
42090	17494
42091	17495
42092	17495
42093	17496
42094	17497
42095	17498
42096	17498
42097	17497
42098	17497
42099	17497
42100	17497
42101	17498
42102	17499
42103	17499
42104	17500
42105	17500
42106	17500
42107	17500
42108	17501
42109	17502
42110	17503
42111	17502
42112	17502
42113	17503
42114	17503
42115	17504
42116	17505
42117	17505
42118	17506
42119	17507
42120	17507
42121	17508
42122	17508
42123	17509
42124	17510
42125	17510
42126	17510
42127	17511
42128	17512
42129	17512
42130	17513
42131	17513
42132	17513
42133	17513
42134	17514
42135	17513
42136	17514
42137	17514
42138	17514
42139	17514
42140	17514
42141	17515
42142	17516
42143	17517
42144	17517
42145	17516
42146	17516
42147	17517
42148	17516
42149	17517
42150	17518
42151	17519
42152	17520
42153	17520
42154	17521
42155	17522
42156	17523
42157	17524
42158	17525
42159	17526
42160	17527
42161	17527
42162	17527
42163	17528
42164	17529
42165	17530
42166	17531
42167	17532
42168	17531
42169	17530
42170	17529
42171	17530
42172	17530
42173	17531
42174	17532
42175	17532
42176	17532
42177	17532
42178	17533
42179	17534
42180	17535
42181	17535
42182	17536
42183	17537
42184	17538
42185	17539
42186	17540
42187	17540
42188	17541
42189	17542
42190	17542
42191	17543
42192	17543
42193	17544
42194	17544
42195	17545
42196	17546
42197	17546
42198	17547
42199	17547
42200	17548
42201	17549
42202	17550
42203	17551
42204	17551
42205	17551
42206	17552
42207	17551
42208	17552
42209	17553
42210	17554
42211	17555
42212	17555
42213	17556
42214	17557
42215	17558
42216	17558
42217	17559
42218	17560
42219	17561
42220	17561
42221	17561
42222	17560
42223	17561
42224	17561
42225	17561
42226	17560
42227	17559
42228	17560
42229	17561
42230	17562
42231	17563
42232	17563
42233	17564
42234	17564
42235	17564
42236	17565
42237	17565
42238	17566
42239	17566
42240	17567
42241	17568
42242	17569
42243	17570
42244	17570
42245	17570
42246	17571
42247	17571
42248	17571
42249	17572
42250	17572
42251	17573
42252	17573
42253	17574
42254	17575
42255	17576
42256	17576
42257	17576
42258	17577
42259	17578
42260	17578
42261	17579
42262	17579
42263	17580
42264	17580
42265	17581
42266	17582
42267	17582
42268	17583
42269	17584
42270	17584
42271	17585
42272	17586
42273	17587
42274	17588
42275	17588
42276	17588
42277	17587
42278	17587
42279	17587
42280	17588
42281	17589
42282	17588
42283	17589
42284	17590
42285	17590
42286	17590
42287	17591
42288	17591
42289	17591
42290	17591
42291	17592
42292	17593
42293	17594
42294	17594
42295	17594
42296	17595
42297	17596
42298	17596
42299	17596
42300	17597
42301	17598
42302	17598
42303	17599
42304	17599
42305	17600
42306	17600
42307	17600
42308	17601
42309	17602
42310	17603
42311	17603
42312	17604
42313	17604
42314	17605
42315	17605
42316	17605
42317	17606
42318	17606
42319	17606
42320	17606
42321	17606
42322	17607
42323	17608
42324	17609
42325	17610
42326	17611
42327	17612
42328	17613
42329	17614
42330	17615
42331	17615
42332	17616
42333	17616
42334	17617
42335	17617
42336	17618
42337	17619
42338	17620
42339	17621
42340	17622
42341	17621
42342	17621
42343	17621
42344	17621
42345	17622
42346	17622
42347	17623
42348	17624
42349	17624
42350	17625
42351	17625
42352	17626
42353	17626
42354	17626
42355	17627
42356	17627
42357	17628
42358	17629
42359	17629
42360	17630
42361	17631
42362	17630
42363	17630
42364	17631
42365	17632
42366	17631
42367	17632
42368	17633
42369	17633
42370	17633
42371	17634
42372	17635
42373	17635
42374	17634
42375	17635
42376	17635
42377	17636
42378	17636
42379	17635
42380	17635
42381	17635
42382	17636
42383	17637
42384	17637
42385	17638
42386	17639
42387	17640
42388	17639
42389	17639
42390	17639
42391	17639
42392	17640
42393	17641
42394	17641
42395	17642
42396	17643
42397	17643
42398	17643
42399	17644
42400	17643
42401	17644
42402	17645
42403	17646
42404	17646
42405	17646
42406	17647
42407	17647
42408	17648
42409	17648
42410	17648
42411	17647
42412	17646
42413	17646
42414	17647
42415	17648
42416	17648
42417	17649
42418	17649
42419	17648
42420	17647
42421	17647
42422	17647
42423	17647
42424	17648
42425	17648
42426	17648
42427	17649
42428	17649
42429	17650
42430	17650
42431	17650
42432	17651
42433	17652
42434	17653
42435	17654
42436	17654
42437	17654
42438	17655
42439	17656
42440	17657
42441	17658
42442	17658
42443	17658
42444	17659
42445	17658
42446	17658
42447	17657
42448	17658
42449	17658
42450	17659
42451	17658
42452	17659
42453	17660
42454	17660
42455	17660
42456	17661
42457	17662
42458	17662
42459	17663
42460	17663
42461	17664
42462	17664
42463	17665
42464	17666
42465	17666
42466	17667
42467	17667
42468	17668
42469	17668
42470	17669
42471	17670
42472	17670
42473	17671
42474	17671
42475	17672
42476	17671
42477	17670
42478	17669
42479	17670
42480	17669
42481	17669
42482	17670
42483	17670
42484	17671
42485	17672
42486	17673
42487	17673
42488	17674
42489	17673
42490	17673
42491	17673
42492	17674
42493	17675
42494	17675
42495	17675
42496	17675
42497	17675
42498	17676
42499	17675
42500	17675
42501	17676
42502	17677
42503	17678
42504	17679
42505	17679
42506	17680
42507	17681
42508	17681
42509	17681
42510	17681
42511	17682
42512	17682
42513	17682
42514	17681
42515	17681
42516	17681
42517	17682
42518	17682
42519	17682
42520	17682
42521	17682
42522	17683
42523	17683
42524	17683
42525	17683
42526	17684
42527	17685
42528	17686
42529	17687
42530	17688
42531	17689
42532	17689
42533	17689
42534	17689
42535	17690
42536	17691
42537	17691
42538	17691
42539	17692
42540	17692
42541	17692
42542	17692
42543	17693
42544	17693
42545	17693
42546	17694
42547	17695
42548	17694
42549	17694
42550	17695
42551	17696
42552	17696
42553	17697
42554	17697
42555	17698
42556	17699
42557	17699
42558	17700
42559	17699
42560	17700
42561	17701
42562	17702
42563	17703
42564	17704
42565	17703
42566	17704
42567	17703
42568	17704
42569	17704
42570	17705
42571	17704
42572	17703
42573	17704
42574	17704
42575	17704
42576	17704
42577	17703
42578	17702
42579	17702
42580	17703
42581	17703
42582	17704
42583	17705
42584	17705
42585	17705
42586	17706
42587	17706
42588	17707
42589	17708
42590	17709
42591	17710
42592	17709
42593	17710
42594	17709
42595	17709
42596	17710
42597	17710
42598	17711
42599	17712
42600	17712
42601	17713
42602	17713
42603	17714
42604	17715
42605	17716
42606	17716
42607	17716
42608	17717
42609	17718
42610	17718
42611	17717
42612	17717
42613	17717
42614	17717
42615	17717
42616	17717
42617	17718
42618	17719
42619	17720
42620	17720
42621	17721
42622	17722
42623	17721
42624	17722
42625	17722
42626	17721
42627	17722
42628	17723
42629	17723
42630	17724
42631	17724
42632	17723
42633	17723
42634	17723
42635	17723
42636	17724
42637	17725
42638	17726
42639	17725
42640	17726
42641	17725
42642	17725
42643	17724
42644	17725
42645	17725
42646	17726
42647	17727
42648	17728
42649	17729
42650	17730
42651	17730
42652	17731
42653	17732
42654	17732
42655	17731
42656	17731
42657	17731
42658	17732
42659	17732
42660	17733
42661	17734
42662	17735
42663	17735
42664	17736
42665	17735
42666	17736
42667	17737
42668	17737
42669	17738
42670	17739
42671	17740
42672	17740
42673	17740
42674	17740
42675	17740
42676	17740
42677	17741
42678	17740
42679	17741
42680	17741
42681	17741
42682	17741
42683	17742
42684	17742
42685	17742
42686	17741
42687	17741
42688	17742
42689	17743
42690	17744
42691	17745
42692	17744
42693	17745
42694	17746
42695	17747
42696	17748
42697	17748
42698	17749
42699	17750
42700	17750
42701	17750
42702	17751
42703	17752
42704	17752
42705	17752
42706	17753
42707	17754
42708	17755
42709	17756
42710	17757
42711	17757
42712	17757
42713	17757
42714	17758
42715	17758
42716	17758
42717	17758
42718	17759
42719	17759
42720	17759
42721	17758
42722	17759
42723	17760
42724	17760
42725	17761
42726	17762
42727	17763
42728	17762
42729	17763
42730	17762
42731	17762
42732	17762
42733	17761
42734	17761
42735	17760
42736	17761
42737	17762
42738	17762
42739	17763
42740	17763
42741	17764
42742	17764
42743	17764
42744	17764
42745	17765
42746	17765
42747	17764
42748	17765
42749	17765
42750	17765
42751	17764
42752	17764
42753	17765
42754	17766
42755	17767
42756	17768
42757	17768
42758	17769
42759	17770
42760	17771
42761	17770
42762	17770
42763	17769
42764	17770
42765	17771
42766	17771
42767	17770
42768	17771
42769	17772
42770	17773
42771	17774
42772	17775
42773	17776
42774	17776
42775	17777
42776	17778
42777	17778
42778	17779
42779	17780
42780	17780
42781	17781
42782	17782
42783	17782
42784	17783
42785	17782
42786	17783
42787	17784
42788	17785
42789	17786
42790	17787
42791	17788
42792	17788
42793	17789
42794	17790
42795	17790
42796	17791
42797	17792
42798	17793
42799	17794
42800	17795
42801	17794
42802	17793
42803	17794
42804	17794
42805	17793
42806	17794
42807	17795
42808	17796
42809	17796
42810	17796
42811	17797
42812	17798
42813	17799
42814	17798
42815	17797
42816	17797
42817	17796
42818	17797
42819	17798
42820	17799
42821	17798
42822	17797
42823	17798
42824	17797
42825	17797
42826	17796
42827	17796
42828	17797
42829	17798
42830	17798
42831	17798
42832	17798
42833	17799
42834	17799
42835	17799
42836	17800
42837	17801
42838	17801
42839	17802
42840	17803
42841	17804
42842	17803
42843	17804
42844	17805
42845	17805
42846	17805
42847	17806
42848	17806
42849	17807
42850	17808
42851	17809
42852	17810
42853	17811
42854	17812
42855	17812
42856	17812
42857	17813
42858	17813
42859	17813
42860	17814
42861	17814
42862	17814
42863	17814
42864	17815
42865	17816
42866	17817
42867	17817
42868	17818
42869	17819
42870	17820
42871	17821
42872	17822
42873	17821
42874	17822
42875	17823
42876	17823
42877	17824
42878	17825
42879	17826
42880	17826
42881	17827
42882	17828
42883	17829
42884	17830
42885	17831
42886	17832
42887	17832
42888	17832
42889	17833
42890	17834
42891	17834
42892	17834
42893	17835
42894	17835
42895	17836
42896	17836
42897	17837
42898	17838
42899	17839
42900	17840
42901	17840
42902	17840
42903	17840
42904	17840
42905	17841
42906	17841
42907	17841
42908	17840
42909	17841
42910	17841
42911	17841
42912	17841
42913	17841
42914	17841
42915	17842
42916	17843
42917	17842
42918	17842
42919	17843
42920	17843
42921	17844
42922	17845
42923	17845
42924	17845
42925	17844
42926	17844
42927	17845
42928	17845
42929	17846
42930	17846
42931	17846
42932	17847
42933	17848
42934	17849
42935	17850
42936	17851
42937	17851
42938	17852
42939	17853
42940	17854
42941	17854
42942	17855
42943	17856
42944	17856
42945	17856
42946	17857
42947	17858
42948	17858
42949	17859
42950	17860
42951	17861
42952	17862
42953	17861
42954	17862
42955	17862
42956	17863
42957	17862
42958	17861
42959	17862
42960	17863
42961	17864
42962	17864
42963	17865
42964	17866
42965	17866
42966	17865
42967	17865
42968	17866
42969	17867
42970	17867
42971	17868
42972	17869
42973	17868
42974	17868
42975	17869
42976	17870
42977	17870
42978	17870
42979	17871
42980	17872
42981	17872
42982	17871
42983	17871
42984	17871
42985	17872
42986	17873
42987	17874
42988	17873
42989	17874
42990	17875
42991	17875
42992	17875
42993	17875
42994	17876
42995	17877
42996	17878
42997	17878
42998	17878
42999	17879
43000	17879
43001	17880
43002	17880
43003	17879
43004	17879
43005	17878
43006	17877
43007	17877
43008	17878
43009	17879
43010	17880
43011	17880
43012	17881
43013	17882
43014	17882
43015	17882
43016	17882
43017	17882
43018	17882
43019	17882
43020	17882
43021	17882
43022	17883
43023	17883
43024	17884
43025	17885
43026	17886
43027	17886
43028	17887
43029	17886
43030	17887
43031	17886
43032	17887
43033	17887
43034	17888
43035	17888
43036	17889
43037	17890
43038	17891
43039	17890
43040	17890
43041	17891
43042	17892
43043	17893
43044	17894
43045	17895
43046	17896
43047	17896
43048	17896
43049	17897
43050	17898
43051	17898
43052	17898
43053	17898
43054	17899
43055	17900
43056	17901
43057	17902
43058	17903
43059	17904
43060	17904
43061	17904
43062	17905
43063	17906
43064	17907
43065	17908
43066	17907
43067	17908
43068	17908
43069	17909
43070	17910
43071	17911
43072	17912
43073	17913
43074	17914
43075	17914
43076	17914
43077	17914
43078	17914
43079	17914
43080	17913
43081	17914
43082	17913
43083	17914
43084	17914
43085	17915
43086	17916
43087	17917
43088	17918
43089	17918
43090	17919
43091	17920
43092	17920
43093	17921
43094	17922
43095	17922
43096	17922
43097	17923
43098	17924
43099	17924
43100	17925
43101	17926
43102	17925
43103	17925
43104	17925
43105	17925
43106	17926
43107	17927
43108	17928
43109	17929
43110	17929
43111	17930
43112	17930
43113	17930
43114	17931
43115	17930
43116	17931
43117	17932
43118	17933
43119	17932
43120	17932
43121	17933
43122	17932
43123	17933
43124	17933
43125	17934
43126	17934
43127	17934
43128	17934
43129	17935
43130	17936
43131	17936
43132	17937
43133	17937
43134	17937
43135	17938
43136	17938
43137	17939
43138	17939
43139	17940
43140	17941
43141	17942
43142	17942
43143	17943
43144	17944
43145	17943
43146	17943
43147	17944
43148	17945
43149	17944
43150	17944
43151	17945
43152	17944
43153	17943
43154	17944
43155	17945
43156	17946
43157	17946
43158	17946
43159	17946
43160	17947
43161	17948
43162	17949
43163	17949
43164	17950
43165	17951
43166	17952
43167	17953
43168	17953
43169	17954
43170	17954
43171	17955
43172	17954
43173	17953
43174	17954
43175	17953
43176	17953
43177	17954
43178	17955
43179	17956
43180	17956
43181	17955
43182	17956
43183	17957
43184	17958
43185	17959
43186	17960
43187	17961
43188	17960
43189	17959
43190	17959
43191	17960
43192	17960
43193	17960
43194	17959
43195	17959
43196	17959
43197	17960
43198	17961
43199	17962
43200	17963
43201	17962
43202	17962
43203	17963
43204	17962
43205	17961
43206	17961
43207	17962
43208	17962
43209	17963
43210	17963
43211	17964
43212	17964
43213	17963
43214	17963
43215	17964
43216	17965
43217	17966
43218	17967
43219	17966
43220	17966
43221	17965
43222	17966
43223	17967
43224	17967
43225	17966
43226	17966
43227	17966
43228	17967
43229	17967
43230	17968
43231	17968
43232	17969
43233	17968
43234	17968
43235	17968
43236	17969
43237	17970
43238	17970
43239	17969
43240	17968
43241	17969
43242	17969
43243	17968
43244	17969
43245	17969
43246	17969
43247	17970
43248	17970
43249	17971
43250	17972
43251	17973
43252	17974
43253	17975
43254	17975
43255	17976
43256	17977
43257	17978
43258	17979
43259	17980
43260	17981
43261	17982
43262	17982
43263	17982
43264	17983
43265	17983
43266	17983
43267	17982
43268	17981
43269	17982
43270	17983
43271	17984
43272	17985
43273	17986
43274	17986
43275	17986
43276	17986
43277	17985
43278	17986
43279	17985
43280	17985
43281	17985
43282	17985
43283	17986
43284	17987
43285	17988
43286	17989
43287	17988
43288	17989
43289	17990
43290	17990
43291	17991
43292	17992
43293	17992
43294	17992
43295	17992
43296	17993
43297	17994
43298	17993
43299	17993
43300	17994
43301	17995
43302	17996
43303	17997
43304	17998
43305	17998
43306	17999
43307	18000
43308	18001
43309	18001
43310	18001
43311	18002
43312	18003
43313	18004
43314	18005
43315	18006
43316	18005
43317	18005
43318	18006
43319	18007
43320	18008
43321	18008
43322	18009
43323	18009
43324	18009
43325	18010
43326	18011
43327	18011
43328	18010
43329	18010
43330	18011
43331	18012
43332	18013
43333	18014
43334	18015
43335	18016
43336	18015
43337	18016
43338	18017
43339	18018
43340	18019
43341	18019
43342	18020
43343	18021
43344	18021
43345	18021
43346	18021
43347	18021
43348	18022
43349	18022
43350	18022
43351	18023
43352	18024
43353	18024
43354	18025
43355	18024
43356	18024
43357	18025
43358	18025
43359	18026
43360	18027
43361	18028
43362	18029
43363	18030
43364	18030
43365	18029
43366	18029
43367	18030
43368	18030
43369	18031
43370	18032
43371	18033
43372	18033
43373	18033
43374	18034
43375	18034
43376	18034
43377	18035
43378	18035
43379	18036
43380	18036
43381	18036
43382	18037
43383	18037
43384	18037
43385	18037
43386	18037
43387	18038
43388	18039
43389	18040
43390	18041
43391	18041
43392	18042
43393	18043
43394	18044
43395	18044
43396	18045
43397	18045
43398	18046
43399	18045
43400	18045
43401	18046
43402	18045
43403	18046
43404	18046
43405	18046
43406	18046
43407	18047
43408	18047
43409	18047
43410	18048
43411	18049
43412	18049
43413	18050
43414	18051
43415	18051
43416	18050
43417	18051
43418	18051
43419	18052
43420	18052
43421	18052
43422	18052
43423	18051
43424	18051
43425	18052
43426	18053
43427	18054
43428	18054
43429	18054
43430	18055
43431	18055
43432	18055
43433	18055
43434	18056
43435	18057
43436	18057
43437	18057
43438	18058
43439	18058
43440	18058
43441	18058
43442	18058
43443	18058
43444	18058
43445	18059
43446	18060
43447	18061
43448	18062
43449	18063
43450	18064
43451	18064
43452	18064
43453	18065
43454	18066
43455	18065
43456	18066
43457	18065
43458	18066
43459	18066
43460	18067
43461	18067
43462	18068
43463	18069
43464	18070
43465	18071
43466	18072
43467	18072
43468	18072
43469	18071
43470	18071
43471	18071
43472	18072
43473	18073
43474	18074
43475	18075
43476	18076
43477	18077
43478	18078
43479	18078
43480	18078
43481	18079
43482	18079
43483	18079
43484	18079
43485	18080
43486	18081
43487	18080
43488	18081
43489	18082
43490	18083
43491	18083
43492	18084
43493	18083
43494	18083
43495	18083
43496	18084
43497	18085
43498	18086
43499	18085
43500	18086
43501	18087
43502	18088
43503	18089
43504	18090
43505	18090
43506	18091
43507	18092
43508	18093
43509	18094
43510	18094
43511	18095
43512	18095
43513	18096
43514	18097
43515	18097
43516	18098
43517	18099
43518	18099
43519	18099
43520	18099
43521	18098
43522	18098
43523	18097
43524	18096
43525	18096
43526	18097
43527	18096
43528	18097
43529	18098
43530	18098
43531	18099
43532	18099
43533	18100
43534	18101
43535	18101
43536	18100
43537	18100
43538	18100
43539	18101
43540	18102
43541	18103
43542	18103
43543	18103
43544	18102
43545	18103
43546	18103
43547	18103
43548	18104
43549	18105
43550	18106
43551	18107
43552	18108
43553	18108
43554	18109
43555	18109
43556	18110
43557	18111
43558	18112
43559	18112
43560	18112
43561	18112
43562	18113
43563	18114
43564	18115
43565	18115
43566	18115
43567	18115
43568	18115
43569	18114
43570	18115
43571	18116
43572	18116
43573	18117
43574	18117
43575	18117
43576	18118
43577	18118
43578	18118
43579	18119
43580	18120
43581	18120
43582	18121
43583	18121
43584	18121
43585	18122
43586	18123
43587	18123
43588	18124
43589	18124
43590	18124
43591	18125
43592	18125
43593	18126
43594	18127
43595	18128
43596	18129
43597	18130
43598	18131
43599	18132
43600	18132
43601	18133
43602	18132
43603	18133
43604	18134
43605	18135
43606	18135
43607	18136
43608	18137
43609	18137
43610	18137
43611	18137
43612	18137
43613	18138
43614	18138
43615	18139
43616	18140
43617	18140
43618	18139
43619	18139
43620	18140
43621	18141
43622	18141
43623	18142
43624	18143
43625	18143
43626	18144
43627	18145
43628	18146
43629	18145
43630	18145
43631	18145
43632	18145
43633	18145
43634	18146
43635	18147
43636	18147
43637	18148
43638	18149
43639	18150
43640	18151
43641	18151
43642	18151
43643	18151
43644	18151
43645	18150
43646	18151
43647	18152
43648	18153
43649	18153
43650	18152
43651	18151
43652	18151
43653	18151
43654	18152
43655	18151
43656	18152
43657	18153
43658	18153
43659	18153
43660	18154
43661	18155
43662	18156
43663	18157
43664	18156
43665	18156
43666	18157
43667	18158
43668	18158
43669	18158
43670	18159
43671	18160
43672	18159
43673	18160
43674	18161
43675	18161
43676	18161
43677	18162
43678	18162
43679	18162
43680	18162
43681	18163
43682	18163
43683	18164
43684	18164
43685	18165
43686	18165
43687	18165
43688	18166
43689	18167
43690	18168
43691	18169
43692	18169
43693	18170
43694	18171
43695	18172
43696	18172
43697	18173
43698	18173
43699	18172
43700	18173
43701	18173
43702	18174
43703	18173
43704	18172
43705	18173
43706	18174
43707	18174
43708	18175
43709	18175
43710	18175
43711	18176
43712	18176
43713	18176
43714	18177
43715	18178
43716	18179
43717	18178
43718	18177
43719	18177
43720	18177
43721	18177
43722	18177
43723	18176
43724	18177
43725	18178
43726	18179
43727	18180
43728	18179
43729	18180
43730	18181
43731	18181
43732	18182
43733	18182
43734	18182
43735	18182
43736	18182
43737	18182
43738	18181
43739	18181
43740	18182
43741	18183
43742	18184
43743	18185
43744	18185
43745	18186
43746	18187
43747	18188
43748	18189
43749	18189
43750	18190
43751	18190
43752	18191
43753	18192
43754	18193
43755	18193
43756	18193
43757	18194
43758	18195
43759	18196
43760	18197
43761	18197
43762	18196
43763	18197
43764	18198
43765	18197
43766	18197
43767	18197
43768	18198
43769	18199
43770	18200
43771	18200
43772	18201
43773	18202
43774	18201
43775	18201
43776	18202
43777	18201
43778	18201
43779	18202
43780	18203
43781	18204
43782	18205
43783	18204
43784	18205
43785	18206
43786	18207
43787	18208
43788	18208
43789	18209
43790	18210
43791	18210
43792	18210
43793	18209
43794	18210
43795	18210
43796	18210
43797	18210
43798	18211
43799	18211
43800	18211
43801	18211
43802	18211
43803	18212
43804	18212
43805	18213
43806	18214
43807	18215
43808	18216
43809	18216
43810	18215
43811	18215
43812	18216
43813	18217
43814	18217
43815	18217
43816	18217
43817	18218
43818	18219
43819	18220
43820	18221
43821	18221
43822	18221
43823	18222
43824	18223
43825	18224
43826	18224
43827	18224
43828	18225
43829	18225
43830	18225
43831	18224
43832	18224
43833	18225
43834	18225
43835	18226
43836	18227
43837	18227
43838	18228
43839	18228
43840	18228
43841	18228
43842	18229
43843	18228
43844	18228
43845	18229
43846	18229
43847	18229
43848	18228
43849	18228
43850	18229
43851	18230
43852	18231
43853	18232
43854	18232
43855	18233
43856	18234
43857	18234
43858	18234
43859	18234
43860	18234
43861	18234
43862	18235
43863	18235
43864	18234
43865	18235
43866	18235
43867	18236
43868	18237
43869	18237
43870	18237
43871	18238
43872	18239
43873	18239
43874	18240
43875	18241
43876	18242
43877	18243
43878	18244
43879	18245
43880	18245
43881	18246
43882	18245
43883	18245
43884	18246
43885	18246
43886	18247
43887	18248
43888	18247
43889	18246
43890	18247
43891	18247
43892	18247
43893	18248
43894	18249
43895	18249
43896	18250
43897	18251
43898	18251
43899	18252
43900	18253
43901	18254
43902	18253
43903	18254
43904	18254
43905	18254
43906	18255
43907	18256
43908	18257
43909	18257
43910	18257
43911	18258
43912	18259
43913	18259
43914	18259
43915	18260
43916	18260
43917	18261
43918	18261
43919	18262
43920	18262
43921	18262
43922	18262
43923	18263
43924	18264
43925	18263
43926	18263
43927	18264
43928	18264
43929	18263
43930	18264
43931	18264
43932	18264
43933	18264
43934	18263
43935	18263
43936	18263
43937	18263
43938	18264
43939	18265
43940	18265
43941	18266
43942	18266
43943	18266
43944	18265
43945	18266
43946	18265
43947	18265
43948	18266
43949	18267
43950	18266
43951	18266
43952	18267
43953	18268
43954	18268
43955	18268
43956	18269
43957	18269
43958	18270
43959	18271
43960	18271
43961	18272
43962	18272
43963	18272
43964	18273
43965	18273
43966	18274
43967	18275
43968	18276
43969	18275
43970	18276
43971	18276
43972	18276
43973	18277
43974	18278
43975	18279
43976	18280
43977	18281
43978	18282
43979	18282
43980	18282
43981	18283
43982	18283
43983	18284
43984	18285
43985	18285
43986	18286
43987	18287
43988	18288
43989	18288
43990	18287
43991	18288
43992	18289
43993	18289
43994	18290
43995	18291
43996	18292
43997	18293
43998	18293
43999	18294
44000	18295
44001	18296
44002	18296
44003	18297
44004	18298
44005	18298
44006	18299
44007	18300
44008	18300
44009	18301
44010	18301
44011	18301
44012	18302
44013	18302
44014	18303
44015	18304
44016	18305
44017	18306
44018	18306
44019	18306
44020	18307
44021	18307
44022	18308
44023	18308
44024	18307
44025	18307
44026	18307
44027	18307
44028	18308
44029	18308
44030	18309
44031	18310
44032	18309
44033	18310
44034	18311
44035	18311
44036	18311
44037	18312
44038	18313
44039	18314
44040	18315
44041	18316
44042	18317
44043	18318
44044	18318
44045	18319
44046	18319
44047	18320
44048	18321
44049	18322
44050	18322
44051	18323
44052	18323
44053	18324
44054	18323
44055	18324
44056	18325
44057	18326
44058	18327
44059	18328
44060	18329
44061	18329
44062	18330
44063	18330
44064	18331
44065	18332
44066	18333
44067	18334
44068	18335
44069	18336
44070	18335
44071	18334
44072	18335
44073	18335
44074	18334
44075	18335
44076	18336
44077	18336
44078	18336
44079	18337
44080	18337
44081	18338
44082	18339
44083	18340
44084	18341
44085	18342
44086	18343
44087	18343
44088	18343
44089	18343
44090	18343
44091	18343
44092	18342
44093	18343
44094	18344
44095	18344
44096	18345
44097	18346
44098	18347
44099	18348
44100	18349
44101	18350
44102	18351
44103	18352
44104	18353
44105	18353
44106	18353
44107	18354
44108	18355
44109	18356
44110	18355
44111	18356
44112	18357
44113	18357
44114	18358
44115	18359
44116	18360
44117	18360
44118	18361
44119	18362
44120	18363
44121	18364
44122	18364
44123	18365
44124	18366
44125	18366
44126	18366
44127	18366
44128	18367
44129	18366
44130	18366
44131	18366
44132	18366
44133	18367
44134	18368
44135	18369
44136	18369
44137	18369
44138	18370
44139	18370
44140	18371
44141	18372
44142	18371
44143	18372
44144	18372
44145	18373
44146	18373
44147	18373
44148	18373
44149	18374
44150	18375
44151	18374
44152	18375
44153	18375
44154	18376
44155	18375
44156	18376
44157	18377
44158	18377
44159	18378
44160	18378
44161	18379
44162	18379
44163	18379
44164	18379
44165	18380
44166	18380
44167	18381
44168	18382
44169	18383
44170	18383
44171	18383
44172	18382
44173	18382
44174	18383
44175	18383
44176	18382
44177	18383
44178	18383
44179	18384
44180	18384
44181	18385
44182	18385
44183	18386
44184	18387
44185	18388
44186	18389
44187	18389
44188	18390
44189	18391
44190	18391
44191	18392
44192	18392
44193	18392
44194	18393
44195	18394
44196	18395
44197	18396
44198	18396
44199	18397
44200	18398
44201	18399
44202	18400
44203	18401
44204	18400
44205	18401
44206	18401
44207	18400
44208	18401
44209	18402
44210	18401
44211	18402
44212	18403
44213	18403
44214	18404
44215	18404
44216	18403
44217	18403
44218	18404
44219	18405
44220	18405
44221	18406
44222	18407
44223	18408
44224	18407
44225	18408
44226	18409
44227	18409
44228	18410
44229	18411
44230	18411
44231	18411
44232	18411
44233	18410
44234	18411
44235	18412
44236	18412
44237	18412
44238	18413
44239	18412
44240	18412
44241	18412
44242	18413
44243	18414
44244	18413
44245	18414
44246	18415
44247	18415
44248	18416
44249	18416
44250	18417
44251	18417
44252	18417
44253	18416
44254	18416
44255	18417
44256	18418
44257	18419
44258	18420
44259	18420
44260	18420
44261	18421
44262	18421
44263	18421
44264	18421
44265	18421
44266	18422
44267	18422
44268	18423
44269	18424
44270	18425
44271	18425
44272	18425
44273	18426
44274	18427
44275	18428
44276	18429
44277	18428
44278	18427
44279	18428
44280	18428
44281	18429
44282	18430
44283	18430
44284	18430
44285	18430
44286	18431
44287	18432
44288	18433
44289	18433
44290	18433
44291	18433
44292	18434
44293	18434
44294	18434
44295	18434
44296	18434
44297	18435
44298	18436
44299	18437
44300	18437
44301	18438
44302	18438
44303	18439
44304	18440
44305	18439
44306	18439
44307	18440
44308	18441
44309	18442
44310	18442
44311	18441
44312	18440
44313	18441
44314	18442
44315	18443
44316	18444
44317	18445
44318	18446
44319	18446
44320	18446
44321	18446
44322	18446
44323	18447
44324	18448
44325	18449
44326	18450
44327	18450
44328	18450
44329	18451
44330	18452
44331	18451
44332	18452
44333	18451
44334	18450
44335	18451
44336	18451
44337	18452
44338	18453
44339	18453
44340	18454
44341	18454
44342	18454
44343	18454
44344	18453
44345	18453
44346	18454
44347	18455
44348	18455
44349	18456
44350	18457
44351	18458
44352	18459
44353	18460
44354	18461
44355	18460
44356	18459
44357	18460
44358	18461
44359	18460
44360	18461
44361	18461
44362	18462
44363	18462
44364	18462
44365	18462
44366	18463
44367	18464
44368	18465
44369	18465
44370	18466
44371	18467
44372	18468
44373	18468
44374	18468
44375	18468
44376	18469
44377	18469
44378	18469
44379	18469
44380	18470
44381	18471
44382	18472
44383	18473
44384	18474
44385	18474
44386	18475
44387	18476
44388	18477
44389	18478
44390	18479
44391	18479
44392	18479
44393	18480
44394	18481
44395	18482
44396	18481
44397	18482
44398	18482
44399	18482
44400	18481
44401	18482
44402	18483
44403	18484
44404	18485
44405	18486
44406	18486
44407	18486
44408	18486
44409	18487
44410	18487
44411	18488
44412	18487
44413	18487
44414	18487
44415	18488
44416	18488
44417	18489
44418	18488
44419	18489
44420	18489
44421	18490
44422	18489
44423	18489
44424	18488
44425	18489
44426	18490
44427	18491
44428	18492
44429	18493
44430	18493
44431	18494
44432	18495
44433	18496
44434	18496
44435	18496
44436	18496
44437	18496
44438	18497
44439	18498
44440	18497
44441	18498
44442	18499
44443	18500
44444	18501
44445	18502
44446	18502
44447	18503
44448	18504
44449	18504
44450	18505
44451	18506
44452	18507
44453	18508
44454	18509
44455	18509
44456	18510
44457	18509
44458	18510
44459	18511
44460	18510
44461	18511
44462	18511
44463	18512
44464	18512
44465	18513
44466	18513
44467	18513
44468	18514
44469	18515
44470	18515
44471	18515
44472	18516
44473	18517
44474	18518
44475	18519
44476	18520
44477	18521
44478	18522
44479	18522
44480	18522
44481	18522
44482	18523
44483	18524
44484	18525
44485	18526
44486	18526
44487	18527
44488	18527
44489	18527
44490	18528
44491	18529
44492	18530
44493	18530
44494	18529
44495	18530
44496	18530
44497	18530
44498	18531
44499	18531
44500	18532
44501	18533
44502	18532
44503	18532
44504	18532
44505	18533
44506	18534
44507	18535
44508	18536
44509	18537
44510	18538
44511	18539
44512	18539
44513	18539
44514	18540
44515	18540
44516	18540
44517	18540
44518	18541
44519	18541
44520	18542
44521	18542
44522	18542
44523	18542
44524	18542
44525	18543
44526	18544
44527	18544
44528	18545
44529	18545
44530	18545
44531	18546
44532	18547
44533	18548
44534	18548
44535	18549
44536	18549
44537	18548
44538	18549
44539	18549
44540	18550
44541	18549
44542	18550
44543	18551
44544	18551
44545	18552
44546	18552
44547	18552
44548	18552
44549	18553
44550	18552
44551	18552
44552	18553
44553	18554
44554	18554
44555	18554
44556	18554
44557	18554
44558	18554
44559	18555
44560	18556
44561	18557
44562	18558
44563	18559
44564	18560
44565	18561
44566	18562
44567	18562
44568	18562
44569	18563
44570	18562
44571	18563
44572	18562
44573	18562
44574	18563
44575	18564
44576	18563
44577	18563
44578	18562
44579	18563
44580	18563
44581	18562
44582	18562
44583	18562
44584	18562
44585	18563
44586	18564
44587	18565
44588	18566
44589	18567
44590	18568
44591	18569
44592	18569
44593	18569
44594	18570
44595	18570
44596	18570
44597	18570
44598	18571
44599	18572
44600	18572
44601	18573
44602	18574
44603	18575
44604	18576
44605	18577
44606	18577
44607	18577
44608	18576
44609	18576
44610	18577
44611	18578
44612	18577
44613	18578
44614	18578
44615	18579
44616	18580
44617	18581
44618	18582
44619	18582
44620	18583
44621	18583
44622	18583
44623	18584
44624	18585
44625	18586
44626	18587
44627	18588
44628	18589
44629	18589
44630	18590
44631	18591
44632	18591
44633	18590
44634	18590
44635	18590
44636	18590
44637	18589
44638	18589
44639	18588
44640	18589
44641	18588
44642	18588
44643	18589
44644	18590
44645	18589
44646	18590
44647	18591
44648	18592
44649	18593
44650	18593
44651	18592
44652	18592
44653	18592
44654	18593
44655	18593
44656	18594
44657	18595
44658	18595
44659	18596
44660	18596
44661	18596
44662	18596
44663	18596
44664	18597
44665	18598
44666	18599
44667	18599
44668	18599
44669	18598
44670	18599
44671	18600
44672	18601
44673	18601
44674	18602
44675	18602
44676	18603
44677	18603
44678	18604
44679	18605
44680	18606
44681	18607
44682	18608
44683	18608
44684	18609
44685	18610
44686	18611
44687	18611
44688	18611
44689	18611
44690	18610
44691	18611
44692	18610
44693	18611
44694	18612
44695	18612
44696	18612
44697	18612
44698	18612
44699	18612
44700	18613
44701	18613
44702	18615
44703	18615
44704	18615
44705	18614
44706	18613
44707	18613
44708	18612
44709	18611
44710	18612
44711	18613
44712	18613
44713	18613
44714	18613
44715	18613
44716	18614
44717	18614
44718	18614
44719	18614
44720	18616
44721	18615
44722	18615
44723	18614
44724	18613
44725	18613
44726	18613
44727	18613
44728	18614
44729	18614
44730	18614
44731	18614
44732	18616
44733	18616
44734	18616
44735	18618
44736	18620
44737	18620
44738	18620
44739	18620
44740	18620
44741	18620
44742	18620
44743	18621
44744	18621
44745	18621
44746	18623
44747	18622
44748	18621
44749	18621
44750	18623
44751	18623
44752	18623
44753	18623
44754	18622
44755	18623
44756	18623
44757	18625
44758	18625
44759	18625
44760	18625
44761	18625
44762	18624
44763	18624
44764	18624
44765	18624
44766	18624
44767	18624
44768	18624
44769	18624
44770	18625
44771	18624
44772	18624
44773	18623
44774	18623
44775	18623
44776	18622
44777	18623
44778	18623
44779	18623
44780	18623
44781	18624
44782	18626
44783	18626
44784	18625
44785	18627
44786	18626
44787	18626
44788	18626
44789	18626
44790	18625
44791	18627
44792	18626
44793	18626
44794	18626
44795	18625
44796	18624
44797	18623
44798	18623
44799	18624
44800	18624
44801	18624
44802	18624
44803	18623
44804	18623
44805	18623
44806	18623
44807	18624
44808	18626
44809	18626
44810	18626
44811	18626
44812	18625
44813	18625
44814	18625
44815	18625
44816	18627
44817	18627
44818	18627
44819	18629
44820	18629
44821	18629
44822	18628
44823	18627
44824	18627
44825	18629
44826	18628
44827	18627
44828	18626
44829	18625
44830	18625
44831	18627
44832	18626
44833	18626
44834	18626
44835	18626
44836	18628
44837	18628
44838	18628
44839	18628
44840	18628
44841	18628
44842	18628
44843	18627
44844	18626
44845	18626
44846	18626
44847	18628
44848	18628
44849	18630
44850	18630
44851	18630
44852	18629
44853	18628
44854	18629
44855	18629
44856	18629
44857	18629
44858	18630
44859	18631
44860	18630
44861	18630
44862	18631
44863	18631
44864	18633
44865	18633
44866	18633
44867	18633
44868	18633
44869	18633
44870	18632
44871	18631
44872	18632
44873	18634
44874	18633
44875	18632
44876	18632
44877	18631
44878	18631
44879	18630
44880	18630
44881	18630
44882	18630
44883	18629
44884	18629
44885	18629
44886	18629
44887	18629
44888	18629
44889	18631
44890	18631
44891	18631
44892	18631
44893	18631
44894	18630
44895	18631
44896	18630
44897	18630
44898	18632
44899	18632
44900	18632
44901	18631
44902	18631
44903	18630
44904	18630
44905	18629
44906	18631
44907	18633
44908	18633
44909	18633
44910	18632
44911	18632
44912	18632
44913	18632
44914	18632
44915	18632
44916	18633
44917	18633
44918	18635
44919	18635
44920	18635
44921	18637
44922	18636
44923	18636
44924	18635
44925	18635
44926	18637
44927	18636
44928	18635
44929	18636
44930	18636
44931	18637
44932	18636
44933	18636
44934	18635
44935	18634
44936	18634
44937	18633
44938	18633
44939	18632
44940	18631
44941	18633
44942	18633
44943	18633
44944	18633
44945	18632
44946	18631
44947	18631
44948	18631
44949	18631
44950	18633
44951	18633
44952	18633
44953	18633
44954	18632
44955	18631
44956	18630
44957	18630
44958	18630
44959	18630
44960	18630
44961	18630
44962	18629
44963	18628
44964	18628
44965	18630
44966	18630
44967	18632
44968	18632
44969	18632
44970	18632
44971	18632
44972	18632
44973	18634
44974	18634
44975	18634
44976	18633
44977	18632
44978	18632
44979	18631
44980	18631
44981	18631
44982	18631
44983	18631
44984	18633
44985	18633
44986	18632
44987	18632
44988	18634
44989	18634
44990	18634
44991	18634
44992	18634
44993	18633
44994	18635
44995	18635
44996	18635
44997	18635
44998	18635
44999	18635
45000	18635
45001	18635
45002	18636
45003	18636
45004	18636
45005	18637
45006	18637
45007	18637
45008	18638
45009	18638
45010	18637
45011	18636
45012	18635
45013	18635
45014	18634
45015	18635
45016	18635
45017	18637
45018	18637
45019	18637
45020	18637
45021	18637
45022	18637
45023	18637
45024	18637
45025	18638
45026	18638
45027	18638
45028	18640
45029	18640
45030	18641
45031	18642
45032	18642
45033	18641
45034	18641
45035	18640
45036	18639
45037	18639
45038	18638
45039	18638
45040	18638
45041	18638
45042	18639
45043	18639
45044	18639
45045	18639
45046	18638
45047	18638
45048	18638
45049	18637
45050	18637
45051	18637
45052	18639
45053	18639
45054	18639
45055	18638
45056	18638
45057	18639
45058	18639
45059	18639
45060	18639
45061	18640
45062	18642
45063	18642
45064	18642
45065	18642
45066	18644
45067	18644
45068	18644
45069	18644
45070	18644
45071	18643
45072	18642
45073	18642
45074	18642
45075	18642
45076	18641
45077	18641
45078	18641
45079	18640
45080	18639
45081	18638
45082	18638
45083	18638
45084	18638
45085	18638
45086	18637
45087	18637
45088	18637
45089	18637
45090	18636
45091	18635
45092	18637
45093	18638
45094	18638
45095	18638
45096	18639
45097	18638
45098	18638
45099	18638
45100	18638
45101	18638
45102	18638
45103	18638
45104	18638
45105	18637
45106	18637
45107	18637
45108	18637
45109	18636
45110	18636
45111	18638
45112	18638
45113	18637
45114	18637
45115	18637
45116	18636
45117	18637
45118	18639
45119	18639
45120	18638
45121	18638
45122	18637
45123	18637
45124	18637
45125	18637
45126	18637
45127	18637
45128	18639
45129	18639
45130	18639
45131	18639
45132	18639
45133	18639
45134	18638
45135	18640
45136	18640
45137	18639
45138	18639
45139	18641
45140	18640
45141	18640
45142	18640
45143	18640
45144	18640
45145	18640
45146	18640
45147	18640
45148	18639
45149	18638
45150	18639
45151	18639
45152	18641
45153	18641
45154	18640
45155	18640
45156	18642
45157	18642
45158	18642
45159	18642
45160	18642
45161	18642
45162	18642
45163	18641
45164	18641
45165	18641
45166	18643
45167	18643
45168	18643
45169	18645
45170	18645
45171	18645
45172	18644
45173	18643
45174	18643
45175	18642
45176	18642
45177	18643
45178	18642
45179	18642
45180	18642
45181	18642
45182	18642
45183	18641
45184	18643
45185	18643
45186	18643
45187	18645
45188	18645
45189	18647
45190	18647
45191	18648
45192	18647
45193	18647
45194	18649
45195	18649
45196	18650
45197	18650
45198	18650
45199	18650
45200	18650
45201	18649
45202	18648
45203	18648
45204	18648
45205	18648
45206	18648
45207	18649
45208	18650
45209	18650
45210	18649
45211	18649
45212	18649
45213	18648
45214	18648
45215	18649
45216	18648
45217	18647
45218	18647
45219	18647
45220	18649
45221	18648
45222	18647
45223	18647
45224	18647
45225	18647
45226	18649
45227	18649
45228	18650
45229	18650
45230	18651
45231	18651
45232	18650
45233	18649
45234	18649
45235	18649
45236	18650
45237	18649
45238	18649
45239	18648
45240	18648
45241	18648
45242	18650
45243	18649
45244	18649
45245	18649
45246	18650
45247	18649
45248	18648
45249	18648
45250	18648
45251	18650
45252	18650
45253	18649
45254	18649
45255	18649
45256	18649
45257	18650
45258	18650
45259	18650
45260	18650
45261	18650
45262	18650
45263	18650
45264	18649
45265	18650
45266	18651
45267	18651
45268	18651
45269	18651
45270	18651
45271	18651
45272	18650
45273	18650
45274	18650
45275	18651
45276	18650
45277	18650
45278	18651
45279	18653
45280	18653
45281	18653
45282	18655
45283	18654
45284	18654
45285	18653
45286	18653
45287	18653
45288	18654
45289	18656
45290	18656
45291	18655
45292	18655
45293	18657
45294	18657
45295	18657
45296	18656
45297	18656
45298	18658
45299	18658
45300	18658
45301	18658
45302	18659
45303	18659
45304	18659
45305	18659
45306	18658
45307	18658
45308	18658
45309	18657
45310	18657
45311	18659
45312	18659
45313	18661
45314	18661
45315	18661
45316	18660
45317	18660
45318	18660
45319	18659
45320	18659
45321	18659
45322	18659
45323	18660
45324	18660
45325	18660
45326	18660
45327	18660
45328	18661
45329	18661
45330	18663
45331	18665
45332	18665
45333	18664
45334	18663
45335	18663
45336	18663
45337	18663
45338	18662
45339	18661
45340	18661
45341	18662
45342	18662
45343	18662
45344	18661
45345	18661
45346	18661
45347	18660
45348	18660
45349	18662
45350	18663
45351	18663
45352	18662
45353	18661
45354	18660
45355	18659
45356	18659
45357	18659
45358	18661
45359	18661
45360	18662
45361	18661
45362	18660
45363	18659
45364	18658
45365	18657
45366	18656
45367	18656
45368	18656
45369	18656
45370	18657
45371	18658
45372	18658
45373	18658
45374	18657
45375	18657
45376	18657
45377	18656
45378	18657
45379	18657
45380	18657
45381	18658
45382	18658
45383	18660
45384	18660
45385	18660
45386	18662
45387	18662
45388	18662
45389	18663
45390	18662
45391	18662
45392	18662
45393	18662
45394	18662
45395	18661
45396	18661
45397	18661
45398	18660
45399	18660
45400	18660
45401	18659
45402	18659
45403	18659
45404	18659
45405	18660
45406	18660
45407	18660
45408	18659
45409	18659
45410	18659
45411	18659
45412	18658
45413	18657
45414	18657
45415	18657
45416	18659
45417	18659
45418	18659
45419	18658
45420	18658
45421	18658
45422	18658
45423	18657
45424	18656
45425	18655
45426	18655
45427	18654
45428	18654
45429	18654
45430	18655
45431	18655
45432	18655
45433	18655
45434	18655
45435	18655
45436	18654
45437	18655
45438	18656
45439	18655
45440	18655
45441	18654
45442	18654
45443	18655
45444	18655
45445	18654
45446	18655
45447	18655
45448	18657
45449	18656
45450	18655
45451	18655
45452	18655
45453	18656
45454	18655
45455	18654
45456	18654
45457	18656
45458	18658
45459	18657
45460	18659
45461	18659
45462	18659
45463	18661
45464	18661
45465	18662
45466	18664
45467	18664
45468	18664
45469	18664
45470	18663
45471	18662
45472	18662
45473	18662
45474	18662
45475	18662
45476	18662
45477	18661
45478	18663
45479	18663
45480	18662
45481	18663
45482	18663
45483	18664
45484	18664
45485	18664
45486	18665
45487	18664
45488	18664
45489	18664
45490	18663
45491	18664
45492	18664
45493	18665
45494	18667
45495	18667
45496	18667
45497	18669
45498	18669
45499	18671
45500	18671
45501	18671
45502	18671
45503	18671
45504	18670
45505	18669
45506	18668
45507	18668
45508	18669
45509	18669
45510	18671
45511	18670
45512	18670
45513	18669
45514	18669
45515	18669
45516	18669
45517	18668
45518	18668
45519	18668
45520	18667
45521	18667
45522	18669
45523	18670
45524	18670
45525	18670
45526	18669
45527	18668
45528	18668
45529	18669
45530	18668
45531	18668
45532	18668
45533	18669
45534	18668
45535	18667
45536	18667
45537	18667
45538	18669
45539	18668
45540	18668
45541	18668
45542	18667
45543	18667
45544	18666
45545	18665
45546	18665
45547	18665
45548	18664
45549	18664
45550	18664
45551	18664
45552	18664
45553	18663
45554	18662
45555	18662
45556	18662
45557	18661
45558	18660
45559	18660
45560	18660
45561	18660
45562	18659
45563	18659
45564	18661
45565	18661
45566	18660
45567	18660
45568	18660
45569	18660
45570	18662
45571	18662
45572	18664
45573	18664
45574	18666
45575	18666
45576	18668
45577	18668
45578	18668
45579	18668
45580	18668
45581	18667
45582	18666
45583	18668
45584	18668
45585	18668
45586	18668
45587	18668
45588	18668
45589	18668
45590	18668
45591	18668
45592	18669
45593	18671
45594	18671
45595	18671
45596	18673
45597	18673
45598	18674
45599	18674
45600	18673
45601	18675
45602	18676
45603	18675
45604	18675
45605	18677
45606	18677
45607	18678
45608	18678
45609	18678
45610	18678
45611	18677
45612	18677
45613	18676
45614	18676
45615	18676
45616	18675
45617	18675
45618	18674
45619	18673
45620	18673
45621	18673
45622	18675
45623	18674
45624	18673
45625	18673
45626	18673
45627	18672
45628	18673
45629	18673
45630	18675
45631	18675
45632	18675
45633	18675
45634	18675
45635	18675
45636	18675
45637	18675
45638	18675
45639	18675
45640	18675
45641	18676
45642	18675
45643	18675
45644	18674
45645	18673
45646	18673
45647	18672
45648	18672
45649	18674
45650	18674
45651	18674
45652	18676
45653	18676
45654	18676
45655	18676
45656	18675
45657	18674
45658	18676
45659	18676
45660	18676
45661	18676
45662	18676
45663	18676
45664	18676
45665	18676
45666	18677
45667	18677
45668	18677
45669	18678
45670	18678
45671	18678
45672	18680
45673	18682
45674	18682
45675	18682
45676	18681
45677	18683
45678	18682
45679	18683
45680	18683
45681	18683
45682	18683
45683	18682
45684	18682
45685	18682
45686	18682
45687	18684
45688	18684
45689	18683
45690	18683
45691	18685
45692	18685
45693	18686
45694	18686
45695	18686
45696	18687
45697	18687
45698	18687
45699	18687
45700	18687
45701	18687
45702	18687
45703	18687
45704	18687
45705	18686
45706	18685
45707	18686
45708	18685
45709	18685
45710	18685
45711	18684
45712	18686
45713	18685
45714	18685
45715	18685
45716	18685
45717	18685
45718	18685
45719	18684
45720	18684
45721	18683
45722	18683
45723	18683
45724	18683
45725	18683
45726	18683
45727	18684
45728	18683
45729	18683
45730	18683
45731	18683
45732	18683
45733	18683
45734	18683
45735	18684
45736	18684
45737	18685
45738	18685
45739	18685
45740	18686
45741	18688
45742	18688
45743	18688
45744	18690
45745	18691
45746	18691
45747	18690
45748	18690
45749	18690
45750	18689
45751	18690
45752	18690
45753	18690
45754	18690
45755	18690
45756	18689
45757	18689
45758	18689
45759	18689
45760	18689
45761	18688
45762	18688
45763	18688
45764	18690
45765	18691
45766	18691
45767	18691
45768	18691
45769	18691
45770	18691
45771	18691
45772	18693
45773	18693
45774	18694
45775	18694
45776	18693
45777	18695
45778	18695
45779	18696
45780	18698
45781	18698
45782	18697
45783	18697
45784	18697
45785	18697
45786	18697
45787	18696
45788	18697
45789	18697
45790	18697
45791	18697
45792	18697
45793	18697
45794	18696
45795	18698
45796	18697
45797	18697
45798	18699
45799	18699
45800	18701
45801	18701
45802	18701
45803	18701
45804	18701
45805	18700
45806	18700
45807	18700
45808	18700
45809	18699
45810	18699
45811	18699
45812	18699
45813	18700
45814	18700
45815	18700
45816	18700
45817	18701
45818	18703
45819	18702
45820	18703
45821	18702
45822	18702
45823	18702
45824	18702
45825	18702
45826	18702
45827	18701
45828	18702
45829	18702
45830	18702
45831	18701
45832	18701
45833	18703
45834	18703
45835	18703
45836	18703
45837	18702
45838	18702
45839	18702
45840	18703
45841	18702
45842	18701
45843	18700
45844	18699
45845	18699
45846	18699
45847	18699
45848	18699
45849	18699
45850	18699
45851	18699
45852	18699
45853	18698
45854	18698
45855	18698
45856	18698
45857	18698
45858	18699
45859	18699
45860	18699
45861	18699
45862	18699
45863	18701
45864	18700
45865	18700
45866	18701
45867	18701
45868	18701
45869	18703
45870	18702
45871	18702
45872	18701
45873	18701
45874	18700
45875	18701
45876	18701
45877	18701
45878	18701
45879	18703
45880	18703
45881	18703
45882	18702
45883	18702
45884	18701
45885	18700
45886	18700
45887	18699
45888	18699
45889	18699
45890	18699
45891	18700
45892	18700
45893	18700
45894	18700
45895	18700
45896	18700
45897	18700
45898	18700
45899	18699
45900	18699
45901	18701
45902	18701
45903	18702
45904	18702
45905	18702
45906	18702
45907	18702
45908	18703
45909	18703
45910	18702
45911	18703
45912	18703
45913	18703
45914	18703
45915	18703
45916	18703
45917	18703
45918	18703
45919	18703
45920	18702
45921	18701
45922	18701
45923	18701
45924	18700
45925	18701
45926	18701
45927	18701
45928	18702
45929	18702
45930	18702
45931	18701
45932	18701
45933	18702
45934	18702
45935	18704
45936	18706
45937	18706
45938	18706
45939	18707
45940	18707
45941	18709
45942	18708
45943	18707
45944	18706
45945	18705
45946	18705
45947	18705
45948	18704
45949	18705
45950	18704
45951	18704
45952	18704
45953	18704
45954	18704
45955	18703
45956	18703
45957	18704
45958	18704
45959	18706
45960	18705
45961	18705
45962	18705
45963	18705
45964	18705
45965	18706
45966	18706
45967	18706
45968	18705
45969	18705
45970	18705
45971	18705
45972	18705
45973	18707
45974	18707
45975	18706
45976	18706
45977	18708
45978	18708
45979	18708
45980	18708
45981	18708
45982	18707
45983	18706
45984	18707
45985	18706
45986	18706
45987	18705
45988	18705
45989	18705
45990	18704
45991	18705
45992	18705
45993	18706
45994	18706
45995	18706
45996	18706
45997	18706
45998	18705
45999	18704
46000	18704
46001	18704
46002	18703
46003	18703
46004	18705
46005	18705
46006	18705
46007	18705
46008	18707
46009	18707
46010	18707
46011	18706
46012	18706
46013	18706
46014	18708
46015	18708
46016	18708
46017	18708
46018	18710
46019	18710
46020	18710
46021	18711
46022	18711
46023	18712
46024	18711
46025	18711
46026	18711
46027	18711
46028	18711
46029	18711
46030	18710
46031	18709
46032	18708
46033	18708
46034	18708
46035	18708
46036	18708
46037	18707
46038	18707
46039	18707
46040	18707
46041	18708
46042	18708
46043	18709
46044	18710
46045	18710
46046	18710
46047	18710
46048	18710
46049	18709
46050	18708
46051	18709
46052	18709
46053	18709
46054	18709
46055	18708
46056	18708
46057	18708
46058	18708
46059	18707
46060	18706
46061	18706
46062	18707
46063	18707
46064	18707
46065	18707
46066	18707
46067	18706
46068	18706
46069	18706
46070	18705
46071	18704
46072	18704
46073	18703
46074	18703
46075	18702
46076	18704
46077	18703
46078	18703
46079	18702
46080	18702
46081	18701
46082	18700
46083	18700
46084	18700
46085	18701
46086	18701
46087	18701
46088	18701
46089	18700
46090	18700
46091	18699
46092	18699
46093	18699
46094	18700
46095	18699
46096	18699
46097	18699
46098	18699
46099	18699
46100	18699
46101	18698
46102	18697
46103	18697
46104	18697
46105	18697
46106	18697
46107	18696
46108	18698
46109	18699
46110	18698
46111	18698
46112	18698
46113	18698
46114	18698
46115	18698
46116	18698
46117	18699
46118	18698
46119	18698
46120	18697
46121	18697
46122	18697
46123	18697
46124	18697
46125	18699
46126	18699
46127	18698
46128	18697
46129	18697
46130	18697
46131	18698
46132	18698
46133	18698
46134	18697
46135	18697
46136	18698
46137	18698
46138	18697
46139	18697
46140	18697
46141	18697
46142	18697
46143	18697
46144	18696
46145	18695
46146	18694
46147	18694
46148	18696
46149	18696
46150	18695
46151	18694
46152	18694
46153	18694
46154	18695
46155	18695
46156	18695
46157	18696
46158	18696
46159	18695
46160	18696
46161	18698
46162	18698
46163	18698
46164	18699
46165	18699
46166	18699
46167	18699
46168	18699
46169	18701
46170	18701
46171	18701
46172	18700
46173	18700
46174	18702
46175	18702
46176	18702
46177	18702
46178	18701
46179	18700
46180	18700
46181	18700
46182	18702
46183	18702
46184	18702
46185	18701
46186	18700
46187	18699
46188	18699
46189	18699
46190	18699
46191	18699
46192	18700
46193	18700
46194	18699
46195	18701
46196	18701
46197	18701
46198	18702
46199	18702
46200	18704
46201	18704
46202	18706
46203	18706
46204	18707
46205	18707
46206	18707
46207	18707
46208	18707
46209	18706
46210	18706
46211	18705
46212	18705
46213	18707
46214	18707
46215	18708
46216	18708
46217	18708
46218	18707
46219	18707
46220	18707
46221	18707
46222	18707
46223	18709
46224	18709
46225	18709
46226	18708
46227	18708
46228	18708
46229	18708
46230	18708
46231	18710
46232	18710
46233	18712
46234	18712
46235	18712
46236	18711
46237	18713
46238	18712
46239	18712
46240	18711
46241	18711
46242	18710
46243	18710
46244	18710
46245	18712
46246	18712
46247	18714
46248	18713
46249	18713
46250	18713
46251	18713
46252	18713
46253	18714
46254	18713
46255	18713
46256	18713
46257	18713
46258	18714
46259	18714
46260	18715
46261	18715
46262	18715
46263	18716
46264	18716
46265	18715
46266	18714
46267	18713
46268	18712
46269	18712
46270	18711
46271	18711
46272	18711
46273	18711
46274	18711
46275	18711
46276	18711
46277	18711
46278	18710
46279	18709
46280	18710
46281	18710
46282	18709
46283	18709
46284	18709
46285	18708
46286	18708
46287	18709
46288	18709
46289	18709
46290	18709
46291	18709
46292	18710
46293	18712
46294	18712
46295	18711
46296	18710
46297	18710
46298	18709
46299	18709
46300	18709
46301	18708
46302	18710
46303	18710
46304	18710
46305	18712
46306	18713
46307	18713
46308	18712
46309	18711
46310	18711
46311	18711
46312	18711
46313	18710
46314	18710
46315	18709
46316	18709
46317	18711
46318	18710
46319	18710
46320	18711
46321	18711
46322	18711
46323	18710
46324	18710
46325	18710
46326	18710
46327	18710
46328	18712
46329	18712
46330	18712
46331	18713
46332	18712
46333	18714
46334	18714
46335	18714
46336	18714
46337	18714
46338	18714
46339	18714
46340	18713
46341	18712
46342	18712
46343	18712
46344	18713
46345	18713
46346	18712
46347	18712
46348	18712
46349	18712
46350	18711
46351	18711
46352	18711
46353	18710
46354	18710
46355	18709
46356	18708
46357	18708
46358	18710
46359	18710
46360	18712
46361	18711
46362	18711
46363	18710
46364	18709
46365	18709
46366	18709
46367	18709
46368	18708
46369	18708
46370	18709
46371	18711
46372	18710
46373	18710
46374	18710
46375	18712
46376	18711
46377	18711
46378	18710
46379	18710
46380	18710
46381	18710
46382	18709
46383	18709
46384	18708
46385	18707
46386	18707
46387	18707
46388	18707
46389	18708
46390	18710
46391	18710
46392	18709
46393	18708
46394	18708
46395	18708
46396	18708
46397	18707
46398	18706
46399	18706
46400	18707
46401	18707
46402	18707
46403	18707
46404	18706
46405	18706
46406	18708
46407	18707
46408	18707
46409	18707
46410	18707
46411	18707
46412	18706
46413	18705
46414	18704
46415	18704
46416	18705
46417	18705
46418	18707
46419	18707
46420	18707
46421	18707
46422	18707
46423	18707
46424	18709
46425	18709
46426	18709
46427	18709
46428	18708
46429	18708
46430	18707
46431	18708
46432	18708
46433	18708
46434	18708
46435	18709
46436	18709
46437	18709
46438	18708
46439	18708
46440	18707
46441	18707
46442	18708
46443	18708
46444	18708
46445	18708
46446	18708
46447	18707
46448	18706
46449	18706
46450	18706
46451	18708
46452	18707
46453	18707
46454	18708
46455	18708
46456	18707
46457	18707
46458	18707
46459	18707
46460	18708
46461	18708
46462	18708
46463	18708
46464	18709
46465	18709
46466	18711
46467	18711
46468	18712
46469	18712
46470	18712
46471	18712
46472	18714
46473	18713
46474	18713
46475	18712
46476	18712
46477	18711
46478	18710
46479	18710
46480	18709
46481	18709
46482	18709
46483	18709
46484	18708
46485	18708
46486	18709
46487	18709
46488	18708
46489	18708
46490	18710
46491	18710
46492	18710
46493	18711
46494	18712
46495	18712
46496	18712
46497	18711
46498	18710
46499	18710
46500	18710
46501	18710
46502	18710
46503	18711
46504	18711
46505	18711
46506	18712
46507	18712
46508	18712
46509	18712
46510	18711
46511	18710
46512	18710
46513	18709
46514	18710
46515	18710
46516	18710
46517	18709
46518	18708
46519	18708
46520	18708
46521	18708
46522	18708
46523	18707
46524	18708
46525	18708
46526	18708
46527	18708
46528	18707
46529	18706
46530	18705
46531	18704
46532	18704
46533	18704
46534	18704
46535	18703
46536	18703
46537	18702
46538	18702
46539	18702
46540	18701
46541	18703
46542	18703
46543	18703
46544	18703
46545	18703
46546	18703
46547	18705
46548	18705
46549	18706
46550	18706
46551	18706
46552	18706
46553	18705
46554	18705
46555	18704
46556	18704
46557	18704
46558	18703
46559	18702
46560	18702
46561	18702
46562	18701
46563	18701
46564	18702
46565	18704
46566	18704
46567	18703
46568	18702
46569	18702
46570	18702
46571	18702
46572	18702
46573	18703
46574	18703
46575	18703
46576	18705
46577	18704
46578	18704
46579	18704
46580	18703
46581	18702
46582	18702
46583	18701
46584	18703
46585	18703
46586	18703
46587	18704
46588	18705
46589	18704
46590	18704
46591	18706
46592	18706
46593	18708
46594	18708
46595	18708
46596	18707
46597	18707
46598	18707
46599	18709
46600	18709
46601	18709
46602	18709
46603	18708
46604	18708
46605	18708
46606	18707
46607	18707
46608	18709
46609	18709
46610	18711
46611	18711
46612	18711
46613	18710
46614	18709
46615	18709
46616	18709
46617	18709
46618	18709
46619	18709
46620	18709
46621	18709
46622	18711
46623	18711
46624	18710
46625	18711
46626	18713
46627	18713
46628	18713
46629	18715
46630	18714
46631	18715
46632	18715
46633	18715
46634	18714
46635	18714
46636	18713
46637	18712
46638	18711
46639	18711
46640	18711
46641	18711
46642	18712
46643	18712
46644	18711
46645	18710
46646	18710
46647	18711
46648	18712
46649	18712
46650	18711
46651	18711
46652	18712
46653	18712
46654	18713
46655	18713
46656	18713
46657	18713
46658	18713
46659	18713
46660	18712
46661	18713
46662	18713
46663	18712
46664	18711
46665	18711
46666	18711
46667	18711
46668	18713
46669	18713
46670	18714
46671	18713
46672	18713
46673	18715
46674	18715
46675	18714
46676	18715
46677	18714
46678	18714
46679	18714
46680	18713
46681	18715
46682	18714
46683	18713
46684	18713
46685	18713
46686	18713
46687	18713
46688	18713
46689	18712
46690	18714
46691	18713
46692	18713
46693	18713
46694	18714
46695	18713
46696	18713
46697	18712
46698	18714
46699	18714
46700	18714
46701	18716
46702	18717
46703	18716
46704	18716
46705	18716
46706	18718
46707	18719
46708	18719
46709	18719
46710	18720
46711	18720
46712	18721
46713	18721
46714	18720
46715	18720
46716	18722
46717	18722
46718	18721
46719	18720
46720	18719
46721	18719
46722	18719
46723	18721
46724	18721
46725	18721
46726	18721
46727	18721
46728	18721
46729	18721
46730	18721
46731	18721
46732	18723
46733	18722
46734	18722
46735	18722
46736	18722
46737	18722
46738	18724
46739	18724
46740	18724
46741	18724
46742	18726
46743	18726
46744	18726
46745	18725
46746	18725
46747	18725
46748	18725
46749	18725
46750	18724
46751	18723
46752	18722
46753	18722
46754	18724
46755	18724
46756	18723
46757	18723
46758	18724
46759	18725
46760	18725
46761	18724
46762	18723
46763	18723
46764	18723
46765	18723
46766	18723
46767	18723
46768	18724
46769	18724
46770	18724
46771	18725
46772	18725
46773	18725
46774	18725
46775	18725
46776	18727
46777	18727
46778	18726
46779	18728
46780	18727
46781	18727
46782	18727
46783	18727
46784	18727
46785	18728
46786	18727
46787	18729
46788	18729
46789	18729
46790	18731
46791	18730
46792	18732
46793	18732
46794	18732
46795	18732
46796	18732
46797	18732
46798	18733
46799	18732
46800	18732
46801	18733
46802	18735
46803	18735
46804	18734
46805	18735
46806	18734
46807	18734
46808	18734
46809	18734
46810	18734
46811	18733
46812	18733
46813	18733
46814	18733
46815	18735
46816	18735
46817	18734
46818	18734
46819	18734
46820	18734
46821	18734
46822	18733
46823	18733
46824	18735
46825	18734
46826	18734
46827	18734
46828	18734
46829	18734
46830	18734
46831	18733
46832	18733
46833	18732
46834	18732
46835	18732
46836	18733
46837	18733
46838	18735
46839	18735
46840	18735
46841	18735
46842	18735
46843	18735
46844	18735
46845	18736
46846	18735
46847	18735
46848	18735
46849	18735
46850	18735
46851	18735
46852	18735
46853	18736
46854	18736
46855	18737
46856	18737
46857	18737
46858	18738
46859	18739
46860	18738
46861	18738
46862	18740
46863	18740
46864	18739
46865	18739
46866	18739
46867	18740
46868	18741
46869	18741
46870	18741
46871	18741
46872	18741
46873	18741
46874	18740
46875	18740
46876	18739
46877	18739
46878	18739
46879	18739
46880	18739
46881	18739
46882	18738
46883	18739
46884	18739
46885	18739
46886	18741
46887	18741
46888	18741
46889	18743
46890	18743
46891	18743
46892	18744
46893	18744
46894	18744
46895	18746
46896	18746
46897	18746
46898	18746
46899	18746
46900	18746
46901	18745
46902	18745
46903	18745
46904	18745
46905	18746
46906	18746
46907	18748
46908	18747
46909	18746
46910	18746
46911	18745
46912	18745
46913	18745
46914	18745
46915	18745
46916	18745
46917	18745
46918	18746
46919	18745
46920	18746
46921	18745
46922	18745
46923	18744
46924	18743
46925	18743
46926	18742
46927	18741
46928	18741
46929	18742
46930	18742
46931	18742
46932	18742
46933	18741
46934	18740
46935	18740
46936	18740
46937	18739
46938	18739
46939	18739
46940	18738
46941	18739
46942	18739
46943	18738
46944	18740
46945	18739
46946	18739
46947	18739
46948	18739
46949	18739
46950	18740
46951	18740
46952	18741
46953	18741
46954	18741
46955	18740
46956	18740
46957	18742
46958	18742
46959	18744
46960	18744
46961	18744
46962	18744
46963	18744
46964	18744
46965	18743
46966	18744
46967	18744
46968	18744
46969	18744
46970	18746
46971	18747
46972	18747
46973	18747
46974	18748
46975	18748
46976	18750
46977	18749
46978	18749
46979	18749
46980	18749
46981	18749
46982	18748
46983	18747
46984	18749
46985	18749
46986	18748
46987	18748
46988	18748
46989	18750
46990	18749
46991	18749
46992	18749
46993	18749
46994	18749
46995	18749
46996	18748
46997	18748
46998	18748
46999	18750
47000	18751
47001	18751
47002	18751
47003	18753
47004	18753
47005	18753
47006	18753
47007	18752
47008	18752
47009	18752
47010	18752
47011	18754
47012	18756
47013	18756
47014	18756
47015	18758
47016	18759
47017	18759
47018	18758
47019	18758
47020	18757
47021	18757
47022	18757
47023	18756
47024	18755
47025	18755
47026	18754
47027	18754
47028	18754
47029	18754
47030	18756
47031	18756
47032	18758
47033	18757
47034	18757
47035	18758
47036	18760
47037	18759
47038	18759
47039	18760
47040	18761
47041	18762
47042	18762
47043	18762
47044	18762
47045	18762
47046	18762
47047	18762
47048	18762
47049	18763
47050	18763
47051	18763
47052	18764
47053	18764
47054	18764
47055	18763
47056	18763
47057	18762
47058	18762
47059	18762
47060	18762
47061	18761
47062	18762
47063	18763
47064	18763
47065	18763
47066	18763
47067	18763
47068	18763
47069	18762
47070	18761
47071	18761
47072	18761
47073	18760
47074	18760
47075	18759
47076	18758
47077	18757
47078	18756
47079	18755
47080	18755
47081	18756
47082	18756
47083	18755
47084	18754
47085	18754
47086	18755
47087	18755
47088	18755
47089	18755
47090	18754
47091	18754
47092	18755
47093	18755
47094	18755
47095	18755
47096	18755
47097	18755
47098	18754
47099	18754
47100	18756
47101	18755
47102	18755
47103	18755
47104	18754
47105	18754
47106	18755
47107	18755
47108	18755
47109	18755
47110	18754
47111	18753
47112	18754
47113	18756
47114	18756
47115	18756
47116	18755
47117	18756
47118	18756
47119	18756
47120	18756
47121	18756
47122	18755
47123	18754
47124	18754
47125	18754
47126	18753
47127	18753
47128	18752
47129	18752
47130	18752
47131	18752
47132	18751
47133	18752
47134	18751
47135	18751
47136	18751
47137	18750
47138	18750
47139	18750
47140	18750
47141	18749
47142	18749
47143	18749
47144	18749
47145	18749
47146	18749
47147	18748
47148	18747
47149	18748
47150	18747
47151	18748
47152	18747
47153	18747
47154	18748
47155	18750
47156	18750
47157	18750
47158	18749
47159	18749
47160	18749
47161	18749
47162	18749
47163	18749
47164	18750
47165	18750
47166	18750
47167	18750
47168	18749
47169	18749
47170	18749
47171	18749
47172	18749
47173	18749
47174	18750
47175	18750
47176	18750
47177	18751
47178	18751
47179	18752
47180	18752
47181	18751
47182	18752
47183	18752
47184	18751
47185	18753
47186	18753
47187	18754
47188	18754
47189	18754
47190	18754
47191	18753
47192	18753
47193	18753
47194	18753
47195	18752
47196	18752
47197	18752
47198	18751
47199	18750
47200	18750
47201	18751
47202	18750
47203	18750
47204	18750
47205	18750
47206	18749
47207	18749
47208	18749
47209	18749
47210	18749
47211	18751
47212	18753
47213	18753
47214	18753
47215	18753
47216	18753
47217	18752
47218	18752
47219	18754
47220	18754
47221	18753
47222	18753
47223	18753
47224	18753
47225	18753
47226	18753
47227	18753
47228	18754
47229	18754
47230	18754
47231	18755
47232	18754
47233	18753
47234	18754
47235	18755
47236	18755
47237	18755
47238	18754
47239	18755
47240	18754
47241	18754
47242	18754
47243	18754
47244	18755
47245	18754
47246	18753
47247	18752
47248	18752
47249	18751
47250	18753
47251	18752
47252	18752
47253	18752
47254	18752
47255	18754
47256	18754
47257	18753
47258	18752
47259	18751
47260	18751
47261	18751
47262	18751
47263	18753
47264	18753
47265	18752
47266	18754
47267	18754
47268	18754
47269	18753
47270	18755
47271	18755
47272	18755
47273	18754
47274	18756
47275	18755
47276	18755
47277	18757
47278	18757
47279	18756
47280	18756
47281	18755
47282	18754
47283	18754
47284	18754
47285	18755
47286	18755
47287	18755
47288	18757
47289	18757
47290	18756
47291	18756
47292	18756
47293	18756
47294	18756
47295	18756
47296	18755
47297	18755
47298	18754
47299	18754
47300	18754
47301	18756
47302	18756
47303	18756
47304	18755
47305	18755
47306	18755
47307	18755
47308	18754
47309	18754
47310	18754
47311	18754
47312	18754
47313	18754
47314	18754
47315	18753
47316	18754
47317	18754
47318	18754
47319	18753
47320	18754
47321	18754
47322	18754
47323	18755
47324	18756
47325	18756
47326	18756
47327	18755
47328	18755
47329	18755
47330	18755
47331	18754
47332	18754
47333	18754
47334	18753
47335	18752
47336	18752
47337	18752
47338	18751
47339	18751
47340	18751
47341	18751
47342	18752
47343	18752
47344	18754
47345	18754
47346	18753
47347	18753
47348	18753
47349	18754
47350	18753
47351	18753
47352	18753
47353	18753
47354	18753
47355	18753
47356	18752
47357	18753
47358	18755
47359	18754
47360	18754
47361	18754
47362	18754
47363	18754
47364	18754
47365	18754
47366	18754
47367	18754
47368	18753
47369	18753
47370	18753
47371	18754
47372	18753
47373	18753
47374	18753
47375	18753
47376	18752
47377	18753
47378	18753
47379	18754
47380	18754
47381	18755
47382	18755
47383	18756
47384	18757
47385	18756
47386	18755
47387	18755
47388	18755
47389	18755
47390	18754
47391	18753
47392	18753
47393	18752
47394	18752
47395	18752
47396	18752
47397	18754
47398	18754
47399	18756
47400	18755
47401	18755
47402	18755
47403	18755
47404	18755
47405	18755
47406	18755
47407	18754
47408	18754
47409	18754
47410	18755
47411	18755
47412	18754
47413	18754
47414	18753
47415	18754
47416	18754
47417	18754
47418	18754
47419	18755
47420	18756
47421	18756
47422	18755
47423	18756
47424	18755
47425	18754
47426	18756
47427	18756
47428	18756
47429	18757
47430	18756
47431	18756
47432	18756
47433	18755
47434	18755
47435	18754
47436	18754
47437	18754
47438	18754
47439	18753
47440	18753
47441	18754
47442	18754
47443	18755
47444	18755
47445	18754
47446	18754
47447	18754
47448	18753
47449	18754
47450	18753
47451	18753
47452	18752
47453	18752
47454	18752
47455	18752
47456	18752
47457	18752
47458	18751
47459	18751
47460	18751
47461	18752
47462	18752
47463	18752
47464	18752
47465	18752
47466	18752
47467	18754
47468	18756
47469	18756
47470	18756
47471	18755
47472	18754
47473	18754
47474	18754
47475	18756
47476	18756
47477	18756
47478	18756
47479	18756
47480	18756
47481	18756
47482	18757
47483	18756
47484	18755
47485	18757
47486	18757
47487	18757
47488	18756
47489	18757
47490	18757
47491	18756
47492	18756
47493	18755
47494	18755
47495	18755
47496	18755
47497	18755
47498	18755
47499	18754
47500	18755
47501	18755
47502	18755
47503	18755
47504	18757
47505	18756
47506	18756
47507	18756
47508	18756
47509	18755
47510	18755
47511	18754
47512	18755
47513	18755
47514	18755
47515	18755
47516	18754
47517	18754
47518	18754
47519	18754
47520	18754
47521	18754
47522	18754
47523	18755
47524	18755
47525	18755
47526	18755
47527	18755
47528	18754
47529	18754
47530	18754
47531	18754
47532	18755
47533	18754
47534	18753
47535	18753
47536	18753
47537	18753
47538	18753
47539	18754
47540	18753
47541	18753
47542	18753
47543	18753
47544	18752
47545	18752
47546	18751
47547	18750
47548	18750
47549	18750
47550	18750
47551	18749
47552	18749
47553	18750
47554	18750
47555	18750
47556	18749
47557	18749
47558	18750
47559	18751
47560	18750
47561	18750
47562	18750
47563	18750
47564	18750
47565	18750
47566	18750
47567	18750
47568	18750
47569	18750
47570	18749
47571	18750
47572	18750
47573	18752
47574	18752
47575	18752
47576	18752
47577	18751
47578	18751
47579	18750
47580	18749
47581	18748
47582	18748
47583	18748
47584	18748
47585	18748
47586	18747
47587	18748
47588	18748
47589	18747
47590	18747
47591	18747
47592	18747
47593	18747
47594	18746
47595	18745
47596	18744
47597	18746
47598	18746
47599	18746
47600	18746
47601	18746
47602	18746
47603	18748
47604	18748
47605	18748
47606	18747
47607	18747
47608	18747
47609	18747
47610	18749
47611	18749
47612	18749
47613	18749
47614	18749
47615	18749
47616	18749
47617	18749
47618	18750
47619	18750
47620	18750
47621	18749
47622	18749
47623	18749
47624	18749
47625	18749
47626	18750
47627	18751
47628	18751
47629	18751
47630	18751
47631	18750
47632	18750
47633	18752
47634	18752
47635	18753
47636	18753
47637	18752
47638	18751
47639	18750
47640	18750
47641	18750
47642	18750
47643	18750
47644	18752
47645	18751
47646	18752
47647	18751
47648	18750
47649	18751
47650	18750
47651	18750
47652	18750
47653	18750
47654	18752
47655	18752
47656	18752
47657	18751
47658	18750
47659	18750
47660	18752
47661	18752
47662	18751
47663	18750
47664	18750
47665	18750
47666	18749
47667	18749
47668	18749
47669	18749
47670	18750
47671	18752
47672	18752
47673	18752
47674	18751
47675	18751
47676	18751
47677	18750
47678	18750
47679	18750
47680	18752
47681	18752
47682	18752
47683	18752
47684	18752
47685	18751
47686	18750
47687	18750
47688	18750
47689	18752
47690	18751
47691	18751
47692	18750
47693	18749
47694	18748
47695	18748
47696	18748
47697	18749
47698	18749
47699	18750
47700	18750
47701	18752
47702	18752
47703	18751
47704	18750
47705	18751
47706	18752
47707	18751
47708	18751
47709	18751
47710	18751
47711	18751
47712	18752
47713	18752
47714	18752
47715	18752
47716	18751
47717	18751
47718	18752
47719	18751
47720	18751
47721	18751
47722	18751
47723	18752
47724	18752
47725	18752
47726	18751
47727	18750
47728	18752
47729	18751
47730	18750
47731	18750
47732	18750
47733	18750
47734	18750
47735	18749
47736	18749
47737	18751
47738	18751
47739	18750
47740	18750
47741	18750
47742	18751
47743	18751
47744	18752
47745	18752
47746	18753
47747	18753
47748	18752
47749	18751
47750	18751
47751	18751
47752	18751
47753	18751
47754	18751
47755	18750
47756	18752
47757	18752
47758	18753
47759	18753
47760	18755
47761	18755
47762	18756
47763	18756
47764	18758
47765	18758
47766	18759
47767	18759
47768	18759
47769	18759
47770	18759
47771	18759
47772	18758
47773	18758
47774	18757
47775	18756
47776	18756
47777	18756
47778	18756
47779	18756
47780	18758
47781	18758
47782	18758
47783	18758
47784	18758
47785	18757
47786	18758
47787	18758
47788	18760
47789	18760
47790	18759
47791	18760
47792	18759
47793	18758
47794	18759
47795	18758
47796	18757
47797	18757
47798	18757
47799	18757
47800	18756
47801	18755
47802	18755
47803	18755
47804	18754
47805	18756
47806	18756
47807	18756
47808	18756
47809	18755
47810	18755
47811	18755
47812	18754
47813	18754
47814	18753
47815	18752
47816	18751
47817	18750
47818	18749
47819	18748
47820	18750
47821	18750
47822	18750
47823	18749
47824	18749
47825	18749
47826	18749
47827	18748
47828	18748
47829	18747
47830	18746
47831	18746
47832	18747
47833	18747
47834	18746
47835	18746
47836	18747
47837	18747
47838	18747
47839	18747
47840	18746
47841	18747
47842	18747
47843	18747
47844	18747
47845	18747
47846	18747
47847	18747
47848	18747
47849	18748
47850	18747
47851	18747
47852	18747
47853	18747
47854	18749
47855	18748
47856	18748
47857	18749
47858	18749
47859	18748
47860	18747
47861	18747
47862	18747
47863	18747
47864	18746
47865	18746
47866	18746
47867	18746
47868	18747
47869	18746
47870	18746
47871	18746
47872	18746
47873	18746
47874	18746
47875	18747
47876	18747
47877	18747
47878	18746
47879	18747
47880	18746
47881	18747
47882	18747
47883	18746
47884	18745
47885	18745
47886	18744
47887	18743
47888	18743
47889	18743
47890	18743
47891	18743
47892	18744
47893	18745
47894	18745
47895	18745
47896	18746
47897	18746
47898	18746
47899	18745
47900	18745
47901	18745
47902	18744
47903	18746
47904	18746
47905	18746
47906	18746
47907	18746
47908	18746
47909	18747
47910	18747
47911	18746
47912	18745
47913	18745
47914	18745
47915	18744
47916	18743
47917	18743
47918	18743
47919	18743
47920	18743
47921	18744
47922	18744
47923	18744
47924	18743
47925	18744
47926	18743
47927	18742
47928	18742
47929	18742
47930	18744
47931	18744
47932	18744
47933	18744
47934	18744
47935	18743
47936	18743
47937	18743
47938	18742
47939	18744
47940	18744
47941	18743
47942	18743
47943	18742
47944	18742
47945	18743
47946	18745
47947	18745
47948	18744
47949	18744
47950	18743
47951	18743
47952	18743
47953	18743
47954	18744
47955	18744
47956	18743
47957	18743
47958	18745
47959	18745
47960	18746
47961	18745
47962	18745
47963	18745
47964	18744
47965	18743
47966	18742
47967	18741
47968	18743
47969	18743
47970	18743
47971	18743
47972	18743
47973	18743
47974	18743
47975	18744
47976	18744
47977	18744
47978	18746
47979	18748
47980	18747
47981	18746
47982	18745
47983	18745
47984	18744
47985	18744
47986	18744
47987	18744
47988	18745
47989	18745
47990	18744
47991	18746
47992	18745
47993	18745
47994	18747
47995	18747
47996	18747
47997	18746
47998	18747
47999	18747
48000	18746
48001	18745
48002	18745
48003	18747
48004	18747
48005	18747
48006	18747
48007	18747
48008	18747
48009	18747
48010	18749
48011	18749
48012	18748
48013	18748
48014	18748
48015	18748
48016	18747
48017	18748
48018	18747
48019	18747
48020	18747
48021	18746
48022	18745
48023	18745
48024	18745
48025	18746
48026	18746
48027	18746
48028	18747
48029	18749
48030	18749
48031	18748
48032	18750
48033	18749
48034	18749
48035	18749
48036	18748
48037	18750
48038	18750
48039	18749
48040	18748
48041	18747
48042	18747
48043	18747
48044	18747
48045	18746
48046	18746
48047	18748
48048	18748
48049	18747
48050	18746
48051	18746
48052	18746
48053	18746
48054	18746
48055	18748
48056	18748
48057	18748
48058	18748
48059	18748
48060	18749
48061	18749
48062	18748
48063	18748
48064	18747
48065	18747
48066	18749
48067	18748
48068	18747
48069	18746
48070	18746
48071	18748
48072	18749
48073	18748
48074	18747
48075	18747
48076	18747
48077	18747
48078	18746
48079	18746
48080	18746
48081	18745
48082	18744
48083	18744
48084	18743
48085	18744
48086	18744
48087	18744
48088	18744
48089	18743
48090	18742
48091	18742
48092	18744
48093	18743
48094	18743
48095	18744
48096	18743
48097	18744
48098	18746
48099	18746
48100	18746
48101	18745
48102	18744
48103	18744
48104	18744
48105	18744
48106	18743
48107	18742
48108	18742
48109	18741
48110	18741
48111	18740
48112	18740
48113	18739
48114	18738
48115	18737
48116	18736
48117	18736
48118	18736
48119	18736
48120	18738
48121	18738
48122	18738
48123	18738
48124	18737
48125	18737
48126	18738
48127	18738
48128	18737
48129	18737
48130	18739
48131	18739
48132	18739
48133	18738
48134	18737
48135	18737
48136	18737
48137	18737
48138	18737
48139	18737
48140	18736
48141	18736
48142	18735
48143	18735
48144	18737
48145	18736
48146	18736
48147	18735
48148	18734
48149	18734
48150	18736
48151	18736
48152	18736
48153	18738
48154	18737
48155	18737
48156	18737
48157	18736
48158	18738
48159	18738
48160	18738
48161	18738
48162	18738
48163	18738
48164	18738
48165	18738
48166	18738
48167	18739
48168	18739
48169	18740
48170	18740
48171	18739
48172	18740
48173	18740
48174	18741
48175	18741
48176	18741
48177	18742
48178	18743
48179	18742
48180	18741
48181	18743
48182	18743
48183	18744
48184	18744
48185	18744
48186	18744
48187	18743
48188	18743
48189	18743
48190	18742
48191	18743
48192	18742
48193	18742
48194	18742
48195	18744
48196	18743
48197	18742
48198	18742
48199	18741
48200	18741
48201	18741
48202	18743
48203	18743
48204	18743
48205	18743
48206	18743
48207	18743
48208	18743
48209	18742
48210	18742
48211	18741
48212	18742
48213	18742
48214	18742
48215	18742
48216	18744
48217	18744
48218	18743
48219	18743
48220	18742
48221	18741
48222	18743
48223	18745
48224	18745
48225	18745
48226	18745
48227	18745
48228	18744
48229	18744
48230	18744
48231	18745
48232	18745
48233	18745
48234	18747
48235	18747
48236	18747
48237	18749
48238	18749
48239	18748
48240	18747
48241	18747
48242	18747
48243	18746
48244	18747
48245	18747
48246	18747
48247	18747
48248	18746
48249	18745
48250	18745
48251	18745
48252	18744
48253	18746
48254	18746
48255	18746
48256	18746
48257	18746
48258	18747
48259	18747
48260	18747
48261	18747
48262	18748
48263	18750
48264	18750
48265	18750
48266	18752
48267	18752
48268	18752
48269	18752
48270	18752
48271	18751
48272	18750
48273	18750
48274	18749
48275	18748
48276	18747
48277	18747
48278	18748
48279	18748
48280	18750
48281	18750
48282	18750
48283	18750
48284	18750
48285	18750
48286	18750
48287	18751
48288	18751
48289	18750
48290	18750
48291	18751
48292	18752
48293	18752
48294	18752
48295	18753
48296	18752
48297	18751
48298	18751
48299	18751
48300	18750
48301	18749
48302	18749
48303	18751
48304	18751
48305	18751
48306	18751
48307	18750
48308	18749
48309	18750
48310	18750
48311	18750
48312	18750
48313	18750
48314	18752
48315	18752
48316	18752
48317	18751
48318	18751
48319	18751
48320	18751
48321	18751
48322	18751
48323	18750
48324	18750
48325	18749
48326	18749
48327	18749
48328	18749
48329	18749
48330	18749
48331	18750
48332	18750
48333	18749
48334	18749
48335	18748
48336	18747
48337	18747
48338	18747
48339	18746
48340	18747
48341	18747
48342	18748
48343	18747
48344	18747
48345	18747
48346	18747
48347	18747
48348	18747
48349	18746
48350	18746
48351	18746
48352	18745
48353	18746
48354	18746
48355	18745
48356	18747
48357	18747
48358	18746
48359	18748
48360	18748
48361	18748
48362	18748
48363	18747
48364	18746
48365	18746
48366	18746
48367	18748
48368	18748
48369	18748
48370	18747
48371	18747
48372	18747
48373	18747
48374	18747
48375	18746
48376	18748
48377	18748
48378	18747
48379	18749
48380	18751
48381	18751
48382	18751
48383	18751
48384	18753
48385	18753
48386	18753
48387	18753
48388	18753
48389	18753
48390	18753
48391	18752
48392	18751
48393	18751
48394	18751
48395	18751
48396	18751
48397	18751
48398	18753
48399	18752
48400	18751
48401	18751
48402	18751
48403	18752
48404	18751
48405	18750
48406	18750
48407	18750
48408	18752
48409	18753
48410	18753
48411	18752
48412	18752
48413	18751
48414	18751
48415	18751
48416	18751
48417	18750
48418	18750
48419	18751
48420	18751
48421	18750
48422	18750
48423	18750
48424	18751
48425	18750
48426	18749
48427	18749
48428	18749
48429	18749
48430	18751
48431	18750
48432	18750
48433	18749
48434	18749
48435	18749
48436	18749
48437	18750
48438	18750
48439	18752
48440	18752
48441	18753
48442	18753
48443	18753
48444	18753
48445	18753
48446	18752
48447	18752
48448	18752
48449	18752
48450	18752
48451	18752
48452	18752
48453	18751
48454	18750
48455	18751
48456	18750
48457	18749
48458	18749
48459	18750
48460	18752
48461	18752
48462	18752
48463	18754
48464	18753
48465	18753
48466	18753
48467	18753
48468	18754
48469	18754
48470	18754
48471	18754
48472	18754
48473	18756
48474	18756
48475	18757
48476	18756
48477	18755
48478	18755
48479	18755
48480	18755
48481	18754
48482	18756
48483	18756
48484	18755
48485	18755
48486	18756
48487	18756
48488	18756
48489	18755
48490	18755
48491	18755
48492	18755
48493	18754
48494	18754
48495	18754
48496	18755
48497	18757
48498	18757
48499	18757
48500	18759
48501	18758
48502	18758
48503	18758
48504	18758
48505	18758
48506	18758
48507	18757
48508	18759
48509	18759
48510	18760
48511	18760
48512	18760
48513	18760
48514	18760
48515	18759
48516	18758
48517	18758
48518	18758
48519	18760
48520	18760
48521	18762
48522	18762
48523	18762
48524	18761
48525	18761
48526	18761
48527	18761
48528	18762
48529	18761
48530	18760
48531	18759
48532	18758
48533	18758
48534	18758
48535	18759
48536	18759
48537	18758
48538	18758
48539	18758
48540	18757
48541	18756
48542	18758
48543	18757
48544	18757
48545	18756
48546	18756
48547	18757
48548	18757
48549	18757
48550	18758
48551	18760
48552	18760
48553	18760
48554	18760
48555	18761
48556	18761
48557	18762
48558	18764
48559	18764
48560	18764
48561	18764
48562	18764
48563	18763
48564	18763
48565	18762
48566	18762
48567	18761
48568	18761
48569	18762
48570	18762
48571	18762
48572	18761
48573	18761
48574	18761
48575	18760
48576	18760
48577	18760
48578	18760
48579	18759
48580	18758
48581	18758
48582	18758
48583	18758
48584	18757
48585	18757
48586	18757
48587	18756
48588	18756
48589	18758
48590	18758
48591	18758
48592	18757
48593	18756
48594	18755
48595	18757
48596	18757
48597	18757
48598	18757
48599	18757
48600	18756
48601	18756
48602	18758
48603	18758
48604	18759
48605	18759
48606	18758
48607	18759
48608	18760
48609	18760
48610	18761
48611	18761
48612	18762
48613	18761
48614	18760
48615	18760
48616	18762
48617	18761
48618	18761
48619	18763
48620	18762
48621	18762
48622	18764
48623	18764
48624	18764
48625	18763
48626	18762
48627	18761
48628	18761
48629	18761
48630	18761
48631	18762
48632	18764
48633	18764
48634	18763
48635	18764
48636	18763
48637	18765
48638	18765
48639	18767
48640	18766
48641	18765
48642	18765
48643	18764
48644	18765
48645	18764
48646	18764
48647	18764
48648	18764
48649	18764
48650	18765
48651	18764
48652	18764
48653	18764
48654	18763
48655	18763
48656	18763
48657	18763
48658	18762
48659	18761
48660	18761
48661	18761
48662	18763
48663	18763
48664	18763
48665	18762
48666	18761
48667	18761
48668	18761
48669	18761
48670	18760
48671	18760
48672	18759
48673	18758
48674	18758
48675	18757
48676	18757
48677	18757
48678	18757
48679	18756
48680	18756
48681	18758
48682	18759
48683	18759
48684	18758
48685	18759
48686	18758
48687	18758
48688	18758
48689	18757
48690	18758
48691	18758
48692	18758
48693	18757
48694	18759
48695	18760
48696	18759
48697	18759
48698	18760
48699	18760
48700	18762
48701	18762
48702	18762
48703	18762
48704	18761
48705	18761
48706	18760
48707	18759
48708	18758
48709	18758
48710	18758
48711	18757
48712	18758
48713	18758
48714	18758
48715	18757
48716	18756
48717	18755
48718	18755
48719	18754
48720	18754
48721	18755
48722	18755
48723	18755
48724	18754
48725	18754
48726	18754
48727	18756
48728	18756
48729	18756
48730	18756
48731	18756
48732	18757
48733	18757
48734	18757
48735	18756
48736	18756
48737	18755
48738	18754
48739	18754
48740	18754
48741	18753
48742	18755
48743	18754
48744	18754
48745	18756
48746	18756
48747	18756
48748	18756
48749	18755
48750	18757
48751	18757
48752	18757
48753	18757
48754	18757
48755	18757
48756	18756
48757	18756
48758	18756
48759	18757
48760	18757
48761	18758
48762	18758
48763	18758
48764	18760
48765	18760
48766	18761
48767	18760
48768	18760
48769	18761
48770	18760
48771	18759
48772	18761
48773	18760
48774	18760
48775	18760
48776	18759
48777	18759
48778	18758
48779	18758
48780	18758
48781	18758
48782	18758
48783	18757
48784	18757
48785	18756
48786	18755
48787	18755
48788	18754
48789	18754
48790	18754
48791	18754
48792	18754
48793	18753
48794	18752
48795	18751
48796	18750
48797	18752
48798	18752
48799	18751
48800	18751
48801	18751
48802	18751
48803	18751
48804	18750
48805	18752
48806	18752
48807	18751
48808	18751
48809	18753
48810	18755
48811	18755
48812	18757
48813	18757
48814	18757
48815	18757
48816	18756
48817	18755
48818	18754
48819	18756
48820	18756
48821	18756
48822	18756
48823	18756
48824	18756
48825	18756
48826	18756
48827	18757
48828	18757
48829	18759
48830	18759
48831	18759
48832	18761
48833	18763
48834	18763
48835	18763
48836	18762
48837	18763
48838	18765
48839	18765
48840	18765
48841	18765
48842	18765
48843	18765
48844	18764
48845	18764
48846	18766
48847	18766
48848	18765
48849	18764
48850	18766
48851	18766
48852	18767
48853	18767
48854	18766
48855	18767
48856	18767
48857	18767
48858	18767
48859	18767
48860	18767
48861	18767
48862	18767
48863	18767
48864	18766
48865	18765
48866	18766
48867	18766
48868	18766
48869	18766
48870	18766
48871	18766
48872	18765
48873	18765
48874	18764
48875	18766
48876	18765
48877	18764
48878	18764
48879	18764
48880	18763
48881	18762
48882	18762
48883	18762
48884	18762
48885	18762
48886	18762
48887	18763
48888	18762
48889	18762
48890	18762
48891	18762
48892	18762
48893	18762
48894	18763
48895	18763
48896	18764
48897	18764
48898	18763
48899	18764
48900	18766
48901	18766
48902	18765
48903	18767
48904	18766
48905	18766
48906	18765
48907	18765
48908	18766
48909	18766
48910	18767
48911	18767
48912	18767
48913	18767
48914	18766
48915	18766
48916	18766
48917	18766
48918	18766
48919	18766
48920	18766
48921	18765
48922	18765
48923	18767
48924	18767
48925	18767
48926	18767
48927	18767
48928	18767
48929	18767
48930	18768
48931	18768
48932	18770
48933	18770
48934	18770
48935	18771
48936	18773
48937	18773
48938	18772
48939	18774
48940	18773
48941	18773
48942	18773
48943	18773
48944	18773
48945	18772
48946	18772
48947	18774
48948	18773
48949	18773
48950	18775
48951	18774
48952	18774
48953	18776
48954	18776
48955	18775
48956	18775
48957	18775
48958	18775
48959	18774
48960	18775
48961	18775
48962	18775
48963	18775
48964	18775
48965	18776
48966	18776
48967	18776
48968	18776
48969	18775
48970	18775
48971	18774
48972	18774
48973	18774
48974	18774
48975	18774
48976	18775
48977	18774
48978	18774
48979	18773
48980	18773
48981	18773
48982	18773
48983	18772
48984	18772
48985	18772
48986	18772
48987	18772
48988	18772
48989	18772
48990	18772
48991	18771
48992	18771
48993	18772
48994	18772
48995	18772
48996	18771
48997	18770
48998	18770
48999	18771
49000	18771
49001	18771
49002	18770
49003	18772
49004	18772
49005	18772
49006	18771
49007	18771
49008	18773
49009	18773
49010	18774
49011	18774
49012	18773
49013	18772
49014	18772
49015	18771
49016	18770
49017	18769
49018	18768
49019	18767
49020	18767
49021	18767
49022	18767
49023	18767
49024	18766
49025	18766
49026	18766
49027	18766
49028	18766
49029	18766
49030	18765
49031	18765
49032	18764
49033	18764
49034	18764
49035	18764
49036	18764
49037	18764
49038	18764
49039	18764
49040	18764
49041	18763
49042	18762
49043	18762
49044	18763
49045	18763
49046	18763
49047	18762
49048	18762
49049	18763
49050	18763
49051	18763
49052	18762
49053	18762
49054	18761
49055	18761
49056	18761
49057	18761
49058	18761
49059	18760
49060	18760
49061	18760
49062	18759
49063	18759
49064	18761
49065	18761
49066	18761
49067	18762
49068	18762
49069	18762
49070	18762
49071	18762
49072	18761
49073	18762
49074	18762
49075	18763
49076	18763
49077	18765
49078	18767
49079	18767
49080	18767
49081	18769
49082	18769
49083	18770
49084	18769
49085	18768
49086	18768
49087	18768
49088	18767
49089	18766
49090	18765
49091	18766
49092	18766
49093	18765
49094	18765
49095	18764
49096	18764
49097	18763
49098	18763
49099	18764
49100	18763
49101	18765
49102	18765
49103	18764
49104	18764
49105	18764
49106	18764
49107	18763
49108	18763
49109	18763
49110	18763
49111	18763
49112	18763
49113	18765
49114	18765
49115	18766
49116	18766
49117	18768
49118	18768
49119	18768
49120	18768
49121	18768
49122	18767
49123	18766
49124	18766
49125	18765
49126	18766
49127	18765
49128	18765
49129	18765
49130	18765
49131	18766
49132	18766
49133	18767
49134	18767
49135	18767
49136	18767
49137	18767
49138	18766
49139	18766
49140	18765
49141	18765
49142	18764
49143	18764
49144	18766
49145	18766
49146	18766
49147	18768
49148	18768
49149	18768
49150	18767
49151	18767
49152	18767
49153	18769
49154	18769
49155	18769
49156	18769
49157	18769
49158	18771
49159	18770
49160	18770
49161	18771
49162	18770
49163	18771
49164	18771
49165	18770
49166	18770
49167	18770
49168	18769
49169	18768
49170	18770
49171	18770
49172	18770
49173	18770
49174	18771
49175	18771
49176	18771
49177	18771
49178	18773
49179	18773
49180	18774
49181	18774
49182	18774
49183	18774
49184	18776
49185	18776
49186	18775
49187	18775
49188	18775
49189	18774
49190	18774
49191	18773
49192	18774
49193	18774
49194	18773
49195	18773
49196	18773
49197	18772
49198	18772
49199	18772
49200	18773
49201	18773
49202	18773
49203	18773
49204	18774
49205	18773
49206	18773
49207	18773
49208	18773
49209	18773
49210	18772
49211	18773
49212	18773
49213	18773
49214	18775
49215	18775
49216	18775
49217	18776
49218	18775
49219	18774
49220	18774
49221	18773
49222	18772
49223	18772
49224	18772
49225	18772
49226	18773
49227	18773
49228	18772
49229	18772
49230	18771
49231	18771
49232	18771
49233	18771
49234	18770
49235	18770
49236	18771
49237	18771
49238	18771
49239	18770
49240	18770
49241	18770
49242	18770
49243	18770
49244	18771
49245	18771
49246	18770
49247	18770
49248	18770
49249	18771
49250	18771
49251	18773
49252	18773
49253	18773
49254	18773
49255	18772
49256	18772
49257	18771
49258	18771
49259	18771
49260	18770
49261	18772
49262	18772
49263	18771
49264	18771
49265	18770
49266	18770
49267	18770
49268	18771
49269	18770
49270	18770
49271	18769
49272	18769
49273	18769
49274	18769
49275	18770
49276	18770
49277	18770
49278	18772
49279	18771
49280	18771
49281	18770
49282	18770
49283	18770
49284	18770
49285	18769
49286	18768
49287	18770
49288	18770
49289	18770
49290	18770
49291	18770
49292	18770
49293	18770
49294	18770
49295	18772
49296	18772
49297	18771
49298	18772
49299	18774
49300	18774
49301	18774
49302	18776
49303	18777
49304	18777
49305	18776
49306	18776
49307	18775
49308	18774
49309	18774
49310	18773
49311	18773
49312	18773
49313	18773
49314	18774
49315	18773
49316	18773
49317	18772
49318	18772
49319	18772
49320	18771
49321	18770
49322	18770
49323	18770
49324	18769
49325	18769
49326	18770
49327	18771
49328	18770
49329	18769
49330	18771
49331	18771
49332	18771
49333	18773
49334	18773
49335	18774
49336	18774
49337	18774
49338	18774
49339	18774
49340	18774
49341	18776
49342	18776
49343	18775
49344	18775
49345	18775
49346	18774
49347	18773
49348	18773
49349	18772
49350	18774
49351	18774
49352	18776
49353	18776
49354	18776
49355	18775
49356	18774
49357	18774
49358	18773
49359	18774
49360	18774
49361	18774
49362	18774
49363	18774
49364	18775
49365	18775
49366	18775
49367	18775
49368	18775
49369	18775
49370	18774
49371	18775
49372	18774
49373	18774
49374	18774
49375	18776
49376	18776
49377	18775
49378	18776
49379	18777
49380	18777
49381	18776
49382	18775
49383	18775
49384	18775
49385	18775
49386	18777
49387	18777
49388	18777
49389	18776
49390	18778
49391	18777
49392	18777
49393	18777
49394	18777
49395	18777
49396	18777
49397	18777
49398	18777
49399	18776
49400	18778
49401	18777
49402	18778
49403	18778
49404	18777
49405	18779
49406	18779
49407	18778
49408	18780
49409	18780
49410	18781
49411	18780
49412	18780
49413	18782
49414	18783
49415	18783
49416	18782
49417	18783
49418	18782
49419	18783
49420	18782
49421	18782
49422	18782
49423	18784
49424	18784
49425	18784
49426	18784
49427	18784
49428	18783
49429	18782
49430	18782
49431	18784
49432	18784
49433	18783
49434	18782
49435	18782
49436	18781
49437	18780
49438	18780
49439	18780
49440	18780
49441	18779
49442	18779
49443	18779
49444	18778
49445	18778
49446	18778
49447	18778
49448	18777
49449	18776
49450	18775
49451	18774
49452	18776
49453	18776
49454	18778
49455	18778
49456	18778
49457	18778
49458	18778
49459	18778
49460	18780
49461	18780
49462	18780
49463	18779
49464	18778
49465	18778
49466	18778
49467	18778
49468	18778
49469	18778
49470	18777
49471	18776
49472	18776
49473	18776
49474	18777
49475	18777
49476	18777
49477	18777
49478	18777
49479	18778
49480	18778
49481	18778
49482	18777
49483	18776
49484	18776
49485	18776
49486	18775
49487	18775
49488	18774
49489	18775
49490	18775
49491	18775
49492	18774
49493	18773
49494	18773
49495	18773
49496	18773
49497	18772
49498	18773
49499	18773
49500	18774
49501	18774
49502	18775
49503	18775
49504	18776
49505	18776
49506	18776
49507	18776
49508	18776
49509	18776
49510	18775
49511	18775
49512	18776
49513	18776
49514	18776
49515	18776
49516	18776
49517	18775
49518	18775
49519	18774
49520	18774
49521	18773
49522	18772
49523	18771
49524	18771
49525	18771
49526	18770
49527	18772
49528	18772
49529	18772
49530	18773
49531	18772
49532	18772
49533	18772
49534	18772
49535	18772
49536	18771
49537	18770
49538	18770
49539	18769
49540	18769
49541	18769
49542	18768
49543	18768
49544	18769
49545	18768
49546	18769
49547	18769
49548	18769
49549	18768
49550	18768
49551	18770
49552	18770
49553	18769
49554	18769
49555	18768
49556	18768
49557	18769
49558	18769
49559	18769
49560	18769
49561	18768
49562	18768
49563	18767
49564	18768
49565	18767
49566	18767
49567	18767
49568	18766
49569	18766
49570	18765
49571	18765
49572	18766
49573	18765
49574	18765
49575	18765
49576	18765
49577	18765
49578	18766
49579	18765
49580	18765
49581	18766
49582	18766
49583	18765
49584	18766
49585	18768
49586	18768
49587	18768
49588	18770
49589	18770
49590	18770
49591	18770
49592	18769
49593	18768
49594	18770
49595	18770
49596	18770
49597	18769
49598	18768
49599	18767
49600	18767
49601	18769
49602	18769
49603	18768
49604	18768
49605	18767
49606	18766
49607	18768
49608	18768
49609	18768
49610	18767
49611	18766
49612	18766
49613	18767
49614	18766
49615	18766
49616	18766
49617	18765
49618	18764
49619	18764
49620	18766
49621	18766
49622	18766
49623	18766
49624	18765
49625	18766
49626	18765
49627	18767
49628	18766
49629	18766
49630	18766
49631	18766
49632	18766
49633	18767
49634	18767
49635	18766
49636	18766
49637	18767
49638	18767
49639	18768
49640	18768
49641	18768
49642	18769
49643	18769
49644	18769
49645	18769
49646	18769
49647	18770
49648	18770
49649	18772
49650	18772
49651	18771
49652	18771
49653	18773
49654	18773
49655	18774
49656	18774
49657	18776
49658	18776
49659	18777
49660	18777
49661	18777
49662	18777
49663	18777
49664	18776
49665	18776
49666	18775
49667	18775
49668	18775
49669	18775
49670	18775
49671	18776
49672	18775
49673	18775
49674	18775
49675	18777
49676	18777
49677	18778
49678	18778
49679	18778
49680	18778
49681	18777
49682	18777
49683	18777
49684	18777
49685	18779
49686	18779
49687	18781
49688	18780
49689	18779
49690	18778
49691	18777
49692	18776
49693	18776
49694	18776
49695	18776
49696	18776
49697	18776
49698	18776
49699	18776
49700	18776
49701	18775
49702	18774
49703	18775
49704	18775
49705	18776
49706	18776
49707	18776
49708	18775
49709	18775
49710	18775
49711	18775
49712	18774
49713	18773
49714	18773
49715	18774
49716	18776
49717	18776
49718	18775
49719	18774
49720	18773
49721	18773
49722	18775
49723	18775
49724	18775
49725	18777
49726	18778
49727	18778
49728	18777
49729	18776
49730	18776
49731	18776
49732	18776
49733	18775
49734	18775
49735	18774
49736	18774
49737	18775
49738	18775
49739	18775
49740	18774
49741	18773
49742	18773
49743	18773
49744	18773
49745	18773
49746	18773
49747	18775
49748	18775
49749	18777
49750	18777
49751	18777
49752	18778
49753	18779
49754	18778
49755	18778
49756	18778
49757	18777
49758	18777
49759	18777
49760	18777
49761	18777
49762	18776
49763	18775
49764	18775
49765	18776
49766	18776
49767	18775
49768	18774
49769	18774
49770	18774
49771	18773
49772	18775
49773	18775
49774	18775
49775	18774
49776	18774
49777	18773
49778	18773
49779	18772
49780	18774
49781	18773
49782	18773
49783	18772
49784	18771
49785	18771
49786	18770
49787	18770
49788	18769
49789	18769
49790	18770
49791	18771
49792	18770
49793	18770
49794	18772
49795	18771
49796	18771
49797	18770
49798	18770
49799	18772
49800	18772
49801	18771
49802	18771
49803	18770
49804	18770
49805	18769
49806	18768
49807	18768
49808	18768
49809	18768
49810	18767
49811	18767
49812	18767
49813	18769
49814	18769
49815	18768
49816	18768
49817	18768
49818	18768
49819	18767
49820	18767
49821	18767
49822	18766
49823	18766
49824	18768
49825	18768
49826	18768
49827	18768
49828	18770
49829	18770
49830	18770
49831	18770
49832	18770
49833	18770
49834	18769
49835	18769
49836	18768
49837	18769
49838	18768
49839	18767
49840	18766
49841	18766
49842	18767
49843	18767
49844	18767
49845	18767
49846	18768
49847	18767
49848	18767
49849	18767
49850	18766
49851	18766
49852	18767
49853	18767
49854	18767
49855	18767
49856	18766
49857	18766
49858	18765
49859	18765
49860	18766
49861	18766
49862	18765
49863	18767
49864	18767
49865	18767
49866	18766
49867	18766
49868	18767
49869	18767
49870	18768
49871	18768
49872	18768
49873	18768
49874	18767
49875	18767
49876	18769
49877	18769
49878	18769
49879	18769
49880	18769
49881	18768
49882	18768
49883	18768
49884	18769
49885	18769
49886	18769
49887	18771
49888	18772
49889	18772
49890	18771
49891	18773
49892	18773
49893	18774
49894	18774
49895	18773
49896	18772
49897	18771
49898	18771
49899	18771
49900	18770
49901	18772
49902	18772
49903	18772
49904	18772
49905	18772
49906	18772
49907	18772
49908	18771
49909	18771
49910	18773
49911	18773
49912	18775
49913	18775
49914	18775
49915	18777
49916	18777
49917	18777
49918	18779
49919	18780
49920	18780
49921	18779
49922	18778
49923	18778
49924	18777
49925	18777
49926	18777
49927	18778
49928	18778
49929	18777
49930	18779
49931	18779
49932	18779
49933	18779
49934	18779
49935	18779
49936	18778
49937	18777
49938	18778
49939	18778
49940	18778
49941	18778
49942	18778
49943	18778
49944	18778
49945	18778
49946	18778
49947	18779
49948	18779
49949	18778
49950	18778
49951	18777
49952	18777
49953	18776
49954	18778
49955	18778
49956	18778
49957	18779
49958	18780
49959	18779
49960	18779
49961	18780
49962	18779
49963	18780
49964	18780
49965	18780
49966	18780
49967	18779
49968	18779
49969	18778
49970	18777
49971	18777
49972	18776
49973	18776
49974	18776
49975	18776
49976	18775
49977	18774
49978	18773
49979	18773
49980	18773
49981	18773
49982	18775
49983	18775
49984	18774
49985	18776
49986	18775
49987	18775
49988	18775
49989	18777
49990	18777
49991	18778
49992	18777
49993	18776
49994	18778
49995	18778
49996	18778
49997	18777
49998	18777
49999	18777
50000	18778
50001	18777
50002	18777
50003	18778
50004	18780
50005	18780
50006	18779
50007	18779
50008	18778
50009	18779
50010	18778
50011	18778
50012	18778
50013	18778
50014	18778
50015	18777
50016	18777
50017	18779
50018	18779
50019	18778
50020	18778
50021	18777
50022	18777
50023	18777
50024	18777
50025	18778
50026	18778
50027	18778
50028	18778
50029	18777
50030	18777
50031	18777
50032	18776
50033	18776
50034	18776
50035	18775
50036	18775
50037	18775
50038	18776
50039	18776
50040	18778
50041	18778
50042	18778
50043	18778
50044	18778
50045	18778
50046	18778
50047	18779
50048	18778
50049	18777
50050	18777
50051	18777
50052	18777
50053	18777
50054	18777
50055	18778
50056	18777
50057	18778
50058	18778
50059	18777
50060	18778
50061	18779
50062	18778
50063	18778
50064	18780
50065	18780
50066	18779
50067	18779
50068	18779
50069	18779
50070	18779
50071	18778
50072	18778
50073	18777
50074	18777
50075	18778
50076	18779
50077	18779
50078	18779
50079	18779
50080	18779
50081	18778
50082	18778
50083	18779
50084	18779
50085	18781
50086	18781
50087	18781
50088	18783
50089	18783
50090	18783
50091	18783
50092	18785
50093	18785
50094	18786
50095	18786
50096	18786
50097	18786
50098	18786
50099	18785
50100	18784
50101	18783
50102	18783
50103	18783
50104	18783
50105	18783
50106	18785
50107	18785
50108	18785
50109	18785
50110	18785
50111	18786
50112	18785
50113	18784
50114	18783
50115	18783
50116	18783
50117	18783
50118	18782
50119	18781
50120	18781
50121	18781
50122	18780
50123	18779
50124	18779
50125	18780
50126	18780
50127	18780
50128	18779
50129	18779
50130	18779
50131	18779
50132	18778
50133	18778
50134	18778
50135	18777
50136	18777
50137	18779
50138	18778
50139	18778
50140	18778
50141	18778
50142	18778
50143	18780
50144	18780
50145	18782
50146	18782
50147	18781
50148	18780
50149	18782
50150	18782
50151	18782
50152	18781
50153	18781
50154	18781
50155	18783
50156	18785
50157	18784
50158	18784
50159	18784
50160	18783
50161	18783
50162	18782
50163	18782
50164	18782
50165	18783
50166	18782
50167	18782
50168	18784
50169	18783
50170	18783
50171	18783
50172	18782
50173	18782
50174	18782
50175	18782
50176	18782
50177	18784
50178	18784
50179	18784
50180	18784
50181	18783
50182	18783
50183	18783
50184	18783
50185	18782
50186	18782
50187	18782
50188	18781
50189	18781
50190	18781
50191	18781
50192	18780
50193	18780
50194	18780
50195	18779
50196	18780
50197	18780
50198	18780
50199	18780
50200	18779
50201	18779
50202	18779
50203	18779
50204	18781
50205	18780
50206	18780
50207	18780
50208	18780
50209	18779
50210	18780
50211	18779
50212	18779
50213	18779
50214	18779
50215	18779
50216	18779
50217	18779
50218	18778
50219	18779
50220	18778
50221	18777
50222	18777
50223	18777
50224	18777
50225	18777
50226	18778
50227	18778
50228	18778
50229	18777
50230	18777
50231	18778
50232	18778
50233	18777
50234	18777
50235	18777
50236	18777
50237	18776
50238	18775
50239	18774
50240	18774
50241	18775
50242	18774
50243	18774
50244	18774
50245	18774
50246	18773
50247	18773
50248	18774
50249	18774
50250	18776
50251	18776
50252	18775
50253	18774
50254	18774
50255	18774
50256	18774
50257	18776
50258	18776
50259	18778
50260	18777
50261	18777
50262	18777
50263	18777
50264	18777
50265	18777
50266	18776
50267	18776
50268	18776
50269	18776
50270	18777
50271	18776
50272	18776
50273	18776
50274	18775
50275	18775
50276	18776
50277	18776
50278	18776
50279	18777
50280	18778
50281	18778
50282	18779
50283	18778
50284	18777
50285	18778
50286	18778
50287	18779
50288	18779
50289	18779
50290	18780
50291	18781
50292	18780
50293	18781
50294	18780
50295	18780
50296	18780
50297	18780
50298	18779
50299	18779
50300	18779
50301	18781
50302	18781
50303	18780
50304	18780
50305	18779
50306	18779
50307	18779
50308	18781
50309	18781
50310	18781
50311	18781
50312	18781
50313	18781
50314	18780
50315	18780
50316	18780
50317	18781
50318	18780
50319	18782
50320	18782
50321	18784
50322	18784
50323	18784
50324	18785
50325	18784
50326	18784
50327	18784
50328	18784
50329	18786
50330	18786
50331	18786
50332	18786
50333	18786
50334	18785
50335	18784
50336	18784
50337	18784
50338	18784
50339	18784
50340	18786
50341	18787
50342	18787
50343	18787
50344	18786
50345	18786
50346	18786
50347	18786
50348	18785
50349	18786
50350	18786
50351	18787
50352	18787
50353	18787
50354	18787
50355	18787
50356	18786
50357	18785
50358	18784
50359	18783
50360	18782
50361	18781
50362	18781
50363	18781
50364	18781
50365	18781
50366	18782
50367	18782
50368	18782
50369	18782
50370	18783
50371	18782
50372	18781
50373	18781
50374	18780
50375	18779
50376	18779
50377	18778
50378	18779
50379	18779
50380	18779
50381	18779
50382	18779
50383	18779
50384	18778
50385	18778
50386	18780
50387	18780
50388	18780
50389	18780
50390	18779
50391	18779
50392	18778
50393	18778
50394	18777
50395	18777
50396	18777
50397	18777
50398	18777
50399	18778
50400	18777
50401	18777
50402	18777
50403	18777
50404	18777
50405	18777
50406	18777
50407	18776
50408	18775
50409	18775
50410	18775
50411	18775
50412	18777
50413	18777
50414	18776
50415	18776
50416	18777
50417	18777
50418	18777
50419	18777
50420	18777
50421	18777
50422	18776
50423	18775
50424	18775
50425	18775
50426	18774
50427	18774
50428	18773
50429	18772
50430	18772
50431	18771
50432	18770
50433	18771
50434	18771
50435	18771
50436	18771
50437	18770
50438	18770
50439	18770
50440	18770
50441	18770
50442	18771
50443	18771
50444	18770
50445	18769
50446	18768
50447	18767
50448	18766
50449	18766
50450	18766
50451	18766
50452	18765
50453	18766
50454	18765
50455	18766
50456	18765
50457	18766
50458	18766
50459	18766
50460	18765
50461	18766
50462	18766
50463	18766
50464	18767
50465	18766
50466	18768
50467	18768
50468	18768
50469	18768
50470	18768
50471	18768
50472	18767
50473	18766
50474	18766
50475	18766
50476	18765
50477	18764
50478	18764
50479	18765
50480	18765
50481	18765
50482	18767
50483	18766
50484	18765
50485	18765
50486	18764
50487	18764
50488	18764
50489	18764
50490	18764
50491	18764
50492	18764
50493	18764
50494	18765
50495	18767
50496	18767
50497	18766
50498	18766
50499	18766
50500	18766
50501	18766
50502	18766
50503	18767
50504	18768
50505	18768
50506	18767
50507	18767
50508	18767
50509	18767
50510	18767
50511	18767
50512	18767
50513	18767
50514	18768
50515	18768
50516	18768
50517	18768
50518	18767
50519	18767
50520	18767
50521	18768
50522	18767
50523	18766
50524	18767
50525	18766
50526	18766
50527	18765
50528	18765
50529	18765
50530	18765
50531	18766
50532	18765
50533	18765
50534	18764
50535	18764
50536	18764
50537	18765
50538	18764
50539	18765
50540	18764
50541	18764
50542	18764
50543	18764
50544	18764
50545	18764
50546	18764
50547	18763
50548	18762
50549	18762
50550	18763
50551	18764
50552	18764
50553	18764
50554	18764
50555	18765
50556	18765
50557	18767
50558	18767
50559	18766
50560	18766
50561	18765
50562	18765
50563	18766
50564	18766
50565	18768
50566	18767
50567	18767
50568	18766
50569	18765
50570	18765
50571	18765
50572	18764
50573	18763
50574	18762
50575	18762
50576	18762
50577	18761
50578	18762
50579	18762
50580	18761
50581	18761
50582	18761
50583	18761
50584	18761
50585	18763
50586	18763
50587	18765
50588	18765
50589	18765
50590	18765
50591	18767
50592	18767
50593	18766
50594	18766
50595	18766
50596	18765
50597	18765
50598	18764
50599	18765
50600	18765
50601	18765
50602	18765
50603	18765
50604	18765
50605	18765
50606	18765
50607	18764
50608	18764
50609	18764
50610	18764
50611	18765
50612	18766
50613	18766
50614	18766
50615	18766
50616	18765
50617	18765
50618	18765
50619	18765
50620	18765
50621	18765
50622	18766
50623	18768
50624	18768
50625	18768
50626	18767
50627	18767
50628	18766
50629	18766
50630	18767
50631	18766
50632	18766
50633	18766
50634	18765
50635	18765
50636	18765
50637	18764
50638	18764
50639	18766
50640	18766
50641	18765
50642	18764
50643	18764
50644	18765
50645	18764
50646	18763
50647	18763
50648	18762
50649	18762
50650	18762
50651	18762
50652	18764
50653	18764
50654	18763
50655	18762
50656	18761
50657	18762
50658	18762
50659	18761
50660	18760
50661	18760
50662	18759
50663	18759
50664	18759
50665	18759
50666	18759
50667	18759
50668	18760
50669	18762
50670	18762
50671	18762
50672	18763
50673	18763
50674	18765
50675	18765
50676	18767
50677	18767
50678	18768
50679	18768
50680	18768
50681	18768
50682	18768
50683	18767
50684	18767
50685	18767
50686	18767
50687	18766
50688	18766
50689	18766
50690	18766
50691	18766
50692	18768
50693	18768
50694	18767
50695	18768
50696	18768
50697	18767
50698	18767
50699	18767
50700	18767
50701	18767
50702	18769
50703	18768
50704	18767
50705	18766
50706	18767
50707	18766
50708	18766
50709	18766
50710	18765
50711	18764
50712	18763
50713	18763
50714	18762
50715	18761
50716	18763
50717	18763
50718	18763
50719	18763
50720	18765
50721	18765
50722	18766
50723	18765
50724	18764
50725	18765
50726	18766
50727	18765
50728	18765
50729	18765
50730	18765
50731	18765
50732	18764
50733	18765
50734	18765
50735	18765
50736	18764
50737	18764
50738	18765
50739	18765
50740	18764
50741	18763
50742	18765
50743	18764
50744	18764
50745	18763
50746	18763
50747	18763
50748	18764
50749	18764
50750	18764
50751	18763
50752	18763
50753	18763
50754	18762
50755	18761
50756	18761
50757	18763
50758	18763
50759	18762
50760	18762
50761	18763
50762	18764
50763	18764
50764	18764
50765	18765
50766	18765
50767	18764
50768	18764
50769	18763
50770	18762
50771	18761
50772	18760
50773	18759
50774	18758
50775	18760
50776	18760
50777	18760
50778	18759
50779	18758
50780	18758
50781	18757
50782	18757
50783	18757
50784	18757
50785	18758
50786	18758
50787	18759
50788	18759
50789	18759
50790	18759
50791	18760
50792	18759
50793	18758
50794	18758
50795	18758
50796	18758
50797	18758
50798	18758
50799	18759
50800	18758
50801	18758
50802	18758
50803	18758
50804	18757
50805	18757
50806	18756
50807	18756
50808	18755
50809	18756
50810	18758
50811	18757
50812	18757
50813	18758
50814	18758
50815	18757
50816	18756
50817	18756
50818	18756
50819	18756
50820	18756
50821	18756
50822	18755
50823	18755
50824	18756
50825	18756
50826	18755
50827	18754
50828	18753
50829	18753
50830	18753
50831	18753
50832	18752
50833	18753
50834	18754
50835	18754
50836	18753
50837	18753
50838	18753
50839	18753
50840	18754
50841	18755
50842	18755
50843	18755
50844	18755
50845	18755
50846	18755
50847	18755
50848	18756
50849	18756
50850	18755
50851	18754
50852	18754
50853	18756
50854	18756
50855	18756
50856	18755
50857	18754
50858	18754
50859	18754
50860	18754
50861	18753
50862	18753
50863	18753
50864	18752
50865	18751
50866	18752
50867	18752
50868	18754
50869	18754
50870	18754
50871	18754
50872	18754
50873	18754
50874	18753
50875	18752
50876	18754
50877	18756
50878	18756
50879	18755
50880	18754
50881	18753
50882	18753
50883	18753
50884	18752
50885	18754
50886	18754
50887	18753
50888	18753
50889	18753
50890	18753
50891	18753
50892	18752
50893	18754
50894	18754
50895	18753
50896	18753
50897	18752
50898	18752
50899	18752
50900	18752
50901	18752
50902	18751
50903	18750
50904	18749
50905	18749
50906	18750
50907	18750
50908	18750
50909	18749
50910	18749
50911	18749
50912	18749
50913	18749
50914	18749
50915	18749
50916	18751
50917	18751
50918	18751
50919	18751
50920	18751
50921	18751
50922	18751
50923	18751
50924	18752
50925	18752
50926	18754
50927	18754
50928	18754
50929	18753
50930	18755
50931	18755
50932	18755
50933	18754
50934	18754
50935	18753
50936	18753
50937	18755
50938	18755
50939	18755
50940	18754
50941	18754
50942	18754
50943	18753
50944	18753
50945	18753
50946	18753
50947	18753
50948	18753
50949	18755
50950	18755
50951	18755
50952	18756
50953	18755
50954	18755
50955	18755
50956	18756
50957	18756
50958	18756
50959	18757
50960	18757
50961	18757
50962	18759
50963	18759
50964	18759
50965	18758
50966	18758
50967	18758
50968	18758
50969	18758
50970	18758
50971	18758
50972	18758
50973	18758
50974	18760
50975	18760
50976	18759
50977	18759
50978	18759
50979	18758
50980	18760
50981	18760
50982	18761
50983	18761
50984	18762
50985	18762
50986	18761
50987	18760
50988	18760
50989	18760
50990	18759
50991	18759
50992	18758
50993	18757
50994	18758
50995	18760
50996	18762
50997	18761
50998	18761
50999	18761
51000	18760
51001	18760
51002	18760
51003	18760
51004	18760
51005	18760
51006	18759
51007	18759
51008	18759
51009	18759
51010	18758
51011	18757
51012	18756
51013	18755
51014	18756
51015	18756
51016	18756
51017	18755
51018	18754
51019	18754
51020	18754
51021	18754
51022	18754
51023	18753
51024	18753
51025	18754
51026	18754
51027	18753
51028	18753
51029	18754
51030	18754
51031	18755
51032	18755
51033	18757
51034	18757
51035	18757
51036	18758
51037	18760
51038	18760
51039	18759
51040	18759
51041	18761
51042	18761
51043	18762
51044	18764
51045	18764
51046	18763
51047	18763
51048	18763
51049	18762
51050	18761
51051	18761
51052	18760
51053	18760
51054	18760
51055	18761
51056	18760
51057	18760
51058	18761
51059	18761
51060	18761
51061	18761
51062	18760
51063	18761
51064	18763
51065	18763
51066	18763
51067	18763
51068	18762
51069	18764
51070	18763
51071	18762
51072	18762
51073	18763
51074	18763
51075	18762
51076	18762
51077	18762
51078	18762
51079	18761
51080	18761
51081	18761
51082	18760
51083	18760
51084	18762
51085	18762
51086	18762
51087	18761
51088	18761
51089	18763
51090	18762
51091	18762
51092	18762
51093	18762
51094	18761
51095	18761
51096	18760
51097	18760
51098	18760
51099	18760
51100	18759
51101	18758
51102	18760
51103	18760
51104	18760
51105	18760
51106	18759
51107	18760
51108	18760
51109	18760
51110	18762
51111	18762
51112	18762
51113	18764
51114	18765
51115	18765
51116	18764
51117	18766
51118	18765
51119	18765
51120	18765
51121	18765
51122	18765
51123	18765
51124	18765
51125	18765
51126	18765
51127	18764
51128	18763
51129	18762
51130	18762
51131	18762
51132	18761
51133	18761
51134	18762
51135	18762
51136	18764
51137	18764
51138	18763
51139	18762
51140	18762
51141	18763
51142	18762
51143	18762
51144	18762
51145	18762
51146	18762
51147	18761
51148	18761
51149	18763
51150	18763
51151	18765
51152	18765
51153	18764
51154	18763
51155	18763
51156	18763
51157	18763
51158	18765
51159	18764
51160	18765
51161	18764
51162	18764
51163	18764
51164	18764
51165	18766
51166	18766
51167	18765
51168	18765
51169	18767
51170	18766
51171	18766
51172	18765
51173	18765
51174	18765
51175	18765
51176	18765
51177	18765
51178	18765
51179	18765
51180	18765
51181	18767
51182	18766
51183	18765
51184	18766
51185	18768
51186	18768
51187	18770
51188	18770
51189	18770
51190	18772
51191	18771
51192	18772
51193	18772
51194	18772
51195	18771
51196	18770
51197	18770
51198	18770
51199	18770
51200	18770
51201	18772
51202	18772
51203	18772
51204	18771
51205	18771
51206	18771
51207	18771
51208	18771
51209	18771
51210	18770
51211	18770
51212	18770
51213	18770
51214	18772
51215	18771
51216	18771
51217	18771
51218	18770
51219	18770
51220	18770
51221	18770
51222	18771
51223	18771
51224	18771
51225	18771
51226	18773
51227	18772
51228	18771
51229	18772
51230	18772
51231	18772
51232	18771
51233	18771
51234	18771
51235	18770
51236	18770
51237	18771
51238	18770
51239	18770
51240	18771
51241	18773
51242	18773
51243	18773
51244	18775
51245	18774
51246	18776
51247	18775
51248	18775
51249	18775
51250	18774
51251	18774
51252	18774
51253	18774
51254	18774
51255	18774
51256	18775
51257	18775
51258	18777
51259	18777
51260	18777
51261	18777
51262	18777
51263	18777
51264	18776
51265	18776
51266	18778
51267	18777
51268	18777
51269	18777
51270	18777
51271	18777
51272	18776
51273	18776
51274	18776
51275	18777
51276	18776
51277	18778
51278	18780
51279	18780
51280	18780
51281	18779
51282	18779
51283	18779
51284	18779
51285	18778
51286	18780
51287	18780
51288	18782
51289	18781
51290	18781
51291	18781
51292	18781
51293	18783
51294	18783
51295	18783
51296	18783
51297	18782
51298	18781
51299	18782
51300	18782
51301	18784
51302	18784
51303	18784
51304	18783
51305	18783
51306	18782
51307	18782
51308	18781
51309	18781
51310	18781
51311	18780
51312	18779
51313	18778
51314	18778
51315	18778
51316	18779
51317	18778
51318	18778
51319	18777
51320	18778
51321	18778
51322	18780
51323	18780
51324	18780
51325	18780
51326	18779
51327	18778
51328	18777
51329	18778
51330	18777
51331	18779
51332	18779
51333	18779
51334	18779
51335	18779
51336	18779
51337	18778
51338	18778
51339	18778
51340	18778
51341	18778
51342	18780
51343	18779
51344	18779
51345	18779
51346	18781
51347	18783
51348	18783
51349	18783
51350	18783
51351	18785
51352	18785
51353	18785
51354	18785
51355	18785
51356	18784
51357	18783
51358	18782
51359	18783
51360	18783
51361	18783
51362	18783
51363	18783
51364	18783
51365	18784
51366	18784
51367	18784
51368	18784
51369	18784
51370	18784
51371	18784
51372	18786
51373	18786
51374	18786
51375	18786
51376	18785
51377	18785
51378	18787
51379	18787
51380	18786
51381	18785
51382	18785
51383	18784
51384	18784
51385	18784
51386	18783
51387	18783
51388	18784
51389	18784
51390	18784
51391	18784
51392	18785
51393	18784
51394	18784
51395	18784
51396	18784
51397	18784
51398	18783
51399	18783
51400	18783
51401	18784
51402	18784
51403	18784
51404	18784
51405	18784
51406	18785
51407	18787
51408	18787
51409	18787
51410	18787
51411	18786
51412	18786
51413	18786
51414	18787
51415	18787
51416	18789
51417	18789
51418	18788
51419	18788
51420	18788
51421	18788
51422	18787
51423	18788
51424	18787
51425	18787
51426	18786
51427	18786
51428	18788
51429	18787
51430	18788
51431	18787
51432	18787
51433	18787
51434	18786
51435	18786
51436	18786
51437	18786
51438	18787
51439	18787
51440	18786
51441	18786
51442	18785
51443	18784
51444	18784
51445	18784
51446	18784
51447	18784
51448	18783
51449	18783
51450	18785
51451	18785
51452	18784
51453	18784
51454	18786
51455	18786
51456	18788
51457	18787
51458	18787
51459	18787
51460	18787
51461	18786
51462	18786
51463	18787
51464	18786
51465	18786
51466	18786
51467	18786
51468	18786
51469	18786
51470	18785
51471	18784
51472	18785
51473	18785
51474	18784
51475	18785
51476	18785
51477	18785
51478	18786
51479	18785
51480	18785
51481	18785
51482	18785
51483	18785
51484	18787
51485	18787
51486	18787
51487	18787
51488	18787
51489	18786
51490	18785
51491	18787
51492	18787
51493	18787
51494	18786
51495	18786
51496	18786
51497	18786
51498	18785
51499	18785
51500	18785
51501	18785
51502	18785
51503	18785
51504	18785
51505	18785
51506	18785
51507	18785
51508	18784
51509	18783
51510	18784
51511	18785
51512	18784
51513	18783
51514	18783
51515	18784
51516	18784
51517	18783
51518	18783
51519	18782
51520	18781
51521	18781
51522	18781
51523	18781
51524	18780
51525	18780
51526	18780
51527	18780
51528	18780
51529	18780
51530	18780
51531	18780
51532	18781
51533	18780
51534	18780
51535	18780
51536	18780
51537	18781
51538	18781
51539	18780
51540	18779
51541	18779
51542	18781
51543	18780
51544	18780
51545	18780
51546	18779
51547	18781
51548	18781
51549	18781
51550	18781
51551	18781
51552	18781
51553	18781
51554	18781
51555	18780
51556	18780
51557	18781
51558	18780
51559	18781
51560	18780
51561	18779
51562	18779
51563	18779
51564	18779
51565	18779
51566	18779
51567	18780
51568	18780
51569	18780
51570	18781
51571	18783
51572	18783
51573	18782
51574	18781
51575	18781
51576	18782
51577	18781
51578	18781
51579	18781
51580	18782
51581	18781
51582	18782
51583	18782
51584	18781
51585	18781
51586	18781
51587	18780
51588	18780
51589	18780
51590	18780
51591	18780
51592	18780
51593	18782
51594	18781
51595	18782
51596	18781
51597	18783
51598	18783
51599	18782
51600	18782
51601	18782
51602	18782
51603	18782
51604	18782
51605	18782
51606	18781
51607	18782
51608	18781
51609	18782
51610	18782
51611	18782
51612	18782
51613	18782
51614	18783
51615	18783
51616	18783
51617	18784
51618	18784
51619	18784
51620	18785
51621	18785
51622	18785
51623	18786
51624	18786
51625	18786
51626	18786
51627	18785
51628	18787
51629	18787
51630	18789
51631	18789
51632	18789
51633	18789
51634	18789
51635	18790
51636	18790
51637	18790
51638	18790
51639	18790
51640	18790
51641	18790
51642	18790
51643	18790
51644	18791
51645	18791
51646	18790
51647	18790
51648	18790
51649	18790
51650	18790
51651	18789
51652	18788
51653	18787
51654	18788
51655	18787
51656	18787
51657	18787
51658	18787
51659	18786
51660	18786
51661	18785
51662	18784
51663	18784
51664	18784
51665	18783
51666	18782
51667	18783
51668	18782
51669	18781
51670	18780
51671	18781
51672	18781
51673	18780
51674	18780
51675	18780
51676	18779
51677	18779
51678	18780
51679	18780
51680	18781
51681	18780
51682	18780
51683	18779
51684	18780
51685	18782
51686	18782
51687	18782
51688	18783
51689	18783
51690	18783
51691	18783
51692	18782
51693	18782
51694	18782
51695	18781
51696	18780
51697	18780
51698	18780
51699	18781
51700	18780
51701	18780
51702	18781
51703	18780
51704	18780
51705	18780
51706	18779
51707	18779
51708	18779
51709	18779
51710	18781
51711	18781
51712	18781
51713	18781
51714	18780
51715	18780
51716	18780
51717	18780
51718	18780
51719	18780
51720	18779
51721	18779
51722	18779
51723	18779
51724	18778
51725	18778
51726	18779
51727	18779
51728	18780
51729	18780
51730	18780
51731	18779
51732	18778
51733	18778
51734	18779
51735	18779
51736	18779
51737	18778
51738	18778
51739	18778
51740	18778
51741	18777
51742	18776
51743	18776
51744	18775
51745	18775
51746	18775
51747	18776
51748	18776
51749	18776
51750	18776
51751	18777
51752	18777
51753	18776
51754	18778
51755	18778
51756	18777
51757	18776
51758	18775
51759	18775
51760	18775
51761	18775
51762	18775
51763	18775
51764	18776
51765	18776
51766	18775
51767	18776
51768	18776
51769	18775
51770	18776
51771	18778
51772	18778
51773	18778
51774	18780
51775	18781
51776	18781
51777	18780
51778	18780
51779	18780
51780	18780
51781	18779
51782	18780
51783	18780
51784	18780
51785	18780
51786	18780
51787	18780
51788	18780
51789	18779
51790	18779
51791	18779
51792	18778
51793	18777
51794	18777
51795	18777
51796	18777
51797	18777
51798	18777
51799	18777
51800	18777
51801	18777
51802	18778
51803	18777
51804	18777
51805	18777
51806	18779
51807	18779
51808	18779
51809	18781
51810	18781
51811	18783
51812	18783
51813	18784
51814	18784
51815	18784
51816	18784
51817	18783
51818	18782
51819	18781
51820	18780
51821	18780
51822	18782
51823	18782
51824	18782
51825	18781
51826	18782
51827	18781
51828	18781
51829	18780
51830	18779
51831	18779
51832	18779
51833	18779
51834	18779
51835	18779
51836	18779
51837	18781
51838	18780
51839	18779
51840	18779
51841	18779
51842	18779
51843	18778
51844	18778
51845	18777
51846	18777
51847	18776
51848	18776
51849	18778
51850	18778
51851	18778
51852	18780
51853	18779
51854	18779
51855	18779
51856	18778
51857	18777
51858	18776
51859	18778
51860	18778
51861	18778
51862	18778
51863	18778
51864	18777
51865	18776
51866	18775
51867	18775
51868	18775
51869	18774
51870	18774
51871	18774
51872	18773
51873	18774
51874	18774
51875	18775
51876	18775
51877	18775
51878	18775
51879	18775
51880	18774
51881	18773
51882	18772
51883	18771
51884	18771
51885	18771
51886	18771
51887	18771
51888	18771
51889	18772
51890	18771
51891	18771
51892	18771
51893	18771
51894	18771
51895	18771
51896	18770
51897	18770
51898	18772
51899	18772
51900	18771
51901	18771
51902	18771
51903	18770
51904	18770
51905	18769
51906	18770
51907	18770
51908	18770
51909	18769
51910	18769
51911	18769
51912	18770
51913	18769
51914	18769
51915	18770
51916	18770
51917	18770
51918	18770
51919	18770
51920	18770
51921	18771
51922	18770
51923	18771
51924	18771
51925	18771
51926	18771
51927	18771
51928	18772
51929	18771
51930	18770
51931	18769
51932	18768
51933	18768
51934	18767
51935	18767
51936	18767
51937	18769
51938	18769
51939	18768
51940	18769
51941	18769
51942	18769
51943	18768
51944	18768
51945	18768
51946	18768
51947	18768
51948	18770
51949	18770
51950	18769
51951	18769
51952	18769
51953	18769
51954	18770
51955	18769
51956	18768
51957	18768
51958	18767
51959	18766
51960	18766
51961	18765
51962	18765
51963	18765
51964	18765
51965	18765
51966	18766
51967	18766
51968	18766
51969	18766
51970	18766
51971	18766
51972	18768
51973	18768
51974	18767
51975	18767
51976	18767
51977	18766
51978	18767
51979	18767
51980	18767
51981	18768
51982	18768
51983	18770
51984	18770
51985	18770
51986	18772
51987	18771
51988	18773
51989	18773
51990	18773
51991	18773
51992	18773
51993	18772
51994	18772
51995	18771
51996	18771
51997	18771
51998	18771
51999	18771
52000	18772
52001	18771
52002	18771
52003	18771
52004	18771
52005	18770
52006	18770
52007	18772
52008	18772
52009	18774
52010	18774
52011	18774
52012	18774
52013	18773
52014	18773
52015	18773
52016	18772
52017	18771
52018	18770
52019	18771
52020	18770
52021	18772
52022	18772
52023	18771
52024	18772
52025	18774
52026	18774
52027	18774
52028	18773
52029	18773
52030	18773
52031	18775
52032	18775
52033	18774
52034	18775
52035	18775
52036	18775
52037	18775
52038	18774
52039	18774
52040	18773
52041	18772
52042	18772
52043	18771
52044	18771
52045	18773
52046	18772
52047	18772
52048	18773
52049	18773
52050	18773
52051	18772
52052	18772
52053	18773
52054	18773
52055	18773
52056	18775
52057	18775
52058	18777
52059	18777
52060	18777
52061	18776
52062	18776
52063	18776
52064	18776
52065	18775
52066	18774
52067	18774
52068	18775
52069	18774
52070	18774
52071	18773
52072	18773
52073	18773
52074	18772
52075	18774
52076	18774
52077	18774
52078	18774
52079	18774
52080	18774
52081	18773
52082	18773
52083	18773
52084	18773
52085	18775
52086	18775
52087	18774
52088	18775
52089	18775
52090	18775
52091	18775
52092	18775
52093	18775
52094	18774
52095	18774
52096	18773
52097	18773
52098	18775
52099	18774
52100	18773
52101	18774
52102	18774
52103	18773
52104	18772
52105	18772
52106	18772
52107	18771
52108	18771
52109	18771
52110	18773
52111	18773
52112	18773
52113	18775
52114	18776
52115	18775
52116	18775
52117	18774
52118	18774
52119	18774
52120	18774
52121	18773
52122	18773
52123	18772
52124	18773
52125	18772
52126	18774
52127	18774
52128	18774
52129	18773
52130	18775
52131	18775
52132	18776
52133	18778
52134	18778
52135	18778
52136	18778
52137	18778
52138	18777
52139	18776
52140	18776
52141	18775
52142	18775
52143	18774
52144	18774
52145	18774
52146	18775
52147	18775
52148	18775
52149	18776
52150	18776
52151	18776
52152	18776
52153	18775
52154	18775
52155	18774
52156	18774
52157	18773
52158	18773
52159	18774
52160	18774
52161	18773
52162	18772
52163	18772
52164	18771
52165	18770
52166	18769
52167	18771
52168	18770
52169	18769
52170	18769
52171	18768
52172	18768
52173	18768
52174	18767
52175	18766
52176	18766
52177	18766
52178	18765
52179	18766
52180	18768
52181	18767
52182	18767
52183	18767
52184	18766
52185	18767
52186	18767
52187	18767
52188	18767
52189	18767
52190	18768
52191	18768
52192	18768
52193	18768
52194	18768
52195	18768
52196	18768
52197	18770
52198	18770
52199	18770
52200	18770
52201	18770
52202	18770
52203	18770
52204	18772
52205	18772
52206	18771
52207	18770
52208	18769
52209	18769
52210	18769
52211	18769
52212	18768
52213	18768
52214	18767
52215	18767
52216	18767
52217	18767
52218	18767
52219	18766
52220	18766
52221	18766
52222	18766
52223	18767
52224	18767
52225	18767
52226	18768
52227	18768
52228	18767
52229	18767
52230	18767
52231	18767
52232	18767
52233	18767
52234	18767
52235	18766
52236	18766
52237	18768
52238	18768
52239	18767
52240	18769
52241	18769
52242	18768
52243	18768
52244	18768
52245	18768
52246	18768
52247	18767
52248	18766
52249	18766
52250	18765
52251	18765
52252	18764
52253	18764
52254	18764
52255	18764
52256	18763
52257	18765
52258	18764
52259	18764
52260	18763
52261	18762
52262	18762
52263	18762
52264	18762
52265	18762
52266	18762
52267	18761
52268	18761
52269	18761
52270	18763
52271	18763
52272	18763
52273	18763
52274	18762
52275	18761
52276	18761
52277	18760
52278	18759
52279	18759
52280	18759
52281	18761
52282	18760
52283	18759
52284	18759
52285	18759
52286	18759
52287	18758
52288	18757
52289	18757
52290	18757
52291	18757
52292	18759
52293	18759
52294	18759
52295	18759
52296	18759
52297	18758
52298	18758
52299	18758
52300	18758
52301	18757
52302	18757
52303	18758
52304	18758
52305	18757
52306	18757
52307	18757
52308	18757
52309	18757
52310	18758
52311	18758
52312	18759
52313	18758
52314	18757
52315	18758
52316	18758
52317	18758
52318	18758
52319	18757
52320	18757
52321	18756
52322	18756
52323	18756
52324	18755
52325	18755
52326	18757
52327	18757
52328	18757
52329	18759
52330	18759
52331	18759
52332	18759
52333	18759
52334	18759
52335	18759
52336	18759
52337	18759
52338	18759
52339	18759
52340	18759
52341	18759
52342	18759
52343	18759
52344	18758
52345	18757
52346	18757
52347	18757
52348	18757
52349	18759
52350	18759
52351	18759
52352	18759
52353	18758
52354	18757
52355	18756
52356	18756
52357	18756
52358	18756
52359	18757
52360	18756
52361	18757
52362	18757
52363	18757
52364	18757
52365	18759
52366	18759
52367	18759
52368	18760
52369	18760
52370	18760
52371	18760
52372	18760
52373	18762
52374	18762
52375	18761
52376	18761
52377	18763
52378	18763
52379	18763
52380	18762
52381	18762
52382	18763
52383	18762
52384	18762
52385	18763
52386	18763
52387	18763
52388	18763
52389	18762
52390	18762
52391	18762
52392	18761
52393	18762
52394	18761
52395	18761
52396	18761
52397	18760
52398	18760
52399	18760
52400	18760
52401	18760
52402	18761
52403	18761
52404	18761
52405	18760
52406	18762
52407	18762
52408	18761
52409	18761
52410	18762
52411	18762
52412	18762
52413	18764
52414	18764
52415	18763
52416	18763
52417	18763
52418	18763
52419	18764
52420	18765
52421	18765
52422	18765
52423	18764
52424	18764
52425	18763
52426	18762
52427	18762
52428	18761
52429	18760
52430	18760
52431	18761
52432	18762
52433	18762
52434	18761
52435	18761
52436	18761
52437	18761
52438	18761
52439	18761
52440	18763
52441	18763
52442	18762
52443	18762
52444	18761
52445	18761
52446	18760
52447	18760
52448	18759
52449	18759
52450	18758
52451	18758
52452	18757
52453	18757
52454	18757
52455	18756
52456	18756
52457	18756
52458	18755
52459	18754
52460	18754
52461	18753
52462	18752
52463	18752
52464	18752
52465	18752
52466	18751
52467	18753
52468	18753
52469	18752
52470	18752
52471	18752
52472	18751
52473	18752
52474	18751
52475	18751
52476	18750
52477	18752
52478	18752
52479	18751
52480	18753
52481	18753
52482	18753
52483	18753
52484	18753
52485	18753
52486	18753
52487	18755
52488	18755
52489	18755
52490	18756
52491	18755
52492	18756
52493	18757
52494	18757
52495	18757
52496	18758
52497	18758
52498	18760
52499	18760
52500	18759
52501	18759
52502	18759
52503	18758
52504	18757
52505	18757
52506	18757
52507	18759
52508	18760
52509	18759
52510	18758
52511	18758
52512	18757
52513	18756
52514	18756
52515	18756
52516	18756
52517	18758
52518	18757
52519	18757
52520	18756
52521	18755
52522	18754
52523	18754
52524	18753
52525	18753
52526	18752
52527	18752
52528	18752
52529	18751
52530	18751
52531	18751
52532	18750
52533	18750
52534	18750
52535	18750
52536	18750
52537	18749
52538	18750
52539	18750
52540	18749
52541	18749
52542	18749
52543	18751
52544	18751
52545	18751
52546	18751
52547	18751
52548	18750
52549	18750
52550	18750
52551	18749
52552	18750
52553	18752
52554	18752
52555	18752
52556	18754
52557	18754
52558	18753
52559	18753
52560	18755
52561	18755
52562	18755
52563	18754
52564	18754
52565	18753
52566	18753
52567	18753
52568	18753
52569	18752
52570	18752
52571	18751
52572	18751
52573	18751
52574	18751
52575	18752
52576	18751
52577	18751
52578	18753
52579	18753
52580	18753
52581	18752
52582	18752
52583	18752
52584	18752
52585	18752
52586	18753
52587	18753
52588	18752
52589	18751
52590	18751
52591	18751
52592	18753
52593	18753
52594	18752
52595	18752
52596	18754
52597	18754
52598	18753
52599	18753
52600	18754
52601	18754
52602	18754
52603	18754
52604	18754
52605	18753
52606	18755
52607	18755
52608	18755
52609	18754
52610	18753
52611	18753
52612	18753
52613	18753
52614	18754
52615	18754
52616	18754
52617	18754
52618	18754
52619	18754
52620	18756
52621	18757
52622	18757
52623	18757
52624	18758
52625	18759
52626	18759
52627	18758
52628	18759
52629	18759
52630	18759
52631	18759
52632	18759
52633	18758
52634	18757
52635	18757
52636	18757
52637	18757
52638	18757
52639	18756
52640	18756
52641	18756
52642	18756
52643	18756
52644	18757
52645	18758
52646	18758
52647	18757
52648	18757
52649	18756
52650	18756
52651	18756
52652	18756
52653	18758
52654	18758
52655	18758
52656	18759
52657	18761
52658	18761
52659	18761
52660	18763
52661	18763
52662	18763
52663	18764
52664	18764
52665	18763
52666	18765
52667	18764
52668	18765
52669	18765
52670	18765
52671	18766
52672	18765
52673	18764
52674	18765
52675	18765
52676	18767
52677	18766
52678	18765
52679	18764
52680	18764
52681	18764
52682	18764
52683	18764
52684	18766
52685	18765
52686	18767
52687	18766
52688	18766
52689	18765
52690	18765
52691	18765
52692	18764
52693	18764
52694	18764
52695	18763
52696	18762
52697	18764
52698	18764
52699	18763
52700	18763
52701	18762
52702	18762
52703	18762
52704	18761
52705	18761
52706	18760
52707	18760
52708	18760
52709	18759
52710	18759
52711	18761
52712	18760
52713	18762
52714	18762
52715	18762
52716	18762
52717	18762
52718	18762
52719	18764
52720	18764
52721	18765
52722	18765
52723	18764
52724	18766
52725	18766
52726	18767
52727	18768
52728	18768
52729	18768
52730	18768
52731	18768
52732	18767
52733	18767
52734	18767
52735	18767
52736	18766
52737	18767
52738	18767
52739	18767
52740	18766
52741	18767
52742	18767
52743	18767
52744	18767
52745	18768
52746	18768
52747	18768
52748	18767
52749	18767
52750	18769
52751	18769
52752	18769
52753	18770
52754	18770
52755	18771
52756	18771
52757	18771
52758	18771
52759	18770
52760	18770
52761	18769
52762	18769
52763	18769
52764	18769
52765	18769
52766	18768
52767	18768
52768	18769
52769	18771
52770	18770
52771	18769
52772	18769
52773	18768
52774	18767
52775	18766
52776	18765
52777	18766
52778	18766
52779	18766
52780	18766
52781	18765
52782	18767
52783	18767
52784	18767
52785	18767
52786	18766
52787	18765
52788	18765
52789	18765
52790	18764
52791	18764
52792	18764
52793	18764
52794	18763
52795	18763
52796	18762
52797	18762
52798	18762
52799	18762
52800	18761
52801	18761
52802	18761
52803	18761
52804	18762
52805	18761
52806	18761
52807	18761
52808	18761
52809	18763
52810	18763
52811	18763
52812	18764
52813	18764
52814	18764
52815	18766
52816	18766
52817	18767
52818	18767
52819	18767
52820	18767
52821	18766
52822	18765
52823	18766
52824	18765
52825	18765
52826	18765
52827	18765
52828	18765
52829	18766
52830	18766
52831	18765
52832	18764
52833	18764
52834	18763
52835	18763
52836	18763
52837	18762
52838	18762
52839	18762
52840	18762
52841	18762
52842	18762
52843	18761
52844	18761
52845	18761
52846	18761
52847	18761
52848	18760
52849	18759
52850	18758
52851	18758
52852	18757
52853	18757
52854	18759
52855	18760
52856	18759
52857	18759
52858	18761
52859	18763
52860	18763
52861	18763
52862	18765
52863	18764
52864	18765
52865	18764
52866	18763
52867	18762
52868	18761
52869	18760
52870	18759
52871	18758
52872	18758
52873	18758
52874	18758
52875	18758
52876	18757
52877	18757
52878	18759
52879	18759
52880	18761
52881	18760
52882	18760
52883	18760
52884	18760
52885	18760
52886	18761
52887	18761
52888	18761
52889	18760
52890	18759
52891	18758
52892	18758
52893	18757
52894	18757
52895	18757
52896	18759
52897	18759
52898	18759
52899	18759
52900	18759
52901	18759
52902	18758
52903	18760
52904	18760
52905	18760
52906	18760
52907	18760
52908	18760
52909	18759
52910	18758
52911	18759
52912	18758
52913	18759
52914	18759
52915	18759
52916	18760
52917	18760
52918	18760
52919	18759
52920	18758
52921	18758
52922	18758
52923	18760
52924	18760
52925	18760
52926	18760
52927	18762
52928	18761
52929	18760
52930	18760
52931	18759
52932	18760
52933	18760
52934	18760
52935	18762
52936	18761
52937	18761
52938	18763
52939	18763
52940	18764
52941	18763
52942	18763
52943	18763
52944	18763
52945	18763
52946	18762
52947	18761
52948	18761
52949	18761
52950	18761
52951	18760
52952	18759
52953	18759
52954	18761
52955	18761
52956	18762
52957	18762
52958	18762
52959	18762
52960	18763
52961	18762
52962	18761
52963	18760
52964	18760
52965	18761
52966	18761
52967	18761
52968	18760
52969	18759
52970	18759
52971	18759
52972	18759
52973	18758
52974	18758
52975	18759
52976	18759
52977	18759
52978	18760
52979	18760
52980	18760
52981	18759
52982	18759
52983	18758
52984	18758
52985	18758
52986	18757
52987	18757
52988	18756
52989	18756
52990	18757
52991	18756
52992	18755
52993	18755
52994	18754
52995	18754
52996	18753
52997	18752
52998	18752
52999	18752
53000	18751
53001	18751
53002	18750
53003	18749
53004	18748
53005	18747
53006	18747
53007	18747
53008	18748
53009	18748
53010	18748
53011	18748
53012	18748
53013	18748
53014	18749
53015	18748
53016	18750
53017	18751
53018	18751
53019	18751
53020	18751
53021	18751
53022	18750
53023	18750
53024	18750
53025	18751
53026	18750
53027	18751
53028	18750
53029	18750
53030	18750
53031	18750
53032	18750
53033	18752
53034	18752
53035	18751
53036	18751
53037	18751
53038	18750
53039	18750
53040	18750
53041	18750
53042	18750
53043	18749
53044	18749
53045	18750
53046	18750
53047	18750
53048	18750
53049	18750
53050	18750
53051	18752
53052	18752
53053	18752
53054	18751
53055	18751
53056	18751
53057	18751
53058	18753
53059	18753
53060	18752
53061	18751
53062	18751
53063	18751
53064	18751
53065	18751
53066	18751
53067	18752
53068	18751
53069	18751
53070	18753
53071	18753
53072	18753
53073	18755
53074	18755
53075	18757
53076	18757
53077	18757
53078	18757
53079	18757
53080	18759
53081	18759
53082	18759
53083	18758
53084	18757
53085	18757
53086	18758
53087	18758
53088	18759
53089	18759
53090	18759
53091	18758
53092	18758
53093	18759
53094	18760
53095	18760
53096	18761
53097	18761
53098	18763
53099	18763
53100	18763
53101	18763
53102	18763
53103	18764
53104	18763
53105	18763
53106	18762
53107	18762
53108	18761
53109	18762
53110	18761
53111	18760
53112	18760
53113	18761
53114	18760
53115	18760
53116	18760
53117	18760
53118	18760
53119	18759
53120	18759
53121	18761
53122	18761
53123	18761
53124	18761
53125	18761
53126	18761
53127	18760
53128	18760
53129	18760
53130	18760
53131	18760
53132	18759
53133	18761
53134	18761
53135	18761
53136	18761
53137	18760
53138	18760
53139	18759
53140	18759
53141	18761
53142	18761
53143	18760
53144	18762
53145	18761
53146	18761
53147	18761
53148	18760
53149	18759
53150	18759
53151	18759
53152	18760
53153	18760
53154	18760
53155	18760
53156	18760
53157	18760
53158	18760
53159	18760
53160	18762
53161	18762
53162	18762
53163	18763
53164	18762
53165	18764
53166	18764
53167	18764
53168	18763
53169	18763
53170	18763
53171	18763
53172	18763
53173	18762
53174	18761
53175	18761
53176	18761
53177	18761
53178	18762
53179	18762
53180	18762
53181	18764
53182	18764
53183	18764
53184	18764
53185	18764
53186	18763
53187	18762
53188	18762
53189	18764
53190	18764
53191	18766
53192	18765
53193	18765
53194	18764
53195	18764
53196	18764
53197	18764
53198	18764
53199	18763
53200	18762
53201	18762
53202	18764
53203	18766
53204	18766
53205	18765
53206	18765
53207	18765
53208	18767
53209	18766
53210	18766
53211	18766
53212	18766
53213	18766
53214	18766
53215	18765
53216	18764
53217	18763
53218	18763
53219	18763
53220	18764
53221	18766
53222	18766
53223	18765
53224	18764
53225	18764
53226	18764
53227	18763
53228	18762
53229	18761
53230	18762
53231	18762
53232	18762
53233	18762
53234	18761
53235	18761
53236	18763
53237	18762
53238	18762
53239	18762
53240	18762
53241	18762
53242	18761
53243	18763
53244	18762
53245	18764
53246	18764
53247	18764
53248	18764
53249	18766
53250	18765
53251	18764
53252	18763
53253	18763
53254	18764
53255	18766
53256	18766
53257	18766
53258	18766
53259	18766
53260	18765
53261	18764
53262	18764
53263	18765
53264	18764
53265	18764
53266	18764
53267	18765
53268	18764
53269	18763
53270	18763
53271	18762
53272	18761
53273	18761
53274	18762
53275	18762
53276	18762
53277	18762
53278	18763
53279	18762
53280	18762
53281	18763
53282	18763
53283	18764
53284	18764
53285	18763
53286	18763
53287	18762
53288	18762
53289	18761
53290	18760
53291	18759
53292	18759
53293	18758
53294	18758
53295	18757
53296	18757
53297	18758
53298	18758
53299	18758
53300	18758
53301	18760
53302	18760
53303	18759
53304	18760
53305	18760
53306	18759
53307	18759
53308	18758
53309	18758
53310	18758
53311	18758
53312	18758
53313	18757
53314	18758
53315	18758
53316	18758
53317	18757
53318	18757
53319	18756
53320	18757
53321	18757
53322	18756
53323	18755
53324	18755
53325	18755
53326	18755
53327	18756
53328	18757
53329	18757
53330	18756
53331	18756
53332	18756
53333	18756
53334	18756
53335	18756
53336	18756
53337	18755
53338	18754
53339	18754
53340	18753
53341	18752
53342	18752
53343	18752
53344	18752
53345	18752
53346	18753
53347	18753
53348	18753
53349	18753
53350	18752
53351	18752
53352	18752
53353	18751
53354	18752
53355	18752
53356	18752
53357	18752
53358	18752
53359	18752
53360	18751
53361	18750
53362	18750
53363	18749
53364	18749
53365	18749
53366	18751
53367	18751
53368	18752
53369	18752
53370	18752
53371	18754
53372	18753
53373	18752
53374	18752
53375	18752
53376	18752
53377	18751
53378	18751
53379	18752
53380	18754
53381	18754
53382	18754
53383	18756
53384	18756
53385	18758
53386	18758
53387	18758
53388	18757
53389	18757
53390	18757
53391	18757
53392	18757
53393	18756
53394	18756
53395	18755
53396	18754
53397	18754
53398	18756
53399	18756
53400	18757
53401	18757
53402	18757
53403	18756
53404	18755
53405	18755
53406	18755
53407	18754
53408	18753
53409	18753
53410	18753
53411	18754
53412	18753
53413	18753
53414	18754
53415	18756
53416	18756
53417	18756
53418	18756
53419	18757
53420	18757
53421	18757
53422	18757
53423	18757
53424	18756
53425	18755
53426	18754
53427	18754
53428	18756
53429	18756
53430	18757
53431	18757
53432	18756
53433	18755
53434	18755
53435	18756
53436	18756
53437	18757
53438	18756
53439	18756
53440	18755
53441	18754
53442	18754
53443	18756
53444	18756
53445	18756
53446	18756
53447	18756
53448	18756
53449	18755
53450	18755
53451	18755
53452	18755
53453	18755
53454	18755
53455	18754
53456	18753
53457	18755
53458	18754
53459	18755
53460	18755
53461	18754
53462	18755
53463	18756
53464	18756
53465	18755
53466	18754
53467	18753
53468	18753
53469	18753
53470	18753
53471	18752
53472	18752
53473	18752
53474	18753
53475	18754
53476	18754
53477	18754
53478	18755
53479	18754
53480	18754
53481	18755
53482	18755
53483	18756
53484	18755
53485	18754
53486	18754
53487	18753
53488	18753
53489	18753
53490	18753
53491	18753
53492	18752
53493	18753
53494	18755
53495	18754
53496	18754
53497	18754
53498	18753
53499	18753
53500	18753
53501	18753
53502	18752
53503	18753
53504	18752
53505	18752
53506	18752
53507	18754
53508	18756
53509	18756
53510	18756
53511	18758
53512	18758
53513	18759
53514	18759
53515	18758
53516	18758
53517	18757
53518	18758
53519	18758
53520	18757
53521	18756
53522	18756
53523	18755
53524	18754
53525	18755
53526	18755
53527	18755
53528	18755
53529	18755
53530	18755
53531	18755
53532	18754
53533	18754
53534	18754
53535	18753
53536	18755
53537	18754
53538	18754
53539	18754
53540	18754
53541	18754
53542	18753
53543	18754
53544	18754
53545	18754
53546	18754
53547	18754
53548	18754
53549	18753
53550	18754
53551	18756
53552	18756
53553	18755
53554	18754
53555	18754
53556	18754
53557	18754
53558	18754
53559	18753
53560	18754
53561	18753
53562	18753
53563	18754
53564	18756
53565	18756
53566	18755
53567	18757
53568	18757
53569	18757
53570	18757
53571	18757
53572	18757
53573	18756
53574	18756
53575	18756
53576	18756
53577	18758
53578	18759
53579	18758
53580	18757
53581	18756
53582	18756
53583	18755
53584	18755
53585	18755
53586	18755
53587	18754
53588	18754
53589	18754
53590	18755
53591	18754
53592	18755
53593	18754
53594	18754
53595	18756
53596	18755
53597	18755
53598	18755
53599	18754
53600	18755
53601	18754
53602	18754
53603	18753
53604	18753
53605	18753
53606	18753
53607	18753
53608	18755
53609	18755
53610	18754
53611	18753
53612	18753
53613	18752
53614	18752
53615	18752
53616	18751
53617	18751
53618	18751
53619	18751
53620	18751
53621	18751
53622	18751
53623	18751
53624	18751
53625	18751
53626	18752
53627	18752
53628	18753
53629	18752
53630	18751
53631	18752
53632	18753
53633	18753
53634	18752
53635	18751
53636	18751
53637	18751
53638	18752
53639	18751
53640	18751
53641	18751
53642	18751
53643	18751
53644	18750
53645	18749
53646	18749
53647	18749
53648	18749
53649	18748
53650	18748
53651	18750
53652	18750
53653	18750
53654	18750
53655	18749
53656	18750
53657	18749
53658	18748
53659	18748
53660	18750
53661	18751
53662	18750
53663	18750
53664	18751
53665	18751
53666	18752
53667	18754
53668	18754
53669	18753
53670	18753
53671	18753
53672	18753
53673	18753
53674	18753
53675	18752
53676	18751
53677	18752
53678	18751
53679	18751
53680	18753
53681	18753
53682	18753
53683	18755
53684	18754
53685	18756
53686	18756
53687	18756
53688	18755
53689	18755
53690	18754
53691	18754
53692	18756
53693	18756
53694	18755
53695	18757
53696	18757
53697	18759
53698	18758
53699	18758
53700	18760
53701	18762
53702	18762
53703	18762
53704	18764
53705	18763
53706	18762
53707	18764
53708	18764
53709	18763
53710	18763
53711	18763
53712	18762
53713	18761
53714	18760
53715	18762
53716	18762
53717	18762
53718	18762
53719	18762
53720	18762
53721	18762
53722	18764
53723	18764
53724	18765
53725	18765
53726	18767
53727	18767
53728	18767
53729	18767
53730	18769
53731	18769
53732	18769
53733	18769
53734	18768
53735	18767
53736	18768
53737	18767
53738	18766
53739	18767
53740	18767
53741	18767
53742	18768
53743	18767
53744	18767
53745	18767
53746	18767
53747	18767
53748	18767
53749	18767
53750	18766
53751	18765
53752	18765
53753	18764
53754	18766
53755	18765
53756	18765
53757	18764
53758	18764
53759	18764
53760	18764
53761	18763
53762	18762
53763	18762
53764	18762
53765	18761
53766	18761
53767	18762
53768	18762
53769	18763
53770	18763
53771	18763
53772	18763
53773	18763
53774	18763
53775	18762
53776	18762
53777	18762
53778	18761
53779	18761
53780	18761
53781	18762
53782	18761
53783	18761
53784	18760
53785	18760
53786	18760
53787	18760
53788	18760
53789	18759
53790	18760
53791	18760
53792	18762
53793	18762
53794	18763
53795	18763
53796	18765
53797	18765
53798	18765
53799	18767
53800	18768
53801	18768
53802	18768
53803	18767
53804	18766
53805	18766
53806	18766
53807	18766
53808	18766
53809	18766
53810	18766
53811	18766
53812	18765
53813	18765
53814	18765
53815	18765
53816	18765
53817	18767
53818	18766
53819	18765
53820	18765
53821	18765
53822	18765
53823	18764
53824	18763
53825	18764
53826	18766
53827	18766
53828	18766
53829	18766
53830	18766
53831	18766
53832	18766
53833	18766
53834	18766
53835	18767
53836	18767
53837	18767
53838	18768
53839	18767
53840	18767
53841	18766
53842	18766
53843	18766
53844	18766
53845	18766
53846	18766
53847	18766
53848	18768
53849	18767
53850	18767
53851	18767
53852	18767
53853	18767
53854	18767
53855	18767
53856	18767
53857	18769
53858	18769
53859	18769
53860	18769
53861	18769
53862	18769
53863	18771
53864	18771
53865	18770
53866	18770
53867	18769
53868	18769
53869	18768
53870	18767
53871	18767
53872	18767
53873	18767
53874	18767
53875	18767
53876	18767
53877	18766
53878	18766
53879	18766
53880	18766
53881	18766
53882	18765
53883	18765
53884	18765
53885	18765
53886	18764
53887	18764
53888	18766
53889	18765
53890	18765
53891	18765
53892	18765
53893	18765
53894	18765
53895	18767
53896	18767
53897	18768
53898	18768
53899	18768
53900	18769
53901	18768
53902	18767
53903	18767
53904	18767
53905	18766
53906	18765
53907	18764
53908	18764
53909	18763
53910	18762
53911	18762
53912	18762
53913	18764
53914	18764
53915	18766
53916	18766
53917	18766
53918	18766
53919	18766
53920	18766
53921	18766
53922	18766
53923	18765
53924	18765
53925	18765
53926	18765
53927	18765
53928	18766
53929	18768
53930	18768
53931	18767
53932	18767
53933	18767
53934	18766
53935	18766
53936	18766
53937	18767
53938	18768
53939	18767
53940	18766
53941	18766
53942	18766
53943	18766
53944	18766
53945	18765
53946	18765
53947	18765
53948	18764
53949	18764
53950	18764
53951	18764
53952	18764
53953	18763
53954	18762
53955	18762
53956	18761
53957	18761
53958	18760
53959	18759
53960	18758
53961	18758
53962	18760
53963	18760
53964	18759
53965	18759
53966	18759
53967	18759
53968	18759
53969	18758
53970	18758
53971	18760
53972	18760
53973	18760
53974	18762
53975	18762
53976	18762
53977	18762
53978	18761
53979	18763
53980	18763
53981	18763
53982	18763
53983	18763
53984	18762
53985	18762
53986	18762
53987	18764
53988	18764
53989	18765
53990	18765
53991	18765
53992	18765
53993	18765
53994	18765
53995	18764
53996	18763
53997	18763
53998	18763
53999	18762
54000	18761
54001	18760
54002	18762
54003	18762
54004	18762
54005	18762
54006	18764
54007	18764
54008	18764
54009	18763
54010	18763
54011	18762
54012	18763
54013	18763
54014	18763
54015	18763
54016	18763
54017	18763
54018	18762
54019	18761
54020	18760
54021	18760
54022	18760
54023	18760
54024	18762
54025	18762
54026	18762
54027	18762
54028	18762
54029	18762
54030	18761
54031	18761
54032	18760
54033	18760
54034	18760
54035	18761
54036	18761
54037	18760
54038	18760
54039	18759
54040	18759
54041	18759
54042	18758
54043	18758
54044	18759
54045	18759
54046	18759
54047	18760
54048	18762
54049	18762
54050	18761
54051	18762
54052	18762
54053	18764
54054	18763
54055	18763
54056	18763
54057	18763
54058	18762
54059	18761
54060	18763
54061	18763
54062	18763
54063	18763
54064	18763
54065	18765
54066	18765
54067	18765
54068	18765
54069	18765
54070	18764
54071	18764
54072	18765
54073	18764
54074	18764
54075	18763
54076	18762
54077	18762
54078	18762
54079	18762
54080	18761
54081	18763
54082	18763
54083	18763
54084	18762
54085	18762
54086	18762
54087	18762
54088	18762
54089	18762
54090	18764
54091	18764
54092	18766
54093	18766
54094	18767
54095	18767
54096	18767
54097	18766
54098	18765
54099	18764
54100	18765
54101	18765
54102	18765
54103	18765
54104	18765
54105	18766
54106	18765
54107	18765
54108	18766
54109	18766
54110	18766
54111	18765
54112	18765
54113	18765
54114	18766
54115	18766
54116	18765
54117	18764
54118	18763
54119	18763
54120	18763
54121	18765
54122	18765
54123	18764
54124	18766
54125	18765
54126	18765
54127	18764
54128	18766
54129	18766
54130	18766
54131	18768
54132	18769
54133	18769
54134	18769
54135	18770
54136	18770
54137	18770
54138	18770
54139	18770
54140	18769
54141	18768
54142	18768
54143	18768
54144	18768
54145	18768
54146	18768
54147	18767
54148	18768
54149	18768
54150	18767
54151	18768
54152	18769
54153	18769
54154	18769
54155	18768
54156	18768
54157	18768
54158	18768
54159	18768
54160	18768
54161	18768
54162	18768
54163	18767
54164	18767
54165	18767
54166	18767
54167	18767
54168	18767
54169	18767
54170	18766
54171	18766
54172	18765
54173	18764
54174	18764
54175	18763
54176	18763
54177	18763
54178	18762
54179	18762
54180	18761
54181	18760
54182	18759
54183	18759
54184	18760
54185	18761
54186	18761
54187	18761
54188	18761
54189	18761
54190	18761
54191	18761
54192	18763
54193	18763
54194	18763
54195	18764
54196	18763
54197	18765
54198	18764
54199	18764
54200	18766
54201	18766
54202	18766
54203	18768
54204	18770
54205	18769
54206	18768
54207	18768
54208	18768
54209	18767
54210	18766
54211	18765
54212	18765
54213	18765
54214	18764
54215	18764
54216	18763
54217	18765
54218	18764
54219	18763
54220	18764
54221	18763
54222	18763
54223	18765
54224	18765
54225	18767
54226	18767
54227	18767
54228	18767
54229	18767
54230	18768
54231	18767
54232	18767
54233	18767
54234	18766
54235	18765
54236	18764
54237	18764
54238	18766
54239	18766
54240	18767
54241	18766
54242	18766
54243	18765
54244	18764
54245	18764
54246	18765
54247	18765
54248	18765
54249	18765
54250	18764
54251	18764
54252	18763
54253	18762
54254	18762
54255	18764
54256	18763
54257	18763
54258	18762
54259	18761
54260	18761
54261	18760
54262	18760
54263	18761
54264	18761
54265	18760
54266	18760
54267	18760
54268	18761
54269	18760
54270	18759
54271	18759
54272	18759
54273	18759
54274	18758
54275	18759
54276	18759
54277	18759
54278	18760
54279	18759
54280	18759
54281	18759
54282	18760
54283	18760
54284	18760
54285	18760
54286	18759
54287	18758
54288	18757
54289	18757
54290	18757
54291	18756
54292	18756
54293	18758
54294	18757
54295	18757
54296	18757
54297	18756
54298	18758
54299	18758
54300	18758
54301	18760
54302	18761
54303	18760
54304	18759
54305	18761
54306	18761
54307	18762
54308	18764
54309	18764
54310	18763
54311	18765
54312	18765
54313	18765
54314	18764
54315	18763
54316	18763
54317	18763
54318	18763
54319	18763
54320	18763
54321	18762
54322	18764
54323	18764
54324	18764
54325	18765
54326	18765
54327	18767
54328	18767
54329	18767
54330	18766
54331	18768
54332	18768
54333	18768
54334	18768
54335	18768
54336	18768
54337	18768
54338	18769
54339	18769
54340	18769
54341	18769
54342	18768
54343	18769
54344	18770
54345	18770
54346	18770
54347	18771
54348	18770
54349	18771
54350	18771
54351	18771
54352	18770
54353	18772
54354	18772
54355	18772
54356	18771
54357	18771
54358	18771
54359	18770
54360	18770
54361	18769
54362	18769
54363	18769
54364	18768
54365	18768
54366	18768
54367	18767
54368	18767
54369	18767
54370	18767
54371	18767
54372	18769
54373	18769
54374	18769
54375	18770
54376	18770
54377	18770
54378	18770
54379	18769
54380	18769
54381	18769
54382	18769
54383	18768
54384	18768
54385	18767
54386	18767
54387	18768
54388	18767
54389	18767
54390	18766
54391	18765
54392	18765
54393	18764
54394	18765
54395	18765
54396	18764
54397	18763
54398	18763
54399	18762
54400	18762
54401	18762
54402	18762
54403	18762
54404	18762
54405	18761
54406	18761
54407	18761
54408	18762
54409	18764
54410	18764
54411	18764
54412	18764
54413	18764
54414	18764
54415	18764
54416	18764
54417	18763
54418	18765
54419	18765
54420	18764
54421	18764
54422	18764
54423	18764
54424	18764
54425	18763
54426	18763
54427	18763
54428	18764
54429	18764
54430	18764
54431	18766
54432	18765
54433	18765
54434	18765
54435	18765
54436	18764
54437	18766
54438	18766
54439	18765
54440	18766
54441	18766
54442	18767
54443	18767
54444	18767
54445	18767
54446	18766
54447	18766
54448	18766
54449	18766
54450	18768
54451	18767
54452	18766
54453	18766
54454	18766
54455	18765
54456	18765
54457	18766
54458	18766
54459	18767
54460	18767
54461	18767
54462	18766
54463	18765
54464	18764
54465	18764
54466	18766
54467	18766
54468	18766
54469	18765
54470	18764
54471	18764
54472	18763
54473	18763
54474	18765
54475	18764
54476	18764
54477	18764
54478	18763
54479	18763
54480	18763
54481	18763
54482	18765
54483	18765
54484	18765
54485	18765
54486	18765
54487	18765
54488	18764
54489	18764
54490	18763
54491	18763
54492	18762
54493	18761
54494	18760
54495	18761
54496	18761
54497	18762
54498	18761
54499	18761
54500	18762
54501	18763
54502	18763
54503	18763
54504	18765
54505	18764
54506	18764
54507	18764
54508	18764
54509	18763
54510	18765
54511	18765
54512	18765
54513	18764
54514	18766
54515	18766
54516	18765
54517	18764
54518	18764
54519	18766
54520	18767
54521	18767
54522	18767
54523	18767
54524	18767
54525	18767
54526	18767
54527	18768
54528	18770
54529	18770
54530	18770
54531	18770
54532	18770
54533	18769
54534	18768
54535	18768
54536	18768
54537	18767
54538	18767
54539	18767
54540	18767
54541	18766
54542	18767
54543	18766
54544	18765
54545	18764
54546	18764
54547	18764
54548	18764
54549	18764
54550	18765
54551	18765
54552	18765
54553	18766
54554	18767
54555	18767
54556	18767
54557	18769
54558	18769
54559	18768
54560	18770
54561	18770
54562	18770
54563	18771
54564	18770
54565	18770
54566	18770
54567	18770
54568	18769
54569	18769
54570	18769
54571	18769
54572	18769
54573	18770
54574	18769
54575	18768
54576	18768
54577	18767
54578	18768
54579	18768
54580	18768
54581	18768
54582	18768
54583	18767
54584	18768
54585	18768
54586	18767
54587	18767
54588	18766
54589	18766
54590	18766
54591	18765
54592	18765
54593	18765
54594	18765
54595	18764
54596	18764
54597	18763
54598	18764
54599	18763
54600	18763
54601	18762
54602	18762
54603	18764
54604	18763
54605	18765
54606	18765
54607	18765
54608	18765
54609	18765
54610	18765
54611	18764
54612	18766
54613	18766
54614	18765
54615	18766
54616	18766
54617	18765
54618	18767
54619	18766
54620	18767
54621	18767
54622	18767
54623	18767
54624	18766
54625	18767
54626	18767
54627	18769
54628	18769
54629	18770
54630	18770
54631	18770
54632	18769
54633	18768
54634	18768
54635	18768
54636	18767
54637	18767
54638	18768
54639	18767
54640	18767
54641	18767
54642	18767
54643	18767
54644	18766
54645	18767
54646	18767
54647	18766
54648	18765
54649	18765
54650	18765
54651	18764
54652	18766
54653	18765
54654	18767
54655	18767
54656	18767
54657	18767
54658	18769
54659	18769
54660	18770
54661	18771
54662	18771
54663	18771
54664	18771
54665	18771
54666	18771
54667	18771
54668	18771
54669	18770
54670	18770
54671	18770
54672	18771
54673	18771
54674	18771
54675	18770
54676	18770
54677	18769
54678	18769
54679	18769
54680	18769
54681	18770
54682	18769
54683	18768
54684	18769
54685	18768
54686	18768
54687	18770
54688	18769
54689	18770
54690	18770
54691	18770
54692	18770
54693	18770
54694	18772
54695	18771
54696	18770
54697	18769
54698	18768
54699	18767
54700	18767
54701	18767
54702	18766
54703	18766
54704	18766
54705	18766
54706	18765
54707	18764
54708	18763
54709	18763
54710	18763
54711	18763
54712	18763
54713	18763
54714	18763
54715	18762
54716	18762
54717	18761
54718	18760
54719	18759
54720	18760
54721	18760
54722	18760
54723	18760
54724	18760
54725	18760
54726	18759
54727	18759
54728	18759
54729	18759
54730	18760
54731	18760
54732	18762
54733	18762
54734	18762
54735	18762
54736	18761
54737	18763
54738	18762
54739	18763
54740	18763
54741	18763
54742	18762
54743	18761
54744	18761
54745	18761
54746	18761
54747	18763
54748	18763
54749	18762
54750	18762
54751	18762
54752	18762
54753	18761
54754	18762
54755	18762
54756	18764
54757	18764
54758	18764
54759	18764
54760	18764
54761	18766
54762	18765
54763	18766
54764	18768
54765	18768
54766	18768
54767	18770
54768	18770
54769	18770
54770	18770
54771	18769
54772	18769
54773	18768
54774	18767
54775	18768
54776	18767
54777	18767
54778	18769
54779	18769
54780	18769
54781	18769
54782	18768
54783	18768
54784	18767
54785	18767
54786	18766
54787	18765
54788	18765
54789	18765
54790	18765
54791	18765
54792	18765
54793	18764
54794	18763
54795	18763
54796	18763
54797	18763
54798	18763
54799	18765
54800	18764
54801	18766
54802	18766
54803	18766
54804	18765
54805	18765
54806	18765
54807	18764
54808	18764
54809	18763
54810	18763
54811	18762
54812	18763
54813	18764
54814	18764
54815	18764
54816	18765
54817	18767
54818	18767
54819	18767
54820	18767
54821	18766
54822	18765
54823	18767
54824	18767
54825	18767
54826	18769
54827	18770
54828	18770
54829	18769
54830	18769
54831	18769
54832	18769
54833	18769
54834	18768
54835	18768
54836	18768
54837	18768
54838	18768
54839	18768
54840	18768
54841	18769
54842	18768
54843	18769
54844	18769
54845	18768
54846	18768
54847	18768
54848	18768
54849	18768
54850	18768
54851	18768
54852	18769
54853	18770
54854	18770
54855	18770
54856	18772
54857	18772
54858	18771
54859	18771
54860	18772
54861	18772
54862	18774
54863	18774
54864	18774
54865	18774
54866	18773
54867	18773
54868	18773
54869	18775
54870	18774
54871	18776
54872	18776
54873	18776
54874	18775
54875	18774
54876	18774
54877	18773
54878	18772
54879	18774
54880	18774
54881	18774
54882	18774
54883	18774
54884	18774
54885	18774
54886	18774
54887	18774
54888	18773
54889	18772
54890	18772
54891	18772
54892	18772
54893	18771
54894	18771
54895	18772
54896	18772
54897	18773
54898	18772
54899	18772
54900	18773
54901	18772
54902	18772
54903	18771
54904	18771
54905	18771
54906	18771
54907	18771
54908	18771
54909	18771
54910	18770
54911	18771
54912	18771
54913	18772
54914	18772
54915	18772
54916	18772
54917	18774
54918	18774
54919	18774
54920	18774
54921	18775
54922	18774
54923	18773
54924	18772
54925	18772
54926	18774
54927	18774
54928	18774
54929	18773
54930	18773
54931	18772
54932	18771
54933	18771
54934	18770
54935	18769
54936	18769
54937	18769
54938	18769
54939	18769
54940	18769
54941	18769
54942	18769
54943	18769
54944	18769
54945	18769
54946	18768
54947	18768
54948	18768
54949	18767
54950	18766
54951	18766
54952	18766
54953	18766
54954	18766
54955	18766
54956	18765
54957	18765
54958	18765
54959	18764
54960	18764
54961	18765
54962	18765
54963	18765
54964	18765
54965	18765
54966	18765
54967	18767
54968	18767
54969	18766
54970	18765
54971	18764
54972	18764
54973	18764
54974	18764
54975	18763
54976	18764
54977	18764
54978	18764
54979	18765
54980	18765
54981	18765
54982	18765
54983	18764
54984	18764
54985	18764
54986	18764
54987	18763
54988	18763
54989	18763
54990	18763
54991	18763
54992	18762
54993	18761
54994	18761
54995	18761
54996	18760
54997	18761
54998	18761
54999	18761
55000	18762
55001	18762
55002	18762
55003	18762
55004	18763
55005	18762
55006	18762
55007	18761
55008	18762
55009	18762
55010	18762
55011	18764
55012	18764
55013	18763
55014	18765
55015	18765
55016	18767
55017	18766
55018	18765
55019	18766
55020	18766
55021	18766
55022	18768
55023	18767
55024	18766
55025	18766
55026	18765
55027	18767
55028	18767
55029	18767
55030	18766
55031	18765
55032	18766
55033	18766
55034	18765
55035	18765
55036	18764
55037	18763
55038	18762
55039	18762
55040	18762
55041	18761
55042	18761
55043	18761
55044	18761
55045	18761
55046	18761
55047	18762
55048	18762
55049	18762
55050	18761
55051	18760
55052	18760
55053	18762
55054	18762
55055	18764
55056	18763
55057	18762
55058	18762
55059	18761
55060	18760
55061	18760
55062	18759
55063	18758
55064	18759
55065	18759
55066	18759
55067	18759
55068	18761
55069	18760
55070	18760
55071	18759
55072	18759
55073	18759
55074	18761
55075	18761
55076	18762
55077	18761
55078	18760
55079	18759
55080	18758
55081	18758
55082	18757
55083	18757
55084	18756
55085	18755
55086	18755
55087	18754
55088	18755
55089	18755
55090	18754
55091	18754
55092	18753
55093	18753
55094	18753
55095	18752
55096	18752
55097	18753
55098	18752
55099	18754
55100	18753
55101	18753
55102	18753
55103	18753
55104	18755
55105	18755
55106	18756
55107	18756
55108	18756
55109	18755
55110	18755
55111	18755
55112	18755
55113	18754
55114	18753
55115	18753
55116	18753
55117	18752
55118	18752
55119	18753
55120	18753
55121	18754
55122	18756
55123	18756
55124	18755
55125	18755
55126	18754
55127	18754
55128	18756
55129	18755
55130	18755
55131	18755
55132	18755
55133	18755
55134	18754
55135	18753
55136	18753
55137	18753
55138	18752
55139	18753
55140	18753
55141	18753
55142	18753
55143	18753
55144	18753
55145	18753
55146	18754
55147	18753
55148	18752
55149	18751
55150	18751
55151	18752
55152	18752
55153	18752
55154	18753
55155	18754
55156	18754
55157	18756
55158	18756
55159	18756
55160	18755
55161	18754
55162	18753
55163	18754
55164	18754
55165	18754
55166	18753
55167	18752
55168	18754
55169	18753
55170	18753
55171	18752
55172	18752
55173	18751
55174	18750
55175	18750
55176	18750
55177	18750
55178	18752
55179	18751
55180	18751
55181	18751
55182	18751
55183	18753
55184	18753
55185	18755
55186	18755
55187	18755
55188	18754
55189	18754
55190	18754
55191	18754
55192	18754
55193	18754
55194	18754
55195	18754
55196	18755
55197	18755
55198	18757
55199	18757
55200	18757
55201	18759
55202	18760
55203	18760
55204	18760
55205	18760
55206	18759
55207	18759
55208	18759
55209	18759
55210	18759
55211	18761
55212	18760
55213	18760
55214	18761
55215	18761
55216	18761
55217	18762
55218	18763
55219	18763
55220	18762
55221	18761
55222	18761
55223	18761
55224	18761
55225	18761
55226	18763
55227	18763
55228	18763
55229	18762
55230	18761
55231	18763
55232	18763
55233	18763
55234	18762
55235	18762
55236	18762
55237	18761
55238	18761
55239	18760
55240	18760
55241	18762
55242	18762
55243	18763
55244	18764
55245	18764
55246	18764
55247	18764
55248	18765
55249	18765
55250	18764
55251	18764
55252	18763
55253	18765
55254	18764
55255	18764
55256	18763
55257	18762
55258	18762
55259	18762
55260	18762
55261	18761
55262	18761
55263	18762
55264	18761
55265	18761
55266	18760
55267	18761
55268	18761
55269	18763
55270	18763
55271	18762
55272	18762
55273	18762
55274	18762
55275	18762
55276	18762
55277	18761
55278	18761
55279	18763
55280	18763
55281	18763
55282	18763
55283	18763
55284	18762
55285	18762
55286	18763
55287	18762
55288	18764
55289	18764
55290	18763
55291	18765
55292	18765
55293	18765
55294	18765
55295	18765
55296	18765
55297	18764
55298	18763
55299	18763
55300	18763
55301	18765
55302	18764
55303	18764
55304	18763
55305	18763
55306	18762
55307	18762
55308	18762
55309	18761
55310	18760
55311	18759
55312	18761
55313	18760
55314	18759
55315	18758
55316	18757
55317	18758
55318	18757
55319	18756
55320	18756
55321	18756
55322	18757
55323	18756
55324	18756
55325	18756
55326	18756
55327	18758
55328	18758
55329	18758
55330	18760
55331	18759
55332	18759
55333	18758
55334	18757
55335	18757
55336	18757
55337	18757
55338	18756
55339	18756
55340	18757
55341	18757
55342	18757
55343	18757
55344	18757
55345	18757
55346	18757
55347	18758
55348	18758
55349	18758
55350	18760
55351	18760
55352	18761
55353	18760
55354	18760
55355	18761
55356	18762
55357	18762
55358	18762
55359	18762
55360	18762
55361	18761
55362	18761
55363	18760
55364	18760
55365	18760
55366	18760
55367	18762
55368	18761
55369	18760
55370	18759
55371	18758
55372	18758
55373	18758
55374	18758
55375	18757
55376	18757
55377	18757
55378	18756
55379	18756
55380	18755
55381	18754
55382	18753
55383	18753
55384	18754
55385	18753
55386	18753
55387	18753
55388	18752
55389	18754
55390	18753
55391	18753
55392	18754
55393	18754
55394	18754
55395	18754
55396	18754
55397	18754
55398	18753
55399	18754
55400	18754
55401	18755
55402	18756
55403	18756
55404	18755
55405	18756
55406	18756
55407	18756
55408	18755
55409	18755
55410	18755
55411	18755
55412	18754
55413	18753
55414	18753
55415	18753
55416	18752
55417	18751
55418	18750
55419	18750
55420	18750
55421	18749
55422	18749
55423	18749
55424	18749
55425	18749
55426	18750
55427	18749
55428	18748
55429	18748
55430	18750
55431	18750
55432	18750
55433	18752
55434	18751
55435	18750
55436	18752
55437	18752
55438	18752
55439	18752
55440	18752
55441	18752
55442	18752
55443	18752
55444	18754
55445	18754
55446	18754
55447	18754
55448	18753
55449	18753
55450	18753
55451	18753
55452	18753
55453	18753
55454	18752
55455	18751
55456	18751
55457	18752
55458	18752
55459	18752
55460	18752
55461	18752
55462	18752
55463	18754
55464	18754
55465	18754
55466	18754
55467	18753
55468	18753
55469	18753
55470	18752
55471	18752
55472	18752
55473	18752
55474	18751
55475	18753
55476	18753
55477	18753
55478	18755
55479	18755
55480	18755
55481	18754
55482	18753
55483	18752
55484	18752
55485	18751
55486	18751
55487	18751
55488	18751
55489	18753
55490	18752
55491	18752
55492	18752
55493	18751
55494	18750
55495	18752
55496	18752
55497	18751
55498	18751
55499	18751
55500	18751
55501	18751
55502	18751
55503	18751
55504	18751
55505	18751
55506	18751
55507	18751
55508	18751
55509	18751
55510	18751
55511	18750
55512	18750
55513	18751
55514	18751
55515	18751
55516	18752
55517	18753
55518	18753
55519	18753
55520	18752
55521	18752
55522	18754
55523	18754
55524	18754
55525	18755
55526	18755
55527	18756
55528	18756
55529	18756
55530	18755
55531	18755
55532	18754
55533	18754
55534	18754
55535	18756
55536	18756
55537	18756
55538	18756
55539	18756
55540	18755
55541	18754
55542	18754
55543	18754
55544	18754
55545	18754
55546	18753
55547	18752
55548	18751
55549	18750
55550	18751
55551	18750
55552	18749
55553	18748
55554	18747
55555	18747
55556	18746
55557	18745
55558	18744
55559	18743
55560	18744
55561	18744
55562	18744
55563	18745
55564	18745
55565	18744
55566	18746
55567	18746
55568	18746
55569	18746
55570	18746
55571	18746
55572	18745
55573	18745
55574	18745
55575	18744
55576	18744
55577	18746
55578	18746
55579	18746
55580	18745
55581	18745
55582	18744
55583	18743
55584	18743
55585	18743
55586	18743
55587	18743
55588	18744
55589	18744
55590	18744
55591	18746
55592	18746
55593	18747
55594	18749
55595	18748
55596	18748
55597	18749
55598	18751
55599	18750
55600	18750
55601	18750
55602	18750
55603	18750
55604	18750
55605	18750
55606	18749
55607	18751
55608	18751
55609	18751
55610	18750
55611	18750
55612	18749
55613	18750
55614	18750
55615	18749
55616	18750
55617	18750
55618	18750
55619	18751
55620	18751
55621	18751
55622	18752
55623	18752
55624	18751
55625	18750
55626	18749
55627	18748
55628	18747
55629	18747
55630	18746
55631	18747
55632	18747
55633	18747
55634	18746
55635	18746
55636	18745
55637	18745
55638	18745
55639	18745
55640	18744
55641	18744
55642	18745
55643	18745
55644	18745
55645	18745
55646	18744
55647	18744
55648	18744
55649	18744
55650	18744
55651	18744
55652	18745
55653	18746
55654	18746
55655	18746
55656	18745
55657	18744
55658	18744
55659	18744
55660	18743
55661	18743
55662	18743
55663	18745
55664	18745
55665	18745
55666	18745
55667	18744
55668	18745
55669	18746
55670	18745
55671	18745
55672	18746
55673	18746
55674	18747
55675	18746
55676	18745
55677	18745
55678	18745
55679	18747
55680	18747
55681	18747
55682	18746
55683	18745
55684	18745
55685	18747
55686	18747
55687	18747
55688	18747
55689	18747
55690	18747
55691	18746
55692	18746
55693	18747
55694	18747
55695	18747
55696	18747
55697	18747
55698	18747
55699	18748
55700	18748
55701	18747
55702	18747
55703	18749
55704	18749
55705	18749
55706	18748
55707	18748
55708	18748
55709	18747
55710	18748
55711	18747
55712	18748
55713	18747
55714	18746
55715	18747
55716	18749
55717	18749
55718	18749
55719	18751
55720	18752
55721	18751
55722	18751
55723	18751
55724	18751
55725	18750
55726	18750
55727	18750
55728	18750
55729	18752
55730	18754
55731	18753
55732	18752
55733	18752
55734	18752
55735	18752
55736	18752
55737	18754
55738	18753
55739	18752
55740	18752
55741	18752
55742	18752
55743	18754
55744	18753
55745	18752
55746	18751
55747	18753
55748	18753
55749	18753
55750	18755
55751	18755
55752	18754
55753	18755
55754	18755
55755	18755
55756	18755
55757	18755
55758	18754
55759	18753
55760	18753
55761	18753
55762	18753
55763	18753
55764	18755
55765	18755
55766	18754
55767	18754
55768	18754
55769	18753
55770	18752
55771	18752
55772	18751
55773	18751
55774	18752
55775	18751
55776	18751
55777	18750
55778	18751
55779	18751
55780	18751
55781	18751
55782	18751
55783	18751
55784	18750
55785	18749
55786	18749
55787	18750
55788	18750
55789	18752
55790	18752
55791	18752
55792	18752
55793	18752
55794	18752
55795	18752
55796	18751
55797	18751
55798	18751
55799	18750
55800	18750
55801	18749
55802	18749
55803	18749
55804	18749
55805	18748
55806	18748
55807	18749
55808	18749
55809	18749
55810	18748
55811	18748
55812	18747
55813	18747
55814	18747
55815	18747
55816	18746
55817	18746
55818	18746
55819	18745
55820	18744
55821	18743
55822	18742
55823	18742
55824	18741
55825	18741
55826	18741
55827	18740
55828	18741
55829	18741
55830	18740
55831	18739
55832	18739
55833	18739
55834	18739
55835	18740
55836	18740
55837	18740
55838	18739
55839	18739
55840	18739
55841	18739
55842	18739
55843	18739
55844	18739
55845	18739
55846	18738
55847	18738
55848	18737
55849	18736
55850	18736
55851	18735
55852	18735
55853	18734
55854	18735
55855	18734
55856	18734
55857	18734
55858	18734
55859	18733
55860	18732
55861	18732
55862	18732
55863	18731
55864	18731
55865	18731
55866	18732
55867	18731
55868	18732
55869	18732
55870	18732
55871	18731
55872	18732
55873	18732
55874	18732
55875	18732
55876	18732
55877	18732
55878	18731
55879	18730
55880	18732
55881	18731
55882	18731
55883	18731
55884	18731
55885	18731
55886	18730
55887	18730
55888	18730
55889	18730
55890	18730
55891	18730
55892	18731
55893	18731
55894	18731
55895	18731
55896	18731
55897	18731
55898	18731
55899	18731
55900	18732
55901	18734
55902	18734
55903	18733
55904	18733
55905	18733
55906	18733
55907	18733
55908	18734
55909	18734
55910	18733
55911	18733
55912	18732
55913	18732
55914	18732
55915	18732
55916	18731
55917	18731
55918	18732
55919	18731
55920	18731
55921	18732
55922	18733
55923	18733
55924	18732
55925	18732
55926	18732
55927	18733
55928	18735
55929	18734
55930	18733
55931	18735
55932	18735
55933	18735
55934	18737
55935	18737
55936	18737
55937	18739
55938	18738
55939	18738
55940	18738
55941	18737
55942	18736
55943	18737
55944	18739
55945	18739
55946	18741
55947	18741
55948	18740
55949	18740
55950	18739
55951	18739
55952	18739
55953	18739
55954	18738
55955	18738
55956	18738
55957	18738
55958	18737
55959	18736
55960	18736
55961	18736
55962	18738
55963	18738
55964	18738
55965	18737
55966	18736
55967	18736
55968	18737
55969	18737
55970	18736
55971	18735
55972	18734
55973	18734
55974	18733
55975	18733
55976	18733
55977	18733
55978	18733
55979	18733
55980	18734
55981	18733
55982	18733
55983	18732
55984	18732
55985	18732
55986	18732
55987	18732
55988	18734
55989	18734
55990	18734
55991	18735
55992	18734
55993	18733
55994	18733
55995	18733
55996	18733
55997	18734
55998	18734
55999	18734
56000	18736
56001	18736
56002	18736
56003	18735
56004	18735
56005	18735
56006	18735
56007	18735
56008	18735
56009	18735
56010	18735
56011	18735
56012	18737
56013	18737
56014	18737
56015	18737
56016	18737
56017	18737
56018	18737
56019	18737
56020	18739
56021	18739
56022	18740
56023	18742
56024	18742
56025	18742
56026	18742
56027	18741
56028	18740
56029	18739
56030	18738
56031	18738
56032	18740
56033	18740
56034	18740
56035	18739
56036	18739
56037	18739
56038	18741
56039	18741
56040	18741
56041	18741
56042	18740
56043	18740
56044	18739
56045	18740
56046	18739
56047	18739
56048	18739
56049	18739
56050	18741
56051	18741
56052	18741
56053	18742
56054	18742
56055	18741
56056	18741
56057	18741
56058	18740
56059	18740
56060	18739
56061	18740
56062	18742
56063	18743
56064	18742
56065	18741
56066	18740
56067	18740
56068	18740
56069	18739
56070	18739
56071	18739
56072	18739
56073	18738
56074	18737
56075	18737
56076	18736
56077	18736
56078	18736
56079	18735
56080	18735
56081	18737
56082	18736
56083	18736
56084	18736
56085	18735
56086	18735
56087	18735
56088	18735
56089	18734
56090	18734
56091	18735
56092	18735
56093	18735
56094	18737
56095	18737
56096	18737
56097	18739
56098	18739
56099	18738
56100	18738
56101	18738
56102	18738
56103	18737
56104	18736
56105	18738
56106	18738
56107	18737
56108	18737
56109	18737
56110	18736
56111	18736
56112	18736
56113	18736
56114	18736
56115	18736
56116	18736
56117	18736
56118	18736
56119	18736
56120	18735
56121	18736
56122	18736
56123	18736
56124	18735
56125	18734
56126	18736
56127	18736
56128	18737
56129	18736
56130	18736
56131	18736
56132	18736
56133	18736
56134	18736
56135	18738
56136	18738
56137	18738
56138	18738
56139	18738
56140	18738
56141	18738
56142	18738
56143	18740
56144	18739
56145	18741
56146	18741
56147	18740
56148	18741
56149	18743
56150	18743
56151	18743
56152	18745
56153	18745
56154	18744
56155	18744
56156	18744
56157	18743
56158	18743
56159	18743
56160	18745
56161	18745
56162	18745
56163	18744
56164	18744
56165	18744
56166	18743
56167	18743
56168	18742
56169	18742
56170	18742
56171	18742
56172	18744
56173	18743
56174	18744
56175	18743
56176	18743
56177	18745
56178	18745
56179	18745
56180	18744
56181	18744
56182	18746
56183	18746
56184	18745
56185	18744
56186	18744
56187	18744
56188	18745
56189	18744
56190	18744
56191	18744
56192	18746
56193	18746
56194	18747
56195	18749
56196	18749
56197	18748
56198	18749
56199	18748
56200	18748
56201	18748
56202	18748
56203	18747
56204	18747
56205	18747
56206	18747
56207	18746
56208	18746
56209	18746
56210	18748
56211	18748
56212	18747
56213	18746
56214	18745
56215	18745
56216	18745
56217	18745
56218	18745
56219	18745
56220	18747
56221	18746
56222	18746
56223	18745
56224	18746
56225	18745
56226	18745
56227	18745
56228	18744
56229	18744
56230	18743
56231	18743
56232	18743
56233	18743
56234	18742
56235	18742
56236	18744
56237	18744
56238	18746
56239	18746
56240	18748
56241	18748
56242	18747
56243	18747
56244	18747
56245	18746
56246	18748
56247	18747
56248	18747
56249	18747
56250	18747
56251	18747
56252	18747
56253	18747
56254	18746
56255	18746
56256	18747
56257	18747
56258	18749
56259	18749
56260	18749
56261	18749
56262	18748
56263	18748
56264	18748
56265	18748
56266	18750
56267	18750
56268	18749
56269	18749
56270	18750
56271	18749
56272	18749
56273	18749
56274	18748
56275	18750
56276	18752
56277	18752
56278	18752
56279	18752
56280	18751
56281	18750
56282	18750
56283	18749
56284	18749
56285	18749
56286	18748
56287	18748
56288	18748
56289	18747
56290	18746
56291	18746
56292	18745
56293	18744
56294	18745
56295	18745
56296	18745
56297	18745
56298	18745
56299	18746
56300	18746
56301	18748
56302	18747
56303	18747
56304	18746
56305	18746
56306	18745
56307	18744
56308	18745
56309	18744
56310	18744
56311	18744
56312	18744
56313	18744
56314	18744
56315	18746
56316	18745
56317	18745
56318	18745
56319	18747
56320	18747
56321	18749
56322	18749
56323	18749
56324	18751
56325	18751
56326	18751
56327	18751
56328	18751
56329	18750
56330	18749
56331	18748
56332	18748
56333	18748
56334	18748
56335	18748
56336	18748
56337	18748
56338	18749
56339	18749
56340	18749
56341	18749
56342	18748
56343	18747
56344	18747
56345	18747
56346	18747
56347	18747
56348	18747
56349	18747
56350	18747
56351	18746
56352	18746
56353	18745
56354	18746
56355	18745
56356	18746
56357	18746
56358	18745
56359	18745
56360	18746
56361	18746
56362	18746
56363	18746
56364	18746
56365	18746
56366	18746
56367	18747
56368	18747
56369	18747
56370	18749
56371	18749
56372	18749
56373	18749
56374	18749
56375	18749
56376	18749
56377	18749
56378	18748
56379	18748
56380	18749
56381	18748
56382	18748
56383	18748
56384	18748
56385	18748
56386	18748
56387	18747
56388	18748
56389	18747
56390	18748
56391	18747
56392	18747
56393	18748
56394	18750
56395	18750
56396	18749
56397	18749
56398	18748
56399	18747
56400	18747
56401	18749
56402	18748
56403	18747
56404	18747
56405	18746
56406	18747
56407	18747
56408	18748
56409	18747
56410	18747
56411	18747
56412	18747
56413	18748
56414	18747
56415	18747
56416	18746
56417	18746
56418	18746
56419	18746
56420	18746
56421	18748
56422	18748
56423	18748
56424	18748
56425	18748
56426	18750
56427	18750
56428	18750
56429	18750
56430	18749
56431	18749
56432	18750
56433	18749
56434	18749
56435	18750
56436	18750
56437	18750
56438	18751
56439	18750
56440	18750
56441	18751
56442	18751
56443	18751
56444	18751
56445	18751
56446	18751
56447	18752
56448	18754
56449	18754
56450	18754
56451	18754
56452	18753
56453	18753
56454	18754
56455	18753
56456	18753
56457	18753
56458	18753
56459	18754
56460	18754
56461	18754
56462	18754
56463	18753
56464	18753
56465	18752
56466	18752
56467	18751
56468	18751
56469	18751
56470	18753
56471	18752
56472	18752
56473	18751
56474	18751
56475	18750
56476	18750
56477	18749
56478	18749
56479	18749
56480	18749
56481	18749
56482	18748
56483	18748
56484	18749
56485	18749
56486	18750
56487	18750
56488	18750
56489	18750
56490	18750
56491	18750
56492	18749
56493	18748
56494	18748
56495	18749
56496	18748
56497	18748
56498	18747
56499	18747
56500	18749
56501	18751
56502	18751
56503	18751
56504	18751
56505	18751
56506	18750
56507	18750
56508	18751
56509	18751
56510	18753
56511	18755
56512	18755
56513	18755
56514	18755
56515	18757
56516	18756
56517	18756
56518	18757
56519	18757
56520	18756
56521	18756
56522	18756
56523	18756
56524	18755
56525	18754
56526	18755
56527	18755
56528	18756
56529	18756
56530	18755
56531	18755
56532	18755
56533	18754
56534	18754
56535	18754
56536	18754
56537	18753
56538	18752
56539	18751
56540	18751
56541	18751
56542	18750
56543	18750
56544	18751
56545	18750
56546	18750
56547	18750
56548	18750
56549	18750
56550	18749
56551	18749
56552	18749
56553	18748
56554	18749
56555	18749
56556	18750
56557	18749
56558	18749
56559	18749
56560	18749
56561	18751
56562	18751
56563	18752
56564	18751
56565	18751
56566	18751
56567	18751
56568	18750
56569	18749
56570	18751
56571	18751
56572	18751
56573	18750
56574	18749
56575	18749
56576	18748
56577	18747
56578	18746
56579	18745
56580	18744
56581	18744
56582	18744
56583	18744
56584	18744
56585	18743
56586	18743
56587	18742
56588	18743
56589	18742
56590	18743
56591	18745
56592	18745
56593	18745
56594	18746
56595	18746
56596	18746
56597	18746
56598	18746
56599	18745
56600	18745
56601	18745
56602	18745
56603	18746
56604	18745
56605	18745
56606	18746
56607	18746
56608	18745
56609	18744
56610	18743
56611	18742
56612	18742
56613	18742
56614	18744
56615	18744
56616	18744
56617	18743
56618	18742
56619	18742
56620	18742
56621	18742
56622	18742
56623	18742
56624	18742
56625	18742
56626	18743
56627	18743
56628	18743
56629	18743
56630	18742
56631	18742
56632	18742
56633	18742
56634	18742
56635	18742
56636	18742
56637	18743
56638	18743
56639	18742
56640	18742
56641	18742
56642	18742
56643	18741
56644	18742
56645	18742
56646	18741
56647	18741
56648	18740
56649	18739
56650	18739
56651	18738
56652	18738
56653	18738
56654	18738
56655	18738
56656	18737
56657	18736
56658	18736
56659	18736
56660	18736
56661	18736
56662	18736
56663	18736
56664	18738
56665	18737
56666	18736
56667	18736
56668	18738
56669	18738
56670	18738
56671	18739
56672	18739
56673	18739
56674	18739
56675	18738
56676	18737
56677	18737
56678	18736
56679	18737
56680	18737
56681	18737
56682	18737
56683	18737
56684	18737
56685	18736
56686	18736
56687	18735
56688	18735
56689	18735
56690	18735
56691	18735
56692	18736
56693	18736
56694	18736
56695	18736
56696	18736
56697	18736
56698	18737
56699	18736
56700	18735
56701	18736
56702	18735
56703	18735
56704	18736
56705	18736
56706	18737
56707	18737
56708	18736
56709	18736
56710	18736
56711	18736
56712	18736
56713	18736
56714	18735
56715	18737
56716	18737
56717	18737
56718	18739
56719	18740
56720	18740
56721	18740
56722	18739
56723	18739
56724	18739
56725	18738
56726	18738
56727	18737
56728	18737
56729	18737
56730	18738
56731	18737
56732	18739
56733	18739
56734	18739
56735	18739
56736	18740
56737	18740
56738	18742
56739	18742
56740	18742
56741	18742
56742	18741
56743	18741
56744	18741
56745	18740
56746	18739
56747	18739
56748	18739
56749	18739
56750	18741
56751	18740
56752	18739
56753	18739
56754	18739
56755	18739
56756	18739
56757	18739
56758	18738
56759	18737
56760	18737
56761	18737
56762	18736
56763	18735
56764	18736
56765	18736
56766	18736
56767	18736
56768	18737
56769	18737
56770	18737
56771	18737
56772	18737
56773	18736
56774	18735
56775	18734
56776	18734
56777	18733
56778	18733
56779	18733
56780	18733
56781	18733
56782	18733
56783	18732
56784	18732
56785	18733
56786	18733
56787	18733
56788	18733
56789	18733
56790	18733
56791	18733
56792	18732
56793	18732
56794	18732
56795	18732
56796	18733
56797	18732
56798	18732
56799	18732
56800	18732
56801	18732
56802	18731
56803	18730
56804	18732
56805	18731
56806	18731
56807	18731
56808	18730
56809	18730
56810	18730
56811	18729
56812	18729
56813	18729
56814	18729
56815	18731
56816	18731
56817	18730
56818	18729
56819	18729
56820	18729
56821	18729
56822	18729
56823	18729
56824	18731
56825	18731
56826	18732
56827	18732
56828	18733
56829	18732
56830	18731
56831	18730
56832	18729
56833	18729
56834	18729
56835	18729
56836	18730
56837	18730
56838	18730
56839	18730
56840	18730
56841	18730
56842	18730
56843	18732
56844	18732
56845	18732
56846	18732
56847	18731
56848	18731
56849	18731
56850	18731
56851	18730
56852	18729
56853	18729
56854	18728
56855	18730
56856	18729
56857	18729
56858	18729
56859	18729
56860	18729
56861	18730
56862	18730
56863	18732
56864	18732
56865	18732
56866	18731
56867	18731
56868	18731
56869	18730
56870	18731
56871	18730
56872	18732
56873	18731
56874	18731
56875	18733
56876	18732
56877	18732
56878	18732
56879	18732
56880	18732
56881	18734
56882	18734
56883	18734
56884	18736
56885	18735
56886	18735
56887	18734
56888	18734
56889	18734
56890	18734
56891	18733
56892	18733
56893	18733
56894	18733
56895	18733
56896	18733
56897	18732
56898	18731
56899	18731
56900	18732
56901	18731
56902	18731
56903	18730
56904	18730
56905	18730
56906	18730
56907	18730
56908	18730
56909	18730
56910	18729
56911	18728
56912	18727
56913	18727
56914	18727
56915	18727
56916	18727
56917	18729
56918	18729
56919	18729
56920	18728
56921	18727
56922	18727
56923	18727
56924	18726
56925	18725
56926	18725
56927	18725
56928	18725
56929	18724
56930	18723
56931	18724
56932	18724
56933	18724
56934	18723
56935	18723
56936	18722
56937	18722
56938	18722
56939	18722
56940	18722
56941	18724
56942	18724
56943	18723
56944	18725
56945	18725
56946	18724
56947	18726
56948	18726
56949	18728
56950	18727
56951	18726
56952	18727
56953	18727
56954	18728
56955	18727
56956	18726
56957	18727
56958	18728
56959	18728
56960	18728
56961	18728
56962	18728
56963	18730
56964	18729
56965	18729
56966	18729
56967	18728
56968	18728
56969	18728
56970	18727
56971	18727
56972	18729
56973	18730
56974	18729
56975	18728
56976	18728
56977	18728
56978	18728
56979	18728
56980	18730
56981	18730
56982	18730
56983	18729
56984	18728
56985	18728
56986	18728
56987	18728
56988	18727
56989	18726
56990	18726
56991	18726
56992	18725
56993	18725
56994	18726
56995	18726
56996	18728
56997	18727
56998	18726
56999	18726
57000	18725
57001	18727
57002	18727
57003	18727
57004	18726
57005	18726
57006	18728
57007	18728
57008	18729
57009	18729
57010	18729
57011	18729
57012	18728
57013	18728
57014	18730
57015	18730
57016	18729
57017	18729
57018	18729
57019	18729
57020	18729
57021	18729
57022	18730
57023	18730
57024	18730
57025	18730
57026	18730
57027	18732
57028	18731
57029	18731
57030	18733
57031	18733
57032	18733
57033	18733
57034	18732
57035	18731
57036	18730
57037	18730
57038	18730
57039	18729
57040	18728
57041	18728
57042	18728
57043	18727
57044	18728
57045	18728
57046	18727
57047	18727
57048	18727
57049	18727
57050	18727
57051	18727
57052	18729
57053	18729
57054	18729
57055	18729
57056	18729
57057	18729
57058	18729
57059	18730
57060	18729
57061	18728
57062	18730
57063	18730
57064	18730
57065	18732
57066	18734
57067	18733
57068	18732
57069	18731
57070	18730
57071	18729
57072	18731
57073	18731
57074	18731
57075	18731
57076	18730
57077	18729
57078	18729
57079	18729
57080	18728
57081	18728
57082	18727
57083	18727
57084	18727
57085	18727
57086	18726
57087	18726
57088	18727
57089	18727
57090	18729
57091	18729
57092	18729
57093	18729
57094	18729
57095	18731
57096	18731
57097	18731
57098	18731
57099	18731
57100	18731
57101	18730
57102	18730
57103	18729
57104	18728
57105	18728
57106	18728
57107	18727
57108	18727
57109	18727
57110	18727
57111	18727
57112	18726
57113	18726
57114	18727
57115	18727
57116	18728
57117	18727
57118	18726
57119	18726
57120	18728
57121	18728
57122	18728
57123	18730
57124	18729
57125	18728
57126	18727
57127	18727
57128	18726
57129	18726
57130	18725
57131	18725
57132	18724
57133	18724
57134	18724
57135	18724
57136	18726
57137	18725
57138	18727
57139	18727
57140	18727
57141	18727
57142	18727
57143	18726
57144	18726
57145	18725
57146	18724
57147	18723
57148	18723
57149	18723
57150	18722
57151	18724
57152	18723
57153	18723
57154	18723
57155	18723
57156	18722
57157	18722
57158	18724
57159	18724
57160	18724
57161	18724
57162	18724
57163	18724
57164	18723
57165	18722
57166	18723
57167	18723
57168	18723
57169	18723
57170	18724
57171	18724
57172	18724
57173	18723
57174	18722
57175	18721
57176	18721
57177	18721
57178	18723
57179	18723
57180	18723
57181	18725
57182	18725
57183	18724
57184	18723
57185	18722
57186	18722
57187	18722
57188	18722
57189	18724
57190	18724
57191	18723
57192	18723
57193	18723
57194	18722
57195	18722
57196	18721
57197	18722
57198	18724
57199	18724
57200	18724
57201	18726
57202	18725
57203	18726
57204	18725
57205	18724
57206	18724
57207	18723
57208	18722
57209	18721
57210	18721
57211	18721
57212	18721
57213	18721
57214	18722
57215	18721
57216	18721
57217	18721
57218	18720
57219	18720
57220	18719
57221	18721
57222	18721
57223	18721
57224	18723
57225	18723
57226	18723
57227	18722
57228	18722
57229	18722
57230	18722
57231	18722
57232	18721
57233	18721
57234	18723
57235	18723
57236	18723
57237	18725
57238	18726
57239	18725
57240	18724
57241	18724
57242	18724
57243	18723
57244	18723
57245	18723
57246	18723
57247	18723
57248	18722
57249	18721
57250	18721
57251	18721
57252	18720
57253	18720
57254	18720
57255	18719
57256	18719
57257	18719
57258	18719
57259	18720
57260	18721
57261	18721
57262	18720
57263	18720
57264	18720
57265	18720
57266	18720
57267	18719
57268	18720
57269	18719
57270	18719
57271	18720
57272	18721
57273	18721
57274	18721
57275	18723
57276	18722
57277	18722
57278	18723
57279	18723
57280	18722
57281	18724
57282	18723
57283	18722
57284	18722
57285	18723
57286	18722
57287	18722
57288	18721
57289	18720
57290	18720
57291	18722
57292	18721
57293	18721
57294	18720
57295	18720
57296	18719
57297	18718
57298	18717
57299	18719
57300	18719
57301	18719
57302	18719
57303	18719
57304	18718
57305	18720
57306	18720
57307	18720
57308	18720
57309	18719
57310	18719
57311	18719
57312	18718
57313	18717
57314	18716
57315	18718
57316	18718
57317	18719
57318	18718
57319	18720
57320	18719
57321	18720
57322	18720
57323	18720
57324	18720
57325	18719
57326	18719
57327	18718
57328	18718
57329	18718
57330	18719
57331	18719
57332	18719
57333	18718
57334	18718
57335	18718
57336	18718
57337	18720
57338	18720
57339	18720
57340	18720
57341	18719
57342	18719
57343	18721
57344	18721
57345	18720
57346	18719
57347	18720
57348	18720
57349	18720
57350	18719
57351	18719
57352	18719
57353	18718
57354	18717
57355	18717
57356	18718
57357	18717
57358	18718
57359	18718
57360	18718
57361	18718
57362	18718
57363	18719
57364	18718
57365	18718
57366	18718
57367	18719
57368	18718
57369	18718
57370	18718
57371	18718
57372	18718
57373	18718
57374	18718
57375	18718
57376	18718
57377	18718
57378	18718
57379	18718
57380	18718
57381	18720
57382	18720
57383	18720
57384	18722
57385	18722
57386	18722
57387	18722
57388	18721
57389	18720
57390	18719
57391	18719
57392	18719
57393	18718
57394	18717
57395	18717
57396	18716
57397	18716
57398	18716
57399	18716
57400	18716
57401	18716
57402	18716
57403	18715
57404	18715
57405	18717
57406	18717
57407	18716
57408	18717
57409	18717
57410	18717
57411	18716
57412	18716
57413	18716
57414	18717
57415	18717
57416	18717
57417	18718
57418	18717
57419	18717
57420	18717
57421	18717
57422	18717
57423	18716
57424	18718
57425	18717
57426	18717
57427	18716
57428	18716
57429	18716
57430	18715
57431	18714
57432	18714
57433	18713
57434	18713
57435	18713
57436	18713
57437	18713
57438	18712
57439	18712
57440	18711
57441	18711
57442	18710
57443	18710
57444	18709
57445	18709
57446	18709
57447	18709
57448	18711
57449	18710
57450	18709
57451	18708
57452	18707
57453	18707
57454	18706
57455	18706
57456	18706
57457	18708
57458	18707
57459	18706
57460	18706
57461	18706
57462	18706
57463	18708
57464	18708
57465	18707
57466	18706
57467	18706
57468	18706
57469	18706
57470	18705
57471	18705
57472	18705
57473	18705
57474	18704
57475	18704
57476	18704
57477	18704
57478	18705
57479	18705
57480	18705
57481	18704
57482	18704
57483	18704
57484	18704
57485	18705
57486	18704
57487	18705
57488	18705
57489	18704
57490	18705
57491	18705
57492	18705
57493	18704
57494	18704
57495	18704
57496	18704
57497	18703
57498	18705
57499	18705
57500	18705
57501	18707
57502	18707
57503	18707
57504	18708
57505	18707
57506	18707
57507	18706
57508	18705
57509	18704
57510	18704
57511	18704
57512	18705
57513	18704
57514	18704
57515	18705
57516	18705
57517	18706
57518	18706
57519	18705
57520	18704
57521	18703
57522	18702
57523	18702
57524	18702
57525	18701
57526	18701
57527	18701
57528	18701
57529	18700
57530	18700
57531	18699
57532	18699
57533	18700
57534	18700
57535	18700
57536	18702
57537	18702
57538	18701
57539	18702
57540	18701
57541	18701
57542	18700
57543	18699
57544	18699
57545	18699
57546	18700
57547	18699
57548	18699
57549	18698
57550	18698
57551	18697
57552	18697
57553	18696
57554	18697
57555	18697
57556	18697
57557	18698
57558	18698
57559	18698
57560	18697
57561	18697
57562	18696
57563	18695
57564	18695
57565	18695
57566	18695
57567	18697
57568	18698
57569	18698
57570	18698
57571	18700
57572	18700
57573	18700
57574	18700
57575	18700
57576	18700
57577	18700
57578	18701
57579	18701
57580	18700
57581	18700
57582	18699
57583	18698
57584	18698
57585	18698
57586	18698
57587	18697
57588	18696
57589	18696
57590	18696
57591	18696
57592	18696
57593	18697
57594	18697
57595	18697
57596	18697
57597	18697
57598	18697
57599	18696
57600	18696
57601	18695
57602	18694
57603	18694
57604	18694
57605	18695
57606	18697
57607	18697
57608	18697
57609	18698
57610	18698
57611	18698
57612	18698
57613	18697
57614	18696
57615	18696
57616	18695
57617	18695
57618	18697
57619	18697
57620	18698
57621	18697
57622	18696
57623	18696
57624	18695
57625	18695
57626	18695
57627	18695
57628	18695
57629	18696
57630	18698
57631	18698
57632	18697
57633	18697
57634	18699
57635	18699
57636	18701
57637	18701
57638	18701
57639	18701
57640	18701
57641	18700
57642	18700
57643	18700
57644	18699
57645	18698
57646	18697
57647	18697
57648	18697
57649	18699
57650	18699
57651	18700
57652	18700
57653	18700
57654	18699
57655	18698
57656	18698
57657	18698
57658	18698
57659	18697
57660	18697
57661	18697
57662	18696
57663	18697
57664	18697
57665	18698
57666	18697
57667	18697
57668	18696
57669	18695
57670	18694
57671	18696
57672	18695
57673	18694
57674	18693
57675	18694
57676	18694
57677	18694
57678	18694
57679	18694
57680	18693
57681	18692
57682	18694
57683	18693
57684	18692
57685	18693
57686	18694
57687	18694
57688	18694
57689	18694
57690	18694
57691	18694
57692	18694
57693	18693
57694	18693
57695	18694
57696	18693
57697	18693
57698	18694
57699	18695
57700	18695
57701	18695
57702	18696
57703	18696
57704	18697
57705	18697
57706	18697
57707	18696
57708	18696
57709	18697
57710	18696
57711	18695
57712	18694
57713	18693
57714	18695
57715	18694
57716	18694
57717	18693
57718	18693
57719	18693
57720	18693
57721	18693
57722	18692
57723	18692
57724	18693
57725	18692
57726	18692
57727	18693
57728	18695
57729	18695
57730	18695
57731	18696
57732	18696
57733	18698
57734	18697
57735	18697
57736	18697
57737	18696
57738	18697
57739	18697
57740	18697
57741	18697
57742	18697
57743	18696
57744	18695
57745	18695
57746	18694
57747	18695
57748	18695
57749	18694
57750	18693
57751	18693
57752	18692
57753	18691
57754	18690
57755	18692
57756	18692
57757	18692
57758	18692
57759	18692
57760	18692
57761	18692
57762	18691
57763	18691
57764	18691
57765	18691
57766	18691
57767	18690
57768	18689
57769	18689
57770	18689
57771	18689
57772	18688
57773	18689
57774	18691
57775	18690
57776	18690
57777	18690
57778	18689
57779	18688
57780	18688
57781	18688
57782	18689
57783	18688
57784	18688
57785	18688
57786	18689
57787	18689
57788	18689
57789	18688
57790	18687
57791	18687
57792	18687
57793	18687
57794	18687
57795	18686
57796	18686
57797	18687
57798	18687
57799	18687
57800	18687
57801	18686
57802	18685
57803	18685
57804	18686
57805	18686
57806	18688
57807	18688
57808	18688
57809	18688
57810	18688
57811	18688
57812	18687
57813	18686
57814	18685
57815	18685
57816	18686
57817	18686
57818	18686
57819	18686
57820	18687
57821	18687
57822	18687
57823	18688
57824	18687
57825	18686
57826	18685
57827	18685
57828	18685
57829	18686
57830	18686
57831	18686
57832	18686
57833	18685
57834	18685
57835	18686
57836	18685
57837	18684
57838	18684
57839	18683
57840	18683
57841	18682
57842	18682
57843	18681
57844	18681
57845	18681
57846	18680
57847	18682
57848	18682
57849	18683
57850	18684
57851	18684
57852	18683
57853	18682
57854	18681
57855	18680
57856	18681
57857	18681
57858	18680
57859	18680
57860	18680
57861	18680
57862	18680
57863	18681
57864	18681
57865	18681
57866	18681
57867	18681
57868	18681
57869	18680
57870	18682
57871	18682
57872	18681
57873	18681
57874	18681
57875	18682
57876	18682
57877	18682
57878	18682
57879	18682
57880	18682
57881	18684
57882	18684
57883	18684
57884	18684
57885	18683
57886	18683
57887	18683
57888	18683
57889	18684
57890	18684
57891	18684
57892	18683
57893	18683
57894	18685
57895	18685
57896	18685
57897	18686
57898	18685
57899	18685
57900	18687
57901	18687
57902	18689
57903	18689
57904	18689
57905	18688
57906	18688
57907	18690
57908	18690
57909	18690
57910	18689
57911	18688
57912	18688
57913	18689
57914	18689
57915	18690
57916	18690
57917	18690
57918	18689
57919	18689
57920	18688
57921	18688
57922	18688
57923	18688
57924	18688
57925	18690
57926	18690
57927	18690
57928	18689
57929	18688
57930	18688
57931	18688
57932	18690
57933	18691
57934	18690
57935	18690
57936	18690
57937	18689
57938	18688
57939	18689
57940	18689
57941	18688
57942	18688
57943	18688
57944	18687
57945	18687
57946	18687
57947	18687
57948	18687
57949	18686
57950	18686
57951	18688
57952	18688
57953	18688
57954	18688
57955	18688
57956	18688
57957	18688
57958	18688
57959	18687
57960	18686
57961	18687
57962	18687
57963	18689
57964	18689
57965	18688
57966	18690
57967	18689
57968	18689
57969	18689
57970	18689
57971	18689
57972	18689
57973	18689
57974	18689
57975	18689
57976	18691
57977	18691
57978	18693
57979	18693
57980	18692
57981	18693
57982	18693
57983	18692
57984	18691
57985	18691
57986	18691
57987	18691
57988	18691
57989	18691
57990	18691
57991	18690
57992	18689
57993	18689
57994	18690
57995	18690
57996	18690
57997	18690
57998	18690
57999	18692
58000	18691
58001	18691
58002	18690
58003	18691
58004	18690
58005	18692
58006	18691
58007	18691
58008	18691
58009	18690
58010	18690
58011	18690
58012	18690
58013	18689
58014	18689
58015	18691
58016	18693
58017	18693
58018	18693
58019	18695
58020	18694
58021	18694
58022	18693
58023	18693
58024	18695
58025	18695
58026	18694
58027	18693
58028	18692
58029	18691
58030	18691
58031	18691
58032	18691
58033	18691
58034	18691
58035	18691
58036	18691
58037	18691
58038	18693
58039	18693
58040	18692
58041	18692
58042	18692
58043	18692
58044	18693
58045	18692
58046	18692
58047	18692
58048	18691
58049	18690
58050	18692
58051	18691
58052	18691
58053	18691
58054	18691
58055	18690
58056	18689
58057	18691
58058	18690
58059	18691
58060	18693
58061	18693
58062	18693
58063	18692
58064	18692
58065	18692
58066	18692
58067	18691
58068	18691
58069	18692
58070	18691
58071	18691
58072	18692
58073	18692
58074	18691
58075	18690
58076	18689
58077	18688
58078	18690
58079	18690
58080	18692
58081	18692
58082	18691
58083	18691
58084	18691
58085	18691
58086	18691
58087	18690
58088	18690
58089	18690
58090	18690
58091	18690
58092	18690
58093	18691
58094	18693
58095	18693
58096	18692
58097	18692
58098	18691
58099	18690
58100	18690
58101	18690
58102	18690
58103	18689
58104	18689
58105	18689
58106	18691
58107	18690
58108	18690
58109	18690
58110	18690
58111	18690
58112	18690
58113	18691
58114	18691
58115	18693
58116	18693
58117	18693
58118	18694
58119	18693
58120	18692
58121	18692
58122	18692
58123	18694
58124	18694
58125	18694
58126	18694
58127	18696
58128	18696
58129	18696
58130	18696
58131	18695
58132	18694
58133	18696
58134	18698
58135	18698
58136	18698
58137	18698
58138	18698
58139	18698
58140	18698
58141	18698
58142	18698
58143	18698
58144	18698
58145	18698
58146	18699
58147	18700
58148	18699
58149	18699
58150	18699
58151	18699
58152	18699
58153	18699
58154	18699
58155	18699
58156	18698
58157	18698
58158	18697
58159	18697
58160	18696
58161	18696
58162	18698
58163	18698
58164	18698
58165	18697
58166	18696
58167	18696
58168	18695
58169	18694
58170	18693
58171	18693
58172	18692
58173	18692
58174	18692
58175	18691
58176	18690
58177	18690
58178	18690
58179	18691
58180	18691
58181	18690
58182	18689
58183	18688
58184	18687
58185	18686
58186	18686
58187	18686
58188	18686
58189	18686
58190	18686
58191	18685
58192	18687
58193	18687
58194	18687
58195	18687
58196	18687
58197	18689
58198	18688
58199	18688
58200	18688
58201	18687
58202	18686
58203	18685
58204	18684
58205	18686
58206	18686
58207	18685
58208	18685
58209	18685
58210	18687
58211	18687
58212	18687
58213	18687
58214	18687
58215	18687
58216	18686
58217	18686
58218	18688
58219	18689
58220	18688
58221	18687
58222	18686
58223	18685
58224	18685
58225	18685
58226	18685
58227	18685
58228	18685
58229	18684
58230	18684
58231	18685
58232	18684
58233	18684
58234	18686
58235	18685
58236	18685
58237	18684
58238	18684
58239	18684
58240	18684
58241	18684
58242	18684
58243	18686
58244	18686
58245	18686
58246	18686
58247	18685
58248	18686
58249	18686
58250	18686
58251	18686
58252	18686
58253	18686
58254	18685
58255	18685
58256	18684
58257	18684
58258	18683
58259	18683
58260	18683
58261	18683
58262	18683
58263	18684
58264	18683
58265	18684
58266	18684
58267	18683
58268	18684
58269	18685
58270	18685
58271	18685
58272	18685
58273	18684
58274	18684
58275	18684
58276	18683
58277	18683
58278	18682
58279	18682
58280	18682
58281	18684
58282	18683
58283	18684
58284	18683
58285	18682
58286	18682
58287	18683
58288	18685
58289	18685
58290	18686
58291	18688
58292	18688
58293	18688
58294	18689
58295	18688
58296	18688
58297	18687
58298	18687
58299	18687
58300	18686
58301	18686
58302	18685
58303	18685
58304	18687
58305	18687
58306	18689
58307	18688
58308	18687
58309	18689
58310	18689
58311	18689
58312	18688
58313	18688
58314	18688
58315	18687
58316	18686
58317	18688
58318	18687
58319	18687
58320	18689
58321	18691
58322	18691
58323	18690
58324	18692
58325	18694
58326	18694
58327	18694
58328	18696
58329	18695
58330	18694
58331	18696
58332	18695
58333	18695
58334	18694
58335	18694
58336	18694
58337	18693
58338	18695
58339	18695
58340	18695
58341	18695
58342	18695
58343	18695
58344	18695
58345	18696
58346	18696
58347	18698
58348	18698
58349	18699
58350	18699
58351	18699
58352	18701
58353	18701
58354	18700
58355	18701
58356	18701
58357	18700
58358	18699
58359	18699
58360	18698
58361	18698
58362	18698
58363	18697
58364	18697
58365	18697
58366	18697
58367	18697
58368	18697
58369	18699
58370	18698
58371	18698
58372	18698
58373	18697
58374	18697
58375	18697
58376	18696
58377	18696
58378	18696
58379	18695
58380	18695
58381	18695
58382	18695
58383	18694
58384	18694
58385	18694
58386	18694
58387	18694
58388	18693
58389	18695
58390	18695
58391	18696
58392	18696
58393	18696
58394	18698
58395	18699
58396	18699
58397	18699
58398	18699
58399	18698
58400	18698
58401	18697
58402	18697
58403	18697
58404	18698
58405	18697
58406	18697
58407	18697
58408	18699
58409	18700
58410	18700
58411	18700
58412	18700
58413	18699
58414	18699
58415	18699
58416	18699
58417	18699
58418	18698
58419	18698
58420	18698
58421	18698
58422	18698
58423	18698
58424	18700
58425	18699
58426	18699
58427	18701
58428	18701
58429	18701
58430	18701
58431	18701
58432	18701
58433	18701
58434	18700
58435	18699
58436	18700
58437	18701
58438	18701
58439	18701
58440	18701
58441	18701
58442	18702
58443	18702
58444	18702
58445	18702
58446	18701
58447	18701
58448	18703
58449	18703
58450	18702
58451	18702
58452	18702
58453	18702
58454	18702
58455	18702
58456	18702
58457	18702
58458	18704
58459	18704
58460	18704
58461	18704
58462	18706
58463	18706
58464	18706
58465	18705
58466	18705
58467	18705
58468	18704
58469	18704
58470	18703
58471	18703
58472	18703
58473	18703
58474	18703
58475	18703
58476	18703
58477	18703
58478	18703
58479	18703
58480	18702
58481	18702
58482	18702
58483	18702
58484	18701
58485	18703
58486	18703
58487	18703
58488	18703
58489	18703
58490	18702
58491	18702
58492	18703
58493	18703
58494	18703
58495	18703
58496	18705
58497	18704
58498	18704
58499	18704
58500	18703
58501	18705
58502	18705
58503	18705
58504	18706
58505	18707
58506	18706
58507	18706
58508	18706
58509	18706
58510	18706
58511	18705
58512	18705
58513	18707
58514	18706
58515	18706
58516	18705
58517	18704
58518	18704
58519	18703
58520	18704
58521	18703
58522	18702
58523	18701
58524	18701
58525	18700
58526	18699
58527	18699
58528	18698
58529	18698
58530	18698
58531	18700
58532	18699
58533	18701
58534	18701
58535	18701
58536	18701
58537	18701
58538	18700
58539	18700
58540	18700
58541	18700
58542	18699
58543	18698
58544	18697
58545	18698
58546	18698
58547	18698
58548	18699
58549	18699
58550	18698
58551	18698
58552	18699
58553	18700
58554	18700
58555	18700
58556	18699
58557	18699
58558	18699
58559	18698
58560	18697
58561	18697
58562	18699
58563	18700
58564	18700
58565	18699
58566	18699
58567	18699
58568	18699
58569	18699
58570	18699
58571	18699
58572	18700
58573	18700
58574	18700
58575	18702
58576	18702
58577	18702
58578	18702
58579	18703
58580	18704
58581	18704
58582	18704
58583	18704
58584	18704
58585	18704
58586	18704
58587	18704
58588	18704
58589	18704
58590	18704
58591	18703
58592	18703
58593	18704
58594	18703
58595	18702
58596	18701
58597	18700
58598	18700
58599	18700
58600	18699
58601	18699
58602	18699
58603	18699
58604	18698
58605	18697
58606	18697
58607	18696
58608	18695
58609	18697
58610	18697
58611	18697
58612	18696
58613	18695
58614	18694
58615	18696
58616	18696
58617	18696
58618	18696
58619	18696
58620	18695
58621	18695
58622	18697
58623	18696
58624	18696
58625	18696
58626	18696
58627	18695
58628	18695
58629	18696
58630	18696
58631	18695
58632	18694
58633	18696
58634	18696
58635	18695
58636	18695
58637	18697
58638	18699
58639	18699
58640	18698
58641	18700
58642	18700
58643	18699
58644	18698
58645	18699
58646	18698
58647	18700
58648	18700
58649	18700
58650	18699
58651	18699
58652	18698
58653	18698
58654	18697
58655	18697
58656	18697
58657	18697
58658	18697
58659	18697
58660	18696
58661	18695
58662	18695
58663	18695
58664	18695
58665	18695
58666	18695
58667	18695
58668	18695
58669	18696
58670	18696
58671	18696
58672	18696
58673	18695
58674	18695
58675	18694
58676	18695
58677	18695
58678	18695
58679	18695
58680	18694
58681	18694
58682	18693
58683	18692
58684	18692
58685	18691
58686	18693
58687	18693
58688	18695
58689	18695
58690	18695
58691	18695
58692	18695
58693	18695
58694	18695
58695	18695
58696	18695
58697	18694
58698	18694
58699	18694
58700	18693
58701	18693
58702	18694
58703	18694
58704	18694
58705	18695
58706	18694
58707	18694
58708	18694
58709	18693
58710	18693
58711	18693
58712	18695
58713	18695
58714	18694
58715	18694
58716	18693
58717	18693
58718	18693
58719	18693
58720	18693
58721	18692
58722	18691
58723	18692
58724	18692
58725	18693
58726	18693
58727	18693
58728	18693
58729	18695
58730	18695
58731	18695
58732	18694
58733	18696
58734	18696
58735	18696
58736	18695
58737	18695
58738	18694
58739	18694
58740	18696
58741	18696
58742	18696
58743	18695
58744	18695
58745	18694
58746	18696
58747	18695
58748	18697
58749	18697
58750	18696
58751	18696
58752	18696
58753	18695
58754	18695
58755	18695
58756	18695
58757	18694
58758	18695
58759	18695
58760	18695
58761	18695
58762	18696
58763	18697
58764	18696
58765	18696
58766	18696
58767	18696
58768	18696
58769	18696
58770	18697
58771	18696
58772	18696
58773	18697
58774	18697
58775	18697
58776	18696
58777	18697
58778	18697
58779	18698
58780	18698
58781	18699
58782	18699
58783	18701
58784	18701
58785	18703
58786	18703
58787	18703
58788	18703
58789	18703
58790	18703
58791	18702
58792	18702
58793	18703
58794	18705
58795	18705
58796	18705
58797	18707
58798	18707
58799	18707
58800	18707
58801	18707
58802	18707
58803	18707
58804	18706
58805	18706
58806	18706
58807	18705
58808	18705
58809	18705
58810	18705
58811	18707
58812	18707
58813	18707
58814	18706
58815	18705
58816	18705
58817	18706
58818	18706
58819	18706
58820	18706
58821	18706
58822	18706
58823	18706
58824	18706
58825	18706
58826	18705
58827	18704
58828	18704
58829	18704
58830	18703
58831	18703
58832	18702
58833	18702
58834	18702
58835	18701
58836	18701
58837	18702
58838	18702
58839	18702
58840	18701
58841	18700
58842	18700
58843	18699
58844	18699
58845	18699
58846	18700
58847	18700
58848	18699
58849	18698
58850	18697
58851	18697
58852	18697
58853	18697
58854	18697
58855	18697
58856	18697
58857	18697
58858	18697
58859	18697
58860	18697
58861	18697
58862	18697
58863	18697
58864	18696
58865	18697
58866	18697
58867	18697
58868	18697
58869	18699
58870	18699
58871	18699
58872	18699
58873	18700
58874	18699
58875	18699
58876	18698
58877	18700
58878	18699
58879	18698
58880	18697
58881	18696
58882	18696
58883	18695
58884	18694
58885	18695
58886	18695
58887	18696
58888	18696
58889	18696
58890	18696
58891	18696
58892	18696
58893	18696
58894	18695
58895	18695
58896	18695
58897	18696
58898	18698
58899	18698
58900	18698
58901	18698
58902	18698
58903	18697
58904	18697
58905	18697
58906	18696
58907	18695
58908	18697
58909	18697
58910	18697
58911	18697
58912	18697
58913	18696
58914	18696
58915	18696
58916	18696
58917	18696
58918	18695
58919	18696
58920	18696
58921	18695
58922	18694
58923	18696
58924	18696
58925	18696
58926	18698
58927	18698
58928	18698
58929	18698
58930	18698
58931	18697
58932	18697
58933	18697
58934	18697
58935	18698
58936	18697
58937	18696
58938	18695
58939	18695
58940	18695
58941	18694
58942	18696
58943	18696
58944	18696
58945	18696
58946	18698
58947	18698
58948	18698
58949	18697
58950	18697
58951	18697
58952	18697
58953	18697
58954	18699
58955	18699
58956	18700
58957	18700
58958	18699
58959	18698
58960	18698
58961	18697
58962	18697
58963	18698
58964	18698
58965	18698
58966	18699
58967	18698
58968	18698
58969	18699
58970	18698
58971	18698
58972	18697
58973	18696
58974	18695
58975	18696
58976	18696
58977	18696
58978	18696
58979	18696
58980	18696
58981	18697
58982	18697
58983	18697
58984	18699
58985	18700
58986	18700
58987	18700
58988	18700
58989	18700
58990	18700
58991	18699
58992	18698
58993	18698
58994	18698
58995	18697
58996	18699
58997	18699
58998	18698
58999	18700
59000	18700
59001	18699
59002	18698
59003	18698
59004	18698
59005	18698
59006	18698
59007	18698
59008	18698
59009	18698
59010	18697
59011	18697
59012	18697
59013	18696
59014	18695
59015	18696
59016	18697
59017	18697
59018	18697
59019	18698
59020	18698
59021	18697
59022	18697
59023	18696
59024	18696
59025	18696
59026	18695
59027	18695
59028	18695
59029	18694
59030	18694
59031	18694
59032	18694
59033	18694
59034	18693
59035	18692
59036	18691
59037	18692
59038	18691
59039	18691
59040	18690
59041	18689
59042	18688
59043	18687
59044	18689
59045	18689
59046	18688
59047	18688
59048	18688
59049	18689
59050	18689
59051	18689
59052	18688
59053	18688
59054	18687
59055	18688
59056	18688
59057	18687
59058	18687
59059	18686
59060	18687
59061	18687
59062	18689
59063	18689
59064	18690
59065	18689
59066	18689
59067	18688
59068	18688
59069	18687
59070	18687
59071	18686
59072	18686
59073	18688
59074	18688
59075	18688
59076	18690
59077	18689
59078	18689
59079	18688
59080	18687
59081	18687
59082	18687
59083	18689
59084	18689
59085	18689
59086	18689
59087	18689
59088	18689
59089	18689
59090	18688
59091	18689
59092	18690
59093	18690
59094	18690
59095	18690
59096	18690
59097	18692
59098	18691
59099	18691
59100	18691
59101	18690
59102	18689
59103	18688
59104	18688
59105	18688
59106	18687
59107	18687
59108	18686
59109	18686
59110	18686
59111	18685
59112	18687
59113	18687
59114	18688
59115	18687
59116	18686
59117	18686
59118	18688
59119	18688
59120	18689
59121	18691
59122	18691
59123	18691
59124	18690
59125	18690
59126	18689
59127	18688
59128	18688
59129	18688
59130	18687
59131	18687
59132	18686
59133	18685
59134	18685
59135	18686
59136	18686
59137	18685
59138	18684
59139	18684
59140	18683
59141	18683
59142	18683
59143	18682
59144	18681
59145	18682
59146	18681
59147	18683
59148	18682
59149	18682
59150	18684
59151	18684
59152	18686
59153	18686
59154	18686
59155	18686
59156	18686
59157	18687
59158	18686
59159	18686
59160	18685
59161	18685
59162	18684
59163	18683
59164	18683
59165	18684
59166	18684
59167	18685
59168	18685
59169	18684
59170	18683
59171	18682
59172	18682
59173	18681
59174	18680
59175	18679
59176	18679
59177	18678
59178	18678
59179	18678
59180	18677
59181	18678
59182	18677
59183	18677
59184	18677
59185	18676
59186	18676
59187	18676
59188	18676
59189	18675
59190	18676
59191	18676
59192	18675
59193	18675
59194	18674
59195	18673
59196	18673
59197	18672
59198	18671
59199	18672
59200	18671
59201	18671
59202	18670
59203	18670
59204	18670
59205	18670
59206	18670
59207	18670
59208	18670
59209	18670
59210	18669
59211	18668
59212	18668
59213	18670
59214	18670
59215	18671
59216	18670
59217	18669
59218	18669
59219	18671
59220	18671
59221	18670
59222	18669
59223	18669
59224	18669
59225	18668
59226	18669
59227	18669
59228	18669
59229	18670
59230	18669
59231	18671
59232	18671
59233	18670
59234	18669
59235	18668
59236	18668
59237	18667
59238	18667
59239	18667
59240	18667
59241	18666
59242	18666
59243	18665
59244	18664
59245	18664
59246	18664
59247	18663
59248	18662
59249	18662
59250	18662
59251	18661
59252	18663
59253	18662
59254	18664
59255	18664
59256	18664
59257	18664
59258	18664
59259	18664
59260	18664
59261	18663
59262	18663
59263	18662
59264	18664
59265	18663
59266	18663
59267	18663
59268	18665
59269	18665
59270	18666
59271	18665
59272	18665
59273	18665
59274	18665
59275	18664
59276	18663
59277	18664
59278	18664
59279	18664
59280	18664
59281	18664
59282	18664
59283	18664
59284	18665
59285	18664
59286	18663
59287	18662
59288	18662
59289	18662
59290	18661
59291	18662
59292	18662
59293	18664
59294	18664
59295	18665
59296	18665
59297	18665
59298	18664
59299	18664
59300	18663
59301	18664
59302	18663
59303	18663
59304	18663
59305	18663
59306	18663
59307	18665
59308	18665
59309	18665
59310	18665
59311	18664
59312	18664
59313	18664
59314	18664
59315	18663
59316	18663
59317	18663
59318	18663
59319	18664
59320	18663
59321	18663
59322	18664
59323	18665
59324	18664
59325	18664
59326	18666
59327	18666
59328	18666
59329	18666
59330	18666
59331	18665
59332	18665
59333	18664
59334	18663
59335	18664
59336	18663
59337	18665
59338	18665
59339	18665
59340	18664
59341	18663
59342	18662
59343	18662
59344	18662
59345	18662
59346	18663
59347	18662
59348	18662
59349	18664
59350	18664
59351	18664
59352	18664
59353	18664
59354	18664
59355	18663
59356	18664
59357	18663
59358	18662
59359	18662
59360	18662
59361	18662
59362	18662
59363	18662
59364	18662
59365	18664
59366	18664
59367	18664
59368	18664
59369	18664
59370	18664
59371	18665
59372	18665
59373	18667
59374	18667
59375	18667
59376	18669
59377	18668
59378	18667
59379	18667
59380	18667
59381	18667
59382	18666
59383	18668
59384	18668
59385	18668
59386	18668
59387	18667
59388	18668
59389	18670
59390	18670
59391	18669
59392	18669
59393	18669
59394	18669
59395	18668
59396	18669
59397	18669
59398	18670
59399	18670
59400	18670
59401	18671
59402	18671
59403	18671
59404	18672
59405	18673
59406	18673
59407	18673
59408	18672
59409	18672
59410	18672
59411	18674
59412	18673
59413	18673
59414	18672
59415	18671
59416	18671
59417	18671
59418	18671
59419	18672
59420	18672
59421	18672
59422	18672
59423	18672
59424	18672
59425	18673
59426	18672
59427	18672
59428	18672
59429	18672
59430	18672
59431	18672
59432	18671
59433	18671
59434	18671
59435	18670
59436	18669
59437	18669
59438	18671
59439	18670
59440	18669
59441	18669
59442	18668
59443	18668
59444	18668
59445	18667
59446	18667
59447	18666
59448	18666
59449	18665
59450	18666
59451	18665
59452	18664
59453	18664
59454	18663
59455	18665
59456	18665
59457	18665
59458	18665
59459	18665
59460	18665
59461	18664
59462	18664
59463	18664
59464	18664
59465	18664
59466	18663
59467	18662
59468	18661
59469	18660
59470	18660
59471	18662
59472	18661
59473	18662
59474	18661
59475	18661
59476	18661
59477	18660
59478	18660
59479	18660
59480	18660
59481	18662
59482	18662
59483	18662
59484	18664
59485	18663
59486	18662
59487	18662
59488	18661
59489	18661
59490	18661
59491	18661
59492	18660
59493	18661
59494	18660
59495	18660
59496	18660
59497	18660
59498	18660
59499	18662
59500	18662
59501	18662
59502	18662
59503	18664
59504	18663
59505	18662
59506	18662
59507	18661
59508	18661
59509	18660
59510	18659
59511	18659
59512	18659
59513	18659
59514	18658
59515	18658
59516	18660
59517	18660
59518	18660
59519	18660
59520	18660
59521	18662
59522	18661
59523	18661
59524	18661
59525	18661
59526	18661
59527	18661
59528	18661
59529	18661
59530	18661
59531	18660
59532	18660
59533	18660
59534	18661
59535	18661
59536	18661
59537	18662
59538	18663
59539	18663
59540	18662
59541	18662
59542	18662
59543	18662
59544	18662
59545	18664
59546	18664
59547	18664
59548	18664
59549	18663
59550	18662
59551	18662
59552	18662
59553	18662
59554	18661
59555	18660
59556	18660
59557	18659
59558	18658
59559	18659
59560	18658
59561	18657
59562	18656
59563	18655
59564	18655
59565	18657
59566	18657
59567	18656
59568	18657
59569	18657
59570	18658
59571	18658
59572	18658
59573	18657
59574	18656
59575	18656
59576	18655
59577	18656
59578	18656
59579	18655
59580	18657
59581	18656
59582	18656
59583	18656
59584	18656
59585	18655
59586	18655
59587	18656
59588	18655
59589	18656
59590	18656
59591	18656
59592	18655
59593	18654
59594	18654
59595	18654
59596	18654
59597	18653
59598	18653
59599	18653
59600	18652
59601	18651
59602	18650
59603	18650
59604	18650
59605	18649
59606	18648
59607	18648
59608	18648
59609	18648
59610	18649
59611	18648
59612	18648
59613	18650
59614	18650
59615	18650
59616	18649
59617	18649
59618	18651
59619	18650
59620	18649
59621	18651
59622	18651
59623	18651
59624	18651
59625	18651
59626	18651
59627	18651
59628	18651
59629	18653
59630	18653
59631	18653
59632	18653
59633	18653
59634	18653
59635	18652
59636	18652
59637	18651
59638	18651
59639	18652
59640	18652
59641	18651
59642	18651
59643	18651
59644	18650
59645	18650
59646	18650
59647	18652
59648	18652
59649	18652
59650	18652
59651	18651
59652	18651
59653	18650
59654	18650
59655	18650
59656	18652
59657	18651
59658	18651
59659	18651
59660	18650
59661	18649
59662	18649
59663	18649
59664	18649
59665	18650
59666	18650
59667	18650
59668	18651
59669	18651
59670	18653
59671	18655
59672	18654
59673	18656
59674	18656
59675	18657
59676	18656
59677	18656
59678	18656
59679	18656
59680	18656
59681	18656
59682	18655
59683	18655
59684	18655
59685	18655
59686	18656
59687	18656
59688	18656
59689	18656
59690	18657
59691	18657
59692	18657
59693	18656
59694	18655
59695	18655
59696	18656
59697	18656
59698	18655
59699	18656
59700	18655
59701	18654
59702	18654
59703	18653
59704	18652
59705	18651
59706	18650
59707	18649
59708	18649
59709	18649
59710	18649
59711	18648
59712	18649
59713	18649
59714	18648
59715	18648
59716	18648
59717	18648
59718	18647
59719	18648
59720	18648
59721	18647
59722	18647
59723	18647
59724	18647
59725	18647
59726	18647
59727	18647
59728	18647
59729	18648
59730	18649
59731	18649
59732	18648
59733	18648
59734	18647
59735	18647
59736	18646
59737	18646
59738	18648
59739	18647
59740	18648
59741	18649
59742	18648
59743	18648
59744	18648
59745	18648
59746	18648
59747	18648
59748	18649
59749	18648
59750	18647
59751	18647
59752	18647
59753	18649
59754	18649
59755	18648
59756	18647
59757	18647
59758	18649
59759	18650
59760	18649
59761	18649
59762	18651
59763	18650
59764	18651
59765	18653
59766	18653
59767	18654
59768	18654
59769	18653
59770	18653
59771	18653
59772	18653
59773	18652
59774	18652
59775	18652
59776	18652
59777	18652
59778	18651
59779	18652
59780	18652
59781	18652
59782	18652
59783	18653
59784	18653
59785	18653
59786	18652
59787	18652
59788	18654
59789	18654
59790	18654
59791	18653
59792	18653
59793	18652
59794	18652
59795	18652
59796	18652
59797	18654
59798	18655
59799	18654
59800	18654
59801	18653
59802	18653
59803	18653
59804	18653
59805	18655
59806	18654
59807	18653
59808	18652
59809	18651
59810	18651
59811	18651
59812	18651
59813	18653
59814	18655
59815	18655
59816	18655
59817	18657
59818	18656
59819	18655
59820	18657
59821	18657
59822	18656
59823	18656
59824	18656
59825	18656
59826	18656
59827	18656
59828	18656
59829	18656
59830	18655
59831	18655
59832	18654
59833	18654
59834	18654
59835	18654
59836	18654
59837	18656
59838	18656
59839	18656
59840	18656
59841	18656
59842	18655
59843	18655
59844	18654
59845	18654
59846	18654
59847	18655
59848	18655
59849	18655
59850	18655
59851	18655
59852	18654
59853	18653
59854	18653
59855	18653
59856	18654
59857	18653
59858	18653
59859	18653
59860	18653
59861	18652
59862	18652
59863	18652
59864	18651
59865	18651
59866	18650
59867	18650
59868	18650
59869	18650
59870	18649
59871	18649
59872	18648
59873	18647
59874	18646
59875	18645
59876	18644
59877	18643
59878	18644
59879	18644
59880	18644
59881	18643
59882	18642
59883	18642
59884	18642
59885	18642
59886	18643
59887	18643
59888	18642
59889	18642
59890	18642
59891	18642
59892	18642
59893	18642
59894	18642
59895	18643
59896	18643
59897	18643
59898	18642
59899	18642
59900	18642
59901	18641
59902	18640
59903	18639
59904	18639
59905	18638
59906	18637
59907	18637
59908	18636
59909	18638
59910	18638
59911	18637
59912	18637
59913	18637
59914	18637
59915	18637
59916	18638
59917	18637
59918	18637
59919	18637
59920	18636
59921	18636
59922	18637
59923	18637
59924	18636
59925	18635
59926	18636
59927	18636
59928	18636
59929	18636
59930	18636
59931	18636
59932	18635
59933	18635
59934	18635
59935	18634
59936	18634
59937	18634
59938	18634
59939	18634
59940	18634
59941	18633
59942	18633
59943	18633
59944	18633
59945	18633
59946	18633
59947	18633
59948	18633
59949	18632
59950	18631
59951	18631
59952	18630
59953	18632
59954	18632
59955	18632
59956	18632
59957	18632
59958	18632
59959	18632
59960	18632
59961	18632
59962	18631
59963	18630
59964	18630
59965	18630
59966	18630
59967	18630
59968	18630
59969	18631
59970	18631
59971	18631
59972	18632
59973	18633
59974	18632
59975	18632
59976	18632
59977	18633
59978	18633
59979	18633
59980	18632
59981	18632
59982	18632
59983	18632
59984	18631
59985	18631
59986	18630
59987	18631
59988	18631
59989	18631
59990	18631
59991	18632
59992	18632
59993	18632
59994	18631
59995	18630
59996	18630
59997	18629
59998	18629
59999	18631
60000	18631
60001	18631
60002	18630
60003	18629
60004	18629
60005	18629
60006	18629
60007	18629
60008	18629
60009	18629
60010	18629
60011	18629
60012	18629
60013	18630
60014	18629
60015	18628
60016	18628
60017	18628
60018	18628
60019	18628
60020	18629
60021	18629
60022	18628
60023	18628
60024	18628
60025	18627
60026	18627
60027	18627
60028	18626
60029	18627
60030	18627
60031	18627
60032	18627
60033	18626
60034	18626
60035	18625
60036	18627
60037	18627
60038	18627
60039	18628
60040	18628
60041	18628
60042	18627
60043	18628
60044	18628
60045	18628
60046	18628
60047	18627
60048	18627
60049	18627
60050	18627
60051	18627
60052	18627
60053	18627
60054	18626
60055	18626
60056	18628
60057	18627
60058	18627
60059	18626
60060	18625
60061	18624
60062	18624
60063	18623
60064	18623
60065	18625
60066	18624
60067	18625
60068	18625
60069	18625
60070	18625
60071	18625
60072	18626
60073	18626
60074	18625
60075	18625
60076	18624
60077	18624
60078	18624
60079	18624
60080	18624
60081	18625
60082	18624
60083	18626
60084	18626
60085	18625
60086	18625
60087	18625
60088	18625
60089	18624
60090	18624
60091	18623
60092	18623
60093	18623
60094	18623
60095	18622
60096	18621
60097	18620
60098	18620
60099	18622
60100	18621
60101	18621
60102	18622
60103	18622
60104	18624
60105	18624
60106	18623
60107	18622
60108	18622
60109	18622
60110	18622
60111	18622
60112	18622
60113	18621
60114	18620
60115	18619
60116	18619
60117	18621
60118	18621
60119	18621
60120	18621
60121	18621
60122	18621
60123	18620
60124	18619
60125	18620
60126	18620
60127	18620
60128	18620
60129	18620
60130	18620
60131	18619
60132	18621
60133	18621
60134	18621
60135	18621
60136	18623
60137	18622
60138	18622
60139	18622
60140	18622
60141	18621
60142	18620
60143	18620
60144	18620
60145	18620
60146	18621
60147	18621
60148	18620
60149	18619
60150	18618
60151	18620
60152	18620
60153	18620
60154	18620
60155	18620
60156	18620
60157	18619
60158	18619
60159	18618
60160	18618
60161	18618
60162	18619
60163	18618
60164	18617
60165	18617
60166	18618
60167	18618
60168	18618
60169	18617
60170	18617
60171	18617
60172	18616
60173	18616
60174	18617
60175	18616
60176	18618
60177	18618
60178	18618
60179	18618
60180	18618
60181	18618
60182	18618
60183	18618
60184	18618
60185	18619
60186	18618
60187	18620
60188	18619
60189	18618
60190	18618
60191	18618
60192	18618
60193	18618
60194	18617
60195	18616
60196	18616
60197	18615
60198	18617
60199	18617
60200	18617
60201	18617
60202	18616
60203	18616
60204	18615
60205	18614
60206	18614
60207	18613
60208	18613
60209	18613
60210	18613
60211	18613
60212	18613
60213	18612
60214	18611
60215	18611
60216	18612
60217	18611
60218	18611
60219	18611
60220	18611
60221	18610
60222	18610
60223	18609
60224	18609
60225	18611
60226	18611
60227	18612
60228	18611
60229	18610
60230	18609
60231	18609
60232	18608
60233	18608
60234	18607
60235	18606
60236	18606
60237	18606
60238	18606
60239	18607
60240	18607
60241	18606
60242	18608
60243	18607
60244	18607
60245	18606
60246	18606
60247	18606
60248	18606
60249	18607
60250	18607
60251	18606
60252	18608
60253	18608
60254	18608
60255	18610
60256	18609
60257	18609
60258	18608
60259	18608
60260	18607
60261	18607
60262	18607
60263	18607
60264	18607
60265	18609
60266	18609
60267	18609
60268	18609
60269	18609
60270	18608
60271	18608
60272	18608
60273	18608
60274	18608
60275	18607
60276	18608
60277	18608
60278	18609
60279	18609
60280	18608
60281	18607
60282	18607
60283	18608
60284	18607
60285	18607
60286	18607
60287	18607
60288	18606
60289	18606
60290	18605
60291	18605
60292	18605
60293	18605
60294	18605
60295	18605
60296	18605
60297	18607
60298	18607
60299	18607
60300	18607
60301	18607
60302	18609
60303	18609
60304	18609
60305	18609
60306	18609
60307	18608
60308	18609
60309	18609
60310	18609
60311	18609
60312	18609
60313	18609
60314	18608
60315	18610
60316	18610
60317	18610
60318	18610
60319	18610
60320	18610
60321	18610
60322	18610
60323	18609
60324	18609
60325	18610
60326	18610
60327	18610
60328	18610
60329	18611
60330	18612
60331	18614
60332	18614
60333	18613
60334	18612
60335	18611
60336	18610
60337	18609
60338	18608
60339	18608
60340	18607
60341	18607
60342	18607
60343	18606
60344	18605
60345	18605
60346	18605
60347	18605
60348	18604
60349	18603
60350	18603
60351	18603
60352	18602
60353	18601
60354	18601
60355	18603
60356	18603
60357	18603
60358	18602
60359	18602
60360	18602
60361	18604
60362	18604
60363	18603
60364	18603
60365	18603
60366	18603
60367	18602
60368	18602
60369	18603
60370	18603
60371	18602
60372	18601
60373	18601
60374	18601
60375	18600
60376	18599
60377	18598
60378	18598
60379	18598
60380	18598
60381	18598
60382	18598
60383	18598
60384	18599
60385	18598
60386	18597
60387	18597
60388	18596
60389	18596
60390	18598
60391	18598
60392	18599
60393	18598
60394	18598
60395	18600
60396	18600
60397	18602
60398	18601
60399	18600
60400	18599
60401	18598
60402	18597
60403	18597
60404	18597
60405	18596
60406	18595
60407	18597
60408	18597
60409	18596
60410	18596
60411	18596
60412	18596
60413	18596
60414	18596
60415	18595
60416	18594
60417	18594
60418	18596
60419	18597
60420	18597
60421	18596
60422	18596
60423	18596
60424	18596
60425	18596
60426	18596
60427	18596
60428	18596
60429	18598
60430	18598
60431	18598
60432	18600
60433	18599
60434	18599
60435	18599
60436	18598
60437	18599
60438	18598
60439	18598
60440	18598
60441	18598
60442	18597
60443	18596
60444	18596
60445	18598
60446	18598
60447	18600
60448	18600
60449	18600
60450	18599
60451	18598
60452	18600
60453	18600
60454	18600
60455	18602
60456	18602
60457	18601
60458	18601
60459	18601
60460	18601
60461	18600
60462	18600
60463	18599
60464	18599
60465	18600
60466	18601
60467	18601
60468	18600
60469	18600
60470	18600
60471	18600
60472	18600
60473	18600
60474	18599
60475	18599
60476	18599
60477	18599
60478	18599
60479	18599
60480	18599
60481	18599
60482	18598
60483	18597
60484	18597
60485	18599
60486	18599
60487	18599
60488	18599
60489	18598
60490	18597
60491	18596
60492	18597
60493	18597
60494	18596
60495	18596
60496	18596
60497	18596
60498	18596
60499	18596
60500	18595
60501	18594
60502	18595
60503	18594
60504	18594
60505	18593
60506	18593
60507	18593
60508	18593
60509	18593
60510	18595
60511	18595
60512	18594
60513	18594
60514	18594
60515	18594
60516	18595
60517	18594
60518	18596
60519	18596
60520	18598
60521	18598
60522	18598
60523	18598
60524	18597
60525	18596
60526	18596
60527	18596
60528	18598
60529	18598
60530	18598
60531	18597
60532	18597
60533	18597
60534	18597
60535	18597
60536	18597
60537	18597
60538	18598
60539	18598
60540	18598
60541	18598
60542	18598
60543	18597
60544	18596
60545	18596
60546	18596
60547	18596
60548	18596
60549	18596
60550	18596
60551	18596
60552	18598
60553	18597
60554	18598
60555	18598
60556	18597
60557	18596
60558	18596
60559	18596
60560	18595
60561	18595
60562	18595
60563	18595
60564	18595
60565	18596
60566	18598
60567	18598
60568	18599
60569	18599
60570	18598
60571	18600
60572	18599
60573	18600
60574	18600
60575	18600
60576	18600
60577	18599
60578	18599
60579	18599
60580	18600
60581	18602
60582	18602
60583	18602
60584	18601
60585	18601
60586	18601
60587	18601
60588	18603
60589	18602
60590	18601
60591	18601
60592	18601
60593	18601
60594	18600
60595	18600
60596	18600
60597	18601
60598	18601
60599	18601
60600	18601
60601	18601
60602	18601
60603	18602
60604	18601
60605	18601
60606	18601
60607	18601
60608	18603
60609	18602
60610	18601
60611	18601
60612	18603
60613	18603
60614	18602
60615	18601
60616	18600
60617	18599
60618	18598
60619	18598
60620	18598
60621	18598
60622	18597
60623	18598
60624	18598
60625	18597
60626	18597
60627	18596
60628	18596
60629	18596
60630	18597
60631	18597
60632	18597
60633	18598
60634	18598
60635	18600
60636	18600
60637	18599
60638	18600
60639	18599
60640	18598
60641	18598
60642	18598
60643	18597
60644	18596
60645	18595
60646	18595
60647	18594
60648	18595
60649	18595
60650	18594
60651	18594
60652	18596
60653	18596
60654	18595
60655	18594
60656	18594
60657	18593
60658	18593
60659	18594
60660	18593
60661	18593
60662	18593
60663	18593
60664	18593
60665	18593
60666	18593
60667	18594
60668	18594
60669	18596
60670	18596
60671	18596
60672	18595
60673	18595
60674	18595
60675	18594
60676	18594
60677	18594
60678	18596
60679	18596
60680	18596
60681	18597
60682	18598
60683	18598
60684	18598
60685	18597
60686	18596
60687	18596
60688	18596
60689	18596
60690	18595
60691	18595
60692	18597
60693	18596
60694	18597
60695	18599
60696	18599
60697	18598
60698	18599
60699	18599
60700	18599
60701	18600
60702	18599
60703	18601
60704	18601
60705	18601
60706	18600
60707	18600
60708	18599
60709	18598
60710	18599
60711	18601
60712	18601
60713	18601
60714	18601
60715	18600
60716	18599
60717	18599
60718	18598
60719	18598
60720	18599
60721	18598
60722	18598
60723	18598
60724	18598
60725	18598
60726	18597
60727	18598
60728	18597
60729	18597
60730	18597
60731	18597
60732	18597
60733	18597
60734	18597
60735	18597
60736	18597
60737	18597
60738	18597
60739	18598
60740	18598
60741	18598
60742	18597
60743	18598
60744	18598
60745	18598
60746	18599
60747	18598
60748	18598
60749	18598
60750	18598
60751	18598
60752	18598
60753	18597
60754	18596
60755	18595
60756	18595
60757	18594
60758	18594
60759	18595
60760	18594
60761	18594
60762	18594
60763	18594
60764	18594
60765	18595
60766	18594
60767	18594
60768	18593
60769	18593
60770	18593
60771	18594
60772	18593
60773	18593
60774	18593
60775	18592
60776	18592
60777	18591
60778	18593
60779	18592
60780	18592
60781	18594
60782	18594
60783	18596
60784	18595
60785	18595
60786	18595
60787	18595
60788	18594
60789	18596
60790	18596
60791	18595
60792	18597
60793	18598
60794	18598
60795	18598
60796	18597
60797	18597
60798	18597
60799	18597
60800	18596
60801	18595
60802	18597
60803	18597
60804	18597
60805	18599
60806	18599
60807	18599
60808	18599
60809	18599
60810	18599
60811	18601
60812	18600
60813	18599
60814	18600
60815	18602
60816	18602
60817	18602
60818	18602
60819	18604
60820	18604
60821	18605
60822	18605
60823	18605
60824	18604
60825	18604
60826	18603
60827	18603
60828	18602
60829	18601
60830	18601
60831	18601
60832	18601
60833	18600
60834	18600
60835	18600
60836	18600
60837	18600
60838	18599
60839	18600
60840	18600
60841	18600
60842	18599
60843	18599
60844	18599
60845	18598
60846	18598
60847	18598
60848	18597
60849	18599
60850	18599
60851	18598
60852	18600
60853	18599
60854	18599
60855	18599
60856	18599
60857	18599
60858	18598
60859	18599
60860	18599
60861	18600
60862	18599
60863	18598
60864	18598
60865	18597
60866	18598
60867	18600
60868	18599
60869	18598
60870	18598
60871	18598
60872	18600
60873	18599
60874	18599
60875	18599
60876	18599
60877	18601
60878	18600
60879	18600
60880	18601
60881	18600
60882	18600
60883	18601
60884	18601
60885	18603
60886	18602
60887	18602
60888	18601
60889	18600
60890	18599
60891	18599
60892	18601
60893	18601
60894	18601
60895	18601
60896	18602
60897	18602
60898	18602
60899	18602
60900	18602
60901	18601
60902	18600
60903	18600
60904	18600
60905	18602
60906	18602
60907	18602
60908	18601
60909	18601
60910	18601
60911	18601
60912	18601
60913	18602
60914	18602
60915	18602
60916	18602
60917	18601
60918	18600
60919	18600
60920	18600
60921	18600
60922	18600
60923	18600
60924	18601
60925	18601
60926	18601
60927	18602
60928	18602
60929	18601
60930	18601
60931	18601
60932	18601
60933	18601
60934	18601
60935	18601
60936	18603
60937	18602
60938	18602
60939	18602
60940	18601
60941	18601
60942	18600
60943	18600
60944	18600
60945	18600
60946	18599
60947	18598
60948	18597
60949	18596
60950	18596
60951	18596
60952	18595
60953	18595
60954	18595
60955	18594
60956	18594
60957	18594
60958	18594
60959	18594
60960	18596
60961	18596
60962	18598
60963	18597
60964	18597
60965	18597
60966	18597
60967	18597
60968	18597
60969	18596
60970	18597
60971	18597
60972	18596
60973	18597
60974	18599
60975	18599
60976	18598
60977	18597
60978	18596
60979	18595
60980	18594
60981	18593
60982	18593
60983	18592
60984	18592
60985	18592
60986	18592
60987	18594
60988	18593
60989	18592
60990	18592
60991	18592
60992	18591
60993	18590
60994	18591
60995	18591
60996	18591
60997	18591
60998	18592
60999	18592
61000	18594
61001	18594
61002	18594
61003	18593
61004	18592
61005	18591
61006	18591
61007	18591
61008	18593
61009	18593
61010	18593
61011	18595
61012	18595
61013	18594
61014	18593
61015	18592
61016	18592
61017	18592
61018	18592
61019	18591
61020	18590
61021	18590
61022	18589
61023	18589
61024	18589
61025	18591
61026	18591
61027	18591
61028	18591
61029	18590
61030	18590
61031	18592
61032	18591
61033	18593
61034	18592
61035	18592
61036	18592
61037	18592
61038	18591
61039	18590
61040	18590
61041	18590
61042	18589
61043	18588
61044	18587
61045	18586
61046	18586
61047	18588
61048	18588
61049	18588
61050	18588
61051	18589
61052	18589
61053	18589
61054	18588
61055	18589
61056	18589
61057	18589
61058	18589
61059	18589
61060	18589
61061	18588
61062	18588
61063	18587
61064	18586
61065	18586
61066	18586
61067	18585
61068	18585
61069	18585
61070	18585
61071	18585
61072	18586
61073	18586
61074	18585
61075	18585
61076	18584
61077	18584
61078	18584
61079	18586
61080	18585
61081	18585
61082	18585
61083	18584
61084	18584
61085	18585
61086	18585
61087	18585
61088	18587
61089	18587
61090	18587
61091	18589
61092	18589
61093	18591
61094	18590
61095	18589
61096	18589
61097	18588
61098	18587
61099	18587
61100	18586
61101	18586
61102	18587
61103	18587
61104	18587
61105	18587
61106	18587
61107	18589
61108	18588
61109	18587
61110	18587
61111	18587
61112	18587
61113	18586
61114	18585
61115	18585
61116	18585
61117	18585
61118	18585
61119	18587
61120	18587
61121	18587
61122	18587
61123	18587
61124	18587
61125	18587
61126	18586
61127	18586
61128	18586
61129	18585
61130	18586
61131	18586
61132	18586
61133	18587
61134	18589
61135	18589
61136	18588
61137	18589
61138	18589
61139	18589
61140	18589
61141	18588
61142	18587
61143	18587
61144	18586
61145	18585
61146	18585
61147	18585
61148	18584
61149	18584
61150	18584
61151	18584
61152	18584
61153	18583
61154	18583
61155	18583
61156	18583
61157	18583
61158	18582
61159	18582
61160	18582
61161	18581
61162	18582
61163	18582
61164	18581
61165	18580
61166	18579
61167	18579
61168	18579
61169	18578
61170	18578
61171	18580
61172	18580
61173	18580
61174	18582
61175	18582
61176	18583
61177	18583
61178	18583
61179	18583
61180	18582
61181	18581
61182	18580
61183	18579
61184	18579
61185	18578
61186	18578
61187	18578
61188	18577
61189	18577
61190	18577
61191	18576
61192	18576
61193	18575
61194	18575
61195	18574
61196	18574
61197	18576
61198	18576
61199	18575
61200	18575
61201	18575
61202	18575
61203	18575
61204	18575
61205	18575
61206	18575
61207	18575
61208	18574
61209	18575
61210	18575
61211	18574
61212	18576
61213	18576
61214	18575
61215	18575
61216	18574
61217	18576
61218	18575
61219	18575
61220	18575
61221	18575
61222	18574
61223	18574
61224	18574
61225	18573
61226	18575
61227	18577
61228	18577
61229	18576
61230	18575
61231	18577
61232	18579
61233	18579
61234	18578
61235	18580
61236	18579
61237	18579
61238	18579
61239	18578
61240	18580
61241	18579
61242	18579
61243	18579
61244	18579
61245	18579
61246	18580
61247	18579
61248	18579
61249	18578
61250	18578
61251	18578
61252	18578
61253	18577
61254	18577
61255	18577
61256	18578
61257	18578
61258	18578
61259	18578
61260	18578
61261	18580
61262	18580
61263	18579
61264	18579
61265	18578
61266	18578
61267	18577
61268	18579
61269	18579
61270	18578
61271	18577
61272	18577
61273	18577
61274	18577
61275	18577
61276	18579
61277	18579
61278	18579
61279	18579
61280	18579
61281	18579
61282	18579
61283	18579
61284	18579
61285	18578
61286	18577
61287	18578
61288	18577
61289	18577
61290	18577
61291	18576
61292	18575
61293	18576
61294	18576
61295	18577
61296	18577
61297	18576
61298	18577
61299	18578
61300	18577
61301	18576
61302	18576
61303	18575
61304	18574
61305	18574
61306	18573
61307	18573
61308	18572
61309	18573
61310	18573
61311	18575
61312	18575
61313	18577
61314	18577
61315	18579
61316	18579
61317	18579
61318	18579
61319	18578
61320	18577
61321	18577
61322	18577
61323	18576
61324	18576
61325	18576
61326	18576
61327	18576
61328	18575
61329	18575
61330	18576
61331	18575
61332	18575
61333	18575
61334	18575
61335	18574
61336	18574
61337	18574
61338	18573
61339	18572
61340	18571
61341	18570
61342	18570
61343	18570
61344	18570
61345	18570
61346	18570
61347	18570
61348	18570
61349	18570
61350	18569
61351	18569
61352	18569
61353	18569
61354	18568
61355	18568
61356	18567
61357	18566
61358	18566
61359	18567
61360	18567
61361	18567
61362	18567
61363	18567
61364	18568
61365	18568
61366	18568
61367	18567
61368	18567
61369	18569
61370	18569
61371	18568
61372	18568
61373	18569
61374	18568
61375	18568
61376	18568
61377	18568
61378	18568
61379	18568
61380	18568
61381	18567
61382	18568
61383	18567
61384	18567
61385	18567
61386	18566
61387	18567
61388	18567
61389	18567
61390	18567
61391	18566
61392	18566
61393	18566
61394	18566
61395	18566
61396	18568
61397	18568
61398	18568
61399	18570
61400	18570
61401	18570
61402	18572
61403	18574
61404	18574
61405	18575
61406	18574
61407	18574
61408	18574
61409	18574
61410	18573
61411	18574
61412	18574
61413	18574
61414	18573
61415	18573
61416	18573
61417	18573
61418	18572
61419	18572
61420	18572
61421	18572
61422	18572
61423	18572
61424	18572
61425	18572
61426	18572
61427	18572
61428	18572
61429	18571
61430	18570
61431	18570
61432	18570
61433	18571
61434	18570
61435	18570
61436	18571
61437	18571
61438	18573
61439	18573
61440	18574
61441	18574
61442	18574
61443	18574
61444	18575
61445	18575
61446	18575
61447	18574
61448	18574
61449	18574
61450	18574
61451	18574
61452	18574
61453	18575
61454	18575
61455	18574
61456	18573
61457	18573
61458	18572
61459	18572
61460	18572
61461	18572
61462	18573
61463	18573
61464	18573
61465	18573
61466	18574
61467	18574
61468	18573
61469	18573
61470	18572
61471	18572
61472	18572
61473	18572
61474	18571
61475	18570
61476	18570
61477	18569
61478	18569
61479	18569
61480	18569
61481	18568
61482	18567
61483	18566
61484	18566
61485	18566
61486	18566
61487	18568
61488	18568
61489	18570
61490	18570
61491	18569
61492	18569
61493	18569
61494	18569
61495	18568
61496	18568
61497	18567
61498	18567
61499	18567
61500	18567
61501	18566
61502	18566
61503	18566
61504	18568
61505	18568
61506	18569
61507	18569
61508	18568
61509	18567
61510	18566
61511	18566
61512	18565
61513	18565
61514	18564
61515	18563
61516	18563
61517	18563
61518	18563
61519	18565
61520	18565
61521	18565
61522	18565
61523	18565
61524	18564
61525	18564
61526	18566
61527	18566
61528	18566
61529	18568
61530	18568
61531	18568
61532	18568
61533	18567
61534	18566
61535	18566
61536	18565
61537	18565
61538	18567
61539	18567
61540	18566
61541	18566
61542	18566
61543	18566
61544	18566
61545	18565
61546	18565
61547	18565
61548	18565
61549	18564
61550	18565
61551	18565
61552	18565
61553	18564
61554	18566
61555	18568
61556	18568
61557	18568
61558	18568
61559	18567
61560	18566
61561	18565
61562	18565
61563	18565
61564	18565
61565	18564
61566	18566
61567	18565
61568	18565
61569	18565
61570	18565
61571	18565
61572	18565
61573	18565
61574	18565
61575	18566
61576	18566
61577	18566
61578	18566
61579	18565
61580	18565
61581	18565
61582	18564
61583	18566
61584	18566
61585	18566
61586	18568
61587	18567
61588	18568
61589	18568
61590	18570
61591	18570
61592	18570
61593	18570
61594	18570
61595	18569
61596	18569
61597	18568
61598	18567
61599	18567
61600	18567
61601	18566
61602	18566
61603	18567
61604	18567
61605	18568
61606	18567
61607	18567
61608	18569
61609	18568
61610	18567
61611	18568
61612	18567
61613	18567
61614	18566
61615	18568
61616	18567
61617	18567
61618	18566
61619	18566
61620	18565
61621	18564
61622	18565
61623	18565
61624	18565
61625	18564
61626	18563
61627	18562
61628	18561
61629	18560
61630	18561
61631	18561
61632	18561
61633	18560
61634	18561
61635	18560
61636	18560
61637	18561
61638	18560
61639	18560
61640	18562
61641	18564
61642	18563
61643	18562
61644	18563
61645	18563
61646	18563
61647	18565
61648	18565
61649	18564
61650	18564
61651	18564
61652	18563
61653	18563
61654	18564
61655	18564
61656	18564
61657	18563
61658	18562
61659	18562
61660	18562
61661	18561
61662	18560
61663	18560
61664	18560
61665	18560
61666	18562
61667	18562
61668	18562
61669	18561
61670	18561
61671	18560
61672	18559
61673	18559
61674	18559
61675	18559
61676	18559
61677	18558
61678	18558
61679	18560
61680	18560
61681	18559
61682	18558
61683	18559
61684	18559
61685	18559
61686	18559
61687	18559
61688	18559
61689	18560
61690	18560
61691	18559
61692	18560
61693	18561
61694	18561
61695	18560
61696	18560
61697	18560
61698	18560
61699	18559
61700	18559
61701	18559
61702	18558
61703	18559
61704	18559
61705	18559
61706	18560
61707	18560
61708	18560
61709	18560
61710	18559
61711	18558
61712	18558
61713	18557
61714	18556
61715	18556
61716	18556
61717	18556
61718	18557
61719	18557
61720	18557
61721	18558
61722	18560
61723	18560
61724	18560
61725	18560
61726	18560
61727	18560
61728	18560
61729	18560
61730	18560
61731	18559
61732	18559
61733	18558
61734	18557
61735	18557
61736	18556
61737	18556
61738	18556
61739	18556
61740	18556
61741	18556
61742	18556
61743	18558
61744	18558
61745	18558
61746	18557
61747	18556
61748	18556
61749	18556
61750	18556
61751	18557
61752	18557
61753	18556
61754	18557
61755	18557
61756	18557
61757	18556
61758	18555
61759	18554
61760	18554
61761	18554
61762	18553
61763	18552
61764	18554
61765	18554
61766	18554
61767	18555
61768	18555
61769	18555
61770	18554
61771	18553
61772	18553
61773	18553
61774	18553
61775	18552
61776	18553
61777	18553
61778	18552
61779	18552
61780	18552
61781	18552
61782	18554
61783	18554
61784	18553
61785	18554
61786	18554
61787	18554
61788	18554
61789	18553
61790	18553
61791	18552
61792	18551
61793	18550
61794	18549
61795	18549
61796	18549
61797	18548
61798	18547
61799	18546
61800	18545
61801	18545
61802	18546
61803	18545
61804	18547
61805	18547
61806	18546
61807	18546
61808	18548
61809	18548
61810	18548
61811	18548
61812	18547
61813	18547
61814	18547
61815	18546
61816	18547
61817	18547
61818	18547
61819	18547
61820	18546
61821	18546
61822	18546
61823	18546
61824	18546
61825	18546
61826	18545
61827	18545
61828	18547
61829	18547
61830	18547
61831	18549
61832	18549
61833	18549
61834	18549
61835	18548
61836	18547
61837	18547
61838	18547
61839	18547
61840	18547
61841	18547
61842	18547
61843	18547
61844	18548
61845	18547
61846	18546
61847	18546
61848	18546
61849	18546
61850	18546
61851	18546
61852	18546
61853	18546
61854	18546
61855	18545
61856	18544
61857	18544
61858	18543
61859	18543
61860	18545
61861	18546
61862	18545
61863	18544
61864	18543
61865	18545
61866	18545
61867	18545
61868	18545
61869	18545
61870	18544
61871	18543
61872	18544
61873	18544
61874	18544
61875	18543
61876	18542
61877	18544
61878	18544
61879	18544
61880	18544
61881	18544
61882	18543
61883	18543
61884	18543
61885	18543
61886	18542
61887	18542
61888	18541
61889	18540
61890	18540
61891	18541
61892	18541
61893	18541
61894	18542
61895	18541
61896	18541
61897	18540
61898	18540
61899	18539
61900	18539
61901	18540
61902	18542
61903	18541
61904	18541
61905	18540
61906	18539
61907	18539
61908	18541
61909	18540
61910	18540
61911	18540
61912	18541
61913	18541
61914	18541
61915	18540
61916	18539
61917	18539
61918	18538
61919	18538
61920	18537
61921	18537
61922	18537
61923	18536
61924	18535
61925	18535
61926	18535
61927	18535
61928	18536
61929	18536
61930	18535
61931	18534
61932	18533
61933	18532
61934	18531
61935	18530
61936	18530
61937	18529
61938	18529
61939	18529
61940	18530
61941	18530
61942	18530
61943	18530
61944	18530
61945	18530
61946	18531
61947	18530
61948	18529
61949	18529
61950	18530
61951	18529
61952	18529
61953	18531
61954	18531
61955	18533
61956	18532
61957	18531
61958	18530
61959	18529
61960	18528
61961	18528
61962	18528
61963	18528
61964	18528
61965	18527
61966	18529
61967	18528
61968	18528
61969	18528
61970	18528
61971	18528
61972	18528
61973	18528
61974	18528
61975	18528
61976	18527
61977	18527
61978	18529
61979	18529
61980	18531
61981	18531
61982	18531
61983	18533
61984	18532
61985	18532
61986	18531
61987	18531
61988	18532
61989	18531
61990	18531
61991	18531
61992	18530
61993	18530
61994	18530
61995	18529
61996	18531
61997	18531
61998	18533
61999	18533
62000	18533
62001	18532
62002	18531
62003	18532
62004	18532
62005	18532
62006	18531
62007	18531
62008	18531
62009	18531
62010	18531
62011	18531
62012	18531
62013	18531
62014	18531
62015	18531
62016	18530
62017	18529
62018	18528
62019	18530
62020	18530
62021	18530
62022	18530
62023	18529
62024	18528
62025	18528
62026	18529
62027	18531
62028	18531
62029	18531
62030	18533
62031	18533
62032	18535
62033	18534
62034	18534
62035	18534
62036	18534
62037	18533
62038	18533
62039	18532
62040	18532
62041	18533
62042	18532
62043	18532
62044	18532
62045	18532
62046	18532
62047	18533
62048	18534
62049	18534
62050	18533
62051	18532
62052	18532
62053	18532
62054	18532
62055	18531
62056	18531
62057	18531
62058	18531
62059	18530
62060	18530
62061	18530
62062	18529
62063	18530
62064	18529
62065	18528
62066	18528
62067	18528
62068	18528
62069	18528
62070	18528
62071	18530
62072	18530
62073	18530
62074	18529
62075	18529
62076	18529
62077	18530
62078	18529
62079	18531
62080	18531
62081	18533
62082	18533
62083	18533
62084	18533
62085	18533
62086	18532
62087	18532
62088	18533
62089	18533
62090	18535
62091	18535
62092	18534
62093	18533
62094	18533
62095	18532
62096	18531
62097	18531
62098	18531
62099	18531
62100	18530
62101	18529
62102	18529
62103	18529
62104	18530
62105	18530
62106	18530
62107	18529
62108	18531
62109	18531
62110	18531
62111	18533
62112	18533
62113	18533
62114	18533
62115	18532
62116	18534
62117	18533
62118	18533
62119	18533
62120	18533
62121	18533
62122	18533
62123	18535
62124	18535
62125	18534
62126	18534
62127	18533
62128	18533
62129	18532
62130	18532
62131	18531
62132	18531
62133	18531
62134	18531
62135	18530
62136	18531
62137	18531
62138	18532
62139	18532
62140	18532
62141	18532
62142	18532
62143	18531
62144	18531
62145	18530
62146	18532
62147	18533
62148	18533
62149	18532
62150	18532
62151	18532
62152	18531
62153	18531
62154	18533
62155	18533
62156	18533
62157	18533
62158	18533
62159	18532
62160	18532
62161	18532
62162	18532
62163	18532
62164	18532
62165	18532
62166	18531
62167	18531
62168	18531
62169	18532
62170	18532
62171	18532
62172	18532
62173	18531
62174	18531
62175	18532
62176	18531
62177	18531
62178	18531
62179	18531
62180	18531
62181	18530
62182	18529
62183	18531
62184	18531
62185	18530
62186	18529
62187	18528
62188	18527
62189	18526
62190	18526
62191	18526
62192	18525
62193	18525
62194	18524
62195	18524
62196	18524
62197	18526
62198	18526
62199	18526
62200	18525
62201	18525
62202	18524
62203	18525
62204	18525
62205	18525
62206	18525
62207	18525
62208	18524
62209	18524
62210	18523
62211	18523
62212	18522
62213	18521
62214	18520
62215	18519
62216	18518
62217	18517
62218	18516
62219	18516
62220	18516
62221	18515
62222	18514
62223	18514
62224	18516
62225	18516
62226	18515
62227	18514
62228	18514
62229	18514
62230	18513
62231	18513
62232	18513
62233	18513
62234	18513
62235	18513
62236	18515
62237	18515
62238	18516
62239	18515
62240	18516
62241	18515
62242	18515
62243	18514
62244	18514
62245	18514
62246	18514
62247	18514
62248	18514
62249	18516
62250	18516
62251	18516
62252	18517
62253	18517
62254	18516
62255	18516
62256	18516
62257	18516
62258	18516
62259	18516
62260	18516
62261	18517
62262	18517
62263	18519
62264	18518
62265	18518
62266	18518
62267	18517
62268	18516
62269	18515
62270	18515
62271	18515
62272	18515
62273	18514
62274	18513
62275	18512
62276	18513
62277	18514
62278	18516
62279	18516
62280	18515
62281	18516
62282	18516
62283	18515
62284	18517
62285	18517
62286	18518
62287	18518
62288	18518
62289	18518
62290	18517
62291	18516
62292	18515
62293	18516
62294	18518
62295	18518
62296	18517
62297	18516
62298	18516
62299	18516
62300	18515
62301	18515
62302	18515
62303	18516
62304	18516
62305	18515
62306	18514
62307	18514
62308	18514
62309	18515
62310	18514
62311	18513
62312	18513
62313	18513
62314	18513
62315	18513
62316	18512
62317	18512
62318	18512
62319	18512
62320	18512
62321	18512
62322	18513
62323	18513
62324	18513
62325	18512
62326	18512
62327	18513
62328	18513
62329	18513
62330	18513
62331	18513
62332	18513
62333	18513
62334	18512
62335	18514
62336	18514
62337	18513
62338	18513
62339	18513
62340	18513
62341	18512
62342	18512
62343	18512
62344	18512
62345	18512
62346	18512
62347	18512
62348	18513
62349	18513
62350	18513
62351	18513
62352	18513
62353	18512
62354	18511
62355	18511
62356	18511
62357	18511
62358	18511
62359	18511
62360	18511
62361	18513
62362	18513
62363	18512
62364	18513
62365	18513
62366	18512
62367	18511
62368	18511
62369	18511
62370	18511
62371	18511
62372	18510
62373	18510
62374	18510
62375	18511
62376	18513
62377	18513
62378	18514
62379	18513
62380	18512
62381	18513
62382	18512
62383	18514
62384	18514
62385	18514
62386	18514
62387	18513
62388	18513
62389	18512
62390	18513
62391	18514
62392	18514
62393	18514
62394	18514
62395	18513
62396	18513
62397	18513
62398	18515
62399	18514
62400	18514
62401	18514
62402	18513
62403	18513
62404	18512
62405	18511
62406	18511
62407	18512
62408	18512
62409	18512
62410	18511
62411	18511
62412	18511
62413	18512
62414	18512
62415	18512
62416	18514
62417	18514
62418	18513
62419	18512
62420	18512
62421	18514
62422	18514
62423	18513
62424	18512
62425	18512
62426	18512
62427	18512
62428	18514
62429	18513
62430	18512
62431	18512
62432	18512
62433	18511
62434	18510
62435	18511
62436	18511
62437	18511
62438	18511
62439	18512
62440	18512
62441	18514
62442	18514
62443	18514
62444	18513
62445	18512
62446	18512
62447	18511
62448	18510
62449	18510
62450	18510
62451	18510
62452	18510
62453	18510
62454	18512
62455	18512
62456	18514
62457	18513
62458	18513
62459	18513
62460	18512
62461	18512
62462	18513
62463	18513
62464	18513
62465	18512
62466	18514
62467	18514
62468	18513
62469	18514
62470	18513
62471	18512
62472	18511
62473	18510
62474	18509
62475	18511
62476	18511
62477	18511
62478	18511
62479	18513
62480	18513
62481	18513
62482	18512
62483	18511
62484	18510
62485	18510
62486	18510
62487	18510
62488	18509
62489	18509
62490	18511
62491	18511
62492	18511
62493	18510
62494	18510
62495	18509
62496	18509
62497	18509
62498	18509
62499	18510
62500	18509
62501	18508
62502	18508
62503	18507
62504	18507
62505	18506
62506	18505
62507	18505
62508	18505
62509	18504
62510	18506
62511	18505
62512	18504
62513	18503
62514	18504
62515	18504
62516	18504
62517	18504
62518	18504
62519	18503
62520	18503
62521	18503
62522	18503
62523	18505
62524	18505
62525	18505
62526	18505
62527	18506
62528	18506
62529	18506
62530	18505
62531	18504
62532	18503
62533	18503
62534	18503
62535	18502
62536	18502
62537	18502
62538	18502
62539	18503
62540	18503
62541	18503
62542	18502
62543	18501
62544	18501
62545	18500
62546	18499
62547	18499
62548	18500
62549	18500
62550	18501
62551	18501
62552	18500
62553	18499
62554	18499
62555	18498
62556	18497
62557	18497
62558	18497
62559	18498
62560	18497
62561	18497
62562	18496
62563	18496
62564	18496
62565	18496
62566	18498
62567	18497
62568	18499
62569	18498
62570	18498
62571	18500
62572	18500
62573	18499
62574	18499
62575	18499
62576	18498
62577	18498
62578	18498
62579	18497
62580	18497
62581	18497
62582	18497
62583	18497
62584	18496
62585	18495
62586	18497
62587	18497
62588	18497
62589	18499
62590	18501
62591	18501
62592	18500
62593	18502
62594	18502
62595	18501
62596	18501
62597	18501
62598	18501
62599	18503
62600	18502
62601	18504
62602	18504
62603	18503
62604	18504
62605	18504
62606	18506
62607	18505
62608	18505
62609	18506
62610	18506
62611	18506
62612	18505
62613	18505
62614	18505
62615	18504
62616	18504
62617	18503
62618	18503
62619	18502
62620	18502
62621	18502
62622	18501
62623	18501
62624	18501
62625	18501
62626	18501
62627	18501
62628	18501
62629	18502
62630	18501
62631	18502
62632	18501
62633	18500
62634	18500
62635	18499
62636	18500
62637	18500
62638	18502
62639	18501
62640	18500
62641	18500
62642	18500
62643	18501
62644	18500
62645	18500
62646	18502
62647	18501
62648	18501
62649	18501
62650	18502
62651	18501
62652	18502
62653	18501
62654	18500
62655	18501
62656	18501
62657	18501
62658	18501
62659	18501
62660	18501
62661	18500
62662	18500
62663	18502
62664	18502
62665	18501
62666	18500
62667	18502
62668	18501
62669	18500
62670	18500
62671	18502
62672	18501
62673	18500
62674	18499
62675	18498
62676	18497
62677	18499
62678	18499
62679	18499
62680	18499
62681	18499
62682	18499
62683	18500
62684	18499
62685	18498
62686	18498
62687	18498
62688	18500
62689	18499
62690	18498
62691	18497
62692	18497
62693	18497
62694	18497
62695	18497
62696	18497
62697	18496
62698	18495
62699	18495
62700	18495
62701	18495
62702	18495
62703	18495
62704	18495
62705	18494
62706	18495
62707	18495
62708	18495
62709	18495
62710	18496
62711	18496
62712	18495
62713	18495
62714	18495
62715	18495
62716	18495
62717	18495
62718	18495
62719	18496
62720	18496
62721	18496
62722	18495
62723	18495
62724	18495
62725	18494
62726	18493
62727	18492
62728	18491
62729	18491
62730	18490
62731	18490
62732	18492
62733	18492
62734	18491
62735	18491
62736	18490
62737	18490
62738	18489
62739	18489
62740	18489
62741	18490
62742	18490
62743	18490
62744	18492
62745	18492
62746	18492
62747	18494
62748	18494
62749	18496
62750	18495
62751	18495
62752	18494
62753	18494
62754	18493
62755	18492
62756	18491
62757	18491
62758	18492
62759	18492
62760	18494
62761	18493
62762	18492
62763	18492
62764	18492
62765	18492
62766	18492
62767	18492
62768	18492
62769	18491
62770	18490
62771	18490
62772	18490
62773	18490
62774	18490
62775	18492
62776	18491
62777	18491
62778	18491
62779	18490
62780	18490
62781	18489
62782	18489
62783	18489
62784	18489
62785	18490
62786	18490
62787	18489
62788	18489
62789	18490
62790	18492
62791	18492
62792	18492
62793	18492
62794	18492
62795	18492
62796	18491
62797	18491
62797
1863493700
