1	1
2	1
3	4
4	3
5	2
6	1
7	1
8	4
9	5
10	4
11	3
12	4
13	3
14	2
15	3
16	2
17	1
18	2
19	1
20	1
21	4
22	5
23	5
24	4
25	4
26	3
27	4
28	4
29	3
30	3
31	2
32	3
33	3
34	2
35	2
36	1
37	2
38	2
39	1
40	1
41	1
42	4
43	5
44	5
45	6
46	5
47	4
48	4
49	5
50	4
51	3
52	4
53	4
54	5
55	4
56	3
57	3
58	4
59	3
60	2
61	3
62	3
63	4
64	3
65	2
66	2
67	3
68	2
69	1
70	2
71	2
72	3
73	2
74	1
75	1
76	2
77	1
78	1
79	4
80	5
81	5
82	6
83	8
84	7
85	6
86	5
87	5
88	4
89	4
90	5
91	7
92	6
93	5
94	4
95	4
96	3
97	4
98	4
99	5
100	5
101	4
102	6
103	5
104	4
105	3
106	3
107	4
108	6
109	5
110	4
111	3
112	3
113	2
114	3
115	3
116	4
117	4
118	3
119	5
120	4
121	3
122	2
123	2
124	3
125	5
126	4
127	3
128	2
129	2
130	1
131	2
132	2
133	3
134	3
135	2
136	4
137	3
138	2
139	1
140	1
141	2
142	2
143	1
144	3
145	2
146	1
147	1
148	4
149	5
150	5
151	6
152	8
153	9
154	8
155	7
156	8
157	7
158	6
159	7
160	6
161	5
162	5
163	6
164	5
165	4
166	4
167	5
168	7
169	8
170	7
171	6
172	7
173	6
174	5
175	6
176	5
177	4
178	4
179	5
180	4
181	3
182	4
183	4
184	5
185	5
186	6
187	5
188	4
189	6
190	6
191	5
192	6
193	5
194	4
195	5
196	4
197	3
198	3
199	4
200	6
201	7
202	6
203	5
204	6
205	5
206	4
207	5
208	4
209	3
210	3
211	4
212	3
213	2
214	3
215	3
216	4
217	4
218	5
219	4
220	3
221	5
222	6
223	5
224	4
225	4
226	3
227	4
228	3
229	2
230	2
231	3
232	5
233	6
234	5
235	4
236	5
237	4
238	3
239	4
240	3
241	2
242	2
243	3
244	2
245	1
246	2
247	2
248	3
249	3
250	4
251	3
252	2
253	4
254	5
255	4
256	3
257	4
258	3
259	2
260	2
261	1
262	1
263	2
264	2
265	3
266	2
267	1
268	3
269	4
270	3
271	2
272	3
273	2
274	1
275	1
276	1
277	4
278	5
279	5
280	6
281	8
282	9
283	9
284	8
285	8
286	7
287	8
288	8
289	7
290	7
291	6
292	7
293	7
294	6
295	6
296	5
297	5
298	6
299	8
300	7
301	6
302	5
303	5
304	4
305	4
306	5
307	7
308	8
309	8
310	7
311	7
312	6
313	7
314	7
315	6
316	6
317	5
318	6
319	6
320	5
321	5
322	4
323	4
324	5
325	7
326	6
327	5
328	4
329	4
330	3
331	4
332	4
333	5
334	5
335	6
336	8
337	7
338	6
339	5
340	5
341	4
342	5
343	6
344	6
345	5
346	5
347	4
348	5
349	5
350	4
351	4
352	3
353	3
354	4
355	6
356	7
357	7
358	6
359	6
360	5
361	6
362	6
363	5
364	5
365	4
366	5
367	5
368	4
369	4
370	3
371	3
372	4
373	4
374	3
375	5
376	4
377	3
378	2
379	3
380	3
381	4
382	4
383	5
384	7
385	6
386	5
387	4
388	4
389	3
390	4
391	5
392	5
393	4
394	4
395	3
396	4
397	4
398	3
399	3
400	2
401	2
402	3
403	5
404	6
405	6
406	5
407	5
408	4
409	5
410	5
411	4
412	4
413	3
414	4
415	4
416	3
417	3
418	2
419	2
420	3
421	3
422	2
423	4
424	3
425	2
426	1
427	2
428	2
429	3
430	3
431	4
432	4
433	3
434	5
435	4
436	3
437	2
438	3
439	4
440	4
441	3
442	3
443	2
444	3
445	3
446	2
447	2
448	1
449	1
450	2
451	2
452	3
453	3
454	2
455	4
456	3
457	2
458	1
459	2
460	3
461	3
462	2
463	2
464	1
465	2
466	2
467	1
468	1
469	1
470	4
471	5
472	5
473	6
474	8
475	9
476	9
477	10
478	9
479	8
480	8
481	9
482	8
483	7
484	8
485	8
486	9
487	8
488	7
489	7
490	8
491	7
492	6
493	7
494	7
495	8
496	7
497	6
498	6
499	7
500	6
501	5
502	5
503	6
504	8
505	9
506	8
507	7
508	8
509	7
510	6
511	7
512	6
513	5
514	5
515	6
516	5
517	4
518	4
519	5
520	7
521	8
522	8
523	9
524	8
525	7
526	7
527	8
528	7
529	6
530	7
531	7
532	8
533	7
534	6
535	6
536	7
537	6
538	5
539	6
540	6
541	7
542	6
543	5
544	5
545	6
546	5
547	4
548	4
549	5
550	7
551	8
552	7
553	6
554	7
555	6
556	5
557	6
558	5
559	4
560	4
561	5
562	4
563	3
564	4
565	4
566	4
567	4
568	5
569	7
570	8
571	7
572	6
573	7
574	6
575	5
576	6
577	5
578	4
579	4
580	5
581	4
582	3
583	3
584	4
585	6
586	7
587	7
588	8
589	7
590	6
591	6
592	6
593	5
594	6
595	6
596	7
597	6
598	5
599	5
600	6
601	5
602	4
603	5
604	5
605	6
606	5
607	4
608	4
609	5
610	4
611	3
612	3
613	4
614	4
615	5
616	4
617	3
618	5
619	6
620	5
621	4
622	5
623	4
624	3
625	4
626	3
627	2
628	3
629	3
630	3
631	3
632	4
633	6
634	7
635	6
636	5
637	6
638	5
639	4
640	5
641	4
642	3
643	3
644	4
645	3
646	2
647	2
648	3
649	5
650	6
651	6
652	6
653	5
654	5
655	6
656	5
657	4
658	5
659	5
660	6
661	5
662	4
663	4
664	5
665	4
666	3
667	4
668	4
669	5
670	4
671	3
672	3
673	4
674	3
675	2
676	2
677	3
678	3
679	4
680	3
681	2
682	4
683	5
684	4
685	3
686	4
687	3
688	2
689	3
690	2
691	1
692	2
693	2
694	2
695	2
696	3
697	3
698	4
699	3
700	2
701	4
702	5
703	4
704	3
705	4
706	3
707	2
708	3
709	2
710	1
711	1
712	1
713	1
714	2
715	2
716	3
717	2
718	1
719	3
720	4
721	3
722	2
723	3
724	2
725	1
726	2
727	1
728	1
729	4
730	5
731	5
732	6
733	8
734	9
735	9
736	10
737	12
738	11
739	10
740	9
741	9
742	8
743	8
744	9
745	11
746	10
747	9
748	8
749	8
750	7
751	8
752	8
753	9
754	9
755	8
756	10
757	9
758	8
759	7
760	7
761	8
762	10
763	9
764	8
765	7
766	7
767	6
768	7
769	7
770	8
771	8
772	7
773	9
774	8
775	7
776	6
777	6
778	7
779	7
780	6
781	8
782	7
783	6
784	5
785	5
786	6
787	8
788	9
789	9
790	8
791	8
792	7
793	8
794	8
795	7
796	6
797	7
798	7
799	6
800	6
801	5
802	5
803	6
804	6
805	5
806	7
807	6
808	5
809	4
810	4
811	5
812	7
813	8
814	8
815	9
816	11
817	10
818	9
819	8
820	8
821	7
822	7
823	8
824	10
825	9
826	8
827	7
828	7
829	6
830	7
831	7
832	8
833	8
834	7
835	9
836	8
837	7
838	6
839	6
840	7
841	9
842	8
843	7
844	6
845	6
846	5
847	6
848	6
849	7
850	7
851	6
852	8
853	7
854	6
855	5
856	5
857	6
858	6
859	5
860	7
861	6
862	5
863	4
864	4
865	5
866	7
867	8
868	8
869	7
870	7
871	6
872	7
873	7
874	6
875	6
876	5
877	6
878	6
879	5
880	4
881	4
882	5
883	5
884	4
885	6
886	5
887	4
888	3
889	4
890	3
891	3
892	4
893	6
894	7
895	7
896	8
897	10
898	9
899	8
900	7
901	7
902	6
903	5
904	6
905	6
906	7
907	7
908	6
909	8
910	7
911	6
912	5
913	5
914	6
915	8
916	7
917	6
918	5
919	5
920	4
921	5
922	5
923	6
924	6
925	5
926	7
927	6
928	5
929	4
930	4
931	5
932	7
933	6
934	5
935	4
936	4
937	3
938	3
939	4
940	4
941	5
942	5
943	4
944	6
945	5
946	4
947	3
948	5
949	6
950	6
951	5
952	5
953	4
954	5
955	5
956	4
957	4
958	3
959	4
960	4
961	3
962	2
963	3
964	2
965	2
966	3
967	5
968	6
969	5
970	5
971	6
972	8
973	7
974	6
975	5
976	5
977	4
978	5
979	5
980	6
981	6
982	5
983	7
984	6
985	5
986	4
987	4
988	5
989	7
990	6
991	5
992	4
993	4
994	3
995	4
996	4
997	5
998	5
999	4
1000	6
1001	5
1002	4
1003	3
1004	3
1005	4
1006	6
1007	5
1008	4
1009	3
1010	3
1011	2
1012	2
1013	3
1014	3
1015	4
1016	4
1017	3
1018	5
1019	4
1020	3
1021	2
1022	4
1023	5
1024	5
1025	4
1026	4
1027	3
1028	4
1029	4
1030	3
1031	3
1032	2
1033	3
1034	2
1035	2
1036	1
1037	2
1038	1
1039	1
1040	4
1041	5
1042	5
1043	6
1044	8
1045	9
1046	9
1047	10
1048	12
1049	13
1050	12
1051	11
1052	12
1053	11
1054	10
1055	11
1056	10
1057	9
1058	9
1059	10
1060	9
1061	8
1062	8
1063	9
1064	11
1065	12
1066	11
1067	10
1068	11
1069	10
1070	9
1071	10
1072	9
1073	8
1074	8
1075	9
1076	8
1077	7
1078	8
1079	8
1080	9
1081	9
1082	10
1083	9
1084	8
1085	10
1086	11
1087	10
1088	9
1089	9
1090	8
1091	9
1092	8
1093	7
1094	7
1095	8
1096	10
1097	11
1098	10
1099	9
1100	10
1101	9
1102	8
1103	9
1104	8
1105	7
1106	7
1107	8
1108	7
1109	6
1110	7
1111	7
1112	8
1113	8
1114	9
1115	8
1116	7
1117	9
1118	10
1119	9
1120	8
1121	9
1122	8
1123	7
1124	8
1125	7
1126	6
1127	6
1128	7
1129	7
1130	8
1131	7
1132	6
1133	8
1134	9
1135	8
1136	7
1137	8
1138	7
1139	6
1140	6
1141	5
1142	5
1143	6
1144	8
1145	9
1146	9
1147	10
1148	9
1149	8
1150	8
1151	9
1152	8
1153	7
1154	7
1155	7
1156	8
1157	7
1158	6
1159	7
1160	7
1161	8
1162	7
1163	6
1164	6
1165	7
1166	6
1167	5
1168	5
1169	6
1170	6
1171	7
1172	6
1173	5
1174	7
1175	8
1176	7
1177	6
1178	7
1179	6
1180	5
1181	6
1182	5
1183	4
1184	4
1185	5
1186	7
1187	8
1188	8
1189	9
1190	11
1191	12
1192	11
1193	10
1194	11
1195	10
1196	9
1197	10
1198	9
1199	8
1200	8
1201	9
1202	8
1203	7
1204	7
1205	8
1206	10
1207	11
1208	10
1209	9
1210	10
1211	9
1212	8
1213	9
1214	8
1215	7
1216	7
1217	8
1218	7
1219	6
1220	7
1221	7
1222	8
1223	8
1224	9
1225	8
1226	7
1227	9
1228	9
1229	8
1230	9
1231	8
1232	7
1233	8
1234	7
1235	6
1236	6
1237	7
1238	9
1239	10
1240	9
1241	8
1242	9
1243	8
1244	7
1245	8
1246	7
1247	6
1248	6
1249	7
1250	6
1251	5
1252	6
1253	6
1254	7
1255	7
1256	8
1257	7
1258	6
1259	8
1260	9
1261	8
1262	7
1263	8
1264	7
1265	6
1266	6
1267	5
1268	5
1269	6
1270	6
1271	7
1272	6
1273	5
1274	7
1275	8
1276	7
1277	6
1278	7
1279	6
1280	5
1281	6
1282	5
1283	4
1284	4
1285	5
1286	7
1287	8
1288	8
1289	9
1290	8
1291	7
1292	7
1293	8
1294	7
1295	6
1296	7
1297	7
1298	8
1299	7
1300	6
1301	6
1302	7
1303	6
1304	5
1305	5
1306	5
1307	6
1308	5
1309	4
1310	4
1311	5
1312	5
1313	6
1314	5
1315	4
1316	6
1317	7
1318	6
1319	5
1320	6
1321	5
1322	4
1323	5
1324	4
1325	3
1326	3
1327	3
1328	4
1329	6
1330	6
1331	6
1332	7
1333	9
1334	10
1335	9
1336	8
1337	9
1338	8
1339	7
1340	8
1341	7
1342	6
1343	6
1344	7
1345	6
1346	5
1347	6
1348	6
1349	7
1350	7
1351	8
1352	7
1353	6
1354	8
1355	8
1356	7
1357	8
1358	7
1359	6
1360	7
1361	6
1362	5
1363	5
1364	6
1365	8
1366	8
1367	7
1368	8
1369	7
1370	6
1371	7
1372	6
1373	5
1374	5
1375	6
1376	5
1377	4
1378	5
1379	5
1380	6
1381	6
1382	7
1383	6
1384	5
1385	7
1386	8
1387	7
1388	6
1389	6
1390	5
1391	5
1392	4
1393	4
1394	5
1395	7
1396	8
1397	7
1398	6
1399	7
1400	6
1401	5
1402	6
1403	5
1404	4
1405	4
1406	5
1407	4
1408	3
1409	3
1410	4
1411	4
1412	5
1413	5
1414	6
1415	5
1416	4
1417	6
1418	7
1419	6
1420	5
1421	6
1422	5
1423	4
1424	5
1425	4
1426	3
1427	5
1428	6
1429	6
1430	7
1431	6
1432	5
1433	5
1434	6
1435	5
1436	4
1437	5
1438	5
1439	6
1440	5
1441	4
1442	4
1443	5
1444	4
1445	3
1446	3
1447	3
1448	4
1449	3
1450	2
1451	2
1452	2
1453	3
1454	5
1455	5
1456	5
1457	6
1458	8
1459	9
1460	8
1461	7
1462	8
1463	7
1464	6
1465	7
1466	6
1467	5
1468	5
1469	6
1470	5
1471	4
1472	5
1473	5
1474	6
1475	6
1476	7
1477	6
1478	5
1479	7
1480	7
1481	6
1482	7
1483	6
1484	5
1485	5
1486	4
1487	4
1488	5
1489	7
1490	8
1491	7
1492	6
1493	7
1494	6
1495	5
1496	6
1497	5
1498	4
1499	4
1500	5
1501	4
1502	3
1503	4
1504	4
1505	5
1506	5
1507	6
1508	5
1509	4
1510	6
1511	7
1512	6
1513	5
1514	5
1515	4
1516	5
1517	4
1518	3
1519	3
1520	4
1521	6
1522	6
1523	5
1524	6
1525	5
1526	4
1527	5
1528	4
1529	3
1530	3
1531	4
1532	3
1533	2
1534	2
1535	3
1536	3
1537	4
1538	4
1539	5
1540	4
1541	3
1542	5
1543	6
1544	5
1545	4
1546	5
1547	4
1548	3
1549	4
1550	3
1551	2
1552	4
1553	5
1554	5
1555	6
1556	5
1557	4
1558	4
1559	5
1560	4
1561	3
1562	4
1563	4
1564	5
1565	4
1566	3
1567	3
1568	4
1569	3
1570	2
1571	2
1572	2
1573	3
1574	2
1575	1
1576	1
1577	4
1578	5
1579	5
1580	6
1581	8
1582	9
1583	9
1584	10
1585	12
1586	13
1587	13
1588	12
1589	12
1590	11
1591	12
1592	12
1593	11
1594	11
1595	10
1596	11
1597	11
1598	10
1599	10
1600	9
1601	9
1602	10
1603	12
1604	11
1605	10
1606	9
1607	9
1608	8
1609	8
1610	9
1611	11
1612	12
1613	12
1614	11
1615	11
1616	10
1617	11
1618	11
1619	10
1620	10
1621	9
1622	10
1623	10
1624	9
1625	9
1626	8
1627	8
1628	9
1629	11
1630	10
1631	9
1632	8
1633	8
1634	7
1635	8
1636	8
1637	9
1638	9
1639	10
1640	12
1641	11
1642	10
1643	9
1644	9
1645	8
1646	9
1647	10
1648	10
1649	9
1650	9
1651	8
1652	9
1653	9
1654	8
1655	8
1656	7
1657	7
1658	8
1659	10
1660	11
1661	11
1662	10
1663	10
1664	9
1665	10
1666	10
1667	9
1668	9
1669	8
1670	9
1671	9
1672	8
1673	8
1674	7
1675	7
1676	8
1677	8
1678	7
1679	9
1680	8
1681	7
1682	6
1683	7
1684	7
1685	8
1686	8
1687	9
1688	9
1689	8
1690	10
1691	9
1692	8
1693	7
1694	9
1695	10
1696	10
1697	9
1698	9
1699	8
1700	9
1701	9
1702	8
1703	8
1704	7
1705	8
1706	8
1707	7
1708	7
1709	6
1710	6
1711	7
1712	7
1713	8
1714	8
1715	7
1716	9
1717	8
1718	7
1719	6
1720	7
1721	8
1722	8
1723	7
1724	7
1725	6
1726	7
1727	7
1728	6
1729	6
1730	5
1731	5
1732	6
1733	7
1734	8
1735	8
1736	9
1737	11
1738	10
1739	9
1740	8
1741	8
1742	7
1743	7
1744	8
1745	9
1746	8
1747	7
1748	7
1749	6
1750	7
1751	7
1752	8
1753	8
1754	7
1755	8
1756	7
1757	6
1758	6
1759	7
1760	9
1761	8
1762	7
1763	6
1764	6
1765	5
1766	5
1767	6
1768	6
1769	7
1770	7
1771	6
1772	8
1773	7
1774	6
1775	5
1776	7
1777	8
1778	8
1779	7
1780	7
1781	6
1782	7
1783	7
1784	6
1785	6
1786	5
1787	6
1788	6
1789	5
1790	4
1791	4
1792	5
1793	7
1794	8
1795	8
1796	9
1797	11
1798	12
1799	12
1800	11
1801	11
1802	10
1803	11
1804	11
1805	10
1806	10
1807	9
1808	10
1809	10
1810	9
1811	9
1812	8
1813	8
1814	9
1815	11
1816	10
1817	9
1818	8
1819	8
1820	7
1821	7
1822	8
1823	10
1824	11
1825	11
1826	10
1827	10
1828	9
1829	10
1830	10
1831	9
1832	9
1833	8
1834	9
1835	9
1836	8
1837	8
1838	7
1839	7
1840	8
1841	10
1842	9
1843	8
1844	7
1845	7
1846	6
1847	7
1848	7
1849	8
1850	8
1851	9
1852	11
1853	10
1854	9
1855	8
1856	8
1857	7
1858	8
1859	9
1860	9
1861	8
1862	8
1863	7
1864	8
1865	8
1866	7
1867	7
1868	6
1869	6
1870	7
1871	9
1872	10
1873	10
1874	9
1875	9
1876	8
1877	9
1878	9
1879	8
1880	8
1881	7
1882	8
1883	8
1884	7
1885	7
1886	6
1887	6
1888	7
1889	7
1890	6
1891	8
1892	7
1893	6
1894	5
1895	6
1896	6
1897	7
1898	7
1899	8
1900	8
1901	7
1902	9
1903	8
1904	7
1905	6
1906	7
1907	8
1908	8
1909	7
1910	7
1911	6
1912	7
1913	7
1914	6
1915	6
1916	5
1917	5
1918	6
1919	6
1920	7
1921	7
1922	6
1923	8
1924	7
1925	6
1926	5
1927	7
1928	8
1929	8
1930	7
1931	7
1932	6
1933	7
1934	7
1935	6
1936	6
1937	5
1938	6
1939	6
1940	5
1941	5
1942	4
1943	4
1944	5
1945	6
1946	7
1947	7
1948	8
1949	9
1950	8
1951	7
1952	7
1953	6
1954	6
1955	7
1956	9
1957	8
1958	7
1959	6
1960	6
1961	5
1962	6
1963	6
1964	7
1965	7
1966	6
1967	7
1968	6
1969	5
1970	5
1971	6
1972	8
1973	7
1974	6
1975	5
1976	5
1977	4
1978	4
1979	5
1980	5
1981	6
1982	6
1983	5
1984	7
1985	6
1986	5
1987	4
1988	6
1989	7
1990	7
1991	6
1992	6
1993	5
1994	6
1995	6
1996	5
1997	5
1998	4
1999	5
2000	4
2001	4
2002	3
2003	2
2004	1
2005	2
2006	2
2007	3
2008	3
2009	4
2010	4
2011	5
2012	7
2013	8
2014	8
2015	7
2016	7
2017	6
2018	7
2019	7
2020	6
2021	6
2022	5
2023	6
2024	6
2025	5
2026	5
2027	4
2028	4
2029	5
2030	7
2031	6
2032	5
2033	4
2034	4
2035	3
2036	5
2037	6
2038	6
2039	7
2040	7
2041	6
2042	8
2043	7
2044	6
2045	5
2046	5
2047	6
2048	8
2049	7
2050	6
2051	5
2052	5
2053	4
2054	5
2055	5
2056	6
2057	6
2058	5
2059	6
2060	5
2061	4
2062	4
2063	5
2064	7
2065	6
2066	5
2067	4
2068	4
2069	3
2070	4
2071	4
2072	5
2073	5
2074	4
2075	6
2076	5
2077	4
2078	3
2079	3
2080	4
2081	4
2082	3
2083	5
2084	4
2085	3
2086	2
2087	3
2088	4
2089	4
2090	5
2091	5
2092	6
2093	8
2094	7
2095	6
2096	5
2097	5
2098	4
2099	4
2100	5
2101	5
2102	4
2103	4
2104	3
2105	3
2106	4
2107	6
2108	7
2109	7
2110	6
2111	6
2112	5
2113	6
2114	5
2115	5
2116	4
2117	5
2118	5
2119	4
2120	4
2121	3
2122	3
2123	4
2124	4
2125	3
2126	5
2127	4
2128	3
2129	2
2130	3
2131	3
2132	4
2133	4
2134	5
2135	5
2136	4
2137	6
2138	5
2139	4
2140	3
2141	4
2142	5
2143	5
2144	4
2145	4
2146	3
2147	4
2148	3
2149	3
2150	2
2151	2
2152	3
2153	3
2154	4
2155	4
2156	3
2157	5
2158	4
2159	3
2160	2
2161	3
2162	4
2163	4
2164	3
2165	3
2166	2
2167	3
2168	2
2169	2
2170	1
2171	1
2172	2
2173	2
2174	3
2175	3
2176	4
2177	6
2178	7
2179	7
2180	6
2181	6
2182	5
2183	6
2184	6
2185	5
2186	5
2187	4
2188	5
2189	5
2190	4
2191	4
2192	3
2193	3
2194	4
2195	6
2196	5
2197	4
2198	3
2199	3
2200	2
2201	4
2202	5
2203	5
2204	6
2205	6
2206	5
2207	6
2208	5
2209	4
2210	4
2211	5
2212	7
2213	6
2214	5
2215	4
2216	4
2217	3
2218	4
2219	4
2220	5
2221	5
2222	4
2223	6
2224	5
2225	4
2226	3
2227	3
2228	4
2229	6
2230	5
2231	4
2232	3
2233	3
2234	2
2235	3
2236	3
2237	4
2238	4
2239	3
2240	5
2241	4
2242	3
2243	2
2244	2
2245	3
2246	3
2247	2
2248	4
2249	3
2250	2
2251	1
2252	2
2253	3
2254	3
2255	4
2256	4
2257	5
2258	7
2259	6
2260	5
2261	4
2262	4
2263	3
2264	3
2265	4
2266	4
2267	3
2268	3
2269	2
2270	2
2271	3
2272	5
2273	6
2274	6
2275	5
2276	5
2277	4
2278	5
2279	5
2280	4
2281	4
2282	3
2283	4
2284	3
2285	3
2286	2
2287	2
2288	3
2289	3
2290	2
2291	4
2292	3
2293	2
2294	1
2295	2
2296	2
2297	3
2298	3
2299	4
2300	4
2301	3
2302	5
2303	4
2304	3
2305	2
2306	3
2307	4
2308	4
2309	3
2310	3
2311	2
2312	3
2313	2
2314	2
2315	1
2316	1
2317	2
2318	2
2319	3
2320	3
2321	2
2322	4
2323	3
2324	2
2325	1
2326	2
2327	3
2328	3
2329	2
2330	2
2331	1
2332	2
2333	2
2334	1
2335	1
2336	4
2337	5
2338	5
2339	6
2340	8
2341	9
2342	9
2343	10
2344	12
2345	13
2346	13
2347	13
2348	12
2349	12
2350	13
2351	12
2352	11
2353	12
2354	12
2355	13
2356	12
2357	11
2358	11
2359	12
2360	11
2361	10
2362	11
2363	11
2364	12
2365	11
2366	10
2367	10
2368	11
2369	10
2370	9
2371	9
2372	10
2373	12
2374	13
2375	12
2376	11
2377	12
2378	11
2379	10
2380	11
2381	10
2382	9
2383	9
2384	10
2385	9
2386	8
2387	8
2388	9
2389	11
2390	12
2391	12
2392	13
2393	12
2394	11
2395	11
2396	12
2397	11
2398	10
2399	11
2400	11
2401	12
2402	11
2403	10
2404	10
2405	11
2406	10
2407	9
2408	10
2409	10
2410	11
2411	10
2412	9
2413	9
2414	10
2415	9
2416	8
2417	8
2418	9
2419	11
2420	12
2421	11
2422	10
2423	11
2424	10
2425	9
2426	10
2427	9
2428	8
2429	8
2430	9
2431	8
2432	7
2433	8
2434	8
2435	8
2436	8
2437	9
2438	11
2439	12
2440	11
2441	10
2442	11
2443	10
2444	9
2445	10
2446	9
2447	8
2448	8
2449	9
2450	8
2451	7
2452	7
2453	8
2454	10
2455	11
2456	11
2457	11
2458	10
2459	10
2460	11
2461	10
2462	9
2463	10
2464	10
2465	11
2466	10
2467	9
2468	9
2469	10
2470	9
2471	8
2472	9
2473	9
2474	10
2475	9
2476	8
2477	8
2478	9
2479	8
2480	7
2481	7
2482	8
2483	8
2484	9
2485	8
2486	7
2487	9
2488	10
2489	9
2490	8
2491	9
2492	8
2493	7
2494	8
2495	7
2496	6
2497	7
2498	7
2499	8
2500	8
2501	9
2502	9
2503	10
2504	9
2505	8
2506	10
2507	11
2508	10
2509	9
2510	10
2511	9
2512	8
2513	9
2514	8
2515	7
2516	9
2517	10
2518	10
2519	11
2520	10
2521	9
2522	9
2523	9
2524	8
2525	9
2526	9
2527	10
2528	9
2529	8
2530	8
2531	9
2532	8
2533	7
2534	8
2535	8
2536	9
2537	8
2538	7
2539	7
2540	8
2541	7
2542	6
2543	6
2544	6
2545	6
2546	7
2547	7
2548	8
2549	7
2550	6
2551	8
2552	9
2553	8
2554	7
2555	8
2556	7
2557	6
2558	7
2559	6
2560	5
2561	5
2562	5
2563	5
2564	6
2565	6
2566	7
2567	7
2568	8
2569	7
2570	6
2571	8
2572	9
2573	8
2574	7
2575	8
2576	7
2577	6
2578	7
2579	6
2580	5
2581	7
2582	8
2583	8
2584	9
2585	8
2586	7
2587	7
2588	8
2589	7
2590	6
2591	7
2592	7
2593	8
2594	7
2595	6
2596	6
2597	7
2598	6
2599	5
2600	6
2601	6
2602	7
2603	6
2604	5
2605	5
2606	6
2607	5
2608	4
2609	4
2610	5
2611	7
2612	8
2613	8
2614	9
2615	11
2616	12
2617	12
2618	13
2619	12
2620	11
2621	11
2622	12
2623	11
2624	10
2625	11
2626	11
2627	12
2628	11
2629	10
2630	10
2631	11
2632	10
2633	9
2634	10
2635	10
2636	11
2637	10
2638	9
2639	9
2640	10
2641	9
2642	8
2643	8
2644	9
2645	11
2646	12
2647	11
2648	10
2649	11
2650	10
2651	9
2652	10
2653	9
2654	8
2655	8
2656	9
2657	8
2658	7
2659	7
2660	8
2661	10
2662	11
2663	11
2664	12
2665	11
2666	10
2667	10
2668	10
2669	9
2670	10
2671	10
2672	11
2673	10
2674	9
2675	9
2676	10
2677	9
2678	8
2679	9
2680	9
2681	10
2682	9
2683	8
2684	8
2685	9
2686	8
2687	7
2688	7
2689	8
2690	10
2691	11
2692	10
2693	9
2694	10
2695	9
2696	8
2697	9
2698	8
2699	7
2700	7
2701	8
2702	7
2703	6
2704	7
2705	7
2706	7
2707	7
2708	8
2709	10
2710	11
2711	10
2712	9
2713	10
2714	9
2715	8
2716	9
2717	8
2718	7
2719	7
2720	8
2721	7
2722	6
2723	6
2724	7
2725	9
2726	10
2727	10
2728	11
2729	10
2730	9
2731	9
2732	9
2733	8
2734	9
2735	9
2736	10
2737	9
2738	8
2739	8
2740	9
2741	8
2742	7
2743	8
2744	8
2745	9
2746	8
2747	7
2748	7
2749	8
2750	7
2751	6
2752	6
2753	7
2754	7
2755	8
2756	7
2757	6
2758	8
2759	9
2760	8
2761	7
2762	8
2763	7
2764	6
2765	7
2766	6
2767	5
2768	6
2769	6
2770	6
2771	6
2772	7
2773	7
2774	8
2775	7
2776	6
2777	8
2778	9
2779	8
2780	7
2781	8
2782	7
2783	6
2784	7
2785	6
2786	5
2787	5
2788	6
2789	6
2790	7
2791	7
2792	8
2793	7
2794	6
2795	8
2796	9
2797	8
2798	7
2799	8
2800	7
2801	6
2802	7
2803	6
2804	5
2805	7
2806	8
2807	8
2808	8
2809	7
2810	7
2811	8
2812	7
2813	6
2814	7
2815	7
2816	8
2817	7
2818	6
2819	6
2820	7
2821	6
2822	5
2823	6
2824	6
2825	7
2826	6
2827	5
2828	5
2829	6
2830	5
2831	4
2832	4
2833	4
2834	4
2835	5
2836	5
2837	6
2838	6
2839	7
2840	6
2841	5
2842	7
2843	8
2844	7
2845	6
2846	7
2847	6
2848	5
2849	6
2850	5
2851	4
2852	6
2853	7
2854	7
2855	8
2856	7
2857	6
2858	6
2859	7
2860	6
2861	5
2862	6
2863	6
2864	7
2865	6
2866	5
2867	5
2868	6
2869	5
2870	4
2871	5
2872	5
2873	6
2874	5
2875	4
2876	4
2877	5
2878	4
2879	3
2880	2
2881	1
2882	2
2883	2
2884	3
2885	3
2886	4
2887	4
2888	5
2889	7
2890	8
2891	8
2892	9
2893	8
2894	7
2895	7
2896	8
2897	7
2898	6
2899	7
2900	7
2901	8
2902	7
2903	6
2904	6
2905	7
2906	6
2907	5
2908	6
2909	6
2910	7
2911	6
2912	5
2913	5
2914	6
2915	5
2916	4
2917	4
2918	5
2919	7
2920	8
2921	7
2922	6
2923	7
2924	6
2925	5
2926	6
2927	5
2928	4
2929	4
2930	5
2931	4
2932	3
2933	5
2934	6
2935	6
2936	7
2937	7
2938	8
2939	7
2940	6
2941	8
2942	9
2943	8
2944	7
2945	8
2946	7
2947	6
2948	7
2949	6
2950	5
2951	5
2952	6
2953	8
2954	9
2955	8
2956	7
2957	8
2958	7
2959	6
2960	7
2961	6
2962	5
2963	5
2964	6
2965	5
2966	4
2967	5
2968	5
2969	5
2970	5
2971	6
2972	5
2973	4
2974	4
2975	5
2976	7
2977	8
2978	7
2979	6
2980	7
2981	6
2982	5
2983	6
2984	5
2985	4
2986	4
2987	5
2988	4
2989	3
2990	4
2991	4
2992	5
2993	5
2994	6
2995	5
2996	4
2997	6
2998	7
2999	6
3000	5
3001	6
3002	5
3003	4
3004	4
3005	3
3006	3
3007	4
3008	4
3009	5
3010	4
3011	3
3012	5
3013	6
3014	5
3015	4
3016	5
3017	4
3018	3
3019	3
3020	2
3021	4
3022	4
3023	4
3024	4
3025	4
3026	5
3027	7
3028	8
3029	7
3030	6
3031	7
3032	6
3033	5
3034	6
3035	5
3036	4
3037	4
3038	5
3039	4
3040	3
3041	4
3042	4
3043	4
3044	4
3045	5
3046	7
3047	8
3048	7
3049	6
3050	7
3051	6
3052	5
3053	6
3054	5
3055	4
3056	4
3057	5
3058	4
3059	3
3060	3
3061	4
3062	6
3063	7
3064	7
3065	8
3066	7
3067	6
3068	6
3069	7
3070	6
3071	5
3072	5
3073	5
3074	6
3075	5
3076	4
3077	5
3078	5
3079	6
3080	5
3081	4
3082	4
3083	5
3084	4
3085	3
3086	3
3087	4
3088	4
3089	5
3090	4
3091	3
3092	5
3093	6
3094	5
3095	4
3096	5
3097	4
3098	3
3099	4
3100	3
3101	2
3102	3
3103	3
3104	3
3105	3
3106	4
3107	4
3108	5
3109	4
3110	3
3111	5
3112	6
3113	5
3114	4
3115	5
3116	4
3117	3
3118	4
3119	3
3120	2
3121	2
3122	2
3123	2
3124	3
3125	3
3126	4
3127	3
3128	2
3129	4
3130	5
3131	4
3132	3
3133	4
3134	3
3135	2
3136	3
3137	2
3138	1
3139	1
3140	2
3141	2
3142	3
3143	3
3144	4
3145	6
3146	7
3147	7
3148	8
3149	7
3150	6
3151	6
3152	7
3153	6
3154	5
3155	6
3156	6
3157	7
3158	6
3159	5
3160	5
3161	6
3162	5
3163	4
3164	5
3165	5
3166	6
3167	5
3168	4
3169	4
3170	5
3171	4
3172	3
3173	3
3174	4
3175	6
3176	7
3177	6
3178	5
3179	6
3180	5
3181	4
3182	5
3183	4
3184	3
3185	3
3186	4
3187	3
3188	2
3189	4
3190	5
3191	5
3192	5
3193	5
3194	6
3195	5
3196	4
3197	4
3198	5
3199	7
3200	8
3201	7
3202	6
3203	7
3204	6
3205	5
3206	6
3207	5
3208	4
3209	4
3210	5
3211	4
3212	3
3213	4
3214	4
3215	5
3216	5
3217	6
3218	5
3219	4
3220	6
3221	7
3222	6
3223	5
3224	6
3225	5
3226	4
3227	5
3228	4
3229	3
3230	3
3231	4
3232	6
3233	7
3234	6
3235	5
3236	6
3237	5
3238	4
3239	5
3240	4
3241	3
3242	3
3243	4
3244	3
3245	2
3246	3
3247	3
3248	4
3249	4
3250	5
3251	4
3252	3
3253	5
3254	6
3255	5
3256	4
3257	5
3258	4
3259	3
3260	3
3261	2
3262	2
3263	3
3264	3
3265	4
3266	3
3267	2
3268	4
3269	5
3270	4
3271	3
3272	4
3273	3
3274	2
3275	2
3276	1
3277	3
3278	3
3279	3
3280	3
3281	3
3282	4
3283	6
3284	7
3285	6
3286	5
3287	6
3288	5
3289	4
3290	5
3291	4
3292	3
3293	3
3294	4
3295	3
3296	2
3297	3
3298	3
3299	3
3300	3
3301	4
3302	6
3303	7
3304	6
3305	5
3306	6
3307	5
3308	4
3309	5
3310	4
3311	3
3312	3
3313	4
3314	3
3315	2
3316	2
3317	3
3318	5
3319	6
3320	6
3321	7
3322	6
3323	5
3324	5
3325	6
3326	5
3327	4
3328	5
3329	5
3330	6
3331	5
3332	4
3333	4
3334	5
3335	4
3336	3
3337	3
3338	3
3339	4
3340	3
3341	2
3342	2
3343	3
3344	3
3345	4
3346	3
3347	2
3348	4
3349	5
3350	4
3351	3
3352	4
3353	3
3354	2
3355	3
3356	2
3357	1
3358	2
3359	2
3360	2
3361	2
3362	3
3363	3
3364	4
3365	3
3366	2
3367	4
3368	5
3369	4
3370	3
3371	4
3372	3
3373	2
3374	3
3375	2
3376	1
3377	1
3378	1
3379	1
3380	2
3381	2
3382	3
3383	2
3384	1
3385	3
3386	4
3387	3
3388	2
3389	3
3390	2
3391	1
3392	2
3393	1
3394	1
3395	4
3396	5
3397	5
3398	6
3399	8
3400	9
3401	9
3402	10
3403	12
3404	13
3405	13
3406	13
3407	13
3408	12
3409	12
3410	13
3411	15
3412	14
3413	13
3414	12
3415	12
3416	11
3417	12
3418	12
3419	13
3420	13
3421	12
3422	14
3423	13
3424	12
3425	11
3426	11
3427	12
3428	14
3429	13
3430	12
3431	11
3432	11
3433	10
3434	11
3435	11
3436	12
3437	12
3438	11
3439	13
3440	12
3441	11
3442	10
3443	10
3444	11
3445	11
3446	10
3447	12
3448	11
3449	10
3450	9
3451	9
3452	10
3453	12
3454	13
3455	13
3456	12
3457	12
3458	11
3459	12
3460	12
3461	11
3462	10
3463	11
3464	11
3465	10
3466	10
3467	9
3468	9
3469	10
3470	10
3471	9
3472	11
3473	10
3474	9
3475	8
3476	8
3477	9
3478	11
3479	12
3480	12
3481	13
3482	15
3483	14
3484	13
3485	12
3486	12
3487	11
3488	11
3489	12
3490	14
3491	13
3492	12
3493	11
3494	11
3495	10
3496	11
3497	11
3498	12
3499	12
3500	11
3501	13
3502	12
3503	11
3504	10
3505	10
3506	11
3507	13
3508	12
3509	11
3510	10
3511	10
3512	9
3513	10
3514	10
3515	11
3516	11
3517	10
3518	12
3519	11
3520	10
3521	9
3522	9
3523	10
3524	10
3525	9
3526	11
3527	10
3528	9
3529	8
3530	8
3531	9
3532	11
3533	12
3534	12
3535	11
3536	11
3537	10
3538	11
3539	11
3540	10
3541	10
3542	9
3543	10
3544	10
3545	9
3546	8
3547	8
3548	9
3549	9
3550	8
3551	10
3552	9
3553	8
3554	7
3555	8
3556	7
3557	7
3558	8
3559	10
3560	11
3561	10
3562	10
3563	11
3564	13
3565	12
3566	11
3567	10
3568	10
3569	9
3570	10
3571	10
3572	11
3573	11
3574	10
3575	12
3576	11
3577	10
3578	9
3579	9
3580	10
3581	12
3582	11
3583	10
3584	9
3585	9
3586	8
3587	9
3588	9
3589	10
3590	10
3591	9
3592	11
3593	10
3594	9
3595	8
3596	8
3597	9
3598	11
3599	10
3600	9
3601	8
3602	8
3603	7
3604	7
3605	8
3606	8
3607	9
3608	9
3609	8
3610	10
3611	9
3612	8
3613	7
3614	9
3615	10
3616	10
3617	9
3618	9
3619	8
3620	9
3621	9
3622	8
3623	8
3624	7
3625	8
3626	7
3627	7
3628	6
3629	7
3630	7
3631	8
3632	8
3633	9
3634	9
3635	10
3636	12
3637	11
3638	10
3639	9
3640	9
3641	8
3642	10
3643	11
3644	11
3645	10
3646	10
3647	9
3648	10
3649	10
3650	9
3651	9
3652	8
3653	9
3654	9
3655	8
3656	8
3657	7
3658	9
3659	10
3660	10
3661	11
3662	12
3663	11
3664	10
3665	10
3666	9
3667	8
3668	9
3669	9
3670	10
3671	10
3672	9
3673	11
3674	10
3675	9
3676	8
3677	8
3678	9
3679	11
3680	10
3681	9
3682	8
3683	8
3684	7
3685	8
3686	8
3687	9
3688	9
3689	8
3690	10
3691	9
3692	8
3693	7
3694	7
3695	8
3696	8
3697	7
3698	9
3699	8
3700	7
3701	6
3702	5
3703	4
3704	4
3705	5
3706	7
3707	8
3708	8
3709	9
3710	11
3711	12
3712	12
3713	13
3714	15
3715	14
3716	13
3717	12
3718	12
3719	11
3720	11
3721	12
3722	14
3723	13
3724	12
3725	11
3726	11
3727	10
3728	11
3729	11
3730	12
3731	12
3732	11
3733	13
3734	12
3735	11
3736	10
3737	10
3738	11
3739	13
3740	12
3741	11
3742	10
3743	10
3744	9
3745	10
3746	10
3747	11
3748	11
3749	10
3750	12
3751	11
3752	10
3753	9
3754	9
3755	10
3756	10
3757	9
3758	11
3759	10
3760	9
3761	8
3762	8
3763	9
3764	11
3765	12
3766	12
3767	11
3768	11
3769	10
3770	11
3771	11
3772	10
3773	9
3774	10
3775	10
3776	9
3777	9
3778	8
3779	8
3780	9
3781	9
3782	8
3783	10
3784	9
3785	8
3786	7
3787	7
3788	8
3789	10
3790	11
3791	11
3792	12
3793	14
3794	13
3795	12
3796	11
3797	11
3798	10
3799	10
3800	10
3801	9
3802	10
3803	10
3804	11
3805	11
3806	10
3807	12
3808	11
3809	10
3810	9
3811	9
3812	10
3813	12
3814	11
3815	10
3816	9
3817	9
3818	8
3819	9
3820	9
3821	10
3822	10
3823	9
3824	11
3825	10
3826	9
3827	8
3828	8
3829	9
3830	9
3831	8
3832	10
3833	9
3834	8
3835	7
3836	7
3837	8
3838	10
3839	11
3840	11
3841	10
3842	10
3843	9
3844	10
3845	10
3846	9
3847	9
3848	8
3849	9
3850	9
3851	8
3852	7
3853	7
3854	8
3855	8
3856	7
3857	9
3858	8
3859	7
3860	6
3861	7
3862	6
3863	6
3864	7
3865	9
3866	10
3867	10
3868	11
3869	13
3870	12
3871	11
3872	10
3873	10
3874	9
3875	8
3876	9
3877	9
3878	10
3879	10
3880	9
3881	11
3882	10
3883	9
3884	8
3885	8
3886	9
3887	11
3888	10
3889	9
3890	8
3891	8
3892	7
3893	8
3894	8
3895	9
3896	9
3897	8
3898	9
3899	8
3900	7
3901	7
3902	8
3903	10
3904	9
3905	8
3906	7
3907	7
3908	6
3909	6
3910	7
3911	7
3912	8
3913	8
3914	7
3915	9
3916	8
3917	7
3918	6
3919	8
3920	9
3921	9
3922	8
3923	8
3924	7
3925	8
3926	8
3927	7
3928	7
3929	6
3930	7
3931	7
3932	6
3933	5
3934	6
3935	5
3936	5
3937	6
3938	6
3939	7
3940	7
3941	8
3942	10
3943	9
3944	8
3945	7
3946	7
3947	6
3948	8
3949	9
3950	9
3951	8
3952	8
3953	7
3954	8
3955	8
3956	7
3957	7
3958	6
3959	7
3960	7
3961	6
3962	6
3963	5
3964	7
3965	8
3966	7
3967	7
3968	8
3969	9
3970	8
3971	7
3972	7
3973	6
3974	7
3975	7
3976	8
3977	8
3978	7
3979	9
3980	8
3981	7
3982	6
3983	6
3984	7
3985	9
3986	8
3987	7
3988	6
3989	6
3990	5
3991	6
3992	6
3993	7
3994	7
3995	6
3996	8
3997	7
3998	6
3999	5
4000	5
4001	6
4002	6
4003	5
4004	7
4005	6
4006	5
4007	4
4008	3
4009	2
4010	1
4011	2
4012	2
4013	3
4014	3
4015	4
4016	4
4017	5
4018	7
4019	8
4020	8
4021	9
4022	11
4023	10
4024	9
4025	8
4026	8
4027	7
4028	7
4029	8
4030	10
4031	9
4032	8
4033	7
4034	7
4035	6
4036	7
4037	7
4038	8
4039	8
4040	7
4041	9
4042	8
4043	7
4044	6
4045	6
4046	7
4047	9
4048	8
4049	7
4050	6
4051	6
4052	5
4053	6
4054	6
4055	7
4056	7
4057	6
4058	8
4059	7
4060	6
4061	5
4062	5
4063	6
4064	6
4065	5
4066	7
4067	6
4068	5
4069	4
4070	4
4071	5
4072	7
4073	8
4074	8
4075	7
4076	7
4077	6
4078	7
4079	7
4080	6
4081	6
4082	5
4083	6
4084	6
4085	5
4086	4
4087	4
4088	5
4089	5
4090	4
4091	6
4092	5
4093	4
4094	3
4095	5
4096	6
4097	6
4098	7
4099	7
4100	8
4101	10
4102	9
4103	8
4104	7
4105	7
4106	6
4107	8
4108	9
4109	9
4110	8
4111	8
4112	7
4113	8
4114	8
4115	7
4116	7
4117	6
4118	7
4119	7
4120	6
4121	6
4122	5
4123	5
4124	6
4125	8
4126	9
4127	9
4128	8
4129	7
4130	8
4131	8
4132	7
4133	7
4134	6
4135	7
4136	7
4137	6
4138	6
4139	5
4140	5
4141	6
4142	6
4143	5
4144	7
4145	6
4146	5
4147	4
4148	5
4149	4
4150	4
4151	5
4152	7
4153	8
4154	8
4155	7
4156	7
4157	6
4158	7
4159	7
4160	6
4161	6
4162	5
4163	6
4164	6
4165	5
4166	5
4167	4
4168	4
4169	5
4170	5
4171	4
4172	6
4173	5
4174	4
4175	3
4176	4
4177	4
4178	5
4179	5
4180	6
4181	6
4182	5
4183	7
4184	6
4185	5
4186	4
4187	5
4188	6
4189	6
4190	5
4191	4
4192	5
4193	5
4194	4
4195	4
4196	3
4197	3
4198	4
4199	4
4200	5
4201	5
4202	4
4203	6
4204	5
4205	4
4206	3
4207	4
4208	5
4209	5
4210	4
4211	4
4212	3
4213	4
4214	4
4215	3
4216	3
4217	2
4218	3
4219	4
4220	3
4221	3
4222	4
4223	5
4224	6
4225	6
4226	7
4227	7
4228	6
4229	6
4230	5
4231	5
4232	6
4233	8
4234	7
4235	6
4236	5
4237	5
4238	4
4239	5
4240	5
4241	6
4242	6
4243	5
4244	7
4245	6
4246	5
4247	4
4248	4
4249	5
4250	6
4251	5
4252	4
4253	4
4254	3
4255	3
4256	4
4257	4
4258	5
4259	5
4260	4
4261	6
4262	5
4263	4
4264	3
4265	5
4266	6
4267	6
4268	5
4269	5
4270	4
4271	5
4272	5
4273	4
4274	4
4275	3
4276	4
4277	4
4278	3
4279	3
4280	2
4281	3
4282	2
4283	1
4284	1
4285	2
4286	2
4287	3
4288	3
4289	4
4290	6
4291	7
4292	7
4293	8
4294	10
4295	9
4296	8
4297	7
4298	7
4299	6
4300	6
4301	7
4302	9
4303	8
4304	7
4305	6
4306	6
4307	5
4308	6
4309	6
4310	7
4311	7
4312	6
4313	8
4314	7
4315	6
4316	5
4317	5
4318	6
4319	8
4320	7
4321	6
4322	5
4323	5
4324	4
4325	5
4326	5
4327	6
4328	6
4329	5
4330	7
4331	6
4332	5
4333	4
4334	4
4335	5
4336	5
4337	4
4338	6
4339	5
4340	4
4341	3
4342	3
4343	4
4344	6
4345	7
4346	7
4347	6
4348	6
4349	5
4350	6
4351	6
4352	5
4353	4
4354	5
4355	5
4356	4
4357	4
4358	3
4359	3
4360	4
4361	4
4362	3
4363	5
4364	4
4365	3
4366	2
4367	4
4368	5
4369	4
4370	4
4371	5
4372	7
4373	8
4374	8
4375	7
4376	7
4377	6
4378	7
4379	7
4380	6
4381	6
4382	5
4383	6
4384	6
4385	5
4386	5
4387	4
4388	4
4389	5
4390	5
4391	4
4392	6
4393	5
4394	4
4395	3
4396	4
4397	4
4398	5
4399	5
4400	6
4401	8
4402	7
4403	6
4404	5
4405	5
4406	4
4407	6
4408	7
4409	7
4410	6
4411	6
4412	5
4413	6
4414	6
4415	5
4416	5
4417	4
4418	5
4419	5
4420	4
4421	4
4422	3
4423	3
4424	4
4425	6
4426	7
4427	6
4428	6
4429	5
4430	6
4431	6
4432	5
4433	5
4434	4
4435	5
4436	5
4437	4
4438	4
4439	3
4440	3
4441	4
4442	4
4443	3
4444	5
4445	4
4446	3
4447	2
4448	3
4449	3
4450	4
4451	4
4452	5
4453	5
4454	4
4455	6
4456	5
4457	4
4458	3
4459	4
4460	5
4461	5
4462	4
4463	4
4464	3
4465	4
4466	4
4467	3
4468	3
4469	2
4470	2
4471	3
4472	3
4473	4
4474	4
4475	3
4476	5
4477	4
4478	3
4479	2
4480	3
4481	4
4482	3
4483	3
4484	2
4485	3
4486	3
4487	2
4488	2
4489	1
4490	2
4491	3
4492	2
4493	2
4494	3
4495	4
4496	5
4497	5
4498	6
4499	8
4500	7
4501	6
4502	5
4503	5
4504	4
4505	4
4506	5
4507	5
4508	4
4509	4
4510	3
4511	4
4512	4
4513	5
4514	5
4515	4
4516	6
4517	5
4518	4
4519	3
4520	3
4521	4
4522	5
4523	4
4524	3
4525	3
4526	2
4527	2
4528	3
4529	3
4530	4
4531	4
4532	3
4533	5
4534	4
4535	3
4536	2
4537	4
4538	5
4539	5
4540	4
4541	4
4542	3
4543	4
4544	4
4545	3
4546	3
4547	2
4548	3
4549	3
4550	2
4551	2
4552	1
4553	2
4554	1
4555	1
4556	4
4557	5
4558	5
4559	6
4560	8
4561	9
4562	9
4563	10
4564	12
4565	13
4566	13
4567	13
4568	13
4569	14
4570	13
4571	12
4572	12
4573	13
4574	15
4575	16
4576	15
4577	14
4578	15
4579	14
4580	13
4581	14
4582	13
4583	12
4584	12
4585	13
4586	12
4587	11
4588	12
4589	12
4590	13
4591	13
4592	14
4593	13
4594	12
4595	14
4596	15
4597	14
4598	13
4599	13
4600	12
4601	13
4602	12
4603	11
4604	11
4605	12
4606	14
4607	15
4608	14
4609	13
4610	14
4611	13
4612	12
4613	13
4614	12
4615	11
4616	11
4617	12
4618	11
4619	10
4620	11
4621	11
4622	12
4623	12
4624	13
4625	12
4626	11
4627	13
4628	14
4629	13
4630	12
4631	13
4632	12
4633	11
4634	12
4635	11
4636	10
4637	10
4638	11
4639	11
4640	12
4641	11
4642	10
4643	12
4644	13
4645	12
4646	11
4647	12
4648	11
4649	10
4650	10
4651	9
4652	9
4653	10
4654	12
4655	13
4656	13
4657	14
4658	13
4659	12
4660	12
4661	13
4662	12
4663	11
4664	11
4665	11
4666	12
4667	11
4668	10
4669	11
4670	11
4671	12
4672	11
4673	10
4674	10
4675	11
4676	10
4677	9
4678	9
4679	10
4680	10
4681	11
4682	10
4683	9
4684	11
4685	12
4686	11
4687	10
4688	11
4689	10
4690	9
4691	10
4692	9
4693	8
4694	8
4695	9
4696	11
4697	12
4698	12
4699	13
4700	15
4701	16
4702	15
4703	14
4704	15
4705	14
4706	13
4707	14
4708	13
4709	12
4710	12
4711	13
4712	12
4713	11
4714	11
4715	12
4716	14
4717	15
4718	14
4719	13
4720	14
4721	13
4722	12
4723	13
4724	12
4725	11
4726	11
4727	12
4728	11
4729	10
4730	11
4731	11
4732	12
4733	12
4734	13
4735	12
4736	11
4737	13
4738	13
4739	12
4740	13
4741	12
4742	11
4743	12
4744	11
4745	10
4746	10
4747	11
4748	13
4749	14
4750	13
4751	12
4752	13
4753	12
4754	11
4755	12
4756	11
4757	10
4758	10
4759	11
4760	10
4761	9
4762	10
4763	10
4764	11
4765	11
4766	12
4767	11
4768	10
4769	12
4770	13
4771	12
4772	11
4773	12
4774	11
4775	10
4776	10
4777	9
4778	9
4779	10
4780	10
4781	11
4782	10
4783	9
4784	11
4785	12
4786	11
4787	10
4788	11
4789	10
4790	9
4791	10
4792	9
4793	8
4794	8
4795	9
4796	11
4797	12
4798	12
4799	13
4800	12
4801	11
4802	11
4803	12
4804	11
4805	10
4806	11
4807	11
4808	12
4809	11
4810	10
4811	10
4812	11
4813	10
4814	9
4815	9
4816	9
4817	10
4818	9
4819	8
4820	8
4821	9
4822	9
4823	10
4824	9
4825	8
4826	10
4827	11
4828	10
4829	9
4830	10
4831	9
4832	8
4833	9
4834	8
4835	7
4836	7
4837	7
4838	8
4839	10
4840	10
4841	10
4842	11
4843	13
4844	14
4845	13
4846	12
4847	13
4848	12
4849	11
4850	12
4851	11
4852	10
4853	10
4854	11
4855	10
4856	9
4857	10
4858	10
4859	11
4860	11
4861	12
4862	11
4863	10
4864	12
4865	12
4866	11
4867	12
4868	11
4869	10
4870	11
4871	10
4872	9
4873	9
4874	10
4875	12
4876	13
4877	12
4878	11
4879	12
4880	11
4881	10
4882	11
4883	10
4884	9
4885	9
4886	10
4887	9
4888	8
4889	9
4890	9
4891	10
4892	10
4893	11
4894	10
4895	9
4896	11
4897	12
4898	11
4899	10
4900	10
4901	9
4902	10
4903	9
4904	8
4905	8
4906	9
4907	11
4908	11
4909	10
4910	11
4911	10
4912	9
4913	10
4914	9
4915	8
4916	8
4917	9
4918	8
4919	7
4920	7
4921	8
4922	8
4923	9
4924	9
4925	10
4926	9
4927	8
4928	10
4929	11
4930	10
4931	9
4932	10
4933	9
4934	8
4935	9
4936	8
4937	7
4938	9
4939	10
4940	10
4941	11
4942	10
4943	9
4944	9
4945	10
4946	9
4947	8
4948	9
4949	9
4950	10
4951	9
4952	8
4953	8
4954	9
4955	8
4956	7
4957	7
4958	7
4959	8
4960	7
4961	6
4962	6
4963	6
4964	7
4965	7
4966	8
4967	8
4968	9
4969	11
4970	12
4971	11
4972	10
4973	11
4974	10
4975	9
4976	10
4977	9
4978	8
4979	8
4980	9
4981	8
4982	7
4983	9
4984	10
4985	10
4986	11
4987	10
4988	9
4989	9
4990	10
4991	9
4992	8
4993	9
4994	9
4995	10
4996	9
4997	8
4998	8
4999	9
5000	8
5001	7
5002	8
5003	8
5004	9
5005	8
5006	7
5007	7
5008	8
5009	7
5010	6
5011	8
5012	8
5013	8
5014	8
5015	8
5016	9
5017	8
5018	7
5019	8
5020	8
5021	9
5022	9
5023	10
5024	9
5025	8
5026	10
5027	10
5028	9
5029	9
5030	8
5031	9
5032	8
5033	7
5034	7
5035	8
5036	10
5037	11
5038	10
5039	9
5040	10
5041	9
5042	8
5043	9
5044	8
5045	7
5046	7
5047	8
5048	7
5049	6
5050	7
5051	7
5052	8
5053	8
5054	9
5055	8
5056	7
5057	9
5058	9
5059	8
5060	9
5061	8
5062	7
5063	8
5064	7
5065	6
5066	6
5067	7
5068	7
5069	8
5070	7
5071	6
5072	8
5073	9
5074	8
5075	7
5076	8
5077	7
5078	6
5079	6
5080	5
5081	4
5082	4
5083	5
5084	7
5085	8
5086	8
5087	9
5088	11
5089	12
5090	12
5091	13
5092	15
5093	16
5094	15
5095	14
5096	15
5097	14
5098	13
5099	14
5100	13
5101	12
5102	12
5103	13
5104	12
5105	11
5106	11
5107	12
5108	14
5109	15
5110	14
5111	13
5112	14
5113	13
5114	12
5115	13
5116	12
5117	11
5118	11
5119	12
5120	11
5121	10
5122	11
5123	11
5124	12
5125	12
5126	13
5127	12
5128	11
5129	13
5130	14
5131	13
5132	12
5133	12
5134	11
5135	12
5136	11
5137	10
5138	10
5139	11
5140	13
5141	14
5142	13
5143	12
5144	13
5145	12
5146	11
5147	12
5148	11
5149	10
5150	10
5151	11
5152	10
5153	9
5154	10
5155	10
5156	11
5157	11
5158	12
5159	11
5160	10
5161	12
5162	13
5163	12
5164	11
5165	12
5166	11
5167	10
5168	11
5169	10
5170	9
5171	9
5172	10
5173	10
5174	11
5175	10
5176	9
5177	11
5178	12
5179	11
5180	10
5181	11
5182	10
5183	9
5184	9
5185	8
5186	8
5187	9
5188	11
5189	12
5190	12
5191	13
5192	12
5193	11
5194	11
5195	12
5196	11
5197	10
5198	10
5199	10
5200	11
5201	10
5202	9
5203	10
5204	10
5205	11
5206	10
5207	9
5208	9
5209	10
5210	9
5211	8
5212	8
5213	9
5214	9
5215	10
5216	9
5217	8
5218	10
5219	11
5220	10
5221	9
5222	10
5223	9
5224	8
5225	9
5226	8
5227	7
5228	7
5229	8
5230	10
5231	11
5232	11
5233	12
5234	14
5235	15
5236	14
5237	13
5238	14
5239	13
5240	12
5241	13
5242	12
5243	11
5244	11
5245	12
5246	11
5247	10
5248	10
5249	9
5250	10
5251	10
5252	11
5253	11
5254	12
5255	11
5256	10
5257	12
5258	12
5259	11
5260	12
5261	11
5262	10
5263	11
5264	10
5265	9
5266	9
5267	10
5268	12
5269	13
5270	12
5271	11
5272	12
5273	11
5274	10
5275	11
5276	10
5277	9
5278	9
5279	10
5280	9
5281	8
5282	9
5283	9
5284	10
5285	10
5286	11
5287	10
5288	9
5289	11
5290	12
5291	11
5292	10
5293	11
5294	10
5295	9
5296	9
5297	8
5298	8
5299	9
5300	9
5301	10
5302	9
5303	8
5304	10
5305	11
5306	10
5307	9
5308	10
5309	9
5310	8
5311	9
5312	8
5313	7
5314	7
5315	8
5316	10
5317	11
5318	11
5319	12
5320	11
5321	10
5322	10
5323	11
5324	10
5325	9
5326	10
5327	10
5328	11
5329	10
5330	9
5331	9
5332	10
5333	9
5334	8
5335	8
5336	8
5337	9
5338	8
5339	7
5340	7
5341	8
5342	8
5343	9
5344	8
5345	7
5346	9
5347	10
5348	9
5349	8
5350	9
5351	8
5352	7
5353	8
5354	7
5355	6
5356	6
5357	6
5358	7
5359	9
5360	9
5361	9
5362	10
5363	12
5364	13
5365	12
5366	11
5367	12
5368	11
5369	10
5370	11
5371	10
5372	9
5373	9
5374	10
5375	9
5376	8
5377	9
5378	9
5379	10
5380	10
5381	11
5382	10
5383	9
5384	11
5385	11
5386	10
5387	11
5388	10
5389	9
5390	10
5391	9
5392	8
5393	8
5394	9
5395	11
5396	11
5397	10
5398	11
5399	10
5400	9
5401	10
5402	9
5403	8
5404	8
5405	9
5406	8
5407	7
5408	8
5409	8
5410	8
5411	8
5412	9
5413	8
5414	7
5415	7
5416	8
5417	10
5418	11
5419	10
5420	9
5421	10
5422	9
5423	8
5424	9
5425	8
5426	7
5427	7
5428	8
5429	7
5430	6
5431	6
5432	7
5433	7
5434	8
5435	8
5436	9
5437	8
5438	7
5439	9
5440	10
5441	9
5442	8
5443	9
5444	8
5445	7
5446	8
5447	7
5448	6
5449	8
5450	9
5451	9
5452	10
5453	9
5454	8
5455	8
5456	9
5457	8
5458	7
5459	8
5460	8
5461	9
5462	8
5463	7
5464	7
5465	8
5466	7
5467	6
5468	6
5469	6
5470	7
5471	6
5472	5
5473	5
5474	5
5475	6
5476	6
5477	7
5478	7
5479	8
5480	10
5481	11
5482	10
5483	9
5484	10
5485	9
5486	8
5487	9
5488	8
5489	7
5490	7
5491	8
5492	7
5493	6
5494	8
5495	9
5496	9
5497	10
5498	9
5499	8
5500	8
5501	9
5502	8
5503	7
5504	8
5505	8
5506	9
5507	8
5508	7
5509	7
5510	8
5511	7
5512	6
5513	7
5514	7
5515	8
5516	7
5517	6
5518	6
5519	7
5520	6
5521	5
5522	7
5523	7
5524	7
5525	7
5526	7
5527	8
5528	7
5529	6
5530	7
5531	7
5532	8
5533	8
5534	9
5535	8
5536	7
5537	9
5538	9
5539	8
5540	8
5541	7
5542	8
5543	7
5544	6
5545	6
5546	7
5547	9
5548	10
5549	9
5550	8
5551	9
5552	8
5553	7
5554	8
5555	7
5556	6
5557	6
5558	7
5559	6
5560	5
5561	6
5562	6
5563	7
5564	7
5565	8
5566	7
5567	6
5568	8
5569	9
5570	8
5571	7
5572	8
5573	7
5574	6
5575	6
5576	5
5577	5
5578	6
5579	6
5580	7
5581	6
5582	5
5583	7
5584	7
5585	6
5586	7
5587	6
5588	5
5589	6
5590	5
5591	4
5592	3
5593	2
5594	1
5595	2
5596	2
5597	3
5598	3
5599	4
5600	4
5601	5
5602	7
5603	8
5604	8
5605	9
5606	11
5607	12
5608	11
5609	10
5610	11
5611	10
5612	9
5613	10
5614	9
5615	8
5616	8
5617	9
5618	8
5619	7
5620	7
5621	8
5622	10
5623	11
5624	10
5625	9
5626	10
5627	9
5628	8
5629	9
5630	8
5631	7
5632	7
5633	8
5634	7
5635	6
5636	7
5637	7
5638	8
5639	8
5640	9
5641	8
5642	7
5643	9
5644	9
5645	8
5646	9
5647	8
5648	7
5649	8
5650	7
5651	6
5652	6
5653	7
5654	9
5655	10
5656	9
5657	8
5658	9
5659	8
5660	7
5661	8
5662	7
5663	6
5664	6
5665	7
5666	6
5667	5
5668	6
5669	6
5670	7
5671	7
5672	8
5673	7
5674	6
5675	8
5676	9
5677	8
5678	7
5679	8
5680	7
5681	6
5682	6
5683	5
5684	5
5685	6
5686	6
5687	7
5688	6
5689	5
5690	7
5691	8
5692	7
5693	6
5694	7
5695	6
5696	5
5697	6
5698	5
5699	4
5700	4
5701	5
5702	7
5703	8
5704	8
5705	9
5706	8
5707	7
5708	7
5709	8
5710	7
5711	6
5712	7
5713	7
5714	8
5715	7
5716	6
5717	6
5718	7
5719	6
5720	5
5721	5
5722	5
5723	6
5724	5
5725	4
5726	4
5727	5
5728	5
5729	6
5730	5
5731	4
5732	6
5733	7
5734	6
5735	5
5736	6
5737	5
5738	4
5739	5
5740	4
5741	3
5742	5
5743	6
5744	6
5745	7
5746	7
5747	8
5748	10
5749	11
5750	10
5751	9
5752	10
5753	9
5754	8
5755	9
5756	8
5757	7
5758	7
5759	8
5760	7
5761	6
5762	8
5763	9
5764	9
5765	9
5766	8
5767	8
5768	9
5769	8
5770	7
5771	8
5772	8
5773	9
5774	8
5775	7
5776	7
5777	8
5778	7
5779	6
5780	7
5781	7
5782	8
5783	7
5784	6
5785	6
5786	7
5787	6
5788	5
5789	5
5790	6
5791	8
5792	8
5793	8
5794	9
5795	8
5796	7
5797	8
5798	8
5799	8
5800	7
5801	7
5802	8
5803	7
5804	6
5805	7
5806	7
5807	8
5808	7
5809	6
5810	6
5811	7
5812	6
5813	5
5814	5
5815	6
5816	6
5817	7
5818	6
5819	5
5820	7
5821	8
5822	7
5823	6
5824	7
5825	6
5826	5
5827	6
5828	5
5829	4
5830	4
5831	4
5832	5
5833	7
5834	8
5835	8
5836	9
5837	8
5838	7
5839	7
5840	8
5841	7
5842	6
5843	7
5844	7
5845	7
5846	6
5847	6
5848	7
5849	6
5850	5
5851	6
5852	6
5853	7
5854	6
5855	5
5856	5
5857	6
5858	5
5859	4
5860	4
5861	5
5862	5
5863	6
5864	5
5865	4
5866	6
5867	7
5868	6
5869	5
5870	6
5871	5
5872	4
5873	5
5874	4
5875	3
5876	4
5877	4
5878	4
5879	4
5880	5
5881	5
5882	6
5883	5
5884	4
5885	6
5886	7
5887	6
5888	5
5889	6
5890	5
5891	4
5892	5
5893	4
5894	3
5895	3
5896	3
5897	3
5898	4
5899	4
5900	5
5901	4
5902	3
5903	5
5904	6
5905	5
5906	4
5907	5
5908	4
5909	3
5910	4
5911	3
5912	2
5913	1
5914	1
5915	2
5916	2
5917	3
5918	3
5919	4
5920	6
5921	7
5922	7
5923	8
5924	10
5925	11
5926	10
5927	9
5928	10
5929	9
5930	8
5931	9
5932	8
5933	7
5934	7
5935	8
5936	7
5937	6
5938	6
5939	7
5940	9
5941	10
5942	9
5943	8
5944	8
5945	7
5946	8
5947	7
5948	6
5949	6
5950	6
5951	5
5952	6
5953	6
5954	7
5955	7
5956	8
5957	7
5958	6
5959	8
5960	9
5961	8
5962	7
5963	7
5964	6
5965	7
5966	6
5967	5
5968	5
5969	6
5970	8
5971	9
5972	8
5973	7
5974	8
5975	7
5976	6
5977	7
5978	6
5979	5
5980	5
5981	6
5982	5
5983	4
5984	5
5985	5
5986	6
5987	6
5988	7
5989	6
5990	5
5991	7
5992	8
5993	7
5994	6
5995	7
5996	6
5997	5
5998	6
5999	5
6000	4
6001	4
6002	5
6003	5
6004	6
6005	5
6006	4
6007	6
6008	7
6009	6
6010	5
6011	6
6012	5
6013	4
6014	4
6015	3
6016	3
6017	4
6018	6
6019	7
6020	7
6021	8
6022	7
6023	6
6024	6
6025	7
6026	6
6027	5
6028	5
6029	5
6030	6
6031	5
6032	4
6033	5
6034	5
6035	6
6036	5
6037	4
6038	4
6039	5
6040	4
6041	3
6042	3
6043	4
6044	4
6045	5
6046	4
6047	3
6048	5
6049	6
6050	5
6051	4
6052	5
6053	4
6054	3
6055	4
6056	3
6057	2
6058	4
6059	4
6060	4
6061	5
6062	7
6063	8
6064	8
6065	9
6066	8
6067	7
6068	7
6069	8
6070	7
6071	6
6072	7
6073	7
6074	8
6075	7
6076	6
6077	6
6078	7
6079	6
6080	5
6081	6
6082	6
6083	7
6084	6
6085	5
6086	5
6087	6
6088	5
6089	4
6090	4
6091	5
6092	5
6093	6
6094	5
6095	4
6096	6
6097	7
6098	6
6099	5
6100	6
6101	5
6102	4
6103	5
6104	4
6105	3
6106	4
6107	4
6108	5
6109	5
6110	6
6111	8
6112	9
6113	8
6114	7
6115	8
6116	7
6117	6
6118	7
6119	6
6120	5
6121	5
6122	6
6123	5
6124	4
6125	6
6126	7
6127	7
6128	8
6129	7
6130	6
6131	6
6132	6
6133	5
6134	6
6135	6
6136	6
6137	5
6138	5
6139	6
6140	5
6141	4
6142	5
6143	5
6144	6
6145	5
6146	4
6147	4
6148	5
6149	4
6150	3
6151	3
6152	4
6153	6
6154	6
6155	6
6156	6
6157	5
6158	6
6159	6
6160	7
6161	6
6162	5
6163	5
6164	6
6165	5
6166	4
6167	5
6168	5
6169	5
6170	4
6171	4
6172	5
6173	4
6174	3
6175	3
6176	4
6177	4
6178	5
6179	4
6180	3
6181	5
6182	5
6183	4
6184	5
6185	4
6186	3
6187	4
6188	3
6189	2
6190	3
6191	3
6192	3
6193	3
6194	4
6195	4
6196	5
6197	4
6198	3
6199	5
6200	6
6201	5
6202	4
6203	5
6204	4
6205	3
6206	4
6207	3
6208	2
6209	2
6210	2
6211	2
6212	3
6213	3
6214	4
6215	3
6216	2
6217	4
6218	5
6219	4
6220	3
6221	4
6222	3
6223	2
6224	3
6225	2
6226	1
6227	1
6228	4
6229	5
6230	5
6231	6
6232	8
6233	9
6234	9
6235	10
6236	12
6237	13
6238	13
6239	13
6240	13
6241	14
6242	16
6243	15
6244	14
6245	13
6246	13
6247	12
6248	12
6249	13
6250	15
6251	16
6252	16
6253	15
6254	15
6255	14
6256	15
6257	15
6258	14
6259	14
6260	13
6261	14
6262	14
6263	13
6264	13
6265	12
6266	12
6267	13
6268	15
6269	14
6270	13
6271	12
6272	12
6273	11
6274	12
6275	12
6276	13
6277	13
6278	14
6279	16
6280	15
6281	14
6282	13
6283	13
6284	12
6285	13
6286	14
6287	14
6288	13
6289	13
6290	12
6291	13
6292	13
6293	12
6294	12
6295	11
6296	11
6297	12
6298	14
6299	15
6300	15
6301	14
6302	14
6303	13
6304	14
6305	14
6306	13
6307	13
6308	12
6309	13
6310	13
6311	12
6312	12
6313	11
6314	11
6315	12
6316	12
6317	11
6318	13
6319	12
6320	11
6321	10
6322	11
6323	11
6324	12
6325	12
6326	13
6327	13
6328	12
6329	14
6330	13
6331	12
6332	11
6333	13
6334	14
6335	14
6336	13
6337	13
6338	12
6339	13
6340	13
6341	12
6342	12
6343	11
6344	12
6345	12
6346	11
6347	11
6348	10
6349	10
6350	11
6351	11
6352	12
6353	12
6354	11
6355	13
6356	12
6357	11
6358	10
6359	11
6360	12
6361	12
6362	11
6363	11
6364	10
6365	11
6366	11
6367	10
6368	10
6369	9
6370	9
6371	10
6372	11
6373	12
6374	12
6375	13
6376	15
6377	14
6378	13
6379	12
6380	12
6381	11
6382	11
6383	12
6384	13
6385	12
6386	11
6387	11
6388	10
6389	11
6390	11
6391	12
6392	12
6393	11
6394	12
6395	11
6396	10
6397	10
6398	11
6399	13
6400	12
6401	11
6402	10
6403	10
6404	9
6405	9
6406	10
6407	10
6408	11
6409	11
6410	10
6411	12
6412	11
6413	10
6414	9
6415	11
6416	12
6417	12
6418	11
6419	11
6420	10
6421	11
6422	11
6423	10
6424	10
6425	9
6426	10
6427	10
6428	9
6429	8
6430	8
6431	9
6432	11
6433	12
6434	12
6435	13
6436	15
6437	16
6438	16
6439	15
6440	15
6441	14
6442	15
6443	15
6444	14
6445	14
6446	13
6447	14
6448	14
6449	13
6450	13
6451	12
6452	12
6453	13
6454	15
6455	14
6456	13
6457	12
6458	12
6459	11
6460	11
6461	12
6462	14
6463	15
6464	15
6465	14
6466	14
6467	13
6468	14
6469	14
6470	13
6471	13
6472	12
6473	13
6474	13
6475	12
6476	12
6477	11
6478	11
6479	12
6480	14
6481	13
6482	12
6483	11
6484	11
6485	10
6486	11
6487	11
6488	12
6489	12
6490	13
6491	15
6492	14
6493	13
6494	12
6495	12
6496	11
6497	12
6498	13
6499	13
6500	12
6501	12
6502	11
6503	12
6504	12
6505	11
6506	11
6507	10
6508	10
6509	11
6510	13
6511	14
6512	14
6513	13
6514	13
6515	12
6516	13
6517	13
6518	12
6519	12
6520	11
6521	12
6522	12
6523	11
6524	11
6525	10
6526	10
6527	11
6528	11
6529	10
6530	12
6531	11
6532	10
6533	9
6534	10
6535	10
6536	11
6537	11
6538	12
6539	12
6540	11
6541	13
6542	12
6543	11
6544	10
6545	11
6546	12
6547	12
6548	11
6549	11
6550	10
6551	11
6552	11
6553	10
6554	10
6555	9
6556	9
6557	10
6558	10
6559	11
6560	11
6561	10
6562	12
6563	11
6564	10
6565	9
6566	11
6567	12
6568	12
6569	11
6570	11
6571	10
6572	11
6573	11
6574	10
6575	10
6576	9
6577	10
6578	10
6579	9
6580	9
6581	8
6582	8
6583	9
6584	10
6585	11
6586	11
6587	12
6588	13
6589	12
6590	11
6591	11
6592	10
6593	10
6594	11
6595	13
6596	12
6597	11
6598	10
6599	10
6600	9
6601	10
6602	10
6603	11
6604	11
6605	10
6606	11
6607	10
6608	9
6609	9
6610	10
6611	12
6612	11
6613	10
6614	9
6615	9
6616	8
6617	8
6618	9
6619	9
6620	10
6621	10
6622	9
6623	11
6624	10
6625	9
6626	8
6627	10
6628	11
6629	11
6630	10
6631	10
6632	9
6633	10
6634	10
6635	9
6636	9
6637	8
6638	9
6639	8
6640	8
6641	7
6642	6
6643	7
6644	7
6645	8
6646	8
6647	9
6648	9
6649	10
6650	12
6651	13
6652	13
6653	12
6654	12
6655	11
6656	12
6657	12
6658	11
6659	11
6660	10
6661	11
6662	11
6663	10
6664	10
6665	9
6666	9
6667	10
6668	12
6669	11
6670	10
6671	9
6672	9
6673	8
6674	10
6675	11
6676	11
6677	12
6678	12
6679	11
6680	13
6681	12
6682	11
6683	10
6684	10
6685	11
6686	13
6687	12
6688	11
6689	10
6690	10
6691	9
6692	10
6693	10
6694	11
6695	11
6696	10
6697	11
6698	10
6699	9
6700	9
6701	10
6702	12
6703	11
6704	10
6705	9
6706	9
6707	8
6708	9
6709	9
6710	10
6711	10
6712	9
6713	11
6714	10
6715	9
6716	8
6717	8
6718	9
6719	9
6720	8
6721	10
6722	9
6723	8
6724	7
6725	8
6726	9
6727	9
6728	10
6729	10
6730	11
6731	13
6732	12
6733	11
6734	10
6735	10
6736	9
6737	9
6738	10
6739	10
6740	9
6741	9
6742	8
6743	8
6744	9
6745	11
6746	12
6747	12
6748	11
6749	11
6750	10
6751	11
6752	10
6753	10
6754	9
6755	10
6756	10
6757	9
6758	9
6759	8
6760	8
6761	9
6762	9
6763	8
6764	10
6765	9
6766	8
6767	7
6768	8
6769	8
6770	9
6771	9
6772	10
6773	10
6774	9
6775	11
6776	10
6777	9
6778	8
6779	9
6780	10
6781	10
6782	9
6783	9
6784	8
6785	9
6786	8
6787	8
6788	7
6789	7
6790	8
6791	8
6792	9
6793	9
6794	8
6795	10
6796	9
6797	8
6798	7
6799	8
6800	9
6801	9
6802	8
6803	8
6804	7
6805	8
6806	7
6807	7
6808	6
6809	6
6810	7
6811	7
6812	8
6813	8
6814	9
6815	11
6816	12
6817	12
6818	11
6819	11
6820	10
6821	11
6822	11
6823	10
6824	10
6825	9
6826	10
6827	10
6828	9
6829	9
6830	8
6831	8
6832	9
6833	11
6834	10
6835	9
6836	8
6837	8
6838	7
6839	9
6840	10
6841	10
6842	11
6843	11
6844	10
6845	11
6846	10
6847	9
6848	9
6849	10
6850	12
6851	11
6852	10
6853	9
6854	9
6855	8
6856	9
6857	9
6858	10
6859	10
6860	9
6861	11
6862	10
6863	9
6864	8
6865	8
6866	9
6867	11
6868	10
6869	9
6870	8
6871	8
6872	7
6873	8
6874	8
6875	9
6876	9
6877	8
6878	10
6879	9
6880	8
6881	7
6882	7
6883	8
6884	8
6885	7
6886	9
6887	8
6888	7
6889	6
6890	7
6891	8
6892	8
6893	9
6894	9
6895	10
6896	12
6897	11
6898	10
6899	9
6900	9
6901	8
6902	9
6903	10
6904	10
6905	9
6906	9
6907	8
6908	9
6909	9
6910	8
6911	8
6912	7
6913	7
6914	8
6915	10
6916	11
6917	11
6918	10
6919	10
6920	9
6921	10
6922	10
6923	9
6924	9
6925	8
6926	9
6927	8
6928	8
6929	7
6930	7
6931	8
6932	8
6933	7
6934	9
6935	8
6936	7
6937	6
6938	7
6939	7
6940	8
6941	8
6942	9
6943	9
6944	8
6945	10
6946	9
6947	8
6948	7
6949	8
6950	9
6951	9
6952	8
6953	8
6954	7
6955	8
6956	7
6957	7
6958	6
6959	6
6960	7
6961	7
6962	8
6963	8
6964	7
6965	9
6966	8
6967	7
6968	6
6969	7
6970	8
6971	8
6972	7
6973	7
6974	6
6975	7
6976	7
6977	6
6978	5
6979	4
6980	4
6981	5
6982	7
6983	8
6984	8
6985	9
6986	11
6987	12
6988	12
6989	13
6990	15
6991	16
6992	16
6993	15
6994	15
6995	14
6996	15
6997	15
6998	14
6999	14
7000	13
7001	14
7002	14
7003	13
7004	13
7005	12
7006	12
7007	13
7008	15
7009	14
7010	13
7011	12
7012	12
7013	11
7014	11
7015	12
7016	14
7017	15
7018	15
7019	14
7020	14
7021	13
7022	14
7023	14
7024	13
7025	13
7026	12
7027	13
7028	13
7029	12
7030	12
7031	11
7032	11
7033	12
7034	14
7035	13
7036	12
7037	11
7038	11
7039	10
7040	11
7041	11
7042	12
7043	12
7044	13
7045	15
7046	14
7047	13
7048	12
7049	12
7050	11
7051	12
7052	13
7053	13
7054	12
7055	12
7056	11
7057	12
7058	12
7059	11
7060	11
7061	10
7062	10
7063	11
7064	13
7065	14
7066	14
7067	13
7068	13
7069	12
7070	13
7071	13
7072	12
7073	12
7074	11
7075	12
7076	12
7077	11
7078	11
7079	10
7080	10
7081	11
7082	11
7083	10
7084	12
7085	11
7086	10
7087	9
7088	10
7089	10
7090	11
7091	11
7092	12
7093	12
7094	11
7095	13
7096	12
7097	11
7098	10
7099	12
7100	13
7101	13
7102	12
7103	12
7104	11
7105	12
7106	12
7107	11
7108	11
7109	10
7110	11
7111	11
7112	10
7113	10
7114	9
7115	9
7116	10
7117	10
7118	11
7119	11
7120	10
7121	12
7122	11
7123	10
7124	9
7125	10
7126	11
7127	11
7128	10
7129	10
7130	9
7131	10
7132	10
7133	9
7134	9
7135	8
7136	8
7137	9
7138	10
7139	11
7140	11
7141	12
7142	14
7143	13
7144	12
7145	11
7146	11
7147	10
7148	10
7149	11
7150	12
7151	11
7152	10
7153	10
7154	9
7155	10
7156	10
7157	11
7158	11
7159	10
7160	11
7161	10
7162	9
7163	9
7164	10
7165	12
7166	11
7167	10
7168	9
7169	9
7170	8
7171	8
7172	9
7173	9
7174	10
7175	10
7176	9
7177	11
7178	10
7179	9
7180	8
7181	10
7182	11
7183	11
7184	10
7185	10
7186	9
7187	10
7188	10
7189	9
7190	9
7191	8
7192	9
7193	9
7194	8
7195	7
7196	7
7197	8
7198	10
7199	11
7200	11
7201	12
7202	14
7203	15
7204	15
7205	14
7206	14
7207	13
7208	14
7209	14
7210	13
7211	13
7212	12
7213	13
7214	13
7215	12
7216	12
7217	11
7218	11
7219	12
7220	14
7221	13
7222	12
7223	11
7224	11
7225	10
7226	10
7227	10
7228	10
7229	11
7230	10
7231	10
7232	9
7233	10
7234	10
7235	11
7236	11
7237	12
7238	14
7239	13
7240	12
7241	11
7242	11
7243	10
7244	11
7245	12
7246	12
7247	11
7248	11
7249	10
7250	11
7251	11
7252	10
7253	10
7254	9
7255	9
7256	10
7257	12
7258	13
7259	13
7260	12
7261	11
7262	12
7263	12
7264	11
7265	11
7266	10
7267	11
7268	11
7269	10
7270	10
7271	9
7272	9
7273	10
7274	10
7275	9
7276	11
7277	10
7278	9
7279	8
7280	9
7281	9
7282	10
7283	10
7284	11
7285	11
7286	10
7287	12
7288	11
7289	10
7290	9
7291	10
7292	11
7293	11
7294	10
7295	10
7296	9
7297	10
7298	10
7299	9
7300	9
7301	8
7302	8
7303	9
7304	9
7305	10
7306	10
7307	9
7308	11
7309	10
7310	9
7311	8
7312	10
7313	11
7314	11
7315	10
7316	10
7317	9
7318	10
7319	10
7320	9
7321	9
7322	8
7323	9
7324	9
7325	8
7326	8
7327	7
7328	7
7329	8
7330	9
7331	10
7332	10
7333	11
7334	12
7335	11
7336	10
7337	10
7338	9
7339	9
7340	10
7341	12
7342	11
7343	10
7344	9
7345	9
7346	8
7347	9
7348	9
7349	10
7350	10
7351	9
7352	10
7353	9
7354	8
7355	8
7356	9
7357	11
7358	10
7359	9
7360	8
7361	8
7362	7
7363	7
7364	8
7365	8
7366	9
7367	9
7368	8
7369	10
7370	9
7371	8
7372	7
7373	9
7374	10
7375	10
7376	9
7377	9
7378	8
7379	9
7380	9
7381	8
7382	8
7383	7
7384	8
7385	7
7386	7
7387	6
7388	5
7389	6
7390	6
7391	7
7392	7
7393	8
7394	8
7395	9
7396	11
7397	12
7398	12
7399	11
7400	11
7401	10
7402	11
7403	11
7404	10
7405	10
7406	9
7407	10
7408	10
7409	9
7410	9
7411	8
7412	8
7413	9
7414	11
7415	10
7416	9
7417	8
7418	8
7419	7
7420	9
7421	10
7422	10
7423	11
7424	11
7425	10
7426	12
7427	11
7428	10
7429	9
7430	9
7431	10
7432	12
7433	11
7434	10
7435	9
7436	9
7437	8
7438	9
7439	9
7440	10
7441	10
7442	9
7443	10
7444	9
7445	8
7446	8
7447	9
7448	11
7449	10
7450	9
7451	8
7452	8
7453	7
7454	8
7455	8
7456	9
7457	9
7458	8
7459	10
7460	9
7461	8
7462	7
7463	7
7464	8
7465	8
7466	7
7467	9
7468	8
7469	7
7470	6
7471	7
7472	8
7473	8
7474	9
7475	9
7476	10
7477	12
7478	11
7479	10
7480	9
7481	9
7482	8
7483	9
7484	10
7485	10
7486	9
7487	8
7488	9
7489	8
7490	8
7491	7
7492	7
7493	8
7494	9
7495	10
7496	10
7497	9
7498	9
7499	8
7500	9
7501	9
7502	8
7503	8
7504	7
7505	7
7506	8
7507	8
7508	7
7509	9
7510	8
7511	7
7512	6
7513	7
7514	7
7515	8
7516	8
7517	9
7518	9
7519	8
7520	10
7521	9
7522	8
7523	7
7524	8
7525	9
7526	8
7527	8
7528	7
7529	8
7530	7
7531	7
7532	6
7533	6
7534	7
7535	7
7536	8
7537	8
7538	7
7539	9
7540	8
7541	7
7542	6
7543	7
7544	8
7545	8
7546	7
7547	7
7548	6
7549	7
7550	6
7551	6
7552	5
7553	5
7554	6
7555	6
7556	7
7557	7
7558	8
7559	10
7560	11
7561	11
7562	10
7563	10
7564	9
7565	10
7566	10
7567	9
7568	9
7569	8
7570	9
7571	9
7572	8
7573	8
7574	7
7575	6
7576	8
7577	9
7578	9
7579	10
7580	10
7581	9
7582	10
7583	9
7584	8
7585	8
7586	9
7587	11
7588	10
7589	9
7590	8
7591	8
7592	7
7593	8
7594	8
7595	9
7596	9
7597	8
7598	10
7599	9
7600	8
7601	7
7602	7
7603	8
7604	10
7605	9
7606	8
7607	7
7608	7
7609	6
7610	7
7611	7
7612	8
7613	8
7614	7
7615	9
7616	8
7617	7
7618	6
7619	6
7620	7
7621	7
7622	6
7623	8
7624	7
7625	6
7626	5
7627	6
7628	7
7629	7
7630	8
7631	8
7632	9
7633	11
7634	10
7635	9
7636	8
7637	8
7638	7
7639	7
7640	8
7641	8
7642	7
7643	7
7644	6
7645	6
7646	7
7647	9
7648	10
7649	10
7650	9
7651	9
7652	8
7653	9
7654	9
7655	8
7656	8
7657	7
7658	8
7659	7
7660	7
7661	6
7662	6
7663	7
7664	7
7665	6
7666	8
7667	7
7668	6
7669	5
7670	6
7671	6
7672	7
7673	7
7674	8
7675	8
7676	7
7677	9
7678	8
7679	7
7680	6
7681	7
7682	8
7683	8
7684	7
7685	7
7686	6
7687	7
7688	6
7689	6
7690	5
7691	5
7692	6
7693	6
7694	7
7695	7
7696	6
7697	8
7698	7
7699	6
7700	5
7701	6
7702	7
7703	7
7704	6
7705	6
7706	5
7707	6
7708	6
7709	5
7710	4
7711	3
7712	2
7713	1
7714	1
7715	4
7716	5
7717	5
7718	6
7719	8
7720	9
7721	9
7722	10
7723	12
7724	13
7725	13
7726	13
7727	13
7728	14
7729	16
7730	17
7731	16
7732	15
7733	16
7734	15
7735	14
7736	15
7737	14
7738	13
7739	13
7740	14
7741	13
7742	12
7743	12
7744	13
7745	15
7746	16
7747	16
7748	17
7749	16
7750	15
7751	15
7752	16
7753	15
7754	14
7755	15
7756	15
7757	16
7758	15
7759	14
7760	14
7761	15
7762	14
7763	13
7764	14
7765	14
7766	15
7767	14
7768	13
7769	13
7770	14
7771	13
7772	12
7773	12
7774	13
7775	15
7776	16
7777	15
7778	14
7779	15
7780	14
7781	13
7782	14
7783	13
7784	12
7785	12
7786	13
7787	12
7788	11
7789	12
7790	12
7791	12
7792	12
7793	13
7794	15
7795	16
7796	15
7797	14
7798	15
7799	14
7800	13
7801	14
7802	13
7803	12
7804	12
7805	13
7806	12
7807	11
7808	11
7809	12
7810	14
7811	15
7812	15
7813	16
7814	15
7815	14
7816	14
7817	15
7818	14
7819	13
7820	14
7821	14
7822	15
7823	14
7824	13
7825	13
7826	14
7827	13
7828	12
7829	13
7830	13
7831	14
7832	13
7833	12
7834	12
7835	13
7836	12
7837	11
7838	11
7839	12
7840	12
7841	13
7842	12
7843	11
7844	13
7845	14
7846	13
7847	12
7848	13
7849	12
7850	11
7851	12
7852	11
7853	10
7854	11
7855	11
7856	12
7857	12
7858	13
7859	13
7860	14
7861	13
7862	12
7863	14
7864	15
7865	14
7866	13
7867	14
7868	13
7869	12
7870	13
7871	12
7872	11
7873	13
7874	14
7875	14
7876	15
7877	14
7878	13
7879	13
7880	13
7881	12
7882	13
7883	13
7884	14
7885	13
7886	12
7887	12
7888	13
7889	12
7890	11
7891	12
7892	12
7893	13
7894	12
7895	11
7896	11
7897	12
7898	11
7899	10
7900	10
7901	10
7902	10
7903	11
7904	11
7905	12
7906	11
7907	10
7908	12
7909	13
7910	12
7911	11
7912	12
7913	11
7914	10
7915	11
7916	10
7917	9
7918	9
7919	9
7920	9
7921	10
7922	10
7923	11
7924	11
7925	12
7926	11
7927	10
7928	12
7929	13
7930	12
7931	11
7932	12
7933	11
7934	10
7935	11
7936	10
7937	9
7938	11
7939	12
7940	12
7941	13
7942	12
7943	11
7944	11
7945	12
7946	11
7947	10
7948	11
7949	11
7950	12
7951	11
7952	10
7953	10
7954	11
7955	10
7956	9
7957	10
7958	10
7959	11
7960	10
7961	9
7962	9
7963	10
7964	9
7965	8
7966	8
7967	9
7968	11
7969	12
7970	12
7971	13
7972	15
7973	16
7974	16
7975	17
7976	16
7977	15
7978	15
7979	16
7980	15
7981	14
7982	15
7983	15
7984	16
7985	15
7986	14
7987	14
7988	15
7989	14
7990	13
7991	14
7992	14
7993	15
7994	14
7995	13
7996	13
7997	14
7998	13
7999	12
8000	12
8001	13
8002	15
8003	16
8004	15
8005	14
8006	15
8007	14
8008	13
8009	14
8010	13
8011	12
8012	12
8013	13
8014	12
8015	11
8016	11
8017	12
8018	14
8019	15
8020	15
8021	16
8022	15
8023	14
8024	14
8025	14
8026	13
8027	14
8028	14
8029	15
8030	14
8031	13
8032	13
8033	14
8034	13
8035	12
8036	13
8037	13
8038	14
8039	13
8040	12
8041	12
8042	13
8043	12
8044	11
8045	11
8046	12
8047	14
8048	15
8049	14
8050	13
8051	14
8052	13
8053	12
8054	13
8055	12
8056	11
8057	11
8058	12
8059	11
8060	10
8061	11
8062	11
8063	11
8064	11
8065	12
8066	14
8067	15
8068	14
8069	13
8070	14
8071	13
8072	12
8073	13
8074	12
8075	11
8076	11
8077	12
8078	11
8079	10
8080	10
8081	11
8082	13
8083	14
8084	14
8085	15
8086	14
8087	13
8088	13
8089	13
8090	12
8091	13
8092	13
8093	14
8094	13
8095	12
8096	12
8097	13
8098	12
8099	11
8100	12
8101	12
8102	13
8103	12
8104	11
8105	11
8106	12
8107	11
8108	10
8109	10
8110	11
8111	11
8112	12
8113	11
8114	10
8115	12
8116	13
8117	12
8118	11
8119	12
8120	11
8121	10
8122	11
8123	10
8124	9
8125	10
8126	10
8127	10
8128	10
8129	11
8130	11
8131	12
8132	11
8133	10
8134	12
8135	13
8136	12
8137	11
8138	12
8139	11
8140	10
8141	11
8142	10
8143	9
8144	9
8145	10
8146	10
8147	11
8148	11
8149	12
8150	11
8151	10
8152	12
8153	13
8154	12
8155	11
8156	12
8157	11
8158	10
8159	11
8160	10
8161	9
8162	11
8163	12
8164	12
8165	12
8166	11
8167	11
8168	12
8169	11
8170	10
8171	11
8172	11
8173	12
8174	11
8175	10
8176	10
8177	11
8178	10
8179	9
8180	10
8181	10
8182	11
8183	10
8184	9
8185	9
8186	10
8187	9
8188	8
8189	8
8190	8
8191	8
8192	9
8193	9
8194	10
8195	10
8196	11
8197	10
8198	9
8199	11
8200	12
8201	11
8202	10
8203	11
8204	10
8205	9
8206	10
8207	9
8208	8
8209	10
8210	11
8211	11
8212	12
8213	11
8214	10
8215	10
8216	11
8217	10
8218	9
8219	10
8220	10
8221	11
8222	10
8223	9
8224	9
8225	10
8226	9
8227	8
8228	9
8229	9
8230	10
8231	9
8232	8
8233	8
8234	9
8235	8
8236	7
8237	6
8238	7
8239	7
8240	8
8241	8
8242	9
8243	9
8244	10
8245	12
8246	13
8247	13
8248	14
8249	13
8250	12
8251	12
8252	13
8253	12
8254	11
8255	12
8256	12
8257	13
8258	12
8259	11
8260	11
8261	12
8262	11
8263	10
8264	11
8265	11
8266	12
8267	11
8268	10
8269	10
8270	11
8271	10
8272	9
8273	9
8274	10
8275	12
8276	13
8277	12
8278	11
8279	12
8280	11
8281	10
8282	11
8283	10
8284	9
8285	9
8286	10
8287	9
8288	8
8289	10
8290	11
8291	11
8292	12
8293	12
8294	13
8295	12
8296	11
8297	13
8298	14
8299	13
8300	12
8301	13
8302	12
8303	11
8304	12
8305	11
8306	10
8307	10
8308	11
8309	13
8310	14
8311	13
8312	12
8313	13
8314	12
8315	11
8316	12
8317	11
8318	10
8319	10
8320	11
8321	10
8322	9
8323	10
8324	10
8325	10
8326	10
8327	11
8328	10
8329	9
8330	9
8331	10
8332	12
8333	13
8334	12
8335	11
8336	12
8337	11
8338	10
8339	11
8340	10
8341	9
8342	9
8343	10
8344	9
8345	8
8346	9
8347	9
8348	10
8349	10
8350	11
8351	10
8352	9
8353	11
8354	12
8355	11
8356	10
8357	11
8358	10
8359	9
8360	9
8361	8
8362	8
8363	9
8364	9
8365	10
8366	9
8367	8
8368	10
8369	11
8370	10
8371	9
8372	10
8373	9
8374	8
8375	8
8376	7
8377	9
8378	9
8379	9
8380	9
8381	9
8382	10
8383	12
8384	13
8385	12
8386	11
8387	12
8388	11
8389	10
8390	11
8391	10
8392	9
8393	9
8394	10
8395	9
8396	8
8397	9
8398	9
8399	9
8400	9
8401	10
8402	12
8403	13
8404	12
8405	11
8406	12
8407	11
8408	10
8409	11
8410	10
8411	9
8412	9
8413	10
8414	9
8415	8
8416	8
8417	9
8418	11
8419	12
8420	12
8421	13
8422	12
8423	11
8424	11
8425	12
8426	11
8427	10
8428	10
8429	10
8430	11
8431	10
8432	9
8433	10
8434	10
8435	11
8436	10
8437	9
8438	9
8439	10
8440	9
8441	8
8442	8
8443	9
8444	9
8445	10
8446	9
8447	8
8448	10
8449	11
8450	10
8451	9
8452	10
8453	9
8454	8
8455	9
8456	8
8457	7
8458	8
8459	8
8460	8
8461	8
8462	9
8463	9
8464	10
8465	9
8466	8
8467	10
8468	11
8469	10
8470	9
8471	10
8472	9
8473	8
8474	9
8475	8
8476	7
8477	7
8478	7
8479	7
8480	8
8481	8
8482	9
8483	8
8484	7
8485	9
8486	10
8487	9
8488	8
8489	9
8490	8
8491	7
8492	8
8493	7
8494	6
8495	6
8496	7
8497	7
8498	8
8499	8
8500	9
8501	11
8502	12
8503	12
8504	13
8505	12
8506	11
8507	11
8508	12
8509	11
8510	10
8511	11
8512	11
8513	12
8514	11
8515	10
8516	10
8517	11
8518	10
8519	9
8520	10
8521	10
8522	11
8523	10
8524	9
8525	9
8526	10
8527	9
8528	8
8529	8
8530	9
8531	11
8532	12
8533	11
8534	10
8535	11
8536	10
8537	9
8538	10
8539	9
8540	8
8541	8
8542	9
8543	8
8544	7
8545	9
8546	10
8547	10
8548	10
8549	10
8550	11
8551	10
8552	9
8553	9
8554	10
8555	12
8556	13
8557	12
8558	11
8559	12
8560	11
8561	10
8562	11
8563	10
8564	9
8565	9
8566	10
8567	9
8568	8
8569	9
8570	9
8571	10
8572	10
8573	11
8574	10
8575	9
8576	11
8577	12
8578	11
8579	10
8580	11
8581	10
8582	9
8583	10
8584	9
8585	8
8586	8
8587	9
8588	11
8589	12
8590	11
8591	10
8592	11
8593	10
8594	9
8595	10
8596	9
8597	8
8598	8
8599	9
8600	8
8601	7
8602	8
8603	8
8604	9
8605	9
8606	10
8607	9
8608	8
8609	10
8610	11
8611	10
8612	9
8613	10
8614	9
8615	8
8616	8
8617	7
8618	7
8619	8
8620	8
8621	9
8622	8
8623	7
8624	9
8625	10
8626	9
8627	8
8628	9
8629	8
8630	7
8631	7
8632	6
8633	8
8634	8
8635	8
8636	8
8637	8
8638	9
8639	11
8640	12
8641	11
8642	10
8643	11
8644	10
8645	9
8646	10
8647	9
8648	8
8649	8
8650	9
8651	8
8652	7
8653	8
8654	8
8655	9
8656	9
8657	10
8658	12
8659	13
8660	12
8661	11
8662	12
8663	11
8664	10
8665	11
8666	10
8667	9
8668	9
8669	10
8670	9
8671	8
8672	10
8673	11
8674	11
8675	11
8676	10
8677	10
8678	11
8679	10
8680	9
8681	10
8682	10
8683	11
8684	10
8685	9
8686	9
8687	9
8688	8
8689	9
8690	9
8691	10
8692	9
8693	8
8694	8
8695	8
8696	7
8697	7
8698	8
8699	10
8700	11
8701	11
8702	12
8703	11
8704	10
8705	10
8706	11
8707	10
8708	9
8709	10
8710	10
8711	11
8712	10
8713	9
8714	9
8715	10
8716	9
8717	8
8718	8
8719	8
8720	9
8721	8
8722	7
8723	7
8724	8
8725	8
8726	9
8727	8
8728	7
8729	9
8730	10
8731	9
8732	8
8733	9
8734	8
8735	7
8736	8
8737	7
8738	6
8739	7
8740	7
8741	7
8742	7
8743	8
8744	8
8745	9
8746	8
8747	7
8748	9
8749	10
8750	9
8751	8
8752	9
8753	8
8754	7
8755	8
8756	7
8757	6
8758	6
8759	6
8760	6
8761	7
8762	7
8763	8
8764	7
8765	6
8766	8
8767	9
8768	8
8769	7
8770	8
8771	7
8772	6
8773	7
8774	6
8775	5
8776	5
8777	5
8778	5
8779	6
8780	6
8781	7
8782	7
8783	8
8784	10
8785	11
8786	11
8787	12
8788	11
8789	10
8790	10
8791	11
8792	10
8793	9
8794	10
8795	10
8796	11
8797	10
8798	9
8799	9
8800	10
8801	9
8802	8
8803	9
8804	9
8805	10
8806	9
8807	8
8808	8
8809	9
8810	8
8811	7
8812	7
8813	8
8814	10
8815	11
8816	10
8817	9
8818	9
8819	8
8820	9
8821	8
8822	7
8823	7
8824	8
8825	7
8826	6
8827	8
8828	9
8829	9
8830	9
8831	9
8832	10
8833	9
8834	8
8835	8
8836	9
8837	11
8838	12
8839	11
8840	10
8841	11
8842	10
8843	9
8844	10
8845	9
8846	8
8847	8
8848	9
8849	8
8850	7
8851	8
8852	8
8853	9
8854	9
8855	10
8856	9
8857	8
8858	10
8859	11
8860	10
8861	9
8862	10
8863	9
8864	8
8865	9
8866	8
8867	7
8868	7
8869	8
8870	10
8871	11
8872	10
8873	9
8874	10
8875	9
8876	8
8877	9
8878	8
8879	7
8880	7
8881	8
8882	7
8883	6
8884	7
8885	7
8886	8
8887	8
8888	9
8889	8
8890	7
8891	9
8892	10
8893	9
8894	8
8895	9
8896	8
8897	7
8898	7
8899	6
8900	6
8901	7
8902	7
8903	8
8904	7
8905	6
8906	8
8907	9
8908	8
8909	7
8910	8
8911	7
8912	6
8913	6
8914	5
8915	7
8916	7
8917	7
8918	8
8919	10
8920	11
8921	11
8922	12
8923	11
8924	10
8925	10
8926	11
8927	10
8928	9
8929	10
8930	10
8931	10
8932	9
8933	9
8934	10
8935	9
8936	8
8937	9
8938	9
8939	10
8940	9
8941	8
8942	8
8943	9
8944	8
8945	7
8946	7
8947	8
8948	10
8949	11
8950	10
8951	9
8952	10
8953	9
8954	8
8955	9
8956	8
8957	7
8958	7
8959	8
8960	7
8961	6
8962	7
8963	7
8964	7
8965	7
8966	8
8967	10
8968	11
8969	10
8970	9
8971	10
8972	9
8973	8
8974	9
8975	8
8976	7
8977	7
8978	8
8979	7
8980	6
8981	6
8982	7
8983	9
8984	10
8985	10
8986	11
8987	10
8988	9
8989	9
8990	10
8991	9
8992	8
8993	9
8994	9
8995	10
8996	9
8997	8
8998	8
8999	9
9000	8
9001	7
9002	7
9003	7
9004	8
9005	7
9006	6
9007	6
9008	7
9009	7
9010	8
9011	7
9012	6
9013	8
9014	9
9015	8
9016	7
9017	8
9018	7
9019	6
9020	7
9021	6
9022	5
9023	6
9024	6
9025	6
9026	6
9027	7
9028	7
9029	8
9030	7
9031	6
9032	8
9033	9
9034	8
9035	7
9036	8
9037	7
9038	6
9039	7
9040	6
9041	5
9042	5
9043	6
9044	6
9045	7
9046	7
9047	8
9048	7
9049	6
9050	8
9051	9
9052	8
9053	7
9054	8
9055	7
9056	6
9057	7
9058	6
9059	5
9060	7
9061	8
9062	8
9063	8
9064	7
9065	7
9066	8
9067	7
9068	6
9069	7
9070	7
9071	8
9072	7
9073	6
9074	6
9075	7
9076	6
9077	5
9078	6
9079	6
9080	7
9081	6
9082	5
9083	5
9084	5
9085	4
9086	4
9087	5
9088	7
9089	8
9090	8
9091	9
9092	11
9093	12
9094	12
9095	13
9096	15
9097	16
9098	16
9099	16
9100	15
9101	15
9102	16
9103	15
9104	14
9105	15
9106	15
9107	16
9108	15
9109	14
9110	14
9111	15
9112	14
9113	13
9114	14
9115	14
9116	15
9117	14
9118	13
9119	13
9120	14
9121	13
9122	12
9123	12
9124	13
9125	15
9126	16
9127	15
9128	14
9129	15
9130	14
9131	13
9132	14
9133	13
9134	12
9135	12
9136	13
9137	12
9138	11
9139	11
9140	12
9141	14
9142	15
9143	15
9144	16
9145	15
9146	14
9147	14
9148	14
9149	13
9150	14
9151	14
9152	15
9153	14
9154	13
9155	13
9156	14
9157	13
9158	12
9159	13
9160	13
9161	14
9162	13
9163	12
9164	12
9165	13
9166	12
9167	11
9168	11
9169	12
9170	14
9171	15
9172	14
9173	13
9174	14
9175	13
9176	12
9177	13
9178	12
9179	11
9180	11
9181	12
9182	11
9183	10
9184	11
9185	11
9186	11
9187	11
9188	12
9189	14
9190	15
9191	14
9192	13
9193	14
9194	13
9195	12
9196	13
9197	12
9198	11
9199	11
9200	12
9201	11
9202	10
9203	10
9204	11
9205	13
9206	14
9207	14
9208	14
9209	13
9210	13
9211	14
9212	13
9213	12
9214	13
9215	13
9216	14
9217	13
9218	12
9219	12
9220	13
9221	12
9222	11
9223	12
9224	12
9225	13
9226	12
9227	11
9228	11
9229	12
9230	11
9231	10
9232	10
9233	11
9234	11
9235	12
9236	11
9237	10
9238	12
9239	13
9240	12
9241	11
9242	12
9243	11
9244	10
9245	11
9246	10
9247	9
9248	10
9249	10
9250	11
9251	11
9252	12
9253	12
9254	13
9255	12
9256	11
9257	13
9258	14
9259	13
9260	12
9261	13
9262	12
9263	11
9264	12
9265	11
9266	10
9267	12
9268	13
9269	13
9270	14
9271	13
9272	12
9273	12
9274	12
9275	11
9276	12
9277	12
9278	13
9279	12
9280	11
9281	11
9282	12
9283	11
9284	10
9285	11
9286	11
9287	12
9288	11
9289	10
9290	10
9291	11
9292	10
9293	9
9294	9
9295	9
9296	9
9297	10
9298	10
9299	11
9300	10
9301	9
9302	11
9303	12
9304	11
9305	10
9306	11
9307	10
9308	9
9309	10
9310	9
9311	8
9312	8
9313	8
9314	8
9315	9
9316	9
9317	10
9318	10
9319	11
9320	10
9321	9
9322	11
9323	12
9324	11
9325	10
9326	11
9327	10
9328	9
9329	10
9330	9
9331	8
9332	10
9333	11
9334	11
9335	12
9336	11
9337	10
9338	10
9339	11
9340	10
9341	9
9342	10
9343	10
9344	11
9345	10
9346	9
9347	9
9348	10
9349	9
9350	8
9351	9
9352	9
9353	10
9354	9
9355	8
9356	8
9357	9
9358	8
9359	7
9360	7
9361	8
9362	10
9363	11
9364	11
9365	12
9366	14
9367	15
9368	15
9369	16
9370	15
9371	14
9372	14
9373	15
9374	14
9375	13
9376	14
9377	14
9378	15
9379	14
9380	13
9381	13
9382	14
9383	13
9384	12
9385	13
9386	13
9387	14
9388	13
9389	12
9390	12
9391	13
9392	12
9393	11
9394	11
9395	12
9396	14
9397	15
9398	14
9399	13
9400	14
9401	13
9402	12
9403	13
9404	12
9405	11
9406	11
9407	12
9408	11
9409	10
9410	10
9411	10
9412	10
9413	10
9414	10
9415	11
9416	10
9417	9
9418	10
9419	10
9420	10
9421	10
9422	11
9423	13
9424	14
9425	13
9426	12
9427	13
9428	12
9429	11
9430	12
9431	11
9432	10
9433	10
9434	11
9435	10
9436	9
9437	9
9438	10
9439	12
9440	12
9441	12
9442	13
9443	12
9444	11
9445	12
9446	12
9447	13
9448	12
9449	11
9450	11
9451	12
9452	11
9453	10
9454	11
9455	11
9456	12
9457	11
9458	10
9459	10
9460	11
9461	10
9462	9
9463	9
9464	10
9465	10
9466	11
9467	10
9468	9
9469	11
9470	12
9471	11
9472	10
9473	11
9474	10
9475	9
9476	10
9477	9
9478	8
9479	9
9480	9
9481	9
9482	9
9483	10
9484	10
9485	11
9486	10
9487	9
9488	11
9489	12
9490	11
9491	10
9492	11
9493	10
9494	9
9495	10
9496	9
9497	8
9498	8
9499	9
9500	9
9501	10
9502	10
9503	11
9504	10
9505	9
9506	11
9507	12
9508	11
9509	10
9510	11
9511	10
9512	9
9513	10
9514	9
9515	8
9516	10
9517	11
9518	11
9519	11
9520	10
9521	10
9522	11
9523	10
9524	9
9525	10
9526	10
9527	11
9528	10
9529	9
9530	9
9531	10
9532	9
9533	8
9534	9
9535	9
9536	10
9537	9
9538	8
9539	8
9540	9
9541	8
9542	7
9543	7
9544	7
9545	7
9546	8
9547	8
9548	9
9549	9
9550	10
9551	9
9552	8
9553	10
9554	11
9555	10
9556	9
9557	10
9558	9
9559	8
9560	9
9561	8
9562	7
9563	9
9564	10
9565	10
9566	11
9567	10
9568	9
9569	9
9570	10
9571	9
9572	8
9573	9
9574	9
9575	10
9576	9
9577	8
9578	8
9579	9
9580	8
9581	7
9582	8
9583	8
9584	9
9585	8
9586	7
9587	7
9588	8
9589	7
9590	6
9591	5
9592	6
9593	6
9594	7
9595	7
9596	8
9597	8
9598	9
9599	11
9600	12
9601	12
9602	13
9603	12
9604	11
9605	11
9606	12
9607	11
9608	10
9609	11
9610	11
9611	12
9612	11
9613	10
9614	10
9615	11
9616	10
9617	9
9618	10
9619	10
9620	11
9621	10
9622	9
9623	9
9624	10
9625	9
9626	8
9627	8
9628	9
9629	11
9630	12
9631	11
9632	10
9633	11
9634	10
9635	9
9636	10
9637	9
9638	8
9639	8
9640	9
9641	8
9642	7
9643	9
9644	10
9645	10
9646	11
9647	11
9648	12
9649	11
9650	10
9651	12
9652	13
9653	12
9654	11
9655	12
9656	11
9657	10
9658	11
9659	10
9660	9
9661	9
9662	10
9663	12
9664	13
9665	12
9666	11
9667	12
9668	11
9669	10
9670	11
9671	10
9672	9
9673	9
9674	10
9675	9
9676	8
9677	9
9678	9
9679	9
9680	9
9681	9
9682	8
9683	8
9684	9
9685	11
9686	11
9687	10
9688	11
9689	10
9690	9
9691	10
9692	9
9693	8
9694	8
9695	9
9696	8
9697	7
9698	8
9699	8
9700	9
9701	9
9702	10
9703	9
9704	8
9705	10
9706	11
9707	10
9708	9
9709	10
9710	9
9711	8
9712	8
9713	7
9714	7
9715	8
9716	8
9717	9
9718	8
9719	7
9720	9
9721	10
9722	9
9723	8
9724	9
9725	8
9726	7
9727	7
9728	6
9729	8
9730	8
9731	8
9732	8
9733	8
9734	9
9735	11
9736	12
9737	11
9738	10
9739	11
9740	10
9741	9
9742	10
9743	9
9744	8
9745	8
9746	9
9747	8
9748	7
9749	8
9750	8
9751	9
9752	9
9753	10
9754	12
9755	13
9756	12
9757	11
9758	12
9759	11
9760	10
9761	11
9762	10
9763	9
9764	9
9765	9
9766	8
9767	10
9768	10
9769	10
9770	11
9771	10
9772	9
9773	10
9774	10
9775	10
9776	9
9777	9
9778	10
9779	9
9780	8
9781	8
9782	8
9783	9
9784	8
9785	7
9786	7
9787	7
9788	7
9789	8
9790	8
9791	9
9792	8
9793	7
9794	9
9795	10
9796	9
9797	8
9798	9
9799	8
9800	7
9801	7
9802	6
9803	7
9804	7
9805	7
9806	7
9807	8
9808	8
9809	9
9810	8
9811	7
9812	9
9813	10
9814	9
9815	8
9816	9
9817	8
9818	7
9819	8
9820	7
9821	6
9822	6
9823	7
9824	7
9825	8
9826	8
9827	9
9828	8
9829	7
9830	9
9831	10
9832	9
9833	8
9834	9
9835	8
9836	7
9837	8
9838	7
9839	6
9840	8
9841	9
9842	9
9843	10
9844	9
9845	8
9846	8
9847	9
9848	8
9849	7
9850	7
9851	7
9852	8
9853	7
9854	6
9855	7
9856	7
9857	8
9858	7
9859	6
9860	6
9861	6
9862	5
9863	5
9864	6
9865	6
9866	7
9867	7
9868	7
9869	9
9870	10
9871	10
9872	11
9873	10
9874	9
9875	9
9876	10
9877	9
9878	8
9879	9
9880	9
9881	10
9882	9
9883	8
9884	8
9885	9
9886	8
9887	7
9888	8
9889	8
9890	9
9891	8
9892	7
9893	7
9894	8
9895	7
9896	6
9897	8
9898	9
9899	9
9900	9
9901	9
9902	10
9903	9
9904	8
9905	8
9906	9
9907	11
9908	12
9909	11
9910	10
9911	11
9912	10
9913	9
9914	10
9915	9
9916	8
9917	8
9918	9
9919	8
9920	7
9921	8
9922	8
9923	9
9924	9
9925	10
9926	9
9927	8
9928	10
9929	11
9930	10
9931	9
9932	10
9933	9
9934	8
9935	9
9936	8
9937	7
9938	7
9939	8
9940	10
9941	11
9942	10
9943	9
9944	10
9945	9
9946	8
9947	9
9948	8
9949	7
9950	7
9951	8
9952	7
9953	6
9954	7
9955	7
9956	8
9957	8
9958	9
9959	8
9960	7
9961	9
9962	10
9963	9
9964	8
9965	9
9966	8
9967	7
9968	7
9969	6
9970	6
9971	7
9972	7
9973	8
9974	7
9975	6
9976	8
9977	9
9978	8
9979	7
9980	8
9981	7
9982	6
9983	6
9984	5
9985	7
9986	7
9987	7
9988	7
9989	7
9990	8
9991	10
9992	11
9993	10
9994	9
9995	10
9996	9
9997	8
9998	9
9999	8
10000	7
10001	7
10002	8
10003	7
10004	6
10005	7
10006	7
10007	7
10008	7
10009	8
10010	10
10011	11
10012	10
10013	9
10014	10
10015	9
10016	8
10017	9
10018	8
10019	7
10020	7
10021	8
10022	7
10023	6
10024	6
10025	7
10026	9
10027	10
10028	10
10029	11
10030	10
10031	9
10032	9
10033	10
10034	9
10035	8
10036	9
10037	9
10038	10
10039	9
10040	8
10041	8
10042	9
10043	8
10044	7
10045	7
10046	7
10047	8
10048	7
10049	6
10050	6
10051	7
10052	7
10053	8
10054	7
10055	6
10056	8
10057	9
10058	8
10059	7
10060	8
10061	7
10062	6
10063	7
10064	6
10065	5
10066	6
10067	6
10068	6
10069	6
10070	7
10071	7
10072	8
10073	7
10074	6
10075	8
10076	9
10077	8
10078	7
10079	8
10080	7
10081	6
10082	7
10083	6
10084	5
10085	5
10086	5
10087	5
10088	6
10089	6
10090	7
10091	6
10092	5
10093	7
10094	8
10095	7
10096	6
10097	7
10098	6
10099	5
10100	5
10101	4
10102	4
10103	4
10104	4
10105	5
10106	5
10107	6
10108	6
10109	7
10110	9
10111	10
10112	10
10113	11
10114	10
10115	9
10116	9
10117	10
10118	9
10119	8
10120	9
10121	9
10122	10
10123	9
10124	8
10125	8
10126	9
10127	8
10128	7
10129	8
10130	8
10131	9
10132	8
10133	7
10134	7
10135	8
10136	7
10137	6
10138	6
10139	7
10140	9
10141	10
10142	9
10143	8
10144	9
10145	8
10146	7
10147	7
10148	6
10149	6
10150	7
10151	6
10152	5
10153	7
10154	8
10155	8
10156	9
10157	9
10158	10
10159	9
10160	8
10161	10
10162	11
10163	10
10164	9
10165	10
10166	9
10167	8
10168	9
10169	8
10170	7
10171	7
10172	8
10173	10
10174	11
10175	10
10176	9
10177	10
10178	9
10179	8
10180	9
10181	8
10182	7
10183	7
10184	7
10185	6
10186	7
10187	7
10188	7
10189	7
10190	8
10191	7
10192	6
10193	6
10194	7
10195	9
10196	10
10197	9
10198	8
10199	9
10200	8
10201	7
10202	8
10203	7
10204	6
10205	6
10206	7
10207	6
10208	5
10209	6
10210	6
10211	7
10212	7
10213	8
10214	7
10215	6
10216	8
10217	9
10218	8
10219	7
10220	8
10221	7
10222	6
10223	6
10224	5
10225	5
10226	6
10227	6
10228	7
10229	6
10230	5
10231	7
10232	8
10233	7
10234	6
10235	7
10236	6
10237	5
10238	5
10239	4
10240	6
10241	6
10242	6
10243	7
10244	9
10245	10
10246	10
10247	11
10248	10
10249	9
10250	9
10251	10
10252	9
10253	8
10254	9
10255	9
10256	9
10257	8
10258	8
10259	9
10260	8
10261	7
10262	8
10263	8
10264	9
10265	8
10266	7
10267	7
10268	8
10269	7
10270	6
10271	6
10272	7
10273	9
10274	10
10275	9
10276	8
10277	9
10278	8
10279	7
10280	8
10281	7
10282	6
10283	6
10284	7
10285	6
10286	5
10287	6
10288	6
10289	6
10290	6
10291	7
10292	9
10293	10
10294	9
10295	8
10296	9
10297	8
10298	7
10299	8
10300	7
10301	6
10302	6
10303	7
10304	6
10305	5
10306	5
10307	6
10308	8
10309	9
10310	9
10311	10
10312	9
10313	8
10314	8
10315	9
10316	8
10317	7
10318	7
10319	7
10320	8
10321	7
10322	6
10323	7
10324	7
10325	8
10326	7
10327	6
10328	6
10329	7
10330	6
10331	5
10332	5
10333	6
10334	6
10335	7
10336	6
10337	5
10338	7
10339	8
10340	7
10341	6
10342	7
10343	6
10344	5
10345	6
10346	5
10347	4
10348	5
10349	5
10350	6
10351	6
10352	7
10353	7
10354	8
10355	7
10356	6
10357	8
10358	9
10359	8
10360	7
10361	8
10362	7
10363	6
10364	7
10365	6
10366	5
10367	7
10368	8
10369	8
10370	9
10371	8
10372	7
10373	7
10374	7
10375	6
10376	7
10377	7
10378	8
10379	7
10380	6
10381	6
10382	7
10383	6
10384	5
10385	6
10386	6
10387	6
10388	5
10389	5
10390	6
10391	5
10392	4
10393	4
10394	4
10395	4
10396	5
10397	5
10398	6
10399	5
10400	4
10401	6
10402	6
10403	5
10404	6
10405	5
10406	4
10407	5
10408	4
10409	3
10410	2
10411	1
10412	1
10413	4
10414	5
10415	5
10416	6
10417	8
10418	9
10419	9
10420	10
10421	12
10422	13
10423	13
10424	13
10425	13
10426	14
10427	16
10428	17
10429	17
10430	16
10431	16
10432	15
10433	16
10434	16
10435	15
10436	15
10437	14
10438	15
10439	15
10440	14
10441	14
10442	13
10443	13
10444	14
10445	14
10446	13
10447	15
10448	14
10449	13
10450	12
10451	12
10452	13
10453	15
10454	16
10455	16
10456	17
10457	19
10458	18
10459	17
10460	16
10461	16
10462	15
10463	15
10464	16
10465	18
10466	17
10467	16
10468	15
10469	15
10470	14
10471	15
10472	15
10473	16
10474	16
10475	15
10476	17
10477	16
10478	15
10479	14
10480	14
10481	15
10482	17
10483	16
10484	15
10485	14
10486	14
10487	13
10488	14
10489	14
10490	15
10491	15
10492	14
10493	16
10494	15
10495	14
10496	13
10497	13
10498	14
10499	14
10500	13
10501	15
10502	14
10503	13
10504	12
10505	12
10506	13
10507	15
10508	16
10509	16
10510	15
10511	15
10512	14
10513	15
10514	15
10515	14
10516	14
10517	13
10518	14
10519	14
10520	13
10521	12
10522	12
10523	13
10524	13
10525	12
10526	14
10527	13
10528	12
10529	11
10530	12
10531	11
10532	11
10533	12
10534	14
10535	15
10536	15
10537	16
10538	18
10539	17
10540	16
10541	15
10542	15
10543	14
10544	14
10545	15
10546	17
10547	16
10548	15
10549	14
10550	14
10551	13
10552	14
10553	14
10554	15
10555	15
10556	14
10557	16
10558	15
10559	14
10560	13
10561	13
10562	14
10563	16
10564	15
10565	14
10566	13
10567	13
10568	12
10569	13
10570	13
10571	14
10572	14
10573	13
10574	15
10575	14
10576	13
10577	12
10578	12
10579	13
10580	15
10581	14
10582	13
10583	12
10584	12
10585	11
10586	11
10587	12
10588	12
10589	13
10590	13
10591	12
10592	14
10593	13
10594	12
10595	11
10596	13
10597	14
10598	14
10599	13
10600	13
10601	12
10602	13
10603	13
10604	12
10605	12
10606	11
10607	12
10608	11
10609	11
10610	10
10611	11
10612	11
10613	12
10614	12
10615	13
10616	13
10617	14
10618	16
10619	15
10620	14
10621	13
10622	13
10623	12
10624	14
10625	15
10626	15
10627	14
10628	14
10629	13
10630	14
10631	14
10632	13
10633	13
10634	12
10635	13
10636	13
10637	12
10638	12
10639	11
10640	13
10641	14
10642	14
10643	15
10644	16
10645	15
10646	14
10647	14
10648	13
10649	12
10650	13
10651	13
10652	14
10653	14
10654	13
10655	15
10656	14
10657	13
10658	12
10659	12
10660	13
10661	15
10662	14
10663	13
10664	12
10665	12
10666	11
10667	12
10668	12
10669	13
10670	13
10671	12
10672	14
10673	13
10674	12
10675	11
10676	11
10677	12
10678	12
10679	11
10680	13
10681	12
10682	11
10683	10
10684	9
10685	8
10686	8
10687	9
10688	11
10689	12
10690	12
10691	13
10692	15
10693	16
10694	16
10695	17
10696	19
10697	18
10698	17
10699	16
10700	16
10701	15
10702	15
10703	16
10704	18
10705	17
10706	16
10707	15
10708	15
10709	14
10710	15
10711	15
10712	16
10713	16
10714	15
10715	17
10716	16
10717	15
10718	14
10719	14
10720	15
10721	17
10722	16
10723	15
10724	14
10725	14
10726	13
10727	14
10728	14
10729	15
10730	15
10731	14
10732	16
10733	15
10734	14
10735	13
10736	13
10737	14
10738	14
10739	13
10740	15
10741	14
10742	13
10743	12
10744	12
10745	13
10746	15
10747	16
10748	16
10749	15
10750	15
10751	14
10752	15
10753	15
10754	14
10755	13
10756	14
10757	14
10758	13
10759	13
10760	12
10761	12
10762	13
10763	13
10764	12
10765	14
10766	13
10767	12
10768	11
10769	11
10770	12
10771	14
10772	15
10773	15
10774	16
10775	18
10776	17
10777	16
10778	15
10779	15
10780	14
10781	14
10782	14
10783	13
10784	14
10785	14
10786	15
10787	15
10788	14
10789	16
10790	15
10791	14
10792	13
10793	13
10794	14
10795	16
10796	15
10797	14
10798	13
10799	13
10800	12
10801	13
10802	13
10803	14
10804	14
10805	13
10806	15
10807	14
10808	13
10809	12
10810	12
10811	13
10812	13
10813	12
10814	14
10815	13
10816	12
10817	11
10818	11
10819	12
10820	14
10821	15
10822	15
10823	14
10824	14
10825	13
10826	14
10827	14
10828	13
10829	13
10830	12
10831	13
10832	13
10833	12
10834	11
10835	11
10836	12
10837	12
10838	11
10839	13
10840	12
10841	11
10842	10
10843	11
10844	10
10845	10
10846	11
10847	13
10848	14
10849	14
10850	15
10851	17
10852	16
10853	15
10854	14
10855	14
10856	13
10857	12
10858	13
10859	13
10860	14
10861	14
10862	13
10863	15
10864	14
10865	13
10866	12
10867	12
10868	13
10869	15
10870	14
10871	13
10872	12
10873	12
10874	11
10875	12
10876	12
10877	13
10878	13
10879	12
10880	14
10881	13
10882	12
10883	11
10884	11
10885	12
10886	14
10887	13
10888	12
10889	11
10890	11
10891	10
10892	10
10893	11
10894	11
10895	12
10896	12
10897	11
10898	13
10899	12
10900	11
10901	10
10902	12
10903	13
10904	13
10905	12
10906	12
10907	11
10908	12
10909	12
10910	11
10911	11
10912	10
10913	11
10914	11
10915	10
10916	9
10917	10
10918	9
10919	9
10920	10
10921	10
10922	11
10923	11
10924	12
10925	14
10926	13
10927	12
10928	11
10929	11
10930	10
10931	12
10932	13
10933	13
10934	12
10935	12
10936	11
10937	12
10938	12
10939	11
10940	11
10941	10
10942	11
10943	11
10944	10
10945	10
10946	9
10947	11
10948	12
10949	11
10950	11
10951	12
10952	13
10953	12
10954	11
10955	11
10956	10
10957	11
10958	11
10959	12
10960	12
10961	11
10962	13
10963	12
10964	11
10965	10
10966	10
10967	11
10968	13
10969	12
10970	11
10971	10
10972	10
10973	9
10974	10
10975	10
10976	11
10977	11
10978	10
10979	12
10980	11
10981	10
10982	9
10983	9
10984	10
10985	10
10986	9
10987	11
10988	10
10989	9
10990	8
10991	7
10992	6
10993	7
10994	7
10995	8
10996	8
10997	9
10998	9
10999	10
11000	12
11001	13
11002	13
11003	14
11004	16
11005	15
11006	14
11007	13
11008	13
11009	12
11010	12
11011	13
11012	15
11013	14
11014	13
11015	12
11016	12
11017	11
11018	12
11019	12
11020	13
11021	13
11022	12
11023	14
11024	13
11025	12
11026	11
11027	11
11028	12
11029	14
11030	13
11031	12
11032	11
11033	11
11034	10
11035	11
11036	11
11037	12
11038	12
11039	11
11040	13
11041	12
11042	11
11043	10
11044	10
11045	11
11046	11
11047	10
11048	12
11049	11
11050	10
11051	9
11052	9
11053	10
11054	12
11055	13
11056	13
11057	12
11058	12
11059	11
11060	12
11061	12
11062	11
11063	11
11064	10
11065	11
11066	11
11067	10
11068	9
11069	9
11070	10
11071	10
11072	9
11073	11
11074	10
11075	9
11076	8
11077	10
11078	11
11079	11
11080	12
11081	12
11082	13
11083	15
11084	14
11085	13
11086	12
11087	12
11088	11
11089	13
11090	14
11091	14
11092	13
11093	13
11094	12
11095	13
11096	13
11097	12
11098	12
11099	11
11100	12
11101	12
11102	11
11103	11
11104	10
11105	10
11106	11
11107	13
11108	14
11109	14
11110	13
11111	12
11112	13
11113	13
11114	12
11115	12
11116	11
11117	12
11118	12
11119	11
11120	11
11121	10
11122	10
11123	11
11124	11
11125	10
11126	12
11127	11
11128	10
11129	9
11130	10
11131	9
11132	9
11133	10
11134	12
11135	13
11136	13
11137	12
11138	12
11139	11
11140	12
11141	12
11142	11
11143	11
11144	10
11145	11
11146	11
11147	10
11148	10
11149	9
11150	9
11151	10
11152	10
11153	9
11154	11
11155	10
11156	9
11157	8
11158	9
11159	9
11160	10
11161	10
11162	11
11163	11
11164	10
11165	12
11166	11
11167	10
11168	9
11169	10
11170	11
11171	11
11172	10
11173	9
11174	10
11175	10
11176	9
11177	9
11178	8
11179	8
11180	9
11181	9
11182	10
11183	10
11184	9
11185	11
11186	10
11187	9
11188	8
11189	9
11190	10
11191	10
11192	9
11193	9
11194	8
11195	9
11196	9
11197	8
11198	8
11199	7
11200	8
11201	9
11202	8
11203	8
11204	9
11205	10
11206	11
11207	11
11208	12
11209	12
11210	11
11211	11
11212	10
11213	10
11214	11
11215	13
11216	12
11217	11
11218	10
11219	10
11220	9
11221	10
11222	10
11223	11
11224	11
11225	10
11226	12
11227	11
11228	10
11229	9
11230	9
11231	10
11232	11
11233	10
11234	9
11235	9
11236	8
11237	8
11238	9
11239	9
11240	10
11241	10
11242	9
11243	11
11244	10
11245	9
11246	8
11247	10
11248	11
11249	11
11250	10
11251	10
11252	9
11253	10
11254	10
11255	9
11256	9
11257	8
11258	9
11259	9
11260	8
11261	8
11262	7
11263	8
11264	7
11265	6
11266	6
11267	7
11268	7
11269	8
11270	8
11271	9
11272	11
11273	12
11274	12
11275	13
11276	15
11277	14
11278	13
11279	12
11280	12
11281	11
11282	11
11283	12
11284	14
11285	13
11286	12
11287	11
11288	11
11289	10
11290	11
11291	11
11292	12
11293	12
11294	11
11295	13
11296	12
11297	11
11298	10
11299	10
11300	11
11301	13
11302	12
11303	11
11304	10
11305	10
11306	9
11307	10
11308	10
11309	11
11310	11
11311	10
11312	12
11313	11
11314	10
11315	9
11316	9
11317	10
11318	10
11319	9
11320	11
11321	10
11322	9
11323	8
11324	8
11325	9
11326	11
11327	12
11328	12
11329	11
11330	11
11331	10
11332	11
11333	11
11334	10
11335	9
11336	10
11337	10
11338	9
11339	9
11340	8
11341	8
11342	9
11343	9
11344	8
11345	10
11346	9
11347	8
11348	7
11349	9
11350	10
11351	9
11352	9
11353	10
11354	12
11355	13
11356	13
11357	12
11358	12
11359	11
11360	12
11361	12
11362	11
11363	11
11364	10
11365	11
11366	11
11367	10
11368	10
11369	9
11370	9
11371	10
11372	10
11373	9
11374	11
11375	10
11376	9
11377	8
11378	9
11379	9
11380	10
11381	10
11382	11
11383	13
11384	12
11385	11
11386	10
11387	10
11388	9
11389	11
11390	12
11391	12
11392	11
11393	11
11394	10
11395	11
11396	11
11397	10
11398	10
11399	9
11400	10
11401	10
11402	9
11403	9
11404	8
11405	8
11406	9
11407	11
11408	12
11409	11
11410	11
11411	10
11412	11
11413	11
11414	10
11415	10
11416	9
11417	10
11418	10
11419	9
11420	9
11421	8
11422	8
11423	9
11424	9
11425	8
11426	10
11427	9
11428	8
11429	7
11430	8
11431	8
11432	9
11433	9
11434	10
11435	10
11436	9
11437	11
11438	10
11439	9
11440	8
11441	9
11442	10
11443	10
11444	9
11445	9
11446	8
11447	9
11448	9
11449	8
11450	8
11451	7
11452	7
11453	8
11454	8
11455	9
11456	9
11457	8
11458	10
11459	9
11460	8
11461	7
11462	8
11463	9
11464	8
11465	8
11466	7
11467	8
11468	8
11469	7
11470	7
11471	6
11472	7
11473	8
11474	8
11475	9
11476	9
11477	10
11478	12
11479	13
11480	13
11481	12
11482	12
11483	11
11484	12
11485	12
11486	11
11487	11
11488	10
11489	11
11490	11
11491	10
11492	10
11493	9
11494	9
11495	10
11496	12
11497	11
11498	10
11499	9
11500	9
11501	8
11502	10
11503	11
11504	10
11505	10
11506	11
11507	13
11508	12
11509	11
11510	10
11511	10
11512	9
11513	10
11514	10
11515	11
11516	11
11517	10
11518	11
11519	10
11520	9
11521	9
11522	9
11523	9
11524	8
11525	9
11526	9
11527	10
11528	10
11529	9
11530	11
11531	10
11532	9
11533	8
11534	7
11535	7
11536	8
11537	9
11538	10
11539	10
11540	11
11541	13
11542	12
11543	11
11544	10
11545	10
11546	9
11547	9
11548	10
11549	10
11550	9
11551	9
11552	8
11553	9
11554	9
11555	10
11556	10
11557	9
11558	11
11559	10
11560	9
11561	8
11562	8
11563	9
11564	10
11565	9
11566	8
11567	8
11568	7
11569	7
11570	8
11571	8
11572	9
11573	9
11574	8
11575	10
11576	9
11577	8
11578	7
11579	9
11580	10
11581	10
11582	9
11583	9
11584	8
11585	9
11586	9
11587	8
11588	8
11589	7
11590	8
11591	8
11592	7
11593	7
11594	6
11595	7
11596	6
11597	5
11598	4
11599	4
11600	5
11601	7
11602	8
11603	8
11604	9
11605	11
11606	12
11607	12
11608	13
11609	15
11610	16
11611	16
11612	16
11613	16
11614	15
11615	15
11616	16
11617	18
11618	17
11619	16
11620	15
11621	15
11622	14
11623	15
11624	15
11625	16
11626	16
11627	15
11628	16
11629	15
11630	14
11631	14
11632	15
11633	17
11634	16
11635	15
11636	14
11637	14
11638	13
11639	14
11640	14
11641	15
11642	15
11643	14
11644	16
11645	15
11646	14
11647	13
11648	13
11649	14
11650	14
11651	13
11652	15
11653	14
11654	13
11655	12
11656	12
11657	13
11658	15
11659	16
11660	16
11661	15
11662	15
11663	14
11664	15
11665	15
11666	14
11667	13
11668	14
11669	14
11670	13
11671	13
11672	12
11673	12
11674	13
11675	13
11676	12
11677	14
11678	13
11679	12
11680	11
11681	11
11682	12
11683	14
11684	15
11685	15
11686	16
11687	18
11688	17
11689	16
11690	15
11691	15
11692	14
11693	14
11694	15
11695	17
11696	16
11697	15
11698	14
11699	14
11700	13
11701	14
11702	14
11703	15
11704	14
11705	16
11706	15
11707	14
11708	13
11709	13
11710	14
11711	16
11712	15
11713	14
11714	13
11715	12
11716	13
11717	13
11718	14
11719	14
11720	13
11721	15
11722	14
11723	13
11724	12
11725	12
11726	13
11727	13
11728	12
11729	14
11730	13
11731	12
11732	11
11733	11
11734	12
11735	14
11736	15
11737	15
11738	14
11739	14
11740	13
11741	14
11742	14
11743	13
11744	13
11745	12
11746	13
11747	13
11748	12
11749	11
11750	11
11751	12
11752	12
11753	11
11754	13
11755	12
11756	11
11757	10
11758	11
11759	10
11760	10
11761	11
11762	13
11763	14
11764	13
11765	13
11766	14
11767	16
11768	15
11769	14
11770	13
11771	13
11772	12
11773	13
11774	13
11775	14
11776	14
11777	13
11778	15
11779	14
11780	13
11781	12
11782	12
11783	13
11784	15
11785	14
11786	13
11787	12
11788	12
11789	11
11790	12
11791	12
11792	13
11793	13
11794	12
11795	14
11796	13
11797	12
11798	11
11799	11
11800	12
11801	14
11802	13
11803	12
11804	11
11805	11
11806	10
11807	10
11808	11
11809	11
11810	12
11811	12
11812	11
11813	13
11814	12
11815	11
11816	10
11817	12
11818	13
11819	12
11820	12
11821	11
11822	12
11823	12
11824	11
11825	11
11826	10
11827	11
11828	10
11829	10
11830	9
11831	10
11832	10
11833	11
11834	11
11835	12
11836	12
11837	13
11838	15
11839	14
11840	13
11841	12
11842	12
11843	11
11844	13
11845	14
11846	14
11847	13
11848	13
11849	12
11850	13
11851	13
11852	12
11853	12
11854	11
11855	12
11856	12
11857	11
11858	11
11859	10
11860	12
11861	13
11862	13
11863	14
11864	15
11865	14
11866	13
11867	13
11868	12
11869	11
11870	12
11871	12
11872	13
11873	13
11874	12
11875	14
11876	13
11877	12
11878	11
11879	11
11880	12
11881	14
11882	13
11883	12
11884	11
11885	11
11886	10
11887	11
11888	11
11889	12
11890	12
11891	11
11892	13
11893	12
11894	11
11895	10
11896	10
11897	11
11898	11
11899	10
11900	12
11901	11
11902	10
11903	9
11904	8
11905	7
11906	7
11907	8
11908	10
11909	11
11910	11
11911	12
11912	14
11913	15
11914	15
11915	16
11916	18
11917	17
11918	16
11919	15
11920	15
11921	14
11922	14
11923	15
11924	17
11925	16
11926	15
11927	14
11928	14
11929	13
11930	14
11931	14
11932	15
11933	15
11934	14
11935	16
11936	15
11937	14
11938	13
11939	13
11940	14
11941	16
11942	15
11943	14
11944	13
11945	13
11946	12
11947	13
11948	13
11949	14
11950	14
11951	13
11952	15
11953	14
11954	13
11955	12
11956	12
11957	13
11958	13
11959	12
11960	14
11961	13
11962	12
11963	11
11964	11
11965	12
11966	14
11967	15
11968	15
11969	14
11970	14
11971	13
11972	14
11973	14
11974	13
11975	12
11976	13
11977	13
11978	12
11979	12
11980	11
11981	11
11982	12
11983	12
11984	11
11985	13
11986	12
11987	11
11988	10
11989	10
11990	10
11991	9
11992	10
11993	9
11994	9
11995	10
11996	11
11997	12
11998	12
11999	13
12000	13
12001	12
12002	14
12003	13
12004	12
12005	11
12006	11
12007	12
12008	14
12009	13
12010	12
12011	11
12012	11
12013	10
12014	11
12015	11
12016	12
12017	12
12018	11
12019	11
12020	10
12021	10
12022	11
12023	13
12024	12
12025	11
12026	10
12027	10
12028	9
12029	9
12030	10
12031	10
12032	11
12033	11
12034	10
12035	12
12036	11
12037	10
12038	9
12039	11
12040	12
12041	12
12042	11
12043	11
12044	10
12045	11
12046	11
12047	10
12048	10
12049	9
12050	10
12051	10
12052	9
12053	8
12054	9
12055	8
12056	8
12057	9
12058	9
12059	10
12060	10
12061	11
12062	13
12063	12
12064	11
12065	10
12066	10
12067	9
12068	11
12069	12
12070	12
12071	11
12072	11
12073	10
12074	11
12075	11
12076	10
12077	10
12078	9
12079	10
12080	10
12081	9
12082	9
12083	8
12084	10
12085	11
12086	10
12087	10
12088	11
12089	12
12090	11
12091	10
12092	10
12093	9
12094	10
12095	10
12096	11
12097	11
12098	10
12099	12
12100	11
12101	10
12102	9
12103	9
12104	10
12105	12
12106	11
12107	10
12108	9
12109	9
12110	8
12111	9
12112	9
12113	10
12114	10
12115	9
12116	11
12117	10
12118	9
12119	8
12120	8
12121	9
12122	9
12123	8
12124	10
12125	9
12126	8
12127	7
12128	6
12129	5
12130	6
12131	6
12132	7
12133	7
12134	8
12135	8
12136	9
12137	11
12138	12
12139	12
12140	13
12141	15
12142	14
12143	13
12144	12
12145	12
12146	11
12147	11
12148	12
12149	14
12150	13
12151	12
12152	11
12153	11
12154	10
12155	11
12156	11
12157	12
12158	12
12159	11
12160	13
12161	12
12162	11
12163	10
12164	10
12165	11
12166	13
12167	12
12168	11
12169	10
12170	10
12171	9
12172	10
12173	10
12174	11
12175	11
12176	10
12177	12
12178	11
12179	10
12180	9
12181	9
12182	10
12183	10
12184	9
12185	11
12186	10
12187	9
12188	8
12189	8
12190	9
12191	11
12192	12
12193	12
12194	11
12195	11
12196	10
12197	11
12198	11
12199	10
12200	10
12201	9
12202	10
12203	10
12204	9
12205	8
12206	8
12207	9
12208	9
12209	8
12210	10
12211	9
12212	8
12213	7
12214	9
12215	10
12216	10
12217	11
12218	11
12219	12
12220	14
12221	13
12222	12
12223	11
12224	11
12225	10
12226	12
12227	13
12228	13
12229	12
12230	12
12231	11
12232	12
12233	12
12234	11
12235	11
12236	10
12237	11
12238	11
12239	10
12240	10
12241	9
12242	9
12243	10
12244	12
12245	13
12246	13
12247	12
12248	11
12249	12
12250	12
12251	11
12252	11
12253	10
12254	11
12255	11
12256	10
12257	10
12258	9
12259	9
12260	10
12261	10
12262	9
12263	11
12264	10
12265	9
12266	8
12267	9
12268	8
12269	8
12270	9
12271	10
12272	11
12273	11
12274	10
12275	10
12276	9
12277	10
12278	10
12279	9
12280	9
12281	8
12282	8
12283	9
12284	9
12285	8
12286	10
12287	9
12288	8
12289	7
12290	8
12291	8
12292	9
12293	9
12294	10
12295	10
12296	9
12297	11
12298	10
12299	9
12300	8
12301	9
12302	10
12303	10
12304	9
12305	8
12306	9
12307	9
12308	8
12309	8
12310	7
12311	7
12312	8
12313	8
12314	9
12315	9
12316	8
12317	10
12318	9
12319	8
12320	7
12321	8
12322	9
12323	9
12324	8
12325	8
12326	7
12327	8
12328	8
12329	7
12330	7
12331	6
12332	7
12333	8
12334	8
12335	9
12336	9
12337	10
12338	12
12339	13
12340	13
12341	12
12342	12
12343	11
12344	12
12345	12
12346	11
12347	11
12348	10
12349	11
12350	11
12351	10
12352	10
12353	9
12354	9
12355	10
12356	12
12357	11
12358	10
12359	9
12360	9
12361	8
12362	8
12363	9
12364	8
12365	8
12366	9
12367	11
12368	10
12369	9
12370	8
12371	8
12372	7
12373	6
12374	7
12375	6
12376	6
12377	7
12378	7
12379	8
12380	8
12381	9
12382	11
12383	10
12384	9
12385	8
12386	8
12387	7
12388	9
12389	10
12390	10
12391	9
12392	9
12393	8
12394	9
12395	9
12396	8
12397	8
12398	7
12399	8
12400	8
12401	7
12402	7
12403	6
12404	7
12405	8
12406	8
12407	9
12408	9
12409	8
12410	8
12411	7
12412	7
12413	8
12414	9
12415	8
12416	7
12417	7
12418	6
12419	7
12420	7
12421	8
12422	8
12423	7
12424	9
12425	8
12426	7
12427	6
12428	5
12429	5
12430	6
12431	6
12432	7
12433	7
12434	8
12435	10
12436	11
12437	11
12438	12
12439	14
12440	13
12441	12
12442	11
12443	11
12444	10
12445	10
12446	11
12447	13
12448	12
12449	11
12450	10
12451	10
12452	9
12453	10
12454	10
12455	11
12456	11
12457	10
12458	12
12459	11
12460	10
12461	9
12462	9
12463	10
12464	12
12465	11
12466	10
12467	9
12468	9
12469	8
12470	9
12471	9
12472	10
12473	10
12474	9
12475	11
12476	10
12477	9
12478	8
12479	8
12480	9
12481	9
12482	8
12483	10
12484	9
12485	8
12486	7
12487	7
12488	8
12489	9
12490	10
12491	10
12492	9
12493	9
12494	8
12495	9
12496	9
12497	8
12498	7
12499	6
12500	8
12501	9
12502	8
12503	8
12504	9
12505	11
12506	12
12507	12
12508	11
12509	11
12510	10
12511	11
12512	11
12513	10
12514	10
12515	9
12516	10
12517	10
12518	9
12519	9
12520	8
12521	8
12522	9
12523	9
12524	8
12525	10
12526	9
12527	8
12528	7
12529	8
12530	8
12531	9
12532	9
12533	10
12534	12
12535	11
12536	10
12537	9
12538	9
12539	8
12540	10
12541	11
12542	11
12543	10
12544	10
12545	9
12546	10
12547	10
12548	9
12549	9
12550	8
12551	9
12552	9
12553	8
12554	8
12555	7
12556	7
12557	8
12558	10
12559	11
12560	10
12561	10
12562	9
12563	10
12564	10
12565	9
12566	9
12567	8
12568	9
12569	9
12570	8
12571	8
12572	7
12573	7
12574	8
12575	8
12576	7
12577	9
12578	8
12579	7
12580	6
12581	7
12582	7
12583	8
12584	8
12585	9
12586	9
12587	8
12588	10
12589	9
12590	8
12591	7
12592	8
12593	9
12594	9
12595	8
12596	8
12597	7
12598	8
12599	8
12600	7
12601	7
12602	6
12603	6
12604	7
12605	7
12606	8
12607	8
12608	7
12609	9
12610	8
12611	7
12612	6
12613	7
12614	8
12615	7
12616	7
12617	6
12618	7
12619	7
12620	6
12621	6
12622	5
12623	6
12624	7
12625	6
12626	6
12627	7
12628	8
12629	9
12630	9
12631	10
12632	12
12633	11
12634	10
12635	9
12636	9
12637	8
12638	8
12639	9
12640	9
12641	8
12642	8
12643	7
12644	8
12645	8
12646	9
12647	9
12648	8
12649	10
12650	9
12651	8
12652	7
12653	7
12654	8
12655	9
12656	8
12657	7
12658	7
12659	6
12660	6
12661	7
12662	7
12663	8
12664	8
12665	7
12666	9
12667	8
12668	7
12669	6
12670	8
12671	9
12672	9
12673	8
12674	8
12675	7
12676	8
12677	8
12678	7
12679	7
12680	6
12681	7
12682	7
12683	6
12684	6
12685	5
12686	6
12687	5
12688	4
12689	3
12690	2
12691	1
12692	1
12693	4
12694	5
12695	5
12696	6
12697	8
12698	9
12699	9
12700	10
12701	12
12702	13
12703	13
12704	13
12705	13
12706	14
12707	16
12708	17
12709	17
12710	18
12711	17
12712	16
12713	16
12714	17
12715	16
12716	15
12717	16
12718	16
12719	17
12720	16
12721	15
12722	15
12723	16
12724	15
12725	14
12726	15
12727	15
12728	16
12729	15
12730	14
12731	14
12732	15
12733	14
12734	13
12735	13
12736	14
12737	14
12738	15
12739	14
12740	13
12741	15
12742	16
12743	15
12744	14
12745	15
12746	14
12747	13
12748	14
12749	13
12750	12
12751	12
12752	13
12753	15
12754	16
12755	16
12756	17
12757	19
12758	20
12759	19
12760	18
12761	19
12762	18
12763	17
12764	18
12765	17
12766	16
12767	16
12768	17
12769	16
12770	15
12771	15
12772	16
12773	18
12774	19
12775	18
12776	17
12777	18
12778	17
12779	16
12780	17
12781	16
12782	15
12783	15
12784	16
12785	15
12786	14
12787	15
12788	15
12789	16
12790	16
12791	17
12792	16
12793	15
12794	17
12795	17
12796	16
12797	17
12798	16
12799	15
12800	16
12801	15
12802	14
12803	14
12804	15
12805	17
12806	18
12807	17
12808	16
12809	17
12810	16
12811	15
12812	16
12813	15
12814	14
12815	14
12816	15
12817	14
12818	13
12819	14
12820	14
12821	15
12822	15
12823	16
12824	15
12825	14
12826	16
12827	17
12828	16
12829	15
12830	16
12831	15
12832	14
12833	14
12834	13
12835	13
12836	14
12837	14
12838	15
12839	14
12840	13
12841	15
12842	16
12843	15
12844	14
12845	15
12846	14
12847	13
12848	14
12849	13
12850	12
12851	12
12852	13
12853	15
12854	16
12855	16
12856	17
12857	16
12858	15
12859	15
12860	16
12861	15
12862	14
12863	15
12864	15
12865	16
12866	15
12867	14
12868	14
12869	15
12870	14
12871	13
12872	13
12873	13
12874	14
12875	13
12876	12
12877	12
12878	13
12879	13
12880	14
12881	13
12882	12
12883	14
12884	15
12885	14
12886	13
12887	14
12888	13
12889	12
12890	13
12891	12
12892	11
12893	11
12894	11
12895	12
12896	14
12897	15
12898	15
12899	16
12900	18
12901	19
12902	18
12903	17
12904	18
12905	17
12906	16
12907	17
12908	16
12909	15
12910	15
12911	16
12912	15
12913	14
12914	14
12915	15
12916	17
12917	18
12918	17
12919	16
12920	17
12921	16
12922	15
12923	16
12924	15
12925	14
12926	14
12927	15
12928	14
12929	13
12930	14
12931	14
12932	15
12933	15
12934	16
12935	15
12936	14
12937	16
12938	16
12939	15
12940	16
12941	15
12942	14
12943	15
12944	14
12945	13
12946	13
12947	14
12948	16
12949	17
12950	16
12951	15
12952	16
12953	15
12954	14
12955	15
12956	14
12957	13
12958	13
12959	14
12960	13
12961	12
12962	13
12963	13
12964	14
12965	14
12966	15
12967	14
12968	13
12969	15
12970	16
12971	15
12972	14
12973	14
12974	13
12975	14
12976	13
12977	12
12978	12
12979	13
12980	15
12981	16
12982	15
12983	14
12984	15
12985	14
12986	13
12987	14
12988	13
12989	12
12990	12
12991	13
12992	12
12993	11
12994	11
12995	12
12996	12
12997	13
12998	13
12999	14
13000	13
13001	12
13002	14
13003	15
13004	14
13005	13
13006	14
13007	13
13008	12
13009	13
13010	12
13011	11
13012	13
13013	14
13014	14
13015	15
13016	14
13017	13
13018	13
13019	14
13020	13
13021	12
13022	13
13023	13
13024	14
13025	13
13026	12
13027	12
13028	13
13029	12
13030	11
13031	11
13032	11
13033	12
13034	11
13035	10
13036	10
13037	10
13038	11
13039	11
13040	12
13041	12
13042	13
13043	15
13044	16
13045	15
13046	14
13047	15
13048	14
13049	13
13050	14
13051	13
13052	12
13053	12
13054	13
13055	12
13056	11
13057	13
13058	14
13059	14
13060	15
13061	14
13062	13
13063	13
13064	14
13065	13
13066	12
13067	13
13068	13
13069	14
13070	13
13071	12
13072	12
13073	13
13074	12
13075	11
13076	12
13077	12
13078	13
13079	12
13080	11
13081	11
13082	12
13083	11
13084	10
13085	12
13086	12
13087	12
13088	12
13089	12
13090	13
13091	12
13092	11
13093	12
13094	12
13095	13
13096	13
13097	14
13098	13
13099	12
13100	14
13101	14
13102	13
13103	13
13104	12
13105	13
13106	12
13107	11
13108	11
13109	12
13110	14
13111	15
13112	14
13113	13
13114	14
13115	13
13116	12
13117	13
13118	12
13119	11
13120	11
13121	12
13122	11
13123	10
13124	11
13125	11
13126	12
13127	12
13128	13
13129	12
13130	11
13131	13
13132	13
13133	12
13134	13
13135	12
13136	11
13137	12
13138	11
13139	10
13140	10
13141	11
13142	11
13143	12
13144	11
13145	10
13146	12
13147	13
13148	12
13149	11
13150	12
13151	11
13152	10
13153	10
13154	9
13155	8
13156	8
13157	9
13158	11
13159	12
13160	12
13161	13
13162	15
13163	16
13164	16
13165	17
13166	19
13167	20
13168	19
13169	18
13170	19
13171	18
13172	17
13173	18
13174	17
13175	16
13176	16
13177	17
13178	16
13179	15
13180	15
13181	16
13182	18
13183	19
13184	18
13185	17
13186	18
13187	17
13188	16
13189	17
13190	16
13191	15
13192	15
13193	16
13194	15
13195	14
13196	15
13197	15
13198	16
13199	16
13200	17
13201	16
13202	15
13203	17
13204	18
13205	17
13206	16
13207	16
13208	15
13209	16
13210	15
13211	14
13212	14
13213	15
13214	17
13215	18
13216	17
13217	16
13218	17
13219	16
13220	15
13221	16
13222	15
13223	14
13224	14
13225	15
13226	14
13227	13
13228	14
13229	14
13230	15
13231	15
13232	16
13233	15
13234	14
13235	16
13236	17
13237	16
13238	15
13239	16
13240	15
13241	14
13242	15
13243	14
13244	13
13245	13
13246	14
13247	14
13248	15
13249	14
13250	13
13251	15
13252	16
13253	15
13254	14
13255	15
13256	14
13257	13
13258	13
13259	12
13260	12
13261	13
13262	15
13263	16
13264	16
13265	17
13266	16
13267	15
13268	15
13269	16
13270	15
13271	14
13272	14
13273	14
13274	15
13275	14
13276	13
13277	14
13278	14
13279	15
13280	14
13281	13
13282	13
13283	14
13284	13
13285	12
13286	12
13287	13
13288	13
13289	14
13290	13
13291	12
13292	14
13293	15
13294	14
13295	13
13296	14
13297	13
13298	12
13299	13
13300	12
13301	11
13302	11
13303	12
13304	14
13305	15
13306	15
13307	16
13308	18
13309	19
13310	18
13311	17
13312	18
13313	17
13314	16
13315	17
13316	16
13317	15
13318	15
13319	16
13320	15
13321	14
13322	14
13323	13
13324	14
13325	14
13326	15
13327	15
13328	16
13329	15
13330	14
13331	16
13332	16
13333	15
13334	16
13335	15
13336	14
13337	15
13338	14
13339	13
13340	13
13341	14
13342	16
13343	17
13344	16
13345	15
13346	16
13347	15
13348	14
13349	15
13350	14
13351	13
13352	13
13353	14
13354	13
13355	12
13356	13
13357	13
13358	14
13359	14
13360	15
13361	14
13362	13
13363	15
13364	16
13365	15
13366	14
13367	15
13368	14
13369	13
13370	13
13371	12
13372	12
13373	13
13374	13
13375	14
13376	13
13377	12
13378	14
13379	15
13380	14
13381	13
13382	14
13383	13
13384	12
13385	13
13386	12
13387	11
13388	11
13389	12
13390	14
13391	15
13392	15
13393	16
13394	15
13395	14
13396	14
13397	15
13398	14
13399	13
13400	14
13401	14
13402	15
13403	14
13404	13
13405	13
13406	14
13407	13
13408	12
13409	12
13410	12
13411	13
13412	12
13413	11
13414	11
13415	12
13416	12
13417	13
13418	12
13419	11
13420	13
13421	14
13422	13
13423	12
13424	13
13425	12
13426	11
13427	12
13428	11
13429	10
13430	10
13431	10
13432	11
13433	13
13434	13
13435	13
13436	14
13437	16
13438	17
13439	16
13440	15
13441	16
13442	15
13443	14
13444	15
13445	14
13446	13
13447	13
13448	14
13449	13
13450	12
13451	13
13452	13
13453	14
13454	14
13455	15
13456	14
13457	13
13458	15
13459	15
13460	14
13461	15
13462	14
13463	13
13464	14
13465	13
13466	12
13467	12
13468	13
13469	15
13470	15
13471	14
13472	15
13473	14
13474	13
13475	14
13476	13
13477	12
13478	12
13479	13
13480	12
13481	11
13482	12
13483	12
13484	13
13485	13
13486	14
13487	13
13488	12
13489	14
13490	15
13491	14
13492	13
13493	13
13494	12
13495	13
13496	12
13497	11
13498	11
13499	12
13500	14
13501	15
13502	14
13503	13
13504	14
13505	13
13506	12
13507	13
13508	12
13509	11
13510	11
13511	12
13512	11
13513	10
13514	10
13515	11
13516	11
13517	12
13518	12
13519	13
13520	12
13521	11
13522	13
13523	14
13524	13
13525	12
13526	13
13527	12
13528	11
13529	12
13530	11
13531	10
13532	12
13533	13
13534	13
13535	14
13536	13
13537	12
13538	12
13539	13
13540	12
13541	11
13542	12
13543	12
13544	13
13545	12
13546	11
13547	11
13548	12
13549	11
13550	10
13551	10
13552	10
13553	11
13554	10
13555	9
13556	9
13557	9
13558	10
13559	10
13560	11
13561	11
13562	12
13563	14
13564	15
13565	14
13566	13
13567	14
13568	13
13569	12
13570	13
13571	12
13572	11
13573	11
13574	12
13575	11
13576	10
13577	12
13578	13
13579	13
13580	14
13581	13
13582	12
13583	12
13584	13
13585	12
13586	11
13587	12
13588	12
13589	13
13590	12
13591	11
13592	11
13593	12
13594	11
13595	10
13596	11
13597	11
13598	12
13599	11
13600	10
13601	10
13602	11
13603	10
13604	9
13605	11
13606	11
13607	11
13608	11
13609	11
13610	12
13611	11
13612	10
13613	11
13614	11
13615	12
13616	12
13617	13
13618	12
13619	11
13620	13
13621	13
13622	12
13623	12
13624	11
13625	12
13626	11
13627	10
13628	10
13629	11
13630	13
13631	14
13632	13
13633	12
13634	13
13635	12
13636	11
13637	12
13638	11
13639	10
13640	10
13641	11
13642	10
13643	9
13644	10
13645	10
13646	11
13647	11
13648	12
13649	11
13650	10
13651	12
13652	13
13653	12
13654	11
13655	12
13656	11
13657	10
13658	10
13659	9
13660	9
13661	10
13662	10
13663	11
13664	10
13665	9
13666	11
13667	11
13668	10
13669	11
13670	10
13671	9
13672	10
13673	9
13674	8
13675	7
13676	6
13677	7
13678	7
13679	8
13680	8
13681	9
13682	9
13683	10
13684	12
13685	13
13686	13
13687	14
13688	16
13689	17
13690	16
13691	15
13692	16
13693	15
13694	14
13695	15
13696	14
13697	13
13698	13
13699	14
13700	13
13701	12
13702	12
13703	13
13704	15
13705	16
13706	15
13707	14
13708	15
13709	14
13710	13
13711	14
13712	13
13713	12
13714	12
13715	13
13716	12
13717	11
13718	12
13719	12
13720	13
13721	13
13722	14
13723	13
13724	12
13725	14
13726	14
13727	13
13728	14
13729	13
13730	12
13731	13
13732	12
13733	11
13734	11
13735	12
13736	14
13737	15
13738	14
13739	13
13740	14
13741	13
13742	12
13743	13
13744	12
13745	11
13746	11
13747	12
13748	11
13749	10
13750	11
13751	11
13752	12
13753	12
13754	13
13755	12
13756	11
13757	13
13758	14
13759	13
13760	12
13761	13
13762	12
13763	11
13764	11
13765	10
13766	10
13767	11
13768	11
13769	12
13770	11
13771	10
13772	12
13773	13
13774	12
13775	11
13776	12
13777	11
13778	10
13779	11
13780	10
13781	9
13782	9
13783	10
13784	12
13785	13
13786	13
13787	14
13788	13
13789	12
13790	12
13791	13
13792	12
13793	11
13794	12
13795	12
13796	13
13797	12
13798	11
13799	11
13800	12
13801	11
13802	10
13803	10
13804	10
13805	11
13806	10
13807	9
13808	9
13809	10
13810	10
13811	11
13812	10
13813	9
13814	11
13815	12
13816	11
13817	10
13818	11
13819	10
13820	9
13821	10
13822	9
13823	8
13824	10
13825	11
13826	11
13827	12
13828	12
13829	13
13830	15
13831	16
13832	15
13833	14
13834	15
13835	14
13836	13
13837	14
13838	13
13839	12
13840	12
13841	13
13842	12
13843	11
13844	13
13845	14
13846	14
13847	14
13848	13
13849	13
13850	14
13851	13
13852	12
13853	13
13854	13
13855	14
13856	13
13857	12
13858	12
13859	13
13860	12
13861	11
13862	12
13863	12
13864	13
13865	12
13866	11
13867	11
13868	12
13869	11
13870	10
13871	10
13872	11
13873	13
13874	13
13875	13
13876	14
13877	13
13878	12
13879	13
13880	13
13881	13
13882	12
13883	12
13884	13
13885	12
13886	11
13887	12
13888	12
13889	13
13890	12
13891	11
13892	11
13893	12
13894	11
13895	10
13896	10
13897	11
13898	11
13899	12
13900	11
13901	10
13902	12
13903	13
13904	12
13905	11
13906	12
13907	11
13908	10
13909	11
13910	10
13911	9
13912	9
13913	9
13914	10
13915	12
13916	13
13917	13
13918	14
13919	13
13920	12
13921	12
13922	13
13923	12
13924	11
13925	12
13926	12
13927	12
13928	11
13929	11
13930	12
13931	11
13932	10
13933	11
13934	11
13935	12
13936	11
13937	10
13938	10
13939	11
13940	10
13941	9
13942	9
13943	10
13944	10
13945	11
13946	10
13947	9
13948	11
13949	12
13950	11
13951	10
13952	11
13953	10
13954	9
13955	10
13956	9
13957	8
13958	9
13959	9
13960	9
13961	9
13962	10
13963	10
13964	11
13965	10
13966	9
13967	11
13968	12
13969	11
13970	10
13971	11
13972	10
13973	9
13974	10
13975	9
13976	8
13977	8
13978	8
13979	8
13980	9
13981	9
13982	10
13983	9
13984	8
13985	10
13986	11
13987	10
13988	9
13989	10
13990	9
13991	8
13992	9
13993	8
13994	7
13995	6
13996	6
13997	7
13998	7
13999	8
14000	8
14001	9
14002	11
14003	12
14004	12
14005	13
14006	15
14007	16
14008	15
14009	14
14010	15
14011	14
14012	13
14013	14
14014	13
14015	12
14016	12
14017	13
14018	12
14019	11
14020	11
14021	12
14022	14
14023	15
14024	14
14025	13
14026	13
14027	12
14028	13
14029	12
14030	11
14031	11
14032	11
14033	10
14034	11
14035	11
14036	12
14037	12
14038	13
14039	12
14040	11
14041	13
14042	14
14043	13
14044	12
14045	12
14046	11
14047	12
14048	11
14049	10
14050	10
14051	11
14052	13
14053	14
14054	13
14055	12
14056	13
14057	12
14058	11
14059	12
14060	11
14061	10
14062	10
14063	11
14064	10
14065	9
14066	10
14067	10
14068	11
14069	11
14070	12
14071	11
14072	10
14073	12
14074	13
14075	12
14076	11
14077	12
14078	11
14079	10
14080	11
14081	10
14082	9
14083	9
14084	10
14085	10
14086	11
14087	10
14088	9
14089	11
14090	12
14091	11
14092	10
14093	11
14094	10
14095	9
14096	9
14097	8
14098	8
14099	9
14100	11
14101	12
14102	12
14103	13
14104	12
14105	11
14106	11
14107	12
14108	11
14109	10
14110	10
14111	10
14112	11
14113	10
14114	9
14115	10
14116	10
14117	11
14118	10
14119	9
14120	9
14121	10
14122	9
14123	8
14124	8
14125	9
14126	9
14127	10
14128	9
14129	8
14130	10
14131	11
14132	10
14133	9
14134	10
14135	9
14136	8
14137	9
14138	8
14139	7
14140	9
14141	9
14142	9
14143	10
14144	12
14145	13
14146	13
14147	14
14148	13
14149	12
14150	12
14151	13
14152	12
14153	11
14154	12
14155	12
14156	13
14157	12
14158	11
14159	11
14160	12
14161	11
14162	10
14163	11
14164	11
14165	12
14166	11
14167	10
14168	10
14169	11
14170	10
14171	9
14172	9
14173	10
14174	10
14175	11
14176	10
14177	9
14178	11
14179	12
14180	11
14181	10
14182	11
14183	10
14184	9
14185	10
14186	9
14187	8
14188	9
14189	9
14190	10
14191	10
14192	11
14193	13
14194	14
14195	13
14196	12
14197	13
14198	12
14199	11
14200	12
14201	11
14202	10
14203	10
14204	11
14205	10
14206	9
14207	11
14208	12
14209	12
14210	13
14211	12
14212	11
14213	11
14214	11
14215	10
14216	11
14217	11
14218	11
14219	10
14220	10
14221	11
14222	10
14223	9
14224	10
14225	10
14226	11
14227	10
14228	9
14229	9
14230	10
14231	9
14232	8
14233	8
14234	9
14235	11
14236	11
14237	11
14238	11
14239	10
14240	11
14241	11
14242	12
14243	11
14244	10
14245	10
14246	11
14247	10
14248	9
14249	10
14250	10
14251	10
14252	9
14253	9
14254	10
14255	9
14256	8
14257	8
14258	9
14259	9
14260	10
14261	9
14262	8
14263	10
14264	10
14265	9
14266	10
14267	9
14268	8
14269	9
14270	8
14271	7
14272	8
14273	8
14274	8
14275	8
14276	9
14277	9
14278	10
14279	9
14280	8
14281	10
14282	11
14283	10
14284	9
14285	10
14286	9
14287	8
14288	9
14289	8
14290	7
14291	7
14292	7
14293	7
14294	8
14295	8
14296	9
14297	8
14298	7
14299	9
14300	10
14301	9
14302	8
14303	9
14304	8
14305	7
14306	8
14307	7
14308	6
14309	5
14310	4
14311	4
14312	5
14313	7
14314	8
14315	8
14316	9
14317	11
14318	12
14319	12
14320	13
14321	15
14322	16
14323	16
14324	16
14325	16
14326	16
14327	15
14328	15
14329	16
14330	18
14331	19
14332	18
14333	17
14334	18
14335	17
14336	16
14337	17
14338	16
14339	15
14340	15
14341	16
14342	15
14343	14
14344	15
14345	15
14346	15
14347	15
14348	16
14349	15
14350	14
14351	14
14352	15
14353	17
14354	18
14355	17
14356	16
14357	17
14358	16
14359	15
14360	16
14361	15
14362	14
14363	14
14364	14
14365	13
14366	14
14367	14
14368	15
14369	15
14370	16
14371	15
14372	14
14373	16
14374	17
14375	16
14376	15
14377	16
14378	15
14379	14
14380	15
14381	14
14382	13
14383	13
14384	14
14385	14
14386	15
14387	14
14388	13
14389	15
14390	16
14391	15
14392	14
14393	15
14394	14
14395	13
14396	13
14397	12
14398	12
14399	13
14400	15
14401	16
14402	16
14403	17
14404	16
14405	15
14406	15
14407	16
14408	15
14409	14
14410	14
14411	14
14412	15
14413	14
14414	13
14415	14
14416	14
14417	15
14418	14
14419	13
14420	13
14421	14
14422	13
14423	12
14424	12
14425	13
14426	13
14427	14
14428	13
14429	12
14430	14
14431	15
14432	14
14433	13
14434	14
14435	13
14436	12
14437	13
14438	12
14439	11
14440	11
14441	12
14442	14
14443	15
14444	15
14445	16
14446	18
14447	19
14448	18
14449	17
14450	18
14451	17
14452	16
14453	17
14454	16
14455	15
14456	15
14457	16
14458	15
14459	14
14460	14
14461	15
14462	17
14463	18
14464	17
14465	16
14466	17
14467	16
14468	15
14469	16
14470	15
14471	14
14472	14
14473	15
14474	14
14475	13
14476	14
14477	14
14478	14
14479	16
14480	16
14481	15
14482	16
14483	15
14484	14
14485	15
14486	14
14487	13
14488	13
14489	13
14490	15
14491	16
14492	15
14493	14
14494	15
14495	14
14496	13
14497	14
14498	13
14499	12
14500	13
14501	13
14502	14
14503	14
14504	15
14505	14
14506	13
14507	15
14508	16
14509	15
14510	14
14511	15
14512	14
14513	13
14514	13
14515	12
14516	12
14517	13
14518	13
14519	14
14520	13
14521	12
14522	14
14523	15
14524	14
14525	13
14526	14
14527	13
14528	12
14529	13
14530	12
14531	11
14532	11
14533	12
14534	14
14535	15
14536	15
14537	16
14538	15
14539	14
14540	14
14541	15
14542	14
14543	13
14544	14
14545	14
14546	15
14547	14
14548	13
14549	13
14550	14
14551	13
14552	12
14553	12
14554	12
14555	13
14556	12
14557	11
14558	11
14559	12
14560	12
14561	13
14562	12
14563	11
14564	13
14565	14
14566	13
14567	12
14568	13
14569	12
14570	11
14571	12
14572	11
14573	10
14574	10
14575	10
14576	11
14577	13
14578	13
14579	13
14580	14
14581	16
14582	17
14583	16
14584	15
14585	16
14586	15
14587	14
14588	15
14589	14
14590	13
14591	13
14592	14
14593	13
14594	12
14595	13
14596	13
14597	14
14598	14
14599	15
14600	14
14601	13
14602	15
14603	15
14604	14
14605	15
14606	14
14607	13
14608	14
14609	13
14610	12
14611	12
14612	13
14613	15
14614	16
14615	15
14616	14
14617	15
14618	14
14619	13
14620	14
14621	13
14622	12
14623	12
14624	13
14625	12
14626	11
14627	12
14628	12
14629	13
14630	13
14631	14
14632	13
14633	12
14634	14
14635	15
14636	14
14637	13
14638	13
14639	12
14640	13
14641	12
14642	11
14643	11
14644	12
14645	14
14646	14
14647	13
14648	14
14649	13
14650	12
14651	13
14652	12
14653	11
14654	11
14655	12
14656	11
14657	10
14658	10
14659	11
14660	11
14661	12
14662	12
14663	13
14664	12
14665	11
14666	13
14667	14
14668	13
14669	12
14670	13
14671	12
14672	11
14673	12
14674	11
14675	10
14676	12
14677	12
14678	12
14679	13
14680	12
14681	11
14682	12
14683	12
14684	13
14685	12
14686	11
14687	11
14688	12
14689	11
14690	10
14691	10
14692	10
14693	11
14694	10
14695	9
14696	9
14697	9
14698	10
14699	10
14700	11
14701	11
14702	12
14703	14
14704	15
14705	14
14706	13
14707	14
14708	13
14709	12
14710	13
14711	12
14712	11
14713	11
14714	12
14715	11
14716	10
14717	12
14718	13
14719	13
14720	14
14721	13
14722	12
14723	12
14724	13
14725	12
14726	11
14727	12
14728	12
14729	13
14730	12
14731	11
14732	11
14733	12
14734	11
14735	10
14736	11
14737	11
14738	12
14739	11
14740	10
14741	10
14742	11
14743	10
14744	9
14745	11
14746	11
14747	11
14748	11
14749	11
14750	12
14751	11
14752	10
14753	11
14754	11
14755	12
14756	12
14757	13
14758	12
14759	11
14760	13
14761	13
14762	12
14763	12
14764	11
14765	12
14766	11
14767	10
14768	10
14769	11
14770	13
14771	14
14772	13
14773	12
14774	13
14775	12
14776	11
14777	12
14778	11
14779	10
14780	10
14781	11
14782	10
14783	9
14784	10
14785	10
14786	11
14787	11
14788	12
14789	11
14790	10
14791	12
14792	12
14793	11
14794	12
14795	11
14796	10
14797	11
14798	10
14799	9
14800	9
14801	10
14802	10
14803	11
14804	10
14805	9
14806	11
14807	12
14808	11
14809	10
14810	11
14811	10
14812	9
14813	9
14814	8
14815	7
14816	7
14817	8
14818	10
14819	11
14820	11
14821	12
14822	14
14823	15
14824	15
14825	16
14826	18
14827	19
14828	18
14829	17
14830	18
14831	17
14832	16
14833	17
14834	16
14835	15
14836	15
14837	16
14838	15
14839	14
14840	14
14841	15
14842	17
14843	18
14844	17
14845	16
14846	17
14847	16
14848	15
14849	16
14850	15
14851	14
14852	14
14853	15
14854	14
14855	13
14856	14
14857	14
14858	15
14859	15
14860	16
14861	15
14862	14
14863	16
14864	17
14865	16
14866	15
14867	15
14868	14
14869	15
14870	14
14871	13
14872	13
14873	14
14874	16
14875	17
14876	16
14877	15
14878	16
14879	15
14880	14
14881	15
14882	14
14883	13
14884	13
14885	14
14886	13
14887	12
14888	13
14889	13
14890	14
14891	14
14892	15
14893	14
14894	13
14895	15
14896	16
14897	15
14898	14
14899	15
14900	14
14901	13
14902	14
14903	13
14904	12
14905	12
14906	13
14907	13
14908	14
14909	13
14910	12
14911	14
14912	15
14913	14
14914	13
14915	14
14916	13
14917	12
14918	12
14919	11
14920	11
14921	12
14922	14
14923	15
14924	15
14925	16
14926	15
14927	14
14928	14
14929	15
14930	14
14931	13
14932	13
14933	13
14934	14
14935	13
14936	12
14937	13
14938	13
14939	14
14940	13
14941	12
14942	12
14943	13
14944	12
14945	11
14946	11
14947	12
14948	12
14949	12
14950	11
14951	13
14952	14
14953	13
14954	12
14955	13
14956	12
14957	11
14958	12
14959	11
14960	10
14961	10
14962	9
14963	9
14964	9
14965	9
14966	9
14967	10
14968	10
14969	11
14970	11
14971	12
14972	11
14973	10
14974	12
14975	13
14976	12
14977	11
14978	12
14979	11
14980	10
14981	11
14982	10
14983	9
14984	11
14985	12
14986	12
14987	13
14988	12
14989	11
14990	11
14991	12
14992	11
14993	10
14994	11
14995	11
14996	12
14997	11
14998	10
14999	10
15000	11
15001	10
15002	9
15003	10
15004	10
15005	11
15006	10
15007	9
15008	9
15009	10
15010	9
15011	8
15012	9
15013	9
15014	10
15015	10
15016	11
15017	11
15018	12
15019	14
15020	15
15021	14
15022	13
15023	14
15024	13
15025	12
15026	13
15027	12
15028	11
15029	11
15030	12
15031	11
15032	10
15033	12
15034	13
15035	13
15036	14
15037	13
15038	12
15039	12
15040	13
15041	12
15042	11
15043	12
15044	12
15045	13
15046	12
15047	11
15048	11
15049	12
15050	11
15051	10
15052	11
15053	11
15054	12
15055	11
15056	10
15057	10
15058	11
15059	10
15060	9
15061	11
15062	12
15063	12
15064	12
15065	12
15066	13
15067	12
15068	11
15069	11
15070	11
15071	11
15072	12
15073	11
15074	10
15075	11
15076	11
15077	12
15078	12
15079	13
15080	12
15081	11
15082	13
15083	14
15084	13
15085	12
15086	12
15087	11
15088	12
15089	11
15090	10
15091	10
15092	11
15093	13
15094	14
15095	13
15096	12
15097	12
15098	11
15099	12
15100	11
15101	10
15102	10
15103	11
15104	10
15105	9
15106	10
15107	10
15108	10
15109	10
15110	11
15111	10
15112	9
15113	9
15114	10
15115	10
15116	11
15117	10
15118	9
15119	11
15120	12
15121	11
15122	10
15123	11
15124	10
15125	9
15126	9
15127	8
15128	8
15129	9
15130	9
15131	10
15132	10
15133	11
15134	13
15135	14
15136	13
15137	12
15138	13
15139	12
15140	11
15141	12
15142	11
15143	10
15144	10
15145	11
15146	10
15147	9
15148	11
15149	12
15150	12
15151	13
15152	12
15153	11
15154	11
15155	12
15156	11
15157	10
15158	11
15159	11
15160	12
15161	11
15162	10
15163	10
15164	11
15165	10
15166	9
15167	10
15168	10
15169	11
15170	10
15171	9
15172	9
15173	10
15174	9
15175	8
15176	10
15177	10
15178	10
15179	10
15180	10
15181	11
15182	10
15183	9
15184	10
15185	10
15186	11
15187	11
15188	12
15189	11
15190	10
15191	12
15192	12
15193	11
15194	11
15195	10
15196	11
15197	10
15198	9
15199	9
15200	10
15201	12
15202	13
15203	12
15204	11
15205	12
15206	11
15207	10
15208	11
15209	10
15210	9
15211	9
15212	10
15213	9
15214	8
15215	9
15216	9
15217	10
15218	10
15219	11
15220	10
15221	9
15222	11
15223	12
15224	11
15225	10
15226	11
15227	10
15228	9
15229	9
15230	8
15231	8
15232	9
15233	9
15234	10
15235	9
15236	8
15237	10
15238	10
15239	9
15240	10
15241	9
15242	8
15243	9
15244	8
15245	7
15246	6
15247	5
15248	5
15249	5
15250	6
15251	6
15252	7
15253	7
15254	8
15255	10
15256	11
15257	11
15258	12
15259	14
15260	15
15261	14
15262	13
15263	14
15264	13
15265	12
15266	13
15267	12
15268	11
15269	11
15270	12
15271	11
15272	10
15273	10
15274	11
15275	13
15276	14
15277	13
15278	12
15279	13
15280	12
15281	11
15282	12
15283	11
15284	10
15285	10
15286	11
15287	10
15288	9
15289	10
15290	10
15291	11
15292	11
15293	12
15294	11
15295	10
15296	12
15297	13
15298	12
15299	11
15300	11
15301	10
15302	11
15303	10
15304	9
15305	9
15306	10
15307	12
15308	13
15309	12
15310	11
15311	12
15312	11
15313	10
15314	11
15315	10
15316	9
15317	9
15318	10
15319	9
15320	8
15321	9
15322	9
15323	10
15324	10
15325	11
15326	10
15327	9
15328	11
15329	12
15330	11
15331	10
15332	11
15333	10
15334	9
15335	10
15336	9
15337	8
15338	8
15339	9
15340	9
15341	10
15342	9
15343	8
15344	10
15345	11
15346	10
15347	9
15348	10
15349	9
15350	8
15351	8
15352	7
15353	7
15354	7
15355	9
15356	10
15357	10
15358	11
15359	10
15360	9
15361	9
15362	10
15363	9
15364	8
15365	8
15366	8
15367	9
15368	8
15369	7
15370	8
15371	8
15372	9
15373	8
15374	7
15375	7
15376	8
15377	7
15378	6
15379	8
15380	8
15381	8
15382	9
15383	11
15384	12
15385	12
15386	13
15387	12
15388	11
15389	11
15390	12
15391	11
15392	10
15393	11
15394	11
15395	12
15396	11
15397	10
15398	10
15399	11
15400	10
15401	9
15402	10
15403	10
15404	11
15405	10
15406	9
15407	9
15408	10
15409	9
15410	8
15411	8
15412	9
15413	9
15414	10
15415	9
15416	8
15417	10
15418	11
15419	10
15420	9
15421	10
15422	9
15423	8
15424	8
15425	7
15426	8
15427	8
15428	9
15429	9
15430	10
15431	12
15432	13
15433	12
15434	11
15435	12
15436	11
15437	10
15438	11
15439	10
15440	9
15441	9
15442	10
15443	9
15444	8
15445	10
15446	11
15447	11
15448	12
15449	11
15450	10
15451	10
15452	10
15453	9
15454	10
15455	10
15456	10
15457	9
15458	9
15459	10
15460	9
15461	8
15462	9
15463	9
15464	10
15465	9
15466	8
15467	8
15468	9
15469	8
15470	7
15471	7
15472	8
15473	10
15474	10
15475	10
15476	11
15477	10
15478	9
15479	10
15480	10
15481	11
15482	10
15483	9
15484	9
15485	10
15486	9
15487	8
15488	9
15489	9
15490	9
15491	8
15492	8
15493	9
15494	8
15495	7
15496	7
15497	8
15498	8
15499	9
15500	8
15501	7
15502	9
15503	10
15504	9
15505	8
15506	8
15507	7
15508	8
15509	7
15510	6
15511	7
15512	7
15513	7
15514	7
15515	8
15516	8
15517	9
15518	8
15519	7
15520	9
15521	10
15522	9
15523	8
15524	9
15525	8
15526	7
15527	8
15528	7
15529	6
15530	6
15531	6
15532	6
15533	7
15534	7
15535	8
15536	7
15537	6
15538	8
15539	9
15540	8
15541	7
15542	8
15543	7
15544	6
15545	7
15546	6
15547	5
15548	4
15549	3
15550	2
15551	1
15552	2
15553	2
15554	2
15555	2
15556	3
15557	3
15558	4
15559	6
15560	7
15561	7
15562	8
15563	10
15564	11
15565	11
15566	12
15567	14
15568	15
15569	14
15570	13
15571	14
15572	13
15573	12
15574	13
15575	12
15576	11
15577	11
15578	12
15579	11
15580	10
15581	10
15582	11
15583	13
15584	14
15585	13
15586	12
15587	11
15588	12
15589	11
15590	10
15591	10
15592	11
15593	10
15594	9
15595	10
15596	10
15597	11
15598	11
15599	12
15600	11
15601	10
15602	12
15603	13
15604	12
15605	11
15606	11
15607	10
15608	11
15609	10
15610	9
15611	9
15612	10
15613	12
15614	13
15615	12
15616	11
15617	12
15618	11
15619	10
15620	11
15621	10
15622	9
15623	9
15624	10
15625	9
15626	8
15627	9
15628	9
15629	10
15630	10
15631	11
15632	10
15633	9
15634	11
15635	12
15636	11
15637	10
15638	11
15639	10
15640	9
15641	10
15642	9
15643	8
15644	8
15645	9
15646	9
15647	10
15648	9
15649	8
15650	10
15651	11
15652	10
15653	9
15654	10
15655	9
15656	8
15657	8
15658	7
15659	7
15660	8
15661	10
15662	11
15663	11
15664	11
15665	10
15666	10
15667	10
15668	9
15669	9
15670	9
15671	10
15672	9
15673	8
15674	9
15675	9
15676	10
15677	9
15678	8
15679	8
15680	9
15681	8
15682	7
15683	7
15684	8
15685	8
15686	9
15687	8
15688	7
15689	9
15690	10
15691	9
15692	8
15693	9
15694	8
15695	7
15696	8
15697	7
15698	6
15699	6
15700	7
15701	9
15702	10
15703	10
15704	10
15705	12
15706	12
15707	11
15708	12
15709	11
15710	10
15711	11
15712	10
15713	9
15714	9
15715	10
15716	11
15717	12
15718	11
15719	10
15720	11
15721	10
15722	9
15723	9
15724	10
15725	9
15726	8
15727	9
15728	9
15729	10
15730	10
15731	11
15732	10
15733	9
15734	11
15735	11
15736	10
15737	11
15738	10
15739	9
15740	10
15741	9
15742	8
15743	8
15744	9
15745	11
15746	12
15747	11
15748	10
15749	11
15750	10
15751	9
15752	10
15753	9
15754	8
15755	8
15756	9
15757	8
15758	7
15759	8
15760	8
15761	9
15762	9
15763	10
15764	9
15765	8
15766	10
15767	11
15768	10
15769	9
15770	10
15771	9
15772	8
15773	8
15774	7
15775	7
15776	8
15777	8
15778	9
15779	8
15780	7
15781	9
15782	10
15783	9
15784	8
15785	9
15786	8
15787	7
15788	8
15789	7
15790	6
15791	6
15792	7
15793	9
15794	10
15795	10
15796	11
15797	10
15798	9
15799	9
15800	10
15801	9
15802	8
15803	9
15804	9
15805	10
15806	9
15807	8
15808	8
15809	9
15810	8
15811	7
15812	7
15813	7
15814	8
15815	7
15816	6
15817	6
15818	7
15819	7
15820	8
15821	7
15822	6
15823	8
15824	9
15825	8
15826	7
15827	8
15828	7
15829	6
15830	7
15831	6
15832	5
15833	5
15834	5
15835	6
15836	8
15837	8
15838	8
15839	9
15840	11
15841	12
15842	11
15843	10
15844	11
15845	10
15846	9
15847	10
15848	9
15849	8
15850	8
15851	9
15852	8
15853	7
15854	8
15855	8
15856	9
15857	9
15858	10
15859	9
15860	8
15861	10
15862	10
15863	9
15864	10
15865	9
15866	8
15867	8
15868	7
15869	7
15870	8
15871	10
15872	10
15873	9
15874	10
15875	9
15876	8
15877	9
15878	8
15879	7
15880	7
15881	8
15882	7
15883	6
15884	7
15885	7
15886	8
15887	8
15888	9
15889	8
15890	7
15891	9
15892	10
15893	9
15894	8
15895	8
15896	7
15897	7
15898	6
15899	6
15900	7
15901	9
15902	10
15903	9
15904	8
15905	9
15906	8
15907	7
15908	8
15909	7
15910	6
15911	6
15912	7
15913	6
15914	5
15915	5
15916	6
15917	6
15918	7
15919	7
15920	8
15921	7
15922	6
15923	8
15924	9
15925	8
15926	7
15927	8
15928	7
15929	6
15930	7
15931	6
15932	5
15933	7
15934	8
15935	8
15936	9
15937	8
15938	7
15939	7
15940	8
15941	7
15942	6
15943	7
15944	7
15945	8
15946	7
15947	6
15948	6
15949	7
15950	6
15951	5
15952	5
15953	5
15954	6
15955	5
15956	4
15957	4
15958	4
15959	5
15960	5
15961	6
15962	6
15963	7
15964	9
15965	10
15966	9
15967	8
15968	9
15969	8
15970	7
15971	8
15972	7
15973	6
15974	6
15975	7
15976	6
15977	5
15978	7
15979	8
15980	8
15981	9
15982	8
15983	7
15984	7
15985	8
15986	7
15987	6
15988	7
15989	7
15990	8
15991	7
15992	6
15993	6
15994	7
15995	6
15996	5
15997	6
15998	6
15999	7
16000	6
16001	5
16002	5
16003	6
16004	5
16005	4
16006	6
16007	6
16008	6
16009	6
16010	6
16011	7
16012	6
16013	5
16014	6
16015	6
16016	7
16017	7
16018	8
16019	7
16020	6
16021	8
16022	8
16023	7
16024	7
16025	6
16026	7
16027	6
16028	5
16029	5
16030	6
16031	8
16032	9
16033	8
16034	7
16035	8
16036	7
16037	6
16038	7
16039	6
16040	5
16041	5
16042	6
16043	5
16044	4
16045	5
16046	5
16047	6
16048	6
16049	7
16050	6
16051	5
16052	7
16053	8
16054	7
16055	6
16056	7
16057	6
16058	5
16059	5
16060	4
16061	4
16062	5
16063	5
16064	6
16065	5
16066	4
16067	6
16068	6
16069	5
16070	6
16071	5
16072	4
16073	5
16074	4
16075	3
16076	2
16077	1
16078	1
16079	2
16080	2
16081	3
16082	3
16083	4
16084	6
16085	7
16086	7
16087	8
16088	10
16089	11
16090	11
16091	12
16092	13
16093	14
16094	13
16095	12
16096	13
16097	12
16098	11
16099	11
16100	12
16101	11
16102	10
16103	10
16104	10
16105	12
16106	12
16107	11
16108	11
16109	10
16110	11
16111	10
16112	9
16113	10
16114	10
16115	11
16116	11
16117	12
16118	11
16119	10
16120	12
16121	13
16122	12
16123	11
16124	11
16125	10
16126	11
16127	10
16128	9
16129	9
16130	10
16131	12
16132	13
16133	12
16134	11
16135	12
16136	11
16137	10
16138	11
16139	10
16140	9
16141	9
16142	10
16143	9
16144	8
16145	9
16146	9
16147	10
16148	10
16149	11
16150	10
16151	9
16152	11
16153	12
16154	11
16155	10
16156	11
16157	10
16158	9
16159	10
16160	9
16161	8
16162	8
16163	9
16164	9
16165	10
16166	9
16167	8
16168	10
16169	11
16170	10
16171	9
16172	10
16173	9
16174	8
16175	8
16176	7
16177	7
16178	8
16179	10
16180	11
16181	11
16182	12
16183	11
16184	10
16185	10
16186	11
16187	10
16188	9
16189	9
16190	9
16191	10
16192	9
16193	8
16194	9
16195	9
16196	10
16197	9
16198	8
16199	8
16200	9
16201	8
16202	7
16203	7
16204	8
16205	8
16206	9
16207	8
16208	7
16209	9
16210	10
16211	9
16212	8
16213	9
16214	8
16215	7
16216	8
16217	7
16218	6
16219	6
16220	7
16221	9
16222	10
16223	10
16224	11
16225	13
16226	14
16227	13
16228	12
16229	12
16230	11
16231	12
16232	11
16233	10
16234	10
16235	11
16236	10
16237	9
16238	9
16239	10
16240	12
16241	13
16242	12
16243	11
16244	12
16245	11
16246	10
16247	11
16248	10
16249	9
16250	9
16251	10
16252	9
16253	8
16254	9
16255	9
16256	10
16257	10
16258	11
16259	10
16260	9
16261	11
16262	11
16263	10
16264	10
16265	9
16266	10
16267	9
16268	8
16269	8
16270	9
16271	11
16272	12
16273	11
16274	10
16275	11
16276	10
16277	9
16278	10
16279	9
16280	8
16281	8
16282	9
16283	8
16284	7
16285	8
16286	8
16287	9
16288	9
16289	10
16290	9
16291	8
16292	10
16293	11
16294	10
16295	9
16296	10
16297	9
16298	8
16299	8
16300	7
16301	7
16302	8
16303	8
16304	9
16305	8
16306	7
16307	9
16308	10
16309	9
16310	8
16311	9
16312	8
16313	7
16314	8
16315	7
16316	6
16317	6
16318	6
16319	6
16320	7
16321	7
16322	8
16323	7
16324	6
16325	8
16326	9
16327	8
16328	7
16329	8
16330	7
16331	6
16332	7
16333	6
16334	5
16335	5
16336	5
16337	6
16338	8
16339	8
16340	8
16341	9
16342	11
16343	12
16344	11
16345	10
16346	11
16347	10
16348	9
16349	10
16350	9
16351	8
16352	8
16353	9
16354	8
16355	7
16356	7
16357	7
16358	8
16359	10
16360	11
16361	10
16362	9
16363	10
16364	9
16365	8
16366	9
16367	8
16368	7
16369	7
16370	8
16371	7
16372	6
16373	7
16374	7
16375	8
16376	8
16377	9
16378	8
16379	7
16380	9
16381	10
16382	9
16383	8
16384	8
16385	7
16386	7
16387	6
16388	6
16389	7
16390	9
16391	9
16392	8
16393	9
16394	8
16395	7
16396	8
16397	7
16398	6
16399	6
16400	7
16401	6
16402	5
16403	5
16404	6
16405	6
16406	7
16407	7
16408	8
16409	7
16410	6
16411	8
16412	9
16413	8
16414	7
16415	8
16416	7
16417	6
16418	7
16419	6
16420	5
16421	7
16422	8
16423	8
16424	9
16425	8
16426	7
16427	7
16428	8
16429	7
16430	6
16431	7
16432	7
16433	8
16434	7
16435	6
16436	6
16437	7
16438	6
16439	5
16440	5
16441	5
16442	6
16443	5
16444	4
16445	4
16446	4
16447	5
16448	5
16449	6
16450	6
16451	7
16452	9
16453	10
16454	9
16455	8
16456	9
16457	8
16458	7
16459	8
16460	7
16461	6
16462	6
16463	7
16464	6
16465	5
16466	7
16467	8
16468	8
16469	9
16470	8
16471	7
16472	7
16473	8
16474	7
16475	6
16476	7
16477	7
16478	8
16479	7
16480	6
16481	6
16482	7
16483	6
16484	5
16485	6
16486	6
16487	7
16488	6
16489	5
16490	5
16491	6
16492	5
16493	4
16494	6
16495	6
16496	6
16497	6
16498	6
16499	7
16500	6
16501	5
16502	6
16503	6
16504	7
16505	7
16506	8
16507	7
16508	6
16509	8
16510	8
16511	7
16512	7
16513	6
16514	7
16515	6
16516	5
16517	5
16518	6
16519	8
16520	9
16521	8
16522	7
16523	8
16524	7
16525	6
16526	7
16527	6
16528	5
16529	5
16530	6
16531	5
16532	4
16533	5
16534	5
16535	6
16536	6
16537	7
16538	6
16539	5
16540	7
16541	7
16542	6
16543	7
16544	6
16545	5
16546	6
16547	5
16548	4
16549	4
16550	5
16551	5
16552	6
16553	5
16554	4
16555	6
16556	7
16557	6
16558	5
16559	6
16560	5
16561	4
16562	4
16563	3
16564	2
16565	1
16566	3
16567	4
16568	4
16569	4
16570	4
16571	4
16572	4
16573	4
16574	4
16575	5
16576	5
16577	6
16578	8
16579	9
16580	8
16581	7
16582	8
16583	7
16584	6
16585	7
16586	6
16587	5
16588	5
16589	6
16590	5
16591	4
16592	6
16593	7
16594	7
16595	8
16596	7
16597	6
16598	6
16599	7
16600	6
16601	5
16602	6
16603	6
16604	7
16605	6
16606	5
16607	5
16608	6
16609	5
16610	4
16611	5
16612	5
16613	6
16614	5
16615	4
16616	4
16617	5
16618	4
16619	3
16620	3
16621	4
16622	6
16623	6
16624	6
16625	7
16626	9
16627	10
16628	10
16629	11
16630	13
16631	14
16632	13
16633	12
16634	13
16635	12
16636	11
16637	12
16638	11
16639	10
16640	10
16641	11
16642	10
16643	9
16644	9
16645	10
16646	12
16647	13
16648	12
16649	11
16650	12
16651	11
16652	10
16653	11
16654	10
16655	9
16656	9
16657	10
16658	9
16659	8
16660	9
16661	9
16662	10
16663	10
16664	11
16665	10
16666	9
16667	11
16668	11
16669	10
16670	9
16671	10
16672	9
16673	8
16674	8
16675	9
16676	11
16677	12
16678	11
16679	10
16680	11
16681	10
16682	9
16683	10
16684	9
16685	8
16686	8
16687	8
16688	7
16689	8
16690	8
16691	9
16692	9
16693	10
16694	9
16695	8
16696	10
16697	11
16698	10
16699	9
16700	10
16701	9
16702	8
16703	9
16704	8
16705	7
16706	7
16707	8
16708	8
16709	9
16710	8
16711	7
16712	9
16713	10
16714	9
16715	8
16716	9
16717	8
16718	7
16719	7
16720	6
16721	6
16722	7
16723	9
16724	10
16725	10
16726	11
16727	10
16728	9
16729	9
16730	10
16731	9
16732	8
16733	8
16734	8
16735	9
16736	8
16737	7
16738	8
16739	8
16740	8
16741	7
16742	7
16743	8
16744	7
16745	6
16746	6
16747	6
16748	6
16749	7
16750	6
16751	5
16752	5
16753	5
16754	6
16755	8
16756	9
16757	9
16758	10
16759	12
16760	13
16761	12
16762	11
16763	12
16764	11
16765	10
16766	11
16767	10
16768	9
16769	9
16770	10
16771	9
16772	8
16773	8
16774	8
16775	8
16776	9
16777	8
16778	7
16779	8
16780	8
16781	9
16782	9
16783	10
16784	9
16785	8
16786	10
16787	10
16788	9
16789	10
16790	9
16791	8
16792	9
16793	8
16794	7
16795	7
16796	8
16797	10
16798	11
16799	10
16800	9
16801	10
16802	9
16803	8
16804	9
16805	8
16806	7
16807	7
16808	8
16809	7
16810	6
16811	7
16812	7
16813	8
16814	8
16815	9
16816	8
16817	7
16818	9
16819	10
16820	9
16821	8
16822	9
16823	8
16824	7
16825	8
16826	7
16827	6
16828	6
16829	7
16830	9
16831	10
16832	9
16833	8
16834	9
16835	8
16836	7
16837	8
16838	7
16839	6
16840	6
16841	7
16842	6
16843	5
16844	5
16845	6
16846	6
16847	7
16848	7
16849	8
16850	7
16851	6
16852	8
16853	9
16854	8
16855	7
16856	8
16857	7
16858	6
16859	7
16860	6
16861	5
16862	7
16863	8
16864	8
16865	9
16866	8
16867	7
16868	7
16869	8
16870	7
16871	6
16872	7
16873	7
16874	8
16875	7
16876	6
16877	6
16878	7
16879	6
16880	5
16881	5
16882	5
16883	6
16884	5
16885	4
16886	4
16887	4
16888	5
16889	5
16890	6
16891	6
16892	7
16893	9
16894	10
16895	9
16896	8
16897	9
16898	8
16899	7
16900	8
16901	7
16902	6
16903	6
16904	7
16905	6
16906	5
16907	7
16908	8
16909	8
16910	9
16911	8
16912	7
16913	7
16914	8
16915	7
16916	6
16917	7
16918	7
16919	8
16920	7
16921	6
16922	6
16923	7
16924	6
16925	5
16926	6
16927	6
16928	7
16929	6
16930	5
16931	5
16932	6
16933	5
16934	4
16935	6
16936	6
16937	6
16938	6
16939	6
16940	7
16941	6
16942	5
16943	6
16944	6
16945	7
16946	7
16947	8
16948	7
16949	6
16950	8
16951	8
16952	7
16953	7
16954	6
16955	7
16956	6
16957	5
16958	5
16959	6
16960	8
16961	9
16962	8
16963	7
16964	8
16965	7
16966	6
16967	7
16968	6
16969	5
16970	5
16971	6
16972	5
16973	4
16974	5
16975	5
16976	6
16977	6
16978	7
16979	6
16980	5
16981	7
16982	8
16983	7
16984	6
16985	7
16986	6
16987	5
16988	5
16989	4
16990	4
16991	5
16992	5
16993	6
16994	5
16995	4
16996	6
16997	6
16998	5
16999	6
17000	5
17001	4
17002	5
17003	4
17004	3
17005	2
17006	1
17007	1
17008	1
17009	2
17010	2
17011	3
17012	3
17013	4
17014	6
17015	7
17016	7
17017	8
17018	10
17019	11
17020	10
17021	9
17022	10
17023	9
17024	8
17025	9
17026	8
17027	7
17028	7
17029	8
17030	7
17031	6
17032	6
17033	7
17034	9
17035	10
17036	9
17037	8
17038	9
17039	8
17040	7
17041	8
17042	7
17043	6
17044	6
17045	6
17046	5
17047	6
17048	6
17049	7
17050	7
17051	8
17052	7
17053	6
17054	8
17055	8
17056	7
17057	8
17058	7
17059	6
17060	7
17061	6
17062	5
17063	5
17064	6
17065	8
17066	9
17067	8
17068	7
17069	8
17070	7
17071	6
17072	7
17073	6
17074	5
17075	5
17076	6
17077	5
17078	4
17079	5
17080	5
17081	6
17082	6
17083	7
17084	6
17085	5
17086	7
17087	8
17088	7
17089	6
17090	7
17091	6
17092	5
17093	5
17094	4
17095	4
17096	5
17097	5
17098	5
17099	4
17100	6
17101	7
17102	6
17103	5
17104	6
17105	5
17106	4
17107	5
17108	4
17109	3
17110	3
17111	4
17112	6
17113	7
17114	7
17115	8
17116	7
17117	6
17118	6
17119	7
17120	6
17121	5
17122	6
17123	6
17124	7
17125	6
17126	5
17127	5
17128	6
17129	5
17130	4
17131	4
17132	4
17133	5
17134	4
17135	3
17136	3
17137	4
17138	4
17139	5
17140	4
17141	3
17142	5
17143	6
17144	5
17145	4
17146	5
17147	4
17148	3
17149	4
17150	3
17151	2
17152	4
17153	5
17154	5
17155	6
17156	6
17157	7
17158	9
17159	10
17160	9
17161	8
17162	9
17163	8
17164	7
17165	8
17166	7
17167	6
17168	6
17169	7
17170	6
17171	5
17172	7
17173	8
17174	8
17175	8
17176	7
17177	7
17178	8
17179	7
17180	6
17181	7
17182	7
17183	8
17184	7
17185	6
17186	6
17187	7
17188	6
17189	5
17190	6
17191	6
17192	7
17193	6
17194	5
17195	5
17196	6
17197	5
17198	4
17199	4
17200	5
17201	7
17202	7
17203	7
17204	8
17205	7
17206	6
17207	7
17208	7
17209	8
17210	7
17211	6
17212	6
17213	7
17214	6
17215	5
17216	6
17217	6
17218	7
17219	6
17220	5
17221	5
17222	6
17223	5
17224	4
17225	4
17226	5
17227	5
17228	6
17229	5
17230	4
17231	6
17232	7
17233	6
17234	5
17235	6
17236	5
17237	4
17238	5
17239	4
17240	3
17241	3
17242	3
17243	3
17244	3
17245	4
17246	4
17247	5
17248	4
17249	3
17250	5
17251	6
17252	5
17253	4
17254	5
17255	4
17256	3
17257	4
17258	3
17259	2
17260	3
17261	3
17262	3
17263	3
17264	4
17265	4
17266	5
17267	4
17268	3
17269	5
17270	6
17271	5
17272	4
17273	5
17274	4
17275	3
17276	4
17277	3
17278	2
17279	2
17280	3
17281	3
17282	4
17283	4
17284	5
17285	4
17286	3
17287	5
17288	6
17289	5
17290	4
17291	5
17292	4
17293	3
17294	4
17295	3
17296	2
17297	4
17298	5
17299	5
17300	6
17301	5
17302	4
17303	4
17304	5
17305	4
17306	3
17307	4
17308	4
17309	4
17310	3
17311	3
17312	4
17313	3
17314	2
17315	3
17316	3
17317	4
17318	3
17319	2
17320	2
17321	2
17322	1
17323	1
17324	4
17325	5
17326	5
17327	6
17328	8
17329	9
17330	9
17331	10
17332	12
17333	13
17334	13
17335	13
17336	13
17337	14
17338	16
17339	17
17340	17
17341	18
17342	20
17343	19
17344	18
17345	17
17346	17
17347	16
17348	16
17349	17
17350	19
17351	18
17352	17
17353	16
17354	16
17355	15
17356	16
17357	16
17358	17
17359	17
17360	16
17361	18
17362	17
17363	16
17364	15
17365	15
17366	16
17367	18
17368	17
17369	16
17370	15
17371	15
17372	14
17373	15
17374	15
17375	16
17376	16
17377	15
17378	17
17379	16
17380	15
17381	14
17382	14
17383	15
17384	17
17385	16
17386	15
17387	14
17388	14
17389	13
17390	13
17391	14
17392	14
17393	15
17394	15
17395	14
17396	16
17397	15
17398	14
17399	13
17400	15
17401	16
17402	16
17403	15
17404	15
17405	14
17406	15
17407	15
17408	14
17409	14
17410	13
17411	14
17412	14
17413	13
17414	12
17415	12
17416	13
17417	15
17418	16
17419	16
17420	17
17421	19
17422	20
17423	20
17424	19
17425	19
17426	18
17427	19
17428	19
17429	18
17430	18
17431	17
17432	18
17433	18
17434	17
17435	17
17436	16
17437	16
17438	17
17439	19
17440	18
17441	17
17442	16
17443	16
17444	15
17445	15
17446	16
17447	18
17448	19
17449	19
17450	18
17451	18
17452	17
17453	18
17454	18
17455	17
17456	17
17457	16
17458	17
17459	17
17460	16
17461	16
17462	15
17463	15
17464	16
17465	18
17466	17
17467	16
17468	15
17469	15
17470	14
17471	15
17472	15
17473	16
17474	16
17475	17
17476	19
17477	18
17478	17
17479	16
17480	16
17481	15
17482	16
17483	17
17484	17
17485	16
17486	16
17487	15
17488	16
17489	16
17490	15
17491	15
17492	14
17493	14
17494	15
17495	17
17496	18
17497	18
17498	17
17499	17
17500	16
17501	17
17502	17
17503	16
17504	16
17505	15
17506	16
17507	16
17508	15
17509	15
17510	14
17511	14
17512	15
17513	15
17514	14
17515	16
17516	15
17517	14
17518	13
17519	14
17520	14
17521	15
17522	15
17523	16
17524	16
17525	15
17526	17
17527	16
17528	15
17529	14
17530	15
17531	16
17532	16
17533	15
17534	15
17535	14
17536	15
17537	15
17538	14
17539	14
17540	13
17541	13
17542	14
17543	14
17544	15
17545	15
17546	14
17547	16
17548	15
17549	14
17550	13
17551	15
17552	16
17553	16
17554	15
17555	15
17556	14
17557	15
17558	15
17559	14
17560	14
17561	13
17562	14
17563	14
17564	13
17565	13
17566	12
17567	12
17568	13
17569	14
17570	15
17571	15
17572	16
17573	17
17574	16
17575	15
17576	15
17577	14
17578	14
17579	15
17580	17
17581	16
17582	15
17583	14
17584	14
17585	13
17586	14
17587	14
17588	15
17589	15
17590	14
17591	15
17592	14
17593	13
17594	13
17595	14
17596	16
17597	15
17598	14
17599	13
17600	13
17601	12
17602	12
17603	13
17604	13
17605	14
17606	14
17607	13
17608	15
17609	14
17610	13
17611	12
17612	14
17613	15
17614	15
17615	14
17616	14
17617	13
17618	14
17619	14
17620	13
17621	13
17622	12
17623	13
17624	12
17625	12
17626	11
17627	10
17628	11
17629	11
17630	12
17631	12
17632	13
17633	13
17634	14
17635	16
17636	17
17637	17
17638	16
17639	16
17640	15
17641	16
17642	16
17643	15
17644	15
17645	14
17646	15
17647	15
17648	14
17649	14
17650	13
17651	13
17652	14
17653	16
17654	15
17655	14
17656	13
17657	13
17658	12
17659	14
17660	15
17661	15
17662	16
17663	16
17664	15
17665	17
17666	16
17667	15
17668	14
17669	14
17670	15
17671	17
17672	16
17673	15
17674	14
17675	14
17676	13
17677	14
17678	14
17679	15
17680	15
17681	14
17682	15
17683	14
17684	13
17685	13
17686	14
17687	16
17688	15
17689	14
17690	13
17691	13
17692	12
17693	13
17694	13
17695	14
17696	14
17697	13
17698	15
17699	14
17700	13
17701	12
17702	12
17703	13
17704	13
17705	12
17706	14
17707	13
17708	12
17709	11
17710	12
17711	13
17712	13
17713	14
17714	14
17715	15
17716	17
17717	16
17718	15
17719	14
17720	14
17721	13
17722	13
17723	14
17724	14
17725	13
17726	13
17727	12
17728	12
17729	13
17730	15
17731	16
17732	16
17733	15
17734	15
17735	14
17736	15
17737	14
17738	14
17739	13
17740	14
17741	14
17742	13
17743	13
17744	12
17745	12
17746	13
17747	13
17748	12
17749	14
17750	13
17751	12
17752	11
17753	12
17754	12
17755	13
17756	13
17757	14
17758	14
17759	13
17760	15
17761	14
17762	13
17763	12
17764	13
17765	14
17766	14
17767	13
17768	13
17769	12
17770	13
17771	12
17772	12
17773	11
17774	11
17775	12
17776	12
17777	13
17778	13
17779	12
17780	14
17781	13
17782	12
17783	11
17784	12
17785	13
17786	13
17787	12
17788	12
17789	11
17790	12
17791	11
17792	11
17793	10
17794	10
17795	11
17796	11
17797	12
17798	12
17799	13
17800	15
17801	16
17802	16
17803	15
17804	15
17805	14
17806	15
17807	15
17808	14
17809	14
17810	13
17811	14
17812	14
17813	13
17814	13
17815	12
17816	12
17817	13
17818	15
17819	14
17820	13
17821	12
17822	12
17823	11
17824	13
17825	14
17826	14
17827	15
17828	15
17829	14
17830	15
17831	14
17832	13
17833	13
17834	14
17835	16
17836	15
17837	14
17838	13
17839	13
17840	12
17841	13
17842	13
17843	14
17844	14
17845	13
17846	15
17847	14
17848	13
17849	12
17850	12
17851	13
17852	15
17853	14
17854	13
17855	12
17856	12
17857	11
17858	12
17859	12
17860	13
17861	13
17862	12
17863	14
17864	13
17865	12
17866	11
17867	11
17868	12
17869	12
17870	11
17871	13
17872	12
17873	11
17874	10
17875	12
17876	13
17877	13
17878	14
17879	16
17880	17
17881	17
17882	16
17883	16
17884	15
17885	16
17886	16
17887	15
17888	15
17889	14
17890	15
17891	15
17892	14
17893	14
17894	13
17895	13
17896	14
17897	16
17898	15
17899	14
17900	13
17901	13
17902	12
17903	11
17904	12
17905	12
17906	13
17907	13
17908	14
17909	16
17910	15
17911	14
17912	13
17913	13
17914	12
17915	13
17916	14
17917	14
17918	13
17919	13
17920	12
17921	13
17922	13
17923	12
17924	12
17925	11
17926	11
17927	12
17928	14
17929	15
17930	15
17931	14
17932	14
17933	13
17934	14
17935	14
17936	13
17937	13
17938	12
17939	13
17940	12
17941	12
17942	11
17943	11
17944	12
17945	12
17946	11
17947	13
17948	12
17949	11
17950	10
17951	11
17952	11
17953	12
17954	12
17955	13
17956	13
17957	12
17958	14
17959	13
17960	12
17961	11
17962	12
17963	13
17964	13
17965	12
17966	12
17967	11
17968	12
17969	11
17970	11
17971	10
17972	10
17973	11
17974	11
17975	12
17976	12
17977	11
17978	13
17979	12
17980	11
17981	10
17982	12
17983	13
17984	13
17985	12
17986	12
17987	11
17988	12
17989	12
17990	11
17991	11
17992	10
17993	11
17994	11
17995	10
17996	9
17997	8
17998	8
17999	9
18000	11
18001	12
18002	12
18003	13
18004	15
18005	16
18006	16
18007	17
18008	19
18009	20
18010	20
18011	19
18012	19
18013	18
18014	19
18015	19
18016	18
18017	18
18018	17
18019	18
18020	18
18021	17
18022	17
18023	16
18024	16
18025	17
18026	19
18027	18
18028	17
18029	16
18030	16
18031	15
18032	15
18033	16
18034	18
18035	19
18036	19
18037	18
18038	18
18039	17
18040	18
18041	18
18042	17
18043	17
18044	16
18045	17
18046	17
18047	16
18048	16
18049	15
18050	15
18051	16
18052	18
18053	17
18054	16
18055	15
18056	15
18057	14
18058	15
18059	15
18060	16
18061	16
18062	17
18063	19
18064	18
18065	17
18066	16
18067	16
18068	15
18069	16
18070	17
18071	17
18072	16
18073	16
18074	15
18075	16
18076	16
18077	15
18078	15
18079	14
18080	14
18081	15
18082	17
18083	18
18084	18
18085	17
18086	17
18087	16
18088	17
18089	17
18090	16
18091	16
18092	15
18093	16
18094	16
18095	15
18096	15
18097	14
18098	14
18099	15
18100	15
18101	14
18102	16
18103	15
18104	14
18105	13
18106	14
18107	14
18108	15
18109	15
18110	16
18111	16
18112	15
18113	17
18114	16
18115	15
18116	14
18117	16
18118	17
18119	17
18120	16
18121	16
18122	15
18123	16
18124	16
18125	15
18126	15
18127	14
18128	15
18129	15
18130	14
18131	14
18132	13
18133	13
18134	14
18135	14
18136	15
18137	15
18138	14
18139	16
18140	15
18141	14
18142	13
18143	14
18144	15
18145	15
18146	14
18147	14
18148	13
18149	14
18150	14
18151	13
18152	13
18153	12
18154	12
18155	13
18156	14
18157	15
18158	15
18159	16
18160	18
18161	17
18162	16
18163	15
18164	15
18165	14
18166	14
18167	15
18168	16
18169	15
18170	14
18171	14
18172	13
18173	14
18174	14
18175	15
18176	15
18177	14
18178	15
18179	14
18180	13
18181	13
18182	14
18183	16
18184	15
18185	14
18186	13
18187	13
18188	12
18189	12
18190	13
18191	13
18192	14
18193	14
18194	13
18195	15
18196	14
18197	13
18198	12
18199	14
18200	15
18201	15
18202	14
18203	14
18204	13
18205	14
18206	14
18207	13
18208	13
18209	12
18210	13
18211	13
18212	12
18213	11
18214	11
18215	12
18216	14
18217	15
18218	15
18219	16
18220	18
18221	19
18222	19
18223	18
18224	18
18225	17
18226	18
18227	18
18228	17
18229	17
18230	16
18231	17
18232	17
18233	16
18234	16
18235	15
18236	15
18237	16
18238	18
18239	17
18240	16
18241	15
18242	15
18243	14
18244	14
18245	14
18246	14
18247	15
18248	15
18249	14
18250	14
18251	13
18252	14
18253	14
18254	15
18255	15
18256	16
18257	18
18258	17
18259	16
18260	15
18261	15
18262	14
18263	15
18264	16
18265	16
18266	15
18267	15
18268	14
18269	15
18270	15
18271	14
18272	14
18273	13
18274	13
18275	14
18276	16
18277	17
18278	17
18279	16
18280	16
18281	15
18282	16
18283	16
18284	15
18285	15
18286	14
18287	15
18288	15
18289	14
18290	14
18291	13
18292	13
18293	14
18294	14
18295	13
18296	15
18297	14
18298	13
18299	12
18300	13
18301	13
18302	14
18303	14
18304	15
18305	15
18306	14
18307	16
18308	15
18309	14
18310	13
18311	14
18312	15
18313	15
18314	14
18315	14
18316	13
18317	14
18318	14
18319	13
18320	13
18321	12
18322	12
18323	13
18324	13
18325	14
18326	14
18327	13
18328	15
18329	14
18330	13
18331	12
18332	14
18333	15
18334	15
18335	14
18336	14
18337	13
18338	14
18339	14
18340	13
18341	13
18342	12
18343	13
18344	13
18345	12
18346	12
18347	11
18348	11
18349	12
18350	13
18351	14
18352	14
18353	15
18354	16
18355	15
18356	14
18357	14
18358	13
18359	13
18360	14
18361	16
18362	15
18363	14
18364	13
18365	13
18366	12
18367	13
18368	13
18369	14
18370	14
18371	13
18372	14
18373	13
18374	12
18375	12
18376	13
18377	15
18378	14
18379	13
18380	12
18381	12
18382	11
18383	11
18384	12
18385	12
18386	13
18387	13
18388	12
18389	14
18390	13
18391	12
18392	11
18393	13
18394	14
18395	14
18396	13
18397	13
18398	12
18399	13
18400	13
18401	12
18402	12
18403	11
18404	12
18405	11
18406	11
18407	10
18408	9
18409	10
18410	10
18411	11
18412	11
18413	12
18414	12
18415	13
18416	15
18417	16
18418	16
18419	15
18420	15
18421	14
18422	15
18423	15
18424	14
18425	14
18426	13
18427	14
18428	14
18429	13
18430	13
18431	12
18432	12
18433	13
18434	15
18435	14
18436	13
18437	12
18438	12
18439	11
18440	13
18441	14
18442	14
18443	15
18444	15
18445	14
18446	16
18447	15
18448	14
18449	13
18450	13
18451	14
18452	16
18453	15
18454	14
18455	13
18456	13
18457	12
18458	13
18459	13
18460	14
18461	14
18462	13
18463	14
18464	13
18465	12
18466	12
18467	13
18468	15
18469	14
18470	13
18471	12
18472	12
18473	11
18474	12
18475	12
18476	13
18477	13
18478	12
18479	14
18480	13
18481	12
18482	11
18483	11
18484	12
18485	12
18486	11
18487	13
18488	12
18489	11
18490	10
18491	11
18492	12
18493	12
18494	13
18495	13
18496	14
18497	16
18498	15
18499	14
18500	13
18501	13
18502	12
18503	13
18504	14
18505	14
18506	13
18507	12
18508	13
18509	13
18510	12
18511	12
18512	11
18513	11
18514	12
18515	13
18516	14
18517	14
18518	13
18519	13
18520	12
18521	13
18522	13
18523	12
18524	12
18525	11
18526	11
18527	12
18528	12
18529	11
18530	13
18531	12
18532	11
18533	10
18534	11
18535	11
18536	12
18537	12
18538	13
18539	13
18540	12
18541	14
18542	13
18543	12
18544	11
18545	12
18546	13
18547	13
18548	12
18549	12
18550	11
18551	12
18552	11
18553	11
18554	10
18555	10
18556	11
18557	11
18558	12
18559	12
18560	11
18561	13
18562	12
18563	11
18564	10
18565	11
18566	12
18567	12
18568	11
18569	11
18570	10
18571	11
18572	10
18573	10
18574	9
18575	9
18576	10
18577	10
18578	11
18579	11
18580	12
18581	14
18582	15
18583	15
18584	14
18585	14
18586	13
18587	14
18588	14
18589	13
18590	13
18591	12
18592	13
18593	13
18594	12
18595	12
18596	11
18597	10
18598	12
18599	13
18600	13
18601	14
18602	14
18603	13
18604	14
18605	13
18606	12
18607	12
18608	13
18609	15
18610	14
18611	13
18612	12
18613	12
18614	11
18615	12
18616	12
18617	13
18618	13
18619	12
18620	14
18621	13
18622	12
18623	11
18624	11
18625	12
18626	14
18627	13
18628	12
18629	11
18630	11
18631	10
18632	11
18633	11
18634	12
18635	12
18636	11
18637	13
18638	12
18639	11
18640	10
18641	10
18642	11
18643	11
18644	10
18645	12
18646	11
18647	10
18648	9
18649	10
18650	11
18651	11
18652	12
18653	12
18654	13
18655	15
18656	14
18657	13
18658	12
18659	12
18660	11
18661	11
18662	12
18663	12
18664	11
18665	11
18666	10
18667	10
18668	11
18669	13
18670	14
18671	14
18672	13
18673	13
18674	12
18675	13
18676	13
18677	12
18678	12
18679	11
18680	12
18681	11
18682	11
18683	10
18684	10
18685	11
18686	11
18687	10
18688	12
18689	11
18690	10
18691	9
18692	10
18693	10
18694	11
18695	11
18696	12
18697	12
18698	11
18699	13
18700	12
18701	11
18702	10
18703	11
18704	12
18705	12
18706	11
18707	11
18708	10
18709	11
18710	10
18711	10
18712	9
18713	9
18714	10
18715	10
18716	11
18717	11
18718	10
18719	12
18720	11
18721	10
18722	9
18723	10
18724	11
18725	11
18726	10
18727	10
18728	9
18729	10
18730	10
18731	9
18732	8
18733	7
18734	6
18735	5
18736	5
18737	6
18738	5
18739	5
18740	6
18741	6
18742	7
18743	7
18744	8
18745	10
18746	11
18747	11
18748	12
18749	14
18750	15
18751	15
18752	14
18753	14
18754	13
18755	14
18756	14
18757	13
18758	13
18759	12
18760	13
18761	13
18762	12
18763	12
18764	11
18765	11
18766	12
18767	14
18768	13
18769	12
18770	11
18771	11
18772	10
18773	10
18774	11
18775	12
18776	13
18777	13
18778	12
18779	12
18780	11
18781	12
18782	12
18783	11
18784	11
18785	10
18786	9
18787	10
18788	10
18789	11
18790	11
18791	12
18792	14
18793	13
18794	12
18795	11
18796	11
18797	10
18798	11
18799	12
18800	12
18801	11
18802	11
18803	10
18804	11
18805	11
18806	10
18807	10
18808	9
18809	9
18810	10
18811	12
18812	13
18813	13
18814	12
18815	12
18816	11
18817	12
18818	12
18819	11
18820	11
18821	10
18822	11
18823	11
18824	10
18825	10
18826	9
18827	9
18828	10
18829	10
18830	9
18831	11
18832	10
18833	9
18834	8
18835	9
18836	9
18837	10
18838	10
18839	11
18840	11
18841	10
18842	12
18843	11
18844	10
18845	9
18846	11
18847	12
18848	12
18849	11
18850	11
18851	10
18852	11
18853	11
18854	10
18855	10
18856	9
18857	10
18858	10
18859	9
18860	9
18861	8
18862	8
18863	9
18864	9
18865	10
18866	10
18867	9
18868	11
18869	10
18870	9
18871	8
18872	9
18873	10
18874	10
18875	9
18876	9
18877	8
18878	9
18879	9
18880	8
18881	8
18882	7
18883	7
18884	8
18885	9
18886	10
18887	10
18888	11
18889	13
18890	12
18891	11
18892	10
18893	10
18894	9
18895	9
18896	10
18897	12
18898	11
18899	10
18900	9
18901	9
18902	8
18903	9
18904	9
18905	10
18906	10
18907	9
18908	10
18909	9
18910	8
18911	8
18912	9
18913	11
18914	10
18915	9
18916	8
18917	8
18918	7
18919	7
18920	8
18921	8
18922	9
18923	9
18924	8
18925	10
18926	9
18927	8
18928	7
18929	9
18930	10
18931	10
18932	9
18933	9
18934	8
18935	9
18936	9
18937	8
18938	8
18939	7
18940	8
18941	8
18942	7
18943	6
18944	7
18945	8
18946	8
18947	9
18948	9
18949	10
18950	12
18951	13
18952	13
18953	12
18954	12
18955	11
18956	12
18957	12
18958	11
18959	11
18960	10
18961	11
18962	11
18963	10
18964	10
18965	9
18966	9
18967	10
18968	12
18969	11
18970	10
18971	9
18972	9
18973	8
18974	10
18975	11
18976	11
18977	12
18978	12
18979	11
18980	12
18981	11
18982	10
18983	10
18984	11
18985	13
18986	12
18987	11
18988	10
18989	10
18990	9
18991	10
18992	10
18993	11
18994	11
18995	10
18996	11
18997	10
18998	9
18999	9
19000	10
19001	12
19002	11
19003	10
19004	9
19005	9
19006	8
19007	9
19008	9
19009	10
19010	10
19011	9
19012	11
19013	10
19014	9
19015	8
19016	8
19017	9
19018	9
19019	8
19020	10
19021	9
19022	8
19023	7
19024	7
19025	8
19026	9
19027	10
19028	10
19029	11
19030	11
19031	10
19032	10
19033	9
19034	9
19035	10
19036	12
19037	11
19038	10
19039	9
19040	9
19041	8
19042	9
19043	9
19044	10
19045	10
19046	9
19047	11
19048	10
19049	9
19050	8
19051	8
19052	9
19053	10
19054	9
19055	8
19056	8
19057	7
19058	7
19059	8
19060	8
19061	9
19062	9
19063	8
19064	10
19065	9
19066	8
19067	7
19068	9
19069	10
19070	10
19071	9
19072	9
19073	8
19074	9
19075	9
19076	8
19077	8
19078	7
19079	8
19080	7
19081	7
19082	6
19083	7
19084	7
19085	8
19086	8
19087	9
19088	9
19089	10
19090	12
19091	11
19092	10
19093	9
19094	9
19095	8
19096	10
19097	11
19098	11
19099	10
19100	10
19101	9
19102	10
19103	10
19104	9
19105	9
19106	8
19107	9
19108	9
19109	8
19110	8
19111	7
19112	9
19113	10
19114	10
19115	11
19116	12
19117	11
19118	10
19119	10
19120	9
19121	9
19122	10
19123	12
19124	11
19125	10
19126	9
19127	9
19128	8
19129	9
19130	8
19131	8
19132	9
19133	11
19134	10
19135	9
19136	8
19137	8
19138	7
19139	8
19140	8
19141	9
19142	9
19143	8
19144	10
19145	9
19146	8
19147	7
19148	7
19149	8
19150	8
19151	7
19152	9
19153	8
19154	7
19155	6
19156	5
19157	4
19158	4
19159	5
19160	7
19161	8
19162	8
19163	9
19164	10
19165	11
19166	11
19167	12
19168	14
19169	15
19170	15
19171	15
19172	14
19173	14
19174	15
19175	17
19176	18
19177	18
19178	17
19179	16
19180	17
19181	17
19182	16
19183	16
19184	15
19185	16
19186	16
19187	15
19188	15
19189	14
19190	14
19191	15
19192	17
19193	16
19194	15
19195	14
19196	14
19197	13
19198	14
19199	13
19200	13
19201	14
19202	16
19203	17
19204	17
19205	16
19206	16
19207	15
19208	16
19209	16
19210	15
19211	15
19212	14
19213	15
19214	15
19215	14
19216	14
19217	13
19218	12
19219	13
19220	13
19221	14
19222	14
19223	15
19224	15
19225	14
19226	16
19227	15
19228	14
19229	13
19230	15
19231	16
19232	16
19233	15
19234	15
19235	14
19236	15
19237	15
19238	14
19239	14
19240	13
19241	14
19242	14
19243	13
19244	13
19245	12
19246	12
19247	13
19248	13
19249	14
19250	14
19251	13
19252	15
19253	14
19254	13
19255	12
19256	13
19257	14
19258	14
19259	13
19260	13
19261	12
19262	13
19263	13
19264	12
19265	12
19266	11
19267	11
19268	12
19269	13
19270	14
19271	14
19272	15
19273	17
19274	16
19275	15
19276	14
19277	14
19278	13
19279	13
19280	14
19281	15
19282	14
19283	13
19284	13
19285	12
19286	13
19287	13
19288	14
19289	14
19290	13
19291	14
19292	13
19293	12
19294	12
19295	13
19296	15
19297	14
19298	13
19299	12
19300	12
19301	11
19302	11
19303	12
19304	12
19305	13
19306	13
19307	12
19308	14
19309	13
19310	12
19311	11
19312	13
19313	14
19314	14
19315	13
19316	13
19317	12
19318	13
19319	13
19320	12
19321	12
19322	11
19323	12
19324	12
19325	11
19326	10
19327	10
19328	11
19329	12
19330	13
19331	12
19332	11
19333	12
19334	12
19335	13
19336	13
19337	14
19338	14
19339	13
19340	15
19341	14
19342	13
19343	12
19344	14
19345	15
19346	15
19347	14
19348	13
19349	14
19350	14
19351	13
19352	13
19353	12
19354	13
19355	12
19356	12
19357	11
19358	11
19359	12
19360	12
19361	13
19362	13
19363	12
19364	14
19365	13
19366	12
19367	11
19368	13
19369	14
19370	14
19371	13
19372	13
19373	12
19374	13
19375	13
19376	12
19377	12
19378	11
19379	12
19380	12
19381	11
19382	11
19383	10
19384	10
19385	11
19386	12
19387	13
19388	13
19389	14
19390	16
19391	15
19392	14
19393	13
19394	13
19395	12
19396	12
19397	13
19398	15
19399	14
19400	13
19401	12
19402	12
19403	11
19404	12
19405	12
19406	13
19407	13
19408	12
19409	14
19410	13
19411	12
19412	11
19413	11
19414	12
19415	14
19416	13
19417	12
19418	11
19419	11
19420	10
19421	10
19422	11
19423	11
19424	12
19425	12
19426	11
19427	13
19428	12
19429	11
19430	10
19431	12
19432	13
19433	13
19434	12
19435	12
19436	11
19437	12
19438	12
19439	11
19440	11
19441	10
19442	11
19443	10
19444	10
19445	9
19446	10
19447	10
19448	11
19449	11
19450	12
19451	12
19452	13
19453	15
19454	16
19455	16
19456	15
19457	15
19458	14
19459	15
19460	15
19461	14
19462	14
19463	13
19464	14
19465	14
19466	13
19467	13
19468	12
19469	12
19470	13
19471	15
19472	14
19473	13
19474	12
19475	12
19476	11
19477	13
19478	14
19479	14
19480	15
19481	15
19482	14
19483	16
19484	15
19485	14
19486	13
19487	13
19488	14
19489	16
19490	15
19491	14
19492	13
19493	13
19494	12
19495	13
19496	13
19497	14
19498	14
19499	13
19500	14
19501	13
19502	12
19503	12
19504	13
19505	15
19506	14
19507	13
19508	12
19509	12
19510	11
19511	12
19512	12
19513	13
19514	13
19515	12
19516	14
19517	13
19518	12
19519	11
19520	11
19521	12
19522	12
19523	11
19524	13
19525	12
19526	11
19527	10
19528	11
19529	12
19530	11
19531	11
19532	12
19533	14
19534	15
19535	15
19536	14
19537	14
19538	13
19539	14
19540	13
19541	13
19542	12
19543	13
19544	13
19545	12
19546	12
19547	11
19548	11
19549	12
19550	12
19551	11
19552	13
19553	12
19554	11
19555	10
19556	11
19557	11
19558	12
19559	12
19560	13
19561	13
19562	12
19563	14
19564	13
19565	12
19566	11
19567	13
19568	14
19569	14
19570	13
19571	12
19572	13
19573	12
19574	12
19575	11
19576	12
19577	11
19578	11
19579	10
19580	10
19581	11
19582	11
19583	12
19584	12
19585	11
19586	13
19587	12
19588	11
19589	10
19590	11
19591	12
19592	12
19593	11
19594	11
19595	10
19596	11
19597	10
19598	10
19599	9
19600	9
19601	10
19602	10
19603	11
19604	11
19605	12
19606	14
19607	15
19608	15
19609	14
19610	14
19611	13
19612	14
19613	14
19614	13
19615	13
19616	12
19617	13
19618	13
19619	12
19620	12
19621	11
19622	11
19623	12
19624	14
19625	13
19626	12
19627	11
19628	11
19629	10
19630	12
19631	13
19632	13
19633	14
19634	14
19635	13
19636	14
19637	13
19638	12
19639	12
19640	13
19641	15
19642	14
19643	13
19644	12
19645	12
19646	11
19647	12
19648	12
19649	13
19650	13
19651	12
19652	14
19653	13
19654	12
19655	11
19656	11
19657	12
19658	14
19659	13
19660	12
19661	11
19662	11
19663	10
19664	11
19665	11
19666	12
19667	12
19668	11
19669	13
19670	12
19671	11
19672	10
19673	10
19674	11
19675	11
19676	10
19677	12
19678	11
19679	10
19680	9
19681	10
19682	11
19683	11
19684	12
19685	12
19686	13
19687	15
19688	14
19689	13
19690	12
19691	12
19692	11
19693	12
19694	13
19695	13
19696	12
19697	12
19698	11
19699	12
19700	12
19701	11
19702	11
19703	10
19704	10
19705	11
19706	13
19707	14
19708	14
19709	13
19710	13
19711	12
19712	13
19713	13
19714	12
19715	12
19716	11
19717	12
19718	11
19719	11
19720	10
19721	10
19722	11
19723	11
19724	10
19725	12
19726	11
19727	10
19728	9
19729	10
19730	10
19731	11
19732	11
19733	12
19734	12
19735	11
19736	13
19737	12
19738	11
19739	10
19740	11
19741	12
19742	12
19743	11
19744	11
19745	10
19746	11
19747	10
19748	10
19749	9
19750	9
19751	10
19752	10
19753	11
19754	11
19755	10
19756	12
19757	11
19758	10
19759	9
19760	10
19761	11
19762	11
19763	10
19764	10
19765	9
19766	10
19767	10
19768	9
19769	8
19770	7
19771	7
19772	8
19773	10
19774	11
19775	11
19776	12
19777	14
19778	15
19779	15
19780	16
19781	18
19782	19
19783	19
19784	18
19785	18
19786	17
19787	18
19788	18
19789	17
19790	17
19791	16
19792	17
19793	17
19794	16
19795	16
19796	15
19797	15
19798	16
19799	18
19800	17
19801	16
19802	15
19803	15
19804	14
19805	14
19806	15
19807	17
19808	18
19809	18
19810	17
19811	17
19812	16
19813	17
19814	17
19815	16
19816	16
19817	15
19818	16
19819	16
19820	15
19821	15
19822	14
19823	14
19824	15
19825	17
19826	16
19827	15
19828	14
19829	14
19830	13
19831	14
19832	14
19833	15
19834	15
19835	16
19836	18
19837	17
19838	16
19839	15
19840	15
19841	14
19842	15
19843	16
19844	16
19845	15
19846	15
19847	14
19848	15
19849	15
19850	14
19851	14
19852	13
19853	13
19854	14
19855	16
19856	17
19857	17
19858	16
19859	16
19860	15
19861	16
19862	16
19863	15
19864	15
19865	14
19866	15
19867	15
19868	14
19869	14
19870	13
19871	13
19872	14
19873	14
19874	13
19875	15
19876	14
19877	13
19878	12
19879	13
19880	13
19881	14
19882	14
19883	15
19884	15
19885	14
19886	16
19887	15
19888	14
19889	13
19890	15
19891	16
19892	16
19893	15
19894	15
19895	14
19896	15
19897	15
19898	14
19899	14
19900	13
19901	14
19902	14
19903	13
19904	13
19905	12
19906	12
19907	13
19908	13
19909	14
19910	14
19911	13
19912	15
19913	14
19914	13
19915	12
19916	13
19917	14
19918	14
19919	13
19920	13
19921	12
19922	13
19923	13
19924	12
19925	12
19926	11
19927	11
19928	12
19929	13
19930	14
19931	14
19932	15
19933	17
19934	16
19935	15
19936	14
19937	14
19938	13
19939	13
19940	14
19941	15
19942	14
19943	13
19944	13
19945	12
19946	13
19947	13
19948	14
19949	14
19950	13
19951	14
19952	13
19953	12
19954	12
19955	13
19956	15
19957	14
19958	13
19959	12
19960	12
19961	11
19962	11
19963	12
19964	11
19965	13
19966	14
19967	14
19968	13
19969	13
19970	12
19971	13
19972	13
19973	12
19974	12
19975	11
19976	12
19977	12
19978	11
19979	10
19980	10
19981	10
19982	10
19983	11
19984	11
19985	12
19986	11
19987	11
19988	12
19989	14
19990	13
19991	12
19992	11
19993	11
19994	10
19995	10
19996	11
19997	11
19998	12
19999	12
20000	11
20001	13
20002	12
20003	11
20004	10
20005	12
20006	13
20007	13
20008	12
20009	12
20010	11
20011	12
20012	12
20013	11
20014	11
20015	10
20016	11
20017	11
20018	10
20019	10
20020	9
20021	8
20022	9
20023	9
20024	10
20025	10
20026	11
20027	11
20028	12
20029	14
20030	15
20031	15
20032	14
20033	14
20034	13
20035	14
20036	14
20037	13
20038	13
20039	12
20040	13
20041	13
20042	12
20043	12
20044	11
20045	11
20046	12
20047	14
20048	13
20049	12
20050	11
20051	11
20052	10
20053	12
20054	13
20055	13
20056	14
20057	14
20058	13
20059	15
20060	14
20061	13
20062	12
20063	12
20064	13
20065	15
20066	14
20067	13
20068	12
20069	12
20070	11
20071	12
20072	12
20073	13
20074	13
20075	12
20076	13
20077	12
20078	11
20079	11
20080	12
20081	14
20082	13
20083	12
20084	11
20085	11
20086	10
20087	11
20088	11
20089	12
20090	12
20091	11
20092	13
20093	12
20094	11
20095	10
20096	10
20097	11
20098	11
20099	10
20100	12
20101	11
20102	10
20103	9
20104	11
20105	12
20106	11
20107	10
20108	11
20109	11
20110	12
20111	12
20112	13
20113	15
20114	14
20115	13
20116	12
20117	12
20118	11
20119	13
20120	14
20121	14
20122	13
20123	12
20124	13
20125	12
20126	12
20127	11
20128	12
20129	11
20130	11
20131	10
20132	10
20133	11
20134	12
20135	13
20136	13
20137	12
20138	12
20139	11
20140	12
20141	12
20142	11
20143	11
20144	10
20145	10
20146	11
20147	11
20148	10
20149	12
20150	11
20151	10
20152	9
20153	10
20154	9
20155	9
20156	10
20157	10
20158	11
20159	11
20160	10
20161	12
20162	11
20163	10
20164	9
20165	10
20166	11
20167	11
20168	10
20169	10
20170	9
20171	10
20172	9
20173	9
20174	8
20175	8
20176	9
20177	9
20178	10
20179	10
20180	11
20181	13
20182	14
20183	14
20184	13
20185	13
20186	12
20187	13
20188	13
20189	12
20190	12
20191	11
20192	12
20193	12
20194	11
20195	11
20196	10
20197	9
20198	11
20199	12
20200	12
20201	13
20202	13
20203	12
20204	13
20205	12
20206	11
20207	11
20208	12
20209	14
20210	13
20211	12
20212	11
20213	11
20214	10
20215	11
20216	11
20217	12
20218	12
20219	11
20220	13
20221	12
20222	11
20223	10
20224	10
20225	11
20226	13
20227	12
20228	11
20229	10
20230	10
20231	9
20232	10
20233	10
20234	11
20235	11
20236	10
20237	12
20238	11
20239	10
20240	9
20241	9
20242	10
20243	10
20244	9
20245	11
20246	10
20247	9
20248	8
20249	9
20250	10
20251	10
20252	11
20253	11
20254	12
20255	14
20256	13
20257	12
20258	11
20259	11
20260	10
20261	10
20262	11
20263	11
20264	10
20265	10
20266	9
20267	9
20268	10
20269	12
20270	13
20271	13
20272	12
20273	12
20274	11
20275	12
20276	12
20277	11
20278	11
20279	10
20280	11
20281	10
20282	10
20283	9
20284	9
20285	10
20286	10
20287	9
20288	11
20289	10
20290	9
20291	8
20292	9
20293	9
20294	10
20295	10
20296	11
20297	11
20298	10
20299	12
20300	11
20301	10
20302	9
20303	10
20304	11
20305	11
20306	10
20307	10
20308	9
20309	10
20310	9
20311	9
20312	8
20313	8
20314	9
20315	9
20316	10
20317	10
20318	9
20319	11
20320	10
20321	9
20322	8
20323	9
20324	10
20325	10
20326	9
20327	9
20328	8
20329	9
20330	9
20331	8
20332	7
20333	6
20334	5
20335	4
20336	4
20337	5
20338	4
20339	4
20340	5
20341	5
20342	6
20343	6
20344	7
20345	9
20346	10
20347	10
20348	11
20349	12
20350	13
20351	13
20352	12
20353	12
20354	11
20355	12
20356	12
20357	11
20358	11
20359	10
20360	9
20361	9
20362	10
20363	12
20364	13
20365	13
20366	12
20367	12
20368	11
20369	12
20370	12
20371	11
20372	11
20373	10
20374	11
20375	11
20376	10
20377	10
20378	9
20379	9
20380	10
20381	12
20382	11
20383	10
20384	9
20385	9
20386	8
20387	9
20388	9
20389	10
20390	10
20391	11
20392	13
20393	12
20394	11
20395	10
20396	10
20397	9
20398	10
20399	11
20400	11
20401	10
20402	10
20403	9
20404	10
20405	10
20406	9
20407	9
20408	8
20409	8
20410	9
20411	11
20412	12
20413	12
20414	11
20415	11
20416	10
20417	11
20418	11
20419	10
20420	10
20421	9
20422	10
20423	9
20424	9
20425	8
20426	8
20427	9
20428	9
20429	8
20430	10
20431	9
20432	8
20433	7
20434	8
20435	8
20436	9
20437	9
20438	10
20439	10
20440	9
20441	11
20442	10
20443	9
20444	8
20445	9
20446	10
20447	10
20448	9
20449	9
20450	8
20451	9
20452	9
20453	8
20454	8
20455	7
20456	7
20457	8
20458	8
20459	9
20460	9
20461	8
20462	10
20463	9
20464	8
20465	7
20466	9
20467	10
20468	10
20469	9
20470	9
20471	8
20472	9
20473	9
20474	8
20475	8
20476	7
20477	8
20478	8
20479	7
20480	7
20481	6
20482	6
20483	7
20484	8
20485	9
20486	9
20487	10
20488	12
20489	11
20490	10
20491	9
20492	9
20493	8
20494	8
20495	9
20496	11
20497	10
20498	9
20499	8
20500	8
20501	7
20502	8
20503	8
20504	9
20505	9
20506	8
20507	9
20508	8
20509	7
20510	7
20511	8
20512	10
20513	9
20514	8
20515	7
20516	7
20517	6
20518	6
20519	7
20520	7
20521	8
20522	8
20523	7
20524	9
20525	8
20526	7
20527	6
20528	8
20529	9
20530	9
20531	8
20532	8
20533	7
20534	8
20535	8
20536	7
20537	7
20538	6
20539	7
20540	6
20541	5
20542	6
20543	7
20544	7
20545	8
20546	8
20547	9
20548	11
20549	12
20550	12
20551	11
20552	11
20553	10
20554	11
20555	11
20556	10
20557	10
20558	9
20559	10
20560	10
20561	9
20562	9
20563	8
20564	8
20565	9
20566	11
20567	10
20568	9
20569	8
20570	8
20571	7
20572	9
20573	10
20574	10
20575	11
20576	11
20577	10
20578	11
20579	10
20580	9
20581	9
20582	10
20583	12
20584	11
20585	10
20586	9
20587	8
20588	9
20589	9
20590	10
20591	10
20592	9
20593	10
20594	9
20595	8
20596	8
20597	9
20598	11
20599	10
20600	9
20601	8
20602	8
20603	7
20604	8
20605	8
20606	9
20607	9
20608	8
20609	10
20610	9
20611	8
20612	7
20613	7
20614	8
20615	8
20616	7
20617	9
20618	8
20619	7
20620	6
20621	5
20622	6
20623	6
20624	7
20625	7
20626	8
20627	8
20628	9
20629	11
20630	10
20631	9
20632	8
20633	8
20634	7
20635	9
20636	10
20637	10
20638	9
20639	9
20640	8
20641	9
20642	9
20643	8
20644	8
20645	7
20646	8
20647	8
20648	7
20649	7
20650	6
20651	7
20652	8
20653	8
20654	9
20655	9
20656	8
20657	8
20658	7
20659	7
20660	8
20661	10
20662	9
20663	8
20664	7
20665	7
20666	6
20667	7
20668	6
20669	6
20670	7
20671	7
20672	6
20673	8
20674	7
20675	6
20676	5
20677	5
20678	6
20679	6
20680	7
20681	7
20682	8
20683	10
20684	9
20685	8
20686	7
20687	7
20688	6
20689	8
20690	9
20691	9
20692	8
20693	8
20694	7
20695	8
20696	8
20697	7
20698	7
20699	6
20700	7
20701	7
20702	6
20703	6
20704	5
20705	7
20706	8
20707	8
20708	9
20709	11
20710	10
20711	9
20712	8
20713	8
20714	7
20715	7
20716	8
20717	9
20718	8
20719	7
20720	7
20721	6
20722	7
20723	6
20724	6
20725	7
20726	9
20727	8
20728	7
20729	6
20730	6
20731	5
20732	6
20733	6
20734	7
20735	7
20736	6
20737	8
20738	7
20739	6
20740	5
20741	5
20742	6
20743	6
20744	5
20745	7
20746	6
20747	5
20748	4
20749	3
20750	2
20751	1
20752	1
20753	4
20754	5
20755	5
20756	6
20757	8
20758	9
20759	9
20760	10
20761	12
20762	13
20763	13
20764	13
20765	13
20766	14
20767	16
20768	17
20769	17
20770	18
20771	20
20772	21
20773	20
20774	19
20775	20
20776	19
20777	18
20778	19
20779	18
20780	17
20781	17
20782	18
20783	17
20784	16
20785	16
20786	17
20787	19
20788	20
20789	19
20790	18
20791	19
20792	18
20793	17
20794	18
20795	17
20796	16
20797	16
20798	17
20799	16
20800	15
20801	16
20802	16
20803	17
20804	17
20805	18
20806	17
20807	16
20808	18
20809	18
20810	17
20811	18
20812	17
20813	16
20814	17
20815	16
20816	15
20817	15
20818	16
20819	18
20820	19
20821	18
20822	17
20823	18
20824	17
20825	16
20826	17
20827	16
20828	15
20829	15
20830	16
20831	15
20832	14
20833	15
20834	15
20835	16
20836	16
20837	17
20838	16
20839	15
20840	17
20841	18
20842	17
20843	16
20844	16
20845	15
20846	16
20847	15
20848	14
20849	14
20850	15
20851	17
20852	18
20853	17
20854	16
20855	17
20856	16
20857	15
20858	16
20859	15
20860	14
20861	14
20862	15
20863	14
20864	13
20865	13
20866	14
20867	14
20868	15
20869	15
20870	16
20871	15
20872	14
20873	16
20874	17
20875	16
20876	15
20877	16
20878	15
20879	14
20880	15
20881	14
20882	13
20883	15
20884	16
20885	16
20886	17
20887	16
20888	15
20889	15
20890	16
20891	15
20892	14
20893	15
20894	15
20895	16
20896	15
20897	14
20898	14
20899	15
20900	14
20901	13
20902	13
20903	13
20904	14
20905	13
20906	12
20907	12
20908	13
20909	15
20910	16
20911	16
20912	17
20913	19
20914	20
20915	20
20916	21
20917	20
20918	19
20919	19
20920	20
20921	19
20922	18
20923	19
20924	19
20925	20
20926	19
20927	18
20928	18
20929	19
20930	18
20931	17
20932	18
20933	18
20934	19
20935	18
20936	17
20937	17
20938	18
20939	17
20940	16
20941	16
20942	17
20943	19
20944	20
20945	19
20946	18
20947	19
20948	18
20949	17
20950	18
20951	17
20952	16
20953	16
20954	17
20955	16
20956	15
20957	15
20958	16
20959	18
20960	19
20961	19
20962	20
20963	19
20964	18
20965	18
20966	18
20967	17
20968	18
20969	18
20970	19
20971	18
20972	17
20973	17
20974	18
20975	17
20976	16
20977	17
20978	17
20979	18
20980	17
20981	16
20982	16
20983	17
20984	16
20985	15
20986	15
20987	16
20988	18
20989	19
20990	18
20991	17
20992	18
20993	17
20994	16
20995	17
20996	16
20997	15
20998	15
20999	16
21000	15
21001	14
21002	15
21003	15
21004	15
21005	15
21006	16
21007	18
21008	19
21009	18
21010	17
21011	18
21012	17
21013	16
21014	17
21015	16
21016	15
21017	15
21018	16
21019	15
21020	14
21021	14
21022	15
21023	17
21024	18
21025	18
21026	19
21027	18
21028	17
21029	17
21030	17
21031	16
21032	17
21033	17
21034	18
21035	17
21036	16
21037	16
21038	17
21039	16
21040	15
21041	16
21042	16
21043	17
21044	16
21045	15
21046	15
21047	16
21048	15
21049	14
21050	14
21051	15
21052	15
21053	16
21054	15
21055	14
21056	16
21057	17
21058	16
21059	15
21060	16
21061	15
21062	14
21063	15
21064	14
21065	13
21066	14
21067	14
21068	14
21069	14
21070	15
21071	15
21072	16
21073	15
21074	14
21075	16
21076	17
21077	16
21078	15
21079	16
21080	15
21081	14
21082	15
21083	14
21084	13
21085	13
21086	14
21087	14
21088	15
21089	15
21090	16
21091	15
21092	14
21093	16
21094	17
21095	16
21096	15
21097	16
21098	15
21099	14
21100	15
21101	14
21102	13
21103	15
21104	16
21105	16
21106	16
21107	15
21108	15
21109	16
21110	15
21111	14
21112	15
21113	15
21114	16
21115	15
21116	14
21117	14
21118	15
21119	14
21120	13
21121	14
21122	14
21123	15
21124	14
21125	13
21126	13
21127	14
21128	13
21129	12
21130	12
21131	12
21132	12
21133	13
21134	13
21135	14
21136	14
21137	15
21138	14
21139	13
21140	15
21141	16
21142	15
21143	14
21144	15
21145	14
21146	13
21147	14
21148	13
21149	12
21150	14
21151	15
21152	15
21153	16
21154	15
21155	14
21156	14
21157	15
21158	14
21159	13
21160	14
21161	14
21162	15
21163	14
21164	13
21165	13
21166	14
21167	13
21168	12
21169	13
21170	13
21171	14
21172	13
21173	12
21174	12
21175	13
21176	12
21177	11
21178	10
21179	11
21180	11
21181	12
21182	12
21183	13
21184	13
21185	14
21186	16
21187	17
21188	17
21189	18
21190	17
21191	16
21192	16
21193	17
21194	16
21195	15
21196	16
21197	16
21198	17
21199	16
21200	15
21201	15
21202	16
21203	15
21204	14
21205	15
21206	15
21207	16
21208	15
21209	14
21210	14
21211	15
21212	14
21213	13
21214	13
21215	14
21216	16
21217	17
21218	16
21219	15
21220	16
21221	15
21222	14
21223	15
21224	14
21225	13
21226	13
21227	14
21228	13
21229	12
21230	14
21231	15
21232	15
21233	16
21234	16
21235	17
21236	16
21237	15
21238	17
21239	18
21240	17
21241	16
21242	17
21243	16
21244	15
21245	16
21246	15
21247	14
21248	14
21249	15
21250	17
21251	18
21252	17
21253	16
21254	17
21255	16
21256	15
21257	16
21258	15
21259	14
21260	14
21261	15
21262	14
21263	13
21264	14
21265	14
21266	14
21267	14
21268	15
21269	14
21270	13
21271	13
21272	14
21273	16
21274	17
21275	16
21276	15
21277	16
21278	15
21279	14
21280	15
21281	14
21282	13
21283	13
21284	14
21285	13
21286	12
21287	13
21288	13
21289	14
21290	14
21291	15
21292	14
21293	13
21294	15
21295	16
21296	15
21297	14
21298	15
21299	14
21300	13
21301	13
21302	12
21303	12
21304	13
21305	13
21306	14
21307	13
21308	12
21309	14
21310	15
21311	14
21312	13
21313	14
21314	13
21315	12
21316	12
21317	11
21318	13
21319	13
21320	13
21321	13
21322	13
21323	14
21324	16
21325	17
21326	16
21327	15
21328	16
21329	15
21330	14
21331	15
21332	14
21333	13
21334	13
21335	14
21336	13
21337	12
21338	13
21339	13
21340	13
21341	13
21342	14
21343	16
21344	17
21345	16
21346	15
21347	16
21348	15
21349	14
21350	15
21351	14
21352	13
21353	13
21354	14
21355	13
21356	12
21357	12
21358	13
21359	15
21360	16
21361	16
21362	17
21363	16
21364	15
21365	15
21366	16
21367	15
21368	14
21369	14
21370	14
21371	15
21372	14
21373	13
21374	14
21375	14
21376	15
21377	14
21378	13
21379	13
21380	14
21381	13
21382	12
21383	12
21384	13
21385	13
21386	14
21387	13
21388	12
21389	14
21390	15
21391	14
21392	13
21393	14
21394	13
21395	12
21396	13
21397	12
21398	11
21399	12
21400	12
21401	12
21402	12
21403	13
21404	13
21405	14
21406	13
21407	12
21408	14
21409	15
21410	14
21411	13
21412	14
21413	13
21414	12
21415	13
21416	12
21417	11
21418	11
21419	11
21420	11
21421	12
21422	12
21423	13
21424	12
21425	11
21426	13
21427	14
21428	13
21429	12
21430	13
21431	12
21432	11
21433	12
21434	11
21435	10
21436	10
21437	11
21438	11
21439	12
21440	12
21441	13
21442	15
21443	16
21444	16
21445	17
21446	16
21447	15
21448	15
21449	16
21450	15
21451	14
21452	15
21453	15
21454	16
21455	15
21456	14
21457	14
21458	15
21459	14
21460	13
21461	14
21462	14
21463	15
21464	14
21465	13
21466	13
21467	14
21468	13
21469	12
21470	12
21471	13
21472	15
21473	16
21474	15
21475	14
21476	15
21477	14
21478	13
21479	14
21480	13
21481	12
21482	12
21483	13
21484	12
21485	11
21486	13
21487	14
21488	14
21489	14
21490	14
21491	15
21492	14
21493	13
21494	13
21495	14
21496	16
21497	17
21498	16
21499	15
21500	16
21501	15
21502	14
21503	15
21504	14
21505	13
21506	13
21507	14
21508	13
21509	12
21510	13
21511	13
21512	14
21513	14
21514	15
21515	14
21516	13
21517	15
21518	16
21519	15
21520	14
21521	15
21522	14
21523	13
21524	14
21525	13
21526	12
21527	12
21528	13
21529	15
21530	16
21531	15
21532	14
21533	15
21534	14
21535	13
21536	14
21537	13
21538	12
21539	12
21540	13
21541	12
21542	11
21543	12
21544	12
21545	13
21546	13
21547	14
21548	13
21549	12
21550	14
21551	15
21552	14
21553	13
21554	14
21555	13
21556	12
21557	12
21558	11
21559	11
21560	12
21561	12
21562	13
21563	12
21564	11
21565	13
21566	14
21567	13
21568	12
21569	13
21570	12
21571	11
21572	11
21573	10
21574	12
21575	12
21576	12
21577	13
21578	15
21579	16
21580	16
21581	17
21582	16
21583	15
21584	15
21585	16
21586	15
21587	14
21588	15
21589	15
21590	16
21591	15
21592	14
21593	14
21594	13
21595	14
21596	14
21597	15
21598	14
21599	13
21600	13
21601	14
21602	13
21603	12
21604	12
21605	13
21606	15
21607	16
21608	15
21609	14
21610	15
21611	14
21612	13
21613	14
21614	13
21615	12
21616	12
21617	13
21618	12
21619	11
21620	12
21621	12
21622	12
21623	12
21624	13
21625	15
21626	16
21627	15
21628	14
21629	15
21630	14
21631	13
21632	14
21633	13
21634	12
21635	12
21636	13
21637	12
21638	11
21639	11
21640	12
21641	14
21642	15
21643	15
21644	16
21645	15
21646	14
21647	14
21648	15
21649	14
21650	13
21651	14
21652	14
21653	15
21654	14
21655	13
21656	13
21657	14
21658	13
21659	12
21660	12
21661	12
21662	13
21663	12
21664	11
21665	11
21666	12
21667	12
21668	13
21669	12
21670	11
21671	13
21672	14
21673	13
21674	12
21675	13
21676	12
21677	11
21678	12
21679	11
21680	10
21681	11
21682	11
21683	11
21684	11
21685	12
21686	12
21687	13
21688	12
21689	11
21690	13
21691	14
21692	13
21693	12
21694	13
21695	12
21696	11
21697	12
21698	11
21699	10
21700	10
21701	11
21702	11
21703	12
21704	12
21705	13
21706	12
21707	11
21708	13
21709	14
21710	13
21711	12
21712	13
21713	12
21714	11
21715	12
21716	11
21717	10
21718	12
21719	13
21720	13
21721	13
21722	12
21723	12
21724	13
21725	12
21726	11
21727	12
21728	12
21729	13
21730	12
21731	11
21732	11
21733	12
21734	11
21735	10
21736	10
21737	10
21738	11
21739	10
21740	9
21741	9
21742	9
21743	9
21744	10
21745	10
21746	11
21747	11
21748	12
21749	14
21750	15
21751	15
21752	16
21753	15
21754	14
21755	14
21756	15
21757	14
21758	13
21759	14
21760	14
21761	15
21762	14
21763	13
21764	13
21765	14
21766	13
21767	12
21768	13
21769	13
21770	14
21771	13
21772	12
21773	12
21774	13
21775	12
21776	11
21777	11
21778	12
21779	14
21780	15
21781	14
21782	13
21783	13
21784	12
21785	13
21786	12
21787	11
21788	11
21789	12
21790	11
21791	10
21792	12
21793	13
21794	13
21795	13
21796	13
21797	14
21798	13
21799	12
21800	12
21801	13
21802	15
21803	16
21804	15
21805	14
21806	15
21807	14
21808	13
21809	14
21810	13
21811	12
21812	12
21813	13
21814	12
21815	11
21816	12
21817	12
21818	13
21819	13
21820	14
21821	13
21822	12
21823	14
21824	15
21825	14
21826	13
21827	14
21828	13
21829	12
21830	13
21831	12
21832	11
21833	11
21834	12
21835	14
21836	15
21837	14
21838	13
21839	14
21840	13
21841	12
21842	13
21843	12
21844	11
21845	11
21846	12
21847	11
21848	10
21849	11
21850	11
21851	12
21852	12
21853	13
21854	12
21855	11
21856	13
21857	14
21858	13
21859	12
21860	13
21861	12
21862	11
21863	11
21864	10
21865	10
21866	11
21867	11
21868	12
21869	11
21870	10
21871	12
21872	13
21873	12
21874	11
21875	12
21876	11
21877	10
21878	10
21879	9
21880	11
21881	11
21882	11
21883	12
21884	14
21885	15
21886	15
21887	16
21888	15
21889	14
21890	14
21891	15
21892	14
21893	13
21894	14
21895	14
21896	14
21897	13
21898	13
21899	14
21900	13
21901	12
21902	13
21903	13
21904	14
21905	13
21906	12
21907	12
21908	13
21909	12
21910	11
21911	11
21912	12
21913	14
21914	15
21915	14
21916	13
21917	14
21918	13
21919	12
21920	13
21921	12
21922	11
21923	11
21924	12
21925	11
21926	10
21927	11
21928	11
21929	11
21930	11
21931	12
21932	14
21933	15
21934	14
21935	13
21936	14
21937	13
21938	12
21939	13
21940	12
21941	11
21942	11
21943	12
21944	11
21945	10
21946	10
21947	11
21948	13
21949	14
21950	14
21951	15
21952	14
21953	13
21954	13
21955	14
21956	13
21957	12
21958	13
21959	13
21960	14
21961	13
21962	12
21963	12
21964	13
21965	12
21966	11
21967	11
21968	11
21969	12
21970	11
21971	10
21972	10
21973	11
21974	11
21975	12
21976	11
21977	10
21978	12
21979	13
21980	12
21981	11
21982	12
21983	11
21984	10
21985	11
21986	10
21987	9
21988	10
21989	10
21990	10
21991	10
21992	11
21993	11
21994	12
21995	11
21996	10
21997	12
21998	13
21999	12
22000	11
22001	12
22002	11
22003	10
22004	11
22005	10
22006	9
22007	9
22008	10
22009	10
22010	11
22011	11
22012	12
22013	11
22014	10
22015	12
22016	13
22017	12
22018	11
22019	12
22020	11
22021	10
22022	11
22023	10
22024	9
22025	11
22026	12
22027	12
22028	12
22029	11
22030	11
22031	12
22032	11
22033	10
22034	11
22035	11
22036	12
22037	11
22038	10
22039	10
22040	11
22041	10
22042	9
22043	10
22044	10
22045	11
22046	10
22047	9
22048	9
22049	9
22050	8
22051	8
22052	9
22053	11
22054	12
22055	12
22056	13
22057	15
22058	16
22059	16
22060	17
22061	19
22062	20
22063	20
22064	20
22065	19
22066	19
22067	20
22068	19
22069	18
22070	19
22071	19
22072	20
22073	19
22074	18
22075	18
22076	19
22077	18
22078	17
22079	18
22080	18
22081	19
22082	18
22083	17
22084	17
22085	18
22086	17
22087	16
22088	16
22089	17
22090	19
22091	20
22092	19
22093	18
22094	19
22095	18
22096	17
22097	18
22098	17
22099	16
22100	16
22101	17
22102	16
22103	15
22104	15
22105	16
22106	18
22107	19
22108	19
22109	20
22110	19
22111	18
22112	18
22113	18
22114	17
22115	18
22116	18
22117	19
22118	18
22119	17
22120	17
22121	18
22122	17
22123	16
22124	17
22125	17
22126	18
22127	17
22128	16
22129	16
22130	17
22131	16
22132	15
22133	15
22134	16
22135	18
22136	19
22137	18
22138	17
22139	18
22140	17
22141	16
22142	17
22143	16
22144	15
22145	15
22146	16
22147	15
22148	14
22149	15
22150	15
22151	15
22152	15
22153	16
22154	18
22155	19
22156	18
22157	17
22158	18
22159	17
22160	16
22161	17
22162	16
22163	15
22164	15
22165	16
22166	15
22167	14
22168	14
22169	15
22170	17
22171	18
22172	18
22173	18
22174	17
22175	17
22176	18
22177	17
22178	16
22179	17
22180	17
22181	18
22182	17
22183	16
22184	16
22185	17
22186	16
22187	15
22188	16
22189	16
22190	17
22191	16
22192	15
22193	15
22194	16
22195	15
22196	14
22197	14
22198	15
22199	15
22200	16
22201	15
22202	14
22203	16
22204	17
22205	16
22206	15
22207	16
22208	15
22209	14
22210	15
22211	14
22212	13
22213	14
22214	14
22215	15
22216	15
22217	16
22218	16
22219	17
22220	16
22221	15
22222	17
22223	18
22224	17
22225	16
22226	17
22227	16
22228	15
22229	16
22230	15
22231	14
22232	16
22233	17
22234	17
22235	18
22236	17
22237	16
22238	16
22239	16
22240	15
22241	16
22242	16
22243	17
22244	16
22245	15
22246	15
22247	16
22248	15
22249	14
22250	15
22251	15
22252	16
22253	15
22254	14
22255	14
22256	15
22257	14
22258	13
22259	13
22260	13
22261	13
22262	14
22263	14
22264	15
22265	14
22266	13
22267	15
22268	16
22269	15
22270	14
22271	15
22272	14
22273	13
22274	14
22275	13
22276	12
22277	12
22278	12
22279	12
22280	13
22281	13
22282	14
22283	14
22284	15
22285	14
22286	13
22287	15
22288	16
22289	15
22290	14
22291	15
22292	14
22293	13
22294	14
22295	13
22296	12
22297	14
22298	15
22299	15
22300	16
22301	15
22302	14
22303	14
22304	15
22305	14
22306	13
22307	14
22308	14
22309	15
22310	14
22311	13
22312	13
22313	14
22314	13
22315	12
22316	13
22317	13
22318	14
22319	13
22320	12
22321	12
22322	13
22323	12
22324	11
22325	11
22326	12
22327	14
22328	15
22329	15
22330	16
22331	18
22332	19
22333	19
22334	20
22335	19
22336	18
22337	18
22338	19
22339	18
22340	17
22341	18
22342	18
22343	19
22344	18
22345	17
22346	17
22347	18
22348	17
22349	16
22350	17
22351	17
22352	18
22353	17
22354	16
22355	16
22356	17
22357	16
22358	15
22359	15
22360	16
22361	18
22362	19
22363	18
22364	17
22365	18
22366	17
22367	16
22368	17
22369	16
22370	15
22371	15
22372	16
22373	15
22374	14
22375	14
22376	14
22377	14
22378	14
22379	14
22380	15
22381	14
22382	13
22383	14
22384	14
22385	14
22386	14
22387	15
22388	17
22389	18
22390	17
22391	16
22392	17
22393	16
22394	15
22395	16
22396	15
22397	14
22398	14
22399	15
22400	14
22401	13
22402	13
22403	14
22404	16
22405	17
22406	17
22407	18
22408	17
22409	16
22410	16
22411	17
22412	16
22413	15
22414	16
22415	16
22416	17
22417	16
22418	15
22419	15
22420	16
22421	15
22422	14
22423	15
22424	15
22425	16
22426	15
22427	14
22428	14
22429	15
22430	14
22431	13
22432	13
22433	14
22434	14
22435	15
22436	14
22437	13
22438	15
22439	16
22440	15
22441	14
22442	15
22443	14
22444	13
22445	14
22446	13
22447	12
22448	13
22449	13
22450	13
22451	13
22452	14
22453	14
22454	15
22455	14
22456	13
22457	15
22458	16
22459	15
22460	14
22461	15
22462	14
22463	13
22464	14
22465	13
22466	12
22467	12
22468	13
22469	13
22470	14
22471	14
22472	15
22473	14
22474	13
22475	15
22476	16
22477	15
22478	14
22479	15
22480	14
22481	13
22482	14
22483	13
22484	12
22485	14
22486	15
22487	15
22488	15
22489	14
22490	14
22491	15
22492	14
22493	13
22494	14
22495	14
22496	15
22497	14
22498	13
22499	13
22500	14
22501	13
22502	12
22503	13
22504	13
22505	14
22506	13
22507	12
22508	12
22509	13
22510	12
22511	11
22512	11
22513	11
22514	11
22515	12
22516	12
22517	13
22518	13
22519	14
22520	13
22521	12
22522	14
22523	15
22524	14
22525	13
22526	14
22527	13
22528	12
22529	13
22530	12
22531	11
22532	13
22533	14
22534	14
22535	15
22536	14
22537	13
22538	13
22539	14
22540	13
22541	12
22542	13
22543	13
22544	14
22545	13
22546	12
22547	12
22548	13
22549	12
22550	11
22551	12
22552	12
22553	13
22554	12
22555	11
22556	11
22557	12
22558	11
22559	10
22560	9
22561	10
22562	10
22563	11
22564	11
22565	12
22566	12
22567	13
22568	15
22569	16
22570	16
22571	17
22572	16
22573	15
22574	15
22575	16
22576	15
22577	14
22578	15
22579	15
22580	16
22581	15
22582	14
22583	14
22584	15
22585	14
22586	13
22587	14
22588	14
22589	15
22590	14
22591	13
22592	13
22593	14
22594	13
22595	12
22596	12
22597	13
22598	15
22599	16
22600	15
22601	14
22602	15
22603	14
22604	13
22605	14
22606	13
22607	12
22608	12
22609	13
22610	12
22611	11
22612	13
22613	14
22614	14
22615	15
22616	15
22617	16
22618	15
22619	14
22620	16
22621	17
22622	16
22623	15
22624	16
22625	15
22626	14
22627	15
22628	14
22629	13
22630	13
22631	14
22632	16
22633	17
22634	16
22635	15
22636	16
22637	15
22638	14
22639	15
22640	14
22641	13
22642	13
22643	14
22644	13
22645	12
22646	13
22647	13
22648	13
22649	13
22650	13
22651	12
22652	12
22653	13
22654	15
22655	15
22656	14
22657	15
22658	14
22659	13
22660	14
22661	13
22662	12
22663	12
22664	13
22665	12
22666	11
22667	12
22668	12
22669	13
22670	13
22671	14
22672	13
22673	12
22674	14
22675	15
22676	14
22677	13
22678	14
22679	13
22680	12
22681	12
22682	11
22683	11
22684	12
22685	12
22686	13
22687	12
22688	11
22689	13
22690	14
22691	13
22692	12
22693	13
22694	12
22695	11
22696	11
22697	10
22698	12
22699	12
22700	12
22701	12
22702	12
22703	13
22704	15
22705	16
22706	15
22707	14
22708	15
22709	14
22710	13
22711	14
22712	13
22713	12
22714	12
22715	13
22716	12
22717	11
22718	12
22719	12
22720	13
22721	13
22722	14
22723	16
22724	17
22725	16
22726	15
22727	16
22728	15
22729	14
22730	15
22731	14
22732	13
22733	13
22734	13
22735	12
22736	14
22737	15
22738	15
22739	16
22740	15
22741	14
22742	14
22743	14
22744	13
22745	14
22746	14
22747	14
22748	13
22749	13
22750	14
22751	13
22752	12
22753	13
22754	13
22755	13
22756	12
22757	12
22758	13
22759	12
22760	11
22761	11
22762	11
22763	11
22764	12
22765	12
22766	13
22767	12
22768	11
22769	13
22770	14
22771	13
22772	12
22773	13
22774	12
22775	11
22776	11
22777	10
22778	11
22779	11
22780	11
22781	11
22782	12
22783	12
22784	13
22785	12
22786	11
22787	13
22788	14
22789	13
22790	12
22791	13
22792	12
22793	11
22794	12
22795	11
22796	10
22797	10
22798	11
22799	11
22800	12
22801	12
22802	13
22803	12
22804	11
22805	13
22806	14
22807	13
22808	12
22809	13
22810	12
22811	11
22812	12
22813	11
22814	10
22815	12
22816	13
22817	13
22818	14
22819	13
22820	12
22821	12
22822	13
22823	12
22824	11
22825	11
22826	11
22827	12
22828	11
22829	10
22830	11
22831	11
22832	12
22833	11
22834	10
22835	10
22836	10
22837	9
22838	9
22839	10
22840	10
22841	11
22842	11
22843	11
22844	13
22845	14
22846	14
22847	15
22848	14
22849	13
22850	13
22851	14
22852	13
22853	12
22854	13
22855	13
22856	14
22857	13
22858	12
22859	12
22860	13
22861	12
22862	11
22863	12
22864	12
22865	13
22866	12
22867	11
22868	11
22869	12
22870	11
22871	10
22872	12
22873	13
22874	13
22875	13
22876	13
22877	14
22878	13
22879	12
22880	12
22881	13
22882	15
22883	16
22884	15
22885	14
22886	15
22887	14
22888	13
22889	14
22890	13
22891	12
22892	12
22893	13
22894	12
22895	11
22896	12
22897	12
22898	13
22899	13
22900	14
22901	13
22902	12
22903	14
22904	15
22905	14
22906	13
22907	14
22908	13
22909	12
22910	13
22911	12
22912	11
22913	11
22914	12
22915	14
22916	15
22917	14
22918	13
22919	14
22920	13
22921	12
22922	13
22923	12
22924	11
22925	11
22926	12
22927	11
22928	10
22929	11
22930	11
22931	12
22932	12
22933	13
22934	12
22935	11
22936	13
22937	14
22938	13
22939	12
22940	13
22941	12
22942	11
22943	11
22944	10
22945	10
22946	11
22947	11
22948	12
22949	11
22950	10
22951	12
22952	13
22953	12
22954	11
22955	12
22956	11
22957	10
22958	10
22959	9
22960	11
22961	11
22962	11
22963	11
22964	11
22965	12
22966	14
22967	15
22968	14
22969	13
22970	14
22971	13
22972	12
22973	13
22974	12
22975	11
22976	11
22977	12
22978	11
22979	10
22980	11
22981	11
22982	11
22983	11
22984	12
22985	14
22986	15
22987	14
22988	13
22989	14
22990	13
22991	12
22992	13
22993	12
22994	11
22995	11
22996	12
22997	11
22998	10
22999	10
23000	11
23001	13
23002	14
23003	14
23004	15
23005	14
23006	13
23007	13
23008	14
23009	13
23010	12
23011	13
23012	13
23013	14
23014	13
23015	12
23016	12
23017	13
23018	12
23019	11
23020	11
23021	11
23022	12
23023	11
23024	10
23025	10
23026	11
23027	11
23028	12
23029	11
23030	10
23031	12
23032	13
23033	12
23034	11
23035	12
23036	11
23037	10
23038	11
23039	10
23040	9
23041	10
23042	10
23043	10
23044	10
23045	11
23046	11
23047	12
23048	11
23049	10
23050	12
23051	13
23052	12
23053	11
23054	12
23055	11
23056	10
23057	11
23058	10
23059	9
23060	9
23061	9
23062	9
23063	10
23064	10
23065	11
23066	10
23067	9
23068	11
23069	12
23070	11
23071	10
23072	11
23073	10
23074	9
23075	9
23076	8
23077	8
23078	8
23079	8
23080	9
23081	9
23082	10
23083	10
23084	11
23085	13
23086	14
23087	14
23088	15
23089	14
23090	13
23091	13
23092	14
23093	13
23094	12
23095	13
23096	13
23097	14
23098	13
23099	12
23100	12
23101	13
23102	12
23103	11
23104	12
23105	12
23106	13
23107	12
23108	11
23109	11
23110	12
23111	11
23112	10
23113	10
23114	11
23115	13
23116	14
23117	13
23118	12
23119	13
23120	12
23121	11
23122	11
23123	10
23124	10
23125	11
23126	10
23127	9
23128	11
23129	12
23130	12
23131	13
23132	13
23133	14
23134	13
23135	12
23136	14
23137	15
23138	14
23139	13
23140	14
23141	13
23142	12
23143	13
23144	12
23145	11
23146	11
23147	12
23148	14
23149	15
23150	14
23151	13
23152	14
23153	13
23154	12
23155	13
23156	12
23157	11
23158	11
23159	11
23160	10
23161	11
23162	11
23163	11
23164	11
23165	12
23166	11
23167	10
23168	10
23169	11
23170	13
23171	14
23172	13
23173	12
23174	13
23175	12
23176	11
23177	12
23178	11
23179	10
23180	10
23181	11
23182	10
23183	9
23184	10
23185	10
23186	11
23187	11
23188	12
23189	11
23190	10
23191	12
23192	13
23193	12
23194	11
23195	12
23196	11
23197	10
23198	10
23199	9
23200	9
23201	10
23202	10
23203	11
23204	10
23205	9
23206	11
23207	12
23208	11
23209	10
23210	11
23211	10
23212	9
23213	9
23214	8
23215	10
23216	10
23217	10
23218	11
23219	13
23220	14
23221	14
23222	15
23223	14
23224	13
23225	13
23226	14
23227	13
23228	12
23229	13
23230	13
23231	13
23232	12
23233	12
23234	13
23235	12
23236	11
23237	12
23238	12
23239	13
23240	12
23241	11
23242	11
23243	12
23244	11
23245	10
23246	10
23247	11
23248	13
23249	14
23250	13
23251	12
23252	13
23253	12
23254	11
23255	12
23256	11
23257	10
23258	10
23259	11
23260	10
23261	9
23262	10
23263	10
23264	10
23265	10
23266	11
23267	13
23268	14
23269	13
23270	12
23271	13
23272	12
23273	11
23274	12
23275	11
23276	10
23277	10
23278	11
23279	10
23280	9
23281	9
23282	10
23283	12
23284	13
23285	13
23286	14
23287	13
23288	12
23289	12
23290	13
23291	12
23292	11
23293	11
23294	11
23295	12
23296	11
23297	10
23298	11
23299	11
23300	12
23301	11
23302	10
23303	10
23304	11
23305	10
23306	9
23307	9
23308	10
23309	10
23310	11
23311	10
23312	9
23313	11
23314	12
23315	11
23316	10
23317	11
23318	10
23319	9
23320	10
23321	9
23322	8
23323	9
23324	9
23325	10
23326	10
23327	11
23328	11
23329	12
23330	11
23331	10
23332	12
23333	13
23334	12
23335	11
23336	12
23337	11
23338	10
23339	11
23340	10
23341	9
23342	11
23343	12
23344	12
23345	13
23346	12
23347	11
23348	11
23349	11
23350	10
23351	11
23352	11
23353	12
23354	11
23355	10
23356	10
23357	11
23358	10
23359	9
23360	10
23361	10
23362	10
23363	9
23364	9
23365	10
23366	9
23367	8
23368	8
23369	8
23370	8
23371	9
23372	9
23373	10
23374	9
23375	8
23376	10
23377	10
23378	9
23379	10
23380	9
23381	8
23382	9
23383	8
23384	7
23385	6
23386	5
23387	5
23388	5
23389	5
23390	6
23391	6
23392	7
23393	7
23394	8
23395	10
23396	11
23397	11
23398	12
23399	14
23400	15
23401	15
23402	16
23403	15
23404	14
23405	14
23406	15
23407	14
23408	13
23409	14
23410	14
23411	15
23412	14
23413	13
23414	13
23415	14
23416	13
23417	12
23418	13
23419	13
23420	14
23421	13
23422	12
23423	12
23424	13
23425	12
23426	11
23427	11
23428	12
23429	14
23430	15
23431	14
23432	13
23433	14
23434	13
23435	12
23436	13
23437	12
23438	11
23439	11
23440	12
23441	11
23442	10
23443	10
23444	9
23445	10
23446	10
23447	11
23448	11
23449	12
23450	14
23451	15
23452	14
23453	13
23454	14
23455	13
23456	12
23457	13
23458	12
23459	11
23460	11
23461	12
23462	11
23463	10
23464	12
23465	13
23466	13
23467	14
23468	13
23469	12
23470	12
23471	13
23472	12
23473	11
23474	12
23475	12
23476	12
23477	11
23478	11
23479	12
23480	11
23481	10
23482	11
23483	11
23484	12
23485	11
23486	10
23487	10
23488	11
23489	10
23490	9
23491	9
23492	10
23493	12
23494	13
23495	13
23496	13
23497	12
23498	12
23499	13
23500	12
23501	11
23502	12
23503	12
23504	13
23505	12
23506	11
23507	11
23508	12
23509	11
23510	10
23511	11
23512	11
23513	12
23514	11
23515	10
23516	10
23517	11
23518	10
23519	9
23520	9
23521	10
23522	10
23523	11
23524	10
23525	9
23526	11
23527	12
23528	11
23529	10
23530	11
23531	10
23532	9
23533	10
23534	9
23535	8
23536	9
23537	9
23538	10
23539	10
23540	11
23541	11
23542	12
23543	11
23544	10
23545	12
23546	13
23547	12
23548	11
23549	12
23550	11
23551	10
23552	11
23553	10
23554	9
23555	11
23556	12
23557	12
23558	13
23559	12
23560	11
23561	11
23562	12
23563	11
23564	10
23565	11
23566	11
23567	11
23568	10
23569	10
23570	11
23571	10
23572	9
23573	10
23574	10
23575	11
23576	10
23577	9
23578	9
23579	10
23580	9
23581	8
23582	8
23583	8
23584	8
23585	9
23586	9
23587	10
23588	9
23589	8
23590	10
23591	11
23592	10
23593	9
23594	10
23595	9
23596	8
23597	9
23598	8
23599	7
23600	7
23601	7
23602	7
23603	8
23604	8
23605	8
23606	8
23607	9
23608	8
23609	7
23610	9
23611	10
23612	10
23613	11
23614	10
23615	9
23616	9
23617	10
23618	9
23619	8
23620	9
23621	9
23622	10
23623	9
23624	8
23625	8
23626	9
23627	8
23628	7
23629	8
23630	8
23631	8
23632	7
23633	7
23634	8
23635	7
23636	6
23637	5
23638	7
23639	8
23640	8
23641	8
23642	8
23643	9
23644	11
23645	12
23646	12
23647	13
23648	15
23649	16
23650	15
23651	14
23652	15
23653	14
23654	13
23655	14
23656	13
23657	12
23658	12
23659	13
23660	12
23661	11
23662	11
23663	12
23664	14
23665	14
23666	13
23667	14
23668	13
23669	12
23670	13
23671	12
23672	11
23673	11
23674	12
23675	11
23676	10
23677	11
23678	11
23679	11
23680	11
23681	12
23682	11
23683	10
23684	10
23685	11
23686	13
23687	14
23688	13
23689	12
23690	13
23691	12
23692	11
23693	12
23694	11
23695	10
23696	10
23697	11
23698	10
23699	9
23700	9
23701	9
23702	10
23703	12
23704	13
23705	12
23706	11
23707	11
23708	10
23709	11
23710	10
23711	9
23712	9
23713	10
23714	9
23715	8
23716	8
23717	9
23718	9
23719	10
23720	10
23721	11
23722	10
23723	9
23724	11
23725	12
23726	11
23727	10
23728	11
23729	10
23730	9
23731	10
23732	9
23733	8
23734	10
23735	11
23736	11
23737	12
23738	11
23739	10
23740	10
23741	11
23742	10
23743	9
23744	10
23745	10
23746	11
23747	10
23748	9
23749	9
23750	10
23751	9
23752	8
23753	8
23754	8
23755	9
23756	8
23757	7
23758	7
23759	8
23760	10
23761	11
23762	11
23763	12
23764	14
23765	15
23766	15
23767	16
23768	15
23769	14
23770	14
23771	14
23772	13
23773	14
23774	14
23775	15
23776	14
23777	13
23778	13
23779	14
23780	13
23781	12
23782	13
23783	13
23784	14
23785	13
23786	12
23787	12
23788	13
23789	12
23790	11
23791	11
23792	12
23793	14
23794	15
23795	14
23796	13
23797	14
23798	13
23799	12
23800	13
23801	12
23802	11
23803	11
23804	12
23805	11
23806	10
23807	10
23808	10
23809	10
23810	10
23811	10
23812	11
23813	10
23814	9
23815	10
23816	10
23817	10
23818	10
23819	11
23820	13
23821	13
23822	12
23823	13
23824	12
23825	11
23826	12
23827	11
23828	10
23829	10
23830	11
23831	10
23832	9
23833	9
23834	10
23835	12
23836	13
23837	13
23838	14
23839	13
23840	12
23841	12
23842	13
23843	12
23844	11
23845	12
23846	12
23847	13
23848	12
23849	11
23850	11
23851	12
23852	11
23853	10
23854	11
23855	11
23856	12
23857	11
23858	10
23859	10
23860	11
23861	10
23862	9
23863	9
23864	10
23865	10
23866	11
23867	10
23868	9
23869	11
23870	12
23871	11
23872	10
23873	11
23874	10
23875	9
23876	10
23877	9
23878	8
23879	9
23880	9
23881	9
23882	9
23883	10
23884	10
23885	11
23886	10
23887	9
23888	11
23889	12
23890	11
23891	10
23892	11
23893	10
23894	9
23895	10
23896	9
23897	8
23898	8
23899	9
23900	9
23901	10
23902	10
23903	11
23904	10
23905	9
23906	11
23907	12
23908	11
23909	10
23910	11
23911	10
23912	9
23913	10
23914	9
23915	8
23916	10
23917	11
23918	11
23919	11
23920	10
23921	10
23922	11
23923	10
23924	9
23925	10
23926	10
23927	11
23928	10
23929	9
23930	9
23931	10
23932	9
23933	8
23934	9
23935	9
23936	10
23937	9
23938	8
23939	8
23940	9
23941	8
23942	7
23943	7
23944	7
23945	7
23946	7
23947	9
23948	10
23949	10
23950	10
23951	9
23952	9
23953	10
23954	9
23955	8
23956	9
23957	9
23958	10
23959	9
23960	8
23961	8
23962	9
23963	8
23964	7
23965	8
23966	8
23967	9
23968	8
23969	7
23970	7
23971	8
23972	7
23973	6
23974	7
23975	7
23976	8
23977	8
23978	9
23979	11
23980	12
23981	12
23982	13
23983	15
23984	16
23985	15
23986	14
23987	15
23988	14
23989	13
23990	14
23991	13
23992	12
23993	12
23994	13
23995	12
23996	11
23997	11
23998	12
23999	14
24000	15
24001	14
24002	13
24003	14
24004	13
24005	12
24006	13
24007	12
24008	11
24009	11
24010	12
24011	11
24012	10
24013	11
24014	11
24015	12
24016	12
24017	13
24018	12
24019	11
24020	13
24021	13
24022	12
24023	13
24024	12
24025	11
24026	12
24027	11
24028	10
24029	10
24030	11
24031	13
24032	14
24033	13
24034	12
24035	13
24036	12
24037	11
24038	12
24039	11
24040	10
24041	10
24042	11
24043	10
24044	9
24045	10
24046	10
24047	11
24048	11
24049	12
24050	11
24051	10
24052	12
24053	13
24054	12
24055	11
24056	12
24057	11
24058	10
24059	10
24060	9
24061	9
24062	10
24063	10
24064	11
24065	10
24066	9
24067	11
24068	12
24069	11
24070	10
24071	11
24072	10
24073	9
24074	10
24075	9
24076	8
24077	8
24078	9
24079	11
24080	12
24081	12
24082	13
24083	12
24084	11
24085	11
24086	12
24087	11
24088	10
24089	11
24090	11
24091	12
24092	11
24093	10
24094	10
24095	11
24096	10
24097	9
24098	9
24099	9
24100	10
24101	9
24102	8
24103	8
24104	9
24105	9
24106	10
24107	9
24108	8
24109	10
24110	11
24111	10
24112	9
24113	10
24114	9
24115	8
24116	9
24117	8
24118	7
24119	9
24120	10
24121	10
24122	10
24123	10
24124	10
24125	10
24126	11
24127	10
24128	9
24129	9
24130	10
24131	12
24132	12
24133	12
24134	13
24135	12
24136	11
24137	12
24138	12
24139	13
24140	12
24141	11
24142	11
24143	12
24144	11
24145	10
24146	11
24147	11
24148	12
24149	11
24150	10
24151	10
24152	11
24153	10
24154	9
24155	9
24156	10
24157	10
24158	11
24159	10
24160	9
24161	11
24162	12
24163	11
24164	10
24165	11
24166	10
24167	9
24168	10
24169	9
24170	8
24171	8
24172	8
24173	9
24174	11
24175	11
24176	11
24177	12
24178	11
24179	10
24180	11
24181	11
24182	12
24183	11
24184	10
24185	10
24186	11
24187	10
24188	9
24189	10
24190	10
24191	11
24192	10
24193	9
24194	9
24195	10
24196	9
24197	8
24198	8
24199	9
24200	9
24201	10
24202	9
24203	8
24204	10
24205	11
24206	10
24207	9
24208	10
24209	9
24210	8
24211	9
24212	8
24213	7
24214	8
24215	8
24216	8
24217	8
24218	9
24219	9
24220	10
24221	9
24222	8
24223	10
24224	11
24225	10
24226	9
24227	10
24228	9
24229	8
24230	9
24231	8
24232	7
24233	7
24234	7
24235	7
24236	8
24237	8
24238	9
24239	8
24240	7
24241	9
24242	10
24243	9
24244	8
24245	9
24246	8
24247	7
24248	8
24249	7
24250	6
24251	6
24252	6
24253	6
24254	7
24255	7
24256	8
24257	8
24258	9
24259	11
24260	12
24261	11
24262	10
24263	11
24264	10
24265	9
24266	10
24267	9
24268	8
24269	8
24270	9
24271	8
24272	7
24273	9
24274	10
24275	10
24276	11
24277	10
24278	9
24279	9
24280	10
24281	9
24282	8
24283	9
24284	9
24285	10
24286	9
24287	8
24288	8
24289	9
24290	8
24291	7
24292	8
24293	8
24294	9
24295	8
24296	7
24297	7
24298	8
24299	7
24300	6
24301	8
24302	9
24303	9
24304	10
24305	12
24306	13
24307	12
24308	11
24309	12
24310	11
24311	10
24312	11
24313	10
24314	9
24315	9
24316	10
24317	9
24318	8
24319	8
24320	8
24321	8
24322	9
24323	8
24324	7
24325	8
24326	8
24327	9
24328	9
24329	10
24330	9
24331	8
24332	10
24333	10
24334	9
24335	10
24336	9
24337	8
24338	9
24339	8
24340	7
24341	7
24342	8
24343	10
24344	11
24345	10
24346	9
24347	10
24348	9
24349	8
24350	9
24351	8
24352	7
24353	7
24354	8
24355	7
24356	6
24357	7
24358	7
24359	8
24360	8
24361	9
24362	8
24363	7
24364	9
24365	10
24366	9
24367	8
24368	9
24369	8
24370	7
24371	7
24372	6
24373	6
24374	7
24375	7
24376	8
24377	7
24378	6
24379	8
24380	9
24381	8
24382	7
24383	8
24384	7
24385	6
24386	7
24387	6
24388	5
24389	6
24390	6
24391	7
24392	7
24393	8
24394	8
24395	9
24396	11
24397	12
24398	12
24399	13
24400	12
24401	11
24402	11
24403	12
24404	11
24405	10
24406	11
24407	11
24408	12
24409	11
24410	10
24411	10
24412	11
24413	10
24414	9
24415	10
24416	10
24417	11
24418	10
24419	9
24420	9
24421	10
24422	9
24423	8
24424	8
24425	9
24426	11
24427	12
24428	11
24429	10
24430	11
24431	10
24432	9
24433	10
24434	9
24435	8
24436	8
24437	9
24438	8
24439	7
24440	9
24441	10
24442	10
24443	11
24444	11
24445	12
24446	11
24447	10
24448	12
24449	13
24450	12
24451	11
24452	12
24453	11
24454	10
24455	11
24456	10
24457	9
24458	9
24459	10
24460	12
24461	13
24462	12
24463	11
24464	12
24465	11
24466	10
24467	11
24468	10
24469	9
24470	9
24471	10
24472	9
24473	8
24474	9
24475	9
24476	9
24477	9
24478	10
24479	9
24480	8
24481	8
24482	9
24483	11
24484	12
24485	11
24486	10
24487	11
24488	10
24489	9
24490	10
24491	9
24492	8
24493	8
24494	9
24495	8
24496	7
24497	8
24498	8
24499	9
24500	9
24501	10
24502	9
24503	8
24504	10
24505	11
24506	10
24507	9
24508	10
24509	9
24510	8
24511	8
24512	7
24513	7
24514	8
24515	8
24516	9
24517	8
24518	7
24519	9
24520	10
24521	9
24522	8
24523	9
24524	8
24525	7
24526	7
24527	6
24528	8
24529	8
24530	8
24531	8
24532	8
24533	9
24534	11
24535	12
24536	11
24537	10
24538	11
24539	10
24540	9
24541	10
24542	9
24543	8
24544	8
24545	9
24546	8
24547	7
24548	8
24549	8
24550	9
24551	9
24552	10
24553	12
24554	13
24555	12
24556	11
24557	12
24558	11
24559	10
24560	11
24561	10
24562	9
24563	9
24564	10
24565	9
24566	8
24567	10
24568	11
24569	11
24570	12
24571	11
24572	10
24573	10
24574	10
24575	9
24576	10
24577	10
24578	10
24579	9
24580	9
24581	10
24582	9
24583	8
24584	9
24585	9
24586	9
24587	8
24588	8
24589	9
24590	8
24591	7
24592	7
24593	8
24594	10
24595	11
24596	11
24597	12
24598	11
24599	10
24600	10
24601	11
24602	10
24603	9
24604	9
24605	9
24606	9
24607	8
24608	9
24609	9
24610	10
24611	9
24612	8
24613	8
24614	9
24615	8
24616	7
24617	7
24618	8
24619	8
24620	9
24621	8
24622	7
24623	9
24624	10
24625	9
24626	8
24627	9
24628	8
24629	7
24630	8
24631	7
24632	6
24633	7
24634	7
24635	7
24636	7
24637	8
24638	8
24639	9
24640	8
24641	7
24642	9
24643	10
24644	9
24645	8
24646	9
24647	8
24648	7
24649	7
24650	6
24651	6
24652	6
24653	6
24654	7
24655	7
24656	8
24657	7
24658	6
24659	8
24660	9
24661	8
24662	7
24663	8
24664	7
24665	6
24666	7
24667	6
24668	5
24669	5
24670	6
24671	6
24672	7
24673	7
24674	8
24675	10
24676	11
24677	11
24678	12
24679	11
24680	10
24681	10
24682	11
24683	10
24684	9
24685	10
24686	10
24687	11
24688	10
24689	9
24690	9
24691	10
24692	9
24693	8
24694	9
24695	9
24696	10
24697	9
24698	8
24699	8
24700	9
24701	8
24702	7
24703	7
24704	8
24705	10
24706	11
24707	10
24708	9
24709	10
24710	9
24711	8
24712	9
24713	8
24714	7
24715	7
24716	8
24717	7
24718	6
24719	8
24720	9
24721	9
24722	9
24723	9
24724	10
24725	9
24726	8
24727	8
24728	9
24729	11
24730	12
24731	11
24732	10
24733	11
24734	10
24735	9
24736	10
24737	9
24738	8
24739	8
24740	9
24741	8
24742	7
24743	8
24744	8
24745	9
24746	9
24747	10
24748	9
24749	8
24750	10
24751	11
24752	10
24753	9
24754	10
24755	9
24756	8
24757	9
24758	8
24759	7
24760	7
24761	8
24762	10
24763	11
24764	10
24765	9
24766	10
24767	9
24768	8
24769	9
24770	8
24771	7
24772	7
24773	8
24774	7
24775	6
24776	7
24777	7
24778	8
24779	8
24780	9
24781	8
24782	7
24783	9
24784	10
24785	9
24786	8
24787	9
24788	8
24789	7
24790	7
24791	6
24792	6
24793	7
24794	7
24795	8
24796	7
24797	6
24798	8
24799	9
24800	8
24801	7
24802	8
24803	7
24804	6
24805	6
24806	5
24807	7
24808	7
24809	7
24810	8
24811	10
24812	11
24813	11
24814	11
24815	10
24816	10
24817	11
24818	10
24819	9
24820	10
24821	10
24822	11
24823	10
24824	9
24825	9
24826	8
24827	9
24828	9
24829	10
24830	9
24831	8
24832	8
24833	8
24834	7
24835	7
24836	8
24837	10
24838	11
24839	10
24840	9
24841	10
24842	9
24843	8
24844	9
24845	8
24846	7
24847	7
24848	8
24849	7
24850	6
24851	7
24852	7
24853	7
24854	7
24855	8
24856	10
24857	10
24858	9
24859	10
24860	9
24861	8
24862	9
24863	8
24864	7
24865	7
24866	8
24867	7
24868	6
24869	6
24870	7
24871	9
24872	10
24873	10
24874	11
24875	10
24876	9
24877	9
24878	10
24879	9
24880	8
24881	9
24882	9
24883	10
24884	9
24885	8
24886	8
24887	9
24888	8
24889	7
24890	7
24891	7
24892	8
24893	7
24894	6
24895	6
24896	7
24897	7
24898	8
24899	7
24900	6
24901	8
24902	9
24903	8
24904	7
24905	8
24906	7
24907	6
24908	7
24909	6
24910	5
24911	5
24912	5
24913	5
24914	5
24915	6
24916	6
24917	7
24918	6
24919	5
24920	7
24921	8
24922	7
24923	6
24924	7
24925	6
24926	5
24927	6
24928	5
24929	4
24930	4
24931	5
24932	7
24933	8
24934	8
24935	9
24936	11
24937	12
24938	12
24939	13
24940	15
24941	16
24942	16
24943	15
24944	15
24945	16
24946	18
24947	18
24948	18
24949	19
24950	18
24951	17
24952	18
24953	18
24954	19
24955	18
24956	17
24957	17
24958	18
24959	17
24960	16
24961	17
24962	17
24963	18
24964	17
24965	16
24966	16
24967	17
24968	16
24969	15
24970	15
24971	16
24972	18
24973	19
24974	18
24975	17
24976	18
24977	17
24978	16
24979	17
24980	16
24981	15
24982	15
24983	16
24984	15
24985	14
24986	14
24987	14
24988	14
24989	16
24990	17
24991	17
24992	18
24993	17
24994	16
24995	16
24996	17
24997	16
24998	15
24999	16
25000	16
25001	17
25002	16
25003	15
25004	15
25005	16
25006	15
25007	14
25008	15
25009	15
25010	16
25011	15
25012	14
25013	14
25014	15
25015	14
25016	13
25017	14
25018	14
25019	15
25020	15
25021	16
25022	16
25023	17
25024	16
25025	15
25026	17
25027	18
25028	17
25029	16
25030	17
25031	16
25032	15
25033	16
25034	15
25035	14
25036	16
25037	17
25038	17
25039	17
25040	16
25041	16
25042	16
25043	15
25044	16
25045	16
25046	17
25047	16
25048	15
25049	15
25050	16
25051	15
25052	14
25053	15
25054	15
25055	16
25056	15
25057	14
25058	14
25059	15
25060	14
25061	13
25062	13
25063	13
25064	13
25065	14
25066	14
25067	15
25068	14
25069	13
25070	15
25071	16
25072	15
25073	14
25074	15
25075	14
25076	13
25077	14
25078	13
25079	12
25080	12
25081	12
25082	12
25083	13
25084	13
25085	14
25086	14
25087	15
25088	14
25089	13
25090	15
25091	16
25092	15
25093	14
25094	15
25095	14
25096	13
25097	14
25098	13
25099	12
25100	14
25101	15
25102	15
25103	16
25104	15
25105	14
25106	14
25107	15
25108	14
25109	13
25110	14
25111	14
25112	15
25113	14
25114	13
25115	13
25116	14
25117	13
25118	12
25119	13
25120	13
25121	14
25122	13
25123	12
25124	12
25125	13
25126	12
25127	11
25128	11
25129	12
25130	14
25131	15
25132	15
25133	16
25134	18
25135	19
25136	19
25137	20
25138	19
25139	18
25140	18
25141	18
25142	17
25143	18
25144	18
25145	19
25146	18
25147	17
25148	17
25149	18
25150	17
25151	16
25152	17
25153	17
25154	18
25155	17
25156	16
25157	16
25158	17
25159	16
25160	15
25161	15
25162	16
25163	18
25164	19
25165	18
25166	17
25167	18
25168	17
25169	16
25170	17
25171	16
25172	15
25173	15
25174	16
25175	15
25176	14
25177	14
25178	14
25179	14
25180	15
25181	17
25182	18
25183	17
25184	16
25185	17
25186	16
25187	15
25188	16
25189	15
25190	14
25191	14
25192	15
25193	14
25194	13
25195	14
25196	14
25197	14
25198	14
25199	14
25200	14
25201	15
25202	14
25203	13
25204	13
25205	14
25206	16
25207	17
25208	17
25209	18
25210	17
25211	16
25212	16
25213	16
25214	15
25215	16
25216	16
25217	17
25218	16
25219	15
25220	15
25221	16
25222	15
25223	14
25224	15
25225	15
25226	16
25227	15
25228	14
25229	14
25230	15
25231	14
25232	13
25233	13
25234	14
25235	14
25236	15
25237	14
25238	13
25239	15
25240	16
25241	15
25242	14
25243	15
25244	14
25245	13
25246	14
25247	13
25248	12
25249	13
25250	13
25251	13
25252	13
25253	14
25254	14
25255	15
25256	14
25257	13
25258	15
25259	16
25260	15
25261	14
25262	15
25263	14
25264	13
25265	14
25266	13
25267	12
25268	12
25269	13
25270	13
25271	14
25272	14
25273	15
25274	14
25275	13
25276	15
25277	16
25278	15
25279	14
25280	15
25281	14
25282	13
25283	14
25284	13
25285	12
25286	14
25287	15
25288	15
25289	15
25290	14
25291	14
25292	15
25293	14
25294	13
25295	14
25296	14
25297	15
25298	14
25299	13
25300	13
25301	14
25302	13
25303	12
25304	13
25305	13
25306	14
25307	13
25308	12
25309	12
25310	13
25311	12
25312	11
25313	11
25314	11
25315	11
25316	12
25317	12
25318	13
25319	13
25320	14
25321	13
25322	12
25323	14
25324	15
25325	14
25326	13
25327	14
25328	13
25329	12
25330	13
25331	12
25332	11
25333	13
25334	14
25335	14
25336	15
25337	14
25338	13
25339	13
25340	14
25341	13
25342	12
25343	13
25344	13
25345	14
25346	13
25347	12
25348	12
25349	13
25350	12
25351	11
25352	12
25353	12
25354	13
25355	12
25356	11
25357	11
25358	12
25359	11
25360	10
25361	11
25362	11
25363	11
25364	11
25365	12
25366	14
25367	14
25368	14
25369	15
25370	17
25371	17
25372	16
25373	17
25374	16
25375	15
25376	16
25377	15
25378	14
25379	14
25380	14
25381	13
25382	13
25383	13
25384	13
25385	15
25386	16
25387	15
25388	14
25389	14
25390	13
25391	14
25392	13
25393	12
25394	13
25395	13
25396	14
25397	14
25398	15
25399	14
25400	13
25401	15
25402	16
25403	15
25404	14
25405	15
25406	14
25407	13
25408	14
25409	13
25410	12
25411	12
25412	13
25413	13
25414	14
25415	13
25416	12
25417	14
25418	15
25419	14
25420	13
25421	14
25422	13
25423	12
25424	12
25425	11
25426	11
25427	12
25428	14
25429	15
25430	15
25431	16
25432	15
25433	14
25434	14
25435	15
25436	14
25437	13
25438	13
25439	13
25440	14
25441	13
25442	12
25443	13
25444	13
25445	14
25446	13
25447	12
25448	12
25449	13
25450	12
25451	11
25452	11
25453	11
25454	13
25455	14
25456	13
25457	12
25458	13
25459	12
25460	11
25461	12
25462	11
25463	10
25464	10
25465	10
25466	10
25467	10
25468	10
25469	11
25470	11
25471	12
25472	14
25473	15
25474	14
25475	13
25476	14
25477	13
25478	12
25479	13
25480	12
25481	11
25482	11
25483	12
25484	11
25485	10
25486	12
25487	11
25488	12
25489	12
25490	13
25491	12
25492	11
25493	11
25494	12
25495	11
25496	10
25497	11
25498	11
25499	12
25500	11
25501	10
25502	10
25503	11
25504	10
25505	9
25506	10
25507	10
25508	11
25509	11
25510	12
25511	12
25512	13
25513	15
25514	16
25515	16
25516	17
25517	16
25518	15
25519	15
25520	16
25521	15
25522	14
25523	15
25524	15
25525	16
25526	15
25527	14
25528	14
25529	15
25530	14
25531	13
25532	14
25533	14
25534	15
25535	14
25536	13
25537	13
25538	14
25539	13
25540	12
25541	12
25542	13
25543	15
25544	16
25545	15
25546	14
25547	15
25548	14
25549	13
25550	14
25551	13
25552	12
25553	12
25554	13
25555	12
25556	11
25557	13
25558	14
25559	14
25560	15
25561	15
25562	16
25563	15
25564	14
25565	16
25566	17
25567	16
25568	15
25569	16
25570	15
25571	14
25572	15
25573	14
25574	13
25575	13
25576	14
25577	16
25578	17
25579	16
25580	15
25581	16
25582	15
25583	14
25584	15
25585	14
25586	13
25587	13
25588	14
25589	13
25590	12
25591	13
25592	13
25593	13
25594	13
25595	14
25596	13
25597	12
25598	12
25599	13
25600	15
25601	16
25602	15
25603	14
25604	15
25605	14
25606	13
25607	14
25608	13
25609	12
25610	12
25611	13
25612	12
25613	11
25614	12
25615	12
25616	13
25617	13
25618	14
25619	13
25620	12
25621	14
25622	15
25623	14
25624	13
25625	14
25626	13
25627	12
25628	12
25629	11
25630	11
25631	12
25632	12
25633	13
25634	12
25635	11
25636	13
25637	14
25638	13
25639	12
25640	13
25641	12
25642	11
25643	11
25644	10
25645	12
25646	12
25647	12
25648	12
25649	12
25650	13
25651	15
25652	16
25653	15
25654	14
25655	15
25656	14
25657	13
25658	14
25659	13
25660	12
25661	12
25662	13
25663	12
25664	11
25665	12
25666	12
25667	13
25668	13
25669	14
25670	16
25671	17
25672	16
25673	15
25674	16
25675	15
25676	14
25677	15
25678	14
25679	13
25680	13
25681	14
25682	13
25683	12
25684	14
25685	15
25686	15
25687	16
25688	15
25689	14
25690	14
25691	14
25692	13
25693	14
25694	14
25695	14
25696	13
25697	13
25698	14
25699	13
25700	12
25701	13
25702	13
25703	13
25704	12
25705	12
25706	13
25707	12
25708	11
25709	11
25710	12
25711	14
25712	15
25713	15
25714	16
25715	15
25716	14
25717	14
25718	15
25719	14
25720	13
25721	13
25722	13
25723	14
25724	13
25725	12
25726	13
25727	13
25728	14
25729	13
25730	12
25731	12
25732	13
25733	12
25734	11
25735	11
25736	12
25737	12
25738	13
25739	12
25740	11
25741	13
25742	14
25743	13
25744	12
25745	13
25746	12
25747	11
25748	12
25749	11
25750	10
25751	11
25752	11
25753	11
25754	11
25755	12
25756	12
25757	13
25758	12
25759	11
25760	13
25761	14
25762	13
25763	12
25764	13
25765	12
25766	11
25767	12
25768	11
25769	10
25770	10
25771	10
25772	10
25773	11
25774	11
25775	12
25776	11
25777	10
25778	12
25779	13
25780	12
25781	11
25782	12
25783	11
25784	10
25785	11
25786	10
25787	9
25788	9
25789	10
25790	10
25791	11
25792	11
25793	12
25794	14
25795	15
25796	15
25797	16
25798	15
25799	14
25800	14
25801	15
25802	14
25803	13
25804	14
25805	14
25806	15
25807	14
25808	13
25809	13
25810	14
25811	13
25812	12
25813	13
25814	13
25815	14
25816	13
25817	12
25818	12
25819	13
25820	12
25821	11
25822	11
25823	12
25824	14
25825	15
25826	14
25827	13
25828	14
25829	13
25830	12
25831	13
25832	12
25833	11
25834	11
25835	12
25836	11
25837	10
25838	12
25839	13
25840	13
25841	13
25842	13
25843	14
25844	13
25845	12
25846	12
25847	13
25848	15
25849	16
25850	15
25851	14
25852	15
25853	14
25854	13
25855	14
25856	13
25857	12
25858	12
25859	13
25860	12
25861	11
25862	12
25863	12
25864	13
25865	13
25866	14
25867	13
25868	12
25869	14
25870	15
25871	14
25872	13
25873	14
25874	13
25875	12
25876	13
25877	12
25878	11
25879	11
25880	12
25881	14
25882	15
25883	14
25884	13
25885	14
25886	13
25887	12
25888	13
25889	12
25890	11
25891	11
25892	12
25893	11
25894	10
25895	11
25896	11
25897	12
25898	12
25899	13
25900	12
25901	11
25902	13
25903	14
25904	13
25905	12
25906	13
25907	12
25908	11
25909	11
25910	10
25911	10
25912	11
25913	11
25914	12
25915	11
25916	10
25917	12
25918	13
25919	12
25920	11
25921	12
25922	11
25923	10
25924	10
25925	9
25926	11
25927	11
25928	11
25929	11
25930	11
25931	12
25932	14
25933	15
25934	14
25935	13
25936	14
25937	13
25938	12
25939	13
25940	12
25941	11
25942	11
25943	12
25944	11
25945	10
25946	11
25947	11
25948	12
25949	12
25950	13
25951	15
25952	16
25953	15
25954	14
25955	15
25956	14
25957	13
25958	14
25959	13
25960	12
25961	12
25962	13
25963	12
25964	11
25965	13
25966	14
25967	14
25968	14
25969	13
25970	13
25971	14
25972	13
25973	12
25974	13
25975	13
25976	14
25977	13
25978	12
25979	12
25980	12
25981	11
25982	12
25983	12
25984	13
25985	12
25986	11
25987	11
25988	10
25989	10
25990	11
25991	13
25992	14
25993	14
25994	15
25995	14
25996	13
25997	13
25998	14
25999	13
26000	12
26001	13
26002	13
26003	14
26004	13
26005	12
26006	12
26007	13
26008	12
26009	11
26010	11
26011	11
26012	12
26013	11
26014	10
26015	10
26016	11
26017	11
26018	12
26019	11
26020	10
26021	12
26022	13
26023	12
26024	11
26025	12
26026	11
26027	10
26028	11
26029	10
26030	9
26031	10
26032	10
26033	10
26034	10
26035	11
26036	11
26037	12
26038	11
26039	10
26040	12
26041	13
26042	12
26043	11
26044	12
26045	11
26046	10
26047	11
26048	10
26049	9
26050	9
26051	9
26052	9
26053	10
26054	10
26055	11
26056	10
26057	9
26058	11
26059	12
26060	11
26061	10
26062	11
26063	10
26064	9
26065	10
26066	9
26067	8
26068	8
26069	8
26070	8
26071	9
26072	9
26073	10
26074	10
26075	11
26076	13
26077	14
26078	14
26079	15
26080	14
26081	13
26082	13
26083	14
26084	13
26085	12
26086	13
26087	13
26088	14
26089	13
26090	12
26091	12
26092	13
26093	12
26094	11
26095	12
26096	12
26097	13
26098	12
26099	11
26100	11
26101	12
26102	11
26103	10
26104	10
26105	10
26106	10
26107	10
26108	9
26109	11
26110	12
26111	12
26112	12
26113	12
26114	13
26115	12
26116	11
26117	11
26118	12
26119	14
26120	15
26121	14
26122	13
26123	14
26124	13
26125	12
26126	13
26127	12
26128	11
26129	11
26130	12
26131	11
26132	10
26133	11
26134	11
26135	11
26136	13
26137	14
26138	13
26139	12
26140	13
26141	12
26142	11
26143	12
26144	11
26145	10
26146	10
26147	11
26148	13
26149	14
26150	13
26151	12
26152	13
26153	12
26154	11
26155	12
26156	11
26157	10
26158	10
26159	11
26160	10
26161	9
26162	10
26163	10
26164	11
26165	11
26166	12
26167	11
26168	10
26169	12
26170	13
26171	12
26172	11
26173	12
26174	11
26175	10
26176	10
26177	9
26178	9
26179	10
26180	10
26181	11
26182	10
26183	9
26184	11
26185	12
26186	11
26187	10
26188	11
26189	10
26190	9
26191	9
26192	8
26193	10
26194	10
26195	10
26196	11
26197	13
26198	14
26199	14
26200	15
26201	14
26202	13
26203	13
26204	14
26205	13
26206	12
26207	13
26208	13
26209	13
26210	12
26211	12
26212	13
26213	12
26214	11
26215	12
26216	12
26217	13
26218	12
26219	11
26220	11
26221	12
26222	11
26223	10
26224	10
26225	11
26226	13
26227	14
26228	13
26229	12
26230	13
26231	12
26232	11
26233	12
26234	11
26235	10
26236	10
26237	11
26238	10
26239	9
26240	10
26241	10
26242	10
26243	10
26244	10
26245	10
26246	10
26247	9
26248	9
26249	10
26250	12
26251	13
26252	13
26253	14
26254	13
26255	12
26256	12
26257	13
26258	12
26259	11
26260	12
26261	12
26262	13
26263	12
26264	11
26265	11
26266	12
26267	11
26268	10
26269	10
26270	10
26271	11
26272	10
26273	9
26274	9
26275	10
26276	10
26277	10
26278	9
26279	11
26280	12
26281	11
26282	10
26283	11
26284	10
26285	9
26286	10
26287	9
26288	8
26289	9
26290	9
26291	9
26292	9
26293	9
26294	11
26295	12
26296	11
26297	10
26298	11
26299	10
26300	9
26301	10
26302	9
26303	8
26304	8
26305	8
26306	10
26307	11
26308	11
26309	11
26310	10
26311	10
26312	10
26313	9
26314	10
26315	10
26316	11
26317	10
26318	9
26319	9
26320	10
26321	9
26322	8
26323	9
26324	9
26325	10
26326	9
26327	8
26328	8
26329	7
26330	7
26331	8
26332	10
26333	11
26334	11
26335	12
26336	14
26337	15
26338	15
26339	16
26340	18
26341	19
26342	19
26343	18
26344	18
26345	19
26346	18
26347	17
26348	18
26349	18
26350	19
26351	18
26352	17
26353	17
26354	18
26355	17
26356	16
26357	17
26358	17
26359	18
26360	17
26361	16
26362	16
26363	17
26364	16
26365	15
26366	15
26367	16
26368	18
26369	19
26370	18
26371	17
26372	18
26373	17
26374	16
26375	17
26376	16
26377	15
26378	15
26379	16
26380	15
26381	14
26382	14
26383	15
26384	17
26385	18
26386	18
26387	19
26388	18
26389	17
26390	17
26391	17
26392	16
26393	17
26394	17
26395	17
26396	16
26397	16
26398	17
26399	16
26400	15
26401	16
26402	16
26403	17
26404	16
26405	15
26406	15
26407	16
26408	15
26409	14
26410	14
26411	15
26412	17
26413	18
26414	17
26415	16
26416	17
26417	16
26418	15
26419	16
26420	15
26421	14
26422	14
26423	15
26424	14
26425	13
26426	14
26427	14
26428	14
26429	14
26430	15
26431	17
26432	18
26433	17
26434	16
26435	17
26436	16
26437	15
26438	16
26439	15
26440	14
26441	14
26442	15
26443	14
26444	13
26445	13
26446	14
26447	16
26448	17
26449	17
26450	17
26451	16
26452	16
26453	17
26454	16
26455	15
26456	16
26457	16
26458	17
26459	16
26460	15
26461	15
26462	16
26463	15
26464	14
26465	15
26466	15
26467	16
26468	15
26469	14
26470	14
26471	15
26472	14
26473	13
26474	13
26475	14
26476	14
26477	15
26478	14
26479	13
26480	15
26481	16
26482	15
26483	14
26484	15
26485	14
26486	13
26487	14
26488	13
26489	12
26490	13
26491	13
26492	14
26493	14
26494	15
26495	15
26496	16
26497	15
26498	14
26499	16
26500	17
26501	16
26502	15
26503	16
26504	15
26505	14
26506	15
26507	14
26508	13
26509	15
26510	16
26511	16
26512	17
26513	16
26514	15
26515	15
26516	15
26517	14
26518	15
26519	15
26520	16
26521	15
26522	14
26523	14
26524	15
26525	14
26526	13
26527	14
26528	14
26529	15
26530	14
26531	13
26532	13
26533	14
26534	13
26535	12
26536	12
26537	12
26538	12
26539	13
26540	13
26541	14
26542	13
26543	12
26544	14
26545	15
26546	14
26547	13
26548	14
26549	13
26550	12
26551	13
26552	12
26553	11
26554	11
26555	11
26556	11
26557	11
26558	13
26559	14
26560	14
26561	15
26562	14
26563	13
26564	13
26565	13
26566	12
26567	13
26568	13
26569	14
26570	13
26571	12
26572	12
26573	13
26574	12
26575	11
26576	12
26577	12
26578	13
26579	12
26580	11
26581	11
26582	11
26583	10
26584	10
26585	10
26586	10
26587	10
26588	10
26589	11
26590	11
26591	12
26592	12
26593	13
26594	12
26595	11
26596	13
26597	14
26598	13
26599	12
26600	13
26601	12
26602	11
26603	12
26604	11
26605	10
26606	12
26607	13
26608	13
26609	13
26610	12
26611	12
26612	13
26613	12
26614	11
26615	12
26616	12
26617	13
26618	12
26619	11
26620	11
26621	12
26622	11
26623	10
26624	11
26625	11
26626	12
26627	11
26628	10
26629	10
26630	11
26631	10
26632	9
26633	8
26634	9
26635	9
26636	10
26637	10
26638	11
26639	11
26640	12
26641	14
26642	15
26643	15
26644	16
26645	15
26646	14
26647	14
26648	15
26649	14
26650	13
26651	14
26652	14
26653	15
26654	14
26655	13
26656	13
26657	14
26658	13
26659	12
26660	13
26661	13
26662	14
26663	13
26664	12
26665	12
26666	13
26667	12
26668	11
26669	11
26670	12
26671	14
26672	15
26673	14
26674	13
26675	14
26676	13
26677	12
26678	13
26679	12
26680	11
26681	11
26682	12
26683	11
26684	10
26685	12
26686	13
26687	13
26688	14
26689	14
26690	15
26691	14
26692	13
26693	15
26694	16
26695	15
26696	14
26697	15
26698	14
26699	13
26700	14
26701	13
26702	12
26703	12
26704	13
26705	15
26706	16
26707	15
26708	14
26709	15
26710	14
26711	13
26712	14
26713	13
26714	12
26715	12
26716	13
26717	12
26718	11
26719	12
26720	12
26721	12
26722	12
26723	12
26724	11
26725	11
26726	12
26727	14
26728	14
26729	13
26730	14
26731	13
26732	12
26733	13
26734	12
26735	11
26736	11
26737	12
26738	11
26739	10
26740	11
26741	11
26742	12
26743	12
26744	13
26745	12
26746	11
26747	13
26748	14
26749	13
26750	12
26751	13
26752	12
26753	11
26754	11
26755	10
26756	10
26757	11
26758	11
26759	12
26760	11
26761	10
26762	12
26763	13
26764	12
26765	11
26766	12
26767	11
26768	10
26769	10
26770	9
26771	11
26772	10
26773	11
26774	11
26775	12
26776	12
26777	13
26778	15
26779	16
26780	15
26781	14
26782	15
26783	14
26784	13
26785	14
26786	13
26787	12
26788	12
26789	12
26790	11
26791	13
26792	13
26793	13
26794	14
26795	13
26796	12
26797	12
26798	12
26799	13
26800	12
26801	11
26802	11
26803	11
26804	12
26805	11
26806	10
26807	10
26808	10
26809	10
26810	11
26811	11
26812	12
26813	11
26814	10
26815	12
26816	13
26817	12
26818	11
26819	12
26820	11
26821	10
26822	10
26823	9
26824	9
26825	9
26826	10
26827	10
26828	11
26829	11
26830	12
26831	11
26832	10
26833	12
26834	13
26835	12
26836	11
26837	12
26838	11
26839	10
26840	11
26841	10
26842	9
26843	11
26844	12
26845	12
26846	13
26847	12
26848	11
26849	11
26850	12
26851	11
26852	10
26853	10
26854	10
26855	11
26856	10
26857	9
26858	10
26859	10
26860	11
26861	10
26862	9
26863	9
26864	9
26865	8
26866	8
26867	9
26868	9
26869	10
26870	10
26871	10
26872	12
26873	13
26874	13
26875	14
26876	13
26877	12
26878	12
26879	13
26880	12
26881	11
26882	12
26883	12
26884	13
26885	12
26886	11
26887	11
26888	12
26889	11
26890	10
26891	11
26892	11
26893	12
26894	11
26895	10
26896	10
26897	11
26898	10
26899	9
26900	11
26901	12
26902	12
26903	12
26904	12
26905	13
26906	12
26907	11
26908	11
26909	12
26910	14
26911	15
26912	14
26913	13
26914	14
26915	13
26916	12
26917	13
26918	12
26919	11
26920	11
26921	12
26922	11
26923	10
26924	11
26925	11
26926	12
26927	12
26928	12
26929	11
26930	13
26931	14
26932	13
26933	12
26934	13
26935	12
26936	11
26937	12
26938	11
26939	10
26940	10
26941	11
26942	13
26943	14
26944	13
26945	12
26946	13
26947	12
26948	11
26949	12
26950	11
26951	10
26952	10
26953	11
26954	10
26955	9
26956	10
26957	10
26958	11
26959	11
26960	12
26961	11
26962	10
26963	12
26964	13
26965	12
26966	11
26967	12
26968	11
26969	10
26970	10
26971	9
26972	9
26973	10
26974	10
26975	11
26976	10
26977	9
26978	11
26979	12
26980	11
26981	10
26982	11
26983	10
26984	9
26985	9
26986	8
26987	10
26988	10
26989	10
26990	10
26991	10
26992	11
26993	13
26994	14
26995	13
26996	12
26997	13
26998	12
26999	11
27000	11
27001	10
27002	10
27003	11
27004	10
27005	9
27006	10
27007	10
27008	10
27009	10
27010	11
27011	13
27012	14
27013	13
27014	12
27015	13
27016	12
27017	11
27018	12
27019	11
27020	10
27021	10
27022	11
27023	10
27024	9
27025	9
27026	10
27027	12
27028	13
27029	13
27030	14
27031	13
27032	12
27033	12
27034	13
27035	12
27036	11
27037	12
27038	12
27039	13
27040	12
27041	11
27042	11
27043	12
27044	11
27045	10
27046	10
27047	10
27048	11
27049	10
27050	9
27051	9
27052	10
27053	10
27054	11
27055	10
27056	9
27057	11
27058	12
27059	11
27060	10
27061	11
27062	10
27063	9
27064	10
27065	9
27066	8
27067	9
27068	9
27069	9
27070	9
27071	10
27072	10
27073	11
27074	10
27075	9
27076	11
27077	12
27078	11
27079	10
27080	11
27081	10
27082	9
27083	10
27084	9
27085	8
27086	8
27087	8
27088	8
27089	9
27090	9
27091	10
27092	9
27093	8
27094	10
27095	11
27096	10
27097	9
27098	10
27099	9
27100	8
27101	8
27102	7
27103	7
27104	7
27105	7
27106	8
27107	8
27108	9
27109	9
27110	10
27111	12
27112	13
27113	13
27114	14
27115	13
27116	12
27117	12
27118	13
27119	12
27120	11
27121	12
27122	12
27123	13
27124	12
27125	11
27126	11
27127	12
27128	11
27129	10
27130	11
27131	11
27132	12
27133	11
27134	10
27135	10
27136	11
27137	10
27138	9
27139	9
27140	10
27141	12
27142	13
27143	12
27144	11
27145	12
27146	11
27147	10
27148	10
27149	9
27150	9
27151	10
27152	9
27153	8
27154	10
27155	11
27156	11
27157	12
27158	12
27159	13
27160	12
27161	11
27162	13
27163	14
27164	13
27165	12
27166	13
27167	12
27168	11
27169	12
27170	11
27171	10
27172	10
27173	11
27174	13
27175	14
27176	13
27177	12
27178	13
27179	12
27180	11
27181	12
27182	11
27183	10
27184	10
27185	9
27186	10
27187	10
27188	10
27189	10
27190	11
27191	10
27192	9
27193	9
27194	10
27195	12
27196	13
27197	12
27198	11
27199	12
27200	11
27201	10
27202	11
27203	10
27204	9
27205	9
27206	10
27207	9
27208	8
27209	9
27210	9
27211	10
27212	10
27213	11
27214	10
27215	9
27216	11
27217	12
27218	11
27219	10
27220	11
27221	10
27222	9
27223	9
27224	8
27225	8
27226	9
27227	9
27228	10
27229	9
27230	8
27231	10
27232	11
27233	10
27234	9
27235	10
27236	9
27237	8
27238	8
27239	7
27240	9
27241	9
27242	9
27243	10
27244	12
27245	13
27246	13
27247	14
27248	13
27249	12
27250	12
27251	13
27252	12
27253	11
27254	12
27255	12
27256	12
27257	11
27258	11
27259	11
27260	10
27261	11
27262	11
27263	12
27264	11
27265	10
27266	10
27267	11
27268	10
27269	9
27270	9
27271	10
27272	12
27273	13
27274	12
27275	11
27276	12
27277	11
27278	10
27279	11
27280	10
27281	9
27282	9
27283	10
27284	9
27285	8
27286	9
27287	9
27288	9
27289	9
27290	10
27291	12
27292	13
27293	12
27294	11
27295	12
27296	11
27297	10
27298	11
27299	10
27300	9
27301	9
27302	10
27303	9
27304	8
27305	8
27306	9
27307	11
27308	12
27309	12
27310	13
27311	12
27312	11
27313	11
27314	12
27315	11
27316	10
27317	10
27318	10
27319	11
27320	10
27321	9
27322	10
27323	10
27324	11
27325	10
27326	9
27327	9
27328	10
27329	9
27330	8
27331	8
27332	9
27333	9
27334	10
27335	9
27336	8
27337	10
27338	11
27339	10
27340	9
27341	10
27342	9
27343	8
27344	9
27345	8
27346	7
27347	8
27348	8
27349	9
27350	9
27351	10
27352	10
27353	11
27354	10
27355	9
27356	11
27357	12
27358	11
27359	10
27360	11
27361	10
27362	9
27363	10
27364	9
27365	8
27366	10
27367	11
27368	11
27369	12
27370	11
27371	10
27372	10
27373	10
27374	9
27375	10
27376	10
27377	11
27378	10
27379	9
27380	9
27381	10
27382	9
27383	8
27384	9
27385	9
27386	9
27387	8
27388	8
27389	9
27390	8
27391	7
27392	7
27393	7
27394	7
27395	8
27396	8
27397	9
27398	8
27399	7
27400	9
27401	9
27402	8
27403	9
27404	8
27405	7
27406	8
27407	7
27408	6
27409	5
27410	4
27411	4
27412	4
27413	4
27414	5
27415	5
27416	6
27417	6
27418	7
27419	9
27420	10
27421	10
27422	10
27423	10
27424	10
27425	12
27426	13
27427	12
27428	11
27429	12
27430	11
27431	10
27432	11
27433	10
27434	9
27435	9
27436	10
27437	12
27438	12
27439	12
27440	13
27441	12
27442	11
27443	12
27444	12
27445	13
27446	12
27447	11
27448	11
27449	11
27450	10
27451	11
27452	11
27453	12
27454	11
27455	10
27456	10
27457	10
27458	9
27459	9
27460	10
27461	12
27462	13
27463	12
27464	11
27465	12
27466	11
27467	10
27468	11
27469	10
27470	9
27471	9
27472	10
27473	9
27474	8
27475	9
27476	9
27477	10
27478	10
27479	11
27480	13
27481	14
27482	13
27483	12
27484	13
27485	12
27486	11
27487	12
27488	11
27489	10
27490	10
27491	11
27492	10
27493	9
27494	11
27495	12
27496	12
27497	12
27498	11
27499	11
27500	12
27501	11
27502	10
27503	11
27504	11
27505	12
27506	11
27507	10
27508	10
27509	11
27510	10
27511	9
27512	10
27513	10
27514	11
27515	10
27516	9
27517	9
27518	10
27519	9
27520	8
27521	8
27522	9
27523	11
27524	12
27525	12
27526	13
27527	12
27528	11
27529	11
27530	11
27531	10
27532	11
27533	11
27534	12
27535	11
27536	10
27537	10
27538	11
27539	10
27540	9
27541	10
27542	10
27543	9
27544	9
27545	10
27546	9
27547	8
27548	8
27549	9
27550	9
27551	10
27552	9
27553	8
27554	10
27555	11
27556	10
27557	9
27558	10
27559	9
27560	8
27561	9
27562	8
27563	7
27564	8
27565	8
27566	8
27567	8
27568	9
27569	9
27570	10
27571	9
27572	8
27573	10
27574	11
27575	10
27576	9
27577	10
27578	9
27579	8
27580	9
27581	8
27582	7
27583	7
27584	8
27585	8
27586	9
27587	9
27588	10
27589	9
27590	8
27591	10
27592	11
27593	10
27594	9
27595	10
27596	9
27597	8
27598	9
27599	8
27600	7
27601	9
27602	10
27603	10
27604	10
27605	9
27606	9
27607	10
27608	9
27609	8
27610	9
27611	9
27612	9
27613	8
27614	8
27615	9
27616	8
27617	7
27618	8
27619	8
27620	9
27621	8
27622	7
27623	7
27624	7
27625	6
27626	6
27627	6
27628	6
27629	7
27630	7
27631	7
27632	7
27633	8
27634	7
27635	6
27636	8
27637	9
27638	9
27639	10
27640	9
27641	8
27642	8
27643	9
27644	8
27645	7
27646	8
27647	8
27648	8
27649	7
27650	7
27651	8
27652	7
27653	6
27654	5
27655	4
27656	6
27657	7
27658	7
27659	8
27660	10
27661	11
27662	11
27663	10
27664	10
27665	11
27666	13
27667	14
27668	14
27669	14
27670	13
27671	13
27672	14
27673	13
27674	12
27675	13
27676	13
27677	14
27678	13
27679	12
27680	12
27681	13
27682	12
27683	11
27684	12
27685	12
27686	13
27687	12
27688	11
27689	11
27690	12
27691	11
27692	10
27693	10
27694	11
27695	13
27696	14
27697	13
27698	12
27699	13
27700	12
27701	11
27702	12
27703	11
27704	10
27705	10
27706	11
27707	10
27708	9
27709	10
27710	10
27711	10
27712	10
27713	11
27714	13
27715	13
27716	12
27717	13
27718	12
27719	11
27720	12
27721	11
27722	10
27723	10
27724	10
27725	9
27726	9
27727	10
27728	12
27729	13
27730	13
27731	14
27732	13
27733	12
27734	12
27735	13
27736	12
27737	11
27738	12
27739	12
27740	13
27741	12
27742	11
27743	11
27744	12
27745	11
27746	10
27747	11
27748	11
27749	12
27750	11
27751	10
27752	10
27753	11
27754	10
27755	9
27756	9
27757	10
27758	10
27759	11
27760	10
27761	9
27762	11
27763	12
27764	11
27765	10
27766	11
27767	10
27768	9
27769	10
27770	9
27771	8
27772	9
27773	9
27774	10
27775	10
27776	11
27777	11
27778	12
27779	11
27780	10
27781	12
27782	13
27783	12
27784	11
27785	12
27786	11
27787	10
27788	11
27789	10
27790	9
27791	11
27792	12
27793	12
27794	13
27795	12
27796	11
27797	11
27798	11
27799	10
27800	11
27801	11
27802	12
27803	11
27804	10
27805	10
27806	11
27807	10
27808	9
27809	10
27810	10
27811	11
27812	10
27813	9
27814	9
27815	10
27816	9
27817	8
27818	8
27819	8
27820	8
27821	9
27822	9
27823	9
27824	8
27825	10
27826	10
27827	9
27828	10
27829	9
27830	8
27831	9
27832	8
27833	7
27834	7
27835	7
27836	7
27837	7
27838	9
27839	10
27840	10
27841	10
27842	9
27843	9
27844	9
27845	8
27846	9
27847	9
27848	10
27849	9
27850	8
27851	8
27852	9
27853	8
27854	7
27855	8
27856	8
27857	9
27858	8
27859	7
27860	7
27861	8
27862	7
27863	6
27864	6
27865	6
27866	6
27867	7
27868	9
27869	10
27870	10
27871	11
27872	13
27873	13
27874	12
27875	13
27876	12
27877	11
27878	12
27879	11
27880	10
27881	10
27882	11
27883	10
27884	9
27885	9
27886	10
27887	12
27888	13
27889	12
27890	11
27891	12
27892	11
27893	10
27894	11
27895	10
27896	9
27897	9
27898	10
27899	9
27900	8
27901	7
27902	8
27903	8
27904	8
27905	8
27906	9
27907	8
27908	7
27909	7
27910	8
27911	10
27912	11
27913	10
27914	9
27915	10
27916	9
27917	8
27918	9
27919	8
27920	7
27921	7
27922	8
27923	7
27924	6
27925	6
27926	7
27927	7
27928	8
27929	8
27930	9
27931	8
27932	7
27933	9
27934	10
27935	9
27936	8
27937	9
27938	8
27939	7
27940	8
27941	7
27942	6
27943	8
27944	9
27945	9
27946	10
27947	9
27948	8
27949	8
27950	9
27951	8
27952	7
27953	8
27954	8
27955	9
27956	8
27957	7
27958	7
27959	8
27960	7
27961	6
27962	6
27963	6
27964	6
27965	5
27966	6
27967	6
27968	6
27969	6
27970	7
27971	9
27972	10
27973	10
27974	11
27975	13
27976	13
27977	12
27978	13
27979	12
27980	11
27981	12
27982	11
27983	10
27984	10
27985	11
27986	10
27987	9
27988	9
27989	10
27990	12
27991	13
27992	12
27993	11
27994	12
27995	11
27996	10
27997	11
27998	10
27999	9
28000	9
28001	10
28002	9
28003	8
28004	9
28005	9
28006	10
28007	10
28008	11
28009	10
28010	9
28011	11
28012	12
28013	11
28014	10
28015	10
28016	9
28017	10
28018	9
28019	8
28020	8
28021	9
28022	11
28023	12
28024	11
28025	10
28026	11
28027	10
28028	9
28029	10
28030	9
28031	8
28032	8
28033	9
28034	8
28035	7
28036	8
28037	8
28038	9
28039	9
28040	10
28041	9
28042	8
28043	10
28044	11
28045	10
28046	9
28047	10
28048	9
28049	8
28050	9
28051	8
28052	7
28053	7
28054	8
28055	8
28056	8
28057	7
28058	9
28059	10
28060	9
28061	8
28062	9
28063	8
28064	7
28065	7
28066	6
28067	6
28068	7
28069	9
28070	10
28071	10
28072	11
28073	10
28074	9
28075	9
28076	10
28077	9
28078	8
28079	8
28080	8
28081	8
28082	7
28083	8
28084	8
28085	9
28086	8
28087	7
28088	7
28089	8
28090	7
28091	6
28092	6
28093	6
28094	8
28095	9
28096	8
28097	7
28098	8
28099	7
28100	6
28101	7
28102	6
28103	5
28104	5
28105	5
28106	5
28107	6
28108	6
28109	7
28110	7
28111	8
28112	10
28113	11
28114	10
28115	9
28116	10
28117	9
28118	8
28119	9
28120	8
28121	7
28122	7
28123	8
28124	7
28125	6
28126	8
28127	9
28128	9
28129	10
28130	9
28131	8
28132	8
28133	9
28134	8
28135	7
28136	8
28137	8
28138	9
28139	8
28140	7
28141	7
28142	8
28143	7
28144	6
28145	7
28146	7
28147	7
28148	6
28149	6
28150	7
28151	6
28152	5
28153	7
28154	8
28155	8
28156	8
28157	8
28158	9
28159	8
28160	7
28161	7
28162	8
28163	10
28164	11
28165	10
28166	9
28167	10
28168	9
28169	8
28170	9
28171	8
28172	7
28173	7
28174	8
28175	7
28176	6
28177	7
28178	7
28179	8
28180	8
28181	9
28182	8
28183	7
28184	9
28185	10
28186	9
28187	8
28188	8
28189	7
28190	8
28191	7
28192	6
28193	6
28194	7
28195	9
28196	10
28197	9
28198	8
28199	9
28200	8
28201	7
28202	8
28203	7
28204	6
28205	6
28206	7
28207	6
28208	5
28209	6
28210	6
28211	7
28212	7
28213	8
28214	7
28215	6
28216	8
28217	9
28218	8
28219	7
28220	8
28221	7
28222	6
28223	7
28224	6
28225	5
28226	5
28227	5
28228	7
28229	8
28230	7
28231	6
28232	7
28233	6
28234	5
28235	5
28236	4
28237	5
28238	5
28239	6
28240	6
28241	7
28242	7
28243	8
28244	10
28245	11
28246	11
28247	12
28248	11
28249	10
28250	10
28251	11
28252	10
28253	9
28254	10
28255	10
28256	11
28257	10
28258	9
28259	9
28260	10
28261	9
28262	8
28263	9
28264	9
28265	9
28266	8
28267	8
28268	9
28269	8
28270	7
28271	7
28272	8
28273	10
28274	11
28275	10
28276	9
28277	10
28278	9
28279	8
28280	9
28281	8
28282	7
28283	7
28284	8
28285	7
28286	6
28287	8
28288	9
28289	9
28290	10
28291	10
28292	11
28293	10
28294	9
28295	11
28296	12
28297	11
28298	10
28299	11
28300	10
28301	9
28302	10
28303	9
28304	8
28305	8
28306	9
28307	11
28308	11
28309	10
28310	10
28311	9
28312	10
28313	9
28314	8
28315	8
28316	9
28317	8
28318	7
28319	8
28320	8
28321	8
28322	8
28323	9
28324	8
28325	7
28326	7
28327	8
28328	10
28329	11
28330	10
28331	9
28332	10
28333	9
28334	8
28335	9
28336	8
28337	7
28338	7
28339	8
28340	7
28341	6
28342	6
28343	6
28344	7
28345	7
28346	8
28347	7
28348	6
28349	8
28350	9
28351	8
28352	7
28353	8
28354	7
28355	6
28356	6
28357	5
28358	7
28359	7
28360	7
28361	8
28362	10
28363	11
28364	11
28365	12
28366	11
28367	10
28368	10
28369	11
28370	10
28371	9
28372	10
28373	10
28374	11
28375	10
28376	9
28377	9
28378	8
28379	9
28380	9
28381	10
28382	9
28383	8
28384	8
28385	9
28386	8
28387	7
28388	7
28389	8
28390	10
28391	11
28392	10
28393	9
28394	10
28395	9
28396	8
28397	9
28398	8
28399	7
28400	7
28401	8
28402	7
28403	6
28404	7
28405	7
28406	7
28407	7
28408	8
28409	10
28410	11
28411	10
28412	9
28413	10
28414	9
28415	8
28416	8
28417	7
28418	7
28419	8
28420	7
28421	6
28422	6
28423	7
28424	9
28425	10
28426	10
28427	11
28428	10
28429	9
28430	9
28431	10
28432	9
28433	8
28434	8
28435	8
28436	9
28437	8
28438	7
28439	8
28440	8
28441	9
28442	8
28443	7
28444	7
28445	8
28446	7
28447	6
28448	6
28449	7
28450	7
28451	8
28452	7
28453	6
28454	8
28455	9
28456	8
28457	7
28458	8
28459	7
28460	6
28461	7
28462	6
28463	5
28464	5
28465	5
28466	5
28467	5
28468	5
28469	5
28470	5
28471	4
28472	4
28473	4
28474	6
28475	7
28476	7
28477	7
28478	7
28479	8
28480	10
28481	11
28482	10
28483	9
28484	10
28485	9
28486	8
28487	9
28488	8
28489	7
28490	7
28491	8
28492	7
28493	6
28494	6
28495	7
28496	9
28497	9
28498	9
28499	10
28500	9
28501	8
28502	9
28503	9
28504	10
28505	9
28506	8
28507	8
28508	8
28509	7
28510	8
28511	8
28512	9
28513	8
28514	7
28515	7
28516	8
28517	7
28518	6
28519	6
28520	7
28521	9
28522	10
28523	9
28524	8
28525	9
28526	8
28527	7
28528	8
28529	7
28530	6
28531	6
28532	7
28533	6
28534	5
28535	6
28536	6
28537	7
28538	7
28539	8
28540	10
28541	11
28542	10
28543	9
28544	10
28545	9
28546	8
28547	9
28548	8
28549	7
28550	7
28551	8
28552	7
28553	6
28554	8
28555	9
28556	9
28557	9
28558	8
28559	8
28560	9
28561	8
28562	7
28563	7
28564	7
28565	7
28566	6
28567	7
28568	7
28569	8
28570	7
28571	6
28572	6
28573	6
28574	5
28575	5
28576	5
28577	5
28578	6
28579	6
28580	7
28581	6
28582	5
28583	7
28584	8
28585	7
28586	6
28587	7
28588	6
28589	5
28590	6
28591	5
28592	4
28593	5
28594	5
28595	6
28596	6
28597	7
28598	7
28599	8
28600	7
28601	6
28602	8
28603	9
28604	8
28605	7
28606	8
28607	7
28608	6
28609	7
28610	6
28611	5
28612	7
28613	8
28614	8
28615	9
28616	8
28617	7
28618	7
28619	7
28620	6
28621	7
28622	7
28623	7
28624	6
28625	6
28626	7
28627	6
28628	5
28629	6
28630	6
28631	6
28632	5
28633	5
28634	6
28635	5
28636	4
28637	4
28638	4
28639	4
28640	5
28641	5
28642	6
28643	5
28644	4
28645	6
28646	7
28647	6
28648	5
28649	6
28650	5
28651	4
28652	4
28653	3
28654	2
28655	1
28656	1
28657	4
28658	5
28659	5
28660	6
28661	8
28662	9
28663	9
28664	10
28665	12
28666	13
28667	13
28668	13
28669	13
28670	14
28671	16
28672	17
28673	17
28674	18
28675	20
28676	21
28677	21
28678	20
28679	20
28680	19
28681	20
28682	20
28683	19
28684	19
28685	18
28686	19
28687	19
28688	18
28689	18
28690	17
28691	17
28692	18
28693	20
28694	19
28695	18
28696	17
28697	17
28698	16
28699	16
28700	17
28701	19
28702	20
28703	20
28704	19
28705	19
28706	18
28707	19
28708	19
28709	18
28710	18
28711	17
28712	18
28713	18
28714	17
28715	17
28716	16
28717	16
28718	17
28719	19
28720	18
28721	17
28722	16
28723	16
28724	15
28725	16
28726	16
28727	17
28728	17
28729	18
28730	20
28731	19
28732	18
28733	17
28734	17
28735	16
28736	17
28737	18
28738	18
28739	17
28740	17
28741	16
28742	17
28743	17
28744	16
28745	16
28746	15
28747	15
28748	16
28749	18
28750	19
28751	19
28752	18
28753	18
28754	17
28755	18
28756	18
28757	17
28758	17
28759	16
28760	17
28761	17
28762	16
28763	16
28764	15
28765	15
28766	16
28767	16
28768	15
28769	17
28770	16
28771	15
28772	14
28773	15
28774	15
28775	16
28776	16
28777	17
28778	19
28779	18
28780	17
28781	16
28782	16
28783	15
28784	16
28785	17
28786	17
28787	16
28788	16
28789	15
28790	16
28791	16
28792	15
28793	15
28794	14
28795	14
28796	15
28797	17
28798	18
28799	18
28800	17
28801	17
28802	16
28803	17
28804	17
28805	16
28806	16
28807	15
28808	16
28809	16
28810	15
28811	15
28812	14
28813	14
28814	15
28815	15
28816	14
28817	16
28818	15
28819	14
28820	13
28821	13
28822	14
28823	14
28824	15
28825	15
28826	16
28827	18
28828	17
28829	16
28830	15
28831	15
28832	14
28833	16
28834	17
28835	17
28836	16
28837	16
28838	15
28839	16
28840	16
28841	15
28842	15
28843	14
28844	15
28845	15
28846	14
28847	14
28848	13
28849	14
28850	15
28851	15
28852	16
28853	17
28854	16
28855	15
28856	15
28857	14
28858	14
28859	15
28860	16
28861	15
28862	14
28863	14
28864	13
28865	14
28866	14
28867	15
28868	15
28869	14
28870	15
28871	14
28872	13
28873	13
28874	14
28875	16
28876	15
28877	14
28878	13
28879	13
28880	12
28881	12
28882	13
28883	15
28884	16
28885	16
28886	17
28887	19
28888	20
28889	20
28890	21
28891	23
28892	22
28893	21
28894	20
28895	20
28896	19
28897	19
28898	20
28899	22
28900	21
28901	20
28902	19
28903	19
28904	18
28905	19
28906	19
28907	20
28908	20
28909	19
28910	21
28911	20
28912	19
28913	18
28914	18
28915	19
28916	21
28917	20
28918	19
28919	18
28920	18
28921	17
28922	18
28923	18
28924	19
28925	19
28926	18
28927	20
28928	19
28929	18
28930	17
28931	17
28932	18
28933	18
28934	17
28935	19
28936	18
28937	17
28938	16
28939	16
28940	17
28941	19
28942	20
28943	20
28944	19
28945	19
28946	18
28947	19
28948	19
28949	18
28950	17
28951	18
28952	18
28953	17
28954	17
28955	16
28956	16
28957	17
28958	17
28959	16
28960	18
28961	17
28962	16
28963	15
28964	15
28965	16
28966	18
28967	19
28968	19
28969	20
28970	22
28971	21
28972	20
28973	19
28974	19
28975	18
28976	18
28977	18
28978	18
28979	17
28980	18
28981	18
28982	19
28983	19
28984	18
28985	20
28986	19
28987	18
28988	17
28989	17
28990	18
28991	20
28992	19
28993	18
28994	17
28995	17
28996	16
28997	17
28998	17
28999	18
29000	18
29001	17
29002	19
29003	18
29004	17
29005	16
29006	16
29007	17
29008	17
29009	16
29010	18
29011	17
29012	16
29013	15
29014	15
29015	16
29016	18
29017	19
29018	19
29019	18
29020	18
29021	17
29022	18
29023	18
29024	17
29025	17
29026	16
29027	17
29028	17
29029	16
29030	15
29031	15
29032	16
29033	16
29034	15
29035	17
29036	16
29037	15
29038	14
29039	15
29040	14
29041	14
29042	15
29043	17
29044	18
29045	18
29046	19
29047	21
29048	20
29049	19
29050	18
29051	18
29052	17
29053	16
29054	17
29055	17
29056	18
29057	18
29058	17
29059	19
29060	18
29061	17
29062	16
29063	16
29064	17
29065	19
29066	18
29067	17
29068	16
29069	16
29070	15
29071	16
29072	16
29073	17
29074	17
29075	16
29076	18
29077	17
29078	16
29079	15
29080	15
29081	16
29082	18
29083	17
29084	16
29085	15
29086	15
29087	14
29088	14
29089	15
29090	15
29091	16
29092	16
29093	15
29094	17
29095	16
29096	15
29097	14
29098	16
29099	17
29100	17
29101	16
29102	16
29103	15
29104	16
29105	16
29106	15
29107	15
29108	14
29109	15
29110	15
29111	14
29112	13
29113	14
29114	13
29115	13
29116	14
29117	14
29118	15
29119	15
29120	16
29121	18
29122	17
29123	16
29124	15
29125	15
29126	14
29127	16
29128	17
29129	17
29130	16
29131	16
29132	15
29133	16
29134	16
29135	15
29136	15
29137	14
29138	15
29139	15
29140	14
29141	14
29142	13
29143	15
29144	16
29145	15
29146	15
29147	16
29148	17
29149	16
29150	15
29151	15
29152	14
29153	15
29154	15
29155	16
29156	16
29157	15
29158	17
29159	16
29160	15
29161	14
29162	14
29163	15
29164	17
29165	16
29166	15
29167	14
29168	14
29169	13
29170	14
29171	14
29172	15
29173	15
29174	14
29175	16
29176	15
29177	14
29178	13
29179	13
29180	14
29181	14
29182	13
29183	15
29184	14
29185	13
29186	12
29187	11
29188	10
29189	11
29190	11
29191	12
29192	12
29193	13
29194	13
29195	14
29196	16
29197	17
29198	17
29199	18
29200	20
29201	19
29202	18
29203	17
29204	17
29205	16
29206	16
29207	17
29208	19
29209	18
29210	17
29211	16
29212	16
29213	15
29214	16
29215	16
29216	17
29217	17
29218	16
29219	18
29220	17
29221	16
29222	15
29223	15
29224	16
29225	18
29226	17
29227	16
29228	15
29229	15
29230	14
29231	15
29232	15
29233	16
29234	16
29235	15
29236	17
29237	16
29238	15
29239	14
29240	14
29241	15
29242	15
29243	14
29244	16
29245	15
29246	14
29247	13
29248	13
29249	14
29250	16
29251	17
29252	17
29253	16
29254	16
29255	15
29256	16
29257	16
29258	15
29259	15
29260	14
29261	15
29262	15
29263	14
29264	13
29265	13
29266	14
29267	14
29268	13
29269	15
29270	14
29271	13
29272	12
29273	14
29274	15
29275	15
29276	16
29277	16
29278	17
29279	19
29280	18
29281	17
29282	16
29283	16
29284	15
29285	17
29286	18
29287	18
29288	17
29289	17
29290	16
29291	17
29292	17
29293	16
29294	16
29295	15
29296	16
29297	16
29298	15
29299	15
29300	14
29301	14
29302	15
29303	17
29304	18
29305	18
29306	17
29307	16
29308	17
29309	17
29310	16
29311	16
29312	15
29313	16
29314	16
29315	15
29316	15
29317	14
29318	14
29319	15
29320	15
29321	14
29322	16
29323	15
29324	14
29325	13
29326	14
29327	13
29328	13
29329	14
29330	16
29331	17
29332	17
29333	16
29334	16
29335	15
29336	16
29337	16
29338	15
29339	15
29340	14
29341	15
29342	15
29343	14
29344	14
29345	13
29346	13
29347	14
29348	14
29349	13
29350	15
29351	14
29352	13
29353	12
29354	13
29355	13
29356	14
29357	14
29358	15
29359	15
29360	14
29361	16
29362	15
29363	14
29364	13
29365	14
29366	15
29367	15
29368	14
29369	13
29370	14
29371	14
29372	13
29373	13
29374	12
29375	12
29376	13
29377	13
29378	14
29379	14
29380	13
29381	15
29382	14
29383	13
29384	12
29385	13
29386	14
29387	14
29388	13
29389	13
29390	12
29391	13
29392	13
29393	12
29394	12
29395	11
29396	12
29397	13
29398	12
29399	12
29400	13
29401	14
29402	15
29403	15
29404	16
29405	16
29406	15
29407	15
29408	14
29409	14
29410	15
29411	17
29412	16
29413	15
29414	14
29415	14
29416	13
29417	14
29418	14
29419	15
29420	15
29421	14
29422	16
29423	15
29424	14
29425	13
29426	13
29427	14
29428	15
29429	14
29430	13
29431	13
29432	12
29433	12
29434	13
29435	13
29436	14
29437	14
29438	13
29439	15
29440	14
29441	13
29442	12
29443	14
29444	15
29445	15
29446	14
29447	14
29448	13
29449	14
29450	14
29451	13
29452	13
29453	12
29454	13
29455	13
29456	12
29457	12
29458	11
29459	12
29460	11
29461	10
29462	10
29463	11
29464	11
29465	12
29466	12
29467	13
29468	15
29469	16
29470	16
29471	17
29472	19
29473	18
29474	17
29475	16
29476	16
29477	15
29478	15
29479	16
29480	18
29481	17
29482	16
29483	15
29484	15
29485	14
29486	15
29487	15
29488	16
29489	16
29490	15
29491	17
29492	16
29493	15
29494	14
29495	14
29496	15
29497	17
29498	16
29499	15
29500	14
29501	14
29502	13
29503	14
29504	14
29505	15
29506	15
29507	14
29508	16
29509	15
29510	14
29511	13
29512	13
29513	14
29514	14
29515	13
29516	15
29517	14
29518	13
29519	12
29520	12
29521	13
29522	15
29523	16
29524	16
29525	15
29526	15
29527	14
29528	15
29529	15
29530	14
29531	13
29532	14
29533	14
29534	13
29535	13
29536	12
29537	12
29538	13
29539	13
29540	12
29541	14
29542	13
29543	12
29544	11
29545	13
29546	14
29547	13
29548	13
29549	14
29550	16
29551	17
29552	17
29553	16
29554	16
29555	15
29556	16
29557	16
29558	15
29559	15
29560	14
29561	15
29562	15
29563	14
29564	14
29565	13
29566	13
29567	14
29568	14
29569	13
29570	15
29571	14
29572	13
29573	12
29574	13
29575	13
29576	14
29577	14
29578	15
29579	17
29580	16
29581	15
29582	14
29583	14
29584	13
29585	15
29586	16
29587	16
29588	15
29589	15
29590	14
29591	15
29592	15
29593	14
29594	14
29595	13
29596	14
29597	14
29598	13
29599	13
29600	12
29601	12
29602	13
29603	15
29604	16
29605	15
29606	15
29607	14
29608	15
29609	15
29610	14
29611	14
29612	13
29613	14
29614	14
29615	13
29616	13
29617	12
29618	12
29619	13
29620	13
29621	12
29622	14
29623	13
29624	12
29625	11
29626	12
29627	12
29628	13
29629	13
29630	14
29631	14
29632	13
29633	15
29634	14
29635	13
29636	12
29637	13
29638	14
29639	14
29640	13
29641	13
29642	12
29643	13
29644	13
29645	12
29646	12
29647	11
29648	11
29649	12
29650	12
29651	13
29652	13
29653	12
29654	14
29655	13
29656	12
29657	11
29658	12
29659	13
29660	12
29661	12
29662	11
29663	12
29664	12
29665	11
29666	11
29667	10
29668	11
29669	12
29670	12
29671	13
29672	13
29673	14
29674	16
29675	17
29676	17
29677	16
29678	16
29679	15
29680	16
29681	16
29682	15
29683	15
29684	14
29685	15
29686	15
29687	14
29688	14
29689	13
29690	13
29691	14
29692	16
29693	15
29694	14
29695	13
29696	13
29697	12
29698	14
29699	15
29700	15
29701	16
29702	16
29703	15
29704	17
29705	16
29706	15
29707	14
29708	14
29709	15
29710	17
29711	16
29712	15
29713	14
29714	14
29715	13
29716	14
29717	14
29718	15
29719	15
29720	14
29721	15
29722	14
29723	13
29724	13
29725	13
29726	13
29727	12
29728	13
29729	13
29730	14
29731	14
29732	13
29733	15
29734	14
29735	13
29736	12
29737	12
29738	13
29739	13
29740	12
29741	14
29742	13
29743	12
29744	11
29745	11
29746	12
29747	13
29748	14
29749	14
29750	15
29751	17
29752	16
29753	15
29754	14
29755	14
29756	13
29757	13
29758	14
29759	14
29760	13
29761	13
29762	12
29763	13
29764	13
29765	14
29766	14
29767	13
29768	15
29769	14
29770	13
29771	12
29772	12
29773	13
29774	14
29775	13
29776	12
29777	12
29778	11
29779	11
29780	12
29781	12
29782	13
29783	13
29784	12
29785	14
29786	13
29787	12
29788	11
29789	13
29790	14
29791	14
29792	13
29793	13
29794	12
29795	13
29796	13
29797	12
29798	12
29799	11
29800	12
29801	12
29802	11
29803	11
29804	10
29805	11
29806	10
29807	10
29808	11
29809	11
29810	12
29811	12
29812	13
29813	15
29814	14
29815	13
29816	12
29817	12
29818	11
29819	13
29820	14
29821	14
29822	13
29823	13
29824	12
29825	13
29826	13
29827	12
29828	12
29829	11
29830	12
29831	12
29832	11
29833	11
29834	10
29835	11
29836	12
29837	12
29838	13
29839	15
29840	14
29841	13
29842	12
29843	12
29844	11
29845	11
29846	12
29847	13
29848	12
29849	11
29850	11
29851	10
29852	11
29853	10
29854	10
29855	11
29856	13
29857	12
29858	11
29859	10
29860	10
29861	9
29862	8
29863	8
29864	9
29865	11
29866	12
29867	12
29868	13
29869	15
29870	16
29871	16
29872	17
29873	19
29874	20
29875	20
29876	20
29877	20
29878	19
29879	19
29880	20
29881	22
29882	21
29883	20
29884	19
29885	19
29886	18
29887	19
29888	19
29889	20
29890	20
29891	19
29892	20
29893	19
29894	18
29895	18
29896	19
29897	21
29898	20
29899	19
29900	18
29901	18
29902	17
29903	18
29904	18
29905	19
29906	19
29907	18
29908	20
29909	19
29910	18
29911	17
29912	17
29913	18
29914	18
29915	17
29916	19
29917	18
29918	17
29919	16
29920	16
29921	17
29922	19
29923	20
29924	20
29925	19
29926	19
29927	18
29928	19
29929	19
29930	18
29931	17
29932	18
29933	18
29934	17
29935	17
29936	16
29937	16
29938	17
29939	17
29940	16
29941	18
29942	17
29943	16
29944	15
29945	15
29946	16
29947	18
29948	19
29949	19
29950	20
29951	22
29952	21
29953	20
29954	19
29955	19
29956	18
29957	18
29958	19
29959	21
29960	20
29961	19
29962	18
29963	18
29964	17
29965	18
29966	18
29967	19
29968	18
29969	20
29970	19
29971	18
29972	17
29973	17
29974	18
29975	20
29976	19
29977	18
29978	17
29979	16
29980	17
29981	17
29982	18
29983	18
29984	17
29985	19
29986	18
29987	17
29988	16
29989	16
29990	17
29991	17
29992	16
29993	18
29994	17
29995	16
29996	15
29997	15
29998	16
29999	18
30000	19
30001	19
30002	18
30003	18
30004	17
30005	18
30006	18
30007	17
30008	17
30009	16
30010	17
30011	17
30012	16
30013	15
30014	15
30015	16
30016	16
30017	15
30018	17
30019	16
30020	15
30021	14
30022	15
30023	14
30024	14
30025	15
30026	17
30027	18
30028	17
30029	17
30030	18
30031	20
30032	19
30033	18
30034	17
30035	17
30036	16
30037	17
30038	17
30039	18
30040	18
30041	17
30042	19
30043	18
30044	17
30045	16
30046	16
30047	17
30048	19
30049	18
30050	17
30051	16
30052	16
30053	15
30054	16
30055	16
30056	17
30057	17
30058	16
30059	18
30060	17
30061	16
30062	15
30063	15
30064	16
30065	18
30066	17
30067	16
30068	15
30069	15
30070	14
30071	14
30072	15
30073	15
30074	16
30075	16
30076	15
30077	17
30078	16
30079	15
30080	14
30081	16
30082	17
30083	16
30084	16
30085	15
30086	16
30087	16
30088	15
30089	15
30090	14
30091	15
30092	14
30093	14
30094	13
30095	14
30096	14
30097	15
30098	15
30099	16
30100	16
30101	17
30102	19
30103	18
30104	17
30105	16
30106	16
30107	15
30108	17
30109	18
30110	18
30111	17
30112	17
30113	16
30114	17
30115	17
30116	16
30117	16
30118	15
30119	16
30120	16
30121	15
30122	15
30123	14
30124	16
30125	17
30126	17
30127	18
30128	19
30129	18
30130	17
30131	17
30132	16
30133	15
30134	16
30135	16
30136	17
30137	17
30138	16
30139	18
30140	17
30141	16
30142	15
30143	15
30144	16
30145	18
30146	17
30147	16
30148	15
30149	15
30150	14
30151	15
30152	15
30153	16
30154	16
30155	15
30156	17
30157	16
30158	15
30159	14
30160	14
30161	15
30162	15
30163	14
30164	16
30165	15
30166	14
30167	13
30168	12
30169	11
30170	11
30171	12
30172	14
30173	15
30174	15
30175	16
30176	18
30177	19
30178	19
30179	20
30180	22
30181	21
30182	20
30183	19
30184	19
30185	18
30186	18
30187	19
30188	21
30189	20
30190	19
30191	18
30192	18
30193	17
30194	18
30195	18
30196	19
30197	19
30198	18
30199	20
30200	19
30201	18
30202	17
30203	17
30204	18
30205	20
30206	19
30207	18
30208	17
30209	17
30210	16
30211	17
30212	17
30213	18
30214	18
30215	17
30216	19
30217	18
30218	17
30219	16
30220	16
30221	17
30222	17
30223	16
30224	18
30225	17
30226	16
30227	15
30228	15
30229	16
30230	18
30231	19
30232	19
30233	18
30234	18
30235	17
30236	18
30237	18
30238	17
30239	16
30240	17
30241	17
30242	16
30243	16
30244	15
30245	15
30246	16
30247	16
30248	15
30249	17
30250	16
30251	15
30252	14
30253	14
30254	14
30255	13
30256	14
30257	13
30258	13
30259	14
30260	16
30261	17
30262	17
30263	18
30264	20
30265	19
30266	18
30267	17
30268	17
30269	16
30270	16
30271	17
30272	19
30273	18
30274	17
30275	16
30276	16
30277	15
30278	16
30279	16
30280	17
30281	17
30282	16
30283	18
30284	17
30285	16
30286	15
30287	15
30288	16
30289	18
30290	17
30291	16
30292	15
30293	15
30294	14
30295	15
30296	15
30297	16
30298	16
30299	15
30300	16
30301	15
30302	14
30303	14
30304	15
30305	17
30306	16
30307	15
30308	14
30309	14
30310	13
30311	13
30312	14
30313	14
30314	15
30315	15
30316	14
30317	16
30318	15
30319	14
30320	13
30321	15
30322	16
30323	16
30324	15
30325	15
30326	14
30327	15
30328	15
30329	14
30330	14
30331	13
30332	14
30333	14
30334	13
30335	12
30336	13
30337	12
30338	12
30339	13
30340	13
30341	14
30342	14
30343	15
30344	17
30345	16
30346	15
30347	14
30348	14
30349	13
30350	15
30351	16
30352	16
30353	15
30354	15
30355	14
30356	15
30357	15
30358	14
30359	14
30360	13
30361	14
30362	14
30363	13
30364	13
30365	12
30366	14
30367	15
30368	14
30369	14
30370	15
30371	16
30372	15
30373	14
30374	14
30375	13
30376	14
30377	14
30378	15
30379	15
30380	14
30381	16
30382	15
30383	14
30384	13
30385	13
30386	14
30387	16
30388	15
30389	14
30390	13
30391	13
30392	12
30393	13
30394	13
30395	14
30396	14
30397	13
30398	15
30399	14
30400	13
30401	12
30402	12
30403	13
30404	13
30405	12
30406	14
30407	13
30408	12
30409	11
30410	10
30411	9
30412	10
30413	10
30414	11
30415	11
30416	12
30417	12
30418	13
30419	15
30420	16
30421	16
30422	17
30423	19
30424	18
30425	17
30426	16
30427	16
30428	15
30429	15
30430	16
30431	18
30432	17
30433	16
30434	15
30435	15
30436	14
30437	15
30438	15
30439	16
30440	16
30441	15
30442	17
30443	16
30444	15
30445	14
30446	14
30447	15
30448	17
30449	16
30450	15
30451	14
30452	14
30453	13
30454	14
30455	14
30456	15
30457	15
30458	14
30459	16
30460	15
30461	14
30462	13
30463	13
30464	14
30465	14
30466	13
30467	15
30468	14
30469	13
30470	12
30471	12
30472	13
30473	15
30474	16
30475	16
30476	15
30477	15
30478	14
30479	15
30480	15
30481	14
30482	14
30483	13
30484	14
30485	14
30486	13
30487	12
30488	12
30489	13
30490	13
30491	12
30492	14
30493	13
30494	12
30495	11
30496	13
30497	14
30498	14
30499	15
30500	15
30501	16
30502	18
30503	17
30504	16
30505	15
30506	15
30507	14
30508	16
30509	17
30510	17
30511	16
30512	16
30513	15
30514	16
30515	16
30516	15
30517	15
30518	14
30519	15
30520	15
30521	14
30522	14
30523	13
30524	13
30525	14
30526	16
30527	17
30528	17
30529	16
30530	15
30531	16
30532	16
30533	15
30534	15
30535	14
30536	15
30537	15
30538	14
30539	14
30540	13
30541	13
30542	14
30543	14
30544	13
30545	15
30546	14
30547	13
30548	12
30549	13
30550	12
30551	12
30552	13
30553	14
30554	15
30555	15
30556	14
30557	14
30558	13
30559	14
30560	14
30561	13
30562	13
30563	12
30564	12
30565	13
30566	13
30567	12
30568	14
30569	13
30570	12
30571	11
30572	12
30573	12
30574	13
30575	13
30576	14
30577	14
30578	13
30579	15
30580	14
30581	13
30582	12
30583	13
30584	14
30585	14
30586	13
30587	12
30588	13
30589	13
30590	12
30591	12
30592	11
30593	11
30594	12
30595	12
30596	13
30597	13
30598	12
30599	14
30600	13
30601	12
30602	11
30603	12
30604	13
30605	13
30606	12
30607	12
30608	11
30609	12
30610	12
30611	11
30612	11
30613	10
30614	11
30615	12
30616	12
30617	13
30618	13
30619	14
30620	16
30621	17
30622	17
30623	16
30624	16
30625	15
30626	16
30627	16
30628	15
30629	15
30630	14
30631	15
30632	15
30633	14
30634	14
30635	13
30636	13
30637	14
30638	16
30639	15
30640	14
30641	13
30642	13
30643	12
30644	13
30645	14
30646	13
30647	13
30648	14
30649	16
30650	15
30651	14
30652	13
30653	13
30654	12
30655	13
30656	12
30657	12
30658	13
30659	13
30660	12
30661	14
30662	13
30663	12
30664	11
30665	10
30666	11
30667	10
30668	10
30669	11
30670	11
30671	12
30672	12
30673	13
30674	15
30675	14
30676	13
30677	12
30678	12
30679	11
30680	13
30681	14
30682	14
30683	13
30684	13
30685	12
30686	13
30687	13
30688	12
30689	12
30690	11
30691	12
30692	12
30693	11
30694	11
30695	10
30696	11
30697	12
30698	12
30699	13
30700	13
30701	12
30702	12
30703	11
30704	11
30705	12
30706	13
30707	12
30708	11
30709	11
30710	10
30711	11
30712	11
30713	12
30714	12
30715	11
30716	13
30717	12
30718	11
30719	10
30720	9
30721	9
30722	10
30723	10
30724	11
30725	11
30726	12
30727	14
30728	15
30729	15
30730	16
30731	18
30732	17
30733	16
30734	15
30735	15
30736	14
30737	14
30738	15
30739	17
30740	16
30741	15
30742	14
30743	14
30744	13
30745	14
30746	14
30747	15
30748	15
30749	14
30750	16
30751	15
30752	14
30753	13
30754	13
30755	14
30756	16
30757	15
30758	14
30759	13
30760	13
30761	12
30762	13
30763	13
30764	14
30765	14
30766	13
30767	15
30768	14
30769	13
30770	12
30771	12
30772	13
30773	13
30774	12
30775	14
30776	13
30777	12
30778	11
30779	11
30780	12
30781	13
30782	14
30783	14
30784	13
30785	13
30786	12
30787	13
30788	13
30789	12
30790	11
30791	10
30792	12
30793	13
30794	12
30795	12
30796	13
30797	15
30798	16
30799	16
30800	15
30801	15
30802	14
30803	15
30804	15
30805	14
30806	14
30807	13
30808	14
30809	14
30810	13
30811	13
30812	12
30813	12
30814	13
30815	13
30816	12
30817	14
30818	13
30819	12
30820	11
30821	12
30822	12
30823	13
30824	13
30825	14
30826	16
30827	15
30828	14
30829	13
30830	13
30831	12
30832	14
30833	15
30834	15
30835	14
30836	14
30837	13
30838	14
30839	14
30840	13
30841	13
30842	12
30843	13
30844	13
30845	12
30846	12
30847	11
30848	11
30849	12
30850	14
30851	15
30852	14
30853	14
30854	13
30855	14
30856	14
30857	13
30858	13
30859	12
30860	13
30861	13
30862	12
30863	12
30864	11
30865	11
30866	12
30867	12
30868	11
30869	13
30870	12
30871	11
30872	10
30873	11
30874	11
30875	12
30876	12
30877	13
30878	13
30879	12
30880	14
30881	13
30882	12
30883	11
30884	12
30885	13
30886	13
30887	12
30888	12
30889	11
30890	12
30891	12
30892	11
30893	11
30894	10
30895	10
30896	11
30897	11
30898	12
30899	12
30900	11
30901	13
30902	12
30903	11
30904	10
30905	11
30906	12
30907	11
30908	11
30909	10
30910	11
30911	11
30912	10
30913	10
30914	9
30915	10
30916	11
30917	10
30918	10
30919	11
30920	12
30921	13
30922	13
30923	14
30924	16
30925	15
30926	14
30927	13
30928	13
30929	12
30930	12
30931	13
30932	13
30933	12
30934	12
30935	11
30936	12
30937	12
30938	13
30939	13
30940	12
30941	14
30942	13
30943	12
30944	11
30945	11
30946	12
30947	13
30948	12
30949	11
30950	11
30951	10
30952	10
30953	11
30954	11
30955	12
30956	12
30957	11
30958	13
30959	12
30960	11
30961	10
30962	12
30963	13
30964	13
30965	12
30966	12
30967	11
30968	12
30969	12
30970	11
30971	11
30972	10
30973	11
30974	11
30975	10
30976	10
30977	9
30978	10
30979	9
30980	8
30981	7
30982	6
30983	5
30984	4
30985	4
30986	5
30987	6
30988	7
30989	7
30990	8
30991	10
30992	11
30993	11
30994	12
30995	14
30996	15
30997	14
30998	14
30999	15
31000	17
31001	18
31002	18
31003	19
31004	21
31005	20
31006	19
31007	18
31008	18
31009	17
31010	17
31011	18
31012	20
31013	19
31014	18
31015	17
31016	17
31017	16
31018	17
31019	17
31020	18
31021	18
31022	17
31023	19
31024	18
31025	17
31026	16
31027	16
31028	17
31029	19
31030	18
31031	17
31032	16
31033	16
31034	15
31035	16
31036	16
31037	17
31038	17
31039	16
31040	18
31041	17
31042	16
31043	15
31044	15
31045	16
31046	16
31047	15
31048	17
31049	16
31050	15
31051	14
31052	14
31053	15
31054	17
31055	18
31056	18
31057	17
31058	17
31059	16
31060	17
31061	17
31062	16
31063	16
31064	15
31065	16
31066	16
31067	15
31068	14
31069	14
31070	15
31071	15
31072	14
31073	16
31074	15
31075	14
31076	13
31077	14
31078	13
31079	13
31080	14
31081	16
31082	17
31083	17
31084	18
31085	20
31086	19
31087	18
31088	17
31089	17
31090	16
31091	16
31092	17
31093	19
31094	18
31095	17
31096	16
31097	16
31098	15
31099	16
31100	16
31101	17
31102	17
31103	16
31104	18
31105	17
31106	16
31107	15
31108	15
31109	16
31110	18
31111	17
31112	16
31113	15
31114	15
31115	14
31116	15
31117	15
31118	16
31119	16
31120	15
31121	17
31122	16
31123	15
31124	14
31125	14
31126	15
31127	17
31128	16
31129	15
31130	14
31131	14
31132	13
31133	13
31134	14
31135	14
31136	15
31137	15
31138	14
31139	16
31140	15
31141	14
31142	13
31143	15
31144	16
31145	16
31146	15
31147	15
31148	14
31149	15
31150	15
31151	14
31152	14
31153	13
31154	14
31155	13
31156	13
31157	12
31158	13
31159	13
31160	14
31161	14
31162	15
31163	15
31164	16
31165	18
31166	17
31167	16
31168	15
31169	15
31170	14
31171	16
31172	17
31173	16
31174	16
31175	15
31176	16
31177	16
31178	15
31179	15
31180	14
31181	15
31182	15
31183	14
31184	14
31185	13
31186	15
31187	16
31188	15
31189	14
31190	15
31191	15
31192	16
31193	16
31194	15
31195	17
31196	16
31197	15
31198	14
31199	14
31200	15
31201	17
31202	16
31203	15
31204	14
31205	14
31206	13
31207	14
31208	14
31209	15
31210	15
31211	14
31212	16
31213	15
31214	14
31215	13
31216	13
31217	14
31218	14
31219	13
31220	15
31221	14
31222	13
31223	12
31224	11
31225	10
31226	10
31227	11
31228	13
31229	14
31230	14
31231	15
31232	17
31233	18
31234	18
31235	19
31236	21
31237	20
31238	19
31239	18
31240	18
31241	17
31242	16
31243	17
31244	17
31245	18
31246	18
31247	17
31248	19
31249	18
31250	17
31251	16
31252	16
31253	17
31254	19
31255	18
31256	17
31257	16
31258	16
31259	15
31260	16
31261	16
31262	17
31263	17
31264	16
31265	18
31266	17
31267	16
31268	15
31269	15
31270	16
31271	16
31272	15
31273	17
31274	16
31275	15
31276	14
31277	14
31278	15
31279	17
31280	18
31281	18
31282	17
31283	17
31284	16
31285	17
31286	17
31287	16
31288	15
31289	16
31290	16
31291	15
31292	15
31293	14
31294	14
31295	15
31296	15
31297	14
31298	15
31299	14
31300	13
31301	13
31302	14
31303	16
31304	17
31305	17
31306	18
31307	20
31308	19
31309	18
31310	17
31311	17
31312	16
31313	16
31314	16
31315	15
31316	16
31317	16
31318	17
31319	17
31320	16
31321	18
31322	17
31323	16
31324	15
31325	15
31326	16
31327	18
31328	17
31329	16
31330	15
31331	15
31332	14
31333	15
31334	15
31335	16
31336	16
31337	15
31338	17
31339	16
31340	15
31341	14
31342	14
31343	15
31344	15
31345	14
31346	16
31347	15
31348	14
31349	13
31350	13
31351	14
31352	16
31353	17
31354	17
31355	16
31356	16
31357	15
31358	16
31359	16
31360	15
31361	15
31362	14
31363	15
31364	15
31365	14
31366	13
31367	13
31368	14
31369	13
31370	15
31371	14
31372	13
31373	12
31374	13
31375	12
31376	12
31377	13
31378	15
31379	16
31380	16
31381	17
31382	19
31383	18
31384	17
31385	16
31386	16
31387	15
31388	14
31389	15
31390	15
31391	16
31392	16
31393	15
31394	17
31395	16
31396	15
31397	14
31398	14
31399	15
31400	17
31401	16
31402	15
31403	14
31404	14
31405	13
31406	14
31407	14
31408	15
31409	15
31410	14
31411	16
31412	15
31413	14
31414	13
31415	13
31416	14
31417	16
31418	15
31419	14
31420	13
31421	13
31422	12
31423	12
31424	13
31425	13
31426	14
31427	14
31428	13
31429	15
31430	14
31431	13
31432	12
31433	14
31434	15
31435	15
31436	14
31437	14
31438	13
31439	14
31440	14
31441	13
31442	13
31443	12
31444	13
31445	13
31446	12
31447	11
31448	12
31449	11
31450	11
31451	12
31452	12
31453	13
31454	13
31455	14
31456	16
31457	15
31458	14
31459	13
31460	13
31461	12
31462	14
31463	15
31464	15
31465	14
31466	14
31467	13
31468	14
31469	14
31470	13
31471	12
31472	13
31473	13
31474	12
31475	12
31476	11
31477	13
31478	14
31479	13
31480	13
31481	14
31482	15
31483	14
31484	13
31485	13
31486	12
31487	13
31488	13
31489	14
31490	14
31491	13
31492	15
31493	14
31494	13
31495	12
31496	12
31497	13
31498	15
31499	14
31500	13
31501	12
31502	11
31503	12
31504	12
31505	13
31506	13
31507	12
31508	14
31509	13
31510	12
31511	11
31512	11
31513	12
31514	12
31515	11
31516	13
31517	12
31518	11
31519	10
31520	9
31521	8
31522	9
31523	9
31524	10
31525	10
31526	11
31527	11
31528	12
31529	14
31530	15
31531	15
31532	16
31533	18
31534	17
31535	16
31536	15
31537	15
31538	14
31539	14
31540	15
31541	17
31542	16
31543	15
31544	14
31545	14
31546	13
31547	14
31548	14
31549	15
31550	15
31551	14
31552	16
31553	15
31554	14
31555	13
31556	13
31557	14
31558	16
31559	15
31560	14
31561	13
31562	13
31563	12
31564	13
31565	13
31566	14
31567	14
31568	13
31569	15
31570	14
31571	13
31572	12
31573	12
31574	13
31575	13
31576	12
31577	14
31578	13
31579	12
31580	11
31581	11
31582	12
31583	14
31584	15
31585	15
31586	14
31587	14
31588	13
31589	14
31590	14
31591	13
31592	13
31593	12
31594	13
31595	13
31596	12
31597	11
31598	11
31599	12
31600	12
31601	11
31602	13
31603	12
31604	11
31605	10
31606	12
31607	13
31608	13
31609	14
31610	14
31611	15
31612	17
31613	16
31614	15
31615	14
31616	14
31617	13
31618	15
31619	16
31620	16
31621	15
31622	15
31623	14
31624	15
31625	15
31626	14
31627	14
31628	13
31629	14
31630	14
31631	13
31632	13
31633	12
31634	12
31635	13
31636	15
31637	16
31638	16
31639	15
31640	14
31641	15
31642	15
31643	14
31644	14
31645	13
31646	14
31647	14
31648	13
31649	13
31650	12
31651	12
31652	13
31653	13
31654	12
31655	14
31656	13
31657	12
31658	11
31659	12
31660	11
31661	11
31662	12
31663	14
31664	15
31665	15
31666	14
31667	14
31668	13
31669	14
31670	14
31671	13
31672	13
31673	12
31674	13
31675	13
31676	12
31677	12
31678	11
31679	11
31680	12
31681	12
31682	11
31683	13
31684	12
31685	11
31686	10
31687	11
31688	11
31689	12
31690	12
31691	13
31692	13
31693	12
31694	14
31695	13
31696	12
31697	11
31698	12
31699	13
31700	13
31701	12
31702	11
31703	12
31704	12
31705	11
31706	11
31707	10
31708	10
31709	11
31710	11
31711	12
31712	12
31713	11
31714	13
31715	12
31716	11
31717	10
31718	11
31719	12
31720	12
31721	11
31722	11
31723	10
31724	11
31725	11
31726	10
31727	10
31728	9
31729	10
31730	11
31731	10
31732	10
31733	11
31734	12
31735	13
31736	13
31737	14
31738	14
31739	13
31740	12
31741	12
31742	13
31743	15
31744	14
31745	13
31746	12
31747	12
31748	11
31749	12
31750	12
31751	13
31752	13
31753	12
31754	14
31755	13
31756	12
31757	11
31758	11
31759	12
31760	13
31761	12
31762	11
31763	11
31764	10
31765	10
31766	11
31767	11
31768	12
31769	12
31770	11
31771	13
31772	12
31773	11
31774	10
31775	12
31776	13
31777	12
31778	12
31779	11
31780	12
31781	12
31782	11
31783	11
31784	10
31785	11
31786	11
31787	10
31788	10
31789	9
31790	10
31791	9
31792	8
31793	8
31794	9
31795	9
31796	10
31797	10
31798	11
31799	13
31800	14
31801	14
31802	15
31803	17
31804	16
31805	15
31806	14
31807	14
31808	13
31809	13
31810	14
31811	16
31812	15
31813	14
31814	13
31815	13
31816	12
31817	13
31818	13
31819	14
31820	14
31821	13
31822	15
31823	14
31824	13
31825	12
31826	12
31827	13
31828	15
31829	14
31830	13
31831	12
31832	12
31833	11
31834	12
31835	12
31836	13
31837	13
31838	12
31839	14
31840	13
31841	12
31842	11
31843	11
31844	12
31845	12
31846	11
31847	13
31848	12
31849	11
31850	10
31851	10
31852	11
31853	13
31854	14
31855	14
31856	13
31857	13
31858	12
31859	13
31860	13
31861	12
31862	11
31863	12
31864	12
31865	11
31866	11
31867	10
31868	10
31869	11
31870	11
31871	10
31872	12
31873	11
31874	10
31875	9
31876	11
31877	12
31878	11
31879	11
31880	12
31881	14
31882	15
31883	15
31884	14
31885	14
31886	13
31887	14
31888	14
31889	13
31890	13
31891	12
31892	13
31893	13
31894	12
31895	12
31896	11
31897	11
31898	12
31899	12
31900	11
31901	13
31902	12
31903	11
31904	10
31905	11
31906	11
31907	12
31908	12
31909	13
31910	15
31911	14
31912	13
31913	12
31914	12
31915	11
31916	13
31917	14
31918	14
31919	13
31920	12
31921	13
31922	13
31923	12
31924	12
31925	11
31926	12
31927	12
31928	11
31929	11
31930	10
31931	10
31932	11
31933	13
31934	14
31935	13
31936	13
31937	12
31938	13
31939	13
31940	12
31941	12
31942	11
31943	12
31944	12
31945	11
31946	11
31947	10
31948	10
31949	11
31950	11
31951	10
31952	12
31953	11
31954	10
31955	9
31956	10
31957	10
31958	11
31959	11
31960	12
31961	12
31962	11
31963	13
31964	12
31965	11
31966	10
31967	11
31968	12
31969	12
31970	11
31971	11
31972	10
31973	11
31974	11
31975	10
31976	10
31977	9
31978	9
31979	10
31980	10
31981	11
31982	11
31983	10
31984	12
31985	11
31986	10
31987	9
31988	10
31989	11
31990	10
31991	10
31992	9
31993	10
31994	10
31995	9
31996	9
31997	8
31998	9
31999	10
32000	10
32001	11
32002	11
32003	12
32004	14
32005	15
32006	15
32007	14
32008	14
32009	13
32010	14
32011	14
32012	13
32013	13
32014	12
32015	13
32016	13
32017	12
32018	12
32019	11
32020	11
32021	12
32022	14
32023	13
32024	12
32025	11
32026	11
32027	10
32028	12
32029	13
32030	12
32031	12
32032	13
32033	15
32034	14
32035	13
32036	12
32037	12
32038	11
32039	12
32040	12
32041	13
32042	13
32043	12
32044	13
32045	12
32046	11
32047	11
32048	11
32049	11
32050	10
32051	11
32052	11
32053	12
32054	12
32055	11
32056	13
32057	12
32058	11
32059	10
32060	9
32061	9
32062	10
32063	11
32064	12
32065	12
32066	13
32067	15
32068	14
32069	13
32070	12
32071	12
32072	11
32073	11
32074	12
32075	12
32076	11
32077	11
32078	10
32079	11
32080	11
32081	12
32082	12
32083	11
32084	13
32085	12
32086	11
32087	10
32088	10
32089	11
32090	12
32091	11
32092	10
32093	10
32094	9
32095	9
32096	10
32097	10
32098	11
32099	11
32100	10
32101	12
32102	11
32103	10
32104	9
32105	11
32106	12
32107	12
32108	11
32109	11
32110	10
32111	11
32112	11
32113	10
32114	10
32115	9
32116	10
32117	10
32118	9
32119	9
32120	8
32121	9
32122	8
32123	7
32124	6
32125	6
32126	7
32127	8
32128	9
32129	9
32130	10
32131	12
32132	13
32133	13
32134	14
32135	16
32136	17
32137	16
32138	16
32139	17
32140	19
32141	18
32142	17
32143	16
32144	16
32145	15
32146	16
32147	16
32148	17
32149	16
32150	17
32151	16
32152	15
32153	15
32154	16
32155	18
32156	17
32157	16
32158	15
32159	15
32160	14
32161	15
32162	15
32163	16
32164	16
32165	15
32166	17
32167	16
32168	15
32169	14
32170	14
32171	15
32172	15
32173	14
32174	16
32175	15
32176	14
32177	13
32178	13
32179	14
32180	16
32181	17
32182	17
32183	16
32184	16
32185	15
32186	16
32187	16
32188	15
32189	14
32190	15
32191	15
32192	14
32193	14
32194	13
32195	13
32196	14
32197	14
32198	13
32199	15
32200	14
32201	13
32202	12
32203	12
32204	13
32205	15
32206	16
32207	16
32208	17
32209	18
32210	17
32211	16
32212	16
32213	15
32214	15
32215	16
32216	18
32217	17
32218	16
32219	15
32220	15
32221	14
32222	15
32223	15
32224	16
32225	15
32226	17
32227	16
32228	15
32229	14
32230	14
32231	15
32232	17
32233	16
32234	15
32235	14
32236	13
32237	14
32238	14
32239	15
32240	15
32241	14
32242	16
32243	15
32244	14
32245	13
32246	13
32247	14
32248	14
32249	13
32250	15
32251	14
32252	13
32253	12
32254	12
32255	13
32256	15
32257	16
32258	16
32259	15
32260	15
32261	14
32262	15
32263	15
32264	14
32265	14
32266	13
32267	14
32268	14
32269	13
32270	12
32271	12
32272	13
32273	13
32274	12
32275	14
32276	13
32277	12
32278	11
32279	12
32280	11
32281	11
32282	12
32283	14
32284	15
32285	14
32286	14
32287	15
32288	17
32289	16
32290	15
32291	14
32292	14
32293	13
32294	14
32295	14
32296	15
32297	15
32298	14
32299	16
32300	15
32301	14
32302	13
32303	13
32304	14
32305	16
32306	15
32307	14
32308	13
32309	13
32310	12
32311	13
32312	13
32313	14
32314	14
32315	13
32316	15
32317	14
32318	13
32319	12
32320	12
32321	13
32322	15
32323	14
32324	13
32325	12
32326	12
32327	11
32328	11
32329	12
32330	12
32331	13
32332	13
32333	12
32334	14
32335	13
32336	12
32337	11
32338	13
32339	14
32340	13
32341	13
32342	12
32343	13
32344	13
32345	12
32346	12
32347	11
32348	12
32349	11
32350	11
32351	10
32352	11
32353	11
32354	12
32355	12
32356	13
32357	13
32358	14
32359	16
32360	15
32361	14
32362	13
32363	13
32364	12
32365	14
32366	15
32367	15
32368	14
32369	14
32370	13
32371	14
32372	14
32373	13
32374	13
32375	12
32376	13
32377	13
32378	12
32379	12
32380	11
32381	13
32382	14
32383	14
32384	15
32385	16
32386	15
32387	14
32388	14
32389	13
32390	12
32391	13
32392	13
32393	14
32394	14
32395	13
32396	15
32397	14
32398	13
32399	12
32400	12
32401	13
32402	15
32403	14
32404	13
32405	12
32406	12
32407	11
32408	12
32409	12
32410	13
32411	13
32412	12
32413	14
32414	13
32415	12
32416	11
32417	11
32418	12
32419	12
32420	11
32421	13
32422	12
32423	11
32424	10
32425	9
32426	8
32427	8
32428	8
32429	7
32430	8
32431	8
32432	9
32433	9
32434	10
32435	10
32436	11
32437	13
32438	14
32439	14
32440	15
32441	17
32442	16
32443	15
32444	14
32445	14
32446	13
32447	13
32448	14
32449	16
32450	15
32451	14
32452	13
32453	13
32454	12
32455	13
32456	13
32457	14
32458	14
32459	13
32460	15
32461	14
32462	13
32463	12
32464	12
32465	13
32466	15
32467	14
32468	13
32469	12
32470	12
32471	11
32472	12
32473	12
32474	13
32475	13
32476	12
32477	14
32478	13
32479	12
32480	11
32481	11
32482	12
32483	12
32484	11
32485	13
32486	12
32487	11
32488	10
32489	10
32490	11
32491	13
32492	14
32493	14
32494	13
32495	13
32496	12
32497	13
32498	13
32499	12
32500	12
32501	11
32502	12
32503	12
32504	11
32505	10
32506	10
32507	11
32508	11
32509	10
32510	12
32511	11
32512	10
32513	9
32514	11
32515	12
32516	12
32517	13
32518	13
32519	14
32520	16
32521	15
32522	14
32523	13
32524	13
32525	12
32526	14
32527	15
32528	14
32529	14
32530	13
32531	14
32532	14
32533	13
32534	13
32535	12
32536	13
32537	13
32538	12
32539	12
32540	11
32541	11
32542	12
32543	14
32544	15
32545	15
32546	14
32547	13
32548	14
32549	14
32550	13
32551	13
32552	12
32553	13
32554	13
32555	12
32556	12
32557	11
32558	11
32559	12
32560	12
32561	11
32562	13
32563	12
32564	11
32565	10
32566	11
32567	10
32568	10
32569	11
32570	12
32571	13
32572	13
32573	12
32574	12
32575	11
32576	12
32577	12
32578	11
32579	11
32580	10
32581	10
32582	11
32583	11
32584	10
32585	12
32586	11
32587	10
32588	9
32589	10
32590	10
32591	11
32592	11
32593	12
32594	12
32595	11
32596	13
32597	12
32598	11
32599	10
32600	11
32601	12
32602	12
32603	11
32604	10
32605	11
32606	11
32607	10
32608	10
32609	9
32610	9
32611	10
32612	10
32613	11
32614	11
32615	10
32616	12
32617	11
32618	10
32619	9
32620	10
32621	11
32622	11
32623	10
32624	10
32625	9
32626	10
32627	10
32628	9
32629	9
32630	8
32631	8
32632	9
32633	9
32634	10
32635	10
32636	11
32637	13
32638	14
32639	14
32640	13
32641	13
32642	12
32643	13
32644	13
32645	12
32646	12
32647	11
32648	12
32649	12
32650	11
32651	11
32652	10
32653	10
32654	11
32655	13
32656	12
32657	11
32658	10
32659	10
32660	9
32661	8
32662	7
32663	7
32664	8
32665	8
32666	9
32667	9
32668	10
32669	12
32670	13
32671	13
32672	14
32673	16
32674	15
32675	14
32676	13
32677	13
32678	12
32679	12
32680	13
32681	15
32682	14
32683	13
32684	12
32685	12
32686	11
32687	12
32688	12
32689	13
32690	13
32691	12
32692	14
32693	13
32694	12
32695	11
32696	11
32697	12
32698	14
32699	13
32700	12
32701	11
32702	11
32703	10
32704	11
32705	11
32706	12
32707	12
32708	11
32709	13
32710	12
32711	11
32712	10
32713	10
32714	11
32715	11
32716	10
32717	12
32718	11
32719	10
32720	9
32721	9
32722	10
32723	11
32724	12
32725	12
32726	11
32727	11
32728	10
32729	11
32730	11
32731	10
32732	9
32733	8
32734	10
32735	11
32736	10
32737	10
32738	11
32739	13
32740	14
32741	14
32742	13
32743	13
32744	12
32745	13
32746	13
32747	12
32748	12
32749	11
32750	12
32751	12
32752	11
32753	11
32754	10
32755	10
32756	11
32757	11
32758	10
32759	12
32760	11
32761	10
32762	9
32763	10
32764	10
32765	11
32766	10
32767	12
32768	13
32769	13
32770	12
32771	12
32772	11
32773	12
32774	12
32775	11
32776	11
32777	10
32778	11
32779	11
32780	10
32781	10
32782	9
32783	9
32784	10
32785	12
32786	13
32787	12
32788	12
32789	11
32790	12
32791	12
32792	11
32793	11
32794	10
32795	11
32796	11
32797	10
32798	10
32799	9
32800	9
32801	10
32802	10
32803	9
32804	11
32805	10
32806	9
32807	8
32808	9
32809	9
32810	10
32811	10
32812	11
32813	11
32814	10
32815	12
32816	11
32817	10
32818	9
32819	10
32820	11
32821	11
32822	10
32823	10
32824	9
32825	10
32826	10
32827	9
32828	9
32829	8
32830	8
32831	9
32832	9
32833	10
32834	10
32835	9
32836	11
32837	10
32838	9
32839	8
32840	9
32841	10
32842	9
32843	9
32844	8
32845	9
32846	9
32847	8
32848	8
32849	7
32850	8
32851	9
32852	8
32853	8
32854	9
32855	10
32856	11
32857	11
32858	12
32859	14
32860	13
32861	12
32862	11
32863	11
32864	10
32865	10
32866	11
32867	11
32868	10
32869	10
32870	9
32871	10
32872	10
32873	11
32874	11
32875	10
32876	12
32877	11
32878	10
32879	9
32880	9
32881	10
32882	11
32883	10
32884	9
32885	9
32886	8
32887	8
32888	9
32889	9
32890	10
32891	10
32892	9
32893	11
32894	10
32895	9
32896	8
32897	10
32898	11
32899	11
32900	10
32901	10
32902	9
32903	10
32904	10
32905	9
32906	9
32907	8
32908	9
32909	9
32910	8
32911	8
32912	7
32913	8
32914	7
32915	6
32916	5
32917	4
32918	3
32919	2
32920	1
32921	1
32922	4
32923	5
32924	5
32925	6
32926	8
32927	9
32928	9
32929	10
32930	12
32931	13
32932	13
32933	13
32934	13
32935	14
32936	16
32937	17
32938	17
32939	18
32940	20
32941	21
32942	21
32943	22
32944	21
32945	20
32946	20
32947	21
32948	20
32949	19
32950	20
32951	20
32952	21
32953	20
32954	19
32955	19
32956	20
32957	19
32958	18
32959	19
32960	19
32961	20
32962	19
32963	18
32964	18
32965	19
32966	18
32967	17
32968	17
32969	18
32970	20
32971	21
32972	20
32973	19
32974	20
32975	19
32976	18
32977	19
32978	18
32979	17
32980	17
32981	18
32982	17
32983	16
32984	16
32985	17
32986	19
32987	20
32988	20
32989	21
32990	20
32991	19
32992	19
32993	20
32994	19
32995	18
32996	19
32997	19
32998	20
32999	19
33000	18
33001	18
33002	19
33003	18
33004	17
33005	18
33006	18
33007	19
33008	18
33009	17
33010	17
33011	18
33012	17
33013	16
33014	16
33015	17
33016	19
33017	20
33018	19
33019	18
33020	19
33021	18
33022	17
33023	18
33024	17
33025	16
33026	16
33027	17
33028	16
33029	15
33030	16
33031	16
33032	16
33033	16
33034	17
33035	19
33036	20
33037	19
33038	18
33039	19
33040	18
33041	17
33042	18
33043	17
33044	16
33045	16
33046	17
33047	16
33048	15
33049	15
33050	16
33051	18
33052	19
33053	19
33054	20
33055	19
33056	18
33057	18
33058	18
33059	17
33060	18
33061	18
33062	19
33063	18
33064	17
33065	17
33066	17
33067	16
33068	17
33069	17
33070	18
33071	17
33072	16
33073	16
33074	17
33075	16
33076	15
33077	15
33078	16
33079	16
33080	17
33081	16
33082	15
33083	17
33084	18
33085	17
33086	16
33087	17
33088	16
33089	15
33090	16
33091	15
33092	14
33093	15
33094	15
33095	15
33096	15
33097	16
33098	18
33099	19
33100	18
33101	17
33102	18
33103	17
33104	16
33105	17
33106	16
33107	15
33108	15
33109	16
33110	15
33111	14
33112	14
33113	15
33114	17
33115	18
33116	18
33117	18
33118	17
33119	17
33120	18
33121	17
33122	16
33123	17
33124	17
33125	18
33126	17
33127	16
33128	16
33129	17
33130	16
33131	15
33132	16
33133	16
33134	17
33135	16
33136	15
33137	15
33138	16
33139	15
33140	14
33141	14
33142	15
33143	15
33144	16
33145	15
33146	14
33147	16
33148	17
33149	16
33150	15
33151	16
33152	15
33153	14
33154	15
33155	14
33156	13
33157	13
33158	13
33159	13
33160	14
33161	14
33162	15
33163	17
33164	18
33165	17
33166	16
33167	17
33168	16
33169	15
33170	16
33171	15
33172	14
33173	14
33174	15
33175	14
33176	13
33177	15
33178	16
33179	16
33180	17
33181	16
33182	15
33183	15
33184	16
33185	15
33186	14
33187	15
33188	15
33189	16
33190	15
33191	14
33192	14
33193	15
33194	14
33195	13
33196	14
33197	14
33198	15
33199	14
33200	13
33201	13
33202	14
33203	13
33204	12
33205	12
33206	13
33207	15
33208	16
33209	16
33210	17
33211	19
33212	20
33213	20
33214	21
33215	23
33216	24
33217	23
33218	22
33219	23
33220	22
33221	21
33222	22
33223	21
33224	20
33225	20
33226	21
33227	20
33228	19
33229	19
33230	20
33231	22
33232	23
33233	22
33234	21
33235	22
33236	21
33237	20
33238	21
33239	20
33240	19
33241	19
33242	20
33243	19
33244	18
33245	19
33246	19
33247	20
33248	20
33249	21
33250	20
33251	19
33252	21
33253	21
33254	20
33255	20
33256	19
33257	20
33258	19
33259	18
33260	18
33261	19
33262	21
33263	22
33264	21
33265	20
33266	21
33267	20
33268	19
33269	20
33270	19
33271	18
33272	18
33273	19
33274	18
33275	17
33276	18
33277	18
33278	19
33279	19
33280	20
33281	19
33282	18
33283	20
33284	21
33285	20
33286	19
33287	20
33288	19
33289	18
33290	19
33291	18
33292	17
33293	17
33294	18
33295	18
33296	19
33297	18
33298	17
33299	19
33300	20
33301	19
33302	18
33303	19
33304	18
33305	17
33306	17
33307	16
33308	16
33309	17
33310	19
33311	20
33312	20
33313	21
33314	20
33315	19
33316	19
33317	20
33318	19
33319	18
33320	18
33321	18
33322	19
33323	18
33324	17
33325	18
33326	18
33327	18
33328	17
33329	17
33330	18
33331	17
33332	16
33333	16
33334	17
33335	17
33336	18
33337	17
33338	16
33339	18
33340	19
33341	18
33342	17
33343	18
33344	17
33345	16
33346	17
33347	16
33348	15
33349	15
33350	16
33351	18
33352	19
33353	19
33354	20
33355	22
33356	23
33357	22
33358	21
33359	22
33360	21
33361	20
33362	21
33363	20
33364	19
33365	19
33366	20
33367	19
33368	18
33369	18
33370	18
33371	18
33372	19
33373	18
33374	17
33375	18
33376	18
33377	19
33378	19
33379	20
33380	19
33381	18
33382	20
33383	20
33384	19
33385	20
33386	19
33387	18
33388	19
33389	18
33390	17
33391	17
33392	18
33393	20
33394	21
33395	20
33396	19
33397	20
33398	19
33399	18
33400	19
33401	18
33402	17
33403	17
33404	18
33405	17
33406	16
33407	17
33408	17
33409	18
33410	18
33411	19
33412	18
33413	17
33414	19
33415	20
33416	19
33417	18
33418	19
33419	18
33420	17
33421	17
33422	16
33423	16
33424	17
33425	17
33426	18
33427	17
33428	16
33429	18
33430	19
33431	18
33432	17
33433	18
33434	17
33435	16
33436	17
33437	16
33438	15
33439	15
33440	16
33441	18
33442	19
33443	19
33444	20
33445	19
33446	18
33447	18
33448	19
33449	18
33450	17
33451	18
33452	18
33453	19
33454	18
33455	17
33456	17
33457	18
33458	17
33459	16
33460	16
33461	16
33462	17
33463	16
33464	15
33465	15
33466	16
33467	16
33468	17
33469	16
33470	15
33471	17
33472	18
33473	17
33474	16
33475	17
33476	16
33477	15
33478	16
33479	15
33480	14
33481	14
33482	14
33483	15
33484	17
33485	17
33486	17
33487	18
33488	20
33489	21
33490	20
33491	19
33492	20
33493	19
33494	18
33495	19
33496	18
33497	17
33498	17
33499	18
33500	17
33501	16
33502	17
33503	17
33504	18
33505	18
33506	19
33507	18
33508	17
33509	19
33510	19
33511	18
33512	19
33513	18
33514	17
33515	18
33516	17
33517	16
33518	16
33519	17
33520	19
33521	19
33522	18
33523	19
33524	18
33525	17
33526	18
33527	17
33528	16
33529	16
33530	17
33531	16
33532	15
33533	16
33534	16
33535	17
33536	17
33537	18
33538	17
33539	16
33540	18
33541	19
33542	18
33543	17
33544	17
33545	16
33546	17
33547	16
33548	15
33549	15
33550	16
33551	18
33552	19
33553	18
33554	17
33555	18
33556	17
33557	16
33558	17
33559	16
33560	15
33561	15
33562	16
33563	15
33564	14
33565	14
33566	15
33567	15
33568	16
33569	16
33570	17
33571	16
33572	15
33573	17
33574	18
33575	17
33576	16
33577	17
33578	16
33579	15
33580	16
33581	15
33582	14
33583	16
33584	17
33585	17
33586	18
33587	17
33588	16
33589	16
33590	17
33591	16
33592	15
33593	16
33594	16
33595	17
33596	16
33597	15
33598	15
33599	16
33600	15
33601	14
33602	14
33603	14
33604	15
33605	14
33606	13
33607	13
33608	13
33609	14
33610	14
33611	15
33612	15
33613	16
33614	18
33615	19
33616	18
33617	17
33618	18
33619	17
33620	16
33621	17
33622	16
33623	15
33624	15
33625	16
33626	15
33627	14
33628	16
33629	17
33630	17
33631	18
33632	17
33633	16
33634	16
33635	17
33636	16
33637	15
33638	16
33639	16
33640	17
33641	16
33642	15
33643	15
33644	16
33645	15
33646	14
33647	15
33648	15
33649	16
33650	15
33651	14
33652	14
33653	15
33654	14
33655	13
33656	15
33657	15
33658	15
33659	15
33660	15
33661	16
33662	15
33663	14
33664	15
33665	15
33666	16
33667	16
33668	17
33669	16
33670	15
33671	17
33672	17
33673	16
33674	16
33675	15
33676	16
33677	15
33678	14
33679	14
33680	15
33681	17
33682	18
33683	17
33684	16
33685	17
33686	16
33687	15
33688	16
33689	15
33690	14
33691	14
33692	15
33693	14
33694	13
33695	14
33696	14
33697	15
33698	15
33699	16
33700	15
33701	14
33702	16
33703	17
33704	16
33705	15
33706	16
33707	15
33708	14
33709	14
33710	13
33711	13
33712	14
33713	14
33714	15
33715	14
33716	13
33717	15
33718	15
33719	14
33720	15
33721	14
33722	13
33723	14
33724	13
33725	12
33726	11
33727	10
33728	11
33729	11
33730	12
33731	12
33732	13
33733	13
33734	14
33735	16
33736	17
33737	17
33738	18
33739	20
33740	21
33741	20
33742	19
33743	20
33744	19
33745	18
33746	19
33747	18
33748	17
33749	17
33750	18
33751	17
33752	16
33753	16
33754	17
33755	19
33756	20
33757	19
33758	18
33759	19
33760	18
33761	17
33762	18
33763	17
33764	16
33765	16
33766	17
33767	16
33768	15
33769	16
33770	16
33771	17
33772	17
33773	18
33774	17
33775	16
33776	18
33777	18
33778	17
33779	18
33780	17
33781	16
33782	17
33783	16
33784	15
33785	15
33786	16
33787	18
33788	19
33789	18
33790	17
33791	18
33792	17
33793	16
33794	17
33795	16
33796	15
33797	15
33798	16
33799	15
33800	14
33801	15
33802	15
33803	16
33804	16
33805	17
33806	16
33807	15
33808	17
33809	18
33810	17
33811	16
33812	17
33813	16
33814	15
33815	15
33816	14
33817	14
33818	15
33819	15
33820	16
33821	15
33822	14
33823	16
33824	17
33825	16
33826	15
33827	16
33828	15
33829	14
33830	15
33831	14
33832	13
33833	13
33834	14
33835	16
33836	17
33837	17
33838	18
33839	17
33840	16
33841	16
33842	17
33843	16
33844	15
33845	16
33846	16
33847	17
33848	16
33849	15
33850	15
33851	16
33852	15
33853	14
33854	14
33855	14
33856	15
33857	14
33858	13
33859	13
33860	14
33861	14
33862	15
33863	14
33864	13
33865	15
33866	16
33867	15
33868	14
33869	15
33870	14
33871	13
33872	14
33873	13
33874	12
33875	14
33876	15
33877	15
33878	16
33879	16
33880	17
33881	19
33882	20
33883	19
33884	18
33885	19
33886	18
33887	17
33888	18
33889	17
33890	16
33891	16
33892	17
33893	16
33894	15
33895	17
33896	18
33897	18
33898	18
33899	17
33900	17
33901	18
33902	17
33903	16
33904	17
33905	17
33906	18
33907	17
33908	16
33909	16
33910	17
33911	16
33912	15
33913	16
33914	16
33915	17
33916	16
33917	15
33918	15
33919	16
33920	15
33921	14
33922	14
33923	15
33924	17
33925	17
33926	17
33927	18
33928	17
33929	16
33930	17
33931	17
33932	18
33933	17
33934	16
33935	16
33936	17
33937	16
33938	15
33939	16
33940	16
33941	17
33942	16
33943	15
33944	15
33945	16
33946	15
33947	14
33948	14
33949	15
33950	15
33951	16
33952	15
33953	14
33954	16
33955	17
33956	16
33957	15
33958	16
33959	15
33960	14
33961	15
33962	14
33963	13
33964	13
33965	13
33966	14
33967	16
33968	17
33969	17
33970	18
33971	17
33972	16
33973	16
33974	17
33975	16
33976	15
33977	16
33978	16
33979	16
33980	15
33981	15
33982	16
33983	15
33984	14
33985	15
33986	15
33987	16
33988	15
33989	14
33990	14
33991	15
33992	14
33993	13
33994	13
33995	14
33996	14
33997	15
33998	14
33999	13
34000	15
34001	16
34002	15
34003	14
34004	15
34005	14
34006	13
34007	14
34008	13
34009	12
34010	13
34011	13
34012	13
34013	13
34014	14
34015	14
34016	15
34017	14
34018	13
34019	15
34020	16
34021	15
34022	14
34023	15
34024	14
34025	13
34026	14
34027	13
34028	12
34029	12
34030	12
34031	12
34032	13
34033	13
34034	14
34035	13
34036	12
34037	14
34038	15
34039	14
34040	13
34041	14
34042	13
34043	12
34044	13
34045	12
34046	11
34047	10
34048	10
34049	11
34050	11
34051	12
34052	12
34053	13
34054	15
34055	16
34056	16
34057	17
34058	19
34059	20
34060	19
34061	18
34062	19
34063	18
34064	17
34065	18
34066	17
34067	16
34068	16
34069	17
34070	16
34071	15
34072	15
34073	16
34074	18
34075	19
34076	18
34077	17
34078	17
34079	16
34080	17
34081	16
34082	15
34083	15
34084	15
34085	14
34086	15
34087	15
34088	16
34089	16
34090	17
34091	16
34092	15
34093	17
34094	18
34095	17
34096	16
34097	16
34098	15
34099	16
34100	15
34101	14
34102	14
34103	15
34104	17
34105	18
34106	17
34107	16
34108	17
34109	16
34110	15
34111	16
34112	15
34113	14
34114	14
34115	15
34116	14
34117	13
34118	14
34119	14
34120	15
34121	15
34122	16
34123	15
34124	14
34125	16
34126	17
34127	16
34128	15
34129	16
34130	15
34131	14
34132	15
34133	14
34134	13
34135	13
34136	14
34137	14
34138	15
34139	14
34140	13
34141	15
34142	16
34143	15
34144	14
34145	15
34146	14
34147	13
34148	13
34149	12
34150	12
34151	13
34152	15
34153	16
34154	16
34155	17
34156	16
34157	15
34158	15
34159	16
34160	15
34161	14
34162	14
34163	14
34164	15
34165	14
34166	13
34167	14
34168	14
34169	15
34170	14
34171	13
34172	13
34173	14
34174	13
34175	12
34176	12
34177	13
34178	13
34179	14
34180	13
34181	12
34182	14
34183	15
34184	14
34185	13
34186	14
34187	13
34188	12
34189	13
34190	12
34191	11
34192	13
34193	13
34194	13
34195	14
34196	16
34197	17
34198	17
34199	18
34200	17
34201	16
34202	16
34203	17
34204	16
34205	15
34206	16
34207	16
34208	17
34209	16
34210	15
34211	15
34212	16
34213	15
34214	14
34215	15
34216	15
34217	16
34218	15
34219	14
34220	14
34221	15
34222	14
34223	13
34224	13
34225	14
34226	14
34227	15
34228	14
34229	13
34230	15
34231	16
34232	15
34233	14
34234	15
34235	14
34236	13
34237	14
34238	13
34239	12
34240	13
34241	13
34242	14
34243	14
34244	15
34245	17
34246	18
34247	17
34248	16
34249	17
34250	16
34251	15
34252	16
34253	15
34254	14
34255	14
34256	15
34257	14
34258	13
34259	15
34260	16
34261	16
34262	17
34263	16
34264	15
34265	15
34266	15
34267	14
34268	15
34269	15
34270	16
34271	15
34272	14
34273	14
34274	15
34275	14
34276	13
34277	14
34278	14
34279	15
34280	14
34281	13
34282	13
34283	14
34284	13
34285	12
34286	12
34287	13
34288	15
34289	15
34290	15
34291	15
34292	14
34293	15
34294	15
34295	16
34296	15
34297	14
34298	14
34299	15
34300	14
34301	13
34302	14
34303	14
34304	14
34305	13
34306	13
34307	14
34308	13
34309	12
34310	12
34311	13
34312	13
34313	14
34314	13
34315	12
34316	14
34317	14
34318	13
34319	14
34320	13
34321	12
34322	13
34323	12
34324	11
34325	12
34326	12
34327	12
34328	12
34329	13
34330	13
34331	14
34332	13
34333	12
34334	14
34335	15
34336	14
34337	13
34338	14
34339	13
34340	12
34341	13
34342	12
34343	11
34344	11
34345	11
34346	11
34347	12
34348	12
34349	13
34350	12
34351	11
34352	13
34353	14
34354	13
34355	12
34356	13
34357	12
34358	11
34359	12
34360	11
34361	10
34362	9
34363	8
34364	8
34365	9
34366	11
34367	12
34368	12
34369	13
34370	15
34371	16
34372	16
34373	17
34374	19
34375	20
34376	20
34377	20
34378	20
34379	21
34380	20
34381	19
34382	19
34383	20
34384	22
34385	23
34386	22
34387	21
34388	22
34389	21
34390	20
34391	21
34392	20
34393	19
34394	19
34395	20
34396	19
34397	18
34398	19
34399	19
34400	19
34401	19
34402	20
34403	19
34404	18
34405	18
34406	19
34407	21
34408	22
34409	21
34410	20
34411	21
34412	20
34413	19
34414	20
34415	19
34416	18
34417	18
34418	19
34419	18
34420	17
34421	18
34422	18
34423	19
34424	19
34425	20
34426	19
34427	18
34428	20
34429	21
34430	20
34431	19
34432	20
34433	19
34434	18
34435	19
34436	18
34437	17
34438	17
34439	18
34440	18
34441	19
34442	18
34443	17
34444	19
34445	20
34446	19
34447	18
34448	19
34449	18
34450	17
34451	17
34452	16
34453	16
34454	17
34455	19
34456	20
34457	20
34458	20
34459	19
34460	19
34461	20
34462	19
34463	18
34464	18
34465	18
34466	19
34467	18
34468	17
34469	18
34470	18
34471	19
34472	18
34473	17
34474	17
34475	18
34476	17
34477	16
34478	16
34479	17
34480	17
34481	18
34482	17
34483	16
34484	18
34485	19
34486	18
34487	17
34488	18
34489	17
34490	16
34491	17
34492	16
34493	15
34494	15
34495	16
34496	18
34497	19
34498	19
34499	20
34500	22
34501	23
34502	22
34503	21
34504	22
34505	21
34506	20
34507	21
34508	20
34509	19
34510	19
34511	20
34512	19
34513	18
34514	18
34515	19
34516	21
34517	22
34518	21
34519	20
34520	21
34521	20
34522	19
34523	20
34524	19
34525	18
34526	18
34527	19
34528	18
34529	17
34530	18
34531	18
34532	18
34533	20
34534	20
34535	19
34536	20
34537	19
34538	18
34539	19
34540	18
34541	17
34542	17
34543	17
34544	19
34545	20
34546	19
34547	18
34548	19
34549	18
34550	17
34551	18
34552	17
34553	16
34554	17
34555	17
34556	18
34557	18
34558	19
34559	18
34560	17
34561	19
34562	20
34563	19
34564	18
34565	19
34566	18
34567	17
34568	17
34569	16
34570	16
34571	17
34572	17
34573	18
34574	17
34575	16
34576	18
34577	19
34578	18
34579	17
34580	18
34581	17
34582	16
34583	17
34584	16
34585	15
34586	15
34587	16
34588	18
34589	19
34590	19
34591	20
34592	19
34593	18
34594	18
34595	19
34596	18
34597	17
34598	18
34599	18
34600	19
34601	18
34602	17
34603	17
34604	18
34605	17
34606	16
34607	16
34608	16
34609	17
34610	16
34611	15
34612	15
34613	16
34614	16
34615	17
34616	16
34617	15
34618	17
34619	18
34620	17
34621	16
34622	17
34623	16
34624	15
34625	16
34626	15
34627	14
34628	14
34629	14
34630	15
34631	17
34632	17
34633	17
34634	18
34635	20
34636	21
34637	20
34638	19
34639	20
34640	19
34641	18
34642	19
34643	18
34644	17
34645	17
34646	18
34647	17
34648	16
34649	17
34650	17
34651	18
34652	18
34653	19
34654	18
34655	17
34656	19
34657	19
34658	18
34659	19
34660	18
34661	17
34662	18
34663	17
34664	16
34665	16
34666	17
34667	19
34668	20
34669	19
34670	18
34671	19
34672	18
34673	17
34674	18
34675	17
34676	16
34677	16
34678	17
34679	16
34680	15
34681	16
34682	16
34683	17
34684	17
34685	18
34686	17
34687	16
34688	18
34689	19
34690	18
34691	17
34692	17
34693	16
34694	17
34695	16
34696	15
34697	15
34698	16
34699	18
34700	18
34701	17
34702	18
34703	17
34704	16
34705	17
34706	16
34707	15
34708	15
34709	16
34710	15
34711	14
34712	14
34713	15
34714	15
34715	16
34716	16
34717	17
34718	16
34719	15
34720	17
34721	18
34722	17
34723	16
34724	17
34725	16
34726	15
34727	16
34728	15
34729	14
34730	16
34731	16
34732	16
34733	17
34734	16
34735	15
34736	16
34737	16
34738	17
34739	16
34740	15
34741	15
34742	16
34743	15
34744	14
34745	14
34746	14
34747	15
34748	14
34749	13
34750	13
34751	13
34752	14
34753	14
34754	15
34755	15
34756	16
34757	18
34758	19
34759	18
34760	17
34761	18
34762	17
34763	16
34764	17
34765	16
34766	15
34767	15
34768	16
34769	15
34770	14
34771	16
34772	17
34773	17
34774	18
34775	17
34776	16
34777	16
34778	17
34779	16
34780	15
34781	16
34782	16
34783	17
34784	16
34785	15
34786	15
34787	16
34788	15
34789	14
34790	15
34791	15
34792	16
34793	15
34794	14
34795	14
34796	15
34797	14
34798	13
34799	15
34800	15
34801	15
34802	15
34803	15
34804	16
34805	15
34806	14
34807	15
34808	15
34809	16
34810	16
34811	17
34812	16
34813	15
34814	17
34815	17
34816	16
34817	16
34818	15
34819	16
34820	15
34821	14
34822	14
34823	15
34824	17
34825	18
34826	17
34827	16
34828	17
34829	16
34830	15
34831	16
34832	15
34833	14
34834	14
34835	15
34836	14
34837	13
34838	14
34839	14
34840	15
34841	15
34842	16
34843	15
34844	14
34845	16
34846	16
34847	15
34848	16
34849	15
34850	14
34851	15
34852	14
34853	13
34854	13
34855	14
34856	14
34857	15
34858	14
34859	13
34860	15
34861	16
34862	15
34863	14
34864	15
34865	14
34866	13
34867	13
34868	12
34869	11
34870	11
34871	12
34872	14
34873	15
34874	15
34875	16
34876	18
34877	19
34878	19
34879	20
34880	22
34881	23
34882	22
34883	21
34884	22
34885	21
34886	20
34887	21
34888	20
34889	19
34890	19
34891	20
34892	19
34893	18
34894	18
34895	19
34896	21
34897	22
34898	21
34899	20
34900	21
34901	20
34902	19
34903	20
34904	19
34905	18
34906	18
34907	19
34908	18
34909	17
34910	18
34911	18
34912	19
34913	19
34914	20
34915	19
34916	18
34917	20
34918	21
34919	20
34920	19
34921	19
34922	18
34923	19
34924	18
34925	17
34926	17
34927	18
34928	20
34929	21
34930	20
34931	19
34932	20
34933	19
34934	18
34935	19
34936	18
34937	17
34938	17
34939	18
34940	17
34941	16
34942	17
34943	17
34944	18
34945	18
34946	19
34947	18
34948	17
34949	19
34950	20
34951	19
34952	18
34953	19
34954	18
34955	17
34956	18
34957	17
34958	16
34959	16
34960	17
34961	17
34962	18
34963	17
34964	16
34965	18
34966	19
34967	18
34968	17
34969	18
34970	17
34971	16
34972	16
34973	15
34974	15
34975	16
34976	18
34977	19
34978	19
34979	20
34980	19
34981	18
34982	18
34983	19
34984	18
34985	17
34986	17
34987	17
34988	18
34989	17
34990	16
34991	17
34992	17
34993	18
34994	17
34995	16
34996	16
34997	17
34998	16
34999	15
35000	15
35001	16
35002	16
35003	16
35004	15
35005	17
35006	18
35007	17
35008	16
35009	17
35010	16
35011	15
35012	16
35013	15
35014	14
35015	14
35016	14
35017	14
35018	15
35019	17
35020	18
35021	18
35022	18
35023	17
35024	17
35025	18
35026	17
35027	16
35028	17
35029	17
35030	18
35031	17
35032	16
35033	16
35034	17
35035	16
35036	15
35037	16
35038	16
35039	17
35040	16
35041	15
35042	15
35043	16
35044	15
35045	14
35046	14
35047	15
35048	15
35049	16
35050	15
35051	14
35052	16
35053	17
35054	16
35055	15
35056	16
35057	15
35058	14
35059	15
35060	14
35061	13
35062	13
35063	13
35064	14
35065	16
35066	17
35067	17
35068	18
35069	20
35070	21
35071	20
35072	19
35073	20
35074	19
35075	18
35076	19
35077	18
35078	17
35079	17
35080	18
35081	17
35082	16
35083	16
35084	17
35085	19
35086	20
35087	19
35088	18
35089	19
35090	18
35091	17
35092	18
35093	17
35094	16
35095	16
35096	17
35097	16
35098	15
35099	16
35100	16
35101	17
35102	17
35103	18
35104	17
35105	16
35106	18
35107	18
35108	17
35109	18
35110	17
35111	16
35112	17
35113	16
35114	15
35115	15
35116	16
35117	18
35118	19
35119	18
35120	17
35121	18
35122	17
35123	16
35124	17
35125	16
35126	15
35127	15
35128	16
35129	15
35130	14
35131	15
35132	15
35133	15
35134	15
35135	16
35136	15
35137	14
35138	14
35139	15
35140	17
35141	18
35142	17
35143	16
35144	17
35145	16
35146	15
35147	16
35148	15
35149	14
35150	14
35151	15
35152	14
35153	13
35154	13
35155	14
35156	14
35157	15
35158	15
35159	16
35160	15
35161	14
35162	16
35163	17
35164	16
35165	15
35166	16
35167	15
35168	14
35169	15
35170	14
35171	13
35172	15
35173	16
35174	16
35175	17
35176	16
35177	15
35178	15
35179	16
35180	15
35181	14
35182	15
35183	15
35184	16
35185	15
35186	14
35187	14
35188	15
35189	14
35190	13
35191	13
35192	13
35193	14
35194	13
35195	12
35196	12
35197	12
35198	13
35199	13
35200	14
35201	14
35202	15
35203	17
35204	18
35205	17
35206	16
35207	17
35208	16
35209	15
35210	16
35211	15
35212	14
35213	14
35214	15
35215	14
35216	13
35217	15
35218	16
35219	16
35220	17
35221	16
35222	15
35223	15
35224	16
35225	15
35226	14
35227	15
35228	15
35229	16
35230	15
35231	14
35232	14
35233	15
35234	14
35235	13
35236	14
35237	14
35238	15
35239	14
35240	13
35241	13
35242	14
35243	13
35244	12
35245	14
35246	14
35247	14
35248	14
35249	14
35250	15
35251	14
35252	13
35253	14
35254	14
35255	15
35256	15
35257	16
35258	15
35259	14
35260	16
35261	16
35262	15
35263	15
35264	14
35265	15
35266	14
35267	13
35268	13
35269	14
35270	16
35271	17
35272	16
35273	15
35274	16
35275	15
35276	14
35277	15
35278	14
35279	13
35280	13
35281	14
35282	13
35283	12
35284	13
35285	13
35286	14
35287	14
35288	15
35289	14
35290	13
35291	15
35292	16
35293	15
35294	14
35295	15
35296	14
35297	13
35298	13
35299	12
35300	12
35301	13
35302	13
35303	14
35304	13
35305	12
35306	14
35307	14
35308	13
35309	14
35310	13
35311	12
35312	13
35313	12
35314	11
35315	10
35316	9
35317	10
35318	10
35319	11
35320	11
35321	12
35322	12
35323	13
35324	15
35325	16
35326	16
35327	17
35328	19
35329	20
35330	19
35331	18
35332	19
35333	18
35334	17
35335	18
35336	17
35337	16
35338	16
35339	17
35340	16
35341	15
35342	15
35343	16
35344	18
35345	19
35346	18
35347	17
35348	18
35349	17
35350	16
35351	17
35352	16
35353	15
35354	15
35355	16
35356	15
35357	14
35358	15
35359	15
35360	16
35361	16
35362	17
35363	16
35364	15
35365	17
35366	17
35367	16
35368	17
35369	16
35370	15
35371	16
35372	15
35373	14
35374	14
35375	15
35376	17
35377	18
35378	17
35379	16
35380	17
35381	16
35382	15
35383	16
35384	15
35385	14
35386	14
35387	15
35388	14
35389	13
35390	14
35391	14
35392	15
35393	15
35394	16
35395	15
35396	14
35397	16
35398	17
35399	16
35400	15
35401	16
35402	15
35403	14
35404	14
35405	13
35406	13
35407	14
35408	14
35409	15
35410	14
35411	13
35412	15
35413	16
35414	15
35415	14
35416	15
35417	14
35418	13
35419	14
35420	13
35421	12
35422	12
35423	13
35424	15
35425	16
35426	16
35427	17
35428	16
35429	15
35430	15
35431	16
35432	15
35433	14
35434	15
35435	15
35436	16
35437	15
35438	14
35439	14
35440	15
35441	14
35442	13
35443	13
35444	13
35445	14
35446	13
35447	12
35448	12
35449	13
35450	13
35451	14
35452	13
35453	12
35454	14
35455	15
35456	14
35457	13
35458	14
35459	13
35460	12
35461	13
35462	12
35463	11
35464	13
35465	14
35466	14
35467	15
35468	15
35469	16
35470	18
35471	19
35472	18
35473	17
35474	18
35475	17
35476	16
35477	17
35478	16
35479	15
35480	15
35481	16
35482	15
35483	14
35484	16
35485	17
35486	17
35487	17
35488	16
35489	16
35490	17
35491	16
35492	15
35493	16
35494	16
35495	17
35496	16
35497	15
35498	15
35499	16
35500	15
35501	14
35502	15
35503	15
35504	16
35505	15
35506	14
35507	14
35508	15
35509	14
35510	13
35511	13
35512	14
35513	16
35514	16
35515	16
35516	17
35517	16
35518	15
35519	16
35520	16
35521	16
35522	15
35523	15
35524	16
35525	15
35526	14
35527	15
35528	15
35529	16
35530	15
35531	14
35532	14
35533	15
35534	14
35535	13
35536	13
35537	14
35538	14
35539	15
35540	14
35541	13
35542	15
35543	16
35544	15
35545	14
35546	15
35547	14
35548	13
35549	14
35550	13
35551	12
35552	12
35553	12
35554	12
35555	12
35556	13
35557	13
35558	14
35559	13
35560	12
35561	14
35562	15
35563	14
35564	13
35565	14
35566	13
35567	12
35568	13
35569	12
35570	11
35571	12
35572	12
35573	12
35574	12
35575	13
35576	13
35577	14
35578	13
35579	12
35580	14
35581	15
35582	14
35583	13
35584	14
35585	13
35586	12
35587	13
35588	12
35589	11
35590	11
35591	12
35592	12
35593	13
35594	13
35595	14
35596	13
35597	12
35598	14
35599	15
35600	14
35601	13
35602	14
35603	13
35604	12
35605	13
35606	12
35607	11
35608	13
35609	14
35610	14
35611	15
35612	14
35613	13
35614	13
35615	14
35616	13
35617	12
35618	13
35619	13
35620	13
35621	12
35622	12
35623	13
35624	12
35625	11
35626	12
35627	12
35628	13
35629	12
35630	11
35631	11
35632	11
35633	10
35634	9
35635	9
35636	10
35637	10
35638	11
35639	11
35640	12
35641	14
35642	15
35643	15
35644	16
35645	18
35646	19
35647	18
35648	17
35649	18
35650	17
35651	16
35652	17
35653	16
35654	15
35655	15
35656	16
35657	15
35658	14
35659	14
35660	15
35661	17
35662	18
35663	17
35664	16
35665	16
35666	15
35667	16
35668	15
35669	14
35670	14
35671	14
35672	13
35673	14
35674	14
35675	15
35676	15
35677	16
35678	15
35679	14
35680	16
35681	17
35682	16
35683	15
35684	15
35685	14
35686	15
35687	14
35688	13
35689	13
35690	14
35691	16
35692	17
35693	16
35694	15
35695	16
35696	15
35697	14
35698	15
35699	14
35700	13
35701	13
35702	14
35703	13
35704	12
35705	13
35706	13
35707	14
35708	14
35709	15
35710	14
35711	13
35712	15
35713	16
35714	15
35715	14
35716	15
35717	14
35718	13
35719	14
35720	13
35721	12
35722	12
35723	13
35724	13
35725	14
35726	13
35727	12
35728	14
35729	15
35730	14
35731	13
35732	14
35733	13
35734	12
35735	12
35736	11
35737	11
35738	11
35739	13
35740	14
35741	14
35742	15
35743	14
35744	13
35745	13
35746	14
35747	13
35748	12
35749	12
35750	12
35751	13
35752	12
35753	11
35754	12
35755	12
35756	13
35757	12
35758	11
35759	11
35760	12
35761	11
35762	10
35763	12
35764	12
35765	12
35766	13
35767	15
35768	16
35769	16
35770	17
35771	16
35772	15
35773	15
35774	16
35775	15
35776	14
35777	15
35778	15
35779	16
35780	15
35781	14
35782	14
35783	15
35784	14
35785	13
35786	14
35787	14
35788	15
35789	14
35790	13
35791	13
35792	14
35793	13
35794	12
35795	12
35796	13
35797	13
35798	14
35799	13
35800	12
35801	14
35802	15
35803	14
35804	13
35805	14
35806	13
35807	12
35808	12
35809	11
35810	12
35811	12
35812	13
35813	13
35814	14
35815	16
35816	17
35817	16
35818	15
35819	16
35820	15
35821	14
35822	15
35823	14
35824	13
35825	13
35826	14
35827	13
35828	12
35829	14
35830	15
35831	15
35832	16
35833	15
35834	14
35835	14
35836	14
35837	13
35838	14
35839	14
35840	14
35841	13
35842	13
35843	14
35844	13
35845	12
35846	13
35847	13
35848	14
35849	13
35850	12
35851	12
35852	13
35853	12
35854	11
35855	11
35856	12
35857	14
35858	14
35859	14
35860	14
35861	13
35862	14
35863	14
35864	15
35865	14
35866	13
35867	13
35868	14
35869	13
35870	12
35871	13
35872	13
35873	13
35874	12
35875	12
35876	13
35877	12
35878	11
35879	11
35880	12
35881	12
35882	13
35883	12
35884	11
35885	13
35886	13
35887	12
35888	12
35889	11
35890	12
35891	11
35892	10
35893	11
35894	11
35895	11
35896	11
35897	12
35898	12
35899	13
35900	12
35901	11
35902	13
35903	14
35904	13
35905	12
35906	13
35907	12
35908	11
35909	12
35910	11
35911	10
35912	10
35913	10
35914	10
35915	11
35916	11
35917	12
35918	11
35919	10
35920	12
35921	13
35922	12
35923	11
35924	12
35925	11
35926	10
35927	11
35928	10
35929	9
35930	8
35931	7
35932	6
35933	7
35934	7
35935	8
35936	8
35937	9
35938	9
35939	10
35940	12
35941	13
35942	13
35943	14
35944	16
35945	17
35946	17
35947	18
35948	20
35949	21
35950	20
35951	19
35952	20
35953	19
35954	18
35955	19
35956	18
35957	17
35958	17
35959	18
35960	17
35961	16
35962	16
35963	17
35964	19
35965	20
35966	19
35967	18
35968	18
35969	17
35970	18
35971	17
35972	16
35973	16
35974	17
35975	16
35976	15
35977	16
35978	16
35979	17
35980	17
35981	18
35982	17
35983	16
35984	18
35985	19
35986	18
35987	17
35988	17
35989	16
35990	17
35991	16
35992	15
35993	15
35994	16
35995	18
35996	19
35997	18
35998	17
35999	18
36000	17
36001	16
36002	17
36003	16
36004	15
36005	15
36006	16
36007	15
36008	14
36009	15
36010	15
36011	16
36012	16
36013	17
36014	16
36015	15
36016	17
36017	18
36018	17
36019	16
36020	17
36021	16
36022	15
36023	16
36024	15
36025	14
36026	14
36027	15
36028	15
36029	16
36030	15
36031	14
36032	16
36033	17
36034	16
36035	15
36036	16
36037	15
36038	14
36039	14
36040	13
36041	13
36042	14
36043	16
36044	17
36045	17
36046	17
36047	16
36048	16
36049	16
36050	15
36051	15
36052	15
36053	16
36054	15
36055	14
36056	15
36057	15
36058	16
36059	15
36060	14
36061	14
36062	15
36063	14
36064	13
36065	13
36066	14
36067	14
36068	15
36069	14
36070	13
36071	15
36072	16
36073	15
36074	14
36075	15
36076	14
36077	13
36078	14
36079	13
36080	12
36081	12
36082	13
36083	15
36084	16
36085	16
36086	16
36087	18
36088	18
36089	17
36090	17
36091	16
36092	17
36093	16
36094	15
36095	15
36096	16
36097	17
36098	18
36099	17
36100	16
36101	17
36102	16
36103	15
36104	15
36105	16
36106	15
36107	14
36108	15
36109	15
36110	16
36111	16
36112	17
36113	16
36114	15
36115	17
36116	17
36117	16
36118	17
36119	16
36120	15
36121	16
36122	15
36123	14
36124	14
36125	15
36126	17
36127	18
36128	17
36129	16
36130	17
36131	16
36132	15
36133	16
36134	15
36135	14
36136	14
36137	15
36138	14
36139	13
36140	14
36141	14
36142	15
36143	15
36144	16
36145	15
36146	14
36147	16
36148	17
36149	16
36150	15
36151	16
36152	15
36153	14
36154	14
36155	13
36156	13
36157	14
36158	14
36159	15
36160	14
36161	13
36162	15
36163	16
36164	15
36165	14
36166	15
36167	14
36168	13
36169	14
36170	13
36171	12
36172	12
36173	13
36174	15
36175	16
36176	16
36177	17
36178	16
36179	15
36180	15
36181	16
36182	15
36183	14
36184	15
36185	15
36186	16
36187	15
36188	14
36189	14
36190	15
36191	14
36192	13
36193	13
36194	13
36195	14
36196	13
36197	12
36198	12
36199	13
36200	13
36201	14
36202	13
36203	12
36204	14
36205	15
36206	14
36207	13
36208	14
36209	13
36210	12
36211	13
36212	12
36213	11
36214	11
36215	11
36216	12
36217	14
36218	14
36219	14
36220	15
36221	17
36222	18
36223	17
36224	16
36225	17
36226	16
36227	15
36228	16
36229	15
36230	14
36231	14
36232	15
36233	14
36234	13
36235	14
36236	14
36237	15
36238	15
36239	16
36240	15
36241	14
36242	16
36243	16
36244	15
36245	16
36246	15
36247	14
36248	14
36249	13
36250	13
36251	14
36252	16
36253	16
36254	15
36255	16
36256	15
36257	14
36258	15
36259	14
36260	13
36261	13
36262	14
36263	13
36264	12
36265	13
36266	13
36267	14
36268	14
36269	15
36270	14
36271	13
36272	15
36273	16
36274	15
36275	14
36276	14
36277	13
36278	13
36279	12
36280	12
36281	12
36282	12
36283	13
36284	12
36285	11
36286	11
36287	12
36288	12
36289	13
36290	13
36291	14
36292	13
36293	12
36294	14
36295	15
36296	14
36297	13
36298	14
36299	13
36300	12
36301	13
36302	12
36303	11
36304	13
36305	14
36306	14
36307	15
36308	14
36309	13
36310	13
36311	14
36312	13
36313	12
36314	13
36315	13
36316	14
36317	13
36318	12
36319	12
36320	13
36321	12
36322	11
36323	12
36324	12
36325	13
36326	12
36327	11
36328	11
36329	11
36330	10
36331	10
36332	10
36333	11
36334	11
36335	12
36336	12
36337	13
36338	15
36339	16
36340	15
36341	14
36342	15
36343	14
36344	13
36345	14
36346	13
36347	12
36348	12
36349	13
36350	12
36351	11
36352	13
36353	14
36354	14
36355	15
36356	14
36357	13
36358	13
36359	14
36360	13
36361	12
36362	13
36363	13
36364	14
36365	13
36366	12
36367	12
36368	13
36369	12
36370	11
36371	12
36372	12
36373	13
36374	12
36375	11
36376	11
36377	12
36378	11
36379	10
36380	12
36381	12
36382	12
36383	12
36384	12
36385	13
36386	12
36387	11
36388	12
36389	12
36390	13
36391	13
36392	14
36393	13
36394	12
36395	14
36396	14
36397	13
36398	13
36399	12
36400	13
36401	12
36402	11
36403	11
36404	12
36405	14
36406	15
36407	14
36408	13
36409	14
36410	13
36411	12
36412	13
36413	12
36414	11
36415	11
36416	12
36417	11
36418	10
36419	11
36420	11
36421	12
36422	12
36423	13
36424	12
36425	11
36426	13
36427	14
36428	13
36429	12
36430	13
36431	12
36432	11
36433	11
36434	10
36435	10
36436	11
36437	11
36438	12
36439	11
36440	10
36441	12
36442	12
36443	11
36444	12
36445	11
36446	10
36447	11
36448	10
36449	9
36450	8
36451	7
36452	9
36453	10
36454	10
36455	11
36456	13
36457	13
36458	13
36459	14
36460	16
36461	17
36462	17
36463	18
36464	20
36465	21
36466	20
36467	19
36468	20
36469	19
36470	18
36471	19
36472	18
36473	17
36474	17
36475	18
36476	17
36477	16
36478	16
36479	17
36480	19
36481	20
36482	19
36483	18
36484	19
36485	18
36486	17
36487	18
36488	17
36489	16
36490	16
36491	17
36492	16
36493	15
36494	16
36495	16
36496	17
36497	17
36498	18
36499	17
36500	16
36501	18
36502	17
36503	18
36504	17
36505	16
36506	17
36507	16
36508	15
36509	15
36510	16
36511	18
36512	19
36513	18
36514	17
36515	18
36516	17
36517	16
36518	17
36519	16
36520	15
36521	15
36522	15
36523	14
36524	15
36525	15
36526	16
36527	16
36528	17
36529	16
36530	15
36531	17
36532	18
36533	17
36534	16
36535	17
36536	16
36537	15
36538	15
36539	14
36540	14
36541	15
36542	15
36543	16
36544	15
36545	14
36546	16
36547	17
36548	16
36549	15
36550	16
36551	15
36552	14
36553	15
36554	14
36555	13
36556	13
36557	14
36558	16
36559	17
36560	17
36561	18
36562	17
36563	16
36564	16
36565	17
36566	16
36567	15
36568	16
36569	16
36570	17
36571	16
36572	15
36573	15
36574	16
36575	15
36576	14
36577	14
36578	14
36579	15
36580	14
36581	13
36582	13
36583	13
36584	13
36585	14
36586	13
36587	12
36588	12
36589	12
36590	13
36591	15
36592	16
36593	16
36594	16
36595	16
36596	17
36597	16
36598	15
36599	15
36600	16
36601	18
36602	19
36603	18
36604	17
36605	18
36606	17
36607	16
36608	17
36609	16
36610	15
36611	15
36612	16
36613	15
36614	14
36615	15
36616	15
36617	16
36618	16
36619	17
36620	16
36621	15
36622	17
36623	18
36624	17
36625	16
36626	17
36627	16
36628	15
36629	16
36630	15
36631	14
36632	14
36633	15
36634	17
36635	18
36636	17
36637	16
36638	17
36639	16
36640	15
36641	16
36642	15
36643	14
36644	14
36645	15
36646	14
36647	13
36648	14
36649	14
36650	15
36651	15
36652	16
36653	15
36654	14
36655	16
36656	17
36657	16
36658	15
36659	15
36660	14
36661	15
36662	14
36663	13
36664	13
36665	14
36666	16
36667	17
36668	16
36669	15
36670	16
36671	15
36672	14
36673	15
36674	14
36675	13
36676	13
36677	14
36678	13
36679	12
36680	12
36681	13
36682	13
36683	14
36684	14
36685	15
36686	14
36687	13
36688	15
36689	16
36690	15
36691	14
36692	15
36693	14
36694	13
36695	14
36696	13
36697	12
36698	14
36699	15
36700	15
36701	16
36702	15
36703	14
36704	14
36705	15
36706	14
36707	13
36708	14
36709	14
36710	15
36711	14
36712	13
36713	13
36714	14
36715	13
36716	12
36717	12
36718	12
36719	13
36720	12
36721	11
36722	11
36723	11
36724	12
36725	12
36726	13
36727	13
36728	14
36729	16
36730	17
36731	16
36732	15
36733	16
36734	15
36735	14
36736	15
36737	14
36738	13
36739	13
36740	14
36741	13
36742	12
36743	14
36744	15
36745	15
36746	16
36747	15
36748	14
36749	14
36750	15
36751	14
36752	13
36753	14
36754	14
36755	15
36756	14
36757	13
36758	13
36759	14
36760	13
36761	12
36762	13
36763	13
36764	14
36765	13
36766	12
36767	12
36768	13
36769	12
36770	11
36771	13
36772	13
36773	13
36774	13
36775	13
36776	14
36777	13
36778	12
36779	13
36780	13
36781	14
36782	14
36783	15
36784	14
36785	13
36786	15
36787	15
36788	14
36789	14
36790	13
36791	14
36792	13
36793	12
36794	12
36795	13
36796	15
36797	16
36798	15
36799	14
36800	15
36801	14
36802	13
36803	14
36804	13
36805	12
36806	12
36807	13
36808	12
36809	11
36810	12
36811	12
36812	13
36813	13
36814	14
36815	13
36816	12
36817	14
36818	14
36819	13
36820	14
36821	13
36822	12
36823	13
36824	12
36825	11
36826	11
36827	12
36828	12
36829	13
36830	12
36831	11
36832	13
36833	14
36834	13
36835	12
36836	13
36837	12
36838	11
36839	11
36840	10
36841	9
36842	9
36843	8
36844	7
36845	7
36846	7
36847	8
36848	8
36849	9
36850	9
36851	10
36852	12
36853	13
36854	13
36855	14
36856	16
36857	17
36858	16
36859	15
36860	16
36861	15
36862	14
36863	15
36864	14
36865	13
36866	13
36867	14
36868	13
36869	12
36870	12
36871	13
36872	15
36873	16
36874	15
36875	14
36876	15
36877	14
36878	13
36879	14
36880	13
36881	12
36882	12
36883	13
36884	12
36885	11
36886	12
36887	12
36888	13
36889	13
36890	14
36891	13
36892	12
36893	14
36894	15
36895	14
36896	13
36897	13
36898	12
36899	13
36900	12
36901	11
36902	11
36903	12
36904	14
36905	15
36906	14
36907	13
36908	14
36909	13
36910	12
36911	13
36912	12
36913	11
36914	11
36915	12
36916	11
36917	10
36918	11
36919	11
36920	12
36921	12
36922	13
36923	12
36924	11
36925	13
36926	14
36927	13
36928	12
36929	13
36930	12
36931	11
36932	12
36933	11
36934	10
36935	10
36936	11
36937	11
36938	12
36939	11
36940	10
36941	12
36942	13
36943	12
36944	11
36945	12
36946	11
36947	10
36948	10
36949	9
36950	9
36951	10
36952	12
36953	13
36954	13
36955	14
36956	13
36957	12
36958	12
36959	13
36960	12
36961	11
36962	11
36963	11
36964	12
36965	11
36966	10
36967	11
36968	11
36969	12
36970	11
36971	10
36972	10
36973	11
36974	10
36975	9
36976	9
36977	10
36978	10
36979	10
36980	9
36981	11
36982	12
36983	11
36984	10
36985	11
36986	10
36987	9
36988	10
36989	9
36990	8
36991	10
36992	10
36993	10
36994	11
36995	13
36996	14
36997	14
36998	15
36999	14
37000	13
37001	13
37002	13
37003	12
37004	13
37005	13
37006	14
37007	13
37008	12
37009	12
37010	13
37011	12
37012	11
37013	12
37014	12
37015	13
37016	12
37017	11
37018	11
37019	12
37020	11
37021	10
37022	10
37023	11
37024	11
37025	12
37026	11
37027	10
37028	12
37029	13
37030	12
37031	11
37032	12
37033	11
37034	10
37035	11
37036	10
37037	9
37038	10
37039	10
37040	11
37041	11
37042	12
37043	14
37044	15
37045	14
37046	13
37047	14
37048	13
37049	12
37050	13
37051	12
37052	11
37053	11
37054	12
37055	11
37056	10
37057	12
37058	13
37059	13
37060	14
37061	13
37062	12
37063	12
37064	12
37065	11
37066	12
37067	12
37068	12
37069	11
37070	11
37071	12
37072	11
37073	10
37074	11
37075	11
37076	12
37077	11
37078	10
37079	10
37080	11
37081	10
37082	9
37083	9
37084	10
37085	12
37086	12
37087	12
37088	13
37089	12
37090	11
37091	12
37092	12
37093	13
37094	12
37095	11
37096	11
37097	12
37098	11
37099	10
37100	11
37101	11
37102	12
37103	11
37104	10
37105	10
37106	11
37107	10
37108	9
37109	9
37110	10
37111	10
37112	11
37113	10
37114	9
37115	11
37116	12
37117	11
37118	10
37119	11
37120	10
37121	9
37122	10
37123	9
37124	8
37125	9
37126	9
37127	9
37128	9
37129	10
37130	10
37131	11
37132	10
37133	9
37134	11
37135	12
37136	11
37137	10
37138	11
37139	10
37140	9
37141	10
37142	9
37143	8
37144	8
37145	8
37146	8
37147	9
37148	9
37149	10
37150	9
37151	8
37152	10
37153	11
37154	10
37155	9
37156	10
37157	9
37158	8
37159	9
37160	8
37161	7
37162	6
37163	6
37164	6
37165	6
37166	7
37167	7
37168	8
37169	10
37170	11
37171	11
37172	12
37173	14
37174	15
37175	15
37176	16
37177	17
37178	18
37179	17
37180	16
37181	17
37182	16
37183	15
37184	15
37185	16
37186	15
37187	14
37188	14
37189	15
37190	17
37191	17
37192	16
37193	16
37194	15
37195	16
37196	15
37197	14
37198	14
37199	13
37200	14
37201	14
37202	15
37203	15
37204	16
37205	15
37206	14
37207	16
37208	17
37209	16
37210	15
37211	15
37212	14
37213	15
37214	14
37215	13
37216	13
37217	14
37218	16
37219	17
37220	16
37221	15
37222	16
37223	15
37224	14
37225	15
37226	14
37227	13
37228	13
37229	14
37230	13
37231	12
37232	13
37233	13
37234	14
37235	14
37236	15
37237	14
37238	13
37239	15
37240	16
37241	15
37242	14
37243	15
37244	14
37245	13
37246	14
37247	13
37248	12
37249	12
37250	13
37251	13
37252	14
37253	13
37254	12
37255	14
37256	15
37257	14
37258	13
37259	14
37260	13
37261	12
37262	12
37263	11
37264	11
37265	12
37266	14
37267	15
37268	15
37269	15
37270	14
37271	14
37272	15
37273	14
37274	13
37275	13
37276	13
37277	14
37278	13
37279	12
37280	13
37281	13
37282	14
37283	13
37284	12
37285	12
37286	13
37287	12
37288	11
37289	11
37290	12
37291	12
37292	13
37293	12
37294	11
37295	13
37296	14
37297	13
37298	12
37299	13
37300	12
37301	11
37302	12
37303	11
37304	10
37305	10
37306	11
37307	13
37308	14
37309	14
37310	15
37311	17
37312	18
37313	17
37314	16
37315	16
37316	15
37317	16
37318	15
37319	14
37320	14
37321	15
37322	14
37323	13
37324	13
37325	14
37326	16
37327	17
37328	16
37329	15
37330	16
37331	15
37332	14
37333	15
37334	14
37335	13
37336	13
37337	14
37338	13
37339	12
37340	13
37341	13
37342	14
37343	14
37344	15
37345	14
37346	13
37347	15
37348	15
37349	14
37350	14
37351	13
37352	14
37353	13
37354	12
37355	12
37356	13
37357	15
37358	16
37359	15
37360	14
37361	15
37362	14
37363	13
37364	14
37365	13
37366	12
37367	12
37368	13
37369	12
37370	11
37371	12
37372	12
37373	13
37374	13
37375	14
37376	13
37377	12
37378	14
37379	15
37380	14
37381	13
37382	14
37383	13
37384	12
37385	12
37386	11
37387	11
37388	12
37389	12
37390	13
37391	12
37392	11
37393	13
37394	14
37395	13
37396	12
37397	13
37398	12
37399	11
37400	12
37401	11
37402	10
37403	10
37404	10
37405	10
37406	11
37407	11
37408	12
37409	11
37410	10
37411	12
37412	13
37413	12
37414	11
37415	12
37416	11
37417	10
37418	11
37419	10
37420	9
37421	9
37422	9
37423	10
37424	12
37425	12
37426	12
37427	13
37428	15
37429	16
37430	15
37431	14
37432	15
37433	14
37434	13
37435	14
37436	13
37437	12
37438	12
37439	13
37440	12
37441	11
37442	11
37443	11
37444	12
37445	14
37446	15
37447	14
37448	13
37449	14
37450	13
37451	12
37452	13
37453	12
37454	11
37455	11
37456	12
37457	11
37458	10
37459	11
37460	11
37461	12
37462	12
37463	13
37464	12
37465	11
37466	13
37467	14
37468	13
37469	12
37470	12
37471	11
37472	11
37473	10
37474	10
37475	11
37476	13
37477	13
37478	12
37479	13
37480	12
37481	11
37482	12
37483	11
37484	10
37485	10
37486	11
37487	10
37488	9
37489	9
37490	10
37491	10
37492	11
37493	11
37494	12
37495	11
37496	10
37497	12
37498	13
37499	12
37500	11
37501	12
37502	11
37503	10
37504	11
37505	10
37506	9
37507	11
37508	12
37509	12
37510	13
37511	12
37512	11
37513	11
37514	12
37515	11
37516	10
37517	11
37518	11
37519	12
37520	11
37521	10
37522	10
37523	11
37524	10
37525	9
37526	9
37527	9
37528	10
37529	9
37530	8
37531	8
37532	8
37533	9
37534	9
37535	10
37536	10
37537	11
37538	13
37539	14
37540	13
37541	12
37542	13
37543	12
37544	11
37545	12
37546	11
37547	10
37548	10
37549	11
37550	10
37551	9
37552	11
37553	12
37554	12
37555	13
37556	12
37557	11
37558	11
37559	11
37560	10
37561	11
37562	11
37563	12
37564	11
37565	10
37566	10
37567	11
37568	10
37569	9
37570	10
37571	10
37572	11
37573	10
37574	9
37575	9
37576	10
37577	9
37578	8
37579	10
37580	10
37581	10
37582	10
37583	10
37584	11
37585	10
37586	9
37587	10
37588	10
37589	11
37590	11
37591	12
37592	11
37593	10
37594	12
37595	12
37596	11
37597	11
37598	10
37599	11
37600	10
37601	9
37602	9
37603	10
37604	12
37605	13
37606	12
37607	11
37608	12
37609	11
37610	10
37611	11
37612	10
37613	9
37614	9
37615	10
37616	9
37617	8
37618	8
37619	8
37620	9
37621	9
37622	10
37623	9
37624	8
37625	10
37626	11
37627	10
37628	9
37629	10
37630	9
37631	8
37632	8
37633	7
37634	7
37635	7
37636	7
37637	7
37638	9
37639	10
37640	10
37641	11
37642	13
37643	13
37644	12
37645	13
37646	12
37647	11
37648	12
37649	11
37650	10
37651	10
37652	11
37653	10
37654	9
37655	9
37656	9
37657	9
37658	10
37659	9
37660	8
37661	8
37662	8
37663	9
37664	11
37665	12
37666	11
37667	10
37668	10
37669	9
37670	10
37671	9
37672	8
37673	8
37674	9
37675	8
37676	7
37677	7
37678	7
37679	8
37680	8
37681	9
37682	8
37683	7
37684	9
37685	10
37686	9
37687	8
37688	9
37689	8
37690	7
37691	8
37692	7
37693	6
37694	5
37695	4
37696	4
37697	4
37698	4
37699	5
37700	7
37701	8
37702	8
37703	9
37704	11
37705	12
37706	12
37707	13
37708	15
37709	16
37710	16
37711	16
37712	16
37713	17
37714	19
37715	20
37716	19
37717	18
37718	19
37719	18
37720	17
37721	18
37722	17
37723	16
37724	16
37725	17
37726	16
37727	15
37728	15
37729	16
37730	18
37731	19
37732	19
37733	20
37734	19
37735	18
37736	18
37737	19
37738	18
37739	17
37740	18
37741	18
37742	19
37743	18
37744	17
37745	17
37746	18
37747	17
37748	16
37749	17
37750	17
37751	18
37752	17
37753	16
37754	16
37755	17
37756	16
37757	15
37758	15
37759	16
37760	18
37761	19
37762	18
37763	17
37764	18
37765	17
37766	16
37767	17
37768	16
37769	15
37770	15
37771	16
37772	15
37773	14
37774	15
37775	15
37776	15
37777	15
37778	16
37779	18
37780	19
37781	18
37782	17
37783	18
37784	17
37785	16
37786	17
37787	16
37788	15
37789	15
37790	16
37791	15
37792	14
37793	14
37794	15
37795	17
37796	18
37797	18
37798	19
37799	18
37800	17
37801	17
37802	18
37803	17
37804	16
37805	17
37806	17
37807	18
37808	17
37809	16
37810	16
37811	17
37812	16
37813	15
37814	16
37815	16
37816	17
37817	16
37818	15
37819	15
37820	16
37821	15
37822	14
37823	14
37824	15
37825	15
37826	16
37827	15
37828	14
37829	16
37830	17
37831	16
37832	15
37833	16
37834	15
37835	14
37836	15
37837	14
37838	13
37839	14
37840	14
37841	15
37842	15
37843	16
37844	16
37845	17
37846	16
37847	15
37848	17
37849	18
37850	17
37851	16
37852	17
37853	16
37854	15
37855	16
37856	15
37857	14
37858	16
37859	17
37860	17
37861	17
37862	16
37863	16
37864	16
37865	15
37866	16
37867	16
37868	17
37869	16
37870	15
37871	15
37872	16
37873	15
37874	14
37875	15
37876	15
37877	16
37878	15
37879	14
37880	14
37881	15
37882	14
37883	13
37884	13
37885	13
37886	13
37887	14
37888	14
37889	15
37890	14
37891	13
37892	15
37893	15
37894	14
37895	15
37896	14
37897	13
37898	14
37899	13
37900	12
37901	12
37902	12
37903	12
37904	13
37905	13
37906	14
37907	14
37908	15
37909	14
37910	13
37911	15
37912	16
37913	15
37914	14
37915	15
37916	14
37917	13
37918	14
37919	13
37920	12
37921	14
37922	15
37923	15
37924	16
37925	15
37926	14
37927	14
37928	15
37929	14
37930	13
37931	14
37932	14
37933	15
37934	14
37935	13
37936	13
37937	14
37938	13
37939	12
37940	13
37941	13
37942	14
37943	13
37944	12
37945	12
37946	13
37947	12
37948	11
37949	11
37950	12
37951	14
37952	15
37953	15
37954	16
37955	18
37956	19
37957	19
37958	20
37959	19
37960	18
37961	18
37962	19
37963	18
37964	17
37965	18
37966	18
37967	19
37968	18
37969	17
37970	17
37971	18
37972	17
37973	16
37974	17
37975	17
37976	18
37977	17
37978	16
37979	16
37980	17
37981	16
37982	15
37983	15
37984	16
37985	18
37986	19
37987	18
37988	17
37989	18
37990	17
37991	16
37992	17
37993	16
37994	15
37995	15
37996	16
37997	15
37998	14
37999	14
38000	15
38001	17
38002	18
38003	18
38004	19
38005	18
38006	17
38007	17
38008	17
38009	16
38010	17
38011	17
38012	18
38013	17
38014	16
38015	16
38016	17
38017	16
38018	15
38019	16
38020	16
38021	17
38022	16
38023	15
38024	15
38025	16
38026	15
38027	14
38028	14
38029	15
38030	17
38031	18
38032	17
38033	16
38034	17
38035	16
38036	15
38037	16
38038	15
38039	14
38040	14
38041	15
38042	14
38043	13
38044	14
38045	14
38046	14
38047	14
38048	15
38049	17
38050	18
38051	17
38052	16
38053	17
38054	16
38055	15
38056	16
38057	15
38058	14
38059	14
38060	15
38061	14
38062	13
38063	13
38064	14
38065	16
38066	17
38067	17
38068	18
38069	17
38070	16
38071	16
38072	16
38073	15
38074	16
38075	16
38076	17
38077	16
38078	15
38079	15
38080	15
38081	14
38082	15
38083	15
38084	16
38085	15
38086	14
38087	14
38088	15
38089	14
38090	13
38091	13
38092	14
38093	14
38094	15
38095	14
38096	13
38097	15
38098	16
38099	15
38100	14
38101	15
38102	14
38103	13
38104	14
38105	13
38106	12
38107	13
38108	13
38109	13
38110	13
38111	14
38112	14
38113	15
38114	14
38115	13
38116	15
38117	16
38118	15
38119	14
38120	15
38121	14
38122	13
38123	14
38124	13
38125	12
38126	12
38127	13
38128	13
38129	14
38130	14
38131	15
38132	14
38133	13
38134	15
38135	16
38136	15
38137	14
38138	15
38139	14
38140	13
38141	14
38142	13
38143	12
38144	14
38145	15
38146	15
38147	15
38148	14
38149	14
38150	15
38151	14
38152	13
38153	14
38154	14
38155	15
38156	14
38157	13
38158	13
38159	14
38160	13
38161	12
38162	13
38163	13
38164	14
38165	13
38166	12
38167	12
38168	13
38169	12
38170	11
38171	11
38172	11
38173	11
38174	12
38175	12
38176	13
38177	13
38178	14
38179	13
38180	12
38181	14
38182	15
38183	14
38184	13
38185	14
38186	13
38187	12
38188	13
38189	12
38190	11
38191	13
38192	14
38193	14
38194	15
38195	14
38196	13
38197	13
38198	14
38199	13
38200	12
38201	13
38202	13
38203	14
38204	13
38205	12
38206	12
38207	13
38208	12
38209	11
38210	12
38211	12
38212	13
38213	12
38214	11
38215	11
38216	12
38217	11
38218	10
38219	9
38220	9
38221	9
38222	10
38223	10
38224	11
38225	11
38226	12
38227	14
38228	14
38229	14
38230	15
38231	14
38232	13
38233	14
38234	14
38235	14
38236	13
38237	13
38238	14
38239	13
38240	12
38241	12
38242	12
38243	13
38244	12
38245	11
38246	11
38247	12
38248	14
38249	15
38250	14
38251	13
38252	13
38253	12
38254	13
38255	12
38256	11
38257	11
38258	12
38259	11
38260	10
38261	12
38262	13
38263	13
38264	13
38265	13
38266	14
38267	13
38268	12
38269	12
38270	13
38271	15
38272	16
38273	15
38274	14
38275	15
38276	14
38277	13
38278	14
38279	13
38280	12
38281	12
38282	13
38283	12
38284	11
38285	12
38286	12
38287	13
38288	13
38289	14
38290	13
38291	12
38292	14
38293	15
38294	14
38295	13
38296	14
38297	13
38298	12
38299	13
38300	12
38301	11
38302	11
38303	12
38304	14
38305	15
38306	14
38307	13
38308	14
38309	13
38310	12
38311	13
38312	12
38313	11
38314	11
38315	11
38316	10
38317	11
38318	11
38319	12
38320	12
38321	13
38322	12
38323	11
38324	13
38325	14
38326	13
38327	12
38328	13
38329	12
38330	11
38331	11
38332	10
38333	10
38334	11
38335	11
38336	11
38337	10
38338	12
38339	13
38340	12
38341	11
38342	12
38343	11
38344	10
38345	10
38346	9
38347	11
38348	11
38349	11
38350	11
38351	11
38352	12
38353	14
38354	15
38355	14
38356	13
38357	14
38358	13
38359	12
38360	13
38361	12
38362	11
38363	11
38364	12
38365	11
38366	10
38367	11
38368	11
38369	11
38370	11
38371	12
38372	14
38373	15
38374	14
38375	13
38376	14
38377	13
38378	12
38379	13
38380	12
38381	11
38382	11
38383	12
38384	11
38385	10
38386	10
38387	11
38388	13
38389	14
38390	14
38391	15
38392	14
38393	13
38394	13
38395	14
38396	13
38397	12
38398	13
38399	13
38400	14
38401	13
38402	12
38403	12
38404	13
38405	12
38406	11
38407	11
38408	11
38409	12
38410	11
38411	10
38412	10
38413	11
38414	11
38415	12
38416	11
38417	10
38418	12
38419	13
38420	12
38421	11
38422	12
38423	11
38424	10
38425	11
38426	10
38427	9
38428	10
38429	10
38430	10
38431	10
38432	11
38433	11
38434	12
38435	11
38436	10
38437	12
38438	13
38439	12
38440	11
38441	12
38442	11
38443	10
38444	11
38445	10
38446	9
38447	9
38448	9
38449	9
38450	10
38451	10
38452	11
38453	10
38454	9
38455	11
38456	12
38457	11
38458	10
38459	11
38460	10
38461	9
38462	10
38463	9
38464	8
38465	8
38466	8
38467	8
38468	9
38469	9
38470	10
38471	10
38472	11
38473	13
38474	14
38475	14
38476	15
38477	14
38478	13
38479	13
38480	14
38481	13
38482	12
38483	13
38484	13
38485	14
38486	13
38487	12
38488	12
38489	13
38490	12
38491	11
38492	12
38493	12
38494	13
38495	12
38496	11
38497	11
38498	12
38499	11
38500	10
38501	10
38502	11
38503	13
38504	14
38505	13
38506	12
38507	12
38508	11
38509	12
38510	11
38511	10
38512	10
38513	11
38514	10
38515	9
38516	11
38517	11
38518	11
38519	11
38520	11
38521	12
38522	11
38523	10
38524	11
38525	11
38526	12
38527	12
38528	13
38529	12
38530	11
38531	13
38532	14
38533	13
38534	12
38535	13
38536	12
38537	11
38538	12
38539	11
38540	10
38541	10
38542	11
38543	13
38544	14
38545	13
38546	12
38547	13
38548	12
38549	11
38550	12
38551	11
38552	10
38553	10
38554	11
38555	10
38556	9
38557	10
38558	10
38559	11
38560	11
38561	12
38562	11
38563	10
38564	12
38565	12
38566	11
38567	12
38568	11
38569	10
38570	10
38571	9
38572	9
38573	10
38574	10
38575	11
38576	10
38577	9
38578	11
38579	12
38580	11
38581	10
38582	11
38583	10
38584	9
38585	9
38586	8
38587	10
38588	10
38589	10
38590	11
38591	13
38592	14
38593	14
38594	15
38595	14
38596	13
38597	13
38598	14
38599	13
38600	12
38601	13
38602	13
38603	13
38604	12
38605	12
38606	13
38607	12
38608	11
38609	12
38610	12
38611	13
38612	12
38613	11
38614	11
38615	12
38616	11
38617	10
38618	10
38619	11
38620	13
38621	14
38622	13
38623	12
38624	13
38625	12
38626	11
38627	12
38628	11
38629	10
38630	10
38631	10
38632	9
38633	10
38634	10
38635	10
38636	10
38637	11
38638	13
38639	14
38640	13
38641	12
38642	13
38643	12
38644	11
38645	12
38646	11
38647	10
38648	10
38649	10
38650	9
38651	9
38652	9
38653	9
38654	10
38655	10
38656	10
38657	9
38658	11
38659	12
38660	11
38661	10
38662	11
38663	10
38664	9
38665	10
38666	9
38667	8
38668	9
38669	9
38670	10
38671	10
38672	11
38673	11
38674	12
38675	11
38676	10
38677	12
38678	13
38679	12
38680	11
38681	12
38682	11
38683	10
38684	11
38685	10
38686	9
38687	11
38688	12
38689	12
38690	13
38691	12
38692	11
38693	11
38694	12
38695	11
38696	10
38697	10
38698	10
38699	11
38700	10
38701	9
38702	10
38703	10
38704	10
38705	9
38706	9
38707	10
38708	9
38709	8
38710	8
38711	9
38712	9
38713	10
38714	10
38715	11
38716	10
38717	9
38718	11
38719	12
38720	11
38721	10
38722	11
38723	10
38724	9
38725	10
38726	9
38727	8
38728	10
38729	11
38730	11
38731	11
38732	10
38733	10
38734	11
38735	10
38736	9
38737	9
38738	9
38739	10
38740	9
38741	8
38742	9
38743	9
38744	10
38745	9
38746	8
38747	8
38748	8
38749	7
38750	7
38751	8
38752	10
38753	11
38754	11
38755	12
38756	14
38757	15
38758	15
38759	16
38760	18
38761	19
38762	19
38763	19
38764	18
38765	18
38766	19
38767	18
38768	17
38769	18
38770	18
38771	19
38772	18
38773	17
38774	17
38775	18
38776	17
38777	16
38778	17
38779	17
38780	18
38781	17
38782	16
38783	16
38784	17
38785	16
38786	15
38787	15
38788	16
38789	18
38790	19
38791	18
38792	17
38793	18
38794	17
38795	16
38796	17
38797	16
38798	15
38799	15
38800	16
38801	15
38802	14
38803	14
38804	15
38805	17
38806	18
38807	18
38808	19
38809	18
38810	17
38811	17
38812	17
38813	16
38814	17
38815	17
38816	18
38817	17
38818	16
38819	16
38820	17
38821	16
38822	15
38823	16
38824	16
38825	17
38826	16
38827	15
38828	15
38829	16
38830	15
38831	14
38832	14
38833	15
38834	17
38835	18
38836	17
38837	16
38838	17
38839	16
38840	15
38841	16
38842	15
38843	14
38844	14
38845	15
38846	14
38847	13
38848	14
38849	14
38850	14
38851	14
38852	15
38853	17
38854	18
38855	17
38856	16
38857	17
38858	16
38859	15
38860	16
38861	15
38862	14
38863	14
38864	15
38865	14
38866	13
38867	13
38868	14
38869	16
38870	17
38871	17
38872	17
38873	16
38874	16
38875	17
38876	16
38877	15
38878	16
38879	16
38880	17
38881	16
38882	15
38883	15
38884	16
38885	15
38886	14
38887	15
38888	15
38889	16
38890	15
38891	14
38892	14
38893	15
38894	14
38895	13
38896	13
38897	14
38898	14
38899	15
38900	14
38901	13
38902	15
38903	16
38904	15
38905	14
38906	15
38907	14
38908	13
38909	14
38910	13
38911	12
38912	13
38913	13
38914	14
38915	14
38916	15
38917	15
38918	16
38919	15
38920	14
38921	16
38922	17
38923	16
38924	15
38925	16
38926	15
38927	14
38928	15
38929	14
38930	13
38931	15
38932	16
38933	16
38934	17
38935	16
38936	15
38937	15
38938	15
38939	14
38940	15
38941	15
38942	15
38943	14
38944	14
38945	15
38946	14
38947	13
38948	14
38949	14
38950	15
38951	14
38952	13
38953	13
38954	14
38955	13
38956	12
38957	12
38958	12
38959	12
38960	13
38961	13
38962	14
38963	13
38964	12
38965	14
38966	15
38967	14
38968	13
38969	14
38970	13
38971	12
38972	13
38973	12
38974	11
38975	11
38976	11
38977	11
38978	12
38979	12
38980	13
38981	13
38982	14
38983	13
38984	12
38985	14
38986	15
38987	14
38988	13
38989	14
38990	13
38991	12
38992	13
38993	12
38994	11
38995	13
38996	14
38997	14
38998	15
38999	14
39000	13
39001	13
39002	14
39003	13
39004	12
39005	13
39006	13
39007	14
39008	13
39009	12
39010	12
39011	13
39012	12
39013	11
39014	12
39015	12
39016	13
39017	12
39018	11
39019	11
39020	12
39021	11
39022	10
39023	10
39024	11
39025	13
39026	14
39027	14
39028	14
39029	16
39030	17
39031	17
39032	18
39033	17
39034	16
39035	16
39036	17
39037	16
39038	15
39039	16
39040	16
39041	17
39042	16
39043	15
39044	15
39045	16
39046	15
39047	14
39048	15
39049	15
39050	15
39051	14
39052	14
39053	15
39054	14
39055	13
39056	13
39057	13
39058	13
39059	13
39060	13
39061	14
39062	13
39063	12
39064	13
39065	13
39066	13
39067	13
39068	14
39069	16
39070	17
39071	16
39072	15
39073	16
39074	15
39075	14
39076	15
39077	14
39078	13
39079	13
39080	14
39081	13
39082	12
39083	12
39084	13
39085	15
39086	15
39087	15
39088	16
39089	15
39090	14
39091	15
39092	15
39093	16
39094	15
39095	14
39096	14
39097	15
39098	14
39099	13
39100	14
39101	14
39102	15
39103	14
39104	13
39105	13
39106	14
39107	13
39108	12
39109	12
39110	13
39111	13
39112	14
39113	13
39114	12
39115	14
39116	15
39117	14
39118	13
39119	14
39120	13
39121	12
39122	13
39123	12
39124	11
39125	12
39126	12
39127	12
39128	12
39129	13
39130	13
39131	14
39132	13
39133	12
39134	14
39135	15
39136	14
39137	13
39138	14
39139	13
39140	12
39141	13
39142	12
39143	11
39144	11
39145	12
39146	12
39147	13
39148	13
39149	14
39150	13
39151	12
39152	14
39153	15
39154	14
39155	13
39156	14
39157	13
39158	12
39159	13
39160	12
39161	11
39162	13
39163	14
39164	14
39165	14
39166	13
39167	13
39168	14
39169	13
39170	12
39171	13
39172	13
39173	14
39174	13
39175	12
39176	12
39177	13
39178	12
39179	11
39180	12
39181	12
39182	13
39183	12
39184	11
39185	11
39186	12
39187	11
39188	10
39189	10
39190	10
39191	10
39192	11
39193	11
39194	12
39195	12
39196	13
39197	12
39198	11
39199	13
39200	14
39201	13
39202	12
39203	13
39204	12
39205	11
39206	12
39207	11
39208	10
39209	12
39210	13
39211	13
39212	14
39213	13
39214	12
39215	12
39216	13
39217	12
39218	11
39219	12
39220	12
39221	13
39222	12
39223	11
39224	11
39225	12
39226	11
39227	10
39228	11
39229	11
39230	12
39231	11
39232	10
39233	10
39234	11
39235	10
39236	9
39237	8
39238	9
39239	9
39240	10
39241	10
39242	11
39243	11
39244	12
39245	14
39246	15
39247	15
39248	16
39249	15
39250	14
39251	14
39252	15
39253	14
39254	13
39255	14
39256	14
39257	15
39258	14
39259	13
39260	13
39261	14
39262	13
39263	12
39264	13
39265	13
39266	14
39267	13
39268	12
39269	12
39270	13
39271	12
39272	11
39273	11
39274	12
39275	14
39276	15
39277	14
39278	13
39279	14
39280	13
39281	12
39282	13
39283	12
39284	11
39285	11
39286	12
39287	11
39288	10
39289	12
39290	13
39291	13
39292	14
39293	14
39294	15
39295	14
39296	13
39297	15
39298	16
39299	15
39300	14
39301	15
39302	14
39303	13
39304	14
39305	13
39306	12
39307	12
39308	13
39309	15
39310	16
39311	15
39312	14
39313	15
39314	14
39315	13
39316	14
39317	13
39318	12
39319	12
39320	13
39321	12
39322	11
39323	12
39324	12
39325	12
39326	12
39327	12
39328	11
39329	11
39330	12
39331	14
39332	15
39333	14
39334	13
39335	14
39336	13
39337	12
39338	13
39339	12
39340	11
39341	11
39342	12
39343	11
39344	10
39345	11
39346	11
39347	12
39348	12
39349	13
39350	12
39351	11
39352	13
39353	14
39354	13
39355	12
39356	13
39357	12
39358	11
39359	11
39360	10
39361	10
39362	11
39363	11
39364	12
39365	11
39366	10
39367	12
39368	13
39369	12
39370	11
39371	12
39372	11
39373	10
39374	10
39375	9
39376	11
39377	11
39378	11
39379	11
39380	11
39381	12
39382	14
39383	15
39384	14
39385	13
39386	14
39387	13
39388	12
39389	13
39390	12
39391	11
39392	11
39393	12
39394	11
39395	10
39396	11
39397	11
39398	12
39399	12
39400	13
39401	15
39402	15
39403	14
39404	15
39405	14
39406	13
39407	14
39408	13
39409	12
39410	12
39411	12
39412	11
39413	13
39414	14
39415	14
39416	14
39417	13
39418	12
39419	13
39420	13
39421	13
39422	12
39423	12
39424	13
39425	12
39426	11
39427	11
39428	11
39429	12
39430	11
39431	10
39432	10
39433	11
39434	13
39435	14
39436	14
39437	15
39438	14
39439	13
39440	13
39441	14
39442	13
39443	12
39444	12
39445	12
39446	13
39447	12
39448	11
39449	12
39450	12
39451	13
39452	12
39453	11
39454	11
39455	12
39456	11
39457	10
39458	10
39459	11
39460	11
39461	12
39462	11
39463	10
39464	12
39465	13
39466	12
39467	11
39468	12
39469	11
39470	10
39471	11
39472	10
39473	9
39474	10
39475	10
39476	10
39477	10
39478	11
39479	11
39480	12
39481	11
39482	10
39483	12
39484	13
39485	12
39486	11
39487	12
39488	11
39489	10
39490	11
39491	10
39492	9
39493	9
39494	9
39495	9
39496	10
39497	10
39498	11
39499	10
39500	9
39501	11
39502	12
39503	11
39504	10
39505	11
39506	10
39507	9
39508	10
39509	9
39510	8
39511	8
39512	9
39513	9
39514	10
39515	10
39516	9
39517	11
39518	11
39519	11
39520	12
39521	12
39522	13
39523	12
39524	11
39525	13
39526	14
39527	13
39528	12
39529	13
39530	12
39531	11
39532	11
39533	10
39534	11
39535	11
39536	12
39537	12
39538	13
39539	12
39540	11
39541	13
39542	14
39543	13
39544	12
39545	13
39546	12
39547	11
39548	12
39549	11
39550	10
39551	10
39552	11
39553	13
39554	13
39555	12
39556	13
39557	12
39558	11
39559	12
39560	11
39561	10
39562	10
39563	11
39564	10
39565	9
39566	10
39567	10
39568	11
39569	11
39570	12
39571	11
39572	10
39573	12
39574	13
39575	12
39576	11
39577	12
39578	11
39579	10
39580	11
39581	10
39582	9
39583	9
39584	9
39585	9
39586	10
39587	9
39588	8
39589	10
39590	10
39591	10
39592	10
39593	10
39594	11
39595	13
39596	14
39597	13
39598	12
39599	13
39600	12
39601	11
39602	12
39603	11
39604	10
39605	10
39606	10
39607	9
39608	10
39609	10
39610	10
39611	10
39612	11
39613	13
39614	14
39615	13
39616	12
39617	13
39618	12
39619	11
39620	12
39621	11
39622	10
39623	10
39624	11
39625	10
39626	9
39627	9
39628	10
39629	12
39630	13
39631	13
39632	14
39633	13
39634	12
39635	12
39636	13
39637	12
39638	11
39639	12
39640	12
39641	13
39642	12
39643	11
39644	11
39645	12
39646	11
39647	10
39648	11
39649	11
39650	11
39651	10
39652	10
39653	11
39654	10
39655	9
39656	9
39657	10
39658	10
39659	11
39660	10
39661	9
39662	11
39663	12
39664	11
39665	10
39666	11
39667	10
39668	9
39669	10
39670	9
39671	8
39672	9
39673	9
39674	9
39675	9
39676	10
39677	10
39678	11
39679	10
39680	9
39681	11
39682	12
39683	11
39684	10
39685	11
39686	10
39687	9
39688	10
39689	9
39690	8
39691	8
39692	8
39693	8
39694	9
39695	9
39696	9
39697	8
39698	10
39699	11
39700	10
39701	9
39702	10
39703	9
39704	8
39705	8
39706	7
39707	7
39708	7
39709	7
39710	8
39711	8
39712	9
39713	9
39714	10
39715	12
39716	13
39717	13
39718	14
39719	13
39720	12
39721	12
39722	13
39723	12
39724	11
39725	12
39726	12
39727	13
39728	12
39729	11
39730	11
39731	12
39732	11
39733	10
39734	11
39735	11
39736	12
39737	11
39738	10
39739	10
39740	11
39741	10
39742	9
39743	9
39744	10
39745	12
39746	13
39747	12
39748	11
39749	12
39750	11
39751	10
39752	10
39753	9
39754	9
39755	10
39756	9
39757	8
39758	10
39759	11
39760	11
39761	12
39762	12
39763	13
39764	12
39765	11
39766	13
39767	14
39768	13
39769	12
39770	13
39771	12
39772	11
39773	12
39774	11
39775	10
39776	10
39777	11
39778	13
39779	14
39780	13
39781	12
39782	13
39783	12
39784	11
39785	12
39786	11
39787	10
39788	10
39789	10
39790	9
39791	10
39792	10
39793	10
39794	10
39795	11
39796	10
39797	9
39798	9
39799	10
39800	12
39801	13
39802	12
39803	11
39804	12
39805	11
39806	10
39807	11
39808	10
39809	9
39810	9
39811	10
39812	9
39813	8
39814	9
39815	9
39816	10
39817	10
39818	11
39819	10
39820	9
39821	11
39822	12
39823	11
39824	10
39825	11
39826	10
39827	9
39828	9
39829	8
39830	8
39831	9
39832	9
39833	10
39834	9
39835	8
39836	10
39837	11
39838	10
39839	9
39840	10
39841	9
39842	8
39843	8
39844	7
39845	9
39846	9
39847	9
39848	10
39849	12
39850	13
39851	13
39852	14
39853	13
39854	12
39855	12
39856	13
39857	12
39858	11
39859	12
39860	12
39861	12
39862	11
39863	11
39864	12
39865	11
39866	10
39867	11
39868	11
39869	12
39870	11
39871	10
39872	10
39873	11
39874	10
39875	9
39876	9
39877	10
39878	12
39879	13
39880	12
39881	11
39882	12
39883	11
39884	10
39885	11
39886	10
39887	9
39888	9
39889	10
39890	9
39891	8
39892	9
39893	9
39894	9
39895	9
39896	10
39897	12
39898	13
39899	12
39900	11
39901	12
39902	11
39903	10
39904	11
39905	10
39906	9
39907	9
39908	10
39909	9
39910	8
39911	8
39912	9
39913	11
39914	12
39915	12
39916	13
39917	12
39918	11
39919	11
39920	12
39921	11
39922	10
39923	10
39924	10
39925	11
39926	10
39927	9
39928	10
39929	10
39930	11
39931	10
39932	9
39933	9
39934	10
39935	9
39936	8
39937	8
39938	9
39939	9
39940	10
39941	9
39942	8
39943	10
39944	11
39945	10
39946	9
39947	10
39948	9
39949	8
39950	9
39951	8
39952	7
39953	8
39954	8
39955	9
39956	9
39957	10
39958	10
39959	11
39960	10
39961	9
39962	11
39963	12
39964	11
39965	10
39966	11
39967	10
39968	9
39969	10
39970	9
39971	8
39972	10
39973	11
39974	11
39975	12
39976	11
39977	10
39978	10
39979	10
39980	9
39981	10
39982	10
39983	11
39984	10
39985	9
39986	9
39987	10
39988	9
39989	8
39990	9
39991	9
39992	9
39993	8
39994	8
39995	9
39996	8
39997	7
39998	7
39999	7
40000	7
40001	8
40002	8
40003	9
40004	8
40005	7
40006	9
40007	10
40008	9
40009	8
40010	9
40011	8
40012	7
40013	8
40014	7
40015	6
40016	5
40017	4
40018	3
40019	2
40020	2
40021	2
40022	2
40023	2
40024	3
40025	3
40026	4
40027	4
40028	5
40029	7
40030	8
40031	8
40032	9
40033	11
40034	12
40035	12
40036	13
40037	15
40038	16
40039	16
40040	16
40041	15
40042	15
40043	16
40044	15
40045	14
40046	15
40047	15
40048	16
40049	15
40050	14
40051	14
40052	15
40053	14
40054	13
40055	14
40056	14
40057	15
40058	14
40059	13
40060	13
40061	14
40062	13
40063	12
40064	12
40065	13
40066	15
40067	16
40068	15
40069	14
40070	15
40071	14
40072	13
40073	14
40074	13
40075	12
40076	12
40077	13
40078	12
40079	11
40080	11
40081	12
40082	14
40083	15
40084	15
40085	16
40086	15
40087	14
40088	14
40089	14
40090	13
40091	14
40092	14
40093	14
40094	13
40095	13
40096	14
40097	13
40098	12
40099	13
40100	13
40101	14
40102	13
40103	12
40104	12
40105	13
40106	12
40107	11
40108	11
40109	12
40110	14
40111	14
40112	13
40113	14
40114	13
40115	12
40116	13
40117	12
40118	11
40119	11
40120	12
40121	11
40122	10
40123	11
40124	11
40125	11
40126	11
40127	12
40128	14
40129	15
40130	14
40131	13
40132	14
40133	13
40134	12
40135	13
40136	12
40137	11
40138	11
40139	12
40140	11
40141	10
40142	10
40143	11
40144	13
40145	13
40146	13
40147	13
40148	12
40149	13
40150	13
40151	14
40152	13
40153	12
40154	12
40155	12
40156	11
40157	12
40158	12
40159	13
40160	12
40161	11
40162	11
40163	12
40164	11
40165	10
40166	10
40167	11
40168	11
40169	12
40170	11
40171	10
40172	12
40173	13
40174	12
40175	11
40176	12
40177	11
40178	10
40179	11
40180	10
40181	9
40182	10
40183	10
40184	11
40185	11
40186	12
40187	12
40188	13
40189	12
40190	11
40191	13
40192	14
40193	13
40194	12
40195	13
40196	12
40197	11
40198	12
40199	11
40200	10
40201	12
40202	13
40203	13
40204	14
40205	13
40206	12
40207	12
40208	12
40209	11
40210	12
40211	12
40212	13
40213	12
40214	11
40215	11
40216	12
40217	11
40218	10
40219	11
40220	11
40221	12
40222	11
40223	10
40224	10
40225	11
40226	10
40227	9
40228	9
40229	9
40230	9
40231	10
40232	10
40233	11
40234	10
40235	9
40236	11
40237	12
40238	11
40239	10
40240	11
40241	10
40242	9
40243	10
40244	9
40245	8
40246	8
40247	7
40248	7
40249	8
40250	10
40251	10
40252	10
40253	11
40254	12
40255	13
40256	13
40257	14
40258	13
40259	12
40260	12
40261	13
40262	12
40263	11
40264	12
40265	12
40266	13
40267	12
40268	11
40269	11
40270	12
40271	11
40272	10
40273	10
40274	11
40275	13
40276	14
40277	13
40278	12
40279	13
40280	12
40281	11
40282	12
40283	11
40284	10
40285	10
40286	11
40287	10
40288	9
40289	10
40290	10
40291	11
40292	11
40293	12
40294	14
40295	15
40296	14
40297	13
40298	14
40299	13
40300	12
40301	13
40302	12
40303	11
40304	11
40305	12
40306	11
40307	10
40308	12
40309	13
40310	13
40311	13
40312	12
40313	12
40314	13
40315	12
40316	11
40317	12
40318	12
40319	13
40320	12
40321	11
40322	11
40323	12
40324	11
40325	10
40326	11
40327	11
40328	12
40329	11
40330	10
40331	10
40332	11
40333	10
40334	9
40335	9
40336	10
40337	12
40338	13
40339	13
40340	14
40341	13
40342	12
40343	12
40344	12
40345	11
40346	12
40347	12
40348	13
40349	12
40350	11
40351	11
40352	12
40353	11
40354	10
40355	11
40356	11
40357	12
40358	11
40359	10
40360	10
40361	11
40362	10
40363	9
40364	9
40365	10
40366	10
40367	11
40368	10
40369	9
40370	11
40371	12
40372	11
40373	10
40374	11
40375	10
40376	9
40377	10
40378	9
40379	8
40380	9
40381	9
40382	9
40383	9
40384	10
40385	10
40386	11
40387	10
40388	9
40389	11
40390	12
40391	11
40392	10
40393	11
40394	10
40395	9
40396	10
40397	9
40398	8
40399	8
40400	9
40401	9
40402	10
40403	10
40404	11
40405	10
40406	9
40407	11
40408	12
40409	11
40410	10
40411	11
40412	10
40413	9
40414	10
40415	9
40416	8
40417	10
40418	11
40419	11
40420	12
40421	11
40422	10
40423	10
40424	11
40425	10
40426	9
40427	10
40428	10
40429	10
40430	9
40431	9
40432	10
40433	9
40434	8
40435	9
40436	9
40437	10
40438	9
40439	8
40440	8
40441	9
40442	8
40443	7
40444	7
40445	7
40446	7
40447	8
40448	8
40449	9
40450	9
40451	10
40452	9
40453	8
40454	10
40455	11
40456	10
40457	9
40458	10
40459	9
40460	8
40461	9
40462	8
40463	7
40464	9
40465	10
40466	10
40467	11
40468	10
40469	9
40470	9
40471	10
40472	9
40473	8
40474	9
40475	9
40476	10
40477	9
40478	8
40479	8
40480	9
40481	8
40482	7
40483	8
40484	8
40485	9
40486	8
40487	7
40488	7
40489	8
40490	7
40491	6
40492	5
40493	6
40494	6
40495	7
40496	7
40497	8
40498	8
40499	9
40500	11
40501	12
40502	12
40503	13
40504	12
40505	11
40506	11
40507	12
40508	11
40509	10
40510	11
40511	11
40512	12
40513	11
40514	10
40515	10
40516	10
40517	9
40518	10
40519	10
40520	11
40521	10
40522	9
40523	9
40524	10
40525	9
40526	8
40527	8
40528	8
40529	8
40530	9
40531	8
40532	7
40533	9
40534	10
40535	10
40536	11
40537	11
40538	12
40539	11
40540	10
40541	12
40542	13
40543	12
40544	11
40545	12
40546	11
40547	10
40548	11
40549	10
40550	9
40551	9
40552	10
40553	12
40554	13
40555	12
40556	11
40557	12
40558	11
40559	10
40560	11
40561	10
40562	9
40563	9
40564	10
40565	9
40566	8
40567	9
40568	9
40569	9
40570	9
40571	10
40572	9
40573	8
40574	8
40575	9
40576	11
40577	12
40578	11
40579	10
40580	11
40581	10
40582	9
40583	10
40584	9
40585	8
40586	8
40587	9
40588	8
40589	7
40590	8
40591	8
40592	9
40593	9
40594	10
40595	9
40596	8
40597	10
40598	11
40599	10
40600	9
40601	10
40602	9
40603	8
40604	8
40605	7
40606	7
40607	8
40608	8
40609	9
40610	8
40611	7
40612	9
40613	10
40614	9
40615	8
40616	9
40617	8
40618	7
40619	7
40620	6
40621	8
40622	8
40623	8
40624	8
40625	8
40626	9
40627	11
40628	12
40629	11
40630	10
40631	11
40632	10
40633	9
40634	10
40635	9
40636	8
40637	8
40638	9
40639	8
40640	7
40641	8
40642	8
40643	8
40644	8
40645	9
40646	11
40647	12
40648	11
40649	10
40650	11
40651	10
40652	9
40653	10
40654	9
40655	8
40656	8
40657	9
40658	8
40659	7
40660	7
40661	8
40662	10
40663	11
40664	11
40665	12
40666	11
40667	10
40668	10
40669	11
40670	10
40671	9
40672	9
40673	9
40674	10
40675	9
40676	8
40677	9
40678	9
40679	10
40680	9
40681	8
40682	8
40683	9
40684	8
40685	7
40686	7
40687	8
40688	8
40689	9
40690	8
40691	7
40692	9
40693	10
40694	9
40695	8
40696	9
40697	8
40698	7
40699	8
40700	7
40701	6
40702	7
40703	7
40704	7
40705	7
40706	8
40707	8
40708	9
40709	8
40710	7
40711	9
40712	10
40713	9
40714	8
40715	9
40716	8
40717	7
40718	8
40719	7
40720	6
40721	6
40722	6
40723	6
40724	7
40725	7
40726	8
40727	7
40728	6
40729	8
40730	9
40731	8
40732	7
40733	8
40734	7
40735	6
40736	6
40737	5
40738	5
40739	6
40740	6
40741	7
40742	7
40743	8
40744	10
40745	11
40746	11
40747	12
40748	11
40749	10
40750	10
40751	11
40752	10
40753	9
40754	10
40755	10
40756	11
40757	10
40758	9
40759	9
40760	10
40761	9
40762	8
40763	9
40764	9
40765	10
40766	9
40767	8
40768	8
40769	9
40770	8
40771	7
40772	7
40773	8
40774	10
40775	10
40776	9
40777	10
40778	9
40779	8
40780	9
40781	8
40782	7
40783	7
40784	8
40785	7
40786	6
40787	8
40788	9
40789	9
40790	9
40791	9
40792	10
40793	9
40794	8
40795	8
40796	9
40797	11
40798	12
40799	11
40800	10
40801	11
40802	10
40803	9
40804	10
40805	9
40806	8
40807	8
40808	9
40809	8
40810	7
40811	8
40812	8
40813	9
40814	9
40815	10
40816	9
40817	8
40818	10
40819	11
40820	10
40821	9
40822	10
40823	9
40824	8
40825	9
40826	8
40827	7
40828	7
40829	8
40830	10
40831	11
40832	10
40833	9
40834	10
40835	9
40836	8
40837	9
40838	8
40839	7
40840	7
40841	8
40842	7
40843	6
40844	7
40845	7
40846	8
40847	8
40848	9
40849	8
40850	7
40851	9
40852	10
40853	9
40854	8
40855	9
40856	8
40857	7
40858	7
40859	6
40860	6
40861	7
40862	7
40863	8
40864	7
40865	6
40866	8
40867	9
40868	8
40869	7
40870	8
40871	7
40872	6
40873	6
40874	5
40875	7
40876	7
40877	7
40878	7
40879	7
40880	8
40881	10
40882	11
40883	10
40884	9
40885	10
40886	9
40887	8
40888	9
40889	8
40890	7
40891	7
40892	8
40893	7
40894	6
40895	7
40896	7
40897	7
40898	7
40899	8
40900	10
40901	11
40902	10
40903	9
40904	10
40905	9
40906	8
40907	9
40908	8
40909	7
40910	7
40911	8
40912	7
40913	6
40914	6
40915	7
40916	9
40917	10
40918	10
40919	11
40920	10
40921	9
40922	9
40923	10
40924	9
40925	8
40926	9
40927	9
40928	10
40929	9
40930	8
40931	8
40932	9
40933	8
40934	7
40935	7
40936	7
40937	8
40938	7
40939	6
40940	6
40941	7
40942	7
40943	8
40944	7
40945	6
40946	8
40947	9
40948	8
40949	7
40950	8
40951	7
40952	6
40953	7
40954	6
40955	5
40956	6
40957	6
40958	6
40959	6
40960	7
40961	7
40962	8
40963	7
40964	6
40965	8
40966	9
40967	8
40968	7
40969	8
40970	7
40971	6
40972	7
40973	6
40974	5
40975	5
40976	5
40977	5
40978	6
40979	6
40980	6
40981	5
40982	7
40983	8
40984	7
40985	6
40986	7
40987	6
40988	5
40989	6
40990	5
40991	4
40992	4
40993	4
40994	4
40995	5
40996	5
40997	6
40998	6
40999	7
41000	9
41001	10
41002	10
41003	11
41004	10
41005	9
41006	9
41007	10
41008	9
41009	8
41010	9
41011	9
41012	10
41013	9
41014	8
41015	8
41016	9
41017	8
41018	7
41019	8
41020	8
41021	9
41022	8
41023	7
41024	7
41025	8
41026	7
41027	6
41028	6
41029	7
41030	9
41031	10
41032	9
41033	8
41034	9
41035	8
41036	7
41037	7
41038	6
41039	6
41040	7
41041	6
41042	5
41043	7
41044	8
41045	8
41046	8
41047	8
41048	8
41049	7
41050	7
41051	8
41052	10
41053	11
41054	10
41055	9
41056	10
41057	9
41058	8
41059	8
41060	7
41061	7
41062	7
41063	6
41064	7
41065	7
41066	7
41067	7
41068	8
41069	7
41070	6
41071	6
41072	7
41073	9
41074	10
41075	9
41076	8
41077	9
41078	8
41079	7
41080	8
41081	7
41082	6
41083	6
41084	7
41085	6
41086	5
41087	5
41088	5
41089	6
41090	6
41091	7
41092	6
41093	5
41094	7
41095	8
41096	7
41097	6
41098	6
41099	5
41100	5
41101	4
41102	6
41103	6
41104	6
41105	7
41106	9
41107	10
41108	10
41109	11
41110	10
41111	9
41112	9
41113	10
41114	9
41115	8
41116	9
41117	9
41118	9
41119	8
41120	8
41121	9
41122	8
41123	7
41124	8
41125	8
41126	9
41127	8
41128	7
41129	7
41130	8
41131	7
41132	6
41133	6
41134	7
41135	9
41136	10
41137	9
41138	8
41139	9
41140	8
41141	7
41142	8
41143	7
41144	6
41145	6
41146	7
41147	6
41148	5
41149	6
41150	6
41151	6
41152	6
41153	7
41154	9
41155	10
41156	9
41157	8
41158	9
41159	8
41160	7
41161	8
41162	7
41163	6
41164	6
41165	7
41166	6
41167	5
41168	5
41169	6
41170	8
41171	9
41172	9
41173	10
41174	9
41175	8
41176	8
41177	9
41178	8
41179	7
41180	7
41181	7
41182	8
41183	7
41184	6
41185	7
41186	7
41187	8
41188	7
41189	6
41190	6
41191	7
41192	6
41193	5
41194	5
41195	6
41196	6
41197	7
41198	6
41199	5
41200	7
41201	8
41202	7
41203	6
41204	7
41205	6
41206	5
41207	6
41208	5
41209	4
41210	5
41211	5
41212	6
41213	6
41214	7
41215	7
41216	8
41217	7
41218	6
41219	8
41220	9
41221	8
41222	7
41223	8
41224	7
41225	6
41226	7
41227	6
41228	5
41229	7
41230	8
41231	8
41232	9
41233	8
41234	7
41235	7
41236	7
41237	6
41238	7
41239	7
41240	8
41241	7
41242	6
41243	6
41244	7
41245	6
41246	5
41247	6
41248	6
41249	6
41250	5
41251	5
41252	6
41253	5
41254	4
41255	4
41256	4
41257	4
41258	5
41259	5
41260	6
41261	5
41262	4
41263	6
41264	6
41265	5
41266	6
41267	5
41268	4
41269	5
41270	4
41271	3
41272	2
41273	4
41274	5
41275	5
41276	5
41277	5
41278	6
41279	8
41280	8
41281	8
41282	9
41283	11
41284	12
41285	12
41286	13
41287	15
41288	16
41289	15
41290	14
41291	15
41292	14
41293	13
41294	14
41295	13
41296	12
41297	12
41298	13
41299	12
41300	11
41301	11
41302	12
41303	14
41304	15
41305	14
41306	13
41307	13
41308	12
41309	13
41310	12
41311	11
41312	11
41313	12
41314	11
41315	10
41316	11
41317	11
41318	12
41319	12
41320	13
41321	12
41322	11
41323	13
41324	14
41325	13
41326	12
41327	12
41328	11
41329	12
41330	11
41331	10
41332	10
41333	11
41334	13
41335	14
41336	13
41337	12
41338	13
41339	12
41340	11
41341	12
41342	11
41343	10
41344	10
41345	11
41346	10
41347	9
41348	10
41349	10
41350	11
41351	11
41352	11
41353	10
41354	12
41355	12
41356	11
41357	12
41358	11
41359	10
41360	11
41361	10
41362	9
41363	9
41364	10
41365	10
41366	11
41367	10
41368	9
41369	11
41370	12
41371	11
41372	10
41373	11
41374	10
41375	9
41376	9
41377	8
41378	8
41379	8
41380	10
41381	11
41382	11
41383	12
41384	11
41385	10
41386	10
41387	11
41388	10
41389	9
41390	9
41391	9
41392	10
41393	9
41394	8
41395	9
41396	9
41397	10
41398	9
41399	8
41400	8
41401	9
41402	8
41403	7
41404	7
41405	7
41406	8
41407	10
41408	11
41409	11
41410	12
41411	14
41412	15
41413	14
41414	13
41415	14
41416	13
41417	12
41418	12
41419	11
41420	11
41421	12
41422	11
41423	10
41424	10
41425	11
41426	13
41427	14
41428	13
41429	12
41430	13
41431	12
41432	11
41433	11
41434	10
41435	10
41436	11
41437	10
41438	9
41439	10
41440	10
41441	11
41442	11
41443	12
41444	11
41445	10
41446	12
41447	12
41448	11
41449	12
41450	11
41451	10
41452	11
41453	10
41454	9
41455	9
41456	9
41457	9
41458	10
41459	9
41460	8
41461	9
41462	9
41463	10
41464	10
41465	11
41466	10
41467	9
41468	11
41469	12
41470	11
41471	10
41472	10
41473	9
41474	9
41475	8
41476	8
41477	9
41478	11
41479	12
41480	11
41481	10
41482	11
41483	10
41484	9
41485	10
41486	9
41487	8
41488	8
41489	9
41490	8
41491	7
41492	7
41493	8
41494	8
41495	9
41496	9
41497	10
41498	9
41499	8
41500	10
41501	11
41502	10
41503	9
41504	9
41505	8
41506	9
41507	8
41508	7
41509	9
41510	10
41511	10
41512	10
41513	9
41514	9
41515	10
41516	9
41517	8
41518	9
41519	9
41520	10
41521	9
41522	8
41523	8
41524	9
41525	8
41526	7
41527	7
41528	7
41529	8
41530	7
41531	6
41532	6
41533	6
41534	6
41535	8
41536	8
41537	8
41538	9
41539	11
41540	12
41541	11
41542	10
41543	11
41544	10
41545	9
41546	10
41547	9
41548	8
41549	8
41550	9
41551	8
41552	7
41553	8
41554	8
41555	9
41556	9
41557	10
41558	9
41559	8
41560	10
41561	10
41562	9
41563	10
41564	9
41565	8
41566	8
41567	7
41568	7
41569	8
41570	10
41571	11
41572	10
41573	9
41574	10
41575	9
41576	8
41577	9
41578	8
41579	7
41580	7
41581	8
41582	7
41583	6
41584	7
41585	7
41586	8
41587	8
41588	9
41589	8
41590	7
41591	9
41592	10
41593	9
41594	8
41595	8
41596	7
41597	8
41598	7
41599	6
41600	6
41601	7
41602	9
41603	9
41604	8
41605	9
41606	8
41607	7
41608	7
41609	6
41610	6
41611	7
41612	6
41613	5
41614	4
41615	4
41616	5
41617	7
41618	8
41619	8
41620	9
41621	11
41622	12
41623	12
41624	12
41625	12
41626	13
41627	15
41628	16
41629	15
41630	14
41631	15
41632	14
41633	13
41634	13
41635	12
41636	12
41637	13
41638	12
41639	11
41640	11
41641	12
41642	14
41643	15
41644	15
41645	16
41646	15
41647	14
41648	14
41649	15
41650	14
41651	13
41652	14
41653	14
41654	15
41655	14
41656	13
41657	13
41658	14
41659	13
41660	12
41661	13
41662	13
41663	14
41664	13
41665	12
41666	12
41667	13
41668	12
41669	11
41670	11
41671	12
41672	14
41673	15
41674	14
41675	13
41676	14
41677	13
41678	12
41679	13
41680	12
41681	11
41682	11
41683	12
41684	11
41685	10
41686	11
41687	11
41688	11
41689	11
41690	10
41691	10
41692	11
41693	13
41694	13
41695	13
41696	14
41697	13
41698	12
41699	13
41700	13
41701	14
41702	13
41703	12
41704	12
41705	13
41706	12
41707	11
41708	11
41709	11
41710	12
41711	11
41712	10
41713	10
41714	10
41715	12
41716	13
41717	12
41718	11
41719	12
41720	11
41721	10
41722	11
41723	10
41724	9
41725	10
41726	10
41727	11
41728	11
41729	12
41730	12
41731	13
41732	12
41733	11
41734	13
41735	14
41736	13
41737	12
41738	13
41739	12
41740	11
41741	12
41742	11
41743	10
41744	12
41745	13
41746	13
41747	14
41748	13
41749	12
41750	12
41751	12
41752	11
41753	12
41754	12
41755	13
41756	12
41757	11
41758	11
41759	12
41760	11
41761	10
41762	11
41763	11
41764	12
41765	11
41766	10
41767	10
41768	11
41769	10
41770	9
41771	9
41772	9
41773	9
41774	10
41775	10
41776	11
41777	10
41778	9
41779	11
41780	12
41781	11
41782	10
41783	11
41784	10
41785	9
41786	10
41787	9
41788	8
41789	8
41790	8
41791	8
41792	9
41793	9
41794	9
41795	11
41796	12
41797	11
41798	10
41799	11
41800	10
41801	9
41802	10
41803	9
41804	8
41805	10
41806	11
41807	11
41808	12
41809	11
41810	10
41811	10
41812	10
41813	9
41814	10
41815	10
41816	11
41817	10
41818	9
41819	9
41820	10
41821	9
41822	8
41823	9
41824	9
41825	9
41826	8
41827	8
41828	9
41829	8
41830	7
41831	7
41832	8
41833	10
41834	11
41835	11
41836	12
41837	14
41838	15
41839	15
41840	16
41841	15
41842	14
41843	14
41844	15
41845	14
41846	13
41847	14
41848	14
41849	15
41850	14
41851	13
41852	13
41853	14
41854	13
41855	12
41856	13
41857	13
41858	14
41859	13
41860	12
41861	12
41862	13
41863	12
41864	11
41865	11
41866	12
41867	14
41868	15
41869	14
41870	13
41871	14
41872	13
41873	12
41874	13
41875	12
41876	11
41877	11
41878	12
41879	11
41880	10
41881	10
41882	10
41883	10
41884	11
41885	13
41886	14
41887	13
41888	12
41889	12
41890	11
41891	12
41892	11
41893	10
41894	10
41895	11
41896	10
41897	9
41898	10
41899	10
41900	9
41901	9
41902	9
41903	11
41904	12
41905	12
41906	13
41907	12
41908	11
41909	11
41910	11
41911	10
41912	11
41913	11
41914	12
41915	11
41916	10
41917	10
41918	11
41919	10
41920	9
41921	10
41922	10
41923	11
41924	10
41925	9
41926	9
41927	10
41928	9
41929	8
41930	9
41931	9
41932	9
41933	9
41934	10
41935	10
41936	11
41937	10
41938	9
41939	11
41940	12
41941	11
41942	10
41943	11
41944	10
41945	9
41946	10
41947	9
41948	8
41949	8
41950	9
41951	9
41952	10
41953	10
41954	11
41955	10
41956	9
41957	11
41958	12
41959	11
41960	10
41961	11
41962	10
41963	9
41964	10
41965	9
41966	8
41967	10
41968	11
41969	11
41970	11
41971	10
41972	10
41973	11
41974	10
41975	9
41976	10
41977	10
41978	11
41979	10
41980	9
41981	9
41982	10
41983	9
41984	8
41985	9
41986	9
41987	10
41988	9
41989	8
41990	8
41991	9
41992	8
41993	7
41994	7
41995	7
41996	7
41997	8
41998	8
41999	9
42000	9
42001	10
42002	9
42003	8
42004	10
42005	11
42006	10
42007	9
42008	10
42009	9
42010	8
42011	9
42012	8
42013	7
42014	9
42015	10
42016	10
42017	11
42018	10
42019	9
42020	9
42021	10
42022	9
42023	8
42024	9
42025	9
42026	10
42027	9
42028	8
42029	8
42030	9
42031	8
42032	7
42033	8
42034	8
42035	9
42036	8
42037	7
42038	7
42039	8
42040	7
42041	6
42042	7
42043	7
42044	7
42045	7
42046	8
42047	10
42048	11
42049	11
42050	12
42051	14
42052	15
42053	14
42054	13
42055	14
42056	13
42057	12
42058	13
42059	12
42060	11
42061	11
42062	11
42063	10
42064	10
42065	10
42066	10
42067	10
42068	9
42069	10
42070	10
42071	11
42072	11
42073	12
42074	11
42075	10
42076	12
42077	12
42078	11
42079	12
42080	11
42081	10
42082	11
42083	10
42084	9
42085	9
42086	10
42087	12
42088	12
42089	11
42090	12
42091	11
42092	10
42093	10
42094	9
42095	9
42096	10
42097	9
42098	8
42099	9
42100	9
42101	10
42102	10
42103	11
42104	10
42105	9
42106	11
42107	12
42108	11
42109	10
42110	11
42111	10
42112	9
42113	9
42114	8
42115	8
42116	9
42117	9
42118	9
42119	8
42120	10
42121	11
42122	10
42123	9
42124	10
42125	9
42126	8
42127	9
42128	8
42129	7
42130	7
42131	8
42132	10
42133	11
42134	11
42135	12
42136	11
42137	10
42138	10
42139	11
42140	10
42141	9
42142	10
42143	10
42144	11
42145	10
42146	9
42147	9
42148	10
42149	9
42150	8
42151	8
42152	8
42153	9
42154	8
42155	7
42156	7
42157	8
42158	8
42159	9
42160	8
42161	7
42162	9
42163	10
42164	9
42165	8
42166	9
42167	8
42168	7
42169	8
42170	7
42171	6
42172	6
42173	6
42174	6
42175	7
42176	7
42177	8
42178	8
42179	8
42180	10
42181	11
42182	10
42183	9
42184	10
42185	9
42186	8
42187	9
42188	8
42189	7
42190	9
42191	10
42192	10
42193	11
42194	10
42195	9
42196	9
42197	10
42198	9
42199	8
42200	9
42201	9
42202	10
42203	9
42204	8
42205	8
42206	8
42207	7
42208	6
42209	8
42210	9
42211	9
42212	10
42213	12
42214	13
42215	12
42216	11
42217	12
42218	11
42219	10
42220	11
42221	10
42222	9
42223	9
42224	9
42225	8
42226	8
42227	7
42228	8
42229	8
42230	9
42231	9
42232	10
42233	9
42234	8
42235	10
42236	10
42237	9
42238	10
42239	9
42240	8
42241	9
42242	8
42243	7
42244	7
42245	8
42246	10
42247	11
42248	10
42249	9
42250	10
42251	9
42252	8
42253	9
42254	8
42255	7
42256	7
42257	8
42258	7
42259	6
42260	7
42261	7
42262	8
42263	8
42264	9
42265	8
42266	7
42267	9
42268	10
42269	9
42270	8
42271	9
42272	8
42273	7
42274	7
42275	6
42276	6
42277	7
42278	7
42279	8
42280	7
42281	6
42282	8
42283	9
42284	8
42285	7
42286	8
42287	7
42288	6
42289	7
42290	6
42291	5
42292	6
42293	6
42294	7
42295	7
42296	8
42297	8
42298	9
42299	11
42300	12
42301	12
42302	13
42303	12
42304	11
42305	11
42306	12
42307	11
42308	10
42309	11
42310	11
42311	12
42312	11
42313	10
42314	10
42315	11
42316	10
42317	9
42318	10
42319	10
42320	11
42321	10
42322	9
42323	9
42324	10
42325	9
42326	8
42327	8
42328	9
42329	11
42330	12
42331	11
42332	10
42333	11
42334	10
42335	9
42336	10
42337	9
42338	8
42339	8
42340	9
42341	8
42342	7
42343	9
42344	10
42345	10
42346	11
42347	11
42348	12
42349	11
42350	10
42351	12
42352	13
42353	12
42354	11
42355	12
42356	11
42357	10
42358	11
42359	10
42360	9
42361	9
42362	10
42363	12
42364	13
42365	12
42366	11
42367	12
42368	11
42369	10
42370	11
42371	10
42372	9
42373	9
42374	10
42375	9
42376	8
42377	9
42378	9
42379	9
42380	9
42381	10
42382	9
42383	8
42384	8
42385	8
42386	10
42387	11
42388	10
42389	9
42390	10
42391	9
42392	8
42393	9
42394	8
42395	7
42396	8
42397	8
42398	9
42399	9
42400	10
42401	9
42402	8
42403	10
42404	11
42405	10
42406	9
42407	10
42408	9
42409	8
42410	8
42411	7
42412	7
42413	8
42414	8
42415	9
42416	8
42417	7
42418	9
42419	10
42420	9
42421	8
42422	9
42423	8
42424	7
42425	7
42426	6
42427	8
42428	8
42429	8
42430	8
42431	8
42432	9
42433	11
42434	12
42435	11
42436	10
42437	11
42438	10
42439	9
42440	10
42441	9
42442	8
42443	8
42444	9
42445	8
42446	7
42447	8
42448	8
42449	9
42450	9
42451	10
42452	12
42453	13
42454	12
42455	11
42456	12
42457	11
42458	10
42459	11
42460	10
42461	9
42462	9
42463	10
42464	9
42465	8
42466	10
42467	11
42468	11
42469	12
42470	11
42471	10
42472	10
42473	10
42474	9
42475	10
42476	10
42477	10
42478	9
42479	9
42480	10
42481	9
42482	8
42483	9
42484	9
42485	9
42486	8
42487	8
42488	9
42489	8
42490	7
42491	7
42492	8
42493	10
42494	11
42495	11
42496	12
42497	11
42498	10
42499	10
42500	11
42501	10
42502	9
42503	9
42504	9
42505	9
42506	8
42507	9
42508	9
42509	10
42510	9
42511	8
42512	8
42513	9
42514	8
42515	7
42516	7
42517	8
42518	8
42519	9
42520	8
42521	7
42522	9
42523	10
42524	9
42525	8
42526	9
42527	8
42528	7
42529	8
42530	7
42531	6
42532	7
42533	7
42534	7
42535	7
42536	8
42537	8
42538	9
42539	8
42540	7
42541	9
42542	10
42543	9
42544	8
42545	9
42546	8
42547	7
42548	7
42549	6
42550	6
42551	6
42552	6
42553	7
42554	7
42555	8
42556	7
42557	6
42558	8
42559	9
42560	8
42561	7
42562	8
42563	7
42564	6
42565	7
42566	6
42567	5
42568	5
42569	6
42570	6
42571	7
42572	7
42573	8
42574	10
42575	11
42576	11
42577	12
42578	11
42579	10
42580	10
42581	11
42582	10
42583	9
42584	10
42585	10
42586	11
42587	10
42588	9
42589	9
42590	10
42591	9
42592	8
42593	9
42594	9
42595	10
42596	9
42597	8
42598	8
42599	9
42600	8
42601	7
42602	7
42603	7
42604	9
42605	10
42606	9
42607	8
42608	9
42609	8
42610	7
42611	8
42612	7
42613	6
42614	8
42615	9
42616	9
42617	9
42618	9
42619	10
42620	9
42621	8
42622	8
42623	9
42624	11
42625	12
42626	11
42627	10
42628	11
42629	10
42630	9
42631	10
42632	9
42633	8
42634	8
42635	9
42636	8
42637	7
42638	8
42639	8
42640	9
42641	9
42642	10
42643	9
42644	8
42645	10
42646	11
42647	10
42648	9
42649	10
42650	9
42651	8
42652	9
42653	8
42654	7
42655	7
42656	8
42657	10
42658	11
42659	10
42660	9
42661	10
42662	9
42663	8
42664	9
42665	8
42666	7
42667	7
42668	8
42669	7
42670	6
42671	7
42672	7
42673	8
42674	8
42675	9
42676	8
42677	7
42678	9
42679	10
42680	9
42681	8
42682	9
42683	8
42684	7
42685	7
42686	6
42687	6
42688	7
42689	7
42690	8
42691	7
42692	6
42693	8
42694	9
42695	8
42696	7
42697	7
42698	6
42699	6
42700	5
42701	7
42702	7
42703	7
42704	7
42705	7
42706	8
42707	10
42708	11
42709	10
42710	9
42711	10
42712	9
42713	8
42714	9
42715	8
42716	7
42717	7
42718	8
42719	7
42720	6
42721	7
42722	7
42723	8
42724	8
42725	9
42726	11
42727	12
42728	11
42729	10
42730	11
42731	10
42732	9
42733	10
42734	9
42735	8
42736	8
42737	9
42738	8
42739	7
42740	9
42741	10
42742	10
42743	10
42744	9
42745	9
42746	10
42747	9
42748	8
42749	9
42750	9
42751	10
42752	9
42753	8
42754	8
42755	8
42756	7
42757	7
42758	7
42759	8
42760	7
42761	6
42762	6
42763	7
42764	9
42765	10
42766	10
42767	11
42768	10
42769	9
42770	9
42771	10
42772	9
42773	8
42774	9
42775	9
42776	10
42777	9
42778	8
42779	8
42780	9
42781	8
42782	7
42783	7
42784	7
42785	8
42786	7
42787	6
42788	6
42789	7
42790	7
42791	8
42792	7
42793	6
42794	8
42795	9
42796	8
42797	7
42798	8
42799	7
42800	6
42801	7
42802	6
42803	5
42804	6
42805	6
42806	6
42807	6
42808	7
42809	7
42810	8
42811	7
42812	6
42813	8
42814	9
42815	8
42816	7
42817	8
42818	7
42819	6
42820	7
42821	6
42822	5
42823	5
42824	5
42825	5
42826	6
42827	6
42828	7
42829	6
42830	5
42831	7
42832	7
42833	6
42834	7
42835	6
42836	5
42837	6
42838	5
42839	4
42840	4
42841	4
42842	4
42843	5
42844	5
42845	6
42846	6
42847	7
42848	9
42849	10
42850	10
42851	11
42852	10
42853	9
42854	9
42855	10
42856	9
42857	8
42858	9
42859	9
42860	10
42861	9
42862	8
42863	8
42864	8
42865	7
42866	8
42867	8
42868	9
42869	8
42870	7
42871	7
42872	8
42873	7
42874	6
42875	6
42876	6
42877	8
42878	9
42879	8
42880	7
42881	8
42882	7
42883	6
42884	6
42885	5
42886	7
42887	8
42888	8
42889	9
42890	9
42891	10
42892	9
42893	8
42894	10
42895	11
42896	10
42897	9
42898	10
42899	9
42900	8
42901	9
42902	8
42903	7
42904	7
42905	8
42906	10
42907	11
42908	10
42909	9
42910	10
42911	9
42912	8
42913	9
42914	8
42915	7
42916	7
42917	7
42918	6
42919	7
42920	7
42921	7
42922	7
42923	8
42924	7
42925	6
42926	6
42927	7
42928	9
42929	10
42930	9
42931	8
42932	9
42933	8
42934	7
42935	8
42936	7
42937	6
42938	6
42939	7
42940	6
42941	5
42942	6
42943	6
42944	7
42945	7
42946	8
42947	7
42948	6
42949	8
42950	9
42951	8
42952	7
42953	8
42954	7
42955	6
42956	6
42957	5
42958	5
42959	6
42960	6
42961	7
42962	6
42963	5
42964	7
42965	8
42966	7
42967	6
42968	7
42969	6
42970	5
42971	5
42972	4
42973	6
42974	6
42975	6
42976	7
42977	9
42978	10
42979	10
42980	11
42981	10
42982	9
42983	9
42984	9
42985	8
42986	9
42987	9
42988	9
42989	8
42990	8
42991	9
42992	8
42993	7
42994	8
42995	8
42996	9
42997	8
42998	7
42999	7
43000	8
43001	7
43002	6
43003	6
43004	7
43005	9
43006	10
43007	9
43008	8
43009	9
43010	8
43011	7
43012	8
43013	7
43014	6
43015	6
43016	7
43017	6
43018	5
43019	6
43020	6
43021	6
43022	6
43023	7
43024	9
43025	10
43026	9
43027	8
43028	9
43029	8
43030	7
43031	8
43032	7
43033	6
43034	6
43035	7
43036	6
43037	5
43038	5
43039	6
43040	8
43041	9
43042	9
43043	10
43044	9
43045	8
43046	8
43047	9
43048	8
43049	7
43050	7
43051	7
43052	8
43053	7
43054	6
43055	7
43056	7
43057	8
43058	7
43059	6
43060	6
43061	7
43062	6
43063	5
43064	5
43065	6
43066	6
43067	7
43068	6
43069	5
43070	7
43071	8
43072	7
43073	6
43074	7
43075	6
43076	5
43077	6
43078	5
43079	4
43080	5
43081	5
43082	6
43083	6
43084	7
43085	7
43086	8
43087	7
43088	6
43089	8
43090	8
43091	7
43092	8
43093	7
43094	6
43095	7
43096	6
43097	5
43098	7
43099	8
43100	8
43101	8
43102	7
43103	7
43104	7
43105	6
43106	7
43107	7
43108	6
43109	6
43110	7
43111	6
43112	5
43113	6
43114	6
43115	5
43116	5
43117	5
43118	4
43119	4
43120	4
43121	4
43122	5
43123	5
43124	5
43125	4
43126	6
43127	6
43128	5
43129	6
43130	5
43131	4
43132	5
43133	4
43134	3
43135	2
43136	1
43137	1
43138	4
43139	5
43140	5
43141	6
43142	8
43143	9
43144	9
43145	10
43146	12
43147	13
43148	13
43149	13
43150	13
43151	14
43152	16
43153	17
43154	17
43155	18
43156	20
43157	21
43158	21
43159	22
43160	24
43161	23
43162	22
43163	21
43164	21
43165	20
43166	20
43167	21
43168	23
43169	22
43170	21
43171	20
43172	20
43173	19
43174	20
43175	20
43176	21
43177	21
43178	20
43179	22
43180	21
43181	20
43182	19
43183	19
43184	20
43185	22
43186	21
43187	20
43188	19
43189	19
43190	18
43191	19
43192	19
43193	20
43194	20
43195	19
43196	21
43197	20
43198	19
43199	18
43200	18
43201	19
43202	19
43203	18
43204	20
43205	19
43206	18
43207	17
43208	17
43209	18
43210	20
43211	21
43212	21
43213	20
43214	20
43215	19
43216	20
43217	20
43218	19
43219	18
43220	19
43221	19
43222	18
43223	18
43224	17
43225	17
43226	18
43227	18
43228	17
43229	19
43230	18
43231	17
43232	16
43233	16
43234	17
43235	19
43236	20
43237	20
43238	21
43239	23
43240	22
43241	21
43242	20
43243	20
43244	19
43245	19
43246	20
43247	22
43248	21
43249	20
43250	19
43251	19
43252	18
43253	19
43254	19
43255	20
43256	20
43257	19
43258	21
43259	20
43260	19
43261	18
43262	18
43263	19
43264	21
43265	20
43266	19
43267	18
43268	18
43269	17
43270	18
43271	18
43272	19
43273	19
43274	18
43275	20
43276	19
43277	18
43278	17
43279	17
43280	18
43281	18
43282	17
43283	19
43284	18
43285	17
43286	16
43287	16
43288	17
43289	19
43290	20
43291	20
43292	19
43293	19
43294	18
43295	19
43296	19
43297	18
43298	18
43299	17
43300	18
43301	18
43302	17
43303	16
43304	16
43305	17
43306	17
43307	16
43308	18
43309	17
43310	16
43311	15
43312	16
43313	15
43314	15
43315	16
43316	18
43317	19
43318	19
43319	20
43320	22
43321	21
43322	20
43323	19
43324	19
43325	18
43326	17
43327	18
43328	18
43329	19
43330	19
43331	18
43332	20
43333	19
43334	18
43335	17
43336	17
43337	17
43338	17
43339	16
43340	17
43341	17
43342	18
43343	18
43344	17
43345	19
43346	18
43347	17
43348	16
43349	16
43350	17
43351	19
43352	18
43353	17
43354	16
43355	16
43356	15
43357	15
43358	16
43359	16
43360	17
43361	17
43362	16
43363	18
43364	17
43365	16
43366	15
43367	17
43368	18
43369	18
43370	17
43371	17
43372	16
43373	17
43374	17
43375	16
43376	16
43377	15
43378	16
43379	16
43380	15
43381	14
43382	15
43383	14
43384	14
43385	15
43386	17
43387	18
43388	17
43389	17
43390	18
43391	20
43392	19
43393	18
43394	17
43395	17
43396	16
43397	17
43398	17
43399	18
43400	18
43401	17
43402	19
43403	18
43404	17
43405	16
43406	16
43407	17
43408	19
43409	18
43410	17
43411	16
43412	16
43413	15
43414	16
43415	16
43416	17
43417	17
43418	16
43419	18
43420	17
43421	16
43422	15
43423	15
43424	16
43425	18
43426	17
43427	16
43428	15
43429	15
43430	14
43431	14
43432	15
43433	15
43434	16
43435	16
43436	15
43437	17
43438	16
43439	15
43440	14
43441	16
43442	17
43443	17
43444	16
43445	16
43446	15
43447	16
43448	16
43449	15
43450	15
43451	14
43452	15
43453	14
43454	14
43455	13
43456	12
43457	12
43458	13
43459	15
43460	16
43461	16
43462	17
43463	19
43464	20
43465	20
43466	21
43467	23
43468	24
43469	24
43470	23
43471	23
43472	22
43473	23
43474	23
43475	22
43476	22
43477	21
43478	22
43479	22
43480	21
43481	21
43482	20
43483	20
43484	21
43485	23
43486	22
43487	21
43488	20
43489	20
43490	19
43491	19
43492	20
43493	22
43494	23
43495	23
43496	22
43497	22
43498	21
43499	22
43500	22
43501	21
43502	21
43503	20
43504	21
43505	21
43506	20
43507	20
43508	19
43509	19
43510	20
43511	22
43512	21
43513	20
43514	19
43515	19
43516	18
43517	19
43518	19
43519	20
43520	20
43521	21
43522	23
43523	22
43524	21
43525	20
43526	20
43527	19
43528	20
43529	21
43530	21
43531	20
43532	20
43533	19
43534	20
43535	20
43536	19
43537	19
43538	18
43539	18
43540	19
43541	21
43542	22
43543	22
43544	21
43545	21
43546	20
43547	21
43548	21
43549	20
43550	20
43551	19
43552	20
43553	20
43554	19
43555	19
43556	18
43557	18
43558	19
43559	19
43560	18
43561	20
43562	19
43563	18
43564	17
43565	18
43566	18
43567	19
43568	19
43569	20
43570	20
43571	19
43572	21
43573	20
43574	19
43575	18
43576	20
43577	21
43578	21
43579	20
43580	20
43581	19
43582	20
43583	20
43584	19
43585	19
43586	18
43587	19
43588	19
43589	18
43590	18
43591	17
43592	17
43593	18
43594	18
43595	19
43596	19
43597	18
43598	20
43599	19
43600	18
43601	17
43602	18
43603	19
43604	19
43605	18
43606	18
43607	17
43608	18
43609	18
43610	17
43611	17
43612	16
43613	16
43614	17
43615	18
43616	19
43617	19
43618	20
43619	22
43620	21
43621	20
43622	19
43623	19
43624	18
43625	18
43626	19
43627	20
43628	19
43629	18
43630	18
43631	17
43632	18
43633	18
43634	19
43635	19
43636	18
43637	19
43638	18
43639	17
43640	17
43641	18
43642	20
43643	19
43644	18
43645	17
43646	17
43647	16
43648	16
43649	17
43650	17
43651	18
43652	18
43653	17
43654	19
43655	18
43656	17
43657	16
43658	18
43659	19
43660	19
43661	18
43662	18
43663	17
43664	18
43665	18
43666	17
43667	17
43668	16
43669	17
43670	17
43671	16
43672	15
43673	15
43674	16
43675	18
43676	19
43677	19
43678	20
43679	22
43680	23
43681	23
43682	22
43683	22
43684	21
43685	22
43686	22
43687	21
43688	21
43689	20
43690	21
43691	21
43692	20
43693	20
43694	19
43695	19
43696	20
43697	22
43698	21
43699	20
43700	19
43701	19
43702	18
43703	18
43704	18
43705	18
43706	19
43707	21
43708	20
43709	19
43710	18
43711	18
43712	17
43713	18
43714	18
43715	19
43716	19
43717	20
43718	22
43719	21
43720	20
43721	19
43722	19
43723	18
43724	19
43725	20
43726	20
43727	19
43728	19
43729	18
43730	19
43731	19
43732	18
43733	18
43734	17
43735	17
43736	18
43737	20
43738	21
43739	21
43740	20
43741	20
43742	19
43743	20
43744	20
43745	19
43746	19
43747	18
43748	19
43749	19
43750	18
43751	18
43752	17
43753	17
43754	18
43755	18
43756	17
43757	19
43758	18
43759	17
43760	16
43761	17
43762	17
43763	18
43764	18
43765	19
43766	19
43767	18
43768	20
43769	19
43770	18
43771	17
43772	18
43773	19
43774	19
43775	18
43776	18
43777	17
43778	18
43779	18
43780	17
43781	17
43782	16
43783	16
43784	17
43785	17
43786	18
43787	18
43788	17
43789	19
43790	18
43791	17
43792	16
43793	18
43794	19
43795	19
43796	18
43797	18
43798	17
43799	18
43800	18
43801	17
43802	17
43803	16
43804	17
43805	17
43806	16
43807	16
43808	15
43809	15
43810	16
43811	17
43812	18
43813	18
43814	19
43815	20
43816	19
43817	18
43818	18
43819	17
43820	17
43821	18
43822	20
43823	19
43824	18
43825	17
43826	17
43827	16
43828	17
43829	17
43830	18
43831	18
43832	17
43833	18
43834	17
43835	16
43836	16
43837	17
43838	19
43839	18
43840	17
43841	16
43842	16
43843	15
43844	15
43845	16
43846	16
43847	17
43848	17
43849	16
43850	18
43851	17
43852	16
43853	15
43854	17
43855	18
43856	18
43857	17
43858	17
43859	16
43860	17
43861	17
43862	16
43863	16
43864	15
43865	16
43866	15
43867	15
43868	14
43869	13
43870	14
43871	14
43872	15
43873	15
43874	16
43875	16
43876	17
43877	19
43878	20
43879	20
43880	19
43881	19
43882	18
43883	19
43884	19
43885	18
43886	18
43887	17
43888	18
43889	18
43890	17
43891	17
43892	16
43893	16
43894	17
43895	19
43896	18
43897	17
43898	16
43899	16
43900	15
43901	17
43902	18
43903	18
43904	19
43905	19
43906	18
43907	20
43908	19
43909	18
43910	17
43911	17
43912	18
43913	20
43914	19
43915	18
43916	17
43917	17
43918	16
43919	17
43920	17
43921	18
43922	18
43923	17
43924	18
43925	17
43926	16
43927	16
43928	17
43929	19
43930	18
43931	17
43932	16
43933	16
43934	15
43935	16
43936	16
43937	17
43938	17
43939	16
43940	18
43941	17
43942	16
43943	15
43944	15
43945	16
43946	16
43947	15
43948	17
43949	16
43950	15
43951	14
43952	15
43953	16
43954	16
43955	17
43956	17
43957	18
43958	20
43959	19
43960	18
43961	17
43962	17
43963	16
43964	17
43965	18
43966	18
43967	17
43968	17
43969	16
43970	17
43971	17
43972	16
43973	16
43974	15
43975	15
43976	16
43977	18
43978	19
43979	19
43980	18
43981	18
43982	17
43983	18
43984	17
43985	17
43986	16
43987	17
43988	17
43989	16
43990	16
43991	15
43992	15
43993	16
43994	16
43995	15
43996	17
43997	16
43998	15
43999	14
44000	15
44001	15
44002	16
44003	16
44004	17
44005	17
44006	16
44007	18
44008	17
44009	16
44010	15
44011	16
44012	17
44013	17
44014	16
44015	16
44016	15
44017	16
44018	15
44019	15
44020	14
44021	14
44022	15
44023	15
44024	16
44025	16
44026	15
44027	17
44028	16
44029	15
44030	14
44031	15
44032	16
44033	16
44034	15
44035	15
44036	14
44037	15
44038	14
44039	14
44040	13
44041	13
44042	14
44043	14
44044	15
44045	15
44046	16
44047	18
44048	19
44049	19
44050	18
44051	18
44052	17
44053	18
44054	18
44055	17
44056	17
44057	16
44058	17
44059	17
44060	16
44061	16
44062	15
44063	15
44064	16
44065	18
44066	17
44067	16
44068	15
44069	15
44070	14
44071	16
44072	17
44073	17
44074	18
44075	18
44076	17
44077	18
44078	17
44079	16
44080	16
44081	17
44082	19
44083	18
44084	17
44085	16
44086	16
44087	15
44088	16
44089	16
44090	17
44091	17
44092	16
44093	18
44094	17
44095	16
44096	15
44097	15
44098	16
44099	18
44100	17
44101	16
44102	15
44103	15
44104	14
44105	15
44106	15
44107	16
44108	16
44109	15
44110	17
44111	16
44112	15
44113	14
44114	14
44115	15
44116	15
44117	14
44118	16
44119	15
44120	14
44121	13
44122	14
44123	15
44124	15
44125	16
44126	16
44127	17
44128	19
44129	18
44130	17
44131	16
44132	16
44133	15
44134	15
44135	16
44136	16
44137	15
44138	15
44139	14
44140	14
44141	15
44142	17
44143	18
44144	18
44145	17
44146	17
44147	16
44148	17
44149	17
44150	16
44151	16
44152	15
44153	16
44154	15
44155	15
44156	14
44157	14
44158	15
44159	15
44160	14
44161	16
44162	15
44163	14
44164	13
44165	14
44166	14
44167	15
44168	15
44169	16
44170	16
44171	15
44172	17
44173	16
44174	15
44175	14
44176	15
44177	16
44178	16
44179	15
44180	15
44181	14
44182	15
44183	14
44184	14
44185	13
44186	13
44187	14
44188	14
44189	15
44190	15
44191	14
44192	16
44193	15
44194	14
44195	13
44196	14
44197	15
44198	15
44199	14
44200	14
44201	13
44202	14
44203	14
44204	13
44205	12
44206	11
44207	10
44208	9
44209	9
44210	10
44211	9
44212	9
44213	10
44214	10
44215	11
44216	11
44217	12
44218	14
44219	15
44220	15
44221	16
44222	18
44223	19
44224	19
44225	18
44226	18
44227	17
44228	18
44229	18
44230	17
44231	17
44232	16
44233	17
44234	17
44235	16
44236	16
44237	15
44238	15
44239	16
44240	18
44241	17
44242	16
44243	15
44244	15
44245	14
44246	14
44247	15
44248	17
44249	18
44250	18
44251	17
44252	17
44253	16
44254	17
44255	17
44256	16
44257	16
44258	15
44259	16
44260	16
44261	15
44262	15
44263	14
44264	14
44265	15
44266	17
44267	16
44268	15
44269	14
44270	14
44271	13
44272	14
44273	14
44274	15
44275	15
44276	16
44277	18
44278	17
44279	16
44280	15
44281	15
44282	14
44283	15
44284	16
44285	16
44286	15
44287	15
44288	14
44289	15
44290	15
44291	14
44292	14
44293	13
44294	13
44295	14
44296	16
44297	17
44298	17
44299	16
44300	16
44301	15
44302	16
44303	16
44304	15
44305	15
44306	14
44307	15
44308	15
44309	14
44310	14
44311	13
44312	13
44313	14
44314	14
44315	13
44316	15
44317	14
44318	13
44319	12
44320	13
44321	13
44322	14
44323	14
44324	15
44325	15
44326	14
44327	16
44328	15
44329	14
44330	13
44331	15
44332	16
44333	16
44334	15
44335	15
44336	14
44337	15
44338	15
44339	14
44340	14
44341	13
44342	14
44343	14
44344	13
44345	13
44346	12
44347	12
44348	13
44349	13
44350	14
44351	14
44352	13
44353	15
44354	14
44355	13
44356	12
44357	13
44358	14
44359	14
44360	13
44361	13
44362	12
44363	13
44364	13
44365	12
44366	12
44367	11
44368	11
44369	12
44370	13
44371	14
44372	14
44373	15
44374	17
44375	16
44376	15
44377	14
44378	14
44379	13
44380	13
44381	14
44382	15
44383	14
44384	13
44385	13
44386	12
44387	13
44388	13
44389	14
44390	14
44391	13
44392	14
44393	13
44394	12
44395	12
44396	13
44397	15
44398	14
44399	13
44400	12
44401	12
44402	11
44403	11
44404	12
44405	12
44406	13
44407	13
44408	12
44409	14
44410	13
44411	12
44412	11
44413	13
44414	14
44415	14
44416	13
44417	13
44418	12
44419	13
44420	13
44421	12
44422	12
44423	11
44424	12
44425	12
44426	11
44427	10
44428	11
44429	12
44430	12
44431	13
44432	13
44433	14
44434	16
44435	17
44436	17
44437	16
44438	16
44439	15
44440	16
44441	16
44442	15
44443	15
44444	14
44445	15
44446	15
44447	14
44448	14
44449	13
44450	13
44451	14
44452	16
44453	15
44454	14
44455	13
44456	13
44457	12
44458	14
44459	15
44460	15
44461	16
44462	16
44463	15
44464	16
44465	15
44466	14
44467	14
44468	15
44469	17
44470	16
44471	15
44472	14
44473	14
44474	13
44475	14
44476	14
44477	15
44478	15
44479	14
44480	15
44481	14
44482	13
44483	13
44484	14
44485	16
44486	15
44487	14
44488	13
44489	13
44490	12
44491	13
44492	13
44493	14
44494	14
44495	13
44496	15
44497	14
44498	13
44499	12
44500	12
44501	13
44502	13
44503	12
44504	14
44505	13
44506	12
44507	11
44508	11
44509	12
44510	13
44511	14
44512	14
44513	15
44514	15
44515	14
44516	14
44517	13
44518	13
44519	14
44520	16
44521	15
44522	14
44523	13
44524	13
44525	12
44526	13
44527	13
44528	14
44529	14
44530	13
44531	15
44532	14
44533	13
44534	12
44535	12
44536	13
44537	14
44538	13
44539	12
44540	12
44541	11
44542	11
44543	12
44544	12
44545	13
44546	13
44547	12
44548	14
44549	13
44550	12
44551	11
44552	13
44553	14
44554	14
44555	13
44556	13
44557	12
44558	13
44559	13
44560	12
44561	12
44562	11
44563	12
44564	11
44565	11
44566	10
44567	11
44568	11
44569	12
44570	12
44571	13
44572	13
44573	14
44574	16
44575	15
44576	14
44577	13
44578	13
44579	12
44580	14
44581	15
44582	15
44583	14
44584	14
44585	13
44586	14
44587	14
44588	13
44589	13
44590	12
44591	13
44592	13
44593	12
44594	12
44595	11
44596	13
44597	14
44598	14
44599	15
44600	16
44601	15
44602	14
44603	14
44604	13
44605	13
44606	14
44607	16
44608	15
44609	14
44610	13
44611	13
44612	12
44613	13
44614	12
44615	12
44616	13
44617	15
44618	14
44619	13
44620	12
44621	12
44622	11
44623	12
44624	12
44625	13
44626	13
44627	12
44628	14
44629	13
44630	12
44631	11
44632	11
44633	12
44634	12
44635	11
44636	13
44637	12
44638	11
44639	10
44640	9
44641	8
44642	8
44643	9
44644	11
44645	12
44646	12
44647	13
44648	14
44649	15
44650	15
44651	16
44652	18
44653	19
44654	19
44655	19
44656	19
44657	20
44658	22
44659	21
44660	20
44661	19
44662	19
44663	18
44664	18
44665	19
44666	21
44667	22
44668	22
44669	21
44670	20
44671	21
44672	21
44673	20
44674	20
44675	19
44676	20
44677	20
44678	19
44679	19
44680	18
44681	18
44682	19
44683	21
44684	20
44685	19
44686	18
44687	18
44688	17
44689	18
44690	17
44691	17
44692	18
44693	20
44694	21
44695	21
44696	20
44697	20
44698	19
44699	20
44700	20
44701	19
44702	19
44703	18
44704	19
44705	19
44706	18
44707	18
44708	17
44709	17
44710	18
44711	18
44712	17
44713	19
44714	18
44715	17
44716	16
44717	17
44718	17
44719	18
44720	18
44721	19
44722	19
44723	18
44724	20
44725	19
44726	18
44727	17
44728	19
44729	20
44730	20
44731	19
44732	19
44733	18
44734	19
44735	19
44736	18
44737	18
44738	17
44739	18
44740	18
44741	17
44742	17
44743	16
44744	16
44745	17
44746	17
44747	18
44748	18
44749	17
44750	19
44751	18
44752	17
44753	16
44754	17
44755	18
44756	18
44757	17
44758	17
44759	16
44760	17
44761	17
44762	16
44763	16
44764	15
44765	15
44766	16
44767	17
44768	18
44769	17
44770	17
44771	18
44772	19
44773	18
44774	17
44775	17
44776	16
44777	17
44778	17
44779	18
44780	18
44781	17
44782	18
44783	17
44784	16
44785	16
44786	17
44787	19
44788	18
44789	17
44790	16
44791	16
44792	15
44793	15
44794	16
44795	16
44796	17
44797	17
44798	16
44799	18
44800	17
44801	16
44802	15
44803	17
44804	18
44805	18
44806	17
44807	17
44808	16
44809	17
44810	17
44811	16
44812	16
44813	15
44814	16
44815	16
44816	15
44817	14
44818	14
44819	15
44820	16
44821	17
44822	16
44823	15
44824	16
44825	16
44826	17
44827	17
44828	18
44829	18
44830	17
44831	19
44832	18
44833	17
44834	16
44835	18
44836	19
44837	19
44838	18
44839	17
44840	18
44841	18
44842	17
44843	17
44844	16
44845	17
44846	16
44847	16
44848	15
44849	15
44850	16
44851	16
44852	17
44853	17
44854	16
44855	18
44856	17
44857	16
44858	15
44859	17
44860	18
44861	18
44862	17
44863	17
44864	16
44865	17
44866	17
44867	16
44868	16
44869	15
44870	16
44871	16
44872	15
44873	15
44874	14
44875	14
44876	15
44877	16
44878	17
44879	17
44880	18
44881	20
44882	19
44883	18
44884	17
44885	17
44886	16
44887	16
44888	17
44889	19
44890	18
44891	17
44892	16
44893	16
44894	15
44895	16
44896	16
44897	17
44898	17
44899	16
44900	18
44901	17
44902	16
44903	15
44904	15
44905	16
44906	18
44907	17
44908	16
44909	15
44910	15
44911	14
44912	14
44913	15
44914	15
44915	16
44916	16
44917	15
44918	17
44919	16
44920	15
44921	14
44922	16
44923	17
44924	17
44925	16
44926	16
44927	15
44928	16
44929	16
44930	15
44931	15
44932	14
44933	15
44934	14
44935	14
44936	13
44937	14
44938	14
44939	15
44940	15
44941	16
44942	16
44943	17
44944	19
44945	20
44946	20
44947	19
44948	19
44949	18
44950	19
44951	19
44952	18
44953	18
44954	17
44955	18
44956	18
44957	17
44958	17
44959	16
44960	16
44961	17
44962	19
44963	18
44964	17
44965	16
44966	16
44967	15
44968	17
44969	18
44970	18
44971	19
44972	19
44973	18
44974	20
44975	19
44976	18
44977	17
44978	17
44979	18
44980	20
44981	19
44982	18
44983	17
44984	17
44985	16
44986	17
44987	17
44988	18
44989	18
44990	17
44991	18
44992	17
44993	16
44994	16
44995	17
44996	19
44997	18
44998	17
44999	16
45000	16
45001	15
45002	16
45003	16
45004	17
45005	17
45006	16
45007	18
45008	17
45009	16
45010	15
45011	15
45012	16
45013	16
45014	15
45015	17
45016	16
45017	15
45018	14
45019	15
45020	16
45021	15
45022	15
45023	16
45024	18
45025	19
45026	19
45027	18
45028	18
45029	17
45030	18
45031	17
45032	17
45033	16
45034	17
45035	17
45036	16
45037	16
45038	15
45039	15
45040	16
45041	16
45042	15
45043	17
45044	16
45045	15
45046	14
45047	15
45048	15
45049	16
45050	16
45051	17
45052	17
45053	16
45054	18
45055	17
45056	16
45057	15
45058	17
45059	18
45060	18
45061	17
45062	16
45063	17
45064	16
45065	16
45066	15
45067	16
45068	15
45069	15
45070	14
45071	14
45072	15
45073	15
45074	16
45075	16
45076	15
45077	17
45078	16
45079	15
45080	14
45081	15
45082	16
45083	16
45084	15
45085	15
45086	14
45087	15
45088	14
45089	14
45090	13
45091	13
45092	14
45093	14
45094	15
45095	15
45096	16
45097	18
45098	19
45099	19
45100	18
45101	18
45102	17
45103	18
45104	18
45105	17
45106	17
45107	16
45108	17
45109	17
45110	16
45111	16
45112	15
45113	15
45114	16
45115	18
45116	17
45117	16
45118	15
45119	15
45120	14
45121	16
45122	17
45123	17
45124	18
45125	18
45126	17
45127	18
45128	17
45129	16
45130	16
45131	17
45132	19
45133	18
45134	17
45135	16
45136	16
45137	15
45138	16
45139	16
45140	17
45141	17
45142	16
45143	18
45144	17
45145	16
45146	15
45147	15
45148	16
45149	18
45150	17
45151	16
45152	15
45153	15
45154	14
45155	15
45156	15
45157	16
45158	16
45159	15
45160	17
45161	16
45162	15
45163	14
45164	14
45165	15
45166	15
45167	14
45168	16
45169	15
45170	14
45171	13
45172	14
45173	15
45174	15
45175	16
45176	16
45177	17
45178	19
45179	18
45180	17
45181	16
45182	16
45183	15
45184	16
45185	17
45186	17
45187	16
45188	16
45189	15
45190	16
45191	16
45192	15
45193	15
45194	14
45195	14
45196	15
45197	17
45198	18
45199	18
45200	17
45201	17
45202	16
45203	17
45204	17
45205	16
45206	16
45207	15
45208	16
45209	15
45210	15
45211	14
45212	14
45213	15
45214	15
45215	14
45216	16
45217	15
45218	14
45219	13
45220	14
45221	14
45222	15
45223	15
45224	16
45225	16
45226	15
45227	17
45228	16
45229	15
45230	14
45231	15
45232	16
45233	16
45234	15
45235	15
45236	14
45237	15
45238	14
45239	14
45240	13
45241	13
45242	14
45243	14
45244	15
45245	15
45246	14
45247	16
45248	15
45249	14
45250	13
45251	14
45252	15
45253	15
45254	14
45255	14
45256	13
45257	14
45258	14
45259	13
45260	12
45261	11
45262	11
45263	12
45264	14
45265	15
45266	15
45267	16
45268	18
45269	19
45270	19
45271	20
45272	22
45273	23
45274	23
45275	22
45276	22
45277	21
45278	22
45279	22
45280	21
45281	21
45282	20
45283	21
45284	21
45285	20
45286	20
45287	19
45288	19
45289	20
45290	22
45291	21
45292	20
45293	19
45294	19
45295	18
45296	18
45297	19
45298	21
45299	22
45300	22
45301	21
45302	21
45303	20
45304	21
45305	21
45306	20
45307	20
45308	19
45309	20
45310	20
45311	19
45312	19
45313	18
45314	18
45315	19
45316	21
45317	20
45318	19
45319	18
45320	18
45321	17
45322	18
45323	18
45324	19
45325	19
45326	20
45327	22
45328	21
45329	20
45330	19
45331	19
45332	18
45333	19
45334	20
45335	20
45336	19
45337	19
45338	18
45339	19
45340	19
45341	18
45342	18
45343	17
45344	17
45345	18
45346	20
45347	21
45348	21
45349	20
45350	20
45351	19
45352	20
45353	20
45354	19
45355	19
45356	18
45357	19
45358	19
45359	18
45360	18
45361	17
45362	17
45363	18
45364	18
45365	17
45366	19
45367	18
45368	17
45369	16
45370	17
45371	17
45372	18
45373	18
45374	19
45375	19
45376	18
45377	20
45378	19
45379	18
45380	17
45381	19
45382	20
45383	20
45384	19
45385	19
45386	18
45387	19
45388	19
45389	18
45390	18
45391	17
45392	18
45393	18
45394	17
45395	17
45396	16
45397	16
45398	17
45399	17
45400	18
45401	18
45402	17
45403	19
45404	18
45405	17
45406	16
45407	17
45408	18
45409	18
45410	17
45411	17
45412	16
45413	17
45414	17
45415	16
45416	16
45417	15
45418	15
45419	16
45420	17
45421	18
45422	18
45423	19
45424	21
45425	20
45426	19
45427	18
45428	18
45429	17
45430	17
45431	18
45432	19
45433	18
45434	17
45435	17
45436	16
45437	17
45438	17
45439	18
45440	18
45441	17
45442	18
45443	17
45444	16
45445	16
45446	17
45447	19
45448	18
45449	17
45450	16
45451	16
45452	15
45453	15
45454	16
45455	15
45456	17
45457	18
45458	18
45459	17
45460	17
45461	16
45462	17
45463	17
45464	16
45465	16
45466	15
45467	16
45468	16
45469	15
45470	14
45471	14
45472	14
45473	14
45474	15
45475	17
45476	18
45477	17
45478	17
45479	18
45480	20
45481	19
45482	18
45483	17
45484	17
45485	16
45486	17
45487	17
45488	18
45489	18
45490	17
45491	19
45492	18
45493	17
45494	16
45495	16
45496	17
45497	19
45498	18
45499	17
45500	16
45501	16
45502	15
45503	16
45504	16
45505	17
45506	17
45507	16
45508	18
45509	17
45510	16
45511	15
45512	15
45513	16
45514	18
45515	17
45516	16
45517	15
45518	15
45519	14
45520	14
45521	15
45522	15
45523	16
45524	16
45525	15
45526	17
45527	16
45528	15
45529	14
45530	16
45531	17
45532	17
45533	16
45534	16
45535	15
45536	16
45537	16
45538	15
45539	15
45540	14
45541	15
45542	14
45543	14
45544	13
45545	12
45546	13
45547	13
45548	14
45549	14
45550	15
45551	15
45552	16
45553	18
45554	19
45555	19
45556	18
45557	18
45558	17
45559	18
45560	18
45561	17
45562	17
45563	16
45564	17
45565	17
45566	16
45567	16
45568	15
45569	15
45570	16
45571	18
45572	17
45573	16
45574	15
45575	15
45576	14
45577	16
45578	17
45579	17
45580	18
45581	18
45582	17
45583	19
45584	18
45585	17
45586	16
45587	16
45588	17
45589	19
45590	18
45591	17
45592	16
45593	16
45594	15
45595	16
45596	16
45597	17
45598	17
45599	16
45600	17
45601	16
45602	15
45603	15
45604	16
45605	18
45606	17
45607	16
45608	15
45609	15
45610	14
45611	15
45612	15
45613	16
45614	16
45615	15
45616	17
45617	16
45618	15
45619	14
45620	14
45621	15
45622	15
45623	14
45624	16
45625	15
45626	14
45627	13
45628	15
45629	16
45630	15
45631	15
45632	16
45633	18
45634	19
45635	19
45636	18
45637	18
45638	17
45639	18
45640	18
45641	17
45642	17
45643	16
45644	17
45645	17
45646	16
45647	16
45648	15
45649	15
45650	16
45651	18
45652	17
45653	16
45654	15
45655	15
45656	14
45657	15
45658	15
45659	16
45660	16
45661	17
45662	19
45663	18
45664	17
45665	16
45666	16
45667	15
45668	16
45669	17
45670	17
45671	16
45672	15
45673	16
45674	15
45675	15
45676	14
45677	14
45678	15
45679	16
45680	17
45681	17
45682	16
45683	16
45684	15
45685	16
45686	16
45687	15
45688	15
45689	14
45690	14
45691	15
45692	15
45693	14
45694	16
45695	15
45696	14
45697	13
45698	14
45699	14
45700	15
45701	15
45702	16
45703	16
45704	15
45705	17
45706	16
45707	15
45708	14
45709	16
45710	17
45711	17
45712	16
45713	16
45714	15
45715	16
45716	15
45717	15
45718	14
45719	15
45720	14
45721	14
45722	13
45723	13
45724	14
45725	14
45726	15
45727	15
45728	14
45729	16
45730	15
45731	14
45732	13
45733	14
45734	15
45735	15
45736	14
45737	14
45738	13
45739	14
45740	13
45741	13
45742	12
45743	12
45744	13
45745	13
45746	14
45747	14
45748	15
45749	17
45750	18
45751	18
45752	17
45753	17
45754	16
45755	17
45756	17
45757	16
45758	16
45759	15
45760	16
45761	16
45762	15
45763	15
45764	14
45765	13
45766	15
45767	16
45768	16
45769	17
45770	17
45771	16
45772	17
45773	16
45774	15
45775	15
45776	16
45777	18
45778	17
45779	16
45780	15
45781	15
45782	14
45783	15
45784	15
45785	16
45786	16
45787	15
45788	17
45789	16
45790	15
45791	14
45792	14
45793	15
45794	17
45795	16
45796	15
45797	14
45798	14
45799	13
45800	14
45801	14
45802	15
45803	15
45804	14
45805	16
45806	15
45807	14
45808	13
45809	13
45810	14
45811	14
45812	13
45813	15
45814	14
45815	13
45816	12
45817	13
45818	14
45819	14
45820	15
45821	15
45822	16
45823	18
45824	17
45825	16
45826	15
45827	15
45828	14
45829	14
45830	15
45831	15
45832	14
45833	14
45834	13
45835	13
45836	14
45837	16
45838	17
45839	17
45840	16
45841	16
45842	15
45843	16
45844	16
45845	15
45846	15
45847	14
45848	15
45849	14
45850	14
45851	13
45852	13
45853	14
45854	14
45855	13
45856	15
45857	14
45858	13
45859	12
45860	13
45861	13
45862	14
45863	14
45864	15
45865	15
45866	14
45867	16
45868	15
45869	14
45870	13
45871	14
45872	15
45873	15
45874	14
45875	14
45876	13
45877	14
45878	13
45879	13
45880	12
45881	12
45882	13
45883	13
45884	14
45885	14
45886	13
45887	15
45888	14
45889	13
45890	12
45891	13
45892	14
45893	14
45894	13
45895	13
45896	12
45897	13
45898	13
45899	12
45900	11
45901	10
45902	9
45903	8
45904	8
45905	9
45906	8
45907	8
45908	9
45909	9
45910	10
45911	10
45912	11
45913	13
45914	14
45915	14
45916	15
45917	16
45918	17
45919	17
45920	16
45921	16
45922	15
45923	16
45924	16
45925	15
45926	15
45927	14
45928	13
45929	13
45930	14
45931	16
45932	17
45933	17
45934	16
45935	16
45936	15
45937	16
45938	16
45939	15
45940	15
45941	14
45942	15
45943	15
45944	14
45945	14
45946	13
45947	13
45948	14
45949	16
45950	15
45951	14
45952	13
45953	13
45954	12
45955	13
45956	13
45957	14
45958	14
45959	15
45960	17
45961	16
45962	15
45963	14
45964	14
45965	13
45966	14
45967	15
45968	15
45969	14
45970	14
45971	13
45972	14
45973	14
45974	13
45975	13
45976	12
45977	12
45978	13
45979	15
45980	16
45981	16
45982	15
45983	15
45984	14
45985	15
45986	15
45987	14
45988	14
45989	13
45990	14
45991	13
45992	13
45993	12
45994	12
45995	13
45996	13
45997	12
45998	14
45999	13
46000	12
46001	11
46002	12
46003	12
46004	13
46005	13
46006	14
46007	14
46008	13
46009	15
46010	14
46011	13
46012	12
46013	13
46014	14
46015	14
46016	13
46017	13
46018	12
46019	13
46020	13
46021	12
46022	12
46023	11
46024	11
46025	12
46026	12
46027	13
46028	13
46029	12
46030	14
46031	13
46032	12
46033	11
46034	13
46035	14
45910
870804900
