1	1
2	4
3	5
4	5
5	6
6	8
7	9
8	9
9	10
10	12
11	13
12	13
13	13
14	13
15	14
16	16
17	17
18	17
19	18
20	20
21	21
22	21
23	22
24	24
25	25
26	25
27	25
28	25
29	26
30	28
31	29
32	29
33	30
34	32
35	33
36	33
37	34
38	36
39	37
40	37
41	37
42	37
43	37
44	37
45	38
46	38
47	39
48	39
49	40
50	42
51	43
52	43
53	44
54	46
55	47
56	47
57	48
58	49
59	50
60	50
61	51
62	51
63	52
64	54
65	55
66	55
67	56
68	58
69	59
70	59
71	60
72	61
73	62
74	62
75	63
76	63
77	64
78	66
79	67
80	67
81	68
82	70
83	71
84	71
85	72
86	72
87	73
88	73
89	74
90	74
91	75
92	75
93	76
94	78
95	79
96	79
97	80
98	82
99	83
100	83
101	84
102	86
103	87
104	87
105	87
106	87
107	88
108	90
109	91
110	91
111	92
112	94
113	95
114	95
115	96
116	98
117	99
118	99
119	99
120	99
121	100
122	102
123	103
124	103
125	104
126	106
127	107
128	107
129	108
130	110
131	111
132	111
133	111
134	111
135	111
136	111
137	112
138	112
139	113
140	113
141	114
142	116
143	117
144	117
145	118
146	120
147	121
148	121
149	122
150	123
151	124
152	124
153	125
154	125
155	126
156	128
157	129
158	129
159	130
160	132
161	133
162	133
163	134
164	135
165	136
166	136
167	137
168	137
169	138
170	140
171	141
172	141
173	142
174	144
175	145
176	145
177	146
178	146
179	147
180	147
181	148
182	148
183	149
184	149
185	150
186	152
187	153
188	153
189	154
190	156
191	157
192	157
193	158
194	160
195	161
196	161
197	161
198	161
199	162
200	164
201	165
202	165
203	166
204	168
205	169
206	169
207	170
208	172
209	173
210	173
211	173
212	173
213	174
214	176
215	177
216	177
217	178
218	180
219	181
220	181
221	182
222	184
223	185
224	185
225	185
226	185
227	185
228	185
229	186
230	186
231	187
232	187
233	188
234	190
235	191
236	191
237	192
238	194
239	195
240	195
241	196
242	197
243	198
244	198
245	199
246	199
247	200
248	202
249	203
250	203
251	204
252	206
253	207
254	207
255	208
256	209
257	210
258	210
259	211
260	211
261	212
262	214
263	215
264	215
265	216
266	218
267	219
268	219
269	220
270	220
271	221
272	221
273	222
274	222
275	223
276	223
277	224
278	226
279	227
280	227
281	228
282	230
283	231
284	231
285	232
286	234
287	235
288	235
289	235
290	235
291	236
292	238
293	239
294	239
295	240
296	242
297	243
298	243
299	244
300	246
301	247
302	247
303	247
304	247
305	248
306	250
307	251
308	251
309	252
310	254
311	255
312	255
313	256
314	258
315	259
316	259
317	259
318	259
319	259
320	259
321	260
322	260
323	261
324	261
325	262
326	264
327	265
328	265
329	266
330	268
331	269
332	269
333	270
334	271
335	272
336	272
337	273
338	273
339	274
340	276
341	277
342	277
343	278
344	280
345	281
346	281
347	282
348	283
349	284
350	284
351	285
352	285
353	286
354	288
355	289
356	289
357	290
358	292
359	293
360	293
361	294
362	294
363	295
364	295
365	296
366	296
367	297
368	297
369	298
370	300
371	301
372	301
373	302
374	304
375	305
376	305
377	306
378	308
379	309
380	309
381	309
382	309
383	310
384	312
385	313
386	313
387	314
388	316
389	317
390	317
391	318
392	320
393	321
394	321
395	321
396	321
397	322
398	324
399	325
400	325
401	326
402	328
403	329
404	329
405	330
406	332
407	333
408	333
409	333
410	333
411	333
412	333
413	334
414	334
415	335
416	335
417	336
418	338
419	339
420	339
421	340
422	342
423	343
424	343
425	344
426	345
427	346
428	346
429	347
430	347
431	348
432	350
433	351
434	351
435	352
436	354
437	355
438	355
439	356
440	357
441	358
442	358
443	359
444	359
445	360
446	362
447	363
448	363
449	364
450	366
451	367
452	367
453	368
454	368
455	369
456	369
457	370
458	370
459	371
460	371
461	372
462	374
463	375
464	375
465	376
466	378
467	379
468	379
469	380
470	382
471	383
472	383
473	383
474	383
475	384
476	386
477	387
478	387
479	388
480	390
481	391
482	391
483	392
484	394
485	395
486	395
487	395
488	395
489	396
490	398
491	399
492	399
493	400
494	402
495	403
496	403
497	404
498	406
499	407
500	407
501	407
502	407
503	407
504	407
505	408
506	408
507	409
508	409
509	410
510	412
511	413
512	413
513	414
514	416
515	417
516	417
517	418
518	419
519	420
520	420
521	421
522	421
523	422
524	424
525	425
526	425
527	426
528	428
529	429
530	429
531	430
532	431
533	432
534	432
535	433
536	433
537	434
538	436
539	437
540	437
541	438
542	440
543	441
544	441
545	442
546	442
547	443
548	443
549	444
550	444
551	445
552	445
553	445
554	445
555	446
556	448
557	449
558	449
559	450
560	452
561	453
562	453
563	454
564	456
565	457
566	457
567	457
568	457
569	458
570	460
571	461
572	461
573	462
574	464
575	465
576	465
577	466
578	468
579	469
580	469
581	469
582	469
583	470
584	472
585	473
586	473
587	474
588	476
589	477
590	477
591	478
592	480
593	481
594	481
595	481
596	480
597	480
598	481
599	483
600	484
601	484
602	485
603	487
604	488
605	488
606	489
607	491
608	492
609	492
610	492
611	492
612	493
613	495
614	496
615	496
616	497
617	499
618	500
619	500
620	501
621	503
622	504
623	504
624	504
625	504
626	505
627	507
628	508
629	508
630	509
631	511
632	512
633	512
634	513
635	515
636	516
637	516
638	516
639	516
640	516
641	516
642	517
643	517
644	518
645	518
646	519
647	521
648	522
649	522
650	523
651	525
652	526
653	526
654	527
655	528
656	529
657	529
658	530
659	530
660	531
661	533
662	534
663	534
664	535
665	537
666	538
667	538
668	539
669	540
670	541
671	541
672	542
673	542
674	543
675	545
676	546
677	546
678	547
679	549
680	550
681	550
682	551
683	551
684	552
685	552
686	553
687	553
688	554
689	554
690	555
691	557
692	558
693	558
694	559
695	561
696	562
697	562
698	563
699	565
700	566
701	566
702	566
703	566
704	567
705	569
706	570
707	570
708	571
709	573
710	574
711	574
712	575
713	577
714	578
715	578
716	578
717	578
718	579
719	581
720	582
721	582
722	583
723	585
724	586
725	586
726	587
727	589
728	590
729	590
730	590
731	590
732	590
733	590
734	591
735	591
736	592
737	592
738	593
739	595
740	596
741	596
742	597
743	599
744	600
745	600
746	601
747	602
748	603
749	603
750	604
751	604
752	605
753	607
754	608
755	608
756	609
757	611
758	612
759	612
760	613
761	614
762	615
763	615
764	616
765	616
766	617
767	619
768	620
769	620
770	621
771	623
772	624
773	624
774	625
775	625
776	626
777	626
778	627
779	627
780	628
781	628
782	629
783	631
784	632
785	632
786	633
787	635
788	636
789	636
790	637
791	639
792	640
793	640
794	640
795	640
796	641
797	643
798	644
799	644
800	645
801	647
802	648
803	648
804	649
805	651
806	652
807	652
808	652
809	652
810	653
811	655
812	656
813	656
814	657
815	659
816	660
817	660
818	661
819	663
820	664
821	664
822	664
823	664
824	664
825	664
826	665
827	665
828	666
829	666
830	667
831	669
832	670
833	670
834	671
835	673
836	674
837	674
838	675
839	676
840	677
841	677
842	678
843	678
844	679
845	681
846	682
847	682
848	683
849	685
850	686
851	686
852	687
853	688
854	689
855	689
856	690
857	690
858	691
859	693
860	694
861	694
862	695
863	697
864	698
865	698
866	699
867	699
868	700
869	700
870	701
871	701
872	702
873	702
874	703
875	705
876	706
877	706
878	707
879	709
880	710
881	710
882	711
883	713
884	714
885	714
886	714
887	714
888	715
889	717
890	718
891	718
892	719
893	721
894	722
895	722
896	723
897	725
898	726
899	726
900	726
901	726
902	727
903	729
904	730
905	730
906	731
907	733
908	734
909	734
910	735
911	737
912	738
913	738
914	738
915	738
916	738
917	738
918	739
919	739
920	740
921	740
922	741
923	743
924	744
925	744
926	745
927	747
928	748
929	748
930	749
931	750
932	751
933	751
934	752
935	752
936	753
937	755
938	756
939	756
940	757
941	759
942	760
943	760
944	761
945	762
946	763
947	763
948	764
949	764
950	765
951	767
952	768
953	768
954	769
955	771
956	772
957	772
958	773
959	773
960	774
961	774
962	775
963	775
964	776
965	776
966	777
967	779
968	780
969	780
970	781
971	783
972	784
973	784
974	785
975	787
976	788
977	788
978	788
979	788
980	789
981	791
982	792
983	792
984	793
985	795
986	796
987	796
988	797
989	799
990	800
991	800
992	800
993	800
994	801
995	803
996	804
997	804
998	805
999	807
1000	808
1001	808
1002	809
1003	811
1004	812
1005	812
1006	812
1007	812
1008	812
1009	812
1010	813
1011	813
1012	814
1013	814
1014	815
1015	817
1016	818
1017	818
1018	819
1019	821
1020	822
1021	822
1022	823
1023	824
1024	825
1025	825
1026	826
1027	826
1028	827
1029	829
1030	830
1031	830
1032	831
1033	833
1034	834
1035	834
1036	835
1037	836
1038	837
1039	837
1040	838
1041	838
1042	839
1043	841
1044	842
1045	842
1046	843
1047	845
1048	846
1049	846
1050	847
1051	847
1052	848
1053	847
1054	847
1055	848
1056	848
1057	849
1058	849
1059	850
1060	852
1061	853
1062	853
1063	854
1064	856
1065	857
1066	857
1067	858
1068	859
1069	860
1070	860
1071	861
1072	861
1073	862
1074	864
1075	865
1076	865
1077	866
1078	868
1079	869
1080	869
1081	870
1082	871
1083	872
1084	872
1085	873
1086	873
1087	874
1088	876
1089	877
1090	877
1091	878
1092	880
1093	881
1094	881
1095	882
1096	882
1097	883
1098	883
1099	884
1100	884
1101	885
1102	885
1103	886
1104	888
1105	889
1106	889
1107	890
1108	892
1109	893
1110	893
1111	894
1112	896
1113	897
1114	897
1115	897
1116	897
1117	898
1118	900
1119	901
1120	901
1121	902
1122	904
1123	905
1124	905
1125	906
1126	908
1127	909
1128	909
1129	909
1130	909
1131	910
1132	912
1133	913
1134	913
1135	914
1136	916
1137	917
1138	917
1139	918
1140	920
1141	921
1142	921
1143	921
1144	921
1145	921
1146	921
1147	922
1148	922
1149	923
1150	923
1151	924
1152	926
1153	927
1154	927
1155	928
1156	930
1157	931
1158	931
1159	932
1160	933
1161	934
1162	934
1163	935
1164	935
1165	936
1166	938
1167	939
1168	939
1169	940
1170	942
1171	943
1172	943
1173	944
1174	945
1175	946
1176	946
1177	947
1178	947
1179	948
1180	950
1181	951
1182	951
1183	952
1184	954
1185	955
1186	955
1187	956
1188	956
1189	957
1190	956
1191	956
1192	957
1193	957
1194	958
1195	958
1196	959
1197	961
1198	962
1199	962
1200	963
1201	965
1202	966
1203	966
1204	967
1205	968
1206	969
1207	969
1208	970
1209	970
1210	971
1211	973
1212	974
1213	974
1214	975
1215	977
1216	978
1217	978
1218	979
1219	980
1220	981
1221	981
1222	982
1223	982
1224	983
1225	985
1226	986
1227	986
1228	987
1229	989
1230	990
1231	990
1232	991
1233	991
1234	992
1235	992
1236	993
1237	993
1238	994
1239	994
1240	994
1241	994
1242	995
1243	997
1244	998
1245	998
1246	999
1247	1001
1248	1002
1249	1002
1250	1003
1251	1005
1252	1006
1253	1006
1254	1006
1255	1006
1256	1007
1257	1009
1258	1010
1259	1010
1260	1011
1261	1013
1262	1014
1263	1014
1264	1015
1265	1017
1266	1018
1267	1018
1268	1018
1269	1018
1270	1019
1271	1021
1272	1022
1273	1022
1274	1023
1275	1025
1276	1026
1277	1026
1278	1027
1279	1029
1280	1030
1281	1030
1282	1030
1283	1029
1284	1029
1285	1030
1286	1032
1287	1033
1288	1033
1289	1034
1290	1036
1291	1037
1292	1037
1293	1038
1294	1040
1295	1041
1296	1041
1297	1041
1298	1041
1299	1042
1300	1044
1301	1045
1302	1045
1303	1046
1304	1048
1305	1049
1306	1049
1307	1050
1308	1052
1309	1053
1310	1053
1311	1053
1312	1053
1313	1054
1314	1056
1315	1057
1316	1057
1317	1058
1318	1060
1319	1061
1320	1061
1321	1062
1322	1064
1323	1065
1324	1065
1325	1065
1326	1065
1327	1065
1328	1065
1329	1066
1330	1066
1331	1067
1332	1067
1333	1068
1334	1070
1335	1071
1336	1071
1337	1072
1338	1074
1339	1075
1340	1075
1341	1076
1342	1077
1343	1078
1344	1078
1345	1079
1346	1079
1347	1080
1348	1082
1349	1083
1350	1083
1351	1084
1352	1086
1353	1087
1354	1087
1355	1088
1356	1089
1357	1090
1358	1090
1359	1091
1360	1091
1361	1092
1362	1094
1363	1095
1364	1095
1365	1096
1366	1098
1367	1099
1368	1099
1369	1100
1370	1100
1371	1101
1372	1101
1373	1102
1374	1102
1375	1103
1376	1103
1377	1104
1378	1106
1379	1107
1380	1107
1381	1108
1382	1110
1383	1111
1384	1111
1385	1112
1386	1114
1387	1115
1388	1115
1389	1115
1390	1115
1391	1116
1392	1118
1393	1119
1394	1119
1395	1120
1396	1122
1397	1123
1398	1123
1399	1124
1400	1126
1401	1127
1402	1127
1403	1127
1404	1127
1405	1128
1406	1130
1407	1131
1408	1131
1409	1132
1410	1134
1411	1135
1412	1135
1413	1136
1414	1138
1415	1139
1416	1139
1417	1139
1418	1139
1419	1139
1420	1139
1421	1140
1422	1140
1423	1141
1424	1141
1425	1142
1426	1144
1427	1145
1428	1145
1429	1146
1430	1148
1431	1149
1432	1149
1433	1150
1434	1151
1435	1152
1436	1152
1437	1153
1438	1153
1439	1154
1440	1156
1441	1157
1442	1157
1443	1158
1444	1160
1445	1161
1446	1161
1447	1162
1448	1163
1449	1164
1450	1164
1451	1165
1452	1165
1453	1166
1454	1168
1455	1169
1456	1169
1457	1170
1458	1172
1459	1173
1460	1173
1461	1174
1462	1174
1463	1175
1464	1175
1465	1176
1466	1176
1467	1177
1468	1177
1469	1178
1470	1180
1471	1181
1472	1181
1473	1182
1474	1184
1475	1185
1476	1185
1477	1186
1478	1188
1479	1189
1480	1189
1481	1189
1482	1189
1483	1190
1484	1192
1485	1193
1486	1193
1487	1194
1488	1196
1489	1197
1490	1197
1491	1198
1492	1200
1493	1201
1494	1201
1495	1201
1496	1201
1497	1202
1498	1204
1499	1205
1500	1205
1501	1206
1502	1208
1503	1209
1504	1209
1505	1210
1506	1212
1507	1213
1508	1213
1509	1213
1510	1213
1511	1213
1512	1213
1513	1214
1514	1214
1515	1215
1516	1215
1517	1216
1518	1218
1519	1219
1520	1219
1521	1220
1522	1222
1523	1223
1524	1223
1525	1224
1526	1225
1527	1226
1528	1226
1529	1227
1530	1227
1531	1228
1532	1230
1533	1231
1534	1231
1535	1232
1536	1234
1537	1235
1538	1235
1539	1236
1540	1237
1541	1238
1542	1238
1543	1239
1544	1239
1545	1240
1546	1242
1547	1243
1548	1243
1549	1244
1550	1246
1551	1247
1552	1247
1553	1248
1554	1248
1555	1249
1556	1249
1557	1250
1558	1250
1559	1251
1560	1251
1561	1252
1562	1254
1563	1255
1564	1255
1565	1256
1566	1258
1567	1259
1568	1259
1569	1260
1570	1262
1571	1263
1572	1263
1573	1263
1574	1263
1575	1264
1576	1266
1577	1267
1578	1267
1579	1268
1580	1270
1581	1271
1582	1271
1583	1272
1584	1274
1585	1275
1586	1275
1587	1275
1588	1275
1589	1276
1590	1278
1591	1279
1592	1279
1593	1280
1594	1282
1595	1283
1596	1283
1597	1284
1598	1286
1599	1287
1600	1287
1601	1287
1602	1287
1603	1287
1604	1287
1605	1288
1606	1288
1607	1289
1608	1289
1609	1290
1610	1292
1611	1293
1612	1293
1613	1294
1614	1296
1615	1297
1616	1297
1617	1298
1618	1299
1619	1300
1620	1300
1621	1301
1622	1301
1623	1302
1624	1304
1625	1305
1626	1305
1627	1306
1628	1308
1629	1309
1630	1309
1631	1310
1632	1311
1633	1312
1634	1312
1635	1313
1636	1313
1637	1314
1638	1316
1639	1317
1640	1317
1641	1318
1642	1320
1643	1321
1644	1321
1645	1322
1646	1322
1647	1323
1648	1323
1649	1324
1650	1324
1651	1325
1652	1325
1653	1326
1654	1328
1655	1329
1656	1329
1657	1330
1658	1332
1659	1333
1660	1333
1661	1334
1662	1336
1663	1337
1664	1337
1665	1337
1666	1337
1667	1338
1668	1340
1669	1341
1670	1341
1671	1342
1672	1344
1673	1345
1674	1345
1675	1346
1676	1348
1677	1349
1678	1349
1679	1349
1680	1349
1681	1350
1682	1352
1683	1353
1684	1353
1685	1354
1686	1356
1687	1357
1688	1357
1689	1358
1690	1360
1691	1361
1692	1361
1693	1361
1694	1361
1695	1361
1696	1361
1697	1362
1698	1362
1699	1363
1700	1363
1701	1364
1702	1366
1703	1367
1704	1367
1705	1368
1706	1370
1707	1371
1708	1371
1709	1372
1710	1373
1711	1374
1712	1374
1713	1375
1714	1375
1715	1376
1716	1378
1717	1379
1718	1379
1719	1380
1720	1382
1721	1383
1722	1383
1723	1384
1724	1385
1725	1386
1726	1386
1727	1387
1728	1387
1729	1388
1730	1390
1731	1391
1732	1391
1733	1392
1734	1394
1735	1395
1736	1395
1737	1396
1738	1396
1739	1397
1740	1397
1741	1398
1742	1398
1743	1399
1744	1399
1745	1400
1746	1402
1747	1403
1748	1403
1749	1404
1750	1406
1751	1407
1752	1407
1753	1408
1754	1410
1755	1411
1756	1411
1757	1411
1758	1411
1759	1412
1760	1414
1761	1415
1762	1415
1763	1416
1764	1418
1765	1419
1766	1419
1767	1420
1768	1422
1769	1423
1770	1423
1771	1423
1772	1423
1773	1424
1774	1426
1775	1427
1776	1427
1777	1428
1778	1430
1779	1431
1780	1431
1781	1432
1782	1434
1783	1435
1784	1435
1785	1435
1786	1435
1787	1435
1788	1435
1789	1435
1790	1435
1791	1436
1792	1436
1793	1437
1794	1439
1795	1440
1796	1440
1797	1441
1798	1443
1799	1444
1800	1444
1801	1445
1802	1446
1803	1447
1804	1447
1805	1448
1806	1448
1807	1449
1808	1451
1809	1452
1810	1452
1811	1453
1812	1455
1813	1456
1814	1456
1815	1457
1816	1458
1817	1459
1818	1458
1819	1457
1820	1458
1821	1458
1822	1459
1823	1459
1824	1460
1825	1460
1826	1461
1827	1463
1828	1464
1829	1464
1830	1465
1831	1467
1832	1468
1833	1468
1834	1469
1835	1471
1836	1472
1837	1472
1838	1472
1839	1472
1840	1473
1841	1475
1842	1476
1843	1476
1844	1477
1845	1479
1846	1480
1847	1480
1848	1481
1849	1483
1850	1484
1851	1484
1852	1484
1853	1484
1854	1485
1855	1487
1856	1488
1857	1488
1858	1489
1859	1491
1860	1492
1861	1492
1862	1493
1863	1495
1864	1496
1865	1496
1866	1496
1867	1496
1868	1496
1869	1496
1870	1497
1871	1497
1872	1498
1873	1498
1874	1499
1875	1501
1876	1502
1877	1502
1878	1503
1879	1505
1880	1506
1881	1506
1882	1507
1883	1508
1884	1509
1885	1509
1886	1510
1887	1510
1888	1511
1889	1513
1890	1514
1891	1514
1892	1515
1893	1517
1894	1518
1895	1518
1896	1519
1897	1520
1898	1521
1899	1521
1900	1522
1901	1522
1902	1523
1903	1525
1904	1526
1905	1526
1906	1527
1907	1529
1908	1530
1909	1530
1910	1531
1911	1531
1912	1532
1913	1532
1914	1533
1915	1533
1916	1534
1917	1534
1918	1534
1919	1534
1920	1535
1921	1537
1922	1538
1923	1538
1924	1539
1925	1541
1926	1542
1927	1542
1928	1543
1929	1545
1930	1546
1931	1546
1932	1546
1933	1546
1934	1547
1935	1549
1936	1550
1937	1550
1938	1551
1939	1553
1940	1554
1941	1554
1942	1555
1943	1557
1944	1558
1945	1558
1946	1558
1947	1558
1948	1559
1949	1561
1950	1562
1951	1562
1952	1563
1953	1565
1954	1566
1955	1566
1956	1567
1957	1569
1958	1570
1959	1570
1960	1570
1961	1569
1962	1569
1963	1570
1964	1572
1965	1573
1966	1573
1967	1574
1968	1576
1969	1577
1970	1577
1971	1578
1972	1580
1973	1581
1974	1581
1975	1581
1976	1581
1977	1582
1978	1584
1979	1585
1980	1585
1981	1586
1982	1588
1983	1589
1984	1589
1985	1590
1986	1592
1987	1593
1988	1593
1989	1593
1990	1593
1991	1594
1992	1596
1993	1597
1994	1597
1995	1598
1996	1600
1997	1601
1998	1601
1999	1602
2000	1604
2001	1605
2002	1605
2003	1605
2004	1605
2005	1605
2006	1605
2007	1606
2008	1606
2009	1607
2010	1607
2011	1608
2012	1610
2013	1611
2014	1611
2015	1612
2016	1614
2017	1615
2018	1615
2019	1616
2020	1617
2021	1618
2022	1618
2023	1619
2024	1619
2025	1620
2026	1622
2027	1623
2028	1623
2029	1624
2030	1626
2031	1627
2032	1627
2033	1628
2034	1629
2035	1630
2036	1630
2037	1631
2038	1631
2039	1632
2040	1634
2041	1635
2042	1635
2043	1636
2044	1638
2045	1639
2046	1639
2047	1640
2048	1640
2049	1641
2050	1641
2051	1642
2052	1642
2053	1643
2054	1643
2055	1644
2056	1646
2057	1647
2058	1647
2059	1648
2060	1650
2061	1651
2062	1651
2063	1652
2064	1654
2065	1655
2066	1655
2067	1655
2068	1655
2069	1656
2070	1658
2071	1659
2072	1659
2073	1660
2074	1662
2075	1663
2076	1663
2077	1664
2078	1666
2079	1667
2080	1667
2081	1667
2082	1667
2083	1668
2084	1670
2085	1671
2086	1671
2087	1672
2088	1674
2089	1675
2090	1675
2091	1676
2092	1678
2093	1679
2094	1679
2095	1679
2096	1679
2097	1679
2098	1679
2099	1680
2100	1680
2101	1681
2102	1681
2103	1682
2104	1684
2105	1685
2106	1685
2107	1686
2108	1688
2109	1689
2110	1689
2111	1690
2112	1691
2113	1692
2114	1692
2115	1693
2116	1693
2117	1694
2118	1696
2119	1697
2120	1697
2121	1698
2122	1700
2123	1701
2124	1701
2125	1702
2126	1703
2127	1704
2128	1704
2129	1705
2130	1705
2131	1706
2132	1708
2133	1709
2134	1709
2135	1710
2136	1712
2137	1713
2138	1713
2139	1714
2140	1714
2141	1715
2142	1715
2143	1716
2144	1716
2145	1717
2146	1717
2147	1718
2148	1720
2149	1721
2150	1721
2151	1722
2152	1724
2153	1725
2154	1725
2155	1726
2156	1728
2157	1729
2158	1729
2159	1729
2160	1729
2161	1730
2162	1732
2163	1733
2164	1733
2165	1734
2166	1736
2167	1737
2168	1737
2169	1738
2170	1740
2171	1741
2172	1741
2173	1741
2174	1741
2175	1742
2176	1744
2177	1745
2178	1745
2179	1746
2180	1748
2181	1749
2182	1749
2183	1750
2184	1752
2185	1753
2186	1753
2187	1753
2188	1753
2189	1753
2190	1753
2191	1754
2192	1754
2193	1755
2194	1755
2195	1756
2196	1758
2197	1759
2198	1759
2199	1760
2200	1762
2201	1763
2202	1763
2203	1764
2204	1765
2205	1766
2206	1766
2207	1767
2208	1767
2209	1768
2210	1770
2211	1771
2212	1771
2213	1772
2214	1774
2215	1775
2216	1775
2217	1776
2218	1777
2219	1778
2220	1778
2221	1779
2222	1779
2223	1780
2224	1782
2225	1783
2226	1783
2227	1784
2228	1786
2229	1787
2230	1787
2231	1788
2232	1788
2233	1789
2234	1789
2235	1790
2236	1790
2237	1791
2238	1791
2239	1792
2240	1794
2241	1795
2242	1795
2243	1796
2244	1798
2245	1799
2246	1799
2247	1800
2248	1802
2249	1803
2250	1803
2251	1803
2252	1803
2253	1804
2254	1806
2255	1807
2256	1807
2257	1808
2258	1810
2259	1811
2260	1811
2261	1812
2262	1814
2263	1815
2264	1815
2265	1815
2266	1815
2267	1816
2268	1818
2269	1819
2270	1819
2271	1820
2272	1822
2273	1823
2274	1823
2275	1824
2276	1826
2277	1827
2278	1827
2279	1827
2280	1827
2281	1827
2282	1827
2283	1828
2284	1828
2285	1829
2286	1829
2287	1830
2288	1832
2289	1833
2290	1833
2291	1834
2292	1836
2293	1837
2294	1837
2295	1838
2296	1839
2297	1840
2298	1840
2299	1841
2300	1841
2301	1842
2302	1844
2303	1845
2304	1845
2305	1846
2306	1848
2307	1849
2308	1849
2309	1850
2310	1851
2311	1852
2312	1852
2313	1853
2314	1853
2315	1854
2316	1856
2317	1857
2318	1857
2319	1858
2320	1860
2321	1861
2322	1861
2323	1862
2324	1862
2325	1863
2326	1863
2327	1864
2328	1864
2329	1865
2330	1865
2331	1866
2332	1868
2333	1869
2334	1869
2335	1870
2336	1872
2337	1873
2338	1873
2339	1874
2340	1876
2341	1877
2342	1877
2343	1877
2344	1877
2345	1878
2346	1880
2347	1881
2348	1881
2349	1882
2350	1884
2351	1885
2352	1885
2353	1886
2354	1888
2355	1889
2356	1889
2357	1889
2358	1889
2359	1890
2360	1892
2361	1893
2362	1893
2363	1894
2364	1896
2365	1897
2366	1897
2367	1898
2368	1900
2369	1901
2370	1901
2371	1901
2372	1901
2373	1901
2374	1901
2375	1902
2376	1902
2377	1903
2378	1903
2379	1904
2380	1906
2381	1907
2382	1907
2383	1908
2384	1910
2385	1911
2386	1911
2387	1912
2388	1913
2389	1914
2390	1914
2391	1915
2392	1915
2393	1916
2394	1918
2395	1919
2396	1919
2397	1920
2398	1922
2399	1923
2400	1923
2401	1924
2402	1925
2403	1926
2404	1926
2405	1927
2406	1927
2407	1928
2408	1930
2409	1931
2410	1931
2411	1932
2412	1934
2413	1935
2414	1935
2415	1936
2416	1936
2417	1937
2418	1937
2419	1938
2420	1938
2421	1939
2422	1939
2423	1939
2424	1939
2425	1939
2426	1939
2427	1940
2428	1940
2429	1941
2430	1941
2431	1942
2432	1944
2433	1945
2434	1945
2435	1946
2436	1948
2437	1949
2438	1949
2439	1950
2440	1952
2441	1953
2442	1953
2443	1953
2444	1953
2445	1954
2446	1956
2447	1957
2448	1957
2449	1958
2450	1960
2451	1961
2452	1961
2453	1962
2454	1964
2455	1965
2456	1965
2457	1965
2458	1965
2459	1966
2460	1968
2461	1969
2462	1969
2463	1970
2464	1972
2465	1973
2466	1973
2467	1974
2468	1976
2469	1977
2470	1977
2471	1977
2472	1977
2473	1977
2474	1977
2475	1978
2476	1978
2477	1979
2478	1979
2479	1980
2480	1982
2481	1983
2482	1983
2483	1984
2484	1986
2485	1987
2486	1987
2487	1988
2488	1989
2489	1990
2490	1990
2491	1991
2492	1991
2493	1992
2494	1994
2495	1995
2496	1995
2497	1996
2498	1998
2499	1999
2500	1999
2501	2000
2502	2001
2503	2002
2504	2002
2505	2003
2506	2003
2507	2004
2508	2006
2509	2007
2510	2007
2511	2008
2512	2010
2513	2011
2514	2011
2515	2012
2516	2012
2517	2013
2518	2013
2519	2014
2520	2014
2521	2015
2522	2015
2523	2016
2524	2018
2525	2019
2526	2019
2527	2020
2528	2022
2529	2023
2530	2023
2531	2024
2532	2026
2533	2027
2534	2027
2535	2027
2536	2027
2537	2028
2538	2030
2539	2031
2540	2031
2541	2032
2542	2034
2543	2035
2544	2035
2545	2036
2546	2038
2547	2039
2548	2039
2549	2039
2550	2039
2551	2040
2552	2042
2553	2043
2554	2043
2555	2044
2556	2046
2557	2047
2558	2047
2559	2048
2560	2050
2561	2051
2562	2051
2563	2051
2564	2051
2565	2051
2566	2051
2567	2052
2568	2052
2569	2053
2570	2053
2571	2054
2572	2056
2573	2057
2574	2057
2575	2058
2576	2060
2577	2061
2578	2061
2579	2062
2580	2063
2581	2064
2582	2063
2583	2063
2584	2064
2585	2066
2586	2067
2587	2067
2588	2068
2589	2070
2590	2071
2591	2071
2592	2072
2593	2074
2594	2075
2595	2075
2596	2075
2597	2075
2598	2076
2599	2078
2600	2079
2601	2079
2602	2080
2603	2082
2604	2083
2605	2083
2606	2084
2607	2086
2608	2087
2609	2087
2610	2087
2611	2087
2612	2088
2613	2090
2614	2091
2615	2091
2616	2092
2617	2094
2618	2095
2619	2095
2620	2096
2621	2098
2622	2099
2623	2099
2624	2099
2625	2098
2626	2098
2627	2099
2628	2101
2629	2102
2630	2102
2631	2103
2632	2105
2633	2106
2634	2106
2635	2107
2636	2109
2637	2110
2638	2110
2639	2110
2640	2110
2641	2111
2642	2113
2643	2114
2644	2114
2645	2115
2646	2117
2647	2118
2648	2118
2649	2119
2650	2121
2651	2122
2652	2122
2653	2122
2654	2122
2655	2123
2656	2125
2657	2126
2658	2126
2659	2127
2660	2129
2661	2130
2662	2130
2663	2131
2664	2133
2665	2134
2666	2134
2667	2134
2668	2134
2669	2134
2670	2134
2671	2135
2672	2135
2673	2136
2674	2136
2675	2137
2676	2139
2677	2140
2678	2140
2679	2141
2680	2143
2681	2144
2682	2144
2683	2145
2684	2146
2685	2147
2686	2147
2687	2148
2688	2148
2689	2149
2690	2151
2691	2152
2692	2152
2693	2153
2694	2155
2695	2156
2696	2156
2697	2157
2698	2158
2699	2159
2700	2159
2701	2160
2702	2160
2703	2161
2704	2163
2705	2164
2706	2164
2707	2165
2708	2167
2709	2168
2710	2168
2711	2169
2712	2169
2713	2170
2714	2170
2715	2171
2716	2171
2717	2172
2718	2172
2719	2173
2720	2175
2721	2176
2722	2176
2723	2177
2724	2179
2725	2180
2726	2180
2727	2181
2728	2183
2729	2184
2730	2184
2731	2184
2732	2184
2733	2185
2734	2187
2735	2188
2736	2188
2737	2189
2738	2191
2739	2192
2740	2192
2741	2193
2742	2195
2743	2196
2744	2196
2745	2196
2746	2196
2747	2197
2748	2199
2749	2200
2750	2200
2751	2201
2752	2203
2753	2204
2754	2204
2755	2205
2756	2207
2757	2208
2758	2208
2759	2208
2760	2208
2761	2208
2762	2208
2763	2209
2764	2209
2765	2210
2766	2210
2767	2211
2768	2213
2769	2214
2770	2214
2771	2215
2772	2217
2773	2218
2774	2218
2775	2219
2776	2220
2777	2221
2778	2221
2779	2222
2780	2222
2781	2223
2782	2225
2783	2226
2784	2226
2785	2227
2786	2229
2787	2230
2788	2230
2789	2231
2790	2232
2791	2233
2792	2233
2793	2234
2794	2234
2795	2235
2796	2237
2797	2238
2798	2238
2799	2239
2800	2241
2801	2242
2802	2242
2803	2243
2804	2243
2805	2244
2806	2244
2807	2245
2808	2245
2809	2246
2810	2246
2811	2247
2812	2249
2813	2250
2814	2250
2815	2251
2816	2253
2817	2254
2818	2254
2819	2255
2820	2257
2821	2258
2822	2258
2823	2258
2824	2258
2825	2259
2826	2261
2827	2262
2828	2262
2829	2263
2830	2265
2831	2266
2832	2266
2833	2267
2834	2269
2835	2270
2836	2270
2837	2270
2838	2270
2839	2271
2840	2273
2841	2274
2842	2274
2843	2275
2844	2277
2845	2278
2846	2278
2847	2279
2848	2281
2849	2282
2850	2282
2851	2282
2852	2282
2853	2282
2854	2282
2855	2283
2856	2283
2857	2284
2858	2284
2859	2285
2860	2287
2861	2288
2862	2288
2863	2289
2864	2291
2865	2292
2866	2292
2867	2293
2868	2294
2869	2295
2870	2295
2871	2296
2872	2296
2873	2297
2874	2299
2875	2300
2876	2300
2877	2301
2878	2303
2879	2304
2880	2304
2881	2305
2882	2306
2883	2307
2884	2307
2885	2308
2886	2308
2887	2309
2888	2311
2889	2312
2890	2312
2891	2313
2892	2315
2893	2316
2894	2316
2895	2317
2896	2317
2897	2318
2898	2318
2899	2319
2900	2319
2901	2320
2902	2320
2903	2321
2904	2323
2905	2324
2906	2324
2907	2325
2908	2327
2909	2328
2910	2328
2911	2329
2912	2331
2913	2332
2914	2332
2915	2332
2916	2332
2917	2333
2918	2335
2919	2336
2920	2336
2921	2337
2922	2339
2923	2340
2924	2340
2925	2341
2926	2343
2927	2344
2928	2344
2929	2344
2930	2344
2931	2345
2932	2347
2933	2348
2934	2348
2935	2349
2936	2351
2937	2352
2938	2352
2939	2353
2940	2355
2941	2356
2942	2356
2943	2356
2944	2356
2945	2356
2946	2356
2947	2357
2948	2357
2949	2358
2950	2358
2951	2359
2952	2361
2953	2362
2954	2362
2955	2363
2956	2365
2957	2366
2958	2366
2959	2367
2960	2368
2961	2369
2962	2369
2963	2370
2964	2370
2965	2371
2966	2373
2967	2374
2968	2374
2969	2375
2970	2377
2971	2378
2972	2378
2973	2379
2974	2380
2975	2381
2976	2381
2977	2382
2978	2382
2979	2383
2980	2385
2981	2386
2982	2386
2983	2387
2984	2389
2985	2390
2986	2390
2987	2391
2988	2391
2989	2392
2990	2392
2991	2393
2992	2393
2993	2394
2994	2394
2995	2395
2996	2397
2997	2398
2998	2398
2999	2399
3000	2401
3001	2402
3002	2402
3003	2403
3004	2405
3005	2406
3006	2406
3007	2406
3008	2406
3009	2407
3010	2409
3011	2410
3012	2410
3013	2411
3014	2413
3015	2414
3016	2414
3017	2415
3018	2417
3019	2418
3020	2418
3021	2418
3022	2418
3023	2419
3024	2421
3025	2422
3026	2422
3027	2423
3028	2425
3029	2426
3030	2426
3031	2427
3032	2429
3033	2430
3034	2430
3035	2430
3036	2430
3037	2430
3038	2430
3039	2431
3040	2431
3041	2432
3042	2432
3043	2433
3044	2435
3045	2436
3046	2436
3047	2437
3048	2439
3049	2440
3050	2440
3051	2441
3052	2442
3053	2443
3054	2443
3055	2444
3056	2444
3057	2445
3058	2447
3059	2448
3060	2448
3061	2449
3062	2451
3063	2452
3064	2452
3065	2453
3066	2454
3067	2455
3068	2455
3069	2456
3070	2456
3071	2457
3072	2459
3073	2460
3074	2460
3075	2461
3076	2463
3077	2464
3078	2464
3079	2465
3080	2465
3081	2466
3082	2466
3083	2467
3084	2467
3085	2468
3086	2468
3087	2469
3088	2471
3089	2472
3090	2472
3091	2473
3092	2475
3093	2476
3094	2476
3095	2477
3096	2479
3097	2480
3098	2480
3099	2480
3100	2480
3101	2481
3102	2483
3103	2484
3104	2484
3105	2485
3106	2487
3107	2488
3108	2488
3109	2489
3110	2491
3111	2492
3112	2492
3113	2492
3114	2492
3115	2493
3116	2495
3117	2496
3118	2496
3119	2497
3120	2499
3121	2500
3122	2500
3123	2501
3124	2503
3125	2504
3126	2504
3127	2504
3128	2504
3129	2504
3130	2504
3131	2504
3132	2504
3133	2505
3134	2505
3135	2506
3136	2508
3137	2509
3138	2509
3139	2510
3140	2512
3141	2513
3142	2513
3143	2514
3144	2515
3145	2516
3146	2516
3147	2517
3148	2517
3149	2518
3150	2520
3151	2521
3152	2521
3153	2522
3154	2524
3155	2525
3156	2525
3157	2526
3158	2527
3159	2528
3160	2527
3161	2527
3162	2528
3163	2530
3164	2531
3165	2531
3166	2532
3167	2534
3168	2535
3169	2535
3170	2536
3171	2538
3172	2539
3173	2539
3174	2539
3175	2539
3176	2540
3177	2542
3178	2543
3179	2543
3180	2544
3181	2546
3182	2547
3183	2547
3184	2548
3185	2550
3186	2551
3187	2551
3188	2551
3189	2551
3190	2552
3191	2554
3192	2555
3193	2555
3194	2556
3195	2558
3196	2559
3197	2559
3198	2560
3199	2562
3200	2563
3201	2563
3202	2563
3203	2562
3204	2562
3205	2563
3206	2565
3207	2566
3208	2566
3209	2567
3210	2569
3211	2570
3212	2570
3213	2571
3214	2573
3215	2574
3216	2574
3217	2574
3218	2574
3219	2575
3220	2577
3221	2578
3222	2578
3223	2579
3224	2581
3225	2582
3226	2582
3227	2583
3228	2585
3229	2586
3230	2586
3231	2586
3232	2586
3233	2587
3234	2589
3235	2590
3236	2590
3237	2591
3238	2593
3239	2594
3240	2594
3241	2595
3242	2597
3243	2598
3244	2598
3245	2598
3246	2598
3247	2598
3248	2598
3249	2599
3250	2599
3251	2600
3252	2600
3253	2601
3254	2603
3255	2604
3256	2604
3257	2605
3258	2607
3259	2608
3260	2608
3261	2609
3262	2610
3263	2611
3264	2611
3265	2612
3266	2612
3267	2613
3268	2615
3269	2616
3270	2616
3271	2617
3272	2619
3273	2620
3274	2620
3275	2621
3276	2622
3277	2623
3278	2623
3279	2624
3280	2624
3281	2625
3282	2627
3283	2628
3284	2628
3285	2629
3286	2631
3287	2632
3288	2632
3289	2633
3290	2633
3291	2634
3292	2634
3293	2635
3294	2635
3295	2636
3296	2636
3297	2637
3298	2639
3299	2640
3300	2640
3301	2641
3302	2643
3303	2644
3304	2644
3305	2645
3306	2647
3307	2648
3308	2648
3309	2648
3310	2648
3311	2649
3312	2651
3313	2652
3314	2652
3315	2653
3316	2655
3317	2656
3318	2656
3319	2657
3320	2659
3321	2660
3322	2660
3323	2660
3324	2660
3325	2661
3326	2663
3327	2664
3328	2664
3329	2665
3330	2667
3331	2668
3332	2668
3333	2669
3334	2671
3335	2672
3336	2672
3337	2672
3338	2672
3339	2672
3340	2672
3341	2673
3342	2673
3343	2674
3344	2674
3345	2675
3346	2677
3347	2678
3348	2678
3349	2679
3350	2681
3351	2682
3352	2682
3353	2683
3354	2684
3355	2685
3356	2685
3357	2686
3358	2686
3359	2687
3360	2689
3361	2690
3362	2690
3363	2691
3364	2693
3365	2694
3366	2694
3367	2695
3368	2696
3369	2697
3370	2697
3371	2698
3372	2698
3373	2699
3374	2701
3375	2702
3376	2702
3377	2703
3378	2705
3379	2706
3380	2706
3381	2707
3382	2707
3383	2708
3384	2708
3385	2709
3386	2709
3387	2710
3388	2710
3389	2711
3390	2713
3391	2714
3392	2714
3393	2715
3394	2717
3395	2718
3396	2718
3397	2719
3398	2721
3399	2722
3400	2722
3401	2722
3402	2722
3403	2723
3404	2725
3405	2726
3406	2726
3407	2727
3408	2729
3409	2730
3410	2730
3411	2731
3412	2733
3413	2734
3414	2734
3415	2734
3416	2734
3417	2735
3418	2737
3419	2738
3420	2738
3421	2739
3422	2741
3423	2742
3424	2742
3425	2743
3426	2745
3427	2746
3428	2746
3429	2746
3430	2746
3431	2746
3432	2746
3433	2747
3434	2747
3435	2748
3436	2748
3437	2749
3438	2751
3439	2752
3440	2752
3441	2753
3442	2755
3443	2756
3444	2756
3445	2757
3446	2758
3447	2759
3448	2759
3449	2760
3450	2760
3451	2761
3452	2763
3453	2764
3454	2764
3455	2765
3456	2767
3457	2768
3458	2768
3459	2769
3460	2770
3461	2771
3462	2771
3463	2772
3464	2772
3465	2773
3466	2775
3467	2776
3468	2776
3469	2777
3470	2779
3471	2780
3472	2780
3473	2781
3474	2781
3475	2782
3476	2782
3477	2783
3478	2783
3479	2784
3480	2784
3481	2785
3482	2787
3483	2788
3484	2788
3485	2789
3486	2791
3487	2792
3488	2792
3489	2793
3490	2795
3491	2796
3492	2796
3493	2796
3494	2796
3495	2797
3496	2799
3497	2800
3498	2800
3499	2801
3500	2803
3501	2804
3502	2804
3503	2805
3504	2807
3505	2808
3506	2808
3507	2808
3508	2808
3509	2809
3510	2811
3511	2812
3512	2812
3513	2813
3514	2815
3515	2816
3516	2816
3517	2817
3518	2819
3519	2820
3520	2820
3521	2820
3522	2820
3523	2820
3524	2820
3525	2821
3526	2821
3527	2822
3528	2822
3529	2823
3530	2825
3531	2826
3532	2826
3533	2827
3534	2829
3535	2830
3536	2830
3537	2831
3538	2832
3539	2833
3540	2833
3541	2834
3542	2834
3543	2835
3544	2837
3545	2838
3546	2838
3547	2839
3548	2841
3549	2842
3550	2842
3551	2843
3552	2844
3553	2845
3554	2845
3555	2846
3556	2846
3557	2847
3558	2849
3559	2850
3560	2850
3561	2851
3562	2853
3563	2854
3564	2854
3565	2855
3566	2855
3567	2856
3568	2856
3569	2857
3570	2857
3571	2858
3572	2858
3573	2859
3574	2861
3575	2862
3576	2862
3577	2863
3578	2865
3579	2866
3580	2866
3581	2867
3582	2869
3583	2870
3584	2870
3585	2870
3586	2870
3587	2871
3588	2873
3589	2874
3590	2874
3591	2875
3592	2877
3593	2878
3594	2878
3595	2879
3596	2881
3597	2882
3598	2882
3599	2882
3600	2882
3601	2883
3602	2885
3603	2886
3604	2886
3605	2887
3606	2889
3607	2890
3608	2890
3609	2891
3610	2893
3611	2894
3612	2894
3613	2894
3614	2894
3615	2894
3616	2894
3617	2895
3618	2895
3619	2896
3620	2896
3621	2897
3622	2899
3623	2900
3624	2900
3625	2901
3626	2903
3627	2904
3628	2904
3629	2905
3630	2906
3631	2907
3632	2907
3633	2908
3634	2908
3635	2909
3636	2911
3637	2912
3638	2912
3639	2913
3640	2915
3641	2916
3642	2916
3643	2917
3644	2918
3645	2919
3646	2919
3647	2920
3648	2920
3649	2921
3650	2923
3651	2924
3652	2924
3653	2925
3654	2927
3655	2928
3656	2928
3657	2929
3658	2929
3659	2930
3660	2930
3661	2931
3662	2931
3663	2932
3664	2932
3665	2933
3666	2935
3667	2936
3668	2936
3669	2937
3670	2939
3671	2940
3672	2940
3673	2941
3674	2943
3675	2944
3676	2944
3677	2944
3678	2944
3679	2945
3680	2947
3681	2948
3682	2948
3683	2949
3684	2951
3685	2952
3686	2952
3687	2953
3688	2955
3689	2956
3690	2956
3691	2956
3692	2956
3693	2957
3694	2959
3695	2960
3696	2960
3697	2961
3698	2963
3699	2964
3700	2964
3701	2965
3702	2967
3703	2968
3704	2968
3705	2968
3706	2968
3707	2968
3708	2968
3709	2968
3710	2968
3711	2969
3712	2969
3713	2970
3714	2972
3715	2973
3716	2973
3717	2974
3718	2976
3719	2977
3720	2977
3721	2978
3722	2979
3723	2980
3724	2980
3725	2981
3726	2981
3727	2982
3728	2984
3729	2985
3730	2985
3731	2986
3732	2988
3733	2989
3734	2989
3735	2990
3736	2991
3737	2992
3738	2991
3739	2991
3740	2992
3741	2994
3742	2995
3743	2995
3744	2996
3745	2998
3746	2999
3747	2999
3748	3000
3749	3002
3750	3003
3751	3003
3752	3003
3753	3003
3754	3004
3755	3006
3756	3007
3757	3007
3758	3008
3759	3010
3760	3011
3761	3011
3762	3012
3763	3014
3764	3015
3765	3015
3766	3015
3767	3015
3768	3016
3769	3018
3770	3019
3771	3019
3772	3020
3773	3022
3774	3023
3775	3023
3776	3024
3777	3026
3778	3027
3779	3027
3780	3027
3781	3026
3782	3026
3783	3027
3784	3029
3785	3030
3786	3030
3787	3031
3788	3033
3789	3034
3790	3034
3791	3035
3792	3037
3793	3038
3794	3038
3795	3038
3796	3038
3797	3039
3798	3041
3799	3042
3800	3042
3801	3043
3802	3045
3803	3046
3804	3046
3805	3047
3806	3049
3807	3050
3808	3050
3809	3050
3810	3050
3811	3051
3812	3053
3813	3054
3814	3054
3815	3055
3816	3057
3817	3058
3818	3058
3819	3059
3820	3061
3821	3062
3822	3062
3823	3062
3824	3062
3825	3062
3826	3062
3827	3063
3828	3063
3829	3064
3830	3064
3831	3065
3832	3067
3833	3068
3834	3068
3835	3069
3836	3071
3837	3072
3838	3072
3839	3073
3840	3074
3841	3075
3842	3075
3843	3076
3844	3076
3845	3077
3846	3079
3847	3080
3848	3080
3849	3081
3850	3083
3851	3084
3852	3084
3853	3085
3854	3086
3855	3087
3856	3087
3857	3088
3858	3088
3859	3089
3860	3091
3861	3092
3862	3092
3863	3093
3864	3095
3865	3096
3866	3096
3867	3097
3868	3097
3869	3098
3870	3098
3871	3099
3872	3099
3873	3100
3874	3100
3875	3101
3876	3103
3877	3104
3878	3104
3879	3105
3880	3107
3881	3108
3882	3108
3883	3109
3884	3111
3885	3112
3886	3112
3887	3112
3888	3112
3889	3113
3890	3115
3891	3116
3892	3116
3893	3117
3894	3119
3895	3120
3896	3120
3897	3121
3898	3123
3899	3124
3900	3124
3901	3124
3902	3124
3903	3125
3904	3127
3905	3128
3906	3128
3907	3129
3908	3131
3909	3132
3910	3132
3911	3133
3912	3135
3913	3136
3914	3136
3915	3136
3916	3136
3917	3136
3918	3136
3919	3137
3920	3137
3921	3138
3922	3138
3923	3139
3924	3141
3925	3142
3926	3142
3927	3143
3928	3145
3929	3146
3930	3146
3931	3147
3932	3148
3933	3149
3934	3149
3935	3150
3936	3150
3937	3151
3938	3153
3939	3154
3940	3154
3941	3155
3942	3157
3943	3158
3944	3158
3945	3159
3946	3160
3947	3161
3948	3161
3949	3162
3950	3162
3951	3163
3952	3165
3953	3166
3954	3166
3955	3167
3956	3169
3957	3170
3958	3170
3959	3171
3960	3171
3961	3172
3962	3172
3963	3173
3964	3173
3965	3174
3966	3174
3967	3175
3968	3177
3969	3178
3970	3178
3971	3179
3972	3181
3973	3182
3974	3182
3975	3183
3976	3185
3977	3186
3978	3186
3979	3186
3980	3186
3981	3187
3982	3189
3983	3190
3984	3190
3985	3191
3986	3193
3987	3194
3988	3194
3989	3195
3990	3197
3991	3198
3992	3198
3993	3198
3994	3198
3995	3199
3996	3201
3997	3202
3998	3202
3999	3203
4000	3205
4001	3206
4002	3206
4003	3207
4004	3209
4005	3210
4006	3210
4007	3210
4008	3210
4009	3210
4010	3210
4011	3211
4012	3211
4013	3212
4014	3212
4015	3213
4016	3215
4017	3216
4018	3216
4019	3217
4020	3219
4021	3220
4022	3220
4023	3221
4024	3222
4025	3223
4026	3223
4027	3224
4028	3224
4029	3225
4030	3227
4031	3228
4032	3228
4033	3229
4034	3231
4035	3232
4036	3232
4037	3233
4038	3234
4039	3235
4040	3235
4041	3236
4042	3236
4043	3237
4044	3239
4045	3240
4046	3240
4047	3241
4048	3243
4049	3244
4050	3244
4051	3245
4052	3245
4053	3246
4054	3246
4055	3247
4056	3247
4057	3248
4058	3248
4059	3249
4060	3251
4061	3252
4062	3252
4063	3253
4064	3255
4065	3256
4066	3256
4067	3257
4068	3259
4069	3260
4070	3260
4071	3260
4072	3260
4073	3261
4074	3263
4075	3264
4076	3264
4077	3265
4078	3267
4079	3268
4080	3268
4081	3269
4082	3271
4083	3272
4084	3272
4085	3272
4086	3272
4087	3273
4088	3275
4089	3276
4090	3276
4091	3277
4092	3279
4093	3280
4094	3280
4095	3281
4096	3283
4097	3284
4098	3284
4099	3284
4100	3284
4101	3284
4102	3284
4103	3285
4104	3285
4105	3286
4106	3286
4107	3287
4108	3289
4109	3290
4110	3290
4111	3291
4112	3293
4113	3294
4114	3294
4115	3295
4116	3296
4117	3297
4118	3297
4119	3298
4120	3298
4121	3299
4122	3301
4123	3302
4124	3302
4125	3303
4126	3305
4127	3306
4128	3306
4129	3307
4130	3308
4131	3309
4132	3309
4133	3310
4134	3310
4135	3311
4136	3313
4137	3314
4138	3314
4139	3315
4140	3317
4141	3318
4142	3318
4143	3319
4144	3319
4145	3320
4146	3320
4147	3321
4148	3321
4149	3322
4150	3322
4151	3323
4152	3325
4153	3326
4154	3326
4155	3327
4156	3329
4157	3330
4158	3330
4159	3331
4160	3333
4161	3334
4162	3334
4163	3334
4164	3334
4165	3335
4166	3337
4167	3338
4168	3338
4169	3339
4170	3341
4171	3342
4172	3342
4173	3343
4174	3345
4175	3346
4176	3346
4177	3346
4178	3346
4179	3347
4180	3349
4181	3350
4182	3350
4183	3351
4184	3353
4185	3354
4186	3354
4187	3355
4188	3357
4189	3358
4190	3358
4191	3358
4192	3358
4193	3358
4194	3358
4195	3359
4196	3359
4197	3360
4198	3360
4199	3361
4200	3363
4201	3364
4202	3364
4203	3365
4204	3367
4205	3368
4206	3368
4207	3369
4208	3370
4209	3371
4210	3371
4211	3372
4212	3372
4213	3373
4214	3375
4215	3376
4216	3376
4217	3377
4218	3379
4219	3380
4220	3380
4221	3381
4222	3382
4223	3383
4224	3383
4225	3384
4226	3384
4227	3385
4228	3387
4229	3388
4230	3388
4231	3389
4232	3391
4233	3392
4234	3392
4235	3393
4236	3393
4237	3394
4238	3394
4239	3395
4240	3395
4241	3396
4242	3396
4243	3397
4244	3399
4245	3400
4246	3400
4247	3401
4248	3403
4249	3404
4250	3404
4251	3405
4252	3407
4253	3408
4254	3408
4255	3408
4256	3408
4257	3409
4258	3411
4259	3412
4260	3412
4261	3413
4262	3415
4263	3416
4264	3416
4265	3417
4266	3419
4267	3420
4268	3420
4269	3420
4270	3420
4271	3421
4272	3423
4273	3424
4274	3424
4275	3425
4276	3427
4277	3428
4278	3428
4279	3429
4280	3431
4281	3432
4282	3432
4283	3432
4284	3432
4285	3432
4286	3432
4287	3432
4288	3432
4289	3433
4290	3433
4291	3434
4292	3436
4293	3437
4294	3437
4295	3438
4296	3440
4297	3441
4298	3441
4299	3442
4300	3443
4301	3444
4302	3444
4303	3445
4304	3445
4305	3446
4306	3448
4307	3449
4308	3449
4309	3450
4310	3452
4311	3453
4312	3453
4313	3454
4314	3455
4315	3456
4316	3455
4317	3455
4318	3456
4319	3458
4320	3459
4321	3459
4322	3460
4323	3462
4324	3463
4325	3463
4326	3464
4327	3466
4328	3467
4329	3467
4330	3467
4331	3467
4332	3468
4333	3470
4334	3471
4335	3471
4336	3472
4337	3474
4338	3475
4339	3475
4340	3476
4341	3478
4342	3479
4343	3479
4344	3479
4345	3479
4346	3480
4347	3482
4348	3483
4349	3483
4350	3484
4351	3486
4352	3487
4353	3487
4354	3488
4355	3490
4356	3491
4357	3491
4358	3491
4359	3490
4360	3490
4361	3491
4362	3493
4363	3494
4364	3494
4365	3495
4366	3497
4367	3498
4368	3498
4369	3499
4370	3501
4371	3502
4372	3502
4373	3502
4374	3502
4375	3503
4376	3505
4377	3506
4378	3506
4379	3507
4380	3509
4381	3510
4382	3510
4383	3511
4384	3513
4385	3514
4386	3514
4387	3514
4388	3514
4389	3515
4390	3517
4391	3518
4392	3518
4393	3519
4394	3521
4395	3522
4396	3522
4397	3523
4398	3525
4399	3526
4400	3526
4401	3526
4402	3526
4403	3526
4404	3526
4405	3527
4406	3527
4407	3528
4408	3528
4409	3529
4410	3531
4411	3532
4412	3532
4413	3533
4414	3535
4415	3536
4416	3536
4417	3537
4418	3538
4419	3539
4420	3539
4421	3540
4422	3540
4423	3541
4424	3543
4425	3544
4426	3544
4427	3545
4428	3547
4429	3548
4430	3548
4431	3549
4432	3550
4433	3551
4434	3551
4435	3552
4436	3552
4437	3553
4438	3555
4439	3556
4440	3556
4441	3557
4442	3559
4443	3560
4444	3560
4445	3561
4446	3561
4447	3562
4448	3561
4449	3561
4450	3562
4451	3561
4452	3563
4453	3564
4454	3564
4455	3565
4456	3567
4457	3568
4458	3568
4459	3569
4460	3571
4461	3572
4462	3572
4463	3572
4464	3572
4465	3573
4466	3575
4467	3576
4468	3576
4469	3577
4470	3579
4471	3580
4472	3580
4473	3581
4474	3583
4475	3584
4476	3584
4477	3584
4478	3584
4479	3585
4480	3587
4481	3588
4482	3588
4483	3589
4484	3591
4485	3592
4486	3592
4487	3593
4488	3595
4489	3596
4490	3596
4491	3596
4492	3596
4493	3596
4494	3595
4495	3595
4496	3596
4497	3598
4498	3599
4499	3599
4500	3600
4501	3602
4502	3603
4503	3603
4504	3604
4505	3606
4506	3607
4507	3607
4508	3607
4509	3607
4510	3608
4511	3610
4512	3611
4513	3611
4514	3612
4515	3614
4516	3615
4517	3615
4518	3616
4519	3618
4520	3619
4521	3619
4522	3619
4523	3619
4524	3619
4525	3619
4526	3619
4527	3619
4528	3620
4529	3620
4530	3621
4531	3623
4532	3624
4533	3624
4534	3625
4535	3627
4536	3628
4537	3628
4538	3629
4539	3630
4540	3631
4541	3631
4542	3632
4543	3632
4544	3633
4545	3635
4546	3636
4547	3636
4548	3637
4549	3639
4550	3640
4551	3640
4552	3641
4553	3642
4554	3643
4555	3642
4556	3642
4557	3643
4558	3645
4559	3646
4560	3646
4561	3647
4562	3649
4563	3650
4564	3650
4565	3651
4566	3653
4567	3654
4568	3654
4569	3654
4570	3654
4571	3655
4572	3657
4573	3658
4574	3658
4575	3659
4576	3661
4577	3662
4578	3662
4579	3663
4580	3665
4581	3666
4582	3666
4583	3666
4584	3666
4585	3667
4586	3669
4587	3670
4588	3670
4589	3671
4590	3673
4591	3674
4592	3674
4593	3675
4594	3677
4595	3678
4596	3678
4597	3678
4598	3677
4599	3677
4600	3678
4601	3680
4602	3681
4603	3681
4604	3682
4605	3684
4606	3685
4607	3685
4608	3686
4609	3688
4610	3689
4611	3689
4612	3689
4613	3689
4614	3690
4615	3692
4616	3693
4617	3693
4618	3694
4619	3696
4620	3697
4621	3697
4622	3698
4623	3700
4624	3701
4625	3701
4626	3701
4627	3701
4628	3702
4629	3704
4630	3705
4631	3705
4632	3706
4633	3708
4634	3709
4635	3709
4636	3710
4637	3712
4638	3713
4639	3713
4640	3713
4641	3713
4642	3713
4643	3713
4644	3714
4645	3714
4646	3715
4647	3715
4648	3716
4649	3718
4650	3719
4651	3719
4652	3720
4653	3722
4654	3723
4655	3723
4656	3724
4657	3725
4658	3726
4659	3726
4660	3727
4661	3727
4662	3728
4663	3730
4664	3731
4665	3731
4666	3732
4667	3734
4668	3735
4669	3735
4670	3736
4671	3737
4672	3738
4673	3738
4674	3739
4675	3739
4676	3740
4677	3742
4678	3743
4679	3743
4680	3744
4681	3746
4682	3747
4683	3747
4684	3748
4685	3748
4686	3749
4687	3749
4688	3750
4689	3750
4690	3751
4691	3751
4692	3752
4693	3754
4694	3755
4695	3755
4696	3756
4697	3758
4698	3759
4699	3759
4700	3760
4701	3762
4702	3763
4703	3763
4704	3763
4705	3763
4706	3764
4707	3766
4708	3767
4709	3767
4710	3768
4711	3770
4712	3771
4713	3771
4714	3772
4715	3774
4716	3775
4717	3775
4718	3775
4719	3775
4720	3776
4721	3778
4722	3779
4723	3779
4724	3780
4725	3782
4726	3783
4727	3783
4728	3784
4729	3786
4730	3787
4731	3787
4732	3787
4733	3787
4734	3787
4735	3787
4736	3788
4737	3788
4738	3789
4739	3789
4740	3790
4741	3792
4742	3793
4743	3793
4744	3794
4745	3796
4746	3797
4747	3797
4748	3798
4749	3799
4750	3800
4751	3800
4752	3801
4753	3801
4754	3802
4755	3804
4756	3805
4757	3805
4758	3806
4759	3808
4760	3809
4761	3809
4762	3810
4763	3811
4764	3812
4765	3812
4766	3813
4767	3813
4768	3814
4769	3816
4770	3817
4771	3817
4772	3818
4773	3820
4774	3821
4775	3821
4776	3822
4777	3822
4778	3823
4779	3823
4780	3824
4781	3824
4782	3825
4783	3825
4784	3826
4785	3828
4786	3829
4787	3829
4788	3830
4789	3832
4790	3833
4791	3833
4792	3834
4793	3836
4794	3837
4795	3837
4796	3837
4797	3837
4798	3838
4799	3840
4800	3841
4801	3841
4802	3842
4803	3844
4804	3845
4805	3845
4806	3846
4807	3848
4808	3849
4809	3849
4810	3849
4811	3849
4812	3850
4813	3852
4814	3853
4815	3853
4816	3854
4817	3855
4818	3856
4819	3856
4820	3857
4821	3857
4822	3858
4823	3860
4824	3861
4825	3861
4826	3862
4827	3864
4828	3865
4829	3865
4830	3866
4831	3867
4832	3868
4833	3867
4834	3867
4835	3868
4836	3870
4837	3871
4838	3871
4839	3872
4840	3874
4841	3875
4842	3875
4843	3876
4844	3878
4845	3879
4846	3879
4847	3879
4848	3879
4849	3880
4850	3882
4851	3883
4852	3883
4853	3884
4854	3886
4855	3887
4856	3887
4857	3888
4858	3890
4859	3891
4860	3891
4861	3891
4862	3891
4863	3892
4864	3894
4865	3895
4866	3895
4867	3896
4868	3898
4869	3899
4870	3899
4871	3900
4872	3902
4873	3903
4874	3903
4875	3903
4876	3902
4877	3902
4878	3903
4879	3904
4880	3905
4881	3905
4882	3906
4883	3906
4884	3907
4885	3909
4886	3910
4887	3910
4888	3911
4889	3913
4890	3914
4891	3914
4892	3915
4893	3917
4894	3918
4895	3918
4896	3918
4897	3918
4898	3919
4899	3921
4900	3922
4901	3922
4902	3923
4903	3925
4904	3926
4905	3926
4906	3927
4907	3929
4908	3930
4909	3930
4910	3930
4911	3930
4912	3931
4913	3933
4914	3934
4915	3934
4916	3935
4917	3937
4918	3938
4919	3938
4920	3939
4921	3941
4922	3942
4923	3942
4924	3942
4925	3942
4926	3942
4927	3942
4928	3943
4929	3943
4930	3944
4931	3944
4932	3945
4933	3947
4934	3948
4935	3948
4936	3949
4937	3951
4938	3952
4939	3952
4940	3953
4941	3954
4942	3955
4943	3955
4944	3956
4945	3956
4946	3957
4947	3959
4948	3960
4949	3960
4950	3961
4951	3963
4952	3964
4953	3964
4954	3965
4955	3966
4956	3967
4957	3967
4958	3968
4959	3968
4960	3969
4961	3971
4962	3972
4963	3972
4964	3973
4965	3975
4966	3976
4967	3976
4968	3977
4969	3977
4970	3978
4971	3977
4972	3977
4973	3978
4974	3978
4975	3979
4976	3979
4977	3980
4978	3982
4979	3983
4980	3983
4981	3984
4982	3986
4983	3987
4984	3987
4985	3988
4986	3989
4987	3990
4988	3990
4989	3991
4990	3991
4991	3992
4992	3994
4993	3995
4994	3995
4995	3996
4996	3998
4997	3999
4998	3999
4999	4000
5000	4001
5001	4002
5002	4002
5003	4003
5004	4003
5005	4004
5006	4006
5007	4007
5008	4007
5009	4008
5010	4010
5011	4011
5012	4011
5013	4012
5014	4012
5015	4013
5016	4013
5017	4014
5018	4014
5019	4015
5020	4015
5021	4016
5022	4018
5023	4019
5024	4019
5025	4020
5026	4022
5027	4023
5028	4023
5029	4024
5030	4026
5031	4027
5032	4027
5033	4027
5034	4027
5035	4028
5036	4030
5037	4031
5038	4031
5039	4032
5040	4034
5041	4035
5042	4035
5043	4036
5044	4038
5045	4039
5046	4039
5047	4039
5048	4039
5049	4040
5050	4042
5051	4043
5052	4043
5053	4044
5054	4046
5055	4047
5056	4047
5057	4048
5058	4050
5059	4051
5060	4051
5061	4051
5062	4051
5063	4051
5064	4051
5065	4052
5066	4052
5067	4053
5068	4053
5069	4054
5070	4056
5071	4057
5072	4057
5073	4058
5074	4060
5075	4061
5076	4061
5077	4062
5078	4063
5079	4064
5080	4064
5081	4065
5082	4065
5083	4066
5084	4068
5085	4069
5086	4069
5087	4070
5088	4072
5089	4073
5090	4073
5091	4074
5092	4075
5093	4076
5094	4076
5095	4077
5096	4077
5097	4078
5098	4080
5099	4081
5100	4081
5101	4082
5102	4084
5103	4085
5104	4085
5105	4086
5106	4086
5107	4087
5108	4087
5109	4088
5110	4088
5111	4089
5112	4089
5113	4090
5114	4092
5115	4093
5116	4093
5117	4094
5118	4096
5119	4097
5120	4097
5121	4098
5122	4100
5123	4101
5124	4101
5125	4101
5126	4101
5127	4102
5128	4104
5129	4105
5130	4105
5131	4106
5132	4108
5133	4109
5134	4109
5135	4110
5136	4112
5137	4113
5138	4113
5139	4113
5140	4113
5141	4114
5142	4116
5143	4117
5144	4117
5145	4118
5146	4120
5147	4121
5148	4121
5149	4122
5150	4124
5151	4125
5152	4125
5153	4125
5154	4125
5155	4125
5156	4125
5157	4126
5158	4126
5159	4127
5160	4127
5161	4128
5162	4130
5163	4131
5164	4131
5165	4132
5166	4134
5167	4135
5168	4135
5169	4136
5170	4137
5171	4138
5172	4138
5173	4139
5174	4139
5175	4140
5176	4142
5177	4143
5178	4143
5179	4144
5180	4146
5181	4147
5182	4147
5183	4148
5184	4149
5185	4150
5186	4150
5187	4151
5188	4151
5189	4152
5190	4154
5191	4155
5192	4155
5193	4156
5194	4158
5195	4159
5196	4159
5197	4160
5198	4160
5199	4161
5200	4161
5201	4162
5202	4162
5203	4163
5204	4163
5205	4164
5206	4166
5207	4167
5208	4167
5209	4168
5210	4170
5211	4171
5212	4171
5213	4172
5214	4174
5215	4175
5216	4175
5217	4175
5218	4175
5219	4176
5220	4178
5221	4179
5222	4179
5223	4180
5224	4182
5225	4183
5226	4183
5227	4184
5228	4186
5229	4187
5230	4187
5231	4187
5232	4187
5233	4188
5234	4190
5235	4191
5236	4191
5237	4192
5238	4194
5239	4195
5240	4195
5241	4196
5242	4198
5243	4199
5244	4199
5245	4199
5246	4199
5247	4199
5248	4199
5249	4200
5250	4199
5251	4201
5252	4202
5253	4202
5254	4203
5255	4205
5256	4206
5257	4206
5258	4207
5259	4209
5260	4210
5261	4210
5262	4210
5263	4210
5264	4211
5265	4213
5266	4214
5267	4214
5268	4215
5269	4217
5270	4218
5271	4218
5272	4219
5273	4221
5274	4222
5275	4222
5276	4222
5277	4222
5278	4223
5279	4225
5280	4226
5281	4226
5282	4227
5283	4229
5284	4230
5285	4230
5286	4231
5287	4233
5288	4234
5289	4234
5290	4234
5291	4234
5292	4234
5293	4234
5294	4235
5295	4235
5296	4236
5297	4236
5298	4237
5299	4239
5300	4240
5301	4240
5302	4241
5303	4243
5304	4244
5305	4244
5306	4245
5307	4246
5308	4247
5309	4247
5310	4248
5311	4248
5312	4249
5313	4251
5314	4252
5315	4252
5316	4253
5317	4255
5318	4256
5319	4256
5320	4257
5321	4258
5322	4259
5323	4259
5324	4260
5325	4260
5326	4261
5327	4263
5328	4264
5329	4264
5330	4265
5331	4267
5332	4268
5333	4268
5334	4269
5335	4269
5336	4270
5337	4270
5338	4271
5339	4271
5340	4272
5341	4272
5342	4273
5343	4275
5344	4276
5345	4276
5346	4277
5347	4279
5348	4280
5349	4280
5350	4281
5351	4283
5352	4284
5353	4284
5354	4284
5355	4284
5356	4285
5357	4287
5358	4288
5359	4288
5360	4289
5361	4291
5362	4292
5363	4292
5364	4293
5365	4295
5366	4296
5367	4296
5368	4296
5369	4296
5370	4297
5371	4299
5372	4300
5373	4300
5374	4301
5375	4303
5376	4304
5377	4304
5378	4305
5379	4307
5380	4308
5381	4308
5382	4308
5383	4308
5384	4308
5385	4308
5386	4309
5387	4309
5388	4310
5389	4310
5390	4311
5391	4313
5392	4314
5393	4314
5394	4315
5395	4317
5396	4318
5397	4318
5398	4319
5399	4320
5400	4321
5401	4321
5402	4322
5403	4322
5404	4323
5405	4325
5406	4326
5407	4326
5408	4327
5409	4329
5410	4330
5411	4330
5412	4331
5413	4332
5414	4333
5415	4333
5416	4334
5417	4334
5418	4335
5419	4337
5420	4338
5421	4338
5422	4339
5423	4341
5424	4342
5425	4342
5426	4343
5427	4343
5428	4344
5429	4344
5430	4345
5431	4345
5432	4346
5433	4346
5434	4347
5435	4349
5436	4350
5437	4350
5438	4351
5439	4353
5440	4354
5441	4354
5442	4355
5443	4357
5444	4358
5445	4358
5446	4358
5447	4358
5448	4359
5449	4361
5450	4362
5451	4362
5452	4363
5453	4365
5454	4366
5455	4366
5456	4367
5457	4369
5458	4370
5459	4370
5460	4370
5461	4370
5462	4371
5463	4373
5464	4374
5465	4374
5466	4375
5467	4377
5468	4378
5469	4378
5470	4379
5471	4381
5472	4382
5473	4382
5474	4382
5475	4382
5476	4382
5477	4382
5478	4383
5479	4383
5480	4384
5481	4384
5482	4385
5483	4387
5484	4388
5485	4388
5486	4389
5487	4391
5488	4392
5489	4392
5490	4393
5491	4394
5492	4395
5493	4395
5494	4396
5495	4396
5496	4397
5497	4399
5498	4400
5499	4400
5500	4401
5501	4403
5502	4404
5503	4404
5504	4405
5505	4406
5506	4407
5507	4407
5508	4408
5509	4408
5510	4409
5511	4411
5512	4412
5513	4412
5514	4413
5515	4415
5516	4416
5517	4416
5518	4417
5519	4417
5520	4418
5521	4417
5522	4417
5523	4418
5524	4418
5525	4419
5526	4419
5527	4420
5528	4422
5529	4423
5530	4423
5531	4424
5532	4426
5533	4427
5534	4427
5535	4428
5536	4429
5537	4430
5538	4430
5539	4431
5540	4431
5541	4432
5542	4434
5543	4435
5544	4435
5545	4436
5546	4438
5547	4439
5548	4439
5549	4440
5550	4441
5551	4442
5552	4442
5553	4443
5554	4443
5555	4444
5556	4446
5557	4447
5558	4447
5559	4448
5560	4450
5561	4451
5562	4451
5563	4452
5564	4452
5565	4453
5566	4453
5567	4454
5568	4454
5569	4455
5570	4455
5571	4456
5572	4458
5573	4459
5574	4459
5575	4460
5576	4462
5577	4463
5578	4463
5579	4464
5580	4466
5581	4467
5582	4467
5583	4467
5584	4467
5585	4468
5586	4470
5587	4471
5588	4471
5589	4472
5590	4474
5591	4475
5592	4475
5593	4476
5594	4478
5595	4479
5596	4479
5597	4479
5598	4479
5599	4480
5600	4482
5601	4483
5602	4483
5603	4484
5604	4486
5605	4487
5606	4487
5607	4488
5608	4490
5609	4491
5610	4491
5611	4491
5612	4491
5613	4491
5614	4491
5615	4492
5616	4492
5617	4493
5618	4493
5619	4494
5620	4496
5621	4497
5622	4497
5623	4498
5624	4500
5625	4501
5626	4501
5627	4502
5628	4503
5629	4504
5630	4504
5631	4505
5632	4505
5633	4506
5634	4508
5635	4509
5636	4509
5637	4510
5638	4512
5639	4513
5640	4513
5641	4514
5642	4515
5643	4516
5644	4516
5645	4517
5646	4517
5647	4518
5648	4520
5649	4521
5650	4521
5651	4522
5652	4524
5653	4525
5654	4525
5655	4526
5656	4526
5657	4527
5658	4527
5659	4528
5660	4528
5661	4529
5662	4529
5663	4530
5664	4532
5665	4533
5666	4533
5667	4534
5668	4536
5669	4537
5670	4537
5671	4538
5672	4540
5673	4541
5674	4541
5675	4541
5676	4541
5677	4541
5678	4541
5679	4541
5680	4541
5681	4542
5682	4542
5683	4543
5684	4545
5685	4546
5686	4546
5687	4547
5688	4549
5689	4550
5690	4550
5691	4551
5692	4552
5693	4553
5694	4553
5695	4554
5696	4554
5697	4555
5698	4557
5699	4558
5700	4558
5701	4559
5702	4561
5703	4562
5704	4562
5705	4563
5706	4564
5707	4565
5708	4564
5709	4564
5710	4565
5711	4567
5712	4568
5713	4568
5714	4569
5715	4571
5716	4572
5717	4572
5718	4573
5719	4575
5720	4576
5721	4576
5722	4576
5723	4576
5724	4577
5725	4579
5726	4580
5727	4580
5728	4581
5729	4583
5730	4584
5731	4584
5732	4585
5733	4587
5734	4588
5735	4588
5736	4588
5737	4588
5738	4589
5739	4591
5740	4592
5741	4592
5742	4593
5743	4595
5744	4596
5745	4596
5746	4597
5747	4599
5748	4600
5749	4600
5750	4600
5751	4599
5752	4599
5753	4600
5754	4602
5755	4603
5756	4603
5757	4604
5758	4606
5759	4607
5760	4607
5761	4608
5762	4610
5763	4611
5764	4611
5765	4611
5766	4611
5767	4612
5768	4614
5769	4615
5770	4615
5771	4616
5772	4618
5773	4619
5774	4619
5775	4620
5776	4622
5777	4623
5778	4623
5779	4623
5780	4623
5781	4624
5782	4626
5783	4627
5784	4627
5785	4628
5786	4630
5787	4631
5788	4631
5789	4632
5790	4634
5791	4635
5792	4635
5793	4635
5794	4635
5795	4635
5796	4635
5797	4636
5798	4636
5799	4637
5800	4637
5801	4638
5802	4640
5803	4641
5804	4641
5805	4642
5806	4644
5807	4645
5808	4645
5809	4646
5810	4647
5811	4648
5812	4648
5813	4649
5814	4649
5815	4650
5816	4652
5817	4653
5818	4653
5819	4654
5820	4656
5821	4657
5822	4657
5823	4658
5824	4659
5825	4660
5826	4660
5827	4661
5828	4661
5829	4662
5830	4664
5831	4665
5832	4665
5833	4666
5834	4668
5835	4669
5836	4669
5837	4670
5838	4670
5839	4671
5840	4671
5841	4672
5842	4672
5843	4673
5844	4673
5845	4674
5846	4676
5847	4677
5848	4677
5849	4678
5850	4680
5851	4681
5852	4681
5853	4682
5854	4684
5855	4685
5856	4685
5857	4685
5858	4685
5859	4686
5860	4688
5861	4689
5862	4689
5863	4690
5864	4692
5865	4693
5866	4693
5867	4694
5868	4696
5869	4697
5870	4697
5871	4697
5872	4697
5873	4698
5874	4700
5875	4701
5876	4701
5877	4702
5878	4704
5879	4705
5880	4705
5881	4706
5882	4708
5883	4709
5884	4709
5885	4709
5886	4709
5887	4709
5888	4709
5889	4709
5890	4709
5891	4710
5892	4710
5893	4711
5894	4713
5895	4714
5896	4714
5897	4715
5898	4717
5899	4718
5900	4718
5901	4719
5902	4720
5903	4721
5904	4721
5905	4722
5906	4722
5907	4723
5908	4725
5909	4726
5910	4726
5911	4727
5912	4729
5913	4730
5914	4730
5915	4731
5916	4732
5917	4733
5918	4732
5919	4732
5920	4733
5921	4735
5922	4736
5923	4736
5924	4737
5925	4739
5926	4740
5927	4740
5928	4741
5929	4743
5930	4744
5931	4744
5932	4744
5933	4744
5934	4745
5935	4747
5936	4748
5937	4748
5938	4749
5939	4751
5940	4752
5941	4752
5942	4753
5943	4755
5944	4756
5945	4756
5946	4756
5947	4756
5948	4757
5949	4759
5950	4760
5951	4760
5952	4761
5953	4763
5954	4764
5955	4764
5956	4765
5957	4767
5958	4768
5959	4768
5960	4768
5961	4767
5962	4767
5963	4768
5964	4770
5965	4771
5966	4771
5967	4772
5968	4774
5969	4775
5970	4775
5971	4776
5972	4778
5973	4779
5974	4779
5975	4779
5976	4779
5977	4780
5978	4782
5979	4783
5980	4783
5981	4784
5982	4786
5983	4787
5984	4787
5985	4788
5986	4790
5987	4791
5988	4791
5989	4791
5990	4791
5991	4792
5992	4794
5993	4795
5994	4795
5995	4796
5996	4798
5997	4799
5998	4799
5999	4800
6000	4802
6001	4803
6002	4803
6003	4803
6004	4803
6005	4803
6006	4803
6007	4804
6008	4804
6009	4805
6010	4805
6011	4806
6012	4808
6013	4809
6014	4809
6015	4810
6016	4812
6017	4813
6018	4813
6019	4814
6020	4815
6021	4816
6022	4816
6023	4817
6024	4817
6025	4818
6026	4820
6027	4821
6028	4821
6029	4822
6030	4824
6031	4825
6032	4825
6033	4826
6034	4827
6035	4828
6036	4828
6037	4829
6038	4829
6039	4830
6040	4832
6041	4833
6042	4833
6043	4834
6044	4836
6045	4837
6046	4837
6047	4838
6048	4838
6049	4839
6050	4839
6051	4840
6052	4840
6053	4841
6054	4841
6055	4842
6056	4844
6057	4845
6058	4845
6059	4846
6060	4848
6061	4849
6062	4849
6063	4850
6064	4852
6065	4853
6066	4853
6067	4853
6068	4853
6069	4854
6070	4856
6071	4857
6072	4857
6073	4858
6074	4860
6075	4861
6076	4861
6077	4862
6078	4864
6079	4865
6080	4865
6081	4865
6082	4865
6083	4866
6084	4868
6085	4869
6086	4869
6087	4870
6088	4872
6089	4873
6090	4873
6091	4874
6092	4876
6093	4877
6094	4877
6095	4877
6096	4877
6097	4877
6098	4877
6099	4878
6100	4878
6101	4879
6102	4879
6103	4880
6104	4882
6105	4883
6106	4883
6107	4884
6108	4885
6109	4886
6110	4886
6111	4887
6112	4887
6113	4888
6114	4890
6115	4891
6116	4891
6117	4892
6118	4894
6119	4895
6120	4895
6121	4896
6122	4897
6123	4898
6124	4897
6125	4897
6126	4898
6127	4900
6128	4901
6129	4901
6130	4902
6131	4904
6132	4905
6133	4905
6134	4906
6135	4908
6136	4909
6137	4909
6138	4909
6139	4909
6140	4910
6141	4912
6142	4913
6143	4913
6144	4914
6145	4916
6146	4917
6147	4917
6148	4918
6149	4920
6150	4921
6151	4921
6152	4921
6153	4921
6154	4922
6155	4924
6156	4925
6157	4925
6158	4926
6159	4928
6160	4929
6161	4929
6162	4930
6163	4932
6164	4933
6165	4933
6166	4933
6167	4932
6168	4932
6169	4933
6170	4935
6171	4936
6172	4936
6173	4937
6174	4939
6175	4940
6176	4940
6177	4941
6178	4943
6179	4944
6180	4944
6181	4944
6182	4944
6183	4945
6184	4947
6185	4948
6186	4948
6187	4949
6188	4951
6189	4952
6190	4952
6191	4953
6192	4955
6193	4956
6194	4956
6195	4956
6196	4956
6197	4956
6198	4956
6199	4957
6200	4957
6201	4958
6202	4958
6203	4959
6204	4961
6205	4962
6206	4962
6207	4963
6208	4965
6209	4966
6210	4966
6211	4967
6212	4968
6213	4969
6214	4969
6215	4970
6216	4970
6217	4971
6218	4973
6219	4974
6220	4974
6221	4975
6222	4977
6223	4978
6224	4978
6225	4979
6226	4980
6227	4981
6228	4981
6229	4982
6230	4982
6231	4983
6232	4985
6233	4986
6234	4986
6235	4987
6236	4989
6237	4990
6238	4990
6239	4991
6240	4991
6241	4992
6242	4992
6243	4993
6244	4993
6245	4994
6246	4994
6247	4995
6248	4996
6249	4997
6250	4997
6251	4998
6252	5000
6253	5001
6254	5001
6255	5002
6256	5003
6257	5004
6258	5004
6259	5005
6260	5005
6261	5006
6262	5008
6263	5009
6264	5009
6265	5010
6266	5012
6267	5013
6268	5013
6269	5014
6270	5015
6271	5016
6272	5015
6273	5015
6274	5016
6275	5018
6276	5019
6277	5019
6278	5020
6279	5022
6280	5023
6281	5023
6282	5024
6283	5026
6284	5027
6285	5027
6286	5027
6287	5027
6288	5028
6289	5030
6290	5031
6291	5031
6292	5032
6293	5034
6294	5035
6295	5035
6296	5036
6297	5038
6298	5039
6299	5039
6300	5039
6301	5039
6302	5039
6303	5039
6304	5039
6305	5039
6306	5040
6307	5040
6308	5041
6309	5043
6310	5044
6311	5044
6312	5045
6313	5047
6314	5048
6315	5048
6316	5049
6317	5050
6318	5051
6319	5051
6320	5052
6321	5052
6322	5053
6323	5055
6324	5056
6325	5056
6326	5057
6327	5059
6328	5060
6329	5060
6330	5061
6331	5062
6332	5063
6333	5062
6334	5062
6335	5063
6336	5065
6337	5066
6338	5066
6339	5067
6340	5069
6341	5070
6342	5070
6343	5071
6344	5073
6345	5074
6346	5074
6347	5074
6348	5074
6349	5075
6350	5077
6351	5078
6352	5078
6353	5079
6354	5081
6355	5082
6356	5082
6357	5083
6358	5085
6359	5086
6360	5086
6361	5086
6362	5086
6363	5086
6364	5086
6365	5087
6366	5087
6367	5088
6368	5088
6369	5089
6370	5091
6371	5092
6372	5092
6373	5093
6374	5095
6375	5096
6376	5096
6377	5097
6378	5098
6379	5099
6380	5099
6381	5100
6382	5100
6383	5101
6384	5103
6385	5104
6386	5104
6387	5105
6388	5107
6389	5108
6390	5108
6391	5109
6392	5110
6393	5111
6394	5111
6395	5112
6396	5112
6397	5113
6398	5115
6399	5116
6400	5116
6401	5117
6402	5119
6403	5120
6404	5120
6405	5121
6406	5121
6407	5122
6408	5122
6409	5123
6410	5123
6411	5124
6412	5124
6413	5125
6414	5127
6415	5128
6416	5128
6417	5129
6418	5131
6419	5132
6420	5132
6421	5133
6422	5135
6423	5136
6424	5136
6425	5136
6426	5136
6427	5137
6428	5139
6429	5140
6430	5140
6431	5141
6432	5143
6433	5144
6434	5144
6435	5145
6436	5147
6437	5148
6438	5148
6439	5148
6440	5148
6441	5148
6442	5148
6443	5149
6444	5148
6445	5150
6446	5151
6447	5151
6448	5152
6449	5154
6450	5155
6451	5155
6452	5156
6453	5158
6454	5159
6455	5159
6456	5159
6457	5159
6458	5160
6459	5162
6460	5163
6461	5163
6462	5164
6463	5166
6464	5167
6465	5167
6466	5168
6467	5170
6468	5171
6469	5171
6470	5171
6471	5171
6472	5172
6473	5174
6474	5175
6475	5175
6476	5176
6477	5178
6478	5179
6479	5179
6480	5180
6481	5182
6482	5183
6483	5183
6484	5183
6485	5183
6486	5183
6487	5183
6488	5184
6489	5184
6490	5185
6491	5185
6492	5186
6493	5188
6494	5189
6495	5189
6496	5190
6497	5192
6498	5193
6499	5193
6500	5194
6501	5195
6502	5196
6503	5196
6504	5197
6505	5197
6506	5198
6507	5200
6508	5201
6509	5201
6510	5202
6511	5204
6512	5205
6513	5205
6514	5206
6515	5207
6516	5208
6517	5208
6518	5209
6519	5209
6520	5210
6521	5212
6522	5213
6523	5213
6524	5214
6525	5216
6526	5217
6527	5217
6528	5218
6529	5218
6530	5219
6531	5219
6532	5220
6533	5220
6534	5221
6535	5221
6536	5222
6537	5224
6538	5225
6539	5225
6540	5226
6541	5228
6542	5229
6543	5229
6544	5230
6545	5232
6546	5233
6547	5233
6548	5233
6549	5233
6550	5234
6551	5236
6552	5237
6553	5237
6554	5238
6555	5240
6556	5241
6557	5241
6558	5242
6559	5244
6560	5245
6561	5245
6562	5245
6563	5245
6564	5246
6565	5248
6566	5249
6567	5249
6568	5250
6569	5252
6570	5253
6571	5253
6572	5254
6573	5256
6574	5257
6575	5257
6576	5257
6577	5257
6578	5257
6579	5257
6580	5258
6581	5257
6582	5259
6583	5260
6584	5260
6585	5261
6586	5263
6587	5264
6588	5264
6589	5265
6590	5267
6591	5268
6592	5268
6593	5268
6594	5268
6595	5269
6596	5271
6597	5272
6598	5272
6599	5273
6600	5275
6601	5276
6602	5276
6603	5277
6604	5279
6605	5280
6606	5280
6607	5280
6608	5280
6609	5281
6610	5282
6611	5283
6612	5283
6613	5284
6614	5284
6615	5285
6616	5286
6617	5287
6618	5287
6619	5288
6620	5288
6621	5289
6622	5291
6623	5292
6624	5292
6625	5293
6626	5295
6627	5296
6628	5296
6629	5297
6630	5299
6631	5300
6632	5300
6633	5300
6634	5300
6635	5301
6636	5303
6637	5304
6638	5304
6639	5305
6640	5307
6641	5308
6642	5308
6643	5309
6644	5311
6645	5312
6646	5312
6647	5312
6648	5312
6649	5313
6650	5315
6651	5316
6652	5316
6653	5317
6654	5319
6655	5320
6656	5320
6657	5321
6658	5323
6659	5324
6660	5324
6661	5324
6662	5324
6663	5324
6664	5324
6665	5325
6666	5325
6667	5326
6668	5326
6669	5327
6670	5329
6671	5330
6672	5330
6673	5331
6674	5333
6675	5334
6676	5334
6677	5335
6678	5336
6679	5337
6680	5337
6681	5338
6682	5338
6683	5339
6684	5341
6685	5342
6686	5342
6687	5343
6688	5345
6689	5346
6690	5346
6691	5347
6692	5348
6693	5349
6694	5349
6695	5350
6696	5350
6697	5351
6698	5353
6699	5354
6700	5354
6701	5355
6702	5357
6703	5358
6704	5358
6705	5359
6706	5359
6707	5360
6708	5360
6709	5361
6710	5361
6711	5362
6712	5362
6713	5363
6714	5365
6715	5366
6716	5366
6717	5367
6718	5369
6719	5370
6720	5370
6721	5371
6722	5373
6723	5374
6724	5374
6725	5374
6726	5374
6727	5375
6728	5377
6729	5378
6730	5378
6731	5379
6732	5381
6733	5382
6734	5382
6735	5383
6736	5385
6737	5386
6738	5386
6739	5386
6740	5386
6741	5387
6742	5389
6743	5390
6744	5390
6745	5391
6746	5393
6747	5394
6748	5394
6749	5395
6750	5397
6751	5398
6752	5398
6753	5398
6754	5398
6755	5398
6756	5398
6757	5398
6758	5398
6759	5399
6760	5399
6761	5400
6762	5402
6763	5403
6764	5403
6765	5404
6766	5406
6767	5407
6768	5407
6769	5408
6770	5409
6771	5410
6772	5410
6773	5411
6774	5411
6775	5412
6776	5413
6777	5414
6778	5414
6779	5415
6780	5415
6781	5416
6782	5418
6783	5419
6784	5419
6785	5420
6786	5422
6787	5423
6788	5423
6789	5424
6790	5425
6791	5426
6792	5425
6793	5425
6794	5426
6795	5428
6796	5429
6797	5429
6798	5430
6799	5432
6800	5433
6801	5433
6802	5434
6803	5436
6804	5437
6805	5437
6806	5437
6807	5437
6808	5438
6809	5440
6810	5441
6811	5441
6812	5442
6813	5444
6814	5445
6815	5445
6816	5446
6817	5448
6818	5449
6819	5449
6820	5449
6821	5449
6822	5450
6823	5452
6824	5453
6825	5453
6826	5454
6827	5456
6828	5457
6829	5457
6830	5458
6831	5460
6832	5461
6833	5461
6834	5461
6835	5460
6836	5460
6837	5461
6838	5463
6839	5464
6840	5464
6841	5465
6842	5467
6843	5468
6844	5468
6845	5469
6846	5471
6847	5472
6848	5472
6849	5472
6850	5472
6851	5473
6852	5475
6853	5476
6854	5476
6855	5477
6856	5479
6857	5480
6858	5480
6859	5481
6860	5483
6861	5484
6862	5484
6863	5484
6864	5484
6865	5485
6866	5487
6867	5488
6868	5488
6869	5489
6870	5491
6871	5492
6872	5492
6873	5493
6874	5495
6875	5496
6876	5496
6877	5496
6878	5496
6879	5496
6880	5496
6881	5497
6882	5497
6883	5498
6884	5498
6885	5499
6886	5501
6887	5502
6888	5502
6889	5503
6890	5505
6891	5506
6892	5506
6893	5507
6894	5508
6895	5509
6896	5509
6897	5510
6898	5510
6899	5511
6900	5513
6901	5514
6902	5514
6903	5515
6904	5517
6905	5518
6906	5518
6907	5519
6908	5520
6909	5521
6910	5521
6911	5522
6912	5522
6913	5523
6914	5525
6915	5526
6916	5526
6917	5527
6918	5529
6919	5530
6920	5530
6921	5531
6922	5531
6923	5532
6924	5532
6925	5533
6926	5533
6927	5534
6928	5534
6929	5535
6930	5537
6931	5538
6932	5538
6933	5539
6934	5541
6935	5542
6936	5542
6937	5543
6938	5545
6939	5546
6940	5546
6941	5546
6942	5546
6943	5547
6944	5549
6945	5550
6946	5550
6947	5551
6948	5553
6949	5554
6950	5554
6951	5555
6952	5557
6953	5558
6954	5558
6955	5558
6956	5558
6957	5559
6958	5561
6959	5562
6960	5562
6961	5563
6962	5565
6963	5566
6964	5566
6965	5567
6966	5569
6967	5570
6968	5570
6969	5570
6970	5570
6971	5570
6972	5570
6973	5571
6974	5571
6975	5572
6976	5572
6977	5573
6978	5575
6979	5576
6980	5576
6981	5577
6982	5579
6983	5580
6984	5580
6985	5581
6986	5582
6987	5583
6988	5583
6989	5584
6990	5584
6991	5585
6992	5587
6993	5588
6994	5588
6995	5589
6996	5591
6997	5592
6998	5592
6999	5593
7000	5594
7001	5595
7002	5595
7003	5596
7004	5596
7005	5597
7006	5599
7007	5600
7008	5600
7009	5601
7010	5603
7011	5604
7012	5604
7013	5605
7014	5605
7015	5606
7016	5606
7017	5607
7018	5607
7019	5608
7020	5608
7021	5609
7022	5611
7023	5612
7024	5612
7025	5613
7026	5615
7027	5616
7028	5616
7029	5617
7030	5619
7031	5620
7032	5620
7033	5620
7034	5620
7035	5621
7036	5623
7037	5624
7038	5624
7039	5625
7040	5627
7041	5628
7042	5628
7043	5629
7044	5631
7045	5632
7046	5632
7047	5632
7048	5632
7049	5633
7050	5635
7051	5636
7052	5636
7053	5637
7054	5639
7055	5640
7056	5640
7057	5641
7058	5643
7059	5644
7060	5644
7061	5644
7062	5644
7063	5644
7064	5644
7065	5644
7066	5644
7067	5645
7068	5645
7069	5646
7070	5648
7071	5649
7072	5649
7073	5650
7074	5652
7075	5653
7076	5653
7077	5654
7078	5655
7079	5656
7080	5656
7081	5657
7082	5657
7083	5658
7084	5660
7085	5661
7086	5661
7087	5662
7088	5664
7089	5665
7090	5665
7091	5666
7092	5667
7093	5668
7094	5667
7095	5667
7096	5668
7097	5670
7098	5671
7099	5671
7100	5672
7101	5674
7102	5675
7103	5675
7104	5676
7105	5678
7106	5679
7107	5679
7108	5679
7109	5679
7110	5680
7111	5682
7112	5683
7113	5683
7114	5684
7115	5686
7116	5687
7117	5687
7118	5688
7119	5690
7120	5691
7121	5691
7122	5691
7123	5691
7124	5692
7125	5694
7126	5695
7127	5695
7128	5696
7129	5698
7130	5699
7131	5699
7132	5700
7133	5702
7134	5703
7135	5703
7136	5703
7137	5702
7138	5702
7139	5703
7140	5705
7141	5706
7142	5706
7143	5707
7144	5709
7145	5710
7146	5710
7147	5711
7148	5713
7149	5714
7150	5714
7151	5714
7152	5714
7153	5715
7154	5717
7155	5718
7156	5718
7157	5719
7158	5721
7159	5722
7160	5722
7161	5723
7162	5725
7163	5726
7164	5726
7165	5726
7166	5726
7167	5727
7168	5729
7169	5730
7170	5730
7171	5731
7172	5733
7173	5734
7174	5734
7175	5735
7176	5737
7177	5738
7178	5738
7179	5738
7180	5738
7181	5738
7182	5738
7183	5739
7184	5739
7185	5740
7186	5740
7187	5741
7188	5743
7189	5744
7190	5744
7191	5745
7192	5747
7193	5748
7194	5748
7195	5749
7196	5750
7197	5751
7198	5751
7199	5752
7200	5752
7201	5753
7202	5755
7203	5756
7204	5756
7205	5757
7206	5759
7207	5760
7208	5760
7209	5761
7210	5762
7211	5763
7212	5763
7213	5764
7214	5764
7215	5765
7216	5767
7217	5768
7218	5768
7219	5769
7220	5771
7221	5772
7222	5772
7223	5773
7224	5773
7225	5774
7226	5774
7227	5775
7228	5775
7229	5776
7230	5776
7231	5776
7232	5776
7233	5777
7234	5779
7235	5780
7236	5780
7237	5781
7238	5783
7239	5784
7240	5784
7241	5785
7242	5787
7243	5788
7244	5788
7245	5788
7246	5788
7247	5788
7248	5788
7249	5789
7250	5788
7251	5790
7252	5791
7253	5791
7254	5792
7255	5794
7256	5795
7257	5795
7258	5796
7259	5798
7260	5799
7261	5799
7262	5799
7263	5799
7264	5800
7265	5802
7266	5803
7267	5803
7268	5804
7269	5806
7270	5807
7271	5807
7272	5808
7273	5810
7274	5811
7275	5811
7276	5811
7277	5811
7278	5812
7279	5814
7280	5815
7281	5815
7282	5816
7283	5818
7284	5819
7285	5819
7286	5820
7287	5822
7288	5823
7289	5823
7290	5823
7291	5823
7292	5823
7293	5823
7294	5824
7295	5824
7296	5825
7297	5825
7298	5826
7299	5828
7300	5829
7301	5829
7302	5830
7303	5832
7304	5833
7305	5833
7306	5834
7307	5835
7308	5836
7309	5836
7310	5837
7311	5837
7312	5838
7313	5840
7314	5841
7315	5841
7316	5842
7317	5844
7318	5845
7319	5845
7320	5846
7321	5847
7322	5848
7323	5848
7324	5849
7325	5849
7326	5850
7327	5852
7328	5853
7329	5853
7330	5854
7331	5856
7332	5857
7333	5857
7334	5858
7335	5858
7336	5859
7337	5859
7338	5860
7339	5860
7340	5861
7341	5861
7342	5862
7343	5864
7344	5865
7345	5865
7346	5866
7347	5868
7348	5869
7349	5869
7350	5870
7351	5872
7352	5873
7353	5873
7354	5873
7355	5873
7356	5874
7357	5876
7358	5877
7359	5877
7360	5878
7361	5880
7362	5881
7363	5881
7364	5882
7365	5884
7366	5885
7367	5885
7368	5885
7369	5885
7370	5886
7371	5888
7372	5889
7373	5889
7374	5890
7375	5892
7376	5893
7377	5893
7378	5894
7379	5896
7380	5897
7381	5897
7382	5897
7383	5897
7384	5897
7385	5897
7386	5898
7387	5897
7388	5899
7389	5900
7390	5900
7391	5901
7392	5903
7393	5904
7394	5904
7395	5905
7396	5907
7397	5908
7398	5908
7399	5908
7400	5908
7401	5908
7402	5908
7403	5909
7404	5909
7405	5910
7406	5910
7407	5911
7408	5913
7409	5914
7410	5914
7411	5915
7412	5917
7413	5918
7414	5918
7415	5919
7416	5920
7417	5921
7418	5921
7419	5922
7420	5922
7421	5923
7422	5925
7423	5926
7424	5926
7425	5927
7426	5929
7427	5930
7428	5930
7429	5931
7430	5932
7431	5933
7432	5933
7433	5934
7434	5934
7435	5935
7436	5937
7437	5938
7438	5938
7439	5939
7440	5941
7441	5942
7442	5942
7443	5943
7444	5943
7445	5944
7446	5944
7447	5945
7448	5945
7449	5946
7450	5946
7451	5947
7452	5949
7453	5950
7454	5950
7455	5951
7456	5953
7457	5954
7458	5954
7459	5955
7460	5957
7461	5958
7462	5958
7463	5958
7464	5958
7465	5959
7466	5961
7467	5962
7468	5962
7469	5963
7470	5965
7471	5966
7472	5966
7473	5967
7474	5969
7475	5970
7476	5970
7477	5970
7478	5970
7479	5971
7480	5973
7481	5974
7482	5974
7483	5975
7484	5977
7485	5978
7486	5978
7487	5979
7488	5981
7489	5982
7490	5982
7491	5982
7492	5982
7493	5982
7494	5982
7495	5983
7496	5983
7497	5984
7498	5984
7499	5985
7500	5987
7501	5988
7502	5988
7503	5989
7504	5991
7505	5992
7506	5992
7507	5993
7508	5994
7509	5995
7510	5995
7511	5996
7512	5996
7513	5997
7514	5999
7515	6000
7516	6000
7517	6001
7518	6003
7519	6004
7520	6004
7521	6005
7522	6006
7523	6007
7524	6007
7525	6008
7526	6008
7527	6009
7528	6011
7529	6012
7530	6012
7531	6013
7532	6015
7533	6016
7534	6016
7535	6017
7536	6017
7537	6018
7538	6018
7539	6019
7540	6019
7541	6020
7542	6020
7543	6021
7544	6023
7545	6024
7546	6024
7547	6025
7548	6027
7549	6028
7550	6028
7551	6029
7552	6031
7553	6032
7554	6032
7555	6032
7556	6032
7557	6033
7558	6035
7559	6036
7560	6036
7561	6037
7562	6039
7563	6040
7564	6040
7565	6041
7566	6043
7567	6044
7568	6044
7569	6044
7570	6044
7571	6045
7572	6047
7573	6048
7574	6048
7575	6049
7576	6051
7577	6052
7578	6052
7579	6053
7580	6055
7581	6056
7582	6056
7583	6056
7584	6056
7585	6056
7586	6056
7587	6057
7588	6057
7589	6058
7590	6058
7591	6059
7592	6061
7593	6062
7594	6062
7595	6063
7596	6065
7597	6066
7598	6066
7599	6067
7600	6068
7601	6069
7602	6069
7603	6070
7604	6070
7605	6071
7606	6073
7607	6074
7608	6074
7609	6075
7610	6077
7611	6078
7612	6078
7613	6079
7614	6080
7615	6081
7616	6081
7617	6082
7618	6082
7619	6083
7620	6085
7621	6086
7622	6086
7623	6087
7624	6089
7625	6090
7626	6090
7627	6091
7628	6091
7629	6092
7630	6092
7631	6093
7632	6093
7633	6094
7634	6094
7635	6095
7636	6097
7637	6098
7638	6098
7639	6099
7640	6101
7641	6102
7642	6102
7643	6103
7644	6105
7645	6106
7646	6106
7647	6106
7648	6106
7649	6107
7650	6109
7651	6110
7652	6110
7653	6111
7654	6113
7655	6114
7656	6114
7657	6115
7658	6117
7659	6118
7660	6118
7661	6118
7662	6118
7663	6119
7664	6121
7665	6122
7666	6122
7667	6123
7668	6125
7669	6126
7670	6126
7671	6127
7672	6129
7673	6130
7674	6130
7675	6130
7676	6130
7677	6130
7678	6130
7679	6131
7680	6131
7681	6132
7682	6132
7683	6133
7684	6135
7685	6136
7686	6136
7687	6137
7688	6139
7689	6140
7690	6140
7691	6141
7692	6142
7693	6143
7694	6143
7695	6144
7696	6144
7697	6145
7698	6147
7699	6148
7700	6148
7701	6149
7702	6151
7703	6152
7704	6152
7705	6153
7706	6154
7707	6155
7708	6155
7709	6156
7710	6156
7711	6157
7712	6159
7713	6160
7714	6160
7715	6161
7716	6163
7717	6164
7718	6164
7719	6165
7720	6165
7721	6166
7722	6166
7723	6167
7724	6167
7725	6168
7726	6168
7727	6169
7728	6171
7729	6172
7730	6172
7731	6173
7732	6175
7733	6176
7734	6176
7735	6177
7736	6179
7737	6180
7738	6180
7739	6180
7740	6180
7741	6181
7742	6183
7743	6184
7744	6184
7745	6185
7746	6187
7747	6188
7748	6188
7749	6189
7750	6191
7751	6192
7752	6192
7753	6192
7754	6192
7755	6193
7756	6195
7757	6196
7758	6196
7759	6197
7760	6199
7761	6200
7762	6200
7763	6201
7764	6203
7765	6204
7766	6204
7767	6204
7768	6204
7769	6204
7770	6204
7771	6205
7772	6205
7773	6206
7774	6206
7775	6207
7776	6209
7777	6210
7778	6210
7779	6211
7780	6213
7781	6214
7782	6214
7783	6215
7784	6216
7785	6217
7786	6217
7787	6218
7788	6218
7789	6219
7790	6221
7791	6222
7792	6222
7793	6223
7794	6225
7795	6226
7796	6226
7797	6227
7798	6228
7799	6229
7800	6229
7801	6230
7802	6230
7803	6231
7804	6233
7805	6234
7806	6234
7807	6235
7808	6237
7809	6238
7810	6238
7811	6239
7812	6239
7813	6240
7814	6240
7815	6241
7816	6241
7817	6242
7818	6242
7819	6243
7820	6245
7821	6246
7822	6246
7823	6247
7824	6249
7825	6250
7826	6250
7827	6251
7828	6253
7829	6254
7830	6254
7831	6254
7832	6254
7833	6255
7834	6257
7835	6258
7836	6258
7837	6259
7838	6261
7839	6262
7840	6262
7841	6263
7842	6265
7843	6266
7844	6266
7845	6266
7846	6266
7847	6267
7848	6269
7849	6270
7850	6270
7851	6271
7852	6273
7853	6274
7854	6274
7855	6275
7856	6277
7857	6278
7858	6278
7859	6278
7860	6278
7861	6278
7862	6278
7863	6279
7864	6279
7865	6280
7866	6280
7867	6281
7868	6282
7869	6283
7870	6283
7871	6284
7872	6284
7873	6285
7874	6287
7875	6288
7876	6288
7877	6289
7878	6291
7879	6292
7880	6292
7881	6293
7882	6294
7883	6295
7884	6294
7885	6294
7886	6294
7887	6294
7888	6295
7889	6295
7890	6296
7891	6296
7892	6297
7893	6299
7894	6300
7895	6300
7896	6301
7897	6303
7898	6304
7899	6304
7900	6305
7901	6307
7902	6308
7903	6308
7904	6308
7905	6308
7906	6309
7907	6311
7908	6312
7909	6312
7910	6313
7911	6315
7912	6316
7913	6316
7914	6317
7915	6319
7916	6320
7917	6320
7918	6320
7919	6320
7920	6321
7921	6323
7922	6324
7923	6324
7924	6325
7925	6327
7926	6328
7927	6328
7928	6329
7929	6331
7930	6332
7931	6332
7932	6332
7933	6332
7934	6332
7935	6332
7936	6333
7937	6333
7938	6334
7939	6334
7940	6335
7941	6337
7942	6338
7943	6338
7944	6339
7945	6341
7946	6342
7947	6342
7948	6343
7949	6344
7950	6345
7951	6345
7952	6346
7953	6346
7954	6347
7955	6349
7956	6350
7957	6350
7958	6351
7959	6353
7960	6354
7961	6354
7962	6355
7963	6356
7964	6357
7965	6357
7966	6358
7967	6358
7968	6359
7969	6361
7970	6362
7971	6362
7972	6363
7973	6365
7974	6366
7975	6366
7976	6367
7977	6367
7978	6368
7979	6367
7980	6367
7981	6368
7982	6367
7983	6369
7984	6370
7985	6370
7986	6371
7987	6373
7988	6374
7989	6374
7990	6375
7991	6377
7992	6378
7993	6378
7994	6378
7995	6378
7996	6379
7997	6381
7998	6382
7999	6382
8000	6383
8001	6385
8002	6386
8003	6386
8004	6387
8005	6389
8006	6390
8007	6390
8008	6390
8009	6390
8010	6391
8011	6393
8012	6394
8013	6394
8014	6395
8015	6397
8016	6398
8017	6398
8018	6399
8019	6401
8020	6402
8021	6402
8022	6402
8023	6402
8024	6402
8025	6401
8026	6401
8027	6401
8028	6401
8029	6402
8030	6404
8031	6405
8032	6405
8033	6406
8034	6408
8035	6409
8036	6409
8037	6410
8038	6412
8039	6413
8040	6413
8041	6413
8042	6413
8043	6414
8044	6416
8045	6417
8046	6417
8047	6418
8048	6420
8049	6421
8050	6421
8051	6422
8052	6424
8053	6425
8054	6425
8055	6425
8056	6425
8057	6426
8058	6428
8059	6429
8060	6429
8061	6430
8062	6432
8063	6433
8064	6433
8065	6434
8066	6436
8067	6437
8068	6437
8069	6437
8070	6436
8071	6436
8072	6437
8073	6439
8074	6440
8075	6440
8076	6441
8077	6443
8078	6444
8079	6444
8080	6445
8081	6447
8082	6448
8083	6448
8084	6448
8085	6448
8086	6449
8087	6451
8088	6452
8089	6452
8090	6453
8091	6455
8092	6456
8093	6456
8094	6457
8095	6459
8096	6460
8097	6460
8098	6460
8099	6460
8100	6461
8101	6463
8102	6464
8103	6464
8104	6465
8105	6467
8106	6468
8107	6468
8108	6469
8109	6471
8110	6472
8111	6472
8112	6472
8113	6472
8114	6472
8115	6472
8116	6473
8117	6473
8118	6474
8119	6474
8120	6475
8121	6477
8122	6478
8123	6478
8124	6479
8125	6481
8126	6482
8127	6482
8128	6483
8129	6484
8130	6485
8131	6485
8132	6486
8133	6486
8134	6487
8135	6489
8136	6490
8137	6490
8138	6491
8139	6493
8140	6494
8141	6494
8142	6495
8143	6496
8144	6497
8145	6497
8146	6498
8147	6498
8148	6499
8149	6501
8150	6502
8151	6502
8152	6503
8153	6505
8154	6506
8155	6506
8156	6507
8157	6507
8158	6508
8159	6508
8160	6509
8161	6509
8162	6510
8163	6510
8164	6511
8165	6513
8166	6514
8167	6514
8168	6515
8169	6517
8170	6518
8171	6518
8172	6519
8173	6521
8174	6522
8175	6522
8176	6522
8177	6522
8178	6523
8179	6525
8180	6526
8181	6526
8182	6527
8183	6529
8184	6530
8185	6530
8186	6531
8187	6533
8188	6534
8189	6534
8190	6534
8191	6534
8192	6535
8193	6537
8194	6538
8195	6538
8196	6539
8197	6541
8198	6542
8199	6542
8200	6543
8201	6545
8202	6546
8203	6546
8204	6546
8205	6546
8206	6546
8207	6546
8208	6547
8209	6547
8210	6548
8211	6548
8212	6549
8213	6551
8214	6552
8215	6552
8216	6553
8217	6555
8218	6556
8219	6556
8220	6557
8221	6558
8222	6559
8223	6559
8224	6560
8225	6560
8226	6561
8227	6563
8228	6564
8229	6564
8230	6565
8231	6567
8232	6568
8233	6568
8234	6569
8235	6570
8236	6571
8237	6571
8238	6572
8239	6572
8240	6573
8241	6575
8242	6576
8243	6576
8244	6577
8245	6579
8246	6580
8247	6580
8248	6581
8249	6581
8250	6582
8251	6582
8252	6583
8253	6583
8254	6584
8255	6584
8256	6585
8257	6587
8258	6588
8259	6588
8260	6589
8261	6591
8262	6592
8263	6592
8264	6593
8265	6595
8266	6596
8267	6596
8268	6596
8269	6596
8270	6597
8271	6599
8272	6600
8273	6600
8274	6601
8275	6603
8276	6604
8277	6604
8278	6605
8279	6607
8280	6608
8281	6608
8282	6608
8283	6608
8284	6609
8285	6611
8286	6612
8287	6612
8288	6613
8289	6615
8290	6616
8291	6616
8292	6617
8293	6619
8294	6620
8295	6620
8296	6620
8297	6620
8298	6620
8299	6620
8300	6621
8301	6621
8302	6622
8303	6622
8304	6623
8305	6625
8306	6626
8307	6626
8308	6627
8309	6629
8310	6630
8311	6630
8312	6631
8313	6632
8314	6633
8315	6633
8316	6634
8317	6634
8318	6635
8319	6637
8320	6638
8321	6638
8322	6639
8323	6641
8324	6642
8325	6642
8326	6643
8327	6644
8328	6645
8329	6645
8330	6646
8331	6646
8332	6647
8333	6649
8334	6650
8335	6650
8336	6651
8337	6653
8338	6654
8339	6654
8340	6655
8341	6655
8342	6656
8343	6656
8344	6657
8345	6657
8346	6658
8347	6658
8348	6659
8349	6661
8350	6662
8351	6662
8352	6663
8353	6665
8354	6666
8355	6666
8356	6667
8357	6669
8358	6670
8359	6670
8360	6670
8361	6670
8362	6671
8363	6673
8364	6674
8365	6674
8366	6675
8367	6677
8368	6678
8369	6678
8370	6679
8371	6681
8372	6682
8373	6682
8374	6682
8375	6682
8376	6683
8377	6685
8378	6686
8379	6686
8380	6687
8381	6689
8382	6690
8383	6690
8384	6691
8385	6693
8386	6694
8387	6694
8388	6694
8389	6694
8390	6694
8391	6694
8392	6695
8393	6695
8394	6696
8395	6696
8396	6697
8397	6699
8398	6700
8399	6700
8400	6701
8401	6703
8402	6704
8403	6704
8404	6705
8405	6706
8406	6707
8407	6707
8408	6708
8409	6708
8410	6709
8411	6711
8412	6712
8413	6712
8414	6713
8415	6715
8416	6716
8417	6716
8418	6717
8419	6718
8420	6719
8421	6719
8422	6720
8423	6720
8424	6721
8425	6723
8426	6724
8427	6724
8428	6725
8429	6727
8430	6728
8431	6728
8432	6729
8433	6729
8434	6730
8435	6730
8436	6731
8437	6731
8438	6732
8439	6732
8440	6733
8441	6735
8442	6736
8443	6736
8444	6737
8445	6739
8446	6740
8447	6740
8448	6741
8449	6743
8450	6744
8451	6744
8452	6744
8453	6744
8454	6744
8455	6744
8456	6745
8457	6745
8458	6746
8459	6746
8460	6747
8461	6749
8462	6750
8463	6750
8464	6751
8465	6753
8466	6754
8467	6754
8468	6755
8469	6756
8470	6757
8471	6757
8472	6758
8473	6758
8474	6759
8475	6761
8476	6762
8477	6762
8478	6763
8479	6765
8480	6766
8481	6766
8482	6767
8483	6768
8484	6769
8485	6769
8486	6770
8487	6770
8488	6771
8489	6773
8490	6774
8491	6774
8492	6775
8493	6777
8494	6778
8495	6778
8496	6779
8497	6779
8498	6780
8499	6780
8500	6781
8501	6781
8502	6782
8503	6782
8504	6783
8505	6785
8506	6786
8507	6786
8508	6787
8509	6789
8510	6790
8511	6790
8512	6791
8513	6793
8514	6794
8515	6794
8516	6794
8517	6794
8518	6795
8519	6797
8520	6798
8521	6798
8522	6799
8523	6801
8524	6802
8525	6802
8526	6803
8527	6805
8528	6806
8529	6806
8530	6806
8531	6806
8532	6807
8533	6809
8534	6810
8535	6810
8536	6811
8537	6813
8538	6814
8539	6814
8540	6815
8541	6817
8542	6818
8543	6818
8544	6818
8545	6818
8546	6818
8547	6818
8548	6819
8549	6819
8550	6820
8551	6820
8552	6821
8553	6823
8554	6824
8555	6824
8556	6825
8557	6827
8558	6828
8559	6828
8560	6829
8561	6830
8562	6831
8563	6831
8564	6832
8565	6832
8566	6833
8567	6835
8568	6836
8569	6836
8570	6837
8571	6839
8572	6840
8573	6840
8574	6841
8575	6842
8576	6843
8577	6843
8578	6844
8579	6844
8580	6845
8581	6847
8582	6848
8583	6848
8584	6849
8585	6851
8586	6852
8587	6852
8588	6853
8589	6853
8590	6854
8591	6853
8592	6853
8593	6853
8594	6852
8595	6852
8596	6853
8597	6855
8598	6856
8599	6856
8600	6857
8601	6859
8602	6860
8603	6860
8604	6861
8605	6863
8606	6864
8607	6864
8608	6864
8609	6864
8610	6864
8611	6864
8612	6865
8613	6865
8614	6866
8615	6866
8616	6867
8617	6869
8618	6870
8619	6870
8620	6871
8621	6873
8622	6874
8623	6874
8624	6875
8625	6876
8626	6877
8627	6877
8628	6878
8629	6878
8630	6879
8631	6881
8632	6882
8633	6882
8634	6883
8635	6885
8636	6886
8637	6886
8638	6887
8639	6888
8640	6889
8641	6889
8642	6890
8643	6890
8644	6891
8645	6893
8646	6894
8647	6894
8648	6895
8649	6897
8650	6898
8651	6898
8652	6899
8653	6899
8654	6900
8655	6900
8656	6901
8657	6901
8658	6902
8659	6902
8660	6903
8661	6905
8662	6906
8663	6906
8664	6907
8665	6909
8666	6910
8667	6910
8668	6911
8669	6913
8670	6914
8671	6914
8672	6914
8673	6914
8674	6915
8675	6917
8676	6918
8677	6918
8678	6919
8679	6921
8680	6922
8681	6922
8682	6923
8683	6925
8684	6926
8685	6926
8686	6926
8687	6926
8688	6927
8689	6929
8690	6930
8691	6930
8692	6931
8693	6933
8694	6934
8695	6934
8696	6935
8697	6937
8698	6938
8699	6938
8700	6938
8701	6938
8702	6938
8703	6938
8704	6938
8705	6937
8706	6937
8707	6938
8708	6940
8709	6941
8710	6941
8711	6942
8712	6944
8713	6945
8714	6945
8715	6946
8716	6948
8717	6949
8718	6949
8719	6949
8720	6949
8721	6950
8722	6952
8723	6953
8724	6953
8725	6954
8726	6956
8727	6957
8728	6957
8729	6958
8730	6960
8731	6961
8732	6961
8733	6961
8734	6961
8735	6962
8736	6964
8737	6965
8738	6965
8739	6966
8740	6968
8741	6969
8742	6969
8743	6970
8744	6972
8745	6973
8746	6973
8747	6973
8748	6973
8749	6973
8750	6973
8751	6974
8752	6974
8753	6975
8754	6975
8755	6976
8756	6978
8757	6979
8758	6979
8759	6980
8760	6982
8761	6983
8762	6983
8763	6984
8764	6985
8765	6986
8766	6986
8767	6987
8768	6987
8769	6988
8770	6990
8771	6991
8772	6991
8773	6992
8774	6994
8775	6995
8776	6995
8777	6996
8778	6997
8779	6998
8780	6998
8781	6999
8782	6999
8783	7000
8784	7002
8785	7003
8786	7003
8787	7004
8788	7006
8789	7007
8790	7007
8791	7008
8792	7008
8793	7009
8794	7009
8795	7010
8796	7010
8797	7011
8798	7011
8799	7012
8800	7014
8801	7015
8802	7015
8803	7016
8804	7018
8805	7019
8806	7019
8807	7020
8808	7022
8809	7023
8810	7023
8811	7023
8812	7023
8813	7024
8814	7026
8815	7027
8816	7027
8817	7028
8818	7030
8819	7031
8820	7031
8821	7032
8822	7034
8823	7035
8824	7035
8825	7035
8826	7035
8827	7036
8828	7038
8829	7039
8830	7039
8831	7040
8832	7042
8833	7043
8834	7043
8835	7044
8836	7046
8837	7047
8838	7047
8839	7047
8840	7047
8841	7047
8842	7047
8843	7048
8844	7048
8845	7049
8846	7049
8847	7050
8848	7052
8849	7053
8850	7053
8851	7054
8852	7056
8853	7057
8854	7057
8855	7058
8856	7059
8857	7060
8858	7060
8859	7061
8860	7061
8861	7062
8862	7064
8863	7065
8864	7065
8865	7066
8866	7068
8867	7069
8868	7069
8869	7070
8870	7071
8871	7072
8872	7072
8873	7073
8874	7073
8875	7074
8876	7076
8877	7077
8878	7077
8879	7078
8880	7080
8881	7081
8882	7081
8883	7082
8884	7082
8885	7083
8886	7083
8887	7084
8888	7084
8889	7085
8890	7085
8891	7086
8892	7088
8893	7089
8894	7089
8895	7090
8896	7092
8897	7093
8898	7093
8899	7094
8900	7096
8901	7097
8902	7097
8903	7097
8904	7097
8905	7098
8906	7100
8907	7101
8908	7101
8909	7102
8910	7104
8911	7105
8912	7105
8913	7106
8914	7108
8915	7109
8916	7109
8917	7109
8918	7109
8919	7110
8920	7112
8921	7113
8922	7113
8923	7114
8924	7116
8925	7117
8926	7117
8927	7118
8928	7120
8929	7121
8930	7121
8931	7121
8932	7121
8933	7121
8934	7121
8935	7122
8936	7122
8937	7123
8938	7123
8939	7124
8940	7126
8941	7127
8942	7127
8943	7128
8944	7130
8945	7131
8946	7131
8947	7132
8948	7133
8949	7134
8950	7134
8951	7135
8952	7135
8953	7136
8954	7138
8955	7139
8956	7139
8957	7140
8958	7142
8959	7143
8960	7143
8961	7144
8962	7145
8963	7146
8964	7146
8965	7147
8966	7147
8967	7148
8968	7150
8969	7151
8970	7151
8971	7152
8972	7154
8973	7155
8974	7155
8975	7156
8976	7156
8977	7157
8978	7157
8979	7158
8980	7158
8981	7159
8982	7159
8983	7160
8984	7162
8985	7163
8986	7163
8987	7164
8988	7166
8989	7167
8990	7167
8991	7168
8992	7170
8993	7171
8994	7171
8995	7171
8996	7171
8997	7172
8998	7174
8999	7175
9000	7175
9001	7176
9002	7178
9003	7179
9004	7179
9005	7180
9006	7182
9007	7183
9008	7183
9009	7183
9010	7183
9011	7184
9012	7186
9013	7187
9014	7187
9015	7188
9016	7190
9017	7191
9018	7191
9019	7192
9020	7194
9021	7195
9022	7195
9023	7195
9024	7195
9025	7195
9026	7195
9027	7196
9028	7196
9029	7197
9030	7197
9031	7198
9032	7200
9033	7201
9034	7201
9035	7202
9036	7204
9037	7205
9038	7205
9039	7206
9040	7207
9041	7208
9042	7208
9043	7209
9044	7209
9045	7210
9046	7212
9047	7213
9048	7213
9049	7214
9050	7216
9051	7217
9052	7217
9053	7218
9054	7219
9055	7220
9056	7220
9057	7221
9058	7221
9059	7222
9060	7224
9061	7225
9062	7225
9063	7226
9064	7228
9065	7229
9066	7229
9067	7230
9068	7230
9069	7231
9070	7231
9071	7232
9072	7232
9073	7233
9074	7233
9075	7234
9076	7236
9077	7237
9078	7237
9079	7238
9080	7240
9081	7241
9082	7241
9083	7242
9084	7244
9085	7245
9086	7245
9087	7245
9088	7245
9089	7246
9090	7248
9091	7249
9092	7249
9093	7250
9094	7252
9095	7253
9096	7253
9097	7254
9098	7256
9099	7257
9100	7257
9101	7257
9102	7257
9103	7258
9104	7260
9105	7261
9106	7261
9107	7262
9108	7264
9109	7265
9110	7265
9111	7266
9112	7268
9113	7269
9114	7269
9115	7269
9116	7269
9117	7269
9118	7269
9119	7270
9120	7270
9121	7271
9122	7271
9123	7272
9124	7274
9125	7275
9126	7275
9127	7276
9128	7278
9129	7279
9130	7279
9131	7280
9132	7281
9133	7282
9134	7282
9135	7283
9136	7283
9137	7284
9138	7286
9139	7287
9140	7287
9141	7288
9142	7290
9143	7291
9144	7291
9145	7292
9146	7293
9147	7294
9148	7294
9149	7295
9150	7295
9151	7296
9152	7298
9153	7299
9154	7299
9155	7300
9156	7302
9157	7303
9158	7303
9159	7304
9160	7304
9161	7305
9162	7305
9163	7306
9164	7306
9165	7307
9166	7307
9167	7308
9168	7310
9169	7311
9170	7311
9171	7312
9172	7314
9173	7315
9174	7315
9175	7316
9176	7318
9177	7319
9178	7319
9179	7319
9180	7319
9181	7319
9182	7319
9183	7320
9184	7320
9185	7321
9186	7321
9187	7322
9188	7324
9189	7325
9190	7325
9191	7326
9192	7328
9193	7329
9194	7329
9195	7330
9196	7331
9197	7332
9198	7332
9199	7333
9200	7333
9201	7334
9202	7336
9203	7337
9204	7337
9205	7338
9206	7340
9207	7341
9208	7341
9209	7342
9210	7343
9211	7344
9212	7344
9213	7345
9214	7345
9215	7346
9216	7348
9217	7349
9218	7349
9219	7350
9220	7352
9221	7353
9222	7353
9223	7354
9224	7354
9225	7355
9226	7355
9227	7356
9228	7356
9229	7357
9230	7357
9231	7358
9232	7360
9233	7361
9234	7361
9235	7362
9236	7364
9237	7365
9238	7365
9239	7366
9240	7368
9241	7369
9242	7369
9243	7369
9244	7369
9245	7370
9246	7372
9247	7373
9248	7373
9249	7374
9250	7376
9251	7377
9252	7377
9253	7378
9254	7380
9255	7381
9256	7381
9257	7381
9258	7381
9259	7382
9260	7384
9261	7385
9262	7385
9263	7386
9264	7388
9265	7389
9266	7389
9267	7390
9268	7392
9269	7393
9270	7393
9271	7393
9272	7393
9273	7393
9274	7393
9275	7394
9276	7394
9277	7395
9278	7395
9279	7396
9280	7398
9281	7399
9282	7399
9283	7400
9284	7402
9285	7403
9286	7403
9287	7404
9288	7405
9289	7406
9290	7406
9291	7407
9292	7407
9293	7408
9294	7410
9295	7411
9296	7411
9297	7412
9298	7414
9299	7415
9300	7415
9301	7416
9302	7417
9303	7418
9304	7418
9305	7419
9306	7419
9307	7420
9308	7422
9309	7423
9310	7423
9311	7424
9312	7426
9313	7427
9314	7427
9315	7428
9316	7428
9317	7429
9318	7429
9319	7430
9320	7430
9321	7431
9322	7431
9323	7432
9324	7434
9325	7435
9326	7435
9327	7436
9328	7438
9329	7439
9330	7439
9331	7440
9332	7442
9333	7443
9334	7443
9335	7443
9336	7443
9337	7444
9338	7446
9339	7447
9340	7447
9341	7448
9342	7450
9343	7451
9344	7451
9345	7452
9346	7454
9347	7455
9348	7455
9349	7455
9350	7455
9351	7456
9352	7458
9353	7459
9354	7459
9355	7460
9356	7462
9357	7463
9358	7463
9359	7464
9360	7466
9361	7467
9362	7467
9363	7467
9364	7467
9365	7467
9366	7466
9367	7466
9368	7467
9369	7469
9370	7470
9371	7470
9372	7471
9373	7473
9374	7474
9375	7474
9376	7475
9377	7477
9378	7478
9379	7478
9380	7478
9381	7478
9382	7478
9383	7478
9384	7479
9385	7479
9386	7480
9387	7480
9388	7481
9389	7483
9390	7484
9391	7484
9392	7485
9393	7487
9394	7488
9395	7488
9396	7489
9397	7490
9398	7491
9399	7491
9400	7492
9401	7492
9402	7493
9403	7495
9404	7496
9405	7496
9406	7497
9407	7499
9408	7500
9409	7500
9410	7501
9411	7502
9412	7503
9413	7503
9414	7504
9415	7504
9416	7505
9417	7507
9418	7508
9419	7508
9420	7509
9421	7511
9422	7512
9423	7512
9424	7513
9425	7513
9426	7514
9427	7514
9428	7515
9429	7515
9430	7516
9431	7516
9432	7517
9433	7519
9434	7520
9435	7520
9436	7521
9437	7523
9438	7524
9439	7524
9440	7525
9441	7527
9442	7528
9443	7528
9444	7528
9445	7528
9446	7529
9447	7531
9448	7532
9449	7532
9450	7533
9451	7535
9452	7536
9453	7536
9454	7537
9455	7539
9456	7540
9457	7540
9458	7540
9459	7540
9460	7541
9461	7543
9462	7544
9463	7544
9464	7545
9465	7547
9466	7548
9467	7548
9468	7549
9469	7551
9470	7552
9471	7552
9472	7552
9473	7552
9474	7552
9475	7552
9476	7553
9477	7553
9478	7554
9479	7554
9480	7555
9481	7557
9482	7558
9483	7558
9484	7559
9485	7561
9486	7562
9487	7562
9488	7563
9489	7564
9490	7565
9491	7565
9492	7566
9493	7566
9494	7567
9495	7569
9496	7570
9497	7570
9498	7571
9499	7573
9500	7574
9501	7574
9502	7575
9503	7576
9504	7577
9505	7577
9506	7578
9507	7578
9508	7579
9509	7581
9510	7582
9511	7582
9512	7583
9513	7585
9514	7586
9515	7586
9516	7587
9517	7587
9518	7588
9519	7588
9520	7589
9521	7589
9522	7590
9523	7590
9524	7591
9525	7593
9526	7594
9527	7594
9528	7595
9529	7597
9530	7598
9531	7598
9532	7599
9533	7601
9534	7602
9535	7602
9536	7602
9537	7602
9538	7603
9539	7605
9540	7606
9541	7606
9542	7607
9543	7609
9544	7610
9545	7610
9546	7611
9547	7613
9548	7614
9549	7614
9550	7614
9551	7614
9552	7615
9553	7617
9554	7618
9555	7618
9556	7619
9557	7621
9558	7622
9559	7622
9560	7623
9561	7625
9562	7626
9563	7626
9564	7626
9565	7626
9566	7626
9567	7626
9568	7627
9569	7627
9570	7628
9571	7628
9572	7629
9573	7631
9574	7632
9575	7632
9576	7633
9577	7635
9578	7636
9579	7636
9580	7637
9581	7638
9582	7639
9583	7638
9584	7638
9585	7639
9586	7641
9587	7642
9588	7642
9589	7643
9590	7645
9591	7646
9592	7646
9593	7647
9594	7649
9595	7650
9596	7650
9597	7650
9598	7650
9599	7651
9600	7653
9601	7654
9602	7654
9603	7655
9604	7657
9605	7658
9606	7658
9607	7659
9608	7661
9609	7662
9610	7662
9611	7662
9612	7662
9613	7663
9614	7665
9615	7666
9616	7666
9617	7667
9618	7669
9619	7670
9620	7670
9621	7671
9622	7673
9623	7674
9624	7674
9625	7674
9626	7673
9627	7673
9628	7674
9629	7676
9630	7677
9631	7677
9632	7678
9633	7680
9634	7681
9635	7681
9636	7682
9637	7684
9638	7685
9639	7685
9640	7685
9641	7685
9642	7686
9643	7688
9644	7689
9645	7689
9646	7690
9647	7692
9648	7693
9649	7693
9650	7694
9651	7696
9652	7697
9653	7697
9654	7697
9655	7697
9656	7698
9657	7700
9658	7701
9659	7701
9660	7702
9661	7704
9662	7705
9663	7705
9664	7706
9665	7708
9666	7709
9667	7709
9668	7709
9669	7709
9670	7709
9671	7709
9672	7710
9673	7710
9674	7711
9675	7711
9676	7712
9677	7714
9678	7715
9679	7715
9680	7716
9681	7718
9682	7719
9683	7719
9684	7720
9685	7721
9686	7722
9687	7721
9688	7721
9689	7722
9690	7724
9691	7725
9692	7725
9693	7726
9694	7728
9695	7729
9696	7729
9697	7730
9698	7732
9699	7733
9700	7733
9701	7733
9702	7733
9703	7734
9704	7736
9705	7737
9706	7737
9707	7738
9708	7740
9709	7741
9710	7741
9711	7742
9712	7744
9713	7745
9714	7745
9715	7745
9716	7745
9717	7746
9718	7748
9719	7749
9720	7749
9721	7750
9722	7752
9723	7753
9724	7753
9725	7754
9726	7756
9727	7757
9728	7757
9729	7757
9730	7756
9731	7756
9732	7757
9733	7759
9734	7760
9735	7760
9736	7761
9737	7763
9738	7764
9739	7764
9740	7765
9741	7767
9742	7768
9743	7768
9744	7768
9745	7768
9746	7769
9747	7771
9748	7772
9749	7772
9750	7773
9751	7775
9752	7776
9753	7776
9754	7777
9755	7779
9756	7780
9757	7780
9758	7780
9759	7780
9760	7780
9761	7780
9762	7780
9763	7780
9764	7781
9765	7781
9766	7782
9767	7784
9768	7785
9769	7785
9770	7786
9771	7788
9772	7789
9773	7789
9774	7790
9775	7791
9776	7792
9777	7791
9778	7791
9779	7792
9780	7794
9781	7795
9782	7795
9783	7796
9784	7798
9785	7799
9786	7799
9787	7800
9788	7802
9789	7803
9790	7803
9791	7803
9792	7803
9793	7803
9794	7802
9795	7802
9796	7803
9797	7805
9798	7806
9799	7806
9800	7807
9801	7809
9802	7810
9803	7810
9804	7811
9805	7813
9806	7814
9807	7814
9808	7814
9809	7814
9810	7815
9811	7816
9812	7817
9813	7817
9814	7818
9815	7818
9816	7819
9817	7821
9818	7822
9819	7822
9820	7823
9821	7825
9822	7826
9823	7826
9824	7827
9825	7829
9826	7830
9827	7830
9828	7830
9829	7830
9830	7831
9831	7833
9832	7834
9833	7834
9834	7835
9835	7837
9836	7838
9837	7838
9838	7839
9839	7841
9840	7842
9841	7842
9842	7842
9843	7842
9844	7843
9845	7845
9846	7846
9847	7846
9848	7847
9849	7849
9850	7850
9851	7850
9852	7851
9853	7853
9854	7854
9855	7854
9856	7854
9857	7854
9858	7854
9859	7854
9860	7855
9861	7855
9862	7856
9863	7856
9864	7857
9865	7859
9866	7860
9867	7860
9868	7861
9869	7863
9870	7864
9871	7864
9872	7865
9873	7866
9874	7867
9875	7867
9876	7868
9877	7868
9878	7869
9879	7871
9880	7872
9881	7872
9882	7873
9883	7875
9884	7876
9885	7876
9886	7877
9887	7878
9888	7879
9889	7879
9890	7880
9891	7880
9892	7881
9893	7883
9894	7884
9895	7884
9896	7885
9897	7887
9898	7888
9899	7888
9900	7889
9901	7889
9902	7890
9903	7890
9904	7891
9905	7891
9906	7892
9907	7892
9908	7893
9909	7895
9910	7896
9911	7896
9912	7897
9913	7899
9914	7900
9915	7900
9916	7901
9917	7903
9918	7904
9919	7904
9920	7904
9921	7904
9922	7905
9923	7907
9924	7908
9925	7908
9926	7909
9927	7911
9928	7912
9929	7912
9930	7913
9931	7915
9932	7916
9933	7916
9934	7916
9935	7916
9936	7917
9937	7919
9938	7920
9939	7920
9940	7921
9941	7923
9942	7924
9943	7924
9944	7925
9945	7927
9946	7928
9947	7928
9948	7928
9949	7928
9950	7928
9951	7928
9952	7929
9953	7929
9954	7930
9955	7930
9956	7931
9957	7933
9958	7934
9959	7934
9960	7935
9961	7937
9962	7938
9963	7938
9964	7939
9965	7940
9966	7941
9967	7941
9968	7942
9969	7942
9970	7943
9971	7945
9972	7946
9973	7946
9974	7947
9975	7949
9976	7950
9977	7950
9978	7951
9979	7952
9980	7953
9981	7953
9982	7954
9983	7954
9984	7955
9985	7957
9986	7958
9987	7958
9988	7959
9989	7961
9990	7962
9991	7962
9992	7963
9993	7963
9994	7964
9995	7964
9996	7965
9997	7965
9998	7966
9999	7966
10000	7967
10001	7969
10002	7970
10003	7970
10004	7971
10005	7973
10006	7974
10007	7974
10008	7975
10009	7977
10010	7978
10011	7978
10012	7978
10013	7978
10014	7979
10015	7981
10016	7982
10017	7982
10018	7983
10019	7985
10020	7986
10021	7986
10022	7987
10023	7989
10024	7990
10025	7990
10026	7990
10027	7990
10028	7991
10029	7993
10030	7994
10031	7994
10032	7995
10033	7997
10034	7998
10035	7998
10036	7999
10037	8001
10038	8002
10039	8002
10040	8002
10041	8002
10042	8002
10043	8002
10044	8003
10045	8003
10046	8004
10047	8004
10048	8005
10049	8007
10050	8008
10051	8008
10052	8009
10053	8011
10054	8012
10055	8012
10056	8013
10057	8014
10058	8015
10059	8015
10060	8016
10061	8016
10062	8017
10063	8019
10064	8020
10065	8020
10066	8021
10067	8023
10068	8024
10069	8024
10070	8025
10071	8026
10072	8027
10073	8027
10074	8028
10075	8028
10076	8029
10077	8031
10078	8032
10079	8032
10080	8033
10081	8035
10082	8036
10083	8036
10084	8037
10085	8037
10086	8038
10087	8038
10088	8039
10089	8039
10090	8040
10091	8040
10092	8041
10093	8043
10094	8044
10095	8044
10096	8045
10097	8047
10098	8048
10099	8048
10100	8049
10101	8051
10102	8052
10103	8052
10104	8052
10105	8052
10106	8053
10107	8055
10108	8056
10109	8056
10110	8057
10111	8059
10112	8060
10113	8060
10114	8061
10115	8063
10116	8064
10117	8064
10118	8064
10119	8064
10120	8065
10121	8067
10122	8068
10123	8068
10124	8069
10125	8071
10126	8072
10127	8072
10128	8073
10129	8075
10130	8076
10131	8076
10132	8076
10133	8076
10134	8076
10135	8076
10136	8077
10137	8077
10138	8078
10139	8078
10140	8079
10141	8081
10142	8082
10143	8082
10144	8083
10145	8085
10146	8086
10147	8086
10148	8087
10149	8088
10150	8089
10151	8089
10152	8090
10153	8090
10154	8091
10155	8093
10156	8094
10157	8094
10158	8095
10159	8097
10160	8098
10161	8098
10162	8099
10163	8100
10164	8101
10165	8101
10166	8102
10167	8102
10168	8103
10169	8105
10170	8106
10171	8106
10172	8107
10173	8109
10174	8110
10175	8110
10176	8111
10177	8111
10178	8112
10179	8112
10180	8113
10181	8113
10182	8114
10183	8114
10184	8115
10185	8117
10186	8118
10187	8118
10188	8119
10189	8121
10190	8122
10191	8122
10192	8123
10193	8125
10194	8126
10195	8126
10196	8126
10197	8126
10198	8127
10199	8129
10200	8130
10201	8130
10202	8131
10203	8133
10204	8134
10205	8134
10206	8135
10207	8137
10208	8138
10209	8138
10210	8138
10211	8138
10212	8139
10213	8141
10214	8142
10215	8142
10216	8143
10217	8145
10218	8146
10219	8146
10220	8147
10221	8149
10222	8150
10223	8150
10224	8150
10225	8150
10226	8150
10227	8150
10228	8151
10229	8151
10230	8152
10231	8152
10232	8153
10233	8155
10234	8156
10235	8156
10236	8157
10237	8159
10238	8160
10239	8160
10240	8161
10241	8162
10242	8163
10243	8163
10244	8164
10245	8164
10246	8165
10247	8167
10248	8168
10249	8168
10250	8169
10251	8171
10252	8172
10253	8172
10254	8173
10255	8174
10256	8175
10257	8175
10258	8176
10259	8176
10260	8177
10261	8179
10262	8180
10263	8180
10264	8181
10265	8183
10266	8184
10267	8184
10268	8185
10269	8185
10270	8186
10271	8186
10272	8187
10273	8187
10274	8188
10275	8188
10276	8188
10277	8188
10278	8189
10279	8191
10280	8192
10281	8192
10282	8193
10283	8195
10284	8196
10285	8196
10286	8197
10287	8199
10288	8200
10289	8200
10290	8200
10291	8200
10292	8201
10293	8203
10294	8204
10295	8204
10296	8205
10297	8207
10298	8208
10299	8208
10300	8209
10301	8211
10302	8212
10303	8212
10304	8212
10305	8212
10306	8213
10307	8215
10308	8216
10309	8216
10310	8217
10311	8219
10312	8220
10313	8220
10314	8221
10315	8223
10316	8224
10317	8224
10318	8224
10319	8223
10320	8223
10321	8224
10322	8225
10323	8226
10324	8226
10325	8227
10326	8227
10327	8227
10328	8227
10329	8227
10330	8227
10331	8228
10332	8228
10333	8229
10334	8229
10335	8230
10336	8232
10337	8233
10338	8233
10339	8234
10340	8236
10341	8237
10342	8237
10343	8238
10344	8240
10345	8241
10346	8241
10347	8241
10348	8241
10349	8242
10350	8244
10351	8245
10352	8245
10353	8246
10354	8248
10355	8249
10356	8249
10357	8250
10358	8252
10359	8253
10360	8253
10361	8253
10362	8253
10363	8254
10364	8256
10365	8257
10366	8257
10367	8258
10368	8260
10369	8261
10370	8261
10371	8262
10372	8264
10373	8265
10374	8265
10375	8265
10376	8265
10377	8265
10378	8265
10379	8266
10380	8266
10381	8267
10382	8267
10383	8268
10384	8270
10385	8271
10386	8271
10387	8272
10388	8274
10389	8275
10390	8275
10391	8276
10392	8277
10393	8278
10394	8278
10395	8279
10396	8279
10397	8280
10398	8282
10399	8283
10400	8283
10401	8284
10402	8286
10403	8287
10404	8287
10405	8288
10406	8289
10407	8290
10408	8290
10409	8291
10410	8291
10411	8292
10412	8294
10413	8295
10414	8295
10415	8296
10416	8298
10417	8299
10418	8299
10419	8300
10420	8300
10421	8301
10422	8301
10423	8302
10424	8302
10425	8303
10426	8303
10427	8304
10428	8306
10429	8307
10430	8307
10431	8308
10432	8310
10433	8311
10434	8311
10435	8312
10436	8314
10437	8315
10438	8315
10439	8315
10440	8315
10441	8316
10442	8318
10443	8319
10444	8319
10445	8320
10446	8322
10447	8323
10448	8323
10449	8324
10450	8326
10451	8327
10452	8327
10453	8327
10454	8327
10455	8328
10456	8330
10457	8331
10458	8331
10459	8332
10460	8334
10461	8335
10462	8335
10463	8336
10464	8338
10465	8339
10466	8339
10467	8339
10468	8339
10469	8339
10470	8339
10471	8340
10472	8340
10473	8341
10474	8341
10475	8342
10476	8344
10477	8345
10478	8345
10479	8346
10480	8348
10481	8349
10482	8349
10483	8350
10484	8351
10485	8352
10486	8352
10487	8353
10488	8353
10489	8354
10490	8356
10491	8357
10492	8357
10493	8358
10494	8360
10495	8361
10496	8361
10497	8362
10498	8363
10499	8364
10500	8364
10501	8365
10502	8365
10503	8366
10504	8368
10505	8369
10506	8369
10507	8370
10508	8372
10509	8373
10510	8373
10511	8374
10512	8374
10513	8375
10514	8375
10515	8376
10516	8376
10517	8377
10518	8377
10519	8378
10520	8380
10521	8381
10522	8381
10523	8382
10524	8384
10525	8385
10526	8385
10527	8386
10528	8388
10529	8389
10530	8389
10531	8389
10532	8389
10533	8390
10534	8392
10535	8393
10536	8393
10537	8394
10538	8396
10539	8397
10540	8397
10541	8398
10542	8400
10543	8401
10544	8401
10545	8401
10546	8401
10547	8402
10548	8404
10549	8405
10550	8405
10551	8406
10552	8408
10553	8409
10554	8409
10555	8410
10556	8412
10557	8413
10558	8413
10559	8413
10560	8413
10561	8413
10562	8413
10563	8414
10564	8414
10565	8415
10566	8415
10567	8416
10568	8418
10569	8419
10570	8419
10571	8420
10572	8422
10573	8423
10574	8423
10575	8424
10576	8425
10577	8426
10578	8426
10579	8427
10580	8427
10581	8428
10582	8430
10583	8431
10584	8431
10585	8432
10586	8434
10587	8435
10588	8435
10589	8436
10590	8437
10591	8438
10592	8438
10593	8439
10594	8439
10595	8440
10596	8442
10597	8443
10598	8443
10599	8444
10600	8446
10601	8447
10602	8447
10603	8448
10604	8448
10605	8449
10606	8449
10607	8450
10608	8450
10609	8451
10610	8451
10611	8452
10612	8454
10613	8455
10614	8455
10615	8456
10616	8458
10617	8459
10618	8459
10619	8460
10620	8462
10621	8463
10622	8463
10623	8463
10624	8463
10625	8464
10626	8466
10627	8467
10628	8467
10629	8468
10630	8470
10631	8471
10632	8471
10633	8472
10634	8474
10635	8475
10636	8475
10637	8475
10638	8475
10639	8476
10640	8478
10641	8479
10642	8479
10643	8480
10644	8482
10645	8483
10646	8483
10647	8484
10648	8486
10649	8487
10650	8487
10651	8487
10652	8487
10653	8487
10654	8487
10655	8488
10656	8488
10657	8489
10658	8489
10659	8490
10660	8492
10661	8493
10662	8493
10663	8494
10664	8496
10665	8497
10666	8497
10667	8498
10668	8499
10669	8500
10670	8500
10671	8501
10672	8501
10673	8502
10674	8504
10675	8505
10676	8505
10677	8506
10678	8508
10679	8509
10680	8509
10681	8510
10682	8511
10683	8512
10684	8512
10685	8513
10686	8513
10687	8514
10688	8516
10689	8517
10690	8517
10691	8518
10692	8520
10693	8521
10694	8521
10695	8522
10696	8522
10697	8523
10698	8523
10699	8524
10700	8524
10701	8525
10702	8525
10703	8526
10704	8528
10705	8529
10706	8529
10707	8530
10708	8532
10709	8533
10710	8533
10711	8534
10712	8536
10713	8537
10714	8537
10715	8537
10716	8537
10717	8538
10718	8540
10719	8541
10720	8541
10721	8542
10722	8544
10723	8545
10724	8545
10725	8546
10726	8548
10727	8549
10728	8549
10729	8549
10730	8549
10731	8550
10732	8552
10733	8553
10734	8553
10735	8554
10736	8556
10737	8557
10738	8557
10739	8558
10740	8560
10741	8561
10742	8561
10743	8561
10744	8561
10745	8561
10746	8561
10747	8562
10748	8562
10749	8563
10750	8563
10751	8564
10752	8566
10753	8567
10754	8567
10755	8568
10756	8570
10757	8571
10758	8571
10759	8572
10760	8573
10761	8574
10762	8574
10763	8575
10764	8575
10765	8576
10766	8578
10767	8579
10768	8579
10769	8580
10770	8582
10771	8583
10772	8583
10773	8584
10774	8585
10775	8586
10776	8586
10777	8587
10778	8587
10779	8588
10780	8590
10781	8591
10782	8591
10783	8592
10784	8594
10785	8595
10786	8595
10787	8596
10788	8596
10789	8597
10790	8597
10791	8598
10792	8598
10793	8599
10794	8599
10795	8599
10796	8599
10797	8599
10798	8599
10799	8600
10800	8600
10801	8601
10802	8601
10803	8602
10804	8604
10805	8605
10806	8605
10807	8606
10808	8608
10809	8609
10810	8609
10811	8610
10812	8612
10813	8613
10814	8613
10815	8613
10816	8613
10817	8614
10818	8616
10819	8617
10820	8617
10821	8618
10822	8620
10823	8621
10824	8621
10825	8622
10826	8624
10827	8625
10828	8625
10829	8625
10830	8625
10831	8626
10832	8628
10833	8629
10834	8629
10835	8630
10836	8632
10837	8633
10838	8633
10839	8634
10840	8636
10841	8637
10842	8637
10843	8637
10844	8637
10845	8637
10846	8637
10847	8638
10848	8638
10849	8639
10850	8639
10851	8640
10852	8642
10853	8643
10854	8643
10855	8644
10856	8646
10857	8647
10858	8647
10859	8648
10860	8649
10861	8650
10862	8650
10863	8651
10864	8651
10865	8652
10866	8654
10867	8655
10868	8655
10869	8656
10870	8658
10871	8659
10872	8659
10873	8660
10874	8661
10875	8662
10876	8662
10877	8663
10878	8663
10879	8664
10880	8666
10881	8667
10882	8667
10883	8668
10884	8670
10885	8671
10886	8671
10887	8672
10888	8672
10889	8673
10890	8673
10891	8674
10892	8674
10893	8675
10894	8675
10895	8676
10896	8678
10897	8679
10898	8679
10899	8680
10900	8682
10901	8683
10902	8683
10903	8684
10904	8686
10905	8687
10906	8687
10907	8687
10908	8687
10909	8688
10910	8690
10911	8691
10912	8691
10913	8692
10914	8694
10915	8695
10916	8695
10917	8696
10918	8698
10919	8699
10920	8699
10921	8699
10922	8699
10923	8700
10924	8702
10925	8703
10926	8703
10927	8704
10928	8706
10929	8707
10930	8707
10931	8708
10932	8710
10933	8711
10934	8711
10935	8711
10936	8711
10937	8711
10938	8711
10939	8712
10940	8712
10941	8713
10942	8713
10943	8714
10944	8716
10945	8717
10946	8717
10947	8718
10948	8720
10949	8721
10950	8721
10951	8722
10952	8723
10953	8724
10954	8724
10955	8725
10956	8725
10957	8726
10958	8728
10959	8729
10960	8729
10961	8730
10962	8732
10963	8733
10964	8733
10965	8734
10966	8735
10967	8736
10968	8736
10969	8737
10970	8737
10971	8738
10972	8740
10973	8741
10974	8741
10975	8742
10976	8744
10977	8745
10978	8745
10979	8746
10980	8746
10981	8747
10982	8747
10983	8748
10984	8748
10985	8749
10986	8749
10987	8750
10988	8752
10989	8753
10990	8753
10991	8754
10992	8756
10993	8757
10994	8757
10995	8758
10996	8760
10997	8761
10998	8761
10999	8761
11000	8761
11001	8762
11002	8764
11003	8765
11004	8765
11005	8766
11006	8768
11007	8769
11008	8769
11009	8770
11010	8772
11011	8773
11012	8773
11013	8773
11014	8773
11015	8774
11016	8776
11017	8777
11018	8777
11019	8778
11020	8780
11021	8781
11022	8781
11023	8782
11024	8784
11025	8785
11026	8785
11027	8785
11028	8785
11029	8785
11030	8785
11031	8786
11032	8786
11033	8787
11034	8787
11035	8788
11036	8790
11037	8791
11038	8791
11039	8792
11040	8794
11041	8795
11042	8795
11043	8796
11044	8797
11045	8798
11046	8798
11047	8799
11048	8799
11049	8800
11050	8802
11051	8803
11052	8803
11053	8804
11054	8806
11055	8807
11056	8807
11057	8808
11058	8809
11059	8810
11060	8810
11061	8811
11062	8811
11063	8812
11064	8814
11065	8815
11066	8815
11067	8816
11068	8818
11069	8819
11070	8819
11071	8820
11072	8820
11073	8821
11074	8821
11075	8822
11076	8822
11077	8823
11078	8823
11079	8824
11080	8826
11081	8827
11082	8827
11083	8828
11084	8830
11085	8831
11086	8831
11087	8832
11088	8834
11089	8835
11090	8835
11091	8835
11092	8835
11093	8836
11094	8838
11095	8839
11096	8839
11097	8840
11098	8842
11099	8843
11100	8843
11101	8844
11102	8846
11103	8847
11104	8847
11105	8847
11106	8847
11107	8848
11108	8850
11109	8851
11110	8851
11111	8852
11112	8854
11113	8855
11114	8855
11115	8856
11116	8858
11117	8859
11118	8859
11119	8859
11120	8859
11121	8859
11122	8859
11123	8860
11124	8860
11125	8861
11126	8861
11127	8862
11128	8864
11129	8865
11130	8865
11131	8866
11132	8868
11133	8869
11134	8869
11135	8870
11136	8871
11137	8872
11138	8871
11139	8871
11140	8871
11141	8871
11142	8872
11143	8872
11144	8873
11145	8873
11146	8874
11147	8876
11148	8877
11149	8877
11150	8878
11151	8879
11152	8880
11153	8880
11154	8881
11155	8881
11156	8882
11157	8884
11158	8885
11159	8885
11160	8886
11161	8888
11162	8889
11163	8889
11164	8890
11165	8891
11166	8892
11167	8891
11168	8891
11169	8892
11170	8894
11171	8895
11172	8895
11173	8896
11174	8898
11175	8899
11176	8899
11177	8900
11178	8902
11179	8903
11180	8903
11181	8903
11182	8903
11183	8904
11184	8906
11185	8907
11186	8907
11187	8908
11188	8910
11189	8911
11190	8911
11191	8912
11192	8914
11193	8915
11194	8915
11195	8915
11196	8915
11197	8916
11198	8918
11199	8919
11200	8919
11201	8920
11202	8922
11203	8923
11204	8923
11205	8924
11206	8926
11207	8927
11208	8927
11209	8927
11210	8926
11211	8926
11212	8927
11213	8929
11214	8930
11215	8930
11216	8931
11217	8933
11218	8934
11219	8934
11220	8935
11221	8937
11222	8938
11223	8938
11224	8938
11225	8938
11226	8939
11227	8941
11228	8942
11229	8942
11230	8943
11231	8945
11232	8946
11233	8946
11234	8947
11235	8949
11236	8950
11237	8950
11238	8950
11239	8950
11240	8951
11241	8953
11242	8954
11243	8954
11244	8955
11245	8957
11246	8958
11247	8958
11248	8959
11249	8961
11250	8962
11251	8962
11252	8962
11253	8962
11254	8962
11255	8962
11256	8963
11257	8963
11258	8964
11259	8964
11260	8965
11261	8967
11262	8968
11263	8968
11264	8969
11265	8971
11266	8972
11267	8972
11268	8973
11269	8974
11270	8975
11271	8975
11272	8976
11273	8976
11274	8977
11275	8979
11276	8980
11277	8980
11278	8981
11279	8983
11280	8984
11281	8984
11282	8985
11283	8986
11284	8987
11285	8987
11286	8988
11287	8988
11288	8989
11289	8991
11290	8992
11291	8992
11292	8993
11293	8995
11294	8996
11295	8996
11296	8997
11297	8997
11298	8998
11299	8998
11300	8999
11301	8999
11302	9000
11303	9000
11304	9001
11305	9003
11306	9004
11307	9004
11308	9005
11309	9007
11310	9008
11311	9008
11312	9009
11313	9011
11314	9012
11315	9012
11316	9012
11317	9012
11318	9013
11319	9015
11320	9016
11321	9016
11322	9017
11323	9019
11324	9020
11325	9020
11326	9021
11327	9023
11328	9024
11329	9024
11330	9024
11331	9024
11332	9025
11333	9027
11334	9028
11335	9028
11336	9029
11337	9031
11338	9032
11339	9032
11340	9033
11341	9035
11342	9036
11343	9036
11344	9036
11345	9036
11346	9036
11347	9036
11348	9037
11349	9037
11350	9038
11351	9038
11352	9039
11353	9041
11354	9042
11355	9042
11356	9043
11357	9045
11358	9046
11359	9046
11360	9047
11361	9048
11362	9049
11363	9049
11364	9050
11365	9050
11366	9051
11367	9053
11368	9054
11369	9054
11370	9055
11371	9057
11372	9058
11373	9058
11374	9059
11375	9060
11376	9061
11377	9061
11378	9062
11379	9062
11380	9063
11381	9065
11382	9066
11383	9066
11384	9067
11385	9069
11386	9070
11387	9070
11388	9071
11389	9071
11390	9072
11391	9072
11392	9073
11393	9073
11394	9074
11395	9074
11396	9075
11397	9077
11398	9078
11399	9078
11400	9079
11401	9081
11402	9082
11403	9082
11404	9083
11405	9085
11406	9086
11407	9086
11408	9086
11409	9086
11410	9087
11411	9089
11412	9090
11413	9090
11414	9091
11415	9093
11416	9094
11417	9094
11418	9095
11419	9097
11420	9098
11421	9098
11422	9098
11423	9098
11424	9099
11425	9101
11426	9102
11427	9102
11428	9103
11429	9105
11430	9106
11431	9106
11432	9107
11433	9109
11434	9110
11435	9110
11436	9110
11437	9110
11438	9110
11439	9110
11440	9111
11441	9110
11442	9112
11443	9113
11444	9113
11445	9114
11446	9116
11447	9117
11448	9117
11449	9118
11450	9120
11451	9121
11452	9121
11453	9121
11454	9121
11455	9122
11456	9124
11457	9125
11458	9125
11459	9126
11460	9128
11461	9129
11462	9129
11463	9130
11464	9132
11465	9133
11466	9133
11467	9133
11468	9133
11469	9134
11470	9136
11471	9137
11472	9137
11473	9138
11474	9140
11475	9141
11476	9141
11477	9142
11478	9144
11479	9145
11480	9145
11481	9145
11482	9145
11483	9145
11484	9145
11485	9146
11486	9146
11487	9147
11488	9147
11489	9148
11490	9150
11491	9151
11492	9151
11493	9152
11494	9154
11495	9155
11496	9155
11497	9156
11498	9157
11499	9158
11500	9158
11501	9159
11502	9159
11503	9160
11504	9162
11505	9163
11506	9163
11507	9164
11508	9166
11509	9167
11510	9167
11511	9168
11512	9169
11513	9170
11514	9170
11515	9171
11516	9171
11517	9172
11518	9174
11519	9175
11520	9175
11521	9176
11522	9178
11523	9179
11524	9179
11525	9180
11526	9180
11527	9181
11528	9181
11529	9182
11530	9182
11531	9183
11532	9183
11533	9184
11534	9186
11535	9187
11536	9187
11537	9188
11538	9190
11539	9191
11540	9191
11541	9192
11542	9194
11543	9195
11544	9195
11545	9195
11546	9195
11547	9196
11548	9198
11549	9199
11550	9199
11551	9200
11552	9202
11553	9203
11554	9203
11555	9204
11556	9206
11557	9207
11558	9207
11559	9207
11560	9207
11561	9207
11562	9207
11563	9208
11564	9208
11565	9209
11566	9209
11567	9210
11568	9212
11569	9213
11570	9213
11571	9214
11572	9216
11573	9217
11574	9217
11575	9218
11576	9219
11577	9220
11578	9220
11579	9221
11580	9221
11581	9222
11582	9224
11583	9225
11584	9225
11585	9226
11586	9228
11587	9229
11588	9229
11589	9230
11590	9231
11591	9232
11592	9232
11593	9233
11594	9233
11595	9234
11596	9236
11597	9237
11598	9237
11599	9238
11600	9240
11601	9241
11602	9241
11603	9242
11604	9242
11605	9243
11606	9243
11607	9244
11608	9244
11609	9245
11610	9245
11611	9246
11612	9248
11613	9249
11614	9249
11615	9250
11616	9252
11617	9253
11618	9253
11619	9254
11620	9256
11621	9257
11622	9257
11623	9257
11624	9257
11625	9258
11626	9260
11627	9261
11628	9261
11629	9262
11630	9264
11631	9265
11632	9265
11633	9266
11634	9268
11635	9269
11636	9269
11637	9269
11638	9269
11639	9270
11640	9272
11641	9273
11642	9273
11643	9274
11644	9276
11645	9277
11646	9277
11647	9278
11648	9280
11649	9281
11650	9281
11651	9281
11652	9281
11653	9281
11654	9281
11655	9281
11656	9281
11657	9282
11658	9282
11659	9283
11660	9285
11661	9286
11662	9286
11663	9287
11664	9289
11665	9290
11666	9290
11667	9291
11668	9292
11669	9293
11670	9293
11671	9294
11672	9294
11673	9295
11674	9297
11675	9298
11676	9298
11677	9299
11678	9301
11679	9302
11680	9302
11681	9303
11682	9304
11683	9305
11684	9304
11685	9304
11686	9305
11687	9307
11688	9308
11689	9308
11690	9309
11691	9311
11692	9312
11693	9312
11694	9313
11695	9315
11696	9316
11697	9316
11698	9316
11699	9316
11700	9317
11701	9319
11702	9320
11703	9320
11704	9321
11705	9323
11706	9324
11707	9324
11708	9325
11709	9327
11710	9328
11711	9328
11712	9328
11713	9328
11714	9328
11715	9328
11716	9329
11717	9329
11718	9330
11719	9330
11720	9331
11721	9333
11722	9334
11723	9334
11724	9335
11725	9337
11726	9338
11727	9338
11728	9339
11729	9340
11730	9341
11731	9341
11732	9342
11733	9342
11734	9343
11735	9345
11736	9346
11737	9346
11738	9347
11739	9349
11740	9350
11741	9350
11742	9351
11743	9352
11744	9353
11745	9353
11746	9354
11747	9354
11748	9355
11749	9357
11750	9358
11751	9358
11752	9359
11753	9361
11754	9362
11755	9362
11756	9363
11757	9363
11758	9364
11759	9363
11760	9363
11761	9363
11762	9363
11763	9364
11764	9364
11765	9365
11766	9367
11767	9368
11768	9368
11769	9369
11770	9371
11771	9372
11772	9372
11773	9373
11774	9374
11775	9375
11776	9375
11777	9376
11778	9376
11779	9377
11780	9379
11781	9380
11782	9380
11783	9381
11784	9383
11785	9384
11786	9384
11787	9385
11788	9386
11789	9387
11790	9386
11791	9386
11792	9387
11793	9389
11794	9390
11795	9390
11796	9391
11797	9393
11798	9394
11799	9394
11800	9395
11801	9397
11802	9398
11803	9398
11804	9398
11805	9398
11806	9399
11807	9401
11808	9402
11809	9402
11810	9403
11811	9405
11812	9406
11813	9406
11814	9407
11815	9409
11816	9410
11817	9410
11818	9410
11819	9410
11820	9411
11821	9413
11822	9414
11823	9414
11824	9415
11825	9417
11826	9418
11827	9418
11828	9419
11829	9421
11830	9422
11831	9422
11832	9422
11833	9421
11834	9421
11835	9421
11836	9421
11837	9422
11838	9424
11839	9425
11840	9425
11841	9426
11842	9428
11843	9429
11844	9429
11845	9430
11846	9432
11847	9433
11848	9433
11849	9433
11850	9433
11851	9434
11852	9436
11853	9437
11854	9437
11855	9438
11856	9440
11857	9441
11858	9441
11859	9442
11860	9444
11861	9445
11862	9445
11863	9445
11864	9445
11865	9446
11866	9448
11867	9449
11868	9449
11869	9450
11870	9452
11871	9453
11872	9453
11873	9454
11874	9456
11875	9457
11876	9457
11877	9457
11878	9456
11879	9456
11880	9456
11881	9456
11882	9456
11883	9456
11884	9457
11885	9457
11886	9458
11887	9458
11888	9459
11889	9461
11890	9462
11891	9462
11892	9463
11893	9465
11894	9466
11895	9466
11896	9467
11897	9469
11898	9470
11899	9470
11900	9470
11901	9470
11902	9471
11903	9473
11904	9474
11905	9474
11906	9475
11907	9477
11908	9478
11909	9478
11910	9479
11911	9481
11912	9482
11913	9482
11914	9482
11915	9482
11916	9483
11917	9485
11918	9486
11919	9486
11920	9487
11921	9489
11922	9490
11923	9490
11924	9491
11925	9493
11926	9494
11927	9494
11928	9494
11929	9494
11930	9494
11931	9494
11932	9495
11933	9495
11934	9496
11935	9496
11936	9497
11937	9499
11938	9500
11939	9500
11940	9501
11941	9503
11942	9504
11943	9504
11944	9505
11945	9506
11946	9507
11947	9507
11948	9508
11949	9508
11950	9509
11951	9511
11952	9512
11953	9512
11954	9513
11955	9515
11956	9516
11957	9516
11958	9517
11959	9518
11960	9519
11961	9519
11962	9520
11963	9520
11964	9521
11965	9523
11966	9524
11967	9524
11968	9525
11969	9527
11970	9528
11971	9528
11972	9529
11973	9529
11974	9530
11975	9530
11976	9531
11977	9531
11978	9532
11979	9532
11980	9533
11981	9535
11982	9536
11983	9536
11984	9537
11985	9539
11986	9540
11987	9540
11988	9541
11989	9543
11990	9544
11991	9544
11992	9544
11993	9544
11994	9545
11995	9547
11996	9548
11997	9548
11998	9549
11999	9551
12000	9552
12001	9552
12002	9553
12003	9555
12004	9556
12005	9556
12006	9556
12007	9556
12008	9557
12009	9559
12010	9560
12011	9560
12012	9561
12013	9563
12014	9564
12015	9564
12016	9565
12017	9567
12018	9568
12019	9568
12020	9568
12021	9568
12022	9568
12023	9568
12024	9569
12025	9569
12026	9570
12027	9570
12028	9571
12029	9573
12030	9574
12031	9574
12032	9575
12033	9577
12034	9578
12035	9578
12036	9579
12037	9580
12038	9581
12039	9581
12040	9582
12041	9582
12042	9583
12043	9585
12044	9586
12045	9586
12046	9587
12047	9589
12048	9590
12049	9590
12050	9591
12051	9592
12052	9593
12053	9593
12054	9594
12055	9594
12056	9595
12057	9597
12058	9598
12059	9598
12060	9599
12061	9601
12062	9602
12063	9602
12064	9603
12065	9603
12066	9604
12067	9604
12068	9605
12069	9605
12070	9606
12071	9606
12072	9607
12073	9609
12074	9610
12075	9610
12076	9611
12077	9613
12078	9614
12079	9614
12080	9615
12081	9617
12082	9618
12083	9618
12084	9618
12085	9618
12086	9619
12087	9621
12088	9622
12089	9622
12090	9623
12091	9625
12092	9626
12093	9626
12094	9627
12095	9629
12096	9630
12097	9630
12098	9630
12099	9630
12100	9631
12101	9633
12102	9634
12103	9634
12104	9635
12105	9637
12106	9638
12107	9638
12108	9639
12109	9641
12110	9642
12111	9642
12112	9642
12113	9642
12114	9642
12115	9642
12116	9643
12117	9643
12118	9644
12119	9644
12120	9645
12121	9647
12122	9648
12123	9648
12124	9649
12125	9651
12126	9652
12127	9652
12128	9653
12129	9654
12130	9655
12131	9655
12132	9656
12133	9656
12134	9657
12135	9659
12136	9660
12137	9660
12138	9661
12139	9663
12140	9664
12141	9664
12142	9665
12143	9666
12144	9667
12145	9667
12146	9668
12147	9668
12148	9669
12149	9671
12150	9672
12151	9672
12152	9673
12153	9675
12154	9676
12155	9676
12156	9677
12157	9677
12158	9678
12159	9678
12160	9679
12161	9679
12162	9680
12163	9680
12164	9681
12165	9683
12166	9684
12167	9684
12168	9685
12169	9687
12170	9688
12171	9688
12172	9689
12173	9691
12174	9692
12175	9692
12176	9692
12177	9692
12178	9693
12179	9695
12180	9696
12181	9696
12182	9697
12183	9699
12184	9700
12185	9700
12186	9701
12187	9703
12188	9704
12189	9704
12190	9704
12191	9704
12192	9705
12193	9707
12194	9708
12195	9708
12196	9709
12197	9711
12198	9712
12199	9712
12200	9713
12201	9715
12202	9716
12203	9716
12204	9716
12205	9716
12206	9716
12207	9716
12208	9717
12209	9717
12210	9718
12211	9718
12212	9719
12213	9721
12214	9722
12215	9722
12216	9723
12217	9725
12218	9726
12219	9726
12220	9727
12221	9728
12222	9729
12223	9729
12224	9730
12225	9730
12226	9731
12227	9733
12228	9734
12229	9734
12230	9735
12231	9737
12232	9738
12233	9738
12234	9739
12235	9740
12236	9741
12237	9741
12238	9742
12239	9742
12240	9743
12241	9745
12242	9746
12243	9746
12244	9747
12245	9749
12246	9750
12247	9750
12248	9751
12249	9751
12250	9752
12251	9752
12252	9753
12253	9753
12254	9754
12255	9754
12256	9755
12257	9757
12258	9758
12259	9758
12260	9759
12261	9761
12262	9762
12263	9762
12264	9763
12265	9765
12266	9766
12267	9766
12268	9766
12269	9766
12270	9767
12271	9769
12272	9770
12273	9770
12274	9771
12275	9773
12276	9774
12277	9774
12278	9775
12279	9777
12280	9778
12281	9778
12282	9778
12283	9778
12284	9779
12285	9781
12286	9782
12287	9782
12288	9783
12289	9785
12290	9786
12291	9786
12292	9787
12293	9789
12294	9790
12295	9790
12296	9790
12297	9790
12298	9790
12299	9790
12300	9791
12301	9791
12302	9792
12303	9792
12304	9793
12305	9795
12306	9796
12307	9796
12308	9797
12309	9799
12310	9800
12311	9800
12312	9801
12313	9802
12314	9803
12315	9803
12316	9804
12317	9804
12318	9805
12319	9807
12320	9808
12321	9808
12322	9809
12323	9811
12324	9812
12325	9812
12326	9813
12327	9814
12328	9815
12329	9815
12330	9816
12331	9816
12332	9817
12333	9819
12334	9820
12335	9820
12336	9821
12337	9823
12338	9824
12339	9824
12340	9825
12341	9825
12342	9826
12343	9826
12344	9827
12345	9827
12346	9828
12347	9828
12348	9829
12349	9831
12350	9832
12351	9832
12352	9833
12353	9835
12354	9836
12355	9836
12356	9837
12357	9839
12358	9840
12359	9840
12360	9840
12361	9840
12362	9841
12363	9843
12364	9844
12365	9844
12366	9845
12367	9847
12368	9848
12369	9848
12370	9849
12371	9851
12372	9852
12373	9852
12374	9852
12375	9852
12376	9853
12377	9855
12378	9856
12379	9856
12380	9857
12381	9859
12382	9860
12383	9860
12384	9861
12385	9863
12386	9864
12387	9864
12388	9864
12389	9864
12390	9864
12391	9864
12392	9864
12393	9864
12394	9865
12395	9865
12396	9866
12397	9868
12398	9869
12399	9869
12400	9870
12401	9872
12402	9873
12403	9873
12404	9874
12405	9875
12406	9876
12407	9876
12408	9877
12409	9877
12410	9878
12411	9880
12412	9881
12413	9881
12414	9882
12415	9884
12416	9885
12417	9885
12418	9886
12419	9887
12420	9888
12421	9887
12422	9887
12423	9888
12424	9890
12425	9891
12426	9891
12427	9892
12428	9894
12429	9895
12430	9895
12431	9896
12432	9898
12433	9899
12434	9899
12435	9899
12436	9899
12437	9900
12438	9902
12439	9903
12440	9903
12441	9904
12442	9906
12443	9907
12444	9907
12445	9908
12446	9910
12447	9911
12448	9911
12449	9911
12450	9911
12451	9912
12452	9914
12453	9915
12454	9915
12455	9916
12456	9918
12457	9919
12458	9919
12459	9920
12460	9922
12461	9923
12462	9923
12463	9923
12464	9922
12465	9922
12466	9923
12467	9925
12468	9926
12469	9926
12470	9927
12471	9929
12472	9930
12473	9930
12474	9931
12475	9933
12476	9934
12477	9934
12478	9934
12479	9934
12480	9935
12481	9937
12482	9938
12483	9938
12484	9939
12485	9941
12486	9942
12487	9942
12488	9943
12489	9945
12490	9946
12491	9946
12492	9946
12493	9946
12494	9947
12495	9949
12496	9950
12497	9950
12498	9951
12499	9953
12500	9954
12501	9954
12502	9955
12503	9957
12504	9958
12505	9958
12506	9958
12507	9958
12508	9958
12509	9958
12510	9959
12511	9959
12512	9960
12513	9960
12514	9961
12515	9963
12516	9964
12517	9964
12518	9965
12519	9967
12520	9968
12521	9968
12522	9969
12523	9970
12524	9971
12525	9971
12526	9972
12527	9972
12528	9973
12529	9975
12530	9976
12531	9976
12532	9977
12533	9979
12534	9980
12535	9980
12536	9981
12537	9982
12538	9983
12539	9983
12540	9984
12541	9984
12542	9985
12543	9987
12544	9988
12545	9988
12546	9989
12547	9991
12548	9992
12549	9992
12550	9993
12551	9993
12552	9994
12553	9994
12554	9995
12555	9995
12556	9996
12557	9996
12558	9997
12559	9999
12560	10000
12561	10000
12562	10001
12563	10003
12564	10004
12565	10004
12566	10005
12567	10007
12568	10008
12569	10008
12570	10008
12571	10008
12572	10009
12573	10011
12574	10012
12575	10012
12576	10013
12577	10015
12578	10016
12579	10016
12580	10017
12581	10019
12582	10020
12583	10020
12584	10020
12585	10020
12586	10020
12587	10020
12588	10021
12589	10021
12590	10022
12591	10022
12592	10023
12593	10025
12594	10026
12595	10026
12596	10027
12597	10029
12598	10030
12599	10030
12600	10031
12601	10032
12602	10033
12603	10032
12604	10032
12605	10033
12606	10035
12607	10036
12608	10036
12609	10037
12610	10039
12611	10040
12612	10040
12613	10041
12614	10043
12615	10044
12616	10044
12617	10044
12618	10044
12619	10045
12620	10047
12621	10048
12622	10048
12623	10049
12624	10051
12625	10052
12626	10052
12627	10053
12628	10055
12629	10056
12630	10056
12631	10056
12632	10056
12633	10057
12634	10059
12635	10060
12636	10060
12637	10061
12638	10063
12639	10064
12640	10064
12641	10065
12642	10067
12643	10068
12644	10068
12645	10068
12646	10067
12647	10067
12648	10068
12649	10070
12650	10071
12651	10071
12652	10072
12653	10074
12654	10075
12655	10075
12656	10076
12657	10078
12658	10079
12659	10079
12660	10079
12661	10079
12662	10080
12663	10082
12664	10083
12665	10083
12666	10084
12667	10086
12668	10087
12669	10087
12670	10088
12671	10090
12672	10091
12673	10091
12674	10091
12675	10091
12676	10091
12677	10090
12678	10090
12679	10091
12680	10093
12681	10094
12682	10094
12683	10095
12684	10097
12685	10098
12686	10098
12687	10099
12688	10101
12689	10102
12690	10102
12691	10102
12692	10102
12693	10103
12694	10105
12695	10106
12696	10106
12697	10107
12698	10109
12699	10110
12700	10110
12701	10111
12702	10113
12703	10114
12704	10114
12705	10114
12706	10114
12707	10115
12708	10117
12709	10118
12710	10118
12711	10119
12712	10121
12713	10122
12714	10122
12715	10123
12716	10125
12717	10126
12718	10126
12719	10126
12720	10126
12721	10126
12722	10126
12723	10127
12724	10127
12725	10128
12726	10128
12727	10129
12728	10131
12729	10132
12730	10132
12731	10133
12732	10135
12733	10136
12734	10136
12735	10137
12736	10138
12737	10139
12738	10139
12739	10140
12740	10140
12741	10141
12742	10143
12743	10144
12744	10144
12745	10145
12746	10147
12747	10148
12748	10148
12749	10149
12750	10150
12751	10151
12752	10151
12753	10152
12754	10152
12755	10153
12756	10155
12757	10156
12758	10156
12759	10157
12760	10159
12761	10160
12762	10160
12763	10161
12764	10161
12765	10162
12766	10162
12767	10163
12768	10163
12769	10164
12770	10164
12771	10165
12772	10167
12773	10168
12774	10168
12775	10169
12776	10171
12777	10172
12778	10172
12779	10173
12780	10175
12781	10176
12782	10176
12783	10176
12784	10176
12785	10177
12786	10179
12787	10180
12788	10180
12789	10181
12790	10183
12791	10184
12792	10184
12793	10185
12794	10187
12795	10188
12796	10188
12797	10188
12798	10188
12799	10189
12800	10191
12801	10192
12802	10192
12803	10193
12804	10195
12805	10196
12806	10196
12807	10197
12808	10199
12809	10200
12810	10200
12811	10200
12812	10200
12813	10200
12814	10200
12815	10201
12816	10201
12817	10202
12818	10202
12819	10203
12820	10205
12821	10206
12822	10206
12823	10207
12824	10209
12825	10210
12826	10210
12827	10211
12828	10212
12829	10213
12830	10213
12831	10214
12832	10214
12833	10215
12834	10217
12835	10218
12836	10218
12837	10219
12838	10221
12839	10222
12840	10222
12841	10223
12842	10224
12843	10225
12844	10225
12845	10226
12846	10226
12847	10227
12848	10229
12849	10230
12850	10230
12851	10231
12852	10233
12853	10234
12854	10234
12855	10235
12856	10235
12857	10236
12858	10236
12859	10237
12860	10237
12861	10238
12862	10238
12863	10239
12864	10241
12865	10242
12866	10242
12867	10243
12868	10245
12869	10246
12870	10246
12871	10247
12872	10249
12873	10250
12874	10250
12875	10250
12876	10250
12877	10251
12878	10253
12879	10254
12880	10254
12881	10255
12882	10257
12883	10258
12884	10258
12885	10259
12886	10261
12887	10262
12888	10262
12889	10262
12890	10262
12891	10263
12892	10265
12893	10266
12894	10266
12895	10267
12896	10269
12897	10270
12898	10270
12899	10271
12900	10273
12901	10274
12902	10274
12903	10274
12904	10274
12905	10274
12906	10274
12907	10275
12908	10275
12909	10276
12910	10276
12911	10277
12912	10279
12913	10280
12914	10280
12915	10281
12916	10283
12917	10284
12918	10284
12919	10285
12920	10286
12921	10287
12922	10287
12923	10288
12924	10288
12925	10289
12926	10291
12927	10292
12928	10292
12929	10293
12930	10295
12931	10296
12932	10296
12933	10297
12934	10298
12935	10299
12936	10299
12937	10300
12938	10300
12939	10301
12940	10303
12941	10304
12942	10304
12943	10305
12944	10307
12945	10308
12946	10308
12947	10309
12948	10309
12949	10310
12950	10310
12951	10311
12952	10311
12953	10312
12954	10312
12955	10313
12956	10315
12957	10316
12958	10316
12959	10317
12960	10319
12961	10320
12962	10320
12963	10321
12964	10323
12965	10324
12966	10324
12967	10324
12968	10324
12969	10325
12970	10327
12971	10328
12972	10328
12973	10329
12974	10331
12975	10332
12976	10332
12977	10333
12978	10335
12979	10336
12980	10336
12981	10336
12982	10336
12983	10337
12984	10339
12985	10340
12986	10340
12987	10341
12988	10343
12989	10344
12990	10344
12991	10345
12992	10347
12993	10348
12994	10348
12995	10348
12996	10348
12997	10348
12998	10348
12999	10349
13000	10349
13001	10350
13002	10350
13003	10351
13004	10353
13005	10354
13006	10354
13007	10355
13008	10357
13009	10358
13010	10358
13011	10359
13012	10360
13013	10361
13014	10361
13015	10362
13016	10362
13017	10363
13018	10365
13019	10366
13020	10366
13021	10367
13022	10369
13023	10370
13024	10370
13025	10371
13026	10372
13027	10373
13028	10373
13029	10374
13030	10374
13031	10375
13032	10377
13033	10378
13034	10378
13035	10379
13036	10381
13037	10382
13038	10382
13039	10383
13040	10383
13041	10384
13042	10384
13043	10385
13044	10385
13045	10386
13046	10386
13047	10387
13048	10389
13049	10390
13050	10390
13051	10391
13052	10393
13053	10394
13054	10394
13055	10395
13056	10397
13057	10398
13058	10398
13059	10398
13060	10398
13061	10399
13062	10401
13063	10402
13064	10402
13065	10403
13066	10405
13067	10406
13068	10406
13069	10407
13070	10409
13071	10410
13072	10410
13073	10410
13074	10410
13075	10410
13076	10410
13077	10410
13078	10410
13079	10411
13080	10411
13081	10412
13082	10414
13083	10415
13084	10415
13085	10416
13086	10418
13087	10419
13088	10419
13089	10420
13090	10421
13091	10422
13092	10422
13093	10423
13094	10423
13095	10424
13096	10426
13097	10427
13098	10427
13099	10428
13100	10430
13101	10431
13102	10431
13103	10432
13104	10433
13105	10434
13106	10433
13107	10433
13108	10433
13109	10433
13110	10434
13111	10434
13112	10435
13113	10435
13114	10436
13115	10438
13116	10439
13117	10439
13118	10440
13119	10442
13120	10443
13121	10443
13122	10444
13123	10446
13124	10447
13125	10447
13126	10447
13127	10447
13128	10447
13129	10447
13130	10447
13131	10447
13132	10448
13133	10448
13134	10449
13135	10451
13136	10452
13137	10452
13138	10453
13139	10455
13140	10456
13141	10456
13142	10457
13143	10458
13144	10459
13145	10459
13146	10460
13147	10460
13148	10461
13149	10463
13150	10464
13151	10464
13152	10465
13153	10467
13154	10468
13155	10468
13156	10469
13157	10470
13158	10471
13159	10470
13160	10470
13161	10471
13162	10473
13163	10474
13164	10474
13165	10475
13166	10477
13167	10478
13168	10478
13169	10479
13170	10481
13171	10482
13172	10482
13173	10482
13174	10482
13175	10483
13176	10485
13177	10486
13178	10486
13179	10487
13180	10489
13181	10490
13182	10490
13183	10491
13184	10493
13185	10494
13186	10494
13187	10494
13188	10494
13189	10494
13190	10494
13191	10494
13192	10494
13193	10495
13194	10495
13195	10496
13196	10498
13197	10499
13198	10499
13199	10500
13200	10502
13201	10503
13202	10503
13203	10504
13204	10505
13205	10506
13206	10506
13207	10507
13208	10507
13209	10508
13210	10510
13211	10511
13212	10511
13213	10512
13214	10514
13215	10515
13216	10515
13217	10516
13218	10517
13219	10518
13220	10517
13221	10517
13222	10518
13223	10520
13224	10521
13225	10521
13226	10522
13227	10524
13228	10525
13229	10525
13230	10526
13231	10528
13232	10529
13233	10529
13234	10529
13235	10529
13236	10530
13237	10532
13238	10533
13239	10533
13240	10534
13241	10536
13242	10537
13243	10537
13244	10538
13245	10540
13246	10541
13247	10541
13248	10541
13249	10541
13250	10542
13251	10544
13252	10545
13253	10545
13254	10546
13255	10548
13256	10549
13257	10549
13258	10550
13259	10552
13260	10553
13261	10553
13262	10553
13263	10552
13264	10552
13265	10553
13266	10555
13267	10556
13268	10556
13269	10557
13270	10559
13271	10560
13272	10560
13273	10561
13274	10563
13275	10564
13276	10564
13277	10564
13278	10564
13279	10565
13280	10567
13281	10568
13282	10568
13283	10569
13284	10571
13285	10572
13286	10572
13287	10573
13288	10575
13289	10576
13290	10576
13291	10576
13292	10576
13293	10577
13294	10579
13295	10580
13296	10580
13297	10581
13298	10583
13299	10584
13300	10584
13301	10585
13302	10587
13303	10588
13304	10588
13305	10588
13306	10588
13307	10588
13308	10588
13309	10589
13310	10589
13311	10590
13312	10590
13313	10591
13314	10593
13315	10594
13316	10594
13317	10595
13318	10597
13319	10598
13320	10598
13321	10599
13322	10600
13323	10601
13324	10601
13325	10602
13326	10602
13327	10603
13328	10605
13329	10606
13330	10606
13331	10607
13332	10609
13333	10610
13334	10610
13335	10611
13336	10612
13337	10613
13338	10613
13339	10614
13340	10614
13341	10615
13342	10617
13343	10618
13344	10618
13345	10619
13346	10621
13347	10622
13348	10622
13349	10623
13350	10623
13351	10624
13352	10624
13353	10625
13354	10625
13355	10626
13356	10626
13357	10627
13358	10629
13359	10630
13360	10630
13361	10631
13362	10633
13363	10634
13364	10634
13365	10635
13366	10637
13367	10638
13368	10638
13369	10638
13370	10638
13371	10638
13372	10638
13373	10639
13374	10639
13375	10640
13376	10640
13377	10641
13378	10643
13379	10644
13380	10644
13381	10645
13382	10647
13383	10648
13384	10648
13385	10649
13386	10650
13387	10651
13388	10651
13389	10652
13390	10652
13391	10653
13392	10655
13393	10656
13394	10656
13395	10657
13396	10659
13397	10660
13398	10660
13399	10661
13400	10662
13401	10663
13402	10663
13403	10664
13404	10664
13405	10665
13406	10667
13407	10668
13408	10668
13409	10669
13410	10671
13411	10672
13412	10672
13413	10673
13414	10673
13415	10674
13416	10673
13417	10673
13418	10674
13419	10674
13420	10675
13421	10675
13422	10676
13423	10678
13424	10679
13425	10679
13426	10680
13427	10682
13428	10683
13429	10683
13430	10684
13431	10685
13432	10686
13433	10686
13434	10687
13435	10687
13436	10688
13437	10690
13438	10691
13439	10691
13440	10692
13441	10694
13442	10695
13443	10695
13444	10696
13445	10697
13446	10698
13447	10698
13448	10699
13449	10699
13450	10700
13451	10702
13452	10703
13453	10703
13454	10704
13455	10706
13456	10707
13457	10707
13458	10708
13459	10708
13460	10709
13461	10709
13462	10710
13463	10710
13464	10711
13465	10711
13466	10712
13467	10714
13468	10715
13469	10715
13470	10716
13471	10718
13472	10719
13473	10719
13474	10720
13475	10722
13476	10723
13477	10723
13478	10723
13479	10723
13480	10723
13481	10723
13482	10724
13483	10724
13484	10725
13485	10725
13486	10726
13487	10728
13488	10729
13489	10729
13490	10730
13491	10732
13492	10733
13493	10733
13494	10734
13495	10735
13496	10736
13497	10736
13498	10737
13499	10737
13500	10738
13501	10740
13502	10741
13503	10741
13504	10742
13505	10744
13506	10745
13507	10745
13508	10746
13509	10747
13510	10748
13511	10748
13512	10749
13513	10749
13514	10750
13515	10752
13516	10753
13517	10753
13518	10754
13519	10756
13520	10757
13521	10757
13522	10758
13523	10758
13524	10759
13525	10759
13526	10760
13527	10760
13528	10761
13529	10761
13530	10762
13531	10764
13532	10765
13533	10765
13534	10766
13535	10768
13536	10769
13537	10769
13538	10770
13539	10772
13540	10773
13541	10773
13542	10773
13543	10773
13544	10774
13545	10776
13546	10777
13547	10777
13548	10778
13549	10780
13550	10781
13551	10781
13552	10782
13553	10784
13554	10785
13555	10785
13556	10785
13557	10785
13558	10786
13559	10788
13560	10789
13561	10789
13562	10790
13563	10792
13564	10793
13565	10793
13566	10794
13567	10796
13568	10797
13569	10797
13570	10797
13571	10797
13572	10797
13573	10797
13574	10798
13575	10798
13576	10799
13577	10799
13578	10800
13579	10802
13580	10803
13581	10803
13582	10804
13583	10806
13584	10807
13585	10807
13586	10808
13587	10809
13588	10810
13589	10810
13590	10811
13591	10811
13592	10812
13593	10814
13594	10815
13595	10815
13596	10816
13597	10818
13598	10819
13599	10819
13600	10820
13601	10821
13602	10822
13603	10822
13604	10823
13605	10823
13606	10824
13607	10826
13608	10827
13609	10827
13610	10828
13611	10830
13612	10831
13613	10831
13614	10832
13615	10832
13616	10833
13617	10833
13618	10834
13619	10834
13620	10835
13621	10835
13622	10835
13623	10835
13624	10835
13625	10835
13626	10836
13627	10836
13628	10837
13629	10837
13630	10837
13631	10837
13632	10838
13633	10840
13634	10841
13635	10841
13636	10842
13637	10844
13638	10845
13639	10845
13640	10846
13641	10848
13642	10849
13643	10849
13644	10849
13645	10849
13646	10850
13647	10852
13648	10853
13649	10853
13650	10854
13651	10856
13652	10857
13653	10857
13654	10858
13655	10860
13656	10861
13657	10861
13658	10861
13659	10861
13660	10862
13661	10864
13662	10865
13663	10865
13664	10866
13665	10868
13666	10869
13667	10869
13668	10870
13669	10872
13670	10873
13671	10873
13672	10873
13673	10872
13674	10872
13675	10873
13676	10875
13677	10876
13678	10876
13679	10877
13680	10879
13681	10880
13682	10880
13683	10881
13684	10883
13685	10884
13686	10884
13687	10884
13688	10884
13689	10885
13690	10887
13691	10888
13692	10888
13693	10889
13694	10891
13695	10892
13696	10892
13697	10893
13698	10895
13699	10896
13700	10896
13701	10896
13702	10896
13703	10897
13704	10899
13705	10900
13706	10900
13707	10901
13708	10903
13709	10904
13710	10904
13711	10905
13712	10907
13713	10908
13714	10908
13715	10908
13716	10908
13717	10908
13718	10907
13719	10907
13720	10908
13721	10910
13722	10911
13723	10911
13724	10912
13725	10914
13726	10915
13727	10915
13728	10916
13729	10918
13730	10919
13731	10919
13732	10919
13733	10919
13734	10920
13735	10922
13736	10923
13737	10923
13738	10924
13739	10926
13740	10927
13741	10927
13742	10928
13743	10930
13744	10931
13745	10931
13746	10931
13747	10931
13748	10932
13749	10934
13750	10935
13751	10935
13752	10936
13753	10938
13754	10939
13755	10939
13756	10940
13757	10942
13758	10943
13759	10943
13760	10943
13761	10943
13762	10943
13763	10943
13764	10944
13765	10944
13766	10945
13767	10945
13768	10946
13769	10948
13770	10949
13771	10949
13772	10950
13773	10952
13774	10953
13775	10953
13776	10954
13777	10955
13778	10956
13779	10956
13780	10957
13781	10957
13782	10958
13783	10960
13784	10961
13785	10961
13786	10962
13787	10964
13788	10965
13789	10965
13790	10966
13791	10967
13792	10968
13793	10968
13794	10969
13795	10969
13796	10970
13797	10972
13798	10973
13799	10973
13800	10974
13801	10976
13802	10977
13803	10977
13804	10978
13805	10978
13806	10979
13807	10979
13808	10980
13809	10980
13810	10981
13811	10981
13812	10982
13813	10984
13814	10985
13815	10985
13816	10986
13817	10988
13818	10989
13819	10989
13820	10990
13821	10992
13822	10993
13823	10993
13824	10993
13825	10993
13826	10994
13827	10996
13828	10997
13829	10997
13830	10998
13831	11000
13832	11001
13833	11001
13834	11002
13835	11004
13836	11005
13837	11005
13838	11005
13839	11005
13840	11006
13841	11008
13842	11009
13843	11009
13844	11010
13845	11012
13846	11013
13847	11013
13848	11014
13849	11016
13850	11017
13851	11017
13852	11017
13853	11017
13854	11017
13855	11017
13856	11018
13857	11018
13858	11019
13859	11019
13860	11020
13861	11022
13862	11023
13863	11023
13864	11024
13865	11026
13866	11027
13867	11027
13868	11028
13869	11029
13870	11030
13871	11030
13872	11031
13873	11031
13874	11032
13875	11034
13876	11035
13877	11035
13878	11036
13879	11038
13880	11039
13881	11039
13882	11040
13883	11041
13884	11042
13885	11042
13886	11043
13887	11043
13888	11044
13889	11046
13890	11047
13891	11047
13892	11048
13893	11050
13894	11051
13895	11051
13896	11052
13897	11052
13898	11053
13899	11053
13900	11054
13901	11054
13902	11055
13903	11055
13904	11056
13905	11058
13906	11059
13907	11059
13908	11060
13909	11062
13910	11063
13911	11063
13912	11064
13913	11066
13914	11067
13915	11067
13916	11067
13917	11067
13918	11067
13919	11067
13920	11067
13921	11067
13922	11068
13923	11068
13924	11069
13925	11071
13926	11072
13927	11072
13928	11073
13929	11075
13930	11076
13931	11076
13932	11077
13933	11078
13934	11079
13935	11079
13936	11080
13937	11080
13938	11081
13939	11083
13940	11084
13941	11084
13942	11085
13943	11087
13944	11088
13945	11088
13946	11089
13947	11090
13948	11091
13949	11090
13950	11090
13951	11090
13952	11090
13953	11091
13954	11091
13955	11092
13956	11092
13957	11093
13958	11095
13959	11096
13960	11096
13961	11097
13962	11099
13963	11100
13964	11100
13965	11101
13966	11103
13967	11104
13968	11104
13969	11104
13970	11104
13971	11105
13972	11107
13973	11108
13974	11108
13975	11109
13976	11111
13977	11112
13978	11112
13979	11113
13980	11115
13981	11116
13982	11116
13983	11116
13984	11116
13985	11117
13986	11119
13987	11120
13988	11120
13989	11121
13990	11123
13991	11124
13992	11124
13993	11125
13994	11127
13995	11128
13996	11128
13997	11128
13998	11128
13999	11128
14000	11128
14001	11129
14002	11129
14003	11130
14004	11130
14005	11131
14006	11133
14007	11134
14008	11134
14009	11135
14010	11137
14011	11138
14012	11138
14013	11139
14014	11140
14015	11141
14016	11141
14017	11142
14018	11142
14019	11143
14020	11145
14021	11146
14022	11146
14023	11147
14024	11149
14025	11150
14026	11150
14027	11151
14028	11152
14029	11153
14030	11153
14031	11154
14032	11154
14033	11155
14034	11157
14035	11158
14036	11158
14037	11159
14038	11161
14039	11162
14040	11162
14041	11163
14042	11163
14043	11164
14044	11164
14045	11165
14046	11165
14047	11166
14048	11166
14049	11167
14050	11169
14051	11170
14052	11170
14053	11171
14054	11173
14055	11174
14056	11174
14057	11175
14058	11177
14059	11178
14060	11178
14061	11178
14062	11178
14063	11179
14064	11181
14065	11182
14066	11182
14067	11183
14068	11185
14069	11186
14070	11186
14071	11187
14072	11189
14073	11190
14074	11190
14075	11190
14076	11190
14077	11190
14078	11190
14079	11191
14080	11191
14081	11192
14082	11192
14083	11193
14084	11195
14085	11196
14086	11196
14087	11197
14088	11199
14089	11200
14090	11200
14091	11201
14092	11202
14093	11203
14094	11202
14095	11202
14096	11203
14097	11205
14098	11206
14099	11206
14100	11207
14101	11209
14102	11210
14103	11210
14104	11211
14105	11213
14106	11214
14107	11214
14108	11214
14109	11214
14110	11215
14111	11217
14112	11218
14113	11218
14114	11219
14115	11221
14116	11222
14117	11222
14118	11223
14119	11225
14120	11226
14121	11226
14122	11226
14123	11226
14124	11227
14125	11229
14126	11230
14127	11230
14128	11231
14129	11233
14130	11234
14131	11234
14132	11235
14133	11237
14134	11238
14135	11238
14136	11238
14137	11237
14138	11237
14139	11238
14140	11240
14141	11241
14142	11241
14143	11242
14144	11244
14145	11245
14146	11245
14147	11246
14148	11248
14149	11249
14150	11249
14151	11249
14152	11249
14153	11250
14154	11252
14155	11253
14156	11253
14157	11254
14158	11256
14159	11257
14160	11257
14161	11258
14162	11260
14163	11261
14164	11261
14165	11261
14166	11261
14167	11262
14168	11264
14169	11265
14170	11265
14171	11266
14172	11268
14173	11269
14174	11269
14175	11270
14176	11272
14177	11273
14178	11273
14179	11273
14180	11273
14181	11273
14182	11273
14183	11274
14184	11274
14185	11275
14186	11275
14187	11276
14188	11278
14189	11279
14190	11279
14191	11280
14192	11282
14193	11283
14194	11283
14195	11284
14196	11285
14197	11286
14198	11285
14199	11285
14200	11285
14201	11285
14202	11286
14203	11286
14204	11287
14205	11287
14206	11288
14207	11290
14208	11291
14209	11291
14210	11292
14211	11294
14212	11295
14213	11295
14214	11296
14215	11298
14216	11299
14217	11299
14218	11299
14219	11299
14220	11300
14221	11302
14222	11303
14223	11303
14224	11304
14225	11306
14226	11307
14227	11307
14228	11308
14229	11310
14230	11311
14231	11311
14232	11311
14233	11311
14234	11312
14235	11314
14236	11315
14237	11315
14238	11316
14239	11318
14240	11319
14241	11319
14242	11320
14243	11322
14244	11323
14245	11323
14246	11323
14247	11323
14248	11323
14249	11323
14250	11324
14251	11323
14252	11325
14253	11326
14254	11326
14255	11327
14256	11329
14257	11330
14258	11330
14259	11331
14260	11333
14261	11334
14262	11334
14263	11334
14264	11334
14265	11335
14266	11337
14267	11338
14268	11338
14269	11339
14270	11341
14271	11342
14272	11342
14273	11343
14274	11345
14275	11346
14276	11346
14277	11346
14278	11346
14279	11346
14280	11346
14281	11346
14282	11346
14283	11347
14284	11347
14285	11348
14286	11350
14287	11351
14288	11351
14289	11352
14290	11354
14291	11355
14292	11355
14293	11356
14294	11357
14295	11358
14296	11357
14297	11357
14298	11358
14299	11360
14300	11361
14301	11361
14302	11362
14303	11364
14304	11365
14305	11365
14306	11366
14307	11368
14308	11369
14309	11369
14310	11369
14311	11369
14312	11370
14313	11372
14314	11373
14315	11373
14316	11374
14317	11376
14318	11377
14319	11377
14320	11378
14321	11380
14322	11381
14323	11381
14324	11381
14325	11381
14326	11382
14327	11384
14328	11385
14329	11385
14330	11386
14331	11388
14332	11389
14333	11389
14334	11390
14335	11392
14336	11393
14337	11393
14338	11393
14339	11392
14340	11392
14341	11392
14342	11392
14343	11393
14344	11395
14345	11396
14346	11396
14347	11397
14348	11399
14349	11400
14350	11400
14351	11401
14352	11403
14353	11404
14354	11404
14355	11404
14356	11404
14357	11405
14358	11407
14359	11408
14360	11408
14361	11409
14362	11411
14363	11412
14364	11412
14365	11413
14366	11415
14367	11416
14368	11416
14369	11416
14370	11416
14371	11417
14372	11419
14373	11420
14374	11420
14375	11421
14376	11423
14377	11424
14378	11424
14379	11425
14380	11427
14381	11428
14382	11428
14383	11428
14384	11427
14385	11427
14386	11428
14387	11430
14388	11431
14389	11431
14390	11432
14391	11434
14392	11435
14393	11435
14394	11436
14395	11438
14396	11439
14397	11439
14398	11439
14399	11439
14400	11440
14401	11442
14402	11443
14403	11443
14404	11444
14405	11446
14406	11447
14407	11447
14408	11448
14409	11450
14410	11451
14411	11451
14412	11451
14413	11451
14414	11452
14415	11454
14416	11455
14417	11455
14418	11456
14419	11458
14420	11459
14421	11459
14422	11460
14423	11462
14424	11463
14425	11463
14426	11463
14427	11463
14428	11463
14429	11463
14430	11464
14431	11464
14432	11465
14433	11465
14434	11466
14435	11468
14436	11469
14437	11469
14438	11470
14439	11472
14440	11473
14441	11473
14442	11474
14443	11475
14444	11476
14445	11476
14446	11477
14447	11477
14448	11478
14449	11480
14450	11481
14451	11481
14452	11482
14453	11484
14454	11485
14455	11485
14456	11486
14457	11487
14458	11488
14459	11488
14460	11489
14461	11489
14462	11490
14463	11492
14464	11493
14465	11493
14466	11494
14467	11496
14468	11497
14469	11497
14470	11498
14471	11498
14472	11499
14473	11499
14474	11500
14475	11500
14476	11501
14477	11501
14478	11502
14479	11504
14480	11505
14481	11505
14482	11506
14483	11508
14484	11509
14485	11509
14486	11510
14487	11512
14488	11513
14489	11513
14490	11513
14491	11513
14492	11514
14493	11516
14494	11517
14495	11517
14496	11518
14497	11520
14498	11521
14499	11521
14500	11522
14501	11524
14502	11525
14503	11525
14504	11525
14505	11525
14506	11526
14507	11528
14508	11529
14509	11529
14510	11530
14511	11532
14512	11533
14513	11533
14514	11534
14515	11536
14516	11537
14517	11537
14518	11537
14519	11537
14520	11537
14521	11537
14522	11538
14523	11537
14524	11539
14525	11540
14526	11540
14527	11541
14528	11542
14529	11543
14530	11543
14531	11544
14532	11544
14533	11545
14534	11547
14535	11548
14536	11548
14537	11549
14538	11551
14539	11552
14540	11552
14541	11553
14542	11554
14543	11555
14544	11554
14545	11554
14546	11555
14547	11557
14548	11558
14549	11558
14550	11559
14551	11561
14552	11562
14553	11562
14554	11563
14555	11565
14556	11566
14557	11566
14558	11566
14559	11566
14560	11567
14561	11569
14562	11570
14563	11570
14564	11571
14565	11573
14566	11574
14567	11574
14568	11575
14569	11577
14570	11578
14571	11578
14572	11578
14573	11578
14574	11579
14575	11581
14576	11582
14577	11582
14578	11583
14579	11585
14580	11586
14581	11586
14582	11587
14583	11589
14584	11590
14585	11590
14586	11590
14587	11589
14588	11589
14589	11590
14590	11592
14591	11593
14592	11593
14593	11594
14594	11596
14595	11597
14596	11597
14597	11598
14598	11600
14599	11601
14600	11601
14601	11601
14602	11601
14603	11602
14604	11604
14605	11605
14606	11605
14607	11606
14608	11608
14609	11609
14610	11609
14611	11610
14612	11612
14613	11613
14614	11613
14615	11613
14616	11613
14617	11614
14618	11616
14619	11617
14620	11617
14621	11618
14622	11620
14623	11621
14624	11621
14625	11622
14626	11624
14627	11625
14628	11625
14629	11625
14630	11625
14631	11625
14632	11625
14633	11626
14634	11625
14635	11627
14636	11628
14637	11628
14638	11629
14639	11631
14640	11632
14641	11632
14642	11633
14643	11635
14644	11636
14645	11636
14646	11636
14647	11636
14648	11636
14649	11636
14650	11637
14651	11637
14652	11638
14653	11638
14654	11639
14655	11641
14656	11642
14657	11642
14658	11643
14659	11645
14660	11646
14661	11646
14662	11647
14663	11648
14664	11649
14665	11649
14666	11650
14667	11650
14668	11651
14669	11653
14670	11654
14671	11654
14672	11655
14673	11657
14674	11658
14675	11658
14676	11659
14677	11660
14678	11661
14679	11661
14680	11662
14681	11662
14682	11663
14683	11665
14684	11666
14685	11666
14686	11667
14687	11669
14688	11670
14689	11670
14690	11671
14691	11671
14692	11672
14693	11672
14694	11673
14695	11673
14696	11674
14697	11674
14698	11674
14699	11674
14700	11675
14701	11677
14702	11678
14703	11678
14704	11679
14705	11681
14706	11682
14707	11682
14708	11683
14709	11685
14710	11686
14711	11686
14712	11686
14713	11686
14714	11687
14715	11689
14716	11690
14717	11690
14718	11691
14719	11693
14720	11694
14721	11694
14722	11695
14723	11697
14724	11698
14725	11698
14726	11698
14727	11698
14728	11699
14729	11701
14730	11702
14731	11702
14732	11703
14733	11705
14734	11706
14735	11706
14736	11707
14737	11709
14738	11710
14739	11710
14740	11710
14741	11709
14742	11709
14743	11710
14744	11712
14745	11713
14746	11713
14747	11714
14748	11716
14749	11717
14750	11717
14751	11718
14752	11720
14753	11721
14754	11721
14755	11721
14756	11721
14757	11722
14758	11724
14759	11725
14760	11725
14761	11726
14762	11728
14763	11729
14764	11729
14765	11730
14766	11732
14767	11733
14768	11733
14769	11733
14770	11733
14771	11734
14772	11736
14773	11737
14774	11737
14775	11738
14776	11740
14777	11741
14778	11741
14779	11742
14780	11744
14781	11745
14782	11745
14783	11745
14784	11745
14785	11745
14786	11745
14787	11746
14788	11746
14789	11747
14790	11747
14791	11748
14792	11750
14793	11751
14794	11751
14795	11752
14796	11754
14797	11755
14798	11755
14799	11756
14800	11757
14801	11758
14802	11758
14803	11759
14804	11759
14805	11760
14806	11762
14807	11763
14808	11763
14809	11764
14810	11766
14811	11767
14812	11767
14813	11768
14814	11769
14815	11770
14816	11770
14817	11771
14818	11771
14819	11772
14820	11774
14821	11775
14822	11775
14823	11776
14824	11778
14825	11779
14826	11779
14827	11780
14828	11780
14829	11781
14830	11780
14831	11780
14832	11781
14833	11781
14834	11782
14835	11782
14836	11783
14837	11785
14838	11786
14839	11786
14840	11787
14841	11789
14842	11790
14843	11790
14844	11791
14845	11792
14846	11793
14847	11793
14848	11794
14849	11794
14850	11795
14851	11797
14852	11798
14853	11798
14854	11799
14855	11801
14856	11802
14857	11802
14858	11803
14859	11804
14860	11805
14861	11805
14862	11806
14863	11806
14864	11807
14865	11809
14866	11810
14867	11810
14868	11811
14869	11813
14870	11814
14871	11814
14872	11815
14873	11815
14874	11816
14875	11816
14876	11817
14877	11817
14878	11818
14879	11818
14880	11819
14881	11821
14882	11822
14883	11822
14884	11823
14885	11825
14886	11826
14887	11826
14888	11827
14889	11829
14890	11830
14891	11830
14892	11830
14893	11830
14894	11830
14895	11830
14896	11831
14897	11830
14898	11832
14899	11833
14900	11833
14901	11834
14902	11836
14903	11837
14904	11837
14905	11838
14906	11840
14907	11841
14908	11841
14909	11841
14910	11841
14911	11842
14912	11844
14913	11845
14914	11845
14915	11846
14916	11848
14917	11849
14918	11849
14919	11850
14920	11852
14921	11853
14922	11853
14923	11853
14924	11853
14925	11853
14926	11853
14927	11854
14928	11854
14929	11855
14930	11855
14931	11856
14932	11858
14933	11859
14934	11859
14935	11860
14936	11862
14937	11863
14938	11863
14939	11864
14940	11865
14941	11866
14942	11866
14943	11867
14944	11867
14945	11868
14946	11870
14947	11871
14948	11871
14949	11872
14950	11874
14951	11875
14952	11875
14953	11876
14954	11877
14955	11878
14956	11878
14957	11879
14958	11879
14959	11880
14960	11882
14961	11883
14962	11883
14963	11884
14964	11886
14965	11887
14966	11887
14967	11888
14968	11888
14969	11889
14970	11889
14971	11890
14972	11890
14973	11891
14974	11891
14975	11892
14976	11894
14977	11895
14978	11895
14979	11896
14980	11898
14981	11899
14982	11899
14983	11900
14984	11902
14985	11903
14986	11903
14987	11903
14988	11903
14989	11904
14990	11906
14991	11907
14992	11907
14993	11908
14994	11910
14995	11911
14996	11911
14997	11912
14998	11914
14999	11915
15000	11915
15001	11915
15002	11915
15003	11916
15004	11918
15005	11919
15006	11919
15007	11920
15008	11922
15009	11923
15010	11923
15011	11924
15012	11926
15013	11927
15014	11927
15015	11927
15016	11927
15017	11927
15018	11927
15019	11928
15020	11928
15021	11929
15022	11929
15023	11930
15024	11932
15025	11933
15026	11933
15027	11934
15028	11936
15029	11937
15030	11937
15031	11938
15032	11939
15033	11940
15034	11940
15035	11941
15036	11941
15037	11942
15038	11944
15039	11945
15040	11945
15041	11946
15042	11948
15043	11949
15044	11949
15045	11950
15046	11951
15047	11952
15048	11952
15049	11953
15050	11953
15051	11954
15052	11956
15053	11957
15054	11957
15055	11958
15056	11960
15057	11961
15058	11961
15059	11962
15060	11962
15061	11963
15062	11963
15063	11964
15064	11964
15065	11965
15066	11965
15067	11966
15068	11968
15069	11969
15070	11969
15071	11970
15072	11972
15073	11973
15074	11973
15075	11974
15076	11976
15077	11977
15078	11977
15079	11977
15080	11977
15081	11978
15082	11980
15083	11981
15084	11981
15085	11982
15086	11984
15087	11985
15088	11985
15089	11986
15090	11988
15091	11989
15092	11989
15093	11989
15094	11989
15095	11990
15096	11992
15097	11993
15098	11993
15099	11994
15100	11996
15101	11997
15102	11997
15103	11998
15104	12000
15105	12001
15106	12001
15107	12001
15108	12001
15109	12001
15110	12001
15111	12001
15112	12001
15113	12002
15114	12002
15115	12003
15116	12005
15117	12006
15118	12006
15119	12007
15120	12009
15121	12010
15122	12010
15123	12011
15124	12012
15125	12013
15126	12013
15127	12014
15128	12014
15129	12015
15130	12017
15131	12018
15132	12018
15133	12019
15134	12021
15135	12022
15136	12022
15137	12023
15138	12024
15139	12025
15140	12024
15141	12024
15142	12025
15143	12027
15144	12028
15145	12028
15146	12029
15147	12031
15148	12032
15149	12032
15150	12033
15151	12035
15152	12036
15153	12036
15154	12036
15155	12036
15156	12037
15157	12038
15158	12039
15159	12039
15160	12039
15161	12039
15162	12040
15163	12042
15164	12043
15165	12043
15166	12044
15167	12046
15168	12047
15169	12047
15170	12048
15171	12050
15172	12051
15173	12051
15174	12051
15175	12051
15176	12051
15177	12051
15178	12052
15179	12052
15180	12053
15181	12053
15182	12054
15183	12056
15184	12057
15185	12057
15186	12058
15187	12060
15188	12061
15189	12061
15190	12062
15191	12063
15192	12064
15193	12064
15194	12065
15195	12065
15196	12066
15197	12068
15198	12069
15199	12069
15200	12070
15201	12072
15202	12073
15203	12073
15204	12074
15205	12075
15206	12076
15207	12076
15208	12077
15209	12077
15210	12078
15211	12080
15212	12081
15213	12081
15214	12082
15215	12084
15216	12085
15217	12085
15218	12086
15219	12086
15220	12087
15221	12087
15222	12088
15223	12088
15224	12089
15225	12089
15226	12090
15227	12092
15228	12093
15229	12093
15230	12094
15231	12096
15232	12097
15233	12097
15234	12098
15235	12100
15236	12101
15237	12101
15238	12101
15239	12101
15240	12101
15241	12101
15242	12101
15243	12100
15244	12100
15245	12101
15246	12103
15247	12104
15248	12104
15249	12105
15250	12107
15251	12108
15252	12108
15253	12109
15254	12111
15255	12112
15256	12112
15257	12112
15258	12112
15259	12113
15260	12115
15261	12116
15262	12116
15263	12117
15264	12119
15265	12120
15266	12120
15267	12121
15268	12123
15269	12124
15270	12124
15271	12124
15272	12124
15273	12125
15274	12127
15275	12128
15276	12128
15277	12129
15278	12131
15279	12132
15280	12132
15281	12133
15282	12135
15283	12136
15284	12136
15285	12136
15286	12136
15287	12136
15288	12136
15289	12137
15290	12137
15291	12138
15292	12138
15293	12139
15294	12141
15295	12142
15296	12142
15297	12143
15298	12145
15299	12146
15300	12146
15301	12147
15302	12148
15303	12149
15304	12148
15305	12148
15306	12149
15307	12151
15308	12152
15309	12152
15310	12153
15311	12155
15312	12156
15313	12156
15314	12157
15315	12159
15316	12160
15317	12160
15318	12160
15319	12160
15320	12161
15321	12163
15322	12164
15323	12164
15324	12165
15325	12167
15326	12168
15327	12168
15328	12169
15329	12171
15330	12172
15331	12172
15332	12172
15333	12172
15334	12173
15335	12175
15336	12176
15337	12176
15338	12177
15339	12179
15340	12180
15341	12180
15342	12181
15343	12183
15344	12184
15345	12184
15346	12184
15347	12183
15348	12183
15349	12184
15350	12186
15351	12187
15352	12187
15353	12188
15354	12190
15355	12191
15356	12191
15357	12192
15358	12194
15359	12195
15360	12195
15361	12195
15362	12195
15363	12196
15364	12198
15365	12199
15366	12199
15367	12200
15368	12202
15369	12203
15370	12203
15371	12204
15372	12206
15373	12207
15374	12207
15375	12207
15376	12207
15377	12208
15378	12210
15379	12211
15380	12211
15381	12212
15382	12214
15383	12215
15384	12215
15385	12216
15386	12218
15387	12219
15388	12219
15389	12219
15390	12219
15391	12219
15392	12219
15393	12220
15394	12220
15395	12221
15396	12221
15397	12222
15398	12224
15399	12225
15400	12225
15401	12226
15402	12228
15403	12229
15404	12229
15405	12230
15406	12231
15407	12232
15408	12232
15409	12233
15410	12233
15411	12234
15412	12236
15413	12237
15414	12237
15415	12238
15416	12240
15417	12241
15418	12241
15419	12242
15420	12243
15421	12244
15422	12244
15423	12245
15424	12245
15425	12246
15426	12248
15427	12249
15428	12249
15429	12250
15430	12252
15431	12253
15432	12253
15433	12254
15434	12254
15435	12255
15436	12255
15437	12256
15438	12256
15439	12257
15440	12257
15441	12258
15442	12260
15443	12261
15444	12261
15445	12262
15446	12264
15447	12265
15448	12265
15449	12266
15450	12268
15451	12269
15452	12269
15453	12269
15454	12269
15455	12270
15456	12272
15457	12273
15458	12273
15459	12274
15460	12276
15461	12277
15462	12277
15463	12278
15464	12280
15465	12281
15466	12281
15467	12281
15468	12281
15469	12282
15470	12284
15471	12285
15472	12285
15473	12286
15474	12288
15475	12289
15476	12289
15477	12290
15478	12292
15479	12293
15480	12293
15481	12293
15482	12293
15483	12293
15484	12293
15485	12294
15486	12294
15487	12295
15488	12295
15489	12296
15490	12298
15491	12299
15492	12299
15493	12300
15494	12302
15495	12303
15496	12303
15497	12304
15498	12305
15499	12306
15500	12305
15501	12305
15502	12306
15503	12308
15504	12309
15505	12309
15506	12310
15507	12312
15508	12313
15509	12313
15510	12314
15511	12316
15512	12317
15513	12317
15514	12317
15515	12317
15516	12317
15517	12317
15518	12318
15519	12318
15520	12319
15521	12319
15522	12320
15523	12322
15524	12323
15525	12323
15526	12324
15527	12326
15528	12327
15529	12327
15530	12328
15531	12329
15532	12330
15533	12330
15534	12331
15535	12331
15536	12332
15537	12334
15538	12335
15539	12335
15540	12336
15541	12338
15542	12339
15543	12339
15544	12340
15545	12341
15546	12342
15547	12342
15548	12343
15549	12343
15550	12344
15551	12346
15552	12347
15553	12347
15554	12348
15555	12350
15556	12351
15557	12351
15558	12352
15559	12352
15560	12353
15561	12353
15562	12354
15563	12354
15564	12355
15565	12355
15566	12356
15567	12358
15568	12359
15569	12359
15570	12360
15571	12362
15572	12363
15573	12363
15574	12364
15575	12366
15576	12367
15577	12367
15578	12367
15579	12367
15580	12368
15581	12370
15582	12371
15583	12371
15584	12372
15585	12374
15586	12375
15587	12375
15588	12376
15589	12378
15590	12379
15591	12379
15592	12379
15593	12379
15594	12380
15595	12382
15596	12383
15597	12383
15598	12384
15599	12386
15600	12387
15601	12387
15602	12388
15603	12390
15604	12391
15605	12391
15606	12391
15607	12391
15608	12391
15609	12391
15610	12392
15611	12392
15612	12393
15613	12393
15614	12394
15615	12396
15616	12397
15617	12397
15618	12398
15619	12400
15620	12401
15621	12401
15622	12402
15623	12403
15624	12404
15625	12404
15626	12405
15627	12405
15628	12406
15629	12408
15630	12409
15631	12409
15632	12410
15633	12412
15634	12413
15635	12413
15636	12414
15637	12415
15638	12416
15639	12416
15640	12417
15641	12417
15642	12418
15643	12420
15644	12421
15645	12421
15646	12422
15647	12424
15648	12425
15649	12425
15650	12426
15651	12426
15652	12427
15653	12427
15654	12428
15655	12428
15656	12429
15657	12429
15658	12430
15659	12432
15660	12433
15661	12433
15662	12434
15663	12436
15664	12437
15665	12437
15666	12438
15667	12440
15668	12441
15669	12441
15670	12441
15671	12441
15672	12441
15673	12441
15674	12442
15675	12442
15676	12443
15677	12443
15678	12444
15679	12446
15680	12447
15681	12447
15682	12448
15683	12450
15684	12451
15685	12451
15686	12452
15687	12453
15688	12454
15689	12454
15690	12455
15691	12455
15692	12456
15693	12458
15694	12459
15695	12459
15696	12460
15697	12462
15698	12463
15699	12463
15700	12464
15701	12465
15702	12466
15703	12466
15704	12467
15705	12467
15706	12468
15707	12468
15708	12469
15709	12469
15710	12470
15711	12470
15712	12471
15713	12471
15714	12472
15715	12474
15716	12475
15717	12475
15718	12476
15719	12478
15720	12479
15721	12479
15722	12480
15723	12482
15724	12483
15725	12483
15726	12483
15727	12483
15728	12483
15729	12483
15730	12483
15731	12483
15732	12484
15733	12484
15734	12485
15735	12487
15736	12488
15737	12488
15738	12489
15739	12491
15740	12492
15741	12492
15742	12493
15743	12494
15744	12495
15745	12495
15746	12496
15747	12496
15748	12497
15749	12499
15750	12500
15751	12500
15752	12501
15753	12503
15754	12504
15755	12504
15756	12505
15757	12506
15758	12507
15759	12506
15760	12506
15761	12507
15762	12509
15763	12510
15764	12510
15765	12511
15766	12513
15767	12514
15768	12514
15769	12515
15770	12517
15771	12518
15772	12518
15773	12518
15774	12518
15775	12518
15776	12518
15777	12518
15778	12518
15779	12519
15780	12519
15781	12520
15782	12522
15783	12523
15784	12523
15785	12524
15786	12526
15787	12527
15788	12527
15789	12528
15790	12529
15791	12530
15792	12530
15793	12531
15794	12531
15795	12532
15796	12534
15797	12535
15798	12535
15799	12536
15800	12538
15801	12539
15802	12539
15803	12540
15804	12541
15805	12542
15806	12541
15807	12541
15808	12541
15809	12540
15810	12541
15811	12541
15812	12542
15813	12542
15814	12543
15815	12543
15816	12544
15817	12546
15818	12547
15819	12547
15820	12548
15821	12550
15822	12551
15823	12551
15824	12552
15825	12554
15826	12555
15827	12555
15828	12555
15829	12555
15830	12556
15831	12557
15832	12558
15833	12558
15834	12559
15835	12561
15836	12562
15837	12562
15838	12563
15839	12564
15840	12565
15841	12565
15842	12566
15843	12566
15844	12567
15845	12569
15846	12570
15847	12570
15848	12571
15849	12573
15850	12574
15851	12574
15852	12575
15853	12576
15854	12577
15855	12576
15856	12576
15857	12577
15858	12579
15859	12580
15860	12580
15861	12581
15862	12583
15863	12584
15864	12584
15865	12585
15866	12587
15867	12588
15868	12588
15869	12588
15870	12588
15871	12589
15872	12591
15873	12592
15874	12592
15875	12593
15876	12595
15877	12596
15878	12596
15879	12597
15880	12599
15881	12600
15882	12600
15883	12600
15884	12600
15885	12600
15886	12600
15887	12601
15888	12601
15889	12602
15890	12602
15891	12603
15892	12605
15893	12606
15894	12606
15895	12607
15896	12609
15897	12610
15898	12610
15899	12611
15900	12612
15901	12613
15902	12613
15903	12614
15904	12614
15905	12615
15906	12617
15907	12618
15908	12618
15909	12619
15910	12621
15911	12622
15912	12622
15913	12623
15914	12624
15915	12625
15916	12625
15917	12626
15918	12626
15919	12627
15920	12629
15921	12630
15922	12630
15923	12631
15924	12633
15925	12634
15926	12634
15927	12635
15928	12635
15929	12636
15930	12636
15931	12637
15932	12637
15933	12638
15934	12638
15935	12639
15936	12641
15937	12642
15938	12642
15939	12643
15940	12645
15941	12646
15942	12646
15943	12647
15944	12649
15945	12650
15946	12650
15947	12650
15948	12650
15949	12651
15950	12653
15951	12654
15952	12654
15953	12655
15954	12657
15955	12658
15956	12658
15957	12659
15958	12661
15959	12662
15960	12662
15961	12662
15962	12662
15963	12663
15964	12665
15965	12666
15966	12666
15967	12667
15968	12669
15969	12670
15970	12670
15971	12671
15972	12673
15973	12674
15974	12674
15975	12674
15976	12674
15977	12674
15978	12674
15979	12675
15980	12675
15981	12676
15982	12676
15983	12677
15984	12679
15985	12680
15986	12680
15987	12681
15988	12683
15989	12684
15990	12684
15991	12685
15992	12686
15993	12687
15994	12686
15995	12686
15996	12686
15997	12686
15998	12687
15999	12687
16000	12688
16001	12688
16002	12689
16003	12691
16004	12692
16005	12692
16006	12693
16007	12695
16008	12696
16009	12696
16010	12697
16011	12699
16012	12700
16013	12700
16014	12700
16015	12700
16016	12700
16017	12700
16018	12701
16019	12701
16020	12702
16021	12702
16022	12703
16023	12705
16024	12706
16025	12706
16026	12707
16027	12709
16028	12710
16029	12710
16030	12711
16031	12712
16032	12713
16033	12713
16034	12714
16035	12714
16036	12715
16037	12717
16038	12718
16039	12718
16040	12719
16041	12721
16042	12722
16043	12722
16044	12723
16045	12724
16046	12725
16047	12725
16048	12726
16049	12726
16050	12727
16051	12729
16052	12730
16053	12730
16054	12731
16055	12733
16056	12734
16057	12734
16058	12735
16059	12735
16060	12736
16061	12736
16062	12737
16063	12737
16064	12738
16065	12738
16066	12738
16067	12738
16068	12738
16069	12738
16070	12739
16071	12739
16072	12740
16073	12740
16074	12741
16075	12743
16076	12744
16077	12744
16078	12745
16079	12747
16080	12748
16081	12748
16082	12749
16083	12751
16084	12752
16085	12752
16086	12752
16087	12752
16088	12753
16089	12755
16090	12756
16091	12756
16092	12757
16093	12759
16094	12760
16095	12760
16096	12761
16097	12763
16098	12764
16099	12764
16100	12764
16101	12764
16102	12765
16103	12767
16104	12768
16105	12768
16106	12769
16107	12771
16108	12772
16109	12772
16110	12773
16111	12775
16112	12776
16113	12776
16114	12776
16115	12776
16116	12776
16117	12776
16118	12777
16119	12776
16120	12778
16121	12779
16122	12779
16123	12780
16124	12782
16125	12783
16126	12783
16127	12784
16128	12786
16129	12787
16130	12787
16131	12787
16132	12787
16133	12788
16134	12790
16135	12791
16136	12791
16137	12792
16138	12794
16139	12795
16140	12795
16141	12796
16142	12798
16143	12799
16144	12799
16145	12799
16146	12799
16147	12800
16148	12802
16149	12803
16150	12803
16151	12804
16152	12806
16153	12807
16154	12807
16155	12808
16156	12810
16157	12811
16158	12811
16159	12811
16160	12811
16161	12811
16162	12811
16163	12812
16164	12811
16165	12813
16166	12814
16167	12814
16168	12815
16169	12817
16170	12818
16171	12818
16172	12819
16173	12821
16174	12822
16175	12822
16176	12822
16177	12822
16178	12823
16179	12825
16180	12826
16181	12826
16182	12827
16183	12829
16184	12830
16185	12830
16186	12831
16187	12833
16188	12834
16189	12834
16190	12834
16191	12834
16192	12834
16193	12834
16194	12835
16195	12835
16196	12836
16197	12836
16198	12837
16199	12839
16200	12840
16201	12840
16202	12841
16203	12843
16204	12844
16205	12844
16206	12845
16207	12846
16208	12847
16209	12846
16210	12846
16211	12847
16212	12849
16213	12850
16214	12850
16215	12851
16216	12853
16217	12854
16218	12854
16219	12855
16220	12857
16221	12858
16222	12858
16223	12858
16224	12858
16225	12859
16226	12861
16227	12862
16228	12862
16229	12863
16230	12865
16231	12866
16232	12866
16233	12867
16234	12869
16235	12870
16236	12870
16237	12870
16238	12870
16239	12871
16240	12873
16241	12874
16242	12874
16243	12875
16244	12877
16245	12878
16246	12878
16247	12879
16248	12881
16249	12882
16250	12882
16251	12882
16252	12881
16253	12881
16254	12882
16255	12884
16256	12885
16257	12885
16258	12886
16259	12888
16260	12889
16261	12889
16262	12890
16263	12892
16264	12893
16265	12893
16266	12893
16267	12893
16268	12894
16269	12896
16270	12897
16271	12897
16272	12898
16273	12900
16274	12901
16275	12901
16276	12902
16277	12904
16278	12905
16279	12905
16280	12905
16281	12905
16282	12906
16283	12908
16284	12909
16285	12909
16286	12910
16287	12912
16288	12913
16289	12913
16290	12914
16291	12916
16292	12917
16293	12917
16294	12917
16295	12917
16296	12917
16297	12917
16298	12918
16299	12917
16300	12919
16301	12920
16302	12920
16303	12921
16304	12923
16305	12924
16306	12924
16307	12925
16308	12927
16309	12928
16310	12928
16311	12928
16312	12928
16313	12928
16314	12928
16315	12929
16316	12929
16317	12930
16318	12930
16319	12931
16320	12933
16321	12934
16322	12934
16323	12935
16324	12937
16325	12938
16326	12938
16327	12939
16328	12940
16329	12941
16330	12941
16331	12942
16332	12942
16333	12943
16334	12945
16335	12946
16336	12946
16337	12947
16338	12949
16339	12950
16340	12950
16341	12951
16342	12952
16343	12953
16344	12953
16345	12954
16346	12954
16347	12955
16348	12957
16349	12958
16350	12958
16351	12959
16352	12961
16353	12962
16354	12962
16355	12963
16356	12963
16357	12964
16358	12964
16359	12965
16360	12965
16361	12966
16362	12966
16363	12967
16364	12969
16365	12970
16366	12970
16367	12971
16368	12973
16369	12974
16370	12974
16371	12975
16372	12977
16373	12978
16374	12978
16375	12978
16376	12978
16377	12979
16378	12981
16379	12982
16380	12982
16381	12983
16382	12985
16383	12986
16384	12986
16385	12987
16386	12989
16387	12990
16388	12990
16389	12990
16390	12990
16391	12990
16392	12990
16393	12990
16394	12990
16395	12991
16396	12991
16397	12992
16398	12994
16399	12995
16400	12995
16401	12996
16402	12998
16403	12999
16404	12999
16405	13000
16406	13001
16407	13002
16408	13002
16409	13003
16410	13003
16411	13004
16412	13006
16413	13007
16414	13007
16415	13008
16416	13010
16417	13011
16418	13011
16419	13012
16420	13013
16421	13014
16422	13013
16423	13013
16424	13014
16425	13016
16426	13017
16427	13017
16428	13018
16429	13020
16430	13021
16431	13021
16432	13022
16433	13024
16434	13025
16435	13025
16436	13025
16437	13025
16438	13026
16439	13028
16440	13029
16441	13029
16442	13030
16443	13032
16444	13033
16445	13033
16446	13034
16447	13036
16448	13037
16449	13037
16450	13037
16451	13037
16452	13038
16453	13040
16454	13041
16455	13041
16456	13042
16457	13044
16458	13045
16459	13045
16460	13046
16461	13048
16462	13049
16463	13049
16464	13049
16465	13048
16466	13048
16467	13049
16468	13050
16469	13051
16470	13051
16471	13052
16472	13052
16473	13053
16474	13055
16475	13056
16476	13056
16477	13057
16478	13059
16479	13060
16480	13060
16481	13061
16482	13063
16483	13064
16484	13064
16485	13064
16486	13064
16487	13065
16488	13067
16489	13068
16490	13068
16491	13069
16492	13071
16493	13072
16494	13072
16495	13073
16496	13075
16497	13076
16498	13076
16499	13076
16500	13076
16501	13077
16502	13079
16503	13080
16504	13080
16505	13081
16506	13083
16507	13084
16508	13084
16509	13085
16510	13087
16511	13088
16512	13088
16513	13088
16514	13088
16515	13088
16516	13088
16517	13089
16518	13089
16519	13090
16520	13090
16521	13091
16522	13092
16523	13093
16524	13093
16525	13094
16526	13094
16527	13095
16528	13097
16529	13098
16530	13098
16531	13099
16532	13101
16533	13102
16534	13102
16535	13103
16536	13104
16537	13105
16538	13104
16539	13104
16540	13105
16541	13107
16542	13108
16543	13108
16544	13109
16545	13111
16546	13112
16547	13112
16548	13113
16549	13115
16550	13116
16551	13116
16552	13116
16553	13116
16554	13117
16555	13119
16556	13120
16557	13120
16558	13121
16559	13123
16560	13124
16561	13124
16562	13125
16563	13127
16564	13128
16565	13128
16566	13128
16567	13128
16568	13129
16569	13131
16570	13132
16571	13132
16572	13133
16573	13135
16574	13136
16575	13136
16576	13137
16577	13139
16578	13140
16579	13140
16580	13140
16581	13139
16582	13139
16583	13140
16584	13142
16585	13143
16586	13143
16587	13144
16588	13146
16589	13147
16590	13147
16591	13148
16592	13150
16593	13151
16594	13151
16595	13151
16596	13151
16597	13152
16598	13154
16599	13155
16600	13155
16601	13156
16602	13158
16603	13159
16604	13159
16605	13160
16606	13162
16607	13163
16608	13163
16609	13163
16610	13163
16611	13164
16612	13166
16613	13167
16614	13167
16615	13168
16616	13170
16617	13171
16618	13171
16619	13172
16620	13174
16621	13175
16622	13175
16623	13175
16624	13175
16625	13175
16626	13175
16627	13175
16628	13175
16629	13176
16630	13176
16631	13177
16632	13179
16633	13180
16634	13180
16635	13181
16636	13183
16637	13184
16638	13184
16639	13185
16640	13186
16641	13187
16642	13187
16643	13188
16644	13188
16645	13189
16646	13191
16647	13192
16648	13192
16649	13193
16650	13195
16651	13196
16652	13196
16653	13197
16654	13198
16655	13199
16656	13198
16657	13198
16658	13199
16659	13201
16660	13202
16661	13202
16662	13203
16663	13205
16664	13206
16665	13206
16666	13207
16667	13209
16668	13210
16669	13210
16670	13210
16671	13210
16672	13210
16673	13210
16674	13211
16675	13211
16676	13212
16677	13212
16678	13213
16679	13215
16680	13216
16681	13216
16682	13217
16683	13219
16684	13220
16685	13220
16686	13221
16687	13222
16688	13223
16689	13223
16690	13224
16691	13224
16692	13225
16693	13227
16694	13228
16695	13228
16696	13229
16697	13231
16698	13232
16699	13232
16700	13233
16701	13234
16702	13235
16703	13235
16704	13236
16705	13236
16706	13237
16707	13239
16708	13240
16709	13240
16710	13241
16711	13243
16712	13244
16713	13244
16714	13245
16715	13245
16716	13246
16717	13246
16718	13247
16719	13247
16720	13248
16721	13248
16722	13249
16723	13251
16724	13252
16725	13252
16726	13253
16727	13255
16728	13256
16729	13256
16730	13257
16731	13259
16732	13260
16733	13260
16734	13260
16735	13260
16736	13261
16737	13263
16738	13264
16739	13264
16740	13265
16741	13267
16742	13268
16743	13268
16744	13269
16745	13271
16746	13272
16747	13272
16748	13272
16749	13272
16750	13273
16751	13275
16752	13276
16753	13276
16754	13277
16755	13279
16756	13280
16757	13280
16758	13281
16759	13283
16760	13284
16761	13284
16762	13284
16763	13284
16764	13284
16765	13284
16766	13285
16767	13284
16768	13286
16769	13287
16770	13287
16771	13288
16772	13290
16773	13291
16774	13291
16775	13292
16776	13294
16777	13295
16778	13295
16779	13295
16780	13295
16781	13296
16782	13298
16783	13299
16784	13299
16785	13300
16786	13302
16787	13303
16788	13303
16789	13304
16790	13306
16791	13307
16792	13307
16793	13307
16794	13307
16795	13308
16796	13310
16797	13311
16798	13311
16799	13312
16800	13314
16801	13315
16802	13315
16803	13316
16804	13318
16805	13319
16806	13319
16807	13319
16808	13319
16809	13319
16810	13319
16811	13320
16812	13320
16813	13321
16814	13321
16815	13322
16816	13324
16817	13325
16818	13325
16819	13326
16820	13328
16821	13329
16822	13329
16823	13330
16824	13331
16825	13332
16826	13332
16827	13333
16828	13333
16829	13334
16830	13336
16831	13337
16832	13337
16833	13338
16834	13340
16835	13341
16836	13341
16837	13342
16838	13343
16839	13344
16840	13344
16841	13345
16842	13345
16843	13346
16844	13348
16845	13349
16846	13349
16847	13350
16848	13352
16849	13353
16850	13353
16851	13354
16852	13354
16853	13355
16854	13355
16855	13356
16856	13356
16857	13357
16858	13357
16859	13358
16860	13360
16861	13361
16862	13361
16863	13362
16864	13364
16865	13365
16866	13365
16867	13366
16868	13368
16869	13369
16870	13369
16871	13369
16872	13369
16873	13370
16874	13372
16875	13373
16876	13373
16877	13374
16878	13376
16879	13377
16880	13377
16881	13378
16882	13380
16883	13381
16884	13381
16885	13381
16886	13381
16887	13382
16888	13384
16889	13385
16890	13385
16891	13386
16892	13388
16893	13389
16894	13389
16895	13390
16896	13392
16897	13393
16898	13393
16899	13393
16900	13393
16901	13393
16902	13393
16903	13394
16904	13394
16905	13395
16906	13395
16907	13396
16908	13398
16909	13399
16910	13399
16911	13400
16912	13402
16913	13403
16914	13403
16915	13404
16916	13405
16917	13406
16918	13406
16919	13407
16920	13407
16921	13408
16922	13410
16923	13411
16924	13411
16925	13412
16926	13414
16927	13415
16928	13415
16929	13416
16930	13417
16931	13418
16932	13418
16933	13419
16934	13419
16935	13420
16936	13422
16937	13423
16938	13423
16939	13424
16940	13426
16941	13427
16942	13427
16943	13428
16944	13428
16945	13429
16946	13429
16947	13430
16948	13430
16949	13431
16950	13431
16951	13431
16952	13431
16953	13431
16954	13431
16955	13432
16956	13432
16957	13433
16958	13433
16959	13434
16960	13436
16961	13437
16962	13437
16963	13438
16964	13440
16965	13441
16966	13441
16967	13442
16968	13444
16969	13445
16970	13445
16971	13445
16972	13445
16973	13445
16974	13445
16975	13445
16976	13445
16977	13446
16978	13446
16979	13447
16980	13449
16981	13450
16982	13450
16983	13451
16984	13453
16985	13454
16986	13454
16987	13455
16988	13456
16989	13457
16990	13457
16991	13458
16992	13458
16993	13459
16994	13461
16995	13462
16996	13462
16997	13463
16998	13465
16999	13466
17000	13466
17001	13467
17002	13468
17003	13469
17004	13468
17005	13468
17006	13469
17007	13471
17008	13472
17009	13472
17010	13473
17011	13475
17012	13476
17013	13476
17014	13477
17015	13479
17016	13480
17017	13480
17018	13480
17019	13480
17020	13481
17021	13483
17022	13484
17023	13484
17024	13485
17025	13487
17026	13488
17027	13488
17028	13489
17029	13491
17030	13492
17031	13492
17032	13492
17033	13492
17034	13492
17035	13492
17036	13493
17037	13493
17038	13494
17039	13494
17040	13495
17041	13496
17042	13497
17043	13497
17044	13498
17045	13498
17046	13499
17047	13501
17048	13502
17049	13502
17050	13503
17051	13505
17052	13506
17053	13506
17054	13507
17055	13508
17056	13509
17057	13508
17058	13508
17059	13508
17060	13508
17061	13509
17062	13509
17063	13510
17064	13510
17065	13510
17066	13510
17067	13510
17068	13510
17069	13511
17070	13511
17071	13512
17072	13512
17073	13513
17074	13515
17075	13516
17076	13516
17077	13517
17078	13519
17079	13520
17080	13520
17081	13521
17082	13523
17083	13524
17084	13524
17085	13524
17086	13524
17087	13525
17088	13527
17089	13528
17090	13528
17091	13529
17092	13531
17093	13532
17094	13532
17095	13533
17096	13535
17097	13536
17098	13536
17099	13536
17100	13536
17101	13537
17102	13539
17103	13540
17104	13540
17105	13541
17106	13543
17107	13544
17108	13544
17109	13545
17110	13547
17111	13548
17112	13548
17113	13548
17114	13548
17115	13548
17116	13548
17117	13549
17118	13549
17119	13550
17120	13550
17121	13551
17122	13553
17123	13554
17124	13554
17125	13555
17126	13557
17127	13558
17128	13558
17129	13559
17130	13560
17131	13561
17132	13561
17133	13562
17134	13562
17135	13563
17136	13565
17137	13566
17138	13566
17139	13567
17140	13569
17141	13570
17142	13570
17143	13571
17144	13572
17145	13573
17146	13573
17147	13574
17148	13574
17149	13575
17150	13577
17151	13578
17152	13578
17153	13579
17154	13581
17155	13582
17156	13582
17157	13583
17158	13583
17159	13584
17160	13584
17161	13585
17162	13585
17163	13586
17164	13586
17165	13586
17166	13586
17167	13587
17168	13589
17169	13590
17170	13590
17171	13591
17172	13593
17173	13594
17174	13594
17175	13595
17176	13597
17177	13598
17178	13598
17179	13598
17180	13598
17181	13599
17182	13601
17183	13602
17184	13602
17185	13603
17186	13605
17187	13606
17188	13606
17189	13607
17190	13609
17191	13610
17192	13610
17193	13610
17194	13610
17195	13611
17196	13613
17197	13614
17198	13614
17199	13615
17200	13617
17201	13618
17202	13618
17203	13619
17204	13621
17205	13622
17206	13622
17207	13622
17208	13621
17209	13621
17210	13622
17211	13624
17212	13625
17213	13625
17214	13626
17215	13628
17216	13629
17217	13629
17218	13630
17219	13632
17220	13633
17221	13633
17222	13633
17223	13633
17224	13634
17225	13636
17226	13637
17227	13637
17228	13638
17229	13640
17230	13641
17231	13641
17232	13642
17233	13644
17234	13645
17235	13645
17236	13645
17237	13645
17238	13646
17239	13648
17240	13649
17241	13649
17242	13650
17243	13652
17244	13653
17245	13653
17246	13654
17247	13656
17248	13657
17249	13657
17250	13657
17251	13657
17252	13657
17253	13657
17254	13658
17255	13658
17256	13659
17257	13659
17258	13660
17259	13662
17260	13663
17261	13663
17262	13664
17263	13666
17264	13667
17265	13667
17266	13668
17267	13669
17268	13670
17269	13670
17270	13671
17271	13671
17272	13672
17273	13674
17274	13675
17275	13675
17276	13676
17277	13678
17278	13679
17279	13679
17280	13680
17281	13681
17282	13682
17283	13682
17284	13683
17285	13683
17286	13684
17287	13686
17288	13687
17289	13687
17290	13688
17291	13690
17292	13691
17293	13691
17294	13692
17295	13692
17296	13693
17297	13693
17298	13694
17299	13694
17300	13695
17301	13695
17302	13695
17303	13695
17304	13696
17305	13698
17306	13699
17307	13699
17308	13700
17309	13702
17310	13703
17311	13703
17312	13704
17313	13706
17314	13707
17315	13707
17316	13707
17317	13707
17318	13708
17319	13710
17320	13711
17321	13711
17322	13712
17323	13714
17324	13715
17325	13715
17326	13716
17327	13718
17328	13719
17329	13719
17330	13719
17331	13719
17332	13719
17333	13719
17334	13720
17335	13720
17336	13721
17337	13721
17338	13722
17339	13724
17340	13725
17341	13725
17342	13726
17343	13728
17344	13729
17345	13729
17346	13730
17347	13731
17348	13732
17349	13732
17350	13733
17351	13733
17352	13734
17353	13736
17354	13737
17355	13737
17356	13738
17357	13740
17358	13741
17359	13741
17360	13742
17361	13743
17362	13744
17363	13744
17364	13745
17365	13745
17366	13746
17367	13748
17368	13749
17369	13749
17370	13750
17371	13752
17372	13753
17373	13753
17374	13754
17375	13754
17376	13755
17377	13755
17378	13756
17379	13756
17380	13757
17381	13757
17382	13758
17383	13760
17384	13761
17385	13761
17386	13762
17387	13764
17388	13765
17389	13765
17390	13766
17391	13768
17392	13769
17393	13769
17394	13769
17395	13769
17396	13770
17397	13772
17398	13773
17399	13773
17400	13774
17401	13776
17402	13777
17403	13777
17404	13778
17405	13780
17406	13781
17407	13781
17408	13781
17409	13781
17410	13782
17411	13784
17412	13785
17413	13785
17414	13786
17415	13788
17416	13789
17417	13789
17418	13790
17419	13792
17420	13793
17421	13793
17422	13793
17423	13793
17424	13793
17425	13793
17426	13794
17427	13794
17428	13795
17429	13795
17430	13796
17431	13798
17432	13799
17433	13799
17434	13800
17435	13802
17436	13803
17437	13803
17438	13804
17439	13805
17440	13806
17441	13806
17442	13807
17443	13807
17444	13808
17445	13810
17446	13811
17447	13811
17448	13812
17449	13814
17450	13815
17451	13815
17452	13816
17453	13817
17454	13818
17455	13818
17456	13819
17457	13819
17458	13820
17459	13822
17460	13823
17461	13823
17462	13824
17463	13826
17464	13827
17465	13827
17466	13828
17467	13828
17468	13829
17469	13829
17470	13830
17471	13830
17472	13831
17473	13831
17474	13831
17475	13831
17476	13832
17477	13834
17478	13835
17479	13835
17480	13836
17481	13838
17482	13839
17483	13839
17484	13840
17485	13842
17486	13843
17487	13843
17488	13843
17489	13843
17490	13844
17491	13846
17492	13847
17493	13847
17494	13848
17495	13850
17496	13851
17497	13851
17498	13852
17499	13854
17500	13855
17501	13855
17502	13855
17503	13855
17504	13856
17505	13858
17506	13859
17507	13859
17508	13860
17509	13862
17510	13863
17511	13863
17512	13864
17513	13866
17514	13867
17515	13867
17516	13867
17517	13866
17518	13866
17519	13867
17520	13869
17521	13870
17522	13870
17523	13871
17524	13873
17525	13874
17526	13874
17527	13875
17528	13877
17529	13878
17530	13878
17531	13878
17532	13878
17533	13879
17534	13881
17535	13882
17536	13882
17537	13883
17538	13885
17539	13886
17540	13886
17541	13887
17542	13889
17543	13890
17544	13890
17545	13890
17546	13890
17547	13891
17548	13893
17549	13894
17550	13894
17551	13895
17552	13897
17553	13898
17554	13898
17555	13899
17556	13901
17557	13902
17558	13902
17559	13902
17560	13902
17561	13902
17562	13902
17563	13903
17564	13903
17565	13904
17566	13904
17567	13905
17568	13907
17569	13908
17570	13908
17571	13909
17572	13911
17573	13912
17574	13912
17575	13913
17576	13914
17577	13915
17578	13915
17579	13916
17580	13916
17581	13917
17582	13919
17583	13920
17584	13920
17585	13921
17586	13923
17587	13924
17588	13924
17589	13925
17590	13926
17591	13927
17592	13927
17593	13928
17594	13928
17595	13929
17596	13931
17597	13932
17598	13932
17599	13933
17600	13935
17601	13936
17602	13936
17603	13937
17604	13937
17605	13938
17606	13938
17607	13939
17608	13939
17609	13940
17610	13940
17611	13941
17612	13943
17613	13944
17614	13944
17615	13945
17616	13947
17617	13948
17618	13948
17619	13949
17620	13951
17621	13952
17622	13952
17623	13952
17624	13952
17625	13953
17626	13955
17627	13956
17628	13956
17629	13957
17630	13959
17631	13960
17632	13960
17633	13961
17634	13963
17635	13964
17636	13964
17637	13964
17638	13964
17639	13965
17640	13967
17641	13968
17642	13968
17643	13969
17644	13971
17645	13972
17646	13972
17647	13973
17648	13975
17649	13976
17650	13976
17651	13976
17652	13976
17653	13976
17654	13976
17655	13976
17656	13976
17657	13977
17658	13977
17659	13978
17660	13980
17661	13981
17662	13981
17663	13982
17664	13984
17665	13985
17666	13985
17667	13986
17668	13987
17669	13988
17670	13988
17671	13989
17672	13989
17673	13990
17674	13992
17675	13993
17676	13993
17677	13994
17678	13996
17679	13997
17680	13997
17681	13998
17682	13999
17683	14000
17684	13999
17685	13999
17686	14000
17687	14002
17688	14003
17689	14003
17690	14004
17691	14006
17692	14007
17693	14007
17694	14008
17695	14010
17696	14011
17697	14011
17698	14011
17699	14011
17700	14012
17701	14014
17702	14015
17703	14015
17704	14016
17705	14018
17706	14019
17707	14019
17708	14020
17709	14022
17710	14023
17711	14023
17712	14023
17713	14023
17714	14023
17715	14023
17716	14024
17717	14024
17718	14025
17719	14025
17720	14026
17721	14028
17722	14029
17723	14029
17724	14030
17725	14032
17726	14033
17727	14033
17728	14034
17729	14035
17730	14036
17731	14036
17732	14037
17733	14037
17734	14038
17735	14040
17736	14041
17737	14041
17738	14042
17739	14044
17740	14045
17741	14045
17742	14046
17743	14047
17744	14048
17745	14048
17746	14049
17747	14049
17748	14050
17749	14052
17750	14053
17751	14053
17752	14054
17753	14056
17754	14057
17755	14057
17756	14058
17757	14058
17758	14059
17759	14059
17760	14060
17761	14060
17762	14061
17763	14061
17764	14062
17765	14064
17766	14065
17767	14065
17768	14066
17769	14068
17770	14069
17771	14069
17772	14070
17773	14072
17774	14073
17775	14073
17776	14073
17777	14073
17778	14074
17779	14076
17780	14077
17781	14077
17782	14078
17783	14080
17784	14081
17785	14081
17786	14082
17787	14084
17788	14085
17789	14085
17790	14085
17791	14085
17792	14086
17793	14088
17794	14089
17795	14089
17796	14090
17797	14092
17798	14093
17799	14093
17800	14094
17801	14096
17802	14097
17803	14097
17804	14097
17805	14097
17806	14097
17807	14097
17808	14097
17809	14096
17810	14096
17811	14097
17812	14099
17813	14100
17814	14100
17815	14101
17816	14103
17817	14104
17818	14104
17819	14105
17820	14107
17821	14108
17822	14108
17823	14108
17824	14108
17825	14109
17826	14111
17827	14112
17828	14112
17829	14113
17830	14115
17831	14116
17832	14116
17833	14117
17834	14119
17835	14120
17836	14120
17837	14120
17838	14120
17839	14120
17840	14120
17841	14120
17842	14120
17843	14121
17844	14121
17845	14122
17846	14124
17847	14125
17848	14125
17849	14126
17850	14128
17851	14129
17852	14129
17853	14130
17854	14131
17855	14132
17856	14132
17857	14133
17858	14133
17859	14134
17860	14136
17861	14137
17862	14137
17863	14138
17864	14140
17865	14141
17866	14141
17867	14142
17868	14143
17869	14144
17870	14143
17871	14143
17872	14144
17873	14146
17874	14147
17875	14147
17876	14148
17877	14150
17878	14151
17879	14151
17880	14152
17881	14154
17882	14155
17883	14155
17884	14155
17885	14155
17886	14156
17887	14158
17888	14159
17889	14159
17890	14160
17891	14162
17892	14163
17893	14163
17894	14164
17895	14166
17896	14167
17897	14167
17898	14167
17899	14167
17900	14168
17901	14170
17902	14171
17903	14171
17904	14172
17905	14174
17906	14175
17907	14175
17908	14176
17909	14178
17910	14179
17911	14179
17912	14179
17913	14178
17914	14178
17915	14179
17916	14181
17917	14182
17918	14182
17919	14183
17920	14185
17921	14186
17922	14186
17923	14187
17924	14189
17925	14190
17926	14190
17927	14190
17928	14190
17929	14191
17930	14193
17931	14194
17932	14194
17933	14195
17934	14197
17935	14198
17936	14198
17937	14199
17938	14201
17939	14202
17940	14202
17941	14202
17942	14202
17943	14202
17944	14202
17945	14203
17946	14203
17947	14204
17948	14204
17949	14205
17950	14207
17951	14208
17952	14208
17953	14209
17954	14211
17955	14212
17956	14212
17957	14213
17958	14214
17959	14215
17960	14215
17961	14216
17962	14216
17963	14217
17964	14219
17965	14220
17966	14220
17967	14221
17968	14223
17969	14224
17970	14224
17971	14225
17972	14226
17973	14227
17974	14227
17975	14228
17976	14228
17977	14229
17978	14231
17979	14232
17980	14232
17981	14233
17982	14235
17983	14236
17984	14236
17985	14237
17986	14237
17987	14238
17988	14238
17989	14239
17990	14239
17991	14240
17992	14240
17993	14241
17994	14243
17995	14244
17996	14244
17997	14245
17998	14247
17999	14248
18000	14248
18001	14249
18002	14251
18003	14252
18004	14252
18005	14252
18006	14252
18007	14253
18008	14255
18009	14256
18010	14256
18011	14257
18012	14259
18013	14260
18014	14260
18015	14261
18016	14263
18017	14264
18018	14264
18019	14264
18020	14264
18021	14265
18022	14267
18023	14268
18024	14268
18025	14269
18026	14271
18027	14272
18028	14272
18029	14273
18030	14275
18031	14276
18032	14276
18033	14276
18034	14276
18035	14276
18036	14276
18037	14277
18038	14277
18039	14278
18040	14278
18041	14279
18042	14281
18043	14282
18044	14282
18045	14283
18046	14285
18047	14286
18048	14286
18049	14287
18050	14288
18051	14289
18052	14288
18053	14288
18054	14289
18055	14291
18056	14292
18057	14292
18058	14293
18059	14295
18060	14296
18061	14296
18062	14297
18063	14299
18064	14300
18065	14300
18066	14300
18067	14300
18068	14301
18069	14303
18070	14304
18071	14304
18072	14305
18073	14307
18074	14308
18075	14308
18076	14309
18077	14311
18078	14312
18079	14312
18080	14312
18081	14312
18082	14313
18083	14315
18084	14316
18085	14316
18086	14317
18087	14319
18088	14320
18089	14320
18090	14321
18091	14323
18092	14324
18093	14324
18094	14324
18095	14323
18096	14323
18097	14324
18098	14326
18099	14327
18100	14327
18101	14328
18102	14330
18103	14331
18104	14331
18105	14332
18106	14334
18107	14335
18108	14335
18109	14335
18110	14335
18111	14335
18112	14335
18113	14335
18114	14335
18115	14336
18116	14336
18117	14337
18118	14339
18119	14340
18120	14340
18121	14341
18122	14343
18123	14344
18124	14344
18125	14345
18126	14346
18127	14347
18128	14346
18129	14346
18130	14347
18131	14349
18132	14350
18133	14350
18134	14351
18135	14353
18136	14354
18137	14354
18138	14355
18139	14357
18140	14358
18141	14358
18142	14358
18143	14358
18144	14358
18145	14358
18146	14358
18147	14358
18148	14359
18149	14359
18150	14360
18151	14362
18152	14363
18153	14363
18154	14364
18155	14366
18156	14367
18157	14367
18158	14368
18159	14369
18160	14370
18161	14370
18162	14371
18163	14371
18164	14372
18165	14374
18166	14375
18167	14375
18168	14376
18169	14378
18170	14379
18171	14379
18172	14380
18173	14381
18174	14382
18175	14381
18176	14381
18177	14382
18178	14384
18179	14385
18180	14385
18181	14386
18182	14388
18183	14389
18184	14389
18185	14390
18186	14392
18187	14393
18188	14393
18189	14393
18190	14393
18191	14394
18192	14396
18193	14397
18194	14397
18195	14398
18196	14400
18197	14401
18198	14401
18199	14402
18200	14404
18201	14405
18202	14405
18203	14405
18204	14405
18205	14406
18206	14408
18207	14409
18208	14409
18209	14410
18210	14412
18211	14413
18212	14413
18213	14414
18214	14416
18215	14417
18216	14417
18217	14417
18218	14416
18219	14416
18220	14416
18221	14416
18222	14417
18223	14419
18224	14420
18225	14420
18226	14421
18227	14423
18228	14424
18229	14424
18230	14425
18231	14427
18232	14428
18233	14428
18234	14428
18235	14428
18236	14429
18237	14431
18238	14432
18239	14432
18240	14433
18241	14435
18242	14436
18243	14436
18244	14437
18245	14439
18246	14440
18247	14440
18248	14440
18249	14440
18250	14441
18251	14443
18252	14444
18253	14444
18254	14445
18255	14447
18256	14448
18257	14448
18258	14449
18259	14451
18260	14452
18261	14452
18262	14452
18263	14451
18264	14451
18265	14452
18266	14454
18267	14455
18268	14455
18269	14456
18270	14458
18271	14459
18272	14459
18273	14460
18274	14462
18275	14463
18276	14463
18277	14463
18278	14463
18279	14464
18280	14466
18281	14467
18282	14467
18283	14468
18284	14470
18285	14471
18286	14471
18287	14472
18288	14474
18289	14475
18290	14475
18291	14475
18292	14475
18293	14476
18294	14478
18295	14479
18296	14479
18297	14480
18298	14482
18299	14483
18300	14483
18301	14484
18302	14486
18303	14487
18304	14487
18305	14487
18306	14487
18307	14487
18308	14487
18309	14488
18310	14488
18311	14489
18312	14489
18313	14490
18314	14492
18315	14493
18316	14493
18317	14494
18318	14496
18319	14497
18320	14497
18321	14498
18322	14499
18323	14500
18324	14500
18325	14501
18326	14501
18327	14502
18328	14504
18329	14505
18330	14505
18331	14506
18332	14508
18333	14509
18334	14509
18335	14510
18336	14511
18337	14512
18338	14512
18339	14513
18340	14513
18341	14514
18342	14516
18343	14517
18344	14517
18345	14518
18346	14520
18347	14521
18348	14521
18349	14522
18350	14522
18351	14523
18352	14523
18353	14524
18354	14524
18355	14525
18356	14525
18357	14526
18358	14528
18359	14529
18360	14529
18361	14530
18362	14532
18363	14533
18364	14533
18365	14534
18366	14536
18367	14537
18368	14537
18369	14537
18370	14537
18371	14538
18372	14539
18373	14540
18374	14540
18375	14541
18376	14543
18377	14544
18378	14544
18379	14545
18380	14546
18381	14547
18382	14547
18383	14548
18384	14548
18385	14549
18386	14551
18387	14552
18388	14552
18389	14553
18390	14555
18391	14556
18392	14556
18393	14557
18394	14558
18395	14559
18396	14558
18397	14558
18398	14559
18399	14561
18400	14562
18401	14562
18402	14563
18403	14565
18404	14566
18405	14566
18406	14567
18407	14569
18408	14570
18409	14570
18410	14570
18411	14570
18412	14571
18413	14573
18414	14574
18415	14574
18416	14575
18417	14577
18418	14578
18419	14578
18420	14579
18421	14581
18422	14582
18423	14582
18424	14582
18425	14582
18426	14583
18427	14585
18428	14586
18429	14586
18430	14587
18431	14589
18432	14590
18433	14590
18434	14591
18435	14593
18436	14594
18437	14594
18438	14594
18439	14593
18440	14593
18441	14594
18442	14596
18443	14597
18444	14597
18445	14598
18446	14600
18447	14601
18448	14601
18449	14602
18450	14604
18451	14605
18452	14605
18453	14605
18454	14605
18455	14606
18456	14608
18457	14609
18458	14609
18459	14610
18460	14612
18461	14613
18462	14613
18463	14614
18464	14616
18465	14617
18466	14617
18467	14617
18468	14617
18469	14618
18470	14620
18471	14621
18472	14621
18473	14622
18474	14624
18475	14625
18476	14625
18477	14626
18478	14628
18479	14629
18480	14629
18481	14629
18482	14629
18483	14629
18484	14629
18485	14630
18486	14629
18487	14631
18488	14632
18489	14632
18490	14633
18491	14635
18492	14636
18493	14636
18494	14637
18495	14639
18496	14640
18497	14640
18498	14640
18499	14640
18500	14641
18501	14643
18502	14644
18503	14644
18504	14645
18505	14647
18506	14648
18507	14648
18508	14649
18509	14651
18510	14652
18511	14652
18512	14652
18513	14652
18514	14653
18515	14655
18516	14656
18517	14656
18518	14657
18519	14659
18520	14660
18521	14660
18522	14661
18523	14663
18524	14664
18525	14664
18526	14664
18527	14664
18528	14664
18529	14664
18530	14664
18531	14664
18532	14665
18533	14665
18534	14666
18535	14668
18536	14669
18537	14669
18538	14670
18539	14672
18540	14673
18541	14673
18542	14674
18543	14675
18544	14676
18545	14676
18546	14677
18547	14677
18548	14678
18549	14680
18550	14681
18551	14681
18552	14682
18553	14684
18554	14685
18555	14685
18556	14686
18557	14687
18558	14688
18559	14687
18560	14687
18561	14688
18562	14690
18563	14691
18564	14691
18565	14692
18566	14694
18567	14695
18568	14695
18569	14696
18570	14698
18571	14699
18572	14699
18573	14699
18574	14699
18575	14700
18576	14702
18577	14703
18578	14703
18579	14704
18580	14706
18581	14707
18582	14707
18583	14708
18584	14710
18585	14711
18586	14711
18587	14711
18588	14711
18589	14712
18590	14714
18591	14715
18592	14715
18593	14716
18594	14718
18595	14719
18596	14719
18597	14720
18598	14722
18599	14723
18600	14723
18601	14723
18602	14722
18603	14722
18604	14722
18605	14722
18606	14723
18607	14725
18608	14726
18609	14726
18610	14727
18611	14729
18612	14730
18613	14730
18614	14731
18615	14733
18616	14734
18617	14734
18618	14734
18619	14734
18620	14734
18621	14734
18622	14735
18623	14735
18624	14736
18625	14736
18626	14737
18627	14739
18628	14740
18629	14740
18630	14741
18631	14743
18632	14744
18633	14744
18634	14745
18635	14746
18636	14747
18637	14747
18638	14748
18639	14748
18640	14749
18641	14751
18642	14752
18643	14752
18644	14753
18645	14755
18646	14756
18647	14756
18648	14757
18649	14758
18650	14759
18651	14759
18652	14760
18653	14760
18654	14761
18655	14763
18656	14764
18657	14764
18658	14765
18659	14767
18660	14768
18661	14768
18662	14769
18663	14769
18664	14770
18665	14769
18666	14769
18667	14769
18668	14769
18669	14770
18670	14770
18671	14771
18672	14773
18673	14774
18674	14774
18675	14775
18676	14777
18677	14778
18678	14778
18679	14779
18680	14780
18681	14781
18682	14781
18683	14782
18684	14782
18685	14783
18686	14785
18687	14786
18688	14786
18689	14787
18690	14789
18691	14790
18692	14790
18693	14791
18694	14792
18695	14793
18696	14792
18697	14792
18698	14793
18699	14795
18700	14796
18701	14796
18702	14797
18703	14799
18704	14800
18705	14800
18706	14801
18707	14803
18708	14804
18709	14804
18710	14804
18711	14804
18712	14805
18713	14807
18714	14808
18715	14808
18716	14809
18717	14811
18718	14812
18719	14812
18720	14813
18721	14815
18722	14816
18723	14816
18724	14816
18725	14816
18726	14817
18727	14819
18728	14820
18729	14820
18730	14821
18731	14823
18732	14824
18733	14824
18734	14825
18735	14827
18736	14828
18737	14828
18738	14828
18739	14827
18740	14827
18741	14827
18742	14827
18743	14828
18744	14830
18745	14831
18746	14831
18747	14832
18748	14834
18749	14835
18750	14835
18751	14836
18752	14838
18753	14839
18754	14839
18755	14839
18756	14839
18757	14840
18758	14842
18759	14843
18760	14843
18761	14844
18762	14846
18763	14847
18764	14847
18765	14848
18766	14850
18767	14851
18768	14851
18769	14851
18770	14851
18771	14851
18772	14851
18773	14852
18774	14852
18775	14853
18776	14853
18777	14854
18778	14856
18779	14857
18780	14857
18781	14858
18782	14860
18783	14861
18784	14861
18785	14862
18786	14863
18787	14864
18788	14864
18789	14865
18790	14865
18791	14866
18792	14868
18793	14869
18794	14869
18795	14870
18796	14872
18797	14873
18798	14873
18799	14874
18800	14875
18801	14876
18802	14876
18803	14877
18804	14877
18805	14878
18806	14880
18807	14881
18808	14881
18809	14882
18810	14884
18811	14885
18812	14885
18813	14886
18814	14886
18815	14887
18816	14887
18817	14888
18818	14888
18819	14889
18820	14889
18821	14890
18822	14892
18823	14893
18824	14893
18825	14894
18826	14896
18827	14897
18828	14897
18829	14898
18830	14900
18831	14901
18832	14901
18833	14901
18834	14901
18835	14902
18836	14904
18837	14905
18838	14905
18839	14906
18840	14908
18841	14909
18842	14909
18843	14910
18844	14912
18845	14913
18846	14913
18847	14913
18848	14913
18849	14914
18850	14916
18851	14917
18852	14917
18853	14918
18854	14920
18855	14921
18856	14921
18857	14922
18858	14924
18859	14925
18860	14925
18861	14925
18862	14925
18863	14925
18864	14924
18865	14924
18866	14924
18867	14924
18868	14925
18869	14927
18870	14928
18871	14928
18872	14929
18873	14931
18874	14932
18875	14932
18876	14933
18877	14935
18878	14936
18879	14936
18880	14936
18881	14936
18882	14937
18883	14939
18884	14940
18885	14940
18886	14941
18887	14943
18888	14944
18889	14944
18890	14945
18891	14947
18892	14948
18893	14948
18894	14948
18895	14948
18896	14949
18897	14951
18898	14952
18899	14952
18900	14953
18901	14955
18902	14956
18903	14956
18904	14957
18905	14959
18906	14960
18907	14960
18908	14960
18909	14959
18910	14959
18911	14960
18912	14962
18913	14963
18914	14963
18915	14964
18916	14966
18917	14967
18918	14967
18919	14968
18920	14970
18921	14971
18922	14971
18923	14971
18924	14971
18925	14971
18926	14970
18927	14970
18928	14971
18929	14973
18930	14974
18931	14974
18932	14975
18933	14977
18934	14978
18935	14978
18936	14979
18937	14981
18938	14982
18939	14982
18940	14982
18941	14982
18942	14983
18943	14985
18944	14986
18945	14986
18946	14987
18947	14989
18948	14990
18949	14990
18950	14991
18951	14993
18952	14994
18953	14994
18954	14994
18955	14994
18956	14995
18957	14997
18958	14998
18959	14998
18960	14999
18961	15001
18962	15002
18963	15002
18964	15003
18965	15005
18966	15006
18967	15006
18968	15006
18969	15006
18970	15006
18971	15006
18972	15007
18973	15007
18974	15008
18975	15008
18976	15009
18977	15011
18978	15012
18979	15012
18980	15013
18981	15015
18982	15016
18983	15016
18984	15017
18985	15018
18986	15019
18987	15019
18988	15020
18989	15020
18990	15021
18991	15023
18992	15024
18993	15024
18994	15025
18995	15027
18996	15028
18997	15028
18998	15029
18999	15030
19000	15031
19001	15031
19002	15032
19003	15032
19004	15033
19005	15035
19006	15036
19007	15036
19008	15037
19009	15039
19010	15040
19011	15040
19012	15041
19013	15041
19014	15042
19015	15042
19016	15043
19017	15043
19018	15044
19019	15044
19020	15045
19021	15047
19022	15048
19023	15048
19024	15049
19025	15051
19026	15052
19027	15052
19028	15053
19029	15055
19030	15056
19031	15056
19032	15056
19033	15056
19034	15057
19035	15059
19036	15060
19037	15060
19038	15061
19039	15063
19040	15064
19041	15064
19042	15065
19043	15067
19044	15068
19045	15068
19046	15068
19047	15068
19048	15069
19049	15071
19050	15072
19051	15072
19052	15073
19053	15075
19054	15076
19055	15076
19056	15077
19057	15079
19058	15080
19059	15080
19060	15080
19061	15080
19062	15080
19063	15080
19064	15081
19065	15080
19066	15082
19067	15083
19068	15083
19069	15084
19070	15086
19071	15087
19072	15087
19073	15088
19074	15090
19075	15091
19076	15091
19077	15091
19078	15091
19079	15092
19080	15094
19081	15095
19082	15095
19083	15096
19084	15098
19085	15099
19086	15099
19087	15100
19088	15102
19089	15103
19090	15103
19091	15103
19092	15103
19093	15104
19094	15106
19095	15107
19096	15107
19097	15108
19098	15110
19099	15111
19100	15111
19101	15112
19102	15114
19103	15115
19104	15115
19105	15115
19106	15115
19107	15115
19108	15115
19109	15115
19110	15115
19111	15116
19112	15116
19113	15117
19114	15119
19115	15120
19116	15120
19117	15121
19118	15123
19119	15124
19120	15124
19121	15125
19122	15126
19123	15127
19124	15127
19125	15128
19126	15128
19127	15129
19128	15131
19129	15132
19130	15132
19131	15133
19132	15135
19133	15136
19134	15136
19135	15137
19136	15138
19137	15139
19138	15138
19139	15138
19140	15139
19141	15141
19142	15142
19143	15142
19144	15143
19145	15145
19146	15146
19147	15146
19148	15147
19149	15149
19150	15150
19151	15150
19152	15150
19153	15150
19154	15151
19155	15153
19156	15154
19157	15154
19158	15155
19159	15157
19160	15158
19161	15158
19162	15159
19163	15161
19164	15162
19165	15162
19166	15162
19167	15162
19168	15163
19169	15165
19170	15166
19171	15166
19172	15167
19173	15169
19174	15170
19175	15170
19176	15171
19177	15173
19178	15174
19179	15174
19180	15174
19181	15173
19182	15173
19183	15174
19184	15176
19185	15177
19186	15177
19187	15178
19188	15180
19189	15181
19190	15181
19191	15182
19192	15184
19193	15185
19194	15185
19195	15185
19196	15185
19197	15186
19198	15188
19199	15189
19200	15189
19201	15190
19202	15192
19203	15193
19204	15193
19205	15194
19206	15196
19207	15197
19208	15197
19209	15197
19210	15197
19211	15198
19212	15200
19213	15201
19214	15201
19215	15202
19216	15204
19217	15205
19218	15205
19219	15206
19220	15208
19221	15209
19222	15209
19223	15209
19224	15209
19225	15209
19226	15209
19227	15210
19228	15210
19229	15211
19230	15211
19231	15212
19232	15214
19233	15215
19234	15215
19235	15216
19236	15218
19237	15219
19238	15219
19239	15220
19240	15221
19241	15222
19242	15222
19243	15223
19244	15223
19245	15224
19246	15226
19247	15227
19248	15227
19249	15228
19250	15230
19251	15231
19252	15231
19253	15232
19254	15233
19255	15234
19256	15234
19257	15235
19258	15235
19259	15236
19260	15238
19261	15239
19262	15239
19263	15240
19264	15242
19265	15243
19266	15243
19267	15244
19268	15244
19269	15245
19270	15244
19271	15244
19272	15245
19273	15244
19274	15246
19275	15247
19276	15247
19277	15248
19278	15250
19279	15251
19280	15251
19281	15252
19282	15254
19283	15255
19284	15255
19285	15255
19286	15255
19287	15256
19288	15258
19289	15259
19290	15259
19291	15260
19292	15262
19293	15263
19294	15263
19295	15264
19296	15266
19297	15267
19298	15267
19299	15267
19300	15267
19301	15268
19302	15270
19303	15271
19304	15271
19305	15272
19306	15274
19307	15275
19308	15275
19309	15276
19310	15278
19311	15279
19312	15279
19313	15279
19314	15279
19315	15279
19316	15278
19317	15278
19318	15279
19319	15281
19320	15282
19321	15282
19322	15283
19323	15285
19324	15286
19325	15286
19326	15287
19327	15289
19328	15290
19329	15290
19330	15290
19331	15290
19332	15291
19333	15293
19334	15294
19335	15294
19336	15295
19337	15297
19338	15298
19339	15298
19340	15299
19341	15301
19342	15302
19343	15302
19344	15302
19345	15302
19346	15303
19347	15305
19348	15306
19349	15306
19350	15307
19351	15309
19352	15310
19353	15310
19354	15311
19355	15313
19356	15314
19357	15314
19358	15314
19359	15314
19360	15314
19361	15314
19362	15315
19363	15315
19364	15316
19365	15316
19366	15317
19367	15319
19368	15320
19369	15320
19370	15321
19371	15323
19372	15324
19373	15324
19374	15325
19375	15326
19376	15327
19377	15327
19378	15328
19379	15328
19380	15329
19381	15331
19382	15332
19383	15332
19384	15333
19385	15335
19386	15336
19387	15336
19388	15337
19389	15338
19390	15339
19391	15339
19392	15340
19393	15340
19394	15341
19395	15343
19396	15344
19397	15344
19398	15345
19399	15347
19400	15348
19401	15348
19402	15349
19403	15349
19404	15350
19405	15350
19406	15351
19407	15351
19408	15352
19409	15352
19410	15353
19411	15355
19412	15356
19413	15356
19414	15357
19415	15359
19416	15360
19417	15360
19418	15361
19419	15363
19420	15364
19421	15364
19422	15364
19423	15364
19424	15365
19425	15367
19426	15368
19427	15368
19428	15369
19429	15371
19430	15372
19431	15372
19432	15373
19433	15375
19434	15376
19435	15376
19436	15376
19437	15376
19438	15377
19439	15379
19440	15380
19441	15380
19442	15381
19443	15383
19444	15384
19445	15384
19446	15385
19447	15387
19448	15388
19449	15388
19450	15388
19451	15388
19452	15388
19453	15388
19454	15389
19455	15389
19456	15390
19457	15390
19458	15391
19459	15393
19460	15394
19461	15394
19462	15395
19463	15397
19464	15398
19465	15398
19466	15399
19467	15400
19468	15401
19469	15401
19470	15402
19471	15402
19472	15403
19473	15405
19474	15406
19475	15406
19476	15407
19477	15409
19478	15410
19479	15410
19480	15411
19481	15412
19482	15413
19483	15413
19484	15414
19485	15414
19486	15415
19487	15417
19488	15418
19489	15418
19490	15419
19491	15421
19492	15422
19493	15422
19494	15423
19495	15423
19496	15424
19497	15424
19498	15425
19499	15425
19500	15426
19501	15426
19502	15427
19503	15429
19504	15430
19505	15430
19506	15431
19507	15433
19508	15434
19509	15434
19510	15435
19511	15437
19512	15438
19513	15438
19514	15438
19515	15438
19516	15439
19517	15441
19518	15442
19519	15442
19520	15443
19521	15445
19522	15446
19523	15446
19524	15447
19525	15449
19526	15450
19527	15450
19528	15450
19529	15450
19530	15451
19531	15453
19532	15454
19533	15454
19534	15455
19535	15457
19536	15458
19537	15458
19538	15459
19539	15461
19540	15462
19541	15462
19542	15462
19543	15462
19544	15462
19545	15462
19546	15463
19547	15462
19548	15464
19549	15465
19550	15465
19551	15466
19552	15468
19553	15469
19554	15469
19555	15470
19556	15472
19557	15473
19558	15473
19559	15473
19560	15473
19561	15474
19562	15476
19563	15477
19564	15477
19565	15478
19566	15480
19567	15481
19568	15481
19569	15482
19570	15484
19571	15485
19572	15485
19573	15485
19574	15485
19575	15486
19576	15488
19577	15489
19578	15489
19579	15490
19580	15492
19581	15493
19582	15493
19583	15494
19584	15496
19585	15497
19586	15497
19587	15497
19588	15497
19589	15497
19590	15497
19591	15498
19592	15498
19593	15499
19594	15499
19595	15500
19596	15502
19597	15503
19598	15503
19599	15504
19600	15506
19601	15507
19602	15507
19603	15508
19604	15509
19605	15510
19606	15510
19607	15511
19608	15511
19609	15512
19610	15514
19611	15515
19612	15515
19613	15516
19614	15518
19615	15519
19616	15519
19617	15520
19618	15521
19619	15522
19620	15522
19621	15523
19622	15523
19623	15524
19624	15526
19625	15527
19626	15527
19627	15528
19628	15530
19629	15531
19630	15531
19631	15532
19632	15532
19633	15533
19634	15533
19635	15534
19636	15534
19637	15535
19638	15535
19639	15536
19640	15538
19641	15539
19642	15539
19643	15540
19644	15542
19645	15543
19646	15543
19647	15544
19648	15546
19649	15547
19650	15547
19651	15547
19652	15547
19653	15548
19654	15550
19655	15551
19656	15551
19657	15552
19658	15554
19659	15555
19660	15555
19661	15556
19662	15558
19663	15559
19664	15559
19665	15559
19666	15559
19667	15560
19668	15562
19669	15563
19670	15563
19671	15564
19672	15566
19673	15567
19674	15567
19675	15568
19676	15570
19677	15571
19678	15571
19679	15571
19680	15571
19681	15571
19682	15571
19683	15572
19684	15572
19685	15573
19686	15573
19687	15574
19688	15576
19689	15577
19690	15577
19691	15578
19692	15580
19693	15581
19694	15581
19695	15582
19696	15583
19697	15584
19698	15584
19699	15585
19700	15585
19701	15586
19702	15588
19703	15589
19704	15589
19705	15590
19706	15592
19707	15593
19708	15593
19709	15594
19710	15595
19711	15596
19712	15596
19713	15597
19714	15597
19715	15598
19716	15600
19717	15601
19718	15601
19719	15602
19720	15604
19721	15605
19722	15605
19723	15606
19724	15606
19725	15607
19726	15607
19727	15608
19728	15608
19729	15609
19730	15609
19731	15610
19732	15612
19733	15613
19734	15613
19735	15614
19736	15616
19737	15617
19738	15617
19739	15618
19740	15620
19741	15621
19742	15621
19743	15621
19744	15621
19745	15622
19746	15624
19747	15625
19748	15625
19749	15626
19750	15628
19751	15629
19752	15629
19753	15630
19754	15632
19755	15633
19756	15633
19757	15633
19758	15633
19759	15634
19760	15636
19761	15637
19762	15637
19763	15638
19764	15640
19765	15641
19766	15641
19767	15642
19768	15644
19769	15645
19770	15645
19771	15645
19772	15645
19773	15645
19774	15645
19775	15645
19776	15645
19777	15646
19778	15646
19779	15647
19780	15649
19781	15650
19782	15650
19783	15651
19784	15653
19785	15654
19786	15654
19787	15655
19788	15656
19789	15657
19790	15657
19791	15658
19792	15658
19793	15659
19794	15661
19795	15662
19796	15662
19797	15663
19798	15664
19799	15665
19800	15665
19801	15666
19802	15666
19803	15667
19804	15669
19805	15670
19806	15670
19807	15671
19808	15673
19809	15674
19810	15674
19811	15675
19812	15676
19813	15677
19814	15676
19815	15676
19816	15677
19817	15679
19818	15680
19819	15680
19820	15681
19821	15683
19822	15684
19823	15684
19824	15685
19825	15687
19826	15688
19827	15688
19828	15688
19829	15688
19830	15689
19831	15691
19832	15692
19833	15692
19834	15693
19835	15695
19836	15696
19837	15696
19838	15697
19839	15699
19840	15700
19841	15700
19842	15700
19843	15700
19844	15700
19845	15699
19846	15699
19847	15700
19848	15702
19849	15703
19850	15703
19851	15704
19852	15706
19853	15707
19854	15707
19855	15708
19856	15710
19857	15711
19858	15711
19859	15711
19860	15711
19861	15712
19862	15714
19863	15715
19864	15715
19865	15716
19866	15718
19867	15719
19868	15719
19869	15720
19870	15722
19871	15723
19872	15723
19873	15723
19874	15723
19875	15724
19876	15726
19877	15727
19878	15727
19879	15728
19880	15730
19881	15731
19882	15731
19883	15732
19884	15734
19885	15735
19886	15735
19887	15735
19888	15735
19889	15735
19890	15735
19891	15736
19892	15736
19893	15737
19894	15737
19895	15738
19896	15740
19897	15741
19898	15741
19899	15742
19900	15744
19901	15745
19902	15745
19903	15746
19904	15747
19905	15748
19906	15748
19907	15749
19908	15749
19909	15750
19910	15752
19911	15753
19912	15753
19913	15754
19914	15756
19915	15757
19916	15757
19917	15758
19918	15759
19919	15760
19920	15760
19921	15761
19922	15761
19923	15762
19924	15764
19925	15765
19926	15765
19927	15766
19928	15768
19929	15769
19930	15769
19931	15770
19932	15770
19933	15771
19934	15771
19935	15772
19936	15772
19937	15773
19938	15773
19939	15774
19940	15776
19941	15777
19942	15777
19943	15778
19944	15780
19945	15781
19946	15781
19947	15782
19948	15784
19949	15785
19950	15785
19951	15785
19952	15785
19953	15786
19954	15788
19955	15789
19956	15789
19957	15790
19958	15792
19959	15793
19960	15793
19961	15794
19962	15796
19963	15797
19964	15797
19965	15797
19966	15797
19967	15798
19968	15800
19969	15801
19970	15801
19971	15802
19972	15804
19973	15805
19974	15805
19975	15806
19976	15808
19977	15809
19978	15809
19979	15809
19980	15809
19981	15809
19982	15809
19983	15810
19984	15810
19985	15811
19986	15811
19987	15812
19988	15814
19989	15815
19990	15815
19991	15816
19992	15818
19993	15819
19994	15819
19995	15820
19996	15821
19997	15822
19998	15822
19999	15823
20000	15823
20001	15824
20002	15826
20003	15827
20004	15827
20005	15828
20006	15830
20007	15831
20008	15831
20009	15832
20010	15833
20011	15834
20012	15834
20013	15835
20014	15835
20015	15836
20016	15837
20017	15838
20018	15838
20019	15839
20020	15839
20021	15840
20022	15842
20023	15843
20024	15843
20025	15844
20026	15846
20027	15847
20028	15847
20029	15848
20030	15849
20031	15850
20032	15849
20033	15849
20034	15850
20035	15851
20036	15852
20037	15852
20038	15853
20039	15855
20040	15856
20041	15856
20042	15857
20043	15858
20044	15859
20045	15859
20046	15860
20047	15860
20048	15861
20049	15863
20050	15864
20051	15864
20052	15865
20053	15867
20054	15868
20055	15868
20056	15869
20057	15870
20058	15871
20059	15870
20060	15870
20061	15871
20062	15873
20063	15874
20064	15874
20065	15875
20066	15877
20067	15878
20068	15878
20069	15879
20070	15881
20071	15882
20072	15882
20073	15882
20074	15882
20075	15883
20076	15885
20077	15886
20078	15886
20079	15887
20080	15889
20081	15890
20082	15890
20083	15891
20084	15893
20085	15894
20086	15894
20087	15894
20088	15894
20089	15895
20090	15897
20091	15898
20092	15898
20093	15899
20094	15901
20095	15902
20096	15902
20097	15903
20098	15905
20099	15906
20100	15906
20101	15906
20102	15905
20103	15905
20104	15906
20105	15908
20106	15909
20107	15909
20108	15910
20109	15912
20110	15913
20111	15913
20112	15914
20113	15916
20114	15917
20115	15917
20116	15917
20117	15917
20118	15918
20119	15920
20120	15921
20121	15921
20122	15922
20123	15924
20124	15925
20125	15925
20126	15926
20127	15928
20128	15929
20129	15929
20130	15929
20131	15929
20132	15930
20133	15932
20134	15933
20135	15933
20136	15934
20137	15936
20138	15937
20139	15937
20140	15938
20141	15940
20142	15941
20143	15941
20144	15941
20145	15941
20146	15941
20147	15941
20148	15942
20149	15942
20150	15943
20151	15943
20152	15944
20153	15946
20154	15947
20155	15947
20156	15948
20157	15950
20158	15951
20159	15951
20160	15952
20161	15953
20162	15954
20163	15954
20164	15955
20165	15955
20166	15956
20167	15958
20168	15959
20169	15959
20170	15960
20171	15962
20172	15963
20173	15963
20174	15964
20175	15965
20176	15966
20177	15966
20178	15967
20179	15967
20180	15968
20181	15970
20182	15971
20183	15971
20184	15972
20185	15974
20186	15975
20187	15975
20188	15976
20189	15976
20190	15977
20191	15977
20192	15978
20193	15978
20194	15979
20195	15979
20196	15980
20197	15982
20198	15983
20199	15983
20200	15984
20201	15986
20202	15987
20203	15987
20204	15988
20205	15990
20206	15991
20207	15991
20208	15991
20209	15991
20210	15992
20211	15994
20212	15995
20213	15995
20214	15996
20215	15998
20216	15999
20217	15999
20218	16000
20219	16002
20220	16003
20221	16003
20222	16003
20223	16003
20224	16004
20225	16006
20226	16007
20227	16007
20228	16008
20229	16010
20230	16011
20231	16011
20232	16012
20233	16014
20234	16015
20235	16015
20236	16015
20237	16015
20238	16015
20239	16015
20240	16015
20241	16015
20242	16016
20243	16016
20244	16017
20245	16019
20246	16020
20247	16020
20248	16021
20249	16023
20250	16024
20251	16024
20252	16025
20253	16026
20254	16027
20255	16026
20256	16026
20257	16027
20258	16029
20259	16030
20260	16030
20261	16031
20262	16033
20263	16034
20264	16034
20265	16035
20266	16037
20267	16038
20268	16038
20269	16038
20270	16038
20271	16039
20272	16041
20273	16042
20274	16042
20275	16043
20276	16045
20277	16046
20278	16046
20279	16047
20280	16049
20281	16050
20282	16050
20283	16050
20284	16050
20285	16051
20286	16053
20287	16054
20288	16054
20289	16055
20290	16057
20291	16058
20292	16058
20293	16059
20294	16061
20295	16062
20296	16062
20297	16062
20298	16061
20299	16061
20300	16062
20301	16064
20302	16065
20303	16065
20304	16066
20305	16068
20306	16069
20307	16069
20308	16070
20309	16072
20310	16073
20311	16073
20312	16073
20313	16073
20314	16074
20315	16076
20316	16077
20317	16077
20318	16078
20319	16080
20320	16081
20321	16081
20322	16082
20323	16084
20324	16085
20325	16085
20326	16085
20327	16085
20328	16085
20329	16085
20330	16086
20331	16086
20332	16087
20333	16087
20334	16088
20335	16090
20336	16091
20337	16091
20338	16092
20339	16094
20340	16095
20341	16095
20342	16096
20343	16097
20344	16098
20345	16098
20346	16099
20347	16099
20348	16100
20349	16102
20350	16103
20351	16103
20352	16104
20353	16106
20354	16107
20355	16107
20356	16108
20357	16109
20358	16110
20359	16110
20360	16111
20361	16111
20362	16112
20363	16114
20364	16115
20365	16115
20366	16116
20367	16118
20368	16119
20369	16119
20370	16120
20371	16120
20372	16121
20373	16121
20374	16122
20375	16122
20376	16123
20377	16123
20378	16124
20379	16126
20380	16127
20381	16127
20382	16128
20383	16130
20384	16131
20385	16131
20386	16132
20387	16134
20388	16135
20389	16135
20390	16135
20391	16135
20392	16136
20393	16138
20394	16139
20395	16139
20396	16140
20397	16142
20398	16143
20399	16143
20400	16144
20401	16146
20402	16147
20403	16147
20404	16147
20405	16147
20406	16147
20407	16147
20408	16148
20409	16148
20410	16149
20411	16149
20412	16150
20413	16152
20414	16153
20415	16153
20416	16154
20417	16156
20418	16157
20419	16157
20420	16158
20421	16159
20422	16160
20423	16160
20424	16161
20425	16161
20426	16162
20427	16164
20428	16165
20429	16165
20430	16166
20431	16168
20432	16169
20433	16169
20434	16170
20435	16171
20436	16172
20437	16172
20438	16173
20439	16173
20440	16174
20441	16176
20442	16177
20443	16177
20444	16178
20445	16180
20446	16181
20447	16181
20448	16182
20449	16182
20450	16183
20451	16183
20452	16184
20453	16184
20454	16185
20455	16185
20456	16186
20457	16188
20458	16189
20459	16189
20460	16190
20461	16192
20462	16193
20463	16193
20464	16194
20465	16196
20466	16197
20467	16197
20468	16197
20469	16197
20470	16197
20471	16197
20472	16198
20473	16198
20474	16199
20475	16199
20476	16200
20477	16202
20478	16203
20479	16203
20480	16204
20481	16206
20482	16207
20483	16207
20484	16208
20485	16209
20486	16210
20487	16209
20488	16209
20489	16210
20490	16212
20491	16213
20492	16213
20493	16214
20494	16216
20495	16217
20496	16217
20497	16218
20498	16220
20499	16221
20500	16221
20501	16221
20502	16221
20503	16222
20504	16224
20505	16225
20506	16225
20507	16226
20508	16228
20509	16229
20510	16229
20511	16230
20512	16232
20513	16233
20514	16233
20515	16233
20516	16233
20517	16234
20518	16236
20519	16237
20520	16237
20521	16238
20522	16240
20523	16241
20524	16241
20525	16242
20526	16244
20527	16245
20528	16245
20529	16245
20530	16244
20531	16244
20532	16245
20533	16247
20534	16248
20535	16248
20536	16249
20537	16251
20538	16252
20539	16252
20540	16253
20541	16255
20542	16256
20543	16256
20544	16256
20545	16256
20546	16257
20547	16259
20548	16260
20549	16260
20550	16261
20551	16263
20552	16264
20553	16264
20554	16265
20555	16267
20556	16268
20557	16268
20558	16268
20559	16268
20560	16269
20561	16271
20562	16272
20563	16272
20564	16273
20565	16275
20566	16276
20567	16276
20568	16277
20569	16279
20570	16280
20571	16280
20572	16280
20573	16280
20574	16280
20575	16280
20576	16280
20577	16279
20578	16279
20579	16280
20580	16282
20581	16283
20582	16283
20583	16284
20584	16286
20585	16287
20586	16287
20587	16288
20588	16290
20589	16291
20590	16291
20591	16291
20592	16291
20593	16292
20594	16294
20595	16295
20596	16295
20597	16296
20598	16298
20599	16299
20600	16299
20601	16300
20602	16302
20603	16303
20604	16303
20605	16303
20606	16303
20607	16304
20608	16306
20609	16307
20610	16307
20611	16308
20612	16310
20613	16311
20614	16311
20615	16312
20616	16314
20617	16315
20618	16315
20619	16315
20620	16315
20621	16315
20622	16315
20623	16316
20624	16315
20625	16317
20626	16318
20627	16318
20628	16319
20629	16321
20630	16322
20631	16322
20632	16323
20633	16325
20634	16326
20635	16326
20636	16326
20637	16326
20638	16327
20639	16329
20640	16330
20641	16330
20642	16331
20643	16333
20644	16334
20645	16334
20646	16335
20647	16337
20648	16338
20649	16338
20650	16338
20651	16338
20652	16339
20653	16341
20654	16342
20655	16342
20656	16343
20657	16345
20658	16346
20659	16346
20660	16347
20661	16349
20662	16350
20663	16350
20664	16350
20665	16350
20666	16350
20667	16350
20668	16351
20669	16351
20670	16352
20671	16352
20672	16353
20673	16355
20674	16356
20675	16356
20676	16357
20677	16359
20678	16360
20679	16360
20680	16361
20681	16362
20682	16363
20683	16363
20684	16364
20685	16364
20686	16365
20687	16367
20688	16368
20689	16368
20690	16369
20691	16371
20692	16372
20693	16372
20694	16373
20695	16374
20696	16375
20697	16375
20698	16376
20699	16376
20700	16377
20701	16379
20702	16380
20703	16380
20704	16381
20705	16383
20706	16384
20707	16384
20708	16385
20709	16385
20710	16386
20711	16386
20712	16387
20713	16387
20714	16388
20715	16388
20716	16389
20717	16391
20718	16392
20719	16392
20720	16393
20721	16395
20722	16396
20723	16396
20724	16397
20725	16399
20726	16400
20727	16400
20728	16400
20729	16400
20730	16401
20731	16403
20732	16404
20733	16404
20734	16405
20735	16407
20736	16408
20737	16408
20738	16409
20739	16411
20740	16412
20741	16412
20742	16412
20743	16412
20744	16413
20745	16415
20746	16416
20747	16416
20748	16417
20749	16419
20750	16420
20751	16420
20752	16421
20753	16423
20754	16424
20755	16424
20756	16424
20757	16424
20758	16424
20759	16424
20760	16425
20761	16425
20762	16426
20763	16426
20764	16427
20765	16429
20766	16430
20767	16430
20768	16431
20769	16433
20770	16434
20771	16434
20772	16435
20773	16436
20774	16437
20775	16437
20776	16438
20777	16438
20778	16439
20779	16441
20780	16442
20781	16442
20782	16443
20783	16445
20784	16446
20785	16446
20786	16447
20787	16448
20788	16449
20789	16449
20790	16450
20791	16450
20792	16451
20793	16453
20794	16454
20795	16454
20796	16455
20797	16457
20798	16458
20799	16458
20800	16459
20801	16459
20802	16460
20803	16460
20804	16461
20805	16461
20806	16462
20807	16462
20808	16463
20809	16465
20810	16466
20811	16466
20812	16467
20813	16469
20814	16470
20815	16470
20816	16471
20817	16473
20818	16474
20819	16474
20820	16474
20821	16474
20822	16475
20823	16477
20824	16478
20825	16478
20826	16479
20827	16481
20828	16482
20829	16482
20830	16483
20831	16485
20832	16486
20833	16486
20834	16486
20835	16486
20836	16487
20837	16489
20838	16490
20839	16490
20840	16491
20841	16493
20842	16494
20843	16494
20844	16495
20845	16497
20846	16498
20847	16498
20848	16498
20849	16498
20850	16498
20851	16498
20852	16499
20853	16499
20854	16500
20855	16500
20856	16501
20857	16503
20858	16504
20859	16504
20860	16505
20861	16507
20862	16508
20863	16508
20864	16509
20865	16510
20866	16511
20867	16511
20868	16512
20869	16512
20870	16513
20871	16515
20872	16516
20873	16516
20874	16517
20875	16519
20876	16520
20877	16520
20878	16521
20879	16522
20880	16523
20881	16523
20882	16524
20883	16524
20884	16525
20885	16527
20886	16528
20887	16528
20888	16529
20889	16531
20890	16532
20891	16532
20892	16533
20893	16533
20894	16534
20895	16534
20896	16535
20897	16535
20898	16536
20899	16536
20900	16537
20901	16539
20902	16540
20903	16540
20904	16541
20905	16543
20906	16544
20907	16544
20908	16545
20909	16547
20910	16548
20911	16548
20912	16548
20913	16548
20914	16549
20915	16551
20916	16552
20917	16552
20918	16553
20919	16555
20920	16556
20921	16556
20922	16557
20923	16559
20924	16560
20925	16560
20926	16560
20927	16560
20928	16561
20929	16563
20930	16564
20931	16564
20932	16565
20933	16567
20934	16568
20935	16568
20936	16569
20937	16571
20938	16572
20939	16572
20940	16572
20941	16572
20942	16572
20943	16572
20944	16573
20945	16573
20946	16574
20947	16574
20948	16575
20949	16577
20950	16578
20951	16578
20952	16579
20953	16581
20954	16582
20955	16582
20956	16583
20957	16584
20958	16585
20959	16585
20960	16586
20961	16586
20962	16587
20963	16589
20964	16590
20965	16590
20966	16591
20967	16593
20968	16594
20969	16594
20970	16595
20971	16596
20972	16597
20973	16597
20974	16598
20975	16598
20976	16599
20977	16601
20978	16602
20979	16602
20980	16603
20981	16605
20982	16606
20983	16606
20984	16607
20985	16607
20986	16608
20987	16608
20988	16609
20989	16609
20990	16610
20991	16610
20992	16611
20993	16613
20994	16614
20995	16614
20996	16615
20997	16617
20998	16618
20999	16618
21000	16619
21001	16621
21002	16622
21003	16622
21004	16622
21005	16622
21006	16623
21007	16625
21008	16626
21009	16626
21010	16627
21011	16629
21012	16630
21013	16630
21014	16631
21015	16633
21016	16634
21017	16634
21018	16634
21019	16634
21020	16635
21021	16637
21022	16638
21023	16638
21024	16639
21025	16641
21026	16642
21027	16642
21028	16643
21029	16645
21030	16646
21031	16646
21032	16646
21033	16646
21034	16646
21035	16646
21036	16647
21037	16647
21038	16648
21039	16648
21040	16649
21041	16651
21042	16652
21043	16652
21044	16653
21045	16655
21046	16656
21047	16656
21048	16657
21049	16658
21050	16659
21051	16659
21052	16660
21053	16660
21054	16661
21055	16663
21056	16664
21057	16664
21058	16665
21059	16667
21060	16668
21061	16668
21062	16669
21063	16670
21064	16671
21065	16671
21066	16672
21067	16672
21068	16673
21069	16675
21070	16676
21071	16676
21072	16677
21073	16679
21074	16680
21075	16680
21076	16681
21077	16681
21078	16682
21079	16682
21080	16683
21081	16683
21082	16684
21083	16684
21084	16685
21085	16687
21086	16688
21087	16688
21088	16689
21089	16691
21090	16692
21091	16692
21092	16693
21093	16695
21094	16696
21095	16696
21096	16696
21097	16696
21098	16697
21099	16699
21100	16700
21101	16700
21102	16701
21103	16703
21104	16704
21105	16704
21106	16705
21107	16707
21108	16708
21109	16708
21110	16708
21111	16708
21112	16709
21113	16711
21114	16712
21115	16712
21116	16713
21117	16715
21118	16716
21119	16716
21120	16717
21121	16719
21122	16720
21123	16720
21124	16720
21125	16720
21126	16720
21127	16720
21128	16721
21129	16721
21130	16722
21131	16722
21132	16723
21133	16725
21134	16726
21135	16726
21136	16727
21137	16729
21138	16730
21139	16730
21140	16731
21141	16732
21142	16733
21143	16733
21144	16734
21145	16734
21146	16735
21147	16737
21148	16738
21149	16738
21150	16739
21151	16741
21152	16742
21153	16742
21154	16743
21155	16744
21156	16745
21157	16745
21158	16746
21159	16746
21160	16747
21161	16749
21162	16750
21163	16750
21164	16751
21165	16753
21166	16754
21167	16754
21168	16755
21169	16755
21170	16756
21171	16755
21172	16755
21173	16756
21174	16756
21175	16757
21176	16757
21177	16758
21178	16760
21179	16761
21180	16761
21181	16762
21182	16764
21183	16765
21184	16765
21185	16766
21186	16767
21187	16768
21188	16767
21189	16767
21190	16768
21191	16770
21192	16771
21193	16771
21194	16772
21195	16774
21196	16775
21197	16775
21198	16776
21199	16778
21200	16779
21201	16779
21202	16779
21203	16779
21204	16780
21205	16782
21206	16783
21207	16783
21208	16784
21209	16786
21210	16787
21211	16787
21212	16788
21213	16790
21214	16791
21215	16791
21216	16791
21217	16791
21218	16792
21219	16794
21220	16795
21221	16795
21222	16796
21223	16798
21224	16799
21225	16799
21226	16800
21227	16802
21228	16803
21229	16803
21230	16803
21231	16802
21232	16802
21233	16803
21234	16805
21235	16806
21236	16806
21237	16807
21238	16809
21239	16810
21240	16810
21241	16811
21242	16813
21243	16814
21244	16814
21245	16814
21246	16814
21247	16815
21248	16817
21249	16818
21250	16818
21251	16819
21252	16821
21253	16822
21254	16822
21255	16823
21256	16825
21257	16826
21258	16826
21259	16826
21260	16826
21261	16826
21262	16826
21263	16827
21264	16827
21265	16828
21266	16828
21267	16829
21268	16831
21269	16832
21270	16832
21271	16833
21272	16835
21273	16836
21274	16836
21275	16837
21276	16838
21277	16839
21278	16839
21279	16840
21280	16840
21281	16841
21282	16843
21283	16844
21284	16844
21285	16845
21286	16847
21287	16848
21288	16848
21289	16849
21290	16850
21291	16851
21292	16851
21293	16852
21294	16852
21295	16853
21296	16855
21297	16856
21298	16856
21299	16857
21300	16859
21301	16860
21302	16860
21303	16861
21304	16861
21305	16862
21306	16862
21307	16863
21308	16863
21309	16864
21310	16864
21311	16865
21312	16867
21313	16868
21314	16868
21315	16869
21316	16871
21317	16872
21318	16872
21319	16873
21320	16875
21321	16876
21322	16876
21323	16876
21324	16876
21325	16877
21326	16879
21327	16880
21328	16880
21329	16881
21330	16883
21331	16884
21332	16884
21333	16885
21334	16887
21335	16888
21336	16888
21337	16888
21338	16888
21339	16888
21340	16888
21341	16889
21342	16889
21343	16890
21344	16890
21345	16891
21346	16893
21347	16894
21348	16894
21349	16895
21350	16897
21351	16898
21352	16898
21353	16899
21354	16900
21355	16901
21356	16900
21357	16900
21358	16900
21359	16900
21360	16901
21361	16901
21362	16902
21363	16902
21364	16903
21365	16905
21366	16906
21367	16906
21368	16907
21369	16909
21370	16910
21371	16910
21372	16911
21373	16913
21374	16914
21375	16914
21376	16914
21377	16914
21378	16915
21379	16917
21380	16918
21381	16918
21382	16919
21383	16921
21384	16922
21385	16922
21386	16923
21387	16925
21388	16926
21389	16926
21390	16926
21391	16926
21392	16927
21393	16929
21394	16930
21395	16930
21396	16931
21397	16933
21398	16934
21399	16934
21400	16935
21401	16937
21402	16938
21403	16938
21404	16938
21405	16938
21406	16938
21407	16938
21408	16939
21409	16939
21410	16940
21411	16940
21412	16941
21413	16943
21414	16944
21415	16944
21416	16945
21417	16947
21418	16948
21419	16948
21420	16949
21421	16950
21422	16951
21423	16951
21424	16952
21425	16952
21426	16953
21427	16955
21428	16956
21429	16956
21430	16957
21431	16959
21432	16960
21433	16960
21434	16961
21435	16962
21436	16963
21437	16963
21438	16964
21439	16964
21440	16965
21441	16967
21442	16968
21443	16968
21444	16969
21445	16971
21446	16972
21447	16972
21448	16973
21449	16973
21450	16974
21451	16974
21452	16975
21453	16975
21454	16976
21455	16976
21456	16977
21457	16979
21458	16980
21459	16980
21460	16981
21461	16983
21462	16984
21463	16984
21464	16985
21465	16987
21466	16988
21467	16988
21468	16988
21469	16988
21470	16988
21471	16988
21472	16988
21473	16988
21474	16989
21475	16989
21476	16990
21477	16992
21478	16993
21479	16993
21480	16994
21481	16996
21482	16997
21483	16997
21484	16998
21485	16999
21486	17000
21487	17000
21488	17001
21489	17001
21490	17002
21491	17004
21492	17005
21493	17005
21494	17006
21495	17008
21496	17009
21497	17009
21498	17010
21499	17011
21500	17012
21501	17011
21502	17011
21503	17012
21504	17014
21505	17015
21506	17015
21507	17016
21508	17018
21509	17019
21510	17019
21511	17020
21512	17022
21513	17023
21514	17023
21515	17023
21516	17023
21517	17024
21518	17026
21519	17027
21520	17027
21521	17028
21522	17030
21523	17031
21524	17031
21525	17032
21526	17034
21527	17035
21528	17035
21529	17035
21530	17035
21531	17035
21532	17035
21533	17035
21534	17035
21535	17036
21536	17036
21537	17037
21538	17039
21539	17040
21540	17040
21541	17041
21542	17043
21543	17044
21544	17044
21545	17045
21546	17046
21547	17047
21548	17047
21549	17048
21550	17048
21551	17049
21552	17051
21553	17052
21554	17052
21555	17053
21556	17055
21557	17056
21558	17056
21559	17057
21560	17058
21561	17059
21562	17058
21563	17058
21564	17059
21565	17061
21566	17062
21567	17062
21568	17063
21569	17065
21570	17066
21571	17066
21572	17067
21573	17069
21574	17070
21575	17070
21576	17070
21577	17070
21578	17071
21579	17073
21580	17074
21581	17074
21582	17075
21583	17077
21584	17078
21585	17078
21586	17079
21587	17081
21588	17082
21589	17082
21590	17082
21591	17082
21592	17083
21593	17085
21594	17086
21595	17086
21596	17087
21597	17089
21598	17090
21599	17090
21600	17091
21601	17093
21602	17094
21603	17094
21604	17094
21605	17093
21606	17093
21607	17094
21608	17096
21609	17097
21610	17097
21611	17098
21612	17100
21613	17101
21614	17101
21615	17102
21616	17104
21617	17105
21618	17105
21619	17105
21620	17105
21621	17106
21622	17108
21623	17109
21624	17109
21625	17110
21626	17112
21627	17113
21628	17113
21629	17114
21630	17116
21631	17117
21632	17117
21633	17117
21634	17117
21635	17118
21636	17120
21637	17121
21638	17121
21639	17122
21640	17124
21641	17125
21642	17125
21643	17126
21644	17128
21645	17129
21646	17129
21647	17129
21648	17129
21649	17129
21650	17129
21651	17129
21652	17128
21653	17128
21654	17129
21655	17131
21656	17132
21657	17132
21658	17133
21659	17135
21660	17136
21661	17136
21662	17137
21663	17139
21664	17140
21665	17140
21666	17140
21667	17140
21668	17141
21669	17143
21670	17144
21671	17144
21672	17145
21673	17147
21674	17148
21675	17148
21676	17149
21677	17151
21678	17152
21679	17152
21680	17152
21681	17152
21682	17152
21683	17152
21684	17153
21685	17153
21686	17154
21687	17154
21688	17155
21689	17157
21690	17158
21691	17158
21692	17159
21693	17161
21694	17162
21695	17162
21696	17163
21697	17164
21698	17165
21699	17165
21700	17166
21701	17166
21702	17167
21703	17169
21704	17170
21705	17170
21706	17171
21707	17173
21708	17174
21709	17174
21710	17175
21711	17176
21712	17177
21713	17177
21714	17178
21715	17178
21716	17179
21717	17181
21718	17182
21719	17182
21720	17183
21721	17185
21722	17186
21723	17186
21724	17187
21725	17187
21726	17188
21727	17188
21728	17189
21729	17189
21730	17190
21731	17190
21732	17191
21733	17193
21734	17194
21735	17194
21736	17195
21737	17197
21738	17198
21739	17198
21740	17199
21741	17201
21742	17202
21743	17202
21744	17202
21745	17202
21746	17202
21747	17202
21748	17203
21749	17202
21750	17204
21751	17205
21752	17205
21753	17206
21754	17208
21755	17209
21756	17209
21757	17210
21758	17212
21759	17213
21760	17213
21761	17213
21762	17213
21763	17214
21764	17216
21765	17217
21766	17217
21767	17218
21768	17220
21769	17221
21770	17221
21771	17222
21772	17224
21773	17225
21774	17225
21775	17225
21776	17225
21777	17225
21778	17225
21779	17226
21780	17226
21781	17227
21782	17227
21783	17228
21784	17230
21785	17231
21786	17231
21787	17232
21788	17234
21789	17235
21790	17235
21791	17236
21792	17237
21793	17238
21794	17238
21795	17239
21796	17239
21797	17240
21798	17242
21799	17243
21800	17243
21801	17244
21802	17246
21803	17247
21804	17247
21805	17248
21806	17249
21807	17250
21808	17250
21809	17251
21810	17251
21811	17252
21812	17254
21813	17255
21814	17255
21815	17256
21816	17258
21817	17259
21818	17259
21819	17260
21820	17260
21821	17261
21822	17261
21823	17262
21824	17262
21825	17263
21826	17263
21827	17264
21828	17266
21829	17267
21830	17267
21831	17268
21832	17270
21833	17271
21834	17271
21835	17272
21836	17274
21837	17275
21838	17275
21839	17275
21840	17275
21841	17276
21842	17278
21843	17279
21844	17279
21845	17280
21846	17282
21847	17283
21848	17283
21849	17284
21850	17286
21851	17287
21852	17287
21853	17287
21854	17287
21855	17288
21856	17290
21857	17291
21858	17291
21859	17292
21860	17294
21861	17295
21862	17295
21863	17296
21864	17298
21865	17299
21866	17299
21867	17299
21868	17299
21869	17299
21870	17299
21871	17300
21872	17300
21873	17301
21874	17301
21875	17302
21876	17304
21877	17305
21878	17305
21879	17306
21880	17308
21881	17309
21882	17309
21883	17310
21884	17311
21885	17312
21886	17312
21887	17313
21888	17313
21889	17314
21890	17316
21891	17317
21892	17317
21893	17318
21894	17320
21895	17321
21896	17321
21897	17322
21898	17323
21899	17324
21900	17324
21901	17325
21902	17325
21903	17326
21904	17328
21905	17329
21906	17329
21907	17330
21908	17332
21909	17333
21910	17333
21911	17334
21912	17334
21913	17335
21914	17334
21915	17334
21916	17335
21917	17335
21918	17336
21919	17336
21920	17337
21921	17339
21922	17340
21923	17340
21924	17341
21925	17343
21926	17344
21927	17344
21928	17345
21929	17346
21930	17347
21931	17346
21932	17346
21933	17346
21934	17346
21935	17347
21936	17347
21937	17348
21938	17348
21939	17349
21940	17351
21941	17352
21942	17352
21943	17353
21944	17355
21945	17356
21946	17356
21947	17357
21948	17359
21949	17360
21950	17360
21951	17360
21952	17360
21953	17360
21954	17360
21955	17361
21956	17361
21957	17362
21958	17362
21959	17363
21960	17365
21961	17366
21962	17366
21963	17367
21964	17369
21965	17370
21966	17370
21967	17371
21968	17372
21969	17373
21970	17373
21971	17374
21972	17374
21973	17375
21974	17377
21975	17378
21976	17378
21977	17379
21978	17381
21979	17382
21980	17382
21981	17383
21982	17384
21983	17385
21984	17385
21985	17386
21986	17386
21987	17387
21988	17389
21989	17390
21990	17390
21991	17391
21992	17393
21993	17394
21994	17394
21995	17395
21996	17395
21997	17396
21998	17395
21999	17395
22000	17396
22001	17395
22002	17397
22003	17398
22004	17398
22005	17399
22006	17401
22007	17402
22008	17402
22009	17403
22010	17405
22011	17406
22012	17406
22013	17406
22014	17406
22015	17407
22016	17409
22017	17410
22018	17410
22019	17411
22020	17413
22021	17414
22022	17414
22023	17415
22024	17417
22025	17418
22026	17418
22027	17418
22028	17418
22029	17419
22030	17421
22031	17422
22032	17422
22033	17423
22034	17425
22035	17426
22036	17426
22037	17427
22038	17429
22039	17430
22040	17430
22041	17430
22042	17430
22043	17430
22044	17430
22045	17430
22046	17430
22047	17431
22048	17431
22049	17432
22050	17434
22051	17435
22052	17435
22053	17436
22054	17438
22055	17439
22056	17439
22057	17440
22058	17441
22059	17442
22060	17442
22061	17443
22062	17443
22063	17444
22064	17446
22065	17447
22066	17447
22067	17448
22068	17450
22069	17451
22070	17451
22071	17452
22072	17453
22073	17454
22074	17453
22075	17453
22076	17454
22077	17456
22078	17457
22079	17457
22080	17458
22081	17460
22082	17461
22083	17461
22084	17462
22085	17464
22086	17465
22087	17465
22088	17465
22089	17465
22090	17465
22091	17465
22092	17466
22093	17465
22094	17467
22095	17468
22096	17468
22097	17469
22098	17471
22099	17472
22100	17472
22101	17473
22102	17475
22103	17476
22104	17476
22105	17476
22106	17476
22107	17476
22108	17476
22109	17477
22110	17477
22111	17478
22112	17478
22113	17479
22114	17481
22115	17482
22116	17482
22117	17483
22118	17485
22119	17486
22120	17486
22121	17487
22122	17488
22123	17489
22124	17489
22125	17490
22126	17490
22127	17491
22128	17493
22129	17494
22130	17494
22131	17495
22132	17497
22133	17498
22134	17498
22135	17499
22136	17500
22137	17501
22138	17501
22139	17502
22140	17502
22141	17503
22142	17505
22143	17506
22144	17506
22145	17507
22146	17509
22147	17510
22148	17510
22149	17511
22150	17511
22151	17512
22152	17512
22153	17513
22154	17513
22155	17514
22156	17514
22157	17515
22158	17517
22159	17518
22160	17518
22161	17519
22162	17521
22163	17522
22164	17522
22165	17523
22166	17525
22167	17526
22168	17526
22169	17526
22170	17526
22171	17527
22172	17529
22173	17530
22174	17530
22175	17531
22176	17533
22177	17534
22178	17534
22179	17535
22180	17537
22181	17538
22182	17538
22183	17538
22184	17538
22185	17539
22186	17541
22187	17542
22188	17542
22189	17543
22190	17545
22191	17546
22192	17546
22193	17547
22194	17549
22195	17550
22196	17550
22197	17550
22198	17550
22199	17550
22200	17550
22201	17551
22202	17551
22203	17552
22204	17552
22205	17553
22206	17555
22207	17556
22208	17556
22209	17557
22210	17559
22211	17560
22212	17560
22213	17561
22214	17562
22215	17563
22216	17563
22217	17564
22218	17564
22219	17565
22220	17567
22221	17568
22222	17568
22223	17569
22224	17571
22225	17572
22226	17572
22227	17573
22228	17574
22229	17575
22230	17575
22231	17576
22232	17576
22233	17577
22234	17579
22235	17580
22236	17580
22237	17581
22238	17583
22239	17584
22240	17584
22241	17585
22242	17585
22243	17586
22244	17585
22245	17585
22246	17586
22247	17585
22248	17587
22249	17588
22250	17588
22251	17589
22252	17591
22253	17592
22254	17592
22255	17593
22256	17595
22257	17596
22258	17596
22259	17596
22260	17596
22261	17597
22262	17599
22263	17600
22264	17600
22265	17601
22266	17603
22267	17604
22268	17604
22269	17605
22270	17607
22271	17608
22272	17608
22273	17608
22274	17608
22275	17609
22276	17611
22277	17612
22278	17612
22279	17613
22280	17615
22281	17616
22282	17616
22283	17617
22284	17619
22285	17620
22286	17620
22287	17620
22288	17620
22289	17620
22290	17619
22291	17619
22292	17620
22293	17622
22294	17623
22295	17623
22296	17624
22297	17626
22298	17627
22299	17627
22300	17628
22301	17630
22302	17631
22303	17631
22304	17631
22305	17631
22306	17632
22307	17634
22308	17635
22309	17635
22310	17636
22311	17638
22312	17639
22313	17639
22314	17640
22315	17642
22316	17643
22317	17643
22318	17643
22319	17643
22320	17643
22321	17643
22322	17644
22323	17644
22324	17645
22325	17645
22326	17646
22327	17648
22328	17649
22329	17649
22330	17650
22331	17652
22332	17653
22333	17653
22334	17654
22335	17655
22336	17656
22337	17655
22338	17655
22339	17656
22340	17657
22341	17658
22342	17658
22343	17659
22344	17659
22345	17659
22346	17659
22347	17660
22348	17662
22349	17663
22350	17663
22351	17664
22352	17666
22353	17667
22354	17667
22355	17668
22356	17670
22357	17671
22358	17671
22359	17671
22360	17671
22361	17672
22362	17674
22363	17675
22364	17675
22365	17676
22366	17678
22367	17679
22368	17679
22369	17680
22370	17682
22371	17683
22372	17683
22373	17683
22374	17683
22375	17684
22376	17686
22377	17687
22378	17687
22379	17688
22380	17690
22381	17691
22382	17691
22383	17692
22384	17694
22385	17695
22386	17695
22387	17695
22388	17694
22389	17694
22390	17695
22391	17697
22392	17698
22393	17698
22394	17699
22395	17701
22396	17702
22397	17702
22398	17703
22399	17705
22400	17706
22401	17706
22402	17706
22403	17706
22404	17706
22405	17706
22406	17707
22407	17707
22408	17708
22409	17708
22410	17709
22411	17711
22412	17712
22413	17712
22414	17713
22415	17715
22416	17716
22417	17716
22418	17717
22419	17718
22420	17719
22421	17718
22422	17718
22423	17719
22424	17721
22425	17722
22426	17722
22427	17723
22428	17725
22429	17726
22430	17726
22431	17727
22432	17729
22433	17730
22434	17730
22435	17730
22436	17730
22437	17731
22438	17733
22439	17734
22440	17734
22441	17735
22442	17737
22443	17738
22444	17738
22445	17739
22446	17741
22447	17742
22448	17742
22449	17742
22450	17742
22451	17743
22452	17745
22453	17746
22454	17746
22455	17747
22456	17749
22457	17750
22458	17750
22459	17751
22460	17753
22461	17754
22462	17754
22463	17754
22464	17753
22465	17753
22466	17754
22467	17756
22468	17757
22469	17757
22470	17758
22471	17760
22472	17761
22473	17761
22474	17762
22475	17764
22476	17765
22477	17765
22478	17765
22479	17765
22480	17766
22481	17768
22482	17769
22483	17769
22484	17770
22485	17772
22486	17773
22487	17773
22488	17774
22489	17776
22490	17777
22491	17777
22492	17777
22493	17777
22494	17777
22495	17777
22496	17778
22497	17778
22498	17779
22499	17779
22500	17780
22501	17782
22502	17783
22503	17783
22504	17784
22505	17786
22506	17787
22507	17787
22508	17788
22509	17789
22510	17790
22511	17790
22512	17791
22513	17791
22514	17792
22515	17794
22516	17795
22517	17795
22518	17796
22519	17798
22520	17799
22521	17799
22522	17800
22523	17801
22524	17802
22525	17802
22526	17803
22527	17803
22528	17804
22529	17806
22530	17807
22531	17807
22532	17808
22533	17810
22534	17811
22535	17811
22536	17812
22537	17812
22538	17813
22539	17813
22540	17814
22541	17814
22542	17815
22543	17815
22544	17816
22545	17818
22546	17819
22547	17819
22548	17820
22549	17822
22550	17823
22551	17823
22552	17824
22553	17826
22554	17827
22555	17827
22556	17827
22557	17827
22558	17827
22559	17827
22560	17827
22561	17827
22562	17828
22563	17828
22564	17829
22565	17831
22566	17832
22567	17832
22568	17833
22569	17835
22570	17836
22571	17836
22572	17837
22573	17838
22574	17839
22575	17839
22576	17840
22577	17840
22578	17841
22579	17843
22580	17844
22581	17844
22582	17845
22583	17847
22584	17848
22585	17848
22586	17849
22587	17850
22588	17851
22589	17850
22590	17850
22591	17851
22592	17853
22593	17854
22594	17854
22595	17855
22596	17857
22597	17858
22598	17858
22599	17859
22600	17861
22601	17862
22602	17862
22603	17862
22604	17862
22605	17863
22606	17865
22607	17866
22608	17866
22609	17867
22610	17869
22611	17870
22612	17870
22613	17871
22614	17873
22615	17874
22616	17874
22617	17874
22618	17874
22619	17874
22620	17874
22621	17875
22622	17875
22623	17876
22624	17876
22625	17877
22626	17879
22627	17880
22628	17880
22629	17881
22630	17883
22631	17884
22632	17884
22633	17885
22634	17886
22635	17887
22636	17887
22637	17888
22638	17888
22639	17889
22640	17891
22641	17892
22642	17892
22643	17893
22644	17895
22645	17896
22646	17896
22647	17897
22648	17898
22649	17899
22650	17899
22651	17900
22652	17900
22653	17901
22654	17903
22655	17904
22656	17904
22657	17905
22658	17907
22659	17908
22660	17908
22661	17909
22662	17909
22663	17910
22664	17910
22665	17911
22666	17911
22667	17912
22668	17912
22669	17913
22670	17915
22671	17916
22672	17916
22673	17917
22674	17919
22675	17920
22676	17920
22677	17921
22678	17923
22679	17924
22680	17924
22681	17924
22682	17924
22683	17925
22684	17927
22685	17928
22686	17928
22687	17929
22688	17931
22689	17932
22690	17932
22691	17933
22692	17935
22693	17936
22694	17936
22695	17936
22696	17936
22697	17936
22698	17936
22699	17936
22700	17936
22701	17937
22702	17937
22703	17938
22704	17940
22705	17941
22706	17941
22707	17942
22708	17944
22709	17945
22710	17945
22711	17946
22712	17947
22713	17948
22714	17948
22715	17949
22716	17949
22717	17950
22718	17952
22719	17953
22720	17953
22721	17954
22722	17956
22723	17957
22724	17957
22725	17958
22726	17959
22727	17960
22728	17959
22729	17959
22730	17960
22731	17962
22732	17963
22733	17963
22734	17964
22735	17966
22736	17967
22737	17967
22738	17968
22739	17970
22740	17971
22741	17971
22742	17971
22743	17971
22744	17972
22745	17974
22746	17975
22747	17975
22748	17976
22749	17978
22750	17979
22751	17979
22752	17980
22753	17982
22754	17983
22755	17983
22756	17983
22757	17983
22758	17984
22759	17986
22760	17987
22761	17987
22762	17988
22763	17990
22764	17991
22765	17991
22766	17992
22767	17994
22768	17995
22769	17995
22770	17995
22771	17994
22772	17994
22773	17995
22774	17997
22775	17998
22776	17998
22777	17999
22778	18001
22779	18002
22780	18002
22781	18003
22782	18005
22783	18006
22784	18006
22785	18006
22786	18006
22787	18007
22788	18009
22789	18010
22790	18010
22791	18011
22792	18013
22793	18014
22794	18014
22795	18015
22796	18017
22797	18018
22798	18018
22799	18018
22800	18018
22801	18018
22802	18018
22803	18019
22804	18019
22805	18020
22806	18020
22807	18021
22808	18023
22809	18024
22810	18024
22811	18025
22812	18027
22813	18028
22814	18028
22815	18029
22816	18030
22817	18031
22818	18031
22819	18032
22820	18032
22821	18033
22822	18035
22823	18036
22824	18036
22825	18037
22826	18039
22827	18040
22828	18040
22829	18041
22830	18042
22831	18043
22832	18043
22833	18044
22834	18044
22835	18045
22836	18047
22837	18048
22838	18048
22839	18049
22840	18051
22841	18052
22842	18052
22843	18053
22844	18053
22845	18054
22846	18053
22847	18053
22848	18054
22849	18053
22850	18055
22851	18056
22852	18056
22853	18057
22854	18059
22855	18060
22856	18060
22857	18061
22858	18063
22859	18064
22860	18064
22861	18064
22862	18064
22863	18065
22864	18067
22865	18068
22866	18068
22867	18069
22868	18071
22869	18072
22870	18072
22871	18073
22872	18075
22873	18076
22874	18076
22875	18076
22876	18076
22877	18077
22878	18079
22879	18080
22880	18080
22881	18081
22882	18083
22883	18084
22884	18084
22885	18085
22886	18087
22887	18088
22888	18088
22889	18088
22890	18088
22891	18088
22892	18088
22893	18088
22894	18087
22895	18087
22896	18088
22897	18090
22898	18091
22899	18091
22900	18092
22901	18094
22902	18095
22903	18095
22904	18096
22905	18098
22906	18099
22907	18099
22908	18099
22909	18099
22910	18100
22911	18102
22912	18103
22913	18103
22914	18104
22915	18106
22916	18107
22917	18107
22918	18108
22919	18110
22920	18111
22921	18111
22922	18111
22923	18111
22924	18112
22925	18114
22926	18115
22927	18115
22928	18116
22929	18118
22930	18119
22931	18119
22932	18120
22933	18122
22934	18123
22935	18123
22936	18123
22937	18123
22938	18123
22939	18123
22940	18124
22941	18124
22942	18125
22943	18125
22944	18126
22945	18128
22946	18129
22947	18129
22948	18130
22949	18132
22950	18133
22951	18133
22952	18134
22953	18135
22954	18136
22955	18136
22956	18137
22957	18137
22958	18138
22959	18140
22960	18141
22961	18141
22962	18142
22963	18143
22964	18144
22965	18143
22966	18143
22967	18144
22968	18146
22969	18147
22970	18147
22971	18148
22972	18150
22973	18151
22974	18151
22975	18152
22976	18154
22977	18155
22978	18155
22979	18155
22980	18155
22981	18156
22982	18158
22983	18159
22984	18159
22985	18160
22986	18162
22987	18163
22988	18163
22989	18164
22990	18166
22991	18167
22992	18167
22993	18167
22994	18167
22995	18168
22996	18170
22997	18171
22998	18171
22999	18172
23000	18173
23001	18174
23002	18174
23003	18175
23004	18177
23005	18178
23006	18178
23007	18178
23008	18177
23009	18177
23010	18177
23011	18177
23012	18178
23013	18180
23014	18181
23015	18181
23016	18182
23017	18184
23018	18185
23019	18185
23020	18186
23021	18188
23022	18189
23023	18189
23024	18189
23025	18189
23026	18190
23027	18192
23028	18193
23029	18193
23030	18194
23031	18196
23032	18197
23033	18197
23034	18198
23035	18200
23036	18201
23037	18201
23038	18201
23039	18201
23040	18202
23041	18204
23042	18205
23043	18205
23044	18206
23045	18208
23046	18209
23047	18209
23048	18210
23049	18212
23050	18213
23051	18213
23052	18213
23053	18212
23054	18212
23055	18212
23056	18212
23057	18213
23058	18215
23059	18216
23060	18216
23061	18217
23062	18219
23063	18220
23064	18220
23065	18221
23066	18223
23067	18224
23068	18224
23069	18224
23070	18224
23071	18225
23072	18227
23073	18228
23074	18228
23075	18229
23076	18231
23077	18232
23078	18232
23079	18233
23080	18235
23081	18236
23082	18236
23083	18236
23084	18236
23085	18236
23086	18236
23087	18237
23088	18237
23089	18238
23090	18238
23091	18239
23092	18241
23093	18242
23094	18242
23095	18243
23096	18245
23097	18246
23098	18246
23099	18247
23100	18248
23101	18249
23102	18249
23103	18250
23104	18250
23105	18251
23106	18253
23107	18254
23108	18254
23109	18255
23110	18257
23111	18258
23112	18258
23113	18259
23114	18260
23115	18261
23116	18261
23117	18262
23118	18262
23119	18263
23120	18265
23121	18266
23122	18266
23123	18267
23124	18269
23125	18270
23126	18270
23127	18271
23128	18271
23129	18272
23130	18272
23131	18273
23132	18273
23133	18274
23134	18274
23135	18275
23136	18277
23137	18278
23138	18278
23139	18279
23140	18281
23141	18282
23142	18282
23143	18283
23144	18285
23145	18286
23146	18286
23147	18286
23148	18286
23149	18287
23150	18289
23151	18290
23152	18290
23153	18291
23154	18293
23155	18294
23156	18294
23157	18295
23158	18297
23159	18298
23160	18298
23161	18298
23162	18298
23163	18299
23164	18301
23165	18302
23166	18302
23167	18303
23168	18305
23169	18306
23170	18306
23171	18307
23172	18309
23173	18310
23174	18310
23175	18310
23176	18310
23177	18310
23178	18310
23179	18311
23180	18311
23181	18312
23182	18312
23183	18313
23184	18315
23185	18316
23186	18316
23187	18317
23188	18319
23189	18320
23190	18320
23191	18321
23192	18322
23193	18323
23194	18322
23195	18322
23196	18323
23197	18325
23198	18326
23199	18326
23200	18327
23201	18329
23202	18330
23203	18330
23204	18331
23205	18333
23206	18334
23207	18334
23208	18334
23209	18334
23210	18335
23211	18337
23212	18338
23213	18338
23214	18339
23215	18341
23216	18342
23217	18342
23218	18343
23219	18345
23220	18346
23221	18346
23222	18346
23223	18346
23224	18347
23225	18349
23226	18350
23227	18350
23228	18351
23229	18353
23230	18354
23231	18354
23232	18355
23233	18357
23234	18358
23235	18358
23236	18358
23237	18357
23238	18357
23239	18358
23240	18360
23241	18361
23242	18361
23243	18362
23244	18364
23245	18365
23246	18365
23247	18366
23248	18368
23249	18369
23250	18369
23251	18369
23252	18369
23253	18370
23254	18372
23255	18373
23256	18373
23257	18374
23258	18376
23259	18377
23260	18377
23261	18378
23262	18380
23263	18381
23264	18381
23265	18381
23266	18381
23267	18382
23268	18384
23269	18385
23270	18385
23271	18386
23272	18388
23273	18389
23274	18389
23275	18390
23276	18392
23277	18393
23278	18393
23279	18393
23280	18393
23281	18393
23282	18393
23283	18394
23284	18394
23285	18395
23286	18395
23287	18396
23288	18398
23289	18399
23290	18399
23291	18400
23292	18402
23293	18403
23294	18403
23295	18404
23296	18405
23297	18406
23298	18406
23299	18407
23300	18407
23301	18408
23302	18410
23303	18411
23304	18411
23305	18412
23306	18414
23307	18415
23308	18415
23309	18416
23310	18417
23311	18418
23312	18418
23313	18419
23314	18419
23315	18420
23316	18422
23317	18423
23318	18423
23319	18424
23320	18426
23321	18427
23322	18427
23323	18428
23324	18428
23325	18429
23326	18429
23327	18430
23328	18430
23329	18431
23330	18431
23331	18432
23332	18434
23333	18435
23334	18435
23335	18436
23336	18438
23337	18439
23338	18439
23339	18440
23340	18442
23341	18443
23342	18443
23343	18443
23344	18443
23345	18444
23346	18446
23347	18447
23348	18447
23349	18448
23350	18450
23351	18451
23352	18451
23353	18452
23354	18454
23355	18455
23356	18455
23357	18455
23358	18455
23359	18456
23360	18458
23361	18459
23362	18459
23363	18460
23364	18462
23365	18463
23366	18463
23367	18464
23368	18466
23369	18467
23370	18467
23371	18467
23372	18467
23373	18467
23374	18467
23375	18468
23376	18468
23377	18469
23378	18469
23379	18470
23380	18472
23381	18473
23382	18473
23383	18474
23384	18476
23385	18477
23386	18477
23387	18478
23388	18479
23389	18480
23390	18480
23391	18481
23392	18481
23393	18482
23394	18484
23395	18485
23396	18485
23397	18486
23398	18488
23399	18489
23400	18489
23401	18490
23402	18491
23403	18492
23404	18492
23405	18493
23406	18493
23407	18494
23408	18496
23409	18497
23410	18497
23411	18498
23412	18500
23413	18501
23414	18501
23415	18502
23416	18502
23417	18503
23418	18503
23419	18504
23420	18504
23421	18505
23422	18505
23423	18505
23424	18505
23425	18505
23426	18505
23427	18506
23428	18506
23429	18507
23430	18507
23431	18508
23432	18510
23433	18511
23434	18511
23435	18512
23436	18514
23437	18515
23438	18515
23439	18516
23440	18518
23441	18519
23442	18519
23443	18519
23444	18519
23445	18520
23446	18522
23447	18523
23448	18523
23449	18524
23450	18526
23451	18527
23452	18527
23453	18528
23454	18530
23455	18531
23456	18531
23457	18531
23458	18531
23459	18532
23460	18534
23461	18535
23462	18535
23463	18536
23464	18538
23465	18539
23466	18539
23467	18540
23468	18542
23469	18543
23470	18543
23471	18543
23472	18543
23473	18543
23474	18543
23475	18544
23476	18543
23477	18545
23478	18546
23479	18546
23480	18547
23481	18549
23482	18550
23483	18550
23484	18551
23485	18553
23486	18554
23487	18554
23488	18554
23489	18554
23490	18555
23491	18557
23492	18558
23493	18558
23494	18559
23495	18561
23496	18562
23497	18562
23498	18563
23499	18565
23500	18566
23501	18566
23502	18566
23503	18566
23504	18567
23505	18569
23506	18570
23507	18570
23508	18571
23509	18573
23510	18574
23511	18574
23512	18575
23513	18577
23514	18578
23515	18578
23516	18578
23517	18578
23518	18578
23519	18578
23520	18579
23521	18579
23522	18580
23523	18580
23524	18581
23525	18583
23526	18584
23527	18584
23528	18585
23529	18587
23530	18588
23531	18588
23532	18589
23533	18590
23534	18591
23535	18591
23536	18592
23537	18592
23538	18593
23539	18595
23540	18596
23541	18596
23542	18597
23543	18599
23544	18600
23545	18600
23546	18601
23547	18602
23548	18603
23549	18603
23550	18604
23551	18604
23552	18605
23553	18607
23554	18608
23555	18608
23556	18609
23557	18611
23558	18612
23559	18612
23560	18613
23561	18613
23562	18614
23563	18614
23564	18615
23565	18615
23566	18616
23567	18616
23568	18617
23569	18619
23570	18620
23571	18620
23572	18621
23573	18623
23574	18624
23575	18624
23576	18625
23577	18627
23578	18628
23579	18628
23580	18628
23581	18628
23582	18628
23583	18628
23584	18629
23585	18628
23586	18630
23587	18631
23588	18631
23589	18632
23590	18634
23591	18635
23592	18635
23593	18636
23594	18638
23595	18639
23596	18639
23597	18639
23598	18639
23599	18640
23600	18642
23601	18643
23602	18643
23603	18644
23604	18646
23605	18647
23606	18647
23607	18648
23608	18650
23609	18651
23610	18651
23611	18651
23612	18651
23613	18652
23614	18654
23615	18655
23616	18655
23617	18656
23618	18658
23619	18659
23620	18659
23621	18660
23622	18662
23623	18663
23624	18663
23625	18663
23626	18663
23627	18663
23628	18663
23629	18664
23630	18663
23631	18665
23632	18666
23633	18666
23634	18667
23635	18669
23636	18670
23637	18670
23638	18671
23639	18673
23640	18674
23641	18674
23642	18674
23643	18674
23644	18674
23645	18674
23646	18675
23647	18675
23648	18676
23649	18676
23650	18677
23651	18679
23652	18680
23653	18680
23654	18681
23655	18683
23656	18684
23657	18684
23658	18685
23659	18686
23660	18687
23661	18687
23662	18688
23663	18688
23664	18689
23665	18691
23666	18692
23667	18692
23668	18693
23669	18695
23670	18696
23671	18696
23672	18697
23673	18698
23674	18699
23675	18699
23676	18700
23677	18700
23678	18701
23679	18703
23680	18704
23681	18704
23682	18705
23683	18707
23684	18708
23685	18708
23686	18709
23687	18709
23688	18710
23689	18710
23690	18711
23691	18711
23692	18712
23693	18712
23694	18713
23695	18715
23696	18716
23697	18716
23698	18717
23699	18719
23700	18720
23701	18720
23702	18721
23703	18723
23704	18724
23705	18724
23706	18724
23707	18724
23708	18725
23709	18727
23710	18728
23711	18728
23712	18729
23713	18731
23714	18732
23715	18732
23716	18733
23717	18735
23718	18736
23719	18736
23720	18736
23721	18736
23722	18737
23723	18739
23724	18740
23725	18740
23726	18741
23727	18743
23728	18744
23729	18744
23730	18745
23731	18747
23732	18748
23733	18748
23734	18748
23735	18748
23736	18748
23737	18748
23738	18749
23739	18749
23740	18750
23741	18750
23742	18751
23743	18753
23744	18754
23745	18754
23746	18755
23747	18757
23748	18758
23749	18758
23750	18759
23751	18760
23752	18761
23753	18760
23754	18760
23755	18761
23756	18762
23757	18763
23758	18763
23759	18764
23760	18766
23761	18767
23762	18767
23763	18768
23764	18769
23765	18770
23766	18770
23767	18771
23768	18771
23769	18772
23770	18774
23771	18775
23772	18775
23773	18776
23774	18778
23775	18779
23776	18779
23777	18780
23778	18781
23779	18782
23780	18781
23781	18781
23782	18782
23783	18784
23784	18785
23785	18785
23786	18786
23787	18788
23788	18789
23789	18789
23790	18790
23791	18792
23792	18793
23793	18793
23794	18793
23795	18793
23796	18794
23797	18796
23798	18797
23799	18797
23800	18798
23801	18800
23802	18801
23803	18801
23804	18802
23805	18804
23806	18805
23807	18805
23808	18805
23809	18805
23810	18806
23811	18808
23812	18809
23813	18809
23814	18810
23815	18812
23816	18813
23817	18813
23818	18814
23819	18816
23820	18817
23821	18817
23822	18817
23823	18816
23824	18816
23825	18816
23826	18816
23827	18817
23828	18819
23829	18820
23830	18820
23831	18821
23832	18823
23833	18824
23834	18824
23835	18825
23836	18827
23837	18828
23838	18828
23839	18828
23840	18828
23841	18829
23842	18831
23843	18832
23844	18832
23845	18833
23846	18835
23847	18836
23848	18836
23849	18837
23850	18839
23851	18840
23852	18840
23853	18840
23854	18840
23855	18840
23856	18840
23857	18841
23858	18841
23859	18842
23860	18842
23861	18843
23862	18845
23863	18846
23864	18846
23865	18847
23866	18849
23867	18850
23868	18850
23869	18851
23870	18852
23871	18853
23872	18853
23873	18854
23874	18854
23875	18855
23876	18857
23877	18858
23878	18858
23879	18859
23880	18861
23881	18862
23882	18862
23883	18863
23884	18864
23885	18865
23886	18865
23887	18866
23888	18866
23889	18867
23890	18869
23891	18870
23892	18870
23893	18871
23894	18873
23895	18874
23896	18874
23897	18875
23898	18875
23899	18876
23900	18876
23901	18877
23902	18877
23903	18878
23904	18878
23905	18879
23906	18881
23907	18882
23908	18882
23909	18883
23910	18885
23911	18886
23912	18886
23913	18887
23914	18889
23915	18890
23916	18890
23917	18890
23918	18890
23919	18891
23920	18893
23921	18894
23922	18894
23923	18895
23924	18897
23925	18898
23926	18898
23927	18899
23928	18901
23929	18902
23930	18902
23931	18902
23932	18902
23933	18903
23934	18905
23935	18906
23936	18906
23937	18907
23938	18909
23939	18910
23940	18910
23941	18911
23942	18913
23943	18914
23944	18914
23945	18914
23946	18914
23947	18914
23948	18914
23949	18915
23950	18915
23951	18916
23952	18916
23953	18917
23954	18919
23955	18920
23956	18920
23957	18921
23958	18923
23959	18924
23960	18924
23961	18925
23962	18926
23963	18927
23964	18927
23965	18928
23966	18928
23967	18929
23968	18931
23969	18932
23970	18932
23971	18933
23972	18935
23973	18936
23974	18936
23975	18937
23976	18938
23977	18939
23978	18939
23979	18940
23980	18940
23981	18941
23982	18943
23983	18944
23984	18944
23985	18945
23986	18947
23987	18948
23988	18948
23989	18949
23990	18949
23991	18950
23992	18950
23993	18951
23994	18951
23995	18952
23996	18952
23997	18953
23998	18955
23999	18956
24000	18956
24001	18957
24002	18959
24003	18960
24004	18960
24005	18961
24006	18963
24007	18964
24008	18964
24009	18964
24010	18964
24011	18965
24012	18967
24013	18968
24014	18968
24015	18969
24016	18971
24017	18972
24018	18972
24019	18973
24020	18975
24021	18976
24022	18976
24023	18976
24024	18976
24025	18976
24026	18976
24027	18977
24028	18976
24029	18978
24030	18979
24031	18979
24032	18980
24033	18981
24034	18982
24035	18982
24036	18983
24037	18985
24038	18986
24039	18986
24040	18986
24041	18986
24042	18987
24043	18989
24044	18990
24045	18990
24046	18991
24047	18993
24048	18994
24049	18994
24050	18995
24051	18997
24052	18998
24053	18998
24054	18998
24055	18998
24056	18999
24057	19001
24058	19002
24059	19002
24060	19003
24061	19005
24062	19006
24063	19006
24064	19007
24065	19009
24066	19010
24067	19010
24068	19010
24069	19010
24070	19010
24071	19010
24072	19010
24073	19010
24074	19011
24075	19011
24076	19012
24077	19014
24078	19015
24079	19015
24080	19016
24081	19018
24082	19019
24083	19019
24084	19020
24085	19021
24086	19022
24087	19022
24088	19023
24089	19023
24090	19024
24091	19026
24092	19027
24093	19027
24094	19028
24095	19030
24096	19031
24097	19031
24098	19032
24099	19033
24100	19034
24101	19033
24102	19033
24103	19034
24104	19036
24105	19037
24106	19037
24107	19038
24108	19040
24109	19041
24110	19041
24111	19042
24112	19044
24113	19045
24114	19045
24115	19045
24116	19045
24117	19046
24118	19048
24119	19049
24120	19049
24121	19050
24122	19052
24123	19053
24124	19053
24125	19054
24126	19056
24127	19057
24128	19057
24129	19057
24130	19057
24131	19058
24132	19060
24133	19061
24134	19061
24135	19062
24136	19064
24137	19065
24138	19065
24139	19066
24140	19068
24141	19069
24142	19069
24143	19069
24144	19068
24145	19068
24146	19069
24147	19071
24148	19072
24149	19072
24150	19073
24151	19074
24152	19075
24153	19074
24154	19074
24155	19075
24156	19077
24157	19078
24158	19078
24159	19079
24160	19081
24161	19082
24162	19082
24163	19083
24164	19085
24165	19086
24166	19086
24167	19086
24168	19086
24169	19087
24170	19088
24171	19089
24172	19089
24173	19090
24174	19090
24175	19091
24176	19093
24177	19094
24178	19094
24179	19095
24180	19097
24181	19098
24182	19098
24183	19099
24184	19101
24185	19102
24186	19102
24187	19102
24188	19102
24189	19102
24190	19102
24191	19103
24192	19103
24193	19104
24194	19104
24195	19105
24196	19107
24197	19108
24198	19108
24199	19109
24200	19111
24201	19112
24202	19112
24203	19113
24204	19114
24205	19115
24206	19115
24207	19116
24208	19116
24209	19117
24210	19119
24211	19120
24212	19120
24213	19121
24214	19123
24215	19124
24216	19124
24217	19125
24218	19126
24219	19127
24220	19127
24221	19128
24222	19128
24223	19129
24224	19131
24225	19132
24226	19132
24227	19133
24228	19135
24229	19136
24230	19136
24231	19137
24232	19137
24233	19138
24234	19138
24235	19139
24236	19139
24237	19140
24238	19140
24239	19140
24240	19140
24241	19140
24242	19140
24243	19141
24244	19141
24245	19142
24246	19142
24247	19143
24248	19145
24249	19146
24250	19146
24251	19147
24252	19149
24253	19150
24254	19150
24255	19151
24256	19153
24257	19154
24258	19154
24259	19154
24260	19154
24261	19155
24262	19157
24263	19158
24264	19158
24265	19159
24266	19161
24267	19162
24268	19162
24269	19163
24270	19165
24271	19166
24272	19166
24273	19166
24274	19166
24275	19167
24276	19169
24277	19170
24278	19170
24279	19171
24280	19173
24281	19174
24282	19174
24283	19175
24284	19177
24285	19178
24286	19178
24287	19178
24288	19178
24289	19178
24290	19178
24291	19179
24292	19179
24293	19180
24294	19180
24295	19181
24296	19183
24297	19184
24298	19184
24299	19185
24300	19187
24301	19188
24302	19188
24303	19189
24304	19190
24305	19191
24306	19190
24307	19190
24308	19191
24309	19193
24310	19194
24311	19194
24312	19195
24313	19197
24314	19198
24315	19198
24316	19199
24317	19201
24318	19202
24319	19202
24320	19202
24321	19202
24322	19203
24323	19205
24324	19206
24325	19206
24326	19207
24327	19209
24328	19210
24329	19210
24330	19211
24331	19213
24332	19214
24333	19214
24334	19214
24335	19214
24336	19214
24337	19214
24338	19214
24339	19214
24340	19215
24341	19215
24342	19216
24343	19218
24344	19219
24345	19219
24346	19220
24347	19222
24348	19223
24349	19223
24350	19224
24351	19225
24352	19226
24353	19226
24354	19227
24355	19227
24356	19228
24357	19230
24358	19231
24359	19231
24360	19232
24361	19234
24362	19235
24363	19235
24364	19236
24365	19237
24366	19238
24367	19237
24368	19237
24369	19238
24370	19240
24371	19241
24372	19241
24373	19242
24374	19244
24375	19245
24376	19245
24377	19246
24378	19248
24379	19249
24380	19249
24381	19249
24382	19249
24383	19250
24384	19252
24385	19253
24386	19253
24387	19254
24388	19256
24389	19257
24390	19257
24391	19258
24392	19260
24393	19261
24394	19261
24395	19261
24396	19261
24397	19261
24398	19261
24399	19262
24400	19262
24401	19263
24402	19263
24403	19264
24404	19266
24405	19267
24406	19267
24407	19268
24408	19270
24409	19271
24410	19271
24411	19272
24412	19273
24413	19274
24414	19274
24415	19275
24416	19275
24417	19276
24418	19278
24419	19279
24420	19279
24421	19280
24422	19282
24423	19283
24424	19283
24425	19284
24426	19285
24427	19286
24428	19286
24429	19287
24430	19287
24431	19288
24432	19290
24433	19291
24434	19291
24435	19292
24436	19294
24437	19295
24438	19295
24439	19296
24440	19296
24441	19297
24442	19297
24443	19298
24444	19298
24445	19299
24446	19299
24447	19300
24448	19302
24449	19303
24450	19303
24451	19304
24452	19306
24453	19307
24454	19307
24455	19308
24456	19310
24457	19311
24458	19311
24459	19311
24460	19311
24461	19312
24462	19314
24463	19315
24464	19315
24465	19316
24466	19318
24467	19319
24468	19319
24469	19320
24470	19322
24471	19323
24472	19323
24473	19323
24474	19323
24475	19323
24476	19323
24477	19324
24478	19324
24479	19325
24480	19325
24481	19326
24482	19328
24483	19329
24484	19329
24485	19330
24486	19332
24487	19333
24488	19333
24489	19334
24490	19335
24491	19336
24492	19336
24493	19337
24494	19337
24495	19338
24496	19340
24497	19341
24498	19341
24499	19342
24500	19344
24501	19345
24502	19345
24503	19346
24504	19347
24505	19348
24506	19348
24507	19349
24508	19349
24509	19350
24510	19352
24511	19353
24512	19353
24513	19354
24514	19356
24515	19357
24516	19357
24517	19358
24518	19358
24519	19359
24520	19359
24521	19360
24522	19360
24523	19361
24524	19361
24525	19362
24526	19364
24527	19365
24528	19365
24529	19366
24530	19368
24531	19369
24532	19369
24533	19370
24534	19372
24535	19373
24536	19373
24537	19373
24538	19373
24539	19374
24540	19376
24541	19377
24542	19377
24543	19378
24544	19380
24545	19381
24546	19381
24547	19382
24548	19384
24549	19385
24550	19385
24551	19385
24552	19385
24553	19386
24554	19388
24555	19389
24556	19389
24557	19390
24558	19392
24559	19393
24560	19393
24561	19394
24562	19396
24563	19397
24564	19397
24565	19397
24566	19397
24567	19397
24568	19397
24569	19398
24570	19398
24571	19399
24572	19399
24573	19400
24574	19402
24575	19403
24576	19403
24577	19404
24578	19406
24579	19407
24580	19407
24581	19408
24582	19409
24583	19410
24584	19410
24585	19411
24586	19411
24587	19412
24588	19414
24589	19415
24590	19415
24591	19416
24592	19418
24593	19419
24594	19419
24595	19420
24596	19421
24597	19422
24598	19422
24599	19423
24600	19423
24601	19424
24602	19426
24603	19427
24604	19427
24605	19428
24606	19430
24607	19431
24608	19431
24609	19432
24610	19432
24611	19433
24612	19432
24613	19432
24614	19433
24615	19432
24616	19434
24617	19435
24618	19435
24619	19436
24620	19438
24621	19439
24622	19439
24623	19440
24624	19442
24625	19443
24626	19443
24627	19443
24628	19443
24629	19444
24630	19446
24631	19447
24632	19447
24633	19448
24634	19450
24635	19451
24636	19451
24637	19452
24638	19454
24639	19455
24640	19455
24641	19455
24642	19455
24643	19456
24644	19458
24645	19459
24646	19459
24647	19460
24648	19462
24649	19463
24650	19463
24651	19464
24652	19466
24653	19467
24654	19467
24655	19467
24656	19467
24657	19467
24658	19466
24659	19466
24660	19467
24661	19469
24662	19470
24663	19470
24664	19471
24665	19473
24666	19474
24667	19474
24668	19475
24669	19477
24670	19478
24671	19478
24672	19478
24673	19478
24674	19479
24675	19481
24676	19482
24677	19482
24678	19483
24679	19485
24680	19486
24681	19486
24682	19487
24683	19489
24684	19490
24685	19490
24686	19490
24687	19490
24688	19491
24689	19493
24690	19494
24691	19494
24692	19495
24693	19497
24694	19498
24695	19498
24696	19499
24697	19501
24698	19502
24699	19502
24700	19502
24701	19502
24702	19502
24703	19502
24704	19503
24705	19503
24706	19504
24707	19504
24708	19505
24709	19507
24710	19508
24711	19508
24712	19509
24713	19511
24714	19512
24715	19512
24716	19513
24717	19514
24718	19515
24719	19514
24720	19514
24721	19515
24722	19517
24723	19518
24724	19518
24725	19519
24726	19521
24727	19522
24728	19522
24729	19523
24730	19525
24731	19526
24732	19526
24733	19526
24734	19526
24735	19526
24736	19526
24737	19527
24738	19527
24739	19528
24740	19528
24741	19529
24742	19531
24743	19532
24744	19532
24745	19533
24746	19535
24747	19536
24748	19536
24749	19537
24750	19538
24751	19539
24752	19539
24753	19540
24754	19540
24755	19541
24756	19543
24757	19544
24758	19544
24759	19545
24760	19547
24761	19548
24762	19548
24763	19549
24764	19550
24765	19551
24766	19551
24767	19552
24768	19552
24769	19553
24770	19555
24771	19556
24772	19556
24773	19557
24774	19559
24775	19560
24776	19560
24777	19561
24778	19561
24779	19562
24780	19562
24781	19563
24782	19563
24783	19564
24784	19564
24785	19565
24786	19567
24787	19568
24788	19568
24789	19569
24790	19571
24791	19572
24792	19572
24793	19573
24794	19575
24795	19576
24796	19576
24797	19576
24798	19576
24799	19577
24800	19579
24801	19580
24802	19580
24803	19581
24804	19583
24805	19584
24806	19584
24807	19585
24808	19587
24809	19588
24810	19588
24811	19588
24812	19588
24813	19589
24814	19591
24815	19592
24816	19592
24817	19593
24818	19595
24819	19596
24820	19596
24821	19597
24822	19599
24823	19600
24824	19600
24825	19600
24826	19600
24827	19600
24828	19600
24829	19601
24830	19601
24831	19602
24832	19602
24833	19603
24834	19605
24835	19606
24836	19606
24837	19607
24838	19609
24839	19610
24840	19610
24841	19611
24842	19612
24843	19613
24844	19612
24845	19612
24846	19613
24847	19615
24848	19616
24849	19616
24850	19617
24851	19619
24852	19620
24853	19620
24854	19621
24855	19623
24856	19624
24857	19624
24858	19624
24859	19624
24860	19625
24861	19627
24862	19628
24863	19628
24864	19629
24865	19631
24866	19632
24867	19632
24868	19633
24869	19635
24870	19636
24871	19636
24872	19636
24873	19636
24874	19636
24875	19636
24876	19637
24877	19637
24878	19638
24879	19638
24880	19639
24881	19641
24882	19642
24883	19642
24884	19643
24885	19645
24886	19646
24887	19646
24888	19647
24889	19648
24890	19649
24891	19649
24892	19650
24893	19650
24894	19651
24895	19653
24896	19654
24897	19654
24898	19655
24899	19657
24900	19658
24901	19658
24902	19659
24903	19660
24904	19661
24905	19661
24906	19662
24907	19662
24908	19663
24909	19665
24910	19666
24911	19666
24912	19667
24913	19669
24914	19670
24915	19670
24916	19671
24917	19671
24918	19672
24919	19672
24920	19673
24921	19673
24922	19674
24923	19674
24924	19675
24925	19677
24926	19678
24927	19678
24928	19679
24929	19681
24930	19682
24931	19682
24932	19683
24933	19685
24934	19686
24935	19686
24936	19686
24937	19686
24938	19687
24939	19689
24940	19690
24941	19690
24942	19691
24943	19693
24944	19694
24945	19694
24946	19695
24947	19697
24948	19698
24949	19698
24950	19698
24951	19698
24952	19699
24953	19701
24954	19702
24955	19702
24956	19703
24957	19705
24958	19706
24959	19706
24960	19707
24961	19709
24962	19710
24963	19710
24964	19710
24965	19710
24966	19710
24967	19710
24968	19711
24969	19711
24970	19712
24971	19712
24972	19713
24973	19715
24974	19716
24975	19716
24976	19717
24977	19719
24978	19720
24979	19720
24980	19721
24981	19722
24982	19723
24983	19722
24984	19722
24985	19723
24986	19725
24987	19726
24988	19726
24989	19727
24990	19729
24991	19730
24992	19730
24993	19731
24994	19733
24995	19734
24996	19734
24997	19734
24998	19734
24999	19735
25000	19737
25001	19738
25002	19738
25003	19739
25004	19741
25005	19742
25006	19742
25007	19743
25008	19745
25009	19746
25010	19746
25011	19746
25012	19746
25013	19747
25014	19749
25015	19750
25016	19750
25017	19751
25018	19753
25019	19754
25020	19754
25021	19755
25022	19757
25023	19758
25024	19758
25025	19758
25026	19757
25027	19757
25028	19758
25029	19760
25030	19761
25031	19761
25032	19762
25033	19764
25034	19765
25035	19765
25036	19766
25037	19768
25038	19769
25039	19769
25040	19769
25041	19769
25042	19769
25043	19768
25044	19768
25045	19769
25046	19771
25047	19772
25048	19772
25049	19773
25050	19775
25051	19776
25052	19776
25053	19777
25054	19779
25055	19780
25056	19780
25057	19780
25058	19780
25059	19780
25060	19780
25061	19781
25062	19781
25063	19782
25064	19782
25065	19783
25066	19785
25067	19786
25068	19786
25069	19787
25070	19789
25071	19790
25072	19790
25073	19791
25074	19792
25075	19793
25076	19792
25077	19792
25078	19793
25079	19795
25080	19796
25081	19796
25082	19797
25083	19799
25084	19800
25085	19800
25086	19801
25087	19803
25088	19804
25089	19804
25090	19804
25091	19804
25092	19805
25093	19807
25094	19808
25095	19808
25096	19809
25097	19811
25098	19812
25099	19812
25100	19813
25101	19815
25102	19816
25103	19816
25104	19816
25105	19816
25106	19817
25107	19819
25108	19820
25109	19820
25110	19821
25111	19823
25112	19824
25113	19824
25114	19825
25115	19827
25116	19828
25117	19828
25118	19828
25119	19827
25120	19827
25121	19828
25122	19830
25123	19831
25124	19831
25125	19832
25126	19834
25127	19835
25128	19835
25129	19836
25130	19838
25131	19839
25132	19839
25133	19839
25134	19839
25135	19840
25136	19842
25137	19843
25138	19843
25139	19844
25140	19846
25141	19847
25142	19847
25143	19848
25144	19850
25145	19851
25146	19851
25147	19851
25148	19851
25149	19852
25150	19854
25151	19855
25152	19855
25153	19856
25154	19858
25155	19859
25156	19859
25157	19860
25158	19862
25159	19863
25160	19863
25161	19863
25162	19863
25163	19863
25164	19863
25165	19864
25166	19864
25167	19865
25168	19865
25169	19866
25170	19868
25171	19869
25172	19869
25173	19870
25174	19872
25175	19873
25176	19873
25177	19874
25178	19875
25179	19876
25180	19875
25181	19875
25182	19876
25183	19878
25184	19879
25185	19879
25186	19880
25187	19882
25188	19883
25189	19883
25190	19884
25191	19886
25192	19887
25193	19887
25194	19887
25195	19887
25196	19888
25197	19890
25198	19891
25199	19891
25200	19892
25201	19894
25202	19895
25203	19895
25204	19896
25205	19898
25206	19899
25207	19899
25208	19899
25209	19899
25210	19900
25211	19902
25212	19903
25213	19903
25214	19904
25215	19906
25216	19907
25217	19907
25218	19908
25219	19910
25220	19911
25221	19911
25222	19911
25223	19910
25224	19910
25225	19911
25226	19913
25227	19914
25228	19914
25229	19915
25230	19917
25231	19918
25232	19918
25233	19919
25234	19921
25235	19922
25236	19922
25237	19922
25238	19922
25239	19923
25240	19925
25241	19926
25242	19926
25243	19927
25244	19929
25245	19930
25246	19930
25247	19931
25248	19933
25249	19934
25250	19934
25251	19934
25252	19934
25253	19934
25254	19934
25255	19934
25256	19934
25257	19935
25258	19935
25259	19936
25260	19938
25261	19939
25262	19939
25263	19940
25264	19942
25265	19943
25266	19943
25267	19944
25268	19945
25269	19946
25270	19946
25271	19947
25272	19947
25273	19948
25274	19950
25275	19951
25276	19951
25277	19952
25278	19954
25279	19955
25280	19955
25281	19956
25282	19957
25283	19958
25284	19957
25285	19957
25286	19958
25287	19960
25288	19961
25289	19961
25290	19962
25291	19964
25292	19965
25293	19965
25294	19966
25295	19968
25296	19969
25297	19969
25298	19969
25299	19969
25300	19970
25301	19972
25302	19973
25303	19973
25304	19974
25305	19976
25306	19977
25307	19977
25308	19978
25309	19980
25310	19981
25311	19981
25312	19981
25313	19981
25314	19982
25315	19984
25316	19985
25317	19985
25318	19986
25319	19988
25320	19989
25321	19989
25322	19990
25323	19992
25324	19993
25325	19993
25326	19993
25327	19992
25328	19992
25329	19993
25330	19995
25331	19996
25332	19996
25333	19997
25334	19999
25335	20000
25336	20000
25337	20001
25338	20003
25339	20004
25340	20004
25341	20004
25342	20004
25343	20005
25344	20007
25345	20008
25346	20008
25347	20009
25348	20011
25349	20012
25350	20012
25351	20013
25352	20015
25353	20016
25354	20016
25355	20016
25356	20016
25357	20016
25358	20016
25359	20017
25360	20016
25361	20018
25362	20019
25363	20019
25364	20020
25365	20022
25366	20023
25367	20023
25368	20024
25369	20026
25370	20027
25371	20027
25372	20027
25373	20027
25374	20028
25375	20030
25376	20031
25377	20031
25378	20032
25379	20034
25380	20035
25381	20035
25382	20036
25383	20038
25384	20039
25385	20039
25386	20039
25387	20039
25388	20040
25389	20042
25390	20043
25391	20043
25392	20044
25393	20046
25394	20047
25395	20047
25396	20048
25397	20050
25398	20051
25399	20051
25400	20051
25401	20051
25402	20051
25403	20051
25404	20052
25405	20052
25406	20053
25407	20053
25408	20054
25409	20056
25410	20057
25411	20057
25412	20058
25413	20060
25414	20061
25415	20061
25416	20062
25417	20063
25418	20064
25419	20064
25420	20065
25421	20065
25422	20066
25423	20068
25424	20069
25425	20069
25426	20070
25427	20072
25428	20073
25429	20073
25430	20074
25431	20075
25432	20076
25433	20076
25434	20077
25435	20077
25436	20078
25437	20080
25438	20081
25439	20081
25440	20082
25441	20084
25442	20085
25443	20085
25444	20086
25445	20086
25446	20087
25447	20087
25448	20088
25449	20088
25450	20089
25451	20089
25452	20090
25453	20092
25454	20093
25455	20093
25456	20094
25457	20096
25458	20097
25459	20097
25460	20098
25461	20100
25462	20101
25463	20101
25464	20101
25465	20101
25466	20102
25467	20104
25468	20105
25469	20105
25470	20106
25471	20108
25472	20109
25473	20109
25474	20110
25475	20112
25476	20113
25477	20113
25478	20113
25479	20113
25480	20114
25481	20116
25482	20117
25483	20117
25484	20118
25485	20120
25486	20121
25487	20121
25488	20122
25489	20124
25490	20125
25491	20125
25492	20125
25493	20125
25494	20125
25495	20125
25496	20126
25497	20126
25498	20127
25499	20127
25500	20128
25501	20130
25502	20131
25503	20131
25504	20132
25505	20134
25506	20135
25507	20135
25508	20136
25509	20137
25510	20138
25511	20137
25512	20137
25513	20138
25514	20140
25515	20141
25516	20141
25517	20142
25518	20144
25519	20145
25520	20145
25521	20146
25522	20148
25523	20149
25524	20149
25525	20149
25526	20149
25527	20150
25528	20152
25529	20153
25530	20153
25531	20154
25532	20155
25533	20156
25534	20156
25535	20157
25536	20157
25537	20158
25538	20160
25539	20161
25540	20161
25541	20162
25542	20164
25543	20165
25544	20165
25545	20166
25546	20167
25547	20168
25548	20167
25549	20167
25550	20168
25551	20169
25552	20170
25553	20170
25554	20171
25555	20173
25556	20174
25557	20174
25558	20175
25559	20176
25560	20177
25561	20177
25562	20178
25563	20178
25564	20179
25565	20181
25566	20182
25567	20182
25568	20183
25569	20185
25570	20186
25571	20186
25572	20187
25573	20188
25574	20189
25575	20188
25576	20188
25577	20188
25578	20187
25579	20188
25580	20188
25581	20189
25582	20189
25583	20190
25584	20190
25585	20191
25586	20193
25587	20194
25588	20194
25589	20195
25590	20197
25591	20198
25592	20198
25593	20199
25594	20201
25595	20202
25596	20202
25597	20202
25598	20202
25599	20203
25600	20205
25601	20206
25602	20206
25603	20207
25604	20209
25605	20210
25606	20210
25607	20211
25608	20213
25609	20214
25610	20214
25611	20214
25612	20214
25613	20215
25614	20217
25615	20218
25616	20218
25617	20219
25618	20221
25619	20222
25620	20222
25621	20223
25622	20225
25623	20226
25624	20226
25625	20226
25626	20226
25627	20226
25628	20226
25629	20227
25630	20227
25631	20228
25632	20228
25633	20229
25634	20231
25635	20232
25636	20232
25637	20233
25638	20235
25639	20236
25640	20236
25641	20237
25642	20238
25643	20239
25644	20239
25645	20240
25646	20240
25647	20241
25648	20243
25649	20244
25650	20244
25651	20245
25652	20247
25653	20248
25654	20248
25655	20249
25656	20250
25657	20251
25658	20251
25659	20252
25660	20252
25661	20253
25662	20255
25663	20256
25664	20256
25665	20257
25666	20259
25667	20260
25668	20260
25669	20261
25670	20261
25671	20262
25672	20261
25673	20261
25674	20262
25675	20262
25676	20263
25677	20263
25678	20264
25679	20266
25680	20267
25681	20267
25682	20268
25683	20270
25684	20271
25685	20271
25686	20272
25687	20273
25688	20274
25689	20274
25690	20275
25691	20275
25692	20276
25693	20278
25694	20279
25695	20279
25696	20280
25697	20282
25698	20283
25699	20283
25700	20284
25701	20285
25702	20286
25703	20286
25704	20287
25705	20287
25706	20288
25707	20290
25708	20291
25709	20291
25710	20292
25711	20294
25712	20295
25713	20295
25714	20296
25715	20296
25716	20297
25717	20297
25718	20298
25719	20298
25720	20299
25721	20299
25722	20299
25723	20299
25724	20300
25725	20302
25726	20303
25727	20303
25728	20304
25729	20306
25730	20307
25731	20307
25732	20308
25733	20310
25734	20311
25735	20311
25736	20311
25737	20311
25738	20312
25739	20314
25740	20315
25741	20315
25742	20316
25743	20318
25744	20319
25745	20319
25746	20320
25747	20322
25748	20323
25749	20323
25750	20323
25751	20323
25752	20324
25753	20326
25754	20327
25755	20327
25756	20328
25757	20330
25758	20331
25759	20331
25760	20332
25761	20334
25762	20335
25763	20335
25764	20335
25765	20334
25766	20334
25767	20335
25768	20337
25769	20338
25770	20338
25771	20339
25772	20341
25773	20342
25774	20342
25775	20343
25776	20345
25777	20346
25778	20346
25779	20346
25780	20346
25781	20346
25782	20346
25783	20346
25784	20346
25785	20347
25786	20347
25787	20348
25788	20350
25789	20351
25790	20351
25791	20352
25792	20354
25793	20355
25794	20355
25795	20356
25796	20357
25797	20358
25798	20358
25799	20359
25800	20359
25801	20360
25802	20362
25803	20363
25804	20363
25805	20364
25806	20366
25807	20367
25808	20367
25809	20368
25810	20369
25811	20370
25812	20369
25813	20369
25814	20370
25815	20372
25816	20373
25817	20373
25818	20374
25819	20376
25820	20377
25821	20377
25822	20378
25823	20380
25824	20381
25825	20381
25826	20381
25827	20381
25828	20381
25829	20381
25830	20382
25831	20382
25832	20383
25833	20383
25834	20384
25835	20386
25836	20387
25837	20387
25838	20388
25839	20390
25840	20391
25841	20391
25842	20392
25843	20393
25844	20394
25845	20394
25846	20395
25847	20395
25848	20396
25849	20398
25850	20399
25851	20399
25852	20400
25853	20402
25854	20403
25855	20403
25856	20404
25857	20405
25858	20406
25859	20406
25860	20407
25861	20407
25862	20408
25863	20410
25864	20411
25865	20411
25866	20412
25867	20414
25868	20415
25869	20415
25870	20416
25871	20416
25872	20417
25873	20416
25874	20416
25875	20417
25876	20417
25877	20418
25878	20418
25879	20419
25880	20421
25881	20422
25882	20422
25883	20423
25884	20425
25885	20426
25886	20426
25887	20427
25888	20428
25889	20429
25890	20429
25891	20430
25892	20430
25893	20431
25894	20433
25895	20434
25896	20434
25897	20435
25898	20437
25899	20438
25900	20438
25901	20439
25902	20440
25903	20441
25904	20441
25905	20442
25906	20442
25907	20443
25908	20445
25909	20446
25910	20446
25911	20447
25912	20449
25913	20450
25914	20450
25915	20451
25916	20451
25917	20452
25918	20452
25919	20453
25920	20453
25921	20454
25922	20454
25923	20455
25924	20457
25925	20458
25926	20458
25927	20459
25928	20461
25929	20462
25930	20462
25931	20463
25932	20465
25933	20466
25934	20466
25935	20466
25936	20466
25937	20466
25938	20466
25939	20467
25940	20467
25941	20468
25942	20468
25943	20469
25944	20471
25945	20472
25946	20472
25947	20473
25948	20475
25949	20476
25950	20476
25951	20477
25952	20478
25953	20479
25954	20479
25955	20480
25956	20480
25957	20481
25958	20483
25959	20484
25960	20484
25961	20485
25962	20487
25963	20488
25964	20488
25965	20489
25966	20490
25967	20491
25968	20491
25969	20492
25970	20492
25971	20493
25972	20495
25973	20496
25974	20496
25975	20497
25976	20499
25977	20500
25978	20500
25979	20501
25980	20501
25981	20502
25982	20502
25983	20503
25984	20503
25985	20504
25986	20504
25987	20505
25988	20507
25989	20508
25990	20508
25991	20509
25992	20511
25993	20512
25994	20512
25995	20513
25996	20515
25997	20516
25998	20516
25999	20516
26000	20516
26001	20517
26002	20519
26003	20520
26004	20520
26005	20521
26006	20523
26007	20524
26008	20524
26009	20525
26010	20527
26011	20528
26012	20528
26013	20528
26014	20528
26015	20529
26016	20531
26017	20532
26018	20532
26019	20533
26020	20535
26021	20536
26022	20536
26023	20537
26024	20539
26025	20540
26026	20540
26027	20540
26028	20540
26029	20540
26030	20540
26031	20541
26032	20541
26033	20542
26034	20542
26035	20543
26036	20545
26037	20546
26038	20546
26039	20547
26040	20549
26041	20550
26042	20550
26043	20551
26044	20552
26045	20553
26046	20553
26047	20554
26048	20554
26049	20555
26050	20557
26051	20558
26052	20558
26053	20559
26054	20561
26055	20562
26056	20562
26057	20563
26058	20564
26059	20565
26060	20565
26061	20566
26062	20566
26063	20567
26064	20569
26065	20570
26066	20570
26067	20571
26068	20573
26069	20574
26070	20574
26071	20575
26072	20575
26073	20576
26074	20575
26075	20575
26076	20576
26077	20576
26078	20577
26079	20577
26080	20578
26081	20580
26082	20581
26083	20581
26084	20582
26085	20584
26086	20585
26087	20585
26088	20586
26089	20587
26090	20588
26091	20588
26092	20589
26093	20589
26094	20590
26095	20592
26096	20593
26097	20593
26098	20594
26099	20596
26100	20597
26101	20597
26102	20598
26103	20599
26104	20600
26105	20600
26106	20601
26107	20601
26108	20602
26109	20604
26110	20605
26111	20605
26112	20606
26113	20608
26114	20609
26115	20609
26116	20610
26117	20610
26118	20611
26119	20610
26120	20609
26121	20609
26122	20610
26123	20612
26124	20613
26125	20613
26126	20614
26127	20616
26128	20617
26129	20617
26130	20618
26131	20620
26132	20621
26133	20621
26134	20621
26135	20621
26136	20621
26137	20621
26138	20621
26139	20621
26140	20622
26141	20622
26142	20623
26143	20625
26144	20626
26145	20626
26146	20627
26147	20629
26148	20630
26149	20630
26150	20631
26151	20632
26152	20633
26153	20633
26154	20634
26155	20634
26156	20635
26157	20637
26158	20638
26159	20638
26160	20639
26161	20641
26162	20642
26163	20642
26164	20643
26165	20644
26166	20645
26167	20644
26168	20644
26169	20645
26170	20647
26171	20648
26172	20648
26173	20649
26174	20651
26175	20652
26176	20652
26177	20653
26178	20655
26179	20656
26180	20656
26181	20656
26182	20656
26183	20657
26184	20659
26185	20660
26186	20660
26187	20661
26188	20663
26189	20664
26190	20664
26191	20665
26192	20667
26193	20668
26194	20668
26195	20668
26196	20668
26197	20668
26198	20668
26199	20668
26200	20668
26201	20669
26202	20669
26203	20670
26204	20672
26205	20673
26206	20673
26207	20674
26208	20676
26209	20677
26210	20677
26211	20678
26212	20679
26213	20680
26214	20680
26215	20681
26216	20681
26217	20682
26218	20684
26219	20685
26220	20685
26221	20686
26222	20688
26223	20689
26224	20689
26225	20690
26226	20691
26227	20692
26228	20691
26229	20691
26230	20692
26231	20694
26232	20695
26233	20695
26234	20696
26235	20698
26236	20699
26237	20699
26238	20700
26239	20702
26240	20703
26241	20703
26242	20703
26243	20703
26244	20704
26245	20706
26246	20707
26247	20707
26248	20708
26249	20710
26250	20711
26251	20711
26252	20712
26253	20714
26254	20715
26255	20715
26256	20715
26257	20715
26258	20716
26259	20718
26260	20719
26261	20719
26262	20720
26263	20722
26264	20723
26265	20723
26266	20724
26267	20726
26268	20727
26269	20727
26270	20727
26271	20726
26272	20726
26273	20727
26274	20729
26275	20730
26276	20730
26277	20731
26278	20733
26279	20734
26280	20734
26281	20735
26282	20737
26283	20738
26284	20738
26285	20738
26286	20738
26287	20739
26288	20741
26289	20742
26290	20742
26291	20743
26292	20745
26293	20746
26294	20746
26295	20747
26296	20749
26297	20750
26298	20750
26299	20750
26300	20750
26301	20751
26302	20753
26303	20754
26304	20754
26305	20755
26306	20757
26307	20758
26308	20758
26309	20759
26310	20761
26311	20762
26312	20762
26313	20762
26314	20762
26315	20762
26316	20762
26317	20763
26318	20763
26319	20764
26320	20764
26321	20765
26322	20767
26323	20768
26324	20768
26325	20769
26326	20771
26327	20772
26328	20772
26329	20773
26330	20774
26331	20775
26332	20775
26333	20776
26334	20776
26335	20777
26336	20779
26337	20780
26338	20780
26339	20781
26340	20783
26341	20784
26342	20784
26343	20785
26344	20786
26345	20787
26346	20787
26347	20788
26348	20788
26349	20789
26350	20791
26351	20792
26352	20792
26353	20793
26354	20795
26355	20796
26356	20796
26357	20797
26358	20797
26359	20798
26360	20798
26361	20799
26362	20799
26363	20800
26364	20800
26365	20801
26366	20803
26367	20804
26368	20804
26369	20805
26370	20807
26371	20808
26372	20808
26373	20809
26374	20811
26375	20812
26376	20812
26377	20812
26378	20812
26379	20812
26380	20812
26381	20813
26382	20813
26383	20814
26384	20814
26385	20815
26386	20817
26387	20818
26388	20818
26389	20819
26390	20821
26391	20822
26392	20822
26393	20823
26394	20824
26395	20825
26396	20824
26397	20824
26398	20825
26399	20827
26400	20828
26401	20828
26402	20829
26403	20831
26404	20832
26405	20832
26406	20833
26407	20835
26408	20836
26409	20836
26410	20836
26411	20836
26412	20836
26413	20836
26414	20837
26415	20837
26416	20838
26417	20838
26418	20839
26419	20841
26420	20842
26421	20842
26422	20843
26423	20845
26424	20846
26425	20846
26426	20847
26427	20848
26428	20849
26429	20849
26430	20850
26431	20850
26432	20851
26433	20853
26434	20854
26435	20854
26436	20855
26437	20857
26438	20858
26439	20858
26440	20859
26441	20860
26442	20861
26443	20861
26444	20862
26445	20862
26446	20863
26447	20865
26448	20866
26449	20866
26450	20867
26451	20869
26452	20870
26453	20870
26454	20871
26455	20871
26456	20872
26457	20872
26458	20873
26459	20873
26460	20874
26461	20874
26462	20874
26463	20874
26464	20875
26465	20877
26466	20878
26467	20878
26468	20879
26469	20881
26470	20882
26471	20882
26472	20883
26473	20885
26474	20886
26475	20886
26476	20886
26477	20886
26478	20887
26479	20889
26480	20890
26481	20890
26482	20891
26483	20893
26484	20894
26485	20894
26486	20895
26487	20897
26488	20898
26489	20898
26490	20898
26491	20898
26492	20899
26493	20901
26494	20902
26495	20902
26496	20903
26497	20905
26498	20906
26499	20906
26500	20907
26501	20909
26502	20910
26503	20910
26504	20910
26505	20909
26506	20909
26507	20909
26508	20909
26509	20909
26510	20909
26511	20910
26512	20910
26513	20911
26514	20911
26515	20912
26516	20914
26517	20915
26518	20915
26519	20916
26520	20918
26521	20919
26522	20919
26523	20920
26524	20922
26525	20923
26526	20923
26527	20923
26528	20923
26529	20924
26530	20926
26531	20927
26532	20927
26533	20928
26534	20930
26535	20931
26536	20931
26537	20932
26538	20934
26539	20935
26540	20935
26541	20935
26542	20935
26543	20936
26544	20938
26545	20939
26546	20939
26547	20940
26548	20942
26549	20943
26550	20943
26551	20944
26552	20946
26553	20947
26554	20947
26555	20947
26556	20947
26557	20947
26558	20947
26559	20948
26560	20948
26561	20949
26562	20949
26563	20950
26564	20952
26565	20953
26566	20953
26567	20954
26568	20956
26569	20957
26570	20957
26571	20958
26572	20959
26573	20960
26574	20960
26575	20961
26576	20961
26577	20962
26578	20964
26579	20965
26580	20965
26581	20966
26582	20968
26583	20969
26584	20969
26585	20970
26586	20971
26587	20972
26588	20972
26589	20973
26590	20973
26591	20974
26592	20976
26593	20977
26594	20977
26595	20978
26596	20979
26597	20980
26598	20980
26599	20981
26600	20981
26601	20982
26602	20984
26603	20985
26604	20985
26605	20986
26606	20988
26607	20989
26608	20989
26609	20990
26610	20991
26611	20992
26612	20991
26613	20991
26614	20992
26615	20994
26616	20995
26617	20995
26618	20996
26619	20998
26620	20999
26621	20999
26622	21000
26623	21002
26624	21003
26625	21003
26626	21003
26627	21003
26628	21004
26629	21006
26630	21007
26631	21007
26632	21008
26633	21010
26634	21011
26635	21011
26636	21012
26637	21014
26638	21015
26639	21015
26640	21015
26641	21015
26642	21016
26643	21018
26644	21019
26645	21019
26646	21020
26647	21022
26648	21023
26649	21023
26650	21024
26651	21026
26652	21027
26653	21027
26654	21027
26655	21026
26656	21026
26657	21027
26658	21029
26659	21030
26660	21030
26661	21031
26662	21033
26663	21034
26664	21034
26665	21035
26666	21037
26667	21038
26668	21038
26669	21038
26670	21038
26671	21039
26672	21041
26673	21042
26674	21042
26675	21043
26676	21045
26677	21046
26678	21046
26679	21047
26680	21049
26681	21050
26682	21050
26683	21050
26684	21050
26685	21051
26686	21053
26687	21054
26688	21054
26689	21055
26690	21057
26691	21058
26692	21058
26693	21059
26694	21061
26695	21062
26696	21062
26697	21062
26698	21062
26699	21062
26700	21062
26701	21063
26702	21063
26703	21064
26704	21064
26705	21065
26706	21067
26707	21068
26708	21068
26709	21069
26710	21071
26711	21072
26712	21072
26713	21073
26714	21074
26715	21075
26716	21075
26717	21076
26718	21076
26719	21077
26720	21079
26721	21080
26722	21080
26723	21081
26724	21083
26725	21084
26726	21084
26727	21085
26728	21086
26729	21087
26730	21087
26731	21088
26732	21088
26733	21089
26734	21091
26735	21092
26736	21092
26737	21093
26738	21095
26739	21096
26740	21096
26741	21097
26742	21097
26743	21098
26744	21098
26745	21099
26746	21099
26747	21100
26748	21100
26749	21101
26750	21103
26751	21104
26752	21104
26753	21105
26754	21107
26755	21108
26756	21108
26757	21109
26758	21111
26759	21112
26760	21112
26761	21112
26762	21112
26763	21113
26764	21115
26765	21116
26766	21116
26767	21117
26768	21119
26769	21120
26770	21120
26771	21121
26772	21123
26773	21124
26774	21124
26775	21124
26776	21124
26777	21124
26778	21123
26779	21123
26780	21124
26781	21126
26782	21127
26783	21127
26784	21128
26785	21130
26786	21131
26787	21131
26788	21132
26789	21134
26790	21135
26791	21135
26792	21135
26793	21135
26794	21136
26795	21138
26796	21139
26797	21139
26798	21140
26799	21142
26800	21143
26801	21143
26802	21144
26803	21146
26804	21147
26805	21147
26806	21147
26807	21147
26808	21148
26809	21150
26810	21151
26811	21151
26812	21152
26813	21154
26814	21155
26815	21155
26816	21156
26817	21158
26818	21159
26819	21159
26820	21159
26821	21159
26822	21159
26823	21159
26824	21160
26825	21160
26826	21161
26827	21161
26828	21162
26829	21164
26830	21165
26831	21165
26832	21166
26833	21168
26834	21169
26835	21169
26836	21170
26837	21171
26838	21172
26839	21171
26840	21171
26841	21172
26842	21174
26843	21175
26844	21175
26845	21176
26846	21178
26847	21179
26848	21179
26849	21180
26850	21182
26851	21183
26852	21183
26853	21183
26854	21183
26855	21184
26856	21186
26857	21187
26858	21187
26859	21188
26860	21190
26861	21191
26862	21191
26863	21192
26864	21194
26865	21195
26866	21195
26867	21195
26868	21195
26869	21196
26870	21198
26871	21199
26872	21199
26873	21200
26874	21202
26875	21203
26876	21203
26877	21204
26878	21206
26879	21207
26880	21207
26881	21207
26882	21206
26883	21206
26884	21206
26885	21206
26886	21207
26887	21209
26888	21210
26889	21210
26890	21211
26891	21213
26892	21214
26893	21214
26894	21215
26895	21217
26896	21218
26897	21218
26898	21218
26899	21218
26900	21219
26901	21221
26902	21222
26903	21222
26904	21223
26905	21225
26906	21226
26907	21226
26908	21227
26909	21229
26910	21230
26911	21230
26912	21230
26913	21230
26914	21231
26915	21233
26916	21234
26917	21234
26918	21235
26919	21237
26920	21238
26921	21238
26922	21239
26923	21241
26924	21242
26925	21242
26926	21242
26927	21241
26928	21241
26929	21242
26930	21244
26931	21245
26932	21245
26933	21246
26934	21248
26935	21249
26936	21249
26937	21250
26938	21252
26939	21253
26940	21253
26941	21253
26942	21253
26943	21254
26944	21256
26945	21257
26946	21257
26947	21258
26948	21260
26949	21261
26950	21261
26951	21262
26952	21264
26953	21265
26954	21265
26955	21265
26956	21265
26957	21266
26958	21268
26959	21269
26960	21269
26961	21270
26962	21272
26963	21273
26964	21273
26965	21274
26966	21276
26967	21277
26968	21277
26969	21277
26970	21277
26971	21277
26972	21277
26973	21277
26974	21277
26975	21278
26976	21278
26977	21279
26978	21281
26979	21282
26980	21282
26981	21283
26982	21285
26983	21286
26984	21286
26985	21287
26986	21288
26987	21289
26988	21288
26989	21288
26990	21289
26991	21291
26992	21292
26993	21292
26994	21293
26995	21295
26996	21296
26997	21296
26998	21297
26999	21299
27000	21300
27001	21300
27002	21300
27003	21300
27004	21301
27005	21303
27006	21304
27007	21304
27008	21305
27009	21307
27010	21308
27011	21308
27012	21309
27013	21311
27014	21312
27015	21312
27016	21312
27017	21312
27018	21313
27019	21315
27020	21316
27021	21316
27022	21317
27023	21319
27024	21320
27025	21320
27026	21321
27027	21323
27028	21324
27029	21324
27030	21324
27031	21323
27032	21323
27033	21324
27034	21326
27035	21327
27036	21327
27037	21328
27038	21330
27039	21331
27040	21331
27041	21332
27042	21334
27043	21335
27044	21335
27045	21335
27046	21335
27047	21335
27048	21335
27049	21336
27050	21335
27051	21337
27052	21338
27053	21338
27054	21339
27055	21341
27056	21342
27057	21342
27058	21343
27059	21345
27060	21346
27061	21346
27062	21346
27063	21346
27064	21347
27065	21349
27066	21350
27067	21350
27068	21351
27069	21353
27070	21354
27071	21354
27072	21355
27073	21357
27074	21358
27075	21358
27076	21358
27077	21358
27078	21359
27079	21361
27080	21362
27081	21362
27082	21363
27083	21365
27084	21366
27085	21366
27086	21367
27087	21369
27088	21370
27089	21370
27090	21370
27091	21370
27092	21370
27093	21370
27094	21371
27095	21370
27096	21372
27097	21373
27098	21373
27099	21374
27100	21376
27101	21377
27102	21377
27103	21378
27104	21380
27105	21381
27106	21381
27107	21381
27108	21381
27109	21382
27110	21384
27111	21385
27112	21385
27113	21386
27114	21388
27115	21389
27116	21389
27117	21390
27118	21392
27119	21393
27120	21393
27121	21393
27122	21393
27123	21393
27124	21393
27125	21394
27126	21393
27127	21395
27128	21396
27129	21396
27130	21397
27131	21399
27132	21400
27133	21400
27134	21401
27135	21403
27136	21404
27137	21404
27138	21404
27139	21404
27140	21405
27141	21407
27142	21408
27143	21408
27144	21409
27145	21411
27146	21412
27147	21412
27148	21413
27149	21415
27150	21416
27151	21416
27152	21416
27153	21416
27154	21416
27155	21416
27156	21416
27157	21416
27158	21417
27159	21417
27160	21418
27161	21420
27162	21421
27163	21421
27164	21422
27165	21424
27166	21425
27167	21425
27168	21426
27169	21427
27170	21428
27171	21428
27172	21429
27173	21429
27174	21430
27175	21432
27176	21433
27177	21433
27178	21434
27179	21436
27180	21437
27181	21437
27182	21438
27183	21439
27184	21440
27185	21439
27186	21439
27187	21440
27188	21442
27189	21443
27190	21443
27191	21444
27192	21446
27193	21447
27194	21447
27195	21448
27196	21450
27197	21451
27198	21451
27199	21451
27200	21451
27201	21452
27202	21454
27203	21455
27204	21455
27205	21456
27206	21458
27207	21459
27208	21459
27209	21460
27210	21462
27211	21463
27212	21463
27213	21463
27214	21463
27215	21464
27216	21466
27217	21467
27218	21467
27219	21468
27220	21469
27221	21470
27222	21470
27223	21471
27224	21471
27225	21472
27226	21474
27227	21475
27228	21475
27229	21476
27230	21478
27231	21479
27232	21479
27233	21480
27234	21481
27235	21482
27236	21481
27237	21481
27238	21481
27239	21481
27240	21482
27241	21482
27242	21483
27243	21483
27244	21484
27245	21486
27246	21487
27247	21487
27248	21488
27249	21490
27250	21491
27251	21491
27252	21492
27253	21494
27254	21495
27255	21495
27256	21495
27257	21495
27258	21496
27259	21498
27260	21499
27261	21499
27262	21500
27263	21502
27264	21503
27265	21503
27266	21504
27267	21506
27268	21507
27269	21507
27270	21507
27271	21507
27272	21508
27273	21510
27274	21511
27275	21511
27276	21512
27277	21514
27278	21515
27279	21515
27280	21516
27281	21518
27282	21519
27283	21519
27284	21519
27285	21519
27286	21519
27287	21519
27288	21520
27289	21520
27290	21521
27291	21521
27292	21522
27293	21524
27294	21525
27295	21525
27296	21526
27297	21528
27298	21529
27299	21529
27300	21530
27301	21531
27302	21532
27303	21531
27304	21531
27305	21532
27306	21533
27307	21534
27308	21534
27309	21535
27310	21535
27311	21535
27312	21535
27313	21536
27314	21538
27315	21539
27316	21539
27317	21540
27318	21542
27319	21543
27320	21543
27321	21544
27322	21546
27323	21547
27324	21547
27325	21547
27326	21547
27327	21548
27328	21550
27329	21551
27330	21551
27331	21552
27332	21554
27333	21555
27334	21555
27335	21556
27336	21558
27337	21559
27338	21559
27339	21559
27340	21559
27341	21560
27342	21562
27343	21563
27344	21563
27345	21564
27346	21566
27347	21567
27348	21567
27349	21568
27350	21570
27351	21571
27352	21571
27353	21571
27354	21570
27355	21570
27356	21571
27357	21573
27358	21574
27359	21574
27360	21575
27361	21577
27362	21578
27363	21578
27364	21579
27365	21581
27366	21582
27367	21582
27368	21582
27369	21582
27370	21583
27371	21585
27372	21586
27373	21586
27374	21587
27375	21589
27376	21590
27377	21590
27378	21591
27379	21593
27380	21594
27381	21594
27382	21594
27383	21594
27384	21595
27385	21597
27386	21598
27387	21598
27388	21599
27389	21601
27390	21602
27391	21602
27392	21603
27393	21605
27394	21606
27395	21606
27396	21606
27397	21606
27398	21606
27399	21606
27400	21607
27401	21607
27402	21608
27403	21608
27404	21609
27405	21611
27406	21612
27407	21612
27408	21613
27409	21615
27410	21616
27411	21616
27412	21617
27413	21618
27414	21619
27415	21619
27416	21620
27417	21620
27418	21621
27419	21623
27420	21624
27421	21624
27422	21625
27423	21627
27424	21628
27425	21628
27426	21629
27427	21630
27428	21631
27429	21631
27430	21632
27431	21632
27432	21633
27433	21635
27434	21636
27435	21636
27436	21637
27437	21639
27438	21640
27439	21640
27440	21641
27441	21641
27442	21642
27443	21642
27444	21643
27445	21643
27446	21644
27447	21644
27448	21645
27449	21647
27450	21648
27451	21648
27452	21649
27453	21651
27454	21652
27455	21652
27456	21653
27457	21655
27458	21656
27459	21656
27460	21656
27461	21656
27462	21657
27463	21659
27464	21660
27465	21660
27466	21661
27467	21663
27468	21664
27469	21664
27470	21665
27471	21667
27472	21668
27473	21668
27474	21668
27475	21668
27476	21669
27477	21671
27478	21672
27479	21672
27480	21673
27481	21675
27482	21676
27483	21676
27484	21677
27485	21679
27486	21680
27487	21680
27488	21680
27489	21680
27490	21680
27491	21680
27492	21680
27493	21680
27494	21681
27495	21681
27496	21682
27497	21684
27498	21685
27499	21685
27500	21686
27501	21688
27502	21689
27503	21689
27504	21690
27505	21691
27506	21692
27507	21692
27508	21693
27509	21693
27510	21694
27511	21696
27512	21697
27513	21697
27514	21698
27515	21700
27516	21701
27517	21701
27518	21702
27519	21703
27520	21704
27521	21703
27522	21703
27523	21704
27524	21706
27525	21707
27526	21707
27527	21708
27528	21710
27529	21711
27530	21711
27531	21712
27532	21714
27533	21715
27534	21715
27535	21715
27536	21715
27537	21716
27538	21718
27539	21719
27540	21719
27541	21720
27542	21722
27543	21723
27544	21723
27545	21724
27546	21726
27547	21727
27548	21727
27549	21727
27550	21727
27551	21727
27552	21727
27553	21728
27554	21728
27555	21729
27556	21729
27557	21730
27558	21732
27559	21733
27560	21733
27561	21734
27562	21736
27563	21737
27564	21737
27565	21738
27566	21739
27567	21740
27568	21740
27569	21741
27570	21741
27571	21742
27572	21744
27573	21745
27574	21745
27575	21746
27576	21748
27577	21749
27578	21749
27579	21750
27580	21751
27581	21752
27582	21752
27583	21753
27584	21753
27585	21754
27586	21756
27587	21757
27588	21757
27589	21758
27590	21760
27591	21761
27592	21761
27593	21762
27594	21762
27595	21763
27596	21763
27597	21764
27598	21764
27599	21765
27600	21765
27601	21766
27602	21768
27603	21769
27604	21769
27605	21770
27606	21772
27607	21773
27608	21773
27609	21774
27610	21776
27611	21777
27612	21777
27613	21777
27614	21777
27615	21778
27616	21780
27617	21781
27618	21781
27619	21782
27620	21784
27621	21785
27622	21785
27623	21786
27624	21788
27625	21789
27626	21789
27627	21789
27628	21789
27629	21790
27630	21792
27631	21793
27632	21793
27633	21794
27634	21796
27635	21797
27636	21797
27637	21798
27638	21800
27639	21801
27640	21801
27641	21801
27642	21801
27643	21801
27644	21801
27645	21802
27646	21802
27647	21803
27648	21803
27649	21804
27650	21806
27651	21807
27652	21807
27653	21808
27654	21809
27655	21810
27656	21809
27657	21809
27658	21810
27659	21812
27660	21813
27661	21813
27662	21814
27663	21816
27664	21817
27665	21817
27666	21818
27667	21820
27668	21821
27669	21821
27670	21821
27671	21821
27672	21822
27673	21824
27674	21825
27675	21825
27676	21826
27677	21828
27678	21829
27679	21829
27680	21830
27681	21832
27682	21833
27683	21833
27684	21833
27685	21833
27686	21834
27687	21836
27688	21837
27689	21837
27690	21838
27691	21840
27692	21841
27693	21841
27694	21842
27695	21844
27696	21845
27697	21845
27698	21845
27699	21844
27700	21844
27701	21845
27702	21847
27703	21848
27704	21848
27705	21849
27706	21851
27707	21852
27708	21852
27709	21853
27710	21855
27711	21856
27712	21856
27713	21856
27714	21856
27715	21857
27716	21859
27717	21860
27718	21860
27719	21861
27720	21863
27721	21864
27722	21864
27723	21865
27724	21867
27725	21868
27726	21868
27727	21868
27728	21868
27729	21868
27730	21868
27731	21869
27732	21868
27733	21870
27734	21871
27735	21871
27736	21872
27737	21874
27738	21875
27739	21875
27740	21876
27741	21878
27742	21879
27743	21879
27744	21879
27745	21879
27746	21880
27747	21882
27748	21883
27749	21883
27750	21884
27751	21886
27752	21887
27753	21887
27754	21888
27755	21890
27756	21891
27757	21891
27758	21891
27759	21891
27760	21892
27761	21894
27762	21895
27763	21895
27764	21896
27765	21898
27766	21899
27767	21899
27768	21900
27769	21902
27770	21903
27771	21903
27772	21903
27773	21903
27774	21903
27775	21903
27776	21904
27777	21904
27778	21905
27779	21905
27780	21906
27781	21908
27782	21909
27783	21909
27784	21910
27785	21912
27786	21913
27787	21913
27788	21914
27789	21915
27790	21916
27791	21916
27792	21917
27793	21917
27794	21918
27795	21920
27796	21921
27797	21921
27798	21922
27799	21924
27800	21925
27801	21925
27802	21926
27803	21927
27804	21928
27805	21928
27806	21929
27807	21929
27808	21930
27809	21932
27810	21933
27811	21933
27812	21934
27813	21936
27814	21937
27815	21937
27816	21938
27817	21938
27818	21939
27819	21939
27820	21940
27821	21940
27822	21941
27823	21941
27824	21942
27825	21944
27826	21945
27827	21945
27828	21946
27829	21948
27830	21949
27831	21949
27832	21950
27833	21952
27834	21953
27835	21953
27836	21953
27837	21953
27838	21954
27839	21956
27840	21957
27841	21957
27842	21958
27843	21960
27844	21961
27845	21961
27846	21962
27847	21964
27848	21965
27849	21965
27850	21965
27851	21965
27852	21966
27853	21968
27854	21969
27855	21969
27856	21970
27857	21972
27858	21973
27859	21973
27860	21974
27861	21976
27862	21977
27863	21977
27864	21977
27865	21977
27866	21977
27867	21977
27868	21978
27869	21978
27870	21979
27871	21979
27872	21980
27873	21982
27874	21983
27875	21983
27876	21984
27877	21986
27878	21987
27879	21987
27880	21988
27881	21989
27882	21990
27883	21989
27884	21989
27885	21989
27886	21989
27887	21990
27888	21990
27889	21991
27890	21991
27891	21992
27892	21994
27893	21995
27894	21995
27895	21996
27896	21998
27897	21999
27898	21999
27899	22000
27900	22002
27901	22003
27902	22003
27903	22003
27904	22003
27905	22004
27906	22006
27907	22007
27908	22007
27909	22008
27910	22010
27911	22011
27912	22011
27913	22012
27914	22014
27915	22015
27916	22015
27917	22015
27918	22015
27919	22016
27920	22018
27921	22019
27922	22019
27923	22020
27924	22022
27925	22023
27926	22023
27927	22024
27928	22026
27929	22027
27930	22027
27931	22027
27932	22027
27933	22027
27934	22027
27935	22028
27936	22027
27937	22029
27938	22030
27939	22030
27940	22031
27941	22033
27942	22034
27943	22034
27944	22035
27945	22037
27946	22038
27947	22038
27948	22038
27949	22038
27950	22039
27951	22041
27952	22042
27953	22042
27954	22043
27955	22045
27956	22046
27957	22046
27958	22047
27959	22049
27960	22050
27961	22050
27962	22050
27963	22050
27964	22051
27965	22053
27966	22054
27967	22054
27968	22055
27969	22057
27970	22058
27971	22058
27972	22059
27973	22061
27974	22062
27975	22062
27976	22062
27977	22062
27978	22062
27979	22062
27980	22063
27981	22063
27982	22064
27983	22064
27984	22065
27985	22067
27986	22068
27987	22068
27988	22069
27989	22071
27990	22072
27991	22072
27992	22073
27993	22074
27994	22075
27995	22075
27996	22076
27997	22076
27998	22077
27999	22079
28000	22080
28001	22080
28002	22081
28003	22083
28004	22084
28005	22084
28006	22085
28007	22086
28008	22087
28009	22087
28010	22088
28011	22088
28012	22089
28013	22091
28014	22092
28015	22092
28016	22093
28017	22095
28018	22096
28019	22096
28020	22097
28021	22097
28022	22098
28023	22098
28024	22099
28025	22099
28026	22100
28027	22100
28028	22101
28029	22103
28030	22104
28031	22104
28032	22105
28033	22107
28034	22108
28035	22108
28036	22109
28037	22111
28038	22112
28039	22112
28040	22112
28041	22112
28042	22113
28043	22115
28044	22116
28045	22116
28046	22117
28047	22119
28048	22120
28049	22120
28050	22121
28051	22123
28052	22124
28053	22124
28054	22124
28055	22124
28056	22125
28057	22127
28058	22128
28059	22128
28060	22129
28061	22131
28062	22132
28063	22132
28064	22133
28065	22135
28066	22136
28067	22136
28068	22136
28069	22136
28070	22136
28071	22136
28072	22136
28073	22136
28074	22137
28075	22137
28076	22138
28077	22140
28078	22141
28079	22141
28080	22142
28081	22144
28082	22145
28083	22145
28084	22146
28085	22147
28086	22148
28087	22148
28088	22149
28089	22149
28090	22150
28091	22152
28092	22153
28093	22153
28094	22154
28095	22156
28096	22157
28097	22157
28098	22158
28099	22159
28100	22160
28101	22159
28102	22159
28103	22160
28104	22162
28105	22163
28106	22163
28107	22164
28108	22166
28109	22167
28110	22167
28111	22168
28112	22170
28113	22171
28114	22171
28115	22171
28116	22171
28117	22172
28118	22174
28119	22175
28120	22175
28121	22176
28122	22178
28123	22179
28124	22179
28125	22180
28126	22182
28127	22183
28128	22183
28129	22183
28130	22183
28131	22184
28132	22186
28133	22187
28134	22187
28135	22188
28136	22190
28137	22191
28138	22191
28139	22192
28140	22194
28141	22195
28142	22195
28143	22195
28144	22194
28145	22194
28146	22195
28147	22197
28148	22198
28149	22198
28150	22199
28151	22201
28152	22202
28153	22202
28154	22203
28155	22205
28156	22206
28157	22206
28158	22206
28159	22206
28160	22207
28161	22209
28162	22210
28163	22210
28164	22211
28165	22213
28166	22214
28167	22214
28168	22215
28169	22217
28170	22218
28171	22218
28172	22218
28173	22218
28174	22219
28175	22221
28176	22222
28177	22222
28178	22223
28179	22225
28180	22226
28181	22226
28182	22227
28183	22229
28184	22230
28185	22230
28186	22230
28187	22230
28188	22230
28189	22230
28190	22230
28191	22229
28192	22229
28193	22229
28194	22229
28195	22230
28196	22232
28197	22233
28198	22233
28199	22234
28200	22235
28201	22236
28202	22236
28203	22237
28204	22239
28205	22240
28206	22240
28207	22240
28208	22240
28209	22240
28210	22240
28211	22241
28212	22241
28213	22242
28214	22242
28215	22243
28216	22245
28217	22246
28218	22246
28219	22247
28220	22249
28221	22250
28222	22250
28223	22251
28224	22251
28225	22252
28226	22252
28227	22253
28228	22253
28229	22254
28230	22254
28231	22255
28232	22257
28233	22258
28234	22258
28235	22259
28236	22261
28237	22262
28238	22262
28239	22263
28240	22265
28241	22266
28242	22266
28243	22266
28244	22266
28245	22267
28246	22269
28247	22270
28248	22270
28249	22271
28250	22273
28251	22274
28252	22274
28253	22275
28254	22277
28255	22278
28256	22278
28257	22278
28258	22278
28259	22279
28260	22281
28261	22282
28262	22282
28263	22283
28264	22285
28265	22286
28266	22286
28267	22287
28268	22289
28269	22290
28270	22290
28271	22290
28272	22290
28273	22290
28274	22290
28275	22291
28276	22291
28277	22292
28278	22292
28279	22293
28280	22295
28281	22296
28282	22296
28283	22297
28284	22299
28285	22300
28286	22300
28287	22301
28288	22302
28289	22303
28290	22302
28291	22302
28292	22303
28293	22305
28294	22306
28295	22306
28296	22307
28297	22308
28298	22309
28299	22309
28300	22310
28301	22310
28302	22311
28303	22313
28304	22314
28305	22314
28306	22315
28307	22317
28308	22318
28309	22318
28310	22319
28311	22320
28312	22321
28313	22320
28314	22320
28315	22321
28316	22323
28317	22324
28318	22324
28319	22325
28320	22327
28321	22328
28322	22328
28323	22329
28324	22331
28325	22332
28326	22332
28327	22332
28328	22332
28329	22333
28330	22335
28331	22336
28332	22336
28333	22337
28334	22339
28335	22340
28336	22340
28337	22341
28338	22343
28339	22344
28340	22344
28341	22344
28342	22344
28343	22345
28344	22347
28345	22348
28346	22348
28347	22349
28348	22351
28349	22352
28350	22352
28351	22353
28352	22355
28353	22356
28354	22356
28355	22356
28356	22355
28357	22355
28358	22356
28359	22358
28360	22359
28361	22359
28362	22360
28363	22362
28364	22363
28365	22363
28366	22364
28367	22366
28368	22367
28369	22367
28370	22367
28371	22367
28372	22368
28373	22370
28374	22371
28375	22371
28376	22372
28377	22374
28378	22375
28379	22375
28380	22376
28381	22378
28382	22379
28383	22379
28384	22379
28385	22379
28386	22380
28387	22382
28388	22383
28389	22383
28390	22384
28391	22386
28392	22387
28393	22387
28394	22388
28395	22390
28396	22391
28397	22391
28398	22391
28399	22391
28400	22391
28401	22391
28402	22392
28403	22391
28404	22393
28405	22394
28406	22394
28407	22395
28408	22397
28409	22398
28410	22398
28411	22399
28412	22401
28413	22402
28414	22402
28415	22402
28416	22402
28417	22403
28418	22405
28419	22406
28420	22406
28421	22407
28422	22409
28423	22410
28424	22410
28425	22411
28426	22413
28427	22414
28428	22414
28429	22414
28430	22414
28431	22415
28432	22417
28433	22418
28434	22418
28435	22419
28436	22421
28437	22422
28438	22422
28439	22423
28440	22425
28441	22426
28442	22426
28443	22426
28444	22426
28445	22426
28446	22426
28447	22427
28448	22426
28449	22428
28450	22429
28451	22429
28452	22430
28453	22432
28454	22433
28455	22433
28456	22434
28457	22436
28458	22437
28459	22437
28460	22437
28461	22437
28462	22438
28463	22440
28464	22441
28465	22441
28466	22442
28467	22444
28468	22445
28469	22445
28470	22446
28471	22448
28472	22449
28473	22449
28474	22449
28475	22449
28476	22450
28477	22452
28478	22453
28479	22453
28480	22454
28481	22456
28482	22457
28483	22457
28484	22458
28485	22460
28486	22461
28487	22461
28488	22461
28489	22461
28490	22461
28491	22460
28492	22460
28493	22461
28494	22463
28495	22464
28496	22464
28497	22465
28498	22467
28499	22468
28500	22468
28501	22469
28502	22471
28503	22472
28504	22472
28505	22472
28506	22472
28507	22473
28508	22475
28509	22476
28510	22476
28511	22477
28512	22479
28513	22480
28514	22480
28515	22481
28516	22483
28517	22484
28518	22484
28519	22484
28520	22484
28521	22485
28522	22487
28523	22488
28524	22488
28525	22489
28526	22491
28527	22492
28528	22492
28529	22493
28530	22495
28531	22496
28532	22496
28533	22496
28534	22496
28535	22496
28536	22496
28537	22497
28538	22497
28539	22498
28540	22498
28541	22499
28542	22501
28543	22502
28544	22502
28545	22503
28546	22505
28547	22506
28548	22506
28549	22507
28550	22508
28551	22509
28552	22509
28553	22510
28554	22510
28555	22511
28556	22513
28557	22514
28558	22514
28559	22515
28560	22517
28561	22518
28562	22518
28563	22519
28564	22520
28565	22521
28566	22521
28567	22522
28568	22522
28569	22523
28570	22525
28571	22526
28572	22526
28573	22527
28574	22529
28575	22530
28576	22530
28577	22531
28578	22531
28579	22532
28580	22532
28581	22533
28582	22533
28583	22534
28584	22534
28585	22535
28586	22537
28587	22538
28588	22538
28589	22539
28590	22541
28591	22542
28592	22542
28593	22543
28594	22545
28595	22546
28596	22546
28597	22546
28598	22546
28599	22547
28600	22548
28601	22549
28602	22549
28603	22550
28604	22550
28605	22551
28606	22553
28607	22554
28608	22554
28609	22555
28610	22557
28611	22558
28612	22558
28613	22559
28614	22561
28615	22562
28616	22562
28617	22562
28618	22562
28619	22563
28620	22565
28621	22566
28622	22566
28623	22567
28624	22569
28625	22570
28626	22570
28627	22571
28628	22573
28629	22574
28630	22574
28631	22574
28632	22574
28633	22575
28634	22577
28635	22578
28636	22578
28637	22579
28638	22581
28639	22582
28640	22582
28641	22583
28642	22585
28643	22586
28644	22586
28645	22586
28646	22586
28647	22586
28648	22586
28649	22586
28650	22585
28651	22585
28652	22586
28653	22588
28654	22589
28655	22589
28656	22590
28657	22592
28658	22593
28659	22593
28660	22594
28661	22596
28662	22597
28663	22597
28664	22597
28665	22597
28666	22598
28667	22600
28668	22601
28669	22601
28670	22602
28671	22604
28672	22605
28673	22605
28674	22606
28675	22608
28676	22609
28677	22609
28678	22609
28679	22609
28680	22610
28681	22612
28682	22613
28683	22613
28684	22614
28685	22616
28686	22617
28687	22617
28688	22618
28689	22620
28690	22621
28691	22621
28692	22621
28693	22621
28694	22621
28695	22621
28696	22621
28697	22621
28698	22622
28699	22622
28700	22623
28701	22625
28702	22626
28703	22626
28704	22627
28705	22629
28706	22630
28707	22630
28708	22631
28709	22632
28710	22633
28711	22633
28712	22634
28713	22634
28714	22635
28715	22636
28716	22637
28717	22637
28718	22638
28719	22638
28720	22639
28721	22641
28722	22642
28723	22642
28724	22643
28725	22645
28726	22646
28727	22646
28728	22647
28729	22648
28730	22649
28731	22648
28732	22647
28733	22648
28734	22647
28735	22647
28736	22648
28737	22647
28738	22649
28739	22650
28740	22650
28741	22651
28742	22653
28743	22654
28744	22654
28745	22655
28746	22657
28747	22658
28748	22658
28749	22658
28750	22658
28751	22659
28752	22661
28753	22662
28754	22662
28755	22663
28756	22665
28757	22666
28758	22666
28759	22667
28760	22669
28761	22670
28762	22670
28763	22670
28764	22670
28765	22670
28766	22670
28767	22671
28768	22671
28769	22672
28770	22672
28771	22673
28772	22675
28773	22676
28774	22676
28775	22677
28776	22679
28777	22680
28778	22680
28779	22681
28780	22682
28781	22683
28782	22683
28783	22684
28784	22684
28785	22685
28786	22687
28787	22688
28788	22688
28789	22689
28790	22691
28791	22692
28792	22692
28793	22693
28794	22694
28795	22695
28796	22695
28797	22696
28798	22696
28799	22697
28800	22699
28801	22700
28802	22700
28803	22701
28804	22703
28805	22704
28806	22704
28807	22705
28808	22705
28809	22706
28810	22706
28811	22707
28812	22707
28813	22708
28814	22708
28815	22709
28816	22711
28817	22712
28818	22712
28819	22713
28820	22715
28821	22716
28822	22716
28823	22717
28824	22719
28825	22720
28826	22720
28827	22720
28828	22720
28829	22721
28830	22723
28831	22724
28832	22724
28833	22725
28834	22727
28835	22728
28836	22728
28837	22729
28838	22731
28839	22732
28840	22732
28841	22732
28842	22732
28843	22733
28844	22735
28845	22736
28846	22736
28847	22737
28848	22739
28849	22740
28850	22740
28851	22741
28852	22743
28853	22744
28854	22744
28855	22744
28856	22744
28857	22744
28858	22744
28859	22744
28860	22744
28861	22745
28862	22745
28863	22746
28864	22748
28865	22749
28866	22749
28867	22750
28868	22752
28869	22753
28870	22753
28871	22754
28872	22755
28873	22756
28874	22756
28875	22757
28876	22757
28877	22758
28878	22760
28879	22761
28880	22761
28881	22762
28882	22764
28883	22765
28884	22765
28885	22766
28886	22767
28887	22768
28888	22767
28889	22767
28890	22768
28891	22770
28892	22771
28893	22771
28894	22772
28895	22774
28896	22775
28897	22775
28898	22776
28899	22778
28900	22779
28901	22779
28902	22779
28903	22779
28904	22780
28905	22782
28906	22783
28907	22783
28908	22784
28909	22786
28910	22787
28911	22787
28912	22788
28913	22790
28914	22791
28915	22791
28916	22791
28917	22791
28918	22792
28919	22794
28920	22795
28921	22795
28922	22796
28923	22798
28924	22799
28925	22799
28926	22800
28927	22802
28928	22803
28929	22803
28930	22803
28931	22802
28932	22802
28933	22803
28934	22805
28935	22806
28936	22806
28937	22807
28938	22809
28939	22810
28940	22810
28941	22811
28942	22813
28943	22814
28944	22814
28945	22814
28946	22814
28947	22815
28948	22817
28949	22818
28950	22818
28951	22819
28952	22821
28953	22822
28954	22822
28955	22823
28956	22825
28957	22826
28958	22826
28959	22826
28960	22826
28961	22826
28962	22826
28963	22827
28964	22827
28965	22828
28966	22828
28967	22829
28968	22831
28969	22832
28970	22832
28971	22833
28972	22835
28973	22836
28974	22836
28975	22837
28976	22838
28977	22839
28978	22839
28979	22840
28980	22840
28981	22841
28982	22843
28983	22844
28984	22844
28985	22845
28986	22847
28987	22848
28988	22848
28989	22849
28990	22850
28991	22851
28992	22851
28993	22852
28994	22852
28995	22853
28996	22855
28997	22856
28998	22856
28999	22857
29000	22859
29001	22860
29002	22860
29003	22861
29004	22861
29005	22862
29006	22862
29007	22863
29008	22863
29009	22864
29010	22864
29011	22864
29012	22864
29013	22865
29014	22867
29015	22868
29016	22868
29017	22869
29018	22871
29019	22872
29020	22872
29021	22873
29022	22875
29023	22876
29024	22876
29025	22876
29026	22876
29027	22876
29028	22876
29029	22877
29030	22876
29031	22878
29032	22879
29033	22879
29034	22880
29035	22882
29036	22883
29037	22883
29038	22884
29039	22886
29040	22887
29041	22887
29042	22887
29043	22887
29044	22888
29045	22890
29046	22891
29047	22891
29048	22892
29049	22894
29050	22895
29051	22895
29052	22896
29053	22898
29054	22899
29055	22899
29056	22899
29057	22899
29058	22899
29059	22899
29060	22900
29061	22900
29062	22901
29063	22901
29064	22902
29065	22904
29066	22905
29067	22905
29068	22906
29069	22908
29070	22909
29071	22909
29072	22910
29073	22911
29074	22912
29075	22912
29076	22913
29077	22913
29078	22914
29079	22916
29080	22917
29081	22917
29082	22918
29083	22920
29084	22921
29085	22921
29086	22922
29087	22923
29088	22924
29089	22924
29090	22925
29091	22925
29092	22926
29093	22928
29094	22929
29095	22929
29096	22930
29097	22932
29098	22933
29099	22933
29100	22934
29101	22934
29102	22935
29103	22935
29104	22936
29105	22936
29106	22937
29107	22937
29108	22938
29109	22940
29110	22941
29111	22941
29112	22942
29113	22944
29114	22945
29115	22945
29116	22946
29117	22948
29118	22949
29119	22949
29120	22949
29121	22949
29122	22950
29123	22952
29124	22953
29125	22953
29126	22954
29127	22956
29128	22957
29129	22957
29130	22958
29131	22960
29132	22961
29133	22961
29134	22961
29135	22961
29136	22962
29137	22964
29138	22965
29139	22965
29140	22966
29141	22968
29142	22969
29143	22969
29144	22970
29145	22972
29146	22973
29147	22973
29148	22973
29149	22973
29150	22973
29151	22973
29152	22974
29153	22973
29154	22975
29155	22976
29156	22976
29157	22977
29158	22979
29159	22980
29160	22980
29161	22981
29162	22983
29163	22984
29164	22984
29165	22984
29166	22984
29167	22985
29168	22987
29169	22988
29170	22988
29171	22989
29172	22991
29173	22992
29174	22992
29175	22993
29176	22995
29177	22996
29178	22996
29179	22996
29180	22996
29181	22996
29182	22996
29183	22996
29184	22996
29185	22997
29186	22997
29187	22998
29188	23000
29189	23001
29190	23001
29191	23002
29192	23004
29193	23005
29194	23005
29195	23006
29196	23007
29197	23008
29198	23007
29199	23007
29200	23007
29201	23007
29202	23008
29203	23008
29204	23009
29205	23009
29206	23010
29207	23012
29208	23013
29209	23013
29210	23014
29211	23016
29212	23017
29213	23017
29214	23018
29215	23020
29216	23021
29217	23021
29218	23021
29219	23021
29220	23022
29221	23024
29222	23025
29223	23025
29224	23026
29225	23028
29226	23029
29227	23029
29228	23030
29229	23032
29230	23033
29231	23033
29232	23033
29233	23033
29234	23034
29235	23035
29236	23036
29237	23036
29238	23037
29239	23037
29240	23038
29241	23040
29242	23041
29243	23041
29244	23042
29245	23044
29246	23045
29247	23045
29248	23046
29249	23048
29250	23049
29251	23049
29252	23049
29253	23049
29254	23050
29255	23052
29256	23053
29257	23053
29258	23054
29259	23055
29260	23056
29261	23056
29262	23057
29263	23057
29264	23058
29265	23060
29266	23061
29267	23061
29268	23062
29269	23064
29270	23065
29271	23065
29272	23066
29273	23067
29274	23068
29275	23067
29276	23067
29277	23068
29278	23070
29279	23071
29280	23071
29281	23072
29282	23074
29283	23075
29284	23075
29285	23076
29286	23078
29287	23079
29288	23079
29289	23079
29290	23079
29291	23080
29292	23082
29293	23083
29294	23083
29295	23084
29296	23086
29297	23087
29298	23087
29299	23088
29300	23090
29301	23091
29302	23091
29303	23091
29304	23091
29305	23091
29306	23091
29307	23092
29308	23091
29309	23093
29310	23094
29311	23094
29312	23095
29313	23097
29314	23098
29315	23098
29316	23099
29317	23101
29318	23102
29319	23102
29320	23102
29321	23102
29322	23103
29323	23105
29324	23106
29325	23106
29326	23107
29327	23109
29328	23110
29329	23110
29330	23111
29331	23113
29332	23114
29333	23114
29334	23114
29335	23114
29336	23114
29337	23114
29338	23115
29339	23115
29340	23116
29341	23116
29342	23117
29343	23119
29344	23120
29345	23120
29346	23121
29347	23123
29348	23124
29349	23124
29350	23125
29351	23126
29352	23127
29353	23127
29354	23128
29355	23128
29356	23129
29357	23131
29358	23132
29359	23132
29360	23133
29361	23135
29362	23136
29363	23136
29364	23137
29365	23138
29366	23139
29367	23139
29368	23140
29369	23140
29370	23141
29371	23143
29372	23144
29373	23144
29374	23145
29375	23147
29376	23148
29377	23148
29378	23149
29379	23149
29380	23150
29381	23149
29382	23149
29383	23149
29384	23149
29385	23150
29386	23150
29387	23151
29388	23153
29389	23154
29390	23154
29391	23155
29392	23157
29393	23158
29394	23158
29395	23159
29396	23160
29397	23161
29398	23161
29399	23162
29400	23162
29401	23163
29402	23165
29403	23166
29404	23166
29405	23167
29406	23169
29407	23170
29408	23170
29409	23171
29410	23172
29411	23173
29412	23172
29413	23172
29414	23173
29415	23175
29416	23176
29417	23176
29418	23177
29419	23179
29420	23180
29421	23180
29422	23181
29423	23183
29424	23184
29425	23184
29426	23184
29427	23184
29428	23185
29429	23187
29430	23188
29431	23188
29432	23189
29433	23191
29434	23192
29435	23192
29436	23193
29437	23195
29438	23196
29439	23196
29440	23196
29441	23196
29442	23197
29443	23199
29444	23200
29445	23200
29446	23201
29447	23203
29448	23204
29449	23204
29450	23205
29451	23207
29452	23208
29453	23208
29454	23208
29455	23207
29456	23207
29457	23208
29458	23210
29459	23211
29460	23211
29461	23212
29462	23214
29463	23215
29464	23215
29465	23216
29466	23218
29467	23219
29468	23219
29469	23219
29470	23219
29471	23220
29472	23222
29473	23223
29474	23223
29475	23224
29476	23226
29477	23227
29478	23227
29479	23228
29480	23230
29481	23231
29482	23231
29483	23231
29484	23231
29485	23232
29486	23234
29487	23235
29488	23235
29489	23236
29490	23238
29491	23239
29492	23239
29493	23240
29494	23242
29495	23243
29496	23243
29497	23243
29498	23243
29499	23243
29500	23243
29501	23244
29502	23243
29503	23245
29504	23246
29505	23246
29506	23247
29507	23249
29508	23250
29509	23250
29510	23251
29511	23253
29512	23254
29513	23254
29514	23254
29515	23254
29516	23255
29517	23257
29518	23258
29519	23258
29520	23259
29521	23261
29522	23262
29523	23262
29524	23263
29525	23265
29526	23266
29527	23266
29528	23266
29529	23266
29530	23267
29531	23269
29532	23270
29533	23270
29534	23271
29535	23273
29536	23274
29537	23274
29538	23275
29539	23277
29540	23278
29541	23278
29542	23278
29543	23278
29544	23278
29545	23278
29546	23279
29547	23279
29548	23280
29549	23280
29550	23281
29551	23283
29552	23284
29553	23284
29554	23285
29555	23287
29556	23288
29557	23288
29558	23289
29559	23290
29560	23291
29561	23290
29562	23290
29563	23291
29564	23293
29565	23294
29566	23294
29567	23295
29568	23297
29569	23298
29570	23298
29571	23299
29572	23301
29573	23302
29574	23302
29575	23302
29576	23302
29577	23302
29578	23302
29579	23303
29580	23303
29581	23304
29582	23304
29583	23305
29584	23307
29585	23308
29586	23308
29587	23309
29588	23311
29589	23312
29590	23312
29591	23313
29592	23314
29593	23315
29594	23314
29595	23314
29596	23315
29597	23317
29598	23318
29599	23318
29600	23319
29601	23321
29602	23322
29603	23322
29604	23323
29605	23325
29606	23326
29607	23326
29608	23326
29609	23326
29610	23327
29611	23328
29612	23329
29613	23329
29614	23330
29615	23330
29616	23331
29617	23333
29618	23334
29619	23334
29620	23335
29621	23337
29622	23338
29623	23338
29624	23339
29625	23341
29626	23342
29627	23342
29628	23342
29629	23342
29630	23342
29631	23342
29632	23342
29633	23341
29634	23341
29635	23342
29636	23344
29637	23345
29638	23345
29639	23346
29640	23348
29641	23349
29642	23349
29643	23350
29644	23352
29645	23353
29646	23353
29647	23353
29648	23353
29649	23354
29650	23356
29651	23357
29652	23357
29653	23358
29654	23360
29655	23361
29656	23361
29657	23362
29658	23364
29659	23365
29660	23365
29661	23365
29662	23365
29663	23365
29664	23365
29665	23365
29666	23365
29667	23366
29668	23366
29669	23367
29670	23369
29671	23370
29672	23370
29673	23371
29674	23373
29675	23374
29676	23374
29677	23375
29678	23376
29679	23377
29680	23377
29681	23378
29682	23378
29683	23379
29684	23381
29685	23382
29686	23382
29687	23383
29688	23385
29689	23386
29690	23386
29691	23387
29692	23388
29693	23389
29694	23388
29695	23388
29696	23389
29697	23391
29698	23392
29699	23392
29700	23393
29701	23395
29702	23396
29703	23396
29704	23397
29705	23399
29706	23400
29707	23400
29708	23400
29709	23400
29710	23401
29711	23403
29712	23404
29713	23404
29714	23405
29715	23407
29716	23408
29717	23408
29718	23409
29719	23411
29720	23412
29721	23412
29722	23412
29723	23412
29724	23413
29725	23415
29726	23416
29727	23416
29728	23417
29729	23419
29730	23420
29731	23420
29732	23421
29733	23423
29734	23424
29735	23424
29736	23424
29737	23423
29738	23423
29739	23424
29740	23426
29741	23427
29742	23427
29743	23428
29744	23430
29745	23431
29746	23431
29747	23432
29748	23434
29749	23435
29750	23435
29751	23435
29752	23435
29753	23435
29754	23435
29755	23436
29756	23435
29757	23437
29758	23438
29759	23438
29760	23439
29761	23441
29762	23442
29763	23442
29764	23443
29765	23445
29766	23446
29767	23446
29768	23446
29769	23446
29770	23447
29771	23449
29772	23450
29773	23450
29774	23451
29775	23453
29776	23454
29777	23454
29778	23455
29779	23457
29780	23458
29781	23458
29782	23458
29783	23458
29784	23458
29785	23458
29786	23459
29787	23459
29788	23460
29789	23460
29790	23461
29791	23462
29792	23463
29793	23463
29794	23464
29795	23464
29796	23465
29797	23467
29798	23468
29799	23468
29800	23469
29801	23471
29802	23472
29803	23472
29804	23473
29805	23474
29806	23475
29807	23474
29808	23474
29809	23475
29810	23477
29811	23478
29812	23478
29813	23479
29814	23481
29815	23482
29816	23482
29817	23483
29818	23485
29819	23486
29820	23486
29821	23486
29822	23486
29823	23487
29824	23489
29825	23490
29826	23490
29827	23491
29828	23493
29829	23494
29830	23494
29831	23495
29832	23497
29833	23498
29834	23498
29835	23498
29836	23498
29837	23499
29838	23501
29839	23502
29840	23502
29841	23503
29842	23505
29843	23506
29844	23506
29845	23507
29846	23509
29847	23510
29848	23510
29849	23510
29850	23509
29851	23509
29852	23510
29853	23512
29854	23513
29855	23513
29856	23514
29857	23516
29858	23517
29859	23517
29860	23518
29861	23520
29862	23521
29863	23521
29864	23521
29865	23521
29866	23521
29867	23521
29868	23522
29869	23522
29870	23523
29871	23523
29872	23524
29873	23526
29874	23527
29875	23527
29876	23528
29877	23530
29878	23531
29879	23531
29880	23532
29881	23533
29882	23534
29883	23533
29884	23533
29885	23533
29886	23533
29887	23534
29888	23534
29889	23535
29890	23535
29891	23535
29892	23535
29893	23536
29894	23538
29895	23539
29896	23539
29897	23540
29898	23542
29899	23543
29900	23543
29901	23544
29902	23546
29903	23547
29904	23547
29905	23547
29906	23547
29907	23547
29908	23547
29909	23548
29910	23548
29911	23549
29912	23549
29913	23550
29914	23552
29915	23553
29916	23553
29917	23554
29918	23556
29919	23557
29920	23557
29921	23558
29922	23559
29923	23560
29924	23559
29925	23559
29926	23560
29927	23562
29928	23563
29929	23563
29930	23564
29931	23566
29932	23567
29933	23567
29934	23568
29935	23570
29936	23571
29937	23571
29938	23571
29939	23571
29940	23572
29941	23574
29942	23575
29943	23575
29944	23576
29945	23578
29946	23579
29947	23579
29948	23580
29949	23582
29950	23583
29951	23583
29952	23583
29953	23583
29954	23584
29955	23586
29956	23587
29957	23587
29958	23588
29959	23590
29960	23591
29961	23591
29962	23592
29963	23594
29964	23595
29965	23595
29966	23595
29967	23594
29968	23594
29969	23595
29970	23597
29971	23598
29972	23598
29973	23599
29974	23601
29975	23602
29976	23602
29977	23603
29978	23605
29979	23606
29980	23606
29981	23606
29982	23606
29983	23606
29984	23606
29985	23606
29986	23606
29987	23607
29988	23607
29989	23608
29990	23610
29991	23611
29992	23611
29993	23612
29994	23614
29995	23615
29996	23615
29997	23616
29998	23617
29999	23618
30000	23618
30001	23619
30002	23619
30003	23620
30004	23622
30005	23623
30006	23623
30007	23624
30008	23626
30009	23627
30010	23627
30011	23628
30012	23629
30013	23630
30014	23629
30015	23629
30016	23630
30017	23632
30018	23633
30019	23633
30020	23634
30021	23636
30022	23637
30023	23637
30024	23638
30025	23640
30026	23641
30027	23641
30028	23641
30029	23641
30030	23642
30031	23644
30032	23645
30033	23645
30034	23646
30035	23648
30036	23649
30037	23649
30038	23650
30039	23652
30040	23653
30041	23653
30042	23653
30043	23653
30044	23654
30045	23656
30046	23657
30047	23657
30048	23658
30049	23660
30050	23661
30051	23661
30052	23662
30053	23664
30054	23665
30055	23665
30056	23665
30057	23664
30058	23664
30059	23665
30060	23667
30061	23668
30062	23668
30063	23669
30064	23671
30065	23672
30066	23672
30067	23673
30068	23675
30069	23676
30070	23676
30071	23676
30072	23676
30073	23677
30074	23679
30075	23680
30076	23680
30077	23681
30078	23683
30079	23684
30080	23684
30081	23685
30082	23687
30083	23688
30084	23688
30085	23688
30086	23688
30087	23689
30088	23691
30089	23692
30090	23692
30091	23693
30092	23695
30093	23696
30094	23696
30095	23697
30096	23699
30097	23700
30098	23700
30099	23700
30100	23700
30101	23700
30102	23700
30103	23701
30104	23701
30105	23702
30106	23702
30107	23703
30108	23705
30109	23706
30110	23706
30111	23707
30112	23709
30113	23710
30114	23710
30115	23711
30116	23712
30117	23713
30118	23713
30119	23714
30120	23714
30121	23715
30122	23717
30123	23718
30124	23718
30125	23719
30126	23721
30127	23722
30128	23722
30129	23723
30130	23724
30131	23725
30132	23725
30133	23726
30134	23726
30135	23727
30136	23729
30137	23730
30138	23730
30139	23731
30140	23733
30141	23734
30142	23734
30143	23735
30144	23735
30145	23736
30146	23736
30147	23737
30148	23737
30149	23738
30150	23738
30151	23739
30152	23741
30153	23742
30154	23742
30155	23743
30156	23745
30157	23746
30158	23746
30159	23747
30160	23749
30161	23750
30162	23750
30163	23750
30164	23750
30165	23751
30166	23753
30167	23754
30168	23754
30169	23755
30170	23757
30171	23758
30172	23758
30173	23759
30174	23761
30175	23762
30176	23762
30177	23762
30178	23762
30179	23763
30180	23765
30181	23766
30182	23766
30183	23767
30184	23769
30185	23770
30186	23770
30187	23771
30188	23773
30189	23774
30190	23774
30191	23774
30192	23774
30193	23774
30194	23774
30195	23775
30196	23775
30197	23776
30198	23776
30199	23777
30200	23779
30201	23780
30202	23780
30203	23781
30204	23783
30205	23784
30206	23784
30207	23785
30208	23786
30209	23787
30210	23787
30211	23788
30212	23788
30213	23789
30214	23791
30215	23792
30216	23792
30217	23793
30218	23795
30219	23796
30220	23796
30221	23797
30222	23798
30223	23799
30224	23799
30225	23800
30226	23800
30227	23801
30228	23803
30229	23804
30230	23804
30231	23805
30232	23807
30233	23808
30234	23808
30235	23809
30236	23809
30237	23810
30238	23810
30239	23811
30240	23811
30241	23812
30242	23812
30243	23812
30244	23812
30245	23812
30246	23811
30247	23813
30248	23814
30249	23814
30250	23815
30251	23815
30252	23816
30253	23818
30254	23819
30255	23819
30256	23820
30257	23822
30258	23823
30259	23823
30260	23824
30261	23826
30262	23827
30263	23827
30264	23827
30265	23827
30266	23828
30267	23830
30268	23831
30269	23831
30270	23832
30271	23834
30272	23835
30273	23835
30274	23836
30275	23838
30276	23839
30277	23839
30278	23839
30279	23839
30280	23840
30281	23842
30282	23843
30283	23843
30284	23844
30285	23846
30286	23847
30287	23847
30288	23848
30289	23850
30290	23851
30291	23851
30292	23851
30293	23851
30294	23851
30295	23851
30296	23852
30297	23851
30298	23853
30299	23854
30300	23854
30301	23855
30302	23857
30303	23858
30304	23858
30305	23859
30306	23861
30307	23862
30308	23862
30309	23862
30310	23862
30311	23862
30312	23862
30313	23863
30314	23862
30315	23864
30316	23865
30317	23865
30318	23866
30319	23868
30320	23869
30321	23869
30322	23870
30323	23872
30324	23873
30325	23873
30326	23873
30327	23873
30328	23873
30329	23873
30330	23873
30331	23873
30332	23874
30333	23874
30334	23875
30335	23877
30336	23878
30337	23878
30338	23879
30339	23881
30340	23882
30341	23882
30342	23883
30343	23884
30344	23885
30345	23884
30346	23884
30347	23884
30348	23884
30349	23885
30350	23885
30351	23886
30352	23886
30353	23886
30354	23886
30355	23886
30356	23886
30357	23887
30358	23887
30359	23888
30360	23888
30361	23889
30362	23891
30363	23892
30364	23892
30365	23893
30366	23895
30367	23896
30368	23896
30369	23897
30370	23899
30371	23900
30372	23900
30373	23900
30374	23900
30375	23900
30376	23900
30377	23901
30378	23900
30379	23902
30380	23903
30381	23903
30382	23904
30383	23906
30384	23907
30385	23907
30386	23908
30387	23910
30388	23911
30389	23911
30390	23911
30391	23911
30392	23912
30393	23914
30394	23915
30395	23915
30396	23916
30397	23918
30398	23919
30399	23919
30400	23920
30401	23922
30402	23923
30403	23923
30404	23923
30405	23923
30406	23924
30407	23926
30408	23927
30409	23927
30410	23928
30411	23930
30412	23931
30413	23931
30414	23932
30415	23934
30416	23935
30417	23935
30418	23935
30419	23935
30420	23935
30421	23935
30422	23936
30423	23936
30424	23937
30425	23937
30426	23938
30427	23940
30428	23941
30429	23941
30430	23942
30431	23944
30432	23945
30433	23945
30434	23946
30435	23947
30436	23948
30437	23948
30438	23949
30439	23949
30440	23950
30441	23952
30442	23953
30443	23953
30444	23954
30445	23956
30446	23957
30447	23957
30448	23958
30449	23959
30450	23960
30451	23960
30452	23961
30453	23961
30454	23962
30455	23964
30456	23965
30457	23965
30458	23966
30459	23968
30460	23969
30461	23969
30462	23970
30463	23970
30464	23971
30465	23971
30466	23972
30467	23972
30468	23973
30469	23973
30470	23973
30471	23973
30472	23974
30473	23976
30474	23977
30475	23977
30476	23978
30477	23980
30478	23981
30479	23981
30480	23982
30481	23984
30482	23985
30483	23985
30484	23985
30485	23985
30486	23986
30487	23988
30488	23989
30489	23989
30490	23990
30491	23992
30492	23993
30493	23993
30494	23994
30495	23996
30496	23997
30497	23997
30498	23997
30499	23997
30500	23998
30501	24000
30502	24001
30503	24001
30504	24002
30505	24004
30506	24005
30507	24005
30508	24006
30509	24008
30510	24009
30511	24009
30512	24009
30513	24008
30514	24008
30515	24008
30516	24008
30517	24009
30518	24011
30519	24012
30520	24012
30521	24013
30522	24015
30523	24016
30524	24016
30525	24017
30526	24019
30527	24020
30528	24020
30529	24020
30530	24020
30531	24021
30532	24023
30533	24024
30534	24024
30535	24025
30536	24027
30537	24028
30538	24028
30539	24029
30540	24031
30541	24032
30542	24032
30543	24032
30544	24032
30545	24033
30546	24035
30547	24036
30548	24036
30549	24037
30550	24039
30551	24040
30552	24040
30553	24041
30554	24043
30555	24044
30556	24044
30557	24044
30558	24043
30559	24043
30560	24044
30561	24046
30562	24047
30563	24047
30564	24048
30565	24050
30566	24051
30567	24051
30568	24052
30569	24054
30570	24055
30571	24055
30572	24055
30573	24055
30574	24055
30575	24054
30576	24054
30577	24055
30578	24057
30579	24058
30580	24058
30581	24059
30582	24061
30583	24062
30584	24062
30585	24063
30586	24065
30587	24066
30588	24066
30589	24066
30590	24066
30591	24067
30592	24069
30593	24070
30594	24070
30595	24071
30596	24073
30597	24074
30598	24074
30599	24075
30600	24077
30601	24078
30602	24078
30603	24078
30604	24078
30605	24079
30606	24081
30607	24082
30608	24082
30609	24083
30610	24085
30611	24086
30612	24086
30613	24087
30614	24089
30615	24090
30616	24090
30617	24090
30618	24090
30619	24090
30620	24090
30621	24091
30622	24091
30623	24092
30624	24092
30625	24093
30626	24095
30627	24096
30628	24096
30629	24097
30630	24099
30631	24100
30632	24100
30633	24101
30634	24102
30635	24103
30636	24103
30637	24104
30638	24104
30639	24105
30640	24107
30641	24108
30642	24108
30643	24109
30644	24111
30645	24112
30646	24112
30647	24113
30648	24114
30649	24115
30650	24115
30651	24116
30652	24116
30653	24117
30654	24119
30655	24120
30656	24120
30657	24121
30658	24123
30659	24124
30660	24124
30661	24125
30662	24125
30663	24126
30664	24126
30665	24127
30666	24127
30667	24128
30668	24128
30669	24128
30670	24128
30671	24129
30672	24131
30673	24132
30674	24132
30675	24133
30676	24135
30677	24136
30678	24136
30679	24137
30680	24139
30681	24140
30682	24140
30683	24140
30684	24140
30685	24141
30686	24143
30687	24144
30688	24144
30689	24145
30690	24147
30691	24148
30692	24148
30693	24149
30694	24151
30695	24152
30696	24152
30697	24152
30698	24152
30699	24153
30700	24155
30701	24156
30702	24156
30703	24157
30704	24159
30705	24160
30706	24160
30707	24161
30708	24163
30709	24164
30710	24164
30711	24164
30712	24163
30713	24163
30714	24164
30715	24166
30716	24167
30717	24167
30718	24168
30719	24170
30720	24171
30721	24171
30722	24172
30723	24174
30724	24175
30725	24175
30726	24175
30727	24175
30728	24176
30729	24178
30730	24179
30731	24179
30732	24180
30733	24182
30734	24183
30735	24183
30736	24184
30737	24186
30738	24187
30739	24187
30740	24187
30741	24187
30742	24187
30743	24187
30744	24188
30745	24188
30746	24189
30747	24189
30748	24190
30749	24192
30750	24193
30751	24193
30752	24194
30753	24196
30754	24197
30755	24197
30756	24198
30757	24199
30758	24200
30759	24199
30760	24199
30761	24199
30762	24199
30763	24200
30764	24200
30765	24201
30766	24201
30767	24202
30768	24204
30769	24205
30770	24205
30771	24206
30772	24208
30773	24209
30774	24209
30775	24210
30776	24212
30777	24213
30778	24213
30779	24213
30780	24213
30781	24214
30782	24216
30783	24217
30784	24217
30785	24218
30786	24220
30787	24221
30788	24221
30789	24222
30790	24224
30791	24225
30792	24225
30793	24225
30794	24225
30795	24226
30796	24228
30797	24229
30798	24229
30799	24230
30800	24232
30801	24233
30802	24233
30803	24234
30804	24236
30805	24237
30806	24237
30807	24237
30808	24237
30809	24237
30810	24237
30811	24238
30812	24237
30813	24239
30814	24240
30815	24240
30816	24241
30817	24243
30818	24244
30819	24244
30820	24245
30821	24247
30822	24248
30823	24248
30824	24248
30825	24248
30826	24249
30827	24251
30828	24252
30829	24252
30830	24253
30831	24255
30832	24256
30833	24256
30834	24257
30835	24259
30836	24260
30837	24260
30838	24260
30839	24260
30840	24260
30841	24260
30842	24260
30843	24259
30844	24259
30845	24260
30846	24262
30847	24263
30848	24263
30849	24264
30850	24266
30851	24267
30852	24267
30853	24268
30854	24270
30855	24271
30856	24271
30857	24271
30858	24271
30859	24272
30860	24274
30861	24275
30862	24275
30863	24276
30864	24278
30865	24279
30866	24279
30867	24280
30868	24282
30869	24283
30870	24283
30871	24283
30872	24283
30873	24284
30874	24286
30875	24287
30876	24287
30877	24288
30878	24290
30879	24291
30880	24291
30881	24292
30882	24294
30883	24295
30884	24295
30885	24295
30886	24295
30887	24295
30888	24295
30889	24295
30890	24294
30891	24294
30892	24295
30893	24297
30894	24298
30895	24298
30896	24299
30897	24301
30898	24302
30899	24302
30900	24303
30901	24305
30902	24306
30903	24306
30904	24306
30905	24306
30906	24307
30907	24309
30908	24310
30909	24310
30910	24311
30911	24313
30912	24314
30913	24314
30914	24315
30915	24317
30916	24318
30917	24318
30918	24318
30919	24318
30920	24319
30921	24321
30922	24322
30923	24322
30924	24323
30925	24325
30926	24326
30927	24326
30928	24327
30929	24329
30930	24330
30931	24330
30932	24330
30933	24330
30934	24330
30935	24330
30936	24330
30937	24330
30938	24331
30939	24331
30940	24332
30941	24334
30942	24335
30943	24335
30944	24336
30945	24338
30946	24339
30947	24339
30948	24340
30949	24341
30950	24342
30951	24341
30952	24341
30953	24342
30954	24344
30955	24345
30956	24345
30957	24346
30958	24348
30959	24349
30960	24349
30961	24350
30962	24352
30963	24353
30964	24353
30965	24353
30966	24353
30967	24354
30968	24356
30969	24357
30970	24357
30971	24358
30972	24360
30973	24361
30974	24361
30975	24362
30976	24364
30977	24365
30978	24365
30979	24365
30980	24365
30981	24366
30982	24368
30983	24369
30984	24369
30985	24370
30986	24372
30987	24373
30988	24373
30989	24374
30990	24376
30991	24377
30992	24377
30993	24377
30994	24376
30995	24376
30996	24376
30997	24376
30998	24377
30999	24379
31000	24380
31001	24380
31002	24381
31003	24383
31004	24384
31005	24384
31006	24385
31007	24387
31008	24388
31009	24388
31010	24388
31011	24388
31012	24389
31013	24391
31014	24392
31015	24392
31016	24393
31017	24395
31018	24396
31019	24396
31020	24397
31021	24399
31022	24400
31023	24400
31024	24400
31025	24400
31026	24400
31027	24400
31028	24400
31029	24400
31030	24401
31031	24401
31032	24402
31033	24404
31034	24405
31035	24405
31036	24406
31037	24408
31038	24409
31039	24409
31040	24410
31041	24411
31042	24412
31043	24412
31044	24413
31045	24413
31046	24414
31047	24416
31048	24417
31049	24417
31050	24418
31051	24420
31052	24421
31053	24421
31054	24422
31055	24423
31056	24424
31057	24423
31058	24423
31059	24424
31060	24426
31061	24427
31062	24427
31063	24428
31064	24430
31065	24431
31066	24431
31067	24432
31068	24434
31069	24435
31070	24435
31071	24435
31072	24435
31073	24435
31074	24435
31075	24436
31076	24436
31077	24437
31078	24437
31079	24438
31080	24440
31081	24441
31082	24441
31083	24442
31084	24444
31085	24445
31086	24445
31087	24446
31088	24447
31089	24448
31090	24448
31091	24449
31092	24449
31093	24450
31094	24452
31095	24453
31096	24453
31097	24454
31098	24455
31099	24456
31100	24456
31101	24457
31102	24457
31103	24458
31104	24460
31105	24461
31106	24461
31107	24462
31108	24464
31109	24465
31110	24465
31111	24466
31112	24467
31113	24468
31114	24467
31115	24467
31116	24468
31117	24470
31118	24471
31119	24471
31120	24472
31121	24474
31122	24475
31123	24475
31124	24476
31125	24478
31126	24479
31127	24479
31128	24479
31129	24479
31130	24480
31131	24482
31132	24483
31133	24483
31134	24484
31135	24486
31136	24487
31137	24487
31138	24488
31139	24490
31140	24491
31141	24491
31142	24491
31143	24491
31144	24492
31145	24494
31146	24495
31147	24495
31148	24496
31149	24498
31150	24499
31151	24499
31152	24500
31153	24502
31154	24503
31155	24503
31156	24503
31157	24502
31158	24502
31159	24503
31160	24505
31161	24506
31162	24506
31163	24507
31164	24509
31165	24510
31166	24510
31167	24511
31168	24513
31169	24514
31170	24514
31171	24514
31172	24514
31173	24515
31174	24517
31175	24518
31176	24518
31177	24519
31178	24521
31179	24522
31180	24522
31181	24523
31182	24525
31183	24526
31184	24526
31185	24526
31186	24526
31187	24526
31188	24526
31189	24527
31190	24527
31191	24528
31192	24528
31193	24529
31194	24531
31195	24532
31196	24532
31197	24533
31198	24535
31199	24536
31200	24536
31201	24537
31202	24538
31203	24539
31204	24538
31205	24538
31206	24539
31207	24541
31208	24542
31209	24542
31210	24543
31211	24545
31212	24546
31213	24546
31214	24547
31215	24549
31216	24550
31217	24550
31218	24550
31219	24550
31220	24551
31221	24553
31222	24554
31223	24554
31224	24555
31225	24557
31226	24558
31227	24558
31228	24559
31229	24561
31230	24562
31231	24562
31232	24562
31233	24562
31234	24563
31235	24565
31236	24566
31237	24566
31238	24567
31239	24569
31240	24570
31241	24570
31242	24571
31243	24573
31244	24574
31245	24574
31246	24574
31247	24573
31248	24573
31249	24573
31250	24573
31251	24574
31252	24576
31253	24577
31254	24577
31255	24578
31256	24580
31257	24581
31258	24581
31259	24582
31260	24584
31261	24585
31262	24585
31263	24585
31264	24585
31265	24585
31266	24585
31267	24585
31268	24584
31269	24584
31270	24584
31271	24584
31272	24585
31273	24587
31274	24588
31275	24588
31276	24589
31277	24591
31278	24592
31279	24592
31280	24593
31281	24595
31282	24596
31283	24596
31284	24596
31285	24596
31286	24596
31287	24596
31288	24597
31289	24597
31290	24598
31291	24598
31292	24599
31293	24601
31294	24602
31295	24602
31296	24603
31297	24605
31298	24606
31299	24606
31300	24607
31301	24608
31302	24609
31303	24609
31304	24610
31305	24610
31306	24611
31307	24613
31308	24614
31309	24614
31310	24615
31311	24617
31312	24618
31313	24618
31314	24619
31315	24620
31316	24621
31317	24621
31318	24622
31319	24622
31320	24623
31321	24625
31322	24626
31323	24626
31324	24627
31325	24629
31326	24630
31327	24630
31328	24631
31329	24631
31330	24632
31331	24632
31332	24633
31333	24633
31334	24634
31335	24634
31336	24635
31337	24637
31338	24638
31339	24638
31340	24639
31341	24641
31342	24642
31343	24642
31344	24643
31345	24645
31346	24646
31347	24646
31348	24646
31349	24646
31350	24647
31351	24649
31352	24650
31353	24650
31354	24651
31355	24653
31356	24654
31357	24654
31358	24655
31359	24657
31360	24658
31361	24658
31362	24658
31363	24658
31364	24659
31365	24661
31366	24662
31367	24662
31368	24663
31369	24665
31370	24666
31371	24666
31372	24667
31373	24669
31374	24670
31375	24670
31376	24670
31377	24670
31378	24670
31379	24669
31380	24669
31381	24670
31382	24672
31383	24673
31384	24673
31385	24674
31386	24676
31387	24677
31388	24677
31389	24678
31390	24680
31391	24681
31392	24681
31393	24681
31394	24681
31395	24682
31396	24684
31397	24685
31398	24685
31399	24686
31400	24688
31401	24689
31402	24689
31403	24690
31404	24692
31405	24693
31406	24693
31407	24693
31408	24693
31409	24694
31410	24696
31411	24697
31412	24697
31413	24698
31414	24700
31415	24701
31416	24701
31417	24702
31418	24704
31419	24705
31420	24705
31421	24705
31422	24705
31423	24705
31424	24705
31425	24706
31426	24706
31427	24707
31428	24707
31429	24708
31430	24710
31431	24711
31432	24711
31433	24712
31434	24714
31435	24715
31436	24715
31437	24716
31438	24717
31439	24718
31440	24718
31441	24719
31442	24719
31443	24720
31444	24722
31445	24723
31446	24723
31447	24724
31448	24726
31449	24727
31450	24727
31451	24728
31452	24729
31453	24730
31454	24730
31455	24731
31456	24731
31457	24732
31458	24734
31459	24735
31460	24735
31461	24736
31462	24738
31463	24739
31464	24739
31465	24740
31466	24740
31467	24741
31468	24741
31469	24742
31470	24742
31471	24743
31472	24743
31473	24744
31474	24746
31475	24747
31476	24747
31477	24748
31478	24749
31479	24750
31480	24750
31481	24751
31482	24751
31483	24752
31484	24754
31485	24755
31486	24755
31487	24756
31488	24758
31489	24759
31490	24759
31491	24760
31492	24761
31493	24762
31494	24761
31495	24761
31496	24762
31497	24764
31498	24765
31499	24765
31500	24766
31501	24768
31502	24769
31503	24769
31504	24770
31505	24772
31506	24773
31507	24773
31508	24773
31509	24773
31510	24774
31511	24776
31512	24777
31513	24777
31514	24778
31515	24780
31516	24781
31517	24781
31518	24782
31519	24784
31520	24785
31521	24785
31522	24785
31523	24785
31524	24786
31525	24788
31526	24789
31527	24789
31528	24790
31529	24792
31530	24793
31531	24793
31532	24794
31533	24796
31534	24797
31535	24797
31536	24797
31537	24796
31538	24796
31539	24797
31540	24799
31541	24800
31542	24800
31543	24801
31544	24803
31545	24804
31546	24804
31547	24805
31548	24807
31549	24808
31550	24808
31551	24808
31552	24808
31553	24809
31554	24811
31555	24812
31556	24812
31557	24813
31558	24815
31559	24816
31560	24816
31561	24817
31562	24819
31563	24820
31564	24820
31565	24820
31566	24820
31567	24820
31568	24820
31569	24820
31570	24820
31571	24821
31572	24821
31573	24822
31574	24824
31575	24825
31576	24825
31577	24826
31578	24828
31579	24829
31580	24829
31581	24830
31582	24831
31583	24832
31584	24831
31585	24831
31586	24832
31587	24834
31588	24835
31589	24835
31590	24836
31591	24838
31592	24839
31593	24839
31594	24840
31595	24842
31596	24843
31597	24843
31598	24843
31599	24843
31600	24844
31601	24846
31602	24847
31603	24847
31604	24848
31605	24850
31606	24851
31607	24851
31608	24852
31609	24854
31610	24855
31611	24855
31612	24855
31613	24855
31614	24856
31615	24858
31616	24859
31617	24859
31618	24860
31619	24862
31620	24863
31621	24863
31622	24864
31623	24866
31624	24867
31625	24867
31626	24867
31627	24866
31628	24866
31629	24867
31630	24869
31631	24870
31632	24870
31633	24871
31634	24873
31635	24874
31636	24874
31637	24875
31638	24877
31639	24878
31640	24878
31641	24878
31642	24878
31643	24879
31644	24881
31645	24882
31646	24882
31647	24883
31648	24885
31649	24886
31650	24886
31651	24887
31652	24889
31653	24890
31654	24890
31655	24890
31656	24890
31657	24891
31658	24893
31659	24894
31660	24894
31661	24895
31662	24897
31663	24898
31664	24898
31665	24899
31666	24901
31667	24902
31668	24902
31669	24902
31670	24902
31671	24902
31672	24902
31673	24903
31674	24902
31675	24904
31676	24905
31677	24905
31678	24906
31679	24908
31680	24909
31681	24909
31682	24910
31683	24912
31684	24913
31685	24913
31686	24913
31687	24913
31688	24914
31689	24916
31690	24917
31691	24917
31692	24918
31693	24920
31694	24921
31695	24921
31696	24922
31697	24924
31698	24925
31699	24925
31700	24925
31701	24925
31702	24926
31703	24928
31704	24929
31705	24929
31706	24930
31707	24932
31708	24933
31709	24933
31710	24934
31711	24936
31712	24937
31713	24937
31714	24937
31715	24937
31716	24937
31717	24937
31718	24938
31719	24937
31720	24938
31721	24939
31722	24939
31723	24940
31724	24942
31725	24943
31726	24943
31727	24944
31728	24945
31729	24946
31730	24945
31731	24945
31732	24945
31733	24944
31734	24945
31735	24945
31736	24946
31737	24946
31738	24947
31739	24947
31740	24947
31741	24947
31742	24948
31743	24950
31744	24951
31745	24951
31746	24952
31747	24954
31748	24955
31749	24955
31750	24956
31751	24958
31752	24959
31753	24959
31754	24959
31755	24959
31756	24960
31757	24962
31758	24963
31759	24963
31760	24964
31761	24966
31762	24967
31763	24967
31764	24968
31765	24970
31766	24971
31767	24971
31768	24971
31769	24971
31770	24971
31771	24971
31772	24971
31773	24971
31774	24972
31775	24972
31776	24973
31777	24975
31778	24976
31779	24976
31780	24977
31781	24979
31782	24980
31783	24980
31784	24981
31785	24982
31786	24983
31787	24983
31788	24984
31789	24984
31790	24985
31791	24987
31792	24988
31793	24988
31794	24989
31795	24991
31796	24992
31797	24992
31798	24993
31799	24994
31800	24995
31801	24994
31802	24994
31803	24995
31804	24997
31805	24998
31806	24998
31807	24999
31808	25001
31809	25002
31810	25002
31811	25003
31812	25005
31813	25006
31814	25006
31815	25006
31816	25006
31817	25006
31818	25006
31819	25006
31820	25005
31821	25005
31822	25005
31823	25005
31824	25006
31825	25008
31826	25009
31827	25009
31828	25010
31829	25012
31830	25013
31831	25013
31832	25014
31833	25016
31834	25017
31835	25017
31836	25017
31837	25017
31838	25018
31839	25020
31840	25021
31841	25021
31842	25022
31843	25024
31844	25025
31845	25025
31846	25026
31847	25028
31848	25029
31849	25029
31850	25029
31851	25029
31852	25029
31853	25029
31854	25030
31855	25030
31856	25031
31857	25031
31858	25032
31859	25034
31860	25035
31861	25035
31862	25036
31863	25038
31864	25039
31865	25039
31866	25040
31867	25041
31868	25042
31869	25041
31870	25041
31871	25042
31872	25043
31873	25044
31874	25044
31875	25045
31876	25047
31877	25048
31878	25048
31879	25049
31880	25051
31881	25052
31882	25052
31883	25052
31884	25052
31885	25052
31886	25052
31887	25053
31888	25052
31889	25054
31890	25055
31891	25055
31892	25056
31893	25058
31894	25059
31895	25059
31896	25060
31897	25062
31898	25063
31899	25063
31900	25063
31901	25063
31902	25064
31903	25066
31904	25067
31905	25067
31906	25068
31907	25070
31908	25071
31909	25071
31910	25072
31911	25074
31912	25075
31913	25075
31914	25075
31915	25075
31916	25076
31917	25078
31918	25079
31919	25079
31920	25080
31921	25082
31922	25083
31923	25083
31924	25084
31925	25086
31926	25087
31927	25087
31928	25087
31929	25087
31930	25087
31931	25086
31932	25086
31933	25087
31934	25089
31935	25090
31936	25090
31937	25091
31938	25093
31939	25094
31940	25094
31941	25095
31942	25097
31943	25098
31944	25098
31945	25098
31946	25098
31947	25099
31948	25101
31949	25102
31950	25102
31951	25103
31952	25105
31953	25106
31954	25106
31955	25107
31956	25109
31957	25110
31958	25110
31959	25110
31960	25110
31961	25111
31962	25113
31963	25114
31964	25114
31965	25115
31966	25117
31967	25118
31968	25118
31969	25119
31970	25121
31971	25122
31972	25122
31973	25122
31974	25122
31975	25122
31976	25122
31977	25123
31978	25123
31979	25124
31980	25124
31981	25125
31982	25127
31983	25128
31984	25128
31985	25129
31986	25131
31987	25132
31988	25132
31989	25133
31990	25134
31991	25135
31992	25135
31993	25136
31994	25136
31995	25137
31996	25139
31997	25140
31998	25140
31999	25141
32000	25143
32001	25144
32002	25144
32003	25145
32004	25146
32005	25147
32006	25147
32007	25148
32008	25148
32009	25149
32010	25151
32011	25152
32012	25152
32013	25153
32014	25155
32015	25156
32016	25156
32017	25157
32018	25157
32019	25158
32020	25158
32021	25159
32022	25159
32023	25160
32024	25160
32025	25161
32026	25163
32027	25164
32028	25164
32029	25165
32030	25167
32031	25168
32032	25168
32033	25169
32034	25171
32035	25172
32036	25172
32037	25172
32038	25172
32039	25172
32040	25172
32041	25173
32042	25173
32043	25174
32044	25174
32045	25175
32046	25177
32047	25178
32048	25178
32049	25179
32050	25181
32051	25182
32052	25182
32053	25183
32054	25184
32055	25185
32056	25185
32057	25186
32058	25186
32059	25187
32060	25189
32061	25190
32062	25190
32063	25191
32064	25193
32065	25194
32066	25194
32067	25195
32068	25196
32069	25197
32070	25197
32071	25198
32072	25198
32073	25199
32074	25200
32075	25201
32076	25201
32077	25202
32078	25204
32079	25205
32080	25205
32081	25206
32082	25206
32083	25207
32084	25207
32085	25208
32086	25208
32087	25209
32088	25209
32089	25210
32090	25212
32091	25213
32092	25213
32093	25214
32094	25216
32095	25217
32096	25217
32097	25218
32098	25220
32099	25221
32100	25221
32101	25221
32102	25221
32103	25222
32104	25224
32105	25225
32106	25225
32107	25226
32108	25228
32109	25229
32110	25229
32111	25230
32112	25232
32113	25233
32114	25233
32115	25233
32116	25233
32117	25234
32118	25236
32119	25237
32120	25237
32121	25238
32122	25240
32123	25241
32124	25241
32125	25242
32126	25244
32127	25245
32128	25245
32129	25245
32130	25245
32131	25245
32132	25245
32133	25246
32134	25246
32135	25247
32136	25247
32137	25248
32138	25250
32139	25251
32140	25251
32141	25252
32142	25254
32143	25255
32144	25255
32145	25256
32146	25257
32147	25258
32148	25258
32149	25259
32150	25259
32151	25260
32152	25262
32153	25263
32154	25263
32155	25264
32156	25266
32157	25267
32158	25267
32159	25268
32160	25269
32161	25270
32162	25270
32163	25271
32164	25271
32165	25272
32166	25274
32167	25275
32168	25275
32169	25276
32170	25278
32171	25279
32172	25279
32173	25280
32174	25280
32175	25281
32176	25280
32177	25280
32178	25281
32179	25281
32180	25282
32181	25282
32182	25283
32183	25285
32184	25286
32185	25286
32186	25287
32187	25289
32188	25290
32189	25290
32190	25291
32191	25292
32192	25293
32193	25293
32194	25294
32195	25294
32196	25295
32197	25297
32198	25298
32199	25298
32200	25299
32201	25301
32202	25302
32203	25302
32204	25303
32205	25304
32206	25305
32207	25305
32208	25306
32209	25306
32210	25307
32211	25309
32212	25310
32213	25310
32214	25311
32215	25313
32216	25314
32217	25314
32218	25315
32219	25315
32220	25316
32221	25316
32222	25317
32223	25317
32224	25318
32225	25318
32226	25319
32227	25321
32228	25322
32229	25322
32230	25323
32231	25325
32232	25326
32233	25326
32234	25327
32235	25329
32236	25330
32237	25330
32238	25330
32239	25330
32240	25331
32241	25333
32242	25334
32243	25334
32244	25335
32245	25337
32246	25338
32247	25338
32248	25339
32249	25341
32250	25342
32251	25342
32252	25342
32253	25342
32254	25343
32255	25345
32256	25346
32257	25346
32258	25347
32259	25349
32260	25350
32261	25350
32262	25351
32263	25353
32264	25354
32265	25354
32266	25354
32267	25354
32268	25354
32269	25353
32270	25353
32271	25354
32272	25356
32273	25357
32274	25357
32275	25358
32276	25360
32277	25361
32278	25361
32279	25362
32280	25364
32281	25365
32282	25365
32283	25365
32284	25365
32285	25366
32286	25368
32287	25369
32288	25369
32289	25370
32290	25372
32291	25373
32292	25373
32293	25374
32294	25376
32295	25377
32296	25377
32297	25377
32298	25377
32299	25377
32300	25377
32301	25377
32302	25376
32303	25376
32304	25377
32305	25379
32306	25380
32307	25380
32308	25381
32309	25383
32310	25384
32311	25384
32312	25385
32313	25387
32314	25388
32315	25388
32316	25388
32317	25388
32318	25389
32319	25391
32320	25392
32321	25392
32322	25393
32323	25395
32324	25396
32325	25396
32326	25397
32327	25399
32328	25400
32329	25400
32330	25400
32331	25400
32332	25401
32333	25403
32334	25404
32335	25404
32336	25405
32337	25407
32338	25408
32339	25408
32340	25409
32341	25411
32342	25412
32343	25412
32344	25412
32345	25412
32346	25412
32347	25412
32348	25413
32349	25412
32350	25414
32351	25415
32352	25415
32353	25416
32354	25418
32355	25419
32356	25419
32357	25420
32358	25422
32359	25423
32360	25423
32361	25423
32362	25423
32363	25423
32364	25423
32365	25423
32366	25422
32367	25422
32368	25423
32369	25425
32370	25426
32371	25426
32372	25427
32373	25429
32374	25430
32375	25430
32376	25431
32377	25433
32378	25434
32379	25434
32380	25434
32381	25434
32382	25435
32383	25437
32384	25438
32385	25438
32386	25439
32387	25441
32388	25442
32389	25442
32390	25443
32391	25445
32392	25446
32393	25446
32394	25446
32395	25446
32396	25447
32397	25449
32398	25450
32399	25450
32400	25451
32401	25453
32402	25454
32403	25454
32404	25455
32405	25457
32406	25458
32407	25458
32408	25458
32409	25458
32410	25458
32411	25457
32412	25457
32413	25458
32414	25460
32415	25461
32416	25461
32417	25462
32418	25464
32419	25465
32420	25465
32421	25466
32422	25468
32423	25469
32424	25469
32425	25469
32426	25469
32427	25470
32428	25472
32429	25473
32430	25473
32431	25474
32432	25476
32433	25477
32434	25477
32435	25478
32436	25480
32437	25481
32438	25481
32439	25481
32440	25481
32441	25481
32442	25481
32443	25482
32444	25482
32445	25483
32446	25483
32447	25484
32448	25486
32449	25487
32450	25487
32451	25488
32452	25489
32453	25490
32454	25490
32455	25491
32456	25491
32457	25492
32458	25494
32459	25495
32460	25495
32461	25496
32462	25498
32463	25499
32464	25499
32465	25500
32466	25501
32467	25502
32468	25501
32469	25501
32470	25502
32471	25504
32472	25505
32473	25505
32474	25506
32475	25507
32476	25508
32477	25507
32478	25507
32479	25508
32480	25510
32481	25511
32482	25511
32483	25512
32484	25514
32485	25515
32486	25515
32487	25516
32488	25518
32489	25519
32490	25519
32491	25519
32492	25519
32493	25519
32494	25519
32495	25520
32496	25519
32497	25521
32498	25522
32499	25522
32500	25523
32501	25525
32502	25526
32503	25526
32504	25527
32505	25529
32506	25530
32507	25530
32508	25530
32509	25530
32510	25531
32511	25533
32512	25534
32513	25534
32514	25535
32515	25537
32516	25538
32517	25538
32518	25539
32519	25541
32520	25542
32521	25542
32522	25542
32523	25542
32524	25543
32525	25545
32526	25546
32527	25546
32528	25547
32529	25549
32530	25550
32531	25550
32532	25551
32533	25553
32534	25554
32535	25554
32536	25554
32537	25554
32538	25554
32539	25554
32540	25555
32541	25555
32542	25556
32543	25556
32544	25557
32545	25559
32546	25560
32547	25560
32548	25561
32549	25563
32550	25564
32551	25564
32552	25565
32553	25566
32554	25567
32555	25567
32556	25568
32557	25568
32558	25569
32559	25571
32560	25572
32561	25572
32562	25573
32563	25575
32564	25576
32565	25576
32566	25577
32567	25578
32568	25579
32569	25579
32570	25580
32571	25580
32572	25581
32573	25583
32574	25584
32575	25584
32576	25585
32577	25587
32578	25588
32579	25588
32580	25589
32581	25589
32582	25590
32583	25589
32584	25589
32585	25589
32586	25588
32587	25588
32588	25589
32589	25590
32590	25591
32591	25591
32592	25591
32593	25591
32594	25592
32595	25594
32596	25595
32597	25595
32598	25596
32599	25598
32600	25599
32601	25599
32602	25600
32603	25602
32604	25603
32605	25603
32606	25603
32607	25603
32608	25604
32609	25606
32610	25607
32611	25607
32612	25608
32613	25610
32614	25611
32615	25611
32616	25612
32617	25614
32618	25615
32619	25615
32620	25615
32621	25615
32622	25615
32623	25615
32624	25616
32625	25616
32626	25617
32627	25617
32628	25618
32629	25620
32630	25621
32631	25621
32632	25622
32633	25624
32634	25625
32635	25625
32636	25626
32637	25627
32638	25628
32639	25627
32640	25627
32641	25628
32642	25630
32643	25631
32644	25631
32645	25632
32646	25634
32647	25635
32648	25635
32649	25636
32650	25638
32651	25639
32652	25639
32653	25639
32654	25639
32655	25640
32656	25642
32657	25643
32658	25643
32659	25644
32660	25646
32661	25647
32662	25647
32663	25648
32664	25650
32665	25651
32666	25651
32667	25651
32668	25651
32669	25651
32670	25651
32671	25652
32672	25651
32673	25653
32674	25654
32675	25654
32676	25655
32677	25657
32678	25658
32679	25658
32680	25659
32681	25661
32682	25662
32683	25662
32684	25662
32685	25662
32686	25662
32687	25662
32688	25663
32689	25663
32690	25664
32691	25664
32692	25665
32693	25667
32694	25668
32695	25668
32696	25669
32697	25671
32698	25672
32699	25672
32700	25673
32701	25674
32702	25675
32703	25675
32704	25676
32705	25676
32706	25677
32707	25678
32708	25679
32709	25679
32710	25680
32711	25680
32712	25681
32713	25683
32714	25684
32715	25684
32716	25685
32717	25687
32718	25688
32719	25688
32720	25689
32721	25690
32722	25691
32723	25690
32724	25690
32725	25691
32726	25693
32727	25694
32728	25694
32729	25695
32730	25697
32731	25698
32732	25698
32733	25699
32734	25701
32735	25702
32736	25702
32737	25702
32738	25702
32739	25702
32740	25702
32741	25703
32742	25703
32743	25704
32744	25704
32745	25705
32746	25707
32747	25708
32748	25708
32749	25709
32750	25711
32751	25712
32752	25712
32753	25713
32754	25714
32755	25715
32756	25715
32757	25716
32758	25716
32759	25717
32760	25719
32761	25720
32762	25720
32763	25721
32764	25723
32765	25724
32766	25724
32767	25725
32768	25726
32769	25727
32770	25727
32771	25728
32772	25728
32773	25729
32774	25731
32775	25732
32776	25732
32777	25733
32778	25735
32779	25736
32780	25736
32781	25737
32782	25737
32783	25738
32784	25738
32785	25739
32786	25739
32787	25740
32788	25740
32789	25741
32790	25743
32791	25744
32792	25744
32793	25745
32794	25747
32795	25748
32796	25748
32797	25749
32798	25751
32799	25752
32800	25752
32801	25752
32802	25752
32803	25753
32804	25755
32805	25756
32806	25756
32807	25757
32808	25759
32809	25760
32810	25760
32811	25761
32812	25763
32813	25764
32814	25764
32815	25764
32816	25764
32817	25765
32818	25767
32819	25768
32820	25768
32821	25769
32822	25771
32823	25772
32824	25772
32825	25773
32826	25775
32827	25776
32828	25776
32829	25776
32830	25776
32831	25776
32832	25776
32833	25777
32834	25777
32835	25778
32836	25778
32837	25779
32838	25781
32839	25782
32840	25782
32841	25783
32842	25785
32843	25786
32844	25786
32845	25787
32846	25788
32847	25789
32848	25788
32849	25788
32850	25789
32851	25791
32852	25792
32853	25792
32854	25793
32855	25795
32856	25796
32857	25796
32858	25797
32859	25799
32860	25800
32861	25800
32862	25800
32863	25800
32864	25801
32865	25803
32866	25804
32867	25804
32868	25805
32869	25807
32870	25808
32871	25808
32872	25809
32873	25811
32874	25812
32875	25812
32876	25812
32877	25812
32878	25812
32879	25812
32880	25813
32881	25813
32882	25814
32883	25814
32884	25815
32885	25817
32886	25818
32887	25818
32888	25819
32889	25821
32890	25822
32891	25822
32892	25823
32893	25824
32894	25825
32895	25825
32896	25826
32897	25826
32898	25827
32899	25829
32900	25830
32901	25830
32902	25831
32903	25833
32904	25834
32905	25834
32906	25835
32907	25836
32908	25837
32909	25837
32910	25838
32911	25838
32912	25839
32913	25841
32914	25842
32915	25842
32916	25843
32917	25845
32918	25846
32919	25846
32920	25847
32921	25847
32922	25848
32923	25847
32924	25847
32925	25848
32926	25847
32927	25849
32928	25850
32929	25850
32930	25851
32931	25853
32932	25854
32933	25854
32934	25855
32935	25857
32936	25858
32937	25858
32938	25858
32939	25858
32940	25859
32941	25861
32942	25862
32943	25862
32944	25863
32945	25865
32946	25866
32947	25866
32948	25867
32949	25869
32950	25870
32951	25870
32952	25870
32953	25870
32954	25870
32955	25870
32956	25871
32957	25871
32958	25872
32959	25872
32960	25873
32961	25875
32962	25876
32963	25876
32964	25877
32965	25879
32966	25880
32967	25880
32968	25881
32969	25882
32970	25883
32971	25883
32972	25884
32973	25884
32974	25885
32975	25887
32976	25888
32977	25888
32978	25889
32979	25891
32980	25892
32981	25892
32982	25893
32983	25894
32984	25895
32985	25895
32986	25896
32987	25896
32988	25897
32989	25899
32990	25900
32991	25900
32992	25901
32993	25903
32994	25904
32995	25904
32996	25905
32997	25905
32998	25906
32999	25906
33000	25907
33001	25907
33002	25908
33003	25908
33004	25908
33005	25908
33006	25909
33007	25911
33008	25912
33009	25912
33010	25913
33011	25915
33012	25916
33013	25916
33014	25917
33015	25919
33016	25920
33017	25920
33018	25920
33019	25920
33020	25921
33021	25923
33022	25924
33023	25924
33024	25925
33025	25927
33026	25928
33027	25928
33028	25929
33029	25931
33030	25932
33031	25932
33032	25932
33033	25932
33034	25933
33035	25935
33036	25936
33037	25936
33038	25937
33039	25939
33040	25940
33041	25940
33042	25941
33043	25943
33044	25944
33045	25944
33046	25944
33047	25943
33048	25943
33049	25944
33050	25946
33051	25947
33052	25947
33053	25948
33054	25950
33055	25951
33056	25951
33057	25952
33058	25954
33059	25955
33060	25955
33061	25955
33062	25955
33063	25955
33064	25955
33065	25956
33066	25956
33067	25957
33068	25957
33069	25958
33070	25960
33071	25961
33072	25961
33073	25962
33074	25964
33075	25965
33076	25965
33077	25966
33078	25967
33079	25968
33080	25968
33081	25969
33082	25969
33083	25970
33084	25972
33085	25973
33086	25973
33087	25974
33088	25976
33089	25977
33090	25977
33091	25978
33092	25979
33093	25980
33094	25980
33095	25981
33096	25981
33097	25982
33098	25984
33099	25985
33100	25985
33101	25986
33102	25988
33103	25989
33104	25989
33105	25990
33106	25990
33107	25991
33108	25990
33109	25990
33110	25990
33111	25989
33112	25989
33113	25990
33114	25991
33115	25992
33116	25992
33117	25993
33118	25995
33119	25996
33120	25996
33121	25997
33122	25998
33123	25999
33124	25998
33125	25998
33126	25999
33127	26001
33128	26002
33129	26002
33130	26003
33131	26005
33132	26006
33133	26006
33134	26007
33135	26009
33136	26010
33137	26010
33138	26010
33139	26010
33140	26010
33141	26010
33142	26010
33143	26010
33144	26011
33145	26011
33146	26012
33147	26014
33148	26015
33149	26015
33150	26016
33151	26018
33152	26019
33153	26019
33154	26020
33155	26021
33156	26022
33157	26022
33158	26023
33159	26023
33160	26024
33161	26026
33162	26027
33163	26027
33164	26028
33165	26030
33166	26031
33167	26031
33168	26032
33169	26033
33170	26034
33171	26033
33172	26033
33173	26034
33174	26036
33175	26037
33176	26037
33177	26038
33178	26040
33179	26041
33180	26041
33181	26042
33182	26044
33183	26045
33184	26045
33185	26045
33186	26045
33187	26046
33188	26048
33189	26049
33190	26049
33191	26050
33192	26052
33193	26053
33194	26053
33195	26054
33196	26056
33197	26057
33198	26057
33199	26057
33200	26057
33201	26058
33202	26060
33203	26061
33204	26061
33205	26062
33206	26064
33207	26065
33208	26065
33209	26066
33210	26068
33211	26069
33212	26069
33213	26069
33214	26068
33215	26068
33216	26069
33217	26071
33218	26072
33219	26072
33220	26073
33221	26075
33222	26076
33223	26076
33224	26077
33225	26079
33226	26080
33227	26080
33228	26080
33229	26080
33230	26081
33231	26083
33232	26084
33233	26084
33234	26085
33235	26087
33236	26088
33237	26088
33238	26089
33239	26091
33240	26092
33241	26092
33242	26092
33243	26092
33244	26093
33245	26095
33246	26096
33247	26096
33248	26097
33249	26099
33250	26100
33251	26100
33252	26101
33253	26103
33254	26104
33255	26104
33256	26104
33257	26104
33258	26104
33259	26104
33260	26105
33261	26104
33262	26106
33263	26107
33264	26107
33265	26108
33266	26110
33267	26111
33268	26111
33269	26112
33270	26114
33271	26115
33272	26115
33273	26115
33274	26115
33275	26116
33276	26118
33277	26119
33278	26119
33279	26120
33280	26122
33281	26123
33282	26123
33283	26124
33284	26126
33285	26127
33286	26127
33287	26127
33288	26127
33289	26127
33290	26127
33291	26127
33292	26127
33293	26128
33294	26128
33295	26129
33296	26131
33297	26132
33298	26132
33299	26133
33300	26135
33301	26136
33302	26136
33303	26137
33304	26138
33305	26139
33306	26139
33307	26140
33308	26140
33309	26141
33310	26143
33311	26144
33312	26144
33313	26145
33314	26147
33315	26148
33316	26148
33317	26149
33318	26150
33319	26151
33320	26150
33321	26150
33322	26150
33323	26149
33324	26150
33325	26150
33326	26151
33327	26151
33328	26152
33329	26152
33330	26153
33331	26155
33332	26156
33333	26156
33334	26157
33335	26159
33336	26160
33337	26160
33338	26161
33339	26163
33340	26164
33341	26164
33342	26164
33343	26164
33344	26165
33345	26167
33346	26168
33347	26168
33348	26169
33349	26171
33350	26172
33351	26172
33352	26173
33353	26175
33354	26176
33355	26176
33356	26176
33357	26176
33358	26177
33359	26179
33360	26180
33361	26180
33362	26181
33363	26183
33364	26184
33365	26184
33366	26185
33367	26187
33368	26188
33369	26188
33370	26188
33371	26188
33372	26188
33373	26188
33374	26189
33375	26188
33376	26190
33377	26191
33378	26191
33379	26192
33380	26194
33381	26195
33382	26195
33383	26196
33384	26198
33385	26199
33386	26199
33387	26199
33388	26199
33389	26200
33390	26202
33391	26203
33392	26203
33393	26204
33394	26206
33395	26207
33396	26207
33397	26208
33398	26210
33399	26211
33400	26211
33401	26211
33402	26211
33403	26212
33404	26214
33405	26215
33406	26215
33407	26216
33408	26217
33409	26218
33410	26217
33411	26217
33412	26217
33413	26217
33414	26218
33415	26218
33416	26219
33417	26219
33418	26220
33419	26222
33420	26223
33421	26223
33422	26224
33423	26226
33424	26227
33425	26227
33426	26228
33427	26230
33428	26231
33429	26231
33430	26231
33431	26231
33432	26232
33433	26234
33434	26235
33435	26235
33436	26236
33437	26238
33438	26239
33439	26239
33440	26240
33441	26242
33442	26243
33443	26243
33444	26243
33445	26243
33446	26244
33447	26246
33448	26247
33449	26247
33450	26248
33451	26250
33452	26251
33453	26251
33454	26252
33455	26254
33456	26255
33457	26255
33458	26255
33459	26255
33460	26255
33461	26255
33462	26256
33463	26256
33464	26257
33465	26257
33466	26258
33467	26260
33468	26261
33469	26261
33470	26262
33471	26264
33472	26265
33473	26265
33474	26266
33475	26267
33476	26268
33477	26268
33478	26269
33479	26269
33480	26270
33481	26272
33482	26273
33483	26273
33484	26274
33485	26276
33486	26277
33487	26277
33488	26278
33489	26279
33490	26280
33491	26280
33492	26281
33493	26281
33494	26282
33495	26284
33496	26285
33497	26285
33498	26286
33499	26288
33500	26289
33501	26289
33502	26290
33503	26290
33504	26291
33505	26290
33506	26290
33507	26290
33508	26289
33509	26289
33510	26290
33511	26292
33512	26293
33513	26293
33514	26294
33515	26296
33516	26297
33517	26297
33518	26298
33519	26300
33520	26301
33521	26301
33522	26301
33523	26301
33524	26301
33525	26301
33526	26301
33527	26301
33528	26302
33529	26302
33530	26303
33531	26305
33532	26306
33533	26306
33534	26307
33535	26309
33536	26310
33537	26310
33538	26311
33539	26312
33540	26313
33541	26313
33542	26314
33543	26314
33544	26315
33545	26317
33546	26318
33547	26318
33548	26319
33549	26321
33550	26322
33551	26322
33552	26323
33553	26324
33554	26325
33555	26324
33556	26324
33557	26325
33558	26327
33559	26328
33560	26328
33561	26329
33562	26331
33563	26332
33564	26332
33565	26333
33566	26335
33567	26336
33568	26336
33569	26336
33570	26336
33571	26337
33572	26339
33573	26340
33574	26340
33575	26341
33576	26343
33577	26344
33578	26344
33579	26345
33580	26347
33581	26348
33582	26348
33583	26348
33584	26348
33585	26348
33586	26348
33587	26349
33588	26349
33589	26350
33590	26350
33591	26351
33592	26353
33593	26354
33594	26354
33595	26355
33596	26357
33597	26358
33598	26358
33599	26359
33600	26360
33601	26361
33602	26360
33603	26360
33604	26360
33605	26360
33606	26361
33607	26361
33608	26362
33609	26362
33610	26363
33611	26365
33612	26366
33613	26366
33614	26367
33615	26369
33616	26370
33617	26370
33618	26371
33619	26373
33620	26374
33621	26374
33622	26374
33623	26374
33624	26375
33625	26377
33626	26378
33627	26378
33628	26379
33629	26381
33630	26382
33631	26382
33632	26383
33633	26385
33634	26386
33635	26386
33636	26386
33637	26386
33638	26387
33639	26389
33640	26390
33641	26390
33642	26391
33643	26393
33644	26394
33645	26394
33646	26395
33647	26397
33648	26398
33649	26398
33650	26398
33651	26398
33652	26398
33653	26398
33654	26399
33655	26399
33656	26400
33657	26400
33658	26401
33659	26403
33660	26404
33661	26404
33662	26405
33663	26407
33664	26408
33665	26408
33666	26409
33667	26410
33668	26411
33669	26411
33670	26412
33671	26412
33672	26413
33673	26414
33674	26415
33675	26415
33676	26416
33677	26416
33678	26417
33679	26419
33680	26420
33681	26420
33682	26421
33683	26423
33684	26424
33685	26424
33686	26425
33687	26426
33688	26427
33689	26426
33690	26426
33691	26426
33692	26426
33693	26427
33694	26427
33695	26428
33696	26428
33697	26429
33698	26431
33699	26432
33700	26432
33701	26433
33702	26435
33703	26436
33704	26436
33705	26437
33706	26439
33707	26440
33708	26440
33709	26440
33710	26440
33711	26441
33712	26443
33713	26444
33714	26444
33715	26445
33716	26447
33717	26448
33718	26448
33719	26449
33720	26451
33721	26452
33722	26452
33723	26452
33724	26452
33725	26452
33726	26452
33727	26453
33728	26453
33729	26454
33730	26454
33731	26455
33732	26457
33733	26458
33734	26458
33735	26459
33736	26461
33737	26462
33738	26462
33739	26463
33740	26464
33741	26465
33742	26465
33743	26466
33744	26466
33745	26467
33746	26469
33747	26470
33748	26470
33749	26471
33750	26473
33751	26474
33752	26474
33753	26475
33754	26476
33755	26477
33756	26477
33757	26478
33758	26478
33759	26479
33760	26481
33761	26482
33762	26482
33763	26483
33764	26485
33765	26486
33766	26486
33767	26487
33768	26487
33769	26488
33770	26488
33771	26489
33772	26489
33773	26490
33774	26490
33775	26490
33776	26490
33777	26491
33778	26493
33779	26494
33780	26494
33781	26495
33782	26497
33783	26498
33784	26498
33785	26499
33786	26501
33787	26502
33788	26502
33789	26502
33790	26502
33791	26503
33792	26505
33793	26506
33794	26506
33795	26507
33796	26509
33797	26510
33798	26510
33799	26511
33800	26513
33801	26514
33802	26514
33803	26514
33804	26514
33805	26515
33806	26517
33807	26518
33808	26518
33809	26519
33810	26521
33811	26522
33812	26522
33813	26523
33814	26525
33815	26526
33816	26526
33817	26526
33818	26525
33819	26525
33820	26526
33821	26528
33822	26529
33823	26529
33824	26530
33825	26532
33826	26533
33827	26533
33828	26534
33829	26536
33830	26537
33831	26537
33832	26537
33833	26537
33834	26538
33835	26540
33836	26541
33837	26541
33838	26542
33839	26544
33840	26545
33841	26545
33842	26546
33843	26548
33844	26549
33845	26549
33846	26549
33847	26549
33848	26550
33849	26552
33850	26553
33851	26553
33852	26554
33853	26556
33854	26557
33855	26557
33856	26558
33857	26560
33858	26561
33859	26561
33860	26561
33861	26561
33862	26561
33863	26561
33864	26562
33865	26562
33866	26563
33867	26563
33868	26564
33869	26566
33870	26567
33871	26567
33872	26568
33873	26570
33874	26571
33875	26571
33876	26572
33877	26573
33878	26574
33879	26574
33880	26575
33881	26575
33882	26576
33883	26578
33884	26579
33885	26579
33886	26580
33887	26582
33888	26583
33889	26583
33890	26584
33891	26585
33892	26586
33893	26586
33894	26587
33895	26587
33896	26588
33897	26590
33898	26591
33899	26591
33900	26592
33901	26593
33902	26594
33903	26594
33904	26595
33905	26595
33906	26596
33907	26598
33908	26599
33909	26599
33910	26600
33911	26602
33912	26603
33913	26603
33914	26604
33915	26605
33916	26606
33917	26605
33918	26605
33919	26605
33920	26605
33921	26606
33922	26606
33923	26607
33924	26607
33925	26608
33926	26610
33927	26611
33928	26611
33929	26612
33930	26614
33931	26615
33932	26615
33933	26616
33934	26618
33935	26619
33936	26619
33937	26619
33938	26619
33939	26620
33940	26622
33941	26623
33942	26623
33943	26624
33944	26626
33945	26627
33946	26627
33947	26628
33948	26630
33949	26631
33950	26631
33951	26631
33952	26631
33953	26632
33954	26634
33955	26635
33956	26635
33957	26636
33958	26638
33959	26639
33960	26639
33961	26640
33962	26642
33963	26643
33964	26643
33965	26643
33966	26643
33967	26643
33968	26643
33969	26644
33970	26643
33971	26645
33972	26646
33973	26646
33974	26647
33975	26649
33976	26650
33977	26650
33978	26651
33979	26653
33980	26654
33981	26654
33982	26654
33983	26654
33984	26655
33985	26657
33986	26658
33987	26658
33988	26659
33989	26661
33990	26662
33991	26662
33992	26663
33993	26665
33994	26666
33995	26666
33996	26666
33997	26666
33998	26666
33999	26666
34000	26667
34001	26667
34002	26668
34003	26668
34004	26669
34005	26671
34006	26672
34007	26672
34008	26673
34009	26675
34010	26676
34011	26676
34012	26677
34013	26678
34014	26679
34015	26679
34016	26680
34017	26680
34018	26681
34019	26683
34020	26684
34021	26684
34022	26685
34023	26687
34024	26688
34025	26688
34026	26689
34027	26690
34028	26691
34029	26691
34030	26692
34031	26692
34032	26693
34033	26695
34034	26696
34035	26696
34036	26697
34037	26699
34038	26700
34039	26700
34040	26701
34041	26701
34042	26702
34043	26702
34044	26703
34045	26703
34046	26704
34047	26704
34048	26705
34049	26707
34050	26708
34051	26708
34052	26709
34053	26711
34054	26712
34055	26712
34056	26713
34057	26715
34058	26716
34059	26716
34060	26716
34061	26716
34062	26717
34063	26719
34064	26720
34065	26720
34066	26721
34067	26723
34068	26724
34069	26724
34070	26725
34071	26727
34072	26728
34073	26728
34074	26728
34075	26728
34076	26729
34077	26731
34078	26732
34079	26732
34080	26733
34081	26735
34082	26736
34083	26736
34084	26737
34085	26739
34086	26740
34087	26740
34088	26740
34089	26740
34090	26740
34091	26740
34092	26740
34093	26740
34094	26741
34095	26741
34096	26742
34097	26744
34098	26745
34099	26745
34100	26746
34101	26748
34102	26749
34103	26749
34104	26750
34105	26751
34106	26752
34107	26751
34108	26751
34109	26752
34110	26754
34111	26755
34112	26755
34113	26756
34114	26758
34115	26759
34116	26759
34117	26760
34118	26762
34119	26763
34120	26763
34121	26763
34122	26763
34123	26764
34124	26766
34125	26767
34126	26767
34127	26768
34128	26770
34129	26771
34130	26771
34131	26772
34132	26774
34133	26775
34134	26775
34135	26775
34136	26775
34137	26776
34138	26778
34139	26779
34140	26779
34141	26780
34142	26782
34143	26783
34144	26783
34145	26784
34146	26786
34147	26787
34148	26787
34149	26787
34150	26786
34151	26786
34152	26787
34153	26789
34154	26790
34155	26790
34156	26791
34157	26793
34158	26794
34159	26794
34160	26795
34161	26797
34162	26798
34163	26798
34164	26798
34165	26798
34166	26799
34167	26801
34168	26802
34169	26802
34170	26803
34171	26805
34172	26806
34173	26806
34174	26807
34175	26809
34176	26810
34177	26810
34178	26810
34179	26810
34180	26811
34181	26813
34182	26814
34183	26814
34184	26815
34185	26817
34186	26818
34187	26818
34188	26819
34189	26821
34190	26822
34191	26822
34192	26822
34193	26822
34194	26822
34195	26822
34196	26822
34197	26822
34198	26823
34199	26823
34200	26824
34201	26826
34202	26827
34203	26827
34204	26828
34205	26830
34206	26831
34207	26831
34208	26832
34209	26833
34210	26834
34211	26834
34212	26835
34213	26835
34214	26836
34215	26838
34216	26839
34217	26839
34218	26840
34219	26842
34220	26843
34221	26843
34222	26844
34223	26845
34224	26846
34225	26845
34226	26845
34227	26846
34228	26848
34229	26849
34230	26849
34231	26850
34232	26852
34233	26853
34234	26853
34235	26854
34236	26856
34237	26857
34238	26857
34239	26857
34240	26857
34241	26858
34242	26860
34243	26861
34244	26861
34245	26862
34246	26864
34247	26865
34248	26865
34249	26866
34250	26868
34251	26869
34252	26869
34253	26869
34254	26869
34255	26869
34256	26869
34257	26870
34258	26870
34259	26871
34260	26871
34261	26872
34262	26874
34263	26875
34264	26875
34265	26876
34266	26878
34267	26879
34268	26879
34269	26880
34270	26881
34271	26882
34272	26882
34273	26883
34274	26883
34275	26884
34276	26886
34277	26887
34278	26887
34279	26888
34280	26890
34281	26891
34282	26891
34283	26892
34284	26893
34285	26894
34286	26894
34287	26895
34288	26895
34289	26896
34290	26898
34291	26899
34292	26899
34293	26900
34294	26902
34295	26903
34296	26903
34297	26904
34298	26904
34299	26905
34300	26905
34301	26906
34302	26906
34303	26907
34304	26907
34305	26908
34306	26910
34307	26911
34308	26911
34309	26912
34310	26914
34311	26915
34312	26915
34313	26916
34314	26918
34315	26919
34316	26919
34317	26919
34318	26919
34319	26920
34320	26922
34321	26923
34322	26923
34323	26924
34324	26926
34325	26927
34326	26927
34327	26928
34328	26930
34329	26931
34330	26931
34331	26931
34332	26931
34333	26931
34334	26931
34335	26931
34336	26931
34337	26932
34338	26932
34339	26933
34340	26935
34341	26936
34342	26936
34343	26937
34344	26939
34345	26940
34346	26940
34347	26941
34348	26942
34349	26943
34350	26943
34351	26944
34352	26944
34353	26945
34354	26947
34355	26948
34356	26948
34357	26949
34358	26951
34359	26952
34360	26952
34361	26953
34362	26954
34363	26955
34364	26954
34365	26954
34366	26955
34367	26957
34368	26958
34369	26958
34370	26959
34371	26961
34372	26962
34373	26962
34374	26963
34375	26965
34376	26966
34377	26966
34378	26966
34379	26966
34380	26967
34381	26969
34382	26970
34383	26970
34384	26971
34385	26973
34386	26974
34387	26974
34388	26975
34389	26977
34390	26978
34391	26978
34392	26978
34393	26978
34394	26979
34395	26981
34396	26982
34397	26982
34398	26983
34399	26985
34400	26986
34401	26986
34402	26987
34403	26989
34404	26990
34405	26990
34406	26990
34407	26989
34408	26989
34409	26990
34410	26991
34411	26992
34412	26992
34413	26993
34414	26995
34415	26996
34416	26996
34417	26997
34418	26998
34419	26999
34420	26999
34421	27000
34422	27000
34423	27001
34424	27002
34425	27003
34426	27003
34427	27004
34428	27004
34429	27005
34430	27007
34431	27008
34432	27008
34433	27009
34434	27011
34435	27012
34436	27012
34437	27013
34438	27014
34439	27015
34440	27014
34441	27014
34442	27014
34443	27014
34444	27015
34445	27015
34446	27016
34447	27016
34448	27017
34449	27019
34450	27020
34451	27020
34452	27021
34453	27023
34454	27024
34455	27024
34456	27025
34457	27027
34458	27028
34459	27028
34460	27028
34461	27028
34462	27029
34463	27031
34464	27032
34465	27032
34466	27033
34467	27035
34468	27036
34469	27036
34470	27037
34471	27039
34472	27040
34473	27040
34474	27040
34475	27040
34476	27041
34477	27043
34478	27044
34479	27044
34480	27045
34481	27047
34482	27048
34483	27048
34484	27049
34485	27051
34486	27052
34487	27052
34488	27052
34489	27052
34490	27052
34491	27052
34492	27053
34493	27053
34494	27054
34495	27054
34496	27055
34497	27057
34498	27058
34499	27058
34500	27059
34501	27061
34502	27062
34503	27062
34504	27063
34505	27064
34506	27065
34507	27065
34508	27066
34509	27066
34510	27067
34511	27069
34512	27070
34513	27070
34514	27071
34515	27073
34516	27074
34517	27074
34518	27075
34519	27076
34520	27077
34521	27077
34522	27078
34523	27078
34524	27079
34525	27081
34526	27082
34527	27082
34528	27083
34529	27085
34530	27086
34531	27086
34532	27087
34533	27087
34534	27088
34535	27087
34536	27087
34537	27088
34538	27088
34539	27089
34540	27089
34541	27090
34542	27092
34543	27093
34544	27093
34545	27094
34546	27096
34547	27097
34548	27097
34549	27098
34550	27099
34551	27100
34552	27100
34553	27101
34554	27101
34555	27102
34556	27104
34557	27105
34558	27105
34559	27106
34560	27108
34561	27109
34562	27109
34563	27110
34564	27111
34565	27112
34566	27112
34567	27113
34568	27113
34569	27114
34570	27116
34571	27117
34572	27117
34573	27118
34574	27120
34575	27121
34576	27121
34577	27122
34578	27122
34579	27123
34580	27122
34581	27121
34582	27121
34583	27122
34584	27124
34585	27125
34586	27125
34587	27126
34588	27128
34589	27129
34590	27129
34591	27130
34592	27132
34593	27133
34594	27133
34595	27133
34596	27133
34597	27133
34598	27132
34599	27132
34600	27132
34601	27132
34602	27133
34603	27135
34604	27136
34605	27136
34606	27137
34607	27139
34608	27140
34609	27140
34610	27141
34611	27143
34612	27144
34613	27144
34614	27144
34615	27144
34616	27145
34617	27147
34618	27148
34619	27148
34620	27149
34621	27151
34622	27152
34623	27152
34624	27153
34625	27155
34626	27156
34627	27156
34628	27156
34629	27156
34630	27156
34631	27156
34632	27157
34633	27157
34634	27158
34635	27158
34636	27159
34637	27161
34638	27162
34639	27162
34640	27163
34641	27165
34642	27166
34643	27166
34644	27167
34645	27168
34646	27169
34647	27168
34648	27167
34649	27168
34650	27168
34651	27169
34652	27169
34653	27170
34654	27170
34655	27171
34656	27173
34657	27174
34658	27174
34659	27175
34660	27177
34661	27178
34662	27178
34663	27179
34664	27181
34665	27182
34666	27182
34667	27182
34668	27182
34669	27183
34670	27185
34671	27186
34672	27186
34673	27187
34674	27189
34675	27190
34676	27190
34677	27191
34678	27193
34679	27194
34680	27194
34681	27194
34682	27194
34683	27195
34684	27196
34685	27197
34686	27197
34687	27198
34688	27198
34689	27198
34690	27198
34691	27198
34692	27198
34693	27199
34694	27199
34695	27200
34696	27200
34697	27200
34698	27200
34699	27201
34700	27203
34701	27204
34702	27204
34703	27205
34704	27207
34705	27208
34706	27208
34707	27209
34708	27211
34709	27212
34710	27212
34711	27212
34712	27212
34713	27213
34714	27214
34715	27215
34716	27215
34717	27216
34718	27218
34719	27219
34720	27219
34721	27220
34722	27221
34723	27222
34724	27222
34725	27223
34726	27223
34727	27224
34728	27226
34729	27227
34730	27227
34731	27228
34732	27230
34733	27231
34734	27231
34735	27232
34736	27233
34737	27234
34738	27233
34739	27233
34740	27233
34741	27233
34742	27234
34743	27234
34744	27235
34745	27235
34746	27236
34747	27238
34748	27239
34749	27239
34750	27240
34751	27242
34752	27243
34753	27243
34754	27244
34755	27246
34756	27247
34757	27247
34758	27247
34759	27247
34760	27247
34761	27247
34762	27248
34763	27248
34764	27249
34765	27249
34766	27250
34767	27252
34768	27253
34769	27253
34770	27254
34771	27256
34772	27257
34773	27257
34774	27258
34775	27259
34776	27260
34777	27260
34778	27261
34779	27261
34780	27262
34781	27264
34782	27265
34783	27265
34784	27266
34785	27268
34786	27269
34787	27269
34788	27270
34789	27271
34790	27272
34791	27272
34792	27273
34793	27273
34794	27274
34795	27276
34796	27277
34797	27277
34798	27278
34799	27280
34800	27281
34801	27281
34802	27282
34803	27282
34804	27283
34805	27283
34806	27284
34807	27284
34808	27285
34809	27285
34810	27286
34811	27288
34812	27289
34813	27289
34814	27290
34815	27292
34816	27293
34817	27293
34818	27294
34819	27296
34820	27297
34821	27297
34822	27297
34823	27297
34824	27298
34825	27300
34826	27301
34827	27301
34828	27302
34829	27304
34830	27305
34831	27305
34832	27306
34833	27308
34834	27309
34835	27309
34836	27309
34837	27309
34838	27310
34839	27312
34840	27313
34841	27313
34842	27314
34843	27316
34844	27317
34845	27317
34846	27318
34847	27320
34848	27321
34849	27321
34850	27321
34851	27321
34852	27321
34853	27321
34854	27322
34855	27322
34856	27323
34857	27323
34858	27324
34859	27326
34860	27327
34861	27327
34862	27328
34863	27330
34864	27331
34865	27331
34866	27332
34867	27333
34868	27334
34869	27334
34870	27335
34871	27335
34872	27336
34873	27338
34874	27339
34875	27339
34876	27340
34877	27342
34878	27343
34879	27343
34880	27344
34881	27345
34882	27346
34883	27346
34884	27347
34885	27347
34886	27348
34887	27350
34888	27351
34889	27351
34890	27352
34891	27354
34892	27355
34893	27355
34894	27356
34895	27356
34896	27357
34897	27357
34898	27358
34899	27358
34900	27359
34901	27359
34902	27360
34903	27362
34904	27363
34905	27363
34906	27364
34907	27366
34908	27367
34909	27367
34910	27368
34911	27370
34912	27371
34913	27371
34914	27371
34915	27371
34916	27372
34917	27374
34918	27375
34919	27375
34920	27376
34921	27378
34922	27379
34923	27379
34924	27380
34925	27382
34926	27383
34927	27383
34928	27383
34929	27383
34930	27384
34931	27386
34932	27387
34933	27387
34934	27388
34935	27390
34936	27391
34937	27391
34938	27392
34939	27394
34940	27395
34941	27395
34942	27395
34943	27395
34944	27395
34945	27395
34946	27395
34947	27395
34948	27396
34949	27396
34950	27397
34951	27399
34952	27400
34953	27400
34954	27401
34955	27403
34956	27404
34957	27404
34958	27405
34959	27406
34960	27407
34961	27406
34962	27406
34963	27407
34964	27409
34965	27410
34966	27410
34967	27411
34968	27413
34969	27414
34970	27414
34971	27415
34972	27417
34973	27418
34974	27418
34975	27418
34976	27418
34977	27419
34978	27421
34979	27422
34980	27422
34981	27423
34982	27425
34983	27426
34984	27426
34985	27427
34986	27429
34987	27430
34988	27430
34989	27430
34990	27430
34991	27430
34992	27430
34993	27431
34994	27430
34995	27432
34996	27433
34997	27433
34998	27434
34999	27436
35000	27437
35001	27437
35002	27438
35003	27440
35004	27441
35005	27441
35006	27441
35007	27441
35008	27442
35009	27444
35010	27445
35011	27445
35012	27446
35013	27448
35014	27449
35015	27449
35016	27450
35017	27452
35018	27453
35019	27453
35020	27453
35021	27453
35022	27453
35023	27453
35024	27454
35025	27454
35026	27455
35027	27455
35028	27456
35029	27458
35030	27459
35031	27459
35032	27460
35033	27462
35034	27463
35035	27463
35036	27464
35037	27465
35038	27466
35039	27465
35040	27465
35041	27466
35042	27468
35043	27469
35044	27469
35045	27470
35046	27472
35047	27473
35048	27473
35049	27474
35050	27476
35051	27477
35052	27477
35053	27477
35054	27477
35055	27477
35056	27477
35057	27478
35058	27477
35059	27479
35060	27480
35061	27480
35062	27481
35063	27483
35064	27484
35065	27484
35066	27485
35067	27487
35068	27488
35069	27488
35070	27488
35071	27488
35072	27489
35073	27491
35074	27492
35075	27492
35076	27493
35077	27495
35078	27496
35079	27496
35080	27497
35081	27499
35082	27500
35083	27500
35084	27500
35085	27500
35086	27501
35087	27503
35088	27504
35089	27504
35090	27505
35091	27507
35092	27508
35093	27508
35094	27509
35095	27511
35096	27512
35097	27512
35098	27512
35099	27512
35100	27512
35101	27512
35102	27513
35103	27513
35104	27514
35105	27514
35106	27515
35107	27517
35108	27518
35109	27518
35110	27519
35111	27521
35112	27522
35113	27522
35114	27523
35115	27524
35116	27525
35117	27525
35118	27526
35119	27526
35120	27527
35121	27529
35122	27530
35123	27530
35124	27531
35125	27533
35126	27534
35127	27534
35128	27535
35129	27536
35130	27537
35131	27537
35132	27538
35133	27538
35134	27539
35135	27540
35136	27541
35137	27541
35138	27542
35139	27542
35140	27543
35141	27545
35142	27546
35143	27546
35144	27547
35145	27549
35146	27550
35147	27550
35148	27551
35149	27552
35150	27553
35151	27552
35152	27552
35153	27553
35154	27555
35155	27556
35156	27556
35157	27557
35158	27559
35159	27560
35160	27560
35161	27561
35162	27563
35163	27564
35164	27564
35165	27564
35166	27564
35167	27564
35168	27564
35169	27564
35170	27564
35171	27565
35172	27565
35173	27566
35174	27568
35175	27569
35176	27569
35177	27570
35178	27572
35179	27573
35180	27573
35181	27574
35182	27575
35183	27576
35184	27576
35185	27577
35186	27577
35187	27578
35188	27580
35189	27581
35190	27581
35191	27582
35192	27584
35193	27585
35194	27585
35195	27586
35196	27587
35197	27588
35198	27587
35199	27587
35200	27588
35201	27590
35202	27591
35203	27591
35204	27592
35205	27594
35206	27595
35207	27595
35208	27596
35209	27598
35210	27599
35211	27599
35212	27599
35213	27599
35214	27600
35215	27602
35216	27603
35217	27603
35218	27604
35219	27606
35220	27607
35221	27607
35222	27608
35223	27610
35224	27611
35225	27611
35226	27611
35227	27611
35228	27611
35229	27611
35230	27611
35231	27611
35232	27612
35233	27612
35234	27613
35235	27615
35236	27616
35237	27616
35238	27617
35239	27619
35240	27620
35241	27620
35242	27621
35243	27622
35244	27623
35245	27623
35246	27624
35247	27624
35248	27625
35249	27627
35250	27628
35251	27628
35252	27629
35253	27631
35254	27632
35255	27632
35256	27633
35257	27634
35258	27635
35259	27634
35260	27634
35261	27635
35262	27637
35263	27638
35264	27638
35265	27639
35266	27641
35267	27642
35268	27642
35269	27643
35270	27645
35271	27646
35272	27646
35273	27646
35274	27646
35275	27647
35276	27649
35277	27650
35278	27650
35279	27651
35280	27653
35281	27654
35282	27654
35283	27655
35284	27657
35285	27658
35286	27658
35287	27658
35288	27658
35289	27659
35290	27661
35291	27662
35292	27662
35293	27663
35294	27665
35295	27666
35296	27666
35297	27667
35298	27669
35299	27670
35300	27670
35301	27670
35302	27669
35303	27669
35304	27670
35305	27672
35306	27673
35307	27673
35308	27674
35309	27676
35310	27677
35311	27677
35312	27678
35313	27680
35314	27681
35315	27681
35316	27681
35317	27681
35318	27682
35319	27684
35320	27685
35321	27685
35322	27686
35323	27688
35324	27689
35325	27689
35326	27690
35327	27692
35328	27693
35329	27693
35330	27693
35331	27693
35332	27694
35333	27696
35334	27697
35335	27697
35336	27698
35337	27700
35338	27701
35339	27701
35340	27702
35341	27704
35342	27705
35343	27705
35344	27705
35345	27705
35346	27705
35347	27705
35348	27706
35349	27706
35350	27707
35351	27707
35352	27708
35353	27710
35354	27711
35355	27711
35356	27712
35357	27714
35358	27715
35359	27715
35360	27716
35361	27717
35362	27718
35363	27718
35364	27719
35365	27719
35366	27720
35367	27722
35368	27723
35369	27723
35370	27724
35371	27726
35372	27727
35373	27727
35374	27728
35375	27729
35376	27730
35377	27730
35378	27731
35379	27731
35380	27732
35381	27734
35382	27735
35383	27735
35384	27736
35385	27738
35386	27739
35387	27739
35388	27740
35389	27740
35390	27741
35391	27741
35392	27742
35393	27742
35394	27743
35395	27743
35396	27744
35397	27746
35398	27747
35399	27747
35400	27748
35401	27750
35402	27751
35403	27751
35404	27752
35405	27754
35406	27755
35407	27755
35408	27755
35409	27755
35410	27756
35411	27758
35412	27759
35413	27759
35414	27760
35415	27762
35416	27763
35417	27763
35418	27764
35419	27766
35420	27767
35421	27767
35422	27767
35423	27767
35424	27768
35425	27770
35426	27771
35427	27771
35428	27772
35429	27774
35430	27775
35431	27775
35432	27776
35433	27778
35434	27779
35435	27779
35436	27779
35437	27779
35438	27779
35439	27779
35440	27779
35441	27779
35442	27780
35443	27780
35444	27781
35445	27783
35446	27784
35447	27784
35448	27785
35449	27787
35450	27788
35451	27788
35452	27789
35453	27790
35454	27791
35455	27790
35456	27790
35457	27790
35458	27790
35459	27791
35460	27791
35461	27792
35462	27792
35463	27793
35464	27794
35465	27795
35466	27795
35467	27796
35468	27798
35469	27799
35470	27799
35471	27800
35472	27801
35473	27802
35474	27802
35475	27803
35476	27803
35477	27804
35478	27806
35479	27807
35480	27807
35481	27808
35482	27810
35483	27811
35484	27811
35485	27812
35486	27813
35487	27814
35488	27813
35489	27813
35490	27814
35491	27816
35492	27817
35493	27817
35494	27818
35495	27820
35496	27821
35497	27821
35498	27822
35499	27824
35500	27825
35501	27825
35502	27825
35503	27825
35504	27825
35505	27825
35506	27826
35507	27825
35508	27827
35509	27828
35510	27828
35511	27829
35512	27831
35513	27832
35514	27832
35515	27833
35516	27835
35517	27836
35518	27836
35519	27836
35520	27836
35521	27836
35522	27836
35523	27837
35524	27837
35525	27838
35526	27838
35527	27839
35528	27841
35529	27842
35530	27842
35531	27843
35532	27845
35533	27846
35534	27846
35535	27847
35536	27848
35537	27849
35538	27848
35539	27848
35540	27849
35541	27851
35542	27852
35543	27852
35544	27853
35545	27855
35546	27856
35547	27856
35548	27857
35549	27859
35550	27860
35551	27860
35552	27860
35553	27860
35554	27861
35555	27863
35556	27864
35557	27864
35558	27865
35559	27867
35560	27868
35561	27868
35562	27869
35563	27871
35564	27872
35565	27872
35566	27872
35567	27872
35568	27873
35569	27875
35570	27876
35571	27876
35572	27877
35573	27879
35574	27880
35575	27880
35576	27881
35577	27883
35578	27884
35579	27884
35580	27884
35581	27883
35582	27883
35583	27883
35584	27883
35585	27884
35586	27886
35587	27887
35588	27887
35589	27888
35590	27890
35591	27891
35592	27891
35593	27892
35594	27894
35595	27895
35596	27895
35597	27895
35598	27895
35599	27896
35600	27898
35601	27899
35602	27899
35603	27900
35604	27902
35605	27903
35606	27903
35607	27904
35608	27906
35609	27907
35610	27907
35611	27907
35612	27907
35613	27908
35614	27910
35615	27911
35616	27911
35617	27912
35618	27914
35619	27915
35620	27915
35621	27916
35622	27918
35623	27919
35624	27919
35625	27919
35626	27918
35627	27918
35628	27918
35629	27918
35630	27919
35631	27921
35632	27922
35633	27922
35634	27923
35635	27925
35636	27926
35637	27926
35638	27927
35639	27929
35640	27930
35641	27930
35642	27930
35643	27930
35644	27931
35645	27933
35646	27934
35647	27934
35648	27935
35649	27937
35650	27938
35651	27938
35652	27939
35653	27941
35654	27942
35655	27942
35656	27942
35657	27942
35658	27943
35659	27945
35660	27946
35661	27946
35662	27947
35663	27949
35664	27950
35665	27950
35666	27951
35667	27953
35668	27954
35669	27954
35670	27954
35671	27953
35672	27953
35673	27954
35674	27956
35675	27957
35676	27957
35677	27958
35678	27960
35679	27961
35680	27961
35681	27962
35682	27964
35683	27965
35684	27965
35685	27965
35686	27965
35687	27966
35688	27968
35689	27969
35690	27969
35691	27970
35692	27972
35693	27973
35694	27973
35695	27974
35696	27976
35697	27977
35698	27977
35699	27977
35700	27977
35701	27978
35702	27980
35703	27981
35704	27981
35705	27982
35706	27984
35707	27985
35708	27985
35709	27986
35710	27988
35711	27989
35712	27989
35713	27989
35714	27989
35715	27989
35716	27989
35717	27990
35718	27990
35719	27991
35720	27991
35721	27992
35722	27994
35723	27995
35724	27995
35725	27996
35726	27998
35727	27999
35728	27999
35729	28000
35730	28001
35731	28002
35732	28002
35733	28003
35734	28003
35735	28004
35736	28006
35737	28007
35738	28007
35739	28008
35740	28010
35741	28011
35742	28011
35743	28012
35744	28013
35745	28014
35746	28014
35747	28015
35748	28015
35749	28016
35750	28018
35751	28019
35752	28019
35753	28020
35754	28022
35755	28023
35756	28023
35757	28024
35758	28024
35759	28025
35760	28024
35761	28024
35762	28025
35763	28025
35764	28026
35765	28026
35766	28027
35767	28029
35768	28030
35769	28030
35770	28031
35771	28033
35772	28034
35773	28034
35774	28035
35775	28036
35776	28037
35777	28037
35778	28038
35779	28038
35780	28039
35781	28041
35782	28042
35783	28042
35784	28043
35785	28045
35786	28046
35787	28046
35788	28047
35789	28048
35790	28049
35791	28049
35792	28050
35793	28050
35794	28051
35795	28053
35796	28054
35797	28054
35798	28055
35799	28057
35800	28058
35801	28058
35802	28059
35803	28059
35804	28060
35805	28060
35806	28061
35807	28061
35808	28062
35809	28062
35810	28063
35811	28065
35812	28066
35813	28066
35814	28067
35815	28069
35816	28070
35817	28070
35818	28071
35819	28073
35820	28074
35821	28074
35822	28074
35823	28074
35824	28074
35825	28074
35826	28075
35827	28075
35828	28076
35829	28076
35830	28077
35831	28079
35832	28080
35833	28080
35834	28081
35835	28083
35836	28084
35837	28084
35838	28085
35839	28086
35840	28087
35841	28087
35842	28088
35843	28088
35844	28089
35845	28091
35846	28092
35847	28092
35848	28093
35849	28095
35850	28096
35851	28096
35852	28097
35853	28098
35854	28099
35855	28099
35856	28100
35857	28100
35858	28101
35859	28103
35860	28104
35861	28104
35862	28105
35863	28107
35864	28108
35865	28108
35866	28109
35867	28109
35868	28110
35869	28109
35870	28109
35871	28110
35872	28109
35873	28111
35874	28112
35875	28112
35876	28113
35877	28115
35878	28116
35879	28116
35880	28117
35881	28119
35882	28120
35883	28120
35884	28120
35885	28120
35886	28120
35887	28120
35888	28121
35889	28121
35890	28122
35891	28122
35892	28123
35893	28125
35894	28126
35895	28126
35896	28127
35897	28129
35898	28130
35899	28130
35900	28131
35901	28132
35902	28133
35903	28132
35904	28132
35905	28133
35906	28135
35907	28136
35908	28136
35909	28137
35910	28139
35911	28140
35912	28140
35913	28141
35914	28143
35915	28144
35916	28144
35917	28144
35918	28144
35919	28144
35920	28144
35921	28145
35922	28145
35923	28146
35924	28146
35925	28147
35926	28149
35927	28150
35928	28150
35929	28151
35930	28153
35931	28154
35932	28154
35933	28155
35934	28156
35935	28157
35936	28157
35937	28158
35938	28158
35939	28159
35940	28161
35941	28162
35942	28162
35943	28163
35944	28165
35945	28166
35946	28166
35947	28167
35948	28168
35949	28169
35950	28169
35951	28170
35952	28170
35953	28171
35954	28173
35955	28174
35956	28174
35957	28175
35958	28177
35959	28178
35960	28178
35961	28179
35962	28179
35963	28180
35964	28179
35965	28179
35966	28180
35967	28180
35968	28181
35969	28181
35970	28182
35971	28184
35972	28185
35973	28185
35974	28186
35975	28188
35976	28189
35977	28189
35978	28190
35979	28191
35980	28192
35981	28192
35982	28193
35983	28193
35984	28194
35985	28196
35986	28197
35987	28197
35988	28198
35989	28200
35990	28201
35991	28201
35992	28202
35993	28203
35994	28204
35995	28204
35996	28205
35997	28205
35998	28206
35999	28208
36000	28209
36001	28209
36002	28210
36003	28212
36004	28213
36005	28213
36006	28214
36007	28214
36008	28215
36009	28215
36010	28216
36011	28216
36012	28217
36013	28217
36014	28217
36015	28217
36016	28218
36017	28220
36018	28221
36019	28221
36020	28222
36021	28224
36022	28225
36023	28225
36024	28226
36025	28228
36026	28229
36027	28229
36028	28229
36029	28229
36030	28230
36031	28232
36032	28233
36033	28233
36034	28234
36035	28236
36036	28237
36037	28237
36038	28238
36039	28240
36040	28241
36041	28241
36042	28241
36043	28241
36044	28242
36045	28244
36046	28245
36047	28245
36048	28246
36049	28248
36050	28249
36051	28249
36052	28250
36053	28252
36054	28253
36055	28253
36056	28253
36057	28252
36058	28252
36059	28252
36060	28252
36061	28253
36062	28255
36063	28256
36064	28256
36065	28257
36066	28259
36067	28260
36068	28260
36069	28261
36070	28263
36071	28264
36072	28264
36073	28264
36074	28264
36075	28264
36076	28264
36077	28265
36078	28265
36079	28266
36080	28266
36081	28267
36082	28269
36083	28270
36084	28270
36085	28271
36086	28273
36087	28274
36088	28274
36089	28275
36090	28276
36091	28277
36092	28276
36093	28276
36094	28277
36095	28279
36096	28280
36097	28280
36098	28281
36099	28283
36100	28284
36101	28284
36102	28285
36103	28287
36104	28288
36105	28288
36106	28288
36107	28288
36108	28289
36109	28291
36110	28292
36111	28292
36112	28293
36113	28295
36114	28296
36115	28296
36116	28297
36117	28299
36118	28300
36119	28300
36120	28300
36121	28300
36122	28301
36123	28303
36124	28304
36125	28304
36126	28305
36127	28307
36128	28308
36129	28308
36130	28309
36131	28311
36132	28312
36133	28312
36134	28312
36135	28311
36136	28311
36137	28311
36138	28311
36139	28311
36140	28310
36141	28311
36142	28310
36143	28310
36144	28311
36145	28313
36146	28314
36147	28314
36148	28315
36149	28317
36150	28318
36151	28318
36152	28319
36153	28321
36154	28322
36155	28322
36156	28322
36157	28322
36158	28323
36159	28325
36160	28326
36161	28326
36162	28327
36163	28329
36164	28330
36165	28330
36166	28331
36167	28333
36168	28334
36169	28334
36170	28334
36171	28334
36172	28335
36173	28337
36174	28338
36175	28338
36176	28339
36177	28341
36178	28342
36179	28342
36180	28343
36181	28345
36182	28346
36183	28346
36184	28346
36185	28345
36186	28345
36187	28346
36188	28348
36189	28349
36190	28349
36191	28350
36192	28352
36193	28353
36194	28353
36195	28354
36196	28356
36197	28357
36198	28357
36199	28357
36200	28357
36201	28358
36202	28360
36203	28361
36204	28361
36205	28362
36206	28364
36207	28365
36208	28365
36209	28366
36210	28368
36211	28369
36212	28369
36213	28369
36214	28369
36215	28370
36216	28372
36217	28373
36218	28373
36219	28374
36220	28376
36221	28377
36222	28377
36223	28378
36224	28380
36225	28381
36226	28381
36227	28381
36228	28381
36229	28381
36230	28381
36231	28382
36232	28382
36233	28383
36234	28383
36235	28384
36236	28386
36237	28387
36238	28387
36239	28388
36240	28390
36241	28391
36242	28391
36243	28392
36244	28393
36245	28394
36246	28393
36247	28393
36248	28394
36249	28396
36250	28397
36251	28397
36252	28398
36253	28400
36254	28401
36255	28401
36256	28402
36257	28404
36258	28405
36259	28405
36260	28405
36261	28405
36262	28406
36263	28408
36264	28409
36265	28409
36266	28410
36267	28412
36268	28413
36269	28413
36270	28414
36271	28416
36272	28417
36273	28417
36274	28417
36275	28417
36276	28418
36277	28420
36278	28421
36279	28421
36280	28422
36281	28424
36282	28425
36283	28425
36284	28426
36285	28428
36286	28429
36287	28429
36288	28429
36289	28428
36290	28428
36291	28428
36292	28428
36293	28428
36294	28428
36295	28429
36296	28429
36297	28430
36298	28430
36299	28431
36300	28433
36301	28434
36302	28434
36303	28435
36304	28437
36305	28438
36306	28438
36307	28439
36308	28441
36309	28442
36310	28442
36311	28442
36312	28442
36313	28443
36314	28445
36315	28446
36316	28446
36317	28447
36318	28449
36319	28450
36320	28450
36321	28451
36322	28453
36323	28454
36324	28454
36325	28454
36326	28454
36327	28455
36328	28457
36329	28458
36330	28458
36331	28459
36332	28461
36333	28462
36334	28462
36335	28463
36336	28465
36337	28466
36338	28466
36339	28466
36340	28466
36341	28466
36342	28466
36343	28467
36344	28467
36345	28468
36346	28468
36347	28469
36348	28471
36349	28472
36350	28472
36351	28473
36352	28475
36353	28476
36354	28476
36355	28477
36356	28478
36357	28479
36358	28479
36359	28480
36360	28480
36361	28481
36362	28483
36363	28484
36364	28484
36365	28485
36366	28487
36367	28488
36368	28488
36369	28489
36370	28490
36371	28491
36372	28491
36373	28492
36374	28492
36375	28493
36376	28495
36377	28496
36378	28496
36379	28497
36380	28499
36381	28500
36382	28500
36383	28501
36384	28501
36385	28502
36386	28502
36387	28503
36388	28503
36389	28504
36390	28504
36391	28505
36392	28507
36393	28508
36394	28508
36395	28509
36396	28511
36397	28512
36398	28512
36399	28513
36400	28515
36401	28516
36402	28516
36403	28516
36404	28516
36405	28517
36406	28519
36407	28520
36408	28520
36409	28521
36410	28523
36411	28524
36412	28524
36413	28525
36414	28527
36415	28528
36416	28528
36417	28528
36418	28528
36419	28528
36420	28528
36421	28528
36422	28527
36423	28527
36424	28528
36425	28530
36426	28531
36427	28531
36428	28532
36429	28534
36430	28535
36431	28535
36432	28536
36433	28537
36434	28538
36435	28538
36436	28538
36437	28538
36438	28539
36439	28541
36440	28542
36441	28542
36442	28543
36443	28545
36444	28546
36445	28546
36446	28547
36447	28549
36448	28550
36449	28550
36450	28550
36451	28550
36452	28551
36453	28553
36454	28554
36455	28554
36456	28555
36457	28557
36458	28558
36459	28558
36460	28559
36461	28561
36462	28562
36463	28562
36464	28562
36465	28562
36466	28562
36467	28561
36468	28561
36469	28562
36470	28564
36471	28565
36472	28565
36473	28566
36474	28568
36475	28569
36476	28569
36477	28570
36478	28572
36479	28573
36480	28573
36481	28573
36482	28573
36483	28574
36484	28576
36485	28577
36486	28577
36487	28578
36488	28580
36489	28581
36490	28581
36491	28582
36492	28584
36493	28585
36494	28585
36495	28585
36496	28585
36497	28585
36498	28585
36499	28585
36500	28585
36501	28586
36502	28586
36503	28587
36504	28589
36505	28590
36506	28590
36507	28591
36508	28593
36509	28594
36510	28594
36511	28595
36512	28596
36513	28597
36514	28597
36515	28598
36516	28598
36517	28599
36518	28601
36519	28602
36520	28602
36521	28603
36522	28605
36523	28606
36524	28606
36525	28607
36526	28608
36527	28609
36528	28608
36529	28608
36530	28609
36531	28611
36532	28612
36533	28612
36534	28613
36535	28615
36536	28616
36537	28616
36538	28617
36539	28619
36540	28620
36541	28620
36542	28620
36543	28620
36544	28620
36545	28620
36546	28620
36547	28620
36548	28621
36549	28621
36550	28622
36551	28623
36552	28624
36553	28624
36554	28625
36555	28625
36556	28626
36557	28628
36558	28629
36559	28629
36560	28630
36561	28632
36562	28633
36563	28633
36564	28634
36565	28635
36566	28636
36567	28635
36568	28635
36569	28636
36570	28638
36571	28639
36572	28639
36573	28640
36574	28642
36575	28643
36576	28643
36577	28644
36578	28646
36579	28647
36580	28647
36581	28647
36582	28647
36583	28648
36584	28650
36585	28651
36586	28651
36587	28652
36588	28654
36589	28655
36590	28655
36591	28656
36592	28658
36593	28659
36594	28659
36595	28659
36596	28659
36597	28660
36598	28662
36599	28663
36600	28663
36601	28664
36602	28666
36603	28667
36604	28667
36605	28668
36606	28670
36607	28671
36608	28671
36609	28671
36610	28670
36611	28670
36612	28671
36613	28673
36614	28674
36615	28674
36616	28675
36617	28677
36618	28678
36619	28678
36620	28679
36621	28681
36622	28682
36623	28682
36624	28682
36625	28682
36626	28683
36627	28685
36628	28686
36629	28686
36630	28687
36631	28689
36632	28690
36633	28690
36634	28691
36635	28693
36636	28694
36637	28694
36638	28694
36639	28694
36640	28695
36641	28697
36642	28698
36643	28698
36644	28699
36645	28701
36646	28702
36647	28702
36648	28703
36649	28705
36650	28706
36651	28706
36652	28706
36653	28706
36654	28706
36655	28706
36656	28706
36657	28706
36658	28707
36659	28707
36660	28708
36661	28710
36662	28711
36663	28711
36664	28712
36665	28714
36666	28715
36667	28715
36668	28716
36669	28717
36670	28718
36671	28718
36672	28719
36673	28719
36674	28720
36675	28722
36676	28723
36677	28723
36678	28724
36679	28726
36680	28727
36681	28727
36682	28728
36683	28729
36684	28730
36685	28729
36686	28729
36687	28730
36688	28732
36689	28733
36690	28733
36691	28734
36692	28736
36693	28737
36694	28737
36695	28738
36696	28740
36697	28741
36698	28741
36699	28741
36700	28741
36701	28742
36702	28744
36703	28745
36704	28745
36705	28746
36706	28748
36707	28749
36708	28749
36709	28750
36710	28752
36711	28753
36712	28753
36713	28753
36714	28753
36715	28754
36716	28756
36717	28757
36718	28757
36719	28758
36720	28760
36721	28761
36722	28761
36723	28762
36724	28764
36725	28765
36726	28765
36727	28765
36728	28764
36729	28764
36730	28765
36731	28767
36732	28768
36733	28768
36734	28769
36735	28771
36736	28772
36737	28772
36738	28773
36739	28775
36740	28776
36741	28776
36742	28776
36743	28776
36744	28777
36745	28779
36746	28780
36747	28780
36748	28781
36749	28783
36750	28784
36751	28784
36752	28785
36753	28787
36754	28788
36755	28788
36756	28788
36757	28788
36758	28789
36759	28791
36760	28792
36761	28792
36762	28793
36763	28795
36764	28796
36765	28796
36766	28797
36767	28799
36768	28800
36769	28800
36770	28800
36771	28800
36772	28800
36773	28800
36774	28800
36775	28800
36776	28801
36777	28801
36778	28802
36779	28804
36780	28805
36781	28805
36782	28806
36783	28808
36784	28809
36785	28809
36786	28810
36787	28811
36788	28812
36789	28812
36790	28813
36791	28813
36792	28814
36793	28816
36794	28817
36795	28817
36796	28818
36797	28820
36798	28821
36799	28821
36800	28822
36801	28823
36802	28824
36803	28823
36804	28823
36805	28823
36806	28823
36807	28824
36808	28824
36809	28825
36810	28825
36811	28825
36812	28825
36813	28826
36814	28828
36815	28829
36816	28829
36817	28830
36818	28832
36819	28833
36820	28833
36821	28834
36822	28836
36823	28837
36824	28837
36825	28837
36826	28837
36827	28837
36828	28837
36829	28837
36830	28836
36831	28836
36832	28837
36833	28839
36834	28840
36835	28840
36836	28841
36837	28843
36838	28844
36839	28844
36840	28845
36841	28847
36842	28848
36843	28848
36844	28848
36845	28848
36846	28849
36847	28851
36848	28852
36849	28852
36850	28853
36851	28855
36852	28856
36853	28856
36854	28857
36855	28859
36856	28860
36857	28860
36858	28860
36859	28860
36860	28860
36861	28860
36862	28861
36863	28860
36864	28862
36865	28863
36866	28863
36867	28864
36868	28866
36869	28867
36870	28867
36871	28868
36872	28870
36873	28871
36874	28871
36875	28871
36876	28871
36877	28872
36878	28874
36879	28875
36880	28875
36881	28876
36882	28878
36883	28879
36884	28879
36885	28880
36886	28882
36887	28883
36888	28883
36889	28883
36890	28883
36891	28883
36892	28883
36893	28883
36894	28883
36895	28884
36896	28884
36897	28885
36898	28887
36899	28888
36900	28888
36901	28889
36902	28891
36903	28892
36904	28892
36905	28893
36906	28894
36907	28895
36908	28895
36909	28896
36910	28896
36911	28897
36912	28899
36913	28900
36914	28900
36915	28901
36916	28903
36917	28904
36918	28904
36919	28905
36920	28906
36921	28907
36922	28906
36923	28906
36924	28907
36925	28909
36926	28910
36927	28910
36928	28911
36929	28913
36930	28914
36931	28914
36932	28915
36933	28917
36934	28918
36935	28918
36936	28918
36937	28918
36938	28919
36939	28921
36940	28922
36941	28922
36942	28923
36943	28925
36944	28926
36945	28926
36946	28927
36947	28929
36948	28930
36949	28930
36950	28930
36951	28930
36952	28931
36953	28933
36954	28934
36955	28934
36956	28935
36957	28937
36958	28938
36959	28938
36960	28939
36961	28941
36962	28942
36963	28942
36964	28942
36965	28941
36966	28941
36967	28942
36968	28944
36969	28945
36970	28945
36971	28946
36972	28948
36973	28949
36974	28949
36975	28950
36976	28952
36977	28953
36978	28953
36979	28953
36980	28953
36981	28954
36982	28956
36983	28957
36984	28957
36985	28958
36986	28960
36987	28961
36988	28961
36989	28962
36990	28964
36991	28965
36992	28965
36993	28965
36994	28965
36995	28966
36996	28968
36997	28969
36998	28969
36999	28970
37000	28972
37001	28973
37002	28973
37003	28974
37004	28976
37005	28977
37006	28977
37007	28977
37008	28977
37009	28977
37010	28977
37011	28977
37012	28977
37013	28978
37014	28978
37015	28979
37016	28981
37017	28982
37018	28982
37019	28983
37020	28985
37021	28986
37022	28986
37023	28987
37024	28988
37025	28989
37026	28989
37027	28990
37028	28990
37029	28991
37030	28993
37031	28994
37032	28994
37033	28995
37034	28997
37035	28998
37036	28998
37037	28999
37038	29000
37039	29001
37040	29000
37041	29000
37042	29001
37043	29003
37044	29004
37045	29004
37046	29005
37047	29007
37048	29008
37049	29008
37050	29009
37051	29011
37052	29012
37053	29012
37054	29012
37055	29012
37056	29013
37057	29015
37058	29016
37059	29016
37060	29017
37061	29019
37062	29020
37063	29020
37064	29021
37065	29023
37066	29024
37067	29024
37068	29024
37069	29024
37070	29024
37071	29024
37072	29025
37073	29025
37074	29026
37075	29026
37076	29027
37077	29029
37078	29030
37079	29030
37080	29031
37081	29033
37082	29034
37083	29034
37084	29035
37085	29036
37086	29037
37087	29037
37088	29038
37089	29038
37090	29039
37091	29041
37092	29042
37093	29042
37094	29043
37095	29045
37096	29046
37097	29046
37098	29047
37099	29048
37100	29049
37101	29049
37102	29050
37103	29050
37104	29051
37105	29053
37106	29054
37107	29054
37108	29055
37109	29057
37110	29058
37111	29058
37112	29059
37113	29059
37114	29060
37115	29060
37116	29061
37117	29061
37118	29062
37119	29062
37120	29063
37121	29065
37122	29066
37123	29066
37124	29067
37125	29069
37126	29070
37127	29070
37128	29071
37129	29073
37130	29074
37131	29074
37132	29074
37133	29074
37134	29075
37135	29077
37136	29078
37137	29078
37138	29079
37139	29081
37140	29082
37141	29082
37142	29083
37143	29085
37144	29086
37145	29086
37146	29086
37147	29086
37148	29087
37149	29089
37150	29090
37151	29090
37152	29091
37153	29093
37154	29094
37155	29094
37156	29095
37157	29097
37158	29098
37159	29098
37160	29098
37161	29098
37162	29098
37163	29098
37164	29099
37165	29099
37166	29100
37167	29100
37168	29101
37169	29103
37170	29104
37171	29104
37172	29105
37173	29107
37174	29108
37175	29108
37176	29109
37177	29110
37178	29111
37179	29111
37180	29112
37181	29112
37182	29113
37183	29115
37184	29116
37185	29116
37186	29117
37187	29119
37188	29120
37189	29120
37190	29121
37191	29122
37192	29123
37193	29123
37194	29124
37195	29124
37196	29125
37197	29127
37198	29128
37199	29128
37200	29129
37201	29131
37202	29132
37203	29132
37204	29133
37205	29133
37206	29134
37207	29133
37208	29133
37209	29134
37210	29134
37211	29135
37212	29135
37213	29136
37214	29138
37215	29139
37216	29139
37217	29140
37218	29142
37219	29143
37220	29143
37221	29144
37222	29145
37223	29146
37224	29146
37225	29147
37226	29147
37227	29148
37228	29150
37229	29151
37230	29151
37231	29152
37232	29154
37233	29155
37234	29155
37235	29156
37236	29157
37237	29158
37238	29158
37239	29159
37240	29159
37241	29160
37242	29162
37243	29163
37244	29163
37245	29164
37246	29166
37247	29167
37248	29167
37249	29168
37250	29168
37251	29169
37252	29169
37253	29170
37254	29170
37255	29171
37256	29171
37257	29171
37258	29171
37259	29172
37260	29174
37261	29175
37262	29175
37263	29176
37264	29178
37265	29179
37266	29179
37267	29180
37268	29182
37269	29183
37270	29183
37271	29183
37272	29183
37273	29184
37274	29186
37275	29187
37276	29187
37277	29188
37278	29190
37279	29191
37280	29191
37281	29192
37282	29194
37283	29195
37284	29195
37285	29195
37286	29195
37287	29196
37288	29198
37289	29199
37290	29199
37291	29200
37292	29202
37293	29203
37294	29203
37295	29204
37296	29206
37297	29207
37298	29207
37299	29207
37300	29206
37301	29206
37302	29206
37303	29206
37304	29206
37305	29206
37306	29207
37307	29207
37308	29208
37309	29208
37310	29209
37311	29211
37312	29212
37313	29212
37314	29213
37315	29215
37316	29216
37317	29216
37318	29217
37319	29219
37320	29220
37321	29220
37322	29220
37323	29220
37324	29221
37325	29223
37326	29224
37327	29224
37328	29225
37329	29227
37330	29228
37331	29228
37332	29229
37333	29231
37334	29232
37335	29232
37336	29232
37337	29232
37338	29232
37339	29232
37340	29232
37341	29232
37342	29233
37343	29233
37344	29234
37345	29236
37346	29237
37347	29237
37348	29238
37349	29240
37350	29241
37351	29241
37352	29242
37353	29243
37354	29244
37355	29244
37356	29245
37357	29245
37358	29246
37359	29248
37360	29249
37361	29249
37362	29250
37363	29252
37364	29253
37365	29253
37366	29254
37367	29255
37368	29256
37369	29255
37370	29255
37371	29256
37372	29258
37373	29259
37374	29259
37375	29260
37376	29262
37377	29263
37378	29263
37379	29264
37380	29266
37381	29267
37382	29267
37383	29267
37384	29267
37385	29268
37386	29270
37387	29271
37388	29271
37389	29272
37390	29274
37391	29275
37392	29275
37393	29276
37394	29278
37395	29279
37396	29279
37397	29279
37398	29279
37399	29280
37400	29282
37401	29283
37402	29283
37403	29284
37404	29286
37405	29287
37406	29287
37407	29288
37408	29290
37409	29291
37410	29291
37411	29291
37412	29290
37413	29290
37414	29291
37415	29293
37416	29294
37417	29294
37418	29295
37419	29297
37420	29298
37421	29298
37422	29299
37423	29301
37424	29302
37425	29302
37426	29302
37427	29302
37428	29302
37429	29302
37430	29303
37431	29303
37432	29304
37433	29304
37434	29305
37435	29307
37436	29308
37437	29308
37438	29309
37439	29311
37440	29312
37441	29312
37442	29313
37443	29314
37444	29315
37445	29315
37446	29316
37447	29316
37448	29317
37449	29318
37450	29319
37451	29319
37452	29320
37453	29320
37454	29321
37455	29323
37456	29324
37457	29324
37458	29325
37459	29327
37460	29328
37461	29328
37462	29329
37463	29330
37464	29331
37465	29330
37466	29330
37467	29331
37468	29333
37469	29334
37470	29334
37471	29335
37472	29337
37473	29338
37474	29338
37475	29339
37476	29341
37477	29342
37478	29342
37479	29342
37480	29342
37481	29343
37482	29345
37483	29346
37484	29346
37485	29347
37486	29349
37487	29350
37488	29350
37489	29351
37490	29353
37491	29354
37492	29354
37493	29354
37494	29354
37495	29354
37496	29354
37497	29355
37498	29355
37499	29356
37500	29356
37501	29357
37502	29359
37503	29360
37504	29360
37505	29361
37506	29363
37507	29364
37508	29364
37509	29365
37510	29366
37511	29367
37512	29367
37513	29368
37514	29368
37515	29369
37516	29371
37517	29372
37518	29372
37519	29373
37520	29375
37521	29376
37522	29376
37523	29377
37524	29378
37525	29379
37526	29379
37527	29380
37528	29380
37529	29381
37530	29383
37531	29384
37532	29384
37533	29385
37534	29387
37535	29388
37536	29388
37537	29389
37538	29389
37539	29390
37540	29389
37541	29389
37542	29390
37543	29389
37544	29391
37545	29392
37546	29392
37547	29393
37548	29395
37549	29396
37550	29396
37551	29397
37552	29399
37553	29400
37554	29400
37555	29400
37556	29400
37557	29401
37558	29403
37559	29404
37560	29404
37561	29405
37562	29407
37563	29408
37564	29408
37565	29409
37566	29411
37567	29412
37568	29412
37569	29412
37570	29412
37571	29413
37572	29414
37573	29415
37574	29415
37575	29416
37576	29416
37577	29417
37578	29419
37579	29420
37580	29420
37581	29421
37582	29423
37583	29424
37584	29424
37585	29425
37586	29427
37587	29428
37588	29428
37589	29428
37590	29428
37591	29428
37592	29428
37593	29428
37594	29428
37595	29429
37596	29429
37597	29430
37598	29432
37599	29433
37600	29433
37601	29434
37602	29436
37603	29437
37604	29437
37605	29438
37606	29439
37607	29440
37608	29439
37609	29439
37610	29439
37611	29439
37612	29440
37613	29440
37614	29441
37615	29441
37616	29441
37617	29441
37618	29442
37619	29444
37620	29445
37621	29445
37622	29446
37623	29448
37624	29449
37625	29449
37626	29450
37627	29452
37628	29453
37629	29453
37630	29453
37631	29453
37632	29454
37633	29456
37634	29457
37635	29457
37636	29458
37637	29460
37638	29461
37639	29461
37640	29462
37641	29464
37642	29465
37643	29465
37644	29465
37645	29465
37646	29465
37647	29465
37648	29466
37649	29465
37650	29467
37651	29468
37652	29468
37653	29469
37654	29471
37655	29472
37656	29472
37657	29473
37658	29475
37659	29476
37660	29476
37661	29476
37662	29476
37663	29477
37664	29479
37665	29480
37666	29480
37667	29481
37668	29482
37669	29483
37670	29482
37671	29482
37672	29482
37673	29482
37674	29483
37675	29483
37676	29484
37677	29484
37678	29485
37679	29487
37680	29488
37681	29488
37682	29489
37683	29491
37684	29492
37685	29492
37686	29493
37687	29495
37688	29496
37689	29496
37690	29496
37691	29496
37692	29497
37693	29499
37694	29500
37695	29500
37696	29501
37697	29503
37698	29504
37699	29504
37700	29505
37701	29507
37702	29508
37703	29508
37704	29508
37705	29508
37706	29509
37707	29511
37708	29512
37709	29512
37710	29513
37711	29515
37712	29516
37713	29516
37714	29517
37715	29519
37716	29520
37717	29520
37718	29520
37719	29520
37720	29520
37721	29520
37722	29521
37723	29521
37724	29522
37725	29522
37726	29523
37727	29525
37728	29526
37729	29526
37730	29527
37731	29529
37732	29530
37733	29530
37734	29531
37735	29532
37736	29533
37737	29533
37738	29534
37739	29534
37740	29535
37741	29537
37742	29538
37743	29538
37744	29539
37745	29541
37746	29542
37747	29542
37748	29543
37749	29544
37750	29545
37751	29545
37752	29546
37753	29546
37754	29547
37755	29549
37756	29550
37757	29550
37758	29551
37759	29553
37760	29554
37761	29554
37762	29555
37763	29555
37764	29556
37765	29556
37766	29557
37767	29557
37768	29558
37769	29558
37770	29559
37771	29561
37772	29562
37773	29562
37774	29563
37775	29565
37776	29566
37777	29566
37778	29567
37779	29569
37780	29570
37781	29570
37782	29570
37783	29570
37784	29571
37785	29573
37786	29574
37787	29574
37788	29575
37789	29577
37790	29578
37791	29578
37792	29579
37793	29581
37794	29582
37795	29582
37796	29582
37797	29582
37798	29582
37799	29582
37800	29583
37801	29583
37802	29584
37803	29584
37804	29585
37805	29587
37806	29588
37807	29588
37808	29589
37809	29591
37810	29592
37811	29592
37812	29593
37813	29594
37814	29595
37815	29595
37816	29596
37817	29596
37818	29597
37819	29599
37820	29600
37821	29600
37822	29601
37823	29603
37824	29604
37825	29604
37826	29605
37827	29606
37828	29607
37829	29607
37830	29608
37831	29608
37832	29609
37833	29611
37834	29612
37835	29612
37836	29613
37837	29615
37838	29616
37839	29616
37840	29617
37841	29617
37842	29618
37843	29618
37844	29619
37845	29619
37846	29620
37847	29620
37848	29621
37849	29623
37850	29624
37851	29624
37852	29625
37853	29627
37854	29628
37855	29628
37856	29629
37857	29631
37858	29632
37859	29632
37860	29632
37861	29632
37862	29633
37863	29635
37864	29636
37865	29636
37866	29637
37867	29639
37868	29640
37869	29640
37870	29641
37871	29643
37872	29644
37873	29644
37874	29644
37875	29644
37876	29645
37877	29647
37878	29648
37879	29648
37880	29649
37881	29651
37882	29652
37883	29652
37884	29653
37885	29655
37886	29656
37887	29656
37888	29656
37889	29656
37890	29656
37891	29656
37892	29657
37893	29657
37894	29658
37895	29658
37896	29659
37897	29661
37898	29662
37899	29662
37900	29663
37901	29665
37902	29666
37903	29666
37904	29667
37905	29668
37906	29669
37907	29669
37908	29670
37909	29670
37910	29671
37911	29673
37912	29674
37913	29674
37914	29675
37915	29677
37916	29678
37917	29678
37918	29679
37919	29680
37920	29681
37921	29681
37922	29682
37923	29682
37924	29683
37925	29685
37926	29686
37927	29686
37928	29687
37929	29689
37930	29690
37931	29690
37932	29691
37933	29691
37934	29692
37935	29692
37936	29693
37937	29693
37938	29694
37939	29694
37940	29695
37941	29697
37942	29698
37943	29698
37944	29699
37945	29701
37946	29702
37947	29702
37948	29703
37949	29705
37950	29706
37951	29706
37952	29706
37953	29706
37954	29707
37955	29709
37956	29710
37957	29710
37958	29711
37959	29713
37960	29714
37961	29714
37962	29715
37963	29717
37964	29718
37965	29718
37966	29718
37967	29718
37968	29719
37969	29721
37970	29722
37971	29722
37972	29723
37973	29725
37974	29726
37975	29726
37976	29727
37977	29729
37978	29730
37979	29730
37980	29730
37981	29730
37982	29730
37983	29730
37984	29730
37985	29730
37986	29731
37987	29731
37988	29732
37989	29734
37990	29735
37991	29735
37992	29736
37993	29738
37994	29739
37995	29739
37996	29740
37997	29741
37998	29742
37999	29742
38000	29743
38001	29743
38002	29744
38003	29746
38004	29747
38005	29747
38006	29748
38007	29750
38008	29751
38009	29751
38010	29752
38011	29753
38012	29754
38013	29753
38014	29753
38015	29754
38016	29756
38017	29757
38018	29757
38019	29758
38020	29760
38021	29761
38022	29761
38023	29762
38024	29764
38025	29765
38026	29765
38027	29765
38028	29765
38029	29766
38030	29768
38031	29769
38032	29769
38033	29770
38034	29772
38035	29773
38036	29773
38037	29774
38038	29776
38039	29777
38040	29777
38041	29777
38042	29777
38043	29778
38044	29780
38045	29781
38046	29781
38047	29782
38048	29784
38049	29785
38050	29785
38051	29786
38052	29788
38053	29789
38054	29789
38055	29789
38056	29788
38057	29788
38058	29789
38059	29791
38060	29792
38061	29792
38062	29793
38063	29795
38064	29796
38065	29796
38066	29797
38067	29799
38068	29800
38069	29800
38070	29800
38071	29800
38072	29801
38073	29803
38074	29804
38075	29804
38076	29805
38077	29807
38078	29808
38079	29808
38080	29809
38081	29811
38082	29812
38083	29812
38084	29812
38085	29812
38086	29812
38087	29812
38088	29813
38089	29812
38090	29814
38091	29815
38092	29815
38093	29816
38094	29818
38095	29819
38096	29819
38097	29820
38098	29822
38099	29823
38100	29823
38101	29823
38102	29823
38103	29824
38104	29826
38105	29827
38106	29827
38107	29828
38108	29830
38109	29831
38110	29831
38111	29832
38112	29834
38113	29835
38114	29835
38115	29835
38116	29835
38117	29835
38118	29835
38119	29835
38120	29834
38121	29834
38122	29835
38123	29837
38124	29838
38125	29838
38126	29839
38127	29841
38128	29842
38129	29842
38130	29843
38131	29845
38132	29846
38133	29846
38134	29846
38135	29846
38136	29846
38137	29846
38138	29847
38139	29846
38140	29848
38141	29849
38142	29849
38143	29850
38144	29852
38145	29853
38146	29853
38147	29854
38148	29856
38149	29857
38150	29857
38151	29857
38152	29857
38153	29858
38154	29860
38155	29861
38156	29861
38157	29862
38158	29864
38159	29865
38160	29865
38161	29866
38162	29868
38163	29869
38164	29869
38165	29869
38166	29869
38167	29870
38168	29872
38169	29873
38170	29873
38171	29874
38172	29876
38173	29877
38174	29877
38175	29878
38176	29880
38177	29881
38178	29881
38179	29881
38180	29881
38181	29881
38182	29881
38183	29882
38184	29882
38185	29883
38186	29883
38187	29884
38188	29886
38189	29887
38190	29887
38191	29888
38192	29890
38193	29891
38194	29891
38195	29892
38196	29893
38197	29894
38198	29893
38199	29893
38200	29894
38201	29896
38202	29897
38203	29897
38204	29898
38205	29900
38206	29901
38207	29901
38208	29902
38209	29904
38210	29905
38211	29905
38212	29905
38213	29905
38214	29906
38215	29908
38216	29909
38217	29909
38218	29910
38219	29912
38220	29913
38221	29913
38222	29914
38223	29916
38224	29917
38225	29917
38226	29917
38227	29917
38228	29918
38229	29920
38230	29921
38231	29921
38232	29922
38233	29924
38234	29925
38235	29925
38236	29926
38237	29928
38238	29929
38239	29929
38240	29929
38241	29928
38242	29928
38243	29929
38244	29931
38245	29932
38246	29932
38247	29933
38248	29935
38249	29936
38250	29936
38251	29937
38252	29939
38253	29940
38254	29940
38255	29940
38256	29940
38257	29941
38258	29943
38259	29944
38260	29944
38261	29945
38262	29947
38263	29948
38264	29948
38265	29949
38266	29951
38267	29952
38268	29952
38269	29952
38270	29952
38271	29953
38272	29955
38273	29956
38274	29956
38275	29957
38276	29959
38277	29960
38278	29960
38279	29961
38280	29963
38281	29964
38282	29964
38283	29964
38284	29964
38285	29964
38286	29964
38287	29964
38288	29963
38289	29963
38290	29963
38291	29963
38292	29963
38293	29963
38294	29964
38295	29964
38296	29965
38297	29965
38298	29966
38299	29968
38300	29969
38301	29969
38302	29970
38303	29972
38304	29973
38305	29973
38306	29974
38307	29976
38308	29977
38309	29977
38310	29977
38311	29977
38312	29977
38313	29976
38314	29976
38315	29977
38316	29979
38317	29980
38318	29980
38319	29981
38320	29983
38321	29984
38322	29984
38323	29985
38324	29987
38325	29988
38326	29988
38327	29988
38328	29988
38329	29989
38330	29991
38331	29992
38332	29992
38333	29993
38334	29994
38335	29995
38336	29995
38337	29996
38338	29996
38339	29997
38340	29999
38341	30000
38342	30000
38343	30001
38344	30003
38345	30004
38346	30004
38347	30005
38348	30006
38349	30007
38350	30006
38351	30006
38352	30007
38353	30009
38354	30010
38355	30010
38356	30011
38357	30013
38358	30014
38359	30014
38360	30015
38361	30017
38362	30018
38363	30018
38364	30018
38365	30018
38366	30019
38367	30021
38368	30022
38369	30022
38370	30023
38371	30025
38372	30026
38373	30026
38374	30027
38375	30029
38376	30030
38377	30030
38378	30030
38379	30030
38380	30030
38381	30030
38382	30031
38383	30031
38384	30032
38385	30032
38386	30033
38387	30035
38388	30036
38389	30036
38390	30037
38391	30039
38392	30040
38393	30040
38394	30041
38395	30042
38396	30043
38397	30043
38398	30044
38399	30044
38400	30045
38401	30047
38402	30048
38403	30048
38404	30049
38405	30051
38406	30052
38407	30052
38408	30053
38409	30054
38410	30055
38411	30055
38412	30056
38413	30056
38414	30057
38415	30059
38416	30060
38417	30060
38418	30061
38419	30063
38420	30064
38421	30064
38422	30065
38423	30065
38424	30066
38425	30066
38426	30067
38427	30067
38428	30068
38429	30068
38430	30069
38431	30071
38432	30072
38433	30072
38434	30073
38435	30075
38436	30076
38437	30076
38438	30077
38439	30079
38440	30080
38441	30080
38442	30080
38443	30080
38444	30081
38445	30083
38446	30084
38447	30084
38448	30085
38449	30087
38450	30088
38451	30088
38452	30089
38453	30091
38454	30092
38455	30092
38456	30092
38457	30092
38458	30093
38459	30095
38460	30096
38461	30096
38462	30097
38463	30099
38464	30100
38465	30100
38466	30101
38467	30103
38468	30104
38469	30104
38470	30104
38471	30104
38472	30104
38473	30104
38474	30104
38475	30104
38476	30105
38477	30105
38478	30106
38479	30108
38480	30109
38481	30109
38482	30110
38483	30112
38484	30113
38485	30113
38486	30114
38487	30115
38488	30116
38489	30116
38490	30117
38491	30117
38492	30118
38493	30120
38494	30121
38495	30121
38496	30122
38497	30124
38498	30125
38499	30125
38500	30126
38501	30127
38502	30128
38503	30127
38504	30127
38505	30128
38506	30130
38507	30131
38508	30131
38509	30132
38510	30134
38511	30135
38512	30135
38513	30136
38514	30138
38515	30139
38516	30139
38517	30139
38518	30139
38519	30140
38520	30142
38521	30143
38522	30143
38523	30144
38524	30146
38525	30147
38526	30147
38527	30148
38528	30150
38529	30151
38530	30151
38531	30151
38532	30151
38533	30151
38534	30151
38535	30152
38536	30151
38537	30153
38538	30154
38539	30154
38540	30155
38541	30157
38542	30158
38543	30158
38544	30159
38545	30161
38546	30162
38547	30162
38548	30162
38549	30162
38550	30163
38551	30165
38552	30166
38553	30166
38554	30167
38555	30169
38556	30170
38557	30170
38558	30171
38559	30173
38560	30174
38561	30174
38562	30174
38563	30174
38564	30175
38565	30177
38566	30178
38567	30178
38568	30179
38569	30181
38570	30182
38571	30182
38572	30183
38573	30185
38574	30186
38575	30186
38576	30186
38577	30186
38578	30186
38579	30186
38580	30186
38581	30185
38582	30185
38583	30186
38584	30188
38585	30189
38586	30189
38587	30190
38588	30192
38589	30193
38590	30193
38591	30194
38592	30196
38593	30197
38594	30197
38595	30197
38596	30197
38597	30198
38598	30200
38599	30201
38600	30201
38601	30202
38602	30204
38603	30205
38604	30205
38605	30206
38606	30208
38607	30209
38608	30209
38609	30209
38610	30209
38611	30210
38612	30212
38613	30213
38614	30213
38615	30214
38616	30216
38617	30217
38618	30217
38619	30218
38620	30220
38621	30221
38622	30221
38623	30221
38624	30221
38625	30221
38626	30221
38627	30222
38628	30221
38629	30223
38630	30224
38631	30224
38632	30225
38633	30227
38634	30228
38635	30228
38636	30229
38637	30231
38638	30232
38639	30232
38640	30232
38641	30232
38642	30233
38643	30235
38644	30236
38645	30236
38646	30237
38647	30239
38648	30240
38649	30240
38650	30241
38651	30243
38652	30244
38653	30244
38654	30244
38655	30244
38656	30244
38657	30244
38658	30244
38659	30243
38660	30243
38661	30244
38662	30246
38663	30247
38664	30247
38665	30248
38666	30250
38667	30251
38668	30251
38669	30252
38670	30254
38671	30255
38672	30255
38673	30255
38674	30255
38675	30256
38676	30258
38677	30259
38678	30259
38679	30260
38680	30262
38681	30263
38682	30263
38683	30264
38684	30266
38685	30267
38686	30267
38687	30267
38688	30267
38689	30268
38690	30270
38691	30271
38692	30271
38693	30272
38694	30274
38695	30275
38696	30275
38697	30276
38698	30278
38699	30279
38700	30279
38701	30279
38702	30279
38703	30279
38704	30279
38705	30279
38706	30278
38707	30278
38708	30278
38709	30278
38710	30279
38711	30281
38712	30282
38713	30282
38714	30283
38715	30285
38716	30286
38717	30286
38718	30287
38719	30289
38720	30290
38721	30290
38722	30290
38723	30290
38724	30291
38725	30293
38726	30294
38727	30294
38728	30295
38729	30297
38730	30298
38731	30298
38732	30299
38733	30301
38734	30302
38735	30302
38736	30302
38737	30302
38738	30302
38739	30302
38740	30302
38741	30302
38742	30303
38743	30303
38744	30304
38745	30306
38746	30307
38747	30307
38748	30308
38749	30310
38750	30311
38751	30311
38752	30312
38753	30313
38754	30314
38755	30314
38756	30315
38757	30315
38758	30316
38759	30318
38760	30319
38761	30319
38762	30320
38763	30322
38764	30323
38765	30323
38766	30324
38767	30325
38768	30326
38769	30325
38770	30325
38771	30326
38772	30328
38773	30329
38774	30329
38775	30330
38776	30332
38777	30333
38778	30333
38779	30334
38780	30336
38781	30337
38782	30337
38783	30337
38784	30337
38785	30338
38786	30340
38787	30341
38788	30341
38789	30342
38790	30344
38791	30345
38792	30345
38793	30346
38794	30348
38795	30349
38796	30349
38797	30349
38798	30349
38799	30349
38800	30348
38801	30348
38802	30348
38803	30348
38804	30349
38805	30351
38806	30352
38807	30352
38808	30353
38809	30355
38810	30356
38811	30356
38812	30357
38813	30359
38814	30360
38815	30360
38816	30360
38817	30360
38818	30361
38819	30363
38820	30364
38821	30364
38822	30365
38823	30367
38824	30368
38825	30368
38826	30369
38827	30371
38828	30372
38829	30372
38830	30372
38831	30372
38832	30372
38833	30372
38834	30373
38835	30373
38836	30374
38837	30374
38838	30375
38839	30377
38840	30378
38841	30378
38842	30379
38843	30381
38844	30382
38845	30382
38846	30383
38847	30384
38848	30385
38849	30384
38850	30384
38851	30385
38852	30387
38853	30388
38854	30388
38855	30389
38856	30391
38857	30392
38858	30392
38859	30393
38860	30395
38861	30396
38862	30396
38863	30396
38864	30396
38865	30397
38866	30399
38867	30400
38868	30400
38869	30401
38870	30403
38871	30404
38872	30404
38873	30405
38874	30407
38875	30408
38876	30408
38877	30408
38878	30408
38879	30408
38880	30408
38881	30408
38882	30408
38883	30409
38884	30409
38885	30410
38886	30412
38887	30413
38888	30413
38889	30414
38890	30416
38891	30417
38892	30417
38893	30418
38894	30419
38895	30420
38896	30420
38897	30421
38898	30421
38899	30422
38900	30424
38901	30425
38902	30425
38903	30426
38904	30428
38905	30429
38906	30429
38907	30430
38908	30431
38909	30432
38910	30431
38911	30431
38912	30432
38913	30434
38914	30435
38915	30435
38916	30436
38917	30438
38918	30439
38919	30439
38920	30440
38921	30442
38922	30443
38923	30443
38924	30443
38925	30443
38926	30444
38927	30446
38928	30447
38929	30447
38930	30448
38931	30450
38932	30451
38933	30451
38934	30452
38935	30454
38936	30455
38937	30455
38938	30455
38939	30455
38940	30456
38941	30458
38942	30459
38943	30459
38944	30460
38945	30462
38946	30463
38947	30463
38948	30464
38949	30466
38950	30467
38951	30467
38952	30467
38953	30466
38954	30466
38955	30466
38956	30466
38957	30466
38958	30466
38959	30467
38960	30467
38961	30468
38962	30468
38963	30469
38964	30471
38965	30472
38966	30472
38967	30473
38968	30475
38969	30476
38970	30476
38971	30477
38972	30478
38973	30479
38974	30479
38975	30479
38976	30479
38977	30480
38978	30482
38979	30483
38980	30483
38981	30484
38982	30486
38983	30487
38984	30487
38985	30488
38986	30490
38987	30491
38988	30491
38989	30491
38990	30491
38991	30492
38992	30494
38993	30495
38994	30495
38995	30496
38996	30498
38997	30499
38998	30499
38999	30500
39000	30502
39001	30503
39002	30503
39003	30503
39004	30503
39005	30503
39006	30503
39007	30504
39008	30503
39009	30505
39010	30506
39011	30506
39012	30507
39013	30509
39014	30510
39015	30510
39016	30511
39017	30513
39018	30514
39019	30514
39020	30514
39021	30514
39022	30515
39023	30517
39024	30518
39025	30518
39026	30519
39027	30521
39028	30522
39029	30522
39030	30523
39031	30525
39032	30526
39033	30526
39034	30526
39035	30526
39036	30526
39037	30525
39038	30525
39039	30526
39040	30528
39041	30529
39042	30529
39043	30530
39044	30532
39045	30533
39046	30533
39047	30534
39048	30536
39049	30537
39050	30537
39051	30537
39052	30537
39053	30537
39054	30537
39055	30537
39056	30537
39057	30538
39058	30538
39059	30539
39060	30541
39061	30542
39062	30542
39063	30543
39064	30545
39065	30546
39066	30546
39067	30547
39068	30548
39069	30549
39070	30548
39071	30548
39072	30548
39073	30547
39074	30548
39075	30548
39076	30549
39077	30549
39078	30550
39079	30550
39080	30551
39081	30553
39082	30554
39083	30554
39084	30555
39085	30557
39086	30558
39087	30558
39088	30559
39089	30561
39090	30562
39091	30562
39092	30562
39093	30562
39094	30562
39095	30562
39096	30562
39097	30561
39098	30561
39099	30562
39100	30564
39101	30565
39102	30565
39103	30566
39104	30568
39105	30569
39106	30569
39107	30570
39108	30572
39109	30573
39110	30573
39111	30573
39112	30573
39113	30574
39114	30576
39115	30577
39116	30577
39117	30578
39118	30580
39119	30581
39120	30581
39121	30582
39122	30584
39123	30585
39124	30585
39125	30585
39126	30585
39127	30586
39128	30588
39129	30589
39130	30589
39131	30590
39132	30592
39133	30593
39134	30593
39135	30594
39136	30596
39137	30597
39138	30597
39139	30597
39140	30597
39141	30597
39142	30597
39143	30598
39144	30598
39145	30599
39146	30599
39147	30600
39148	30602
39149	30603
39150	30603
39151	30604
39152	30606
39153	30607
39154	30607
39155	30608
39156	30609
39157	30610
39158	30609
39159	30609
39160	30610
39161	30612
39162	30613
39163	30613
39164	30614
39165	30616
39166	30617
39167	30617
39168	30618
39169	30620
39170	30621
39171	30621
39172	30621
39173	30621
39174	30622
39175	30624
39176	30625
39177	30625
39178	30626
39179	30628
39180	30629
39181	30629
39182	30630
39183	30632
39184	30633
39185	30633
39186	30633
39187	30633
39188	30634
39189	30636
39190	30637
39191	30637
39192	30638
39193	30640
39194	30641
39195	30641
39196	30642
39197	30644
39198	30645
39199	30645
39200	30645
39201	30644
39202	30644
39203	30645
39204	30647
39205	30648
39206	30648
39207	30649
39208	30651
39209	30652
39210	30652
39211	30653
39212	30655
39213	30656
39214	30656
39215	30656
39216	30656
39217	30656
39218	30656
39219	30657
39220	30657
39221	30658
39222	30658
39223	30659
39224	30661
39225	30662
39226	30662
39227	30663
39228	30665
39229	30666
39230	30666
39231	30667
39232	30668
39233	30669
39234	30669
39235	30670
39236	30670
39237	30671
39238	30673
39239	30674
39240	30674
39241	30675
39242	30677
39243	30678
39244	30678
39245	30679
39246	30680
39247	30681
39248	30681
39249	30682
39250	30682
39251	30683
39252	30685
39253	30686
39254	30686
39255	30687
39256	30689
39257	30690
39258	30690
39259	30691
39260	30691
39261	30692
39262	30692
39263	30693
39264	30693
39265	30694
39266	30694
39267	30694
39268	30694
39269	30694
39270	30694
39271	30695
39272	30695
39273	30696
39274	30696
39275	30697
39276	30699
39277	30700
39278	30700
39279	30701
39280	30703
39281	30704
39282	30704
39283	30705
39284	30707
39285	30708
39286	30708
39287	30708
39288	30708
39289	30709
39290	30711
39291	30712
39292	30712
39293	30713
39294	30715
39295	30716
39296	30716
39297	30717
39298	30719
39299	30720
39300	30720
39301	30720
39302	30720
39303	30720
39304	30720
39305	30721
39306	30720
39307	30722
39308	30723
39309	30723
39310	30724
39311	30726
39312	30727
39313	30727
39314	30728
39315	30730
39316	30731
39317	30731
39318	30731
39319	30730
39320	30730
39321	30731
39322	30733
39323	30734
39324	30734
39325	30735
39326	30736
39327	30737
39328	30736
39329	30736
39330	30737
39331	30739
39332	30740
39333	30740
39334	30741
39335	30743
39336	30744
39337	30744
39338	30745
39339	30747
39340	30748
39341	30748
39342	30748
39343	30748
39344	30749
39345	30751
39346	30752
39347	30752
39348	30753
39349	30755
39350	30756
39351	30756
39352	30757
39353	30759
39354	30760
39355	30760
39356	30760
39357	30760
39358	30761
39359	30763
39360	30764
39361	30764
39362	30765
39363	30767
39364	30768
39365	30768
39366	30769
39367	30771
39368	30772
39369	30772
39370	30772
39371	30771
39372	30771
39373	30772
39374	30774
39375	30775
39376	30775
39377	30776
39378	30778
39379	30779
39380	30779
39381	30780
39382	30782
39383	30783
39384	30783
39385	30783
39386	30783
39387	30784
39388	30786
39389	30787
39390	30787
39391	30788
39392	30790
39393	30791
39394	30791
39395	30792
39396	30794
39397	30795
39398	30795
39399	30795
39400	30795
39401	30796
39402	30798
39403	30799
39404	30799
39405	30800
39406	30802
39407	30803
39408	30803
39409	30804
39410	30806
39411	30807
39412	30807
39413	30807
39414	30807
39415	30807
39416	30807
39417	30808
39418	30808
39419	30809
39420	30809
39421	30810
39422	30812
39423	30813
39424	30813
39425	30814
39426	30816
39427	30817
39428	30817
39429	30818
39430	30819
39431	30820
39432	30820
39433	30821
39434	30821
39435	30822
39436	30824
39437	30825
39438	30825
39439	30826
39440	30828
39441	30829
39442	30829
39443	30830
39444	30831
39445	30832
39446	30832
39447	30833
39448	30833
39449	30834
39450	30836
39451	30837
39452	30837
39453	30838
39454	30840
39455	30841
39456	30841
39457	30842
39458	30842
39459	30843
39460	30842
39461	30842
39462	30843
39463	30843
39464	30844
39465	30844
39466	30845
39467	30847
39468	30848
39469	30848
39470	30849
39471	30851
39472	30852
39473	30852
39474	30853
39475	30854
39476	30855
39477	30855
39478	30856
39479	30856
39480	30857
39481	30859
39482	30860
39483	30860
39484	30861
39485	30863
39486	30864
39487	30864
39488	30865
39489	30866
39490	30867
39491	30867
39492	30868
39493	30868
39494	30869
39495	30871
39496	30872
39497	30872
39498	30873
39499	30875
39500	30876
39501	30876
39502	30877
39503	30877
39504	30878
39505	30877
39506	30876
39507	30876
39508	30877
39509	30879
39510	30880
39511	30880
39512	30881
39513	30883
39514	30884
39515	30884
39516	30885
39517	30887
39518	30888
39519	30888
39520	30888
39521	30888
39522	30888
39523	30888
39524	30888
39525	30888
39526	30889
39527	30889
39528	30890
39529	30892
39530	30893
39531	30893
39532	30894
39533	30896
39534	30897
39535	30897
39536	30898
39537	30899
39538	30900
39539	30900
39540	30901
39541	30901
39542	30902
39543	30904
39544	30905
39545	30905
39546	30906
39547	30908
39548	30909
39549	30909
39550	30910
39551	30911
39552	30912
39553	30911
39554	30910
39555	30911
39556	30910
39557	30909
39558	30909
39559	30909
39560	30909
39561	30909
39562	30909
39563	30910
39564	30910
39565	30911
39566	30913
39567	30914
39568	30914
39569	30915
39570	30917
39571	30918
39572	30918
39573	30919
39574	30920
39575	30921
39576	30921
39577	30922
39578	30922
39579	30923
39580	30925
39581	30926
39582	30926
39583	30927
39584	30929
39585	30930
39586	30930
39587	30931
39588	30932
39589	30933
39590	30932
39591	30932
39592	30933
39593	30935
39594	30936
39595	30936
39596	30937
39597	30939
39598	30940
39599	30940
39600	30941
39601	30943
39602	30944
39603	30944
39604	30944
39605	30944
39606	30945
39607	30947
39608	30948
39609	30948
39610	30949
39611	30951
39612	30952
39613	30952
39614	30953
39615	30955
39616	30956
39617	30956
39618	30956
39619	30956
39620	30957
39621	30959
39622	30960
39623	30960
39624	30961
39625	30963
39626	30964
39627	30964
39628	30965
39629	30967
39630	30968
39631	30968
39632	30968
39633	30967
39634	30967
39635	30967
39636	30967
39637	30967
39638	30966
39639	30967
39640	30967
39641	30968
39642	30968
39643	30969
39644	30971
39645	30972
39646	30972
39647	30973
39648	30975
39649	30976
39650	30976
39651	30977
39652	30978
39653	30979
39654	30978
39655	30978
39656	30979
39657	30981
39658	30982
39659	30982
39660	30983
39661	30985
39662	30986
39663	30986
39664	30987
39665	30989
39666	30990
39667	30990
39668	30990
39669	30990
39670	30990
39671	30990
39672	30990
39673	30989
39674	30989
39675	30990
39676	30992
39677	30993
39678	30993
39679	30994
39680	30996
39681	30997
39682	30997
39683	30998
39684	31000
39685	31001
39686	31001
39687	31001
39688	31001
39689	31002
39690	31004
39691	31005
39692	31005
39693	31006
39694	31008
39695	31009
39696	31009
39697	31010
39698	31011
39699	31012
39700	31012
39701	31012
39702	31012
39703	31013
39704	31015
39705	31016
39706	31016
39707	31017
39708	31019
39709	31020
39710	31020
39711	31021
39712	31023
39713	31024
39714	31024
39715	31024
39716	31024
39717	31024
39718	31024
39719	31024
39720	31023
39721	31023
39722	31024
39723	31026
39724	31027
39725	31027
39726	31028
39727	31030
39728	31031
39729	31031
39730	31032
39731	31034
39732	31035
39733	31035
39734	31035
39735	31035
39736	31036
39737	31037
39738	31038
39739	31038
39740	31039
39741	31039
39742	31040
39743	31042
39744	31043
39745	31043
39746	31044
39747	31046
39748	31047
39749	31047
39750	31048
39751	31050
39752	31051
39753	31051
39754	31051
39755	31051
39756	31052
39757	31054
39758	31055
39759	31055
39760	31056
39761	31058
39762	31059
39763	31059
39764	31060
39765	31062
39766	31063
39767	31063
39768	31063
39769	31063
39770	31063
39771	31063
39772	31063
39773	31063
39774	31064
39775	31064
39776	31065
39777	31067
39778	31068
39779	31068
39780	31069
39781	31071
39782	31072
39783	31072
39784	31073
39785	31074
39786	31075
39787	31074
39788	31074
39789	31074
39790	31074
39791	31075
39792	31075
39793	31076
39794	31076
39795	31076
39796	31075
39797	31077
39798	31078
39799	31078
39800	31079
39801	31079
39802	31080
39803	31082
39804	31083
39805	31083
39806	31084
39807	31086
39808	31087
39809	31087
39810	31088
39811	31090
39812	31091
39813	31091
39814	31091
39815	31091
39816	31092
39817	31094
39818	31095
39819	31095
39820	31096
39821	31098
39822	31099
39823	31099
39824	31100
39825	31102
39826	31103
39827	31103
39828	31103
39829	31103
39830	31103
39831	31103
39832	31103
39833	31103
39834	31104
39835	31104
39836	31105
39837	31107
39838	31108
39839	31108
39840	31109
39841	31111
39842	31112
39843	31112
39844	31113
39845	31114
39846	31115
39847	31114
39848	31114
39849	31114
39850	31113
39851	31114
39852	31114
39853	31115
39854	31115
39855	31116
39856	31116
39857	31116
39858	31116
39859	31116
39860	31116
39861	31117
39862	31117
39863	31118
39864	31118
39865	31118
39866	31118
39867	31119
39868	31121
39869	31122
39870	31122
39871	31123
39872	31125
39873	31126
39874	31126
39875	31127
39876	31129
39877	31130
39878	31130
39879	31130
39880	31130
39881	31131
39882	31133
39883	31134
39884	31134
39885	31135
39886	31137
39887	31138
39888	31138
39889	31139
39890	31141
39891	31142
39892	31142
39893	31142
39894	31142
39895	31143
39896	31145
39897	31146
39898	31146
39899	31147
39900	31149
39901	31150
39902	31150
39903	31151
39904	31153
39905	31154
39906	31154
39907	31154
39908	31153
39909	31153
39910	31154
39911	31156
39912	31157
39913	31157
39914	31158
39915	31160
39916	31161
39917	31161
39918	31162
39919	31164
39920	31165
39921	31165
39922	31165
39923	31165
39924	31166
39925	31168
39926	31169
39927	31169
39928	31170
39929	31172
39930	31173
39931	31173
39932	31174
39933	31176
39934	31177
39935	31177
39936	31177
39937	31177
39938	31177
39939	31177
39940	31178
39941	31177
39942	31179
39943	31180
39944	31180
39945	31181
39946	31183
39947	31184
39948	31184
39949	31185
39950	31187
39951	31188
39952	31188
39953	31188
39954	31188
39955	31188
39956	31188
39957	31188
39958	31188
39959	31189
39960	31189
39961	31190
39962	31192
39963	31193
39964	31193
39965	31194
39966	31196
39967	31197
39968	31197
39969	31198
39970	31199
39971	31200
39972	31199
39973	31199
39974	31200
39975	31202
39976	31203
39977	31203
39978	31204
39979	31206
39980	31207
39981	31207
39982	31208
39983	31210
39984	31211
39985	31211
39986	31211
39987	31211
39988	31211
39989	31211
39990	31212
39991	31212
39992	31213
39993	31213
39994	31214
39995	31216
39996	31217
39997	31217
39998	31218
39999	31220
40000	31221
40001	31221
40002	31222
40003	31223
40004	31224
40005	31224
40006	31225
40007	31225
40008	31226
40009	31228
40010	31229
40011	31229
40012	31230
40013	31232
40014	31233
40015	31233
40016	31234
40017	31235
40018	31236
40019	31236
40020	31237
40021	31237
40022	31238
40023	31240
40024	31241
40025	31241
40026	31242
40027	31244
40028	31245
40029	31245
40030	31246
40031	31246
40032	31247
40033	31247
40034	31248
40035	31248
40036	31249
40037	31249
40038	31250
40039	31252
40040	31253
40041	31253
40042	31254
40043	31256
40044	31257
40045	31257
40046	31258
40047	31260
40048	31261
40049	31261
40050	31261
40051	31261
40052	31262
40053	31264
40054	31265
40055	31265
40056	31266
40057	31268
40058	31269
40059	31269
40060	31270
40061	31272
40062	31273
40063	31273
40064	31273
40065	31273
40066	31274
40067	31276
40068	31277
40069	31277
40070	31278
40071	31280
40072	31281
40073	31281
40074	31282
40075	31284
40076	31285
40077	31285
40078	31285
40079	31285
40080	31285
40081	31285
40082	31286
40083	31286
40084	31287
40085	31287
40086	31288
40087	31290
40088	31291
40089	31291
40090	31292
40091	31294
40092	31295
40093	31295
40094	31296
40095	31297
40096	31298
40097	31298
40098	31299
40099	31299
40100	31300
40101	31302
40102	31303
40103	31303
40104	31304
40105	31306
40106	31307
40107	31307
40108	31308
40109	31309
40110	31310
40111	31310
40112	31311
40113	31311
40114	31312
40115	31314
40116	31315
40117	31315
40118	31316
40119	31318
40120	31319
40121	31319
40122	31320
40123	31320
40124	31321
40125	31321
40126	31322
40127	31322
40128	31323
40129	31323
40130	31323
40131	31323
40132	31324
40133	31326
40134	31327
40135	31327
40136	31328
40137	31330
40138	31331
40139	31331
40140	31332
40141	31334
40142	31335
40143	31335
40144	31335
40145	31335
40146	31335
40147	31335
40148	31336
40149	31336
40150	31337
40151	31337
40152	31338
40153	31340
40154	31341
40155	31341
40156	31342
40157	31343
40158	31344
40159	31344
40160	31345
40161	31345
40162	31346
40163	31348
40164	31349
40165	31349
40166	31350
40167	31352
40168	31353
40169	31353
40170	31354
40171	31355
40172	31356
40173	31355
40174	31355
40175	31356
40176	31358
40177	31359
40178	31359
40179	31360
40180	31362
40181	31363
40182	31363
40183	31364
40184	31366
40185	31367
40186	31367
40187	31367
40188	31367
40189	31368
40190	31370
40191	31371
40192	31371
40193	31372
40194	31374
40195	31375
40196	31375
40197	31376
40198	31378
40199	31379
40200	31379
40201	31379
40202	31379
40203	31379
40204	31379
40205	31379
40206	31379
40207	31380
40208	31380
40209	31381
40210	31383
40211	31384
40212	31384
40213	31385
40214	31387
40215	31388
40216	31388
40217	31389
40218	31390
40219	31391
40220	31391
40221	31392
40222	31392
40223	31393
40224	31395
40225	31396
40226	31396
40227	31397
40228	31399
40229	31400
40230	31400
40231	31401
40232	31402
40233	31403
40234	31402
40235	31402
40236	31402
40237	31401
40238	31402
40239	31402
40240	31403
40241	31403
40242	31404
40243	31404
40244	31405
40245	31407
40246	31408
40247	31408
40248	31409
40249	31411
40250	31412
40251	31412
40252	31413
40253	31415
40254	31416
40255	31416
40256	31416
40257	31416
40258	31417
40259	31419
40260	31420
40261	31420
40262	31421
40263	31423
40264	31424
40265	31424
40266	31425
40267	31427
40268	31428
40269	31428
40270	31428
40271	31428
40272	31429
40273	31431
40274	31432
40275	31432
40276	31433
40277	31435
40278	31436
40279	31436
40280	31437
40281	31439
40282	31440
40283	31440
40284	31440
40285	31440
40286	31440
40287	31440
40288	31440
40289	31440
40290	31441
40291	31441
40292	31442
40293	31444
40294	31445
40295	31445
40296	31446
40297	31448
40298	31449
40299	31449
40300	31450
40301	31451
40302	31452
40303	31452
40304	31453
40305	31453
40306	31454
40307	31456
40308	31457
40309	31457
40310	31458
40311	31460
40312	31461
40313	31461
40314	31462
40315	31463
40316	31464
40317	31463
40318	31463
40319	31464
40320	31466
40321	31467
40322	31467
40323	31468
40324	31470
40325	31471
40326	31471
40327	31472
40328	31474
40329	31475
40330	31475
40331	31475
40332	31475
40333	31475
40334	31475
40335	31476
40336	31476
40337	31477
40338	31477
40339	31478
40340	31480
40341	31481
40342	31481
40343	31482
40344	31484
40345	31485
40346	31485
40347	31486
40348	31487
40349	31488
40350	31487
40351	31487
40352	31488
40353	31490
40354	31491
40355	31491
40356	31492
40357	31494
40358	31495
40359	31495
40360	31496
40361	31498
40362	31499
40363	31499
40364	31499
40365	31499
40366	31500
40367	31502
40368	31503
40369	31503
40370	31504
40371	31506
40372	31507
40373	31507
40374	31508
40375	31510
40376	31511
40377	31511
40378	31511
40379	31511
40380	31512
40381	31514
40382	31515
40383	31515
40384	31516
40385	31518
40386	31519
40387	31519
40388	31520
40389	31522
40390	31523
40391	31523
40392	31523
40393	31522
40394	31522
40395	31522
40396	31522
40397	31523
40398	31525
40399	31526
40400	31526
40401	31527
40402	31529
40403	31530
40404	31530
40405	31531
40406	31533
40407	31534
40408	31534
40409	31534
40410	31534
40411	31534
40412	31534
40413	31534
40414	31534
40415	31535
40416	31535
40417	31536
40418	31538
40419	31539
40420	31539
40421	31540
40422	31542
40423	31543
40424	31543
40425	31544
40426	31545
40427	31546
40428	31546
40429	31547
40430	31547
40431	31548
40432	31550
40433	31551
40434	31551
40435	31552
40436	31554
40437	31555
40438	31555
40439	31556
40440	31557
40441	31558
40442	31557
40443	31557
40444	31558
40445	31560
40446	31561
40447	31561
40448	31562
40449	31564
40450	31565
40451	31565
40452	31566
40453	31568
40454	31569
40455	31569
40456	31569
40457	31569
40458	31570
40459	31572
40460	31573
40461	31573
40462	31574
40463	31576
40464	31577
40465	31577
40466	31578
40467	31580
40468	31581
40469	31581
40470	31581
40471	31581
40472	31582
40473	31584
40474	31585
40475	31585
40476	31586
40477	31588
40478	31589
40479	31589
40480	31590
40481	31592
40482	31593
40483	31593
40484	31593
40485	31592
40486	31592
40487	31592
40488	31592
40489	31592
40490	31592
40491	31593
40492	31593
40493	31594
40494	31594
40495	31595
40496	31597
40497	31598
40498	31598
40499	31599
40500	31601
40501	31602
40502	31602
40503	31603
40504	31605
40505	31606
40506	31606
40507	31606
40508	31606
40509	31607
40510	31609
40511	31610
40512	31610
40513	31611
40514	31613
40515	31614
40516	31614
40517	31615
40518	31617
40519	31618
40520	31618
40521	31618
40522	31618
40523	31619
40524	31621
40525	31622
40526	31622
40527	31623
40528	31625
40529	31626
40530	31626
40531	31627
40532	31629
40533	31630
40534	31630
40535	31630
40536	31630
40537	31630
40538	31630
40539	31630
40540	31630
40541	31631
40542	31631
40543	31632
40544	31634
40545	31635
40546	31635
40547	31636
40548	31638
40549	31639
40550	31639
40551	31640
40552	31641
40553	31642
40554	31642
40555	31643
40556	31643
40557	31644
40558	31646
40559	31647
40560	31647
40561	31648
40562	31650
40563	31651
40564	31651
40565	31652
40566	31653
40567	31654
40568	31653
40569	31652
40570	31653
40571	31653
40572	31654
40573	31654
40574	31655
40575	31655
40576	31655
40577	31654
40578	31656
40579	31657
40580	31657
40581	31658
40582	31658
40583	31659
40584	31661
40585	31662
40586	31662
40587	31663
40588	31665
40589	31666
40590	31666
40591	31667
40592	31669
40593	31670
40594	31670
40595	31670
40596	31670
40597	31670
40598	31670
40599	31670
40600	31669
40601	31669
40602	31670
40603	31672
40604	31673
40605	31673
40606	31674
40607	31676
40608	31677
40609	31677
40610	31678
40611	31680
40612	31681
40613	31681
40614	31681
40615	31681
40616	31681
40617	31681
40618	31682
40619	31682
40620	31683
40621	31683
40622	31684
40623	31686
40624	31687
40625	31687
40626	31688
40627	31690
40628	31691
40629	31691
40630	31692
40631	31693
40632	31694
40633	31693
40634	31693
40635	31694
40636	31695
40637	31696
40638	31696
40639	31697
40640	31699
40641	31700
40642	31700
40643	31701
40644	31701
40645	31702
40646	31702
40647	31703
40648	31703
40649	31704
40650	31704
40651	31704
40652	31704
40653	31705
40654	31707
40655	31708
40656	31708
40657	31709
40658	31711
40659	31712
40660	31712
40661	31713
40662	31715
40663	31716
40664	31716
40665	31716
40666	31716
40667	31717
40668	31719
40669	31720
40670	31720
40671	31721
40672	31723
40673	31724
40674	31724
40675	31725
40676	31727
40677	31728
40678	31728
40679	31728
40680	31728
40681	31729
40682	31731
40683	31732
40684	31732
40685	31733
40686	31735
40687	31736
40688	31736
40689	31737
40690	31739
40691	31740
40692	31740
40693	31740
40694	31739
40695	31739
40696	31740
40697	31742
40698	31743
40699	31743
40700	31744
40701	31746
40702	31747
40703	31747
40704	31748
40705	31750
40706	31751
40707	31751
40708	31751
40709	31751
40710	31752
40711	31754
40712	31755
40713	31755
40714	31756
40715	31758
40716	31759
40717	31759
40718	31760
40719	31762
40720	31763
40721	31763
40722	31763
40723	31763
40724	31763
40725	31763
40726	31763
40727	31762
40728	31762
40729	31762
40730	31762
40731	31763
40732	31765
40733	31766
40734	31766
40735	31767
40736	31769
40737	31770
40738	31770
40739	31771
40740	31773
40741	31774
40742	31774
40743	31774
40744	31774
40745	31775
40746	31777
40747	31778
40748	31778
40749	31779
40750	31781
40751	31782
40752	31782
40753	31783
40754	31785
40755	31786
40756	31786
40757	31786
40758	31786
40759	31786
40760	31786
40761	31786
40762	31786
40763	31787
40764	31787
40765	31788
40766	31790
40767	31791
40768	31791
40769	31792
40770	31794
40771	31795
40772	31795
40773	31796
40774	31797
40775	31798
40776	31798
40777	31799
40778	31799
40779	31800
40780	31802
40781	31803
40782	31803
40783	31804
40784	31806
40785	31807
40786	31807
40787	31808
40788	31809
40789	31810
40790	31809
40791	31809
40792	31810
40793	31812
40794	31813
40795	31813
40796	31814
40797	31816
40798	31817
40799	31817
40800	31818
40801	31820
40802	31821
40803	31821
40804	31821
40805	31821
40806	31822
40807	31824
40808	31825
40809	31825
40810	31826
40811	31828
40812	31829
40813	31829
40814	31830
40815	31832
40816	31833
40817	31833
40818	31833
40819	31833
40820	31834
40821	31836
40822	31837
40823	31837
40824	31838
40825	31840
40826	31841
40827	31841
40828	31842
40829	31844
40830	31845
40831	31845
40832	31845
40833	31844
40834	31844
40835	31845
40836	31847
40837	31848
40838	31848
40839	31849
40840	31851
40841	31852
40842	31852
40843	31853
40844	31855
40845	31856
40846	31856
40847	31856
40848	31856
40849	31857
40850	31859
40851	31860
40852	31860
40853	31861
40854	31863
40855	31864
40856	31864
40857	31865
40858	31867
40859	31868
40860	31868
40861	31868
40862	31868
40863	31868
40864	31868
40865	31869
40866	31869
40867	31870
40868	31870
40869	31871
40870	31873
40871	31874
40872	31874
40873	31875
40874	31877
40875	31878
40876	31878
40877	31879
40878	31880
40879	31881
40880	31881
40881	31882
40882	31882
40883	31883
40884	31885
40885	31886
40886	31886
40887	31887
40888	31889
40889	31890
40890	31890
40891	31891
40892	31892
40893	31893
40894	31893
40895	31894
40896	31894
40897	31895
40898	31897
40899	31898
40900	31898
40901	31899
40902	31901
40903	31902
40904	31902
40905	31903
40906	31903
40907	31904
40908	31904
40909	31905
40910	31905
40911	31906
40912	31906
40913	31907
40914	31908
40915	31909
40916	31909
40917	31910
40918	31912
40919	31913
40920	31913
40921	31914
40922	31915
40923	31916
40924	31915
40925	31915
40926	31915
40927	31915
40928	31916
40929	31916
40930	31917
40931	31917
40932	31918
40933	31920
40934	31921
40935	31921
40936	31922
40937	31924
40938	31925
40939	31925
40940	31926
40941	31928
40942	31929
40943	31929
40944	31929
40945	31929
40946	31930
40947	31932
40948	31933
40949	31933
40950	31934
40951	31936
40952	31937
40953	31937
40954	31938
40955	31940
40956	31941
40957	31941
40958	31941
40959	31941
40960	31942
40961	31944
40962	31945
40963	31945
40964	31946
40965	31948
40966	31949
40967	31949
40968	31950
40969	31952
40970	31953
40971	31953
40972	31953
40973	31953
40974	31953
40975	31953
40976	31953
40977	31953
40978	31954
40979	31954
40980	31955
40981	31957
40982	31958
40983	31958
40984	31959
40985	31961
40986	31962
40987	31962
40988	31963
40989	31964
40990	31965
40991	31965
40992	31966
40993	31966
40994	31967
40995	31969
40996	31970
40997	31970
40998	31971
40999	31973
41000	31974
41001	31974
41002	31975
41003	31976
41004	31977
41005	31976
41006	31976
41007	31977
41008	31979
41009	31980
41010	31980
41011	31981
41012	31983
41013	31984
41014	31984
41015	31985
41016	31987
41017	31988
41018	31988
41019	31988
41020	31988
41021	31989
41022	31991
41023	31992
41024	31992
41025	31993
41026	31995
41027	31996
41028	31996
41029	31997
41030	31999
41031	32000
41032	32000
41033	32000
41034	32000
41035	32001
41036	32003
41037	32004
41038	32004
41039	32005
41040	32007
41041	32008
41042	32008
41043	32009
41044	32011
41045	32012
41046	32012
41047	32012
41048	32011
41049	32011
41050	32011
41051	32011
41052	32011
41053	32011
41054	32012
41055	32012
41056	32013
41057	32013
41058	32013
41059	32013
41060	32013
41061	32013
41062	32014
41063	32014
41064	32015
41065	32015
41066	32016
41067	32018
41068	32019
41069	32019
41070	32020
41071	32022
41072	32023
41073	32023
41074	32024
41075	32026
41076	32027
41077	32027
41078	32027
41079	32027
41080	32027
41081	32027
41082	32027
41083	32026
41084	32026
41085	32027
41086	32029
41087	32030
41088	32030
41089	32031
41090	32033
41091	32034
41092	32034
41093	32035
41094	32037
41095	32038
41096	32038
41097	32038
41098	32038
41099	32039
41100	32041
41101	32042
41102	32042
41103	32043
41104	32045
41105	32046
41106	32046
41107	32047
41108	32049
41109	32050
41110	32050
41111	32050
41112	32050
41113	32050
41114	32050
41115	32050
41116	32049
41117	32049
41118	32049
41119	32049
41120	32049
41121	32048
41122	32049
41123	32049
41124	32050
41125	32050
41126	32051
41127	32053
41128	32054
41129	32054
41130	32055
41131	32057
41132	32058
41133	32058
41134	32059
41135	32060
41136	32061
41137	32060
41138	32060
41139	32061
41140	32063
41141	32064
41142	32064
41143	32065
41144	32067
41145	32068
41146	32068
41147	32069
41148	32071
41149	32072
41150	32072
41151	32072
41152	32072
41153	32073
41154	32075
41155	32076
41156	32076
41157	32077
41158	32079
41159	32080
41160	32080
41161	32081
41162	32083
41163	32084
41164	32084
41165	32084
41166	32084
41167	32084
41168	32084
41169	32084
41170	32084
41171	32085
41172	32085
41173	32086
41174	32088
41175	32089
41176	32089
41177	32090
41178	32092
41179	32093
41180	32093
41181	32094
41182	32095
41183	32096
41184	32096
41185	32097
41186	32097
41187	32098
41188	32099
41189	32100
41190	32100
41191	32101
41192	32101
41193	32102
41194	32104
41195	32105
41196	32105
41197	32106
41198	32108
41199	32109
41200	32109
41201	32110
41202	32111
41203	32112
41204	32111
41205	32111
41206	32111
41207	32111
41208	32112
41209	32112
41210	32113
41211	32113
41212	32114
41213	32116
41214	32117
41215	32117
41216	32118
41217	32120
41218	32121
41219	32121
41220	32122
41221	32124
41222	32125
41223	32125
41224	32125
41225	32125
41226	32125
41227	32125
41228	32125
41229	32125
41230	32126
41231	32126
41232	32127
41233	32129
41234	32130
41235	32130
41236	32131
41237	32133
41238	32134
41239	32134
41240	32135
41241	32136
41242	32137
41243	32137
41244	32138
41245	32138
41246	32139
41247	32141
41248	32142
41249	32142
41250	32143
41251	32145
41252	32146
41253	32146
41254	32147
41255	32148
41256	32149
41257	32148
41258	32148
41259	32149
41260	32151
41261	32152
41262	32152
41263	32153
41264	32155
41265	32156
41266	32156
41267	32157
41268	32159
41269	32160
41270	32160
41271	32160
41272	32160
41273	32161
41274	32163
41275	32164
41276	32164
41277	32165
41278	32167
41279	32168
41280	32168
41281	32169
41282	32171
41283	32172
41284	32172
41285	32172
41286	32172
41287	32172
41288	32172
41289	32172
41290	32172
41291	32173
41292	32173
41293	32174
41294	32176
41295	32177
41296	32177
41297	32178
41298	32179
41299	32180
41300	32180
41301	32181
41302	32181
41303	32182
41304	32184
41305	32185
41306	32185
41307	32186
41308	32188
41309	32189
41310	32189
41311	32190
41312	32191
41313	32192
41314	32191
41315	32191
41316	32192
41317	32193
41318	32194
41319	32194
41320	32195
41321	32195
41322	32196
41323	32198
41324	32199
41325	32199
41326	32200
41327	32202
41328	32203
41329	32203
41330	32204
41331	32206
41332	32207
41333	32207
41334	32207
41335	32207
41336	32208
41337	32210
41338	32211
41339	32211
41340	32212
41341	32214
41342	32215
41343	32215
41344	32216
41345	32218
41346	32219
41347	32219
41348	32219
41349	32219
41350	32220
41351	32222
41352	32223
41353	32223
41354	32224
41355	32226
41356	32227
41357	32227
41358	32228
41359	32230
41360	32231
41361	32231
41362	32231
41363	32231
41364	32231
41365	32230
41366	32230
41367	32231
41368	32232
41369	32233
41370	32233
41371	32234
41372	32236
41373	32237
41374	32237
41375	32238
41376	32239
41377	32240
41378	32239
41379	32239
41380	32240
41381	32241
41382	32242
41383	32242
41384	32243
41385	32243
41386	32244
41387	32246
41388	32247
41389	32247
41390	32248
41391	32250
41392	32251
41393	32251
41394	32252
41395	32254
41396	32255
41397	32255
41398	32255
41399	32255
41400	32256
41401	32258
41402	32259
41403	32259
41404	32260
41405	32262
41406	32263
41407	32263
41408	32264
41409	32266
41410	32267
41411	32267
41412	32267
41413	32267
41414	32268
41415	32270
41416	32271
41417	32271
41418	32272
41419	32274
41420	32275
41421	32275
41422	32276
41423	32278
41424	32279
41425	32279
41426	32279
41427	32279
41428	32279
41429	32279
41430	32280
41431	32280
41432	32281
41433	32281
41434	32282
41435	32284
41436	32285
41437	32285
41438	32286
41439	32288
41440	32289
41441	32289
41442	32290
41443	32291
41444	32292
41445	32291
41446	32291
41447	32292
41448	32294
41449	32295
41450	32295
41451	32296
41452	32298
41453	32299
41454	32299
41455	32300
41456	32302
41457	32303
41458	32303
41459	32303
41460	32303
41461	32304
41462	32306
41463	32307
41464	32307
41465	32308
41466	32310
41467	32311
41468	32311
41469	32312
41470	32314
41471	32315
41472	32315
41473	32315
41474	32315
41475	32316
41476	32318
41477	32319
41478	32319
41479	32320
41480	32322
41481	32323
41482	32323
41483	32324
41484	32326
41485	32327
41486	32327
41487	32327
41488	32326
41489	32326
41490	32327
41491	32329
41492	32330
41493	32330
41494	32331
41495	32333
41496	32334
41497	32334
41498	32335
41499	32337
41500	32338
41501	32338
41502	32338
41503	32338
41504	32338
41505	32338
41506	32338
41507	32337
41508	32337
41509	32338
41510	32340
41511	32341
41512	32341
41513	32342
41514	32344
41515	32345
41516	32345
41517	32346
41518	32348
41519	32349
41520	32349
41521	32349
41522	32349
41523	32349
41524	32349
41525	32349
41526	32349
41527	32350
41528	32350
41529	32351
41530	32353
41531	32354
41532	32354
41533	32355
41534	32357
41535	32358
41536	32358
41537	32359
41538	32360
41539	32361
41540	32361
41541	32362
41542	32362
41543	32363
41544	32365
41545	32366
41546	32366
41547	32367
41548	32369
41549	32370
41550	32370
41551	32371
41552	32372
41553	32373
41554	32372
41555	32372
41556	32373
41557	32375
41558	32376
41559	32376
41560	32377
41561	32379
41562	32380
41563	32380
41564	32381
41565	32383
41566	32384
41567	32384
41568	32384
41569	32384
41570	32385
41571	32387
41572	32388
41573	32388
41574	32389
41575	32391
41576	32392
41577	32392
41578	32393
41579	32395
41580	32396
41581	32396
41582	32396
41583	32396
41584	32397
41585	32399
41586	32400
41587	32400
41588	32401
41589	32403
41590	32404
41591	32404
41592	32405
41593	32407
41594	32408
41595	32408
41596	32408
41597	32407
41598	32407
41599	32408
41600	32410
41601	32411
41602	32411
41603	32412
41604	32414
41605	32415
41606	32415
41607	32416
41608	32418
41609	32419
41610	32419
41611	32419
41612	32419
41613	32420
41614	32422
41615	32423
41616	32423
41617	32424
41618	32426
41619	32427
41620	32427
41621	32428
41622	32430
41623	32431
41624	32431
41625	32431
41626	32431
41627	32431
41628	32431
41629	32432
41630	32432
41631	32433
41632	32433
41633	32434
41634	32436
41635	32437
41636	32437
41637	32438
41638	32440
41639	32441
41640	32441
41641	32442
41642	32443
41643	32444
41644	32444
41645	32445
41646	32445
41647	32446
41648	32448
41649	32449
41650	32449
41651	32450
41652	32452
41653	32453
41654	32453
41655	32454
41656	32455
41657	32456
41658	32456
41659	32457
41660	32457
41661	32458
41662	32460
41663	32461
41664	32461
41665	32462
41666	32464
41667	32465
41668	32465
41669	32466
41670	32466
41671	32467
41672	32467
41673	32468
41674	32468
41675	32469
41676	32469
41677	32469
41678	32469
41679	32470
41680	32472
41681	32473
41682	32473
41683	32474
41684	32476
41685	32477
41686	32477
41687	32478
41688	32480
41689	32481
41690	32481
41691	32481
41692	32481
41693	32482
41694	32484
41695	32485
41696	32485
41697	32486
41698	32488
41699	32489
41700	32489
41701	32490
41702	32492
41703	32493
41704	32493
41705	32493
41706	32493
41707	32494
41708	32496
41709	32497
41710	32497
41711	32498
41712	32500
41713	32501
41714	32501
41715	32502
41716	32504
41717	32505
41718	32505
41719	32505
41720	32504
41721	32504
41722	32504
41723	32504
41724	32504
41725	32504
41726	32505
41727	32505
41728	32506
41729	32506
41730	32507
41731	32509
41732	32510
41733	32510
41734	32511
41735	32513
41736	32514
41737	32514
41738	32515
41739	32517
41740	32518
41741	32518
41742	32518
41743	32518
41744	32519
41745	32521
41746	32522
41747	32522
41748	32523
41749	32525
41750	32526
41751	32526
41752	32527
41753	32529
41754	32530
41755	32530
41756	32530
41757	32530
41758	32530
41759	32530
41760	32531
41761	32531
41762	32532
41763	32532
41764	32533
41765	32535
41766	32536
41767	32536
41768	32537
41769	32539
41770	32540
41771	32540
41772	32541
41773	32542
41774	32543
41775	32542
41776	32542
41777	32543
41778	32545
41779	32546
41780	32546
41781	32547
41782	32549
41783	32550
41784	32550
41785	32551
41786	32553
41787	32554
41788	32554
41789	32554
41790	32554
41791	32555
41792	32557
41793	32558
41794	32558
41795	32559
41796	32561
41797	32562
41798	32562
41799	32563
41800	32565
41801	32566
41802	32566
41803	32566
41804	32566
41805	32566
41806	32566
41807	32567
41808	32567
41809	32568
41810	32568
41811	32569
41812	32571
41813	32572
41814	32572
41815	32573
41816	32575
41817	32576
41818	32576
41819	32577
41820	32578
41821	32579
41822	32578
41823	32578
41824	32578
41825	32578
41826	32579
41827	32579
41828	32580
41829	32580
41830	32580
41831	32580
41832	32581
41833	32583
41834	32584
41835	32584
41836	32585
41837	32587
41838	32588
41839	32588
41840	32589
41841	32591
41842	32592
41843	32592
41844	32592
41845	32592
41846	32593
41847	32594
41848	32595
41849	32595
41850	32596
41851	32596
41852	32597
41853	32599
41854	32600
41855	32600
41856	32601
41857	32603
41858	32604
41859	32604
41860	32605
41861	32607
41862	32608
41863	32608
41864	32608
41865	32608
41866	32609
41867	32611
41868	32612
41869	32612
41870	32613
41871	32615
41872	32616
41873	32616
41874	32617
41875	32619
41876	32620
41877	32620
41878	32620
41879	32620
41880	32621
41881	32623
41882	32624
41883	32624
41884	32625
41885	32627
41886	32628
41887	32628
41888	32629
41889	32631
41890	32632
41891	32632
41892	32632
41893	32632
41894	32632
41895	32632
41896	32633
41897	32632
41898	32634
41899	32635
41900	32635
41901	32636
41902	32638
41903	32639
41904	32639
41905	32640
41906	32642
41907	32643
41908	32643
41909	32643
41910	32643
41911	32644
41912	32645
41913	32646
41914	32646
41915	32647
41916	32649
41917	32650
41918	32650
41919	32651
41920	32652
41921	32653
41922	32652
41923	32652
41924	32652
41925	32652
41926	32653
41927	32653
41928	32654
41929	32654
41930	32655
41931	32657
41932	32658
41933	32658
41934	32659
41935	32661
41936	32662
41937	32662
41938	32663
41939	32665
41940	32666
41941	32666
41942	32666
41943	32666
41944	32667
41945	32669
41946	32670
41947	32670
41948	32671
41949	32673
41950	32674
41951	32674
41952	32675
41953	32677
41954	32678
41955	32678
41956	32678
41957	32678
41958	32678
41959	32678
41960	32678
41961	32678
41962	32679
41963	32679
41964	32680
41965	32682
41966	32683
41967	32683
41968	32684
41969	32686
41970	32687
41971	32687
41972	32688
41973	32689
41974	32690
41975	32690
41976	32691
41977	32691
41978	32692
41979	32694
41980	32695
41981	32695
41982	32696
41983	32698
41984	32699
41985	32699
41986	32700
41987	32701
41988	32702
41989	32701
41990	32701
41991	32702
41992	32704
41993	32705
41994	32705
41995	32706
41996	32708
41997	32709
41998	32709
41999	32710
42000	32712
42001	32713
42002	32713
42003	32713
42004	32713
42005	32714
42006	32716
42007	32717
42008	32717
42009	32718
42010	32720
42011	32721
42012	32721
42013	32722
42014	32724
42015	32725
42016	32725
42017	32725
42018	32725
42019	32725
42020	32725
42021	32726
42022	32725
42023	32727
42024	32728
42025	32728
42026	32729
42027	32731
42028	32732
42029	32732
42030	32733
42031	32735
42032	32736
42033	32736
42034	32736
42035	32736
42036	32737
42037	32739
42038	32740
42039	32740
42040	32741
42041	32743
42042	32744
42043	32744
42044	32745
42045	32747
42046	32748
42047	32748
42048	32748
42049	32748
42050	32749
42051	32751
42052	32752
42053	32752
42054	32753
42055	32755
42056	32756
42057	32756
42058	32757
42059	32759
42060	32760
42061	32760
42062	32760
42063	32760
42064	32760
42065	32759
42066	32759
42067	32759
42068	32759
42069	32760
42070	32762
42071	32763
42072	32763
42073	32764
42074	32766
42075	32767
42076	32767
42077	32768
42078	32770
42079	32771
42080	32771
42081	32771
42082	32771
42083	32771
42084	32771
42085	32771
42086	32771
42087	32772
42088	32772
42089	32773
42090	32775
42091	32776
42092	32776
42093	32777
42094	32779
42095	32780
42096	32780
42097	32781
42098	32782
42099	32783
42100	32783
42101	32784
42102	32784
42103	32785
42104	32787
42105	32788
42106	32788
42107	32789
42108	32791
42109	32792
42110	32792
42111	32793
42112	32794
42113	32795
42114	32794
42115	32794
42116	32795
42117	32797
42118	32798
42119	32798
42120	32799
42121	32801
42122	32802
42123	32802
42124	32803
42125	32805
42126	32806
42127	32806
42128	32806
42129	32806
42130	32806
42131	32806
42132	32806
42133	32806
42134	32807
42135	32807
42136	32808
42137	32809
42138	32810
42139	32810
42140	32811
42141	32811
42142	32812
42143	32814
42144	32815
42145	32815
42146	32816
42147	32818
42148	32819
42149	32819
42150	32820
42151	32821
42152	32822
42153	32821
42154	32821
42155	32822
42156	32824
42157	32825
42158	32825
42159	32826
42160	32828
42161	32829
42162	32829
42163	32830
42164	32832
42165	32833
42166	32833
42167	32833
42168	32833
42169	32834
42170	32836
42171	32837
42172	32837
42173	32838
42174	32840
42175	32841
42176	32841
42177	32842
42178	32844
42179	32845
42180	32845
42181	32845
42182	32845
42183	32845
42184	32845
42185	32845
42186	32844
42187	32844
42188	32845
42189	32847
42190	32848
42191	32848
42192	32849
42193	32851
42194	32852
42195	32852
42196	32853
42197	32855
42198	32856
42199	32856
42200	32856
42201	32856
42202	32857
42203	32859
42204	32860
42205	32860
42206	32861
42207	32863
42208	32864
42209	32864
42210	32865
42211	32867
42212	32868
42213	32868
42214	32868
42215	32868
42216	32869
42217	32871
42218	32872
42219	32872
42220	32873
42221	32875
42222	32876
42223	32876
42224	32877
42225	32879
42226	32880
42227	32880
42228	32880
42229	32880
42230	32880
42231	32880
42232	32881
42233	32880
42234	32882
42235	32883
42236	32883
42237	32884
42238	32886
42239	32887
42240	32887
42241	32888
42242	32890
42243	32891
42244	32891
42245	32891
42246	32891
42247	32892
42248	32894
42249	32895
42250	32895
42251	32896
42252	32898
42253	32899
42254	32899
42255	32900
42256	32902
42257	32903
42258	32903
42259	32903
42260	32903
42261	32904
42262	32906
42263	32907
42264	32907
42265	32908
42266	32910
42267	32911
42268	32911
42269	32912
42270	32914
42271	32915
42272	32915
42273	32915
42274	32915
42275	32915
42276	32914
42277	32914
42278	32915
42279	32917
42280	32918
42281	32918
42282	32919
42283	32921
42284	32922
42285	32922
42286	32923
42287	32925
42288	32926
42289	32926
42290	32926
42291	32926
42292	32926
42293	32926
42294	32926
42295	32926
42296	32927
42297	32927
42298	32928
42299	32930
42300	32931
42301	32931
42302	32932
42303	32934
42304	32935
42305	32935
42306	32936
42307	32937
42308	32938
42309	32938
42310	32939
42311	32939
42312	32940
42313	32941
42314	32942
42315	32942
42316	32943
42317	32943
42318	32944
42319	32946
42320	32947
42321	32947
42322	32948
42323	32950
42324	32951
42325	32951
42326	32952
42327	32953
42328	32954
42329	32953
42330	32953
42331	32953
42332	32952
42333	32953
42334	32952
42335	32952
42336	32953
42337	32953
42338	32954
42339	32954
42340	32955
42341	32957
42342	32958
42343	32958
42344	32959
42345	32961
42346	32962
42347	32962
42348	32963
42349	32964
42350	32965
42351	32964
42352	32964
42353	32964
42354	32964
42355	32965
42356	32965
42357	32966
42358	32966
42359	32967
42360	32969
42361	32970
42362	32970
42363	32971
42364	32973
42365	32974
42366	32974
42367	32975
42368	32977
42369	32978
42370	32978
42371	32978
42372	32978
42373	32979
42374	32981
42375	32982
42376	32982
42377	32983
42378	32985
42379	32986
42380	32986
42381	32987
42382	32989
42383	32990
42384	32990
42385	32990
42386	32990
42387	32991
42388	32992
42389	32993
42390	32993
42391	32994
42392	32994
42393	32995
42394	32997
42395	32998
42396	32998
42397	32999
42398	33001
42399	33002
42400	33002
42401	33003
42402	33005
42403	33006
42404	33006
42405	33006
42406	33006
42407	33007
42408	33009
42409	33010
42410	33010
42411	33011
42412	33013
42413	33014
42414	33014
42415	33015
42416	33017
42417	33018
42418	33018
42419	33018
42420	33018
42421	33018
42422	33018
42423	33019
42424	33019
42425	33020
42426	33020
42427	33021
42428	33023
42429	33024
42430	33024
42431	33025
42432	33027
42433	33028
42434	33028
42435	33029
42436	33030
42437	33031
42438	33030
42439	33030
42440	33031
42441	33033
42442	33034
42443	33034
42444	33035
42445	33037
42446	33038
42447	33038
42448	33039
42449	33041
42450	33042
42451	33042
42452	33042
42453	33042
42454	33043
42455	33045
42456	33046
42457	33046
42458	33047
42459	33049
42460	33050
42461	33050
42462	33051
42463	33053
42464	33054
42465	33054
42466	33054
42467	33054
42468	33055
42469	33057
42470	33058
42471	33058
42472	33059
42473	33061
42474	33062
42475	33062
42476	33063
42477	33065
42478	33066
42479	33066
42480	33066
42481	33065
42482	33065
42483	33065
42484	33065
42485	33066
42486	33068
42487	33069
42488	33069
42489	33070
42490	33072
42491	33073
42492	33073
42493	33074
42494	33076
42495	33077
42496	33077
42497	33077
42498	33077
42499	33078
42500	33080
42501	33081
42502	33081
42503	33082
42504	33084
42505	33085
42506	33085
42507	33086
42508	33088
42509	33089
42510	33089
42511	33089
42512	33089
42513	33089
42514	33089
42515	33089
42516	33089
42517	33090
42518	33090
42519	33091
42520	33093
42521	33094
42522	33094
42523	33095
42524	33097
42525	33098
42526	33098
42527	33099
42528	33100
42529	33101
42530	33101
42531	33102
42532	33102
42533	33103
42534	33105
42535	33106
42536	33106
42537	33107
42538	33109
42539	33110
42540	33110
42541	33111
42542	33112
42543	33113
42544	33112
42545	33112
42546	33113
42547	33115
42548	33116
42549	33116
42550	33117
42551	33119
42552	33120
42553	33120
42554	33121
42555	33123
42556	33124
42557	33124
42558	33124
42559	33124
42560	33125
42561	33127
42562	33128
42563	33128
42564	33129
42565	33131
42566	33132
42567	33132
42568	33133
42569	33135
42570	33136
42571	33136
42572	33136
42573	33136
42574	33137
42575	33139
42576	33140
42577	33140
42578	33141
42579	33143
42580	33144
42581	33144
42582	33145
42583	33147
42584	33148
42585	33148
42586	33148
42587	33147
42588	33147
42589	33148
42590	33150
42591	33151
42592	33151
42593	33152
42594	33154
42595	33155
42596	33155
42597	33156
42598	33158
42599	33159
42600	33159
42601	33159
42602	33159
42603	33160
42604	33162
42605	33163
42606	33163
42607	33164
42608	33166
42609	33167
42610	33167
42611	33168
42612	33170
42613	33171
42614	33171
42615	33171
42616	33171
42617	33172
42618	33174
42619	33175
42620	33175
42621	33176
42622	33178
42623	33179
42624	33179
42625	33180
42626	33182
42627	33183
42628	33183
42629	33183
42630	33183
42631	33183
42632	33183
42633	33184
42634	33184
42635	33185
42636	33185
42637	33186
42638	33188
42639	33189
42640	33189
42641	33190
42642	33192
42643	33193
42644	33193
42645	33194
42646	33195
42647	33196
42648	33196
42649	33197
42650	33197
42651	33198
42652	33200
42653	33201
42654	33201
42655	33202
42656	33204
42657	33205
42658	33205
42659	33206
42660	33207
42661	33208
42662	33208
42663	33209
42664	33209
42665	33210
42666	33212
42667	33213
42668	33213
42669	33214
42670	33216
42671	33217
42672	33217
42673	33218
42674	33218
42675	33219
42676	33218
42677	33218
42678	33219
42679	33218
42680	33220
42681	33221
42682	33221
42683	33222
42684	33224
42685	33225
42686	33225
42687	33226
42688	33228
42689	33229
42690	33229
42691	33229
42692	33229
42693	33230
42694	33232
42695	33233
42696	33233
42697	33234
42698	33236
42699	33237
42700	33237
42701	33238
42702	33240
42703	33241
42704	33241
42705	33241
42706	33241
42707	33242
42708	33244
42709	33245
42710	33245
42711	33246
42712	33248
42713	33249
42714	33249
42715	33250
42716	33252
42717	33253
42718	33253
42719	33253
42720	33253
42721	33253
42722	33252
42723	33252
42724	33253
42725	33255
42726	33256
42727	33256
42728	33257
42729	33259
42730	33260
42731	33260
42732	33261
42733	33263
42734	33264
42735	33264
42736	33264
42737	33264
42738	33265
42739	33267
42740	33268
42741	33268
42742	33269
42743	33271
42744	33272
42745	33272
42746	33273
42747	33275
42748	33276
42749	33276
42750	33276
42751	33276
42752	33277
42753	33279
42754	33280
42755	33280
42756	33281
42757	33283
42758	33284
42759	33284
42760	33285
42761	33287
42762	33288
42763	33288
42764	33288
42765	33288
42766	33288
42767	33287
42768	33287
42769	33288
42770	33290
42771	33291
42772	33291
42773	33292
42774	33294
42775	33295
42776	33295
42777	33296
42778	33298
42779	33299
42780	33299
42781	33299
42782	33299
42783	33299
42784	33299
42785	33299
42786	33299
42787	33300
42788	33300
42789	33301
42790	33303
42791	33304
42792	33304
42793	33305
42794	33307
42795	33308
42796	33308
42797	33309
42798	33310
42799	33311
42800	33311
42801	33312
42802	33312
42803	33313
42804	33315
42805	33316
42806	33316
42807	33317
42808	33319
42809	33320
42810	33320
42811	33321
42812	33322
42813	33323
42814	33322
42815	33322
42816	33322
42817	33321
42818	33322
42819	33321
42820	33320
42821	33320
42822	33321
42823	33323
42824	33324
42825	33324
42826	33325
42827	33327
42828	33328
42829	33328
42830	33329
42831	33331
42832	33332
42833	33332
42834	33332
42835	33332
42836	33332
42837	33332
42838	33332
42839	33332
42840	33333
42841	33333
42842	33334
42843	33336
42844	33337
42845	33337
42846	33338
42847	33340
42848	33341
42849	33341
42850	33342
42851	33343
42852	33344
42853	33344
42854	33345
42855	33345
42856	33346
42857	33348
42858	33349
42859	33349
42860	33350
42861	33352
42862	33353
42863	33353
42864	33354
42865	33355
42866	33356
42867	33355
42868	33355
42869	33355
42870	33354
42871	33355
42872	33355
42873	33356
42874	33356
42875	33357
42876	33357
42877	33358
42878	33360
42879	33361
42880	33361
42881	33362
42882	33364
42883	33365
42884	33365
42885	33366
42886	33368
42887	33369
42888	33369
42889	33369
42890	33369
42891	33369
42892	33369
42893	33370
42894	33369
42895	33371
42896	33372
42897	33372
42898	33373
42899	33375
42900	33376
42901	33376
42902	33377
42903	33379
42904	33380
42905	33380
42906	33380
42907	33380
42908	33381
42909	33383
42910	33384
42911	33384
42912	33385
42913	33387
42914	33388
42915	33388
42916	33389
42917	33390
42918	33391
42919	33391
42920	33391
42921	33391
42922	33392
42923	33394
42924	33395
42925	33395
42926	33396
42927	33398
42928	33399
42929	33399
42930	33400
42931	33402
42932	33403
42933	33403
42934	33403
42935	33403
42936	33403
42937	33403
42938	33404
42939	33404
42940	33405
42941	33405
42942	33406
42943	33408
42944	33409
42945	33409
42946	33410
42947	33412
42948	33413
42949	33413
42950	33414
42951	33415
42952	33416
42953	33416
42954	33417
42955	33417
42956	33418
42957	33420
42958	33421
42959	33421
42960	33422
42961	33424
42962	33425
42963	33425
42964	33426
42965	33427
42966	33428
42967	33428
42968	33429
42969	33429
42970	33430
42971	33432
42972	33433
42973	33433
42974	33434
42975	33436
42976	33437
42977	33437
42978	33438
42979	33438
42980	33439
42981	33439
42982	33440
42983	33440
42984	33441
42985	33441
42986	33442
42987	33444
42988	33445
42989	33445
42990	33446
42991	33448
42992	33449
42993	33449
42994	33450
42995	33452
42996	33453
42997	33453
42998	33453
42999	33453
43000	33453
43001	33453
43002	33453
43003	33453
43004	33454
43005	33454
43006	33455
43007	33457
43008	33458
43009	33458
43010	33459
43011	33461
43012	33462
43013	33462
43014	33463
43015	33464
43016	33465
43017	33465
43018	33466
43019	33466
43020	33467
43021	33469
43022	33470
43023	33470
43024	33471
43025	33473
43026	33474
43027	33474
43028	33475
43029	33476
43030	33477
43031	33476
43032	33476
43033	33477
43034	33479
43035	33480
43036	33480
43037	33481
43038	33483
43039	33484
43040	33484
43041	33485
43042	33487
43043	33488
43044	33488
43045	33488
43046	33488
43047	33488
43048	33488
43049	33488
43050	33488
43051	33489
43052	33489
43053	33490
43054	33492
43055	33493
43056	33493
43057	33494
43058	33496
43059	33497
43060	33497
43061	33498
43062	33499
43063	33500
43064	33499
43065	33498
43066	33499
43067	33499
43068	33500
43069	33500
43070	33501
43071	33501
43072	33502
43073	33504
43074	33505
43075	33505
43076	33506
43077	33508
43078	33509
43079	33509
43080	33510
43081	33512
43082	33513
43083	33513
43084	33513
43085	33513
43086	33514
43087	33516
43088	33517
43089	33517
43090	33518
43091	33520
43092	33521
43093	33521
43094	33522
43095	33524
43096	33525
43097	33525
43098	33525
43099	33525
43100	33525
43101	33525
43102	33525
43103	33525
43104	33526
43105	33526
43106	33527
43107	33529
43108	33530
43109	33530
43110	33531
43111	33532
43112	33533
43113	33532
43114	33532
43115	33532
43116	33532
43117	33533
43118	33533
43119	33534
43120	33534
43121	33535
43122	33537
43123	33538
43124	33538
43125	33539
43126	33541
43127	33542
43128	33542
43129	33543
43130	33545
43131	33546
43132	33546
43133	33546
43134	33546
43135	33546
43136	33546
43137	33547
43138	33547
43139	33548
43140	33548
43141	33549
43142	33551
43143	33552
43144	33552
43145	33553
43146	33555
43147	33556
43148	33556
43149	33557
43150	33558
43151	33559
43152	33559
43153	33560
43154	33560
43155	33561
43156	33563
43157	33564
43158	33564
43159	33565
43160	33567
43161	33568
43162	33568
43163	33569
43164	33570
43165	33571
43166	33571
43167	33572
43168	33572
43169	33573
43170	33575
43171	33576
43172	33576
43173	33577
43174	33579
43175	33580
43176	33580
43177	33581
43178	33581
43179	33582
43180	33581
43181	33581
43182	33581
43183	33581
43184	33582
43185	33582
43186	33583
43187	33585
43188	33586
43189	33586
43190	33587
43191	33589
43192	33590
43193	33590
43194	33591
43195	33592
43196	33593
43197	33593
43198	33594
43199	33594
43200	33595
43201	33596
43202	33597
43203	33597
43204	33598
43205	33600
43206	33601
43207	33601
43208	33602
43209	33603
43210	33604
43211	33603
43212	33602
43213	33603
43214	33603
43215	33604
43216	33604
43217	33605
43218	33605
43219	33606
43220	33608
43221	33609
43222	33609
43223	33610
43224	33612
43225	33613
43226	33613
43227	33614
43228	33616
43229	33617
43230	33617
43231	33617
43232	33617
43233	33618
43234	33620
43235	33621
43236	33621
43237	33622
43238	33623
43239	33624
43240	33623
43241	33623
43242	33624
43243	33626
43244	33627
43245	33627
43246	33628
43247	33630
43248	33631
43249	33631
43250	33632
43251	33634
43252	33635
43253	33635
43254	33635
43255	33635
43256	33635
43257	33635
43258	33635
43259	33635
43260	33636
43261	33636
43262	33637
43263	33639
43264	33640
43265	33640
43266	33641
43267	33643
43268	33644
43269	33644
43270	33645
43271	33646
43272	33647
43273	33646
43274	33646
43275	33647
43276	33649
43277	33650
43278	33650
43279	33651
43280	33653
43281	33654
43282	33654
43283	33655
43284	33657
43285	33658
43286	33658
43287	33658
43288	33658
43289	33659
43290	33661
43291	33662
43292	33662
43293	33663
43294	33665
43295	33666
43296	33666
43297	33667
43298	33669
43299	33670
43300	33670
43301	33670
43302	33670
43303	33671
43304	33673
43305	33674
43306	33674
43307	33675
43308	33677
43309	33678
43310	33678
43311	33679
43312	33681
43313	33682
43314	33682
43315	33682
43316	33681
43317	33681
43318	33682
43319	33684
43320	33685
43321	33685
43322	33686
43323	33688
43324	33689
43325	33689
43326	33690
43327	33692
43328	33693
43329	33693
43330	33693
43331	33693
43332	33694
43333	33696
43334	33697
43335	33697
43336	33698
43337	33700
43338	33701
43339	33701
43340	33702
43341	33704
43342	33705
43343	33705
43344	33705
43345	33705
43346	33705
43347	33705
43348	33705
43349	33705
43350	33706
43351	33706
43352	33707
43353	33709
43354	33710
43355	33710
43356	33711
43357	33713
43358	33714
43359	33714
43360	33715
43361	33716
43362	33717
43363	33717
43364	33718
43365	33718
43366	33719
43367	33721
43368	33722
43369	33722
43370	33723
43371	33725
43372	33726
43373	33726
43374	33727
43375	33728
43376	33729
43377	33728
43378	33728
43379	33728
43380	33728
43381	33729
43382	33729
43383	33730
43384	33730
43385	33731
43386	33733
43387	33734
43388	33734
43389	33735
43390	33737
43391	33738
43392	33738
43393	33739
43394	33741
43395	33742
43396	33742
43397	33742
43398	33742
43399	33743
43400	33745
43401	33746
43402	33746
43403	33747
43404	33749
43405	33750
43406	33750
43407	33751
43408	33753
43409	33754
43410	33754
43411	33754
43412	33754
43413	33754
43414	33754
43415	33754
43416	33754
43417	33755
43418	33755
43419	33756
43420	33758
43421	33759
43422	33759
43423	33760
43424	33762
43425	33763
43426	33763
43427	33764
43428	33765
43429	33766
43430	33766
43431	33767
43432	33767
43433	33768
43434	33770
43435	33771
43436	33771
43437	33772
43438	33774
43439	33775
43440	33775
43441	33776
43442	33777
43443	33778
43444	33777
43445	33777
43446	33777
43447	33777
43448	33778
43449	33778
43450	33779
43451	33779
43452	33780
43453	33782
43454	33783
43455	33783
43456	33784
43457	33786
43458	33787
43459	33787
43460	33788
43461	33790
43462	33791
43463	33791
43464	33791
43465	33791
43466	33792
43467	33794
43468	33795
43469	33795
43470	33796
43471	33798
43472	33799
43473	33799
43474	33800
43475	33802
43476	33803
43477	33803
43478	33803
43479	33803
43480	33804
43481	33806
43482	33807
43483	33807
43484	33808
43485	33809
43486	33810
43487	33810
43488	33811
43489	33813
43490	33814
43491	33814
43492	33814
43493	33814
43494	33814
43495	33814
43496	33815
43497	33814
43498	33816
43499	33817
43500	33817
43501	33818
43502	33820
43503	33821
43504	33821
43505	33822
43506	33824
43507	33825
43508	33825
43509	33825
43510	33825
43511	33825
43512	33825
43513	33826
43514	33825
43515	33827
43516	33828
43517	33828
43518	33829
43519	33831
43520	33832
43521	33832
43522	33833
43523	33835
43524	33836
43525	33836
43526	33836
43527	33836
43528	33837
43529	33839
43530	33840
43531	33840
43532	33841
43533	33843
43534	33844
43535	33844
43536	33845
43537	33847
43538	33848
43539	33848
43540	33848
43541	33848
43542	33849
43543	33851
43544	33852
43545	33852
43546	33853
43547	33854
43548	33855
43549	33854
43550	33854
43551	33855
43552	33857
43553	33858
43554	33858
43555	33859
43556	33861
43557	33862
43558	33862
43559	33863
43560	33865
43561	33866
43562	33866
43563	33866
43564	33866
43565	33867
43566	33869
43567	33870
43568	33870
43569	33871
43570	33873
43571	33874
43572	33874
43573	33875
43574	33877
43575	33878
43576	33878
43577	33878
43578	33878
43579	33879
43580	33881
43581	33882
43582	33882
43583	33883
43584	33885
43585	33886
43586	33886
43587	33887
43588	33888
43589	33889
43590	33889
43591	33889
43592	33888
43593	33888
43594	33888
43595	33888
43596	33889
43597	33891
43598	33892
43599	33892
43600	33893
43601	33895
43602	33896
43603	33896
43604	33897
43605	33899
43606	33900
43607	33900
43608	33900
43609	33900
43610	33900
43611	33900
43612	33900
43613	33900
43614	33901
43615	33901
43616	33902
43617	33904
43618	33905
43619	33905
43620	33906
43621	33908
43622	33909
43623	33909
43624	33910
43625	33911
43626	33912
43627	33911
43628	33911
43629	33911
43630	33910
43631	33911
43632	33911
43633	33912
43634	33912
43635	33913
43636	33913
43637	33913
43638	33913
43639	33913
43640	33913
43641	33914
43642	33914
43643	33915
43644	33915
43645	33916
43646	33918
43647	33919
43648	33919
43649	33920
43650	33922
43651	33923
43652	33923
43653	33924
43654	33926
43655	33927
43656	33927
43657	33927
43658	33927
43659	33927
43660	33927
43661	33928
43662	33927
43663	33929
43664	33930
43665	33930
43666	33931
43667	33933
43668	33934
43669	33934
43670	33935
43671	33937
43672	33938
43673	33938
43674	33938
43675	33938
43676	33939
43677	33941
43678	33942
43679	33942
43680	33943
43681	33945
43682	33946
43683	33946
43684	33947
43685	33949
43686	33950
43687	33950
43688	33950
43689	33950
43690	33951
43691	33953
43692	33954
43693	33954
43694	33955
43695	33957
43696	33958
43697	33958
43698	33959
43699	33961
43700	33962
43701	33962
43702	33962
43703	33962
43704	33962
43705	33962
43706	33962
43707	33962
43708	33963
43709	33963
43710	33964
43711	33966
43712	33967
43713	33967
43714	33968
43715	33970
43716	33971
43717	33971
43718	33972
43719	33973
43720	33974
43721	33974
43722	33975
43723	33975
43724	33976
43725	33978
43726	33979
43727	33979
43728	33980
43729	33982
43730	33983
43731	33983
43732	33984
43733	33985
43734	33986
43735	33985
43736	33985
43737	33986
43738	33987
43739	33988
43740	33988
43741	33989
43742	33989
43743	33990
43744	33992
43745	33993
43746	33993
43747	33994
43748	33996
43749	33997
43750	33997
43751	33998
43752	34000
43753	34001
43754	34001
43755	34001
43756	34001
43757	34002
43758	34004
43759	34005
43760	34005
43761	34006
43762	34008
43763	34009
43764	34009
43765	34010
43766	34012
43767	34013
43768	34013
43769	34013
43770	34013
43771	34014
43772	34016
43773	34017
43774	34017
43775	34018
43776	34020
43777	34021
43778	34021
43779	34022
43780	34024
43781	34025
43782	34025
43783	34025
43784	34025
43785	34025
43786	34025
43787	34026
43788	34026
43789	34027
43790	34027
43791	34028
43792	34030
43793	34031
43794	34031
43795	34032
43796	34034
43797	34035
43798	34035
43799	34036
43800	34037
43801	34038
43802	34038
43803	34039
43804	34039
43805	34040
43806	34042
43807	34043
43808	34043
43809	34044
43810	34046
43811	34047
43812	34047
43813	34048
43814	34049
43815	34050
43816	34050
43817	34051
43818	34051
43819	34052
43820	34054
43821	34055
43822	34055
43823	34056
43824	34058
43825	34059
43826	34059
43827	34060
43828	34060
43829	34061
43830	34061
43831	34062
43832	34062
43833	34063
43834	34063
43835	34063
43836	34063
43837	34064
43838	34066
43839	34067
43840	34067
43841	34068
43842	34070
43843	34071
43844	34071
43845	34072
43846	34074
43847	34075
43848	34075
43849	34075
43850	34075
43851	34076
43852	34078
43853	34079
43854	34079
43855	34080
43856	34082
43857	34083
43858	34083
43859	34084
43860	34086
43861	34087
43862	34087
43863	34087
43864	34087
43865	34088
43866	34090
43867	34091
43868	34091
43869	34092
43870	34094
43871	34095
43872	34095
43873	34096
43874	34098
43875	34099
43876	34099
43877	34099
43878	34098
43879	34098
43880	34099
43881	34101
43882	34102
43883	34102
43884	34103
43885	34105
43886	34106
43887	34106
43888	34107
43889	34109
43890	34110
43891	34110
43892	34110
43893	34110
43894	34111
43895	34113
43896	34114
43897	34114
43898	34115
43899	34117
43900	34118
43901	34118
43902	34119
43903	34121
43904	34122
43905	34122
43906	34122
43907	34122
43908	34123
43909	34125
43910	34126
43911	34126
43912	34127
43913	34129
43914	34130
43915	34130
43916	34131
43917	34133
43918	34134
43919	34134
43920	34134
43921	34134
43922	34134
43923	34133
43924	34133
43925	34134
43926	34136
43927	34137
43928	34137
43929	34138
43930	34140
43931	34141
43932	34141
43933	34142
43934	34144
43935	34145
43936	34145
43937	34145
43938	34145
43939	34145
43940	34145
43941	34146
43942	34145
43943	34147
43944	34148
43945	34148
43946	34149
43947	34151
43948	34152
43949	34152
43950	34153
43951	34155
43952	34156
43953	34156
43954	34156
43955	34156
43956	34156
43957	34156
43958	34157
43959	34156
43960	34158
43961	34159
43962	34159
43963	34160
43964	34162
43965	34163
43966	34163
43967	34164
43968	34166
43969	34167
43970	34167
43971	34167
43972	34167
43973	34168
43974	34170
43975	34171
43976	34171
43977	34172
43978	34174
43979	34175
43980	34175
43981	34176
43982	34178
43983	34179
43984	34179
43985	34179
43986	34179
43987	34179
43988	34179
43989	34179
43990	34179
43991	34180
43992	34180
43993	34181
43994	34183
43995	34184
43996	34184
43997	34185
43998	34187
43999	34188
44000	34188
44001	34189
44002	34190
44003	34191
44004	34191
44005	34192
44006	34192
44007	34193
44008	34195
44009	34196
44010	34196
44011	34197
44012	34199
44013	34200
44014	34200
44015	34201
44016	34202
44017	34203
44018	34202
44019	34202
44020	34202
44021	34201
44022	34202
44023	34202
44024	34203
44025	34203
44026	34204
44027	34204
44028	34205
44029	34207
44030	34208
44031	34208
44032	34209
44033	34211
44034	34212
44035	34212
44036	34213
44037	34215
44038	34216
44039	34216
44040	34216
44041	34216
44042	34217
44043	34219
44044	34220
44045	34220
44046	34221
44047	34223
44048	34224
44049	34224
44050	34225
44051	34227
44052	34228
44053	34228
44054	34228
44055	34228
44056	34228
44057	34228
44058	34228
44059	34227
44060	34227
44061	34228
44062	34230
44063	34231
44064	34231
44065	34232
44066	34234
44067	34235
44068	34235
44069	34236
44070	34238
44071	34239
44072	34239
44073	34239
44074	34239
44075	34240
44076	34242
44077	34243
44078	34243
44079	34244
44080	34246
44081	34247
44082	34247
44083	34248
44084	34250
44085	34251
44086	34251
44087	34251
44088	34251
44089	34252
44090	34254
44091	34255
44092	34255
44093	34256
44094	34258
44095	34259
44096	34259
44097	34260
44098	34262
44099	34263
44100	34263
44101	34263
44102	34263
44103	34263
44104	34263
44105	34263
44106	34262
44107	34262
44108	34263
44109	34265
44110	34266
44111	34266
44112	34267
44113	34269
44114	34270
44115	34270
44116	34271
44117	34273
44118	34274
44119	34274
44120	34274
44121	34274
44122	34275
44123	34277
44124	34278
44125	34278
44126	34279
44127	34281
44128	34282
44129	34282
44130	34283
44131	34285
44132	34286
44133	34286
44134	34286
44135	34286
44136	34286
44137	34286
44138	34286
44139	34285
44140	34285
44141	34286
44142	34288
44143	34289
44144	34289
44145	34290
44146	34292
44147	34293
44148	34293
44149	34294
44150	34296
44151	34297
44152	34297
44153	34297
44154	34297
44155	34297
44156	34297
44157	34298
44158	34297
44159	34299
44160	34300
44161	34300
44162	34301
44163	34303
44164	34304
44165	34304
44166	34305
44167	34307
44168	34308
44169	34308
44170	34308
44171	34308
44172	34309
44173	34311
44174	34312
44175	34312
44176	34313
44177	34315
44178	34316
44179	34316
44180	34317
44181	34319
44182	34320
44183	34320
44184	34320
44185	34320
44186	34321
44187	34322
44188	34323
44189	34323
44190	34324
44191	34324
44192	34325
44193	34326
44194	34327
44195	34327
44196	34328
44197	34330
44198	34331
44199	34331
44200	34332
44201	34333
44202	34334
44203	34334
44204	34335
44205	34335
44206	34336
44207	34338
44208	34339
44209	34339
44210	34340
44211	34342
44212	34343
44213	34343
44214	34344
44215	34345
44216	34346
44217	34345
44218	34345
44219	34346
44220	34348
44221	34349
44222	34349
44223	34350
44224	34352
44225	34353
44226	34353
44227	34354
44228	34356
44229	34357
44230	34357
44231	34357
44232	34357
44233	34357
44234	34357
44235	34357
44236	34356
44237	34356
44238	34357
44239	34359
44240	34360
44241	34360
44242	34361
44243	34363
44244	34364
44245	34364
44246	34365
44247	34367
44248	34368
44249	34368
44250	34368
44251	34368
44252	34368
44253	34368
44254	34368
44255	34367
44256	34367
44257	34368
44258	34370
44259	34371
44260	34371
44261	34372
44262	34374
44263	34375
44264	34375
44265	34376
44266	34378
44267	34379
44268	34379
44269	34379
44270	34379
44271	34380
44272	34382
44273	34383
44274	34383
44275	34384
44276	34386
44277	34387
44278	34387
44279	34388
44280	34390
44281	34391
44282	34391
44283	34391
44284	34391
44285	34392
44286	34394
44287	34395
44288	34395
44289	34396
44290	34398
44291	34399
44292	34399
44293	34400
44294	34402
44295	34403
44296	34403
44297	34403
44298	34403
44299	34403
44300	34403
44301	34403
44302	34402
44303	34402
44304	34402
44305	34402
44306	34402
44307	34402
44308	34403
44309	34403
44310	34404
44311	34404
44312	34405
44313	34407
44314	34408
44315	34408
44316	34409
44317	34411
44318	34412
44319	34412
44320	34413
44321	34415
44322	34416
44323	34416
44324	34416
44325	34416
44326	34417
44327	34419
44328	34420
44329	34420
44330	34421
44331	34423
44332	34424
44333	34424
44334	34425
44335	34427
44336	34428
44337	34428
44338	34428
44339	34428
44340	34429
44341	34431
44342	34432
44343	34432
44344	34433
44345	34435
44346	34436
44347	34436
44348	34437
44349	34439
44350	34440
44351	34440
44352	34440
44353	34440
44354	34440
44355	34440
44356	34440
44357	34440
44358	34441
44359	34441
44360	34442
44361	34444
44362	34445
44363	34445
44364	34446
44365	34448
44366	34449
44367	34449
44368	34450
44369	34451
44370	34452
44371	34452
44372	34453
44373	34453
44374	34454
44375	34456
44376	34457
44377	34457
44378	34458
44379	34460
44380	34461
44381	34461
44382	34462
44383	34463
44384	34464
44385	34463
44386	34462
44387	34463
44388	34463
44389	34464
44390	34464
44391	34465
44392	34465
44393	34466
44394	34467
44395	34468
44396	34468
44397	34469
44398	34470
44399	34471
44400	34471
44401	34472
44402	34472
44403	34473
44404	34475
44405	34476
44406	34476
44407	34477
44408	34479
44409	34480
44410	34480
44411	34481
44412	34482
44413	34483
44414	34482
44415	34482
44416	34483
44417	34485
44418	34486
44419	34486
44420	34487
44421	34489
44422	34490
44423	34490
44424	34491
44425	34493
44426	34494
44427	34494
44428	34494
44429	34494
44430	34494
44431	34494
44432	34494
44433	34494
44434	34495
44435	34495
44436	34496
44437	34498
44438	34499
44439	34499
44440	34500
44441	34502
44442	34503
44443	34503
44444	34504
44445	34505
44446	34506
44447	34505
44448	34505
44449	34506
44450	34508
44451	34509
44452	34509
44453	34510
44454	34512
44455	34513
44456	34513
44457	34514
44458	34516
44459	34517
44460	34517
44461	34517
44462	34517
44463	34517
44464	34517
44465	34518
44466	34518
44467	34519
44468	34519
44469	34520
44470	34522
44471	34523
44472	34523
44473	34524
44474	34526
44475	34527
44476	34527
44477	34528
44478	34529
44479	34530
44480	34530
44481	34531
44482	34531
44483	34532
44484	34534
44485	34535
44486	34535
44487	34536
44488	34538
44489	34539
44490	34539
44491	34540
44492	34541
44493	34542
44494	34542
44495	34543
44496	34543
44497	34544
44498	34546
44499	34547
44500	34547
44501	34548
44502	34550
44503	34551
44504	34551
44505	34552
44506	34552
44507	34553
44508	34552
44509	34552
44510	34553
44511	34553
44512	34554
44513	34554
44514	34555
44515	34557
44516	34558
44517	34558
44518	34559
44519	34561
44520	34562
44521	34562
44522	34563
44523	34564
44524	34565
44525	34565
44526	34566
44527	34566
44528	34567
44529	34569
44530	34570
44531	34570
44532	34571
44533	34573
44534	34574
44535	34574
44536	34575
44537	34576
44538	34577
44539	34577
44540	34578
44541	34578
44542	34579
44543	34581
44544	34582
44545	34582
44546	34583
44547	34585
44548	34586
44549	34586
44550	34587
44551	34587
44552	34588
44553	34587
44554	34587
44555	34587
44556	34587
44557	34588
44558	34588
44559	34589
44560	34591
44561	34592
44562	34592
44563	34593
44564	34595
44565	34596
44566	34596
44567	34597
44568	34598
44569	34599
44570	34599
44571	34600
44572	34600
44573	34601
44574	34603
44575	34604
44576	34604
44577	34605
44578	34607
44579	34608
44580	34608
44581	34609
44582	34610
44583	34611
44584	34610
44585	34610
44586	34611
44587	34613
44588	34614
44589	34614
44590	34615
44591	34617
44592	34618
44593	34618
44594	34619
44595	34621
44596	34622
44597	34622
44598	34622
44599	34622
44600	34623
44601	34625
44602	34626
44603	34626
44604	34627
44605	34629
44606	34630
44607	34630
44608	34631
44609	34633
44610	34634
44611	34634
44612	34634
44613	34634
44614	34634
44615	34634
44616	34635
44617	34634
44618	34636
44619	34637
44620	34637
44621	34638
44622	34640
44623	34641
44624	34641
44625	34642
44626	34644
44627	34645
44628	34645
44629	34645
44630	34645
44631	34645
44632	34645
44633	34646
44634	34645
44635	34647
44636	34648
44637	34648
44638	34649
44639	34651
44640	34652
44641	34652
44642	34653
44643	34655
44644	34656
44645	34656
44646	34656
44647	34656
44648	34657
44649	34659
44650	34660
44651	34660
44652	34661
44653	34663
44654	34664
44655	34664
44656	34665
44657	34667
44658	34668
44659	34668
44660	34668
44661	34668
44662	34669
44663	34671
44664	34672
44665	34672
44666	34673
44667	34675
44668	34676
44669	34676
44670	34677
44671	34679
44672	34680
44673	34680
44674	34680
44675	34680
44676	34680
44677	34680
44678	34680
44679	34680
44680	34681
44681	34681
44682	34682
44683	34684
44684	34685
44685	34685
44686	34686
44687	34688
44688	34689
44689	34689
44690	34690
44691	34691
44692	34692
44693	34691
44694	34691
44695	34692
44696	34694
44697	34695
44698	34695
44699	34696
44700	34698
44701	34699
44702	34699
44703	34700
44704	34702
44705	34703
44706	34703
44707	34703
44708	34703
44709	34704
44710	34706
44711	34707
44712	34707
44713	34708
44714	34710
44715	34711
44716	34711
44717	34712
44718	34714
44719	34715
44720	34715
44721	34715
44722	34715
44723	34716
44724	34718
44725	34719
44726	34719
44727	34720
44728	34722
44729	34723
44730	34723
44731	34724
44732	34726
44733	34727
44734	34727
44735	34727
44736	34726
44737	34726
44738	34727
44739	34729
44740	34730
44741	34730
44742	34731
44743	34733
44744	34734
44745	34734
44746	34735
44747	34737
44748	34738
44749	34738
44750	34738
44751	34738
44752	34738
44753	34738
44754	34738
44755	34738
44756	34739
44757	34739
44758	34740
44759	34742
44760	34743
44761	34743
44762	34744
44763	34746
44764	34747
44765	34747
44766	34748
44767	34749
44768	34750
44769	34750
44770	34751
44771	34751
44772	34752
44773	34754
44774	34755
44775	34755
44776	34756
44777	34758
44778	34759
44779	34759
44780	34760
44781	34761
44782	34762
44783	34761
44784	34761
44785	34762
44786	34764
44787	34765
44788	34765
44789	34766
44790	34768
44791	34769
44792	34769
44793	34770
44794	34772
44795	34773
44796	34773
44797	34773
44798	34773
44799	34773
44800	34773
44801	34774
44802	34774
44803	34775
44804	34775
44805	34776
44806	34778
44807	34779
44808	34779
44809	34780
44810	34782
44811	34783
44812	34783
44813	34784
44814	34785
44815	34786
44816	34786
44817	34787
44818	34787
44819	34788
44820	34790
44821	34791
44822	34791
44823	34792
44824	34794
44825	34795
44826	34795
44827	34796
44828	34797
44829	34798
44830	34798
44831	34799
44832	34799
44833	34800
44834	34801
44835	34802
44836	34802
44837	34803
44838	34803
44839	34804
44840	34806
44841	34807
44842	34807
44843	34808
44844	34810
44845	34811
44846	34811
44847	34812
44848	34813
44849	34814
44850	34813
44851	34813
44852	34814
44853	34816
44854	34817
44855	34817
44856	34818
44857	34820
44858	34821
44859	34821
44860	34822
44861	34824
44862	34825
44863	34825
44864	34825
44865	34825
44866	34826
44867	34828
44868	34829
44869	34829
44870	34830
44871	34832
44872	34833
44873	34833
44874	34834
44875	34836
44876	34837
44877	34837
44878	34837
44879	34837
44880	34838
44881	34840
44882	34841
44883	34841
44884	34842
44885	34844
44886	34845
44887	34845
44888	34846
44889	34848
44890	34849
44891	34849
44892	34849
44893	34848
44894	34848
44895	34849
44896	34851
44897	34852
44898	34852
44899	34853
44900	34855
44901	34856
44902	34856
44903	34857
44904	34859
44905	34860
44906	34860
44907	34860
44908	34860
44909	34860
44910	34860
44911	34860
44912	34860
44913	34861
44914	34861
44915	34862
44916	34864
44917	34865
44918	34865
44919	34866
44920	34868
44921	34869
44922	34869
44923	34870
44924	34871
44925	34872
44926	34871
44927	34871
44928	34871
44929	34870
44930	34871
44931	34871
44932	34872
44933	34872
44934	34873
44935	34873
44936	34874
44937	34876
44938	34877
44939	34877
44940	34878
44941	34880
44942	34881
44943	34881
44944	34882
44945	34884
44946	34885
44947	34885
44948	34885
44949	34885
44950	34886
44951	34888
44952	34889
44953	34889
44954	34890
44955	34892
44956	34893
44957	34893
44958	34894
44959	34896
44960	34897
44961	34897
44962	34897
44963	34897
44964	34898
44965	34900
44966	34901
44967	34901
44968	34902
44969	34904
44970	34905
44971	34905
44972	34906
44973	34908
44974	34909
44975	34909
44976	34909
44977	34909
44978	34909
44979	34909
44980	34909
44981	34909
44982	34910
44983	34910
44984	34911
44985	34913
44986	34914
44987	34914
44988	34915
44989	34917
44990	34918
44991	34918
44992	34919
44993	34920
44994	34921
44995	34921
44996	34922
44997	34922
44998	34923
44999	34925
45000	34926
45001	34926
45002	34927
45003	34929
45004	34930
45005	34930
45006	34931
45007	34932
45008	34933
45009	34932
45010	34932
45011	34933
45012	34934
45013	34935
45014	34935
45015	34936
45016	34938
45017	34939
45018	34939
45019	34940
45020	34941
45021	34942
45022	34941
45023	34941
45024	34942
45025	34944
45026	34945
45027	34945
45028	34946
45029	34948
45030	34949
45031	34949
45032	34950
45033	34952
45034	34953
45035	34953
45036	34953
45037	34953
45038	34954
45039	34956
45040	34957
45041	34957
45042	34958
45043	34960
45044	34961
45045	34961
45046	34962
45047	34964
45048	34965
45049	34965
45050	34965
45051	34965
45052	34965
45053	34965
45054	34965
45055	34964
45056	34964
45057	34964
45058	34963
45059	34964
45060	34963
45061	34963
45062	34963
45063	34962
45064	34963
45065	34963
45066	34964
45067	34964
45068	34965
45069	34965
45070	34966
45071	34968
45072	34969
45073	34969
45074	34970
45075	34972
45076	34973
45077	34973
45078	34974
45079	34976
45080	34977
45081	34977
45082	34977
45083	34977
45084	34977
45085	34977
45086	34977
45087	34977
45088	34978
45089	34978
45090	34979
45091	34981
45092	34982
45093	34982
45094	34983
45095	34985
45096	34986
45097	34986
45098	34987
45099	34988
45100	34989
45101	34988
45102	34988
45103	34988
45104	34987
45105	34988
45106	34988
45107	34989
45108	34989
45109	34990
45110	34990
45111	34990
45112	34990
45113	34991
45114	34993
45115	34994
45116	34994
45117	34995
45118	34997
45119	34998
45120	34998
45121	34999
45122	35001
45123	35002
45124	35002
45125	35002
45126	35002
45127	35003
45128	35005
45129	35006
45130	35006
45131	35007
45132	35009
45133	35010
45134	35010
45135	35011
45136	35013
45137	35014
45138	35014
45139	35014
45140	35014
45141	35015
45142	35017
45143	35018
45144	35018
45145	35019
45146	35021
45147	35022
45148	35022
45149	35023
45150	35025
45151	35026
45152	35026
45153	35026
45154	35025
45155	35025
45156	35026
45157	35028
45158	35029
45159	35029
45160	35030
45161	35032
45162	35033
45163	35033
45164	35034
45165	35036
45166	35037
45167	35037
45168	35037
45169	35037
45170	35037
45171	35037
45172	35038
45173	35037
45174	35039
45175	35040
45176	35040
45177	35041
45178	35043
45179	35044
45180	35044
45181	35045
45182	35047
45183	35048
45184	35048
45185	35048
45186	35048
45187	35049
45188	35051
45189	35052
45190	35052
45191	35053
45192	35055
45193	35056
45194	35056
45195	35057
45196	35059
45197	35060
45198	35060
45199	35060
45200	35060
45201	35061
45202	35062
45203	35063
45204	35063
45205	35064
45206	35064
45207	35065
45208	35067
45209	35068
45210	35068
45211	35069
45212	35071
45213	35072
45214	35072
45215	35073
45216	35075
45217	35076
45218	35076
45219	35076
45220	35076
45221	35077
45222	35078
45223	35079
45224	35079
45225	35080
45226	35082
45227	35083
45228	35083
45229	35084
45230	35085
45231	35086
45232	35086
45233	35087
45234	35087
45235	35088
45236	35090
45237	35091
45238	35091
45239	35092
45240	35094
45241	35095
45242	35095
45243	35096
45244	35097
45245	35098
45246	35097
45247	35097
45248	35097
45249	35097
45250	35098
45251	35098
45252	35099
45253	35099
45254	35100
45255	35102
45256	35103
45257	35103
45258	35104
45259	35106
45260	35107
45261	35107
45262	35108
45263	35110
45264	35111
45265	35111
45266	35111
45267	35110
45268	35110
45269	35110
45270	35110
45271	35111
45272	35113
45273	35114
45274	35114
45275	35115
45276	35117
45277	35118
45278	35118
45279	35119
45280	35121
45281	35122
45282	35122
45283	35122
45284	35122
45285	35123
45286	35125
45287	35126
45288	35126
45289	35127
45290	35129
45291	35130
45292	35130
45293	35131
45294	35133
45295	35134
45296	35134
45297	35134
45298	35134
45299	35134
45300	35134
45301	35134
45302	35134
45303	35135
45304	35135
45305	35136
45306	35138
45307	35139
45308	35139
45309	35140
45310	35142
45311	35143
45312	35143
45313	35144
45314	35145
45315	35146
45316	35146
45317	35147
45318	35147
45319	35148
45320	35150
45321	35151
45322	35151
45323	35152
45324	35154
45325	35155
45326	35155
45327	35156
45328	35157
45329	35158
45330	35157
45331	35157
45332	35158
45333	35160
45334	35161
45335	35161
45336	35162
45337	35163
45338	35164
45339	35164
45340	35165
45341	35165
45342	35166
45343	35168
45344	35169
45345	35169
45346	35170
45347	35172
45348	35173
45349	35173
45350	35174
45351	35175
45352	35176
45353	35175
45354	35175
45355	35176
45356	35178
45357	35179
45358	35179
45359	35180
45360	35182
45361	35183
45362	35183
45363	35184
45364	35186
45365	35187
45366	35187
45367	35187
45368	35187
45369	35187
45370	35187
45371	35188
45372	35187
45373	35189
45374	35190
45375	35190
45376	35191
45377	35193
45378	35194
45379	35194
45380	35195
45381	35197
45382	35198
45383	35198
45384	35198
45385	35198
45386	35199
45387	35201
45388	35202
45389	35202
45390	35203
45391	35205
45392	35206
45393	35206
45394	35207
45395	35209
45396	35210
45397	35210
45398	35210
45399	35210
45400	35211
45401	35213
45402	35214
45403	35214
45404	35215
45405	35217
45406	35218
45407	35218
45408	35219
45409	35221
45410	35222
45411	35222
45412	35222
45413	35222
45414	35222
45415	35222
45416	35222
45417	35222
45418	35223
45419	35223
45420	35224
45421	35226
45422	35227
45423	35227
45424	35228
45425	35230
45426	35231
45427	35231
45428	35232
45429	35233
45430	35234
45431	35233
45432	35233
45433	35234
45434	35236
45435	35237
45436	35237
45437	35238
45438	35240
45439	35241
45440	35241
45441	35242
45442	35244
45443	35245
45444	35245
45445	35245
45446	35245
45447	35245
45448	35245
45449	35246
45450	35245
45451	35247
45452	35248
45453	35248
45454	35249
45455	35251
45456	35252
45457	35252
45458	35253
45459	35255
45460	35256
45461	35256
45462	35256
45463	35256
45464	35257
45465	35259
45466	35260
45467	35260
45468	35261
45469	35263
45470	35264
45471	35264
45472	35265
45473	35267
45474	35268
45475	35268
45476	35268
45477	35268
45478	35269
45479	35271
45480	35272
45481	35272
45482	35273
45483	35275
45484	35276
45485	35276
45486	35277
45487	35279
45488	35280
45489	35280
45490	35280
45491	35280
45492	35280
45493	35279
45494	35279
45495	35280
45496	35282
45497	35283
45498	35283
45499	35284
45500	35286
45501	35287
45502	35287
45503	35288
45504	35290
45505	35291
45506	35291
45507	35291
45508	35291
45509	35292
45510	35294
45511	35295
45512	35295
45513	35296
45514	35298
45515	35299
45516	35299
45517	35300
45518	35302
45519	35303
45520	35303
45521	35303
45522	35303
45523	35304
45524	35306
45525	35307
45526	35307
45527	35308
45528	35310
45529	35311
45530	35311
45531	35312
45532	35314
45533	35315
45534	35315
45535	35315
45536	35315
45537	35315
45538	35314
45539	35314
45540	35314
45541	35314
45542	35314
45543	35314
45544	35315
45545	35315
45546	35316
45547	35316
45548	35316
45549	35316
45550	35316
45551	35316
45552	35317
45553	35317
45554	35318
45555	35318
45556	35318
45557	35318
45558	35318
45559	35318
45560	35319
45561	35319
45562	35320
45563	35320
45564	35321
45565	35323
45566	35324
45567	35324
45568	35325
45569	35327
45570	35328
45571	35328
45572	35329
45573	35331
45574	35332
45575	35332
45576	35332
45577	35332
45578	35333
45579	35335
45580	35336
45581	35336
45582	35337
45583	35339
45584	35340
45585	35340
45586	35341
45587	35343
45588	35344
45589	35344
45590	35344
45591	35344
45592	35344
45593	35344
45594	35344
45595	35344
45596	35345
45597	35345
45598	35346
45599	35348
45600	35349
45601	35349
45602	35350
45603	35351
45604	35352
45605	35352
45606	35353
45607	35354
45608	35355
45609	35355
45610	35356
45611	35356
45612	35357
45613	35359
45614	35360
45615	35360
45616	35361
45617	35363
45618	35364
45619	35364
45620	35365
45621	35366
45622	35367
45623	35366
45624	35366
45625	35367
45626	35369
45627	35370
45628	35370
45629	35371
45630	35373
45631	35374
45632	35374
45633	35375
45634	35377
45635	35378
45636	35378
45637	35378
45638	35378
45639	35378
45640	35378
45641	35378
45642	35378
45643	35379
45644	35379
45645	35380
45646	35382
45647	35383
45648	35383
45649	35384
45650	35386
45651	35387
45652	35387
45653	35388
45654	35389
45655	35390
45656	35390
45657	35391
45658	35391
45659	35392
45660	35394
45661	35395
45662	35395
45663	35396
45664	35398
45665	35399
45666	35399
45667	35400
45668	35401
45669	35402
45670	35401
45671	35401
45672	35401
45673	35400
45674	35401
45675	35401
45676	35402
45677	35402
45678	35403
45679	35403
45680	35404
45681	35405
45682	35406
45683	35406
45684	35407
45685	35409
45686	35410
45687	35410
45688	35411
45689	35412
45690	35413
45691	35412
45692	35411
45693	35412
45694	35412
45695	35413
45696	35413
45697	35414
45698	35414
45699	35414
45700	35414
45701	35415
45702	35417
45703	35418
45704	35418
45705	35419
45706	35421
45707	35422
45708	35422
45709	35423
45710	35425
45711	35426
45712	35426
45713	35426
45714	35426
45715	35427
45716	35429
45717	35430
45718	35430
45719	35431
45720	35433
45721	35434
45722	35434
45723	35435
45724	35437
45725	35438
45726	35438
45727	35438
45728	35438
45729	35439
45730	35441
45731	35442
45732	35442
45733	35443
45734	35445
45735	35446
45736	35446
45737	35447
45738	35449
45739	35450
45740	35450
45741	35450
45742	35449
45743	35449
45744	35449
45745	35449
45746	35449
45747	35449
45748	35450
45749	35450
45750	35451
45751	35451
45752	35451
45753	35451
45754	35451
45755	35450
45756	35452
45757	35453
45758	35453
45759	35454
45760	35454
45761	35455
45762	35457
45763	35458
45764	35458
45765	35459
45766	35461
45767	35462
45768	35462
45769	35463
45770	35465
45771	35466
45772	35466
45773	35466
45774	35466
45775	35467
45776	35469
45777	35470
45778	35470
45779	35471
45780	35473
45781	35474
45782	35474
45783	35475
45784	35477
45785	35478
45786	35478
45787	35478
45788	35478
45789	35479
45790	35481
45791	35482
45792	35482
45793	35483
45794	35485
45795	35486
45796	35486
45797	35487
45798	35489
45799	35490
45800	35490
45801	35490
45802	35490
45803	35490
45804	35489
45805	35489
45806	35490
45807	35492
45808	35493
45809	35493
45810	35494
45811	35496
45812	35497
45813	35497
45814	35498
45815	35500
45816	35501
45817	35501
45818	35501
45819	35501
45820	35502
45821	35504
45822	35505
45823	35505
45824	35506
45825	35508
45826	35509
45827	35509
45828	35510
45829	35512
45830	35513
45831	35513
45832	35513
45833	35513
45834	35514
45835	35516
45836	35517
45837	35517
45838	35518
45839	35520
45840	35521
45841	35521
45842	35522
45843	35524
45844	35525
45845	35525
45846	35525
45847	35525
45848	35525
45849	35525
45850	35526
45851	35525
45852	35527
45853	35528
45854	35528
45855	35529
45856	35531
45857	35532
45858	35532
45859	35533
45860	35535
45861	35536
45862	35536
45863	35536
45864	35536
45865	35537
45866	35539
45867	35540
45868	35540
45869	35541
45870	35543
45871	35544
45872	35544
45873	35545
45874	35547
45875	35548
45876	35548
45877	35548
45878	35548
45879	35548
45880	35548
45881	35549
45882	35548
45883	35550
45884	35551
45885	35551
45886	35552
45887	35554
45888	35555
45889	35555
45890	35556
45891	35558
45892	35559
45893	35559
45894	35559
45895	35559
45896	35560
45897	35562
45898	35563
45899	35563
45900	35564
45901	35566
45902	35567
45903	35567
45904	35568
45905	35570
45906	35571
45907	35571
45908	35571
45909	35571
45910	35571
45911	35570
45912	35570
45913	35570
45914	35570
45915	35571
45916	35573
45917	35574
45918	35574
45919	35575
45920	35577
45921	35578
45922	35578
45923	35579
45924	35581
45925	35582
45926	35582
45927	35582
45928	35582
45929	35583
45930	35585
45931	35586
45932	35586
45933	35587
45934	35589
45935	35590
45936	35590
45937	35591
45938	35593
45939	35594
45940	35594
45941	35594
45942	35594
45943	35595
45944	35597
45945	35598
45946	35598
45947	35599
45948	35601
45949	35602
45950	35602
45951	35603
45952	35605
45953	35606
45954	35606
45955	35606
45956	35605
45957	35605
45958	35606
45959	35608
45960	35609
45961	35609
45962	35610
45963	35612
45964	35613
45965	35613
45966	35614
45967	35616
45968	35617
45969	35617
45970	35617
45971	35617
45972	35618
45973	35620
45974	35621
45975	35621
45976	35622
45977	35624
45978	35625
45979	35625
45980	35626
45981	35628
45982	35629
45983	35629
45984	35629
45985	35629
45986	35630
45987	35632
45988	35633
45989	35633
45990	35634
45991	35636
45992	35637
45993	35637
45994	35638
45995	35640
45996	35641
45997	35641
45998	35641
45999	35641
46000	35641
46001	35641
46002	35642
46003	35642
46004	35643
46005	35643
46006	35644
46007	35646
46008	35647
46009	35647
46010	35648
46011	35650
46012	35651
46013	35651
46014	35652
46015	35653
46016	35654
46017	35653
46018	35653
46019	35654
46020	35656
46021	35657
46022	35657
46023	35658
46024	35660
46025	35661
46026	35661
46027	35662
46028	35664
46029	35665
46030	35665
46031	35665
46032	35665
46033	35665
46034	35665
46035	35665
46036	35664
46037	35664
46038	35665
46039	35667
46040	35668
46041	35668
46042	35669
46043	35671
46044	35672
46045	35672
46046	35673
46047	35675
46048	35676
46049	35676
46050	35676
46051	35676
46052	35677
46053	35679
46054	35680
46055	35680
46056	35681
46057	35683
46058	35684
46059	35684
46060	35685
46061	35687
46062	35688
46063	35688
46064	35688
46065	35688
46066	35689
46067	35691
46068	35692
46069	35692
46070	35693
46071	35695
46072	35696
46073	35696
46074	35697
46075	35699
46076	35700
46077	35700
46078	35700
46079	35700
46080	35700
46081	35700
46082	35701
46083	35700
46084	35702
46085	35703
46086	35703
46087	35704
46088	35706
46089	35707
46090	35707
46091	35708
46092	35710
46093	35711
46094	35711
46095	35711
46096	35711
46097	35712
46098	35714
46099	35715
46100	35715
46101	35716
46102	35718
46103	35719
46104	35719
46105	35720
46106	35722
46107	35723
46108	35723
46109	35723
46110	35723
46111	35724
46112	35726
46113	35727
46114	35727
46115	35728
46116	35730
46117	35731
46118	35731
46119	35732
46120	35734
46121	35735
46122	35735
46123	35735
46124	35735
46125	35735
46126	35735
46127	35736
46128	35736
46129	35737
46130	35737
46131	35738
46132	35740
46133	35741
46134	35741
46135	35742
46136	35744
46137	35745
46138	35745
46139	35746
46140	35747
46141	35748
46142	35748
46143	35749
46144	35749
46145	35750
46146	35752
46147	35753
46148	35753
46149	35754
46150	35756
46151	35757
46152	35757
46153	35758
46154	35759
46155	35760
46156	35760
46157	35761
46158	35761
46159	35762
46160	35764
46161	35765
46162	35765
46163	35766
46164	35768
46165	35769
46166	35769
46167	35770
46168	35770
46169	35771
46170	35770
46171	35769
46172	35769
46173	35769
46174	35769
46175	35769
46176	35769
46177	35770
46178	35770
46179	35771
46180	35773
46181	35774
46182	35774
46183	35775
46184	35777
46185	35778
46186	35778
46187	35779
46188	35780
46189	35781
46190	35780
46191	35780
46192	35781
46193	35783
46194	35784
46195	35784
46196	35785
46197	35787
46198	35788
46199	35788
46200	35789
46201	35791
46202	35792
46203	35792
46204	35792
46205	35792
46206	35792
46207	35792
46208	35792
46209	35792
46210	35793
46211	35793
46212	35794
46213	35796
46214	35797
46215	35797
46216	35798
46217	35800
46218	35801
46219	35801
46220	35802
46221	35803
46222	35804
46223	35804
46224	35805
46225	35805
46226	35806
46227	35807
46228	35808
46229	35808
46230	35809
46231	35809
46232	35810
46233	35812
46234	35813
46235	35813
46236	35814
46237	35816
46238	35817
46239	35817
46240	35818
46241	35819
46242	35820
46243	35819
46244	35819
46245	35819
46246	35819
46247	35820
46248	35820
46249	35821
46250	35821
46251	35821
46252	35820
46253	35822
46254	35823
46255	35823
46256	35824
46257	35824
46258	35824
46259	35824
46260	35825
46261	35827
46262	35828
46263	35828
46264	35829
46265	35831
46266	35832
46267	35832
46268	35833
46269	35835
46270	35836
46271	35836
46272	35836
46273	35836
46274	35837
46275	35839
46276	35840
46277	35840
46278	35841
46279	35843
46280	35844
46281	35844
46282	35845
46283	35847
46284	35848
46285	35848
46286	35848
46287	35848
46288	35848
46289	35848
46290	35848
46291	35847
46292	35847
46293	35848
46294	35850
46295	35851
46296	35851
46297	35852
46298	35854
46299	35855
46300	35855
46301	35856
46302	35858
46303	35859
46304	35859
46305	35859
46306	35859
46307	35860
46308	35862
46309	35863
46310	35863
46311	35864
46312	35866
46313	35867
46314	35867
46315	35868
46316	35870
46317	35871
46318	35871
46319	35871
46320	35871
46321	35872
46322	35874
46323	35875
46324	35875
46325	35876
46326	35878
46327	35879
46328	35879
46329	35880
46330	35882
46331	35883
46332	35883
46333	35883
46334	35883
46335	35883
46336	35882
46337	35882
46338	35883
46339	35885
46340	35886
46341	35886
46342	35887
46343	35889
46344	35890
46345	35890
46346	35891
46347	35893
46348	35894
46349	35894
46350	35894
46351	35894
46352	35894
46353	35894
46354	35895
46355	35895
46356	35896
46357	35896
46358	35897
46359	35899
46360	35900
46361	35900
46362	35901
46363	35903
46364	35904
46365	35904
46366	35905
46367	35906
46368	35907
46369	35906
46370	35906
46371	35907
46372	35909
46373	35910
46374	35910
46375	35911
46376	35913
46377	35914
46378	35914
46379	35915
46380	35917
46381	35918
46382	35918
46383	35918
46384	35918
46385	35919
46386	35921
46387	35922
46388	35922
46389	35923
46390	35925
46391	35926
46392	35926
46393	35927
46394	35929
46395	35930
46396	35930
46397	35930
46398	35930
46399	35930
46400	35929
46401	35929
46402	35929
46403	35928
46404	35929
46405	35928
46406	35928
46407	35929
46408	35931
46409	35932
46410	35932
46411	35933
46412	35935
46413	35936
46414	35936
46415	35937
46416	35939
46417	35940
46418	35940
46419	35940
46420	35940
46421	35941
46422	35943
46423	35944
46424	35944
46425	35945
46426	35947
46427	35948
46428	35948
46429	35949
46430	35951
46431	35952
46432	35952
46433	35952
46434	35952
46435	35952
46436	35952
46437	35953
46438	35952
46439	35954
46440	35955
46441	35955
46442	35956
46443	35958
46444	35959
46445	35959
46446	35960
46447	35962
46448	35963
46449	35963
46450	35963
46451	35963
46452	35963
46453	35963
46454	35963
46455	35963
46456	35964
46457	35964
46458	35965
46459	35967
46460	35968
46461	35968
46462	35969
46463	35970
46464	35971
46465	35971
46466	35972
46467	35972
46468	35973
46469	35975
46470	35976
46471	35976
46472	35977
46473	35979
46474	35980
46475	35980
46476	35981
46477	35982
46478	35983
46479	35982
46480	35982
46481	35983
46482	35984
46483	35985
46484	35985
46485	35986
46486	35986
46487	35987
46488	35989
46489	35990
46490	35990
46491	35991
46492	35993
46493	35994
46494	35994
46495	35995
46496	35997
46497	35998
46498	35998
46499	35998
46500	35998
46501	35999
46502	36001
46503	36002
46504	36002
46505	36003
46506	36005
46507	36006
46508	36006
46509	36007
46510	36009
46511	36010
46512	36010
46513	36010
46514	36010
46515	36011
46516	36013
46517	36014
46518	36014
46519	36015
46520	36017
46521	36018
46522	36018
46523	36019
46524	36021
46525	36022
46526	36022
46527	36022
46528	36022
46529	36022
46530	36022
46531	36022
46532	36021
46533	36021
46534	36022
46535	36023
46536	36024
46537	36024
46538	36025
46539	36027
46540	36028
46541	36028
46542	36029
46543	36030
46544	36031
46545	36030
46546	36030
46547	36031
46548	36033
46549	36034
46550	36034
46551	36035
46552	36037
46553	36038
46554	36038
46555	36039
46556	36041
46557	36042
46558	36042
46559	36042
46560	36042
46561	36043
46562	36045
46563	36046
46564	36046
46565	36047
46566	36049
46567	36050
46568	36050
46569	36051
46570	36053
46571	36054
46572	36054
46573	36054
46574	36054
46575	36055
46576	36057
46577	36058
46578	36058
46579	36059
46580	36061
46581	36062
46582	36062
46583	36063
46584	36065
46585	36066
46586	36066
46587	36066
46588	36065
46589	36065
46590	36066
46591	36068
46592	36069
46593	36069
46594	36070
46595	36072
46596	36073
46597	36073
46598	36074
46599	36076
46600	36077
46601	36077
46602	36077
46603	36077
46604	36077
46605	36077
46606	36077
46607	36077
46608	36078
46609	36078
46610	36079
46611	36081
46612	36082
46613	36082
46614	36083
46615	36085
46616	36086
46617	36086
46618	36087
46619	36088
46620	36089
46621	36089
46622	36090
46623	36090
46624	36091
46625	36092
46626	36093
46627	36093
46628	36094
46629	36094
46630	36095
46631	36097
46632	36098
46633	36098
46634	36099
46635	36101
46636	36102
46637	36102
46638	36103
46639	36104
46640	36105
46641	36104
46642	36104
46643	36105
46644	36106
46645	36107
46646	36107
46647	36108
46648	36109
46649	36110
46650	36109
46651	36108
46652	36109
46653	36109
46654	36110
46655	36110
46656	36111
46657	36111
46658	36111
46659	36111
46660	36112
46661	36114
46662	36115
46663	36115
46664	36116
46665	36118
46666	36119
46667	36119
46668	36120
46669	36122
46670	36123
46671	36123
46672	36123
46673	36123
46674	36123
46675	36123
46676	36124
46677	36124
46678	36125
46679	36125
46680	36126
46681	36128
46682	36129
46683	36129
46684	36130
46685	36132
46686	36133
46687	36133
46688	36134
46689	36135
46690	36136
46691	36136
46692	36137
46693	36137
46694	36138
46695	36140
46696	36141
46697	36141
46698	36142
46699	36144
46700	36145
46701	36145
46702	36146
46703	36147
46704	36148
46705	36148
46706	36149
46707	36149
46708	36150
46709	36152
46710	36153
46711	36153
46712	36154
46713	36156
46714	36157
46715	36157
46716	36158
46717	36158
46718	36159
46719	36158
46720	36158
46721	36159
46722	36158
46723	36160
46724	36161
46725	36161
46726	36162
46727	36164
46728	36165
46729	36165
46730	36166
46731	36168
46732	36169
46733	36169
46734	36169
46735	36169
46736	36170
46737	36172
46738	36173
46739	36173
46740	36174
46741	36176
46742	36177
46743	36177
46744	36178
46745	36180
46746	36181
46747	36181
46748	36181
46749	36181
46750	36182
46751	36184
46752	36185
46753	36185
46754	36186
46755	36188
46756	36189
46757	36189
46758	36190
46759	36192
46760	36193
46761	36193
46762	36193
46763	36193
46764	36193
46765	36193
46766	36193
46767	36193
46768	36194
46769	36194
46770	36195
46771	36197
46772	36198
46773	36198
46774	36199
46775	36201
46776	36202
46777	36202
46778	36203
46779	36204
46780	36205
46781	36204
46782	36204
46783	36205
46784	36207
46785	36208
46786	36208
46787	36209
46788	36211
46789	36212
46790	36212
46791	36213
46792	36215
46793	36216
46794	36216
46795	36216
46796	36216
46797	36216
46798	36216
46799	36216
46800	36216
46801	36217
46802	36217
46803	36218
46804	36220
46805	36221
46806	36221
46807	36222
46808	36224
46809	36225
46810	36225
46811	36226
46812	36227
46813	36228
46814	36228
46815	36229
46816	36229
46817	36230
46818	36232
46819	36233
46820	36233
46821	36234
46822	36236
46823	36237
46824	36237
46825	36238
46826	36239
46827	36240
46828	36239
46829	36239
46830	36240
46831	36242
46832	36243
46833	36243
46834	36244
46835	36246
46836	36247
46837	36247
46838	36248
46839	36250
46840	36251
46841	36251
46842	36251
46843	36251
46844	36252
46845	36254
46846	36255
46847	36255
46848	36256
46849	36258
46850	36259
46851	36259
46852	36260
46853	36262
46854	36263
46855	36263
46856	36263
46857	36263
46858	36263
46859	36263
46860	36263
46861	36262
46862	36262
46863	36262
46864	36262
46865	36262
46866	36261
46867	36262
46868	36262
46869	36263
46870	36263
46871	36264
46872	36266
46873	36267
46874	36267
46875	36268
46876	36270
46877	36271
46878	36271
46879	36272
46880	36273
46881	36274
46882	36273
46883	36273
46884	36273
46885	36273
46886	36274
46887	36274
46888	36275
46889	36275
46890	36276
46891	36278
46892	36279
46893	36279
46894	36280
46895	36282
46896	36283
46897	36283
46898	36284
46899	36286
46900	36287
46901	36287
46902	36287
46903	36287
46904	36288
46905	36290
46906	36291
46907	36291
46908	36292
46909	36294
46910	36295
46911	36295
46912	36296
46913	36298
46914	36299
46915	36299
46916	36299
46917	36299
46918	36300
46919	36302
46920	36303
46921	36303
46922	36304
46923	36306
46924	36307
46925	36307
46926	36308
46927	36310
46928	36311
46929	36311
46930	36311
46931	36311
46932	36311
46933	36311
46934	36311
46935	36311
46936	36312
46937	36312
46938	36313
46939	36315
46940	36316
46941	36316
46942	36317
46943	36318
46944	36319
46945	36319
46946	36320
46947	36320
46948	36321
46949	36323
46950	36324
46951	36324
46952	36325
46953	36327
46954	36328
46955	36328
46956	36329
46957	36330
46958	36331
46959	36330
46960	36330
46961	36331
46962	36333
46963	36334
46964	36334
46965	36335
46966	36337
46967	36338
46968	36338
46969	36339
46970	36341
46971	36342
46972	36342
46973	36342
46974	36342
46975	36343
46976	36345
46977	36346
46978	36346
46979	36347
46980	36349
46981	36350
46982	36350
46983	36351
46984	36353
46985	36354
46986	36354
46987	36354
46988	36354
46989	36354
46990	36354
46991	36355
46992	36355
46993	36356
46994	36356
46995	36357
46996	36359
46997	36360
46998	36360
46999	36361
47000	36363
47001	36364
47002	36364
47003	36365
47004	36366
47005	36367
47006	36366
47007	36366
47008	36366
47009	36366
47010	36367
47011	36367
47012	36368
47013	36368
47014	36368
47015	36368
47016	36369
47017	36371
47018	36372
47019	36372
47020	36373
47021	36375
47022	36376
47023	36376
47024	36377
47025	36379
47026	36380
47027	36380
47028	36380
47029	36380
47030	36381
47031	36383
47032	36384
47033	36384
47034	36385
47035	36387
47036	36388
47037	36388
47038	36389
47039	36391
47040	36392
47041	36392
47042	36392
47043	36392
47044	36392
47045	36392
47046	36393
47047	36393
47048	36394
47049	36394
47050	36395
47051	36397
47052	36398
47053	36398
47054	36399
47055	36400
47056	36401
47057	36401
47058	36402
47059	36402
47060	36403
47061	36405
47062	36406
47063	36406
47064	36407
47065	36409
47066	36410
47067	36410
47068	36411
47069	36412
47070	36413
47071	36412
47072	36412
47073	36413
47074	36415
47075	36416
47076	36416
47077	36417
47078	36419
47079	36420
47080	36420
47081	36421
47082	36423
47083	36424
47084	36424
47085	36424
47086	36424
47087	36425
47088	36427
47089	36428
47090	36428
47091	36429
47092	36431
47093	36432
47094	36432
47095	36433
47096	36435
47097	36436
47098	36436
47099	36436
47100	36436
47101	36436
47102	36436
47103	36436
47104	36436
47105	36437
47106	36437
47107	36438
47108	36440
47109	36441
47110	36441
47111	36442
47112	36444
47113	36445
47114	36445
47115	36446
47116	36447
47117	36448
47118	36447
47119	36447
47120	36448
47121	36449
47122	36450
47123	36450
47124	36451
47125	36453
47126	36454
47127	36454
47128	36455
47129	36456
47130	36457
47131	36456
47132	36456
47133	36457
47134	36459
47135	36460
47136	36460
47137	36461
47138	36463
47139	36464
47140	36464
47141	36465
47142	36467
47143	36468
47144	36468
47145	36468
47146	36468
47147	36469
47148	36471
47149	36472
47150	36472
47151	36473
47152	36475
47153	36476
47154	36476
47155	36477
47156	36479
47157	36480
47158	36480
47159	36480
47160	36480
47161	36480
47162	36480
47163	36481
47164	36480
47165	36482
47166	36483
47167	36483
47168	36484
47169	36486
47170	36487
47171	36487
47172	36488
47173	36490
47174	36491
47175	36491
47176	36491
47177	36491
47178	36492
47179	36494
47180	36495
47181	36495
47182	36496
47183	36498
47184	36499
47185	36499
47186	36500
47187	36502
47188	36503
47189	36503
47190	36503
47191	36503
47192	36504
47193	36506
47194	36507
47195	36507
47196	36508
47197	36510
47198	36511
47199	36511
47200	36512
47201	36514
47202	36515
47203	36515
47204	36515
47205	36515
47206	36515
47207	36515
47208	36516
47209	36516
47210	36517
47211	36517
47212	36518
47213	36520
47214	36521
47215	36521
47216	36522
47217	36524
47218	36525
47219	36525
47220	36526
47221	36527
47222	36528
47223	36528
47224	36529
47225	36529
47226	36530
47227	36532
47228	36533
47229	36533
47230	36534
47231	36536
47232	36537
47233	36537
47234	36538
47235	36539
47236	36540
47237	36540
47238	36541
47239	36541
47240	36542
47241	36544
47242	36545
47243	36545
47244	36546
47245	36548
47246	36549
47247	36549
47248	36550
47249	36550
47250	36551
47251	36550
47252	36549
47253	36549
47254	36550
47255	36552
47256	36553
47257	36553
47258	36554
47259	36556
47260	36557
47261	36557
47262	36558
47263	36560
47264	36561
47265	36561
47266	36561
47267	36561
47268	36561
47269	36561
47270	36561
47271	36560
47272	36560
47273	36561
47274	36563
47275	36564
47276	36564
47277	36565
47278	36567
47279	36568
47280	36568
47281	36569
47282	36571
47283	36572
47284	36572
47285	36572
47286	36572
47287	36572
47288	36572
47289	36573
47290	36573
47291	36574
47292	36574
47293	36575
47294	36577
47295	36578
47296	36578
47297	36579
47298	36581
47299	36582
47300	36582
47301	36583
47302	36584
47303	36585
47304	36585
47305	36586
47306	36586
47307	36587
47308	36589
47309	36590
47310	36590
47311	36591
47312	36593
47313	36594
47314	36594
47315	36595
47316	36596
47317	36597
47318	36597
47319	36598
47320	36598
47321	36599
47322	36601
47323	36602
47324	36602
47325	36603
47326	36605
47327	36606
47328	36606
47329	36607
47330	36607
47331	36608
47332	36608
47333	36609
47334	36609
47335	36610
47336	36610
47337	36610
47338	36610
47339	36610
47340	36610
47341	36611
47342	36611
47343	36612
47344	36612
47345	36613
47346	36615
47347	36616
47348	36616
47349	36617
47350	36619
47351	36620
47352	36620
47353	36621
47354	36623
47355	36624
47356	36624
47357	36624
47358	36624
47359	36625
47360	36627
47361	36628
47362	36628
47363	36629
47364	36631
47365	36632
47366	36632
47367	36633
47368	36635
47369	36636
47370	36636
47371	36636
47372	36636
47373	36637
47374	36639
47375	36640
47376	36640
47377	36641
47378	36643
47379	36644
47380	36644
47381	36645
47382	36647
47383	36648
47384	36648
47385	36648
47386	36648
47387	36648
47388	36648
47389	36649
47390	36649
47391	36650
47392	36650
47393	36651
47394	36653
47395	36654
47396	36654
47397	36655
47398	36657
47399	36658
47400	36658
47401	36659
47402	36660
47403	36661
47404	36661
47405	36662
47406	36662
47407	36663
47408	36665
47409	36666
47410	36666
47411	36667
47412	36669
47413	36670
47414	36670
47415	36671
47416	36672
47417	36673
47418	36673
47419	36674
47420	36674
47421	36675
47422	36677
47423	36678
47424	36678
47425	36679
47426	36681
47427	36682
47428	36682
47429	36683
47430	36683
47431	36684
47432	36683
47433	36683
47434	36683
47435	36683
47436	36684
47437	36684
47438	36685
47439	36687
47440	36688
47441	36688
47442	36689
47443	36691
47444	36692
47445	36692
47446	36693
47447	36694
47448	36695
47449	36695
47450	36696
47451	36696
47452	36697
47453	36699
47454	36700
47455	36700
47456	36701
47457	36703
47458	36704
47459	36704
47460	36705
47461	36706
47462	36707
47463	36706
47464	36706
47465	36707
47466	36709
47467	36710
47468	36710
47469	36711
47470	36713
47471	36714
47472	36714
47473	36715
47474	36717
47475	36718
47476	36718
47477	36718
47478	36718
47479	36718
47480	36718
47481	36718
47482	36717
47483	36717
47484	36717
47485	36717
47486	36718
47487	36720
47488	36721
47489	36721
47490	36722
47491	36724
47492	36725
47493	36725
47494	36726
47495	36728
47496	36729
47497	36729
47498	36729
47499	36729
47500	36729
47501	36729
47502	36730
47503	36730
47504	36731
47505	36731
47506	36732
47507	36734
47508	36735
47509	36735
47510	36736
47511	36738
47512	36739
47513	36739
47514	36740
47515	36741
47516	36742
47517	36741
47518	36741
47519	36742
47520	36744
47521	36745
47522	36745
47523	36746
47524	36748
47525	36749
47526	36749
47527	36750
47528	36752
47529	36753
47530	36753
47531	36753
47532	36753
47533	36753
47534	36753
47535	36754
47536	36753
47537	36755
47538	36756
47539	36756
47540	36757
47541	36759
47542	36760
47543	36760
47544	36761
47545	36763
47546	36764
47547	36764
47548	36764
47549	36764
47550	36764
47551	36764
47552	36765
47553	36764
47554	36766
47555	36767
47556	36767
47557	36768
47558	36770
47559	36771
47560	36771
47561	36772
47562	36774
47563	36775
47564	36775
47565	36775
47566	36775
47567	36776
47568	36778
47569	36779
47570	36779
47571	36780
47572	36782
47573	36783
47574	36783
47575	36784
47576	36786
47577	36787
47578	36787
47579	36787
47580	36787
47581	36787
47582	36786
47583	36786
47584	36786
47585	36786
47586	36786
47587	36786
47588	36787
47589	36787
47590	36788
47591	36788
47592	36789
47593	36791
47594	36792
47595	36792
47596	36793
47597	36795
47598	36796
47599	36796
47600	36797
47601	36799
47602	36800
47603	36800
47604	36800
47605	36800
47606	36801
47607	36803
47608	36804
47609	36804
47610	36805
47611	36807
47612	36808
47613	36808
47614	36809
47615	36811
47616	36812
47617	36812
47618	36812
47619	36812
47620	36812
47621	36812
47622	36813
47623	36812
47624	36814
47625	36815
47626	36815
47627	36816
47628	36818
47629	36819
47630	36819
47631	36820
47632	36822
47633	36823
47634	36823
47635	36823
47636	36823
47637	36824
47638	36826
47639	36827
47640	36827
47641	36828
47642	36830
47643	36831
47644	36831
47645	36832
47646	36834
47647	36835
47648	36835
47649	36835
47650	36835
47651	36836
47652	36838
47653	36839
47654	36839
47655	36840
47656	36842
47657	36843
47658	36843
47659	36844
47660	36846
47661	36847
47662	36847
47663	36847
47664	36847
47665	36847
47666	36847
47667	36847
47668	36846
47669	36846
47670	36847
47671	36849
47672	36850
47673	36850
47674	36851
47675	36853
47676	36854
47677	36854
47678	36855
47679	36857
47680	36858
47681	36858
47682	36858
47683	36858
47684	36858
47685	36858
47686	36859
47687	36858
47688	36860
47689	36861
47690	36861
47691	36862
47692	36864
47693	36865
47694	36865
47695	36866
47696	36868
47697	36869
47698	36869
47699	36869
47700	36869
47701	36869
47702	36869
47703	36869
47704	36868
47705	36868
47706	36868
47707	36868
47708	36868
47709	36868
47710	36869
47711	36869
47712	36870
47713	36870
47714	36870
47715	36870
47716	36871
47717	36873
47718	36874
47719	36874
47720	36875
47721	36877
47722	36878
47723	36878
47724	36879
47725	36881
47726	36882
47727	36882
47728	36882
47729	36882
47730	36883
47731	36885
47732	36886
47733	36886
47734	36887
47735	36889
47736	36890
47737	36890
47738	36891
47739	36893
47740	36894
47741	36894
47742	36894
47743	36894
47744	36895
47745	36897
47746	36898
47747	36898
47748	36899
47749	36901
47750	36902
47751	36902
47752	36903
47753	36905
47754	36906
47755	36906
47756	36906
47757	36905
47758	36905
47759	36906
47760	36908
47761	36909
47762	36909
47763	36910
47764	36912
47765	36913
47766	36913
47767	36914
47768	36916
47769	36917
47770	36917
47771	36917
47772	36917
47773	36917
47774	36917
47775	36918
47776	36918
47777	36919
47778	36919
47779	36920
47780	36922
47781	36923
47782	36923
47783	36924
47784	36926
47785	36927
47786	36927
47787	36928
47788	36929
47789	36930
47790	36930
47791	36931
47792	36931
47793	36932
47794	36934
47795	36935
47796	36935
47797	36936
47798	36938
47799	36939
47800	36939
47801	36940
47802	36941
47803	36942
47804	36942
47805	36943
47806	36943
47807	36944
47808	36946
47809	36947
47810	36947
47811	36948
47812	36950
47813	36951
47814	36951
47815	36952
47816	36952
47817	36953
47818	36952
47819	36951
47820	36951
47821	36952
47822	36954
47823	36955
47824	36955
47825	36956
47826	36958
47827	36959
47828	36959
47829	36960
47830	36962
47831	36963
47832	36963
47833	36963
47834	36963
47835	36963
47836	36963
47837	36964
47838	36963
47839	36965
47840	36966
47841	36966
47842	36967
47843	36969
47844	36970
47845	36970
47846	36971
47847	36973
47848	36974
47849	36974
47850	36974
47851	36974
47852	36975
47853	36977
47854	36978
47855	36978
47856	36979
47857	36981
47858	36982
47859	36982
47860	36983
47861	36985
47862	36986
47863	36986
47864	36986
47865	36986
47866	36987
47867	36989
47868	36990
47869	36990
47870	36991
47871	36993
47872	36994
47873	36994
47874	36995
47875	36997
47876	36998
47877	36998
47878	36998
47879	36998
47880	36998
47881	36998
47882	36999
47883	36999
47884	37000
47885	37000
47886	37001
47887	37003
47888	37004
47889	37004
47890	37005
47891	37007
47892	37008
47893	37008
47894	37009
47895	37010
47896	37011
47897	37011
47898	37012
47899	37012
47900	37013
47901	37015
47902	37016
47903	37016
47904	37017
47905	37019
47906	37020
47907	37020
47908	37021
47909	37022
47910	37023
47911	37023
47912	37024
47913	37024
47914	37025
47915	37026
47916	37027
47917	37026
47918	37026
47919	37026
47920	37025
47921	37026
47922	37025
47923	37025
47924	37025
47925	37025
47926	37026
47927	37026
47928	37027
47929	37029
47930	37030
47931	37030
47932	37031
47933	37033
47934	37034
47935	37034
47936	37035
47937	37036
47938	37037
47939	37037
47940	37038
47941	37038
47942	37039
47943	37041
47944	37042
47945	37042
47946	37043
47947	37045
47948	37046
47949	37046
47950	37047
47951	37048
47952	37049
47953	37048
47954	37048
47955	37048
47956	37047
47957	37048
47958	37047
47959	37047
47960	37048
47961	37047
47962	37048
47963	37049
47964	37049
47965	37050
47966	37052
47967	37053
47968	37053
47969	37054
47970	37055
47971	37056
47972	37055
47973	37055
47974	37055
47975	37054
47976	37055
47977	37054
47978	37054
47979	37054
47980	37054
47981	37055
47982	37055
47983	37056
47984	37058
47985	37059
47986	37059
47987	37060
47988	37062
47989	37063
47990	37063
47991	37064
47992	37065
47993	37066
47994	37066
47995	37067
47996	37067
47997	37068
47998	37070
47999	37071
48000	37071
48001	37072
48002	37074
48003	37075
48004	37075
48005	37076
48006	37077
48007	37078
48008	37077
48009	37077
48010	37078
48011	37080
48012	37081
48013	37081
48014	37082
48015	37084
48016	37085
48017	37085
48018	37086
48019	37088
48020	37089
48021	37089
48022	37089
48023	37089
48024	37090
48025	37092
48026	37093
48027	37093
48028	37094
48029	37096
48030	37097
48031	37097
48032	37098
48033	37100
48034	37101
48035	37101
48036	37101
48037	37101
48038	37102
48039	37104
48040	37105
48041	37105
48042	37106
48043	37108
48044	37109
48045	37109
48046	37110
48047	37112
48048	37113
48049	37113
48050	37113
48051	37112
48052	37112
48053	37113
48054	37115
48055	37116
48056	37116
48057	37117
48058	37119
48059	37120
48060	37120
48061	37121
48062	37123
48063	37124
48064	37124
48065	37124
48066	37124
48067	37125
48068	37126
48069	37127
48070	37127
48071	37128
48072	37130
48073	37131
48074	37131
48075	37132
48076	37133
48077	37134
48078	37133
48079	37133
48080	37134
48081	37136
48082	37137
48083	37137
48084	37138
48085	37140
48086	37141
48087	37141
48088	37142
48089	37144
48090	37145
48091	37145
48092	37145
48093	37145
48094	37145
48095	37145
48096	37145
48097	37145
48098	37146
48099	37146
48100	37147
48101	37149
48102	37150
48103	37150
48104	37151
48105	37153
48106	37154
48107	37154
48108	37155
48109	37156
48110	37157
48111	37157
48112	37158
48113	37158
48114	37159
48115	37161
48116	37162
48117	37162
48118	37163
48119	37165
48120	37166
48121	37166
48122	37167
48123	37168
48124	37169
48125	37168
48126	37168
48127	37169
48128	37171
48129	37172
48130	37172
48131	37173
48132	37175
48133	37176
48134	37176
48135	37177
48136	37179
48137	37180
48138	37180
48139	37180
48140	37180
48141	37180
48142	37180
48143	37180
48144	37180
48145	37181
48146	37181
48147	37182
48148	37184
48149	37185
48150	37185
48151	37186
48152	37188
48153	37189
48154	37189
48155	37190
48156	37191
48157	37192
48158	37191
48159	37191
48160	37192
48161	37194
48162	37195
48163	37195
48164	37196
48165	37198
48166	37199
48167	37199
48168	37200
48169	37202
48170	37203
48171	37203
48172	37203
48173	37203
48174	37203
48175	37203
48176	37203
48177	37202
48178	37202
48179	37202
48180	37202
48181	37202
48182	37202
48183	37203
48184	37203
48185	37204
48186	37204
48187	37205
48188	37207
48189	37208
48190	37208
48191	37209
48192	37211
48193	37212
48194	37212
48195	37213
48196	37215
48197	37216
48198	37216
48199	37216
48200	37216
48201	37216
48202	37216
48203	37217
48204	37216
48205	37218
48206	37219
48207	37219
48208	37220
48209	37222
48210	37223
48211	37223
48212	37224
48213	37226
48214	37227
48215	37227
48216	37227
48217	37227
48218	37227
48219	37227
48220	37227
48221	37226
48222	37226
48223	37227
48224	37229
48225	37230
48226	37230
48227	37231
48228	37233
48229	37234
48230	37234
48231	37235
48232	37237
48233	37238
48234	37238
48235	37238
48236	37238
48237	37239
48238	37241
48239	37242
48240	37242
48241	37243
48242	37245
48243	37246
48244	37246
48245	37247
48246	37249
48247	37250
48248	37250
48249	37250
48250	37250
48251	37251
48252	37253
48253	37254
48254	37254
48255	37255
48256	37257
48257	37258
48258	37258
48259	37259
48260	37261
48261	37262
48262	37262
48263	37262
48264	37262
48265	37262
48266	37262
48267	37262
48268	37261
48269	37261
48270	37262
48271	37264
48272	37265
48273	37265
48274	37266
48275	37268
48276	37269
48277	37269
48278	37270
48279	37272
48280	37273
48281	37273
48282	37273
48283	37273
48284	37274
48285	37276
48286	37277
48287	37277
48288	37278
48289	37280
48290	37281
48291	37281
48292	37282
48293	37284
48294	37285
48295	37285
48296	37285
48297	37285
48298	37286
48299	37288
48300	37289
48301	37289
48302	37290
48303	37292
48304	37293
48305	37293
48306	37294
48307	37296
48308	37297
48309	37297
48310	37297
48311	37297
48312	37297
48313	37297
48314	37298
48315	37298
48316	37299
48317	37299
48318	37300
48319	37302
48320	37303
48321	37303
48322	37304
48323	37306
48324	37307
48325	37307
48326	37308
48327	37309
48328	37310
48329	37310
48330	37311
48331	37311
48332	37312
48333	37314
48334	37315
48335	37315
48336	37316
48337	37318
48338	37319
48339	37319
48340	37320
48341	37321
48342	37322
48343	37322
48344	37323
48345	37323
48346	37324
48347	37326
48348	37327
48349	37327
48350	37328
48351	37330
48352	37331
48353	37331
48354	37332
48355	37332
48356	37333
48357	37332
48358	37332
48359	37333
48360	37332
48361	37334
48362	37335
48363	37335
48364	37336
48365	37338
48366	37339
48367	37339
48368	37340
48369	37342
48370	37343
48371	37343
48372	37343
48373	37342
48374	37342
48375	37343
48376	37345
48377	37346
48378	37346
48379	37347
48380	37349
48381	37350
48382	37350
48383	37351
48384	37353
48385	37354
48386	37354
48387	37354
48388	37354
48389	37355
48390	37356
48391	37357
48392	37357
48393	37358
48394	37358
48395	37358
48396	37358
48397	37359
48398	37361
48399	37362
48400	37362
48401	37363
48402	37365
48403	37366
48404	37366
48405	37367
48406	37369
48407	37370
48408	37370
48409	37370
48410	37370
48411	37371
48412	37373
48413	37374
48414	37374
48415	37375
48416	37377
48417	37378
48418	37378
48419	37379
48420	37381
48421	37382
48422	37382
48423	37382
48424	37382
48425	37382
48426	37382
48427	37382
48428	37381
48429	37381
48430	37382
48431	37384
48432	37385
48433	37385
48434	37386
48435	37388
48436	37389
48437	37389
48438	37390
48439	37392
48440	37393
48441	37393
48442	37393
48443	37393
48444	37394
48445	37396
48446	37397
48447	37397
48448	37398
48449	37400
48450	37401
48451	37401
48452	37402
48453	37404
48454	37405
48455	37405
48456	37405
48457	37405
48458	37406
48459	37408
48460	37409
48461	37409
48462	37410
48463	37412
48464	37413
48465	37413
48466	37414
48467	37416
48468	37417
48469	37417
48470	37417
48471	37417
48472	37417
48473	37417
48474	37418
48475	37418
48476	37419
48477	37419
48478	37420
48479	37422
48480	37423
48481	37423
48482	37424
48483	37426
48484	37427
48485	37427
48486	37428
48487	37429
48488	37430
48489	37429
48490	37429
48491	37429
48492	37428
48493	37429
48494	37428
48495	37428
48496	37428
48497	37428
48498	37429
48499	37429
48500	37430
48501	37432
48502	37433
48503	37433
48504	37434
48505	37436
48506	37437
48507	37437
48508	37438
48509	37439
48510	37440
48511	37440
48512	37441
48513	37441
48514	37442
48515	37444
48516	37445
48517	37445
48518	37446
48519	37448
48520	37449
48521	37449
48522	37450
48523	37451
48524	37452
48525	37451
48526	37451
48527	37452
48528	37454
48529	37455
48530	37455
48531	37456
48532	37458
48533	37459
48534	37459
48535	37460
48536	37462
48537	37463
48538	37463
48539	37463
48540	37463
48541	37463
48542	37463
48543	37463
48544	37462
48545	37462
48546	37463
48547	37465
48548	37466
48549	37466
48550	37467
48551	37469
48552	37470
48553	37470
48554	37471
48555	37473
48556	37474
48557	37474
48558	37474
48559	37474
48560	37475
48561	37477
48562	37478
48563	37478
48564	37479
48565	37481
48566	37482
48567	37482
48568	37483
48569	37485
48570	37486
48571	37486
48572	37486
48573	37486
48574	37487
48575	37489
48576	37490
48577	37490
48578	37491
48579	37493
48580	37494
48581	37494
48582	37495
48583	37497
48584	37498
48585	37498
48586	37498
48587	37498
48588	37498
48589	37498
48590	37498
48591	37498
48592	37499
48593	37499
48594	37500
48595	37502
48596	37503
48597	37503
48598	37504
48599	37506
48600	37507
48601	37507
48602	37508
48603	37509
48604	37510
48605	37509
48606	37509
48607	37510
48608	37512
48609	37513
48610	37513
48611	37514
48612	37516
48613	37517
48614	37517
48615	37518
48616	37520
48617	37521
48618	37521
48619	37521
48620	37521
48621	37522
48622	37524
48623	37525
48624	37525
48625	37526
48626	37528
48627	37529
48628	37529
48629	37530
48630	37532
48631	37533
48632	37533
48633	37533
48634	37533
48635	37534
48636	37536
48637	37537
48638	37537
48639	37538
48640	37540
48641	37541
48642	37541
48643	37542
48644	37544
48645	37545
48646	37545
48647	37545
48648	37544
48649	37544
48650	37545
48651	37547
48652	37548
48653	37548
48654	37549
48655	37551
48656	37552
48657	37552
48658	37553
48659	37555
48660	37556
48661	37556
48662	37556
48663	37556
48664	37557
48665	37559
48666	37560
48667	37560
48668	37561
48669	37563
48670	37564
48671	37564
48672	37565
48673	37567
48674	37568
48675	37568
48676	37568
48677	37568
48678	37569
48679	37571
48680	37572
48681	37572
48682	37573
48683	37575
48684	37576
48685	37576
48686	37577
48687	37579
48688	37580
48689	37580
48690	37580
48691	37580
48692	37580
48693	37580
48694	37581
48695	37581
48696	37582
48697	37582
48698	37583
48699	37585
48700	37586
48701	37586
48702	37587
48703	37589
48704	37590
48705	37590
48706	37591
48707	37592
48708	37593
48709	37593
48710	37594
48711	37594
48712	37595
48713	37597
48714	37598
48715	37598
48716	37599
48717	37601
48718	37602
48719	37602
48720	37603
48721	37604
48722	37605
48723	37605
48724	37606
48725	37606
48726	37607
48727	37609
48728	37610
48729	37610
48730	37611
48731	37613
48732	37614
48733	37614
48734	37615
48735	37615
48736	37616
48737	37615
48738	37615
48739	37616
48740	37615
48741	37617
48742	37618
48743	37618
48744	37619
48745	37621
48746	37622
48747	37622
48748	37623
48749	37625
48750	37626
48751	37626
48752	37626
48753	37626
48754	37626
48755	37626
48756	37627
48757	37626
48758	37628
48759	37629
48760	37629
48761	37630
48762	37632
48763	37633
48764	37633
48765	37634
48766	37636
48767	37637
48768	37637
48769	37637
48770	37637
48771	37638
48772	37640
48773	37641
48774	37641
48775	37642
48776	37644
48777	37645
48778	37645
48779	37646
48780	37648
48781	37649
48782	37649
48783	37649
48784	37649
48785	37649
48786	37649
48787	37650
48788	37650
48789	37651
48790	37651
48791	37652
48792	37654
48793	37655
48794	37655
48795	37656
48796	37658
48797	37659
48798	37659
48799	37660
48800	37661
48801	37662
48802	37661
48803	37661
48804	37662
48805	37664
48806	37665
48807	37665
48808	37666
48809	37668
48810	37669
48811	37669
48812	37670
48813	37672
48814	37673
48815	37673
48816	37673
48817	37673
48818	37674
48819	37676
48820	37677
48821	37677
48822	37678
48823	37680
48824	37681
48825	37681
48826	37682
48827	37684
48828	37685
48829	37685
48830	37685
48831	37685
48832	37686
48833	37688
48834	37689
48835	37689
48836	37690
48837	37692
48838	37693
48839	37693
48840	37694
48841	37696
48842	37697
48843	37697
48844	37697
48845	37696
48846	37696
48847	37697
48848	37699
48849	37700
48850	37700
48851	37701
48852	37703
48853	37704
48854	37704
48855	37705
48856	37707
48857	37708
48858	37708
48859	37708
48860	37708
48861	37708
48862	37708
48863	37709
48864	37708
48865	37710
48866	37711
48867	37711
48868	37712
48869	37714
48870	37715
48871	37715
48872	37716
48873	37718
48874	37719
48875	37719
48876	37719
48877	37719
48878	37720
48879	37722
48880	37723
48881	37723
48882	37724
48883	37726
48884	37727
48885	37727
48886	37728
48887	37730
48888	37731
48889	37731
48890	37731
48891	37731
48892	37732
48893	37734
48894	37735
48895	37735
48896	37736
48897	37738
48898	37739
48899	37739
48900	37740
48901	37742
48902	37743
48903	37743
48904	37743
48905	37743
48906	37743
48907	37743
48908	37744
48909	37744
48910	37745
48911	37745
48912	37746
48913	37748
48914	37749
48915	37749
48916	37750
48917	37752
48918	37753
48919	37753
48920	37754
48921	37755
48922	37756
48923	37755
48924	37755
48925	37756
48926	37758
48927	37759
48928	37759
48929	37760
48930	37762
48931	37763
48932	37763
48933	37764
48934	37766
48935	37767
48936	37767
48937	37767
48938	37767
48939	37768
48940	37770
48941	37771
48942	37771
48943	37772
48944	37774
48945	37775
48946	37775
48947	37776
48948	37778
48949	37779
48950	37779
48951	37779
48952	37779
48953	37780
48954	37782
48955	37783
48956	37783
48957	37784
48958	37786
48959	37787
48960	37787
48961	37788
48962	37790
48963	37791
48964	37791
48965	37791
48966	37790
48967	37790
48968	37791
48969	37793
48970	37794
48971	37794
48972	37795
48973	37797
48974	37798
48975	37798
48976	37799
48977	37801
48978	37802
48979	37802
48980	37802
48981	37802
48982	37803
48983	37804
48984	37805
48985	37805
48986	37806
48987	37808
48988	37809
48989	37809
48990	37810
48991	37811
48992	37812
48993	37811
48994	37811
48995	37811
48996	37810
48997	37811
48998	37810
48999	37810
49000	37811
49001	37810
49002	37812
49003	37813
49004	37813
49005	37814
49006	37816
49007	37817
49008	37817
49009	37818
49010	37820
49011	37821
49012	37821
49013	37821
49014	37821
49015	37822
49016	37824
49017	37825
49018	37825
49019	37826
49020	37828
49021	37829
49022	37829
49023	37830
49024	37832
49025	37833
49026	37833
49027	37833
49028	37833
49029	37833
49030	37833
49031	37833
49032	37833
49033	37834
49034	37834
49035	37835
49036	37837
49037	37838
49038	37838
49039	37839
49040	37841
49041	37842
49042	37842
49043	37843
49044	37844
49045	37845
49046	37844
49047	37844
49048	37844
49049	37843
49050	37844
49051	37844
49052	37845
49053	37845
49054	37846
49055	37846
49056	37846
49057	37846
49058	37846
49059	37845
49060	37847
49061	37848
49062	37848
49063	37849
49064	37849
49065	37850
49066	37852
49067	37853
49068	37853
49069	37854
49070	37856
49071	37857
49072	37857
49073	37858
49074	37860
49075	37861
49076	37861
49077	37861
49078	37861
49079	37861
49080	37861
49081	37861
49082	37861
49083	37862
49084	37862
49085	37863
49086	37865
49087	37866
49088	37866
49089	37867
49090	37869
49091	37870
49092	37870
49093	37871
49094	37872
49095	37873
49096	37873
49097	37874
49098	37874
49099	37875
49100	37877
49101	37878
49102	37878
49103	37879
49104	37881
49105	37882
49106	37882
49107	37883
49108	37884
49109	37885
49110	37884
49111	37884
49112	37884
49113	37883
49114	37884
49115	37884
49116	37885
49117	37885
49118	37886
49119	37886
49120	37887
49121	37889
49122	37890
49123	37890
49124	37891
49125	37893
49126	37894
49127	37894
49128	37895
49129	37897
49130	37898
49131	37898
49132	37898
49133	37898
49134	37898
49135	37898
49136	37898
49137	37898
49138	37899
49139	37899
49140	37900
49141	37902
49142	37903
49143	37903
49144	37904
49145	37906
49146	37907
49147	37907
49148	37908
49149	37909
49150	37910
49151	37910
49152	37911
49153	37911
49154	37912
49155	37914
49156	37915
49157	37915
49158	37916
49159	37918
49160	37919
49161	37919
49162	37920
49163	37921
49164	37922
49165	37921
49166	37921
49167	37921
49168	37921
49169	37922
49170	37922
49171	37923
49172	37923
49173	37923
49174	37923
49175	37923
49176	37923
49177	37924
49178	37924
49179	37925
49180	37925
49181	37926
49182	37928
49183	37929
49184	37929
49185	37930
49186	37932
49187	37933
49188	37933
49189	37934
49190	37936
49191	37937
49192	37937
49193	37937
49194	37937
49195	37938
49196	37940
49197	37941
49198	37941
49199	37942
49200	37944
49201	37945
49202	37945
49203	37946
49204	37948
49205	37949
49206	37949
49207	37949
49208	37949
49209	37949
49210	37949
49211	37950
49212	37949
49213	37951
49214	37952
49215	37952
49216	37953
49217	37955
49218	37956
49219	37956
49220	37957
49221	37959
49222	37960
49223	37960
49224	37960
49225	37960
49226	37960
49227	37960
49228	37960
49229	37959
49230	37959
49231	37960
49232	37962
49233	37963
49234	37963
49235	37964
49236	37966
49237	37967
49238	37967
49239	37968
49240	37970
49241	37971
49242	37971
49243	37971
49244	37971
49245	37972
49246	37974
49247	37975
49248	37975
49249	37976
49250	37978
49251	37979
49252	37979
49253	37980
49254	37982
49255	37983
49256	37983
49257	37983
49258	37983
49259	37984
49260	37986
49261	37987
49262	37987
49263	37988
49264	37990
49265	37991
49266	37991
49267	37992
49268	37994
49269	37995
49270	37995
49271	37995
49272	37995
49273	37995
49274	37995
49275	37996
49276	37995
49277	37997
49278	37998
49279	37998
49280	37999
49281	38001
49282	38002
49283	38002
49284	38003
49285	38005
49286	38006
49287	38006
49288	38006
49289	38006
49290	38007
49291	38009
49292	38010
49293	38010
49294	38011
49295	38013
49296	38014
49297	38014
49298	38015
49299	38017
49300	38018
49301	38018
49302	38018
49303	38018
49304	38019
49305	38021
49306	38022
49307	38022
49308	38023
49309	38025
49310	38026
49311	38026
49312	38027
49313	38029
49314	38030
49315	38030
49316	38030
49317	38030
49318	38030
49319	38030
49320	38031
49321	38030
49322	38032
49323	38033
49324	38033
49325	38034
49326	38036
49327	38037
49328	38037
49329	38038
49330	38040
49331	38041
49332	38041
49333	38041
49334	38041
49335	38041
49336	38041
49337	38042
49338	38042
49339	38043
49340	38043
49341	38044
49342	38046
49343	38047
49344	38047
49345	38048
49346	38050
49347	38051
49348	38051
49349	38052
49350	38053
49351	38054
49352	38053
49353	38053
49354	38053
49355	38053
49356	38054
49357	38054
49358	38055
49359	38055
49360	38056
49361	38058
49362	38059
49363	38059
49364	38060
49365	38062
49366	38063
49367	38063
49368	38064
49369	38066
49370	38067
49371	38067
49372	38067
49373	38067
49374	38068
49375	38070
49376	38071
49377	38071
49378	38072
49379	38074
49380	38075
49381	38075
49382	38076
49383	38078
49384	38079
49385	38079
49386	38079
49387	38079
49388	38079
49389	38079
49390	38079
49391	38079
49392	38080
49393	38080
49394	38081
49395	38083
49396	38084
49397	38084
49398	38085
49399	38087
49400	38088
49401	38088
49402	38089
49403	38090
49404	38091
49405	38091
49406	38092
49407	38092
49408	38093
49409	38095
49410	38096
49411	38096
49412	38097
49413	38099
49414	38100
49415	38100
49416	38101
49417	38102
49418	38103
49419	38102
49420	38101
49421	38102
49422	38101
49423	38101
49424	38102
49425	38102
49426	38103
49427	38103
49428	38104
49429	38106
49430	38107
49431	38107
49432	38108
49433	38110
49434	38111
49435	38111
49436	38112
49437	38113
49438	38114
49439	38114
49440	38115
49441	38115
49442	38116
49443	38118
49444	38119
49445	38119
49446	38120
49447	38122
49448	38123
49449	38123
49450	38124
49451	38124
49452	38125
49453	38124
49454	38124
49455	38124
49456	38124
49457	38125
49458	38125
49459	38126
49460	38128
49461	38129
49462	38129
49463	38130
49464	38132
49465	38133
49466	38133
49467	38134
49468	38135
49469	38136
49470	38136
49471	38137
49472	38137
49473	38138
49474	38140
49475	38141
49476	38141
49477	38142
49478	38144
49479	38145
49480	38145
49481	38146
49482	38147
49483	38148
49484	38147
49485	38147
49486	38147
49487	38147
49488	38148
49489	38148
49490	38149
49491	38149
49492	38150
49493	38152
49494	38153
49495	38153
49496	38154
49497	38156
49498	38157
49499	38157
49500	38158
49501	38160
49502	38161
49503	38161
49504	38161
49505	38161
49506	38161
49507	38161
49508	38162
49509	38161
49510	38163
49511	38164
49512	38164
49513	38165
49514	38167
49515	38168
49516	38168
49517	38169
49518	38171
49519	38172
49520	38172
49521	38172
49522	38172
49523	38173
49524	38175
49525	38176
49526	38176
49527	38177
49528	38179
49529	38180
49530	38180
49531	38181
49532	38183
49533	38184
49534	38184
49535	38184
49536	38184
49537	38185
49538	38187
49539	38188
49540	38188
49541	38189
49542	38191
49543	38192
49544	38192
49545	38193
49546	38195
49547	38196
49548	38196
49549	38196
49550	38196
49551	38196
49552	38196
49553	38196
49554	38195
49555	38195
49556	38196
49557	38198
49558	38199
49559	38199
49560	38200
49561	38202
49562	38203
49563	38203
49564	38204
49565	38206
49566	38207
49567	38207
49568	38207
49569	38207
49570	38208
49571	38210
49572	38211
49573	38211
49574	38212
49575	38214
49576	38215
49577	38215
49578	38216
49579	38218
49580	38219
49581	38219
49582	38219
49583	38219
49584	38219
49585	38219
49586	38219
49587	38219
49588	38220
49589	38220
49590	38221
49591	38223
49592	38224
49593	38224
49594	38225
49595	38227
49596	38228
49597	38228
49598	38229
49599	38230
49600	38231
49601	38230
49602	38230
49603	38231
49604	38233
49605	38234
49606	38234
49607	38235
49608	38237
49609	38238
49610	38238
49611	38239
49612	38241
49613	38242
49614	38242
49615	38242
49616	38242
49617	38242
49618	38242
49619	38242
49620	38242
49621	38243
49622	38243
49623	38244
49624	38246
49625	38247
49626	38247
49627	38248
49628	38250
49629	38251
49630	38251
49631	38252
49632	38253
49633	38254
49634	38254
49635	38255
49636	38255
49637	38256
49638	38258
49639	38259
49640	38259
49641	38260
49642	38261
49643	38262
49644	38262
49645	38263
49646	38264
49647	38265
49648	38264
49649	38264
49650	38264
49651	38263
49652	38264
49653	38263
49654	38263
49655	38263
49656	38262
49657	38262
49658	38263
49659	38264
49660	38265
49661	38265
49662	38266
49663	38266
49664	38266
49665	38266
49666	38266
49667	38265
49668	38267
49669	38268
49670	38268
49671	38269
49672	38269
49673	38269
49674	38269
49675	38270
49676	38272
49677	38273
49678	38273
49679	38274
49680	38276
49681	38277
49682	38277
49683	38278
49684	38280
49685	38281
49686	38281
49687	38281
49688	38281
49689	38281
49690	38281
49691	38282
49692	38282
49693	38283
49694	38283
49695	38284
49696	38286
49697	38287
49698	38287
49699	38288
49700	38290
49701	38291
49702	38291
49703	38292
49704	38293
49705	38294
49706	38293
49707	38293
49708	38294
49709	38295
49710	38296
49711	38296
49712	38297
49713	38297
49714	38297
49715	38297
49716	38297
49717	38296
49718	38298
49719	38299
49720	38299
49721	38300
49722	38300
49723	38301
49724	38303
49725	38304
49726	38304
49727	38305
49728	38307
49729	38308
49730	38308
49731	38309
49732	38311
49733	38312
49734	38312
49735	38312
49736	38312
49737	38312
49738	38312
49739	38313
49740	38313
49741	38314
49742	38314
49743	38315
49744	38317
49745	38318
49746	38318
49747	38319
49748	38321
49749	38322
49750	38322
49751	38323
49752	38324
49753	38325
49754	38324
49755	38324
49756	38325
49757	38327
49758	38328
49759	38328
49760	38329
49761	38331
49762	38332
49763	38332
49764	38333
49765	38335
49766	38336
49767	38336
49768	38336
49769	38336
49770	38337
49771	38339
49772	38340
49773	38340
49774	38341
49775	38343
49776	38344
49777	38344
49778	38345
49779	38347
49780	38348
49781	38348
49782	38348
49783	38348
49784	38349
49785	38351
49786	38352
49787	38352
49788	38353
49789	38355
49790	38356
49791	38356
49792	38357
49793	38359
49794	38360
49795	38360
49796	38360
49797	38359
49798	38359
49799	38360
49800	38362
49801	38363
49802	38363
49803	38364
49804	38366
49805	38367
49806	38367
49807	38368
49808	38370
49809	38371
49810	38371
49811	38371
49812	38371
49813	38371
49814	38371
49815	38372
49816	38372
49817	38373
49818	38373
49819	38374
49820	38376
49821	38377
49822	38377
49823	38378
49824	38380
49825	38381
49826	38381
49827	38382
49828	38383
49829	38384
49830	38383
49831	38383
49832	38383
49833	38382
49834	38383
49835	38382
49836	38382
49837	38383
49838	38383
49839	38384
49840	38384
49841	38385
49842	38386
49843	38387
49844	38386
49845	38386
49846	38387
49847	38389
49848	38390
49849	38390
49850	38391
49851	38393
49852	38394
49853	38394
49854	38395
49855	38397
49856	38398
49857	38398
49858	38398
49859	38398
49860	38398
49861	38398
49862	38398
49863	38398
49864	38399
49865	38399
49866	38400
49867	38402
49868	38403
49869	38403
49870	38404
49871	38406
49872	38407
49873	38407
49874	38408
49875	38409
49876	38410
49877	38409
49878	38409
49879	38410
49880	38412
49881	38413
49882	38413
49883	38414
49884	38416
49885	38417
49886	38417
49887	38418
49888	38420
49889	38421
49890	38421
49891	38421
49892	38421
49893	38422
49894	38424
49895	38425
49896	38425
49897	38426
49898	38428
49899	38429
49900	38429
49901	38430
49902	38432
49903	38433
49904	38433
49905	38433
49906	38433
49907	38434
49908	38436
49909	38437
49910	38437
49911	38438
49912	38440
49913	38441
49914	38441
49915	38442
49916	38444
49917	38445
49918	38445
49919	38445
49920	38444
49921	38444
49922	38444
49923	38444
49924	38445
49925	38447
49926	38448
49927	38448
49928	38449
49929	38451
49930	38452
49931	38452
49932	38453
49933	38455
49934	38456
49935	38456
49936	38456
49937	38456
49938	38456
49939	38456
49940	38456
49941	38455
49942	38455
49943	38456
49944	38458
49945	38459
49946	38459
49947	38460
49948	38462
49949	38463
49950	38463
49951	38464
49952	38466
49953	38467
49954	38467
49955	38467
49956	38467
49957	38467
49958	38467
49959	38467
49960	38466
49961	38466
49962	38466
49963	38466
49964	38467
49965	38468
49966	38469
49967	38469
49968	38470
49969	38472
49970	38473
49971	38473
49972	38474
49973	38475
49974	38476
49975	38476
49976	38477
49977	38477
49978	38478
49979	38480
49980	38481
49981	38481
49982	38482
49983	38484
49984	38485
49985	38485
49986	38486
49987	38487
49988	38488
49989	38487
49990	38487
49991	38488
49992	38490
49993	38491
49994	38491
49995	38492
49996	38494
49997	38495
49998	38495
49999	38496
50000	38498
50001	38499
50002	38499
50003	38499
50004	38499
50005	38500
50006	38502
50007	38503
50008	38503
50009	38504
50010	38506
50011	38507
50012	38507
50013	38508
50014	38510
50015	38511
50016	38511
50017	38511
50018	38511
50019	38512
50020	38514
50021	38515
50022	38515
50023	38516
50024	38518
50025	38519
50026	38519
50027	38520
50028	38522
50029	38523
50030	38523
50031	38523
50032	38522
50033	38522
50034	38522
50035	38522
50036	38522
50037	38522
50038	38523
50039	38523
50040	38524
50041	38524
50042	38525
50043	38527
50044	38528
50045	38528
50046	38529
50047	38531
50048	38532
50049	38532
50050	38533
50051	38535
50052	38536
50053	38536
50054	38536
50055	38536
50056	38536
50057	38536
50058	38537
50059	38536
50060	38538
50061	38539
50062	38539
50063	38540
50064	38542
50065	38543
50066	38543
50067	38544
50068	38546
50069	38547
50070	38547
50071	38547
50072	38547
50073	38547
50074	38547
50075	38548
50076	38548
50077	38549
50078	38549
50079	38550
50080	38552
50081	38553
50082	38553
50083	38554
50084	38556
50085	38557
50086	38557
50087	38558
50088	38559
50089	38560
50090	38559
50091	38559
50092	38559
50093	38559
50094	38560
50095	38560
50096	38561
50097	38561
50098	38562
50099	38564
50100	38565
50101	38565
50102	38566
50103	38568
50104	38569
50105	38569
50106	38570
50107	38572
50108	38573
50109	38573
50110	38573
50111	38573
50112	38573
50113	38573
50114	38573
50115	38573
50116	38574
50117	38574
50118	38575
50119	38577
50120	38578
50121	38578
50122	38579
50123	38581
50124	38582
50125	38582
50126	38583
50127	38584
50128	38585
50129	38584
50130	38584
50131	38585
50132	38587
50133	38588
50134	38588
50135	38589
50136	38591
50137	38592
50138	38592
50139	38593
50140	38595
50141	38596
50142	38596
50143	38596
50144	38596
50145	38596
50146	38596
50147	38596
50148	38595
50149	38595
50150	38596
50151	38598
50152	38599
50153	38599
50154	38600
50155	38602
50156	38603
50157	38603
50158	38604
50159	38606
50160	38607
50161	38607
50162	38607
50163	38607
50164	38608
50165	38610
50166	38611
50167	38611
50168	38612
50169	38614
50170	38615
50171	38615
50172	38616
50173	38618
50174	38619
50175	38619
50176	38619
50177	38619
50178	38620
50179	38622
50180	38623
50181	38623
50182	38624
50183	38626
50184	38627
50185	38627
50186	38628
50187	38630
50188	38631
50189	38631
50190	38631
50191	38631
50192	38631
50193	38631
50194	38632
50195	38632
50196	38633
50197	38633
50198	38634
50199	38636
50200	38637
50201	38637
50202	38638
50203	38640
50204	38641
50205	38641
50206	38642
50207	38643
50208	38644
50209	38643
50210	38643
50211	38644
50212	38646
50213	38647
50214	38647
50215	38648
50216	38649
50217	38650
50218	38649
50219	38649
50220	38650
50221	38652
50222	38653
50223	38653
50224	38654
50225	38656
50226	38657
50227	38657
50228	38658
50229	38660
50230	38661
50231	38661
50232	38661
50233	38661
50234	38662
50235	38664
50236	38665
50237	38665
50238	38666
50239	38668
50240	38669
50241	38669
50242	38670
50243	38672
50244	38673
50245	38673
50246	38673
50247	38673
50248	38674
50249	38676
50250	38677
50251	38677
50252	38678
50253	38680
50254	38681
50255	38681
50256	38682
50257	38684
50258	38685
50259	38685
50260	38685
50261	38684
50262	38684
50263	38685
50264	38687
50265	38688
50266	38688
50267	38689
50268	38691
50269	38692
50270	38692
50271	38693
50272	38695
50273	38696
50274	38696
50275	38696
50276	38696
50277	38697
50278	38699
50279	38700
50280	38700
50281	38701
50282	38703
50283	38704
50284	38704
50285	38705
50286	38707
50287	38708
50288	38708
50289	38708
50290	38708
50291	38709
50292	38711
50293	38712
50294	38712
50295	38713
50296	38715
50297	38716
50298	38716
50299	38717
50300	38719
50301	38720
50302	38720
50303	38720
50304	38720
50305	38720
50306	38719
50307	38719
50308	38720
50309	38722
50310	38723
50311	38723
50312	38724
50313	38726
50314	38727
50315	38727
50316	38728
50317	38730
50318	38731
50319	38731
50320	38731
50321	38731
50322	38731
50323	38731
50324	38731
50325	38731
50326	38732
50327	38732
50328	38733
50329	38735
50330	38736
50331	38736
50332	38737
50333	38739
50334	38740
50335	38740
50336	38741
50337	38742
50338	38743
50339	38742
50340	38742
50341	38743
50342	38745
50343	38746
50344	38746
50345	38747
50346	38749
50347	38750
50348	38750
50349	38751
50350	38753
50351	38754
50352	38754
50353	38754
50354	38754
50355	38754
50356	38754
50357	38755
50358	38755
50359	38756
50360	38756
50361	38757
50362	38759
50363	38760
50364	38760
50365	38761
50366	38763
50367	38764
50368	38764
50369	38765
50370	38766
50371	38767
50372	38767
50373	38768
50374	38768
50375	38769
50376	38771
50377	38772
50378	38772
50379	38773
50380	38775
50381	38776
50382	38776
50383	38777
50384	38778
50385	38779
50386	38779
50387	38780
50388	38780
50389	38781
50390	38783
50391	38784
50392	38784
50393	38785
50394	38786
50395	38787
50396	38786
50397	38786
50398	38786
50399	38785
50400	38786
50401	38785
50402	38785
50403	38786
50404	38785
50405	38787
50406	38788
50407	38788
50408	38789
50409	38791
50410	38792
50411	38792
50412	38793
50413	38795
50414	38796
50415	38796
50416	38796
50417	38796
50418	38796
50419	38796
50420	38797
50421	38796
50422	38798
50423	38799
50424	38799
50425	38800
50426	38802
50427	38803
50428	38803
50429	38804
50430	38806
50431	38807
50432	38807
50433	38807
50434	38807
50435	38807
50436	38807
50437	38808
50438	38808
50439	38809
50440	38809
50441	38810
50442	38812
50443	38813
50444	38813
50445	38814
50446	38816
50447	38817
50448	38817
50449	38818
50450	38819
50451	38820
50452	38820
50453	38821
50454	38821
50455	38822
50456	38824
50457	38825
50458	38825
50459	38826
50460	38828
50461	38829
50462	38829
50463	38830
50464	38831
50465	38832
50466	38832
50467	38833
50468	38833
50469	38834
50470	38836
50471	38837
50472	38837
50473	38838
50474	38840
50475	38841
50476	38841
50477	38842
50478	38842
50479	38843
50480	38843
50481	38844
50482	38844
50483	38845
50484	38845
50485	38845
50486	38845
50487	38846
50488	38848
50489	38849
50490	38849
50491	38850
50492	38851
50493	38852
50494	38852
50495	38853
50496	38855
50497	38856
50498	38856
50499	38856
50500	38856
50501	38857
50502	38859
50503	38860
50504	38860
50505	38861
50506	38863
50507	38864
50508	38864
50509	38865
50510	38867
50511	38868
50512	38868
50513	38868
50514	38868
50515	38868
50516	38868
50517	38869
50518	38869
50519	38870
50520	38870
50521	38871
50522	38873
50523	38874
50524	38874
50525	38875
50526	38877
50527	38878
50528	38878
50529	38879
50530	38880
50531	38881
50532	38881
50533	38882
50534	38882
50535	38883
50536	38885
50537	38886
50538	38886
50539	38887
50540	38889
50541	38890
50542	38890
50543	38891
50544	38892
50545	38893
50546	38893
50547	38894
50548	38894
50549	38895
50550	38897
50551	38898
50552	38898
50553	38899
50554	38901
50555	38902
50556	38902
50557	38903
50558	38903
50559	38904
50560	38903
50561	38903
50562	38904
50563	38903
50564	38905
50565	38906
50566	38906
50567	38907
50568	38909
50569	38910
50570	38910
50571	38911
50572	38913
50573	38914
50574	38914
50575	38914
50576	38914
50577	38915
50578	38917
50579	38918
50580	38918
50581	38919
50582	38921
50583	38922
50584	38922
50585	38923
50586	38925
50587	38926
50588	38926
50589	38926
50590	38926
50591	38926
50592	38926
50593	38926
50594	38925
50595	38925
50596	38926
50597	38928
50598	38929
50599	38929
50600	38930
50601	38932
50602	38933
50603	38933
50604	38934
50605	38936
50606	38937
50607	38937
50608	38937
50609	38937
50610	38937
50611	38937
50612	38938
50613	38937
50614	38939
50615	38940
50616	38940
50617	38941
50618	38943
50619	38944
50620	38944
50621	38945
50622	38947
50623	38948
50624	38948
50625	38948
50626	38948
50627	38948
50628	38948
50629	38949
50630	38948
50631	38950
50632	38951
50633	38951
50634	38952
50635	38953
50636	38954
50637	38954
50638	38955
50639	38955
50640	38956
50641	38958
50642	38959
50643	38959
50644	38960
50645	38962
50646	38963
50647	38963
50648	38964
50649	38965
50650	38966
50651	38965
50652	38965
50653	38965
50654	38964
50655	38965
50656	38964
50657	38964
50658	38965
50659	38965
50660	38966
50661	38966
50662	38967
50663	38969
50664	38970
50665	38970
50666	38971
50667	38973
50668	38974
50669	38974
50670	38975
50671	38976
50672	38977
50673	38976
50674	38976
50675	38976
50676	38976
50677	38977
50678	38977
50679	38978
50680	38978
50681	38978
50682	38978
50683	38979
50684	38981
50685	38982
50686	38982
50687	38983
50688	38985
50689	38986
50690	38986
50691	38987
50692	38989
50693	38990
50694	38990
50695	38990
50696	38990
50697	38990
50698	38990
50699	38991
50700	38990
50701	38992
50702	38993
50703	38993
50704	38994
50705	38996
50706	38997
50707	38997
50708	38998
50709	39000
50710	39001
50711	39001
50712	39001
50713	39001
50714	39002
50715	39004
50716	39005
50717	39005
50718	39006
50719	39008
50720	39009
50721	39009
50722	39010
50723	39012
50724	39013
50725	39013
50726	39013
50727	39013
50728	39013
50729	39013
50730	39014
50731	39013
50732	39015
50733	39016
50734	39016
50735	39017
50736	39019
50737	39020
50738	39020
50739	39021
50740	39023
50741	39024
50742	39024
50743	39024
50744	39024
50745	39025
50746	39027
50747	39028
50748	39028
50749	39029
50750	39031
50751	39032
50752	39032
50753	39033
50754	39035
50755	39036
50756	39036
50757	39036
50758	39036
50759	39036
50760	39036
50761	39037
50762	39036
50763	39038
50764	39039
50765	39039
50766	39040
50767	39042
50768	39043
50769	39043
50770	39044
50771	39046
50772	39047
50773	39047
50774	39047
50775	39047
50776	39048
50777	39050
50778	39051
50779	39051
50780	39052
50781	39054
50782	39055
50783	39055
50784	39056
50785	39058
50786	39059
50787	39059
50788	39059
50789	39059
50790	39060
50791	39062
50792	39063
50793	39063
50794	39064
50795	39066
50796	39067
50797	39067
50798	39068
50799	39070
50800	39071
50801	39071
50802	39071
50803	39071
50804	39071
50805	39071
50806	39071
50807	39070
50808	39070
50809	39070
50810	39069
50811	39070
50812	39069
50813	39069
50814	39070
50815	39072
50816	39073
50817	39073
50818	39074
50819	39076
50820	39077
50821	39077
50822	39078
50823	39080
50824	39081
50825	39081
50826	39081
50827	39081
50828	39081
50829	39081
50830	39082
50831	39082
50832	39083
50833	39083
50834	39084
50835	39086
50836	39087
50837	39087
50838	39088
50839	39090
50840	39091
50841	39091
50842	39092
50843	39093
50844	39094
50845	39094
50846	39095
50847	39095
50848	39096
50849	39098
50850	39099
50851	39099
50852	39100
50853	39102
50854	39103
50855	39103
50856	39104
50857	39105
50858	39106
50859	39106
50860	39107
50861	39107
50862	39108
50863	39110
50864	39111
50865	39111
50866	39112
50867	39114
50868	39115
50869	39115
50870	39116
50871	39116
50872	39117
50873	39117
50874	39118
50875	39118
50876	39119
50877	39119
50878	39119
50879	39119
50880	39119
50881	39119
50882	39120
50883	39120
50884	39121
50885	39121
50886	39121
50887	39120
50888	39122
50889	39123
50890	39123
50891	39124
50892	39124
50893	39124
50894	39124
50895	39124
50896	39124
50897	39125
50898	39125
50899	39126
50900	39126
50901	39126
50902	39126
50903	39126
50904	39126
50905	39127
50906	39127
50907	39128
50908	39128
50909	39129
50910	39131
50911	39132
50912	39132
50913	39133
50914	39135
50915	39136
50916	39136
50917	39137
50918	39139
50919	39140
50920	39140
50921	39140
50922	39140
50923	39141
50924	39143
50925	39144
50926	39144
50927	39145
50928	39147
50929	39148
50930	39148
50931	39149
50932	39151
50933	39152
50934	39152
50935	39152
50936	39152
50937	39152
50938	39152
50939	39152
50940	39152
50941	39153
50942	39153
50943	39154
50944	39156
50945	39157
50946	39157
50947	39158
50948	39160
50949	39161
50950	39161
50951	39162
50952	39163
50953	39164
50954	39164
50955	39165
50956	39165
50957	39166
50958	39168
50959	39169
50960	39169
50961	39170
50962	39172
50963	39173
50964	39173
50965	39174
50966	39175
50967	39176
50968	39175
50969	39174
50970	39175
50971	39174
50972	39174
50973	39174
50974	39174
50975	39175
50976	39175
50977	39176
50978	39178
50979	39179
50980	39179
50981	39180
50982	39182
50983	39183
50984	39183
50985	39184
50986	39185
50987	39186
50988	39185
50989	39185
50990	39186
50991	39188
50992	39189
50993	39189
50994	39190
50995	39192
50996	39193
50997	39193
50998	39194
50999	39196
51000	39197
51001	39197
51002	39197
51003	39197
51004	39197
51005	39197
51006	39197
51007	39196
51008	39196
51009	39196
51010	39196
51011	39196
51012	39196
51013	39197
51014	39197
51015	39198
51016	39198
51017	39199
51018	39201
51019	39202
51020	39202
51021	39203
51022	39205
51023	39206
51024	39206
51025	39207
51026	39209
51027	39210
51028	39210
51029	39210
51030	39210
51031	39211
51032	39213
51033	39214
51034	39214
51035	39215
51036	39217
51037	39218
51038	39218
51039	39219
51040	39221
51041	39222
51042	39222
51043	39222
51044	39222
51045	39223
51046	39225
51047	39226
51048	39226
51049	39227
51050	39229
51051	39230
51052	39230
51053	39231
51054	39233
51055	39234
51056	39234
51057	39234
51058	39234
51059	39234
51060	39234
51061	39235
51062	39234
51063	39236
51064	39237
51065	39237
51066	39238
51067	39240
51068	39241
51069	39241
51070	39242
51071	39244
51072	39245
51073	39245
51074	39245
51075	39245
51076	39246
51077	39248
51078	39249
51079	39249
51080	39250
51081	39252
51082	39253
51083	39253
51084	39254
51085	39256
51086	39257
51087	39257
51088	39257
51089	39257
51090	39258
51091	39260
51092	39261
51093	39261
51094	39262
51095	39264
51096	39265
51097	39265
51098	39266
51099	39268
51100	39269
51101	39269
51102	39269
51103	39269
51104	39269
51105	39268
51106	39268
51107	39269
51108	39271
51109	39272
51110	39272
51111	39273
51112	39275
51113	39276
51114	39276
51115	39277
51116	39279
51117	39280
51118	39280
51119	39280
51120	39280
51121	39281
51122	39283
51123	39284
51124	39284
51125	39285
51126	39287
51127	39288
51128	39288
51129	39289
51130	39291
51131	39292
51132	39292
51133	39292
51134	39292
51135	39292
51136	39292
51137	39292
51138	39292
51139	39293
51140	39293
51141	39294
51142	39296
51143	39297
51144	39297
51145	39298
51146	39300
51147	39301
51148	39301
51149	39302
51150	39303
51151	39304
51152	39303
51153	39303
51154	39304
51155	39306
51156	39307
51157	39307
51158	39308
51159	39310
51160	39311
51161	39311
51162	39312
51163	39314
51164	39315
51165	39315
51166	39315
51167	39315
51168	39316
51169	39318
51170	39319
51171	39319
51172	39320
51173	39322
51174	39323
51175	39323
51176	39324
51177	39326
51178	39327
51179	39327
51180	39327
51181	39327
51182	39328
51183	39330
51184	39331
51185	39331
51186	39332
51187	39334
51188	39335
51189	39335
51190	39336
51191	39338
51192	39339
51193	39339
51194	39339
51195	39338
51196	39338
51197	39339
51198	39341
51199	39342
51200	39342
51201	39343
51202	39345
51203	39346
51204	39346
51205	39347
51206	39349
51207	39350
51208	39350
51209	39350
51210	39350
51211	39351
51212	39353
51213	39354
51214	39354
51215	39355
51216	39357
51217	39358
51218	39358
51219	39359
51220	39361
51221	39362
51222	39362
51223	39362
51224	39362
51225	39363
51226	39365
51227	39366
51228	39366
51229	39367
51230	39369
51231	39370
51232	39370
51233	39371
51234	39373
51235	39374
51236	39374
51237	39374
51238	39374
51239	39374
51240	39374
51241	39375
51242	39374
51243	39376
51244	39377
51245	39377
51246	39378
51247	39380
51248	39381
51249	39381
51250	39382
51251	39384
51252	39385
51253	39385
51254	39385
51255	39385
51256	39385
51257	39385
51258	39385
51259	39385
51260	39386
51261	39386
51262	39387
51263	39389
51264	39390
51265	39390
51266	39391
51267	39393
51268	39394
51269	39394
51270	39395
51271	39396
51272	39397
51273	39397
51274	39398
51275	39398
51276	39399
51277	39401
51278	39402
51279	39402
51280	39403
51281	39405
51282	39406
51283	39406
51284	39407
51285	39408
51286	39409
51287	39408
51288	39408
51289	39409
51290	39411
51291	39412
51292	39412
51293	39413
51294	39415
51295	39416
51296	39416
51297	39417
51298	39419
51299	39420
51300	39420
51301	39420
51302	39420
51303	39420
51304	39420
51305	39420
51306	39420
51307	39421
51308	39421
51309	39422
51310	39424
51311	39425
51312	39425
51313	39426
51314	39428
51315	39429
51316	39429
51317	39430
51318	39431
51319	39432
51320	39431
51321	39431
51322	39432
51323	39434
51324	39435
51325	39435
51326	39436
51327	39438
51328	39439
51329	39439
51330	39440
51331	39442
51332	39443
51333	39443
51334	39443
51335	39443
51336	39444
51337	39446
51338	39447
51339	39447
51340	39448
51341	39450
51342	39451
51343	39451
51344	39452
51345	39454
51346	39455
51347	39455
51348	39455
51349	39455
51350	39456
51351	39458
51352	39459
51353	39459
51354	39460
51355	39462
51356	39463
51357	39463
51358	39464
51359	39466
51360	39467
51361	39467
51362	39467
51363	39466
51364	39466
51365	39466
51366	39466
51367	39467
51368	39469
51369	39470
51370	39470
51371	39471
51372	39473
51373	39474
51374	39474
51375	39475
51376	39477
51377	39478
51378	39478
51379	39478
51380	39478
51381	39479
51382	39481
51383	39482
51384	39482
51385	39483
51386	39485
51387	39486
51388	39486
51389	39487
51390	39489
51391	39490
51392	39490
51393	39490
51394	39490
51395	39491
51396	39493
51397	39494
51398	39494
51399	39495
51400	39497
51401	39498
51402	39498
51403	39499
51404	39501
51405	39502
51406	39502
51407	39502
51408	39501
51409	39501
51410	39502
51411	39503
51412	39504
51413	39504
51414	39505
51415	39507
51416	39508
51417	39508
51418	39509
51419	39510
51420	39511
51421	39511
51422	39512
51423	39512
51424	39513
51425	39515
51426	39516
51427	39516
51428	39517
51429	39519
51430	39520
51431	39520
51432	39521
51433	39522
51434	39523
51435	39522
51436	39522
51437	39522
51438	39521
51439	39522
51440	39522
51441	39523
51442	39523
51443	39524
51444	39524
51445	39525
51446	39527
51447	39528
51448	39528
51449	39529
51450	39531
51451	39532
51452	39532
51453	39533
51454	39535
51455	39536
51456	39536
51457	39536
51458	39536
51459	39536
51460	39536
51461	39536
51462	39536
51463	39537
51464	39537
51465	39538
51466	39540
51467	39541
51468	39541
51469	39542
51470	39544
51471	39545
51472	39545
51473	39546
51474	39547
51475	39548
51476	39547
51477	39547
51478	39548
51479	39550
51480	39551
51481	39551
51482	39552
51483	39554
51484	39555
51485	39555
51486	39556
51487	39558
51488	39559
51489	39559
51490	39559
51491	39559
51492	39560
51493	39562
51494	39563
51495	39563
51496	39564
51497	39566
51498	39567
51499	39567
51500	39568
51501	39570
51502	39571
51503	39571
51504	39571
51505	39571
51506	39572
51507	39574
51508	39575
51509	39575
51510	39576
51511	39578
51512	39579
51513	39579
51514	39580
51515	39582
51516	39583
51517	39583
51518	39583
51519	39582
51520	39582
51521	39582
51522	39581
51523	39582
51524	39582
51525	39583
51526	39583
51527	39584
51528	39586
51529	39587
51530	39587
51531	39588
51532	39590
51533	39591
51534	39591
51535	39592
51536	39593
51537	39594
51538	39593
51539	39593
51540	39593
51541	39593
51542	39594
51543	39594
51544	39595
51545	39595
51546	39596
51547	39598
51548	39599
51549	39599
51550	39600
51551	39602
51552	39603
51553	39603
51554	39604
51555	39606
51556	39607
51557	39607
51558	39607
51559	39607
51560	39607
51561	39607
51562	39607
51563	39607
51564	39608
51565	39608
51566	39609
51567	39611
51568	39612
51569	39612
51570	39613
51571	39615
51572	39616
51573	39616
51574	39617
51575	39618
51576	39619
51577	39619
51578	39620
51579	39620
51580	39621
51581	39623
51582	39624
51583	39624
51584	39625
51585	39627
51586	39628
51587	39628
51588	39629
51589	39630
51590	39631
51591	39630
51592	39630
51593	39630
51594	39630
51595	39631
51596	39631
51597	39632
51598	39632
51599	39632
51600	39632
51601	39633
51602	39635
51603	39636
51604	39636
51605	39637
51606	39639
51607	39640
51608	39640
51609	39641
51610	39643
51611	39644
51612	39644
51613	39644
51614	39644
51615	39645
51616	39647
51617	39648
51618	39648
51619	39649
51620	39651
51621	39652
51622	39652
51623	39653
51624	39655
51625	39656
51626	39656
51627	39656
51628	39656
51629	39657
51630	39659
51631	39660
51632	39660
51633	39661
51634	39663
51635	39664
51636	39664
51637	39665
51638	39667
51639	39668
51640	39668
51641	39668
51642	39667
51643	39667
51644	39667
51645	39667
51646	39668
51647	39670
51648	39671
51649	39671
51650	39672
51651	39674
51652	39675
51653	39675
51654	39676
51655	39678
51656	39679
51657	39679
51658	39679
51659	39679
51660	39679
51661	39679
51662	39679
51663	39679
51664	39680
51665	39680
51666	39681
51667	39683
51668	39684
51669	39684
51670	39685
51671	39687
51672	39688
51673	39688
51674	39689
51675	39690
51676	39691
51677	39690
51678	39690
51679	39691
51680	39693
51681	39694
51682	39694
51683	39695
51684	39697
51685	39698
51686	39698
51687	39699
51688	39701
51689	39702
51690	39702
51691	39702
51692	39702
51693	39702
51694	39702
51695	39702
51696	39702
51697	39703
51698	39703
51699	39704
51700	39706
51701	39707
51702	39707
51703	39708
51704	39710
51705	39711
51706	39711
51707	39712
51708	39713
51709	39714
51710	39714
51711	39715
51712	39715
51713	39716
51714	39718
51715	39719
51716	39719
51717	39720
51718	39722
51719	39723
51720	39723
51721	39724
51722	39725
51723	39726
51724	39725
51725	39724
51726	39725
51727	39725
51728	39726
51729	39726
51730	39727
51731	39727
51732	39728
51733	39730
51734	39731
51735	39731
51736	39732
51737	39734
51738	39735
51739	39735
51740	39736
51741	39738
51742	39739
51743	39739
51744	39739
51745	39739
51746	39740
51747	39742
51748	39743
51749	39743
51750	39744
51751	39746
51752	39747
51753	39747
51754	39748
51755	39750
51756	39751
51757	39751
51758	39751
51759	39751
51760	39752
51761	39754
51762	39755
51763	39755
51764	39756
51765	39758
51766	39759
51767	39759
51768	39760
51769	39762
51770	39763
51771	39763
51772	39763
51773	39763
51774	39763
51775	39763
51776	39763
51777	39762
51778	39762
51779	39762
51780	39762
51781	39763
51782	39765
51783	39766
51784	39766
51785	39767
51786	39769
51787	39770
51788	39770
51789	39771
51790	39773
51791	39774
51792	39774
51793	39774
51794	39774
51795	39774
51796	39774
51797	39774
51798	39774
51799	39775
51800	39775
51801	39776
51802	39778
51803	39779
51804	39779
51805	39780
51806	39782
51807	39783
51808	39783
51809	39784
51810	39785
51811	39786
51812	39785
51813	39785
51814	39786
51815	39788
51816	39789
51817	39789
51818	39790
51819	39792
51820	39793
51821	39793
51822	39794
51823	39796
51824	39797
51825	39797
51826	39797
51827	39797
51828	39798
51829	39800
51830	39801
51831	39801
51832	39802
51833	39804
51834	39805
51835	39805
51836	39806
51837	39808
51838	39809
51839	39809
51840	39809
51841	39809
51842	39809
51843	39809
51844	39809
51845	39808
51846	39808
51847	39808
51848	39807
51849	39808
51850	39808
51851	39809
51852	39809
51853	39810
51854	39812
51855	39813
51856	39813
51857	39814
51858	39816
51859	39817
51860	39817
51861	39818
51862	39819
51863	39820
51864	39819
51865	39819
51866	39819
51867	39818
51868	39819
51869	39819
51870	39820
51871	39820
51872	39821
51873	39821
51874	39821
51875	39821
51876	39822
51877	39824
51878	39825
51879	39825
51880	39826
51881	39828
51882	39829
51883	39829
51884	39830
51885	39832
51886	39833
51887	39833
51888	39833
51889	39833
51890	39833
51891	39833
51892	39834
51893	39834
51894	39835
51895	39835
51896	39836
51897	39838
51898	39839
51899	39839
51900	39840
51901	39842
51902	39843
51903	39843
51904	39844
51905	39845
51906	39846
51907	39845
51908	39845
51909	39846
51910	39848
51911	39849
51912	39849
51913	39850
51914	39851
51915	39852
51916	39851
51917	39850
51918	39851
51919	39850
51920	39850
51921	39850
51922	39850
51923	39851
51924	39851
51925	39852
51926	39854
51927	39855
51928	39855
51929	39856
51930	39858
51931	39859
51932	39859
51933	39860
51934	39861
51935	39862
51936	39862
51937	39863
51938	39863
51939	39864
51940	39866
51941	39867
51942	39867
51943	39868
51944	39870
51945	39871
51946	39871
51947	39872
51948	39873
51949	39874
51950	39873
51951	39873
51952	39873
51953	39873
51954	39874
51955	39874
51956	39875
51957	39875
51958	39875
51959	39875
51960	39876
51961	39878
51962	39879
51963	39879
51964	39880
51965	39882
51966	39883
51967	39883
51968	39884
51969	39886
51970	39887
51971	39887
51972	39887
51973	39887
51974	39887
51975	39887
51976	39887
51977	39886
51978	39886
51979	39887
51980	39889
51981	39890
51982	39890
51983	39891
51984	39893
51985	39894
51986	39894
51987	39895
51988	39897
51989	39898
51990	39898
51991	39898
51992	39897
51993	39897
51994	39898
51995	39900
51996	39901
51997	39901
51998	39902
51999	39904
52000	39905
52001	39905
52002	39906
52003	39908
52004	39909
52005	39909
52006	39909
52007	39909
52008	39910
52009	39912
52010	39913
52011	39913
52012	39914
52013	39916
52014	39917
52015	39917
52016	39918
52017	39920
52018	39921
52019	39921
52020	39921
52021	39921
52022	39922
52023	39924
52024	39925
52025	39925
52026	39926
52027	39928
52028	39929
52029	39929
52030	39930
52031	39932
52032	39933
52033	39933
52034	39933
52035	39933
52036	39933
52037	39933
52038	39933
52039	39933
52040	39934
52041	39934
52042	39935
52043	39937
52044	39938
52045	39938
52046	39939
52047	39941
52048	39942
52049	39942
52050	39943
52051	39944
52052	39945
52053	39945
52054	39946
52055	39946
52056	39947
52057	39949
52058	39950
52059	39950
52060	39951
52061	39953
52062	39954
52063	39954
52064	39955
52065	39956
52066	39957
52067	39956
52068	39956
52069	39957
52070	39959
52071	39960
52072	39960
52073	39961
52074	39963
52075	39964
52076	39964
52077	39965
52078	39967
52079	39968
52080	39968
52081	39968
52082	39968
52083	39969
52084	39971
52085	39972
52086	39972
52087	39973
52088	39975
52089	39976
52090	39976
52091	39977
52092	39979
52093	39980
52094	39980
52095	39980
52096	39980
52097	39981
52098	39983
52099	39984
52100	39984
52101	39985
52102	39987
52103	39988
52104	39988
52105	39989
52106	39991
52107	39992
52108	39992
52109	39992
52110	39991
52111	39991
52112	39991
52113	39991
52114	39992
52115	39994
52116	39995
52117	39995
52118	39996
52119	39998
52120	39999
52121	39999
52122	40000
52123	40002
52124	40003
52125	40003
52126	40003
52127	40003
52128	40003
52129	40002
52130	40002
52131	40002
52132	40002
52133	40003
52134	40005
52135	40006
52136	40006
52137	40007
52138	40009
52139	40010
52140	40010
52141	40011
52142	40013
52143	40014
52144	40014
52145	40014
52146	40014
52147	40014
52148	40014
52149	40015
52150	40015
52151	40016
52152	40016
52153	40017
52154	40019
52155	40020
52156	40020
52157	40021
52158	40023
52159	40024
52160	40024
52161	40025
52162	40026
52163	40027
52164	40027
52165	40028
52166	40028
52167	40029
52168	40031
52169	40032
52170	40032
52171	40033
52172	40035
52173	40036
52174	40036
52175	40037
52176	40038
52177	40039
52178	40039
52179	40040
52180	40040
52181	40041
52182	40043
52183	40044
52184	40044
52185	40045
52186	40047
52187	40048
52188	40048
52189	40049
52190	40049
52191	40050
52192	40049
52193	40049
52194	40049
52195	40049
52196	40050
52197	40050
52198	40051
52199	40053
52200	40054
52201	40054
52202	40055
52203	40057
52204	40058
52205	40058
52206	40059
52207	40060
52208	40061
52209	40060
52210	40060
52211	40060
52212	40059
52213	40060
52214	40060
52215	40061
52216	40061
52217	40062
52218	40062
52219	40062
52220	40062
52221	40062
52222	40062
52223	40063
52224	40063
52225	40064
52226	40064
52227	40064
52228	40063
52229	40065
52230	40066
52231	40066
52232	40067
52233	40067
52234	40067
52235	40067
52236	40067
52237	40067
52238	40068
52239	40068
52240	40069
52241	40069
52242	40070
52243	40072
52244	40073
52245	40073
52246	40074
52247	40076
52248	40077
52249	40077
52250	40078
52251	40080
52252	40081
52253	40081
52254	40081
52255	40081
52256	40082
52257	40084
52258	40085
52259	40085
52260	40086
52261	40087
52262	40088
52263	40087
52264	40086
52265	40087
52266	40087
52267	40088
52268	40088
52269	40089
52270	40089
52271	40089
52272	40089
52273	40089
52274	40089
52275	40090
52276	40090
52277	40091
52278	40091
52279	40091
52280	40091
52281	40091
52282	40091
52283	40092
52284	40092
52285	40093
52286	40093
52287	40093
52288	40093
52289	40094
52290	40096
52291	40097
52292	40097
52293	40098
52294	40100
52295	40101
52296	40101
52297	40102
52298	40104
52299	40105
52300	40105
52301	40105
52302	40105
52303	40105
52304	40105
52305	40105
52306	40104
52307	40104
52308	40104
52309	40104
52310	40104
52311	40104
52312	40105
52313	40105
52314	40106
52315	40106
52316	40107
52317	40109
52318	40110
52319	40110
52320	40111
52321	40113
52322	40114
52323	40114
52324	40115
52325	40117
52326	40118
52327	40118
52328	40118
52329	40118
52330	40119
52331	40121
52332	40122
52333	40122
52334	40123
52335	40125
52336	40126
52337	40126
52338	40127
52339	40129
52340	40130
52341	40130
52342	40130
52343	40130
52344	40130
52345	40130
52346	40130
52347	40130
52348	40131
52349	40131
52350	40132
52351	40133
52352	40134
52353	40133
52354	40133
52355	40134
52356	40136
52357	40137
52358	40137
52359	40138
52360	40140
52361	40141
52362	40141
52363	40142
52364	40144
52365	40145
52366	40145
52367	40145
52368	40145
52369	40146
52370	40148
52371	40149
52372	40149
52373	40150
52374	40152
52375	40153
52376	40153
52377	40154
52378	40156
52379	40157
52380	40157
52381	40157
52382	40157
52383	40158
52384	40160
52385	40161
52386	40161
52387	40162
52388	40164
52389	40165
52390	40165
52391	40166
52392	40168
52393	40169
52394	40169
52395	40169
52396	40168
52397	40168
52398	40169
52399	40171
52400	40172
52401	40172
52402	40173
52403	40175
52404	40176
52405	40176
52406	40177
52407	40179
52408	40180
52409	40180
52410	40180
52411	40180
52412	40181
52413	40183
52414	40184
52415	40184
52416	40185
52417	40187
52418	40188
52419	40188
52420	40189
52421	40191
52422	40192
52423	40192
52424	40192
52425	40192
52426	40193
52427	40195
52428	40196
52429	40196
52430	40197
52431	40199
52432	40200
52433	40200
52434	40201
52435	40203
52436	40204
52437	40204
52438	40204
52439	40204
52440	40204
52441	40204
52442	40205
52443	40205
52444	40206
52445	40206
52446	40207
52447	40209
52448	40210
52449	40210
52450	40211
52451	40213
52452	40214
52453	40214
52454	40215
52455	40216
52456	40217
52457	40216
52458	40216
52459	40217
52460	40219
52461	40220
52462	40220
52463	40221
52464	40222
52465	40223
52466	40222
52467	40222
52468	40223
52469	40225
52470	40226
52471	40226
52472	40227
52473	40229
52474	40230
52475	40230
52476	40231
52477	40233
52478	40234
52479	40234
52480	40234
52481	40234
52482	40234
52483	40234
52484	40235
52485	40235
52486	40236
52487	40236
52488	40237
52489	40239
52490	40240
52491	40240
52492	40241
52493	40243
52494	40244
52495	40244
52496	40245
52497	40246
52498	40247
52499	40247
52500	40248
52501	40248
52502	40249
52503	40251
52504	40252
52505	40252
52506	40253
52507	40254
52508	40255
52509	40255
52510	40256
52511	40256
52512	40257
52513	40259
52514	40260
52515	40260
52516	40261
52517	40263
52518	40264
52519	40264
52520	40265
52521	40266
52522	40267
52523	40266
52524	40266
52525	40267
52526	40269
52527	40270
52528	40270
52529	40271
52530	40273
52531	40274
52532	40274
52533	40275
52534	40277
52535	40278
52536	40278
52537	40278
52538	40278
52539	40279
52540	40281
52541	40282
52542	40282
52543	40283
52544	40285
52545	40286
52546	40286
52547	40287
52548	40289
52549	40290
52550	40290
52551	40290
52552	40290
52553	40290
52554	40290
52555	40290
52556	40290
52557	40291
52558	40291
52559	40292
52560	40294
52561	40295
52562	40295
52563	40296
52564	40298
52565	40299
52566	40299
52567	40300
52568	40301
52569	40302
52570	40302
52571	40303
52572	40303
52573	40304
52574	40306
52575	40307
52576	40307
52577	40308
52578	40310
52579	40311
52580	40311
52581	40312
52582	40313
52583	40314
52584	40313
52585	40313
52586	40313
52587	40313
52588	40314
52589	40314
52590	40315
52591	40315
52592	40315
52593	40315
52594	40316
52595	40318
52596	40319
52597	40319
52598	40320
52599	40322
52600	40323
52601	40323
52602	40324
52603	40326
52604	40327
52605	40327
52606	40327
52607	40327
52608	40327
52609	40327
52610	40327
52611	40326
52612	40326
52613	40327
52614	40329
52615	40330
52616	40330
52617	40331
52618	40332
52619	40333
52620	40332
52621	40332
52622	40332
52623	40332
52624	40333
52625	40333
52626	40334
52627	40334
52628	40335
52629	40337
52630	40338
52631	40338
52632	40339
52633	40341
52634	40342
52635	40342
52636	40343
52637	40345
52638	40346
52639	40346
52640	40346
52641	40346
52642	40347
52643	40349
52644	40350
52645	40350
52646	40351
52647	40353
52648	40354
52649	40354
52650	40355
52651	40357
52652	40358
52653	40358
52654	40358
52655	40358
52656	40358
52657	40358
52658	40358
52659	40358
52660	40359
52661	40359
52662	40360
52663	40362
52664	40363
52665	40363
52666	40364
52667	40366
52668	40367
52669	40367
52670	40368
52671	40369
52672	40370
52673	40369
52674	40369
52675	40370
52676	40372
52677	40373
52678	40373
52679	40374
52680	40376
52681	40377
52682	40377
52683	40378
52684	40380
52685	40381
52686	40381
52687	40381
52688	40381
52689	40381
52690	40381
52691	40381
52692	40380
52693	40380
52694	40380
52695	40380
52696	40381
52697	40383
52698	40384
52699	40384
52700	40385
52701	40387
52702	40388
52703	40388
52704	40389
52705	40391
52706	40392
52707	40392
52708	40392
52709	40392
52710	40393
52711	40394
52712	40395
52713	40395
52714	40396
52715	40398
52716	40399
52717	40399
52718	40400
52719	40402
52720	40403
52721	40403
52722	40403
52723	40403
52724	40403
52725	40403
52726	40404
52727	40403
52728	40405
52729	40406
52730	40406
52731	40407
52732	40409
52733	40410
52734	40410
52735	40411
52736	40413
52737	40414
52738	40414
52739	40414
52740	40414
52741	40414
52742	40414
52743	40415
52744	40415
52745	40416
52746	40416
52747	40417
52748	40419
52749	40420
52750	40420
52751	40421
52752	40423
52753	40424
52754	40424
52755	40425
52756	40426
52757	40427
52758	40426
52759	40426
52760	40427
52761	40429
52762	40430
52763	40430
52764	40431
52765	40433
52766	40434
52767	40434
52768	40435
52769	40437
52770	40438
52771	40438
52772	40438
52773	40438
52774	40439
52775	40441
52776	40442
52777	40442
52778	40443
52779	40445
52780	40446
52781	40446
52782	40447
52783	40449
52784	40450
52785	40450
52786	40450
52787	40450
52788	40451
52789	40453
52790	40454
52791	40454
52792	40455
52793	40457
52794	40458
52795	40458
52796	40459
52797	40461
52798	40462
52799	40462
52800	40462
52801	40461
52802	40461
52803	40462
52804	40463
52805	40464
52806	40464
52807	40465
52808	40467
52809	40468
52810	40468
52811	40469
52812	40470
52813	40471
52814	40471
52815	40472
52816	40472
52817	40473
52818	40475
52819	40476
52820	40476
52821	40477
52822	40479
52823	40480
52824	40480
52825	40481
52826	40482
52827	40483
52828	40482
52829	40482
52830	40483
52831	40485
52832	40486
52833	40486
52834	40487
52835	40489
52836	40490
52837	40490
52838	40491
52839	40493
52840	40494
52841	40494
52842	40494
52843	40494
52844	40494
52845	40494
52846	40495
52847	40495
52848	40496
52849	40496
52850	40497
52851	40499
52852	40500
52853	40500
52854	40501
52855	40503
52856	40504
52857	40504
52858	40505
52859	40506
52860	40507
52861	40506
52862	40506
52863	40507
52864	40508
52865	40509
52866	40509
52867	40510
52868	40510
52869	40510
52870	40509
52871	40511
52872	40512
52873	40512
52874	40513
52875	40513
52876	40514
52877	40516
52878	40517
52879	40517
52880	40518
52881	40520
52882	40521
52883	40521
52884	40522
52885	40524
52886	40525
52887	40525
52888	40525
52889	40525
52890	40525
52891	40525
52892	40525
52893	40525
52894	40526
52895	40526
52896	40527
52897	40529
52898	40530
52899	40530
52900	40531
52901	40533
52902	40534
52903	40534
52904	40535
52905	40536
52906	40537
52907	40536
52908	40536
52909	40537
52910	40539
52911	40540
52912	40540
52913	40541
52914	40543
52915	40544
52916	40544
52917	40545
52918	40547
52919	40548
52920	40548
52921	40548
52922	40548
52923	40549
52924	40551
52925	40552
52926	40552
52927	40553
52928	40555
52929	40556
52930	40556
52931	40557
52932	40559
52933	40560
52934	40560
52935	40560
52936	40560
52937	40560
52938	40560
52939	40560
52940	40560
52941	40561
52942	40561
52943	40562
52944	40564
52945	40565
52946	40565
52947	40566
52948	40568
52949	40569
52950	40569
52951	40570
52952	40571
52953	40572
52954	40571
52955	40571
52956	40572
52957	40574
52958	40575
52959	40575
52960	40576
52961	40578
52962	40579
52963	40579
52964	40580
52965	40582
52966	40583
52967	40583
52968	40583
52969	40583
52970	40583
52971	40583
52972	40583
52973	40583
52974	40584
52975	40584
52976	40585
52977	40587
52978	40588
52979	40588
52980	40589
52981	40591
52982	40592
52983	40592
52984	40593
52985	40594
52986	40595
52987	40595
52988	40596
52989	40596
52990	40597
52991	40599
52992	40600
52993	40600
52994	40601
52995	40603
52996	40604
52997	40604
52998	40605
52999	40606
53000	40607
53001	40606
53002	40606
53003	40607
53004	40609
53005	40610
53006	40610
53007	40611
53008	40613
53009	40614
53010	40614
53011	40615
53012	40617
53013	40618
53014	40618
53015	40618
53016	40618
53017	40618
53018	40618
53019	40619
53020	40618
53021	40620
53022	40621
53023	40621
53024	40622
53025	40624
53026	40625
53027	40625
53028	40626
53029	40628
53030	40629
53031	40629
53032	40629
53033	40629
53034	40629
53035	40629
53036	40629
53037	40628
53038	40628
53039	40628
53040	40628
53041	40628
53042	40628
53043	40629
53044	40629
53045	40630
53046	40630
53047	40631
53048	40633
53049	40634
53050	40634
53051	40635
53052	40637
53053	40638
53054	40638
53055	40639
53056	40641
53057	40642
53058	40642
53059	40642
53060	40642
53061	40642
53062	40642
53063	40643
53064	40643
53065	40644
53066	40644
53067	40645
53068	40647
53069	40648
53070	40648
53071	40649
53072	40651
53073	40652
53074	40652
53075	40653
53076	40654
53077	40655
53078	40654
53079	40654
53080	40654
53081	40653
53082	40654
53083	40653
53084	40653
53085	40653
53086	40653
53087	40654
53088	40654
53089	40655
53090	40657
53091	40658
53092	40658
53093	40659
53094	40661
53095	40662
53096	40662
53097	40663
53098	40664
53099	40665
53100	40665
53101	40666
53102	40666
53103	40667
53104	40669
53105	40670
53106	40670
53107	40671
53108	40673
53109	40674
53110	40674
53111	40675
53112	40676
53113	40677
53114	40676
53115	40676
53116	40676
53117	40676
53118	40677
53119	40677
53120	40678
53121	40678
53122	40678
53123	40678
53124	40678
53125	40678
53126	40679
53127	40679
53128	40680
53129	40680
53130	40681
53131	40683
53132	40684
53133	40684
53134	40685
53135	40687
53136	40688
53137	40688
53138	40689
53139	40691
53140	40692
53141	40692
53142	40692
53143	40692
53144	40693
53145	40695
53146	40696
53147	40696
53148	40697
53149	40699
53150	40700
53151	40700
53152	40701
53153	40703
53154	40704
53155	40704
53156	40704
53157	40704
53158	40704
53159	40704
53160	40704
53161	40703
53162	40703
53163	40704
53164	40706
53165	40707
53166	40707
53167	40708
53168	40710
53169	40711
53170	40711
53171	40712
53172	40714
53173	40715
53174	40715
53175	40715
53176	40715
53177	40716
53178	40716
53179	40717
53180	40717
53181	40718
53182	40718
53183	40719
53184	40721
53185	40722
53186	40722
53187	40723
53188	40725
53189	40726
53190	40726
53191	40727
53192	40728
53193	40729
53194	40728
53195	40727
53196	40728
53197	40727
53198	40727
53199	40727
53200	40727
53201	40728
53202	40728
53203	40729
53204	40730
53205	40731
53206	40730
53207	40730
53208	40730
53209	40730
53210	40730
53211	40730
53212	40731
53213	40731
53214	40732
53215	40734
53216	40735
53217	40735
53218	40736
53219	40738
53220	40739
53221	40739
53222	40740
53223	40742
53224	40743
53225	40743
53226	40743
53227	40743
53228	40743
53229	40743
53230	40744
53231	40744
53232	40745
53233	40745
53234	40746
53235	40748
53236	40749
53237	40749
53238	40750
53239	40752
53240	40753
53241	40753
53242	40754
53243	40755
53244	40756
53245	40755
53246	40755
53247	40756
53248	40758
53249	40759
53250	40759
53251	40760
53252	40762
53253	40763
53254	40763
53255	40764
53256	40766
53257	40767
53258	40767
53259	40767
53260	40767
53261	40768
53262	40770
53263	40771
53264	40771
53265	40772
53266	40774
53267	40775
53268	40775
53269	40776
53270	40778
53271	40779
53272	40779
53273	40779
53274	40779
53275	40780
53276	40782
53277	40783
53278	40783
53279	40784
53280	40786
53281	40787
53282	40787
53283	40788
53284	40790
53285	40791
53286	40791
53287	40791
53288	40790
53289	40790
53290	40790
53291	40790
53292	40790
53293	40790
53294	40791
53295	40791
53296	40792
53297	40792
53298	40792
53299	40792
53300	40792
53301	40792
53302	40793
53303	40793
53304	40794
53305	40794
53306	40795
53307	40797
53308	40798
53309	40798
53310	40799
53311	40801
53312	40802
53313	40802
53314	40803
53315	40805
53316	40806
53317	40806
53318	40806
53319	40806
53320	40806
53321	40806
53322	40807
53323	40807
53324	40808
53325	40808
53326	40809
53327	40811
53328	40812
53329	40812
53330	40813
53331	40815
53332	40816
53333	40816
53334	40817
53335	40818
53336	40819
53337	40819
53338	40820
53339	40820
53340	40821
53341	40823
53342	40824
53343	40824
53344	40825
53345	40827
53346	40828
53347	40828
53348	40829
53349	40830
53350	40831
53351	40831
53352	40832
53353	40832
53354	40833
53355	40835
53356	40836
53357	40836
53358	40837
53359	40839
53360	40840
53361	40840
53362	40841
53363	40841
53364	40842
53365	40841
53366	40841
53367	40842
53368	40842
53369	40843
53370	40843
53371	40844
53372	40846
53373	40847
53374	40847
53375	40848
53376	40850
53377	40851
53378	40851
53379	40852
53380	40853
53381	40854
53382	40854
53383	40855
53384	40855
53385	40856
53386	40858
53387	40859
53388	40859
53389	40860
53390	40862
53391	40863
53392	40863
53393	40864
53394	40865
53395	40866
53396	40866
53397	40867
53398	40867
53399	40868
53400	40870
53401	40871
53402	40871
53403	40872
53404	40874
53405	40875
53406	40875
53407	40876
53408	40876
53409	40877
53410	40877
53411	40878
53412	40878
53413	40879
53414	40879
53415	40880
53416	40882
53417	40883
53418	40883
53419	40884
53420	40885
53421	40886
53422	40886
53423	40887
53424	40887
53425	40888
53426	40890
53427	40891
53428	40891
53429	40892
53430	40894
53431	40895
53432	40895
53433	40896
53434	40897
53435	40898
53436	40897
53437	40897
53438	40897
53439	40896
53440	40897
53441	40897
53442	40898
53443	40898
53444	40899
53445	40899
53446	40899
53447	40899
53448	40900
53449	40902
53450	40903
53451	40903
53452	40904
53453	40906
53454	40907
53455	40907
53456	40908
53457	40910
53458	40911
53459	40911
53460	40911
53461	40911
53462	40911
53463	40911
53464	40912
53465	40912
53466	40913
53467	40913
53468	40914
53469	40916
53470	40917
53471	40917
53472	40918
53473	40920
53474	40921
53475	40921
53476	40922
53477	40923
53478	40924
53479	40923
53480	40922
53481	40923
53482	40922
53483	40922
53484	40923
53485	40922
53486	40924
53487	40925
53488	40925
53489	40926
53490	40928
53491	40929
53492	40929
53493	40930
53494	40932
53495	40933
53496	40933
53497	40933
53498	40933
53499	40933
53500	40933
53501	40934
53502	40933
53503	40935
53504	40936
53505	40936
53506	40937
53507	40939
53508	40940
53509	40940
53510	40941
53511	40943
53512	40944
53513	40944
53514	40944
53515	40944
53516	40945
53517	40947
53518	40948
53519	40948
53520	40949
53521	40951
53522	40952
53523	40952
53524	40953
53525	40955
53526	40956
53527	40956
53528	40956
53529	40956
53530	40956
53531	40956
53532	40956
53533	40955
53534	40955
53535	40955
53536	40955
53537	40956
53538	40958
53539	40959
53540	40959
53541	40960
53542	40962
53543	40963
53544	40963
53545	40964
53546	40966
53547	40967
53548	40967
53549	40967
53550	40967
53551	40968
53552	40970
53553	40971
53554	40971
53555	40972
53556	40974
53557	40975
53558	40975
53559	40976
53560	40978
53561	40979
53562	40979
53563	40979
53564	40979
53565	40979
53566	40979
53567	40980
53568	40980
53569	40981
53570	40981
53571	40982
53572	40984
53573	40985
53574	40985
53575	40986
53576	40988
53577	40989
53578	40989
53579	40990
53580	40991
53581	40992
53582	40992
53583	40993
53584	40993
53585	40994
53586	40996
53587	40997
53588	40997
53589	40998
53590	41000
53591	41001
53592	41001
53593	41002
53594	41003
53595	41004
53596	41004
53597	41005
53598	41005
53599	41005
53600	41005
53601	41006
53602	41008
53603	41009
53604	41009
53605	41010
53606	41012
53607	41013
53608	41013
53609	41014
53610	41016
53611	41017
53612	41017
53613	41017
53614	41017
53615	41017
53616	41017
53617	41017
53618	41017
53619	41018
53619
1805570800
