1	1
2	5
3	7
4	9
5	11
6	13
7	14
8	15
9	16
10	17
11	18
12	19
13	20
14	21
15	23
16	25
17	27
18	29
19	31
20	33
21	35
22	37
23	40
24	41
25	44
26	45
27	46
28	49
29	52
30	53
31	54
32	57
33	60
34	61
35	62
36	65
37	66
38	69
39	71
40	73
41	75
42	77
43	79
44	81
45	83
46	85
47	87
48	88
49	90
50	92
51	94
52	96
53	98
54	100
55	102
56	104
57	105
58	107
59	109
60	111
61	113
62	115
63	117
64	119
65	121
66	122
67	124
68	126
69	128
70	129
71	129
72	130
73	131
74	132
75	133
76	134
77	137
78	138
79	139
80	139
81	140
82	141
83	142
84	143
85	146
86	147
87	150
88	151
89	152
90	153
91	154
92	155
93	156
94	157
95	158
96	159
97	159
98	160
99	161
100	162
101	165
102	168
103	169
104	170
105	171
106	172
107	173
108	174
109	175
110	176
111	177
112	178
113	179
114	179
115	180
116	183
117	184
118	187
119	188
120	189
121	190
122	191
123	192
124	193
125	196
126	197
127	198
128	199
129	200
130	201
131	203
132	205
133	207
134	209
135	211
136	213
137	215
138	217
139	219
140	221
141	223
142	225
143	227
144	229
145	231
146	233
147	235
148	237
149	239
150	241
151	243
152	245
153	247
154	249
155	251
156	253
157	255
158	257
159	258
160	260
161	262
162	264
163	266
164	268
165	270
166	272
167	274
168	276
169	278
170	280
171	282
172	283
173	285
174	287
175	289
176	290
177	292
178	293
179	295
180	297
181	299
182	301
183	303
184	305
185	307
186	309
187	311
188	313
189	315
190	316
191	317
192	319
193	321
194	323
195	325
196	327
197	329
198	330
199	332
200	333
201	335
202	337
203	340
204	341
205	342
206	345
207	347
208	348
209	349
210	352
211	353
212	355
213	356
214	357
215	358
216	358
217	359
218	360
219	361
220	364
221	367
222	368
223	369
224	372
225	374
226	375
227	376
228	378
229	379
230	382
231	383
232	384
233	385
234	386
235	387
236	387
237	388
238	391
239	392
240	393
241	394
242	395
243	396
244	397
245	400
246	401
247	404
248	405
249	406
250	408
251	410
252	411
253	412
254	415
255	416
256	418
257	421
258	422
259	423
260	424
261	427
262	428
263	430
264	433
265	434
266	435
267	438
268	439
269	440
270	441
271	442
272	443
273	443
274	444
275	445
276	446
277	447
278	448
279	449
280	452
281	453
282	454
283	456
284	457
285	460
286	461
287	462
288	464
289	465
290	468
291	469
292	472
293	473
294	474
295	477
296	478
297	479
298	482
299	483
300	486
301	487
302	488
303	489
304	490
305	490
306	491
307	494
308	495
309	496
310	497
311	498
312	499
313	500
314	501
315	503
316	504
317	505
318	506
319	509
320	510
321	511
322	514
323	517
324	518
325	519
326	520
327	521
328	522
329	523
330	524
331	525
332	527
333	528
334	529
335	532
336	533
337	534
338	537
339	539
340	541
341	543
342	545
343	547
344	549
345	550
346	552
347	554
348	556
349	558
350	560
351	562
352	564
353	565
354	567
355	569
356	570
357	572
358	574
359	576
360	578
361	580
362	582
363	584
364	586
365	588
366	590
367	592
368	594
369	596
370	598
371	599
372	601
373	603
374	605
375	607
376	609
377	611
378	613
379	614
380	616
381	618
382	620
383	621
384	623
385	625
386	627
387	629
388	631
389	633
390	635
391	637
392	639
393	641
394	642
395	644
396	646
397	648
398	650
399	652
400	654
401	656
402	658
403	660
404	662
405	664
406	666
407	668
408	670
409	672
410	673
411	675
412	677
413	679
414	681
415	683
416	684
417	686
418	687
419	688
420	690
421	692
422	694
423	696
424	698
425	700
426	701
427	703
428	705
429	707
430	709
431	710
432	712
433	714
434	715
435	717
436	719
437	721
438	723
439	725
440	727
441	729
442	731
443	733
444	735
445	736
446	738
447	740
448	742
449	744
450	746
451	748
452	750
453	752
454	754
455	756
456	758
457	760
458	762
459	764
460	766
461	768
462	770
463	772
464	773
465	774
466	776
467	778
468	780
469	781
470	783
471	785
472	787
473	789
474	791
475	793
476	795
477	796
478	798
479	800
480	802
481	804
482	805
483	807
484	809
485	811
486	813
487	815
488	817
489	819
490	821
491	823
492	825
493	827
494	829
495	831
496	833
497	834
498	836
499	838
500	840
501	842
502	844
503	846
504	848
505	850
506	852
507	854
508	856
509	858
510	860
511	862
512	864
513	866
514	868
515	869
516	871
517	873
518	875
519	877
520	879
521	881
522	882
523	884
524	886
525	888
526	890
527	892
528	894
529	896
530	898
531	900
532	902
533	904
534	906
535	908
536	910
537	912
538	913
539	914
540	914
541	915
542	916
543	917
544	918
545	921
546	922
547	925
548	926
549	927
550	928
551	929
552	930
553	931
554	931
555	932
556	933
557	933
558	934
559	937
560	938
561	941
562	942
563	943
564	944
565	945
566	946
567	947
568	950
569	950
570	951
571	952
572	955
573	956
574	958
575	959
576	960
577	963
578	964
579	966
580	969
581	970
582	971
583	974
584	975
585	976
586	977
587	978
588	979
589	979
590	979
591	980
592	981
593	982
594	983
595	984
596	987
597	988
598	991
599	992
600	993
601	994
602	995
603	996
604	997
605	998
606	998
607	999
608	999
609	1000
610	1003
611	1004
612	1007
613	1008
614	1008
615	1009
616	1010
617	1013
618	1014
619	1015
620	1016
621	1017
622	1018
623	1020
624	1021
625	1024
626	1025
627	1026
628	1028
629	1031
630	1032
631	1033
632	1036
633	1037
634	1040
635	1041
636	1042
637	1043
638	1044
639	1044
640	1045
641	1048
642	1049
643	1050
644	1051
645	1054
646	1057
647	1058
648	1059
649	1062
650	1063
651	1066
652	1067
653	1068
654	1069
655	1070
656	1071
657	1071
658	1072
659	1075
660	1076
661	1076
662	1077
663	1077
664	1078
665	1079
666	1080
667	1083
668	1086
669	1087
670	1088
671	1089
672	1090
673	1091
674	1092
675	1093
676	1093
677	1094
678	1097
679	1098
680	1101
681	1102
682	1102
683	1103
684	1104
685	1105
686	1106
687	1109
688	1110
689	1111
690	1111
691	1112
692	1113
693	1114
694	1115
695	1116
696	1119
697	1120
698	1123
699	1124
700	1127
701	1128
702	1129
703	1130
704	1131
705	1132
706	1133
707	1136
708	1137
709	1138
710	1138
711	1139
712	1140
713	1141
714	1142
715	1143
716	1144
717	1145
718	1148
719	1151
720	1152
721	1153
722	1154
723	1155
724	1156
725	1157
726	1158
727	1160
728	1161
729	1163
730	1164
731	1165
732	1167
733	1170
734	1171
735	1172
736	1175
737	1176
738	1179
739	1180
740	1181
741	1184
742	1187
743	1188
744	1189
745	1192
746	1193
747	1196
748	1197
749	1198
750	1199
751	1199
752	1200
753	1201
754	1202
755	1205
756	1208
757	1209
758	1210
759	1211
760	1212
761	1213
762	1214
763	1217
764	1217
765	1218
766	1219
767	1220
768	1221
769	1221
770	1222
771	1225
772	1226
773	1229
774	1230
775	1231
776	1232
777	1235
778	1235
779	1236
780	1237
781	1238
782	1239
783	1242
784	1243
785	1244
786	1244
787	1245
788	1246
789	1247
790	1248
791	1251
792	1252
793	1255
794	1256
795	1257
796	1258
797	1259
798	1260
799	1261
800	1262
801	1265
802	1268
803	1269
804	1270
805	1271
806	1272
807	1273
808	1274
809	1277
810	1278
811	1279
812	1280
813	1281
814	1282
815	1283
816	1284
817	1286
818	1287
819	1289
820	1290
821	1291
822	1293
823	1296
824	1297
825	1298
826	1301
827	1302
828	1303
829	1304
830	1305
831	1306
832	1307
833	1310
834	1311
835	1312
836	1315
837	1316
838	1317
839	1319
840	1322
841	1323
842	1324
843	1327
844	1328
845	1331
846	1332
847	1333
848	1334
849	1335
850	1338
851	1339
852	1342
853	1343
854	1346
855	1347
856	1348
857	1349
858	1349
859	1350
860	1351
861	1351
862	1352
863	1355
864	1356
865	1359
866	1360
867	1361
868	1361
869	1362
870	1363
871	1364
872	1365
873	1366
874	1367
875	1368
876	1369
877	1372
878	1373
879	1374
880	1376
881	1379
882	1380
883	1381
884	1384
885	1385
886	1386
887	1389
888	1390
889	1393
890	1396
891	1397
892	1398
893	1399
894	1400
895	1401
896	1404
897	1405
898	1408
899	1409
900	1410
901	1411
902	1412
903	1412
904	1412
905	1413
906	1414
907	1417
908	1418
909	1421
910	1422
911	1423
912	1423
913	1424
914	1425
915	1427
916	1429
917	1430
918	1432
919	1434
920	1436
921	1438
922	1440
923	1442
924	1444
925	1446
926	1448
927	1450
928	1452
929	1453
930	1455
931	1457
932	1459
933	1461
934	1463
935	1465
936	1467
937	1469
938	1471
939	1473
940	1475
941	1477
942	1479
943	1481
944	1482
945	1483
946	1485
947	1487
948	1489
949	1491
950	1493
951	1495
952	1497
953	1499
954	1501
955	1503
956	1505
957	1507
958	1509
959	1511
960	1513
961	1515
962	1516
963	1518
964	1520
965	1522
966	1524
967	1525
968	1527
969	1529
970	1530
971	1532
972	1534
973	1536
974	1538
975	1540
976	1542
977	1544
978	1546
979	1548
980	1550
981	1552
982	1554
983	1555
984	1557
985	1559
986	1561
987	1563
988	1565
989	1567
990	1569
991	1571
992	1573
993	1575
994	1577
995	1579
996	1580
997	1582
998	1584
999	1586
1000	1588
1001	1590
1002	1592
1003	1594
1004	1596
1005	1598
1006	1600
1007	1602
1008	1604
1009	1606
1010	1608
1011	1610
1012	1612
1013	1614
1014	1616
1015	1617
1016	1619
1017	1620
1018	1622
1019	1624
1020	1626
1021	1628
1022	1630
1023	1632
1024	1634
1025	1636
1026	1638
1027	1640
1028	1641
1029	1643
1030	1645
1031	1646
1032	1648
1033	1650
1034	1652
1035	1654
1036	1655
1037	1657
1038	1659
1039	1661
1040	1663
1041	1665
1042	1667
1043	1669
1044	1671
1045	1673
1046	1675
1047	1677
1048	1679
1049	1681
1050	1683
1051	1685
1052	1687
1053	1688
1054	1690
1055	1692
1056	1694
1057	1696
1058	1697
1059	1699
1060	1701
1061	1703
1062	1704
1063	1705
1064	1707
1065	1709
1066	1711
1067	1712
1068	1714
1069	1716
1070	1718
1071	1720
1072	1722
1073	1724
1074	1726
1075	1728
1076	1730
1077	1732
1078	1734
1079	1736
1080	1738
1081	1740
1082	1742
1083	1744
1084	1746
1085	1748
1086	1750
1087	1752
1088	1754
1089	1756
1090	1757
1091	1759
1092	1761
1093	1763
1094	1765
1095	1767
1096	1769
1097	1771
1098	1773
1099	1775
1100	1777
1101	1779
1102	1781
1103	1783
1104	1784
1105	1786
1106	1788
1107	1790
1108	1792
1109	1794
1110	1796
1111	1798
1112	1800
1113	1802
1114	1804
1115	1806
1116	1808
1117	1809
1118	1811
1119	1813
1120	1815
1121	1817
1122	1819
1123	1821
1124	1822
1125	1824
1126	1826
1127	1828
1128	1830
1129	1832
1130	1834
1131	1836
1132	1838
1133	1840
1134	1841
1135	1843
1136	1845
1137	1847
1138	1849
1139	1851
1140	1853
1141	1854
1142	1856
1143	1857
1144	1859
1145	1861
1146	1863
1147	1865
1148	1867
1149	1869
1150	1871
1151	1873
1152	1875
1153	1877
1154	1879
1155	1881
1156	1882
1157	1884
1158	1886
1159	1888
1160	1890
1161	1892
1162	1894
1163	1896
1164	1898
1165	1900
1166	1902
1167	1903
1168	1905
1169	1907
1170	1909
1171	1911
1172	1913
1173	1915
1174	1917
1175	1919
1176	1920
1177	1922
1178	1924
1179	1926
1180	1928
1181	1930
1182	1932
1183	1934
1184	1935
1185	1937
1186	1939
1187	1940
1188	1942
1189	1944
1190	1946
1191	1948
1192	1950
1193	1951
1194	1953
1195	1955
1196	1956
1197	1957
1198	1959
1199	1961
1200	1963
1201	1965
1202	1967
1203	1969
1204	1971
1205	1973
1206	1975
1207	1977
1208	1979
1209	1981
1210	1983
1211	1985
1212	1987
1213	1989
1214	1991
1215	1993
1216	1995
1217	1997
1218	1999
1219	2001
1220	2002
1221	2004
1222	2006
1223	2008
1224	2010
1225	2012
1226	2014
1227	2016
1228	2018
1229	2020
1230	2022
1231	2024
1232	2026
1233	2028
1234	2030
1235	2032
1236	2034
1237	2036
1238	2037
1239	2039
1240	2041
1241	2043
1242	2044
1243	2046
1244	2048
1245	2050
1246	2052
1247	2054
1248	2055
1249	2057
1250	2059
1251	2061
1252	2063
1253	2065
1254	2067
1255	2069
1256	2071
1257	2073
1258	2075
1259	2076
1260	2078
1261	2080
1262	2082
1263	2084
1264	2086
1265	2088
1266	2090
1267	2092
1268	2094
1269	2096
1270	2098
1271	2100
1272	2101
1273	2103
1274	2104
1275	2106
1276	2108
1277	2110
1278	2112
1279	2114
1280	2115
1281	2117
1282	2119
1283	2121
1284	2123
1285	2125
1286	2127
1287	2129
1288	2131
1289	2133
1290	2135
1291	2137
1292	2139
1293	2140
1294	2142
1295	2144
1296	2146
1297	2148
1298	2150
1299	2152
1300	2154
1301	2156
1302	2157
1303	2159
1304	2160
1305	2162
1306	2164
1307	2166
1308	2168
1309	2170
1310	2172
1311	2174
1312	2176
1313	2178
1314	2180
1315	2182
1316	2184
1317	2186
1318	2188
1319	2190
1320	2192
1321	2193
1322	2195
1323	2197
1324	2199
1325	2201
1326	2203
1327	2205
1328	2206
1329	2208
1330	2209
1331	2211
1332	2212
1333	2214
1334	2216
1335	2218
1336	2220
1337	2222
1338	2224
1339	2226
1340	2228
1341	2230
1342	2232
1343	2234
1344	2236
1345	2237
1346	2239
1347	2241
1348	2243
1349	2244
1350	2246
1351	2248
1352	2250
1353	2252
1354	2254
1355	2256
1356	2258
1357	2260
1358	2262
1359	2264
1360	2266
1361	2267
1362	2269
1363	2271
1364	2273
1365	2274
1366	2276
1367	2278
1368	2280
1369	2282
1370	2284
1371	2286
1372	2288
1373	2290
1374	2292
1375	2294
1376	2296
1377	2298
1378	2299
1379	2301
1380	2303
1381	2305
1382	2307
1383	2309
1384	2311
1385	2313
1386	2315
1387	2317
1388	2318
1389	2320
1390	2321
1391	2323
1392	2325
1393	2327
1394	2328
1395	2330
1396	2332
1397	2334
1398	2336
1399	2338
1400	2340
1401	2342
1402	2344
1403	2346
1404	2348
1405	2350
1406	2352
1407	2353
1408	2355
1409	2357
1410	2359
1411	2361
1412	2362
1413	2364
1414	2366
1415	2368
1416	2370
1417	2372
1418	2374
1419	2376
1420	2378
1421	2380
1422	2382
1423	2384
1424	2385
1425	2387
1426	2389
1427	2392
1428	2393
1429	2394
1430	2397
1431	2398
1432	2399
1433	2401
1434	2402
1435	2405
1436	2406
1437	2407
1438	2408
1439	2409
1440	2410
1441	2410
1442	2411
1443	2414
1444	2415
1445	2416
1446	2417
1447	2418
1448	2419
1449	2420
1450	2423
1451	2424
1452	2425
1453	2427
1454	2428
1455	2431
1456	2432
1457	2433
1458	2435
1459	2436
1460	2439
1461	2442
1462	2443
1463	2444
1464	2447
1465	2448
1466	2451
1467	2452
1468	2453
1469	2454
1470	2455
1471	2455
1472	2456
1473	2459
1474	2460
1475	2461
1476	2462
1477	2463
1478	2464
1479	2465
1480	2466
1481	2468
1482	2469
1483	2470
1484	2471
1485	2474
1486	2475
1487	2476
1488	2479
1489	2482
1490	2483
1491	2484
1492	2485
1493	2486
1494	2487
1495	2488
1496	2489
1497	2491
1498	2492
1499	2493
1500	2496
1501	2496
1502	2497
1503	2498
1504	2499
1505	2500
1506	2501
1507	2504
1508	2505
1509	2506
1510	2506
1511	2507
1512	2507
1513	2510
1514	2511
1515	2514
1516	2515
1517	2516
1518	2517
1519	2518
1520	2519
1521	2520
1522	2523
1523	2524
1524	2525
1525	2525
1526	2526
1527	2527
1528	2528
1529	2529
1530	2530
1531	2531
1532	2532
1533	2535
1534	2538
1535	2539
1536	2540
1537	2541
1538	2542
1539	2543
1540	2544
1541	2545
1542	2547
1543	2548
1544	2550
1545	2551
1546	2552
1547	2554
1548	2557
1549	2558
1550	2559
1551	2562
1552	2565
1553	2566
1554	2567
1555	2570
1556	2571
1557	2572
1558	2575
1559	2576
1560	2578
1561	2579
1562	2580
1563	2581
1564	2581
1565	2582
1566	2583
1567	2584
1568	2587
1569	2588
1570	2589
1571	2590
1572	2591
1573	2592
1574	2593
1575	2596
1576	2597
1577	2600
1578	2601
1579	2602
1580	2604
1581	2605
1582	2606
1583	2609
1584	2610
1585	2612
1586	2615
1587	2616
1588	2617
1589	2620
1590	2621
1591	2624
1592	2625
1593	2626
1594	2627
1595	2628
1596	2629
1597	2629
1598	2632
1599	2633
1600	2634
1601	2635
1602	2636
1603	2637
1604	2638
1605	2639
1606	2641
1607	2642
1608	2643
1609	2646
1610	2649
1611	2650
1612	2651
1613	2652
1614	2653
1615	2654
1616	2655
1617	2656
1618	2657
1619	2659
1620	2660
1621	2661
1622	2664
1623	2665
1624	2666
1625	2669
1626	2669
1627	2670
1628	2671
1629	2671
1630	2674
1631	2675
1632	2676
1633	2676
1634	2677
1635	2678
1636	2679
1637	2680
1638	2683
1639	2684
1640	2687
1641	2688
1642	2689
1643	2690
1644	2690
1645	2691
1646	2692
1647	2693
1648	2694
1649	2695
1650	2696
1651	2699
1652	2702
1653	2703
1654	2704
1655	2705
1656	2706
1657	2707
1658	2708
1659	2711
1660	2712
1661	2713
1662	2714
1663	2715
1664	2716
1665	2717
1666	2718
1667	2720
1668	2721
1669	2723
1670	2724
1671	2725
1672	2727
1673	2730
1674	2731
1675	2732
1676	2735
1677	2735
1678	2736
1679	2737
1680	2738
1681	2739
1682	2740
1683	2743
1684	2744
1685	2747
1686	2748
1687	2751
1688	2752
1689	2753
1690	2754
1691	2755
1692	2756
1693	2757
1694	2758
1695	2759
1696	2760
1697	2760
1698	2761
1699	2762
1700	2765
1701	2766
1702	2769
1703	2770
1704	2771
1705	2772
1706	2773
1707	2774
1708	2777
1709	2778
1710	2779
1711	2780
1712	2781
1713	2782
1714	2784
1715	2785
1716	2788
1717	2789
1718	2790
1719	2792
1720	2795
1721	2796
1722	2797
1723	2800
1724	2801
1725	2803
1726	2804
1727	2805
1728	2806
1729	2807
1730	2807
1731	2808
1732	2811
1733	2812
1734	2813
1735	2816
1736	2817
1737	2818
1738	2821
1739	2822
1740	2823
1741	2826
1742	2827
1743	2828
1744	2829
1745	2830
1746	2831
1747	2831
1748	2832
1749	2833
1750	2834
1751	2835
1752	2836
1753	2837
1754	2840
1755	2841
1756	2842
1757	2844
1758	2845
1759	2846
1760	2847
1761	2848
1762	2851
1763	2854
1764	2855
1765	2856
1766	2859
1767	2860
1768	2863
1769	2864
1770	2865
1771	2866
1772	2867
1773	2867
1774	2868
1775	2871
1776	2872
1777	2873
1778	2874
1779	2875
1780	2876
1781	2877
1782	2878
1783	2880
1784	2881
1785	2882
1786	2885
1787	2886
1788	2887
1789	2890
1790	2893
1791	2894
1792	2895
1793	2896
1794	2896
1795	2897
1796	2898
1797	2899
1798	2902
1799	2903
1800	2904
1801	2907
1802	2910
1803	2911
1804	2912
1805	2915
1806	2917
1807	2918
1808	2918
1809	2921
1810	2921
1811	2922
1812	2923
1813	2924
1814	2924
1815	2925
1816	2926
1817	2927
1818	2930
1819	2931
1820	2932
1821	2933
1822	2934
1823	2935
1824	2936
1825	2939
1826	2940
1827	2941
1828	2942
1829	2943
1830	2944
1831	2945
1832	2948
1833	2949
1834	2952
1835	2953
1836	2954
1837	2956
1838	2958
1839	2959
1840	2960
1841	2963
1842	2964
1843	2965
1844	2966
1845	2967
1846	2968
1847	2969
1848	2970
1849	2973
1850	2974
1851	2975
1852	2977
1853	2980
1854	2981
1855	2982
1856	2985
1857	2986
1858	2987
1859	2990
1860	2991
1861	2992
1862	2995
1863	2996
1864	2999
1865	3000
1866	3001
1867	3002
1868	3003
1869	3003
1870	3004
1871	3005
1872	3006
1873	3007
1874	3008
1875	3009
1876	3010
1877	3013
1878	3014
1879	3015
1880	3017
1881	3020
1882	3021
1883	3022
1884	3025
1885	3026
1886	3027
1887	3030
1888	3031
1889	3034
1890	3034
1891	3035
1892	3036
1893	3036
1894	3039
1895	3040
1896	3041
1897	3042
1898	3043
1899	3044
1900	3047
1901	3047
1902	3050
1903	3051
1904	3052
1905	3053
1906	3053
1907	3054
1908	3055
1909	3056
1910	3056
1911	3056
1912	3057
1913	3058
1914	3061
1915	3062
1916	3065
1917	3066
1918	3067
1919	3067
1920	3068
1921	3069
1922	3072
1923	3073
1924	3074
1925	3074
1926	3075
1927	3076
1928	3077
1929	3078
1930	3081
1931	3082
1932	3085
1933	3086
1934	3087
1935	3088
1936	3089
1937	3090
1938	3091
1939	3092
1940	3093
1941	3094
1942	3095
1943	3095
1944	3096
1945	3099
1946	3100
1947	3103
1948	3104
1949	3105
1950	3106
1951	3107
1952	3108
1953	3109
1954	3112
1955	3113
1956	3114
1957	3115
1958	3116
1959	3119
1960	3120
1961	3122
1962	3123
1963	3124
1964	3127
1965	3128
1966	3130
1967	3133
1968	3134
1969	3135
1970	3137
1971	3138
1972	3139
1973	3140
1974	3141
1975	3142
1976	3142
1977	3143
1978	3144
1979	3145
1980	3146
1981	3147
1982	3148
1983	3151
1984	3151
1985	3152
1986	3154
1987	3155
1988	3156
1989	3157
1990	3160
1991	3161
1992	3162
1993	3163
1994	3166
1995	3167
1996	3167
1997	3168
1998	3169
1999	3170
2000	3170
2001	3173
2002	3174
2003	3175
2004	3178
2005	3179
2006	3180
2007	3183
2008	3184
2009	3187
2010	3188
2011	3189
2012	3190
2013	3191
2014	3191
2015	3192
2016	3195
2017	3196
2018	3196
2019	3197
2020	3198
2021	3199
2022	3200
2023	3201
2024	3204
2025	3205
2026	3206
2027	3209
2028	3212
2029	3213
2030	3214
2031	3215
2032	3216
2033	3217
2034	3218
2035	3219
2036	3221
2037	3222
2038	3223
2039	3226
2040	3227
2041	3228
2042	3231
2043	3232
2044	3233
2045	3234
2046	3235
2047	3236
2048	3237
2049	3240
2050	3243
2051	3244
2052	3245
2053	3248
2054	3250
2055	3251
2056	3251
2057	3251
2058	3254
2059	3255
2060	3256
2061	3257
2062	3258
2063	3259
2064	3259
2065	3260
2066	3263
2067	3264
2068	3264
2069	3265
2070	3266
2071	3267
2072	3267
2073	3270
2074	3271
2075	3274
2076	3275
2077	3276
2078	3277
2079	3280
2080	3281
2081	3283
2082	3286
2083	3287
2084	3287
2085	3290
2086	3291
2087	3292
2088	3293
2089	3294
2090	3295
2091	3295
2092	3296
2093	3297
2094	3298
2095	3299
2096	3300
2097	3301
2098	3304
2099	3305
2100	3306
2101	3308
2102	3309
2103	3312
2104	3313
2105	3314
2106	3315
2107	3318
2108	3319
2109	3320
2110	3321
2111	3322
2112	3323
2113	3324
2114	3327
2115	3328
2116	3329
2117	3332
2118	3333
2119	3334
2120	3336
2121	3339
2122	3340
2123	3341
2124	3344
2125	3345
2126	3348
2127	3349
2128	3350
2129	3351
2130	3352
2131	3355
2132	3355
2133	3356
2134	3356
2135	3356
2136	3357
2137	3360
2138	3361
2139	3364
2140	3365
2141	3366
2142	3366
2143	3367
2144	3368
2145	3369
2146	3369
2147	3370
2148	3371
2149	3371
2150	3372
2151	3375
2152	3376
2153	3379
2154	3380
2155	3381
2156	3381
2157	3382
2158	3383
2159	3386
2160	3387
2161	3388
2162	3389
2163	3392
2164	3395
2165	3396
2166	3397
2167	3400
2168	3401
2169	3404
2170	3405
2171	3406
2172	3407
2173	3408
2174	3409
2175	3409
2176	3410
2177	3412
2178	3415
2179	3416
2180	3417
2181	3417
2182	3418
2183	3418
2184	3419
2185	3420
2186	3421
2187	3424
2188	3427
2189	3427
2190	3428
2191	3429
2192	3430
2193	3431
2194	3431
2195	3432
2196	3433
2197	3434
2198	3434
2199	3435
2200	3438
2201	3439
2202	3442
2203	3443
2204	3443
2205	3444
2206	3445
2207	3446
2208	3447
2209	3450
2210	3451
2211	3452
2212	3453
2213	3454
2214	3455
2215	3458
2216	3459
2217	3460
2218	3461
2219	3464
2220	3465
2221	3466
2222	3467
2223	3468
2224	3469
2225	3469
2226	3470
2227	3471
2228	3471
2229	3474
2230	3475
2231	3476
2232	3477
2233	3477
2234	3478
2235	3478
2236	3479
2237	3482
2238	3483
2239	3484
2240	3485
2241	3486
2242	3487
2243	3490
2244	3491
2245	3492
2246	3495
2247	3496
2248	3499
2249	3499
2250	3500
2251	3503
2252	3504
2253	3507
2254	3508
2255	3509
2256	3510
2257	3511
2258	3511
2259	3512
2260	3515
2261	3516
2262	3517
2263	3518
2264	3519
2265	3520
2266	3521
2267	3522
2268	3523
2269	3525
2270	3526
2271	3529
2272	3530
2273	3531
2274	3534
2275	3535
2276	3538
2277	3539
2278	3540
2279	3543
2280	3546
2281	3547
2282	3548
2283	3551
2284	3552
2285	3555
2286	3556
2287	3557
2288	3558
2289	3558
2290	3559
2291	3560
2292	3561
2293	3563
2294	3566
2295	3566
2296	3567
2297	3568
2298	3569
2299	3570
2300	3570
2301	3571
2302	3571
2303	3572
2304	3573
2305	3574
2306	3577
2307	3580
2308	3581
2309	3581
2310	3582
2311	3583
2312	3584
2313	3585
2314	3585
2315	3586
2316	3589
2317	3590
2318	3593
2319	3594
2320	3595
2321	3596
2322	3597
2323	3598
2324	3601
2325	3601
2326	3602
2327	3603
2328	3604
2329	3605
2330	3606
2331	3607
2332	3608
2333	3608
2334	3609
2335	3609
2336	3610
2337	3613
2338	3614
2339	3617
2340	3618
2341	3619
2342	3620
2343	3621
2344	3622
2345	3625
2346	3626
2347	3627
2348	3628
2349	3629
2350	3630
2351	3630
2352	3630
2353	3633
2354	3634
2355	3635
2356	3636
2357	3637
2358	3638
2359	3641
2360	3642
2361	3645
2362	3646
2363	3647
2364	3648
2365	3651
2366	3654
2367	3654
2368	3655
2369	3658
2370	3659
2371	3660
2372	3661
2373	3662
2374	3663
2375	3663
2376	3666
2377	3667
2378	3668
2379	3669
2380	3670
2381	3671
2382	3672
2383	3673
2384	3675
2385	3676
2386	3677
2387	3680
2388	3681
2389	3682
2390	3685
2391	3687
2392	3689
2393	3691
2394	3693
2395	3695
2396	3696
2397	3698
2398	3700
2399	3702
2400	3704
2401	3706
2402	3707
2403	3709
2404	3711
2405	3713
2406	3714
2407	3716
2408	3718
2409	3720
2410	3722
2411	3724
2412	3726
2413	3728
2414	3730
2415	3732
2416	3733
2417	3735
2418	3737
2419	3739
2420	3741
2421	3743
2422	3745
2423	3747
2424	3749
2425	3751
2426	3752
2427	3754
2428	3756
2429	3757
2430	3759
2431	3761
2432	3763
2433	3765
2434	3767
2435	3768
2436	3769
2437	3771
2438	3773
2439	3775
2440	3776
2441	3778
2442	3780
2443	3782
2444	3784
2445	3786
2446	3788
2447	3789
2448	3791
2449	3793
2450	3795
2451	3797
2452	3799
2453	3801
2454	3803
2455	3805
2456	3807
2457	3809
2458	3811
2459	3813
2460	3815
2461	3816
2462	3817
2463	3819
2464	3821
2465	3823
2466	3825
2467	3827
2468	3829
2469	3831
2470	3833
2471	3835
2472	3837
2473	3839
2474	3841
2475	3843
2476	3845
2477	3847
2478	3849
2479	3851
2480	3852
2481	3854
2482	3856
2483	3858
2484	3860
2485	3861
2486	3863
2487	3864
2488	3866
2489	3868
2490	3870
2491	3872
2492	3874
2493	3876
2494	3878
2495	3880
2496	3882
2497	3883
2498	3885
2499	3887
2500	3889
2501	3891
2502	3892
2503	3894
2504	3896
2505	3898
2506	3900
2507	3902
2508	3904
2509	3906
2510	3908
2511	3910
2512	3912
2513	3914
2514	3916
2515	3918
2516	3920
2517	3922
2518	3924
2519	3926
2520	3928
2521	3929
2522	3931
2523	3933
2524	3935
2525	3937
2526	3939
2527	3941
2528	3942
2529	3944
2530	3945
2531	3947
2532	3949
2533	3950
2534	3952
2535	3954
2536	3956
2537	3957
2538	3959
2539	3961
2540	3963
2541	3965
2542	3967
2543	3968
2544	3970
2545	3972
2546	3974
2547	3976
2548	3978
2549	3980
2550	3982
2551	3984
2552	3986
2553	3988
2554	3989
2555	3991
2556	3993
2557	3995
2558	3997
2559	3999
2560	4001
2561	4003
2562	4005
2563	4006
2564	4008
2565	4010
2566	4012
2567	4014
2568	4016
2569	4017
2570	4018
2571	4020
2572	4022
2573	4024
2574	4026
2575	4028
2576	4029
2577	4031
2578	4033
2579	4034
2580	4036
2581	4038
2582	4040
2583	4041
2584	4043
2585	4045
2586	4047
2587	4049
2588	4051
2589	4053
2590	4054
2591	4056
2592	4058
2593	4060
2594	4062
2595	4064
2596	4066
2597	4068
2598	4070
2599	4072
2600	4074
2601	4076
2602	4078
2603	4079
2604	4081
2605	4083
2606	4084
2607	4086
2608	4088
2609	4090
2610	4091
2611	4093
2612	4094
2613	4095
2614	4097
2615	4099
2616	4101
2617	4103
2618	4105
2619	4106
2620	4108
2621	4110
2622	4112
2623	4114
2624	4116
2625	4118
2626	4120
2627	4122
2628	4124
2629	4126
2630	4128
2631	4130
2632	4132
2633	4134
2634	4136
2635	4137
2636	4139
2637	4140
2638	4142
2639	4144
2640	4146
2641	4148
2642	4150
2643	4152
2644	4154
2645	4156
2646	4158
2647	4159
2648	4161
2649	4163
2650	4165
2651	4166
2652	4168
2653	4170
2654	4171
2655	4173
2656	4175
2657	4177
2658	4179
2659	4181
2660	4183
2661	4185
2662	4187
2663	4189
2664	4191
2665	4193
2666	4195
2667	4197
2668	4199
2669	4201
2670	4202
2671	4204
2672	4206
2673	4208
2674	4210
2675	4212
2676	4214
2677	4216
2678	4218
2679	4220
2680	4221
2681	4223
2682	4225
2683	4227
2684	4229
2685	4231
2686	4233
2687	4235
2688	4237
2689	4239
2690	4241
2691	4243
2692	4245
2693	4246
2694	4248
2695	4250
2696	4252
2697	4253
2698	4255
2699	4257
2700	4259
2701	4261
2702	4263
2703	4264
2704	4266
2705	4268
2706	4269
2707	4271
2708	4272
2709	4273
2710	4274
2711	4276
2712	4278
2713	4280
2714	4281
2715	4281
2716	4283
2717	4285
2718	4287
2719	4289
2720	4291
2721	4293
2722	4295
2723	4297
2724	4299
2725	4301
2726	4303
2727	4304
2728	4306
2729	4308
2730	4310
2731	4312
2732	4314
2733	4315
2734	4317
2735	4318
2736	4319
2737	4321
2738	4323
2739	4324
2740	4326
2741	4328
2742	4330
2743	4332
2744	4334
2745	4336
2746	4338
2747	4340
2748	4342
2749	4344
2750	4346
2751	4348
2752	4350
2753	4352
2754	4354
2755	4355
2756	4356
2757	4358
2758	4360
2759	4362
2760	4363
2761	4365
2762	4367
2763	4369
2764	4371
2765	4373
2766	4375
2767	4377
2768	4379
2769	4381
2770	4383
2771	4385
2772	4386
2773	4387
2774	4389
2775	4390
2776	4392
2777	4394
2778	4396
2779	4397
2780	4399
2781	4400
2782	4402
2783	4404
2784	4406
2785	4408
2786	4410
2787	4412
2788	4414
2789	4416
2790	4418
2791	4420
2792	4421
2793	4423
2794	4425
2795	4426
2796	4428
2797	4430
2798	4432
2799	4434
2800	4435
2801	4437
2802	4439
2803	4441
2804	4443
2805	4445
2806	4447
2807	4449
2808	4451
2809	4453
2810	4455
2811	4457
2812	4459
2813	4461
2814	4463
2815	4464
2816	4466
2817	4468
2818	4470
2819	4472
2820	4474
2821	4476
2822	4477
2823	4479
2824	4481
2825	4483
2826	4485
2827	4487
2828	4489
2829	4491
2830	4493
2831	4495
2832	4497
2833	4498
2834	4500
2835	4501
2836	4503
2837	4505
2838	4507
2839	4509
2840	4511
2841	4513
2842	4514
2843	4516
2844	4518
2845	4520
2846	4522
2847	4524
2848	4525
2849	4527
2850	4529
2851	4531
2852	4532
2853	4534
2854	4535
2855	4537
2856	4539
2857	4541
2858	4543
2859	4544
2860	4546
2861	4548
2862	4550
2863	4552
2864	4554
2865	4555
2866	4557
2867	4559
2868	4561
2869	4563
2870	4565
2871	4567
2872	4569
2873	4571
2874	4572
2875	4574
2876	4576
2877	4578
2878	4580
2879	4582
2880	4584
2881	4586
2882	4587
2883	4589
2884	4591
2885	4593
2886	4595
2887	4597
2888	4599
2889	4601
2890	4603
2891	4604
2892	4606
2893	4608
2894	4610
2895	4612
2896	4614
2897	4616
2898	4618
2899	4620
2900	4622
2901	4624
2902	4626
2903	4628
2904	4630
2905	4632
2906	4634
2907	4636
2908	4637
2909	4639
2910	4641
2911	4643
2912	4645
2913	4647
2914	4649
2915	4650
2916	4652
2917	4654
2918	4655
2919	4657
2920	4659
2921	4661
2922	4662
2923	4664
2924	4666
2925	4667
2926	4669
2927	4671
2928	4673
2929	4675
2930	4677
2931	4679
2932	4681
2933	4683
2934	4685
2935	4687
2936	4689
2937	4691
2938	4693
2939	4695
2940	4697
2941	4699
2942	4700
2943	4702
2944	4704
2945	4705
2946	4707
2947	4709
2948	4711
2949	4713
2950	4715
2951	4717
2952	4719
2953	4721
2954	4723
2955	4725
2956	4727
2957	4729
2958	4730
2959	4731
2960	4733
2961	4734
2962	4735
2963	4737
2964	4738
2965	4740
2966	4741
2967	4743
2968	4745
2969	4747
2970	4748
2971	4750
2972	4752
2973	4754
2974	4756
2975	4758
2976	4760
2977	4762
2978	4764
2979	4766
2980	4768
2981	4769
2982	4771
2983	4773
2984	4775
2985	4777
2986	4779
2987	4781
2988	4783
2989	4785
2990	4786
2991	4788
2992	4790
2993	4792
2994	4794
2995	4795
2996	4797
2997	4798
2998	4800
2999	4802
3000	4804
3001	4806
3002	4808
3003	4810
3004	4812
3005	4814
3006	4815
3007	4815
3008	4817
3009	4819
3010	4821
3011	4823
3012	4825
3013	4826
3014	4828
3015	4830
3016	4832
3017	4834
3018	4836
3019	4837
3020	4839
3021	4841
3022	4843
3023	4845
3024	4846
3025	4848
3026	4850
3027	4851
3028	4853
3029	4854
3030	4856
3031	4857
3032	4859
3033	4861
3034	4863
3035	4864
3036	4866
3037	4868
3038	4870
3039	4872
3040	4874
3041	4876
3042	4878
3043	4880
3044	4882
3045	4884
3046	4886
3047	4888
3048	4890
3049	4892
3050	4894
3051	4896
3052	4898
3053	4900
3054	4902
3055	4904
3056	4905
3057	4907
3058	4909
3059	4911
3060	4913
3061	4915
3062	4917
3063	4919
3064	4921
3065	4922
3066	4924
3067	4926
3068	4927
3069	4928
3070	4930
3071	4932
3072	4934
3073	4936
3074	4938
3075	4939
3076	4941
3077	4942
3078	4944
3079	4946
3080	4948
3081	4950
3082	4952
3083	4954
3084	4956
3085	4958
3086	4960
3087	4962
3088	4963
3089	4964
3090	4966
3091	4968
3092	4970
3093	4971
3094	4973
3095	4975
3096	4977
3097	4979
3098	4981
3099	4983
3100	4985
3101	4986
3102	4988
3103	4990
3104	4992
3105	4994
3106	4995
3107	4996
3108	4998
3109	5000
3110	5002
3111	5004
3112	5006
3113	5008
3114	5009
3115	5011
3116	5012
3117	5014
3118	5016
3119	5018
3120	5020
3121	5022
3122	5024
3123	5026
3124	5028
3125	5030
3126	5031
3127	5033
3128	5035
3129	5037
3130	5039
3131	5040
3132	5042
3133	5044
3134	5045
3135	5047
3136	5049
3137	5051
3138	5053
3139	5055
3140	5057
3141	5059
3142	5061
3143	5063
3144	5065
3145	5066
3146	5067
3147	5069
3148	5071
3149	5073
3150	5075
3151	5077
3152	5079
3153	5080
3154	5082
3155	5084
3156	5086
3157	5088
3158	5090
3159	5092
3160	5094
3161	5095
3162	5097
3163	5098
3164	5100
3165	5102
3166	5104
3167	5106
3168	5107
3169	5109
3170	5111
3171	5113
3172	5115
3173	5117
3174	5119
3175	5121
3176	5123
3177	5125
3178	5126
3179	5128
3180	5130
3181	5132
3182	5134
3183	5135
3184	5137
3185	5139
3186	5141
3187	5143
3188	5145
3189	5147
3190	5149
3191	5151
3192	5153
3193	5155
3194	5157
3195	5159
3196	5161
3197	5163
3198	5165
3199	5167
3200	5169
3201	5171
3202	5173
3203	5175
3204	5177
3205	5179
3206	5181
3207	5183
3208	5185
3209	5187
3210	5188
3211	5190
3212	5192
3213	5194
3214	5196
3215	5198
3216	5200
3217	5201
3218	5203
3219	5205
3220	5207
3221	5209
3222	5211
3223	5212
3224	5214
3225	5216
3226	5218
3227	5220
3228	5222
3229	5224
3230	5226
3231	5228
3232	5229
3233	5231
3234	5233
3235	5235
3236	5237
3237	5239
3238	5241
3239	5243
3240	5245
3241	5247
3242	5249
3243	5251
3244	5253
3245	5255
3246	5257
3247	5258
3248	5260
3249	5262
3250	5264
3251	5265
3252	5267
3253	5269
3254	5271
3255	5272
3256	5274
3257	5276
3258	5278
3259	5280
3260	5281
3261	5283
3262	5285
3263	5287
3264	5289
3265	5291
3266	5293
3267	5295
3268	5296
3269	5298
3270	5300
3271	5302
3272	5304
3273	5306
3274	5308
3275	5310
3276	5312
3277	5314
3278	5316
3279	5317
3280	5319
3281	5321
3282	5323
3283	5324
3284	5325
3285	5327
3286	5329
3287	5330
3288	5331
3289	5333
3290	5335
3291	5337
3292	5339
3293	5341
3294	5343
3295	5345
3296	5347
3297	5348
3298	5350
3299	5352
3300	5354
3301	5356
3302	5357
3303	5359
3304	5361
3305	5363
3306	5365
3307	5367
3308	5369
3309	5371
3310	5373
3311	5375
3312	5377
3313	5379
3314	5381
3315	5383
3316	5384
3317	5385
3318	5387
3319	5388
3320	5388
3321	5389
3322	5391
3323	5393
3324	5395
3325	5397
3326	5399
3327	5401
3328	5402
3329	5404
3330	5406
3331	5407
3332	5409
3333	5411
3334	5412
3335	5414
3336	5416
3337	5418
3338	5419
3339	5421
3340	5423
3341	5425
3342	5427
3343	5429
3344	5431
3345	5432
3346	5434
3347	5435
3348	5437
3349	5438
3350	5440
3351	5442
3352	5444
3353	5446
3354	5448
3355	5450
3356	5452
3357	5454
3358	5456
3359	5458
3360	5460
3361	5462
3362	5464
3363	5466
3364	5468
3365	5470
3366	5472
3367	5474
3368	5476
3369	5477
3370	5479
3371	5481
3372	5483
3373	5485
3374	5487
3375	5489
3376	5491
3377	5493
3378	5494
3379	5496
3380	5498
3381	5499
3382	5501
3383	5502
3384	5503
3385	5505
3386	5507
3387	5509
3388	5511
3389	5513
3390	5515
3391	5516
3392	5518
3393	5520
3394	5522
3395	5524
3396	5525
3397	5527
3398	5529
3399	5531
3400	5532
3401	5533
3402	5535
3403	5537
3404	5539
3405	5540
3406	5542
3407	5544
3408	5546
3409	5548
3410	5550
3411	5552
3412	5554
3413	5556
3414	5558
3415	5560
3416	5562
3417	5564
3418	5566
3419	5567
3420	5569
3421	5571
3422	5573
3423	5575
3424	5577
3425	5579
3426	5581
3427	5583
3428	5585
3429	5587
3430	5588
3431	5590
3432	5592
3433	5593
3434	5595
3435	5597
3436	5599
3437	5601
3438	5603
3439	5605
3440	5607
3441	5609
3442	5611
3443	5613
3444	5614
3445	5615
3446	5617
3447	5619
3448	5621
3449	5623
3450	5625
3451	5627
3452	5629
3453	5630
3454	5632
3455	5634
3456	5636
3457	5638
3458	5639
3459	5641
3460	5643
3461	5645
3462	5646
3463	5648
3464	5650
3465	5651
3466	5653
3467	5654
3468	5655
3469	5657
3470	5659
3471	5661
3472	5663
3473	5665
3474	5667
3475	5669
3476	5671
3477	5673
3478	5674
3479	5676
3480	5678
3481	5680
3482	5682
3483	5684
3484	5686
3485	5688
3486	5690
3487	5692
3488	5694
3489	5696
3490	5698
3491	5700
3492	5702
3493	5704
3494	5706
3495	5708
3496	5710
3497	5712
3498	5714
3499	5715
3500	5717
3501	5719
3502	5721
3503	5722
3504	5724
3505	5726
3506	5728
3507	5730
3508	5732
3509	5734
3510	5736
3511	5738
3512	5740
3513	5741
3514	5743
3515	5745
3516	5747
3517	5749
3518	5751
3519	5753
3520	5754
3521	5756
3522	5758
3523	5760
3524	5762
3525	5764
3526	5766
3527	5768
3528	5770
3529	5772
3530	5774
3531	5775
3532	5777
3533	5779
3534	5781
3535	5782
3536	5784
3537	5786
3538	5787
3539	5789
3540	5790
3541	5792
3542	5794
3543	5795
3544	5797
3545	5799
3546	5800
3547	5802
3548	5804
3549	5806
3550	5808
3551	5810
3552	5811
3553	5813
3554	5815
3555	5816
3556	5817
3557	5819
3558	5821
3559	5821
3560	5823
3561	5825
3562	5827
3563	5829
3564	5831
3565	5833
3566	5835
3567	5837
3568	5839
3569	5841
3570	5843
3571	5845
3572	5847
3573	5848
3574	5850
3575	5852
3576	5854
3577	5856
3578	5858
3579	5860
3580	5862
3581	5864
3582	5866
3583	5867
3584	5868
3585	5870
3586	5871
3587	5873
3588	5874
3589	5876
3590	5878
3591	5880
3592	5882
3593	5884
3594	5886
3595	5888
3596	5889
3597	5891
3598	5893
3599	5895
3600	5897
3601	5899
3602	5901
3603	5902
3604	5903
3605	5905
3606	5907
3607	5909
3608	5911
3609	5913
3610	5914
3611	5916
3612	5918
3613	5920
3614	5922
3615	5924
3616	5925
3617	5927
3618	5929
3619	5931
3620	5933
3621	5935
3622	5936
3623	5937
3624	5939
3625	5941
3626	5942
3627	5944
3628	5945
3629	5947
3630	5949
3631	5951
3632	5953
3633	5955
3634	5957
3635	5959
3636	5961
3637	5963
3638	5965
3639	5967
3640	5969
3641	5971
3642	5973
3643	5975
3644	5977
3645	5979
3646	5981
3647	5983
3648	5985
3649	5987
3650	5988
3651	5990
3652	5992
3653	5994
3654	5996
3655	5997
3656	5999
3657	6001
3658	6003
3659	6005
3660	6007
3661	6009
3662	6011
3663	6013
3664	6014
3665	6016
3666	6018
3667	6020
3668	6022
3669	6023
3670	6025
3671	6027
3672	6028
3673	6030
3674	6032
3675	6034
3676	6036
3677	6038
3678	6040
3679	6042
3680	6043
3681	6045
3682	6046
3683	6048
3684	6050
3685	6052
3686	6053
3687	6053
3688	6054
3689	6055
3690	6056
3691	6057
3692	6058
3693	6061
3694	6062
3695	6064
3696	6065
3697	6066
3698	6067
3699	6067
3700	6068
3701	6069
3702	6070
3703	6073
3704	6074
3705	6077
3706	6078
3707	6078
3708	6079
3709	6080
3710	6083
3711	6084
3712	6085
3713	6086
3714	6087
3715	6088
3716	6090
3717	6091
3718	6094
3719	6095
3720	6096
3721	6098
3722	6101
3723	6102
3724	6103
3725	6106
3726	6107
3727	6110
3728	6111
3729	6112
3730	6113
3731	6114
3732	6114
3733	6115
3734	6116
3735	6118
3736	6119
3737	6120
3738	6123
3739	6126
3740	6127
3741	6128
3742	6131
3743	6132
3744	6135
3745	6136
3746	6137
3747	6138
3748	6138
3749	6139
3750	6140
3751	6141
3752	6144
3753	6147
3754	6148
3755	6149
3756	6150
3757	6151
3758	6152
3759	6152
3760	6153
3761	6154
3762	6155
3763	6156
3764	6156
3765	6157
3766	6160
3767	6161
3768	6164
3769	6165
3770	6166
3771	6167
3772	6170
3773	6170
3774	6171
3775	6172
3776	6173
3777	6174
3778	6175
3779	6175
3780	6176
3781	6177
3782	6178
3783	6179
3784	6182
3785	6183
3786	6186
3787	6187
3788	6188
3789	6189
3790	6190
3791	6191
3792	6192
3793	6195
3794	6196
3795	6197
3796	6198
3797	6199
3798	6200
3799	6201
3800	6202
3801	6204
3802	6205
3803	6207
3804	6208
3805	6209
3806	6211
3807	6214
3808	6215
3809	6216
3810	6219
3811	6220
3812	6221
3813	6222
3814	6223
3815	6224
3816	6225
3817	6228
3818	6229
3819	6232
3820	6233
3821	6234
3822	6236
3823	6239
3824	6240
3825	6241
3826	6243
3827	6244
3828	6247
3829	6248
3830	6249
3831	6250
3832	6251
3833	6253
3834	6254
3835	6257
3836	6258
3837	6261
3838	6262
3839	6263
3840	6264
3841	6264
3842	6265
3843	6266
3844	6266
3845	6267
3846	6270
3847	6271
3848	6274
3849	6275
3850	6276
3851	6276
3852	6277
3853	6278
3854	6279
3855	6280
3856	6281
3857	6282
3858	6283
3859	6284
3860	6287
3861	6288
3862	6290
3863	6292
3864	6293
3865	6294
3866	6297
3867	6298
3868	6299
3869	6302
3870	6303
3871	6306
3872	6307
3873	6308
3874	6309
3875	6310
3876	6313
3877	6314
3878	6315
3879	6318
3880	6319
3881	6320
3882	6320
3883	6321
3884	6322
3885	6325
3886	6326
3887	6327
3888	6330
3889	6332
3890	6333
3891	6334
3892	6336
3893	6337
3894	6338
3895	6339
3896	6340
3897	6340
3898	6341
3899	6342
3900	6343
3901	6346
3902	6349
3903	6350
3904	6351
3905	6354
3906	6355
3907	6356
3908	6357
3909	6358
3910	6359
3911	6359
3912	6360
3913	6363
3914	6364
3915	6365
3916	6366
3917	6367
3918	6367
3919	6368
3920	6371
3921	6372
3922	6374
3923	6375
3924	6376
3925	6378
3926	6380
3927	6381
3928	6382
3929	6384
3930	6385
3931	6386
3932	6387
3933	6388
3934	6389
3935	6390
3936	6391
3937	6394
3938	6395
3939	6396
3940	6398
3941	6401
3942	6402
3943	6403
3944	6406
3945	6407
3946	6408
3947	6411
3948	6412
3949	6413
3950	6416
3951	6419
3952	6420
3953	6421
3954	6422
3955	6423
3956	6423
3957	6424
3958	6425
3959	6426
3960	6427
3961	6428
3962	6429
3963	6432
3964	6433
3965	6434
3966	6436
3967	6439
3968	6440
3969	6441
3970	6443
3971	6443
3972	6444
3973	6447
3974	6448
3975	6451
3976	6451
3977	6452
3978	6453
3979	6453
3980	6456
3981	6457
3982	6458
3983	6459
3984	6460
3985	6461
3986	6464
3987	6465
3988	6468
3989	6469
3990	6470
3991	6471
3992	6471
3993	6472
3994	6473
3995	6474
3996	6474
3997	6474
3998	6475
3999	6476
4000	6479
4001	6480
4002	6482
4003	6483
4004	6484
4005	6484
4006	6484
4007	6485
4008	6486
4009	6486
4010	6486
4011	6487
4012	6488
4013	6489
4014	6492
4015	6493
4016	6495
4017	6496
4018	6497
4019	6498
4020	6499
4021	6500
4022	6501
4023	6504
4024	6505
4025	6508
4026	6509
4027	6510
4028	6511
4029	6512
4030	6513
4031	6514
4032	6517
4033	6517
4034	6518
4035	6519
4036	6522
4037	6523
4038	6525
4039	6526
4040	6527
4041	6530
4042	6531
4043	6534
4044	6535
4045	6536
4046	6539
4047	6540
4048	6541
4049	6542
4050	6543
4051	6544
4052	6544
4053	6546
4054	6547
4055	6548
4056	6549
4057	6552
4058	6555
4059	6556
4060	6557
4061	6560
4062	6561
4063	6564
4064	6565
4065	6566
4066	6567
4067	6568
4068	6569
4069	6569
4070	6570
4071	6573
4072	6574
4073	6574
4074	6575
4075	6575
4076	6576
4077	6577
4078	6578
4079	6581
4080	6584
4081	6584
4082	6585
4083	6586
4084	6587
4085	6588
4086	6589
4087	6592
4088	6593
4089	6593
4090	6594
4091	6595
4092	6596
4093	6597
4094	6600
4095	6601
4096	6602
4097	6602
4098	6603
4099	6604
4100	6605
4101	6606
4102	6607
4103	6610
4104	6611
4105	6614
4106	6615
4107	6616
4108	6617
4109	6618
4110	6619
4111	6620
4112	6623
4113	6624
4114	6625
4115	6626
4116	6627
4117	6628
4118	6629
4119	6630
4120	6632
4121	6633
4122	6635
4123	6636
4124	6637
4125	6639
4126	6642
4127	6643
4128	6644
4129	6647
4130	6648
4131	6649
4132	6650
4133	6651
4134	6652
4135	6653
4136	6656
4137	6657
4138	6658
4139	6661
4140	6662
4141	6664
4142	6666
4143	6667
4144	6668
4145	6671
4146	6672
4147	6675
4148	6676
4149	6677
4150	6678
4151	6679
4152	6682
4153	6683
4154	6684
4155	6687
4156	6688
4157	6689
4158	6689
4159	6690
4160	6691
4161	6692
4162	6693
4163	6694
4164	6695
4165	6696
4166	6697
4167	6700
4168	6701
4169	6703
4170	6706
4171	6707
4172	6708
4173	6711
4174	6712
4175	6713
4176	6716
4177	6717
4178	6719
4179	6722
4180	6723
4181	6724
4182	6725
4183	6726
4184	6727
4185	6729
4186	6730
4187	6733
4188	6734
4189	6735
4190	6736
4191	6737
4192	6737
4193	6737
4194	6738
4195	6739
4196	6742
4197	6743
4198	6746
4199	6747
4200	6748
4201	6748
4202	6749
4203	6750
4204	6753
4205	6754
4206	6755
4207	6758
4208	6759
4209	6760
4210	6761
4211	6761
4212	6762
4213	6763
4214	6764
4215	6767
4216	6770
4217	6771
4218	6772
4219	6775
4220	6777
4221	6778
4222	6779
4223	6780
4224	6782
4225	6783
4226	6784
4227	6785
4228	6786
4229	6787
4230	6787
4231	6788
4232	6791
4233	6792
4234	6793
4235	6794
4236	6795
4237	6796
4238	6797
4239	6800
4240	6801
4241	6804
4242	6805
4243	6806
4244	6808
4245	6811
4246	6812
4247	6813
4248	6814
4249	6817
4250	6818
4251	6820
4252	6823
4253	6824
4254	6827
4255	6828
4256	6829
4257	6830
4258	6831
4259	6832
4260	6832
4261	6833
4262	6834
4263	6835
4264	6836
4265	6837
4266	6840
4267	6841
4268	6842
4269	6844
4270	6845
4271	6847
4272	6848
4273	6849
4274	6850
4275	6851
4276	6852
4277	6853
4278	6854
4279	6855
4280	6858
4281	6859
4282	6860
4283	6861
4284	6863
4285	6866
4286	6867
4287	6868
4288	6871
4289	6872
4290	6875
4291	6876
4292	6877
4293	6878
4294	6879
4295	6882
4296	6883
4297	6884
4298	6884
4299	6884
4300	6885
4301	6888
4302	6889
4303	6892
4304	6893
4305	6894
4306	6894
4307	6895
4308	6896
4309	6897
4310	6897
4311	6898
4312	6899
4313	6899
4314	6900
4315	6903
4316	6904
4317	6905
4318	6906
4319	6906
4320	6907
4321	6909
4322	6910
4323	6911
4324	6913
4325	6914
4326	6915
4327	6918
4328	6919
4329	6921
4330	6922
4331	6923
4332	6924
4333	6924
4334	6924
4335	6925
4336	6926
4337	6929
4338	6930
4339	6931
4340	6932
4341	6933
4342	6934
4343	6934
4344	6935
4345	6938
4346	6938
4347	6938
4348	6939
4349	6940
4350	6941
4351	6942
4352	6945
4353	6946
4354	6949
4355	6950
4356	6951
4357	6951
4358	6952
4359	6955
4360	6956
4361	6958
4362	6961
4363	6962
4364	6963
4365	6964
4366	6967
4367	6970
4368	6971
4369	6972
4370	6975
4371	6976
4372	6977
4373	6978
4374	6979
4375	6980
4376	6980
4377	6983
4378	6984
4379	6985
4380	6986
4381	6987
4382	6988
4383	6989
4384	6990
4385	6992
4386	6993
4387	6994
4388	6995
4389	6996
4390	6999
4391	7002
4392	7003
4393	7004
4394	7005
4395	7006
4396	7007
4397	7008
4398	7009
4399	7011
4400	7012
4401	7013
4402	7016
4403	7017
4404	7018
4405	7021
4406	7021
4407	7022
4408	7023
4409	7023
4410	7026
4411	7027
4412	7028
4413	7028
4414	7029
4415	7030
4416	7031
4417	7032
4418	7035
4419	7036
4420	7039
4421	7040
4422	7041
4423	7042
4424	7042
4425	7043
4426	7044
4427	7045
4428	7046
4429	7047
4430	7048
4431	7051
4432	7053
4433	7054
4434	7055
4435	7056
4436	7057
4437	7058
4438	7058
4439	7060
4440	7061
4441	7062
4442	7063
4443	7063
4444	7064
4445	7066
4446	7067
4447	7069
4448	7070
4449	7071
4450	7073
4451	7076
4452	7077
4453	7077
4454	7079
4455	7079
4456	7080
4457	7081
4458	7082
4459	7083
4460	7083
4461	7085
4462	7086
4463	7089
4464	7090
4465	7091
4466	7092
4467	7093
4468	7094
4469	7095
4470	7098
4471	7099
4472	7100
4473	7100
4474	7101
4475	7102
4476	7103
4477	7104
4478	7105
4479	7106
4480	7109
4481	7111
4482	7112
4483	7113
4484	7114
4485	7115
4486	7116
4487	7117
4488	7118
4489	7120
4490	7121
4491	7123
4492	7124
4493	7125
4494	7127
4495	7130
4496	7131
4497	7132
4498	7135
4499	7136
4500	7139
4501	7140
4502	7140
4503	7142
4504	7143
4505	7144
4506	7147
4507	7148
4508	7151
4509	7152
4510	7153
4511	7154
4512	7154
4513	7155
4514	7156
4515	7159
4516	7161
4517	7161
4518	7162
4519	7163
4520	7164
4521	7165
4522	7166
4523	7168
4524	7169
4525	7172
4526	7173
4527	7174
4528	7177
4529	7177
4530	7178
4531	7179
4532	7180
4533	7181
4534	7182
4535	7183
4536	7184
4537	7185
4538	7186
4539	7187
4540	7190
4541	7193
4542	7194
4543	7195
4544	7196
4545	7197
4546	7198
4547	7199
4548	7202
4549	7203
4550	7204
4551	7205
4552	7206
4553	7207
4554	7208
4555	7209
4556	7211
4557	7213
4558	7214
4559	7215
4560	7217
4561	7220
4562	7221
4563	7222
4564	7225
4565	7226
4566	7227
4567	7228
4568	7229
4569	7230
4570	7231
4571	7234
4572	7234
4573	7235
4574	7237
4575	7238
4576	7239
4577	7241
4578	7244
4579	7245
4580	7246
4581	7248
4582	7249
4583	7252
4584	7253
4585	7254
4586	7255
4587	7256
4588	7259
4589	7262
4590	7263
4591	7264
4592	7265
4593	7265
4594	7266
4595	7267
4596	7267
4597	7268
4598	7271
4599	7272
4600	7275
4601	7276
4602	7277
4603	7277
4604	7278
4605	7279
4606	7280
4607	7281
4608	7282
4609	7283
4610	7284
4611	7285
4612	7288
4613	7289
4614	7289
4615	7291
4616	7294
4617	7295
4618	7298
4619	7299
4620	7300
4621	7303
4622	7304
4623	7307
4624	7308
4625	7309
4626	7310
4627	7310
4628	7310
4629	7311
4630	7312
4631	7315
4632	7316
4633	7319
4634	7320
4635	7321
4636	7321
4637	7322
4638	7323
4639	7324
4640	7324
4641	7325
4642	7326
4643	7327
4644	7328
4645	7331
4646	7332
4647	7335
4648	7336
4649	7337
4650	7338
4651	7339
4652	7340
4653	7341
4654	7341
4655	7342
4656	7343
4657	7344
4658	7347
4659	7347
4660	7348
4661	7349
4662	7350
4663	7351
4664	7353
4665	7354
4666	7356
4667	7357
4668	7358
4669	7359
4670	7361
4671	7364
4672	7365
4673	7366
4674	7369
4675	7370
4676	7371
4677	7372
4678	7373
4679	7374
4680	7374
4681	7376
4682	7377
4683	7380
4684	7381
4685	7382
4686	7384
4687	7387
4688	7388
4689	7389
4690	7392
4691	7392
4692	7395
4693	7396
4694	7397
4695	7398
4696	7399
4697	7399
4698	7400
4699	7403
4700	7404
4701	7405
4702	7406
4703	7409
4704	7412
4705	7413
4706	7414
4707	7415
4708	7418
4709	7419
4710	7420
4711	7421
4712	7422
4713	7423
4714	7423
4715	7424
4716	7427
4717	7427
4718	7427
4719	7428
4720	7428
4721	7429
4722	7430
4723	7431
4724	7434
4725	7437
4726	7438
4727	7439
4728	7440
4729	7441
4730	7442
4731	7443
4732	7444
4733	7445
4734	7448
4735	7449
4736	7450
4737	7451
4738	7452
4739	7453
4740	7454
4741	7457
4742	7458
4743	7461
4744	7462
4745	7463
4746	7466
4747	7469
4748	7470
4749	7473
4750	7474
4751	7476
4752	7477
4753	7478
4754	7479
4755	7479
4756	7480
4757	7481
4758	7482
4759	7485
4760	7488
4761	7489
4762	7490
4763	7491
4764	7492
4765	7493
4766	7493
4767	7494
4768	7495
4769	7496
4770	7497
4771	7498
4772	7501
4773	7504
4774	7505
4775	7506
4776	7506
4777	7507
4778	7508
4779	7509
4780	7510
4781	7513
4782	7514
4783	7517
4784	7518
4785	7519
4786	7520
4787	7521
4788	7522
4789	7523
4790	7524
4791	7526
4792	7529
4793	7530
4794	7531
4795	7532
4796	7533
4797	7534
4798	7535
4799	7538
4800	7539
4801	7540
4802	7541
4803	7542
4804	7543
4805	7544
4806	7546
4807	7547
4808	7549
4809	7550
4810	7551
4811	7553
4812	7555
4813	7556
4814	7557
4815	7560
4816	7561
4817	7562
4818	7565
4819	7568
4820	7569
4821	7570
4822	7573
4823	7574
4824	7577
4825	7578
4826	7579
4827	7579
4828	7580
4829	7581
4830	7582
4831	7585
4832	7588
4833	7589
4834	7590
4835	7591
4836	7592
4837	7593
4838	7594
4839	7595
4840	7595
4841	7596
4842	7597
4843	7598
4844	7601
4845	7604
4846	7605
4847	7605
4848	7606
4849	7607
4850	7608
4851	7608
4852	7609
4853	7610
4854	7613
4855	7614
4856	7615
4857	7616
4858	7617
4859	7618
4860	7621
4861	7621
4862	7622
4863	7623
4864	7624
4865	7625
4866	7627
4867	7628
4868	7629
4869	7632
4870	7633
4871	7634
4872	7635
4873	7635
4874	7635
4875	7635
4876	7636
4877	7639
4878	7640
4879	7643
4880	7644
4881	7645
4882	7646
4883	7647
4884	7648
4885	7651
4886	7652
4887	7653
4888	7654
4889	7655
4890	7656
4891	7656
4892	7657
4893	7657
4894	7658
4895	7659
4896	7660
4897	7661
4898	7664
4899	7665
4900	7668
4901	7669
4902	7670
4903	7673
4904	7676
4905	7677
4906	7678
4907	7679
4908	7682
4909	7684
4910	7685
4911	7686
4912	7689
4913	7690
4914	7691
4915	7692
4916	7693
4917	7694
4918	7694
4919	7697
4920	7698
4921	7699
4922	7700
4923	7701
4924	7702
4925	7703
4926	7705
4927	7706
4928	7707
4929	7708
4930	7709
4931	7711
4932	7712
4933	7713
4934	7714
4935	7714
4936	7715
4937	7716
4938	7717
4939	7720
4940	7721
4941	7722
4942	7724
4943	7725
4944	7726
4945	7728
4946	7729
4947	7732
4948	7733
4949	7734
4950	7734
4951	7735
4952	7736
4953	7736
4954	7737
4955	7740
4956	7740
4957	7740
4958	7740
4959	7741
4960	7742
4961	7743
4962	7746
4963	7747
4964	7748
4965	7748
4966	7751
4967	7752
4968	7753
4969	7755
4970	7756
4971	7759
4972	7760
4973	7763
4974	7764
4975	7767
4976	7768
4977	7769
4978	7772
4979	7773
4980	7776
4981	7777
4982	7778
4983	7779
4984	7780
4985	7780
4986	7781
4987	7784
4988	7785
4989	7786
4990	7787
4991	7788
4992	7789
4993	7790
4994	7792
4995	7793
4996	7794
4997	7795
4998	7798
4999	7799
5000	7800
5001	7803
5002	7806
5003	7807
5004	7808
5005	7809
5006	7810
5007	7811
5008	7812
5009	7813
5010	7814
5011	7816
5012	7817
5013	7818
5014	7819
5015	7822
5016	7822
5017	7823
5018	7824
5019	7825
5020	7826
5021	7827
5022	7830
5023	7831
5024	7832
5025	7832
5026	7833
5027	7833
5028	7836
5029	7837
5030	7839
5031	7840
5032	7841
5033	7842
5034	7843
5035	7843
5036	7844
5037	7847
5038	7848
5039	7849
5040	7849
5041	7850
5042	7851
5043	7852
5044	7853
5045	7854
5046	7855
5047	7856
5048	7859
5049	7860
5050	7861
5051	7862
5052	7863
5053	7864
5054	7864
5055	7866
5056	7867
5057	7869
5058	7870
5059	7871
5060	7873
5061	7876
5062	7877
5063	7877
5064	7879
5065	7882
5066	7883
5067	7884
5068	7884
5069	7886
5070	7887
5071	7888
5072	7891
5073	7892
5074	7895
5075	7896
5076	7897
5077	7898
5078	7899
5079	7900
5080	7900
5081	7900
5082	7901
5083	7902
5084	7903
5085	7904
5086	7905
5087	7905
5088	7906
5089	7908
5090	7909
5091	7912
5092	7913
5093	7913
5094	7914
5095	7915
5096	7916
5097	7917
5098	7920
5099	7921
5100	7924
5101	7925
5102	7926
5103	7927
5104	7927
5105	7928
5106	7929
5107	7930
5108	7930
5109	7931
5110	7933
5111	7936
5112	7937
5113	7938
5114	7941
5115	7942
5116	7942
5117	7943
5118	7944
5119	7944
5120	7945
5121	7947
5122	7948
5123	7951
5124	7952
5125	7953
5126	7954
5127	7955
5128	7956
5129	7957
5130	7958
5131	7961
5132	7964
5133	7965
5134	7966
5135	7967
5136	7968
5137	7969
5138	7970
5139	7972
5140	7973
5141	7974
5142	7975
5143	7976
5144	7977
5145	7978
5146	7979
5147	7981
5148	7982
5149	7984
5150	7985
5151	7986
5152	7988
5153	7991
5154	7992
5155	7993
5156	7996
5157	7997
5158	7998
5159	7999
5160	8000
5161	8001
5162	8002
5163	8005
5164	8006
5165	8009
5166	8010
5167	8010
5168	8012
5169	8015
5170	8016
5171	8017
5172	8020
5173	8021
5174	8024
5175	8025
5176	8026
5177	8026
5178	8027
5179	8028
5180	8028
5181	8029
5182	8032
5183	8033
5184	8036
5185	8037
5186	8038
5187	8038
5188	8039
5189	8040
5190	8041
5191	8042
5192	8043
5193	8044
5194	8045
5195	8046
5196	8049
5197	8049
5198	8050
5199	8052
5200	8055
5201	8056
5202	8057
5203	8059
5204	8060
5205	8061
5206	8064
5207	8065
5208	8067
5209	8068
5210	8069
5211	8070
5212	8071
5213	8074
5214	8077
5215	8078
5216	8079
5217	8080
5218	8081
5219	8081
5220	8081
5221	8082
5222	8083
5223	8086
5224	8087
5225	8090
5226	8091
5227	8092
5228	8092
5229	8093
5230	8094
5231	8097
5232	8098
5233	8100
5234	8101
5235	8102
5236	8105
5237	8106
5238	8108
5239	8111
5240	8112
5241	8112
5242	8115
5243	8116
5244	8117
5245	8118
5246	8119
5247	8120
5248	8120
5249	8120
5250	8121
5251	8122
5252	8123
5253	8124
5254	8125
5255	8128
5256	8129
5257	8132
5258	8133
5259	8134
5260	8135
5261	8136
5262	8137
5263	8138
5264	8139
5265	8139
5266	8140
5267	8141
5268	8144
5269	8145
5270	8145
5271	8146
5272	8147
5273	8148
5274	8150
5275	8151
5276	8153
5277	8154
5278	8155
5279	8157
5280	8160
5281	8161
5282	8162
5283	8163
5284	8166
5285	8167
5286	8168
5287	8169
5288	8170
5289	8170
5290	8171
5291	8174
5292	8175
5293	8176
5294	8179
5295	8181
5296	8182
5297	8182
5298	8183
5299	8184
5300	8185
5301	8186
5302	8187
5303	8187
5304	8188
5305	8191
5306	8191
5307	8192
5308	8193
5309	8194
5310	8195
5311	8196
5312	8199
5313	8200
5314	8203
5315	8204
5316	8207
5317	8208
5318	8209
5319	8210
5320	8211
5321	8212
5322	8213
5323	8216
5324	8217
5325	8218
5326	8219
5327	8220
5328	8221
5329	8222
5330	8223
5331	8224
5332	8225
5333	8226
5334	8227
5335	8228
5336	8229
5337	8230
5338	8231
5339	8233
5340	8234
5341	8236
5342	8237
5343	8238
5344	8240
5345	8242
5346	8243
5347	8244
5348	8247
5349	8248
5350	8251
5351	8252
5352	8253
5353	8256
5354	8259
5355	8260
5356	8261
5357	8264
5358	8265
5359	8266
5360	8267
5361	8268
5362	8268
5363	8269
5364	8270
5365	8271
5366	8274
5367	8277
5368	8278
5369	8279
5370	8280
5371	8281
5372	8282
5373	8283
5374	8286
5375	8286
5376	8286
5377	8287
5378	8288
5379	8289
5380	8289
5381	8290
5382	8293
5383	8294
5384	8297
5385	8298
5386	8299
5387	8300
5388	8301
5389	8302
5390	8303
5391	8304
5392	8307
5393	8310
5394	8311
5395	8312
5396	8315
5397	8316
5398	8319
5399	8320
5400	8321
5401	8322
5402	8323
5403	8323
5404	8324
5405	8326
5406	8329
5407	8330
5408	8330
5409	8331
5410	8331
5411	8332
5412	8333
5413	8334
5414	8337
5415	8338
5416	8339
5417	8340
5418	8341
5419	8342
5420	8343
5421	8344
5422	8345
5423	8346
5424	8346
5425	8347
5426	8350
5427	8351
5428	8354
5429	8355
5430	8355
5431	8356
5432	8357
5433	8358
5434	8359
5435	8362
5436	8363
5437	8364
5438	8365
5439	8366
5440	8367
5441	8370
5442	8371
5443	8372
5444	8373
5445	8376
5446	8377
5447	8378
5448	8379
5449	8380
5450	8381
5451	8381
5452	8382
5453	8383
5454	8385
5455	8386
5456	8387
5457	8390
5458	8391
5459	8392
5460	8392
5461	8392
5462	8393
5463	8393
5464	8394
5465	8397
5466	8397
5467	8398
5468	8399
5469	8400
5470	8401
5471	8402
5472	8405
5473	8406
5474	8409
5475	8410
5476	8411
5477	8414
5478	8415
5479	8418
5480	8419
5481	8421
5482	8422
5483	8423
5484	8426
5485	8427
5486	8430
5487	8431
5488	8432
5489	8433
5490	8433
5491	8433
5492	8434
5493	8437
5494	8438
5495	8439
5496	8440
5497	8441
5498	8442
5499	8443
5500	8444
5501	8446
5502	8447
5503	8448
5504	8449
5505	8449
5506	8450
5507	8450
5508	8451
5509	8452
5510	8453
5511	8455
5512	8456
5513	8459
5514	8460
5515	8463
5516	8464
5517	8465
5518	8466
5519	8467
5520	8468
5521	8469
5522	8470
5523	8471
5524	8472
5525	8472
5526	8473
5527	8474
5528	8477
5529	8478
5530	8481
5531	8482
5532	8483
5533	8483
5534	8484
5535	8485
5536	8488
5537	8489
5538	8490
5539	8491
5540	8492
5541	8493
5542	8495
5543	8496
5544	8499
5545	8500
5546	8501
5547	8503
5548	8505
5549	8506
5550	8506
5551	8508
5552	8509
5553	8510
5554	8511
5555	8512
5556	8513
5557	8513
5558	8514
5559	8514
5560	8515
5561	8516
5562	8517
5563	8518
5564	8521
5565	8522
5566	8524
5567	8525
5568	8526
5569	8527
5570	8528
5571	8531
5572	8532
5573	8533
5574	8536
5575	8536
5576	8537
5577	8538
5578	8539
5579	8540
5580	8540
5581	8541
5582	8542
5583	8543
5584	8544
5585	8545
5586	8546
5587	8547
5588	8549
5589	8550
5590	8551
5591	8552
5592	8553
5593	8556
5594	8557
5595	8560
5596	8561
5597	8562
5598	8564
5599	8565
5600	8568
5601	8568
5602	8568
5603	8569
5604	8570
5605	8570
5606	8571
5607	8574
5608	8575
5609	8575
5610	8575
5611	8576
5612	8577
5613	8577
5614	8578
5615	8579
5616	8580
5617	8583
5618	8584
5619	8585
5620	8588
5621	8591
5622	8592
5623	8593
5624	8594
5625	8595
5626	8596
5627	8597
5628	8598
5629	8600
5630	8601
5631	8602
5632	8605
5633	8606
5634	8607
5635	8610
5636	8613
5637	8614
5638	8615
5639	8616
5640	8617
5641	8618
5642	8619
5643	8620
5644	8620
5645	8621
5646	8624
5647	8624
5648	8625
5649	8626
5650	8627
5651	8628
5652	8629
5653	8630
5654	8632
5655	8633
5656	8633
5657	8635
5658	8636
5659	8637
5660	8640
5661	8641
5662	8643
5663	8646
5664	8647
5665	8648
5666	8649
5667	8650
5668	8651
5669	8652
5670	8652
5671	8654
5672	8655
5673	8658
5674	8659
5675	8659
5676	8660
5677	8663
5678	8664
5679	8667
5680	8668
5681	8669
5682	8670
5683	8671
5684	8671
5685	8672
5686	8675
5687	8676
5688	8677
5689	8680
5690	8682
5691	8683
5692	8683
5693	8686
5694	8687
5695	8689
5696	8690
5697	8691
5698	8692
5699	8692
5700	8693
5701	8694
5702	8694
5703	8697
5704	8700
5705	8701
5706	8702
5707	8702
5708	8703
5709	8704
5710	8705
5711	8706
5712	8709
5713	8710
5714	8711
5715	8712
5716	8713
5717	8714
5718	8715
5719	8718
5720	8719
5721	8720
5722	8721
5723	8722
5724	8723
5725	8724
5726	8727
5727	8727
5728	8728
5729	8729
5730	8730
5731	8731
5732	8732
5733	8733
5734	8735
5735	8736
5736	8738
5737	8739
5738	8740
5739	8742
5740	8743
5741	8744
5742	8745
5743	8746
5744	8747
5745	8748
5746	8749
5747	8750
5748	8751
5749	8753
5750	8754
5751	8755
5752	8757
5753	8759
5754	8760
5755	8761
5756	8764
5757	8765
5758	8766
5759	8769
5760	8770
5761	8773
5762	8776
5763	8777
5764	8778
5765	8779
5766	8780
5767	8781
5768	8784
5769	8785
5770	8786
5771	8787
5772	8788
5773	8788
5774	8788
5775	8789
5776	8790
5777	8791
5778	8794
5779	8795
5780	8796
5781	8796
5782	8797
5783	8798
5784	8801
5785	8802
5786	8803
5787	8803
5788	8804
5789	8805
5790	8806
5791	8807
5792	8810
5793	8811
5794	8812
5795	8813
5796	8814
5797	8815
5798	8816
5799	8817
5800	8818
5801	8819
5802	8820
5803	8820
5804	8821
5805	8824
5806	8825
5807	8828
5808	8829
5809	8830
5810	8831
5811	8832
5812	8833
5813	8834
5814	8837
5815	8838
5816	8839
5817	8839
5818	8840
5819	8843
5820	8844
5821	8846
5822	8847
5823	8848
5824	8850
5825	8852
5826	8853
5827	8854
5828	8855
5829	8856
5830	8857
5831	8858
5832	8858
5833	8859
5834	8860
5835	8861
5836	8862
5837	8863
5838	8864
5839	8865
5840	8867
5841	8868
5842	8869
5843	8870
5844	8873
5845	8874
5846	8875
5847	8876
5848	8878
5849	8879
5850	8882
5851	8883
5852	8884
5853	8887
5854	8887
5855	8887
5856	8888
5857	8889
5858	8890
5859	8890
5860	8890
5861	8891
5862	8892
5863	8893
5864	8894
5865	8895
5866	8898
5867	8899
5868	8900
5869	8901
5870	8904
5871	8905
5872	8906
5873	8907
5874	8910
5875	8911
5876	8912
5877	8913
5878	8913
5879	8914
5880	8917
5881	8918
5882	8919
5883	8920
5884	8921
5885	8922
5886	8923
5887	8924
5888	8926
5889	8927
5890	8928
5891	8931
5892	8932
5893	8933
5894	8936
5895	8939
5896	8940
5897	8941
5898	8942
5899	8942
5900	8942
5901	8943
5902	8943
5903	8944
5904	8945
5905	8948
5906	8949
5907	8950
5908	8953
5909	8956
5910	8957
5911	8959
5912	8960
5913	8961
5914	8964
5915	8964
5916	8965
5917	8968
5918	8969
5919	8970
5920	8971
5921	8972
5922	8973
5923	8973
5924	8976
5925	8977
5926	8978
5927	8979
5928	8980
5929	8981
5930	8982
5931	8983
5932	8983
5933	8984
5934	8987
5935	8988
5936	8990
5937	8991
5938	8991
5939	8992
5940	8993
5941	8994
5942	8995
5943	8996
5944	8998
5945	8999
5946	8999
5947	9000
5948	9002
5949	9005
5950	9006
5951	9007
5952	9010
5953	9011
5954	9012
5955	9013
5956	9014
5957	9014
5958	9015
5959	9018
5960	9019
5961	9020
5962	9023
5963	9025
5964	9026
5965	9027
5966	9029
5967	9029
5968	9032
5969	9033
5970	9034
5971	9035
5972	9036
5973	9037
5974	9037
5975	9037
5976	9040
5977	9040
5978	9041
5979	9042
5980	9043
5981	9044
5982	9045
5983	9048
5984	9049
5985	9052
5986	9053
5987	9056
5988	9057
5989	9058
5990	9059
5991	9060
5992	9061
5993	9062
5994	9063
5995	9064
5996	9065
5997	9065
5998	9066
5999	9069
6000	9069
6001	9070
6002	9071
6003	9072
6004	9073
6005	9074
6006	9075
6007	9077
6008	9078
6009	9080
6010	9081
6011	9082
6012	9084
6013	9085
6014	9086
6015	9087
6016	9088
6017	9089
6018	9090
6019	9091
6020	9092
6021	9093
6022	9095
6023	9096
6024	9097
6025	9100
6026	9101
6027	9102
6028	9104
6029	9105
6030	9106
6031	9109
6032	9110
6033	9113
6034	9114
6035	9115
6036	9116
6037	9117
6038	9120
6039	9121
6040	9124
6041	9125
6042	9126
6043	9127
6044	9128
6045	9129
6046	9129
6047	9130
6048	9131
6049	9134
6050	9135
6051	9136
6052	9136
6053	9136
6054	9137
6055	9139
6056	9140
6057	9141
6058	9143
6059	9145
6060	9147
6061	9149
6062	9151
6063	9153
6064	9154
6065	9156
6066	9158
6067	9160
6068	9162
6069	9164
6070	9166
6071	9168
6072	9170
6073	9172
6074	9173
6075	9175
6076	9177
6077	9179
6078	9181
6079	9183
6080	9185
6081	9187
6082	9189
6083	9191
6084	9193
6085	9194
6086	9196
6087	9197
6088	9199
6089	9201
6090	9203
6091	9205
6092	9207
6093	9209
6094	9211
6095	9213
6096	9215
6097	9217
6098	9218
6099	9220
6100	9222
6101	9223
6102	9225
6103	9227
6104	9229
6105	9231
6106	9232
6107	9234
6108	9236
6109	9237
6110	9239
6111	9241
6112	9243
6113	9245
6114	9247
6115	9249
6116	9251
6117	9253
6118	9255
6119	9257
6120	9259
6121	9261
6122	9262
6123	9263
6124	9265
6125	9267
6126	9268
6127	9270
6128	9272
6129	9274
6130	9276
6131	9278
6132	9279
6133	9281
6134	9283
6135	9284
6136	9285
6137	9287
6138	9289
6139	9291
6140	9293
6141	9295
6142	9296
6143	9298
6144	9300
6145	9302
6146	9304
6147	9306
6148	9308
6149	9309
6150	9311
6151	9313
6152	9315
6153	9316
6154	9318
6155	9319
6156	9321
6157	9323
6158	9325
6159	9327
6160	9329
6161	9331
6162	9333
6163	9335
6164	9337
6165	9339
6166	9341
6167	9343
6168	9345
6169	9347
6170	9349
6171	9351
6172	9353
6173	9354
6174	9356
6175	9358
6176	9360
6177	9362
6178	9363
6179	9364
6180	9366
6181	9368
6182	9370
6183	9372
6184	9374
6185	9376
6186	9378
6187	9380
6188	9382
6189	9384
6190	9385
6191	9387
6192	9388
6193	9390
6194	9392
6195	9394
6196	9396
6197	9397
6198	9398
6199	9400
6200	9402
6201	9404
6202	9406
6203	9408
6204	9410
6205	9412
6206	9413
6207	9415
6208	9417
6209	9419
6210	9421
6211	9422
6212	9424
6213	9426
6214	9428
6215	9430
6216	9432
6217	9434
6218	9436
6219	9438
6220	9439
6221	9441
6222	9442
6223	9444
6224	9446
6225	9448
6226	9450
6227	9452
6228	9453
6229	9455
6230	9457
6231	9459
6232	9461
6233	9463
6234	9465
6235	9467
6236	9469
6237	9471
6238	9472
6239	9474
6240	9476
6241	9478
6242	9479
6243	9481
6244	9482
6245	9484
6246	9485
6247	9487
6248	9488
6249	9490
6250	9492
6251	9494
6252	9496
6253	9498
6254	9500
6255	9501
6256	9503
6257	9504
6258	9506
6259	9508
6260	9509
6261	9511
6262	9513
6263	9515
6264	9516
6265	9518
6266	9520
6267	9522
6268	9524
6269	9526
6270	9528
6271	9530
6272	9532
6273	9534
6274	9536
6275	9538
6276	9539
6277	9541
6278	9543
6279	9545
6280	9546
6281	9548
6282	9550
6283	9552
6284	9554
6285	9556
6286	9558
6287	9560
6288	9562
6289	9564
6290	9566
6291	9568
6292	9570
6293	9572
6294	9573
6295	9575
6296	9577
6297	9579
6298	9581
6299	9583
6300	9585
6301	9586
6302	9588
6303	9589
6304	9591
6305	9593
6306	9595
6307	9596
6308	9598
6309	9599
6310	9601
6311	9603
6312	9605
6313	9607
6314	9609
6315	9611
6316	9613
6317	9615
6318	9617
6319	9619
6320	9621
6321	9622
6322	9624
6323	9626
6324	9628
6325	9630
6326	9632
6327	9634
6328	9636
6329	9638
6330	9639
6331	9641
6332	9643
6333	9644
6334	9646
6335	9647
6336	9649
6337	9650
6338	9651
6339	9652
6340	9654
6341	9655
6342	9657
6343	9659
6344	9661
6345	9663
6346	9665
6347	9667
6348	9669
6349	9671
6350	9673
6351	9675
6352	9677
6353	9678
6354	9680
6355	9682
6356	9684
6357	9686
6358	9688
6359	9690
6360	9692
6361	9694
6362	9696
6363	9698
6364	9700
6365	9702
6366	9703
6367	9705
6368	9707
6369	9709
6370	9711
6371	9713
6372	9715
6373	9717
6374	9719
6375	9721
6376	9723
6377	9725
6378	9727
6379	9729
6380	9730
6381	9731
6382	9733
6383	9735
6384	9737
6385	9738
6386	9740
6387	9741
6388	9743
6389	9745
6390	9747
6391	9748
6392	9749
6393	9751
6394	9753
6395	9755
6396	9757
6397	9759
6398	9761
6399	9763
6400	9765
6401	9767
6402	9768
6403	9770
6404	9772
6405	9774
6406	9776
6407	9778
6408	9780
6409	9782
6410	9784
6411	9785
6412	9787
6413	9789
6414	9791
6415	9793
6416	9794
6417	9796
6418	9798
6419	9800
6420	9802
6421	9804
6422	9806
6423	9808
6424	9810
6425	9812
6426	9813
6427	9814
6428	9816
6429	9818
6430	9820
6431	9821
6432	9822
6433	9824
6434	9826
6435	9828
6436	9830
6437	9832
6438	9833
6439	9835
6440	9837
6441	9839
6442	9841
6443	9843
6444	9845
6445	9847
6446	9848
6447	9850
6448	9851
6449	9853
6450	9855
6451	9857
6452	9858
6453	9860
6454	9862
6455	9864
6456	9866
6457	9868
6458	9870
6459	9872
6460	9874
6461	9876
6462	9878
6463	9880
6464	9882
6465	9884
6466	9885
6467	9887
6468	9889
6469	9891
6470	9893
6471	9895
6472	9897
6473	9899
6474	9900
6475	9902
6476	9904
6477	9906
6478	9908
6479	9910
6480	9912
6481	9914
6482	9916
6483	9918
6484	9920
6485	9921
6486	9923
6487	9925
6488	9926
6489	9928
6490	9930
6491	9932
6492	9934
6493	9936
6494	9938
6495	9939
6496	9941
6497	9943
6498	9945
6499	9947
6500	9949
6501	9951
6502	9953
6503	9955
6504	9957
6505	9958
6506	9960
6507	9962
6508	9964
6509	9966
6510	9968
6511	9969
6512	9970
6513	9972
6514	9974
6515	9976
6516	9978
6517	9980
6518	9982
6519	9984
6520	9986
6521	9988
6522	9990
6523	9992
6524	9994
6525	9995
6526	9997
6527	9999
6528	10001
6529	10002
6530	10004
6531	10006
6532	10007
6533	10009
6534	10011
6535	10012
6536	10014
6537	10016
6538	10018
6539	10019
6540	10021
6541	10023
6542	10025
6543	10027
6544	10029
6545	10031
6546	10033
6547	10035
6548	10037
6549	10039
6550	10040
6551	10041
6552	10042
6553	10044
6554	10046
6555	10048
6556	10049
6557	10051
6558	10053
6559	10055
6560	10056
6561	10057
6562	10059
6563	10061
6564	10063
6565	10064
6566	10066
6567	10068
6568	10070
6569	10072
6570	10074
6571	10075
6572	10077
6573	10079
6574	10081
6575	10083
6576	10085
6577	10087
6578	10089
6579	10091
6580	10093
6581	10095
6582	10097
6583	10099
6584	10101
6585	10103
6586	10104
6587	10106
6588	10108
6589	10109
6590	10111
6591	10113
6592	10115
6593	10117
6594	10119
6595	10120
6596	10122
6597	10124
6598	10126
6599	10128
6600	10130
6601	10132
6602	10134
6603	10136
6604	10138
6605	10140
6606	10141
6607	10143
6608	10144
6609	10146
6610	10148
6611	10150
6612	10152
6613	10154
6614	10156
6615	10158
6616	10160
6617	10162
6618	10164
6619	10165
6620	10167
6621	10168
6622	10170
6623	10172
6624	10174
6625	10175
6626	10177
6627	10179
6628	10180
6629	10182
6630	10184
6631	10186
6632	10188
6633	10190
6634	10192
6635	10194
6636	10196
6637	10197
6638	10199
6639	10200
6640	10202
6641	10204
6642	10206
6643	10208
6644	10210
6645	10212
6646	10214
6647	10216
6648	10217
6649	10219
6650	10220
6651	10222
6652	10224
6653	10226
6654	10228
6655	10230
6656	10232
6657	10234
6658	10236
6659	10238
6660	10240
6661	10242
6662	10244
6663	10246
6664	10248
6665	10250
6666	10252
6667	10254
6668	10255
6669	10257
6670	10259
6671	10261
6672	10262
6673	10264
6674	10265
6675	10267
6676	10268
6677	10270
6678	10271
6679	10273
6680	10275
6681	10277
6682	10279
6683	10281
6684	10283
6685	10285
6686	10287
6687	10289
6688	10291
6689	10292
6690	10294
6691	10296
6692	10298
6693	10299
6694	10301
6695	10303
6696	10305
6697	10307
6698	10309
6699	10311
6700	10313
6701	10314
6702	10316
6703	10318
6704	10320
6705	10321
6706	10323
6707	10325
6708	10327
6709	10329
6710	10331
6711	10333
6712	10335
6713	10337
6714	10339
6715	10340
6716	10342
6717	10343
6718	10344
6719	10346
6720	10347
6721	10349
6722	10351
6723	10352
6724	10354
6725	10356
6726	10358
6727	10360
6728	10362
6729	10364
6730	10366
6731	10367
6732	10368
6733	10370
6734	10372
6735	10374
6736	10376
6737	10377
6738	10379
6739	10381
6740	10383
6741	10385
6742	10387
6743	10389
6744	10391
6745	10393
6746	10395
6747	10397
6748	10399
6749	10400
6750	10402
6751	10404
6752	10406
6753	10408
6754	10410
6755	10412
6756	10414
6757	10416
6758	10417
6759	10419
6760	10421
6761	10423
6762	10425
6763	10427
6764	10429
6765	10431
6766	10433
6767	10435
6768	10437
6769	10439
6770	10441
6771	10443
6772	10445
6773	10447
6774	10448
6775	10450
6776	10452
6777	10454
6778	10455
6779	10457
6780	10458
6781	10459
6782	10461
6783	10462
6784	10464
6785	10465
6786	10467
6787	10469
6788	10470
6789	10472
6790	10474
6791	10476
6792	10478
6793	10480
6794	10481
6795	10483
6796	10485
6797	10486
6798	10487
6799	10489
6800	10491
6801	10493
6802	10495
6803	10497
6804	10498
6805	10500
6806	10502
6807	10504
6808	10506
6809	10508
6810	10510
6811	10512
6812	10514
6813	10516
6814	10518
6815	10520
6816	10521
6817	10523
6818	10525
6819	10527
6820	10528
6821	10529
6822	10531
6823	10533
6824	10534
6825	10536
6826	10538
6827	10540
6828	10542
6829	10544
6830	10546
6831	10548
6832	10550
6833	10552
6834	10553
6835	10555
6836	10557
6837	10558
6838	10560
6839	10562
6840	10564
6841	10566
6842	10568
6843	10570
6844	10572
6845	10574
6846	10576
6847	10578
6848	10579
6849	10581
6850	10583
6851	10585
6852	10586
6853	10587
6854	10588
6855	10590
6856	10592
6857	10593
6858	10595
6859	10596
6860	10598
6861	10600
6862	10602
6863	10604
6864	10606
6865	10607
6866	10609
6867	10611
6868	10613
6869	10615
6870	10617
6871	10619
6872	10620
6873	10622
6874	10623
6875	10625
6876	10626
6877	10628
6878	10630
6879	10632
6880	10634
6881	10636
6882	10638
6883	10640
6884	10641
6885	10643
6886	10645
6887	10647
6888	10649
6889	10651
6890	10653
6891	10655
6892	10657
6893	10659
6894	10661
6895	10663
6896	10665
6897	10666
6898	10668
6899	10670
6900	10672
6901	10674
6902	10676
6903	10678
6904	10680
6905	10682
6906	10683
6907	10685
6908	10686
6909	10688
6910	10690
6911	10692
6912	10693
6913	10694
6914	10696
6915	10697
6916	10699
6917	10701
6918	10703
6919	10704
6920	10706
6921	10708
6922	10709
6923	10711
6924	10712
6925	10714
6926	10716
6927	10718
6928	10720
6929	10722
6930	10724
6931	10725
6932	10727
6933	10729
6934	10731
6935	10733
6936	10735
6937	10737
6938	10739
6939	10741
6940	10741
6941	10743
6942	10745
6943	10747
6944	10749
6945	10751
6946	10753
6947	10755
6948	10756
6949	10758
6950	10760
6951	10762
6952	10763
6953	10765
6954	10767
6955	10769
6956	10770
6957	10772
6958	10773
6959	10774
6960	10776
6961	10778
6962	10780
6963	10782
6964	10784
6965	10786
6966	10787
6967	10789
6968	10791
6969	10793
6970	10795
6971	10796
6972	10798
6973	10800
6974	10802
6975	10804
6976	10806
6977	10808
6978	10810
6979	10812
6980	10814
6981	10816
6982	10818
6983	10820
6984	10822
6985	10824
6986	10825
6987	10827
6988	10828
6989	10829
6990	10831
6991	10833
6992	10835
6993	10837
6994	10839
6995	10841
6996	10842
6997	10844
6998	10846
6999	10848
7000	10849
7001	10851
7002	10853
7003	10855
7004	10857
7005	10859
7006	10860
7007	10862
7008	10864
7009	10866
7010	10868
7011	10870
7012	10872
7013	10874
7014	10876
7015	10878
7016	10880
7017	10882
7018	10884
7019	10886
7020	10888
7021	10890
7022	10891
7023	10893
7024	10895
7025	10897
7026	10899
7027	10901
7028	10903
7029	10905
7030	10907
7031	10909
7032	10910
7033	10912
7034	10914
7035	10916
7036	10918
7037	10920
7038	10922
7039	10924
7040	10926
7041	10928
7042	10930
7043	10932
7044	10934
7045	10935
7046	10937
7047	10939
7048	10941
7049	10942
7050	10944
7051	10946
7052	10948
7053	10950
7054	10952
7055	10954
7056	10956
7057	10957
7058	10959
7059	10960
7060	10961
7061	10963
7062	10964
7063	10966
7064	10968
7065	10970
7066	10972
7067	10974
7068	10976
7069	10978
7070	10980
7071	10982
7072	10984
7073	10985
7074	10987
7075	10989
7076	10991
7077	10993
7078	10995
7079	10997
7080	10998
7081	10999
7082	11001
7083	11003
7084	11003
7085	11004
7086	11006
7087	11008
7088	11010
7089	11012
7090	11014
7091	11016
7092	11018
7093	11020
7094	11022
7095	11023
7096	11024
7097	11026
7098	11028
7099	11030
7100	11032
7101	11034
7102	11035
7103	11037
7104	11038
7105	11040
7106	11042
7107	11043
7108	11045
7109	11047
7110	11049
7111	11051
7112	11053
7113	11055
7114	11057
7115	11059
7116	11060
7117	11062
7118	11064
7119	11066
7120	11068
7121	11070
7122	11072
7123	11074
7124	11076
7125	11077
7126	11079
7127	11080
7128	11082
7129	11084
7130	11086
7131	11088
7132	11090
7133	11092
7134	11094
7135	11096
7136	11097
7137	11099
7138	11099
7139	11100
7140	11102
7141	11104
7142	11106
7143	11108
7144	11110
7145	11112
7146	11114
7147	11116
7148	11117
7149	11119
7150	11121
7151	11122
7152	11123
7153	11125
7154	11126
7155	11128
7156	11129
7157	11131
7158	11132
7159	11134
7160	11136
7161	11138
7162	11140
7163	11142
7164	11143
7165	11145
7166	11147
7167	11149
7168	11151
7169	11153
7170	11155
7171	11157
7172	11159
7173	11161
7174	11163
7175	11165
7176	11167
7177	11169
7178	11171
7179	11173
7180	11174
7181	11176
7182	11178
7183	11180
7184	11181
7185	11183
7186	11185
7187	11187
7188	11189
7189	11191
7190	11193
7191	11195
7192	11197
7193	11199
7194	11201
7195	11203
7196	11205
7197	11206
7198	11208
7199	11209
7200	11211
7201	11213
7202	11215
7203	11217
7204	11219
7205	11220
7206	11222
7207	11224
7208	11226
7209	11228
7210	11230
7211	11232
7212	11234
7213	11236
7214	11238
7215	11239
7216	11241
7217	11242
7218	11244
7219	11246
7220	11248
7221	11250
7222	11252
7223	11254
7224	11256
7225	11258
7226	11259
7227	11261
7228	11262
7229	11264
7230	11266
7231	11268
7232	11270
7233	11272
7234	11274
7235	11276
7236	11277
7237	11279
7238	11281
7239	11283
7240	11285
7241	11287
7242	11289
7243	11290
7244	11292
7245	11294
7246	11296
7247	11297
7248	11299
7249	11300
7250	11302
7251	11303
7252	11305
7253	11306
7254	11308
7255	11310
7256	11311
7257	11313
7258	11314
7259	11316
7260	11318
7261	11319
7262	11321
7263	11323
7264	11325
7265	11326
7266	11328
7267	11330
7268	11332
7269	11334
7270	11336
7271	11338
7272	11340
7273	11342
7274	11344
7275	11346
7276	11348
7277	11349
7278	11351
7279	11353
7280	11355
7281	11356
7282	11358
7283	11360
7284	11362
7285	11364
7286	11366
7287	11368
7288	11370
7289	11372
7290	11373
7291	11375
7292	11377
7293	11378
7294	11380
7295	11382
7296	11384
7297	11386
7298	11388
7299	11390
7300	11392
7301	11394
7302	11395
7303	11397
7304	11398
7305	11400
7306	11402
7307	11404
7308	11405
7309	11407
7310	11408
7311	11410
7312	11411
7313	11413
7314	11415
7315	11417
7316	11419
7317	11421
7318	11423
7319	11425
7320	11427
7321	11429
7322	11430
7323	11432
7324	11434
7325	11436
7326	11437
7327	11438
7328	11440
7329	11442
7330	11444
7331	11446
7332	11448
7333	11450
7334	11452
7335	11454
7336	11456
7337	11458
7338	11459
7339	11460
7340	11462
7341	11464
7342	11466
7343	11468
7344	11470
7345	11472
7346	11474
7347	11476
7348	11478
7349	11479
7350	11480
7351	11482
7352	11484
7353	11486
7354	11487
7355	11488
7356	11490
7357	11492
7358	11494
7359	11495
7360	11497
7361	11499
7362	11500
7363	11502
7364	11504
7365	11505
7366	11507
7367	11508
7368	11510
7369	11512
7370	11514
7371	11516
7372	11518
7373	11520
7374	11522
7375	11524
7376	11526
7377	11527
7378	11529
7379	11531
7380	11533
7381	11535
7382	11537
7383	11539
7384	11540
7385	11541
7386	11543
7387	11544
7388	11546
7389	11546
7390	11548
7391	11550
7392	11551
7393	11553
7394	11555
7395	11557
7396	11559
7397	11561
7398	11563
7399	11565
7400	11567
7401	11567
7402	11569
7403	11571
7404	11573
7405	11575
7406	11577
7407	11579
7408	11580
7409	11582
7410	11584
7411	11586
7412	11587
7413	11588
7414	11590
7415	11591
7416	11593
7417	11595
7418	11597
7419	11598
7420	11600
7421	11602
7422	11604
7423	11606
7424	11608
7425	11610
7426	11612
7427	11614
7428	11615
7429	11617
7430	11619
7431	11621
7432	11623
7433	11625
7434	11627
7435	11629
7436	11631
7437	11633
7438	11635
7439	11637
7440	11639
7441	11640
7442	11642
7443	11644
7444	11646
7445	11648
7446	11650
7447	11652
7448	11654
7449	11656
7450	11658
7451	11659
7452	11660
7453	11662
7454	11664
7455	11665
7456	11667
7457	11668
7458	11670
7459	11672
7460	11674
7461	11676
7462	11678
7463	11680
7464	11682
7465	11684
7466	11685
7467	11687
7468	11689
7469	11690
7470	11692
7471	11694
7472	11696
7473	11698
7474	11699
7475	11700
7476	11702
7477	11703
7478	11705
7479	11707
7480	11709
7481	11711
7482	11713
7483	11715
7484	11717
7485	11719
7486	11721
7487	11723
7488	11725
7489	11727
7490	11729
7491	11731
7492	11733
7493	11735
7494	11736
7495	11738
7496	11739
7497	11741
7498	11743
7499	11745
7500	11747
7501	11749
7502	11751
7503	11753
7504	11754
7505	11756
7506	11758
7507	11760
7508	11762
7509	11764
7510	11765
7511	11767
7512	11769
7513	11771
7514	11773
7515	11775
7516	11777
7517	11779
7518	11780
7519	11782
7520	11784
7521	11785
7522	11787
7523	11789
7524	11791
7525	11792
7526	11794
7527	11796
7528	11798
7529	11800
7530	11802
7531	11804
7532	11806
7533	11807
7534	11809
7535	11810
7536	11812
7537	11814
7538	11816
7539	11817
7540	11818
7541	11820
7542	11822
7543	11824
7544	11826
7545	11828
7546	11830
7547	11832
7548	11834
7549	11836
7550	11838
7551	11839
7552	11841
7553	11842
7554	11844
7555	11846
7556	11848
7557	11849
7558	11851
7559	11853
7560	11855
7561	11856
7562	11858
7563	11860
7564	11862
7565	11863
7566	11865
7567	11867
7568	11868
7569	11870
7570	11872
7571	11874
7572	11876
7573	11878
7574	11879
7575	11881
7576	11883
7577	11884
7578	11885
7579	11886
7580	11887
7581	11889
7582	11891
7583	11892
7584	11894
7585	11895
7586	11896
7587	11898
7588	11900
7589	11902
7590	11903
7591	11905
7592	11907
7593	11909
7594	11911
7595	11912
7596	11914
7597	11915
7598	11917
7599	11919
7600	11921
7601	11923
7602	11925
7603	11927
7604	11929
7605	11931
7606	11933
7607	11934
7608	11936
7609	11937
7610	11938
7611	11940
7612	11942
7613	11944
7614	11946
7615	11948
7616	11949
7617	11951
7618	11953
7619	11955
7620	11957
7621	11959
7622	11961
7623	11963
7624	11964
7625	11966
7626	11968
7627	11970
7628	11972
7629	11974
7630	11975
7631	11977
7632	11979
7633	11980
7634	11982
7635	11984
7636	11985
7637	11987
7638	11989
7639	11991
7640	11993
7641	11995
7642	11996
7643	11998
7644	12000
7645	12002
7646	12004
7647	12006
7648	12007
7649	12009
7650	12011
7651	12013
7652	12014
7653	12016
7654	12018
7655	12020
7656	12022
7657	12024
7658	12026
7659	12028
7660	12030
7661	12032
7662	12034
7663	12036
7664	12038
7665	12040
7666	12042
7667	12044
7668	12046
7669	12048
7670	12050
7671	12052
7672	12054
7673	12056
7674	12057
7675	12059
7676	12061
7677	12063
7678	12065
7679	12067
7680	12069
7681	12070
7682	12072
7683	12074
7684	12076
7685	12077
7686	12078
7687	12080
7688	12082
7689	12084
7690	12086
7691	12088
7692	12090
7693	12092
7694	12093
7695	12094
7696	12096
7697	12098
7698	12100
7699	12102
7700	12103
7701	12105
7702	12107
7703	12109
7704	12110
7705	12112
7706	12114
7707	12116
7708	12117
7709	12119
7710	12121
7711	12123
7712	12124
7713	12125
7714	12126
7715	12128
7716	12130
7717	12132
7718	12134
7719	12136
7720	12138
7721	12140
7722	12142
7723	12143
7724	12144
7725	12146
7726	12147
7727	12149
7728	12151
7729	12152
7730	12154
7731	12156
7732	12158
7733	12159
7734	12160
7735	12162
7736	12164
7737	12166
7738	12168
7739	12170
7740	12172
7741	12174
7742	12176
7743	12178
7744	12180
7745	12182
7746	12184
7747	12186
7748	12188
7749	12189
7750	12190
7751	12192
7752	12194
7753	12196
7754	12198
7755	12199
7756	12200
7757	12202
7758	12204
7759	12206
7760	12207
7761	12209
7762	12211
7763	12213
7764	12215
7765	12217
7766	12219
7767	12220
7768	12222
7769	12224
7770	12226
7771	12228
7772	12229
7773	12231
7774	12233
7775	12235
7776	12237
7777	12239
7778	12241
7779	12243
7780	12245
7781	12247
7782	12249
7783	12251
7784	12252
7785	12254
7786	12255
7787	12256
7788	12258
7789	12260
7790	12261
7791	12263
7792	12265
7793	12267
7794	12269
7795	12271
7796	12273
7797	12275
7798	12277
7799	12279
7800	12281
7801	12283
7802	12285
7803	12287
7804	12288
7805	12290
7806	12292
7807	12294
7808	12296
7809	12297
7810	12298
7811	12299
7812	12301
7813	12303
7814	12305
7815	12307
7816	12309
7817	12311
7818	12313
7819	12314
7820	12316
7821	12318
7822	12320
7823	12321
7824	12323
7825	12325
7826	12327
7827	12329
7828	12330
7829	12332
7830	12334
7831	12336
7832	12338
7833	12340
7834	12342
7835	12344
7836	12346
7837	12348
7838	12349
7839	12351
7840	12352
7841	12354
7842	12355
7843	12357
7844	12359
7845	12360
7846	12362
7847	12364
7848	12366
7849	12368
7850	12370
7851	12372
7852	12373
7853	12375
7854	12376
7855	12378
7856	12380
7857	12381
7858	12383
7859	12385
7860	12387
7861	12389
7862	12390
7863	12392
7864	12394
7865	12396
7866	12398
7867	12400
7868	12402
7869	12404
7870	12406
7871	12408
7872	12410
7873	12411
7874	12413
7875	12415
7876	12417
7877	12419
7878	12421
7879	12423
7880	12424
7881	12424
7882	12425
7883	12427
7884	12428
7885	12430
7886	12432
7887	12434
7888	12436
7889	12438
7890	12440
7891	12441
7892	12442
7893	12444
7894	12446
7895	12448
7896	12449
7897	12450
7898	12452
7899	12453
7900	12455
7901	12457
7902	12459
7903	12460
7904	12462
7905	12464
7906	12466
7907	12468
7908	12470
7909	12472
7910	12474
7911	12475
7912	12477
7913	12479
7914	12480
7915	12481
7916	12483
7917	12485
7918	12487
7919	12489
7920	12491
7921	12493
7922	12495
7923	12497
7924	12499
7925	12501
7926	12503
7927	12505
7928	12507
7929	12508
7930	12510
7931	12512
7932	12514
7933	12515
7934	12517
7935	12519
7936	12521
7937	12523
7938	12525
7939	12527
7940	12529
7941	12531
7942	12532
7943	12533
7944	12534
7945	12536
7946	12536
7947	12537
7948	12539
7949	12541
7950	12543
7951	12545
7952	12547
7953	12549
7954	12551
7955	12552
7956	12554
7957	12556
7958	12558
7959	12559
7960	12561
7961	12563
7962	12565
7963	12567
7964	12569
7965	12571
7966	12573
7967	12575
7968	12576
7969	12578
7970	12579
7971	12580
7972	12582
7973	12584
7974	12586
7975	12587
7976	12589
7977	12591
7978	12593
7979	12595
7980	12597
7981	12599
7982	12601
7983	12602
7984	12604
7985	12606
7986	12608
7987	12610
7988	12611
7989	12613
7990	12615
7991	12617
7992	12619
7993	12621
7994	12623
7995	12625
7996	12627
7997	12628
7998	12630
7999	12631
8000	12633
8001	12635
8002	12637
8003	12639
8004	12641
8005	12643
8006	12645
8007	12646
8008	12648
8009	12650
8010	12652
8011	12654
8012	12656
8013	12658
8014	12659
8015	12661
8016	12663
8017	12665
8018	12667
8019	12669
8020	12671
8021	12672
8022	12674
8023	12675
8024	12677
8025	12678
8026	12679
8027	12681
8028	12682
8029	12684
8030	12686
8031	12688
8032	12690
8033	12692
8034	12694
8035	12696
8036	12698
8037	12700
8038	12701
8039	12702
8040	12704
8041	12706
8042	12707
8043	12709
8044	12711
8045	12713
8046	12715
8047	12717
8048	12719
8049	12721
8050	12723
8051	12725
8052	12727
8053	12729
8054	12730
8055	12732
8056	12734
8057	12736
8058	12737
8059	12739
8060	12741
8061	12743
8062	12745
8063	12746
8064	12748
8065	12749
8066	12750
8067	12752
8068	12753
8069	12753
8070	12755
8071	12757
8072	12758
8073	12759
8074	12761
8075	12763
8076	12764
8077	12766
8078	12768
8079	12770
8080	12772
8081	12773
8082	12775
8083	12777
8084	12779
8085	12781
8086	12783
8087	12785
8088	12787
8089	12789
8090	12791
8091	12793
8092	12795
8093	12796
8094	12798
8095	12800
8096	12802
8097	12804
8098	12806
8099	12808
8100	12810
8101	12811
8102	12813
8103	12815
8104	12816
8105	12818
8106	12820
8107	12822
8108	12823
8109	12824
8110	12826
8111	12828
8112	12829
8113	12829
8114	12831
8115	12833
8116	12835
8117	12837
8118	12839
8119	12841
8120	12843
8121	12843
8122	12845
8123	12846
8124	12847
8125	12849
8126	12851
8127	12853
8128	12855
8129	12857
8130	12859
8131	12861
8132	12863
8133	12865
8134	12867
8135	12869
8136	12870
8137	12871
8138	12873
8139	12875
8140	12877
8141	12879
8142	12881
8143	12883
8144	12885
8145	12887
8146	12888
8147	12889
8148	12889
8149	12891
8150	12893
8151	12895
8152	12897
8153	12899
8154	12900
8155	12901
8156	12903
8157	12904
8158	12906
8159	12908
8160	12909
8161	12911
8162	12913
8163	12914
8164	12915
8165	12917
8166	12919
8167	12921
8168	12923
8169	12925
8170	12927
8171	12929
8172	12931
8173	12933
8174	12935
8175	12937
8176	12939
8177	12941
8178	12942
8179	12944
8180	12946
8181	12948
8182	12949
8183	12951
8184	12953
8185	12955
8186	12957
8187	12959
8188	12960
8189	12962
8190	12964
8191	12966
8192	12968
8193	12970
8194	12972
8195	12974
8196	12975
8197	12976
8198	12978
8199	12979
8200	12981
8201	12983
8202	12985
8203	12987
8204	12988
8205	12990
8206	12992
8207	12994
8208	12996
8209	12998
8210	13000
8211	13002
8212	13004
8213	13005
8214	13006
8215	13008
8216	13010
8217	13011
8218	13013
8219	13015
8220	13017
8221	13018
8222	13020
8223	13021
8224	13023
8225	13025
8226	13025
8227	13027
8228	13029
8229	13030
8230	13032
8231	13034
8232	13036
8233	13038
8234	13040
8235	13041
8236	13043
8237	13045
8238	13047
8239	13049
8240	13050
8241	13052
8242	13054
8243	13056
8244	13057
8245	13058
8246	13060
8247	13062
8248	13062
8249	13064
8250	13066
8251	13068
8252	13070
8253	13072
8254	13074
8255	13076
8256	13077
8257	13079
8258	13081
8259	13082
8260	13083
8261	13085
8262	13087
8263	13089
8264	13091
8265	13092
8266	13093
8267	13095
8268	13097
8269	13099
8270	13101
8271	13103
8272	13105
8273	13107
8274	13109
8275	13110
8276	13112
8277	13114
8278	13116
8279	13117
8280	13119
8281	13121
8282	13123
8283	13125
8284	13127
8285	13129
8286	13131
8287	13133
8288	13134
8289	13136
8290	13138
8291	13140
8292	13142
8293	13144
8294	13146
8295	13147
8296	13148
8297	13150
8298	13152
8299	13154
8300	13155
8301	13156
8302	13157
8303	13159
8304	13161
8305	13163
8306	13164
8307	13166
8308	13168
8309	13170
8310	13172
8311	13173
8312	13175
8313	13177
8314	13179
8315	13180
8316	13181
8317	13183
8318	13185
8319	13187
8320	13188
8321	13189
8322	13190
8323	13192
8324	13194
8325	13195
8326	13197
8327	13198
8328	13200
8329	13202
8330	13204
8331	13206
8332	13207
8333	13209
8334	13211
8335	13212
8336	13214
8337	13216
8338	13218
8339	13219
8340	13221
8341	13222
8342	13224
8343	13226
8344	13227
8345	13228
8346	13230
8347	13232
8348	13234
8349	13236
8350	13238
8351	13240
8352	13242
8353	13244
8354	13246
8355	13248
8356	13250
8357	13251
8358	13253
8359	13255
8360	13256
8361	13258
8362	13260
8363	13262
8364	13264
8365	13265
8366	13267
8367	13269
8368	13271
8369	13273
8370	13274
8371	13276
8372	13278
8373	13280
8374	13282
8375	13284
8376	13286
8377	13287
8378	13289
8379	13290
8380	13291
8381	13293
8382	13294
8383	13296
8384	13298
8385	13300
8386	13302
8387	13304
8388	13305
8389	13307
8390	13309
8391	13310
8392	13312
8393	13314
8394	13315
8395	13317
8396	13319
8397	13321
8398	13323
8399	13325
8400	13327
8401	13329
8402	13331
8403	13333
8404	13335
8405	13337
8406	13339
8407	13341
8408	13343
8409	13345
8410	13347
8411	13349
8412	13351
8413	13353
8414	13355
8415	13356
8416	13358
8417	13360
8418	13362
8419	13364
8420	13366
8421	13368
8422	13369
8423	13369
8424	13371
8425	13373
8426	13374
8427	13376
8428	13378
8429	13380
8430	13382
8431	13384
8432	13386
8433	13388
8434	13390
8435	13391
8436	13393
8437	13395
8438	13397
8439	13399
8440	13401
8441	13402
8442	13404
8443	13405
8444	13407
8445	13408
8446	13410
8447	13412
8448	13414
8449	13415
8450	13417
8451	13418
8452	13419
8453	13421
8454	13423
8455	13424
8456	13426
8457	13427
8458	13429
8459	13431
8460	13433
8461	13435
8462	13437
8463	13439
8464	13441
8465	13443
8466	13445
8467	13447
8468	13448
8469	13450
8470	13452
8471	13454
8472	13455
8473	13457
8474	13458
8475	13459
8476	13461
8477	13463
8478	13465
8479	13467
8480	13469
8481	13471
8482	13473
8483	13475
8484	13476
8485	13478
8486	13479
8487	13481
8488	13483
8489	13485
8490	13486
8491	13488
8492	13489
8493	13491
8494	13493
8495	13495
8496	13497
8497	13499
8498	13501
8499	13503
8500	13505
8501	13507
8502	13509
8503	13510
8504	13512
8505	13514
8506	13516
8507	13518
8508	13520
8509	13521
8510	13522
8511	13524
8512	13526
8513	13528
8514	13530
8515	13532
8516	13533
8517	13534
8518	13536
8519	13538
8520	13540
8521	13542
8522	13544
8523	13546
8524	13547
8525	13549
8526	13550
8527	13552
8528	13553
8529	13555
8530	13557
8531	13559
8532	13560
8533	13562
8534	13564
8535	13566
8536	13568
8537	13570
8538	13572
8539	13573
8540	13575
8541	13577
8542	13578
8543	13579
8544	13580
8545	13582
8546	13584
8547	13586
8548	13588
8549	13590
8550	13592
8551	13594
8552	13596
8553	13597
8554	13599
8555	13601
8556	13603
8557	13604
8558	13606
8559	13608
8560	13609
8561	13611
8562	13612
8563	13614
8564	13616
8565	13618
8566	13620
8567	13622
8568	13624
8569	13626
8570	13628
8571	13630
8572	13631
8573	13633
8574	13635
8575	13637
8576	13639
8577	13641
8578	13643
8579	13645
8580	13646
8581	13648
8582	13650
8583	13652
8584	13654
8585	13656
8586	13658
8587	13660
8588	13661
8589	13662
8590	13664
8591	13666
8592	13668
8593	13670
8594	13672
8595	13674
8596	13675
8597	13677
8598	13679
8599	13681
8600	13683
8601	13685
8602	13686
8603	13688
8604	13690
8605	13692
8606	13694
8607	13696
8608	13698
8609	13700
8610	13702
8611	13703
8612	13704
8613	13706
8614	13708
8615	13710
8616	13711
8617	13712
8618	13714
8619	13716
8620	13718
8621	13720
8622	13722
8623	13724
8624	13726
8625	13728
8626	13730
8627	13731
8628	13732
8629	13734
8630	13736
8631	13738
8632	13740
8633	13742
8634	13744
8635	13746
8636	13748
8637	13750
8638	13751
8639	13751
8640	13753
8641	13754
8642	13755
8643	13757
8644	13758
8645	13760
8646	13762
8647	13763
8648	13765
8649	13766
8650	13768
8651	13769
8652	13771
8653	13773
8654	13774
8655	13776
8656	13778
8657	13780
8658	13782
8659	13784
8660	13786
8661	13788
8662	13790
8663	13791
8664	13793
8665	13795
8666	13797
8667	13799
8668	13801
8669	13803
8670	13805
8671	13807
8672	13809
8673	13810
8674	13812
8675	13814
8676	13816
8677	13818
8678	13820
8679	13822
8680	13823
8681	13825
8682	13826
8683	13828
8684	13830
8685	13832
8686	13834
8687	13835
8688	13837
8689	13838
8690	13839
8691	13841
8692	13843
8693	13843
8694	13845
8695	13847
8696	13849
8697	13851
8698	13853
8699	13855
8700	13856
8701	13858
8702	13860
8703	13862
8704	13864
8705	13866
8706	13867
8707	13868
8708	13870
8709	13872
8710	13874
8711	13876
8712	13876
8713	13877
8714	13878
8715	13880
8716	13881
8717	13883
8718	13885
8719	13887
8720	13889
8721	13891
8722	13892
8723	13894
8724	13895
8725	13896
8726	13898
8727	13900
8728	13902
8729	13903
8730	13905
8731	13907
8732	13909
8733	13911
8734	13913
8735	13915
8736	13917
8737	13919
8738	13921
8739	13923
8740	13925
8741	13927
8742	13928
8743	13930
8744	13932
8745	13933
8746	13934
8747	13935
8748	13937
8749	13939
8750	13941
8751	13943
8752	13945
8753	13947
8754	13949
8755	13951
8756	13952
8757	13954
8758	13956
8759	13958
8760	13960
8761	13962
8762	13964
8763	13966
8764	13968
8765	13970
8766	13972
8767	13974
8768	13975
8769	13977
8770	13978
8771	13980
8772	13982
8773	13984
8774	13985
8775	13987
8776	13989
8777	13991
8778	13993
8779	13995
8780	13997
8781	13999
8782	14001
8783	14003
8784	14005
8785	14007
8786	14008
8787	14009
8788	14010
8789	14011
8790	14011
8791	14013
8792	14015
8793	14017
8794	14019
8795	14021
8796	14023
8797	14024
8798	14025
8799	14027
8800	14029
8801	14031
8802	14033
8803	14035
8804	14036
8805	14037
8806	14039
8807	14041
8808	14042
8809	14044
8810	14046
8811	14048
8812	14050
8813	14052
8814	14053
8815	14055
8816	14057
8817	14059
8818	14060
8819	14062
8820	14063
8821	14065
8822	14066
8823	14068
8824	14070
8825	14072
8826	14073
8827	14075
8828	14077
8829	14079
8830	14081
8831	14082
8832	14083
8833	14085
8834	14087
8835	14089
8836	14091
8837	14093
8838	14095
8839	14096
8840	14098
8841	14100
8842	14101
8843	14103
8844	14105
8845	14107
8846	14109
8847	14111
8848	14113
8849	14115
8850	14117
8851	14118
8852	14120
8853	14122
8854	14124
8855	14125
8856	14127
8857	14129
8858	14131
8859	14132
8860	14133
8861	14134
8862	14135
8863	14137
8864	14139
8865	14141
8866	14143
8867	14145
8868	14147
8869	14149
8870	14151
8871	14153
8872	14155
8873	14157
8874	14158
8875	14160
8876	14161
8877	14163
8878	14165
8879	14167
8880	14169
8881	14171
8882	14173
8883	14174
8884	14175
8885	14177
8886	14179
8887	14181
8888	14183
8889	14185
8890	14187
8891	14188
8892	14190
8893	14191
8894	14192
8895	14194
8896	14196
8897	14198
8898	14200
8899	14202
8900	14204
8901	14205
8902	14206
8903	14208
8904	14209
8905	14211
8906	14213
8907	14215
8908	14217
8909	14219
8910	14221
8911	14223
8912	14225
8913	14226
8914	14228
8915	14230
8916	14232
8917	14234
8918	14236
8919	14238
8920	14239
8921	14241
8922	14243
8923	14245
8924	14247
8925	14249
8926	14251
8927	14253
8928	14254
8929	14256
8930	14258
8931	14260
8932	14262
8933	14264
8934	14266
8935	14268
8936	14270
8937	14271
8938	14273
8939	14275
8940	14277
8941	14279
8942	14281
8943	14283
8944	14285
8945	14286
8946	14288
8947	14290
8948	14292
8949	14294
8950	14296
8951	14298
8952	14300
8953	14301
8954	14302
8955	14304
8956	14306
8957	14308
8958	14310
8959	14311
8960	14313
8961	14315
8962	14317
8963	14318
8964	14320
8965	14322
8966	14324
8967	14326
8968	14328
8969	14330
8970	14332
8971	14334
8972	14336
8973	14338
8974	14339
8975	14340
8976	14342
8977	14344
8978	14346
8979	14348
8980	14349
8981	14350
8982	14352
8983	14354
8984	14356
8985	14358
8986	14360
8987	14362
8988	14364
8989	14366
8990	14368
8991	14370
8992	14372
8993	14373
8994	14375
8995	14376
8996	14378
8997	14380
8998	14382
8999	14384
9000	14386
9001	14387
9002	14388
9003	14390
9004	14392
9005	14393
9006	14395
9007	14397
9008	14398
9009	14400
9010	14400
9011	14401
9012	14403
9013	14404
9014	14405
9015	14407
9016	14409
9017	14411
9018	14413
9019	14415
9020	14417
9021	14419
9022	14420
9023	14422
9024	14424
9025	14425
9026	14427
9027	14429
9028	14431
9029	14432
9030	14433
9031	14435
9032	14437
9033	14438
9034	14440
9035	14442
9036	14444
9037	14446
9038	14446
9039	14448
9040	14450
9041	14452
9042	14454
9043	14456
9044	14458
9045	14459
9046	14460
9047	14462
9048	14464
9049	14466
9050	14468
9051	14470
9052	14472
9053	14473
9054	14475
9055	14477
9056	14479
9057	14481
9058	14483
9059	14485
9060	14487
9061	14489
9062	14490
9063	14491
9064	14492
9065	14492
9066	14493
9067	14494
9068	14496
9069	14498
9070	14500
9071	14502
9072	14504
9073	14505
9074	14507
9075	14509
9076	14511
9077	14513
9078	14515
9079	14517
9080	14519
9081	14521
9082	14523
9083	14525
9084	14526
9085	14528
9086	14530
9087	14531
9088	14532
9089	14534
9090	14535
9091	14537
9092	14539
9093	14541
9094	14543
9095	14545
9096	14547
9097	14549
9098	14551
9099	14553
9100	14555
9101	14557
9102	14559
9103	14560
9104	14562
9105	14564
9106	14565
9107	14567
9108	14569
9109	14571
9110	14572
9111	14574
9112	14575
9113	14577
9114	14578
9115	14580
9116	14582
9117	14584
9118	14586
9119	14588
9120	14590
9121	14592
9122	14593
9123	14595
9124	14597
9125	14599
9126	14601
9127	14602
9128	14603
9129	14603
9130	14604
9131	14606
9132	14608
9133	14610
9134	14612
9135	14614
9136	14615
9137	14617
9138	14619
9139	14622
9140	14623
9141	14626
9142	14627
9143	14628
9144	14631
9145	14632
9146	14634
9147	14635
9148	14636
9149	14637
9150	14637
9151	14638
9152	14639
9153	14640
9154	14643
9155	14644
9156	14645
9157	14646
9158	14649
9159	14650
9160	14652
9161	14653
9162	14653
9163	14654
9164	14655
9165	14657
9166	14658
9167	14660
9168	14661
9169	14663
9170	14664
9171	14665
9172	14666
9173	14667
9174	14668
9175	14671
9176	14672
9177	14673
9178	14674
9179	14675
9180	14676
9181	14677
9182	14678
9183	14680
9184	14681
9185	14682
9186	14685
9187	14688
9188	14688
9189	14689
9190	14690
9191	14691
9192	14692
9193	14693
9194	14694
9195	14695
9196	14697
9197	14698
9198	14699
9199	14702
9200	14703
9201	14704
9202	14707
9203	14707
9204	14708
9205	14709
9206	14709
9207	14712
9208	14713
9209	14714
9210	14714
9211	14715
9212	14716
9213	14717
9214	14718
9215	14721
9216	14722
9217	14724
9218	14725
9219	14725
9220	14726
9221	14726
9222	14727
9223	14728
9224	14729
9225	14730
9226	14731
9227	14731
9228	14734
9229	14737
9230	14738
9231	14739
9232	14740
9233	14741
9234	14742
9235	14743
9236	14746
9237	14747
9238	14748
9239	14749
9240	14750
9241	14751
9242	14752
9243	14754
9244	14755
9245	14757
9246	14758
9247	14759
9248	14761
9249	14764
9250	14765
9251	14766
9252	14769
9253	14771
9254	14772
9255	14772
9256	14773
9257	14774
9258	14775
9259	14777
9260	14778
9261	14779
9262	14780
9263	14781
9264	14782
9265	14783
9266	14784
9267	14785
9268	14786
9269	14787
9270	14788
9271	14788
9272	14789
9273	14792
9274	14793
9275	14796
9276	14797
9277	14798
9278	14799
9279	14800
9280	14801
9281	14802
9282	14805
9283	14806
9284	14807
9285	14808
9286	14809
9287	14812
9288	14813
9289	14815
9290	14816
9291	14817
9292	14820
9293	14821
9294	14823
9295	14826
9296	14827
9297	14828
9298	14829
9299	14830
9300	14831
9301	14832
9302	14833
9303	14833
9304	14834
9305	14835
9306	14835
9307	14836
9308	14837
9309	14838
9310	14840
9311	14841
9312	14842
9313	14842
9314	14844
9315	14845
9316	14846
9317	14847
9318	14849
9319	14850
9320	14851
9321	14854
9322	14855
9323	14856
9324	14859
9325	14860
9326	14863
9327	14864
9328	14865
9329	14866
9330	14867
9331	14867
9332	14868
9333	14871
9334	14872
9335	14872
9336	14873
9337	14874
9338	14875
9339	14876
9340	14877
9341	14880
9342	14881
9343	14882
9344	14885
9345	14888
9346	14889
9347	14890
9348	14891
9349	14892
9350	14893
9351	14894
9352	14895
9353	14896
9354	14897
9355	14898
9356	14901
9357	14902
9358	14903
9359	14906
9360	14909
9361	14910
9362	14911
9363	14914
9364	14915
9365	14915
9366	14915
9367	14918
9368	14919
9369	14920
9370	14921
9371	14922
9372	14923
9373	14923
9374	14924
9375	14927
9376	14928
9377	14929
9378	14930
9379	14931
9380	14932
9381	14933
9382	14936
9383	14937
9384	14937
9385	14939
9386	14940
9387	14943
9388	14944
9389	14945
9390	14946
9391	14949
9392	14950
9393	14951
9394	14952
9395	14953
9396	14954
9397	14955
9398	14958
9399	14959
9400	14961
9401	14961
9402	14962
9403	14964
9404	14967
9405	14968
9406	14969
9407	14972
9408	14973
9409	14976
9410	14977
9411	14978
9412	14979
9413	14980
9414	14981
9415	14982
9416	14982
9417	14982
9418	14983
9419	14986
9420	14987
9421	14990
9422	14991
9423	14992
9424	14992
9425	14993
9426	14994
9427	14995
9428	14995
9429	14996
9430	14997
9431	14997
9432	14998
9433	15001
9434	15002
9435	15005
9436	15006
9437	15007
9438	15007
9439	15008
9440	15009
9441	15012
9442	15013
9443	15014
9444	15015
9445	15018
9446	15020
9447	15021
9448	15022
9449	15024
9450	15025
9451	15028
9452	15029
9453	15030
9454	15031
9455	15032
9456	15032
9457	15035
9458	15036
9459	15037
9460	15037
9461	15037
9462	15037
9463	15038
9464	15039
9465	15040
9466	15042
9467	15045
9468	15045
9469	15046
9470	15047
9471	15048
9472	15049
9473	15049
9474	15050
9475	15051
9476	15052
9477	15052
9478	15053
9479	15055
9480	15056
9481	15057
9482	15058
9483	15059
9484	15060
9485	15063
9486	15064
9487	15065
9488	15066
9489	15067
9490	15068
9491	15071
9492	15072
9493	15073
9494	15074
9495	15077
9496	15078
9497	15079
9498	15079
9499	15079
9500	15080
9501	15081
9502	15082
9503	15083
9504	15084
9505	15085
9506	15086
9507	15086
9508	15087
9509	15090
9510	15091
9511	15092
9512	15093
9513	15094
9514	15095
9515	15098
9516	15099
9517	15100
9518	15103
9519	15104
9520	15106
9521	15106
9522	15107
9523	15110
9524	15111
9525	15114
9526	15115
9527	15116
9528	15117
9529	15118
9530	15118
9531	15119
9532	15122
9533	15123
9534	15124
9535	15125
9536	15126
9537	15127
9538	15128
9539	15129
9540	15130
9541	15132
9542	15133
9543	15135
9544	15136
9545	15137
9546	15140
9547	15141
9548	15143
9549	15144
9550	15145
9551	15148
9552	15151
9553	15152
9554	15153
9555	15156
9556	15157
9557	15160
9558	15161
9559	15162
9560	15163
9561	15163
9562	15164
9563	15165
9564	15166
9565	15168
9566	15169
9567	15170
9568	15171
9569	15172
9570	15173
9571	15173
9572	15173
9573	15174
9574	15175
9575	15178
9576	15179
9577	15179
9578	15180
9579	15181
9580	15182
9581	15183
9582	15183
9583	15184
9584	15187
9585	15188
9586	15191
9587	15192
9588	15193
9589	15194
9590	15195
9591	15196
9592	15199
9593	15199
9594	15200
9595	15201
9596	15202
9597	15203
9598	15204
9599	15207
9600	15208
9601	15209
9602	15210
9603	15211
9604	15214
9605	15215
9606	15216
9607	15217
9608	15218
9609	15219
9610	15219
9611	15219
9612	15222
9613	15225
9614	15226
9615	15227
9616	15228
9617	15229
9618	15230
9619	15231
9620	15232
9621	15234
9622	15235
9623	15236
9624	15239
9625	15240
9626	15241
9627	15244
9628	15245
9629	15245
9630	15245
9631	15246
9632	15247
9633	15248
9634	15251
9635	15252
9636	15255
9637	15256
9638	15257
9639	15258
9640	15259
9641	15260
9642	15261
9643	15261
9644	15262
9645	15263
9646	15264
9647	15267
9648	15268
9649	15269
9650	15270
9651	15271
9652	15272
9653	15273
9654	15275
9655	15276
9656	15277
9657	15278
9658	15280
9659	15283
9660	15284
9661	15285
9662	15288
9663	15289
9664	15290
9665	15291
9666	15292
9667	15293
9668	15293
9669	15293
9670	15294
9671	15295
9672	15296
9673	15297
9674	15298
9675	15301
9676	15302
9677	15305
9678	15306
9679	15307
9680	15308
9681	15309
9682	15310
9683	15311
9684	15313
9685	15314
9686	15317
9687	15318
9688	15319
9689	15321
9690	15324
9691	15325
9692	15326
9693	15329
9694	15330
9695	15333
9696	15334
9697	15335
9698	15336
9699	15337
9700	15337
9701	15338
9702	15341
9703	15342
9704	15343
9705	15344
9706	15347
9707	15348
9708	15349
9709	15350
9710	15353
9711	15354
9712	15355
9713	15356
9714	15357
9715	15358
9716	15358
9717	15359
9718	15362
9719	15363
9720	15363
9721	15364
9722	15365
9723	15366
9724	15369
9725	15372
9726	15373
9727	15374
9728	15375
9729	15376
9730	15377
9731	15378
9732	15379
9733	15380
9734	15382
9735	15383
9736	15384
9737	15385
9738	15386
9739	15387
9740	15388
9741	15390
9742	15391
9743	15393
9744	15394
9745	15395
9746	15398
9747	15401
9748	15402
9749	15405
9750	15406
9751	15407
9752	15408
9753	15409
9754	15409
9755	15410
9756	15411
9757	15412
9758	15415
9759	15417
9760	15418
9761	15419
9762	15420
9763	15421
9764	15422
9765	15422
9766	15423
9767	15424
9768	15425
9769	15426
9770	15427
9771	15430
9772	15433
9773	15434
9774	15435
9775	15435
9776	15436
9777	15437
9778	15438
9779	15439
9780	15442
9781	15443
9782	15446
9783	15447
9784	15448
9785	15449
9786	15450
9787	15451
9788	15452
9789	15453
9790	15455
9791	15458
9792	15459
9793	15460
9794	15461
9795	15462
9796	15463
9797	15464
9798	15465
9799	15466
9800	15467
9801	15468
9802	15469
9803	15469
9804	15471
9805	15472
9806	15474
9807	15475
9808	15476
9809	15478
9810	15480
9811	15481
9812	15482
9813	15484
9814	15485
9815	15486
9816	15488
9817	15489
9818	15490
9819	15493
9820	15494
9821	15497
9822	15498
9823	15498
9824	15499
9825	15500
9826	15501
9827	15501
9828	15504
9829	15505
9830	15506
9831	15507
9832	15508
9833	15509
9834	15510
9835	15511
9836	15511
9837	15512
9838	15513
9839	15514
9840	15517
9841	15520
9842	15521
9843	15522
9844	15523
9845	15523
9846	15523
9847	15524
9848	15527
9849	15528
9850	15529
9851	15530
9852	15531
9853	15532
9854	15535
9855	15535
9856	15536
9857	15537
9858	15538
9859	15539
9860	15542
9861	15543
9862	15544
9863	15547
9864	15548
9865	15549
9866	15550
9867	15550
9868	15551
9869	15552
9870	15553
9871	15556
9872	15557
9873	15560
9874	15561
9875	15562
9876	15563
9877	15564
9878	15565
9879	15568
9880	15569
9881	15570
9882	15571
9883	15572
9884	15573
9885	15573
9886	15575
9887	15576
9888	15576
9889	15577
9890	15578
9891	15579
9892	15580
9893	15582
9894	15583
9895	15586
9896	15587
9897	15588
9898	15591
9899	15594
9900	15595
9901	15596
9902	15597
9903	15600
9904	15602
9905	15603
9906	15604
9907	15607
9908	15608
9909	15609
9910	15610
9911	15611
9912	15612
9913	15612
9914	15614
9915	15615
9916	15616
9917	15617
9918	15618
9919	15618
9920	15620
9921	15621
9922	15622
9923	15623
9924	15624
9925	15627
9926	15628
9927	15628
9928	15629
9929	15631
9930	15632
9931	15635
9932	15636
9933	15637
9934	15638
9935	15639
9936	15640
9937	15640
9938	15641
9939	15644
9940	15645
9941	15646
9942	15647
9943	15650
9944	15651
9945	15651
9946	15652
9947	15654
9948	15655
9949	15656
9950	15657
9951	15658
9952	15660
9953	15661
9954	15663
9955	15663
9956	15664
9957	15665
9958	15666
9959	15667
9960	15670
9961	15670
9962	15671
9963	15672
9964	15673
9965	15674
9966	15675
9967	15676
9968	15678
9969	15679
9970	15680
9971	15681
9972	15684
9973	15685
9974	15686
9975	15689
9976	15692
9977	15693
9978	15694
9979	15694
9980	15695
9981	15696
9982	15697
9983	15698
9984	15700
9985	15701
9986	15702
9987	15705
9988	15705
9989	15706
9990	15707
9991	15708
9992	15709
9993	15710
9994	15713
9995	15714
9996	15715
9997	15716
9998	15716
9999	15719
10000	15720
10001	15723
10002	15724
10003	15725
10004	15726
10005	15727
10006	15728
10007	15729
10008	15730
10009	15731
10010	15732
10011	15733
10012	15734
10013	15735
10014	15735
10015	15738
10016	15741
10017	15741
10018	15742
10019	15743
10020	15744
10021	15745
10022	15746
10023	15748
10024	15749
10025	15751
10026	15752
10027	15753
10028	15755
10029	15758
10030	15759
10031	15759
10032	15762
10033	15762
10034	15763
10035	15764
10036	15765
10037	15767
10038	15768
10039	15770
10040	15771
10041	15772
10042	15773
10043	15774
10044	15775
10045	15776
10046	15777
10047	15778
10048	15779
10049	15779
10050	15780
10051	15781
10052	15784
10053	15785
10054	15788
10055	15789
10056	15790
10057	15791
10058	15792
10059	15793
10060	15796
10061	15797
10062	15798
10063	15799
10064	15800
10065	15801
10066	15803
10067	15804
10068	15807
10069	15808
10070	15809
10071	15811
10072	15814
10073	15815
10074	15816
10075	15819
10076	15820
10077	15821
10078	15822
10079	15823
10080	15824
10081	15824
10082	15825
10083	15827
10084	15828
10085	15829
10086	15832
10087	15833
10088	15834
10089	15837
10090	15838
10091	15839
10092	15842
10093	15843
10094	15844
10095	15845
10096	15846
10097	15847
10098	15847
10099	15847
10100	15848
10101	15848
10102	15849
10103	15850
10104	15851
10105	15852
10106	15853
10107	15854
10108	15854
10109	15856
10110	15857
10111	15860
10112	15861
10113	15862
10114	15863
10115	15864
10116	15865
10117	15866
10118	15867
10119	15868
10120	15869
10121	15870
10122	15873
10123	15874
10124	15875
10125	15878
10126	15881
10127	15882
10128	15883
10129	15884
10130	15884
10131	15885
10132	15886
10133	15887
10134	15890
10135	15891
10136	15892
10137	15895
10138	15898
10139	15899
10140	15900
10141	15903
10142	15904
10143	15904
10144	15907
10145	15907
10146	15908
10147	15909
10148	15910
10149	15910
10150	15911
10151	15912
10152	15913
10153	15916
10154	15917
10155	15918
10156	15919
10157	15920
10158	15921
10159	15922
10160	15925
10161	15926
10162	15929
10163	15930
10164	15930
10165	15932
10166	15933
10167	15934
10168	15937
10169	15938
10170	15939
10171	15940
10172	15941
10173	15942
10174	15943
10175	15944
10176	15947
10177	15948
10178	15950
10179	15953
10180	15954
10181	15955
10182	15957
10183	15957
10184	15957
10185	15960
10186	15961
10187	15964
10188	15964
10189	15965
10190	15966
10191	15966
10192	15969
10193	15970
10194	15971
10195	15972
10196	15973
10197	15974
10198	15975
10199	15978
10200	15979
10201	15980
10202	15981
10203	15981
10204	15982
10205	15983
10206	15984
10207	15984
10208	15984
10209	15985
10210	15986
10211	15989
10212	15990
10213	15993
10214	15994
10215	15995
10216	15995
10217	15996
10218	15997
10219	15999
10220	16000
10221	16001
10222	16002
10223	16005
10224	16008
10225	16009
10226	16010
10227	16013
10228	16014
10229	16017
10230	16018
10231	16019
10232	16020
10233	16021
10234	16022
10235	16022
10236	16023
10237	16025
10238	16028
10239	16029
10240	16030
10241	16030
10242	16031
10243	16031
10244	16031
10245	16032
10246	16033
10247	16036
10248	16037
10249	16038
10250	16039
10251	16040
10252	16040
10253	16040
10254	16041
10255	16041
10256	16042
10257	16043
10258	16046
10259	16047
10260	16047
10261	16048
10262	16049
10263	16050
10264	16051
10265	16054
10266	16055
10267	16056
10268	16057
10269	16058
10270	16059
10271	16062
10272	16063
10273	16064
10274	16067
10275	16068
10276	16069
10277	16070
10278	16071
10279	16072
10280	16072
10281	16072
10282	16073
10283	16073
10284	16076
10285	16079
10286	16080
10287	16081
10288	16082
10289	16083
10290	16084
10291	16085
10292	16086
10293	16087
10294	16089
10295	16090
10296	16093
10297	16094
10298	16095
10299	16098
10300	16099
10301	16102
10302	16103
10303	16104
10304	16107
10305	16109
10306	16110
10307	16110
10308	16113
10309	16114
10310	16116
10311	16117
10312	16118
10313	16119
10314	16119
10315	16120
10316	16123
10317	16123
10318	16124
10319	16125
10320	16126
10321	16127
10322	16127
10323	16128
10324	16128
10325	16129
10326	16130
10327	16131
10328	16133
10329	16136
10330	16137
10331	16137
10332	16138
10333	16139
10334	16140
10335	16140
10336	16140
10337	16141
10338	16143
10339	16144
10340	16147
10341	16148
10342	16149
10343	16150
10344	16151
10345	16152
10346	16153
10347	16154
10348	16155
10349	16156
10350	16157
10351	16158
10352	16158
10353	16159
10354	16160
10355	16163
10356	16164
10357	16167
10358	16168
10359	16169
10360	16170
10361	16171
10362	16172
10363	16175
10364	16176
10365	16177
10366	16177
10367	16177
10368	16178
10369	16179
10370	16180
10371	16181
10372	16182
10373	16183
10374	16186
10375	16187
10376	16190
10377	16191
10378	16192
10379	16193
10380	16196
10381	16198
10382	16198
10383	16199
10384	16202
10385	16203
10386	16204
10387	16205
10388	16206
10389	16207
10390	16207
10391	16210
10392	16211
10393	16212
10394	16213
10395	16214
10396	16215
10397	16216
10398	16217
10399	16219
10400	16220
10401	16221
10402	16223
10403	16224
10404	16225
10405	16228
10406	16229
10407	16229
10408	16230
10409	16231
10410	16232
10411	16233
10412	16236
10413	16237
10414	16240
10415	16241
10416	16242
10417	16243
10418	16244
10419	16245
10420	16246
10421	16249
10422	16250
10423	16252
10424	16253
10425	16254
10426	16257
10427	16258
10428	16260
10429	16263
10430	16264
10431	16264
10432	16267
10433	16268
10434	16269
10435	16269
10436	16270
10437	16271
10438	16271
10439	16271
10440	16272
10441	16272
10442	16273
10443	16274
10444	16275
10445	16278
10446	16279
10447	16282
10448	16283
10449	16284
10450	16285
10451	16286
10452	16287
10453	16288
10454	16289
10455	16289
10456	16290
10457	16291
10458	16294
10459	16295
10460	16296
10461	16297
10462	16298
10463	16299
10464	16301
10465	16302
10466	16303
10467	16304
10468	16306
10469	16309
10470	16310
10471	16311
10472	16312
10473	16315
10474	16316
10475	16317
10476	16318
10477	16319
10478	16319
10479	16320
10480	16322
10481	16323
10482	16324
10483	16325
10484	16328
10485	16331
10486	16332
10487	16333
10488	16336
10489	16337
10490	16338
10491	16339
10492	16340
10493	16341
10494	16341
10495	16342
10496	16345
10497	16346
10498	16346
10499	16347
10500	16348
10501	16349
10502	16350
10503	16353
10504	16355
10505	16356
10506	16357
10507	16358
10508	16359
10509	16360
10510	16360
10511	16361
10512	16362
10513	16363
10514	16364
10515	16365
10516	16368
10517	16369
10518	16372
10519	16373
10520	16376
10521	16377
10522	16378
10523	16379
10524	16380
10525	16381
10526	16382
10527	16385
10528	16386
10529	16387
10530	16388
10531	16389
10532	16390
10533	16391
10534	16392
10535	16393
10536	16394
10537	16396
10538	16396
10539	16397
10540	16398
10541	16399
10542	16399
10543	16400
10544	16402
10545	16403
10546	16405
10547	16406
10548	16407
10549	16409
10550	16411
10551	16412
10552	16413
10553	16415
10554	16416
10555	16419
10556	16420
10557	16421
10558	16424
10559	16425
10560	16426
10561	16429
10562	16430
10563	16431
10564	16431
10565	16431
10566	16432
10567	16433
10568	16433
10569	16436
10570	16439
10571	16440
10572	16441
10573	16442
10574	16443
10575	16443
10576	16444
10577	16446
10578	16447
10579	16448
10580	16449
10581	16450
10582	16453
10583	16454
10584	16456
10585	16457
10586	16458
10587	16459
10588	16460
10589	16460
10590	16461
10591	16464
10592	16464
10593	16467
10594	16468
10595	16469
10596	16469
10597	16469
10598	16470
10599	16470
10600	16473
10601	16474
10602	16477
10603	16477
10604	16478
10605	16479
10606	16480
10607	16481
10608	16482
10609	16483
10610	16484
10611	16485
10612	16485
10613	16486
10614	16489
10615	16490
10616	16493
10617	16494
10618	16494
10619	16495
10620	16496
10621	16497
10622	16497
10623	16500
10624	16501
10625	16502
10626	16503
10627	16504
10628	16505
10629	16508
10630	16509
10631	16510
10632	16511
10633	16514
10634	16515
10635	16516
10636	16517
10637	16518
10638	16519
10639	16519
10640	16520
10641	16521
10642	16523
10643	16526
10644	16527
10645	16528
10646	16531
10647	16532
10648	16533
10649	16534
10650	16535
10651	16536
10652	16536
10653	16537
10654	16540
10655	16540
10656	16541
10657	16542
10658	16543
10659	16544
10660	16545
10661	16547
10662	16547
10663	16550
10664	16551
10665	16552
10666	16555
10667	16556
10668	16559
10669	16560
10670	16562
10671	16563
10672	16564
10673	16567
10674	16568
10675	16571
10676	16572
10677	16573
10678	16574
10679	16575
10680	16575
10681	16576
10682	16578
10683	16578
10684	16579
10685	16580
10686	16581
10687	16582
10688	16583
10689	16583
10690	16584
10691	16585
10692	16588
10693	16589
10694	16590
10695	16591
10696	16592
10697	16593
10698	16594
10699	16595
10700	16598
10701	16599
10702	16600
10703	16601
10704	16602
10705	16603
10706	16604
10707	16606
10708	16606
10709	16607
10710	16608
10711	16610
10712	16611
10713	16612
10714	16613
10715	16616
10716	16619
10717	16619
10718	16620
10719	16622
10720	16623
10721	16624
10722	16625
10723	16626
10724	16627
10725	16627
10726	16628
10727	16630
10728	16631
10729	16632
10730	16634
10731	16637
10732	16638
10733	16639
10734	16642
10735	16643
10736	16646
10737	16646
10738	16647
10739	16648
10740	16649
10741	16649
10742	16650
10743	16653
10744	16654
10745	16655
10746	16658
10747	16659
10748	16662
10749	16663
10750	16664
10751	16665
10752	16666
10753	16667
10754	16667
10755	16668
10756	16671
10757	16671
10758	16672
10759	16672
10760	16672
10761	16673
10762	16674
10763	16676
10764	16676
10765	16677
10766	16680
10767	16680
10768	16680
10769	16681
10770	16682
10771	16683
10772	16684
10773	16687
10774	16688
10775	16689
10776	16689
10777	16690
10778	16691
10779	16692
10780	16693
10781	16694
10782	16697
10783	16698
10784	16701
10785	16702
10786	16705
10787	16706
10788	16707
10789	16708
10790	16709
10791	16709
10792	16710
10793	16711
10794	16712
10795	16713
10796	16714
10797	16715
10798	16716
10799	16718
10800	16721
10801	16722
10802	16723
10803	16724
10804	16725
10805	16725
10806	16726
10807	16727
10808	16729
10809	16730
10810	16732
10811	16733
10812	16734
10813	16736
10814	16739
10815	16740
10816	16741
10817	16744
10818	16745
10819	16746
10820	16747
10821	16748
10822	16749
10823	16750
10824	16753
10825	16754
10826	16755
10827	16756
10828	16756
10829	16758
10830	16759
10831	16760
10832	16763
10833	16764
10834	16767
10835	16768
10836	16769
10837	16770
10838	16771
10839	16773
10840	16774
10841	16777
10842	16778
10843	16779
10844	16780
10845	16783
10846	16784
10847	16785
10848	16785
10849	16786
10850	16787
10851	16788
10852	16789
10853	16790
10854	16790
10855	16791
10856	16792
10857	16793
10858	16795
10859	16798
10860	16799
10861	16800
10862	16802
10863	16803
10864	16804
10865	16807
10866	16808
10867	16810
10868	16813
10869	16814
10870	16815
10871	16816
10872	16817
10873	16818
10874	16821
10875	16822
10876	16825
10877	16826
10878	16827
10879	16828
10880	16829
10881	16829
10882	16829
10883	16830
10884	16831
10885	16834
10886	16835
10887	16838
10888	16839
10889	16840
10890	16840
10891	16841
10892	16842
10893	16845
10894	16846
10895	16847
10896	16850
10897	16850
10898	16851
10899	16852
10900	16852
10901	16853
10902	16854
10903	16855
10904	16857
10905	16860
10906	16861
10907	16862
10908	16865
10909	16867
10910	16868
10911	16869
10912	16870
10913	16873
10914	16874
10915	16875
10916	16876
10917	16877
10918	16878
10919	16878
10920	16879
10921	16882
10922	16883
10923	16884
10924	16885
10925	16886
10926	16886
10927	16887
10928	16890
10929	16891
10930	16893
10931	16894
10932	16895
10933	16897
10934	16900
10935	16901
10936	16902
10937	16903
10938	16905
10939	16906
10940	16908
10941	16911
10942	16912
10943	16912
10944	16913
10945	16914
10946	16915
10947	16916
10948	16917
10949	16917
10950	16918
10951	16919
10952	16920
10953	16920
10954	16922
10955	16923
10956	16924
10957	16926
10958	16927
10959	16928
10960	16929
10961	16930
10962	16931
10963	16931
10964	16932
10965	16933
10966	16934
10967	16935
10968	16938
10969	16939
10970	16940
10971	16942
10972	16943
10973	16944
10974	16945
10975	16946
10976	16948
10977	16949
10978	16950
10979	16950
10980	16950
10981	16951
10982	16954
10983	16955
10984	16958
10985	16959
10986	16960
10987	16960
10988	16961
10989	16962
10990	16963
10991	16963
10992	16964
10993	16965
10994	16965
10995	16966
10996	16969
10997	16970
10998	16971
10999	16971
11000	16972
11001	16973
11002	16975
11003	16977
11004	16978
11005	16979
11006	16980
11007	16981
11008	16982
11009	16985
11010	16986
11011	16987
11012	16988
11013	16989
11014	16989
11015	16990
11016	16993
11017	16994
11018	16996
11019	16997
11020	16998
11021	17000
11022	17002
11023	17003
11024	17005
11025	17006
11026	17007
11027	17008
11028	17009
11029	17010
11030	17011
11031	17012
11032	17015
11033	17016
11034	17017
11035	17019
11036	17020
11037	17023
11038	17024
11039	17025
11040	17028
11041	17029
11042	17030
11043	17033
11044	17036
11045	17037
11046	17038
11047	17039
11048	17040
11049	17040
11050	17041
11051	17041
11052	17042
11053	17043
11054	17044
11055	17046
11056	17047
11057	17048
11058	17050
11059	17053
11060	17054
11061	17055
11062	17057
11063	17057
11064	17058
11065	17061
11066	17062
11067	17065
11068	17065
11069	17065
11070	17066
11071	17066
11072	17068
11073	17069
11074	17070
11075	17071
11076	17072
11077	17073
11078	17076
11079	17079
11080	17080
11081	17081
11082	17082
11083	17082
11084	17083
11085	17084
11086	17085
11087	17085
11088	17085
11089	17086
11090	17087
11091	17090
11092	17091
11093	17093
11094	17094
11095	17095
11096	17095
11097	17095
11098	17096
11099	17098
11100	17099
11101	17100
11102	17101
11103	17102
11104	17104
11105	17105
11106	17105
11107	17106
11108	17107
11109	17107
11110	17108
11111	17111
11112	17112
11113	17115
11114	17116
11115	17117
11116	17118
11117	17119
11118	17120
11119	17121
11120	17123
11121	17124
11122	17125
11123	17126
11124	17127
11125	17130
11126	17131
11127	17131
11128	17132
11129	17135
11130	17136
11131	17139
11132	17140
11133	17141
11134	17142
11135	17143
11136	17144
11137	17144
11138	17144
11139	17145
11140	17146
11141	17147
11142	17147
11143	17149
11144	17150
11145	17151
11146	17154
11147	17155
11148	17156
11149	17157
11150	17159
11151	17160
11152	17161
11153	17162
11154	17162
11155	17165
11156	17166
11157	17166
11158	17167
11159	17168
11160	17169
11161	17170
11162	17171
11163	17172
11164	17175
11165	17178
11166	17179
11167	17180
11168	17181
11169	17181
11170	17182
11171	17183
11172	17184
11173	17186
11174	17187
11175	17188
11176	17191
11177	17192
11178	17193
11179	17196
11180	17199
11181	17200
11182	17201
11183	17202
11184	17205
11185	17206
11186	17208
11187	17211
11188	17212
11189	17212
11190	17215
11191	17216
11192	17217
11193	17218
11194	17219
11195	17220
11196	17220
11197	17221
11198	17222
11199	17223
11200	17224
11201	17225
11202	17226
11203	17229
11204	17230
11205	17231
11206	17233
11207	17234
11208	17237
11209	17238
11210	17239
11211	17239
11212	17242
11213	17243
11214	17244
11215	17245
11216	17246
11217	17247
11218	17248
11219	17251
11220	17251
11221	17252
11222	17254
11223	17255
11224	17256
11225	17258
11226	17261
11227	17262
11228	17263
11229	17266
11230	17267
11231	17270
11232	17271
11233	17272
11234	17273
11235	17274
11236	17275
11237	17275
11238	17275
11239	17276
11240	17277
11241	17280
11242	17281
11243	17282
11244	17282
11245	17283
11246	17284
11247	17285
11248	17285
11249	17286
11250	17287
11251	17287
11252	17288
11253	17291
11254	17292
11255	17295
11256	17296
11257	17297
11258	17297
11259	17298
11260	17299
11261	17302
11262	17303
11263	17304
11264	17305
11265	17308
11266	17310
11267	17311
11268	17312
11269	17314
11270	17315
11271	17318
11272	17319
11273	17320
11274	17321
11275	17321
11276	17322
11277	17322
11278	17323
11279	17323
11280	17323
11281	17324
11282	17325
11283	17326
11284	17328
11285	17331
11286	17331
11287	17332
11288	17333
11289	17334
11290	17335
11291	17335
11292	17336
11293	17337
11294	17338
11295	17338
11296	17339
11297	17342
11298	17343
11299	17344
11300	17345
11301	17346
11302	17347
11303	17350
11304	17351
11305	17352
11306	17353
11307	17354
11308	17354
11309	17356
11310	17357
11311	17358
11312	17361
11313	17362
11314	17363
11315	17364
11316	17365
11317	17365
11318	17366
11319	17367
11320	17368
11321	17369
11322	17370
11323	17371
11324	17372
11325	17375
11326	17376
11327	17377
11328	17380
11329	17381
11330	17383
11331	17383
11332	17384
11333	17387
11334	17388
11335	17391
11336	17392
11337	17393
11338	17394
11339	17395
11340	17395
11341	17396
11342	17399
11343	17400
11344	17401
11345	17402
11346	17403
11347	17404
11348	17405
11349	17406
11350	17407
11351	17409
11352	17410
11353	17412
11354	17413
11355	17414
11356	17417
11357	17418
11358	17420
11359	17420
11360	17421
11361	17424
11362	17427
11363	17428
11364	17429
11365	17432
11366	17433
11367	17436
11368	17437
11369	17438
11370	17439
11371	17439
11372	17440
11373	17441
11374	17443
11375	17444
11376	17445
11377	17446
11378	17447
11379	17447
11380	17448
11381	17448
11382	17448
11383	17449
11384	17450
11385	17452
11386	17452
11387	17453
11388	17454
11389	17455
11390	17455
11391	17455
11392	17456
11393	17458
11394	17459
11395	17462
11396	17463
11397	17463
11398	17464
11399	17465
11400	17466
11401	17469
11402	17469
11403	17470
11404	17471
11405	17472
11406	17473
11407	17476
11408	17477
11409	17478
11410	17479
11411	17482
11412	17485
11413	17486
11414	17489
11415	17490
11416	17491
11417	17492
11418	17493
11419	17494
11420	17494
11421	17497
11422	17498
11423	17499
11424	17500
11425	17501
11426	17502
11427	17503
11428	17504
11429	17506
11430	17506
11431	17507
11432	17510
11433	17511
11434	17512
11435	17515
11436	17518
11437	17519
11438	17520
11439	17521
11440	17521
11441	17523
11442	17524
11443	17527
11444	17528
11445	17529
11446	17530
11447	17531
11448	17532
11449	17532
11450	17533
11451	17536
11452	17536
11453	17537
11454	17538
11455	17539
11456	17540
11457	17541
11458	17544
11459	17545
11460	17546
11461	17547
11462	17550
11463	17551
11464	17552
11465	17554
11466	17555
11467	17558
11468	17561
11469	17562
11470	17563
11471	17566
11472	17567
11473	17570
11474	17571
11475	17572
11476	17573
11477	17574
11478	17574
11479	17575
11480	17576
11481	17576
11482	17578
11483	17578
11484	17578
11485	17580
11486	17581
11487	17582
11488	17583
11489	17584
11490	17585
11491	17585
11492	17586
11493	17586
11494	17589
11495	17589
11496	17589
11497	17592
11498	17593
11499	17594
11500	17594
11501	17595
11502	17596
11503	17597
11504	17598
11505	17599
11506	17600
11507	17601
11508	17603
11509	17604
11510	17605
11511	17606
11512	17607
11513	17608
11514	17609
11515	17610
11516	17612
11517	17613
11518	17615
11519	17616
11520	17617
11521	17619
11522	17622
11523	17623
11524	17624
11525	17627
11526	17627
11527	17628
11528	17629
11529	17632
11530	17633
11531	17634
11532	17634
11533	17635
11534	17636
11535	17637
11536	17638
11537	17641
11538	17642
11539	17645
11540	17646
11541	17647
11542	17648
11543	17649
11544	17650
11545	17651
11546	17652
11547	17653
11548	17656
11549	17657
11550	17658
11551	17659
11552	17660
11553	17661
11554	17662
11555	17663
11556	17664
11557	17665
11558	17666
11559	17667
11560	17668
11561	17670
11562	17671
11563	17673
11564	17674
11565	17674
11566	17676
11567	17677
11568	17678
11569	17678
11570	17679
11571	17680
11572	17681
11573	17682
11574	17683
11575	17686
11576	17687
11577	17690
11578	17691
11579	17694
11580	17695
11581	17696
11582	17697
11583	17698
11584	17699
11585	17700
11586	17701
11587	17702
11588	17703
11589	17703
11590	17704
11591	17707
11592	17708
11593	17708
11594	17711
11595	17712
11596	17713
11597	17714
11598	17715
11599	17716
11600	17718
11601	17719
11602	17722
11603	17723
11604	17724
11605	17726
11606	17729
11607	17730
11608	17730
11609	17733
11610	17733
11611	17735
11612	17736
11613	17737
11614	17738
11615	17739
11616	17739
11617	17740
11618	17743
11619	17744
11620	17745
11621	17748
11622	17749
11623	17750
11624	17753
11625	17754
11626	17755
11627	17756
11628	17757
11629	17758
11630	17758
11631	17759
11632	17760
11633	17761
11634	17762
11635	17763
11636	17764
11637	17767
11638	17767
11639	17768
11640	17770
11641	17771
11642	17772
11643	17773
11644	17774
11645	17777
11646	17780
11647	17781
11648	17782
11649	17785
11650	17786
11651	17789
11652	17790
11653	17790
11654	17791
11655	17792
11656	17792
11657	17793
11658	17795
11659	17796
11660	17796
11661	17797
11662	17799
11663	17800
11664	17801
11665	17803
11666	17804
11667	17804
11668	17805
11669	17806
11670	17807
11671	17808
11672	17811
11673	17812
11674	17813
11675	17813
11676	17814
11677	17815
11678	17815
11679	17816
11680	17819
11681	17820
11682	17823
11683	17824
11684	17825
11685	17826
11686	17827
11687	17828
11688	17829
11689	17830
11690	17831
11691	17832
11692	17833
11693	17833
11694	17834
11695	17837
11696	17838
11697	17839
11698	17840
11699	17841
11700	17842
11701	17843
11702	17843
11703	17843
11704	17844
11705	17847
11706	17848
11707	17850
11708	17851
11709	17852
11710	17854
11711	17855
11712	17857
11713	17860
11714	17861
11715	17862
11716	17864
11717	17865
11718	17866
11719	17867
11720	17868
11721	17869
11722	17869
11723	17870
11724	17871
11725	17872
11726	17873
11727	17873
11728	17874
11729	17877
11730	17877
11731	17878
11732	17880
11733	17881
11734	17882
11735	17883
11736	17886
11737	17887
11738	17890
11739	17891
11740	17892
11741	17895
11742	17896
11743	17897
11744	17900
11745	17901
11746	17904
11747	17905
11748	17906
11749	17907
11750	17908
11751	17908
11752	17909
11753	17910
11754	17911
11755	17912
11756	17913
11757	17914
11758	17915
11759	17918
11760	17921
11761	17922
11762	17923
11763	17926
11764	17928
11765	17929
11766	17929
11767	17929
11768	17931
11769	17932
11770	17933
11771	17934
11772	17935
11773	17935
11774	17935
11775	17936
11776	17939
11777	17940
11778	17940
11779	17941
11780	17942
11781	17943
11782	17946
11783	17947
11784	17950
11785	17951
11786	17952
11787	17953
11788	17956
11789	17957
11790	17959
11791	17962
11792	17963
11793	17964
11794	17965
11795	17966
11796	17966
11797	17966
11798	17967
11799	17968
11800	17969
11801	17970
11802	17971
11803	17972
11804	17975
11805	17976
11806	17977
11807	17979
11808	17980
11809	17983
11810	17984
11811	17985
11812	17986
11813	17988
11814	17989
11815	17990
11816	17991
11817	17992
11818	17993
11819	17994
11820	17997
11821	17998
11822	17998
11823	18000
11824	18002
11825	18003
11826	18004
11827	18007
11828	18008
11829	18010
11830	18011
11831	18012
11832	18013
11833	18014
11834	18017
11835	18017
11836	18018
11837	18018
11838	18018
11839	18019
11840	18020
11841	18023
11842	18024
11843	18025
11844	18025
11845	18026
11846	18027
11847	18028
11848	18029
11849	18029
11850	18030
11851	18031
11852	18033
11853	18034
11854	18035
11855	18035
11856	18036
11857	18036
11858	18039
11859	18040
11860	18043
11861	18044
11862	18045
11863	18046
11864	18047
11865	18048
11866	18049
11867	18050
11868	18051
11869	18052
11870	18053
11871	18053
11872	18053
11873	18056
11874	18056
11875	18059
11876	18060
11877	18061
11878	18062
11879	18063
11880	18064
11881	18065
11882	18068
11883	18069
11884	18070
11885	18071
11886	18072
11887	18073
11888	18073
11889	18074
11890	18076
11891	18079
11892	18079
11893	18080
11894	18081
11895	18081
11896	18082
11897	18082
11898	18083
11899	18084
11900	18084
11901	18085
11902	18086
11903	18087
11904	18089
11905	18090
11906	18092
11907	18093
11908	18094
11909	18095
11910	18098
11911	18099
11912	18100
11913	18101
11914	18102
11915	18105
11916	18106
11917	18109
11918	18110
11919	18111
11920	18114
11921	18115
11922	18116
11923	18117
11924	18118
11925	18119
11926	18119
11927	18119
11928	18119
11929	18120
11930	18121
11931	18122
11932	18123
11933	18126
11934	18127
11935	18128
11936	18129
11937	18130
11938	18131
11939	18131
11940	18133
11941	18133
11942	18134
11943	18135
11944	18136
11945	18137
11946	18138
11947	18139
11948	18140
11949	18141
11950	18142
11951	18145
11952	18146
11953	18147
11954	18150
11955	18153
11956	18154
11957	18155
11958	18156
11959	18157
11960	18158
11961	18159
11962	18160
11963	18161
11964	18162
11965	18163
11966	18166
11967	18167
11968	18168
11969	18171
11970	18172
11971	18173
11972	18174
11973	18175
11974	18177
11975	18178
11976	18179
11977	18180
11978	18181
11979	18181
11980	18181
11981	18182
11982	18185
11983	18186
11984	18187
11985	18188
11986	18189
11987	18190
11988	18193
11989	18194
11990	18195
11991	18196
11992	18197
11993	18198
11994	18198
11995	18200
11996	18201
11997	18202
11998	18203
11999	18204
12000	18205
12001	18206
12002	18207
12003	18207
12004	18208
12005	18211
12006	18212
12007	18214
12008	18215
12009	18216
12010	18218
12011	18219
12012	18220
12013	18221
12014	18222
12015	18223
12016	18224
12017	18225
12018	18227
12019	18228
12020	18228
12021	18230
12022	18232
12023	18233
12024	18233
12025	18235
12026	18238
12027	18239
12028	18240
12029	18243
12030	18246
12031	18247
12032	18248
12033	18251
12034	18252
12035	18255
12036	18255
12037	18256
12038	18257
12039	18258
12040	18259
12041	18259
12042	18259
12043	18262
12044	18263
12045	18263
12046	18264
12047	18264
12048	18265
12049	18266
12050	18267
12051	18270
12052	18271
12053	18274
12054	18275
12055	18275
12056	18276
12057	18277
12058	18278
12059	18278
12060	18279
12061	18280
12062	18281
12063	18282
12064	18283
12065	18286
12066	18287
12067	18290
12068	18291
12069	18294
12070	18295
12071	18296
12072	18297
12073	18298
12074	18298
12075	18299
12076	18300
12077	18301
12078	18302
12079	18302
12080	18305
12081	18306
12082	18307
12083	18308
12084	18309
12085	18310
12086	18311
12087	18312
12088	18314
12089	18315
12090	18317
12091	18318
12092	18319
12093	18321
12094	18322
12095	18323
12096	18323
12097	18324
12098	18325
12099	18326
12100	18327
12101	18328
12102	18331
12103	18331
12104	18332
12105	18335
12106	18336
12107	18336
12108	18338
12109	18339
12110	18342
12111	18343
12112	18344
12113	18344
12114	18345
12115	18346
12116	18349
12117	18350
12118	18351
12119	18352
12120	18352
12121	18353
12122	18356
12123	18357
12124	18358
12125	18359
12126	18360
12127	18361
12128	18362
12129	18364
12130	18365
12131	18367
12132	18370
12133	18371
12134	18372
12135	18374
12136	18375
12137	18375
12138	18376
12139	18377
12140	18378
12141	18378
12142	18381
12143	18382
12144	18383
12145	18384
12146	18385
12147	18386
12148	18387
12149	18388
12150	18390
12151	18391
12152	18391
12153	18392
12154	18393
12155	18396
12156	18397
12157	18398
12158	18399
12159	18400
12160	18401
12161	18402
12162	18404
12163	18405
12164	18408
12165	18408
12166	18409
12167	18412
12168	18413
12169	18415
12170	18415
12171	18416
12172	18417
12173	18418
12174	18418
12175	18419
12176	18422
12177	18423
12178	18424
12179	18427
12180	18428
12181	18431
12182	18432
12183	18433
12184	18434
12185	18434
12186	18435
12187	18436
12188	18437
12189	18440
12190	18440
12191	18440
12192	18440
12193	18441
12194	18442
12195	18442
12196	18443
12197	18445
12198	18446
12199	18449
12200	18450
12201	18451
12202	18452
12203	18455
12204	18455
12205	18455
12206	18456
12207	18457
12208	18458
12209	18461
12210	18462
12211	18463
12212	18463
12213	18464
12214	18465
12215	18466
12216	18467
12217	18470
12218	18471
12219	18472
12220	18473
12221	18474
12222	18475
12223	18476
12224	18477
12225	18479
12226	18482
12227	18483
12228	18484
12229	18485
12230	18486
12231	18487
12232	18487
12233	18490
12234	18491
12235	18492
12236	18492
12237	18493
12238	18494
12239	18495
12240	18496
12241	18498
12242	18499
12243	18501
12244	18502
12245	18503
12246	18505
12247	18508
12248	18509
12249	18510
12250	18513
12251	18514
12252	18515
12253	18516
12254	18517
12255	18518
12256	18519
12257	18519
12258	18520
12259	18522
12260	18525
12261	18526
12262	18526
12263	18527
12264	18530
12265	18531
12266	18532
12267	18533
12268	18534
12269	18537
12270	18538
12271	18541
12272	18542
12273	18545
12274	18546
12275	18547
12276	18548
12277	18548
12278	18549
12279	18550
12280	18550
12281	18551
12282	18554
12283	18555
12284	18558
12285	18559
12286	18560
12287	18560
12288	18561
12289	18562
12290	18563
12291	18564
12292	18565
12293	18566
12294	18567
12295	18568
12296	18571
12297	18572
12298	18574
12299	18575
12300	18576
12301	18577
12302	18577
12303	18578
12304	18581
12305	18582
12306	18585
12307	18588
12308	18589
12309	18590
12310	18591
12311	18592
12312	18593
12313	18595
12314	18596
12315	18597
12316	18598
12317	18601
12318	18602
12319	18603
12320	18603
12321	18604
12322	18605
12323	18608
12324	18609
12325	18610
12326	18613
12327	18615
12328	18616
12329	18617
12330	18619
12331	18620
12332	18621
12333	18622
12334	18623
12335	18623
12336	18624
12337	18625
12338	18626
12339	18629
12340	18632
12341	18633
12342	18634
12343	18637
12344	18638
12345	18638
12346	18639
12347	18640
12348	18641
12349	18641
12350	18642
12351	18643
12352	18644
12353	18645
12354	18647
12355	18648
12356	18649
12357	18650
12358	18652
12359	18654
12360	18655
12361	18656
12362	18657
12363	18658
12364	18659
12365	18660
12366	18661
12367	18661
12368	18664
12369	18665
12370	18666
12371	18668
12372	18670
12373	18671
12374	18672
12375	18675
12376	18676
12377	18677
12378	18680
12379	18681
12380	18682
12381	18684
12382	18684
12383	18685
12384	18686
12385	18687
12386	18688
12387	18688
12388	18689
12389	18690
12390	18690
12391	18691
12392	18692
12393	18693
12394	18696
12395	18697
12396	18698
12397	18700
12398	18700
12399	18701
12400	18702
12401	18702
12402	18705
12403	18706
12404	18707
12405	18708
12406	18709
12407	18710
12408	18712
12409	18713
12410	18716
12411	18717
12412	18718
12413	18719
12414	18719
12415	18720
12416	18721
12417	18722
12418	18722
12419	18722
12420	18723
12421	18724
12422	18727
12423	18728
12424	18729
12425	18729
12426	18730
12427	18731
12428	18732
12429	18732
12430	18734
12431	18734
12432	18735
12433	18735
12434	18736
12435	18736
12436	18737
12437	18740
12438	18741
12439	18742
12440	18743
12441	18744
12442	18745
12443	18746
12444	18747
12445	18750
12446	18751
12447	18752
12448	18753
12449	18754
12450	18755
12451	18755
12452	18758
12453	18759
12454	18760
12455	18762
12456	18763
12457	18764
12458	18767
12459	18767
12460	18769
12461	18770
12462	18771
12463	18772
12464	18773
12465	18776
12466	18777
12467	18780
12468	18781
12469	18783
12470	18784
12471	18785
12472	18785
12473	18786
12474	18789
12475	18790
12476	18791
12477	18792
12478	18793
12479	18794
12480	18795
12481	18796
12482	18797
12483	18800
12484	18801
12485	18802
12486	18805
12487	18808
12488	18809
12489	18810
12490	18811
12491	18811
12492	18811
12493	18812
12494	18813
12495	18814
12496	18817
12497	18818
12498	18819
12499	18820
12500	18821
12501	18822
12502	18823
12503	18826
12504	18826
12505	18827
12506	18829
12507	18832
12508	18833
12509	18834
12510	18835
12511	18838
12512	18839
12513	18841
12514	18844
12515	18845
12516	18846
12517	18847
12518	18847
12519	18848
12520	18849
12521	18850
12522	18850
12523	18850
12524	18851
12525	18852
12526	18855
12527	18856
12528	18859
12529	18860
12530	18860
12531	18860
12532	18861
12533	18862
12534	18863
12535	18863
12536	18865
12537	18866
12538	18867
12539	18868
12540	18869
12541	18870
12542	18873
12543	18874
12544	18874
12545	18875
12546	18876
12547	18876
12548	18876
12549	18879
12550	18880
12551	18883
12552	18884
12553	18885
12554	18886
12555	18889
12556	18890
12557	18892
12558	18895
12559	18896
12560	18899
12561	18900
12562	18901
12563	18902
12564	18903
12565	18904
12566	18904
12567	18905
12568	18906
12569	18907
12570	18908
12571	18909
12572	18909
12573	18912
12574	18913
12575	18914
12576	18916
12577	18917
12578	18919
12579	18920
12580	18921
12581	18923
12582	18923
12583	18924
12584	18925
12585	18926
12586	18928
12587	18929
12588	18930
12589	18932
12590	18932
12591	18933
12592	18935
12593	18938
12594	18939
12595	18940
12596	18943
12597	18944
12598	18947
12599	18948
12600	18949
12601	18950
12602	18951
12603	18954
12604	18954
12605	18954
12606	18954
12607	18955
12608	18957
12609	18958
12610	18961
12611	18962
12612	18963
12613	18963
12614	18964
12615	18965
12616	18966
12617	18966
12618	18967
12619	18968
12620	18968
12621	18969
12622	18972
12623	18973
12624	18975
12625	18976
12626	18977
12627	18977
12628	18977
12629	18978
12630	18980
12631	18980
12632	18981
12633	18982
12634	18985
12635	18988
12636	18989
12637	18990
12638	18993
12639	18994
12640	18997
12641	18998
12642	18999
12643	19000
12644	19001
12645	19002
12646	19002
12647	19004
12648	19005
12649	19005
12650	19005
12651	19005
12652	19006
12653	19007
12654	19008
12655	19010
12656	19011
12657	19012
12658	19013
12659	19014
12660	19014
12661	19014
12662	19015
12663	19016
12664	19016
12665	19017
12666	19019
12667	19020
12668	19023
12669	19024
12670	19024
12671	19025
12672	19026
12673	19027
12674	19028
12675	19031
12676	19032
12677	19032
12678	19033
12679	19034
12680	19035
12681	19038
12682	19039
12683	19042
12684	19043
12685	19046
12686	19047
12687	19050
12688	19051
12689	19052
12690	19053
12691	19054
12692	19054
12693	19055
12694	19058
12695	19059
12696	19060
12697	19061
12698	19062
12699	19063
12700	19064
12701	19065
12702	19066
12703	19068
12704	19071
12705	19072
12706	19073
12707	19076
12708	19077
12709	19080
12710	19081
12711	19082
12712	19085
12713	19087
12714	19088
12715	19089
12716	19092
12717	19093
12718	19095
12719	19096
12720	19097
12721	19098
12722	19098
12723	19099
12724	19099
12725	19102
12726	19102
12727	19103
12728	19104
12729	19105
12730	19106
12731	19106
12732	19107
12733	19107
12734	19108
12735	19109
12736	19110
12737	19113
12738	19114
12739	19114
12740	19114
12741	19115
12742	19116
12743	19117
12744	19119
12745	19120
12746	19123
12747	19124
12748	19125
12749	19126
12750	19127
12751	19128
12752	19129
12753	19130
12754	19131
12755	19132
12756	19133
12757	19134
12758	19135
12759	19138
12760	19139
12761	19140
12762	19141
12763	19142
12764	19142
12765	19143
12766	19144
12767	19145
12768	19146
12769	19147
12770	19150
12771	19151
12772	19154
12773	19155
12774	19156
12775	19157
12776	19160
12777	19162
12778	19162
12779	19163
12780	19166
12781	19167
12782	19168
12783	19169
12784	19170
12785	19171
12786	19171
12787	19174
12788	19175
12789	19176
12790	19177
12791	19178
12792	19179
12793	19180
12794	19181
12795	19183
12796	19184
12797	19185
12798	19187
12799	19188
12800	19189
12801	19192
12802	19192
12803	19193
12804	19194
12805	19195
12806	19196
12807	19197
12808	19200
12809	19201
12810	19202
12811	19202
12812	19203
12813	19206
12814	19207
12815	19210
12816	19211
12817	19212
12818	19213
12819	19214
12820	19215
12821	19216
12822	19219
12823	19220
12824	19221
12825	19222
12826	19223
12827	19224
12828	19225
12829	19226
12830	19227
12831	19228
12832	19229
12833	19230
12834	19231
12835	19232
12836	19233
12837	19235
12838	19236
12839	19238
12840	19239
12841	19239
12842	19241
12843	19242
12844	19243
12845	19246
12846	19247
12847	19248
12848	19249
12849	19250
12850	19253
12851	19253
12852	19255
12853	19256
12854	19257
12855	19258
12856	19258
12857	19259
12858	19260
12859	19261
12860	19264
12861	19265
12862	19265
12863	19266
12864	19267
12865	19268
12866	19269
12867	19272
12868	19273
12869	19276
12870	19277
12871	19278
12872	19279
12873	19280
12874	19283
12875	19284
12876	19286
12877	19289
12878	19290
12879	19291
12880	19294
12881	19295
12882	19298
12883	19299
12884	19300
12885	19301
12886	19302
12887	19303
12888	19303
12889	19304
12890	19304
12891	19304
12892	19306
12893	19306
12894	19307
12895	19308
12896	19308
12897	19311
12898	19311
12899	19312
12900	19313
12901	19314
12902	19315
12903	19318
12904	19319
12905	19320
12906	19321
12907	19321
12908	19322
12909	19323
12910	19324
12911	19325
12912	19326
12913	19327
12914	19329
12915	19329
12916	19330
12917	19331
12918	19332
12919	19333
12920	19334
12921	19335
12922	19336
12923	19338
12924	19339
12925	19341
12926	19342
12927	19343
12928	19345
12929	19348
12930	19349
12931	19350
12932	19353
12933	19353
12934	19354
12935	19355
12936	19356
12937	19357
12938	19357
12939	19360
12940	19361
12941	19364
12942	19365
12943	19366
12944	19367
12945	19368
12946	19369
12947	19370
12948	19371
12949	19371
12950	19372
12951	19373
12952	19376
12953	19378
12954	19379
12955	19381
12956	19382
12957	19383
12958	19385
12959	19388
12960	19389
12961	19390
12962	19391
12963	19393
12964	19394
12965	19395
12966	19396
12967	19397
12968	19397
12969	19398
12970	19401
12971	19402
12972	19403
12973	19406
12974	19408
12975	19409
12976	19409
12977	19409
12978	19410
12979	19411
12980	19411
12981	19412
12982	19413
12983	19414
12984	19417
12985	19418
12986	19419
12987	19420
12988	19421
12989	19421
12990	19422
12991	19425
12992	19426
12993	19427
12994	19428
12995	19429
12996	19430
12997	19431
12998	19433
12999	19434
13000	19436
13001	19437
13002	19438
13003	19440
13004	19442
13005	19443
13006	19444
13007	19445
13008	19446
13009	19447
13010	19448
13011	19449
13012	19450
13013	19453
13014	19454
13015	19455
13016	19457
13017	19460
13018	19461
13019	19462
13020	19465
13021	19466
13022	19467
13023	19469
13024	19470
13025	19470
13026	19473
13027	19473
13028	19475
13029	19477
13030	19478
13031	19479
13032	19482
13033	19483
13034	19484
13035	19486
13036	19487
13037	19490
13038	19490
13039	19491
13040	19492
13041	19492
13042	19493
13043	19494
13044	19495
13045	19496
13046	19497
13047	19500
13048	19500
13049	19503
13050	19504
13051	19505
13052	19506
13053	19506
13054	19507
13055	19508
13056	19508
13057	19508
13058	19509
13059	19509
13060	19510
13061	19511
13062	19511
13063	19512
13064	19515
13065	19516
13066	19517
13067	19517
13068	19518
13069	19519
13070	19520
13071	19521
13072	19524
13073	19525
13074	19528
13075	19529
13076	19530
13077	19531
13078	19532
13079	19533
13080	19534
13081	19535
13082	19536
13083	19536
13084	19537
13085	19538
13086	19541
13087	19541
13088	19544
13089	19545
13090	19546
13091	19547
13092	19548
13093	19549
13094	19550
13095	19553
13096	19554
13097	19556
13098	19557
13099	19557
13100	19560
13101	19561
13102	19563
13103	19566
13104	19567
13105	19567
13106	19569
13107	19570
13108	19571
13109	19572
13110	19573
13111	19573
13112	19574
13113	19575
13114	19576
13115	19577
13116	19578
13117	19579
13118	19582
13119	19583
13120	19585
13121	19586
13122	19587
13123	19588
13124	19591
13125	19592
13126	19593
13127	19594
13128	19597
13129	19597
13130	19597
13131	19598
13132	19599
13133	19600
13134	19600
13135	19601
13136	19604
13137	19605
13138	19606
13139	19609
13140	19610
13141	19613
13142	19614
13143	19615
13144	19616
13145	19617
13146	19617
13147	19618
13148	19619
13149	19620
13150	19620
13151	19621
13152	19622
13153	19623
13154	19625
13155	19626
13156	19626
13157	19627
13158	19627
13159	19628
13160	19630
13161	19633
13162	19634
13163	19637
13164	19638
13165	19639
13166	19640
13167	19641
13168	19642
13169	19643
13170	19644
13171	19645
13172	19646
13173	19646
13174	19647
13175	19647
13176	19650
13177	19651
13178	19654
13179	19655
13180	19656
13181	19657
13182	19658
13183	19658
13184	19661
13185	19662
13186	19663
13187	19664
13188	19665
13189	19666
13190	19666
13191	19667
13192	19668
13193	19670
13194	19672
13195	19672
13196	19673
13197	19673
13198	19674
13199	19675
13200	19675
13201	19675
13202	19676
13203	19677
13204	19678
13205	19679
13206	19682
13207	19683
13208	19684
13209	19685
13210	19686
13211	19687
13212	19688
13213	19688
13214	19689
13215	19690
13216	19690
13217	19691
13218	19692
13219	19693
13220	19695
13221	19696
13222	19698
13223	19699
13224	19700
13225	19701
13226	19702
13227	19705
13228	19706
13229	19707
13230	19710
13231	19711
13232	19712
13233	19715
13234	19716
13235	19719
13236	19720
13237	19721
13238	19722
13239	19723
13240	19723
13241	19724
13242	19727
13243	19728
13244	19729
13245	19730
13246	19731
13247	19732
13248	19733
13249	19734
13250	19735
13251	19736
13252	19737
13253	19740
13254	19741
13255	19742
13256	19745
13257	19745
13258	19746
13259	19747
13260	19748
13261	19749
13262	19750
13263	19751
13264	19752
13265	19753
13266	19754
13267	19757
13268	19758
13269	19759
13270	19762
13271	19764
13272	19765
13273	19766
13274	19767
13275	19768
13276	19769
13277	19770
13278	19771
13279	19771
13280	19772
13281	19775
13282	19776
13283	19778
13284	19779
13285	19780
13286	19781
13287	19782
13288	19783
13289	19784
13290	19786
13291	19787
13292	19787
13293	19788
13294	19789
13295	19789
13296	19789
13297	19791
13298	19793
13299	19794
13300	19795
13301	19796
13302	19797
13303	19798
13304	19800
13305	19801
13306	19802
13307	19803
13308	19804
13309	19804
13310	19804
13311	19805
13312	19806
13313	19807
13314	19810
13315	19811
13316	19812
13317	19813
13318	19816
13319	19817
13320	19818
13321	19819
13322	19820
13323	19820
13324	19821
13325	19824
13326	19825
13327	19826
13328	19829
13329	19832
13330	19833
13331	19834
13332	19837
13333	19838
13334	19841
13335	19842
13336	19842
13337	19842
13338	19842
13339	19843
13340	19844
13341	19844
13342	19847
13343	19847
13344	19848
13345	19849
13346	19850
13347	19851
13348	19851
13349	19852
13350	19855
13351	19856
13352	19859
13353	19859
13354	19860
13355	19861
13356	19862
13357	19863
13358	19866
13359	19867
13360	19868
13361	19868
13362	19869
13363	19870
13364	19871
13365	19872
13366	19875
13367	19876
13368	19877
13369	19878
13370	19879
13371	19882
13372	19883
13373	19884
13374	19885
13375	19886
13376	19887
13377	19887
13378	19890
13379	19891
13380	19892
13381	19893
13382	19894
13383	19895
13384	19896
13385	19897
13386	19899
13387	19900
13388	19902
13389	19903
13390	19904
13391	19906
13392	19907
13393	19908
13394	19908
13395	19909
13396	19910
13397	19910
13398	19911
13399	19914
13400	19914
13401	19914
13402	19916
13403	19917
13404	19920
13405	19921
13406	19922
13407	19923
13408	19926
13409	19927
13410	19928
13411	19928
13412	19929
13413	19930
13414	19933
13415	19934
13416	19935
13417	19936
13418	19939
13419	19940
13420	19941
13421	19942
13422	19945
13423	19946
13424	19948
13425	19949
13426	19950
13427	19950
13428	19951
13429	19952
13430	19953
13431	19954
13432	19955
13433	19955
13434	19955
13435	19956
13436	19959
13437	19960
13438	19961
13439	19962
13440	19963
13441	19964
13442	19965
13443	19968
13444	19969
13445	19972
13446	19973
13447	19974
13448	19975
13449	19976
13450	19977
13451	19980
13452	19981
13453	19983
13454	19986
13455	19987
13456	19988
13457	19989
13458	19992
13459	19993
13460	19994
13461	19995
13462	19996
13463	19997
13464	19997
13465	19998
13466	19998
13467	20001
13468	20002
13469	20003
13470	20004
13471	20005
13472	20005
13473	20006
13474	20007
13475	20009
13476	20010
13477	20011
13478	20012
13479	20014
13480	20014
13481	20015
13482	20016
13483	20017
13484	20018
13485	20019
13486	20019
13487	20020
13488	20022
13489	20023
13490	20024
13491	20027
13492	20028
13493	20029
13494	20031
13495	20031
13496	20032
13497	20033
13498	20033
13499	20036
13500	20037
13501	20038
13502	20038
13503	20039
13504	20040
13505	20041
13506	20042
13507	20045
13508	20046
13509	20049
13510	20050
13511	20051
13512	20052
13513	20052
13514	20053
13515	20054
13516	20055
13517	20056
13518	20057
13519	20059
13520	20060
13521	20061
13522	20061
13523	20062
13524	20063
13525	20063
13526	20064
13527	20065
13528	20067
13529	20068
13530	20069
13531	20071
13532	20073
13533	20074
13534	20075
13535	20076
13536	20077
13537	20079
13538	20080
13539	20083
13540	20084
13541	20085
13542	20086
13543	20086
13544	20087
13545	20087
13546	20088
13547	20090
13548	20091
13549	20092
13550	20093
13551	20094
13552	20097
13553	20098
13554	20099
13555	20100
13556	20100
13557	20101
13558	20102
13559	20103
13560	20104
13561	20105
13562	20106
13563	20109
13564	20111
13565	20112
13566	20112
13567	20113
13568	20114
13569	20115
13570	20116
13571	20117
13572	20119
13573	20119
13574	20120
13575	20122
13576	20123
13577	20124
13578	20127
13579	20128
13580	20128
13581	20128
13582	20129
13583	20130
13584	20131
13585	20133
13586	20133
13587	20136
13588	20139
13589	20140
13590	20141
13591	20142
13592	20143
13593	20144
13594	20145
13595	20147
13596	20148
13597	20151
13598	20152
13599	20153
13600	20155
13601	20155
13602	20156
13603	20157
13604	20158
13605	20159
13606	20162
13607	20163
13608	20163
13609	20163
13610	20164
13611	20165
13612	20166
13613	20167
13614	20169
13615	20170
13616	20171
13617	20172
13618	20173
13619	20174
13620	20177
13621	20178
13622	20178
13623	20179
13624	20180
13625	20181
13626	20182
13627	20183
13628	20184
13629	20185
13630	20188
13631	20189
13632	20189
13633	20190
13634	20191
13635	20192
13636	20193
13637	20194
13638	20195
13639	20198
13640	20199
13641	20200
13642	20202
13643	20205
13644	20206
13645	20207
13646	20210
13647	20210
13648	20213
13649	20214
13650	20215
13651	20216
13652	20216
13653	20216
13654	20217
13655	20217
13656	20218
13657	20221
13658	20222
13659	20224
13660	20224
13661	20225
13662	20225
13663	20226
13664	20227
13665	20227
13666	20228
13667	20229
13668	20230
13669	20231
13670	20234
13671	20235
13672	20236
13673	20238
13674	20241
13675	20242
13676	20243
13677	20246
13678	20247
13679	20248
13680	20251
13681	20252
13682	20255
13683	20256
13684	20257
13685	20258
13686	20259
13687	20260
13688	20263
13689	20264
13690	20265
13691	20266
13692	20267
13693	20267
13694	20267
13695	20268
13696	20269
13697	20272
13698	20273
13699	20276
13700	20277
13701	20278
13702	20278
13703	20278
13704	20279
13705	20279
13706	20280
13707	20281
13708	20282
13709	20283
13710	20286
13711	20287
13712	20288
13713	20288
13714	20291
13715	20292
13716	20293
13717	20295
13718	20296
13719	20299
13720	20300
13721	20303
13722	20304
13723	20307
13724	20308
13725	20309
13726	20310
13727	20311
13728	20311
13729	20311
13730	20313
13731	20313
13732	20314
13733	20315
13734	20318
13735	20319
13736	20319
13737	20321
13738	20323
13739	20324
13740	20324
13741	20325
13742	20326
13743	20327
13744	20328
13745	20331
13746	20332
13747	20332
13748	20333
13749	20333
13750	20336
13751	20337
13752	20337
13753	20338
13754	20339
13755	20340
13756	20341
13757	20342
13758	20342
13759	20343
13760	20344
13761	20345
13762	20346
13763	20347
13764	20348
13765	20349
13766	20352
13767	20353
13768	20355
13769	20356
13770	20356
13771	20359
13772	20360
13773	20361
13774	20364
13775	20365
13776	20366
13777	20366
13778	20369
13779	20370
13780	20371
13781	20371
13782	20372
13783	20373
13784	20374
13785	20375
13786	20378
13787	20379
13788	20382
13789	20383
13790	20384
13791	20384
13792	20385
13793	20386
13794	20387
13795	20390
13796	20390
13797	20391
13798	20392
13799	20393
13800	20394
13801	20395
13802	20396
13803	20398
13804	20399
13805	20401
13806	20402
13807	20403
13808	20405
13809	20407
13810	20408
13811	20409
13812	20409
13813	20409
13814	20410
13815	20411
13816	20412
13817	20413
13818	20415
13819	20416
13820	20419
13821	20420
13822	20421
13823	20422
13824	20423
13825	20424
13826	20425
13827	20426
13828	20427
13829	20427
13830	20428
13831	20431
13832	20432
13833	20433
13834	20434
13835	20435
13836	20436
13837	20437
13838	20439
13839	20440
13840	20441
13841	20442
13842	20443
13843	20445
13844	20446
13845	20447
13846	20449
13847	20452
13848	20453
13849	20454
13850	20455
13851	20456
13852	20457
13853	20458
13854	20458
13855	20459
13856	20460
13857	20461
13858	20462
13859	20463
13860	20464
13861	20467
13862	20470
13863	20471
13864	20472
13865	20475
13866	20477
13867	20478
13868	20478
13869	20478
13870	20479
13871	20480
13872	20481
13873	20482
13874	20483
13875	20483
13876	20484
13877	20487
13878	20487
13879	20487
13880	20488
13881	20490
13882	20492
13883	20493
13884	20494
13885	20495
13886	20496
13887	20497
13888	20498
13889	20501
13890	20502
13891	20503
13892	20505
13893	20505
13894	20508
13895	20509
13896	20510
13897	20511
13898	20512
13899	20513
13900	20514
13901	20515
13902	20516
13903	20516
13904	20517
13905	20520
13906	20521
13907	20522
13908	20524
13909	20526
13910	20527
13911	20528
13912	20531
13913	20532
13914	20534
13915	20535
13916	20536
13917	20537
13918	20538
13919	20540
13920	20540
13921	20541
13922	20541
13923	20541
13924	20542
13925	20545
13926	20546
13927	20549
13928	20549
13929	20550
13930	20550
13931	20551
13932	20552
13933	20553
13934	20554
13935	20554
13936	20555
13937	20557
13938	20557
13939	20558
13940	20561
13941	20564
13942	20565
13943	20566
13944	20568
13945	20569
13946	20572
13947	20572
13948	20573
13949	20574
13950	20575
13951	20576
13952	20577
13953	20580
13954	20581
13955	20582
13956	20583
13957	20584
13958	20584
13959	20584
13960	20585
13961	20586
13962	20587
13963	20589
13964	20592
13965	20593
13966	20593
13967	20593
13968	20594
13969	20595
13970	20596
13971	20596
13972	20597
13973	20599
13974	20600
13975	20603
13976	20604
13977	20605
13978	20606
13979	20607
13980	20608
13981	20611
13982	20611
13983	20612
13984	20613
13985	20614
13986	20615
13987	20616
13988	20617
13989	20618
13990	20618
13991	20618
13992	20618
13993	20619
13994	20622
13995	20623
13996	20626
13997	20627
13998	20628
13999	20629
14000	20630
14001	20631
14002	20634
14003	20635
14004	20636
14005	20637
14006	20638
14007	20639
14008	20639
14009	20642
14010	20642
14011	20643
14012	20644
14013	20645
14014	20647
14015	20650
14016	20651
14017	20652
14018	20653
14019	20654
14020	20654
14021	20655
14022	20656
14023	20658
14024	20659
14025	20660
14026	20662
14027	20663
14028	20665
14029	20666
14030	20667
14031	20667
14032	20667
14033	20668
14034	20669
14035	20670
14036	20673
14037	20674
14038	20675
14039	20676
14040	20678
14041	20679
14042	20680
14043	20680
14044	20681
14045	20682
14046	20683
14047	20684
14048	20685
14049	20686
14050	20689
14051	20690
14052	20691
14053	20692
14054	20693
14055	20696
14056	20697
14057	20698
14058	20700
14059	20701
14060	20704
14061	20705
14062	20708
14063	20709
14064	20710
14065	20711
14066	20714
14067	20714
14068	20715
14069	20716
14070	20717
14071	20717
14072	20717
14073	20718
14074	20718
14075	20719
14076	20720
14077	20721
14078	20722
14079	20722
14080	20723
14081	20725
14082	20726
14083	20727
14084	20728
14085	20731
14086	20732
14087	20733
14088	20735
14089	20738
14090	20739
14091	20740
14092	20740
14093	20741
14094	20742
14095	20743
14096	20744
14097	20745
14098	20747
14099	20748
14100	20749
14101	20751
14102	20752
14103	20753
14104	20754
14105	20755
14106	20756
14107	20759
14108	20760
14109	20761
14110	20761
14111	20762
14112	20762
14113	20765
14114	20765
14115	20768
14116	20769
14117	20770
14118	20770
14119	20771
14120	20772
14121	20773
14122	20774
14123	20775
14124	20775
14125	20777
14126	20778
14127	20778
14128	20778
14129	20780
14130	20781
14131	20782
14132	20782
14133	20782
14134	20782
14135	20783
14136	20783
14137	20784
14138	20785
14139	20785
14140	20788
14141	20789
14142	20791
14143	20794
14144	20795
14145	20796
14146	20797
14147	20798
14148	20799
14149	20800
14150	20800
14151	20801
14152	20803
14153	20804
14154	20806
14155	20807
14156	20807
14157	20808
14158	20809
14159	20810
14160	20811
14161	20814
14162	20815
14163	20817
14164	20818
14165	20819
14166	20820
14167	20821
14168	20822
14169	20825
14170	20826
14171	20826
14172	20826
14173	20827
14174	20828
14175	20829
14176	20830
14177	20833
14178	20834
14179	20835
14180	20836
14181	20836
14182	20837
14183	20838
14184	20839
14185	20840
14186	20841
14187	20844
14188	20845
14189	20845
14190	20847
14191	20848
14192	20849
14193	20850
14194	20851
14195	20854
14196	20855
14197	20857
14198	20858
14199	20859
14200	20860
14201	20860
14202	20861
14203	20861
14204	20862
14205	20864
14206	20865
14207	20866
14208	20867
14209	20867
14210	20868
14211	20869
14212	20870
14213	20871
14214	20874
14215	20877
14216	20878
14217	20880
14218	20880
14219	20881
14220	20881
14221	20881
14222	20882
14223	20883
14224	20884
14225	20886
14226	20886
14227	20887
14228	20889
14229	20890
14230	20891
14231	20894
14232	20894
14233	20895
14234	20896
14235	20896
14236	20897
14237	20898
14238	20901
14239	20901
14240	20902
14241	20905
14242	20906
14243	20907
14244	20909
14245	20912
14246	20913
14247	20914
14248	20917
14249	20918
14250	20921
14251	20922
14252	20923
14253	20923
14254	20924
14255	20925
14256	20928
14257	20929
14258	20930
14259	20931
14260	20931
14261	20932
14262	20933
14263	20933
14264	20934
14265	20937
14266	20938
14267	20941
14268	20942
14269	20943
14270	20943
14271	20943
14272	20944
14273	20945
14274	20946
14275	20947
14276	20948
14277	20949
14278	20950
14279	20953
14280	20954
14281	20955
14282	20957
14283	20960
14284	20961
14285	20962
14286	20965
14287	20965
14288	20968
14289	20969
14290	20970
14291	20971
14292	20972
14293	20972
14294	20972
14295	20972
14296	20973
14297	20976
14298	20977
14299	20979
14300	20980
14301	20980
14302	20980
14303	20981
14304	20981
14305	20982
14306	20983
14307	20984
14308	20985
14309	20986
14310	20989
14311	20990
14312	20991
14313	20992
14314	20992
14315	20995
14316	20996
14317	20999
14318	21000
14319	21001
14320	21002
14321	21002
14322	21003
14323	21004
14324	21007
14325	21007
14326	21008
14327	21009
14328	21010
14329	21011
14330	21012
14331	21013
14332	21015
14333	21016
14334	21018
14335	21019
14336	21020
14337	21022
14338	21024
14339	21025
14340	21026
14341	21026
14342	21027
14343	21028
14344	21029
14345	21030
14346	21033
14347	21034
14348	21037
14349	21038
14350	21039
14351	21039
14352	21040
14353	21043
14354	21044
14355	21046
14356	21047
14357	21050
14358	21051
14359	21054
14360	21055
14361	21056
14362	21057
14363	21058
14364	21058
14365	21058
14366	21060
14367	21061
14368	21061
14369	21062
14370	21063
14371	21064
14372	21065
14373	21068
14374	21069
14375	21071
14376	21071
14377	21072
14378	21075
14379	21076
14380	21076
14381	21078
14382	21078
14383	21079
14384	21080
14385	21080
14386	21083
14387	21084
14388	21085
14389	21086
14390	21087
14391	21087
14392	21088
14393	21089
14394	21090
14395	21091
14396	21092
14397	21093
14398	21096
14399	21096
14400	21097
14401	21098
14402	21099
14403	21101
14404	21101
14405	21102
14406	21102
14407	21105
14408	21106
14409	21107
14410	21110
14411	21110
14412	21110
14413	21111
14414	21112
14415	21113
14416	21114
14417	21116
14418	21117
14419	21120
14420	21121
14421	21122
14422	21123
14423	21124
14424	21125
14425	21126
14426	21127
14427	21128
14428	21128
14429	21129
14430	21132
14431	21133
14432	21135
14433	21136
14434	21137
14435	21138
14436	21139
14437	21140
14438	21141
14439	21142
14440	21144
14441	21144
14442	21145
14443	21146
14444	21147
14445	21149
14446	21152
14447	21153
14448	21154
14449	21155
14450	21156
14451	21157
14452	21157
14453	21158
14454	21161
14455	21162
14456	21163
14457	21166
14458	21168
14459	21169
14460	21169
14461	21169
14462	21170
14463	21171
14464	21172
14465	21172
14466	21173
14467	21174
14468	21175
14469	21178
14470	21179
14471	21180
14472	21181
14473	21182
14474	21183
14475	21184
14476	21187
14477	21188
14478	21189
14479	21190
14480	21191
14481	21192
14482	21193
14483	21196
14484	21197
14485	21200
14486	21201
14487	21202
14488	21204
14489	21206
14490	21206
14491	21207
14492	21208
14493	21208
14494	21209
14495	21209
14496	21210
14497	21211
14498	21212
14499	21213
14500	21213
14501	21214
14502	21215
14503	21217
14504	21219
14505	21220
14506	21221
14507	21224
14508	21225
14509	21226
14510	21228
14511	21229
14512	21232
14513	21232
14514	21233
14515	21234
14516	21234
14517	21237
14518	21238
14519	21239
14520	21240
14521	21241
14522	21242
14523	21244
14524	21244
14525	21247
14526	21247
14527	21248
14528	21249
14529	21249
14530	21250
14531	21251
14532	21252
14533	21252
14534	21254
14535	21254
14536	21255
14537	21256
14538	21259
14539	21262
14540	21263
14541	21264
14542	21267
14543	21268
14544	21270
14545	21271
14546	21271
14547	21272
14548	21273
14549	21273
14550	21274
14551	21277
14552	21278
14553	21278
14554	21278
14555	21279
14556	21279
14557	21280
14558	21281
14559	21282
14560	21284
14561	21287
14562	21288
14563	21289
14564	21290
14565	21291
14566	21292
14567	21293
14568	21296
14569	21297
14570	21297
14571	21298
14572	21299
14573	21300
14574	21301
14575	21304
14576	21304
14577	21305
14578	21306
14579	21307
14580	21308
14581	21311
14582	21312
14583	21313
14584	21314
14585	21317
14586	21318
14587	21319
14588	21320
14589	21321
14590	21322
14591	21322
14592	21323
14593	21324
14594	21327
14595	21328
14596	21329
14597	21329
14598	21329
14599	21330
14600	21330
14601	21331
14602	21334
14603	21335
14604	21335
14605	21336
14606	21337
14607	21339
14608	21342
14609	21343
14610	21344
14611	21344
14612	21345
14613	21346
14614	21347
14615	21348
14616	21349
14617	21351
14618	21352
14619	21353
14620	21355
14621	21357
14622	21358
14623	21360
14624	21362
14625	21362
14626	21363
14627	21365
14628	21366
14629	21368
14630	21370
14631	21372
14632	21373
14633	21375
14634	21377
14635	21378
14636	21380
14637	21382
14638	21384
14639	21385
14640	21387
14641	21389
14642	21391
14643	21393
14644	21395
14645	21397
14646	21399
14647	21401
14648	21402
14649	21404
14650	21406
14651	21408
14652	21410
14653	21412
14654	21414
14655	21415
14656	21416
14657	21418
14658	21419
14659	21421
14660	21422
14661	21423
14662	21425
14663	21427
14664	21428
14665	21430
14666	21431
14667	21433
14668	21435
14669	21437
14670	21439
14671	21441
14672	21443
14673	21445
14674	21446
14675	21448
14676	21449
14677	21450
14678	21452
14679	21454
14680	21456
14681	21458
14682	21460
14683	21462
14684	21464
14685	21466
14686	21467
14687	21469
14688	21471
14689	21473
14690	21475
14691	21477
14692	21478
14693	21480
14694	21482
14695	21484
14696	21486
14697	21488
14698	21490
14699	21492
14700	21494
14701	21496
14702	21498
14703	21500
14704	21502
14705	21504
14706	21506
14707	21508
14708	21509
14709	21511
14710	21513
14711	21515
14712	21517
14713	21519
14714	21521
14715	21523
14716	21525
14717	21527
14718	21528
14719	21530
14720	21532
14721	21534
14722	21536
14723	21538
14724	21540
14725	21542
14726	21544
14727	21546
14728	21548
14729	21549
14730	21551
14731	21553
14732	21555
14733	21557
14734	21559
14735	21561
14736	21563
14737	21565
14738	21566
14739	21568
14740	21570
14741	21571
14742	21573
14743	21574
14744	21575
14745	21576
14746	21577
14747	21579
14748	21580
14749	21581
14750	21583
14751	21585
14752	21586
14753	21588
14754	21590
14755	21592
14756	21594
14757	21596
14758	21598
14759	21600
14760	21602
14761	21603
14762	21605
14763	21607
14764	21609
14765	21611
14766	21613
14767	21613
14768	21615
14769	21616
14770	21617
14771	21618
14772	21620
14773	21621
14774	21621
14775	21623
14776	21625
14777	21627
14778	21629
14779	21630
14780	21632
14781	21634
14782	21635
14783	21637
14784	21639
14785	21641
14786	21642
14787	21644
14788	21646
14789	21648
14790	21649
14791	21651
14792	21653
14793	21655
14794	21656
14795	21657
14796	21659
14797	21661
14798	21663
14799	21664
14800	21665
14801	21667
14802	21669
14803	21671
14804	21673
14805	21675
14806	21677
14807	21678
14808	21680
14809	21681
14810	21683
14811	21685
14812	21687
14813	21689
14814	21691
14815	21693
14816	21695
14817	21697
14818	21699
14819	21700
14820	21702
14821	21704
14822	21706
14823	21708
14824	21709
14825	21711
14826	21713
14827	21714
14828	21716
14829	21718
14830	21720
14831	21721
14832	21723
14833	21725
14834	21727
14835	21729
14836	21729
14837	21731
14838	21733
14839	21734
14840	21736
14841	21738
14842	21740
14843	21742
14844	21744
14845	21745
14846	21746
14847	21747
14848	21749
14849	21751
14850	21753
14851	21755
14852	21756
14853	21758
14854	21759
14855	21761
14856	21763
14857	21765
14858	21767
14859	21768
14860	21770
14861	21772
14862	21774
14863	21776
14864	21778
14865	21780
14866	21782
14867	21784
14868	21786
14869	21788
14870	21790
14871	21792
14872	21794
14873	21796
14874	21798
14875	21800
14876	21802
14877	21804
14878	21806
14879	21808
14880	21810
14881	21812
14882	21814
14883	21816
14884	21818
14885	21820
14886	21821
14887	21823
14888	21825
14889	21827
14890	21829
14891	21831
14892	21833
14893	21834
14894	21836
14895	21838
14896	21840
14897	21842
14898	21843
14899	21845
14900	21847
14901	21849
14902	21851
14903	21853
14904	21855
14905	21857
14906	21859
14907	21860
14908	21862
14909	21864
14910	21866
14911	21868
14912	21870
14913	21871
14914	21873
14915	21875
14916	21877
14917	21879
14918	21881
14919	21882
14920	21884
14921	21886
14922	21888
14923	21890
14924	21891
14925	21893
14926	21895
14927	21897
14928	21899
14929	21900
14930	21902
14931	21904
14932	21906
14933	21908
14934	21909
14935	21911
14936	21913
14937	21915
14938	21917
14939	21919
14940	21921
14941	21922
14942	21924
14943	21926
14944	21928
14945	21930
14946	21932
14947	21933
14948	21934
14949	21936
14950	21937
14951	21937
14952	21938
14953	21940
14954	21942
14955	21944
14956	21946
14957	21948
14958	21949
14959	21950
14960	21952
14961	21953
14962	21955
14963	21957
14964	21959
14965	21961
14966	21962
14967	21964
14968	21966
14969	21968
14970	21970
14971	21971
14972	21973
14973	21974
14974	21975
14975	21976
14976	21978
14977	21979
14978	21981
14979	21983
14980	21985
14981	21987
14982	21989
14983	21991
14984	21993
14985	21995
14986	21996
14987	21998
14988	22000
14989	22002
14990	22004
14991	22006
14992	22008
14993	22010
14994	22012
14995	22013
14996	22015
14997	22017
14998	22019
14999	22021
15000	22023
15001	22025
15002	22027
15003	22029
15004	22029
15005	22031
15006	22033
15007	22034
15008	22036
15009	22037
15010	22038
15011	22040
15012	22042
15013	22044
15014	22046
15015	22048
15016	22050
15017	22051
15018	22053
15019	22055
15020	22057
15021	22059
15022	22060
15023	22062
15024	22064
15025	22065
15026	22066
15027	22068
15028	22070
15029	22071
15030	22073
15031	22075
15032	22077
15033	22079
15034	22081
15035	22082
15036	22084
15037	22085
15038	22087
15039	22089
15040	22091
15041	22092
15042	22094
15043	22096
15044	22098
15045	22100
15046	22102
15047	22104
15048	22105
15049	22107
15050	22109
15051	22110
15052	22112
15053	22114
15054	22116
15055	22118
15056	22119
15057	22121
15058	22122
15059	22124
15060	22124
15061	22126
15062	22128
15063	22130
15064	22132
15065	22134
15066	22135
15067	22137
15068	22139
15069	22141
15070	22143
15071	22144
15072	22146
15073	22148
15074	22150
15075	22151
15076	22153
15077	22155
15078	22156
15079	22158
15080	22159
15081	22161
15082	22163
15083	22165
15084	22167
15085	22169
15086	22170
15087	22172
15088	22174
15089	22176
15090	22178
15091	22179
15092	22180
15093	22182
15094	22184
15095	22186
15096	22188
15097	22190
15098	22192
15099	22194
15100	22196
15101	22198
15102	22200
15103	22202
15104	22204
15105	22206
15106	22208
15107	22210
15108	22212
15109	22214
15110	22215
15111	22217
15112	22219
15113	22221
15114	22223
15115	22225
15116	22227
15117	22229
15118	22231
15119	22233
15120	22234
15121	22235
15122	22237
15123	22239
15124	22241
15125	22242
15126	22244
15127	22245
15128	22247
15129	22249
15130	22251
15131	22253
15132	22255
15133	22257
15134	22259
15135	22261
15136	22263
15137	22264
15138	22266
15139	22268
15140	22270
15141	22271
15142	22273
15143	22274
15144	22276
15145	22277
15146	22279
15147	22281
15148	22282
15149	22284
15150	22286
15151	22287
15152	22289
15153	22291
15154	22293
15155	22295
15156	22297
15157	22298
15158	22300
15159	22302
15160	22303
15161	22304
15162	22306
15163	22308
15164	22308
15165	22310
15166	22312
15167	22313
15168	22315
15169	22317
15170	22318
15171	22320
15172	22322
15173	22324
15174	22325
15175	22326
15176	22327
15177	22329
15178	22331
15179	22333
15180	22335
15181	22336
15182	22336
15183	22338
15184	22339
15185	22341
15186	22342
15187	22344
15188	22346
15189	22348
15190	22350
15191	22352
15192	22354
15193	22356
15194	22357
15195	22359
15196	22361
15197	22363
15198	22365
15199	22367
15200	22369
15201	22370
15202	22371
15203	22373
15204	22375
15205	22376
15206	22377
15207	22379
15208	22381
15209	22383
15210	22385
15211	22386
15212	22387
15213	22389
15214	22391
15215	22392
15216	22394
15217	22395
15218	22396
15219	22398
15220	22400
15221	22402
15222	22404
15223	22406
15224	22408
15225	22410
15226	22412
15227	22413
15228	22414
15229	22416
15230	22418
15231	22418
15232	22420
15233	22422
15234	22424
15235	22426
15236	22428
15237	22430
15238	22432
15239	22433
15240	22435
15241	22436
15242	22438
15243	22440
15244	22442
15245	22443
15246	22445
15247	22446
15248	22447
15249	22449
15250	22451
15251	22452
15252	22454
15253	22456
15254	22458
15255	22460
15256	22462
15257	22464
15258	22465
15259	22466
15260	22468
15261	22470
15262	22472
15263	22474
15264	22476
15265	22478
15266	22480
15267	22482
15268	22484
15269	22485
15270	22486
15271	22488
15272	22490
15273	22491
15274	22493
15275	22495
15276	22497
15277	22499
15278	22500
15279	22502
15280	22504
15281	22505
15282	22507
15283	22509
15284	22510
15285	22512
15286	22513
15287	22515
15288	22517
15289	22519
15290	22521
15291	22523
15292	22525
15293	22527
15294	22529
15295	22531
15296	22532
15297	22533
15298	22535
15299	22536
15300	22538
15301	22540
15302	22542
15303	22544
15304	22546
15305	22548
15306	22550
15307	22552
15308	22554
15309	22556
15310	22557
15311	22559
15312	22560
15313	22562
15314	22564
15315	22566
15316	22568
15317	22570
15318	22572
15319	22574
15320	22576
15321	22577
15322	22579
15323	22581
15324	22582
15325	22584
15326	22585
15327	22587
15328	22589
15329	22590
15330	22592
15331	22593
15332	22595
15333	22597
15334	22599
15335	22601
15336	22603
15337	22604
15338	22606
15339	22606
15340	22608
15341	22610
15342	22612
15343	22614
15344	22616
15345	22618
15346	22619
15347	22620
15348	22622
15349	22624
15350	22626
15351	22627
15352	22629
15353	22631
15354	22632
15355	22634
15356	22636
15357	22638
15358	22639
15359	22640
15360	22641
15361	22643
15362	22645
15363	22646
15364	22647
15365	22649
15366	22651
15367	22653
15368	22655
15369	22657
15370	22659
15371	22661
15372	22663
15373	22665
15374	22667
15375	22669
15376	22670
15377	22671
15378	22673
15379	22675
15380	22677
15381	22679
15382	22681
15383	22683
15384	22685
15385	22686
15386	22687
15387	22689
15388	22691
15389	22693
15390	22694
15391	22696
15392	22698
15393	22700
15394	22701
15395	22702
15396	22704
15397	22706
15398	22707
15399	22709
15400	22711
15401	22712
15402	22713
15403	22715
15404	22716
15405	22718
15406	22719
15407	22720
15408	22722
15409	22724
15410	22726
15411	22728
15412	22730
15413	22732
15414	22734
15415	22736
15416	22738
15417	22740
15418	22742
15419	22744
15420	22746
15421	22748
15422	22749
15423	22750
15424	22752
15425	22753
15426	22755
15427	22757
15428	22759
15429	22760
15430	22762
15431	22764
15432	22766
15433	22767
15434	22769
15435	22771
15436	22773
15437	22775
15438	22777
15439	22778
15440	22780
15441	22782
15442	22784
15443	22785
15444	22787
15445	22789
15446	22791
15447	22791
15448	22793
15449	22795
15450	22796
15451	22798
15452	22800
15453	22802
15454	22803
15455	22805
15456	22807
15457	22809
15458	22811
15459	22813
15460	22815
15461	22817
15462	22818
15463	22819
15464	22820
15465	22822
15466	22823
15467	22825
15468	22825
15469	22827
15470	22829
15471	22831
15472	22833
15473	22835
15474	22837
15475	22839
15476	22840
15477	22842
15478	22842
15479	22844
15480	22846
15481	22848
15482	22849
15483	22850
15484	22852
15485	22853
15486	22855
15487	22857
15488	22859
15489	22861
15490	22862
15491	22863
15492	22864
15493	22866
15494	22867
15495	22869
15496	22871
15497	22872
15498	22873
15499	22874
15500	22875
15501	22876
15502	22878
15503	22879
15504	22881
15505	22883
15506	22884
15507	22886
15508	22888
15509	22890
15510	22892
15511	22893
15512	22895
15513	22896
15514	22898
15515	22900
15516	22902
15517	22904
15518	22906
15519	22908
15520	22909
15521	22911
15522	22913
15523	22914
15524	22915
15525	22916
15526	22918
15527	22920
15528	22922
15529	22924
15530	22925
15531	22927
15532	22929
15533	22931
15534	22933
15535	22935
15536	22937
15537	22939
15538	22940
15539	22942
15540	22944
15541	22945
15542	22947
15543	22949
15544	22951
15545	22953
15546	22955
15547	22957
15548	22958
15549	22960
15550	22962
15551	22964
15552	22965
15553	22966
15554	22968
15555	22970
15556	22972
15557	22974
15558	22976
15559	22977
15560	22979
15561	22981
15562	22983
15563	22985
15564	22987
15565	22988
15566	22990
15567	22992
15568	22994
15569	22995
15570	22997
15571	22998
15572	23000
15573	23002
15574	23004
15575	23006
15576	23008
15577	23010
15578	23011
15579	23013
15580	23015
15581	23017
15582	23019
15583	23021
15584	23022
15585	23024
15586	23026
15587	23028
15588	23030
15589	23032
15590	23034
15591	23036
15592	23037
15593	23039
15594	23041
15595	23043
15596	23045
15597	23047
15598	23049
15599	23050
15600	23052
15601	23054
15602	23056
15603	23057
15604	23058
15605	23060
15606	23062
15607	23064
15608	23066
15609	23068
15610	23070
15611	23072
15612	23073
15613	23074
15614	23076
15615	23078
15616	23079
15617	23080
15618	23082
15619	23084
15620	23085
15621	23087
15622	23089
15623	23091
15624	23093
15625	23095
15626	23096
15627	23097
15628	23099
15629	23101
15630	23103
15631	23105
15632	23106
15633	23108
15634	23110
15635	23112
15636	23113
15637	23115
15638	23117
15639	23118
15640	23120
15641	23122
15642	23124
15643	23126
15644	23128
15645	23130
15646	23131
15647	23132
15648	23134
15649	23135
15650	23137
15651	23139
15652	23141
15653	23142
15654	23144
15655	23146
15656	23148
15657	23150
15658	23151
15659	23152
15660	23154
15661	23155
15662	23157
15663	23159
15664	23160
15665	23162
15666	23164
15667	23166
15668	23168
15669	23170
15670	23172
15671	23174
15672	23175
15673	23177
15674	23179
15675	23181
15676	23183
15677	23185
15678	23187
15679	23189
15680	23191
15681	23193
15682	23195
15683	23197
15684	23199
15685	23201
15686	23203
15687	23205
15688	23207
15689	23209
15690	23210
15691	23212
15692	23214
15693	23216
15694	23218
15695	23219
15696	23220
15697	23222
15698	23224
15699	23226
15700	23228
15701	23230
15702	23232
15703	23234
15704	23236
15705	23238
15706	23239
15707	23241
15708	23243
15709	23245
15710	23246
15711	23247
15712	23249
15713	23251
15714	23253
15715	23255
15716	23257
15717	23259
15718	23261
15719	23263
15720	23265
15721	23267
15722	23269
15723	23271
15724	23272
15725	23274
15726	23276
15727	23278
15728	23280
15729	23281
15730	23282
15731	23284
15732	23285
15733	23286
15734	23287
15735	23289
15736	23290
15737	23291
15738	23292
15739	23293
15740	23294
15741	23295
15742	23297
15743	23299
15744	23301
15745	23302
15746	23304
15747	23305
15748	23307
15749	23309
15750	23311
15751	23313
15752	23315
15753	23315
15754	23317
15755	23318
15756	23320
15757	23322
15758	23324
15759	23326
15760	23328
15761	23330
15762	23331
15763	23332
15764	23332
15765	23334
15766	23336
15767	23338
15768	23340
15769	23341
15770	23343
15771	23344
15772	23345
15773	23347
15774	23349
15775	23350
15776	23352
15777	23354
15778	23356
15779	23357
15780	23359
15781	23361
15782	23362
15783	23364
15784	23366
15785	23368
15786	23370
15787	23372
15788	23374
15789	23376
15790	23378
15791	23379
15792	23380
15793	23382
15794	23383
15795	23385
15796	23386
15797	23388
15798	23389
15799	23391
15800	23392
15801	23394
15802	23396
15803	23398
15804	23400
15805	23402
15806	23404
15807	23406
15808	23408
15809	23410
15810	23412
15811	23413
15812	23415
15813	23417
15814	23418
15815	23420
15816	23422
15817	23424
15818	23426
15819	23427
15820	23429
15821	23431
15822	23432
15823	23434
15824	23436
15825	23438
15826	23440
15827	23442
15828	23444
15829	23446
15830	23448
15831	23449
15832	23451
15833	23453
15834	23454
15835	23456
15836	23458
15837	23460
15838	23461
15839	23463
15840	23465
15841	23467
15842	23469
15843	23471
15844	23473
15845	23474
15846	23476
15847	23478
15848	23480
15849	23481
15850	23483
15851	23484
15852	23485
15853	23487
15854	23488
15855	23489
15856	23491
15857	23492
15858	23494
15859	23496
15860	23498
15861	23500
15862	23502
15863	23503
15864	23505
15865	23507
15866	23509
15867	23511
15868	23513
15869	23515
15870	23516
15871	23518
15872	23520
15873	23522
15874	23524
15875	23526
15876	23528
15877	23530
15878	23532
15879	23533
15880	23535
15881	23537
15882	23539
15883	23541
15884	23543
15885	23545
15886	23547
15887	23549
15888	23551
15889	23553
15890	23555
15891	23557
15892	23559
15893	23561
15894	23563
15895	23565
15896	23566
15897	23568
15898	23570
15899	23572
15900	23574
15901	23576
15902	23578
15903	23579
15904	23581
15905	23583
15906	23585
15907	23587
15908	23588
15909	23590
15910	23592
15911	23593
15912	23595
15913	23597
15914	23599
15915	23601
15916	23603
15917	23605
15918	23607
15919	23608
15920	23610
15921	23612
15922	23613
15923	23615
15924	23617
15925	23619
15926	23621
15927	23623
15928	23625
15929	23627
15930	23629
15931	23631
15932	23633
15933	23635
15934	23636
15935	23637
15936	23637
15937	23639
15938	23640
15939	23642
15940	23643
15941	23643
15942	23645
15943	23647
15944	23649
15945	23651
15946	23653
15947	23654
15948	23655
15949	23657
15950	23659
15951	23661
15952	23662
15953	23664
15954	23666
15955	23668
15956	23670
15957	23671
15958	23673
15959	23674
15960	23676
15961	23677
15962	23679
15963	23680
15964	23682
15965	23683
15966	23685
15967	23687
15968	23689
15969	23691
15970	23692
15971	23694
15972	23696
15973	23698
15974	23700
15975	23702
15976	23704
15977	23706
15978	23708
15979	23710
15980	23712
15981	23714
15982	23716
15983	23718
15984	23719
15985	23721
15986	23722
15987	23724
15988	23726
15989	23728
15990	23730
15991	23732
15992	23734
15993	23734
15994	23736
15995	23738
15996	23739
15997	23740
15998	23741
15999	23743
16000	23745
16001	23747
16002	23749
16003	23751
16004	23752
16005	23754
16006	23756
16007	23758
16008	23760
16009	23761
16010	23763
16011	23765
16012	23767
16013	23768
16014	23769
16015	23771
16016	23773
16017	23775
16018	23776
16019	23778
16020	23780
16021	23782
16022	23784
16023	23786
16024	23787
16025	23789
16026	23791
16027	23793
16028	23795
16029	23797
16030	23799
16031	23800
16032	23801
16033	23803
16034	23805
16035	23806
16036	23808
16037	23810
16038	23811
16039	23811
16040	23813
16041	23815
16042	23816
16043	23817
16044	23819
16045	23821
16046	23823
16047	23825
16048	23826
16049	23827
16050	23829
16051	23831
16052	23833
16053	23835
16054	23837
16055	23839
16056	23841
16057	23842
16058	23844
16059	23846
16060	23847
16061	23848
16062	23849
16063	23851
16064	23853
16065	23854
16066	23856
16067	23858
16068	23859
16069	23861
16070	23862
16071	23863
16072	23865
16073	23867
16074	23869
16075	23871
16076	23873
16077	23875
16078	23877
16079	23879
16080	23881
16081	23882
16082	23884
16083	23885
16084	23886
16085	23888
16086	23890
16087	23892
16088	23894
16089	23896
16090	23898
16091	23900
16092	23902
16093	23904
16094	23906
16095	23907
16096	23909
16097	23911
16098	23913
16099	23914
16100	23916
16101	23918
16102	23919
16103	23921
16104	23922
16105	23924
16106	23926
16107	23927
16108	23929
16109	23931
16110	23933
16111	23934
16112	23936
16113	23938
16114	23938
16115	23940
16116	23942
16117	23943
16118	23945
16119	23947
16120	23947
16121	23949
16122	23951
16123	23953
16124	23955
16125	23957
16126	23959
16127	23961
16128	23963
16129	23965
16130	23966
16131	23968
16132	23970
16133	23972
16134	23973
16135	23975
16136	23976
16137	23978
16138	23979
16139	23979
16140	23980
16141	23982
16142	23983
16143	23983
16144	23985
16145	23987
16146	23989
16147	23991
16148	23993
16149	23995
16150	23996
16151	23998
16152	23999
16153	24001
16154	24002
16155	24004
16156	24004
16157	24006
16158	24008
16159	24010
16160	24011
16161	24013
16162	24015
16163	24017
16164	24018
16165	24020
16166	24021
16167	24023
16168	24025
16169	24027
16170	24029
16171	24031
16172	24032
16173	24033
16174	24035
16175	24037
16176	24038
16177	24040
16178	24042
16179	24044
16180	24045
16181	24047
16182	24049
16183	24051
16184	24053
16185	24055
16186	24057
16187	24059
16188	24061
16189	24063
16190	24065
16191	24067
16192	24069
16193	24071
16194	24073
16195	24074
16196	24076
16197	24078
16198	24080
16199	24082
16200	24084
16201	24086
16202	24088
16203	24090
16204	24092
16205	24094
16206	24096
16207	24098
16208	24099
16209	24100
16210	24102
16211	24104
16212	24106
16213	24107
16214	24109
16215	24110
16216	24111
16217	24113
16218	24115
16219	24117
16220	24119
16221	24121
16222	24123
16223	24125
16224	24125
16225	24126
16226	24128
16227	24130
16228	24131
16229	24132
16230	24134
16231	24135
16232	24136
16233	24137
16234	24139
16235	24141
16236	24143
16237	24145
16238	24147
16239	24149
16240	24151
16241	24153
16242	24155
16243	24157
16244	24158
16245	24160
16246	24161
16247	24163
16248	24165
16249	24167
16250	24168
16251	24170
16252	24172
16253	24174
16254	24176
16255	24178
16256	24179
16257	24181
16258	24183
16259	24185
16260	24187
16261	24188
16262	24190
16263	24192
16264	24193
16265	24194
16266	24196
16267	24198
16268	24200
16269	24202
16270	24204
16271	24206
16272	24206
16273	24208
16274	24209
16275	24211
16276	24212
16277	24214
16278	24216
16279	24217
16280	24219
16281	24221
16282	24223
16283	24225
16284	24227
16285	24229
16286	24230
16287	24231
16288	24233
16289	24235
16290	24237
16291	24239
16292	24241
16293	24243
16294	24245
16295	24247
16296	24248
16297	24249
16298	24250
16299	24252
16300	24254
16301	24256
16302	24258
16303	24260
16304	24262
16305	24264
16306	24265
16307	24267
16308	24269
16309	24270
16310	24272
16311	24274
16312	24275
16313	24276
16314	24278
16315	24280
16316	24282
16317	24284
16318	24286
16319	24288
16320	24290
16321	24292
16322	24294
16323	24295
16324	24296
16325	24298
16326	24300
16327	24301
16328	24303
16329	24305
16330	24307
16331	24308
16332	24309
16333	24311
16334	24312
16335	24313
16336	24315
16337	24316
16338	24318
16339	24320
16340	24322
16341	24324
16342	24326
16343	24328
16344	24330
16345	24332
16346	24334
16347	24336
16348	24338
16349	24340
16350	24342
16351	24344
16352	24345
16353	24347
16354	24349
16355	24351
16356	24353
16357	24355
16358	24357
16359	24358
16360	24359
16361	24360
16362	24362
16363	24364
16364	24366
16365	24368
16366	24369
16367	24371
16368	24372
16369	24374
16370	24376
16371	24378
16372	24380
16373	24381
16374	24383
16375	24385
16376	24387
16377	24389
16378	24391
16379	24392
16380	24394
16381	24396
16382	24397
16383	24398
16384	24400
16385	24402
16386	24402
16387	24404
16388	24406
16389	24408
16390	24409
16391	24411
16392	24412
16393	24414
16394	24416
16395	24417
16396	24419
16397	24421
16398	24423
16399	24424
16400	24426
16401	24428
16402	24430
16403	24432
16404	24433
16405	24435
16406	24437
16407	24439
16408	24441
16409	24441
16410	24443
16411	24445
16412	24447
16413	24448
16414	24449
16415	24451
16416	24452
16417	24454
16418	24456
16419	24458
16420	24460
16421	24462
16422	24464
16423	24465
16424	24466
16425	24468
16426	24470
16427	24471
16428	24473
16429	24474
16430	24474
16431	24476
16432	24478
16433	24480
16434	24481
16435	24483
16436	24485
16437	24486
16438	24488
16439	24490
16440	24492
16441	24494
16442	24496
16443	24498
16444	24500
16445	24502
16446	24504
16447	24506
16448	24507
16449	24509
16450	24510
16451	24512
16452	24514
16453	24516
16454	24518
16455	24520
16456	24521
16457	24523
16458	24525
16459	24526
16460	24528
16461	24530
16462	24532
16463	24534
16464	24535
16465	24536
16466	24537
16467	24539
16468	24540
16469	24541
16470	24542
16471	24544
16472	24546
16473	24547
16474	24549
16475	24551
16476	24552
16477	24554
16478	24556
16479	24558
16480	24559
16481	24561
16482	24563
16483	24564
16484	24565
16485	24567
16486	24569
16487	24571
16488	24573
16489	24575
16490	24577
16491	24579
16492	24581
16493	24583
16494	24585
16495	24587
16496	24588
16497	24590
16498	24592
16499	24594
16500	24596
16501	24598
16502	24600
16503	24601
16504	24603
16505	24605
16506	24607
16507	24609
16508	24610
16509	24612
16510	24614
16511	24616
16512	24618
16513	24620
16514	24622
16515	24623
16516	24625
16517	24626
16518	24627
16519	24629
16520	24630
16521	24632
16522	24634
16523	24636
16524	24638
16525	24639
16526	24641
16527	24643
16528	24645
16529	24647
16530	24649
16531	24651
16532	24652
16533	24654
16534	24656
16535	24657
16536	24658
16537	24660
16538	24662
16539	24664
16540	24666
16541	24668
16542	24670
16543	24671
16544	24673
16545	24675
16546	24677
16547	24679
16548	24681
16549	24683
16550	24685
16551	24687
16552	24689
16553	24691
16554	24693
16555	24695
16556	24696
16557	24698
16558	24700
16559	24702
16560	24704
16561	24706
16562	24708
16563	24709
16564	24710
16565	24712
16566	24714
16567	24715
16568	24717
16569	24719
16570	24721
16571	24723
16572	24725
16573	24727
16574	24729
16575	24731
16576	24732
16577	24733
16578	24735
16579	24736
16580	24738
16581	24740
16582	24742
16583	24744
16584	24745
16585	24747
16586	24749
16587	24751
16588	24751
16589	24753
16590	24755
16591	24757
16592	24759
16593	24760
16594	24762
16595	24763
16596	24765
16597	24767
16598	24769
16599	24771
16600	24773
16601	24774
16602	24775
16603	24777
16604	24779
16605	24781
16606	24783
16607	24785
16608	24787
16609	24789
16610	24791
16611	24792
16612	24794
16613	24795
16614	24797
16615	24798
16616	24800
16617	24802
16618	24804
16619	24806
16620	24807
16621	24808
16622	24810
16623	24812
16624	24814
16625	24815
16626	24817
16627	24819
16628	24820
16629	24822
16630	24823
16631	24825
16632	24827
16633	24829
16634	24830
16635	24832
16636	24834
16637	24835
16638	24837
16639	24839
16640	24841
16641	24843
16642	24844
16643	24846
16644	24847
16645	24848
16646	24850
16647	24852
16648	24854
16649	24856
16650	24858
16651	24860
16652	24860
16653	24862
16654	24863
16655	24865
16656	24867
16657	24869
16658	24870
16659	24871
16660	24873
16661	24875
16662	24877
16663	24878
16664	24879
16665	24881
16666	24882
16667	24884
16668	24886
16669	24888
16670	24890
16671	24892
16672	24893
16673	24894
16674	24895
16675	24897
16676	24899
16677	24901
16678	24903
16679	24904
16680	24906
16681	24908
16682	24909
16683	24911
16684	24913
16685	24915
16686	24917
16687	24919
16688	24921
16689	24923
16690	24925
16691	24927
16692	24928
16693	24930
16694	24932
16695	24933
16696	24935
16697	24937
16698	24939
16699	24941
16700	24943
16701	24945
16702	24946
16703	24948
16704	24950
16705	24952
16706	24954
16707	24956
16708	24958
16709	24960
16710	24962
16711	24963
16712	24964
16713	24966
16714	24967
16715	24968
16716	24970
16717	24971
16718	24973
16719	24974
16720	24975
16721	24977
16722	24979
16723	24980
16724	24981
16725	24983
16726	24984
16727	24985
16728	24986
16729	24988
16730	24990
16731	24992
16732	24994
16733	24996
16734	24996
16735	24998
16736	24999
16737	25001
16738	25003
16739	25005
16740	25007
16741	25009
16742	25011
16743	25013
16744	25015
16745	25016
16746	25018
16747	25019
16748	25020
16749	25022
16750	25024
16751	25026
16752	25028
16753	25030
16754	25032
16755	25034
16756	25036
16757	25038
16758	25038
16759	25040
16760	25041
16761	25043
16762	25044
16763	25046
16764	25047
16765	25049
16766	25050
16767	25052
16768	25053
16769	25054
16770	25055
16771	25057
16772	25059
16773	25061
16774	25063
16775	25065
16776	25067
16777	25069
16778	25071
16779	25073
16780	25074
16781	25076
16782	25077
16783	25079
16784	25081
16785	25082
16786	25084
16787	25086
16788	25088
16789	25089
16790	25089
16791	25091
16792	25091
16793	25093
16794	25095
16795	25097
16796	25099
16797	25100
16798	25102
16799	25104
16800	25105
16801	25107
16802	25109
16803	25111
16804	25112
16805	25114
16806	25115
16807	25117
16808	25117
16809	25118
16810	25120
16811	25121
16812	25123
16813	25125
16814	25126
16815	25128
16816	25130
16817	25132
16818	25134
16819	25136
16820	25137
16821	25139
16822	25141
16823	25143
16824	25144
16825	25146
16826	25148
16827	25150
16828	25152
16829	25153
16830	25155
16831	25157
16832	25158
16833	25160
16834	25162
16835	25163
16836	25165
16837	25167
16838	25169
16839	25171
16840	25173
16841	25174
16842	25176
16843	25177
16844	25179
16845	25181
16846	25183
16847	25184
16848	25186
16849	25188
16850	25189
16851	25191
16852	25193
16853	25195
16854	25197
16855	25199
16856	25199
16857	25201
16858	25203
16859	25205
16860	25206
16861	25208
16862	25210
16863	25212
16864	25213
16865	25215
16866	25217
16867	25219
16868	25220
16869	25222
16870	25223
16871	25224
16872	25225
16873	25227
16874	25228
16875	25230
16876	25232
16877	25234
16878	25236
16879	25238
16880	25240
16881	25242
16882	25244
16883	25245
16884	25247
16885	25248
16886	25249
16887	25251
16888	25252
16889	25254
16890	25256
16891	25258
16892	25259
16893	25261
16894	25263
16895	25265
16896	25267
16897	25269
16898	25271
16899	25273
16900	25275
16901	25277
16902	25279
16903	25281
16904	25283
16905	25284
16906	25286
16907	25288
16908	25289
16909	25290
16910	25292
16911	25294
16912	25295
16913	25297
16914	25299
16915	25301
16916	25302
16917	25303
16918	25305
16919	25306
16920	25306
16921	25308
16922	25310
16923	25312
16924	25313
16925	25315
16926	25317
16927	25318
16928	25320
16929	25322
16930	25324
16931	25325
16932	25326
16933	25327
16934	25328
16935	25329
16936	25331
16937	25332
16938	25334
16939	25336
16940	25338
16941	25339
16942	25340
16943	25341
16944	25343
16945	25345
16946	25347
16947	25349
16948	25351
16949	25353
16950	25354
16951	25356
16952	25358
16953	25360
16954	25362
16955	25364
16956	25365
16957	25366
16958	25368
16959	25370
16960	25371
16961	25373
16962	25375
16963	25376
16964	25378
16965	25380
16966	25382
16967	25384
16968	25386
16969	25388
16970	25389
16971	25390
16972	25391
16973	25393
16974	25394
16975	25395
16976	25397
16977	25399
16978	25400
16979	25402
16980	25403
16981	25405
16982	25407
16983	25409
16984	25411
16985	25412
16986	25414
16987	25416
16988	25417
16989	25418
16990	25419
16991	25421
16992	25423
16993	25425
16994	25427
16995	25429
16996	25431
16997	25433
16998	25435
16999	25437
17000	25439
17001	25441
17002	25442
17003	25443
17004	25445
17005	25447
17006	25448
17007	25448
17008	25449
17009	25451
17010	25452
17011	25454
17012	25455
17013	25455
17014	25457
17015	25459
17016	25461
17017	25463
17018	25465
17019	25467
17020	25469
17021	25471
17022	25473
17023	25475
17024	25477
17025	25479
17026	25481
17027	25483
17028	25484
17029	25486
17030	25488
17031	25490
17032	25492
17033	25493
17034	25495
17035	25497
17036	25499
17037	25501
17038	25503
17039	25505
17040	25507
17041	25509
17042	25511
17043	25512
17044	25514
17045	25516
17046	25517
17047	25519
17048	25519
17049	25520
17050	25522
17051	25524
17052	25525
17053	25527
17054	25529
17055	25531
17056	25533
17057	25535
17058	25537
17059	25539
17060	25540
17061	25542
17062	25543
17063	25545
17064	25547
17065	25549
17066	25550
17067	25552
17068	25554
17069	25556
17070	25558
17071	25560
17072	25562
17073	25564
17074	25566
17075	25567
17076	25569
17077	25571
17078	25573
17079	25575
17080	25577
17081	25578
17082	25580
17083	25582
17084	25584
17085	25585
17086	25587
17087	25589
17088	25591
17089	25593
17090	25595
17091	25597
17092	25599
17093	25601
17094	25603
17095	25605
17096	25606
17097	25608
17098	25609
17099	25611
17100	25612
17101	25612
17102	25614
17103	25616
17104	25617
17105	25619
17106	25620
17107	25622
17108	25624
17109	25626
17110	25628
17111	25630
17112	25632
17113	25633
17114	25635
17115	25637
17116	25639
17117	25641
17118	25642
17119	25643
17120	25645
17121	25647
17122	25649
17123	25650
17124	25652
17125	25653
17126	25655
17127	25656
17128	25658
17129	25660
17130	25662
17131	25664
17132	25666
17133	25668
17134	25669
17135	25671
17136	25673
17137	25675
17138	25677
17139	25679
17140	25680
17141	25681
17142	25683
17143	25685
17144	25687
17145	25689
17146	25690
17147	25692
17148	25694
17149	25696
17150	25698
17151	25699
17152	25700
17153	25701
17154	25703
17155	25704
17156	25706
17157	25707
17158	25709
17159	25711
17160	25713
17161	25715
17162	25717
17163	25719
17164	25721
17165	25723
17166	25725
17167	25727
17168	25728
17169	25729
17170	25731
17171	25733
17172	25735
17173	25737
17174	25739
17175	25741
17176	25742
17177	25744
17178	25746
17179	25748
17180	25749
17181	25751
17182	25753
17183	25754
17184	25756
17185	25757
17186	25758
17187	25760
17188	25761
17189	25763
17190	25765
17191	25767
17192	25769
17193	25771
17194	25773
17195	25775
17196	25777
17197	25778
17198	25780
17199	25782
17200	25784
17201	25785
17202	25787
17203	25789
17204	25790
17205	25792
17206	25794
17207	25796
17208	25797
17209	25798
17210	25800
17211	25802
17212	25803
17213	25803
17214	25805
17215	25807
17216	25809
17217	25810
17218	25812
17219	25814
17220	25816
17221	25818
17222	25819
17223	25821
17224	25823
17225	25825
17226	25827
17227	25827
17228	25829
17229	25831
17230	25833
17231	25834
17232	25835
17233	25837
17234	25839
17235	25841
17236	25843
17237	25845
17238	25847
17239	25849
17240	25851
17241	25852
17242	25854
17243	25855
17244	25855
17245	25856
17246	25857
17247	25859
17248	25861
17249	25863
17250	25865
17251	25867
17252	25868
17253	25870
17254	25871
17255	25873
17256	25874
17257	25876
17258	25878
17259	25880
17260	25881
17261	25883
17262	25885
17263	25887
17264	25889
17265	25891
17266	25893
17267	25893
17268	25895
17269	25896
17270	25898
17271	25899
17272	25901
17273	25903
17274	25904
17275	25906
17276	25906
17277	25907
17278	25908
17279	25910
17280	25912
17281	25914
17282	25916
17283	25918
17284	25920
17285	25921
17286	25923
17287	25925
17288	25927
17289	25929
17290	25931
17291	25933
17292	25935
17293	25937
17294	25937
17295	25939
17296	25941
17297	25941
17298	25943
17299	25944
17300	25945
17301	25947
17302	25948
17303	25950
17304	25952
17305	25954
17306	25955
17307	25956
17308	25958
17309	25960
17310	25962
17311	25964
17312	25965
17313	25967
17314	25969
17315	25969
17316	25971
17317	25973
17318	25975
17319	25976
17320	25978
17321	25980
17322	25982
17323	25984
17324	25985
17325	25987
17326	25989
17327	25990
17328	25992
17329	25994
17330	25995
17331	25997
17332	25999
17333	26001
17334	26002
17335	26004
17336	26006
17337	26007
17338	26009
17339	26011
17340	26013
17341	26014
17342	26016
17343	26018
17344	26020
17345	26021
17346	26023
17347	26024
17348	26025
17349	26027
17350	26029
17351	26031
17352	26033
17353	26034
17354	26036
17355	26038
17356	26039
17357	26041
17358	26043
17359	26044
17360	26046
17361	26048
17362	26048
17363	26050
17364	26051
17365	26052
17366	26053
17367	26055
17368	26056
17369	26058
17370	26058
17371	26060
17372	26062
17373	26064
17374	26066
17375	26068
17376	26070
17377	26072
17378	26074
17379	26076
17380	26078
17381	26080
17382	26082
17383	26082
17384	26084
17385	26086
17386	26088
17387	26089
17388	26091
17389	26093
17390	26095
17391	26097
17392	26099
17393	26101
17394	26103
17395	26105
17396	26107
17397	26108
17398	26110
17399	26112
17400	26114
17401	26116
17402	26117
17403	26119
17404	26120
17405	26122
17406	26124
17407	26126
17408	26127
17409	26129
17410	26131
17411	26133
17412	26134
17413	26136
17414	26137
17415	26139
17416	26141
17417	26143
17418	26144
17419	26146
17420	26147
17421	26149
17422	26151
17423	26152
17424	26153
17425	26155
17426	26157
17427	26158
17428	26160
17429	26161
17430	26163
17431	26165
17432	26167
17433	26168
17434	26170
17435	26172
17436	26173
17437	26174
17438	26176
17439	26177
17440	26177
17441	26179
17442	26181
17443	26182
17444	26184
17445	26186
17446	26188
17447	26190
17448	26192
17449	26194
17450	26196
17451	26198
17452	26200
17453	26201
17454	26202
17455	26203
17456	26205
17457	26206
17458	26208
17459	26210
17460	26212
17461	26214
17462	26216
17463	26218
17464	26220
17465	26222
17466	26224
17467	26226
17468	26228
17469	26230
17470	26231
17471	26232
17472	26233
17473	26235
17474	26237
17475	26239
17476	26241
17477	26243
17478	26245
17479	26247
17480	26249
17481	26250
17482	26252
17483	26254
17484	26256
17485	26258
17486	26259
17487	26261
17488	26263
17489	26265
17490	26267
17491	26269
17492	26271
17493	26273
17494	26275
17495	26276
17496	26278
17497	26280
17498	26282
17499	26284
17500	26285
17501	26287
17502	26289
17503	26290
17504	26292
17505	26294
17506	26296
17507	26298
17508	26299
17509	26301
17510	26302
17511	26304
17512	26305
17513	26307
17514	26309
17515	26311
17516	26312
17517	26313
17518	26315
17519	26317
17520	26319
17521	26320
17522	26322
17523	26324
17524	26325
17525	26326
17526	26328
17527	26330
17528	26331
17529	26333
17530	26335
17531	26337
17532	26338
17533	26340
17534	26341
17535	26343
17536	26345
17537	26347
17538	26349
17539	26351
17540	26353
17541	26354
17542	26356
17543	26358
17544	26360
17545	26362
17546	26364
17547	26364
17548	26365
17549	26367
17550	26369
17551	26371
17552	26373
17553	26374
17554	26375
17555	26376
17556	26377
17557	26379
17558	26381
17559	26382
17560	26384
17561	26386
17562	26388
17563	26390
17564	26392
17565	26394
17566	26395
17567	26397
17568	26398
17569	26400
17570	26402
17571	26404
17572	26406
17573	26408
17574	26410
17575	26412
17576	26414
17577	26415
17578	26417
17579	26419
17580	26421
17581	26421
17582	26423
17583	26425
17584	26426
17585	26427
17586	26429
17587	26430
17588	26432
17589	26434
17590	26436
17591	26437
17592	26439
17593	26441
17594	26442
17595	26443
17596	26445
17597	26446
17598	26448
17599	26449
17600	26451
17601	26453
17602	26453
17603	26455
17604	26457
17605	26458
17606	26459
17607	26460
17608	26461
17609	26461
17610	26463
17611	26465
17612	26467
17613	26469
17614	26470
17615	26472
17616	26474
17617	26476
17618	26478
17619	26478
17620	26480
17621	26482
17622	26484
17623	26486
17624	26488
17625	26489
17626	26491
17627	26493
17628	26494
17629	26496
17630	26498
17631	26500
17632	26502
17633	26504
17634	26506
17635	26508
17636	26510
17637	26512
17638	26513
17639	26513
17640	26515
17641	26517
17642	26518
17643	26520
17644	26522
17645	26524
17646	26525
17647	26527
17648	26529
17649	26531
17650	26533
17651	26534
17652	26536
17653	26538
17654	26539
17655	26541
17656	26543
17657	26543
17658	26545
17659	26547
17660	26548
17661	26549
17662	26550
17663	26551
17664	26552
17665	26552
17666	26554
17667	26556
17668	26558
17669	26560
17670	26562
17671	26564
17672	26566
17673	26568
17674	26570
17675	26572
17676	26573
17677	26575
17678	26577
17679	26578
17680	26580
17681	26581
17682	26582
17683	26584
17684	26586
17685	26588
17686	26590
17687	26591
17688	26593
17689	26595
17690	26597
17691	26599
17692	26601
17693	26603
17694	26605
17695	26607
17696	26609
17697	26611
17698	26611
17699	26612
17700	26613
17701	26615
17702	26617
17703	26618
17704	26620
17705	26621
17706	26623
17707	26625
17708	26627
17709	26629
17710	26630
17711	26631
17712	26632
17713	26633
17714	26635
17715	26636
17716	26637
17717	26638
17718	26640
17719	26642
17720	26644
17721	26646
17722	26648
17723	26650
17724	26652
17725	26654
17726	26655
17727	26657
17728	26659
17729	26660
17730	26662
17731	26662
17732	26664
17733	26665
17734	26666
17735	26668
17736	26669
17737	26671
17738	26673
17739	26675
17740	26676
17741	26678
17742	26679
17743	26681
17744	26682
17745	26684
17746	26686
17747	26688
17748	26690
17749	26691
17750	26693
17751	26695
17752	26697
17753	26699
17754	26701
17755	26702
17756	26704
17757	26706
17758	26708
17759	26710
17760	26711
17761	26713
17762	26714
17763	26716
17764	26718
17765	26720
17766	26722
17767	26724
17768	26726
17769	26728
17770	26730
17771	26732
17772	26734
17773	26736
17774	26737
17775	26739
17776	26741
17777	26743
17778	26744
17779	26746
17780	26747
17781	26749
17782	26751
17783	26753
17784	26755
17785	26756
17786	26758
17787	26760
17788	26762
17789	26764
17790	26766
17791	26767
17792	26769
17793	26771
17794	26773
17795	26775
17796	26776
17797	26776
17798	26778
17799	26780
17800	26782
17801	26783
17802	26785
17803	26787
17804	26788
17805	26790
17806	26792
17807	26794
17808	26796
17809	26798
17810	26800
17811	26802
17812	26804
17813	26806
17814	26807
17815	26808
17816	26809
17817	26811
17818	26813
17819	26814
17820	26816
17821	26818
17822	26820
17823	26822
17824	26824
17825	26826
17826	26827
17827	26828
17828	26830
17829	26832
17830	26834
17831	26835
17832	26837
17833	26839
17834	26841
17835	26843
17836	26845
17837	26847
17838	26849
17839	26850
17840	26850
17841	26851
17842	26853
17843	26855
17844	26856
17845	26857
17846	26858
17847	26860
17848	26862
17849	26864
17850	26866
17851	26868
17852	26870
17853	26872
17854	26874
17855	26876
17856	26878
17857	26880
17858	26881
17859	26883
17860	26885
17861	26886
17862	26888
17863	26889
17864	26891
17865	26893
17866	26895
17867	26897
17868	26899
17869	26901
17870	26903
17871	26905
17872	26906
17873	26907
17874	26909
17875	26911
17876	26913
17877	26915
17878	26917
17879	26917
17880	26919
17881	26921
17882	26922
17883	26924
17884	26925
17885	26926
17886	26928
17887	26929
17888	26931
17889	26933
17890	26935
17891	26937
17892	26938
17893	26940
17894	26942
17895	26943
17896	26945
17897	26946
17898	26948
17899	26950
17900	26951
17901	26953
17902	26954
17903	26956
17904	26958
17905	26960
17906	26962
17907	26963
17908	26965
17909	26967
17910	26969
17911	26971
17912	26973
17913	26974
17914	26976
17915	26978
17916	26979
17917	26981
17918	26983
17919	26985
17920	26987
17921	26989
17922	26991
17923	26993
17924	26995
17925	26996
17926	26998
17927	27000
17928	27002
17929	27003
17930	27005
17931	27007
17932	27009
17933	27011
17934	27012
17935	27014
17936	27016
17937	27017
17938	27019
17939	27020
17940	27022
17941	27024
17942	27026
17943	27028
17944	27029
17945	27031
17946	27033
17947	27034
17948	27036
17949	27038
17950	27040
17951	27042
17952	27044
17953	27046
17954	27047
17955	27048
17956	27050
17957	27051
17958	27053
17959	27054
17960	27055
17961	27057
17962	27059
17963	27060
17964	27061
17965	27063
17966	27065
17967	27067
17968	27068
17969	27070
17970	27072
17971	27074
17972	27075
17973	27076
17974	27078
17975	27079
17976	27081
17977	27083
17978	27085
17979	27087
17980	27089
17981	27091
17982	27092
17983	27094
17984	27095
17985	27097
17986	27099
17987	27100
17988	27100
17989	27102
17990	27102
17991	27102
17992	27104
17993	27106
17994	27108
17995	27110
17996	27111
17997	27113
17998	27115
17999	27116
18000	27118
18001	27120
18002	27122
18003	27124
18004	27126
18005	27128
18006	27130
18007	27132
18008	27133
18009	27134
18010	27136
18011	27137
18012	27139
18013	27141
18014	27143
18015	27145
18016	27147
18017	27149
18018	27151
18019	27153
18020	27154
18021	27156
18022	27158
18023	27160
18024	27162
18025	27164
18026	27165
18027	27167
18028	27168
18029	27170
18030	27170
18031	27172
18032	27173
18033	27173
18034	27175
18035	27176
18036	27178
18037	27178
18038	27179
18039	27181
18040	27183
18041	27184
18042	27186
18043	27188
18044	27190
18045	27191
18046	27192
18047	27193
18048	27195
18049	27197
18050	27199
18051	27200
18052	27201
18053	27203
18054	27205
18055	27206
18056	27208
18057	27210
18058	27211
18059	27213
18060	27215
18061	27217
18062	27218
18063	27219
18064	27221
18065	27223
18066	27225
18067	27227
18068	27229
18069	27231
18070	27232
18071	27234
18072	27235
18073	27237
18074	27239
18075	27241
18076	27243
18077	27244
18078	27246
18079	27247
18080	27248
18081	27250
18082	27251
18083	27252
18084	27253
18085	27254
18086	27256
18087	27258
18088	27260
18089	27262
18090	27264
18091	27266
18092	27268
18093	27270
18094	27272
18095	27274
18096	27276
18097	27278
18098	27280
18099	27281
18100	27283
18101	27284
18102	27285
18103	27287
18104	27288
18105	27290
18106	27292
18107	27294
18108	27296
18109	27298
18110	27299
18111	27301
18112	27303
18113	27305
18114	27307
18115	27309
18116	27310
18117	27311
18118	27313
18119	27315
18120	27317
18121	27318
18122	27319
18123	27321
18124	27323
18125	27325
18126	27327
18127	27329
18128	27330
18129	27332
18130	27334
18131	27336
18132	27338
18133	27340
18134	27342
18135	27343
18136	27344
18137	27345
18138	27347
18139	27348
18140	27350
18141	27352
18142	27354
18143	27356
18144	27358
18145	27360
18146	27362
18147	27364
18148	27366
18149	27368
18150	27370
18151	27371
18152	27373
18153	27375
18154	27377
18155	27379
18156	27381
18157	27383
18158	27384
18159	27385
18160	27387
18161	27388
18162	27390
18163	27391
18164	27393
18165	27395
18166	27397
18167	27399
18168	27401
18169	27402
18170	27404
18171	27406
18172	27407
18173	27407
18174	27408
18175	27410
18176	27412
18177	27414
18178	27416
18179	27417
18180	27418
18181	27420
18182	27421
18183	27423
18184	27424
18185	27426
18186	27428
18187	27430
18188	27432
18189	27433
18190	27433
18191	27435
18192	27437
18193	27439
18194	27441
18195	27443
18196	27445
18197	27446
18198	27448
18199	27450
18200	27452
18201	27454
18202	27456
18203	27458
18204	27460
18205	27461
18206	27463
18207	27465
18208	27467
18209	27468
18210	27470
18211	27472
18212	27474
18213	27476
18214	27478
18215	27480
18216	27482
18217	27483
18218	27485
18219	27486
18220	27487
18221	27489
18222	27490
18223	27492
18224	27494
18225	27496
18226	27497
18227	27499
18228	27501
18229	27501
18230	27502
18231	27504
18232	27506
18233	27508
18234	27509
18235	27511
18236	27511
18237	27513
18238	27515
18239	27517
18240	27519
18241	27521
18242	27522
18243	27523
18244	27525
18245	27527
18246	27529
18247	27530
18248	27532
18249	27534
18250	27536
18251	27537
18252	27538
18253	27539
18254	27541
18255	27543
18256	27544
18257	27546
18258	27548
18259	27549
18260	27549
18261	27550
18262	27552
18263	27554
18264	27555
18265	27557
18266	27558
18267	27560
18268	27562
18269	27564
18270	27566
18271	27568
18272	27570
18273	27572
18274	27574
18275	27576
18276	27578
18277	27579
18278	27581
18279	27583
18280	27585
18281	27586
18282	27588
18283	27588
18284	27589
18285	27591
18286	27593
18287	27595
18288	27597
18289	27599
18290	27601
18291	27602
18292	27604
18293	27606
18294	27608
18295	27609
18296	27611
18297	27613
18298	27615
18299	27616
18300	27617
18301	27618
18302	27618
18303	27620
18304	27622
18305	27624
18306	27626
18307	27627
18308	27629
18309	27631
18310	27632
18311	27634
18312	27636
18313	27638
18314	27640
18315	27642
18316	27644
18317	27646
18318	27648
18319	27650
18320	27652
18321	27653
18322	27655
18323	27657
18324	27658
18325	27658
18326	27660
18327	27661
18328	27663
18329	27664
18330	27666
18331	27668
18332	27669
18333	27671
18334	27673
18335	27675
18336	27677
18337	27679
18338	27681
18339	27682
18340	27684
18341	27685
18342	27687
18343	27688
18344	27690
18345	27690
18346	27692
18347	27694
18348	27696
18349	27698
18350	27700
18351	27702
18352	27704
18353	27706
18354	27708
18355	27710
18356	27712
18357	27714
18358	27715
18359	27717
18360	27718
18361	27719
18362	27720
18363	27722
18364	27724
18365	27725
18366	27726
18367	27728
18368	27729
18369	27731
18370	27733
18371	27734
18372	27736
18373	27737
18374	27739
18375	27741
18376	27743
18377	27745
18378	27747
18379	27749
18380	27751
18381	27753
18382	27753
18383	27755
18384	27757
18385	27758
18386	27760
18387	27761
18388	27762
18389	27764
18390	27766
18391	27768
18392	27770
18393	27772
18394	27774
18395	27776
18396	27778
18397	27780
18398	27781
18399	27783
18400	27784
18401	27786
18402	27788
18403	27789
18404	27791
18405	27792
18406	27794
18407	27796
18408	27796
18409	27798
18410	27800
18411	27802
18412	27803
18413	27805
18414	27806
18415	27808
18416	27810
18417	27812
18418	27814
18419	27816
18420	27817
18421	27817
18422	27818
18423	27820
18424	27822
18425	27824
18426	27826
18427	27828
18428	27829
18429	27831
18430	27833
18431	27834
18432	27835
18433	27836
18434	27837
18435	27839
18436	27840
18437	27842
18438	27844
18439	27846
18440	27848
18441	27849
18442	27850
18443	27851
18444	27853
18445	27855
18446	27857
18447	27859
18448	27861
18449	27863
18450	27865
18451	27867
18452	27869
18453	27871
18454	27873
18455	27874
18456	27876
18457	27877
18458	27879
18459	27881
18460	27883
18461	27884
18462	27886
18463	27888
18464	27889
18465	27890
18466	27892
18467	27893
18468	27895
18469	27897
18470	27899
18471	27901
18472	27903
18473	27905
18474	27906
18475	27908
18476	27910
18477	27911
18478	27912
18479	27914
18480	27915
18481	27917
18482	27919
18483	27921
18484	27923
18485	27925
18486	27926
18487	27928
18488	27929
18489	27930
18490	27931
18491	27933
18492	27934
18493	27935
18494	27936
18495	27938
18496	27939
18497	27940
18498	27942
18499	27944
18500	27944
18501	27946
18502	27948
18503	27950
18504	27952
18505	27953
18506	27955
18507	27957
18508	27959
18509	27961
18510	27963
18511	27965
18512	27967
18513	27969
18514	27970
18515	27970
18516	27971
18517	27972
18518	27973
18519	27973
18520	27974
18521	27976
18522	27978
18523	27980
18524	27981
18525	27983
18526	27985
18527	27986
18528	27988
18529	27989
18530	27991
18531	27991
18532	27993
18533	27995
18534	27997
18535	27999
18536	28000
18537	28002
18538	28004
18539	28006
18540	28008
18541	28009
18542	28011
18543	28012
18544	28013
18545	28015
18546	28017
18547	28019
18548	28020
18549	28022
18550	28024
18551	28026
18552	28027
18553	28029
18554	28031
18555	28032
18556	28034
18557	28036
18558	28038
18559	28039
18560	28040
18561	28042
18562	28044
18563	28045
18564	28046
18565	28047
18566	28048
18567	28050
18568	28052
18569	28054
18570	28056
18571	28058
18572	28060
18573	28062
18574	28062
18575	28064
18576	28065
18577	28066
18578	28068
18579	28070
18580	28071
18581	28073
18582	28074
18583	28076
18584	28077
18585	28079
18586	28080
18587	28082
18588	28084
18589	28086
18590	28088
18591	28089
18592	28090
18593	28092
18594	28094
18595	28096
18596	28098
18597	28100
18598	28101
18599	28103
18600	28105
18601	28106
18602	28108
18603	28110
18604	28111
18605	28113
18606	28115
18607	28117
18608	28118
18609	28119
18610	28121
18611	28123
18612	28125
18613	28126
18614	28128
18615	28130
18616	28131
18617	28133
18618	28134
18619	28136
18620	28137
18621	28138
18622	28139
18623	28140
18624	28142
18625	28144
18626	28146
18627	28147
18628	28149
18629	28151
18630	28152
18631	28154
18632	28155
18633	28157
18634	28158
18635	28160
18636	28161
18637	28163
18638	28165
18639	28167
18640	28169
18641	28171
18642	28172
18643	28172
18644	28172
18645	28173
18646	28174
18647	28176
18648	28178
18649	28178
18650	28180
18651	28182
18652	28184
18653	28185
18654	28186
18655	28187
18656	28189
18657	28190
18658	28191
18659	28192
18660	28193
18661	28195
18662	28196
18663	28198
18664	28200
18665	28202
18666	28203
18667	28205
18668	28207
18669	28209
18670	28211
18671	28213
18672	28214
18673	28216
18674	28218
18675	28220
18676	28222
18677	28224
18678	28226
18679	28228
18680	28229
18681	28231
18682	28233
18683	28235
18684	28237
18685	28238
18686	28239
18687	28241
18688	28242
18689	28243
18690	28245
18691	28246
18692	28247
18693	28248
18694	28250
18695	28251
18696	28253
18697	28255
18698	28257
18699	28258
18700	28259
18701	28260
18702	28261
18703	28263
18704	28265
18705	28267
18706	28269
18707	28269
18708	28271
18709	28273
18710	28275
18711	28277
18712	28279
18713	28281
18714	28281
18715	28282
18716	28283
18717	28285
18718	28286
18719	28287
18720	28289
18721	28291
18722	28292
18723	28294
18724	28296
18725	28297
18726	28299
18727	28301
18728	28302
18729	28303
18730	28304
18731	28304
18732	28306
18733	28308
18734	28310
18735	28311
18736	28313
18737	28315
18738	28316
18739	28318
18740	28320
18741	28322
18742	28323
18743	28325
18744	28327
18745	28328
18746	28328
18747	28330
18748	28330
18749	28332
18750	28334
18751	28336
18752	28337
18753	28339
18754	28340
18755	28342
18756	28344
18757	28345
18758	28347
18759	28349
18760	28351
18761	28352
18762	28354
18763	28356
18764	28357
18765	28358
18766	28360
18767	28361
18768	28363
18769	28365
18770	28367
18771	28368
18772	28370
18773	28371
18774	28372
18775	28373
18776	28375
18777	28376
18778	28378
18779	28380
18780	28381
18781	28383
18782	28384
18783	28386
18784	28388
18785	28390
18786	28392
18787	28394
18788	28395
18789	28397
18790	28399
18791	28400
18792	28401
18793	28403
18794	28405
18795	28406
18796	28408
18797	28408
18798	28409
18799	28411
18800	28413
18801	28415
18802	28417
18803	28419
18804	28421
18805	28423
18806	28424
18807	28426
18808	28427
18809	28429
18810	28431
18811	28432
18812	28434
18813	28436
18814	28438
18815	28440
18816	28442
18817	28444
18818	28445
18819	28446
18820	28446
18821	28447
18822	28449
18823	28451
18824	28453
18825	28455
18826	28456
18827	28458
18828	28460
18829	28462
18830	28464
18831	28465
18832	28467
18833	28469
18834	28471
18835	28472
18836	28474
18837	28475
18838	28477
18839	28478
18840	28479
18841	28480
18842	28482
18843	28484
18844	28486
18845	28488
18846	28489
18847	28491
18848	28493
18849	28495
18850	28496
18851	28498
18852	28499
18853	28501
18854	28503
18855	28505
18856	28507
18857	28508
18858	28510
18859	28510
18860	28512
18861	28514
18862	28515
18863	28517
18864	28519
18865	28521
18866	28522
18867	28524
18868	28525
18869	28525
18870	28527
18871	28529
18872	28531
18873	28532
18874	28534
18875	28535
18876	28536
18877	28538
18878	28540
18879	28542
18880	28544
18881	28546
18882	28548
18883	28550
18884	28552
18885	28553
18886	28554
18887	28556
18888	28557
18889	28559
18890	28561
18891	28563
18892	28564
18893	28565
18894	28567
18895	28569
18896	28570
18897	28571
18898	28573
18899	28575
18900	28577
18901	28579
18902	28580
18903	28582
18904	28584
18905	28586
18906	28587
18907	28589
18908	28590
18909	28591
18910	28593
18911	28595
18912	28597
18913	28599
18914	28601
18915	28603
18916	28605
18917	28607
18918	28609
18919	28611
18920	28613
18921	28615
18922	28615
18923	28617
18924	28618
18925	28619
18926	28621
18927	28623
18928	28625
18929	28626
18930	28626
18931	28628
18932	28630
18933	28632
18934	28633
18935	28635
18936	28637
18937	28638
18938	28640
18939	28642
18940	28644
18941	28646
18942	28648
18943	28650
18944	28651
18945	28653
18946	28654
18947	28656
18948	28657
18949	28659
18950	28661
18951	28663
18952	28665
18953	28666
18954	28668
18955	28670
18956	28672
18957	28674
18958	28676
18959	28678
18960	28680
18961	28682
18962	28684
18963	28685
18964	28687
18965	28689
18966	28690
18967	28692
18968	28694
18969	28696
18970	28698
18971	28700
18972	28702
18973	28704
18974	28705
18975	28707
18976	28709
18977	28710
18978	28712
18979	28713
18980	28715
18981	28717
18982	28719
18983	28721
18984	28722
18985	28723
18986	28725
18987	28727
18988	28729
18989	28730
18990	28731
18991	28732
18992	28734
18993	28735
18994	28736
18995	28738
18996	28740
18997	28742
18998	28743
18999	28744
19000	28746
19001	28748
19002	28749
19003	28751
19004	28752
19005	28754
19006	28756
19007	28758
19008	28760
19009	28761
19010	28763
19011	28765
19012	28767
19013	28768
19014	28770
19015	28772
19016	28774
19017	28776
19018	28778
19019	28780
19020	28781
19021	28783
19022	28783
19023	28785
19024	28786
19025	28787
19026	28788
19027	28790
19028	28792
19029	28794
19030	28796
19031	28798
19032	28800
19033	28802
19034	28804
19035	28806
19036	28808
19037	28810
19038	28812
19039	28814
19040	28816
19041	28818
19042	28819
19043	28821
19044	28823
19045	28825
19046	28826
19047	28828
19048	28830
19049	28832
19050	28834
19051	28836
19052	28838
19053	28840
19054	28842
19055	28844
19056	28845
19057	28847
19058	28849
19059	28851
19060	28853
19061	28855
19062	28857
19063	28858
19064	28860
19065	28862
19066	28864
19067	28865
19068	28867
19069	28869
19070	28871
19071	28873
19072	28875
19073	28876
19074	28878
19075	28880
19076	28882
19077	28883
19078	28885
19079	28887
19080	28888
19081	28890
19082	28891
19083	28892
19084	28894
19085	28895
19086	28897
19087	28899
19088	28901
19089	28902
19090	28904
19091	28906
19092	28908
19093	28909
19094	28911
19095	28913
19096	28913
19097	28915
19098	28917
19099	28917
19100	28919
19101	28919
19102	28921
19103	28923
19104	28924
19105	28926
19106	28928
19107	28930
19108	28932
19109	28933
19110	28935
19111	28937
19112	28938
19113	28940
19114	28942
19115	28943
19116	28944
19117	28946
19118	28947
19119	28948
19120	28950
19121	28951
19122	28953
19123	28955
19124	28957
19125	28959
19126	28960
19127	28962
19128	28964
19129	28966
19130	28967
19131	28969
19132	28970
19133	28972
19134	28973
19135	28975
19136	28976
19137	28978
19138	28980
19139	28980
19140	28981
19141	28981
19142	28982
19143	28983
19144	28985
19145	28985
19146	28987
19147	28989
19148	28991
19149	28993
19150	28995
19151	28997
19152	28997
19153	28999
19154	29001
19155	29003
19156	29004
19157	29005
19158	29007
19159	29008
19160	29010
19161	29012
19162	29014
19163	29014
19164	29016
19165	29018
19166	29020
19167	29022
19168	29024
19169	29024
19170	29026
19171	29028
19172	29029
19173	29031
19174	29033
19175	29035
19176	29037
19177	29038
19178	29040
19179	29041
19180	29042
19181	29044
19182	29046
19183	29048
19184	29050
19185	29052
19186	29053
19187	29054
19188	29055
19189	29056
19190	29058
19191	29060
19192	29062
19193	29063
19194	29065
19195	29067
19196	29069
19197	29069
19198	29070
19199	29072
19200	29072
19201	29074
19202	29076
19203	29078
19204	29080
19205	29082
19206	29084
19207	29086
19208	29088
19209	29090
19210	29092
19211	29093
19212	29095
19213	29096
19214	29098
19215	29100
19216	29101
19217	29102
19218	29104
19219	29106
19220	29107
19221	29109
19222	29111
19223	29113
19224	29114
19225	29116
19226	29117
19227	29118
19228	29120
19229	29121
19230	29123
19231	29124
19232	29125
19233	29127
19234	29129
19235	29131
19236	29133
19237	29134
19238	29136
19239	29138
19240	29140
19241	29141
19242	29143
19243	29145
19244	29146
19245	29147
19246	29149
19247	29151
19248	29153
19249	29154
19250	29156
19251	29157
19252	29159
19253	29161
19254	29162
19255	29164
19256	29165
19257	29167
19258	29169
19259	29171
19260	29172
19261	29173
19262	29174
19263	29176
19264	29178
19265	29180
19266	29181
19267	29183
19268	29185
19269	29187
19270	29187
19271	29189
19272	29191
19273	29193
19274	29195
19275	29197
19276	29199
19277	29201
19278	29203
19279	29203
19280	29204
19281	29205
19282	29207
19283	29209
19284	29210
19285	29210
19286	29211
19287	29212
19288	29214
19289	29216
19290	29218
19291	29220
19292	29222
19293	29223
19294	29225
19295	29227
19296	29227
19297	29229
19298	29231
19299	29233
19300	29235
19301	29237
19302	29239
19303	29241
19304	29243
19305	29244
19306	29246
19307	29246
19308	29248
19309	29249
19310	29251
19311	29253
19312	29255
19313	29257
19314	29259
19315	29260
19316	29261
19317	29262
19318	29264
19319	29266
19320	29267
19321	29269
19322	29270
19323	29272
19324	29273
19325	29275
19326	29276
19327	29277
19328	29277
19329	29279
19330	29281
19331	29282
19332	29283
19333	29283
19334	29284
19335	29285
19336	29287
19337	29289
19338	29291
19339	29293
19340	29295
19341	29297
19342	29299
19343	29300
19344	29302
19345	29302
19346	29304
19347	29306
19348	29308
19349	29310
19350	29312
19351	29313
19352	29315
19353	29316
19354	29317
19355	29319
19356	29319
19357	29320
19358	29322
19359	29324
19360	29326
19361	29327
19362	29328
19363	29330
19364	29332
19365	29334
19366	29336
19367	29338
19368	29339
19369	29340
19370	29342
19371	29343
19372	29345
19373	29347
19374	29348
19375	29350
19376	29352
19377	29354
19378	29356
19379	29358
19380	29360
19381	29362
19382	29363
19383	29364
19384	29366
19385	29367
19386	29369
19387	29371
19388	29372
19389	29374
19390	29376
19391	29377
19392	29378
19393	29380
19394	29382
19395	29384
19396	29386
19397	29388
19398	29390
19399	29391
19400	29393
19401	29395
19402	29397
19403	29399
19404	29401
19405	29403
19406	29404
19407	29406
19408	29408
19409	29409
19410	29410
19411	29411
19412	29413
19413	29415
19414	29417
19415	29418
19416	29420
19417	29421
19418	29422
19419	29424
19420	29426
19421	29428
19422	29430
19423	29431
19424	29433
19425	29434
19426	29436
19427	29438
19428	29439
19429	29441
19430	29443
19431	29444
19432	29445
19433	29447
19434	29449
19435	29451
19436	29452
19437	29454
19438	29456
19439	29458
19440	29460
19441	29462
19442	29463
19443	29464
19444	29465
19445	29466
19446	29467
19447	29468
19448	29470
19449	29472
19450	29474
19451	29475
19452	29477
19453	29478
19454	29480
19455	29481
19456	29483
19457	29485
19458	29487
19459	29489
19460	29491
19461	29492
19462	29494
19463	29496
19464	29498
19465	29500
19466	29502
19467	29504
19468	29506
19469	29508
19470	29510
19471	29511
19472	29513
19473	29514
19474	29514
19475	29516
19476	29518
19477	29520
19478	29522
19479	29523
19480	29525
19481	29526
19482	29528
19483	29530
19484	29531
19485	29532
19486	29534
19487	29535
19488	29537
19489	29539
19490	29541
19491	29541
19492	29543
19493	29544
19494	29545
19495	29547
19496	29549
19497	29551
19498	29553
19499	29555
19500	29557
19501	29559
19502	29561
19503	29563
19504	29565
19505	29566
19506	29567
19507	29569
19508	29571
19509	29572
19510	29573
19511	29575
19512	29576
19513	29576
19514	29578
19515	29580
19516	29582
19517	29584
19518	29585
19519	29586
19520	29587
19521	29589
19522	29591
19523	29593
19524	29594
19525	29596
19526	29597
19527	29599
19528	29601
19529	29603
19530	29605
19531	29605
19532	29606
19533	29608
19534	29610
19535	29611
19536	29612
19537	29614
19538	29616
19539	29617
19540	29619
19541	29621
19542	29623
19543	29624
19544	29625
19545	29626
19546	29628
19547	29629
19548	29630
19549	29631
19550	29632
19551	29634
19552	29636
19553	29638
19554	29640
19555	29642
19556	29644
19557	29646
19558	29648
19559	29649
19560	29651
19561	29652
19562	29654
19563	29656
19564	29657
19565	29659
19566	29661
19567	29662
19568	29662
19569	29664
19570	29665
19571	29667
19572	29669
19573	29671
19574	29672
19575	29674
19576	29675
19577	29676
19578	29678
19579	29680
19580	29681
19581	29683
19582	29685
19583	29687
19584	29688
19585	29690
19586	29692
19587	29694
19588	29696
19589	29697
19590	29699
19591	29701
19592	29702
19593	29703
19594	29704
19595	29706
19596	29708
19597	29710
19598	29712
19599	29714
19600	29716
19601	29717
19602	29719
19603	29721
19604	29722
19605	29724
19606	29726
19607	29728
19608	29730
19609	29731
19610	29732
19611	29734
19612	29736
19613	29738
19614	29740
19615	29742
19616	29743
19617	29745
19618	29747
19619	29749
19620	29751
19621	29753
19622	29755
19623	29757
19624	29759
19625	29761
19626	29762
19627	29762
19628	29764
19629	29766
19630	29768
19631	29769
19632	29770
19633	29772
19634	29774
19635	29775
19636	29777
19637	29779
19638	29781
19639	29781
19640	29783
19641	29784
19642	29785
19643	29787
19644	29789
19645	29790
19646	29791
19647	29792
19648	29794
19649	29795
19650	29796
19651	29798
19652	29799
19653	29801
19654	29803
19655	29805
19656	29807
19657	29808
19658	29809
19659	29810
19660	29812
19661	29813
19662	29815
19663	29816
19664	29818
19665	29819
19666	29821
19667	29822
19668	29824
19669	29826
19670	29827
19671	29829
19672	29831
19673	29832
19674	29834
19675	29835
19676	29836
19677	29837
19678	29838
19679	29840
19680	29842
19681	29843
19682	29845
19683	29847
19684	29848
19685	29850
19686	29852
19687	29854
19688	29856
19689	29858
19690	29859
19691	29860
19692	29862
19693	29863
19694	29865
19695	29867
19696	29869
19697	29871
19698	29873
19699	29875
19700	29877
19701	29879
19702	29880
19703	29882
19704	29884
19705	29886
19706	29887
19707	29888
19708	29890
19709	29892
19710	29893
19711	29895
19712	29897
19713	29898
19714	29900
19715	29901
19716	29903
19717	29905
19718	29907
19719	29909
19720	29911
19721	29912
19722	29913
19723	29915
19724	29917
19725	29918
19726	29920
19727	29922
19728	29924
19729	29925
19730	29926
19731	29927
19732	29929
19733	29931
19734	29931
19735	29932
19736	29934
19737	29935
19738	29937
19739	29939
19740	29941
19741	29943
19742	29945
19743	29946
19744	29947
19745	29949
19746	29950
19747	29951
19748	29953
19749	29954
19750	29954
19751	29956
19752	29957
19753	29959
19754	29961
19755	29963
19756	29965
19757	29967
19758	29969
19759	29971
19760	29973
19761	29975
19762	29976
19763	29977
19764	29979
19765	29981
19766	29983
19767	29985
19768	29986
19769	29988
19770	29990
19771	29992
19772	29994
19773	29995
19774	29997
19775	29999
19776	30001
19777	30002
19778	30003
19779	30005
19780	30007
19781	30008
19782	30009
19783	30011
19784	30012
19785	30013
19786	30015
19787	30017
19788	30019
19789	30021
19790	30022
19791	30024
19792	30025
19793	30027
19794	30029
19795	30030
19796	30030
19797	30031
19798	30033
19799	30035
19800	30037
19801	30039
19802	30040
19803	30041
19804	30042
19805	30044
19806	30045
19807	30047
19808	30048
19809	30049
19810	30051
19811	30053
19812	30055
19813	30055
19814	30057
19815	30059
19816	30061
19817	30063
19818	30065
19819	30067
19820	30068
19821	30070
19822	30071
19823	30073
19824	30075
19825	30077
19826	30079
19827	30081
19828	30082
19829	30083
19830	30085
19831	30087
19832	30088
19833	30090
19834	30092
19835	30093
19836	30095
19837	30097
19838	30098
19839	30100
19840	30102
19841	30103
19842	30104
19843	30106
19844	30108
19845	30109
19846	30110
19847	30111
19848	30113
19849	30114
19850	30115
19851	30117
19852	30119
19853	30121
19854	30123
19855	30125
19856	30127
19857	30129
19858	30131
19859	30133
19860	30135
19861	30137
19862	30138
19863	30140
19864	30141
19865	30143
19866	30144
19867	30146
19868	30148
19869	30150
19870	30151
19871	30153
19872	30154
19873	30154
19874	30156
19875	30158
19876	30160
19877	30162
19878	30162
19879	30163
19880	30164
19881	30166
19882	30168
19883	30169
19884	30171
19885	30173
19886	30174
19887	30176
19888	30177
19889	30179
19890	30181
19891	30183
19892	30184
19893	30185
19894	30187
19895	30189
19896	30191
19897	30192
19898	30193
19899	30195
19900	30197
19901	30199
19902	30201
19903	30203
19904	30205
19905	30207
19906	30208
19907	30210
19908	30211
19909	30211
19910	30213
19911	30214
19912	30216
19913	30218
19914	30219
19915	30221
19916	30223
19917	30224
19918	30226
19919	30228
19920	30230
19921	30232
19922	30234
19923	30236
19924	30238
19925	30239
19926	30241
19927	30242
19928	30244
19929	30244
19930	30245
19931	30247
19932	30249
19933	30251
19934	30253
19935	30255
19936	30257
19937	30259
19938	30261
19939	30262
19940	30264
19941	30266
19942	30267
19943	30269
19944	30271
19945	30272
19946	30273
19947	30275
19948	30277
19949	30278
19950	30279
19951	30279
19952	30279
19953	30280
19954	30282
19955	30284
19956	30286
19957	30287
19958	30289
19959	30290
19960	30292
19961	30293
19962	30294
19963	30295
19964	30296
19965	30298
19966	30300
19967	30302
19968	30304
19969	30305
19970	30306
19971	30307
19972	30309
19973	30310
19974	30311
19975	30312
19976	30314
19977	30315
19978	30317
19979	30319
19980	30321
19981	30322
19982	30324
19983	30325
19984	30326
19985	30328
19986	30330
19987	30332
19988	30334
19989	30336
19990	30337
19991	30338
19992	30340
19993	30341
19994	30342
19995	30342
19996	30344
19997	30345
19998	30347
19999	30347
20000	30349
20001	30351
20002	30353
20003	30354
20004	30355
20005	30356
20006	30358
20007	30359
20008	30361
20009	30363
20010	30365
20011	30367
20012	30369
20013	30370
20014	30372
20015	30374
20016	30375
20017	30377
20018	30378
20019	30380
20020	30381
20021	30383
20022	30385
20023	30387
20024	30389
20025	30391
20026	30393
20027	30395
20028	30397
20029	30399
20030	30400
20031	30402
20032	30403
20033	30404
20034	30405
20035	30406
20036	30407
20037	30408
20038	30408
20039	30410
20040	30412
20041	30414
20042	30415
20043	30416
20044	30418
20045	30420
20046	30421
20047	30421
20048	30423
20049	30425
20050	30427
20051	30427
20052	30428
20053	30430
20054	30432
20055	30433
20056	30435
20057	30437
20058	30437
20059	30439
20060	30441
20061	30442
20062	30443
20063	30444
20064	30444
20065	30446
20066	30447
20067	30449
20068	30451
20069	30453
20070	30454
20071	30455
20072	30456
20073	30457
20074	30459
20075	30461
20076	30462
20077	30463
20078	30464
20079	30466
20080	30467
20081	30469
20082	30471
20083	30473
20084	30474
20085	30476
20086	30478
20087	30480
20088	30482
20089	30483
20090	30485
20091	30487
20092	30488
20093	30488
20094	30489
20095	30491
20096	30493
20097	30495
20098	30495
20099	30497
20100	30499
20101	30501
20102	30502
20103	30502
20104	30503
20105	30505
20106	30507
20107	30509
20108	30511
20109	30513
20110	30515
20111	30517
20112	30519
20113	30520
20114	30522
20115	30522
20116	30523
20117	30524
20118	30526
20119	30528
20120	30530
20121	30531
20122	30532
20123	30534
20124	30536
20125	30538
20126	30540
20127	30542
20128	30543
20129	30544
20130	30546
20131	30547
20132	30548
20133	30550
20134	30552
20135	30554
20136	30555
20137	30556
20138	30557
20139	30558
20140	30560
20141	30562
20142	30564
20143	30565
20144	30567
20145	30569
20146	30570
20147	30572
20148	30574
20149	30575
20150	30577
20151	30579
20152	30581
20153	30583
20154	30584
20155	30586
20156	30588
20157	30590
20158	30591
20159	30593
20160	30595
20161	30597
20162	30599
20163	30601
20164	30603
20165	30604
20166	30606
20167	30608
20168	30609
20169	30611
20170	30613
20171	30614
20172	30616
20173	30617
20174	30618
20175	30618
20176	30620
20177	30622
20178	30624
20179	30626
20180	30627
20181	30629
20182	30631
20183	30632
20184	30633
20185	30634
20186	30636
20187	30638
20188	30639
20189	30640
20190	30642
20191	30644
20192	30645
20193	30646
20194	30647
20195	30648
20196	30650
20197	30652
20198	30654
20199	30655
20200	30657
20201	30659
20202	30661
20203	30663
20204	30664
20205	30666
20206	30668
20207	30670
20208	30672
20209	30673
20210	30673
20211	30674
20212	30675
20213	30677
20214	30679
20215	30681
20216	30682
20217	30683
20218	30685
20219	30687
20220	30689
20221	30691
20222	30692
20223	30694
20224	30696
20225	30698
20226	30699
20227	30700
20228	30701
20229	30702
20230	30703
20231	30704
20232	30706
20233	30707
20234	30708
20235	30709
20236	30710
20237	30710
20238	30712
20239	30714
20240	30715
20241	30717
20242	30719
20243	30721
20244	30723
20245	30725
20246	30727
20247	30729
20248	30731
20249	30733
20250	30734
20251	30736
20252	30737
20253	30739
20254	30741
20255	30743
20256	30744
20257	30746
20258	30748
20259	30750
20260	30750
20261	30750
20262	30751
20263	30753
20264	30755
20265	30757
20266	30758
20267	30759
20268	30760
20269	30762
20270	30764
20271	30766
20272	30768
20273	30770
20274	30772
20275	30774
20276	30776
20277	30778
20278	30780
20279	30781
20280	30783
20281	30784
20282	30786
20283	30788
20284	30790
20285	30791
20286	30792
20287	30794
20288	30795
20289	30795
20290	30797
20291	30799
20292	30801
20293	30803
20294	30804
20295	30805
20296	30806
20297	30808
20298	30810
20299	30812
20300	30813
20301	30815
20302	30817
20303	30818
20304	30820
20305	30821
20306	30823
20307	30825
20308	30826
20309	30827
20310	30829
20311	30831
20312	30833
20313	30835
20314	30837
20315	30838
20316	30840
20317	30842
20318	30843
20319	30845
20320	30846
20321	30848
20322	30848
20323	30850
20324	30852
20325	30853
20326	30855
20327	30857
20328	30859
20329	30861
20330	30863
20331	30865
20332	30866
20333	30868
20334	30870
20335	30872
20336	30874
20337	30876
20338	30877
20339	30879
20340	30881
20341	30881
20342	30882
20343	30883
20344	30885
20345	30886
20346	30888
20347	30889
20348	30891
20349	30893
20350	30893
20351	30895
20352	30897
20353	30899
20354	30900
20355	30902
20356	30904
20357	30905
20358	30907
20359	30908
20360	30910
20361	30912
20362	30913
20363	30915
20364	30917
20365	30918
20366	30920
20367	30922
20368	30924
20369	30926
20370	30928
20371	30929
20372	30931
20373	30933
20374	30934
20375	30935
20376	30936
20377	30938
20378	30940
20379	30942
20380	30944
20381	30946
20382	30948
20383	30948
20384	30949
20385	30951
20386	30953
20387	30954
20388	30955
20389	30956
20390	30958
20391	30960
20392	30961
20393	30961
20394	30963
20395	30965
20396	30966
20397	30968
20398	30970
20399	30972
20400	30974
20401	30976
20402	30978
20403	30980
20404	30982
20405	30983
20406	30985
20407	30987
20408	30988
20409	30989
20410	30990
20411	30991
20412	30992
20413	30994
20414	30996
20415	30998
20416	31000
20417	31001
20418	31001
20419	31002
20420	31004
20421	31006
20422	31007
20423	31008
20424	31010
20425	31012
20426	31014
20427	31016
20428	31018
20429	31020
20430	31022
20431	31024
20432	31026
20433	31027
20434	31028
20435	31029
20436	31031
20437	31033
20438	31035
20439	31036
20440	31038
20441	31040
20442	31042
20443	31044
20444	31045
20445	31047
20446	31049
20447	31050
20448	31051
20449	31053
20450	31054
20451	31056
20452	31058
20453	31059
20454	31061
20455	31063
20456	31064
20457	31065
20458	31067
20459	31068
20460	31068
20461	31070
20462	31072
20463	31074
20464	31076
20465	31076
20466	31078
20467	31080
20468	31082
20469	31084
20470	31086
20471	31088
20472	31090
20473	31091
20474	31092
20475	31094
20476	31096
20477	31098
20478	31099
20479	31099
20480	31101
20481	31103
20482	31105
20483	31105
20484	31106
20485	31108
20486	31110
20487	31112
20488	31114
20489	31115
20490	31116
20491	31117
20492	31119
20493	31121
20494	31122
20495	31124
20496	31126
20497	31128
20498	31129
20499	31130
20500	31132
20501	31134
20502	31136
20503	31137
20504	31138
20505	31140
20506	31142
20507	31144
20508	31146
20509	31147
20510	31149
20511	31151
20512	31152
20513	31152
20514	31153
20515	31155
20516	31157
20517	31158
20518	31160
20519	31161
20520	31163
20521	31165
20522	31166
20523	31168
20524	31170
20525	31172
20526	31174
20527	31175
20528	31176
20529	31177
20530	31179
20531	31181
20532	31182
20533	31183
20534	31185
20535	31185
20536	31187
20537	31189
20538	31190
20539	31191
20540	31193
20541	31195
20542	31197
20543	31198
20544	31200
20545	31201
20546	31202
20547	31203
20548	31205
20549	31207
20550	31209
20551	31211
20552	31212
20553	31213
20554	31215
20555	31216
20556	31218
20557	31220
20558	31222
20559	31224
20560	31226
20561	31227
20562	31229
20563	31231
20564	31232
20565	31234
20566	31236
20567	31237
20568	31239
20569	31241
20570	31243
20571	31245
20572	31246
20573	31247
20574	31248
20575	31250
20576	31252
20577	31252
20578	31254
20579	31256
20580	31257
20581	31259
20582	31261
20583	31263
20584	31265
20585	31267
20586	31268
20587	31270
20588	31272
20589	31274
20590	31275
20591	31277
20592	31279
20593	31281
20594	31283
20595	31284
20596	31286
20597	31287
20598	31288
20599	31290
20600	31292
20601	31292
20602	31294
20603	31296
20604	31298
20605	31298
20606	31299
20607	31301
20608	31303
20609	31305
20610	31307
20611	31309
20612	31311
20613	31312
20614	31313
20615	31314
20616	31316
20617	31317
20618	31319
20619	31320
20620	31322
20621	31324
20622	31326
20623	31328
20624	31329
20625	31330
20626	31332
20627	31334
20628	31336
20629	31337
20630	31339
20631	31340
20632	31341
20633	31343
20634	31345
20635	31346
20636	31348
20637	31349
20638	31351
20639	31352
20640	31354
20641	31356
20642	31358
20643	31360
20644	31362
20645	31364
20646	31364
20647	31365
20648	31367
20649	31369
20650	31371
20651	31373
20652	31375
20653	31376
20654	31378
20655	31380
20656	31381
20657	31382
20658	31384
20659	31386
20660	31388
20661	31390
20662	31392
20663	31394
20664	31396
20665	31398
20666	31399
20667	31400
20668	31401
20669	31403
20670	31405
20671	31406
20672	31408
20673	31409
20674	31411
20675	31413
20676	31414
20677	31416
20678	31418
20679	31419
20680	31421
20681	31423
20682	31424
20683	31425
20684	31426
20685	31427
20686	31429
20687	31431
20688	31433
20689	31434
20690	31436
20691	31437
20692	31438
20693	31440
20694	31441
20695	31442
20696	31443
20697	31445
20698	31446
20699	31448
20700	31449
20701	31450
20702	31452
20703	31454
20704	31456
20705	31457
20706	31459
20707	31461
20708	31463
20709	31465
20710	31467
20711	31468
20712	31469
20713	31471
20714	31472
20715	31473
20716	31474
20717	31476
20718	31478
20719	31478
20720	31479
20721	31480
20722	31481
20723	31483
20724	31484
20725	31486
20726	31488
20727	31490
20728	31492
20729	31494
20730	31496
20731	31498
20732	31500
20733	31502
20734	31503
20735	31505
20736	31506
20737	31508
20738	31510
20739	31512
20740	31513
20741	31515
20742	31516
20743	31517
20744	31519
20745	31520
20746	31522
20747	31524
20748	31526
20749	31528
20750	31529
20751	31531
20752	31533
20753	31535
20754	31537
20755	31539
20756	31540
20757	31541
20758	31543
20759	31544
20760	31546
20761	31546
20762	31547
20763	31548
20764	31549
20765	31550
20766	31551
20767	31553
20768	31555
20769	31557
20770	31557
20771	31559
20772	31560
20773	31561
20774	31563
20775	31564
20776	31566
20777	31568
20778	31570
20779	31571
20780	31572
20781	31574
20782	31576
20783	31578
20784	31579
20785	31581
20786	31582
20787	31584
20788	31585
20789	31586
20790	31587
20791	31589
20792	31591
20793	31592
20794	31593
20795	31595
20796	31597
20797	31599
20798	31600
20799	31602
20800	31604
20801	31606
20802	31607
20803	31609
20804	31611
20805	31612
20806	31614
20807	31616
20808	31618
20809	31619
20810	31621
20811	31623
20812	31624
20813	31626
20814	31628
20815	31630
20816	31632
20817	31634
20818	31636
20819	31637
20820	31639
20821	31641
20822	31641
20823	31642
20824	31644
20825	31646
20826	31648
20827	31650
20828	31651
20829	31653
20830	31654
20831	31655
20832	31657
20833	31659
20834	31661
20835	31663
20836	31665
20837	31667
20838	31668
20839	31669
20840	31670
20841	31671
20842	31673
20843	31675
20844	31676
20845	31677
20846	31679
20847	31680
20848	31682
20849	31684
20850	31685
20851	31686
20852	31688
20853	31690
20854	31692
20855	31693
20856	31694
20857	31696
20858	31697
20859	31699
20860	31701
20861	31703
20862	31705
20863	31706
20864	31708
20865	31710
20866	31712
20867	31714
20868	31714
20869	31716
20870	31717
20871	31719
20872	31721
20873	31723
20874	31725
20875	31727
20876	31729
20877	31731
20878	31731
20879	31733
20880	31735
20881	31737
20882	31737
20883	31739
20884	31741
20885	31742
20886	31743
20887	31745
20888	31746
20889	31747
20890	31749
20891	31751
20892	31753
20893	31755
20894	31757
20895	31758
20896	31759
20897	31760
20898	31762
20899	31763
20900	31764
20901	31765
20902	31766
20903	31768
20904	31770
20905	31772
20906	31774
20907	31776
20908	31776
20909	31778
20910	31780
20911	31781
20912	31783
20913	31785
20914	31787
20915	31789
20916	31790
20917	31792
20918	31793
20919	31795
20920	31796
20921	31798
20922	31799
20923	31801
20924	31803
20925	31805
20926	31805
20927	31806
20928	31808
20929	31810
20930	31812
20931	31813
20932	31814
20933	31816
20934	31817
20935	31819
20936	31821
20937	31823
20938	31825
20939	31827
20940	31829
20941	31831
20942	31833
20943	31834
20944	31836
20945	31838
20946	31839
20947	31841
20948	31842
20949	31843
20950	31845
20951	31846
20952	31848
20953	31849
20954	31851
20955	31853
20956	31855
20957	31857
20958	31859
20959	31860
20960	31862
20961	31864
20962	31866
20963	31868
20964	31869
20965	31869
20966	31870
20967	31871
20968	31873
20969	31875
20970	31877
20971	31878
20972	31879
20973	31881
20974	31883
20975	31885
20976	31887
20977	31888
20978	31890
20979	31892
20980	31894
20981	31895
20982	31896
20983	31898
20984	31900
20985	31901
20986	31902
20987	31903
20988	31905
20989	31907
20990	31909
20991	31911
20992	31913
20993	31915
20994	31917
20995	31919
20996	31921
20997	31922
20998	31924
20999	31926
21000	31927
21001	31928
21002	31930
21003	31932
21004	31932
21005	31933
21006	31934
21007	31936
21008	31938
21009	31940
21010	31942
21011	31943
21012	31943
21013	31945
21014	31946
21015	31948
21016	31950
21017	31952
21018	31954
21019	31956
21020	31958
21021	31960
21022	31961
21023	31963
21024	31965
21025	31966
21026	31967
21027	31968
21028	31969
21029	31971
21030	31973
21031	31975
21032	31976
21033	31978
21034	31979
21035	31980
21036	31982
21037	31984
21038	31986
21039	31988
21040	31988
21041	31990
21042	31992
21043	31994
21044	31995
21045	31996
21046	31997
21047	31998
21048	32000
21049	32001
21050	32003
21051	32005
21052	32006
21053	32008
21054	32010
21055	32011
21056	32013
21057	32014
21058	32016
21059	32018
21060	32020
21061	32022
21062	32023
21063	32025
21064	32027
21065	32029
21066	32031
21067	32033
21068	32035
21069	32036
21070	32037
21071	32039
21072	32041
21073	32043
21074	32045
21075	32047
21076	32048
21077	32049
21078	32051
21079	32051
21080	32052
21081	32054
21082	32056
21083	32058
21084	32060
21085	32061
21086	32062
21087	32064
21088	32065
21089	32067
21090	32068
21091	32070
21092	32072
21093	32074
21094	32074
21095	32076
21096	32078
21097	32080
21098	32082
21099	32083
21100	32083
21101	32085
21102	32087
21103	32088
21104	32090
21105	32092
21106	32093
21107	32095
21108	32096
21109	32098
21110	32099
21111	32100
21112	32101
21113	32102
21114	32104
21115	32106
21116	32108
21117	32110
21118	32111
21119	32111
21120	32112
21121	32114
21122	32116
21123	32118
21124	32118
21125	32119
21126	32121
21127	32123
21128	32125
21129	32127
21130	32129
21131	32131
21132	32133
21133	32135
21134	32137
21135	32138
21136	32140
21137	32142
21138	32144
21139	32145
21140	32146
21141	32147
21142	32149
21143	32151
21144	32153
21145	32155
21146	32157
21147	32158
21148	32159
21149	32160
21150	32162
21151	32164
21152	32165
21153	32167
21154	32169
21155	32170
21156	32172
21157	32173
21158	32175
21159	32176
21160	32178
21161	32180
21162	32182
21163	32184
21164	32185
21165	32187
21166	32188
21167	32190
21168	32192
21169	32193
21170	32193
21171	32195
21172	32197
21173	32198
21174	32200
21175	32200
21176	32202
21177	32204
21178	32206
21179	32208
21180	32210
21181	32210
21182	32212
21183	32214
21184	32216
21185	32216
21186	32218
21187	32220
21188	32222
21189	32224
21190	32225
21191	32227
21192	32229
21193	32230
21194	32231
21195	32233
21196	32235
21197	32237
21198	32238
21199	32240
21200	32241
21201	32243
21202	32245
21203	32246
21204	32248
21205	32250
21206	32251
21207	32252
21208	32253
21209	32255
21210	32256
21211	32257
21212	32257
21213	32259
21214	32261
21215	32262
21216	32264
21217	32266
21218	32268
21219	32269
21220	32271
21221	32272
21222	32274
21223	32275
21224	32277
21225	32279
21226	32280
21227	32281
21228	32283
21229	32283
21230	32284
21231	32286
21232	32288
21233	32289
21234	32291
21235	32292
21236	32294
21237	32295
21238	32296
21239	32297
21240	32299
21241	32301
21242	32302
21243	32303
21244	32305
21245	32307
21246	32309
21247	32311
21248	32313
21249	32315
21250	32316
21251	32318
21252	32319
21253	32320
21254	32322
21255	32324
21256	32325
21257	32327
21258	32328
21259	32330
21260	32332
21261	32334
21262	32336
21263	32337
21264	32339
21265	32341
21266	32343
21267	32344
21268	32345
21269	32345
21270	32347
21271	32349
21272	32350
21273	32352
21274	32354
21275	32356
21276	32358
21277	32360
21278	32362
21279	32364
21280	32365
21281	32367
21282	32369
21283	32370
21284	32372
21285	32374
21286	32375
21287	32376
21288	32377
21289	32379
21290	32380
21291	32382
21292	32383
21293	32385
21294	32387
21295	32389
21296	32391
21297	32393
21298	32393
21299	32394
21300	32395
21301	32397
21302	32397
21303	32399
21304	32401
21305	32403
21306	32404
21307	32406
21308	32408
21309	32409
21310	32411
21311	32412
21312	32414
21313	32416
21314	32417
21315	32418
21316	32420
21317	32422
21318	32423
21319	32425
21320	32426
21321	32427
21322	32429
21323	32431
21324	32433
21325	32434
21326	32436
21327	32438
21328	32440
21329	32442
21330	32443
21331	32444
21332	32446
21333	32448
21334	32450
21335	32452
21336	32454
21337	32456
21338	32456
21339	32458
21340	32459
21341	32461
21342	32463
21343	32465
21344	32467
21345	32469
21346	32470
21347	32472
21348	32473
21349	32474
21350	32476
21351	32478
21352	32480
21353	32482
21354	32484
21355	32486
21356	32487
21357	32488
21358	32488
21359	32488
21360	32489
21361	32490
21362	32493
21363	32494
21364	32495
21365	32496
21366	32497
21367	32499
21368	32500
21369	32503
21370	32504
21371	32505
21372	32506
21373	32507
21374	32508
21375	32509
21376	32512
21377	32512
21378	32513
21379	32514
21380	32516
21381	32517
21382	32519
21383	32520
21384	32521
21385	32524
21386	32525
21387	32528
21388	32529
21389	32530
21390	32533
21391	32534
21392	32535
21393	32536
21394	32537
21395	32538
21396	32538
21397	32539
21398	32539
21399	32539
21400	32540
21401	32540
21402	32542
21403	32543
21404	32543
21405	32544
21406	32545
21407	32545
21408	32545
21409	32547
21410	32547
21411	32547
21412	32548
21413	32548
21414	32549
21415	32552
21416	32552
21417	32553
21418	32553
21419	32553
21420	32554
21421	32555
21422	32558
21423	32559
21424	32560
21425	32562
21426	32562
21427	32563
21428	32564
21429	32565
21430	32567
21431	32568
21432	32570
21433	32571
21434	32573
21435	32576
21436	32577
21437	32578
21438	32581
21439	32582
21440	32583
21441	32584
21442	32585
21443	32586
21444	32587
21445	32590
21446	32591
21447	32592
21448	32594
21449	32595
21450	32597
21451	32598
21452	32599
21453	32601
21454	32602
21455	32605
21456	32606
21457	32607
21458	32608
21459	32609
21460	32612
21461	32613
21462	32614
21463	32617
21464	32618
21465	32619
21466	32619
21467	32620
21468	32621
21469	32622
21470	32623
21471	32624
21472	32625
21473	32626
21474	32627
21475	32627
21476	32629
21477	32632
21478	32633
21479	32634
21480	32637
21481	32638
21482	32639
21483	32642
21484	32643
21485	32645
21486	32648
21487	32649
21488	32650
21489	32651
21490	32652
21491	32653
21492	32655
21493	32656
21494	32659
21495	32659
21496	32660
21497	32661
21498	32662
21499	32662
21500	32662
21501	32663
21502	32663
21503	32666
21504	32667
21505	32670
21506	32671
21507	32672
21508	32672
21509	32673
21510	32674
21511	32677
21512	32678
21513	32679
21514	32682
21515	32683
21516	32684
21517	32685
21518	32685
21519	32686
21520	32687
21521	32687
21522	32689
21523	32692
21524	32693
21525	32694
21526	32696
21527	32698
21528	32699
21529	32700
21530	32700
21531	32702
21532	32703
21533	32704
21534	32705
21535	32706
21536	32707
21537	32707
21538	32708
21539	32711
21540	32711
21541	32712
21542	32713
21543	32713
21544	32716
21545	32717
21546	32718
21547	32719
21548	32722
21549	32722
21550	32723
21551	32724
21552	32726
21553	32727
21554	32729
21555	32732
21556	32733
21557	32733
21558	32734
21559	32734
21560	32735
21561	32735
21562	32735
21563	32736
21564	32737
21565	32738
21566	32739
21567	32740
21568	32742
21569	32743
21570	32744
21571	32746
21572	32747
21573	32749
21574	32750
21575	32751
21576	32752
21577	32753
21578	32754
21579	32755
21580	32756
21581	32758
21582	32759
21583	32760
21584	32762
21585	32765
21586	32766
21587	32767
21588	32768
21589	32770
21590	32771
21591	32772
21592	32773
21593	32774
21594	32776
21595	32776
21596	32777
21597	32777
21598	32777
21599	32778
21600	32781
21601	32782
21602	32785
21603	32786
21604	32787
21605	32787
21606	32788
21607	32789
21608	32790
21609	32790
21610	32791
21611	32792
21612	32792
21613	32793
21614	32796
21615	32797
21616	32798
21617	32798
21618	32799
21619	32799
21620	32800
21621	32801
21622	32804
21623	32805
21624	32807
21625	32808
21626	32810
21627	32810
21628	32811
21629	32812
21630	32812
21631	32813
21632	32814
21633	32815
21634	32817
21635	32818
21636	32818
21637	32820
21638	32821
21639	32822
21640	32824
21641	32825
21642	32828
21643	32829
21644	32831
21645	32832
21646	32835
21647	32836
21648	32837
21649	32840
21650	32841
21651	32842
21652	32843
21653	32844
21654	32845
21655	32845
21656	32846
21657	32848
21658	32848
21659	32849
21660	32850
21661	32851
21662	32852
21663	32854
21664	32855
21665	32856
21666	32857
21667	32860
21668	32861
21669	32862
21670	32865
21671	32867
21672	32868
21673	32869
21674	32869
21675	32869
21676	32870
21677	32871
21678	32872
21679	32873
21680	32875
21681	32876
21682	32877
21683	32878
21684	32881
21685	32881
21686	32882
21687	32883
21688	32884
21689	32885
21690	32886
21691	32888
21692	32889
21693	32889
21694	32889
21695	32890
21696	32890
21697	32892
21698	32893
21699	32894
21700	32895
21701	32896
21702	32897
21703	32898
21704	32898
21705	32899
21706	32901
21707	32902
21708	32903
21709	32903
21710	32903
21711	32904
21712	32905
21713	32906
21714	32907
21715	32908
21716	32909
21717	32912
21718	32913
21719	32914
21720	32915
21721	32916
21722	32917
21723	32918
21724	32920
21725	32923
21726	32924
21727	32924
21728	32926
21729	32927
21730	32927
21731	32929
21732	32930
21733	32930
21734	32932
21735	32933
21736	32933
21737	32934
21738	32935
21739	32936
21740	32937
21741	32937
21742	32938
21743	32940
21744	32941
21745	32942
21746	32943
21747	32943
21748	32944
21749	32946
21750	32947
21751	32947
21752	32947
21753	32947
21754	32948
21755	32949
21756	32950
21757	32951
21758	32952
21759	32953
21760	32954
21761	32955
21762	32956
21763	32957
21764	32959
21765	32962
21766	32963
21767	32964
21768	32965
21769	32966
21770	32967
21771	32968
21772	32970
21773	32970
21774	32971
21775	32972
21776	32973
21777	32974
21778	32975
21779	32976
21780	32978
21781	32978
21782	32980
21783	32981
21784	32982
21785	32984
21786	32987
21787	32988
21788	32989
21789	32992
21790	32993
21791	32994
21792	32995
21793	32996
21794	32997
21795	32998
21796	33000
21797	33000
21798	33003
21799	33004
21800	33004
21801	33006
21802	33009
21803	33010
21804	33010
21805	33012
21806	33013
21807	33016
21808	33017
21809	33018
21810	33018
21811	33019
21812	33020
21813	33020
21814	33021
21815	33024
21816	33025
21817	33028
21818	33029
21819	33030
21820	33030
21821	33031
21822	33032
21823	33033
21824	33034
21825	33035
21826	33036
21827	33037
21828	33038
21829	33041
21830	33041
21831	33041
21832	33042
21833	33045
21834	33046
21835	33046
21836	33048
21837	33049
21838	33050
21839	33053
21840	33054
21841	33056
21842	33057
21843	33058
21844	33060
21845	33062
21846	33062
21847	33063
21848	33064
21849	33065
21850	33065
21851	33065
21852	33066
21853	33067
21854	33069
21855	33070
21856	33073
21857	33074
21858	33075
21859	33075
21860	33076
21861	33077
21862	33077
21863	33078
21864	33079
21865	33080
21866	33081
21867	33082
21868	33085
21869	33086
21870	33088
21871	33089
21872	33090
21873	33090
21874	33090
21875	33091
21876	33092
21877	33093
21878	33096
21879	33097
21880	33097
21881	33098
21882	33099
21883	33100
21884	33102
21885	33103
21886	33105
21887	33106
21888	33107
21889	33109
21890	33112
21891	33113
21892	33114
21893	33115
21894	33118
21895	33119
21896	33120
21897	33121
21898	33122
21899	33122
21900	33123
21901	33124
21902	33126
21903	33127
21904	33128
21905	33131
21906	33134
21907	33135
21908	33136
21909	33139
21910	33140
21911	33141
21912	33142
21913	33143
21914	33143
21915	33144
21916	33145
21917	33146
21918	33149
21919	33150
21920	33151
21921	33152
21922	33153
21923	33154
21924	33154
21925	33154
21926	33155
21927	33156
21928	33157
21929	33157
21930	33158
21931	33161
21932	33162
21933	33165
21934	33166
21935	33166
21936	33167
21937	33168
21938	33169
21939	33170
21940	33171
21941	33174
21942	33177
21943	33177
21944	33178
21945	33181
21946	33182
21947	33184
21948	33185
21949	33186
21950	33187
21951	33187
21952	33190
21953	33191
21954	33191
21955	33192
21956	33193
21957	33196
21958	33197
21959	33198
21960	33199
21961	33200
21962	33201
21963	33202
21964	33203
21965	33204
21966	33205
21967	33205
21968	33206
21969	33208
21970	33209
21971	33210
21972	33210
21973	33211
21974	33212
21975	33213
21976	33216
21977	33217
21978	33218
21979	33219
21980	33220
21981	33221
21982	33224
21983	33225
21984	33226
21985	33227
21986	33229
21987	33230
21988	33231
21989	33232
21990	33233
21991	33235
21992	33236
21993	33237
21994	33240
21995	33241
21996	33242
21997	33242
21998	33242
21999	33242
22000	33243
22001	33246
22002	33246
22003	33247
22004	33248
22005	33249
22006	33250
22007	33251
22008	33254
22009	33255
22010	33258
22011	33259
22012	33260
22013	33263
22014	33264
22015	33267
22016	33268
22017	33269
22018	33269
22019	33270
22020	33273
22021	33274
22022	33277
22023	33278
22024	33279
22025	33280
22026	33280
22027	33280
22028	33280
22029	33282
22030	33283
22031	33284
22032	33285
22033	33286
22034	33287
22035	33288
22036	33290
22037	33291
22038	33292
22039	33293
22040	33293
22041	33294
22042	33294
22043	33295
22044	33296
22045	33297
22046	33298
22047	33299
22048	33302
22049	33303
22050	33306
22051	33307
22052	33307
22053	33308
22054	33309
22055	33310
22056	33311
22057	33312
22058	33313
22059	33314
22060	33314
22061	33315
22062	33316
22063	33318
22064	33319
22065	33320
22066	33321
22067	33324
22068	33325
22069	33326
22070	33327
22071	33328
22072	33328
22073	33330
22074	33331
22075	33333
22076	33334
22077	33335
22078	33337
22079	33337
22080	33339
22081	33339
22082	33339
22083	33339
22084	33340
22085	33341
22086	33342
22087	33343
22088	33343
22089	33344
22090	33345
22091	33348
22092	33349
22093	33352
22094	33352
22095	33352
22096	33353
22097	33353
22098	33354
22099	33355
22100	33356
22101	33357
22102	33358
22103	33359
22104	33360
22105	33362
22106	33363
22107	33364
22108	33365
22109	33366
22110	33369
22111	33370
22112	33372
22113	33373
22114	33374
22115	33376
22116	33377
22117	33379
22118	33379
22119	33380
22120	33380
22121	33382
22122	33383
22123	33384
22124	33386
22125	33387
22126	33389
22127	33390
22128	33391
22129	33392
22130	33393
22131	33394
22132	33395
22133	33396
22134	33398
22135	33398
22136	33399
22137	33402
22138	33403
22139	33404
22140	33406
22141	33408
22142	33409
22143	33409
22144	33410
22145	33411
22146	33412
22147	33413
22148	33414
22149	33414
22150	33415
22151	33418
22152	33418
22153	33419
22154	33420
22155	33421
22156	33422
22157	33423
22158	33424
22159	33426
22160	33427
22161	33428
22162	33430
22163	33432
22164	33433
22165	33434
22166	33434
22167	33436
22168	33437
22169	33440
22170	33441
22171	33441
22172	33442
22173	33445
22174	33446
22175	33448
22176	33449
22177	33450
22178	33451
22179	33452
22180	33453
22181	33456
22182	33457
22183	33460
22184	33462
22185	33463
22186	33463
22187	33466
22188	33467
22189	33469
22190	33469
22191	33470
22192	33471
22193	33471
22194	33472
22195	33473
22196	33473
22197	33475
22198	33477
22199	33478
22200	33479
22201	33479
22202	33480
22203	33481
22204	33482
22205	33483
22206	33486
22207	33487
22208	33487
22209	33488
22210	33489
22211	33490
22212	33493
22213	33494
22214	33495
22215	33496
22216	33497
22217	33498
22218	33499
22219	33502
22220	33502
22221	33503
22222	33503
22223	33504
22224	33505
22225	33505
22226	33506
22227	33508
22228	33509
22229	33511
22230	33512
22231	33513
22232	33515
22233	33516
22234	33517
22235	33518
22236	33519
22237	33520
22238	33521
22239	33522
22240	33523
22241	33524
22242	33525
22243	33527
22244	33529
22245	33530
22246	33531
22247	33534
22248	33535
22249	33536
22250	33539
22251	33540
22252	33543
22253	33545
22254	33546
22255	33547
22256	33548
22257	33549
22258	33550
22259	33553
22260	33554
22261	33554
22262	33555
22263	33555
22264	33555
22265	33556
22266	33557
22267	33560
22268	33561
22269	33562
22270	33562
22271	33562
22272	33563
22273	33566
22274	33567
22275	33568
22276	33569
22277	33570
22278	33571
22279	33573
22280	33574
22281	33574
22282	33575
22283	33575
22284	33576
22285	33577
22286	33578
22287	33579
22288	33580
22289	33581
22290	33581
22291	33582
22292	33585
22293	33586
22294	33589
22295	33590
22296	33591
22297	33592
22298	33593
22299	33594
22300	33595
22301	33598
22302	33599
22303	33600
22304	33600
22305	33601
22306	33603
22307	33604
22308	33606
22309	33607
22310	33608
22311	33610
22312	33612
22313	33613
22314	33614
22315	33615
22316	33616
22317	33617
22318	33617
22319	33617
22320	33618
22321	33618
22322	33619
22323	33622
22324	33623
22325	33624
22326	33625
22327	33626
22328	33627
22329	33627
22330	33628
22331	33629
22332	33630
22333	33631
22334	33632
22335	33635
22336	33636
22337	33636
22338	33639
22339	33640
22340	33641
22341	33641
22342	33644
22343	33644
22344	33645
22345	33646
22346	33646
22347	33647
22348	33650
22349	33650
22350	33651
22351	33652
22352	33653
22353	33654
22354	33655
22355	33656
22356	33658
22357	33659
22358	33660
22359	33663
22360	33664
22361	33665
22362	33668
22363	33671
22364	33672
22365	33673
22366	33674
22367	33674
22368	33674
22369	33675
22370	33675
22371	33676
22372	33677
22373	33680
22374	33681
22375	33682
22376	33685
22377	33686
22378	33687
22379	33688
22380	33688
22381	33689
22382	33690
22383	33691
22384	33694
22385	33695
22386	33697
22387	33698
22388	33698
22389	33699
22390	33700
22391	33701
22392	33702
22393	33703
22394	33705
22395	33706
22396	33706
22397	33708
22398	33711
22399	33712
22400	33713
22401	33716
22402	33717
22403	33718
22404	33719
22405	33720
22406	33720
22407	33721
22408	33722
22409	33723
22410	33724
22411	33725
22412	33726
22413	33727
22414	33729
22415	33730
22416	33733
22417	33734
22418	33735
22419	33737
22420	33738
22421	33740
22422	33741
22423	33744
22424	33745
22425	33746
22426	33747
22427	33748
22428	33750
22429	33750
22430	33753
22431	33754
22432	33755
22433	33756
22434	33757
22435	33758
22436	33758
22437	33759
22438	33760
22439	33763
22440	33764
22441	33765
22442	33765
22443	33765
22444	33766
22445	33768
22446	33769
22447	33770
22448	33771
22449	33771
22450	33774
22451	33775
22452	33776
22453	33777
22454	33778
22455	33778
22456	33779
22457	33782
22458	33782
22459	33783
22460	33784
22461	33785
22462	33786
22463	33787
22464	33790
22465	33791
22466	33791
22467	33792
22468	33795
22469	33796
22470	33797
22471	33799
22472	33800
22473	33801
22474	33804
22475	33805
22476	33806
22477	33809
22478	33810
22479	33813
22480	33814
22481	33815
22482	33816
22483	33817
22484	33817
22485	33818
22486	33818
22487	33818
22488	33819
22489	33819
22490	33819
22491	33820
22492	33821
22493	33822
22494	33823
22495	33824
22496	33824
22497	33824
22498	33824
22499	33827
22500	33828
22501	33829
22502	33832
22503	33833
22504	33834
22505	33834
22506	33835
22507	33836
22508	33837
22509	33838
22510	33839
22511	33840
22512	33841
22513	33844
22514	33845
22515	33846
22516	33847
22517	33848
22518	33848
22519	33849
22520	33850
22521	33852
22522	33853
22523	33855
22524	33856
22525	33857
22526	33859
22527	33861
22528	33862
22529	33863
22530	33866
22531	33869
22532	33870
22533	33870
22534	33871
22535	33871
22536	33874
22537	33875
22538	33876
22539	33877
22540	33878
22541	33878
22542	33879
22543	33880
22544	33881
22545	33884
22546	33885
22547	33886
22548	33887
22549	33888
22550	33889
22551	33890
22552	33893
22553	33894
22554	33896
22555	33897
22556	33897
22557	33899
22558	33900
22559	33901
22560	33903
22561	33904
22562	33904
22563	33905
22564	33906
22565	33906
22566	33909
22567	33910
22568	33911
22569	33911
22570	33912
22571	33913
22572	33914
22573	33914
22574	33917
22575	33918
22576	33921
22577	33922
22578	33923
22579	33924
22580	33924
22581	33925
22582	33926
22583	33927
22584	33928
22585	33929
22586	33930
22587	33933
22588	33934
22589	33935
22590	33936
22591	33937
22592	33938
22593	33939
22594	33942
22595	33943
22596	33943
22597	33944
22598	33944
22599	33945
22600	33945
22601	33947
22602	33947
22603	33949
22604	33950
22605	33952
22606	33954
22607	33955
22608	33955
22609	33956
22610	33957
22611	33958
22612	33959
22613	33960
22614	33963
22615	33964
22616	33967
22617	33968
22618	33971
22619	33972
22620	33973
22621	33974
22622	33974
22623	33975
22624	33976
22625	33977
22626	33978
22627	33980
22628	33980
22629	33981
22630	33982
22631	33983
22632	33983
22633	33983
22634	33985
22635	33985
22636	33988
22637	33989
22638	33990
22639	33992
22640	33995
22641	33998
22642	34000
22643	34001
22644	34002
22645	34003
22646	34004
22647	34004
22648	34005
22649	34006
22650	34007
22651	34010
22652	34011
22653	34012
22654	34015
22655	34015
22656	34015
22657	34016
22658	34017
22659	34018
22660	34018
22661	34019
22662	34020
22663	34021
22664	34022
22665	34023
22666	34024
22667	34027
22668	34027
22669	34028
22670	34030
22671	34031
22672	34032
22673	34032
22674	34034
22675	34037
22676	34038
22677	34039
22678	34042
22679	34043
22680	34046
22681	34047
22682	34048
22683	34048
22684	34049
22685	34052
22686	34053
22687	34053
22688	34054
22689	34055
22690	34055
22691	34056
22692	34057
22693	34059
22694	34060
22695	34061
22696	34062
22697	34063
22698	34065
22699	34066
22700	34067
22701	34067
22702	34068
22703	34068
22704	34071
22705	34072
22706	34072
22707	34073
22708	34074
22709	34075
22710	34076
22711	34077
22712	34078
22713	34079
22714	34080
22715	34080
22716	34083
22717	34083
22718	34084
22719	34085
22720	34086
22721	34087
22722	34089
22723	34090
22724	34091
22725	34092
22726	34093
22727	34094
22728	34095
22729	34097
22730	34100
22731	34101
22732	34102
22733	34104
22734	34105
22735	34106
22736	34107
22737	34108
22738	34109
22739	34109
22740	34110
22741	34111
22742	34112
22743	34113
22744	34116
22745	34116
22746	34117
22747	34119
22748	34120
22749	34121
22750	34121
22751	34122
22752	34124
22753	34124
22754	34125
22755	34128
22756	34129
22757	34130
22758	34133
22759	34133
22760	34136
22761	34137
22762	34138
22763	34139
22764	34139
22765	34140
22766	34141
22767	34142
22768	34143
22769	34144
22770	34145
22771	34146
22772	34148
22773	34151
22774	34152
22775	34153
22776	34156
22777	34158
22778	34159
22779	34159
22780	34159
22781	34161
22782	34162
22783	34163
22784	34164
22785	34165
22786	34165
22787	34166
22788	34168
22789	34169
22790	34169
22791	34170
22792	34171
22793	34173
22794	34174
22795	34177
22796	34178
22797	34179
22798	34179
22799	34182
22800	34183
22801	34185
22802	34188
22803	34189
22804	34190
22805	34191
22806	34192
22807	34192
22808	34192
22809	34193
22810	34194
22811	34195
22812	34195
22813	34196
22814	34197
22815	34199
22816	34200
22817	34201
22818	34203
22819	34204
22820	34205
22821	34206
22822	34207
22823	34208
22824	34209
22825	34211
22826	34211
22827	34212
22828	34212
22829	34213
22830	34215
22831	34216
22832	34217
22833	34218
22834	34219
22835	34222
22836	34222
22837	34223
22838	34223
22839	34223
22840	34224
22841	34225
22842	34228
22843	34228
22844	34228
22845	34229
22846	34230
22847	34231
22848	34232
22849	34232
22850	34232
22851	34233
22852	34234
22853	34235
22854	34235
22855	34237
22856	34238
22857	34241
22858	34242
22859	34243
22860	34243
22861	34244
22862	34244
22863	34247
22864	34250
22865	34251
22866	34252
22867	34253
22868	34254
22869	34255
22870	34258
22871	34259
22872	34260
22873	34261
22874	34262
22875	34263
22876	34264
22877	34266
22878	34267
22879	34267
22880	34268
22881	34269
22882	34270
22883	34271
22884	34272
22885	34273
22886	34274
22887	34276
22888	34277
22889	34278
22890	34279
22891	34282
22892	34283
22893	34284
22894	34285
22895	34286
22896	34288
22897	34289
22898	34292
22899	34293
22900	34293
22901	34295
22902	34296
22903	34297
22904	34298
22905	34299
22906	34300
22907	34300
22908	34300
22909	34301
22910	34302
22911	34303
22912	34304
22913	34306
22914	34307
22915	34308
22916	34309
22917	34310
22918	34310
22919	34311
22920	34311
22921	34312
22922	34312
22923	34313
22924	34314
22925	34315
22926	34316
22927	34318
22928	34319
22929	34320
22930	34322
22931	34324
22932	34324
22933	34325
22934	34326
22935	34327
22936	34327
22937	34328
22938	34329
22939	34330
22940	34331
22941	34332
22942	34335
22943	34336
22944	34337
22945	34340
22946	34341
22947	34342
22948	34343
22949	34344
22950	34345
22951	34347
22952	34348
22953	34349
22954	34351
22955	34352
22956	34353
22957	34354
22958	34355
22959	34356
22960	34358
22961	34359
22962	34361
22963	34362
22964	34363
22965	34364
22966	34365
22967	34368
22968	34369
22969	34371
22970	34372
22971	34373
22972	34374
22973	34375
22974	34376
22975	34376
22976	34379
22977	34380
22978	34381
22979	34382
22980	34383
22981	34384
22982	34385
22983	34386
22984	34386
22985	34387
22986	34390
22987	34391
22988	34394
22989	34395
22990	34396
22991	34398
22992	34399
22993	34400
22994	34401
22995	34402
22996	34403
22997	34404
22998	34405
22999	34406
23000	34407
23001	34409
23002	34411
23003	34412
23004	34413
23005	34415
23006	34415
23007	34416
23008	34416
23009	34417
23010	34419
23011	34419
23012	34420
23013	34423
23014	34424
23015	34425
23016	34428
23017	34429
23018	34431
23019	34432
23020	34433
23021	34434
23022	34434
23023	34436
23024	34436
23025	34436
23026	34437
23027	34437
23028	34438
23029	34439
23030	34440
23031	34442
23032	34443
23033	34446
23034	34447
23035	34447
23036	34448
23037	34449
23038	34450
23039	34450
23040	34451
23041	34452
23042	34453
23043	34454
23044	34455
23045	34458
23046	34459
23047	34462
23048	34463
23049	34465
23050	34466
23051	34467
23052	34467
23053	34468
23054	34468
23055	34469
23056	34470
23057	34471
23058	34472
23059	34473
23060	34475
23061	34476
23062	34477
23063	34478
23064	34479
23065	34479
23066	34480
23067	34481
23068	34483
23069	34484
23070	34486
23071	34487
23072	34487
23073	34489
23074	34490
23075	34491
23076	34492
23077	34493
23078	34494
23079	34494
23080	34496
23081	34497
23082	34498
23083	34498
23084	34499
23085	34500
23086	34501
23087	34502
23088	34503
23089	34506
23090	34507
23091	34509
23092	34510
23093	34511
23094	34514
23095	34515
23096	34516
23097	34517
23098	34517
23099	34518
23100	34519
23101	34522
23102	34523
23103	34524
23104	34527
23105	34528
23106	34528
23107	34529
23108	34530
23109	34533
23110	34534
23111	34535
23112	34536
23113	34537
23114	34538
23115	34540
23116	34541
23117	34543
23118	34544
23119	34544
23120	34547
23121	34547
23122	34548
23123	34551
23124	34552
23125	34555
23126	34556
23127	34557
23128	34558
23129	34559
23130	34559
23131	34560
23132	34561
23133	34563
23134	34563
23135	34564
23136	34565
23137	34565
23138	34565
23139	34565
23140	34566
23141	34566
23142	34568
23143	34568
23144	34569
23145	34569
23146	34569
23147	34569
23148	34570
23149	34573
23150	34574
23151	34577
23152	34578
23153	34579
23154	34579
23155	34579
23156	34580
23157	34582
23158	34582
23159	34583
23160	34584
23161	34585
23162	34587
23163	34588
23164	34589
23165	34591
23166	34594
23167	34595
23168	34596
23169	34598
23170	34599
23171	34600
23172	34601
23173	34602
23174	34603
23175	34604
23176	34605
23177	34608
23178	34609
23179	34609
23180	34611
23181	34614
23182	34615
23183	34616
23184	34618
23185	34619
23186	34622
23187	34623
23188	34624
23189	34625
23190	34626
23191	34628
23192	34629
23193	34632
23194	34633
23195	34636
23196	34636
23197	34637
23198	34638
23199	34638
23200	34638
23201	34639
23202	34639
23203	34639
23204	34641
23205	34642
23206	34645
23207	34646
23208	34647
23209	34647
23210	34648
23211	34649
23212	34650
23213	34651
23214	34652
23215	34653
23216	34654
23217	34655
23218	34658
23219	34659
23220	34661
23221	34662
23222	34664
23223	34665
23224	34666
23225	34669
23226	34670
23227	34672
23228	34673
23229	34674
23230	34675
23231	34676
23232	34679
23233	34680
23234	34681
23235	34684
23236	34685
23237	34686
23238	34686
23239	34687
23240	34688
23241	34691
23242	34692
23243	34693
23244	34694
23245	34696
23246	34697
23247	34699
23248	34700
23249	34701
23250	34702
23251	34703
23252	34703
23253	34704
23254	34705
23255	34706
23256	34709
23257	34712
23258	34713
23259	34714
23260	34717
23261	34718
23262	34719
23263	34720
23264	34721
23265	34722
23266	34722
23267	34722
23268	34724
23269	34725
23270	34726
23271	34727
23272	34728
23273	34728
23274	34730
23275	34731
23276	34733
23277	34734
23278	34735
23279	34736
23280	34738
23281	34739
23282	34739
23283	34740
23284	34743
23285	34744
23286	34744
23287	34746
23288	34747
23289	34750
23290	34750
23291	34750
23292	34750
23293	34750
23294	34750
23295	34751
23296	34752
23297	34753
23298	34754
23299	34755
23300	34757
23301	34760
23302	34761
23303	34761
23304	34761
23305	34763
23306	34763
23307	34763
23308	34764
23309	34765
23310	34765
23311	34768
23312	34769
23313	34770
23314	34771
23315	34772
23316	34773
23317	34774
23318	34775
23319	34776
23320	34777
23321	34777
23322	34778
23323	34779
23324	34780
23325	34780
23326	34780
23327	34781
23328	34782
23329	34785
23330	34786
23331	34787
23332	34787
23333	34788
23334	34789
23335	34791
23336	34792
23337	34794
23338	34795
23339	34795
23340	34795
23341	34795
23342	34796
23343	34796
23344	34797
23345	34797
23346	34800
23347	34802
23348	34803
23349	34805
23350	34806
23351	34806
23352	34807
23353	34810
23354	34811
23355	34813
23356	34815
23357	34816
23358	34817
23359	34818
23360	34821
23361	34824
23362	34825
23363	34825
23364	34826
23365	34827
23366	34828
23367	34829
23368	34830
23369	34830
23370	34832
23371	34833
23372	34833
23373	34834
23374	34835
23375	34835
23376	34836
23377	34837
23378	34839
23379	34840
23380	34841
23381	34842
23382	34843
23383	34846
23384	34848
23385	34849
23386	34850
23387	34850
23388	34851
23389	34852
23390	34853
23391	34855
23392	34856
23393	34857
23394	34860
23395	34861
23396	34862
23397	34865
23398	34865
23399	34865
23400	34866
23401	34866
23402	34868
23403	34868
23404	34868
23405	34868
23406	34869
23407	34870
23408	34871
23409	34872
23410	34874
23411	34875
23412	34877
23413	34878
23414	34878
23415	34879
23416	34879
23417	34880
23418	34881
23419	34882
23420	34883
23421	34884
23422	34885
23423	34888
23424	34889
23425	34889
23426	34890
23427	34891
23428	34892
23429	34893
23430	34893
23431	34894
23432	34895
23433	34895
23434	34896
23435	34897
23436	34897
23437	34899
23438	34902
23439	34903
23440	34903
23441	34905
23442	34905
23443	34905
23444	34905
23445	34905
23446	34906
23447	34907
23448	34910
23449	34911
23450	34912
23451	34913
23452	34914
23453	34915
23454	34916
23455	34917
23456	34918
23457	34918
23458	34918
23459	34919
23460	34920
23461	34921
23462	34922
23463	34923
23464	34925
23465	34927
23466	34927
23467	34928
23468	34929
23469	34930
23470	34931
23471	34932
23472	34933
23473	34935
23474	34936
23475	34938
23476	34939
23477	34941
23478	34944
23479	34945
23480	34945
23481	34948
23482	34949
23483	34951
23484	34952
23485	34952
23486	34954
23487	34954
23488	34956
23489	34956
23490	34957
23491	34957
23492	34958
23493	34959
23494	34961
23495	34962
23496	34963
23497	34964
23498	34965
23499	34966
23500	34967
23501	34968
23502	34971
23503	34971
23504	34971
23505	34973
23506	34974
23507	34974
23508	34975
23509	34978
23510	34979
23511	34980
23512	34982
23513	34983
23514	34986
23515	34987
23516	34988
23517	34990
23518	34992
23519	34992
23520	34992
23521	34993
23522	34993
23523	34993
23524	34994
23525	34994
23526	34995
23527	34997
23528	34998
23529	35001
23530	35002
23531	35003
23532	35003
23533	35004
23534	35005
23535	35006
23536	35007
23537	35008
23538	35009
23539	35010
23540	35011
23541	35013
23542	35013
23543	35013
23544	35015
23545	35018
23546	35019
23547	35022
23548	35023
23549	35024
23550	35027
23551	35027
23552	35029
23553	35030
23554	35031
23555	35032
23556	35032
23557	35032
23558	35033
23559	35034
23560	35037
23561	35038
23562	35041
23563	35042
23564	35043
23565	35043
23566	35044
23567	35045
23568	35046
23569	35046
23570	35046
23571	35047
23572	35048
23573	35049
23574	35052
23575	35053
23576	35055
23577	35056
23578	35056
23579	35056
23580	35057
23581	35058
23582	35058
23583	35059
23584	35062
23585	35062
23586	35063
23587	35064
23588	35065
23589	35066
23590	35068
23591	35069
23592	35071
23593	35072
23594	35073
23595	35074
23596	35076
23597	35079
23598	35080
23599	35081
23600	35084
23601	35085
23602	35086
23603	35087
23604	35088
23605	35089
23606	35089
23607	35091
23608	35092
23609	35093
23610	35094
23611	35097
23612	35100
23613	35101
23614	35102
23615	35102
23616	35105
23617	35106
23618	35107
23619	35108
23620	35109
23621	35110
23622	35110
23623	35111
23624	35114
23625	35114
23626	35114
23627	35115
23628	35115
23629	35116
23630	35117
23631	35118
23632	35121
23633	35122
23634	35123
23635	35124
23636	35124
23637	35125
23638	35126
23639	35127
23640	35127
23641	35128
23642	35129
23643	35132
23644	35133
23645	35133
23646	35136
23647	35138
23648	35138
23649	35138
23650	35140
23651	35140
23652	35143
23653	35144
23654	35145
23655	35145
23656	35146
23657	35148
23658	35148
23659	35149
23660	35150
23661	35151
23662	35152
23663	35153
23664	35154
23665	35154
23666	35155
23667	35156
23668	35157
23669	35159
23670	35162
23671	35162
23672	35162
23673	35163
23674	35164
23675	35165
23676	35166
23677	35167
23678	35168
23679	35168
23680	35169
23681	35169
23682	35170
23683	35171
23684	35172
23685	35174
23686	35175
23687	35176
23688	35179
23689	35180
23690	35181
23691	35181
23692	35181
23693	35181
23694	35182
23695	35185
23696	35186
23697	35189
23698	35190
23699	35191
23700	35191
23701	35192
23702	35193
23703	35195
23704	35196
23705	35197
23706	35198
23707	35198
23708	35199
23709	35200
23710	35201
23711	35202
23712	35205
23713	35206
23714	35209
23715	35210
23716	35211
23717	35214
23718	35217
23719	35218
23720	35219
23721	35220
23722	35223
23723	35224
23724	35225
23725	35227
23726	35228
23727	35229
23728	35230
23729	35230
23730	35230
23731	35230
23732	35232
23733	35233
23734	35234
23735	35235
23736	35236
23737	35237
23738	35239
23739	35240
23740	35241
23741	35242
23742	35243
23743	35243
23744	35244
23745	35245
23746	35246
23747	35247
23748	35247
23749	35250
23750	35251
23751	35253
23752	35254
23753	35254
23754	35254
23755	35255
23756	35256
23757	35257
23758	35258
23759	35258
23760	35259
23761	35259
23762	35260
23763	35261
23764	35264
23765	35265
23766	35268
23767	35269
23768	35270
23769	35270
23770	35271
23771	35272
23772	35275
23773	35276
23774	35277
23775	35278
23776	35279
23777	35280
23778	35282
23779	35282
23780	35284
23781	35285
23782	35286
23783	35288
23784	35290
23785	35291
23786	35291
23787	35293
23788	35294
23789	35295
23790	35296
23791	35297
23792	35297
23793	35298
23794	35298
23795	35298
23796	35299
23797	35300
23798	35301
23799	35304
23800	35305
23801	35306
23802	35307
23803	35310
23804	35311
23805	35311
23806	35314
23807	35314
23808	35315
23809	35316
23810	35317
23811	35317
23812	35317
23813	35318
23814	35319
23815	35320
23816	35323
23817	35324
23818	35325
23819	35328
23820	35329
23821	35329
23822	35329
23823	35330
23824	35331
23825	35331
23826	35332
23827	35332
23828	35333
23829	35336
23830	35337
23831	35338
23832	35341
23833	35344
23834	35344
23835	35345
23836	35346
23837	35347
23838	35348
23839	35349
23840	35350
23841	35352
23842	35353
23843	35354
23844	35357
23845	35358
23846	35359
23847	35362
23848	35362
23849	35363
23850	35364
23851	35365
23852	35366
23853	35367
23854	35370
23855	35370
23856	35371
23857	35372
23858	35373
23859	35374
23860	35375
23861	35376
23862	35378
23863	35379
23864	35379
23865	35381
23866	35382
23867	35383
23868	35386
23869	35389
23870	35390
23871	35391
23872	35392
23873	35393
23874	35394
23875	35395
23876	35395
23877	35396
23878	35397
23879	35398
23880	35399
23881	35400
23882	35401
23883	35403
23884	35404
23885	35406
23886	35408
23887	35409
23888	35412
23889	35413
23890	35413
23891	35416
23892	35417
23893	35419
23894	35422
23895	35423
23896	35424
23897	35425
23898	35426
23899	35427
23900	35429
23901	35429
23902	35430
23903	35431
23904	35432
23905	35432
23906	35432
23907	35433
23908	35433
23909	35434
23910	35437
23911	35438
23912	35439
23913	35439
23914	35440
23915	35441
23916	35444
23917	35445
23918	35446
23919	35446
23920	35446
23921	35447
23922	35448
23923	35449
23924	35452
23925	35452
23926	35452
23927	35452
23928	35452
23929	35453
23930	35454
23931	35455
23932	35456
23933	35456
23934	35456
23935	35456
23936	35457
23937	35458
23938	35459
23939	35460
23940	35460
23941	35462
23942	35463
23943	35464
23944	35465
23945	35467
23946	35467
23947	35469
23948	35469
23949	35469
23950	35471
23951	35472
23952	35473
23953	35474
23954	35475
23955	35476
23956	35477
23957	35478
23958	35480
23959	35481
23960	35482
23961	35482
23962	35485
23963	35486
23964	35487
23965	35488
23966	35490
23967	35491
23968	35493
23969	35494
23970	35495
23971	35497
23972	35497
23973	35498
23974	35498
23975	35498
23976	35498
23977	35498
23978	35499
23979	35500
23980	35500
23981	35501
23982	35504
23983	35505
23984	35508
23985	35508
23986	35509
23987	35510
23988	35511
23989	35512
23990	35513
23991	35514
23992	35515
23993	35516
23994	35517
23995	35519
23996	35519
23997	35520
23998	35523
23999	35524
24000	35525
24001	35527
24002	35527
24003	35528
24004	35530
24005	35531
24006	35534
24007	35535
24008	35537
24009	35538
24010	35539
24011	35542
24012	35542
24013	35543
24014	35545
24015	35546
24016	35547
24017	35548
24018	35548
24019	35549
24020	35551
24021	35552
24022	35553
24023	35553
24024	35554
24025	35555
24026	35556
24027	35557
24028	35557
24029	35558
24030	35561
24031	35562
24032	35564
24033	35565
24034	35565
24035	35566
24036	35567
24037	35568
24038	35569
24039	35570
24040	35571
24041	35573
24042	35575
24043	35576
24044	35576
24045	35577
24046	35580
24047	35581
24048	35584
24049	35586
24050	35587
24051	35588
24052	35590
24053	35590
24054	35593
24055	35594
24056	35594
24057	35595
24058	35596
24059	35596
24060	35596
24061	35596
24062	35598
24063	35598
24064	35599
24065	35600
24066	35601
24067	35602
24068	35603
24069	35606
24070	35607
24071	35609
24072	35610
24073	35613
24074	35614
24075	35615
24076	35616
24077	35617
24078	35618
24079	35619
24080	35620
24081	35620
24082	35621
24083	35621
24084	35624
24085	35624
24086	35625
24087	35625
24088	35626
24089	35626
24090	35627
24091	35627
24092	35629
24093	35630
24094	35632
24095	35633
24096	35634
24097	35636
24098	35637
24099	35638
24100	35639
24101	35640
24102	35641
24103	35642
24104	35643
24105	35643
24106	35644
24107	35645
24108	35646
24109	35649
24110	35650
24111	35652
24112	35653
24113	35654
24114	35657
24115	35657
24116	35660
24117	35661
24118	35662
24119	35663
24120	35664
24121	35667
24122	35668
24123	35670
24124	35671
24125	35672
24126	35672
24127	35673
24128	35674
24129	35676
24130	35677
24131	35678
24132	35678
24133	35679
24134	35682
24135	35683
24136	35683
24137	35684
24138	35685
24139	35685
24140	35687
24141	35688
24142	35689
24143	35690
24144	35690
24145	35691
24146	35691
24147	35692
24148	35695
24149	35696
24150	35697
24151	35698
24152	35699
24153	35700
24154	35701
24155	35704
24156	35705
24157	35705
24158	35707
24159	35707
24160	35709
24161	35710
24162	35711
24163	35712
24164	35713
24165	35713
24166	35714
24167	35715
24168	35716
24169	35717
24170	35720
24171	35720
24172	35721
24173	35721
24174	35722
24175	35722
24176	35725
24177	35726
24178	35728
24179	35729
24180	35730
24181	35731
24182	35732
24183	35733
24184	35733
24185	35735
24186	35736
24187	35737
24188	35737
24189	35738
24190	35739
24191	35740
24192	35740
24193	35741
24194	35741
24195	35742
24196	35742
24197	35742
24198	35743
24199	35743
24200	35743
24201	35743
24202	35745
24203	35746
24204	35748
24205	35748
24206	35750
24207	35750
24208	35752
24209	35753
24210	35754
24211	35754
24212	35756
24213	35756
24214	35757
24215	35758
24216	35758
24217	35758
24218	35759
24219	35760
24220	35763
24221	35764
24222	35764
24223	35765
24224	35766
24225	35767
24226	35768
24227	35771
24228	35772
24229	35775
24230	35776
24231	35776
24232	35777
24233	35778
24234	35779
24235	35780
24236	35782
24237	35785
24238	35786
24239	35787
24240	35790
24241	35791
24242	35794
24243	35795
24244	35796
24245	35797
24246	35798
24247	35799
24248	35799
24249	35800
24250	35800
24251	35800
24252	35801
24253	35801
24254	35801
24255	35802
24256	35802
24257	35803
24258	35803
24259	35803
24260	35806
24261	35806
24262	35807
24263	35808
24264	35811
24265	35812
24266	35813
24267	35814
24268	35814
24269	35815
24270	35816
24271	35817
24272	35818
24273	35819
24274	35820
24275	35823
24276	35824
24277	35825
24278	35826
24279	35826
24280	35826
24281	35827
24282	35828
24283	35828
24284	35830
24285	35831
24286	35833
24287	35834
24288	35834
24289	35836
24290	35838
24291	35839
24292	35839
24293	35842
24294	35842
24295	35843
24296	35844
24297	35844
24298	35846
24299	35847
24300	35850
24301	35851
24302	35852
24303	35852
24304	35853
24305	35854
24306	35855
24307	35856
24308	35857
24309	35858
24310	35859
24311	35859
24312	35862
24313	35863
24314	35863
24315	35864
24316	35865
24317	35866
24318	35867
24319	35868
24320	35870
24321	35871
24322	35872
24323	35874
24324	35877
24325	35878
24326	35878
24327	35879
24328	35880
24329	35882
24330	35883
24331	35884
24332	35884
24333	35885
24334	35885
24335	35885
24336	35887
24337	35887
24338	35888
24339	35891
24340	35892
24341	35893
24342	35896
24343	35897
24344	35897
24345	35900
24346	35901
24347	35901
24348	35902
24349	35903
24350	35903
24351	35904
24352	35905
24353	35906
24354	35907
24355	35910
24356	35910
24357	35911
24358	35913
24359	35914
24360	35915
24361	35915
24362	35918
24363	35919
24364	35920
24365	35923
24366	35925
24367	35926
24368	35926
24369	35928
24370	35928
24371	35929
24372	35930
24373	35930
24374	35931
24375	35932
24376	35933
24377	35935
24378	35936
24379	35937
24380	35938
24381	35939
24382	35940
24383	35941
24384	35943
24385	35944
24386	35945
24387	35946
24388	35946
24389	35947
24390	35947
24391	35949
24392	35950
24393	35950
24394	35951
24395	35953
24396	35955
24397	35956
24398	35956
24399	35957
24400	35958
24401	35959
24402	35960
24403	35961
24404	35963
24405	35964
24406	35965
24407	35967
24408	35970
24409	35971
24410	35972
24411	35975
24412	35976
24413	35977
24414	35980
24415	35981
24416	35981
24417	35984
24418	35985
24419	35986
24420	35987
24421	35987
24422	35987
24423	35988
24424	35988
24425	35989
24426	35991
24427	35991
24428	35991
24429	35993
24430	35993
24431	35994
24432	35995
24433	35995
24434	35996
24435	35996
24436	35997
24437	35998
24438	35999
24439	36002
24440	36002
24441	36005
24442	36005
24443	36006
24444	36006
24445	36007
24446	36008
24447	36009
24448	36009
24449	36009
24450	36010
24451	36011
24452	36012
24453	36012
24454	36015
24455	36016
24456	36017
24457	36017
24458	36017
24459	36018
24460	36019
24461	36019
24462	36021
24463	36022
24464	36025
24465	36026
24466	36027
24467	36028
24468	36029
24469	36029
24470	36030
24471	36032
24472	36032
24473	36032
24474	36033
24475	36033
24476	36036
24477	36037
24478	36039
24479	36039
24480	36040
24481	36042
24482	36044
24483	36045
24484	36046
24485	36046
24486	36046
24487	36046
24488	36047
24489	36048
24490	36049
24491	36050
24492	36051
24493	36052
24494	36055
24495	36055
24496	36056
24497	36058
24498	36058
24499	36059
24500	36059
24501	36061
24502	36062
24503	36065
24504	36066
24505	36067
24506	36068
24507	36068
24508	36069
24509	36072
24510	36073
24511	36074
24512	36075
24513	36078
24514	36078
24515	36078
24516	36079
24517	36080
24518	36080
24519	36081
24520	36083
24521	36084
24522	36084
24523	36085
24524	36086
24525	36086
24526	36086
24527	36086
24528	36088
24529	36089
24530	36092
24531	36093
24532	36094
24533	36097
24534	36098
24535	36099
24536	36100
24537	36101
24538	36102
24539	36103
24540	36103
24541	36104
24542	36105
24543	36106
24544	36107
24545	36107
24546	36107
24547	36107
24548	36108
24549	36109
24550	36110
24551	36112
24552	36113
24553	36114
24554	36115
24555	36116
24556	36117
24557	36117
24558	36118
24559	36120
24560	36120
24561	36121
24562	36122
24563	36123
24564	36125
24565	36126
24566	36127
24567	36130
24568	36131
24569	36132
24570	36134
24571	36134
24572	36136
24573	36137
24574	36138
24575	36139
24576	36140
24577	36140
24578	36141
24579	36143
24580	36143
24581	36144
24582	36144
24583	36145
24584	36146
24585	36147
24586	36148
24587	36149
24588	36149
24589	36150
24590	36153
24591	36154
24592	36155
24593	36157
24594	36157
24595	36157
24596	36157
24597	36158
24598	36159
24599	36159
24600	36160
24601	36161
24602	36162
24603	36163
24604	36164
24605	36165
24606	36167
24607	36170
24608	36171
24609	36172
24610	36172
24611	36173
24612	36174
24613	36175
24614	36176
24615	36176
24616	36177
24617	36180
24618	36181
24619	36183
24620	36184
24621	36185
24622	36186
24623	36187
24624	36188
24625	36189
24626	36191
24627	36192
24628	36193
24629	36194
24630	36195
24631	36196
24632	36196
24633	36198
24634	36200
24635	36201
24636	36201
24637	36201
24638	36202
24639	36202
24640	36203
24641	36203
24642	36204
24643	36205
24644	36206
24645	36208
24646	36209
24647	36210
24648	36212
24649	36213
24650	36214
24651	36215
24652	36216
24653	36217
24654	36219
24655	36220
24656	36222
24657	36223
24658	36224
24659	36227
24660	36228
24661	36229
24662	36230
24663	36231
24664	36232
24665	36233
24666	36234
24667	36235
24668	36235
24669	36235
24670	36237
24671	36237
24672	36237
24673	36240
24674	36241
24675	36242
24676	36243
24677	36243
24678	36245
24679	36245
24680	36245
24681	36246
24682	36247
24683	36247
24684	36247
24685	36248
24686	36248
24687	36249
24688	36249
24689	36250
24690	36252
24691	36253
24692	36256
24693	36256
24694	36257
24695	36258
24696	36258
24697	36259
24698	36262
24699	36263
24700	36264
24701	36264
24702	36265
24703	36266
24704	36267
24705	36268
24706	36271
24707	36272
24708	36273
24709	36274
24710	36275
24711	36276
24712	36278
24713	36279
24714	36279
24715	36279
24716	36280
24717	36281
24718	36281
24719	36282
24720	36283
24721	36284
24722	36284
24723	36285
24724	36286
24725	36287
24726	36287
24727	36289
24728	36290
24729	36292
24730	36293
24731	36293
24732	36295
24733	36296
24734	36296
24735	36297
24736	36297
24737	36298
24738	36300
24739	36301
24740	36301
24741	36302
24742	36305
24743	36306
24744	36307
24745	36310
24746	36310
24747	36311
24748	36312
24749	36313
24750	36316
24751	36317
24752	36318
24753	36319
24754	36319
24755	36320
24756	36323
24757	36325
24758	36326
24759	36327
24760	36327
24761	36328
24762	36328
24763	36329
24764	36330
24765	36333
24766	36334
24767	36335
24768	36336
24769	36337
24770	36338
24771	36339
24772	36340
24773	36342
24774	36343
24775	36344
24776	36345
24777	36346
24778	36346
24779	36347
24780	36350
24781	36353
24782	36354
24783	36355
24784	36356
24785	36357
24786	36358
24787	36359
24788	36360
24789	36361
24790	36364
24791	36364
24792	36365
24793	36366
24794	36368
24795	36369
24796	36370
24797	36373
24798	36374
24799	36375
24800	36376
24801	36377
24802	36378
24803	36379
24804	36379
24805	36379
24806	36380
24807	36381
24808	36381
24809	36384
24810	36385
24811	36386
24812	36387
24813	36388
24814	36390
24815	36390
24816	36392
24817	36392
24818	36394
24819	36397
24820	36398
24821	36401
24822	36404
24823	36404
24824	36405
24825	36405
24826	36405
24827	36406
24828	36407
24829	36408
24830	36409
24831	36410
24832	36411
24833	36411
24834	36412
24835	36413
24836	36414
24837	36415
24838	36416
24839	36417
24840	36420
24841	36423
24842	36424
24843	36425
24844	36426
24845	36427
24846	36428
24847	36428
24848	36429
24849	36429
24850	36430
24851	36431
24852	36432
24853	36433
24854	36435
24855	36436
24856	36437
24857	36439
24858	36442
24859	36443
24860	36444
24861	36447
24862	36447
24863	36447
24864	36448
24865	36448
24866	36451
24867	36452
24868	36454
24869	36454
24870	36454
24871	36455
24872	36456
24873	36457
24874	36459
24875	36459
24876	36460
24877	36461
24878	36462
24879	36463
24880	36464
24881	36466
24882	36467
24883	36468
24884	36471
24885	36472
24886	36473
24887	36476
24888	36476
24889	36478
24890	36478
24891	36478
24892	36479
24893	36480
24894	36480
24895	36481
24896	36483
24897	36484
24898	36486
24899	36487
24900	36488
24901	36489
24902	36489
24903	36492
24904	36493
24905	36494
24906	36495
24907	36496
24908	36497
24909	36498
24910	36498
24911	36499
24912	36499
24913	36500
24914	36503
24915	36506
24916	36507
24917	36508
24918	36509
24919	36509
24920	36510
24921	36511
24922	36512
24923	36515
24924	36516
24925	36517
24926	36520
24927	36521
24928	36522
24929	36522
24930	36524
24931	36525
24932	36525
24933	36528
24934	36528
24935	36529
24936	36530
24937	36531
24938	36531
24939	36532
24940	36533
24941	36534
24942	36537
24943	36538
24944	36539
24945	36540
24946	36541
24947	36542
24948	36543
24949	36546
24950	36547
24951	36548
24952	36549
24953	36550
24954	36550
24955	36551
24956	36554
24957	36555
24958	36557
24959	36558
24960	36559
24961	36561
24962	36563
24963	36564
24964	36565
24965	36566
24966	36569
24967	36570
24968	36571
24969	36573
24970	36574
24971	36577
24972	36577
24973	36578
24974	36579
24975	36580
24976	36581
24977	36582
24978	36582
24979	36583
24980	36583
24981	36586
24982	36588
24983	36591
24984	36592
24985	36593
24986	36596
24987	36597
24988	36597
24989	36598
24990	36599
24991	36599
24992	36602
24993	36603
24994	36604
24995	36605
24996	36606
24997	36607
24998	36610
24999	36611
25000	36612
25001	36613
25002	36613
25003	36614
25004	36615
25005	36616
25006	36616
25007	36616
25008	36616
25009	36617
25010	36620
25011	36621
25012	36624
25013	36625
25014	36626
25015	36626
25016	36627
25017	36628
25018	36630
25019	36631
25020	36632
25021	36633
25022	36634
25023	36635
25024	36636
25025	36639
25026	36640
25027	36643
25028	36644
25029	36645
25030	36646
25031	36647
25032	36648
25033	36648
25034	36649
25035	36651
25036	36653
25037	36654
25038	36655
25039	36655
25040	36656
25041	36657
25042	36657
25043	36658
25044	36660
25045	36660
25046	36661
25047	36662
25048	36663
25049	36663
25050	36666
25051	36667
25052	36668
25053	36669
25054	36670
25055	36670
25056	36671
25057	36672
25058	36675
25059	36676
25060	36677
25061	36678
25062	36679
25063	36680
25064	36680
25065	36680
25066	36683
25067	36684
25068	36685
25069	36686
25070	36686
25071	36687
25072	36687
25073	36688
25074	36691
25075	36692
25076	36695
25077	36695
25078	36696
25079	36697
25080	36698
25081	36699
25082	36700
25083	36701
25084	36703
25085	36704
25086	36706
25087	36706
25088	36707
25089	36710
25090	36711
25091	36712
25092	36714
25093	36714
25094	36715
25095	36718
25096	36718
25097	36719
25098	36720
25099	36721
25100	36722
25101	36722
25102	36723
25103	36723
25104	36724
25105	36725
25106	36726
25107	36729
25108	36729
25109	36730
25110	36731
25111	36731
25112	36731
25113	36732
25114	36732
25115	36735
25116	36736
25117	36737
25118	36738
25119	36738
25120	36739
25121	36740
25122	36741
25123	36742
25124	36742
25125	36743
25126	36743
25127	36743
25128	36744
25129	36746
25130	36747
25131	36750
25132	36751
25133	36752
25134	36753
25135	36754
25136	36755
25137	36758
25138	36759
25139	36760
25140	36761
25141	36761
25142	36761
25143	36761
25144	36764
25145	36765
25146	36766
25147	36767
25148	36768
25149	36769
25150	36771
25151	36771
25152	36774
25153	36775
25154	36776
25155	36777
25156	36780
25157	36783
25158	36783
25159	36784
25160	36785
25161	36786
25162	36787
25163	36787
25164	36787
25165	36789
25166	36790
25167	36791
25168	36791
25169	36792
25170	36793
25171	36794
25172	36794
25173	36796
25174	36797
25175	36798
25176	36800
25177	36801
25178	36802
25179	36803
25180	36803
25181	36803
25182	36804
25183	36804
25184	36805
25185	36806
25186	36809
25187	36810
25188	36811
25189	36812
25190	36813
25191	36814
25192	36815
25193	36817
25194	36818
25195	36818
25196	36819
25197	36820
25198	36822
25199	36824
25200	36825
25201	36825
25202	36825
25203	36826
25204	36826
25205	36826
25206	36827
25207	36828
25208	36828
25209	36829
25210	36831
25211	36832
25212	36835
25213	36836
25214	36837
25215	36838
25216	36839
25217	36839
25218	36840
25219	36841
25220	36841
25221	36842
25222	36843
25223	36846
25224	36847
25225	36849
25226	36850
25227	36851
25228	36852
25229	36853
25230	36855
25231	36855
25232	36857
25233	36857
25234	36858
25235	36860
25236	36863
25237	36863
25238	36864
25239	36865
25240	36866
25241	36868
25242	36868
25243	36869
25244	36870
25245	36871
25246	36871
25247	36873
25248	36874
25249	36875
25250	36876
25251	36877
25252	36878
25253	36881
25254	36882
25255	36883
25256	36884
25257	36884
25258	36885
25259	36885
25260	36886
25261	36887
25262	36887
25263	36888
25264	36889
25265	36890
25266	36891
25267	36894
25268	36895
25269	36896
25270	36897
25271	36897
25272	36898
25273	36898
25274	36899
25275	36900
25276	36901
25277	36901
25278	36902
25279	36904
25280	36905
25281	36908
25282	36909
25283	36911
25284	36912
25285	36912
25286	36913
25287	36914
25288	36917
25289	36918
25290	36919
25291	36920
25292	36921
25293	36922
25294	36923
25295	36924
25296	36925
25297	36926
25298	36928
25299	36929
25300	36929
25301	36930
25302	36931
25303	36932
25304	36933
25305	36933
25306	36935
25307	36936
25308	36937
25309	36938
25310	36938
25311	36938
25312	36939
25313	36939
25314	36941
25315	36944
25316	36945
25317	36946
25318	36947
25319	36948
25320	36949
25321	36952
25322	36953
25323	36954
25324	36955
25325	36958
25326	36959
25327	36960
25328	36962
25329	36963
25330	36966
25331	36966
25332	36967
25333	36968
25334	36969
25335	36970
25336	36971
25337	36971
25338	36972
25339	36975
25340	36978
25341	36979
25342	36980
25343	36981
25344	36984
25345	36985
25346	36986
25347	36987
25348	36989
25349	36990
25350	36991
25351	36991
25352	36992
25353	36993
25354	36994
25355	36996
25356	36997
25357	36998
25358	36999
25359	37002
25360	37003
25361	37004
25362	37005
25363	37006
25364	37007
25365	37007
25366	37007
25367	37008
25368	37008
25369	37009
25370	37009
25371	37010
25372	37012
25373	37014
25374	37015
25375	37016
25376	37018
25377	37019
25378	37022
25379	37023
25380	37025
25381	37026
25382	37027
25383	37030
25384	37030
25385	37032
25386	37033
25387	37034
25388	37035
25389	37036
25390	37036
25391	37037
25392	37038
25393	37040
25394	37041
25395	37042
25396	37043
25397	37043
25398	37043
25399	37043
25400	37044
25401	37045
25402	37046
25403	37049
25404	37049
25405	37049
25406	37050
25407	37052
25408	37052
25409	37052
25410	37054
25411	37054
25412	37055
25413	37056
25414	37057
25415	37057
25416	37060
25417	37061
25418	37062
25419	37063
25420	37064
25421	37064
25422	37067
25423	37068
25424	37069
25425	37070
25426	37071
25427	37072
25428	37072
25429	37073
25430	37075
25431	37076
25432	37076
25433	37077
25434	37078
25435	37079
25436	37082
25437	37085
25438	37086
25439	37087
25440	37088
25441	37089
25442	37090
25443	37091
25444	37092
25445	37093
25446	37095
25447	37096
25448	37097
25449	37098
25450	37099
25451	37100
25452	37100
25453	37100
25454	37102
25455	37103
25456	37106
25457	37107
25458	37108
25459	37109
25460	37109
25461	37110
25462	37111
25463	37112
25464	37115
25465	37117
25466	37118
25467	37119
25468	37120
25469	37121
25470	37122
25471	37125
25472	37125
25473	37126
25474	37126
25475	37127
25476	37128
25477	37129
25478	37130
25479	37133
25480	37133
25481	37136
25482	37137
25483	37138
25484	37139
25485	37140
25486	37141
25487	37142
25488	37143
25489	37145
25490	37148
25491	37149
25492	37150
25493	37151
25494	37152
25495	37153
25496	37154
25497	37155
25498	37156
25499	37157
25500	37158
25501	37159
25502	37159
25503	37161
25504	37161
25505	37163
25506	37163
25507	37164
25508	37166
25509	37168
25510	37169
25511	37170
25512	37172
25513	37173
25514	37174
25515	37176
25516	37177
25517	37180
25518	37180
25519	37180
25520	37181
25521	37182
25522	37183
25523	37184
25524	37185
25525	37186
25526	37187
25527	37188
25528	37188
25529	37189
25530	37190
25531	37191
25532	37194
25533	37195
25534	37196
25535	37197
25536	37198
25537	37198
25538	37198
25539	37199
25540	37202
25541	37203
25542	37204
25543	37205
25544	37206
25545	37207
25546	37210
25547	37210
25548	37211
25549	37212
25550	37213
25551	37214
25552	37214
25553	37216
25554	37217
25555	37217
25556	37217
25557	37217
25558	37218
25559	37221
25560	37221
25561	37224
25562	37225
25563	37226
25564	37227
25565	37228
25566	37229
25567	37232
25568	37233
25569	37233
25570	37234
25571	37234
25572	37234
25573	37235
25574	37235
25575	37235
25576	37236
25577	37237
25578	37238
25579	37239
25580	37242
25581	37243
25582	37244
25583	37247
25584	37249
25585	37250
25586	37251
25587	37252
25588	37255
25589	37257
25590	37257
25591	37258
25592	37261
25593	37262
25594	37263
25595	37264
25596	37265
25597	37266
25598	37266
25599	37267
25600	37268
25601	37269
25602	37270
25603	37271
25604	37271
25605	37273
25606	37274
25607	37274
25608	37275
25609	37276
25610	37276
25611	37277
25612	37278
25613	37278
25614	37279
25615	37280
25616	37281
25617	37284
25618	37284
25619	37285
25620	37285
25621	37287
25622	37290
25623	37291
25624	37292
25625	37294
25626	37295
25627	37296
25628	37297
25629	37298
25630	37299
25631	37300
25632	37300
25633	37301
25634	37303
25635	37304
25636	37304
25637	37305
25638	37306
25639	37307
25640	37308
25641	37310
25642	37311
25643	37312
25644	37313
25645	37316
25646	37317
25647	37318
25648	37321
25649	37323
25650	37324
25651	37325
25652	37325
25653	37326
25654	37327
25655	37328
25656	37329
25657	37329
25658	37330
25659	37333
25660	37333
25661	37333
25662	37334
25663	37335
25664	37335
25665	37336
25666	37338
25667	37339
25668	37340
25669	37341
25670	37342
25671	37343
25672	37344
25673	37344
25674	37345
25675	37347
25676	37348
25677	37349
25678	37350
25679	37351
25680	37352
25681	37352
25682	37355
25683	37357
25684	37358
25685	37359
25686	37361
25687	37363
25688	37364
25689	37364
25690	37366
25691	37366
25692	37367
25693	37370
25694	37371
25695	37372
25696	37373
25697	37374
25698	37375
25699	37376
25700	37377
25701	37378
25702	37378
25703	37379
25704	37380
25705	37381
25706	37382
25707	37384
25708	37385
25709	37386
25710	37387
25711	37388
25712	37389
25713	37390
25714	37391
25715	37392
25716	37393
25717	37396
25718	37397
25719	37398
25720	37400
25721	37401
25722	37402
25723	37402
25724	37403
25725	37404
25726	37405
25727	37407
25728	37408
25729	37411
25730	37413
25731	37415
25732	37416
25733	37416
25734	37418
25735	37419
25736	37422
25737	37423
25738	37426
25739	37427
25740	37428
25741	37428
25742	37429
25743	37430
25744	37431
25745	37431
25746	37431
25747	37432
25748	37433
25749	37434
25750	37437
25751	37438
25752	37440
25753	37443
25754	37444
25755	37445
25756	37446
25757	37449
25758	37449
25759	37450
25760	37451
25761	37452
25762	37454
25763	37456
25764	37457
25765	37458
25766	37459
25767	37460
25768	37460
25769	37460
25770	37461
25771	37462
25772	37465
25773	37466
25774	37469
25775	37470
25776	37471
25777	37471
25778	37472
25779	37473
25780	37473
25781	37474
25782	37475
25783	37476
25784	37477
25785	37477
25786	37478
25787	37481
25788	37482
25789	37485
25790	37486
25791	37487
25792	37488
25793	37489
25794	37490
25795	37491
25796	37494
25797	37495
25798	37496
25799	37497
25800	37498
25801	37499
25802	37500
25803	37501
25804	37502
25805	37503
25806	37504
25807	37505
25808	37506
25809	37507
25810	37508
25811	37510
25812	37512
25813	37513
25814	37514
25815	37516
25816	37518
25817	37519
25818	37519
25819	37521
25820	37522
25821	37524
25822	37525
25823	37526
25824	37528
25825	37531
25826	37532
25827	37533
25828	37536
25829	37537
25830	37538
25831	37539
25832	37539
25833	37540
25834	37541
25835	37544
25836	37546
25837	37547
25838	37548
25839	37549
25840	37550
25841	37551
25842	37553
25843	37553
25844	37553
25845	37554
25846	37555
25847	37556
25848	37556
25849	37557
25850	37560
25851	37560
25852	37563
25853	37563
25854	37564
25855	37565
25856	37566
25857	37567
25858	37567
25859	37570
25860	37570
25861	37571
25862	37574
25863	37575
25864	37578
25865	37579
25866	37580
25867	37581
25868	37581
25869	37581
25870	37584
25871	37585
25872	37585
25873	37586
25874	37587
25875	37587
25876	37590
25877	37591
25878	37592
25879	37593
25880	37594
25881	37595
25882	37596
25883	37597
25884	37598
25885	37599
25886	37599
25887	37600
25888	37603
25889	37604
25890	37606
25891	37606
25892	37606
25893	37607
25894	37608
25895	37608
25896	37611
25897	37612
25898	37613
25899	37614
25900	37615
25901	37616
25902	37619
25903	37620
25904	37621
25905	37621
25906	37621
25907	37622
25908	37623
25909	37624
25910	37624
25911	37625
25912	37626
25913	37627
25914	37628
25915	37629
25916	37632
25917	37632
25918	37635
25919	37636
25920	37637
25921	37640
25922	37641
25923	37644
25924	37645
25925	37646
25926	37647
25927	37648
25928	37651
25929	37652
25930	37655
25931	37656
25932	37657
25933	37658
25934	37658
25935	37658
25936	37659
25937	37661
25938	37661
25939	37662
25940	37663
25941	37664
25942	37665
25943	37667
25944	37668
25945	37668
25946	37669
25947	37669
25948	37669
25949	37670
25950	37671
25951	37672
25952	37673
25953	37674
25954	37677
25955	37678
25956	37679
25957	37680
25958	37681
25959	37682
25960	37683
25961	37684
25962	37685
25963	37686
25964	37686
25965	37686
25966	37686
25967	37687
25968	37689
25969	37690
25970	37691
25971	37691
25972	37694
25973	37695
25974	37696
25975	37697
25976	37698
25977	37699
25978	37701
25979	37702
25980	37705
25981	37706
25982	37707
25983	37708
25984	37708
25985	37710
25986	37712
25987	37713
25988	37714
25989	37716
25990	37717
25991	37717
25992	37717
25993	37717
25994	37718
25995	37718
25996	37718
25997	37718
25998	37719
25999	37720
26000	37721
26001	37722
26002	37724
26003	37725
26004	37726
26005	37727
26006	37728
26007	37731
26008	37732
26009	37734
26010	37735
26011	37736
26012	37738
26013	37739
26014	37741
26015	37741
26016	37742
26017	37743
26018	37743
26019	37743
26020	37745
26021	37746
26022	37747
26023	37749
26024	37750
26025	37750
26026	37751
26027	37752
26028	37753
26029	37754
26030	37755
26031	37756
26032	37757
26033	37759
26034	37760
26035	37761
26036	37763
26037	37764
26038	37765
26039	37768
26040	37769
26041	37770
26042	37771
26043	37772
26044	37772
26045	37772
26046	37772
26047	37773
26048	37774
26049	37775
26050	37776
26051	37778
26052	37779
26053	37780
26054	37780
26055	37780
26056	37782
26057	37783
26058	37785
26059	37785
26060	37787
26061	37788
26062	37788
26063	37791
26064	37792
26065	37794
26066	37795
26067	37795
26068	37796
26069	37796
26070	37797
26071	37798
26072	37798
26073	37800
26074	37802
26075	37802
26076	37803
26077	37803
26078	37804
26079	37805
26080	37806
26081	37807
26082	37809
26083	37810
26084	37811
26085	37812
26086	37815
26087	37816
26088	37817
26089	37818
26090	37819
26091	37820
26092	37821
26093	37824
26094	37824
26095	37825
26096	37826
26097	37827
26098	37828
26099	37829
26100	37830
26101	37831
26102	37831
26103	37833
26104	37834
26105	37835
26106	37837
26107	37838
26108	37839
26109	37840
26110	37841
26111	37841
26112	37842
26113	37843
26114	37844
26115	37845
26116	37846
26117	37846
26118	37848
26119	37850
26120	37851
26121	37852
26122	37855
26123	37856
26124	37857
26125	37860
26126	37861
26127	37864
26128	37865
26129	37866
26130	37867
26131	37868
26132	37869
26133	37871
26134	37871
26135	37871
26136	37871
26137	37872
26138	37873
26139	37874
26140	37877
26141	37878
26142	37879
26143	37879
26144	37880
26145	37881
26146	37884
26147	37885
26148	37886
26149	37887
26150	37888
26151	37889
26152	37890
26153	37891
26154	37891
26155	37892
26156	37893
26157	37894
26158	37894
26159	37895
26160	37896
26161	37896
26162	37899
26163	37900
26164	37903
26165	37904
26166	37905
26167	37906
26168	37907
26169	37908
26170	37909
26171	37911
26172	37912
26173	37913
26174	37913
26175	37914
26176	37916
26177	37917
26178	37919
26179	37920
26180	37922
26181	37924
26182	37925
26183	37926
26184	37927
26185	37927
26186	37928
26187	37930
26188	37931
26189	37932
26190	37933
26191	37936
26192	37937
26193	37938
26194	37938
26195	37939
26196	37942
26197	37942
26198	37943
26199	37945
26200	37946
26201	37947
26202	37947
26203	37947
26204	37947
26205	37950
26206	37951
26207	37952
26208	37952
26209	37953
26210	37953
26211	37954
26212	37957
26213	37958
26214	37959
26215	37960
26216	37961
26217	37962
26218	37963
26219	37964
26220	37966
26221	37967
26222	37970
26223	37971
26224	37972
26225	37975
26226	37978
26227	37979
26228	37980
26229	37981
26230	37981
26231	37981
26232	37982
26233	37982
26234	37983
26235	37986
26236	37987
26237	37988
26238	37991
26239	37991
26240	37992
26241	37993
26242	37994
26243	37994
26244	37994
26245	37996
26246	37997
26247	38000
26248	38001
26249	38004
26250	38005
26251	38006
26252	38007
26253	38008
26254	38009
26255	38010
26256	38011
26257	38011
26258	38012
26259	38012
26260	38013
26261	38016
26262	38016
26263	38017
26264	38018
26265	38019
26266	38020
26267	38021
26268	38022
26269	38024
26270	38025
26271	38027
26272	38028
26273	38029
26274	38031
26275	38032
26276	38033
26277	38034
26278	38035
26279	38036
26280	38037
26281	38038
26282	38039
26283	38040
26284	38042
26285	38042
26286	38043
26287	38045
26288	38046
26289	38047
26290	38049
26291	38049
26292	38050
26293	38053
26294	38054
26295	38057
26296	38058
26297	38059
26298	38060
26299	38061
26300	38062
26301	38063
26302	38063
26303	38063
26304	38064
26305	38064
26306	38065
26307	38066
26308	38069
26309	38070
26310	38071
26311	38071
26312	38071
26313	38072
26314	38073
26315	38073
26316	38074
26317	38075
26318	38076
26319	38079
26320	38080
26321	38081
26322	38082
26323	38085
26324	38086
26325	38086
26326	38087
26327	38088
26328	38089
26329	38090
26330	38090
26331	38091
26332	38092
26333	38094
26334	38095
26335	38098
26336	38099
26337	38100
26338	38102
26339	38105
26340	38105
26341	38108
26342	38111
26343	38112
26344	38113
26345	38114
26346	38115
26347	38115
26348	38115
26349	38117
26350	38118
26351	38119
26352	38122
26353	38125
26354	38126
26355	38128
26356	38129
26357	38132
26358	38133
26359	38134
26360	38135
26361	38135
26362	38136
26363	38137
26364	38138
26365	38141
26366	38142
26367	38142
26368	38143
26369	38144
26370	38145
26371	38146
26372	38146
26373	38147
26374	38150
26375	38150
26376	38151
26377	38152
26378	38153
26379	38153
26380	38153
26381	38153
26382	38154
26383	38155
26384	38156
26385	38156
26386	38157
26387	38158
26388	38159
26389	38160
26390	38163
26391	38164
26392	38167
26393	38168
26394	38169
26395	38170
26396	38171
26397	38172
26398	38173
26399	38175
26400	38176
26401	38177
26402	38178
26403	38179
26404	38180
26405	38181
26406	38183
26407	38184
26408	38186
26409	38187
26410	38188
26411	38190
26412	38192
26413	38192
26414	38193
26415	38196
26416	38196
26417	38196
26418	38197
26419	38198
26420	38198
26421	38198
26422	38199
26423	38200
26424	38203
26425	38205
26426	38206
26427	38207
26428	38208
26429	38210
26430	38211
26431	38212
26432	38213
26433	38214
26434	38215
26435	38215
26436	38216
26437	38216
26438	38217
26439	38218
26440	38219
26441	38220
26442	38220
26443	38221
26444	38222
26445	38225
26446	38226
26447	38227
26448	38230
26449	38231
26450	38232
26451	38234
26452	38235
26453	38236
26454	38239
26455	38240
26456	38241
26457	38242
26458	38243
26459	38244
26460	38244
26461	38245
26462	38246
26463	38246
26464	38248
26465	38249
26466	38252
26467	38252
26468	38252
26469	38253
26470	38253
26471	38254
26472	38255
26473	38256
26474	38257
26475	38258
26476	38261
26477	38261
26478	38263
26479	38263
26480	38264
26481	38264
26482	38265
26483	38266
26484	38266
26485	38266
26486	38266
26487	38266
26488	38266
26489	38268
26490	38268
26491	38269
26492	38270
26493	38270
26494	38270
26495	38270
26496	38273
26497	38274
26498	38275
26499	38278
26500	38279
26501	38280
26502	38280
26503	38280
26504	38281
26505	38282
26506	38283
26507	38286
26508	38289
26509	38290
26510	38291
26511	38294
26512	38296
26513	38297
26514	38298
26515	38299
26516	38299
26517	38300
26518	38301
26519	38301
26520	38302
26521	38304
26522	38304
26523	38305
26524	38306
26525	38307
26526	38307
26527	38309
26528	38310
26529	38313
26530	38313
26531	38314
26532	38316
26533	38319
26534	38320
26535	38321
26536	38321
26537	38324
26538	38324
26539	38326
26540	38327
26541	38328
26542	38329
26543	38330
26544	38331
26545	38333
26546	38334
26547	38335
26548	38337
26549	38338
26550	38339
26551	38340
26552	38341
26553	38342
26554	38342
26555	38344
26556	38346
26557	38346
26558	38346
26559	38349
26560	38349
26561	38350
26562	38351
26563	38352
26564	38353
26565	38354
26566	38356
26567	38356
26568	38357
26569	38357
26570	38357
26571	38358
26572	38359
26573	38360
26574	38361
26575	38361
26576	38361
26577	38362
26578	38363
26579	38363
26580	38365
26581	38366
26582	38366
26583	38367
26584	38368
26585	38370
26586	38371
26587	38373
26588	38374
26589	38374
26590	38375
26591	38375
26592	38375
26593	38376
26594	38378
26595	38379
26596	38380
26597	38381
26598	38382
26599	38383
26600	38383
26601	38384
26602	38387
26603	38387
26604	38387
26605	38388
26606	38389
26607	38390
26608	38391
26609	38394
26610	38395
26611	38398
26612	38399
26613	38399
26614	38400
26615	38401
26616	38403
26617	38406
26618	38407
26619	38408
26620	38409
26621	38412
26622	38412
26623	38413
26624	38414
26625	38415
26626	38416
26627	38417
26628	38417
26629	38420
26630	38421
26631	38421
26632	38422
26633	38422
26634	38423
26635	38425
26636	38425
26637	38425
26638	38427
26639	38427
26640	38427
26641	38428
26642	38429
26643	38429
26644	38430
26645	38431
26646	38432
26647	38432
26648	38433
26649	38434
26650	38435
26651	38436
26652	38439
26653	38440
26654	38443
26655	38444
26656	38445
26657	38446
26658	38446
26659	38447
26660	38448
26661	38448
26662	38449
26663	38450
26664	38451
26665	38452
26666	38453
26667	38454
26668	38455
26669	38456
26670	38456
26671	38458
26672	38459
26673	38461
26674	38462
26675	38462
26676	38463
26677	38463
26678	38466
26679	38467
26680	38468
26681	38469
26682	38470
26683	38470
26684	38473
26685	38474
26686	38475
26687	38475
26688	38476
26689	38477
26690	38478
26691	38479
26692	38480
26693	38481
26694	38484
26695	38486
26696	38487
26697	38487
26698	38488
26699	38489
26700	38490
26701	38491
26702	38492
26703	38492
26704	38494
26705	38494
26706	38495
26707	38497
26708	38499
26709	38500
26710	38501
26711	38504
26712	38505
26713	38507
26714	38508
26715	38508
26716	38510
26717	38511
26718	38511
26719	38514
26720	38515
26721	38518
26722	38519
26723	38519
26724	38520
26725	38520
26726	38521
26727	38522
26728	38524
26729	38524
26730	38525
26731	38526
26732	38527
26733	38528
26734	38529
26735	38531
26736	38531
26737	38534
26738	38535
26739	38535
26740	38537
26741	38537
26742	38537
26743	38538
26744	38539
26745	38540
26746	38541
26747	38542
26748	38543
26749	38544
26750	38545
26751	38546
26752	38549
26753	38552
26754	38553
26755	38554
26756	38555
26757	38556
26758	38557
26759	38558
26760	38561
26761	38562
26762	38563
26763	38564
26764	38565
26765	38566
26766	38567
26767	38568
26768	38570
26769	38571
26770	38573
26771	38575
26772	38576
26773	38577
26774	38579
26775	38579
26776	38579
26777	38580
26778	38583
26779	38584
26780	38584
26781	38584
26782	38585
26783	38585
26784	38586
26785	38587
26786	38590
26787	38591
26788	38591
26789	38591
26790	38592
26791	38592
26792	38594
26793	38595
26794	38597
26795	38598
26796	38599
26797	38601
26798	38602
26799	38605
26800	38605
26801	38606
26802	38607
26803	38607
26804	38608
26805	38609
26806	38610
26807	38613
26808	38614
26809	38615
26810	38616
26811	38617
26812	38620
26813	38621
26814	38622
26815	38622
26816	38623
26817	38623
26818	38623
26819	38626
26820	38626
26821	38626
26822	38626
26823	38627
26824	38628
26825	38629
26826	38632
26827	38633
26828	38633
26829	38633
26830	38636
26831	38637
26832	38638
26833	38640
26834	38641
26835	38644
26836	38645
26837	38648
26838	38649
26839	38652
26840	38653
26841	38654
26842	38657
26843	38657
26844	38660
26845	38661
26846	38662
26847	38663
26848	38664
26849	38664
26850	38665
26851	38665
26852	38666
26853	38669
26854	38670
26855	38671
26856	38674
26857	38675
26858	38676
26859	38676
26860	38677
26861	38678
26862	38678
26863	38679
26864	38681
26865	38682
26866	38683
26867	38683
26868	38684
26869	38684
26870	38687
26871	38688
26872	38689
26873	38689
26874	38690
26875	38691
26876	38691
26877	38692
26878	38695
26879	38696
26880	38697
26881	38697
26882	38698
26883	38699
26884	38700
26885	38701
26886	38702
26887	38703
26888	38704
26889	38707
26890	38708
26891	38709
26892	38710
26893	38711
26894	38711
26895	38713
26896	38714
26897	38716
26898	38717
26899	38717
26900	38719
26901	38721
26902	38722
26903	38722
26904	38724
26905	38726
26906	38727
26907	38728
26908	38728
26909	38730
26910	38731
26911	38732
26912	38735
26913	38736
26914	38737
26915	38738
26916	38739
26917	38740
26918	38740
26919	38741
26920	38742
26921	38743
26922	38744
26923	38745
26924	38746
26925	38748
26926	38748
26927	38749
26928	38750
26929	38751
26930	38752
26931	38752
26932	38755
26933	38756
26934	38756
26935	38757
26936	38758
26937	38758
26938	38759
26939	38759
26940	38762
26941	38763
26942	38764
26943	38765
26944	38766
26945	38767
26946	38768
26947	38769
26948	38772
26949	38773
26950	38774
26951	38775
26952	38776
26953	38777
26954	38778
26955	38780
26956	38781
26957	38782
26958	38783
26959	38784
26960	38785
26961	38786
26962	38788
26963	38789
26964	38791
26965	38791
26966	38793
26967	38795
26968	38796
26969	38796
26970	38798
26971	38801
26972	38802
26973	38804
26974	38805
26975	38808
26976	38809
26977	38811
26978	38814
26979	38814
26980	38814
26981	38815
26982	38816
26983	38816
26984	38816
26985	38816
26986	38816
26987	38816
26988	38817
26989	38818
26990	38819
26991	38820
26992	38821
26993	38824
26994	38825
26995	38828
26996	38829
26997	38830
26998	38831
26999	38832
27000	38833
27001	38834
27002	38835
27003	38835
27004	38836
27005	38836
27006	38837
27007	38838
27008	38838
27009	38839
27010	38839
27011	38841
27012	38842
27013	38843
27014	38844
27015	38846
27016	38849
27017	38850
27018	38852
27019	38853
27020	38853
27021	38854
27022	38854
27023	38854
27024	38857
27025	38858
27026	38859
27027	38862
27028	38864
27029	38865
27030	38865
27031	38866
27032	38866
27033	38867
27034	38868
27035	38869
27036	38870
27037	38872
27038	38872
27039	38873
27040	38874
27041	38875
27042	38875
27043	38876
27044	38878
27045	38879
27046	38882
27047	38883
27048	38883
27049	38883
27050	38884
27051	38885
27052	38885
27053	38887
27054	38888
27055	38889
27056	38890
27057	38891
27058	38892
27059	38893
27060	38894
27061	38895
27062	38895
27063	38896
27064	38897
27065	38899
27066	38900
27067	38901
27068	38902
27069	38903
27070	38906
27071	38907
27072	38908
27073	38911
27074	38914
27075	38914
27076	38917
27077	38918
27078	38919
27079	38920
27080	38920
27081	38921
27082	38921
27083	38922
27084	38923
27085	38926
27086	38927
27087	38928
27088	38929
27089	38930
27090	38931
27091	38932
27092	38934
27093	38934
27094	38935
27095	38936
27096	38937
27097	38938
27098	38940
27099	38940
27100	38943
27101	38944
27102	38945
27103	38945
27104	38945
27105	38947
27106	38949
27107	38949
27108	38949
27109	38951
27110	38954
27111	38955
27112	38955
27113	38956
27114	38956
27115	38957
27116	38958
27117	38959
27118	38960
27119	38961
27120	38962
27121	38963
27122	38964
27123	38965
27124	38966
27125	38966
27126	38966
27127	38968
27128	38968
27129	38971
27130	38971
27131	38971
27132	38972
27133	38973
27134	38973
27135	38973
27136	38974
27137	38975
27138	38975
27139	38975
27140	38978
27141	38979
27142	38980
27143	38981
27144	38984
27145	38984
27146	38984
27147	38985
27148	38986
27149	38987
27150	38987
27151	38988
27152	38989
27153	38990
27154	38991
27155	38992
27156	38993
27157	38995
27158	38995
27159	38996
27160	38997
27161	38998
27162	38999
27163	39000
27164	39001
27165	39002
27166	39003
27167	39004
27168	39007
27169	39008
27170	39010
27171	39011
27172	39011
27173	39013
27174	39016
27175	39017
27176	39018
27177	39019
27178	39020
27179	39021
27180	39022
27181	39022
27182	39022
27183	39023
27184	39024
27185	39025
27186	39025
27187	39025
27188	39026
27189	39027
27190	39028
27191	39029
27192	39031
27193	39031
27194	39031
27195	39033
27196	39034
27197	39035
27198	39037
27199	39038
27200	39041
27201	39042
27202	39043
27203	39044
27204	39045
27205	39046
27206	39048
27207	39048
27208	39049
27209	39049
27210	39049
27211	39050
27212	39051
27213	39052
27214	39052
27215	39053
27216	39054
27217	39056
27218	39057
27219	39057
27220	39058
27221	39060
27222	39061
27223	39062
27224	39064
27225	39066
27226	39066
27227	39067
27228	39068
27229	39069
27230	39070
27231	39071
27232	39072
27233	39073
27234	39075
27235	39076
27236	39077
27237	39078
27238	39080
27239	39083
27240	39084
27241	39087
27242	39088
27243	39089
27244	39089
27245	39090
27246	39091
27247	39091
27248	39092
27249	39093
27250	39093
27251	39094
27252	39095
27253	39096
27254	39096
27255	39097
27256	39098
27257	39099
27258	39099
27259	39101
27260	39102
27261	39104
27262	39104
27263	39104
27264	39105
27265	39105
27266	39108
27267	39109
27268	39109
27269	39109
27270	39110
27271	39111
27272	39112
27273	39112
27274	39113
27275	39115
27276	39116
27277	39119
27278	39120
27279	39120
27280	39121
27281	39122
27282	39123
27283	39124
27284	39127
27285	39128
27286	39129
27287	39131
27288	39132
27289	39133
27290	39134
27291	39135
27292	39135
27293	39136
27294	39139
27295	39140
27296	39141
27297	39142
27298	39143
27299	39144
27300	39145
27301	39146
27302	39148
27303	39149
27304	39150
27305	39151
27306	39152
27307	39153
27308	39153
27309	39154
27310	39155
27311	39156
27312	39158
27313	39159
27314	39161
27315	39163
27316	39164
27317	39165
27318	39166
27319	39166
27320	39167
27321	39168
27322	39171
27323	39172
27324	39174
27325	39175
27326	39175
27327	39176
27328	39176
27329	39177
27330	39177
27331	39178
27332	39180
27333	39181
27334	39181
27335	39182
27336	39183
27337	39186
27338	39189
27339	39190
27340	39190
27341	39190
27342	39191
27343	39192
27344	39192
27345	39193
27346	39194
27347	39196
27348	39196
27349	39196
27350	39197
27351	39200
27352	39201
27353	39202
27354	39204
27355	39205
27356	39208
27357	39209
27358	39210
27359	39210
27360	39210
27361	39211
27362	39212
27363	39212
27364	39213
27365	39216
27366	39217
27367	39219
27368	39220
27369	39220
27370	39220
27371	39220
27372	39221
27373	39222
27374	39222
27375	39223
27376	39223
27377	39224
27378	39225
27379	39226
27380	39227
27381	39228
27382	39230
27383	39233
27384	39234
27385	39235
27386	39235
27387	39235
27388	39238
27389	39239
27390	39240
27391	39241
27392	39242
27393	39245
27394	39246
27395	39247
27396	39248
27397	39249
27398	39249
27399	39249
27400	39250
27401	39251
27402	39254
27403	39255
27404	39255
27405	39255
27406	39255
27407	39255
27408	39256
27409	39257
27410	39258
27411	39259
27412	39260
27413	39263
27414	39263
27415	39264
27416	39265
27417	39265
27418	39268
27419	39271
27420	39273
27421	39274
27422	39275
27423	39276
27424	39277
27425	39278
27426	39279
27427	39279
27428	39279
27429	39280
27430	39283
27431	39284
27432	39285
27433	39285
27434	39288
27435	39291
27436	39292
27437	39293
27438	39294
27439	39295
27440	39295
27441	39295
27442	39296
27443	39298
27444	39299
27445	39301
27446	39301
27447	39302
27448	39304
27449	39305
27450	39305
27451	39306
27452	39306
27453	39307
27454	39308
27455	39309
27456	39310
27457	39311
27458	39314
27459	39315
27460	39316
27461	39318
27462	39318
27463	39319
27464	39322
27465	39323
27466	39325
27467	39326
27468	39329
27469	39330
27470	39331
27471	39332
27472	39333
27473	39334
27474	39334
27475	39334
27476	39335
27477	39336
27478	39336
27479	39337
27480	39338
27481	39338
27482	39339
27483	39341
27484	39342
27485	39343
27486	39344
27487	39345
27488	39346
27489	39348
27490	39349
27491	39350
27492	39353
27493	39354
27494	39354
27495	39357
27496	39357
27497	39357
27498	39359
27499	39360
27500	39360
27501	39361
27502	39362
27503	39363
27504	39363
27505	39363
27506	39363
27507	39364
27508	39365
27509	39366
27510	39369
27511	39370
27512	39371
27513	39371
27514	39371
27515	39372
27516	39372
27517	39373
27518	39374
27519	39376
27520	39377
27521	39380
27522	39380
27523	39381
27524	39382
27525	39383
27526	39384
27527	39385
27528	39385
27529	39386
27530	39386
27531	39387
27532	39388
27533	39391
27534	39392
27535	39394
27536	39395
27537	39395
27538	39395
27539	39396
27540	39397
27541	39397
27542	39398
27543	39399
27544	39400
27545	39400
27546	39402
27547	39402
27548	39403
27549	39405
27550	39408
27551	39408
27552	39408
27553	39408
27554	39408
27555	39408
27556	39408
27557	39409
27558	39412
27559	39413
27560	39415
27561	39415
27562	39416
27563	39419
27564	39420
27565	39420
27566	39421
27567	39422
27568	39423
27569	39423
27570	39426
27571	39427
27572	39428
27573	39429
27574	39430
27575	39431
27576	39432
27577	39433
27578	39435
27579	39435
27580	39436
27581	39437
27582	39438
27583	39439
27584	39441
27585	39444
27586	39445
27587	39445
27588	39447
27589	39448
27590	39448
27591	39449
27592	39450
27593	39451
27594	39451
27595	39452
27596	39453
27597	39454
27598	39457
27599	39458
27600	39459
27601	39460
27602	39461
27603	39462
27604	39463
27605	39466
27606	39466
27607	39467
27608	39468
27609	39469
27610	39470
27611	39473
27612	39474
27613	39476
27614	39477
27615	39477
27616	39478
27617	39478
27618	39479
27619	39479
27620	39479
27621	39480
27622	39481
27623	39481
27624	39482
27625	39482
27626	39482
27627	39483
27628	39484
27629	39485
27630	39487
27631	39489
27632	39490
27633	39491
27634	39494
27635	39494
27636	39494
27637	39496
27638	39497
27639	39499
27640	39499
27641	39500
27642	39501
27643	39501
27644	39504
27645	39505
27646	39506
27647	39507
27648	39508
27649	39509
27650	39512
27651	39512
27652	39515
27653	39515
27654	39516
27655	39516
27656	39516
27657	39517
27658	39518
27659	39519
27660	39520
27661	39523
27662	39526
27663	39527
27664	39530
27665	39532
27666	39532
27667	39532
27668	39533
27669	39534
27670	39534
27671	39537
27672	39538
27673	39538
27674	39538
27675	39539
27676	39539
27677	39540
27678	39540
27679	39541
27680	39543
27681	39543
27682	39544
27683	39544
27684	39545
27685	39548
27686	39548
27687	39549
27688	39549
27689	39550
27690	39551
27691	39553
27692	39554
27693	39557
27694	39558
27695	39558
27696	39559
27697	39560
27698	39561
27699	39561
27700	39562
27701	39563
27702	39563
27703	39566
27704	39567
27705	39570
27706	39570
27707	39570
27708	39573
27709	39574
27710	39574
27711	39574
27712	39575
27713	39576
27714	39577
27715	39578
27716	39579
27717	39581
27718	39582
27719	39583
27720	39584
27721	39587
27722	39590
27723	39591
27724	39592
27725	39593
27726	39594
27727	39595
27728	39596
27729	39596
27730	39597
27731	39598
27732	39599
27733	39600
27734	39601
27735	39602
27736	39603
27737	39606
27738	39607
27739	39608
27740	39609
27741	39610
27742	39611
27743	39613
27744	39614
27745	39615
27746	39617
27747	39620
27748	39621
27749	39622
27750	39625
27751	39626
27752	39627
27753	39628
27754	39628
27755	39629
27756	39632
27757	39634
27758	39635
27759	39635
27760	39635
27761	39636
27762	39637
27763	39638
27764	39641
27765	39642
27766	39643
27767	39644
27768	39645
27769	39646
27770	39647
27771	39648
27772	39649
27773	39652
27774	39655
27775	39656
27776	39657
27777	39658
27778	39659
27779	39660
27780	39661
27781	39662
27782	39663
27783	39665
27784	39666
27785	39667
27786	39668
27787	39668
27788	39669
27789	39672
27790	39673
27791	39674
27792	39674
27793	39675
27794	39677
27795	39678
27796	39678
27797	39678
27798	39679
27799	39680
27800	39683
27801	39684
27802	39685
27803	39686
27804	39687
27805	39688
27806	39689
27807	39692
27808	39693
27809	39694
27810	39695
27811	39696
27812	39698
27813	39698
27814	39698
27815	39700
27816	39703
27817	39704
27818	39707
27819	39708
27820	39708
27821	39708
27822	39708
27823	39711
27824	39712
27825	39714
27826	39715
27827	39715
27828	39716
27829	39717
27830	39718
27831	39719
27832	39721
27833	39721
27834	39721
27835	39722
27836	39723
27837	39724
27838	39725
27839	39726
27840	39728
27841	39729
27842	39732
27843	39733
27844	39733
27845	39735
27846	39735
27847	39735
27848	39736
27849	39737
27850	39737
27851	39739
27852	39740
27853	39741
27854	39743
27855	39744
27856	39745
27857	39745
27858	39745
27859	39748
27860	39749
27861	39749
27862	39750
27863	39751
27864	39752
27865	39753
27866	39754
27867	39757
27868	39758
27869	39759
27870	39762
27871	39765
27872	39766
27873	39767
27874	39768
27875	39769
27876	39770
27877	39771
27878	39771
27879	39772
27880	39772
27881	39773
27882	39776
27883	39777
27884	39778
27885	39779
27886	39780
27887	39781
27888	39782
27889	39785
27890	39786
27891	39786
27892	39788
27893	39789
27894	39789
27895	39789
27896	39792
27897	39793
27898	39794
27899	39795
27900	39796
27901	39797
27902	39797
27903	39798
27904	39801
27905	39804
27906	39805
27907	39806
27908	39807
27909	39810
27910	39811
27911	39813
27912	39815
27913	39815
27914	39816
27915	39817
27916	39818
27917	39819
27918	39820
27919	39821
27920	39822
27921	39823
27922	39823
27923	39826
27924	39827
27925	39828
27926	39830
27927	39831
27928	39833
27929	39834
27930	39835
27931	39836
27932	39837
27933	39837
27934	39838
27935	39841
27936	39842
27937	39844
27938	39847
27939	39848
27940	39849
27941	39852
27942	39853
27943	39854
27944	39855
27945	39856
27946	39857
27947	39857
27948	39857
27949	39858
27950	39861
27951	39862
27952	39865
27953	39866
27954	39867
27955	39867
27956	39868
27957	39869
27958	39870
27959	39870
27960	39870
27961	39871
27962	39871
27963	39872
27964	39875
27965	39876
27966	39878
27967	39879
27968	39880
27969	39880
27970	39881
27971	39882
27972	39883
27973	39884
27974	39884
27975	39887
27976	39890
27977	39890
27978	39891
27979	39891
27980	39892
27981	39893
27982	39893
27983	39894
27984	39895
27985	39896
27986	39896
27987	39897
27988	39897
27989	39900
27990	39901
27991	39902
27992	39903
27993	39904
27994	39907
27995	39908
27996	39909
27997	39910
27998	39913
27999	39914
28000	39915
28001	39916
28002	39916
28003	39916
28004	39917
28005	39918
28006	39918
28007	39921
28008	39921
28009	39922
28010	39922
28011	39923
28012	39923
28013	39924
28014	39925
28015	39926
28016	39927
28017	39928
28018	39929
28019	39931
28020	39931
28021	39932
28022	39935
28023	39936
28024	39939
28025	39939
28026	39940
28027	39943
28028	39944
28029	39945
28030	39946
28031	39947
28032	39947
28033	39947
28034	39949
28035	39950
28036	39950
28037	39951
28038	39952
28039	39952
28040	39953
28041	39954
28042	39956
28043	39957
28044	39959
28045	39960
28046	39961
28047	39962
28048	39962
28049	39963
28050	39964
28051	39965
28052	39966
28053	39969
28054	39970
28055	39973
28056	39974
28057	39975
28058	39976
28059	39976
28060	39977
28061	39978
28062	39979
28063	39981
28064	39982
28065	39983
28066	39983
28067	39984
28068	39985
28069	39985
28070	39985
28071	39988
28072	39989
28073	39990
28074	39991
28075	39992
28076	39993
28077	39995
28078	39995
28079	39996
28080	39997
28081	39998
28082	39999
28083	40000
28084	40001
28085	40001
28086	40002
28087	40002
28088	40003
28089	40006
28090	40006
28091	40007
28092	40008
28093	40009
28094	40010
28095	40013
28096	40014
28097	40015
28098	40016
28099	40016
28100	40016
28101	40019
28102	40020
28103	40023
28104	40023
28105	40024
28106	40024
28107	40025
28108	40026
28109	40027
28110	40029
28111	40030
28112	40031
28113	40033
28114	40033
28115	40034
28116	40037
28117	40038
28118	40038
28119	40039
28120	40040
28121	40041
28122	40042
28123	40045
28124	40046
28125	40047
28126	40048
28127	40049
28128	40050
28129	40050
28130	40050
28131	40051
28132	40052
28133	40053
28134	40056
28135	40057
28136	40058
28137	40059
28138	40060
28139	40060
28140	40060
28141	40062
28142	40063
28143	40064
28144	40065
28145	40067
28146	40070
28147	40070
28148	40071
28149	40072
28150	40072
28151	40073
28152	40074
28153	40074
28154	40074
28155	40075
28156	40076
28157	40077
28158	40077
28159	40078
28160	40081
28161	40082
28162	40082
28163	40083
28164	40084
28165	40085
28166	40086
28167	40088
28168	40089
28169	40090
28170	40092
28171	40093
28172	40094
28173	40094
28174	40095
28175	40096
28176	40096
28177	40096
28178	40096
28179	40096
28180	40097
28181	40099
28182	40102
28183	40103
28184	40104
28185	40104
28186	40105
28187	40106
28188	40107
28189	40108
28190	40111
28191	40112
28192	40113
28193	40113
28194	40114
28195	40115
28196	40116
28197	40119
28198	40120
28199	40120
28200	40121
28201	40121
28202	40122
28203	40122
28204	40123
28205	40126
28206	40127
28207	40128
28208	40129
28209	40130
28210	40130
28211	40130
28212	40131
28213	40132
28214	40133
28215	40134
28216	40137
28217	40138
28218	40139
28219	40139
28220	40140
28221	40141
28222	40142
28223	40142
28224	40144
28225	40145
28226	40148
28227	40149
28228	40150
28229	40151
28230	40152
28231	40153
28232	40154
28233	40155
28234	40157
28235	40159
28236	40160
28237	40161
28238	40162
28239	40162
28240	40163
28241	40164
28242	40164
28243	40165
28244	40166
28245	40166
28246	40168
28247	40170
28248	40171
28249	40174
28250	40175
28251	40175
28252	40176
28253	40177
28254	40177
28255	40178
28256	40179
28257	40180
28258	40183
28259	40186
28260	40187
28261	40188
28262	40189
28263	40190
28264	40193
28265	40194
28266	40195
28267	40196
28268	40196
28269	40197
28270	40198
28271	40199
28272	40201
28273	40202
28274	40203
28275	40204
28276	40205
28277	40206
28278	40208
28279	40209
28280	40209
28281	40210
28282	40211
28283	40212
28284	40213
28285	40214
28286	40214
28287	40216
28288	40216
28289	40217
28290	40219
28291	40222
28292	40223
28293	40224
28294	40225
28295	40228
28296	40230
28297	40231
28298	40231
28299	40232
28300	40233
28301	40234
28302	40235
28303	40235
28304	40236
28305	40237
28306	40238
28307	40239
28308	40240
28309	40241
28310	40242
28311	40243
28312	40243
28313	40245
28314	40246
28315	40247
28316	40249
28317	40250
28318	40251
28319	40252
28320	40253
28321	40254
28322	40255
28323	40255
28324	40256
28325	40257
28326	40257
28327	40258
28328	40259
28329	40260
28330	40261
28331	40264
28332	40265
28333	40266
28334	40267
28335	40267
28336	40268
28337	40269
28338	40270
28339	40272
28340	40273
28341	40274
28342	40277
28343	40278
28344	40278
28345	40281
28346	40281
28347	40282
28348	40283
28349	40283
28350	40283
28351	40285
28352	40285
28353	40286
28354	40287
28355	40288
28356	40289
28357	40290
28358	40293
28359	40294
28360	40295
28361	40296
28362	40297
28363	40297
28364	40297
28365	40297
28366	40298
28367	40299
28368	40300
28369	40301
28370	40302
28371	40304
28372	40305
28373	40306
28374	40306
28375	40307
28376	40308
28377	40309
28378	40310
28379	40311
28380	40312
28381	40313
28382	40314
28383	40315
28384	40316
28385	40317
28386	40318
28387	40319
28388	40320
28389	40321
28390	40322
28391	40323
28392	40326
28393	40327
28394	40328
28395	40330
28396	40331
28397	40331
28398	40332
28399	40333
28400	40334
28401	40337
28402	40338
28403	40339
28404	40341
28405	40344
28406	40345
28407	40345
28408	40346
28409	40349
28410	40350
28411	40351
28412	40352
28413	40352
28414	40353
28415	40354
28416	40354
28417	40355
28418	40358
28419	40359
28420	40362
28421	40363
28422	40364
28423	40364
28424	40365
28425	40366
28426	40367
28427	40368
28428	40369
28429	40370
28430	40371
28431	40373
28432	40374
28433	40376
28434	40378
28435	40379
28436	40380
28437	40383
28438	40383
28439	40385
28440	40386
28441	40389
28442	40390
28443	40391
28444	40391
28445	40392
28446	40393
28447	40394
28448	40394
28449	40396
28450	40396
28451	40397
28452	40400
28453	40401
28454	40404
28455	40405
28456	40406
28457	40406
28458	40407
28459	40407
28460	40409
28461	40410
28462	40411
28463	40412
28464	40413
28465	40414
28466	40415
28467	40416
28468	40416
28469	40416
28470	40417
28471	40418
28472	40421
28473	40421
28474	40421
28475	40424
28476	40425
28477	40425
28478	40426
28479	40427
28480	40428
28481	40428
28482	40429
28483	40430
28484	40431
28485	40431
28486	40432
28487	40433
28488	40434
28489	40435
28490	40438
28491	40441
28492	40442
28493	40443
28494	40446
28495	40449
28496	40450
28497	40451
28498	40452
28499	40455
28500	40456
28501	40457
28502	40460
28503	40461
28504	40462
28505	40463
28506	40464
28507	40465
28508	40465
28509	40467
28510	40468
28511	40469
28512	40470
28513	40471
28514	40473
28515	40474
28516	40474
28517	40475
28518	40477
28519	40479
28520	40480
28521	40481
28522	40481
28523	40482
28524	40483
28525	40486
28526	40486
28527	40488
28528	40488
28529	40488
28530	40490
28531	40491
28532	40491
28533	40492
28534	40492
28535	40493
28536	40493
28537	40493
28538	40495
28539	40496
28540	40497
28541	40498
28542	40499
28543	40500
28544	40501
28545	40501
28546	40502
28547	40505
28548	40505
28549	40506
28550	40507
28551	40508
28552	40508
28553	40509
28554	40511
28555	40514
28556	40517
28557	40518
28558	40519
28559	40520
28560	40521
28561	40522
28562	40523
28563	40526
28564	40527
28565	40528
28566	40529
28567	40530
28568	40531
28569	40532
28570	40533
28571	40534
28572	40535
28573	40536
28574	40537
28575	40538
28576	40539
28577	40539
28578	40540
28579	40542
28580	40542
28581	40543
28582	40544
28583	40546
28584	40548
28585	40549
28586	40550
28587	40551
28588	40552
28589	40555
28590	40556
28591	40557
28592	40558
28593	40558
28594	40561
28595	40562
28596	40563
28597	40564
28598	40564
28599	40565
28600	40566
28601	40567
28602	40569
28603	40572
28604	40573
28605	40574
28606	40575
28607	40576
28608	40577
28609	40578
28610	40580
28611	40581
28612	40582
28613	40583
28614	40583
28615	40584
28616	40587
28617	40588
28618	40589
28619	40590
28620	40591
28621	40592
28622	40595
28623	40596
28624	40598
28625	40598
28626	40599
28627	40599
28628	40600
28629	40601
28630	40601
28631	40601
28632	40602
28633	40603
28634	40604
28635	40605
28636	40606
28637	40607
28638	40608
28639	40609
28640	40610
28641	40611
28642	40612
28643	40612
28644	40613
28645	40616
28646	40617
28647	40620
28648	40621
28649	40621
28650	40622
28651	40623
28652	40624
28653	40625
28654	40628
28655	40629
28656	40630
28657	40631
28658	40632
28659	40632
28660	40635
28661	40636
28662	40637
28663	40638
28664	40641
28665	40642
28666	40643
28667	40644
28668	40644
28669	40644
28670	40644
28671	40645
28672	40645
28673	40647
28674	40647
28675	40648
28676	40648
28677	40648
28678	40649
28679	40652
28680	40652
28681	40653
28682	40653
28683	40654
28684	40655
28685	40656
28686	40657
28687	40660
28688	40661
28689	40662
28690	40665
28691	40666
28692	40668
28693	40669
28694	40671
28695	40671
28696	40672
28697	40675
28698	40676
28699	40679
28700	40680
28701	40681
28702	40682
28703	40682
28704	40682
28705	40683
28706	40684
28707	40685
28708	40686
28709	40686
28710	40687
28711	40687
28712	40689
28713	40690
28714	40691
28715	40691
28716	40692
28717	40693
28718	40694
28719	40697
28720	40698
28721	40699
28722	40700
28723	40700
28724	40701
28725	40702
28726	40703
28727	40703
28728	40704
28729	40704
28730	40704
28731	40704
28732	40707
28733	40708
28734	40709
28735	40710
28736	40710
28737	40711
28738	40712
28739	40715
28740	40716
28741	40717
28742	40718
28743	40719
28744	40720
28745	40722
28746	40724
28747	40725
28748	40726
28749	40728
28750	40729
28751	40729
28752	40731
28753	40732
28754	40733
28755	40733
28756	40734
28757	40734
28758	40734
28759	40735
28760	40738
28761	40739
28762	40740
28763	40740
28764	40741
28765	40742
28766	40742
28767	40743
28768	40745
28769	40746
28770	40747
28771	40748
28772	40749
28773	40752
28774	40755
28775	40755
28776	40755
28777	40756
28778	40757
28779	40759
28780	40760
28781	40761
28782	40761
28783	40764
28784	40765
28785	40766
28786	40767
28787	40768
28788	40768
28789	40769
28790	40772
28791	40773
28792	40774
28793	40777
28794	40780
28795	40781
28796	40782
28797	40783
28798	40784
28799	40785
28800	40786
28801	40787
28802	40789
28803	40790
28804	40793
28805	40794
28806	40795
28807	40798
28808	40801
28809	40802
28810	40803
28811	40803
28812	40804
28813	40805
28814	40805
28815	40805
28816	40807
28817	40808
28818	40808
28819	40809
28820	40810
28821	40811
28822	40812
28823	40815
28824	40816
28825	40817
28826	40818
28827	40819
28828	40820
28829	40821
28830	40824
28831	40824
28832	40825
28833	40826
28834	40827
28835	40828
28836	40829
28837	40830
28838	40832
28839	40833
28840	40835
28841	40835
28842	40836
28843	40838
28844	40839
28845	40840
28846	40841
28847	40842
28848	40843
28849	40844
28850	40845
28851	40846
28852	40847
28853	40849
28854	40849
28855	40850
28856	40852
28857	40854
28858	40854
28859	40855
28860	40857
28861	40858
28862	40859
28863	40862
28864	40863
28865	40866
28866	40867
28867	40868
28868	40869
28869	40870
28870	40871
28871	40871
28872	40872
28873	40873
28874	40873
28875	40873
28876	40873
28877	40874
28878	40875
28879	40878
28880	40879
28881	40880
28882	40880
28883	40881
28884	40882
28885	40885
28886	40886
28887	40886
28888	40886
28889	40887
28890	40888
28891	40889
28892	40890
28893	40891
28894	40892
28895	40893
28896	40894
28897	40895
28898	40896
28899	40897
28900	40898
28901	40898
28902	40898
28903	40898
28904	40898
28905	40901
28906	40902
28907	40903
28908	40904
28909	40905
28910	40906
28911	40907
28912	40909
28913	40910
28914	40911
28915	40914
28916	40915
28917	40917
28918	40918
28919	40919
28920	40920
28921	40920
28922	40921
28923	40922
28924	40923
28925	40924
28926	40925
28927	40926
28928	40927
28929	40930
28930	40931
28931	40932
28932	40933
28933	40935
28934	40936
28935	40938
28936	40939
28937	40940
28938	40942
28939	40942
28940	40943
28941	40944
28942	40944
28943	40944
28944	40946
28945	40947
28946	40949
28947	40950
28948	40950
28949	40950
28950	40950
28951	40951
28952	40952
28953	40953
28954	40954
28955	40955
28956	40956
28957	40957
28958	40958
28959	40960
28960	40961
28961	40962
28962	40964
28963	40965
28964	40966
28965	40969
28966	40971
28967	40972
28968	40973
28969	40975
28970	40976
28971	40976
28972	40977
28973	40977
28974	40977
28975	40978
28976	40980
28977	40981
28978	40982
28979	40982
28980	40983
28981	40984
28982	40985
28983	40986
28984	40986
28985	40988
28986	40988
28987	40990
28988	40991
28989	40992
28990	40994
28991	40994
28992	40997
28993	40997
28994	40998
28995	40999
28996	41000
28997	41001
28998	41001
28999	41001
29000	41002
29001	41003
29002	41003
29003	41003
29004	41004
29005	41004
29006	41006
29007	41009
29008	41010
29009	41011
29010	41012
29011	41013
29012	41014
29013	41015
29014	41016
29015	41016
29016	41019
29017	41019
29018	41020
29019	41021
29020	41021
29021	41022
29022	41023
29023	41024
29024	41026
29025	41027
29026	41028
29027	41030
29028	41031
29029	41032
29030	41033
29031	41033
29032	41034
29033	41035
29034	41036
29035	41037
29036	41038
29037	41039
29038	41039
29039	41040
29040	41043
29041	41044
29042	41046
29043	41047
29044	41048
29045	41051
29046	41052
29047	41055
29048	41056
29049	41057
29050	41058
29051	41059
29052	41060
29053	41060
29054	41061
29055	41062
29056	41062
29057	41063
29058	41064
29059	41067
29060	41068
29061	41069
29062	41069
29063	41069
29064	41070
29065	41073
29066	41074
29067	41075
29068	41078
29069	41080
29070	41081
29071	41081
29072	41081
29073	41082
29074	41083
29075	41084
29076	41085
29077	41087
29078	41090
29079	41091
29080	41092
29081	41095
29082	41096
29083	41097
29084	41098
29085	41099
29086	41099
29087	41099
29088	41100
29089	41103
29090	41104
29091	41105
29092	41106
29093	41107
29094	41107
29095	41109
29096	41110
29097	41111
29098	41112
29099	41114
29100	41116
29101	41117
29102	41118
29103	41118
29104	41119
29105	41119
29106	41120
29107	41121
29108	41121
29109	41123
29110	41124
29111	41125
29112	41127
29113	41130
29114	41130
29115	41131
29116	41134
29117	41135
29118	41135
29119	41136
29120	41136
29121	41139
29122	41139
29123	41141
29124	41141
29125	41142
29126	41144
29127	41144
29128	41145
29129	41145
29130	41148
29131	41148
29132	41149
29133	41150
29134	41150
29135	41151
29136	41152
29137	41153
29138	41154
29139	41155
29140	41157
29141	41157
29142	41157
29143	41157
29144	41157
29145	41158
29146	41159
29147	41159
29148	41160
29149	41160
29150	41161
29151	41162
29152	41163
29153	41166
29154	41167
29155	41168
29156	41169
29157	41172
29158	41173
29159	41174
29160	41175
29161	41175
29162	41176
29163	41177
29164	41177
29165	41178
29166	41179
29167	41182
29168	41183
29169	41185
29170	41186
29171	41186
29172	41189
29173	41190
29174	41193
29175	41196
29176	41197
29177	41198
29178	41199
29179	41200
29180	41200
29181	41200
29182	41201
29183	41202
29184	41204
29185	41207
29186	41208
29187	41209
29188	41212
29189	41213
29190	41214
29191	41215
29192	41216
29193	41217
29194	41217
29195	41218
29196	41221
29197	41222
29198	41222
29199	41223
29200	41223
29201	41224
29202	41225
29203	41226
29204	41229
29205	41230
29206	41230
29207	41230
29208	41230
29209	41230
29210	41231
29211	41232
29212	41233
29213	41234
29214	41234
29215	41235
29216	41236
29217	41237
29218	41238
29219	41239
29220	41242
29221	41243
29222	41246
29223	41247
29224	41248
29225	41249
29226	41250
29227	41251
29228	41252
29229	41253
29230	41254
29231	41255
29232	41256
29233	41257
29234	41258
29235	41260
29236	41261
29237	41263
29238	41264
29239	41265
29240	41267
29241	41269
29242	41269
29243	41270
29244	41273
29245	41273
29246	41274
29247	41274
29248	41276
29249	41277
29250	41278
29251	41279
29252	41280
29253	41281
29254	41281
29255	41282
29256	41282
29257	41283
29258	41286
29259	41288
29260	41289
29261	41290
29262	41291
29263	41292
29264	41293
29265	41294
29266	41294
29267	41295
29268	41296
29269	41299
29270	41300
29271	41301
29272	41304
29273	41305
29274	41306
29275	41307
29276	41310
29277	41311
29278	41312
29279	41313
29280	41314
29281	41315
29282	41315
29283	41316
29284	41317
29285	41317
29286	41318
29287	41319
29288	41322
29289	41322
29290	41324
29291	41325
29292	41326
29293	41327
29294	41328
29295	41331
29296	41331
29297	41331
29298	41331
29299	41331
29300	41332
29301	41333
29302	41335
29303	41335
29304	41335
29305	41336
29306	41337
29307	41338
29308	41338
29309	41338
29310	41338
29311	41338
29312	41338
29313	41340
29314	41340
29315	41341
29316	41342
29317	41342
29318	41342
29319	41344
29320	41345
29321	41346
29322	41347
29323	41350
29324	41351
29325	41352
29326	41353
29327	41353
29328	41353
29329	41356
29330	41356
29331	41356
29332	41357
29333	41358
29334	41359
29335	41360
29336	41363
29337	41364
29338	41367
29339	41368
29340	41368
29341	41368
29342	41369
29343	41372
29344	41373
29345	41376
29346	41377
29347	41378
29348	41381
29349	41384
29350	41385
29351	41386
29352	41387
29353	41388
29354	41389
29355	41389
29356	41389
29357	41390
29358	41391
29359	41391
29360	41394
29361	41394
29362	41395
29363	41396
29364	41397
29365	41398
29366	41401
29367	41402
29368	41403
29369	41404
29370	41404
29371	41405
29372	41406
29373	41407
29374	41408
29375	41409
29376	41410
29377	41412
29378	41412
29379	41413
29380	41413
29381	41414
29382	41414
29383	41415
29384	41417
29385	41418
29386	41420
29387	41421
29388	41421
29389	41423
29390	41425
29391	41426
29392	41428
29393	41429
29394	41429
29395	41430
29396	41431
29397	41432
29398	41433
29399	41436
29400	41437
29401	41440
29402	41441
29403	41442
29404	41443
29405	41444
29406	41445
29407	41446
29408	41446
29409	41447
29410	41448
29411	41448
29412	41448
29413	41450
29414	41451
29415	41452
29416	41454
29417	41457
29418	41458
29419	41460
29420	41460
29421	41461
29422	41462
29423	41462
29424	41464
29425	41465
29426	41468
29427	41469
29428	41470
29429	41472
29430	41475
29431	41475
29432	41475
29433	41476
29434	41477
29435	41477
29436	41477
29437	41477
29438	41480
29439	41481
29440	41482
29441	41483
29442	41486
29443	41489
29444	41489
29445	41490
29446	41492
29447	41493
29448	41494
29449	41495
29450	41495
29451	41496
29452	41497
29453	41497
29454	41498
29455	41499
29456	41500
29457	41502
29458	41505
29459	41506
29460	41507
29461	41508
29462	41509
29463	41510
29464	41511
29465	41512
29466	41513
29467	41514
29468	41517
29469	41518
29470	41520
29471	41521
29472	41522
29473	41525
29474	41527
29475	41528
29476	41528
29477	41528
29478	41529
29479	41529
29480	41530
29481	41531
29482	41532
29483	41535
29484	41536
29485	41537
29486	41538
29487	41539
29488	41540
29489	41540
29490	41541
29491	41542
29492	41543
29493	41544
29494	41545
29495	41547
29496	41550
29497	41551
29498	41552
29499	41552
29500	41553
29501	41554
29502	41554
29503	41554
29504	41556
29505	41557
29506	41559
29507	41560
29508	41561
29509	41562
29510	41563
29511	41563
29512	41563
29513	41564
29514	41565
29515	41565
29516	41566
29517	41567
29518	41568
29519	41569
29520	41569
29521	41569
29522	41570
29523	41571
29524	41571
29525	41574
29526	41574
29527	41574
29528	41575
29529	41576
29530	41577
29531	41577
29532	41578
29533	41578
29534	41579
29535	41580
29536	41580
29537	41580
29538	41583
29539	41583
29540	41583
29541	41584
29542	41585
29543	41586
29544	41587
29545	41588
29546	41589
29547	41589
29548	41592
29549	41593
29550	41594
29551	41594
29552	41594
29553	41595
29554	41598
29555	41599
29556	41600
29557	41601
29558	41602
29559	41603
29560	41603
29561	41604
29562	41604
29563	41605
29564	41606
29565	41607
29566	41608
29567	41609
29568	41610
29569	41611
29570	41613
29571	41615
29572	41616
29573	41617
29574	41617
29575	41617
29576	41618
29577	41619
29578	41620
29579	41621
29580	41622
29581	41622
29582	41623
29583	41624
29584	41625
29585	41628
29586	41629
29587	41629
29588	41630
29589	41631
29590	41633
29591	41634
29592	41636
29593	41636
29594	41637
29595	41637
29596	41638
29597	41638
29598	41639
29599	41639
29600	41639
29601	41639
29602	41640
29603	41641
29604	41642
29605	41645
29606	41646
29607	41646
29608	41649
29609	41650
29610	41651
29611	41653
29612	41654
29613	41655
29614	41658
29615	41659
29616	41660
29617	41663
29618	41663
29619	41664
29620	41665
29621	41666
29622	41667
29623	41667
29624	41668
29625	41669
29626	41669
29627	41669
29628	41671
29629	41671
29630	41672
29631	41672
29632	41674
29633	41674
29634	41677
29635	41678
29636	41678
29637	41679
29638	41680
29639	41681
29640	41682
29641	41683
29642	41686
29643	41687
29644	41688
29645	41688
29646	41689
29647	41689
29648	41690
29649	41691
29650	41692
29651	41693
29652	41694
29653	41695
29654	41698
29655	41699
29656	41700
29657	41700
29658	41701
29659	41702
29660	41703
29661	41704
29662	41705
29663	41705
29664	41706
29665	41707
29666	41707
29667	41709
29668	41710
29669	41712
29670	41713
29671	41713
29672	41714
29673	41714
29674	41715
29675	41716
29676	41717
29677	41717
29678	41719
29679	41720
29680	41720
29681	41723
29682	41725
29683	41725
29684	41726
29685	41727
29686	41728
29687	41729
29688	41729
29689	41729
29690	41730
29691	41731
29692	41732
29693	41733
29694	41734
29695	41734
29696	41735
29697	41737
29698	41739
29699	41739
29700	41739
29701	41740
29702	41741
29703	41742
29704	41745
29705	41746
29706	41749
29707	41750
29708	41751
29709	41752
29710	41752
29711	41753
29712	41754
29713	41755
29714	41756
29715	41758
29716	41760
29717	41761
29718	41762
29719	41765
29720	41766
29721	41767
29722	41768
29723	41769
29724	41770
29725	41771
29726	41772
29727	41775
29728	41778
29729	41779
29730	41780
29731	41781
29732	41782
29733	41782
29734	41784
29735	41785
29736	41786
29737	41787
29738	41787
29739	41788
29740	41789
29741	41790
29742	41792
29743	41792
29744	41792
29745	41793
29746	41795
29747	41797
29748	41798
29749	41799
29750	41802
29751	41803
29752	41803
29753	41805
29754	41806
29755	41808
29756	41809
29757	41810
29758	41813
29759	41814
29760	41816
29761	41816
29762	41816
29763	41817
29764	41820
29765	41821
29766	41822
29767	41825
29768	41825
29769	41826
29770	41826
29771	41827
29772	41828
29773	41829
29774	41829
29775	41829
29776	41830
29777	41830
29778	41830
29779	41831
29780	41832
29781	41833
29782	41834
29783	41836
29784	41837
29785	41837
29786	41837
29787	41838
29788	41841
29789	41842
29790	41844
29791	41845
29792	41846
29793	41846
29794	41847
29795	41848
29796	41848
29797	41849
29798	41850
29799	41850
29800	41852
29801	41853
29802	41854
29803	41855
29804	41856
29805	41857
29806	41858
29807	41860
29808	41861
29809	41862
29810	41862
29811	41863
29812	41864
29813	41864
29814	41865
29815	41866
29816	41867
29817	41867
29818	41869
29819	41870
29820	41871
29821	41872
29822	41873
29823	41874
29824	41877
29825	41878
29826	41881
29827	41882
29828	41883
29829	41884
29830	41884
29831	41884
29832	41885
29833	41886
29834	41886
29835	41887
29836	41888
29837	41888
29838	41888
29839	41889
29840	41890
29841	41892
29842	41893
29843	41896
29844	41897
29845	41898
29846	41898
29847	41899
29848	41899
29849	41900
29850	41902
29851	41903
29852	41905
29853	41906
29854	41907
29855	41907
29856	41907
29857	41908
29858	41909
29859	41912
29860	41913
29861	41913
29862	41914
29863	41915
29864	41916
29865	41916
29866	41918
29867	41918
29868	41918
29869	41918
29870	41918
29871	41921
29872	41922
29873	41922
29874	41922
29875	41923
29876	41924
29877	41925
29878	41927
29879	41928
29880	41931
29881	41932
29882	41933
29883	41936
29884	41936
29885	41937
29886	41938
29887	41939
29888	41940
29889	41941
29890	41944
29891	41945
29892	41946
29893	41947
29894	41948
29895	41949
29896	41950
29897	41951
29898	41953
29899	41954
29900	41955
29901	41956
29902	41957
29903	41958
29904	41958
29905	41959
29906	41960
29907	41961
29908	41961
29909	41962
29910	41963
29911	41964
29912	41964
29913	41966
29914	41967
29915	41968
29916	41970
29917	41972
29918	41973
29919	41973
29920	41973
29921	41974
29922	41975
29923	41975
29924	41976
29925	41977
29926	41978
29927	41979
29928	41979
29929	41980
29930	41982
29931	41985
29932	41986
29933	41989
29934	41990
29935	41991
29936	41992
29937	41995
29938	41996
29939	41997
29940	41998
29941	41998
29942	41999
29943	42000
29944	42000
29945	42001
29946	42004
29947	42005
29948	42005
29949	42005
29950	42005
29951	42006
29952	42007
29953	42009
29954	42009
29955	42009
29956	42010
29957	42013
29958	42013
29959	42014
29960	42015
29961	42017
29962	42018
29963	42021
29964	42022
29965	42022
29966	42023
29967	42023
29968	42023
29969	42023
29970	42024
29971	42025
29972	42028
29973	42029
29974	42031
29975	42031
29976	42031
29977	42031
29978	42032
29979	42032
29980	42033
29981	42034
29982	42035
29983	42036
29984	42037
29985	42038
29986	42040
29987	42040
29988	42043
29989	42044
29990	42045
29991	42047
29992	42048
29993	42051
29994	42052
29995	42055
29996	42056
29997	42057
29998	42058
29999	42059
30000	42060
30001	42060
30002	42060
30003	42061
30004	42062
30005	42063
30006	42064
30007	42066
30008	42067
30009	42068
30010	42069
30011	42072
30012	42073
30013	42076
30014	42077
30015	42077
30016	42078
30017	42078
30018	42079
30019	42080
30020	42082
30021	42082
30022	42082
30023	42084
30024	42084
30025	42084
30026	42085
30027	42086
30028	42086
30029	42086
30030	42087
30031	42090
30032	42091
30033	42092
30034	42095
30035	42096
30036	42097
30037	42098
30038	42098
30039	42098
30040	42098
30041	42101
30042	42104
30043	42105
30044	42107
30045	42108
30046	42109
30047	42110
30048	42110
30049	42113
30050	42114
30051	42115
30052	42115
30053	42116
30054	42116
30055	42119
30056	42120
30057	42123
30058	42124
30059	42125
30060	42125
30061	42126
30062	42127
30063	42128
30064	42128
30065	42130
30066	42130
30067	42132
30068	42133
30069	42134
30070	42136
30071	42137
30072	42137
30073	42137
30074	42137
30075	42138
30076	42138
30077	42139
30078	42140
30079	42142
30080	42143
30081	42146
30082	42146
30083	42147
30084	42148
30085	42149
30086	42150
30087	42150
30088	42151
30089	42152
30090	42153
30091	42153
30092	42154
30093	42157
30094	42158
30095	42159
30096	42159
30097	42160
30098	42161
30099	42161
30100	42162
30101	42164
30102	42164
30103	42165
30104	42165
30105	42166
30106	42168
30107	42168
30108	42169
30109	42171
30110	42174
30111	42174
30112	42174
30113	42174
30114	42174
30115	42174
30116	42175
30117	42177
30118	42177
30119	42178
30120	42181
30121	42182
30122	42185
30123	42185
30124	42186
30125	42187
30126	42188
30127	42188
30128	42189
30129	42192
30130	42193
30131	42194
30132	42195
30133	42196
30134	42197
30135	42198
30136	42199
30137	42201
30138	42201
30139	42202
30140	42203
30141	42204
30142	42205
30143	42206
30144	42207
30145	42208
30146	42209
30147	42210
30148	42211
30149	42214
30150	42217
30151	42218
30152	42218
30153	42220
30154	42221
30155	42221
30156	42222
30157	42223
30158	42224
30159	42225
30160	42226
30161	42226
30162	42227
30163	42230
30164	42230
30165	42230
30166	42231
30167	42231
30168	42232
30169	42233
30170	42234
30171	42237
30172	42238
30173	42238
30174	42239
30175	42239
30176	42241
30177	42242
30178	42243
30179	42243
30180	42244
30181	42245
30182	42245
30183	42246
30184	42246
30185	42247
30186	42248
30187	42250
30188	42250
30189	42251
30190	42253
30191	42255
30192	42256
30193	42257
30194	42257
30195	42258
30196	42259
30197	42260
30198	42261
30199	42264
30200	42264
30201	42265
30202	42265
30203	42265
30204	42266
30205	42269
30206	42270
30207	42273
30208	42273
30209	42274
30210	42274
30211	42274
30212	42275
30213	42276
30214	42279
30215	42282
30216	42282
30217	42285
30218	42285
30219	42285
30220	42285
30221	42286
30222	42287
30223	42287
30224	42288
30225	42288
30226	42291
30227	42292
30228	42292
30229	42292
30230	42293
30231	42293
30232	42294
30233	42294
30234	42295
30235	42297
30236	42298
30237	42300
30238	42301
30239	42304
30240	42304
30241	42305
30242	42305
30243	42306
30244	42307
30245	42310
30246	42311
30247	42312
30248	42315
30249	42316
30250	42317
30251	42318
30252	42319
30253	42320
30254	42320
30255	42320
30256	42323
30257	42323
30258	42323
30259	42326
30260	42327
30261	42327
30262	42328
30263	42328
30264	42329
30265	42330
30266	42332
30267	42333
30268	42334
30269	42335
30270	42338
30271	42339
30272	42339
30273	42340
30274	42341
30275	42342
30276	42345
30277	42345
30278	42346
30279	42347
30280	42347
30281	42348
30282	42349
30283	42350
30284	42351
30285	42353
30286	42356
30287	42357
30288	42358
30289	42358
30290	42359
30291	42360
30292	42360
30293	42360
30294	42361
30295	42362
30296	42362
30297	42365
30298	42366
30299	42369
30300	42369
30301	42372
30302	42373
30303	42374
30304	42375
30305	42375
30306	42375
30307	42376
30308	42376
30309	42377
30310	42377
30311	42378
30312	42379
30313	42380
30314	42381
30315	42382
30316	42382
30317	42383
30318	42386
30319	42387
30320	42387
30321	42388
30322	42388
30323	42389
30324	42390
30325	42393
30326	42394
30327	42395
30328	42395
30329	42395
30330	42396
30331	42397
30332	42398
30333	42399
30334	42402
30335	42403
30336	42406
30337	42407
30338	42408
30339	42409
30340	42410
30341	42410
30342	42411
30343	42412
30344	42414
30345	42415
30346	42416
30347	42417
30348	42419
30349	42419
30350	42420
30351	42421
30352	42421
30353	42422
30354	42422
30355	42423
30356	42424
30357	42424
30358	42424
30359	42426
30360	42427
30361	42428
30362	42429
30363	42430
30364	42430
30365	42431
30366	42432
30367	42435
30368	42436
30369	42439
30370	42440
30371	42441
30372	42442
30373	42443
30374	42443
30375	42444
30376	42445
30377	42447
30378	42447
30379	42448
30380	42449
30381	42449
30382	42450
30383	42453
30384	42454
30385	42455
30386	42456
30387	42456
30388	42456
30389	42459
30390	42460
30391	42463
30392	42464
30393	42465
30394	42466
30395	42467
30396	42467
30397	42467
30398	42467
30399	42468
30400	42470
30401	42471
30402	42472
30403	42473
30404	42473
30405	42473
30406	42474
30407	42475
30408	42476
30409	42477
30410	42479
30411	42480
30412	42481
30413	42484
30414	42486
30415	42487
30416	42487
30417	42488
30418	42489
30419	42490
30420	42491
30421	42492
30422	42492
30423	42493
30424	42494
30425	42495
30426	42496
30427	42497
30428	42498
30429	42499
30430	42500
30431	42502
30432	42504
30433	42505
30434	42506
30435	42507
30436	42509
30437	42511
30438	42512
30439	42513
30440	42514
30441	42515
30442	42515
30443	42516
30444	42517
30445	42518
30446	42519
30447	42519
30448	42522
30449	42523
30450	42523
30451	42523
30452	42524
30453	42527
30454	42528
30455	42531
30456	42532
30457	42532
30458	42533
30459	42534
30460	42535
30461	42538
30462	42539
30463	42540
30464	42543
30465	42544
30466	42545
30467	42545
30468	42546
30469	42547
30470	42550
30471	42551
30472	42552
30473	42553
30474	42554
30475	42555
30476	42557
30477	42558
30478	42561
30479	42562
30480	42563
30481	42565
30482	42566
30483	42569
30484	42570
30485	42571
30486	42572
30487	42573
30488	42574
30489	42574
30490	42575
30491	42576
30492	42577
30493	42578
30494	42578
30495	42579
30496	42580
30497	42583
30498	42584
30499	42587
30500	42588
30501	42589
30502	42590
30503	42591
30504	42592
30505	42595
30506	42596
30507	42597
30508	42600
30509	42601
30510	42604
30511	42605
30512	42606
30513	42607
30514	42608
30515	42608
30516	42609
30517	42610
30518	42611
30519	42612
30520	42613
30521	42616
30522	42618
30523	42618
30524	42621
30525	42624
30526	42625
30527	42628
30528	42628
30529	42628
30530	42629
30531	42629
30532	42630
30533	42631
30534	42632
30535	42632
30536	42633
30537	42635
30538	42636
30539	42639
30540	42640
30541	42641
30542	42641
30543	42642
30544	42643
30545	42646
30546	42646
30547	42646
30548	42648
30549	42651
30550	42652
30551	42652
30552	42653
30553	42654
30554	42655
30555	42655
30556	42656
30557	42657
30558	42658
30559	42659
30560	42660
30561	42661
30562	42663
30563	42663
30564	42664
30565	42666
30566	42667
30567	42668
30568	42671
30569	42672
30570	42673
30571	42674
30572	42674
30573	42675
30574	42676
30575	42676
30576	42676
30577	42676
30578	42676
30579	42677
30580	42678
30581	42679
30582	42680
30583	42681
30584	42684
30585	42685
30586	42686
30587	42687
30588	42688
30589	42688
30590	42690
30591	42691
30592	42692
30593	42695
30594	42696
30595	42697
30596	42700
30597	42701
30598	42701
30599	42702
30600	42703
30601	42704
30602	42704
30603	42707
30604	42708
30605	42709
30606	42710
30607	42711
30608	42713
30609	42714
30610	42717
30611	42718
30612	42718
30613	42719
30614	42720
30615	42723
30616	42724
30617	42726
30618	42727
30619	42728
30620	42729
30621	42730
30622	42731
30623	42732
30624	42733
30625	42734
30626	42737
30627	42738
30628	42738
30629	42738
30630	42740
30631	42743
30632	42744
30633	42745
30634	42746
30635	42749
30636	42749
30637	42750
30638	42750
30639	42751
30640	42751
30641	42752
30642	42753
30643	42755
30644	42757
30645	42757
30646	42758
30647	42759
30648	42760
30649	42761
30650	42762
30651	42765
30652	42766
30653	42767
30654	42767
30655	42767
30656	42767
30657	42767
30658	42769
30659	42771
30660	42771
30661	42772
30662	42772
30663	42773
30664	42774
30665	42774
30666	42774
30667	42774
30668	42775
30669	42775
30670	42776
30671	42778
30672	42778
30673	42781
30674	42782
30675	42782
30676	42783
30677	42784
30678	42785
30679	42786
30680	42787
30681	42790
30682	42791
30683	42791
30684	42791
30685	42792
30686	42795
30687	42796
30688	42799
30689	42800
30690	42801
30691	42802
30692	42803
30693	42804
30694	42806
30695	42807
30696	42808
30697	42808
30698	42809
30699	42810
30700	42811
30701	42812
30702	42813
30703	42814
30704	42817
30705	42820
30706	42821
30707	42824
30708	42825
30709	42825
30710	42826
30711	42828
30712	42829
30713	42830
30714	42831
30715	42832
30716	42832
30717	42833
30718	42833
30719	42834
30720	42835
30721	42836
30722	42839
30723	42842
30724	42843
30725	42843
30726	42844
30727	42845
30728	42846
30729	42846
30730	42846
30731	42847
30732	42849
30733	42850
30734	42853
30735	42854
30736	42855
30737	42856
30738	42857
30739	42858
30740	42861
30741	42861
30742	42861
30743	42862
30744	42863
30745	42864
30746	42865
30747	42868
30748	42869
30749	42870
30750	42871
30751	42872
30752	42873
30753	42874
30754	42875
30755	42876
30756	42877
30757	42880
30758	42881
30759	42881
30760	42882
30761	42883
30762	42886
30763	42886
30764	42887
30765	42890
30766	42891
30767	42892
30768	42893
30769	42894
30770	42895
30771	42895
30772	42898
30773	42899
30774	42900
30775	42901
30776	42902
30777	42902
30778	42903
30779	42904
30780	42906
30781	42907
30782	42908
30783	42909
30784	42911
30785	42911
30786	42914
30787	42915
30788	42916
30789	42919
30790	42920
30791	42923
30792	42924
30793	42924
30794	42925
30795	42926
30796	42928
30797	42928
30798	42929
30799	42930
30800	42931
30801	42932
30802	42932
30803	42933
30804	42936
30805	42936
30806	42937
30807	42938
30808	42939
30809	42942
30810	42942
30811	42943
30812	42944
30813	42945
30814	42946
30815	42949
30816	42950
30817	42951
30818	42952
30819	42953
30820	42954
30821	42955
30822	42956
30823	42957
30824	42957
30825	42958
30826	42959
30827	42959
30828	42961
30829	42963
30830	42964
30831	42965
30832	42967
30833	42969
30834	42969
30835	42970
30836	42971
30837	42971
30838	42972
30839	42973
30840	42975
30841	42976
30842	42977
30843	42978
30844	42978
30845	42979
30846	42979
30847	42980
30848	42981
30849	42982
30850	42983
30851	42984
30852	42985
30853	42986
30854	42987
30855	42989
30856	42990
30857	42991
30858	42993
30859	42994
30860	42997
30861	42998
30862	42999
30863	43000
30864	43001
30865	43001
30866	43002
30867	43003
30868	43005
30869	43006
30870	43007
30871	43009
30872	43010
30873	43011
30874	43012
30875	43013
30876	43014
30877	43014
30878	43015
30879	43016
30880	43016
30881	43016
30882	43017
30883	43018
30884	43019
30885	43020
30886	43021
30887	43022
30888	43025
30889	43026
30890	43026
30891	43029
30892	43030
30893	43030
30894	43033
30895	43034
30896	43035
30897	43036
30898	43037
30899	43037
30900	43037
30901	43038
30902	43039
30903	43040
30904	43041
30905	43042
30906	43045
30907	43046
30908	43047
30909	43047
30910	43047
30911	43047
30912	43047
30913	43049
30914	43050
30915	43051
30916	43052
30917	43052
30918	43052
30919	43053
30920	43056
30921	43057
30922	43058
30923	43061
30924	43062
30925	43063
30926	43064
30927	43064
30928	43065
30929	43066
30930	43069
30931	43072
30932	43073
30933	43074
30934	43077
30935	43078
30936	43078
30937	43079
30938	43080
30939	43081
30940	43082
30941	43083
30942	43083
30943	43083
30944	43084
30945	43087
30946	43088
30947	43089
30948	43090
30949	43091
30950	43093
30951	43094
30952	43096
30953	43098
30954	43099
30955	43100
30956	43100
30957	43101
30958	43102
30959	43103
30960	43104
30961	43104
30962	43105
30963	43106
30964	43108
30965	43111
30966	43112
30967	43112
30968	43112
30969	43114
30970	43115
30971	43116
30972	43117
30973	43118
30974	43120
30975	43121
30976	43122
30977	43122
30978	43122
30979	43123
30980	43126
30981	43127
30982	43130
30983	43130
30984	43131
30985	43131
30986	43132
30987	43133
30988	43134
30989	43134
30990	43135
30991	43135
30992	43135
30993	43135
30994	43135
30995	43137
30996	43138
30997	43141
30998	43141
30999	43142
31000	43143
31001	43143
31002	43144
31003	43145
31004	43146
31005	43147
31006	43150
31007	43151
31008	43151
31009	43151
31010	43154
31011	43155
31012	43156
31013	43158
31014	43159
31015	43162
31016	43165
31017	43166
31018	43167
31019	43170
31020	43171
31021	43174
31022	43175
31023	43176
31024	43177
31025	43178
31026	43178
31027	43178
31028	43179
31029	43180
31030	43181
31031	43184
31032	43185
31033	43185
31034	43188
31035	43190
31036	43191
31037	43192
31038	43193
31039	43194
31040	43196
31041	43196
31042	43196
31043	43197
31044	43198
31045	43199
31046	43200
31047	43200
31048	43200
31049	43200
31050	43200
31051	43203
31052	43204
31053	43205
31054	43205
31055	43206
31056	43207
31057	43208
31058	43209
31059	43210
31060	43211
31061	43212
31062	43215
31063	43217
31064	43218
31065	43219
31066	43221
31067	43223
31068	43224
31069	43226
31070	43228
31071	43229
31072	43229
31073	43231
31074	43232
31075	43234
31076	43237
31077	43238
31078	43239
31079	43240
31080	43240
31081	43241
31082	43242
31083	43242
31084	43242
31085	43243
31086	43244
31087	43245
31088	43246
31089	43247
31090	43250
31091	43251
31092	43251
31093	43252
31094	43252
31095	43253
31096	43254
31097	43254
31098	43255
31099	43255
31100	43256
31101	43258
31102	43259
31103	43261
31104	43262
31105	43263
31106	43265
31107	43266
31108	43267
31109	43270
31110	43271
31111	43272
31112	43273
31113	43274
31114	43274
31115	43275
31116	43276
31117	43277
31118	43278
31119	43279
31120	43280
31121	43281
31122	43281
31123	43282
31124	43285
31125	43286
31126	43287
31127	43290
31128	43293
31129	43294
31130	43297
31131	43298
31132	43299
31133	43300
31134	43300
31135	43300
31136	43301
31137	43302
31138	43304
31139	43304
31140	43305
31141	43306
31142	43307
31143	43307
31144	43307
31145	43307
31146	43308
31147	43309
31148	43310
31149	43311
31150	43314
31151	43315
31152	43318
31153	43319
31154	43320
31155	43321
31156	43324
31157	43326
31158	43327
31159	43328
31160	43331
31161	43332
31162	43332
31163	43332
31164	43332
31165	43333
31166	43334
31167	43335
31168	43338
31169	43338
31170	43339
31171	43340
31172	43341
31173	43342
31174	43343
31175	43344
31176	43344
31177	43345
31178	43345
31179	43345
31180	43345
31181	43346
31182	43347
31183	43348
31184	43348
31185	43348
31186	43349
31187	43350
31188	43353
31189	43354
31190	43355
31191	43356
31192	43357
31193	43357
31194	43358
31195	43359
31196	43360
31197	43362
31198	43363
31199	43364
31200	43365
31201	43366
31202	43366
31203	43366
31204	43367
31205	43367
31206	43368
31207	43369
31208	43370
31209	43370
31210	43371
31211	43373
31212	43374
31213	43375
31214	43376
31215	43378
31216	43379
31217	43380
31218	43381
31219	43382
31220	43382
31221	43382
31222	43383
31223	43384
31224	43387
31225	43388
31226	43389
31227	43390
31228	43391
31229	43392
31230	43393
31231	43394
31232	43395
31233	43396
31234	43397
31235	43397
31236	43398
31237	43401
31238	43402
31239	43403
31240	43404
31241	43405
31242	43406
31243	43407
31244	43410
31245	43411
31246	43412
31247	43412
31248	43413
31249	43414
31250	43415
31251	43417
31252	43418
31253	43419
31254	43419
31255	43420
31256	43420
31257	43421
31258	43422
31259	43422
31260	43422
31261	43423
31262	43425
31263	43426
31264	43427
31265	43427
31266	43430
31267	43431
31268	43432
31269	43433
31270	43435
31271	43435
31272	43436
31273	43439
31274	43439
31275	43440
31276	43440
31277	43440
31278	43441
31279	43442
31280	43443
31281	43444
31282	43445
31283	43448
31284	43449
31285	43449
31286	43451
31287	43452
31288	43453
31289	43454
31290	43454
31291	43455
31292	43455
31293	43456
31294	43456
31295	43457
31296	43458
31297	43459
31298	43459
31299	43460
31300	43461
31301	43464
31302	43465
31303	43466
31304	43469
31305	43472
31306	43473
31307	43474
31308	43475
31309	43475
31310	43475
31311	43476
31312	43476
31313	43476
31314	43477
31315	43478
31316	43479
31317	43482
31318	43482
31319	43484
31320	43485
31321	43485
31322	43486
31323	43489
31324	43490
31325	43491
31326	43492
31327	43493
31328	43494
31329	43494
31330	43496
31331	43497
31332	43497
31333	43498
31334	43499
31335	43500
31336	43501
31337	43501
31338	43504
31339	43505
31340	43507
31341	43508
31342	43508
31343	43509
31344	43510
31345	43511
31346	43512
31347	43513
31348	43515
31349	43516
31350	43516
31351	43516
31352	43518
31353	43520
31354	43521
31355	43522
31356	43523
31357	43524
31358	43524
31359	43525
31360	43525
31361	43526
31362	43529
31363	43530
31364	43532
31365	43533
31366	43534
31367	43534
31368	43535
31369	43536
31370	43537
31371	43538
31372	43539
31373	43540
31374	43540
31375	43542
31376	43543
31377	43544
31378	43547
31379	43548
31380	43548
31381	43550
31382	43551
31383	43552
31384	43553
31385	43554
31386	43555
31387	43556
31388	43559
31389	43560
31390	43562
31391	43563
31392	43564
31393	43565
31394	43566
31395	43566
31396	43567
31397	43570
31398	43571
31399	43572
31400	43573
31401	43573
31402	43574
31403	43575
31404	43577
31405	43580
31406	43581
31407	43582
31408	43583
31409	43583
31410	43584
31411	43584
31412	43584
31413	43586
31414	43587
31415	43588
31416	43589
31417	43591
31418	43592
31419	43592
31420	43593
31421	43594
31422	43597
31423	43597
31424	43598
31425	43599
31426	43599
31427	43599
31428	43602
31429	43602
31430	43605
31431	43606
31432	43609
31433	43610
31434	43610
31435	43610
31436	43611
31437	43611
31438	43612
31439	43613
31440	43614
31441	43615
31442	43615
31443	43615
31444	43615
31445	43616
31446	43616
31447	43617
31448	43618
31449	43621
31450	43622
31451	43623
31452	43624
31453	43627
31454	43627
31455	43628
31456	43629
31457	43629
31458	43630
31459	43633
31460	43634
31461	43634
31462	43634
31463	43634
31464	43635
31465	43635
31466	43636
31467	43639
31468	43640
31469	43641
31470	43642
31471	43642
31472	43642
31473	43643
31474	43644
31475	43645
31476	43647
31477	43647
31478	43648
31479	43650
31480	43651
31481	43651
31482	43652
31483	43653
31484	43653
31485	43654
31486	43655
31487	43656
31488	43656
31489	43656
31490	43659
31491	43660
31492	43662
31493	43663
31494	43666
31495	43667
31496	43668
31497	43669
31498	43669
31499	43669
31500	43670
31501	43670
31502	43671
31503	43673
31504	43674
31505	43675
31506	43676
31507	43676
31508	43677
31509	43677
31510	43678
31511	43678
31512	43678
31513	43679
31514	43680
31515	43680
31516	43682
31517	43683
31518	43683
31519	43684
31520	43685
31521	43686
31522	43689
31523	43690
31524	43691
31525	43691
31526	43692
31527	43693
31528	43696
31529	43697
31530	43698
31531	43699
31532	43700
31533	43700
31534	43700
31535	43702
31536	43703
31537	43704
31538	43707
31539	43709
31540	43710
31541	43710
31542	43710
31543	43711
31544	43712
31545	43712
31546	43713
31547	43714
31548	43714
31549	43715
31550	43716
31551	43716
31552	43717
31553	43718
31554	43719
31555	43720
31556	43721
31557	43722
31558	43723
31559	43724
31560	43726
31561	43727
31562	43728
31563	43729
31564	43730
31565	43730
31566	43732
31567	43733
31568	43734
31569	43734
31570	43735
31571	43735
31572	43736
31573	43737
31574	43738
31575	43738
31576	43741
31577	43742
31578	43742
31579	43742
31580	43745
31581	43745
31582	43745
31583	43747
31584	43747
31585	43748
31586	43748
31587	43749
31588	43752
31589	43752
31590	43753
31591	43754
31592	43754
31593	43755
31594	43756
31595	43757
31596	43758
31597	43760
31598	43760
31599	43761
31600	43763
31601	43764
31602	43765
31603	43766
31604	43767
31605	43770
31606	43771
31607	43772
31608	43773
31609	43773
31610	43774
31611	43774
31612	43775
31613	43776
31614	43777
31615	43778
31616	43778
31617	43779
31618	43781
31619	43782
31620	43783
31621	43786
31622	43787
31623	43788
31624	43791
31625	43791
31626	43792
31627	43793
31628	43793
31629	43793
31630	43794
31631	43795
31632	43796
31633	43799
31634	43799
31635	43800
31636	43801
31637	43801
31638	43804
31639	43805
31640	43807
31641	43808
31642	43809
31643	43810
31644	43810
31645	43811
31646	43812
31647	43813
31648	43814
31649	43815
31650	43818
31651	43819
31652	43820
31653	43822
31654	43823
31655	43824
31656	43827
31657	43828
31658	43828
31659	43829
31660	43829
31661	43830
31662	43831
31663	43834
31664	43835
31665	43835
31666	43837
31667	43840
31668	43841
31669	43841
31670	43842
31671	43843
31672	43846
31673	43847
31674	43847
31675	43848
31676	43848
31677	43849
31678	43849
31679	43850
31680	43852
31681	43853
31682	43854
31683	43855
31684	43857
31685	43858
31686	43859
31687	43862
31688	43863
31689	43866
31690	43867
31691	43868
31692	43869
31693	43870
31694	43871
31695	43872
31696	43872
31697	43873
31698	43874
31699	43877
31700	43878
31701	43880
31702	43880
31703	43881
31704	43884
31705	43885
31706	43887
31707	43888
31708	43889
31709	43889
31710	43890
31711	43891
31712	43891
31713	43891
31714	43894
31715	43895
31716	43896
31717	43899
31718	43900
31719	43903
31720	43904
31721	43904
31722	43907
31723	43908
31724	43909
31725	43910
31726	43911
31727	43912
31728	43912
31729	43912
31730	43913
31731	43914
31732	43915
31733	43918
31734	43919
31735	43919
31736	43919
31737	43920
31738	43921
31739	43923
31740	43923
31741	43924
31742	43927
31743	43930
31744	43930
31745	43930
31746	43931
31747	43932
31748	43933
31749	43934
31750	43934
31751	43935
31752	43937
31753	43938
31754	43940
31755	43941
31756	43941
31757	43941
31758	43941
31759	43942
31760	43942
31761	43942
31762	43943
31763	43946
31764	43949
31765	43949
31766	43949
31767	43949
31768	43951
31769	43952
31770	43953
31771	43953
31772	43953
31773	43953
31774	43954
31775	43955
31776	43956
31777	43958
31778	43959
31779	43959
31780	43960
31781	43961
31782	43961
31783	43962
31784	43963
31785	43964
31786	43964
31787	43965
31788	43967
31789	43967
31790	43970
31791	43970
31792	43971
31793	43972
31794	43973
31795	43974
31796	43977
31797	43978
31798	43979
31799	43980
31800	43981
31801	43982
31802	43985
31803	43986
31804	43987
31805	43988
31806	43989
31807	43990
31808	43991
31809	43992
31810	43993
31811	43994
31812	43997
31813	43998
31814	43999
31815	43999
31816	44002
31817	44002
31818	44003
31819	44004
31820	44007
31821	44008
31822	44009
31823	44010
31824	44011
31825	44011
31826	44012
31827	44015
31828	44016
31829	44016
31830	44016
31831	44017
31832	44018
31833	44019
31834	44020
31835	44021
31836	44022
31837	44023
31838	44024
31839	44026
31840	44027
31841	44029
31842	44029
31843	44030
31844	44030
31845	44031
31846	44034
31847	44035
31848	44036
31849	44036
31850	44036
31851	44036
31852	44036
31853	44036
31854	44038
31855	44040
31856	44040
31857	44041
31858	44041
31859	44042
31860	44043
31861	44043
31862	44044
31863	44044
31864	44044
31865	44044
31866	44045
31867	44047
31868	44047
31869	44050
31870	44051
31871	44051
31872	44052
31873	44053
31874	44054
31875	44055
31876	44056
31877	44059
31878	44060
31879	44060
31880	44060
31881	44061
31882	44064
31883	44065
31884	44068
31885	44069
31886	44070
31887	44071
31888	44072
31889	44073
31890	44075
31891	44076
31892	44077
31893	44077
31894	44078
31895	44079
31896	44080
31897	44081
31898	44084
31899	44085
31900	44086
31901	44089
31902	44090
31903	44090
31904	44090
31905	44091
31906	44092
31907	44092
31908	44092
31909	44093
31910	44094
31911	44095
31912	44098
31913	44101
31914	44102
31915	44103
31916	44106
31917	44107
31918	44108
31919	44109
31920	44110
31921	44111
31922	44111
31923	44114
31924	44115
31925	44116
31926	44117
31927	44118
31928	44118
31929	44120
31930	44122
31931	44123
31932	44124
31933	44126
31934	44127
31935	44128
31936	44129
31937	44130
31938	44130
31939	44131
31940	44132
31941	44134
31942	44137
31943	44138
31944	44139
31945	44139
31946	44141
31947	44141
31948	44141
31949	44142
31950	44143
31951	44143
31952	44146
31953	44147
31954	44148
31955	44149
31956	44150
31957	44151
31958	44153
31959	44154
31960	44157
31961	44157
31962	44158
31963	44159
31964	44159
31965	44160
31966	44161
31967	44161
31968	44162
31969	44162
31970	44162
31971	44165
31972	44166
31973	44167
31974	44170
31975	44171
31976	44174
31977	44175
31978	44175
31979	44176
31980	44176
31981	44178
31982	44179
31983	44179
31984	44180
31985	44180
31986	44181
31987	44182
31988	44183
31989	44186
31990	44187
31991	44190
31992	44191
31993	44191
31994	44192
31995	44193
31996	44194
31997	44194
31998	44195
31999	44196
32000	44199
32001	44200
32002	44201
32003	44202
32004	44203
32005	44204
32006	44205
32007	44206
32008	44207
32009	44208
32010	44209
32011	44209
32012	44209
32013	44211
32014	44212
32015	44214
32016	44215
32017	44217
32018	44219
32019	44219
32020	44219
32021	44220
32022	44221
32023	44222
32024	44223
32025	44225
32026	44226
32027	44227
32028	44230
32029	44231
32030	44233
32031	44234
32032	44235
32033	44236
32034	44237
32035	44237
32036	44238
32037	44239
32038	44240
32039	44241
32040	44242
32041	44243
32042	44243
32043	44245
32044	44246
32045	44247
32046	44248
32047	44249
32048	44249
32049	44249
32050	44250
32051	44251
32052	44252
32053	44253
32054	44254
32055	44256
32056	44257
32057	44258
32058	44259
32059	44259
32060	44260
32061	44261
32062	44262
32063	44263
32064	44264
32065	44265
32066	44266
32067	44269
32068	44269
32069	44270
32070	44270
32071	44273
32072	44273
32073	44273
32074	44276
32075	44277
32076	44278
32077	44279
32078	44280
32079	44281
32080	44281
32081	44281
32082	44282
32083	44282
32084	44283
32085	44284
32086	44285
32087	44286
32088	44287
32089	44287
32090	44288
32091	44289
32092	44289
32093	44289
32094	44289
32095	44289
32096	44291
32097	44292
32098	44293
32099	44294
32100	44294
32101	44295
32102	44295
32103	44295
32104	44296
32105	44299
32106	44299
32107	44301
32108	44302
32109	44302
32110	44303
32111	44303
32112	44304
32113	44305
32114	44306
32115	44307
32116	44309
32117	44310
32118	44313
32119	44314
32120	44314
32121	44315
32122	44318
32123	44319
32124	44321
32125	44324
32126	44325
32127	44326
32128	44329
32129	44330
32130	44333
32131	44334
32132	44335
32133	44336
32134	44337
32135	44337
32136	44337
32137	44339
32138	44340
32139	44341
32140	44342
32141	44343
32142	44345
32143	44345
32144	44345
32145	44346
32146	44346
32147	44347
32148	44348
32149	44351
32150	44352
32151	44352
32152	44355
32153	44355
32154	44355
32155	44355
32156	44355
32157	44356
32158	44357
32159	44357
32160	44358
32161	44359
32162	44360
32163	44360
32164	44361
32165	44362
32166	44363
32167	44364
32168	44365
32169	44365
32170	44367
32171	44367
32172	44369
32173	44369
32174	44370
32175	44372
32176	44372
32177	44374
32178	44375
32179	44375
32180	44376
32181	44377
32182	44378
32183	44379
32184	44382
32185	44383
32186	44383
32187	44383
32188	44384
32189	44385
32190	44385
32191	44386
32192	44386
32193	44387
32194	44388
32195	44390
32196	44391
32197	44393
32198	44394
32199	44395
32200	44396
32201	44398
32202	44399
32203	44402
32204	44403
32205	44404
32206	44405
32207	44406
32208	44407
32209	44407
32210	44409
32211	44410
32212	44411
32213	44413
32214	44416
32215	44417
32216	44417
32217	44419
32218	44420
32219	44421
32220	44421
32221	44422
32222	44422
32223	44423
32224	44426
32225	44426
32226	44427
32227	44428
32228	44431
32229	44434
32230	44435
32231	44436
32232	44439
32233	44440
32234	44441
32235	44442
32236	44443
32237	44443
32238	44443
32239	44445
32240	44445
32241	44445
32242	44446
32243	44447
32244	44448
32245	44449
32246	44452
32247	44452
32248	44453
32249	44454
32250	44454
32251	44455
32252	44456
32253	44457
32254	44458
32255	44459
32256	44462
32257	44462
32258	44463
32259	44464
32260	44467
32261	44469
32262	44469
32263	44470
32264	44473
32265	44473
32266	44474
32267	44475
32268	44476
32269	44477
32270	44477
32271	44478
32272	44479
32273	44480
32274	44483
32275	44484
32276	44484
32277	44485
32278	44486
32279	44486
32280	44486
32281	44486
32282	44486
32283	44486
32284	44487
32285	44487
32286	44487
32287	44487
32288	44488
32289	44489
32290	44489
32291	44491
32292	44492
32293	44493
32294	44494
32295	44495
32296	44495
32297	44495
32298	44496
32299	44497
32300	44500
32301	44501
32302	44502
32303	44503
32304	44504
32305	44505
32306	44505
32307	44506
32308	44507
32309	44508
32310	44508
32311	44509
32312	44510
32313	44511
32314	44511
32315	44513
32316	44514
32317	44515
32318	44517
32319	44518
32320	44519
32321	44520
32322	44520
32323	44520
32324	44521
32325	44522
32326	44522
32327	44525
32328	44526
32329	44527
32330	44528
32331	44529
32332	44530
32333	44531
32334	44532
32335	44533
32336	44534
32337	44534
32338	44535
32339	44536
32340	44537
32341	44538
32342	44541
32343	44542
32344	44543
32345	44543
32346	44544
32347	44545
32348	44546
32349	44547
32350	44548
32351	44548
32352	44549
32353	44551
32354	44552
32355	44553
32356	44554
32357	44554
32358	44555
32359	44555
32360	44556
32361	44557
32362	44558
32363	44559
32364	44562
32365	44563
32366	44564
32367	44564
32368	44565
32369	44567
32370	44568
32371	44569
32372	44569
32373	44570
32374	44571
32375	44571
32376	44572
32377	44572
32378	44572
32379	44572
32380	44574
32381	44575
32382	44575
32383	44576
32384	44578
32385	44579
32386	44582
32387	44585
32388	44586
32389	44586
32390	44586
32391	44587
32392	44588
32393	44588
32394	44589
32395	44590
32396	44591
32397	44592
32398	44595
32399	44596
32400	44597
32401	44597
32402	44598
32403	44599
32404	44599
32405	44600
32406	44603
32407	44604
32408	44605
32409	44608
32410	44610
32411	44610
32412	44611
32413	44612
32414	44613
32415	44614
32416	44615
32417	44615
32418	44618
32419	44618
32420	44619
32421	44620
32422	44621
32423	44622
32424	44623
32425	44624
32426	44626
32427	44627
32428	44627
32429	44629
32430	44630
32431	44631
32432	44632
32433	44632
32434	44634
32435	44636
32436	44637
32437	44638
32438	44638
32439	44639
32440	44640
32441	44640
32442	44642
32443	44643
32444	44643
32445	44643
32446	44644
32447	44647
32448	44648
32449	44649
32450	44650
32451	44651
32452	44651
32453	44652
32454	44655
32455	44656
32456	44658
32457	44659
32458	44659
32459	44659
32460	44660
32461	44661
32462	44662
32463	44663
32464	44664
32465	44664
32466	44665
32467	44667
32468	44668
32469	44668
32470	44670
32471	44671
32472	44674
32473	44675
32474	44676
32475	44677
32476	44679
32477	44680
32478	44681
32479	44682
32480	44683
32481	44684
32482	44687
32483	44688
32484	44689
32485	44692
32486	44693
32487	44694
32488	44695
32489	44697
32490	44699
32491	44701
32492	44703
32493	44705
32494	44707
32495	44709
32496	44711
32497	44713
32498	44715
32499	44717
32500	44718
32501	44720
32502	44722
32503	44724
32504	44726
32505	44728
32506	44729
32507	44730
32508	44732
32509	44734
32510	44736
32511	44737
32512	44739
32513	44741
32514	44743
32515	44745
32516	44747
32517	44748
32518	44750
32519	44751
32520	44753
32521	44755
32522	44757
32523	44758
32524	44760
32525	44762
32526	44763
32527	44765
32528	44767
32529	44768
32530	44768
32531	44770
32532	44772
32533	44773
32534	44775
32535	44777
32536	44778
32537	44780
32538	44782
32539	44784
32540	44785
32541	44786
32542	44787
32543	44788
32544	44789
32545	44791
32546	44792
32547	44793
32548	44795
32549	44796
32550	44798
32551	44798
32552	44800
32553	44802
32554	44804
32555	44806
32556	44808
32557	44810
32558	44812
32559	44814
32560	44816
32561	44818
32562	44819
32563	44821
32564	44823
32565	44825
32566	44826
32567	44828
32568	44829
32569	44831
32570	44833
32571	44834
32572	44836
32573	44837
32574	44838
32575	44840
32576	44842
32577	44844
32578	44846
32579	44848
32580	44850
32581	44851
32582	44852
32583	44854
32584	44855
32585	44857
32586	44859
32587	44861
32588	44863
32589	44865
32590	44867
32591	44869
32592	44871
32593	44873
32594	44874
32595	44876
32596	44877
32597	44878
32598	44880
32599	44882
32600	44883
32601	44885
32602	44886
32603	44888
32604	44889
32605	44891
32606	44892
32607	44894
32608	44895
32609	44897
32610	44899
32611	44901
32612	44902
32613	44903
32614	44905
32615	44907
32616	44909
32617	44911
32618	44913
32619	44914
32620	44916
32621	44918
32622	44920
32623	44921
32624	44923
32625	44925
32626	44926
32627	44928
32628	44930
32629	44931
32630	44933
32631	44934
32632	44936
32633	44938
32634	44939
32635	44941
32636	44942
32637	44943
32638	44945
32639	44947
32640	44949
32641	44950
32642	44952
32643	44953
32644	44954
32645	44956
32646	44957
32647	44959
32648	44961
32649	44962
32650	44964
32651	44966
32652	44968
32653	44970
32654	44972
32655	44974
32656	44976
32657	44977
32658	44978
32659	44980
32660	44982
32661	44984
32662	44985
32663	44987
32664	44987
32665	44989
32666	44991
32667	44992
32668	44994
32669	44996
32670	44998
32671	45000
32672	45002
32673	45003
32674	45005
32675	45007
32676	45009
32677	45011
32678	45013
32679	45015
32680	45017
32681	45019
32682	45020
32683	45022
32684	45023
32685	45025
32686	45027
32687	45029
32688	45031
32689	45032
32690	45034
32691	45036
32692	45038
32693	45040
32694	45042
32695	45044
32696	45045
32697	45046
32698	45048
32699	45049
32700	45051
32701	45052
32702	45054
32703	45055
32704	45057
32705	45058
32706	45060
32707	45062
32708	45063
32709	45065
32710	45067
32711	45069
32712	45071
32713	45072
32714	45074
32715	45076
32716	45078
32717	45080
32718	45082
32719	45083
32720	45085
32721	45086
32722	45088
32723	45090
32724	45091
32725	45092
32726	45094
32727	45094
32728	45096
32729	45097
32730	45098
32731	45100
32732	45102
32733	45103
32734	45104
32735	45104
32736	45105
32737	45106
32738	45108
32739	45110
32740	45111
32741	45111
32742	45112
32743	45114
32744	45116
32745	45118
32746	45120
32747	45121
32748	45122
32749	45124
32750	45125
32751	45127
32752	45129
32753	45129
32754	45130
32755	45131
32756	45132
32757	45134
32758	45135
32759	45136
32760	45137
32761	45139
32762	45140
32763	45142
32764	45143
32765	45145
32766	45147
32767	45149
32768	45150
32769	45151
32770	45152
32771	45153
32772	45155
32773	45157
32774	45159
32775	45161
32776	45162
32777	45164
32778	45166
32779	45168
32780	45170
32781	45172
32782	45174
32783	45176
32784	45177
32785	45179
32786	45180
32787	45182
32788	45184
32789	45186
32790	45187
32791	45189
32792	45191
32793	45193
32794	45195
32795	45197
32796	45199
32797	45201
32798	45202
32799	45204
32800	45205
32801	45206
32802	45208
32803	45208
32804	45210
32805	45212
32806	45214
32807	45216
32808	45217
32809	45219
32810	45221
32811	45222
32812	45223
32813	45225
32814	45225
32815	45227
32816	45229
32817	45231
32818	45233
32819	45235
32820	45236
32821	45238
32822	45239
32823	45241
32824	45242
32825	45243
32826	45245
32827	45247
32828	45248
32829	45249
32830	45251
32831	45253
32832	45255
32833	45257
32834	45259
32835	45260
32836	45262
32837	45264
32838	45266
32839	45268
32840	45269
32841	45271
32842	45272
32843	45273
32844	45275
32845	45277
32846	45279
32847	45281
32848	45283
32849	45285
32850	45287
32851	45289
32852	45290
32853	45292
32854	45294
32855	45296
32856	45298
32857	45300
32858	45302
32859	45304
32860	45306
32861	45308
32862	45310
32863	45312
32864	45314
32865	45316
32866	45317
32867	45319
32868	45321
32869	45323
32870	45324
32871	45325
32872	45327
32873	45329
32874	45331
32875	45333
32876	45335
32877	45337
32878	45338
32879	45340
32880	45342
32881	45344
32882	45345
32883	45346
32884	45348
32885	45350
32886	45351
32887	45352
32888	45354
32889	45356
32890	45357
32891	45359
32892	45361
32893	45363
32894	45364
32895	45366
32896	45367
32897	45367
32898	45369
32899	45371
32900	45372
32901	45374
32902	45376
32903	45378
32904	45380
32905	45381
32906	45383
32907	45384
32908	45386
32909	45388
32910	45389
32911	45391
32912	45393
32913	45395
32914	45397
32915	45398
32916	45400
32917	45402
32918	45403
32919	45404
32920	45405
32921	45407
32922	45409
32923	45411
32924	45413
32925	45415
32926	45417
32927	45418
32928	45420
32929	45422
32930	45424
32931	45425
32932	45427
32933	45428
32934	45429
32935	45430
32936	45432
32937	45434
32938	45436
32939	45437
32940	45439
32941	45441
32942	45441
32943	45443
32944	45445
32945	45447
32946	45449
32947	45451
32948	45453
32949	45453
32950	45454
32951	45456
32952	45458
32953	45460
32954	45460
32955	45462
32956	45464
32957	45466
32958	45467
32959	45469
32960	45470
32961	45472
32962	45474
32963	45476
32964	45478
32965	45480
32966	45481
32967	45483
32968	45484
32969	45485
32970	45486
32971	45488
32972	45489
32973	45490
32974	45492
32975	45494
32976	45496
32977	45498
32978	45500
32979	45502
32980	45504
32981	45506
32982	45508
32983	45510
32984	45511
32985	45513
32986	45515
32987	45517
32988	45519
32989	45521
32990	45522
32991	45524
32992	45526
32993	45527
32994	45529
32995	45530
32996	45532
32997	45533
32998	45535
32999	45537
33000	45539
33001	45541
33002	45542
33003	45544
33004	45546
33005	45547
33006	45549
33007	45551
33008	45552
33009	45554
33010	45556
33011	45558
33012	45560
33013	45561
33014	45563
33015	45564
33016	45566
33017	45567
33018	45568
33019	45570
33020	45571
33021	45573
33022	45575
33023	45577
33024	45579
33025	45581
33026	45583
33027	45585
33028	45587
33029	45589
33030	45590
33031	45591
33032	45593
33033	45595
33034	45596
33035	45598
33036	45600
33037	45602
33038	45604
33039	45606
33040	45608
33041	45610
33042	45612
33043	45614
33044	45615
33045	45617
33046	45619
33047	45621
33048	45623
33049	45625
33050	45627
33051	45629
33052	45630
33053	45632
33054	45633
33055	45634
33056	45636
33057	45637
33058	45639
33059	45640
33060	45641
33061	45643
33062	45645
33063	45647
33064	45649
33065	45649
33066	45651
33067	45651
33068	45652
33069	45654
33070	45656
33071	45658
33072	45660
33073	45662
33074	45664
33075	45666
33076	45667
33077	45669
33078	45671
33079	45673
33080	45673
33081	45674
33082	45676
33083	45678
33084	45680
33085	45682
33086	45684
33087	45686
33088	45687
33089	45689
33090	45691
33091	45693
33092	45693
33093	45695
33094	45697
33095	45699
33096	45701
33097	45702
33098	45703
33099	45704
33100	45704
33101	45706
33102	45708
33103	45710
33104	45712
33105	45714
33106	45715
33107	45716
33108	45717
33109	45718
33110	45720
33111	45722
33112	45723
33113	45725
33114	45726
33115	45727
33116	45728
33117	45729
33118	45731
33119	45733
33120	45735
33121	45737
33122	45739
33123	45741
33124	45743
33125	45745
33126	45747
33127	45749
33128	45751
33129	45753
33130	45754
33131	45755
33132	45757
33133	45759
33134	45760
33135	45761
33136	45763
33137	45764
33138	45766
33139	45768
33140	45769
33141	45770
33142	45772
33143	45774
33144	45776
33145	45778
33146	45780
33147	45781
33148	45783
33149	45785
33150	45786
33151	45787
33152	45789
33153	45789
33154	45791
33155	45792
33156	45793
33157	45795
33158	45797
33159	45799
33160	45801
33161	45803
33162	45805
33163	45806
33164	45807
33165	45809
33166	45811
33167	45813
33168	45814
33169	45814
33170	45816
33171	45818
33172	45819
33173	45820
33174	45821
33175	45823
33176	45825
33177	45826
33178	45826
33179	45827
33180	45829
33181	45830
33182	45831
33183	45832
33184	45834
33185	45835
33186	45836
33187	45837
33188	45839
33189	45841
33190	45843
33191	45845
33192	45846
33193	45848
33194	45849
33195	45851
33196	45853
33197	45854
33198	45855
33199	45857
33200	45858
33201	45860
33202	45862
33203	45863
33204	45864
33205	45866
33206	45868
33207	45870
33208	45872
33209	45873
33210	45874
33211	45876
33212	45877
33213	45879
33214	45880
33215	45882
33216	45883
33217	45885
33218	45886
33219	45887
33220	45888
33221	45889
33222	45891
33223	45893
33224	45894
33225	45896
33226	45898
33227	45900
33228	45902
33229	45904
33230	45906
33231	45907
33232	45908
33233	45910
33234	45911
33235	45912
33236	45914
33237	45915
33238	45916
33239	45918
33240	45920
33241	45921
33242	45923
33243	45925
33244	45927
33245	45929
33246	45931
33247	45931
33248	45932
33249	45934
33250	45936
33251	45938
33252	45940
33253	45942
33254	45944
33255	45946
33256	45948
33257	45950
33258	45952
33259	45954
33260	45956
33261	45958
33262	45960
33263	45962
33264	45963
33265	45965
33266	45967
33267	45969
33268	45971
33269	45973
33270	45975
33271	45977
33272	45979
33273	45980
33274	45982
33275	45984
33276	45986
33277	45988
33278	45989
33279	45991
33280	45993
33281	45995
33282	45997
33283	45999
33284	46001
33285	46002
33286	46004
33287	46005
33288	46007
33289	46008
33290	46010
33291	46012
33292	46014
33293	46015
33294	46017
33295	46018
33296	46018
33297	46020
33298	46022
33299	46023
33300	46024
33301	46026
33302	46028
33303	46030
33304	46031
33305	46033
33306	46034
33307	46036
33308	46037
33309	46038
33310	46038
33311	46040
33312	46042
33313	46044
33314	46045
33315	46045
33316	46045
33317	46046
33318	46048
33319	46049
33320	46051
33321	46052
33322	46053
33323	46055
33324	46057
33325	46059
33326	46060
33327	46062
33328	46063
33329	46065
33330	46067
33331	46069
33332	46070
33333	46072
33334	46073
33335	46074
33336	46075
33337	46076
33338	46078
33339	46079
33340	46080
33341	46082
33342	46084
33343	46084
33344	46086
33345	46087
33346	46088
33347	46089
33348	46090
33349	46091
33350	46093
33351	46093
33352	46095
33353	46097
33354	46099
33355	46100
33356	46100
33357	46101
33358	46103
33359	46105
33360	46107
33361	46109
33362	46111
33363	46113
33364	46114
33365	46116
33366	46117
33367	46118
33368	46120
33369	46122
33370	46123
33371	46125
33372	46126
33373	46128
33374	46129
33375	46131
33376	46133
33377	46134
33378	46136
33379	46137
33380	46139
33381	46141
33382	46143
33383	46145
33384	46146
33385	46148
33386	46150
33387	46151
33388	46153
33389	46154
33390	46155
33391	46157
33392	46159
33393	46161
33394	46162
33395	46164
33396	46166
33397	46168
33398	46170
33399	46172
33400	46174
33401	46176
33402	46177
33403	46179
33404	46181
33405	46183
33406	46185
33407	46186
33408	46188
33409	46190
33410	46192
33411	46193
33412	46195
33413	46197
33414	46199
33415	46201
33416	46203
33417	46205
33418	46207
33419	46208
33420	46209
33421	46210
33422	46211
33423	46213
33424	46214
33425	46216
33426	46218
33427	46220
33428	46222
33429	46223
33430	46225
33431	46226
33432	46227
33433	46228
33434	46230
33435	46232
33436	46233
33437	46235
33438	46237
33439	46239
33440	46241
33441	46243
33442	46245
33443	46247
33444	46248
33445	46249
33446	46251
33447	46253
33448	46254
33449	46256
33450	46258
33451	46260
33452	46262
33453	46263
33454	46263
33455	46265
33456	46267
33457	46269
33458	46270
33459	46271
33460	46272
33461	46274
33462	46275
33463	46277
33464	46279
33465	46281
33466	46283
33467	46284
33468	46286
33469	46287
33470	46288
33471	46289
33472	46289
33473	46291
33474	46293
33475	46295
33476	46297
33477	46297
33478	46299
33479	46300
33480	46302
33481	46304
33482	46306
33483	46307
33484	46308
33485	46310
33486	46312
33487	46314
33488	46316
33489	46317
33490	46319
33491	46320
33492	46322
33493	46324
33494	46326
33495	46328
33496	46330
33497	46331
33498	46333
33499	46334
33500	46335
33501	46337
33502	46339
33503	46340
33504	46341
33505	46343
33506	46344
33507	46346
33508	46348
33509	46350
33510	46352
33511	46354
33512	46356
33513	46358
33514	46360
33515	46361
33516	46363
33517	46365
33518	46366
33519	46367
33520	46367
33521	46369
33522	46371
33523	46372
33524	46374
33525	46376
33526	46378
33527	46380
33528	46382
33529	46384
33530	46386
33531	46388
33532	46390
33533	46392
33534	46394
33535	46396
33536	46398
33537	46399
33538	46400
33539	46402
33540	46403
33541	46405
33542	46407
33543	46409
33544	46410
33545	46412
33546	46413
33547	46415
33548	46417
33549	46419
33550	46421
33551	46423
33552	46425
33553	46427
33554	46429
33555	46430
33556	46431
33557	46433
33558	46435
33559	46437
33560	46439
33561	46440
33562	46442
33563	46443
33564	46445
33565	46445
33566	46447
33567	46449
33568	46450
33569	46451
33570	46453
33571	46455
33572	46455
33573	46456
33574	46458
33575	46460
33576	46461
33577	46463
33578	46465
33579	46466
33580	46468
33581	46469
33582	46471
33583	46472
33584	46474
33585	46476
33586	46478
33587	46479
33588	46480
33589	46482
33590	46484
33591	46486
33592	46487
33593	46488
33594	46490
33595	46492
33596	46494
33597	46496
33598	46498
33599	46500
33600	46501
33601	46503
33602	46505
33603	46505
33604	46507
33605	46508
33606	46510
33607	46512
33608	46512
33609	46514
33610	46516
33611	46517
33612	46519
33613	46521
33614	46523
33615	46524
33616	46526
33617	46526
33618	46527
33619	46529
33620	46530
33621	46530
33622	46532
33623	46533
33624	46534
33625	46535
33626	46537
33627	46539
33628	46541
33629	46543
33630	46543
33631	46544
33632	46546
33633	46548
33634	46550
33635	46552
33636	46554
33637	46556
33638	46558
33639	46559
33640	46561
33641	46563
33642	46565
33643	46566
33644	46568
33645	46570
33646	46571
33647	46573
33648	46575
33649	46577
33650	46579
33651	46581
33652	46582
33653	46584
33654	46586
33655	46588
33656	46590
33657	46592
33658	46594
33659	46596
33660	46597
33661	46599
33662	46601
33663	46603
33664	46605
33665	46607
33666	46609
33667	46611
33668	46613
33669	46614
33670	46616
33671	46618
33672	46620
33673	46622
33674	46624
33675	46626
33676	46628
33677	46629
33678	46631
33679	46633
33680	46635
33681	46637
33682	46639
33683	46641
33684	46643
33685	46644
33686	46645
33687	46646
33688	46648
33689	46649
33690	46651
33691	46653
33692	46654
33693	46656
33694	46658
33695	46659
33696	46661
33697	46663
33698	46665
33699	46667
33700	46668
33701	46670
33702	46671
33703	46673
33704	46675
33705	46677
33706	46679
33707	46680
33708	46681
33709	46682
33710	46684
33711	46685
33712	46687
33713	46689
33714	46690
33715	46691
33716	46691
33717	46692
33718	46694
33719	46695
33720	46696
33721	46698
33722	46700
33723	46702
33724	46703
33725	46705
33726	46707
33727	46709
33728	46711
33729	46713
33730	46714
33731	46716
33732	46718
33733	46719
33734	46720
33735	46721
33736	46722
33737	46724
33738	46726
33739	46727
33740	46729
33741	46730
33742	46731
33743	46732
33744	46734
33745	46735
33746	46737
33747	46739
33748	46741
33749	46743
33750	46744
33751	46746
33752	46748
33753	46749
33754	46751
33755	46753
33756	46754
33757	46755
33758	46755
33759	46756
33760	46757
33761	46759
33762	46761
33763	46763
33764	46765
33765	46766
33766	46768
33767	46770
33768	46772
33769	46774
33770	46776
33771	46778
33772	46779
33773	46781
33774	46782
33775	46783
33776	46785
33777	46787
33778	46788
33779	46789
33780	46791
33781	46793
33782	46795
33783	46796
33784	46798
33785	46800
33786	46802
33787	46804
33788	46806
33789	46808
33790	46810
33791	46812
33792	46814
33793	46815
33794	46817
33795	46819
33796	46821
33797	46823
33798	46824
33799	46825
33800	46826
33801	46827
33802	46828
33803	46830
33804	46832
33805	46834
33806	46836
33807	46838
33808	46840
33809	46841
33810	46843
33811	46845
33812	46847
33813	46849
33814	46851
33815	46853
33816	46855
33817	46857
33818	46859
33819	46861
33820	46863
33821	46863
33822	46864
33823	46866
33824	46868
33825	46869
33826	46871
33827	46873
33828	46875
33829	46875
33830	46876
33831	46877
33832	46879
33833	46881
33834	46883
33835	46884
33836	46886
33837	46887
33838	46889
33839	46890
33840	46892
33841	46894
33842	46895
33843	46897
33844	46899
33845	46900
33846	46901
33847	46901
33848	46902
33849	46903
33850	46904
33851	46906
33852	46908
33853	46910
33854	46912
33855	46914
33856	46916
33857	46918
33858	46919
33859	46920
33860	46922
33861	46924
33862	46926
33863	46928
33864	46929
33865	46931
33866	46933
33867	46934
33868	46935
33869	46937
33870	46939
33871	46941
33872	46943
33873	46945
33874	46946
33875	46947
33876	46948
33877	46950
33878	46952
33879	46954
33880	46955
33881	46956
33882	46958
33883	46960
33884	46962
33885	46964
33886	46966
33887	46967
33888	46969
33889	46971
33890	46973
33891	46975
33892	46977
33893	46979
33894	46981
33895	46983
33896	46985
33897	46986
33898	46988
33899	46990
33900	46992
33901	46993
33902	46994
33903	46995
33904	46996
33905	46998
33906	47000
33907	47002
33908	47004
33909	47006
33910	47008
33911	47010
33912	47012
33913	47014
33914	47016
33915	47017
33916	47019
33917	47021
33918	47023
33919	47024
33920	47026
33921	47028
33922	47028
33923	47030
33924	47032
33925	47034
33926	47036
33927	47037
33928	47038
33929	47039
33930	47041
33931	47043
33932	47045
33933	47047
33934	47047
33935	47049
33936	47051
33937	47052
33938	47053
33939	47054
33940	47055
33941	47056
33942	47058
33943	47059
33944	47060
33945	47061
33946	47062
33947	47064
33948	47066
33949	47068
33950	47070
33951	47072
33952	47073
33953	47075
33954	47077
33955	47078
33956	47079
33957	47081
33958	47081
33959	47082
33960	47083
33961	47085
33962	47087
33963	47089
33964	47089
33965	47091
33966	47093
33967	47095
33968	47097
33969	47099
33970	47100
33971	47102
33972	47104
33973	47106
33974	47108
33975	47109
33976	47111
33977	47113
33978	47114
33979	47116
33980	47118
33981	47120
33982	47121
33983	47121
33984	47121
33985	47123
33986	47125
33987	47127
33988	47129
33989	47131
33990	47133
33991	47133
33992	47134
33993	47136
33994	47138
33995	47138
33996	47140
33997	47142
33998	47143
33999	47144
34000	47146
34001	47147
34002	47149
34003	47151
34004	47152
34005	47152
34006	47153
34007	47155
34008	47156
34009	47157
34010	47159
34011	47160
34012	47162
34013	47164
34014	47166
34015	47168
34016	47170
34017	47172
34018	47174
34019	47176
34020	47177
34021	47179
34022	47180
34023	47182
34024	47184
34025	47186
34026	47188
34027	47190
34028	47192
34029	47194
34030	47196
34031	47198
34032	47200
34033	47202
34034	47203
34035	47204
34036	47205
34037	47206
34038	47208
34039	47210
34040	47212
34041	47214
34042	47215
34043	47217
34044	47219
34045	47221
34046	47223
34047	47225
34048	47226
34049	47228
34050	47230
34051	47230
34052	47231
34053	47232
34054	47233
34055	47235
34056	47237
34057	47238
34058	47239
34059	47240
34060	47242
34061	47244
34062	47245
34063	47247
34064	47249
34065	47250
34066	47252
34067	47254
34068	47255
34069	47256
34070	47257
34071	47259
34072	47261
34073	47263
34074	47264
34075	47266
34076	47267
34077	47269
34078	47270
34079	47272
34080	47274
34081	47276
34082	47278
34083	47280
34084	47282
34085	47283
34086	47285
34087	47287
34088	47288
34089	47289
34090	47291
34091	47293
34092	47295
34093	47297
34094	47297
34095	47299
34096	47301
34097	47303
34098	47304
34099	47306
34100	47308
34101	47309
34102	47309
34103	47310
34104	47312
34105	47314
34106	47316
34107	47318
34108	47319
34109	47321
34110	47322
34111	47324
34112	47325
34113	47326
34114	47327
34115	47329
34116	47331
34117	47333
34118	47334
34119	47336
34120	47338
34121	47339
34122	47341
34123	47343
34124	47345
34125	47347
34126	47349
34127	47351
34128	47352
34129	47354
34130	47356
34131	47358
34132	47360
34133	47361
34134	47363
34135	47365
34136	47367
34137	47369
34138	47371
34139	47372
34140	47374
34141	47375
34142	47377
34143	47379
34144	47380
34145	47382
34146	47384
34147	47385
34148	47387
34149	47389
34150	47391
34151	47393
34152	47395
34153	47397
34154	47399
34155	47400
34156	47402
34157	47404
34158	47406
34159	47407
34160	47409
34161	47411
34162	47413
34163	47415
34164	47416
34165	47418
34166	47420
34167	47422
34168	47422
34169	47424
34170	47426
34171	47428
34172	47429
34173	47431
34174	47431
34175	47433
34176	47435
34177	47437
34178	47439
34179	47441
34180	47443
34181	47444
34182	47446
34183	47447
34184	47449
34185	47450
34186	47451
34187	47453
34188	47455
34189	47456
34190	47457
34191	47459
34192	47461
34193	47463
34194	47464
34195	47464
34196	47466
34197	47467
34198	47468
34199	47470
34200	47471
34201	47473
34202	47475
34203	47477
34204	47479
34205	47481
34206	47482
34207	47484
34208	47485
34209	47487
34210	47488
34211	47490
34212	47492
34213	47494
34214	47495
34215	47497
34216	47498
34217	47499
34218	47501
34219	47503
34220	47504
34221	47506
34222	47508
34223	47510
34224	47512
34225	47513
34226	47514
34227	47516
34228	47517
34229	47519
34230	47520
34231	47521
34232	47523
34233	47523
34234	47523
34235	47524
34236	47526
34237	47527
34238	47529
34239	47531
34240	47533
34241	47535
34242	47537
34243	47539
34244	47540
34245	47542
34246	47543
34247	47545
34248	47547
34249	47548
34250	47549
34251	47551
34252	47553
34253	47554
34254	47555
34255	47557
34256	47559
34257	47561
34258	47563
34259	47565
34260	47566
34261	47568
34262	47568
34263	47570
34264	47571
34265	47573
34266	47574
34267	47575
34268	47577
34269	47578
34270	47579
34271	47581
34272	47581
34273	47583
34274	47585
34275	47587
34276	47589
34277	47591
34278	47593
34279	47594
34280	47596
34281	47597
34282	47599
34283	47600
34284	47602
34285	47603
34286	47603
34287	47605
34288	47606
34289	47608
34290	47610
34291	47612
34292	47614
34293	47615
34294	47617
34295	47619
34296	47621
34297	47622
34298	47623
34299	47625
34300	47627
34301	47629
34302	47629
34303	47630
34304	47632
34305	47634
34306	47636
34307	47638
34308	47640
34309	47641
34310	47643
34311	47644
34312	47646
34313	47646
34314	47648
34315	47650
34316	47652
34317	47654
34318	47655
34319	47657
34320	47659
34321	47660
34322	47662
34323	47663
34324	47665
34325	47667
34326	47669
34327	47671
34328	47672
34329	47674
34330	47675
34331	47677
34332	47678
34333	47680
34334	47682
34335	47684
34336	47686
34337	47688
34338	47690
34339	47691
34340	47693
34341	47694
34342	47695
34343	47696
34344	47696
34345	47698
34346	47700
34347	47700
34348	47702
34349	47704
34350	47706
34351	47708
34352	47710
34353	47712
34354	47713
34355	47714
34356	47715
34357	47717
34358	47719
34359	47721
34360	47723
34361	47724
34362	47726
34363	47728
34364	47729
34365	47730
34366	47731
34367	47733
34368	47734
34369	47735
34370	47737
34371	47739
34372	47740
34373	47742
34374	47743
34375	47744
34376	47746
34377	47747
34378	47748
34379	47750
34380	47752
34381	47754
34382	47756
34383	47757
34384	47757
34385	47759
34386	47761
34387	47763
34388	47765
34389	47767
34390	47769
34391	47771
34392	47773
34393	47775
34394	47775
34395	47777
34396	47779
34397	47780
34398	47782
34399	47784
34400	47784
34401	47785
34402	47786
34403	47788
34404	47790
34405	47792
34406	47794
34407	47795
34408	47796
34409	47797
34410	47799
34411	47800
34412	47802
34413	47804
34414	47805
34415	47807
34416	47808
34417	47809
34418	47810
34419	47811
34420	47812
34421	47812
34422	47814
34423	47816
34424	47817
34425	47819
34426	47820
34427	47822
34428	47822
34429	47823
34430	47824
34431	47826
34432	47826
34433	47826
34434	47827
34435	47827
34436	47828
34437	47829
34438	47831
34439	47832
34440	47833
34441	47835
34442	47837
34443	47839
34444	47841
34445	47843
34446	47845
34447	47847
34448	47849
34449	47850
34450	47851
34451	47852
34452	47854
34453	47855
34454	47857
34455	47858
34456	47859
34457	47861
34458	47863
34459	47865
34460	47867
34461	47869
34462	47871
34463	47872
34464	47874
34465	47876
34466	47877
34467	47879
34468	47881
34469	47881
34470	47882
34471	47883
34472	47885
34473	47887
34474	47887
34475	47888
34476	47889
34477	47890
34478	47891
34479	47893
34480	47894
34481	47895
34482	47897
34483	47899
34484	47901
34485	47903
34486	47905
34487	47907
34488	47908
34489	47909
34490	47911
34491	47913
34492	47914
34493	47915
34494	47916
34495	47917
34496	47919
34497	47919
34498	47921
34499	47923
34500	47924
34501	47925
34502	47927
34503	47929
34504	47930
34505	47932
34506	47934
34507	47936
34508	47938
34509	47940
34510	47942
34511	47944
34512	47946
34513	47947
34514	47949
34515	47951
34516	47952
34517	47954
34518	47955
34519	47957
34520	47959
34521	47961
34522	47963
34523	47965
34524	47966
34525	47968
34526	47970
34527	47971
34528	47973
34529	47975
34530	47977
34531	47979
34532	47981
34533	47983
34534	47985
34535	47986
34536	47988
34537	47989
34538	47991
34539	47993
34540	47994
34541	47996
34542	47998
34543	48000
34544	48001
34545	48003
34546	48005
34547	48006
34548	48008
34549	48010
34550	48012
34551	48013
34552	48015
34553	48017
34554	48018
34555	48020
34556	48022
34557	48023
34558	48025
34559	48027
34560	48029
34561	48031
34562	48032
34563	48033
34564	48034
34565	48035
34566	48035
34567	48036
34568	48037
34569	48039
34570	48040
34571	48041
34572	48041
34573	48043
34574	48045
34575	48047
34576	48049
34577	48051
34578	48053
34579	48055
34580	48057
34581	48059
34582	48060
34583	48062
34584	48064
34585	48066
34586	48067
34587	48068
34588	48069
34589	48070
34590	48072
34591	48073
34592	48074
34593	48076
34594	48078
34595	48080
34596	48082
34597	48084
34598	48086
34599	48086
34600	48088
34601	48089
34602	48091
34603	48092
34604	48094
34605	48096
34606	48098
34607	48099
34608	48101
34609	48102
34610	48104
34611	48105
34612	48107
34613	48108
34614	48110
34615	48112
34616	48113
34617	48114
34618	48116
34619	48117
34620	48119
34621	48120
34622	48122
34623	48123
34624	48125
34625	48127
34626	48129
34627	48131
34628	48133
34629	48135
34630	48136
34631	48138
34632	48139
34633	48141
34634	48143
34635	48144
34636	48146
34637	48148
34638	48148
34639	48150
34640	48152
34641	48154
34642	48156
34643	48158
34644	48160
34645	48162
34646	48164
34647	48165
34648	48167
34649	48169
34650	48171
34651	48172
34652	48174
34653	48176
34654	48178
34655	48180
34656	48182
34657	48184
34658	48186
34659	48188
34660	48190
34661	48191
34662	48193
34663	48195
34664	48196
34665	48198
34666	48199
34667	48201
34668	48202
34669	48204
34670	48205
34671	48206
34672	48208
34673	48209
34674	48211
34675	48211
34676	48213
34677	48215
34678	48217
34679	48218
34680	48219
34681	48221
34682	48223
34683	48225
34684	48227
34685	48229
34686	48231
34687	48232
34688	48234
34689	48236
34690	48238
34691	48240
34692	48242
34693	48244
34694	48246
34695	48247
34696	48249
34697	48250
34698	48252
34699	48253
34700	48254
34701	48255
34702	48256
34703	48258
34704	48259
34705	48261
34706	48263
34707	48265
34708	48267
34709	48269
34710	48270
34711	48272
34712	48274
34713	48276
34714	48278
34715	48280
34716	48281
34717	48283
34718	48285
34719	48287
34720	48288
34721	48290
34722	48292
34723	48294
34724	48295
34725	48297
34726	48299
34727	48300
34728	48302
34729	48303
34730	48305
34731	48306
34732	48308
34733	48309
34734	48311
34735	48313
34736	48315
34737	48317
34738	48318
34739	48319
34740	48320
34741	48322
34742	48324
34743	48324
34744	48325
34745	48327
34746	48329
34747	48329
34748	48330
34749	48332
34750	48333
34751	48335
34752	48336
34753	48337
34754	48339
34755	48340
34756	48342
34757	48343
34758	48345
34759	48346
34760	48348
34761	48350
34762	48352
34763	48353
34764	48354
34765	48356
34766	48358
34767	48360
34768	48362
34769	48363
34770	48364
34771	48366
34772	48368
34773	48370
34774	48371
34775	48373
34776	48374
34777	48376
34778	48378
34779	48380
34780	48381
34781	48383
34782	48384
34783	48385
34784	48387
34785	48389
34786	48391
34787	48393
34788	48394
34789	48395
34790	48397
34791	48399
34792	48400
34793	48402
34794	48404
34795	48405
34796	48407
34797	48407
34798	48409
34799	48409
34800	48411
34801	48413
34802	48414
34803	48416
34804	48418
34805	48418
34806	48420
34807	48421
34808	48423
34809	48425
34810	48426
34811	48427
34812	48429
34813	48430
34814	48431
34815	48433
34816	48435
34817	48437
34818	48439
34819	48441
34820	48442
34821	48444
34822	48446
34823	48448
34824	48450
34825	48451
34826	48453
34827	48455
34828	48456
34829	48458
34830	48460
34831	48462
34832	48464
34833	48466
34834	48468
34835	48469
34836	48470
34837	48472
34838	48474
34839	48476
34840	48478
34841	48480
34842	48482
34843	48483
34844	48485
34845	48487
34846	48489
34847	48490
34848	48492
34849	48493
34850	48495
34851	48497
34852	48499
34853	48500
34854	48502
34855	48504
34856	48506
34857	48508
34858	48510
34859	48512
34860	48514
34861	48516
34862	48518
34863	48520
34864	48522
34865	48524
34866	48525
34867	48527
34868	48529
34869	48531
34870	48533
34871	48535
34872	48536
34873	48536
34874	48538
34875	48540
34876	48541
34877	48543
34878	48545
34879	48547
34880	48549
34881	48551
34882	48552
34883	48554
34884	48556
34885	48558
34886	48558
34887	48560
34888	48562
34889	48564
34890	48566
34891	48568
34892	48569
34893	48569
34894	48570
34895	48572
34896	48573
34897	48575
34898	48577
34899	48578
34900	48580
34901	48582
34902	48584
34903	48586
34904	48588
34905	48590
34906	48591
34907	48592
34908	48594
34909	48596
34910	48598
34911	48600
34912	48602
34913	48604
34914	48606
34915	48608
34916	48609
34917	48610
34918	48612
34919	48614
34920	48616
34921	48617
34922	48619
34923	48621
34924	48622
34925	48624
34926	48625
34927	48626
34928	48628
34929	48630
34930	48632
34931	48633
34932	48634
34933	48636
34934	48638
34935	48640
34936	48642
34937	48644
34938	48646
34939	48648
34940	48650
34941	48651
34942	48653
34943	48655
34944	48657
34945	48659
34946	48661
34947	48663
34948	48665
34949	48666
34950	48668
34951	48670
34952	48672
34953	48673
34954	48674
34955	48675
34956	48676
34957	48678
34958	48680
34959	48682
34960	48684
34961	48685
34962	48687
34963	48688
34964	48690
34965	48691
34966	48693
34967	48695
34968	48697
34969	48699
34970	48701
34971	48703
34972	48705
34973	48707
34974	48709
34975	48711
34976	48713
34977	48714
34978	48716
34979	48718
34980	48720
34981	48721
34982	48723
34983	48724
34984	48726
34985	48727
34986	48729
34987	48730
34988	48731
34989	48733
34990	48734
34991	48736
34992	48738
34993	48740
34994	48742
34995	48744
34996	48745
34997	48747
34998	48748
34999	48750
35000	48752
35001	48754
35002	48756
35003	48757
35004	48759
35005	48761
35006	48763
35007	48764
35008	48766
35009	48768
35010	48769
35011	48771
35012	48773
35013	48775
35014	48777
35015	48779
35016	48781
35017	48782
35018	48784
35019	48786
35020	48788
35021	48789
35022	48791
35023	48793
35024	48794
35025	48796
35026	48797
35027	48799
35028	48800
35029	48802
35030	48803
35031	48805
35032	48806
35033	48808
35034	48809
35035	48811
35036	48813
35037	48815
35038	48817
35039	48819
35040	48821
35041	48823
35042	48825
35043	48826
35044	48827
35045	48829
35046	48831
35047	48833
35048	48834
35049	48836
35050	48837
35051	48839
35052	48841
35053	48843
35054	48845
35055	48846
35056	48848
35057	48850
35058	48852
35059	48854
35060	48856
35061	48858
35062	48860
35063	48861
35064	48862
35065	48863
35066	48863
35067	48865
35068	48867
35069	48868
35070	48869
35071	48871
35072	48873
35073	48875
35074	48876
35075	48877
35076	48879
35077	48880
35078	48882
35079	48884
35080	48885
35081	48886
35082	48887
35083	48889
35084	48890
35085	48892
35086	48894
35087	48896
35088	48898
35089	48900
35090	48902
35091	48904
35092	48906
35093	48908
35094	48910
35095	48912
35096	48913
35097	48914
35098	48916
35099	48918
35100	48919
35101	48920
35102	48922
35103	48923
35104	48925
35105	48927
35106	48928
35107	48930
35108	48932
35109	48934
35110	48936
35111	48938
35112	48939
35113	48941
35114	48943
35115	48944
35116	48946
35117	48948
35118	48950
35119	48952
35120	48954
35121	48956
35122	48958
35123	48959
35124	48960
35125	48962
35126	48963
35127	48965
35128	48966
35129	48968
35130	48969
35131	48971
35132	48972
35133	48974
35134	48976
35135	48977
35136	48978
35137	48980
35138	48982
35139	48982
35140	48984
35141	48985
35142	48987
35143	48987
35144	48988
35145	48989
35146	48990
35147	48992
35148	48994
35149	48996
35150	48998
35151	49000
35152	49002
35153	49004
35154	49005
35155	49007
35156	49008
35157	49010
35158	49011
35159	49013
35160	49014
35161	49016
35162	49018
35163	49020
35164	49021
35165	49022
35166	49023
35167	49024
35168	49025
35169	49026
35170	49028
35171	49029
35172	49031
35173	49032
35174	49033
35175	49035
35176	49036
35177	49037
35178	49039
35179	49041
35180	49042
35181	49044
35182	49046
35183	49048
35184	49050
35185	49052
35186	49052
35187	49054
35188	49055
35189	49057
35190	49059
35191	49061
35192	49063
35193	49064
35194	49066
35195	49068
35196	49070
35197	49072
35198	49073
35199	49074
35200	49076
35201	49078
35202	49080
35203	49082
35204	49084
35205	49086
35206	49088
35207	49090
35208	49092
35209	49094
35210	49096
35211	49098
35212	49100
35213	49102
35214	49104
35215	49105
35216	49107
35217	49109
35218	49111
35219	49113
35220	49115
35221	49117
35222	49118
35223	49120
35224	49122
35225	49124
35226	49126
35227	49128
35228	49129
35229	49131
35230	49133
35231	49135
35232	49137
35233	49139
35234	49141
35235	49142
35236	49144
35237	49146
35238	49147
35239	49149
35240	49151
35241	49153
35242	49154
35243	49155
35244	49157
35245	49158
35246	49160
35247	49162
35248	49164
35249	49164
35250	49166
35251	49168
35252	49169
35253	49170
35254	49172
35255	49174
35256	49175
35257	49177
35258	49179
35259	49181
35260	49183
35261	49184
35262	49184
35263	49186
35264	49188
35265	49190
35266	49192
35267	49194
35268	49196
35269	49198
35270	49200
35271	49201
35272	49203
35273	49204
35274	49206
35275	49207
35276	49208
35277	49209
35278	49211
35279	49212
35280	49214
35281	49216
35282	49218
35283	49220
35284	49221
35285	49223
35286	49224
35287	49226
35288	49227
35289	49229
35290	49231
35291	49233
35292	49235
35293	49237
35294	49238
35295	49239
35296	49239
35297	49241
35298	49243
35299	49245
35300	49246
35301	49248
35302	49250
35303	49252
35304	49254
35305	49256
35306	49258
35307	49259
35308	49261
35309	49262
35310	49264
35311	49265
35312	49267
35313	49269
35314	49270
35315	49272
35316	49273
35317	49275
35318	49277
35319	49278
35320	49279
35321	49280
35322	49280
35323	49282
35324	49283
35325	49285
35326	49287
35327	49289
35328	49291
35329	49293
35330	49295
35331	49297
35332	49299
35333	49301
35334	49303
35335	49305
35336	49307
35337	49309
35338	49311
35339	49313
35340	49315
35341	49316
35342	49317
35343	49319
35344	49321
35345	49323
35346	49325
35347	49327
35348	49328
35349	49330
35350	49332
35351	49334
35352	49336
35353	49338
35354	49339
35355	49341
35356	49343
35357	49345
35358	49347
35359	49349
35360	49351
35361	49353
35362	49355
35363	49356
35364	49357
35365	49359
35366	49361
35367	49363
35368	49364
35369	49366
35370	49368
35371	49369
35372	49371
35373	49372
35374	49373
35375	49375
35376	49377
35377	49379
35378	49381
35379	49383
35380	49385
35381	49386
35382	49388
35383	49389
35384	49390
35385	49390
35386	49391
35387	49392
35388	49394
35389	49396
35390	49397
35391	49399
35392	49400
35393	49402
35394	49403
35395	49405
35396	49407
35397	49408
35398	49410
35399	49412
35400	49414
35401	49416
35402	49418
35403	49420
35404	49421
35405	49422
35406	49424
35407	49426
35408	49428
35409	49429
35410	49431
35411	49433
35412	49434
35413	49435
35414	49436
35415	49437
35416	49439
35417	49440
35418	49441
35419	49443
35420	49444
35421	49446
35422	49448
35423	49449
35424	49451
35425	49453
35426	49455
35427	49457
35428	49459
35429	49461
35430	49462
35431	49463
35432	49464
35433	49465
35434	49465
35435	49466
35436	49468
35437	49470
35438	49472
35439	49474
35440	49475
35441	49476
35442	49478
35443	49480
35444	49482
35445	49484
35446	49485
35447	49486
35448	49488
35449	49490
35450	49491
35451	49493
35452	49494
35453	49495
35454	49497
35455	49499
35456	49500
35457	49502
35458	49504
35459	49505
35460	49506
35461	49507
35462	49507
35463	49509
35464	49510
35465	49512
35466	49512
35467	49513
35468	49514
35469	49516
35470	49518
35471	49520
35472	49520
35473	49520
35474	49521
35475	49522
35476	49524
35477	49526
35478	49528
35479	49530
35480	49532
35481	49534
35482	49535
35483	49536
35484	49538
35485	49540
35486	49541
35487	49543
35488	49544
35489	49546
35490	49548
35491	49549
35492	49551
35493	49553
35494	49554
35495	49555
35496	49557
35497	49559
35498	49560
35499	49561
35500	49563
35501	49565
35502	49566
35503	49567
35504	49568
35505	49569
35506	49571
35507	49572
35508	49572
35509	49574
35510	49575
35511	49576
35512	49578
35513	49579
35514	49581
35515	49583
35516	49585
35517	49587
35518	49588
35519	49590
35520	49592
35521	49594
35522	49596
35523	49598
35524	49598
35525	49600
35526	49601
35527	49603
35528	49605
35529	49607
35530	49608
35531	49610
35532	49612
35533	49614
35534	49616
35535	49618
35536	49620
35537	49621
35538	49623
35539	49625
35540	49627
35541	49628
35542	49629
35543	49631
35544	49632
35545	49634
35546	49635
35547	49637
35548	49639
35549	49641
35550	49641
35551	49643
35552	49645
35553	49647
35554	49649
35555	49650
35556	49652
35557	49654
35558	49656
35559	49658
35560	49660
35561	49662
35562	49663
35563	49664
35564	49666
35565	49668
35566	49670
35567	49671
35568	49672
35569	49673
35570	49675
35571	49676
35572	49677
35573	49678
35574	49680
35575	49681
35576	49682
35577	49684
35578	49686
35579	49688
35580	49690
35581	49692
35582	49693
35583	49694
35584	49695
35585	49697
35586	49698
35587	49700
35588	49702
35589	49704
35590	49705
35591	49706
35592	49708
35593	49710
35594	49711
35595	49712
35596	49714
35597	49716
35598	49718
35599	49720
35600	49722
35601	49724
35602	49726
35603	49727
35604	49728
35605	49730
35606	49732
35607	49734
35608	49736
35609	49738
35610	49738
35611	49739
35612	49741
35613	49743
35614	49745
35615	49747
35616	49749
35617	49751
35618	49753
35619	49754
35620	49755
35621	49756
35622	49757
35623	49759
35624	49761
35625	49762
35626	49764
35627	49765
35628	49766
35629	49768
35630	49770
35631	49772
35632	49774
35633	49776
35634	49778
35635	49780
35636	49781
35637	49783
35638	49785
35639	49786
35640	49787
35641	49787
35642	49789
35643	49791
35644	49793
35645	49795
35646	49797
35647	49799
35648	49800
35649	49802
35650	49804
35651	49805
35652	49807
35653	49809
35654	49810
35655	49812
35656	49814
35657	49816
35658	49817
35659	49818
35660	49820
35661	49821
35662	49823
35663	49825
35664	49827
35665	49829
35666	49831
35667	49833
35668	49835
35669	49836
35670	49837
35671	49839
35672	49841
35673	49842
35674	49844
35675	49846
35676	49847
35677	49849
35678	49850
35679	49852
35680	49853
35681	49854
35682	49856
35683	49858
35684	49860
35685	49862
35686	49863
35687	49865
35688	49866
35689	49868
35690	49870
35691	49871
35692	49873
35693	49875
35694	49877
35695	49879
35696	49881
35697	49882
35698	49884
35699	49886
35700	49888
35701	49890
35702	49892
35703	49894
35704	49896
35705	49898
35706	49900
35707	49902
35708	49904
35709	49905
35710	49907
35711	49909
35712	49911
35713	49912
35714	49913
35715	49915
35716	49917
35717	49919
35718	49920
35719	49922
35720	49923
35721	49925
35722	49927
35723	49929
35724	49931
35725	49933
35726	49935
35727	49937
35728	49939
35729	49941
35730	49943
35731	49944
35732	49946
35733	49947
35734	49948
35735	49950
35736	49952
35737	49954
35738	49956
35739	49958
35740	49959
35741	49961
35742	49963
35743	49965
35744	49966
35745	49967
35746	49969
35747	49970
35748	49972
35749	49974
35750	49976
35751	49976
35752	49978
35753	49980
35754	49982
35755	49984
35756	49986
35757	49987
35758	49989
35759	49991
35760	49992
35761	49993
35762	49995
35763	49997
35764	49998
35765	50000
35766	50002
35767	50004
35768	50006
35769	50008
35770	50010
35771	50012
35772	50014
35773	50016
35774	50018
35775	50020
35776	50022
35777	50024
35778	50025
35779	50026
35780	50027
35781	50028
35782	50029
35783	50030
35784	50032
35785	50034
35786	50036
35787	50038
35788	50040
35789	50041
35790	50043
35791	50045
35792	50047
35793	50049
35794	50051
35795	50053
35796	50055
35797	50057
35798	50059
35799	50061
35800	50063
35801	50063
35802	50065
35803	50065
35804	50066
35805	50068
35806	50070
35807	50072
35808	50074
35809	50076
35810	50077
35811	50079
35812	50081
35813	50083
35814	50085
35815	50086
35816	50088
35817	50089
35818	50091
35819	50092
35820	50094
35821	50094
35822	50096
35823	50098
35824	50099
35825	50100
35826	50101
35827	50102
35828	50103
35829	50105
35830	50107
35831	50109
35832	50110
35833	50112
35834	50114
35835	50116
35836	50117
35837	50119
35838	50121
35839	50122
35840	50124
35841	50126
35842	50127
35843	50128
35844	50130
35845	50131
35846	50133
35847	50134
35848	50136
35849	50137
35850	50139
35851	50141
35852	50143
35853	50145
35854	50146
35855	50148
35856	50149
35857	50151
35858	50152
35859	50154
35860	50155
35861	50157
35862	50159
35863	50161
35864	50162
35865	50163
35866	50165
35867	50167
35868	50169
35869	50170
35870	50171
35871	50173
35872	50175
35873	50177
35874	50178
35875	50180
35876	50182
35877	50183
35878	50185
35879	50185
35880	50187
35881	50188
35882	50190
35883	50192
35884	50194
35885	50196
35886	50198
35887	50200
35888	50202
35889	50203
35890	50204
35891	50206
35892	50208
35893	50210
35894	50211
35895	50213
35896	50215
35897	50216
35898	50218
35899	50220
35900	50222
35901	50224
35902	50225
35903	50227
35904	50228
35905	50229
35906	50231
35907	50232
35908	50233
35909	50235
35910	50237
35911	50239
35912	50241
35913	50243
35914	50245
35915	50247
35916	50249
35917	50251
35918	50253
35919	50255
35920	50257
35921	50259
35922	50261
35923	50262
35924	50264
35925	50266
35926	50267
35927	50269
35928	50271
35929	50273
35930	50274
35931	50276
35932	50278
35933	50280
35934	50281
35935	50281
35936	50283
35937	50285
35938	50287
35939	50289
35940	50291
35941	50292
35942	50293
35943	50295
35944	50297
35945	50297
35946	50298
35947	50300
35948	50301
35949	50303
35950	50304
35951	50306
35952	50308
35953	50310
35954	50312
35955	50313
35956	50314
35957	50316
35958	50318
35959	50319
35960	50321
35961	50323
35962	50324
35963	50324
35964	50326
35965	50327
35966	50329
35967	50331
35968	50333
35969	50334
35970	50336
35971	50337
35972	50339
35973	50341
35974	50343
35975	50345
35976	50347
35977	50349
35978	50350
35979	50352
35980	50353
35981	50355
35982	50356
35983	50358
35984	50359
35985	50360
35986	50362
35987	50364
35988	50366
35989	50368
35990	50369
35991	50371
35992	50373
35993	50375
35994	50376
35995	50378
35996	50379
35997	50380
35998	50382
35999	50383
36000	50385
36001	50387
36002	50389
36003	50391
36004	50393
36005	50394
36006	50396
36007	50397
36008	50399
36009	50400
36010	50400
36011	50400
36012	50402
36013	50403
36014	50405
36015	50407
36016	50409
36017	50411
36018	50412
36019	50413
36020	50415
36021	50417
36022	50418
36023	50420
36024	50421
36025	50423
36026	50425
36027	50426
36028	50427
36029	50429
36030	50430
36031	50432
36032	50434
36033	50436
36034	50436
36035	50437
36036	50439
36037	50440
36038	50441
36039	50443
36040	50445
36041	50445
36042	50447
36043	50448
36044	50450
36045	50451
36046	50453
36047	50455
36048	50457
36049	50458
36050	50459
36051	50461
36052	50463
36053	50465
36054	50467
36055	50469
36056	50471
36057	50472
36058	50474
36059	50476
36060	50478
36061	50479
36062	50480
36063	50482
36064	50484
36065	50486
36066	50488
36067	50489
36068	50491
36069	50493
36070	50495
36071	50496
36072	50497
36073	50499
36074	50501
36075	50502
36076	50504
36077	50506
36078	50508
36079	50510
36080	50512
36081	50514
36082	50516
36083	50517
36084	50519
36085	50521
36086	50523
36087	50525
36088	50526
36089	50528
36090	50530
36091	50531
36092	50533
36093	50535
36094	50537
36095	50539
36096	50541
36097	50543
36098	50545
36099	50547
36100	50548
36101	50548
36102	50549
36103	50551
36104	50552
36105	50554
36106	50555
36107	50557
36108	50559
36109	50560
36110	50562
36111	50564
36112	50566
36113	50568
36114	50570
36115	50571
36116	50572
36117	50574
36118	50576
36119	50578
36120	50580
36121	50582
36122	50584
36123	50585
36124	50586
36125	50588
36126	50589
36127	50589
36128	50591
36129	50593
36130	50594
36131	50596
36132	50598
36133	50599
36134	50601
36135	50602
36136	50604
36137	50606
36138	50607
36139	50608
36140	50610
36141	50612
36142	50614
36143	50616
36144	50618
36145	50619
36146	50621
36147	50623
36148	50624
36149	50626
36150	50628
36151	50630
36152	50632
36153	50634
36154	50636
36155	50638
36156	50639
36157	50641
36158	50642
36159	50644
36160	50646
36161	50648
36162	50650
36163	50652
36164	50654
36165	50656
36166	50657
36167	50659
36168	50660
36169	50661
36170	50663
36171	50665
36172	50666
36173	50667
36174	50669
36175	50671
36176	50673
36177	50675
36178	50677
36179	50679
36180	50681
36181	50683
36182	50684
36183	50686
36184	50688
36185	50689
36186	50689
36187	50690
36188	50692
36189	50694
36190	50695
36191	50697
36192	50699
36193	50701
36194	50702
36195	50704
36196	50706
36197	50707
36198	50709
36199	50710
36200	50712
36201	50713
36202	50715
36203	50716
36204	50717
36205	50717
36206	50719
36207	50721
36208	50723
36209	50723
36210	50724
36211	50726
36212	50728
36213	50730
36214	50731
36215	50733
36216	50734
36217	50735
36218	50737
36219	50738
36220	50740
36221	50742
36222	50744
36223	50746
36224	50748
36225	50749
36226	50751
36227	50752
36228	50753
36229	50754
36230	50755
36231	50757
36232	50759
36233	50760
36234	50762
36235	50763
36236	50765
36237	50766
36238	50767
36239	50769
36240	50770
36241	50772
36242	50774
36243	50775
36244	50777
36245	50779
36246	50780
36247	50780
36248	50781
36249	50782
36250	50784
36251	50786
36252	50788
36253	50789
36254	50791
36255	50793
36256	50795
36257	50797
36258	50799
36259	50800
36260	50801
36261	50803
36262	50804
36263	50806
36264	50808
36265	50810
36266	50811
36267	50813
36268	50814
36269	50815
36270	50817
36271	50819
36272	50821
36273	50823
36274	50825
36275	50826
36276	50828
36277	50828
36278	50830
36279	50831
36280	50832
36281	50834
36282	50835
36283	50836
36284	50837
36285	50838
36286	50839
36287	50841
36288	50842
36289	50844
36290	50846
36291	50847
36292	50849
36293	50851
36294	50853
36295	50854
36296	50856
36297	50858
36298	50858
36299	50859
36300	50861
36301	50863
36302	50865
36303	50867
36304	50869
36305	50871
36306	50873
36307	50875
36308	50877
36309	50879
36310	50880
36311	50882
36312	50884
36313	50885
36314	50886
36315	50888
36316	50888
36317	50889
36318	50891
36319	50893
36320	50894
36321	50895
36322	50897
36323	50899
36324	50900
36325	50900
36326	50901
36327	50901
36328	50903
36329	50905
36330	50906
36331	50908
36332	50910
36333	50912
36334	50914
36335	50915
36336	50916
36337	50918
36338	50919
36339	50921
36340	50923
36341	50925
36342	50925
36343	50927
36344	50928
36345	50930
36346	50932
36347	50934
36348	50936
36349	50938
36350	50940
36351	50941
36352	50943
36353	50945
36354	50947
36355	50949
36356	50950
36357	50952
36358	50953
36359	50955
36360	50957
36361	50959
36362	50961
36363	50963
36364	50965
36365	50966
36366	50967
36367	50967
36368	50969
36369	50970
36370	50972
36371	50973
36372	50975
36373	50977
36374	50978
36375	50980
36376	50982
36377	50982
36378	50984
36379	50984
36380	50985
36381	50986
36382	50986
36383	50987
36384	50989
36385	50991
36386	50993
36387	50994
36388	50995
36389	50995
36390	50997
36391	50999
36392	51001
36393	51002
36394	51003
36395	51005
36396	51007
36397	51009
36398	51011
36399	51013
36400	51015
36401	51017
36402	51018
36403	51020
36404	51021
36405	51023
36406	51025
36407	51026
36408	51028
36409	51029
36410	51031
36411	51033
36412	51035
36413	51037
36414	51038
36415	51040
36416	51042
36417	51044
36418	51044
36419	51045
36420	51047
36421	51049
36422	51051
36423	51052
36424	51053
36425	51055
36426	51057
36427	51058
36428	51060
36429	51061
36430	51062
36431	51062
36432	51064
36433	51066
36434	51068
36435	51069
36436	51071
36437	51073
36438	51073
36439	51073
36440	51075
36441	51077
36442	51079
36443	51081
36444	51083
36445	51083
36446	51085
36447	51086
36448	51087
36449	51088
36450	51089
36451	51091
36452	51093
36453	51094
36454	51096
36455	51098
36456	51099
36457	51101
36458	51101
36459	51103
36460	51105
36461	51107
36462	51108
36463	51110
36464	51112
36465	51113
36466	51114
36467	51115
36468	51117
36469	51118
36470	51120
36471	51121
36472	51123
36473	51123
36474	51123
36475	51125
36476	51126
36477	51128
36478	51130
36479	51132
36480	51132
36481	51134
36482	51136
36483	51138
36484	51139
36485	51141
36486	51143
36487	51145
36488	51147
36489	51149
36490	51150
36491	51152
36492	51154
36493	51156
36494	51158
36495	51160
36496	51160
36497	51160
36498	51162
36499	51164
36500	51166
36501	51168
36502	51170
36503	51172
36504	51173
36505	51175
36506	51177
36507	51179
36508	51181
36509	51183
36510	51185
36511	51187
36512	51189
36513	51191
36514	51192
36515	51194
36516	51196
36517	51198
36518	51200
36519	51202
36520	51204
36521	51205
36522	51206
36523	51208
36524	51210
36525	51211
36526	51213
36527	51215
36528	51217
36529	51218
36530	51220
36531	51222
36532	51223
36533	51224
36534	51226
36535	51228
36536	51230
36537	51232
36538	51234
36539	51235
36540	51237
36541	51239
36542	51241
36543	51243
36544	51245
36545	51246
36546	51248
36547	51250
36548	51252
36549	51253
36550	51254
36551	51256
36552	51257
36553	51259
36554	51261
36555	51263
36556	51265
36557	51266
36558	51267
36559	51268
36560	51269
36561	51270
36562	51271
36563	51271
36564	51272
36565	51274
36566	51276
36567	51278
36568	51280
36569	51282
36570	51284
36571	51286
36572	51288
36573	51290
36574	51291
36575	51293
36576	51295
36577	51296
36578	51297
36579	51297
36580	51298
36581	51298
36582	51298
36583	51299
36584	51300
36585	51302
36586	51303
36587	51305
36588	51307
36589	51309
36590	51310
36591	51312
36592	51314
36593	51314
36594	51315
36595	51316
36596	51317
36597	51318
36598	51318
36599	51319
36600	51321
36601	51323
36602	51325
36603	51326
36604	51328
36605	51330
36606	51332
36607	51333
36608	51334
36609	51336
36610	51338
36611	51340
36612	51342
36613	51343
36614	51345
36615	51347
36616	51348
36617	51350
36618	51351
36619	51353
36620	51355
36621	51357
36622	51359
36623	51361
36624	51361
36625	51363
36626	51365
36627	51366
36628	51367
36629	51368
36630	51368
36631	51370
36632	51370
36633	51372
36634	51373
36635	51375
36636	51375
36637	51377
36638	51379
36639	51380
36640	51381
36641	51381
36642	51383
36643	51385
36644	51386
36645	51387
36646	51389
36647	51390
36648	51390
36649	51391
36650	51393
36651	51395
36652	51397
36653	51397
36654	51399
36655	51401
36656	51402
36657	51403
36658	51405
36659	51407
36660	51409
36661	51411
36662	51412
36663	51413
36664	51415
36665	51417
36666	51419
36667	51421
36668	51423
36669	51424
36670	51425
36671	51427
36672	51429
36673	51430
36674	51432
36675	51434
36676	51435
36677	51437
36678	51438
36679	51439
36680	51440
36681	51441
36682	51443
36683	51445
36684	51447
36685	51448
36686	51450
36687	51451
36688	51453
36689	51455
36690	51457
36691	51459
36692	51461
36693	51463
36694	51465
36695	51467
36696	51469
36697	51471
36698	51472
36699	51473
36700	51474
36701	51476
36702	51478
36703	51480
36704	51482
36705	51484
36706	51486
36707	51488
36708	51490
36709	51492
36710	51494
36711	51495
36712	51495
36713	51496
36714	51497
36715	51499
36716	51501
36717	51503
36718	51505
36719	51507
36720	51509
36721	51509
36722	51510
36723	51512
36724	51514
36725	51515
36726	51516
36727	51517
36728	51519
36729	51520
36730	51522
36731	51523
36732	51525
36733	51525
36734	51527
36735	51529
36736	51530
36737	51532
36738	51533
36739	51534
36740	51535
36741	51537
36742	51538
36743	51539
36744	51541
36745	51542
36746	51544
36747	51545
36748	51547
36749	51548
36750	51550
36751	51552
36752	51554
36753	51556
36754	51558
36755	51559
36756	51560
36757	51562
36758	51564
36759	51565
36760	51567
36761	51569
36762	51571
36763	51572
36764	51572
36765	51574
36766	51575
36767	51576
36768	51577
36769	51579
36770	51581
36771	51583
36772	51585
36773	51587
36774	51589
36775	51591
36776	51593
36777	51595
36778	51597
36779	51598
36780	51600
36781	51601
36782	51603
36783	51605
36784	51605
36785	51607
36786	51609
36787	51611
36788	51613
36789	51614
36790	51615
36791	51617
36792	51618
36793	51619
36794	51620
36795	51622
36796	51624
36797	51626
36798	51628
36799	51630
36800	51632
36801	51632
36802	51633
36803	51633
36804	51635
36805	51635
36806	51635
36807	51636
36808	51638
36809	51640
36810	51642
36811	51644
36812	51646
36813	51646
36814	51647
36815	51648
36816	51649
36817	51651
36818	51652
36819	51654
36820	51655
36821	51656
36822	51658
36823	51659
36824	51661
36825	51661
36826	51662
36827	51663
36828	51664
36829	51665
36830	51666
36831	51668
36832	51668
36833	51670
36834	51672
36835	51674
36836	51676
36837	51678
36838	51680
36839	51680
36840	51681
36841	51683
36842	51685
36843	51687
36844	51688
36845	51690
36846	51692
36847	51694
36848	51694
36849	51695
36850	51696
36851	51696
36852	51697
36853	51699
36854	51701
36855	51703
36856	51705
36857	51706
36858	51708
36859	51710
36860	51711
36861	51713
36862	51715
36863	51716
36864	51718
36865	51719
36866	51721
36867	51722
36868	51723
36869	51724
36870	51726
36871	51727
36872	51729
36873	51730
36874	51731
36875	51732
36876	51734
36877	51735
36878	51737
36879	51739
36880	51741
36881	51743
36882	51744
36883	51745
36884	51747
36885	51748
36886	51748
36887	51750
36888	51750
36889	51752
36890	51754
36891	51755
36892	51757
36893	51759
36894	51761
36895	51762
36896	51764
36897	51766
36898	51767
36899	51769
36900	51771
36901	51773
36902	51775
36903	51775
36904	51777
36905	51779
36906	51781
36907	51783
36908	51785
36909	51786
36910	51787
36911	51789
36912	51791
36913	51792
36914	51794
36915	51796
36916	51798
36917	51800
36918	51800
36919	51802
36920	51804
36921	51806
36922	51807
36923	51809
36924	51809
36925	51810
36926	51812
36927	51813
36928	51815
36929	51816
36930	51818
36931	51820
36932	51821
36933	51821
36934	51821
36935	51823
36936	51823
36937	51824
36938	51825
36939	51826
36940	51827
36941	51829
36942	51829
36943	51831
36944	51833
36945	51835
36946	51837
36947	51839
36948	51840
36949	51840
36950	51841
36951	51842
36952	51844
36953	51846
36954	51847
36955	51849
36956	51851
36957	51852
36958	51854
36959	51856
36960	51857
36961	51859
36962	51860
36963	51861
36964	51862
36965	51864
36966	51866
36967	51867
36968	51868
36969	51868
36970	51869
36971	51870
36972	51872
36973	51874
36974	51876
36975	51878
36976	51880
36977	51881
36978	51883
36979	51885
36980	51886
36981	51887
36982	51889
36983	51890
36984	51891
36985	51893
36986	51895
36987	51897
36988	51898
36989	51899
36990	51901
36991	51902
36992	51903
36993	51904
36994	51904
36995	51906
36996	51906
36997	51908
36998	51910
36999	51912
37000	51914
37001	51916
37002	51918
37003	51919
37004	51921
37005	51923
37006	51924
37007	51924
37008	51926
37009	51926
37010	51928
37011	51928
37012	51928
37013	51929
37014	51931
37015	51933
37016	51934
37017	51936
37018	51937
37019	51938
37020	51940
37021	51942
37022	51944
37023	51946
37024	51948
37025	51950
37026	51951
37027	51952
37028	51954
37029	51955
37030	51956
37031	51958
37032	51960
37033	51962
37034	51964
37035	51966
37036	51968
37037	51969
37038	51970
37039	51972
37040	51974
37041	51975
37042	51977
37043	51979
37044	51981
37045	51983
37046	51985
37047	51987
37048	51989
37049	51991
37050	51993
37051	51994
37052	51995
37053	51996
37054	51997
37055	51998
37056	51999
37057	52000
37058	52001
37059	52002
37060	52003
37061	52005
37062	52007
37063	52009
37064	52011
37065	52012
37066	52014
37067	52016
37068	52017
37069	52019
37070	52021
37071	52023
37072	52023
37073	52024
37074	52024
37075	52025
37076	52026
37077	52027
37078	52029
37079	52031
37080	52033
37081	52033
37082	52035
37083	52037
37084	52039
37085	52041
37086	52043
37087	52045
37088	52047
37089	52048
37090	52049
37091	52051
37092	52053
37093	52055
37094	52057
37095	52059
37096	52061
37097	52062
37098	52064
37099	52066
37100	52068
37101	52069
37102	52071
37103	52072
37104	52074
37105	52074
37106	52076
37107	52077
37108	52078
37109	52080
37110	52082
37111	52083
37112	52085
37113	52087
37114	52089
37115	52091
37116	52093
37117	52094
37118	52096
37119	52098
37120	52100
37121	52101
37122	52102
37123	52103
37124	52105
37125	52106
37126	52108
37127	52110
37128	52112
37129	52114
37130	52114
37131	52114
37132	52116
37133	52118
37134	52118
37135	52120
37136	52122
37137	52122
37138	52124
37139	52126
37140	52127
37141	52129
37142	52131
37143	52133
37144	52134
37145	52136
37146	52138
37147	52140
37148	52142
37149	52144
37150	52146
37151	52148
37152	52149
37153	52150
37154	52151
37155	52153
37156	52154
37157	52154
37158	52154
37159	52156
37160	52158
37161	52160
37162	52161
37163	52163
37164	52165
37165	52167
37166	52167
37167	52169
37168	52171
37169	52173
37170	52174
37171	52175
37172	52176
37173	52177
37174	52178
37175	52179
37176	52181
37177	52182
37178	52184
37179	52186
37180	52187
37181	52188
37182	52189
37183	52191
37184	52193
37185	52194
37186	52196
37187	52198
37188	52199
37189	52201
37190	52202
37191	52204
37192	52205
37193	52207
37194	52209
37195	52211
37196	52213
37197	52214
37198	52215
37199	52216
37200	52216
37201	52216
37202	52217
37203	52219
37204	52220
37205	52221
37206	52223
37207	52225
37208	52227
37209	52229
37210	52230
37211	52232
37212	52234
37213	52235
37214	52237
37215	52239
37216	52241
37217	52242
37218	52243
37219	52244
37220	52246
37221	52248
37222	52249
37223	52250
37224	52251
37225	52253
37226	52255
37227	52256
37228	52257
37229	52258
37230	52259
37231	52261
37232	52263
37233	52264
37234	52264
37235	52264
37236	52266
37237	52267
37238	52269
37239	52271
37240	52273
37241	52274
37242	52276
37243	52277
37244	52278
37245	52280
37246	52282
37247	52284
37248	52285
37249	52287
37250	52288
37251	52290
37252	52292
37253	52294
37254	52295
37255	52297
37256	52298
37257	52300
37258	52301
37259	52303
37260	52305
37261	52306
37262	52308
37263	52310
37264	52312
37265	52314
37266	52315
37267	52316
37268	52318
37269	52319
37270	52320
37271	52320
37272	52322
37273	52322
37274	52324
37275	52326
37276	52328
37277	52330
37278	52331
37279	52333
37280	52335
37281	52335
37282	52336
37283	52336
37284	52337
37285	52338
37286	52339
37287	52341
37288	52342
37289	52343
37290	52345
37291	52347
37292	52349
37293	52351
37294	52353
37295	52354
37296	52356
37297	52357
37298	52359
37299	52361
37300	52363
37301	52365
37302	52367
37303	52367
37304	52369
37305	52369
37306	52371
37307	52373
37308	52374
37309	52376
37310	52378
37311	52380
37312	52382
37313	52383
37314	52385
37315	52387
37316	52389
37317	52391
37318	52392
37319	52393
37320	52395
37321	52397
37322	52398
37323	52398
37324	52400
37325	52402
37326	52402
37327	52404
37328	52406
37329	52408
37330	52410
37331	52412
37332	52414
37333	52415
37334	52416
37335	52418
37336	52420
37337	52420
37338	52422
37339	52424
37340	52425
37341	52425
37342	52427
37343	52428
37344	52430
37345	52432
37346	52432
37347	52433
37348	52433
37349	52434
37350	52435
37351	52437
37352	52438
37353	52440
37354	52442
37355	52444
37356	52446
37357	52447
37358	52449
37359	52450
37360	52451
37361	52452
37362	52454
37363	52455
37364	52457
37365	52458
37366	52459
37367	52460
37368	52461
37369	52463
37370	52463
37371	52464
37372	52466
37373	52467
37374	52467
37375	52468
37376	52470
37377	52472
37378	52473
37379	52474
37380	52475
37381	52477
37382	52479
37383	52480
37384	52482
37385	52484
37386	52486
37387	52488
37388	52489
37389	52491
37390	52493
37391	52495
37392	52496
37393	52497
37394	52499
37395	52500
37396	52502
37397	52504
37398	52506
37399	52507
37400	52509
37401	52510
37402	52510
37403	52511
37404	52512
37405	52514
37406	52516
37407	52517
37408	52519
37409	52519
37410	52519
37411	52521
37412	52523
37413	52525
37414	52527
37415	52529
37416	52531
37417	52532
37418	52534
37419	52535
37420	52537
37421	52538
37422	52540
37423	52541
37424	52543
37425	52545
37426	52547
37427	52549
37428	52550
37429	52551
37430	52553
37431	52555
37432	52556
37433	52557
37434	52559
37435	52560
37436	52562
37437	52564
37438	52564
37439	52564
37440	52565
37441	52567
37442	52568
37443	52570
37444	52572
37445	52574
37446	52575
37447	52577
37448	52578
37449	52580
37450	52581
37451	52582
37452	52584
37453	52585
37454	52586
37455	52588
37456	52588
37457	52590
37458	52590
37459	52592
37460	52593
37461	52595
37462	52597
37463	52599
37464	52600
37465	52602
37466	52604
37467	52606
37468	52608
37469	52610
37470	52612
37471	52614
37472	52615
37473	52617
37474	52619
37475	52621
37476	52623
37477	52625
37478	52626
37479	52627
37480	52629
37481	52631
37482	52632
37483	52633
37484	52635
37485	52637
37486	52638
37487	52640
37488	52641
37489	52643
37490	52645
37491	52645
37492	52646
37493	52648
37494	52650
37495	52651
37496	52653
37497	52655
37498	52657
37499	52658
37500	52660
37501	52661
37502	52663
37503	52665
37504	52666
37505	52668
37506	52669
37507	52671
37508	52673
37509	52675
37510	52677
37511	52678
37512	52680
37513	52682
37514	52684
37515	52685
37516	52686
37517	52688
37518	52690
37519	52691
37520	52692
37521	52693
37522	52695
37523	52697
37524	52698
37525	52700
37526	52701
37527	52702
37528	52703
37529	52705
37530	52707
37531	52708
37532	52709
37533	52710
37534	52712
37535	52714
37536	52716
37537	52717
37538	52719
37539	52721
37540	52723
37541	52725
37542	52727
37543	52728
37544	52730
37545	52731
37546	52732
37547	52734
37548	52736
37549	52738
37550	52740
37551	52742
37552	52744
37553	52746
37554	52747
37555	52748
37556	52750
37557	52752
37558	52754
37559	52755
37560	52757
37561	52759
37562	52759
37563	52761
37564	52763
37565	52764
37566	52765
37567	52767
37568	52769
37569	52771
37570	52773
37571	52774
37572	52776
37573	52778
37574	52779
37575	52779
37576	52781
37577	52783
37578	52785
37579	52785
37580	52786
37581	52787
37582	52788
37583	52789
37584	52789
37585	52791
37586	52792
37587	52794
37588	52796
37589	52797
37590	52798
37591	52800
37592	52801
37593	52803
37594	52804
37595	52806
37596	52808
37597	52809
37598	52810
37599	52812
37600	52814
37601	52816
37602	52817
37603	52819
37604	52821
37605	52823
37606	52825
37607	52826
37608	52827
37609	52829
37610	52831
37611	52833
37612	52835
37613	52837
37614	52838
37615	52839
37616	52841
37617	52842
37618	52842
37619	52843
37620	52845
37621	52847
37622	52848
37623	52849
37624	52851
37625	52853
37626	52855
37627	52857
37628	52859
37629	52861
37630	52863
37631	52865
37632	52867
37633	52869
37634	52871
37635	52873
37636	52875
37637	52877
37638	52879
37639	52881
37640	52883
37641	52884
37642	52886
37643	52888
37644	52890
37645	52892
37646	52894
37647	52894
37648	52894
37649	52896
37650	52898
37651	52899
37652	52901
37653	52903
37654	52905
37655	52907
37656	52909
37657	52911
37658	52913
37659	52915
37660	52916
37661	52918
37662	52920
37663	52921
37664	52923
37665	52924
37666	52926
37667	52928
37668	52930
37669	52932
37670	52934
37671	52935
37672	52937
37673	52939
37674	52940
37675	52940
37676	52942
37677	52944
37678	52946
37679	52948
37680	52949
37681	52950
37682	52950
37683	52951
37684	52953
37685	52955
37686	52957
37687	52958
37688	52960
37689	52962
37690	52963
37691	52965
37692	52966
37693	52968
37694	52970
37695	52972
37696	52973
37697	52975
37698	52976
37699	52978
37700	52979
37701	52980
37702	52982
37703	52983
37704	52985
37705	52987
37706	52988
37707	52990
37708	52991
37709	52993
37710	52995
37711	52996
37712	52997
37713	52999
37714	53000
37715	53002
37716	53004
37717	53005
37718	53007
37719	53009
37720	53011
37721	53013
37722	53015
37723	53017
37724	53018
37725	53020
37726	53022
37727	53024
37728	53024
37729	53026
37730	53028
37731	53030
37732	53031
37733	53033
37734	53034
37735	53036
37736	53037
37737	53039
37738	53041
37739	53043
37740	53045
37741	53047
37742	53048
37743	53049
37744	53051
37745	53053
37746	53054
37747	53056
37748	53058
37749	53060
37750	53061
37751	53063
37752	53064
37753	53065
37754	53067
37755	53068
37756	53070
37757	53072
37758	53074
37759	53076
37760	53078
37761	53078
37762	53080
37763	53081
37764	53083
37765	53085
37766	53087
37767	53089
37768	53090
37769	53091
37770	53092
37771	53093
37772	53095
37773	53097
37774	53098
37775	53099
37776	53101
37777	53102
37778	53104
37779	53106
37780	53108
37781	53108
37782	53110
37783	53111
37784	53112
37785	53113
37786	53115
37787	53116
37788	53118
37789	53120
37790	53122
37791	53124
37792	53125
37793	53127
37794	53128
37795	53129
37796	53130
37797	53130
37798	53131
37799	53133
37800	53134
37801	53136
37802	53137
37803	53139
37804	53141
37805	53143
37806	53143
37807	53144
37808	53144
37809	53146
37810	53148
37811	53149
37812	53151
37813	53152
37814	53154
37815	53156
37816	53158
37817	53160
37818	53162
37819	53163
37820	53165
37821	53166
37822	53167
37823	53169
37824	53171
37825	53173
37826	53174
37827	53175
37828	53177
37829	53179
37830	53180
37831	53181
37832	53183
37833	53185
37834	53187
37835	53189
37836	53191
37837	53192
37838	53194
37839	53196
37840	53197
37841	53198
37842	53199
37843	53201
37844	53203
37845	53205
37846	53207
37847	53209
37848	53211
37849	53213
37850	53215
37851	53217
37852	53219
37853	53221
37854	53223
37855	53225
37856	53227
37857	53227
37858	53229
37859	53230
37860	53232
37861	53233
37862	53235
37863	53237
37864	53239
37865	53240
37866	53242
37867	53244
37868	53244
37869	53246
37870	53248
37871	53250
37872	53251
37873	53251
37874	53253
37875	53255
37876	53257
37877	53259
37878	53261
37879	53263
37880	53264
37881	53264
37882	53266
37883	53267
37884	53268
37885	53270
37886	53271
37887	53271
37888	53273
37889	53274
37890	53276
37891	53277
37892	53278
37893	53280
37894	53282
37895	53283
37896	53284
37897	53285
37898	53287
37899	53289
37900	53290
37901	53290
37902	53292
37903	53293
37904	53295
37905	53297
37906	53298
37907	53299
37908	53301
37909	53303
37910	53305
37911	53306
37912	53308
37913	53309
37914	53311
37915	53313
37916	53313
37917	53315
37918	53315
37919	53316
37920	53318
37921	53319
37922	53321
37923	53322
37924	53323
37925	53325
37926	53326
37927	53328
37928	53329
37929	53330
37930	53332
37931	53334
37932	53336
37933	53336
37934	53338
37935	53340
37936	53342
37937	53343
37938	53345
37939	53346
37940	53348
37941	53349
37942	53351
37943	53352
37944	53354
37945	53356
37946	53357
37947	53357
37948	53358
37949	53360
37950	53361
37951	53363
37952	53365
37953	53366
37954	53368
37955	53370
37956	53371
37957	53372
37958	53374
37959	53375
37960	53376
37961	53376
37962	53378
37963	53380
37964	53382
37965	53384
37966	53386
37967	53388
37968	53389
37969	53391
37970	53393
37971	53395
37972	53397
37973	53399
37974	53401
37975	53403
37976	53404
37977	53406
37978	53407
37979	53409
37980	53411
37981	53413
37982	53415
37983	53417
37984	53419
37985	53421
37986	53423
37987	53425
37988	53427
37989	53429
37990	53431
37991	53432
37992	53433
37993	53435
37994	53435
37995	53437
37996	53438
37997	53440
37998	53442
37999	53444
38000	53446
38001	53447
38002	53449
38003	53451
38004	53453
38005	53455
38006	53457
38007	53459
38008	53461
38009	53462
38010	53462
38011	53463
38012	53464
38013	53465
38014	53466
38015	53467
38016	53469
38017	53471
38018	53473
38019	53475
38020	53476
38021	53478
38022	53480
38023	53482
38024	53484
38025	53486
38026	53487
38027	53489
38028	53491
38029	53492
38030	53494
38031	53495
38032	53497
38033	53499
38034	53500
38035	53501
38036	53503
38037	53504
38038	53506
38039	53508
38040	53510
38041	53512
38042	53514
38043	53516
38044	53518
38045	53520
38046	53521
38047	53523
38048	53524
38049	53526
38050	53528
38051	53530
38052	53531
38053	53533
38054	53533
38055	53535
38056	53536
38057	53538
38058	53539
38059	53539
38060	53541
38061	53542
38062	53544
38063	53545
38064	53546
38065	53547
38066	53549
38067	53551
38068	53553
38069	53555
38070	53557
38071	53558
38072	53560
38073	53562
38074	53564
38075	53565
38076	53566
38077	53568
38078	53570
38079	53572
38080	53574
38081	53576
38082	53578
38083	53580
38084	53582
38085	53584
38086	53585
38087	53585
38088	53587
38089	53587
38090	53588
38091	53590
38092	53592
38093	53594
38094	53596
38095	53598
38096	53600
38097	53602
38098	53604
38099	53606
38100	53608
38101	53609
38102	53610
38103	53611
38104	53613
38105	53613
38106	53615
38107	53617
38108	53618
38109	53620
38110	53621
38111	53623
38112	53624
38113	53626
38114	53628
38115	53630
38116	53632
38117	53634
38118	53636
38119	53638
38120	53639
38121	53640
38122	53641
38123	53643
38124	53645
38125	53646
38126	53648
38127	53650
38128	53652
38129	53653
38130	53655
38131	53656
38132	53657
38133	53658
38134	53659
38135	53661
38136	53663
38137	53665
38138	53667
38139	53668
38140	53670
38141	53672
38142	53674
38143	53675
38144	53677
38145	53678
38146	53680
38147	53682
38148	53684
38149	53686
38150	53688
38151	53690
38152	53692
38153	53694
38154	53695
38155	53697
38156	53699
38157	53701
38158	53703
38159	53704
38160	53704
38161	53706
38162	53708
38163	53710
38164	53712
38165	53714
38166	53716
38167	53718
38168	53720
38169	53722
38170	53723
38171	53724
38172	53726
38173	53727
38174	53729
38175	53731
38176	53733
38177	53734
38178	53736
38179	53738
38180	53739
38181	53741
38182	53742
38183	53744
38184	53746
38185	53747
38186	53749
38187	53751
38188	53752
38189	53754
38190	53755
38191	53757
38192	53759
38193	53761
38194	53761
38195	53763
38196	53764
38197	53765
38198	53767
38199	53768
38200	53770
38201	53772
38202	53774
38203	53775
38204	53776
38205	53777
38206	53778
38207	53780
38208	53781
38209	53782
38210	53784
38211	53786
38212	53787
38213	53788
38214	53790
38215	53792
38216	53793
38217	53795
38218	53796
38219	53798
38220	53800
38221	53800
38222	53801
38223	53802
38224	53804
38225	53806
38226	53807
38227	53808
38228	53809
38229	53811
38230	53813
38231	53815
38232	53817
38233	53818
38234	53820
38235	53822
38236	53824
38237	53826
38238	53828
38239	53829
38240	53831
38241	53833
38242	53835
38243	53837
38244	53838
38245	53839
38246	53840
38247	53842
38248	53843
38249	53845
38250	53847
38251	53849
38252	53851
38253	53852
38254	53853
38255	53854
38256	53856
38257	53858
38258	53860
38259	53862
38260	53864
38261	53866
38262	53868
38263	53868
38264	53869
38265	53870
38266	53872
38267	53873
38268	53875
38269	53876
38270	53878
38271	53879
38272	53881
38273	53883
38274	53885
38275	53886
38276	53888
38277	53890
38278	53891
38279	53893
38280	53895
38281	53897
38282	53899
38283	53900
38284	53901
38285	53903
38286	53904
38287	53905
38288	53907
38289	53909
38290	53911
38291	53913
38292	53915
38293	53916
38294	53918
38295	53920
38296	53922
38297	53923
38298	53924
38299	53924
38300	53925
38301	53927
38302	53929
38303	53930
38304	53932
38305	53933
38306	53934
38307	53936
38308	53938
38309	53940
38310	53942
38311	53943
38312	53944
38313	53945
38314	53947
38315	53948
38316	53950
38317	53952
38318	53954
38319	53956
38320	53958
38321	53960
38322	53962
38323	53963
38324	53965
38325	53965
38326	53966
38327	53967
38328	53968
38329	53969
38330	53971
38331	53973
38332	53974
38333	53975
38334	53976
38335	53977
38336	53979
38337	53981
38338	53983
38339	53984
38340	53986
38341	53986
38342	53987
38343	53988
38344	53990
38345	53991
38346	53993
38347	53994
38348	53995
38349	53997
38350	53997
38351	53999
38352	54001
38353	54003
38354	54005
38355	54006
38356	54008
38357	54010
38358	54012
38359	54014
38360	54015
38361	54015
38362	54016
38363	54017
38364	54019
38365	54020
38366	54022
38367	54024
38368	54025
38369	54027
38370	54028
38371	54029
38372	54030
38373	54032
38374	54033
38375	54035
38376	54037
38377	54038
38378	54040
38379	54041
38380	54042
38381	54044
38382	54046
38383	54048
38384	54050
38385	54052
38386	54054
38387	54056
38388	54058
38389	54058
38390	54060
38391	54062
38392	54064
38393	54066
38394	54068
38395	54069
38396	54071
38397	54072
38398	54073
38399	54075
38400	54077
38401	54078
38402	54080
38403	54081
38404	54082
38405	54084
38406	54086
38407	54088
38408	54090
38409	54092
38410	54094
38411	54095
38412	54097
38413	54098
38414	54100
38415	54102
38416	54104
38417	54105
38418	54107
38419	54107
38420	54108
38421	54109
38422	54111
38423	54112
38424	54113
38425	54115
38426	54117
38427	54119
38428	54119
38429	54121
38430	54123
38431	54125
38432	54126
38433	54128
38434	54130
38435	54132
38436	54133
38437	54134
38438	54136
38439	54138
38440	54140
38441	54141
38442	54143
38443	54145
38444	54145
38445	54146
38446	54148
38447	54150
38448	54152
38449	54153
38450	54155
38451	54156
38452	54158
38453	54159
38454	54160
38455	54161
38456	54163
38457	54164
38458	54166
38459	54167
38460	54169
38461	54171
38462	54173
38463	54173
38464	54174
38465	54176
38466	54178
38467	54180
38468	54180
38469	54181
38470	54183
38471	54185
38472	54187
38473	54189
38474	54190
38475	54192
38476	54194
38477	54195
38478	54197
38479	54198
38480	54200
38481	54202
38482	54203
38483	54205
38484	54207
38485	54209
38486	54211
38487	54213
38488	54215
38489	54217
38490	54218
38491	54220
38492	54222
38493	54224
38494	54226
38495	54228
38496	54230
38497	54231
38498	54233
38499	54234
38500	54235
38501	54237
38502	54239
38503	54241
38504	54243
38505	54244
38506	54246
38507	54246
38508	54247
38509	54248
38510	54250
38511	54252
38512	54254
38513	54254
38514	54256
38515	54257
38516	54258
38517	54259
38518	54260
38519	54261
38520	54263
38521	54265
38522	54266
38523	54268
38524	54270
38525	54272
38526	54274
38527	54275
38528	54277
38529	54279
38530	54281
38531	54283
38532	54285
38533	54286
38534	54288
38535	54290
38536	54292
38537	54294
38538	54296
38539	54296
38540	54298
38541	54300
38542	54302
38543	54302
38544	54304
38545	54306
38546	54308
38547	54310
38548	54311
38549	54313
38550	54314
38551	54316
38552	54318
38553	54320
38554	54322
38555	54324
38556	54325
38557	54327
38558	54328
38559	54330
38560	54332
38561	54334
38562	54336
38563	54337
38564	54338
38565	54340
38566	54342
38567	54344
38568	54346
38569	54348
38570	54350
38571	54351
38572	54353
38573	54354
38574	54356
38575	54358
38576	54360
38577	54361
38578	54362
38579	54363
38580	54364
38581	54365
38582	54366
38583	54368
38584	54370
38585	54372
38586	54374
38587	54376
38588	54377
38589	54377
38590	54379
38591	54381
38592	54382
38593	54383
38594	54384
38595	54385
38596	54386
38597	54388
38598	54389
38599	54391
38600	54393
38601	54394
38602	54395
38603	54397
38604	54399
38605	54401
38606	54402
38607	54403
38608	54405
38609	54407
38610	54409
38611	54411
38612	54412
38613	54414
38614	54416
38615	54418
38616	54419
38617	54420
38618	54422
38619	54423
38620	54424
38621	54425
38622	54426
38623	54428
38624	54430
38625	54432
38626	54434
38627	54435
38628	54437
38629	54439
38630	54441
38631	54443
38632	54445
38633	54447
38634	54449
38635	54450
38636	54452
38637	54454
38638	54456
38639	54458
38640	54459
38641	54460
38642	54461
38643	54462
38644	54463
38645	54464
38646	54466
38647	54468
38648	54470
38649	54472
38650	54474
38651	54476
38652	54477
38653	54479
38654	54480
38655	54482
38656	54484
38657	54485
38658	54487
38659	54489
38660	54491
38661	54493
38662	54495
38663	54497
38664	54499
38665	54501
38666	54503
38667	54504
38668	54506
38669	54506
38670	54508
38671	54508
38672	54509
38673	54511
38674	54511
38675	54512
38676	54514
38677	54516
38678	54518
38679	54520
38680	54521
38681	54522
38682	54524
38683	54526
38684	54528
38685	54530
38686	54532
38687	54534
38688	54536
38689	54536
38690	54538
38691	54540
38692	54542
38693	54543
38694	54545
38695	54547
38696	54548
38697	54550
38698	54552
38699	54554
38700	54555
38701	54557
38702	54558
38703	54560
38704	54562
38705	54563
38706	54565
38707	54566
38708	54567
38709	54568
38710	54568
38711	54570
38712	54572
38713	54574
38714	54576
38715	54578
38716	54580
38717	54582
38718	54584
38719	54585
38720	54587
38721	54589
38722	54590
38723	54591
38724	54593
38725	54594
38726	54594
38727	54595
38728	54596
38729	54598
38730	54600
38731	54601
38732	54602
38733	54604
38734	54606
38735	54608
38736	54609
38737	54610
38738	54612
38739	54613
38740	54615
38741	54617
38742	54619
38743	54620
38744	54622
38745	54624
38746	54626
38747	54628
38748	54630
38749	54631
38750	54632
38751	54633
38752	54635
38753	54637
38754	54639
38755	54639
38756	54641
38757	54642
38758	54643
38759	54645
38760	54645
38761	54647
38762	54649
38763	54650
38764	54652
38765	54654
38766	54655
38767	54657
38768	54659
38769	54661
38770	54663
38771	54665
38772	54667
38773	54668
38774	54669
38775	54671
38776	54672
38777	54673
38778	54674
38779	54675
38780	54677
38781	54678
38782	54679
38783	54681
38784	54682
38785	54684
38786	54686
38787	54688
38788	54690
38789	54692
38790	54693
38791	54695
38792	54696
38793	54697
38794	54699
38795	54701
38796	54702
38797	54703
38798	54704
38799	54706
38800	54708
38801	54710
38802	54711
38803	54712
38804	54714
38805	54715
38806	54715
38807	54716
38808	54718
38809	54718
38810	54720
38811	54721
38812	54722
38813	54724
38814	54726
38815	54726
38816	54728
38817	54730
38818	54732
38819	54733
38820	54734
38821	54736
38822	54738
38823	54740
38824	54742
38825	54744
38826	54746
38827	54748
38828	54750
38829	54752
38830	54754
38831	54756
38832	54757
38833	54758
38834	54760
38835	54762
38836	54764
38837	54766
38838	54768
38839	54769
38840	54769
38841	54771
38842	54773
38843	54775
38844	54776
38845	54778
38846	54779
38847	54781
38848	54783
38849	54784
38850	54786
38851	54787
38852	54789
38853	54790
38854	54792
38855	54792
38856	54794
38857	54796
38858	54797
38859	54799
38860	54801
38861	54802
38862	54804
38863	54806
38864	54808
38865	54809
38866	54811
38867	54813
38868	54815
38869	54817
38870	54817
38871	54818
38872	54820
38873	54821
38874	54823
38875	54825
38876	54827
38877	54828
38878	54830
38879	54832
38880	54834
38881	54836
38882	54838
38883	54838
38884	54840
38885	54842
38886	54844
38887	54846
38888	54848
38889	54849
38890	54851
38891	54853
38892	54854
38893	54856
38894	54857
38895	54858
38896	54859
38897	54860
38898	54862
38899	54863
38900	54865
38901	54866
38902	54867
38903	54869
38904	54871
38905	54873
38906	54874
38907	54876
38908	54877
38909	54879
38910	54881
38911	54882
38912	54884
38913	54886
38914	54887
38915	54888
38916	54890
38917	54892
38918	54892
38919	54893
38920	54895
38921	54897
38922	54899
38923	54901
38924	54903
38925	54905
38926	54907
38927	54909
38928	54910
38929	54912
38930	54914
38931	54916
38932	54918
38933	54920
38934	54921
38935	54923
38936	54924
38937	54926
38938	54927
38939	54928
38940	54929
38941	54931
38942	54932
38943	54934
38944	54936
38945	54938
38946	54939
38947	54940
38948	54941
38949	54943
38950	54945
38951	54947
38952	54947
38953	54949
38954	54951
38955	54953
38956	54953
38957	54954
38958	54956
38959	54957
38960	54958
38961	54960
38962	54961
38963	54963
38964	54964
38965	54965
38966	54967
38967	54967
38968	54967
38969	54969
38970	54971
38971	54972
38972	54973
38973	54974
38974	54976
38975	54977
38976	54979
38977	54981
38978	54982
38979	54984
38980	54984
38981	54985
38982	54986
38983	54988
38984	54990
38985	54991
38986	54992
38987	54994
38988	54994
38989	54996
38990	54997
38991	54998
38992	55000
38993	55001
38994	55003
38995	55005
38996	55006
38997	55008
38998	55010
38999	55011
39000	55013
39001	55015
39002	55016
39003	55018
39004	55019
39005	55021
39006	55023
39007	55025
39008	55025
39009	55027
39010	55028
39011	55030
39012	55032
39013	55034
39014	55036
39015	55037
39016	55039
39017	55039
39018	55040
39019	55041
39020	55042
39021	55042
39022	55044
39023	55044
39024	55045
39025	55047
39026	55048
39027	55049
39028	55050
39029	55052
39030	55054
39031	55056
39032	55058
39033	55059
39034	55061
39035	55061
39036	55063
39037	55064
39038	55065
39039	55067
39040	55069
39041	55071
39042	55072
39043	55074
39044	55076
39045	55078
39046	55080
39047	55081
39048	55082
39049	55083
39050	55085
39051	55087
39052	55087
39053	55088
39054	55089
39055	55091
39056	55093
39057	55095
39058	55097
39059	55099
39060	55101
39061	55102
39062	55103
39063	55105
39064	55107
39065	55108
39066	55109
39067	55111
39068	55113
39069	55114
39070	55115
39071	55116
39072	55118
39073	55120
39074	55122
39075	55124
39076	55126
39077	55128
39078	55128
39079	55128
39080	55130
39081	55131
39082	55133
39083	55134
39084	55136
39085	55138
39086	55140
39087	55142
39088	55144
39089	55146
39090	55148
39091	55148
39092	55149
39093	55151
39094	55153
39095	55155
39096	55157
39097	55158
39098	55159
39099	55160
39100	55162
39101	55164
39102	55165
39103	55167
39104	55169
39105	55170
39106	55171
39107	55173
39108	55174
39109	55176
39110	55178
39111	55180
39112	55182
39113	55184
39114	55184
39115	55186
39116	55188
39117	55189
39118	55190
39119	55192
39120	55194
39121	55195
39122	55196
39123	55198
39124	55200
39125	55202
39126	55204
39127	55206
39128	55208
39129	55210
39130	55210
39131	55212
39132	55212
39133	55213
39134	55214
39135	55216
39136	55218
39137	55218
39138	55220
39139	55222
39140	55224
39141	55226
39142	55227
39143	55228
39144	55229
39145	55231
39146	55232
39147	55233
39148	55235
39149	55237
39150	55239
39151	55241
39152	55242
39153	55244
39154	55245
39155	55245
39156	55247
39157	55248
39158	55250
39159	55251
39160	55253
39161	55254
39162	55256
39163	55258
39164	55260
39165	55262
39166	55263
39167	55264
39168	55266
39169	55268
39170	55270
39171	55272
39172	55273
39173	55275
39174	55276
39175	55277
39176	55279
39177	55279
39178	55280
39179	55281
39180	55283
39181	55284
39182	55286
39183	55288
39184	55290
39185	55292
39186	55294
39187	55296
39188	55297
39189	55299
39190	55299
39191	55301
39192	55301
39193	55302
39194	55303
39195	55305
39196	55307
39197	55309
39198	55311
39199	55312
39200	55314
39201	55315
39202	55316
39203	55317
39204	55318
39205	55320
39206	55321
39207	55322
39208	55323
39209	55325
39210	55327
39211	55328
39212	55330
39213	55331
39214	55332
39215	55334
39216	55336
39217	55338
39218	55340
39219	55341
39220	55343
39221	55344
39222	55346
39223	55347
39224	55348
39225	55349
39226	55351
39227	55352
39228	55354
39229	55355
39230	55357
39231	55359
39232	55360
39233	55362
39234	55364
39235	55366
39236	55367
39237	55368
39238	55370
39239	55371
39240	55373
39241	55375
39242	55377
39243	55377
39244	55378
39245	55380
39246	55382
39247	55384
39248	55385
39249	55386
39250	55388
39251	55389
39252	55391
39253	55393
39254	55395
39255	55397
39256	55398
39257	55400
39258	55401
39259	55401
39260	55402
39261	55404
39262	55406
39263	55408
39264	55409
39265	55410
39266	55411
39267	55412
39268	55414
39269	55416
39270	55417
39271	55419
39272	55421
39273	55422
39274	55424
39275	55426
39276	55427
39277	55429
39278	55431
39279	55433
39280	55435
39281	55436
39282	55438
39283	55439
39284	55441
39285	55443
39286	55443
39287	55444
39288	55445
39289	55447
39290	55448
39291	55450
39292	55452
39293	55453
39294	55455
39295	55457
39296	55458
39297	55459
39298	55460
39299	55461
39300	55463
39301	55465
39302	55466
39303	55466
39304	55468
39305	55469
39306	55471
39307	55473
39308	55475
39309	55477
39310	55479
39311	55480
39312	55480
39313	55482
39314	55484
39315	55486
39316	55488
39317	55488
39318	55490
39319	55492
39320	55494
39321	55496
39322	55498
39323	55499
39324	55501
39325	55502
39326	55503
39327	55505
39328	55506
39329	55508
39330	55510
39331	55511
39332	55513
39333	55513
39334	55515
39335	55517
39336	55519
39337	55520
39338	55522
39339	55524
39340	55526
39341	55528
39342	55529
39343	55531
39344	55533
39345	55535
39346	55536
39347	55536
39348	55538
39349	55540
39350	55540
39351	55541
39352	55543
39353	55545
39354	55547
39355	55549
39356	55551
39357	55552
39358	55553
39359	55555
39360	55557
39361	55557
39362	55559
39363	55561
39364	55563
39365	55564
39366	55564
39367	55566
39368	55567
39369	55569
39370	55571
39371	55572
39372	55573
39373	55574
39374	55576
39375	55577
39376	55579
39377	55581
39378	55583
39379	55583
39380	55584
39381	55586
39382	55588
39383	55588
39384	55590
39385	55592
39386	55594
39387	55596
39388	55597
39389	55599
39390	55601
39391	55603
39392	55605
39393	55607
39394	55609
39395	55611
39396	55613
39397	55615
39398	55617
39399	55619
39400	55620
39401	55621
39402	55621
39403	55621
39404	55621
39405	55622
39406	55624
39407	55626
39408	55627
39409	55629
39410	55631
39411	55632
39412	55634
39413	55636
39414	55637
39415	55639
39416	55640
39417	55642
39418	55644
39419	55646
39420	55648
39421	55649
39422	55651
39423	55653
39424	55655
39425	55657
39426	55659
39427	55661
39428	55662
39429	55663
39430	55665
39431	55667
39432	55669
39433	55671
39434	55673
39435	55675
39436	55677
39437	55679
39438	55681
39439	55682
39440	55684
39441	55685
39442	55686
39443	55687
39444	55689
39445	55691
39446	55693
39447	55694
39448	55695
39449	55695
39450	55697
39451	55699
39452	55699
39453	55700
39454	55700
39455	55702
39456	55704
39457	55706
39458	55708
39459	55710
39460	55712
39461	55714
39462	55716
39463	55718
39464	55719
39465	55721
39466	55723
39467	55725
39468	55726
39469	55728
39470	55729
39471	55730
39472	55732
39473	55734
39474	55735
39475	55736
39476	55738
39477	55740
39478	55742
39479	55744
39480	55746
39481	55746
39482	55747
39483	55749
39484	55750
39485	55751
39486	55752
39487	55754
39488	55756
39489	55758
39490	55760
39491	55762
39492	55764
39493	55765
39494	55767
39495	55768
39496	55770
39497	55771
39498	55773
39499	55774
39500	55776
39501	55778
39502	55779
39503	55781
39504	55782
39505	55784
39506	55786
39507	55788
39508	55790
39509	55791
39510	55793
39511	55795
39512	55797
39513	55798
39514	55800
39515	55802
39516	55804
39517	55805
39518	55807
39519	55808
39520	55809
39521	55810
39522	55811
39523	55812
39524	55814
39525	55816
39526	55818
39527	55818
39528	55818
39529	55820
39530	55821
39531	55822
39532	55823
39533	55825
39534	55827
39535	55828
39536	55829
39537	55831
39538	55833
39539	55835
39540	55836
39541	55838
39542	55840
39543	55842
39544	55843
39545	55843
39546	55844
39547	55845
39548	55847
39549	55849
39550	55850
39551	55852
39552	55854
39553	55856
39554	55858
39555	55859
39556	55861
39557	55862
39558	55863
39559	55865
39560	55866
39561	55868
39562	55869
39563	55870
39564	55871
39565	55873
39566	55875
39567	55877
39568	55879
39569	55881
39570	55883
39571	55884
39572	55886
39573	55888
39574	55890
39575	55892
39576	55893
39577	55895
39578	55897
39579	55899
39580	55901
39581	55902
39582	55904
39583	55906
39584	55907
39585	55908
39586	55910
39587	55911
39588	55912
39589	55913
39590	55914
39591	55916
39592	55918
39593	55920
39594	55922
39595	55923
39596	55924
39597	55926
39598	55928
39599	55929
39600	55931
39601	55932
39602	55934
39603	55936
39604	55936
39605	55937
39606	55939
39607	55941
39608	55942
39609	55942
39610	55944
39611	55945
39612	55946
39613	55947
39614	55949
39615	55951
39616	55951
39617	55951
39618	55953
39619	55955
39620	55957
39621	55959
39622	55961
39623	55961
39624	55963
39625	55965
39626	55966
39627	55968
39628	55969
39629	55970
39630	55971
39631	55973
39632	55975
39633	55976
39634	55976
39635	55976
39636	55976
39637	55977
39638	55979
39639	55980
39640	55982
39641	55984
39642	55986
39643	55988
39644	55989
39645	55991
39646	55992
39647	55993
39648	55995
39649	55997
39650	55999
39651	56001
39652	56003
39653	56004
39654	56006
39655	56008
39656	56010
39657	56011
39658	56012
39659	56014
39660	56015
39661	56017
39662	56019
39663	56021
39664	56023
39665	56023
39666	56025
39667	56026
39668	56027
39669	56029
39670	56031
39671	56033
39672	56035
39673	56036
39674	56037
39675	56038
39676	56038
39677	56040
39678	56041
39679	56042
39680	56044
39681	56044
39682	56046
39683	56048
39684	56048
39685	56050
39686	56050
39687	56051
39688	56053
39689	56054
39690	56054
39691	56055
39692	56056
39693	56058
39694	56060
39695	56061
39696	56061
39697	56062
39698	56064
39699	56066
39700	56067
39701	56069
39702	56071
39703	56073
39704	56075
39705	56075
39706	56077
39707	56078
39708	56079
39709	56080
39710	56081
39711	56083
39712	56085
39713	56085
39714	56087
39715	56089
39716	56091
39717	56092
39718	56094
39719	56096
39720	56097
39721	56099
39722	56101
39723	56102
39724	56104
39725	56106
39726	56106
39727	56106
39728	56108
39729	56109
39730	56110
39731	56112
39732	56114
39733	56115
39734	56115
39735	56117
39736	56119
39737	56119
39738	56121
39739	56122
39740	56124
39741	56126
39742	56128
39743	56130
39744	56132
39745	56133
39746	56135
39747	56137
39748	56139
39749	56141
39750	56143
39751	56145
39752	56147
39753	56149
39754	56149
39755	56151
39756	56152
39757	56154
39758	56156
39759	56157
39760	56159
39761	56161
39762	56163
39763	56164
39764	56166
39765	56168
39766	56170
39767	56172
39768	56172
39769	56172
39770	56174
39771	56176
39772	56177
39773	56179
39774	56181
39775	56183
39776	56185
39777	56186
39778	56188
39779	56189
39780	56191
39781	56193
39782	56195
39783	56197
39784	56198
39785	56200
39786	56202
39787	56204
39788	56206
39789	56207
39790	56209
39791	56211
39792	56213
39793	56214
39794	56215
39795	56217
39796	56218
39797	56220
39798	56221
39799	56223
39800	56225
39801	56226
39802	56228
39803	56230
39804	56232
39805	56234
39806	56236
39807	56238
39808	56240
39809	56241
39810	56243
39811	56244
39812	56246
39813	56247
39814	56247
39815	56249
39816	56250
39817	56251
39818	56251
39819	56251
39820	56252
39821	56253
39822	56254
39823	56256
39824	56257
39825	56259
39826	56261
39827	56263
39828	56265
39829	56265
39830	56266
39831	56267
39832	56269
39833	56270
39834	56271
39835	56272
39836	56274
39837	56274
39838	56274
39839	56275
39840	56277
39841	56279
39842	56280
39843	56280
39844	56282
39845	56284
39846	56285
39847	56287
39848	56289
39849	56289
39850	56289
39851	56289
39852	56290
39853	56291
39854	56293
39855	56295
39856	56296
39857	56297
39858	56298
39859	56300
39860	56302
39861	56303
39862	56305
39863	56307
39864	56309
39865	56311
39866	56313
39867	56315
39868	56316
39869	56318
39870	56319
39871	56321
39872	56323
39873	56324
39874	56326
39875	56328
39876	56330
39877	56331
39878	56333
39879	56335
39880	56336
39881	56338
39882	56339
39883	56340
39884	56340
39885	56340
39886	56342
39887	56343
39888	56345
39889	56347
39890	56349
39891	56351
39892	56353
39893	56354
39894	56355
39895	56356
39896	56357
39897	56359
39898	56360
39899	56362
39900	56364
39901	56365
39902	56366
39903	56367
39904	56368
39905	56370
39906	56372
39907	56373
39908	56375
39909	56377
39910	56379
39911	56380
39912	56382
39913	56384
39914	56385
39915	56387
39916	56388
39917	56390
39918	56392
39919	56394
39920	56395
39921	56395
39922	56397
39923	56398
39924	56400
39925	56401
39926	56401
39927	56402
39928	56403
39929	56405
39930	56407
39931	56409
39932	56411
39933	56413
39934	56415
39935	56417
39936	56419
39937	56420
39938	56422
39939	56422
39940	56424
39941	56426
39942	56428
39943	56429
39944	56430
39945	56432
39946	56433
39947	56435
39948	56437
39949	56438
39950	56439
39951	56441
39952	56443
39953	56444
39954	56446
39955	56448
39956	56450
39957	56452
39958	56454
39959	56456
39960	56456
39961	56457
39962	56457
39963	56459
39964	56460
39965	56462
39966	56462
39967	56462
39968	56464
39969	56466
39970	56467
39971	56469
39972	56471
39973	56472
39974	56473
39975	56474
39976	56474
39977	56474
39978	56475
39979	56475
39980	56477
39981	56479
39982	56481
39983	56483
39984	56484
39985	56486
39986	56487
39987	56489
39988	56491
39989	56493
39990	56495
39991	56496
39992	56497
39993	56499
39994	56501
39995	56503
39996	56505
39997	56506
39998	56507
39999	56509
40000	56511
40001	56512
40002	56514
40003	56515
40004	56517
40005	56519
40006	56521
40007	56523
40008	56525
40009	56527
40010	56528
40011	56529
40012	56531
40013	56533
40014	56534
40015	56535
40016	56536
40017	56537
40018	56538
40019	56540
40020	56542
40021	56544
40022	56546
40023	56548
40024	56550
40025	56551
40026	56553
40027	56554
40028	56555
40029	56557
40030	56559
40031	56561
40032	56563
40033	56565
40034	56567
40035	56569
40036	56571
40037	56573
40038	56574
40039	56575
40040	56575
40041	56575
40042	56577
40043	56578
40044	56580
40045	56582
40046	56584
40047	56585
40048	56585
40049	56586
40050	56587
40051	56589
40052	56591
40053	56593
40054	56594
40055	56596
40056	56597
40057	56599
40058	56600
40059	56601
40060	56603
40061	56605
40062	56607
40063	56609
40064	56610
40065	56612
40066	56614
40067	56616
40068	56617
40069	56619
40070	56621
40071	56622
40072	56623
40073	56624
40074	56625
40075	56627
40076	56628
40077	56628
40078	56628
40079	56629
40080	56631
40081	56633
40082	56635
40083	56637
40084	56639
40085	56639
40086	56640
40087	56641
40088	56642
40089	56642
40090	56643
40091	56644
40092	56645
40093	56647
40094	56648
40095	56649
40096	56650
40097	56650
40098	56652
40099	56654
40100	56656
40101	56658
40102	56660
40103	56662
40104	56664
40105	56666
40106	56666
40107	56668
40108	56670
40109	56671
40110	56672
40111	56674
40112	56676
40113	56677
40114	56679
40115	56680
40116	56681
40117	56683
40118	56684
40119	56686
40120	56687
40121	56688
40122	56688
40123	56689
40124	56691
40125	56693
40126	56695
40127	56696
40128	56698
40129	56700
40130	56702
40131	56703
40132	56703
40133	56704
40134	56706
40135	56707
40136	56709
40137	56710
40138	56712
40139	56713
40140	56715
40141	56717
40142	56719
40143	56719
40144	56721
40145	56723
40146	56724
40147	56726
40148	56728
40149	56728
40150	56730
40151	56732
40152	56733
40153	56735
40154	56736
40155	56737
40156	56738
40157	56740
40158	56741
40159	56742
40160	56744
40161	56745
40162	56747
40163	56748
40164	56749
40165	56751
40166	56751
40167	56751
40168	56753
40169	56753
40170	56754
40171	56755
40172	56756
40173	56758
40174	56759
40175	56760
40176	56761
40177	56761
40178	56763
40179	56764
40180	56765
40181	56767
40182	56769
40183	56771
40184	56773
40185	56775
40186	56776
40187	56778
40188	56779
40189	56780
40190	56782
40191	56784
40192	56786
40193	56788
40194	56789
40195	56790
40196	56791
40197	56793
40198	56794
40199	56794
40200	56796
40201	56797
40202	56799
40203	56801
40204	56803
40205	56804
40206	56805
40207	56806
40208	56807
40209	56809
40210	56810
40211	56810
40212	56812
40213	56812
40214	56812
40215	56812
40216	56812
40217	56812
40218	56814
40219	56815
40220	56816
40221	56818
40222	56820
40223	56822
40224	56824
40225	56826
40226	56828
40227	56829
40228	56830
40229	56831
40230	56832
40231	56833
40232	56834
40233	56836
40234	56838
40235	56840
40236	56841
40237	56843
40238	56844
40239	56845
40240	56846
40241	56848
40242	56848
40243	56848
40244	56849
40245	56851
40246	56853
40247	56855
40248	56856
40249	56856
40250	56856
40251	56857
40252	56859
40253	56860
40254	56861
40255	56863
40256	56864
40257	56865
40258	56866
40259	56868
40260	56870
40261	56872
40262	56874
40263	56876
40264	56877
40265	56878
40266	56879
40267	56881
40268	56881
40269	56883
40270	56885
40271	56886
40272	56888
40273	56890
40274	56891
40275	56892
40276	56894
40277	56896
40278	56898
40279	56899
40280	56901
40281	56903
40282	56904
40283	56905
40284	56907
40285	56909
40286	56911
40287	56911
40288	56912
40289	56913
40290	56915
40291	56917
40292	56919
40293	56921
40294	56923
40295	56924
40296	56925
40297	56926
40298	56928
40299	56928
40300	56930
40301	56932
40302	56933
40303	56934
40304	56936
40305	56938
40306	56940
40307	56941
40308	56942
40309	56944
40310	56946
40311	56947
40312	56949
40313	56951
40314	56952
40315	56953
40316	56954
40317	56954
40318	56954
40319	56956
40320	56958
40321	56959
40322	56961
40323	56962
40324	56964
40325	56965
40326	56967
40327	56969
40328	56971
40329	56972
40330	56974
40331	56975
40332	56976
40333	56976
40334	56977
40335	56979
40336	56980
40337	56980
40338	56982
40339	56983
40340	56983
40341	56984
40342	56986
40343	56987
40344	56989
40345	56991
40346	56993
40347	56995
40348	56996
40349	56997
40350	56998
40351	56998
40352	56999
40353	57001
40354	57003
40355	57005
40356	57007
40357	57008
40358	57010
40359	57012
40360	57014
40361	57016
40362	57017
40363	57019
40364	57020
40365	57022
40366	57024
40367	57026
40368	57026
40369	57026
40370	57027
40371	57029
40372	57031
40373	57033
40374	57033
40375	57033
40376	57034
40377	57036
40378	57038
40379	57040
40380	57041
40381	57043
40382	57044
40383	57046
40384	57047
40385	57049
40386	57050
40387	57052
40388	57053
40389	57055
40390	57057
40391	57059
40392	57060
40393	57062
40394	57064
40395	57066
40396	57068
40397	57069
40398	57071
40399	57073
40400	57075
40401	57075
40402	57076
40403	57078
40404	57079
40405	57079
40406	57080
40407	57081
40408	57082
40409	57083
40410	57085
40411	57085
40412	57087
40413	57087
40414	57089
40415	57091
40416	57092
40417	57094
40418	57095
40419	57096
40420	57097
40421	57099
40422	57100
40423	57102
40424	57103
40425	57105
40426	57107
40427	57108
40428	57110
40429	57111
40430	57112
40431	57114
40432	57116
40433	57118
40434	57120
40435	57120
40436	57122
40437	57124
40438	57125
40439	57127
40440	57129
40441	57131
40442	57133
40443	57135
40444	57137
40445	57138
40446	57140
40447	57141
40448	57143
40449	57145
40450	57147
40451	57148
40452	57149
40453	57151
40454	57152
40455	57154
40456	57156
40457	57156
40458	57158
40459	57160
40460	57162
40461	57164
40462	57166
40463	57167
40464	57169
40465	57170
40466	57171
40467	57173
40468	57175
40469	57176
40470	57178
40471	57180
40472	57181
40473	57183
40474	57185
40475	57186
40476	57188
40477	57190
40478	57191
40479	57193
40480	57194
40481	57196
40482	57198
40483	57200
40484	57202
40485	57204
40486	57206
40487	57208
40488	57209
40489	57210
40490	57211
40491	57212
40492	57213
40493	57214
40494	57215
40495	57217
40496	57218
40497	57220
40498	57220
40499	57221
40500	57222
40501	57224
40502	57225
40503	57226
40504	57228
40505	57230
40506	57232
40507	57234
40508	57236
40509	57238
40510	57238
40511	57240
40512	57242
40513	57244
40514	57246
40515	57247
40516	57249
40517	57251
40518	57253
40519	57255
40520	57256
40521	57258
40522	57260
40523	57261
40524	57262
40525	57264
40526	57266
40527	57266
40528	57268
40529	57270
40530	57272
40531	57273
40532	57275
40533	57276
40534	57278
40535	57280
40536	57280
40537	57280
40538	57282
40539	57282
40540	57282
40541	57284
40542	57286
40543	57288
40544	57289
40545	57291
40546	57291
40547	57293
40548	57294
40549	57296
40550	57296
40551	57297
40552	57297
40553	57299
40554	57300
40555	57301
40556	57303
40557	57305
40558	57307
40559	57308
40560	57310
40561	57312
40562	57313
40563	57315
40564	57317
40565	57318
40566	57320
40567	57320
40568	57320
40569	57321
40570	57322
40571	57323
40572	57325
40573	57326
40574	57327
40575	57329
40576	57331
40577	57333
40578	57334
40579	57336
40580	57338
40581	57340
40582	57341
40583	57343
40584	57344
40585	57346
40586	57346
40587	57348
40588	57350
40589	57351
40590	57352
40591	57354
40592	57355
40593	57357
40594	57359
40595	57360
40596	57361
40597	57362
40598	57364
40599	57365
40600	57366
40601	57368
40602	57369
40603	57370
40604	57371
40605	57373
40606	57375
40607	57376
40608	57378
40609	57380
40610	57381
40611	57382
40612	57384
40613	57386
40614	57387
40615	57389
40616	57391
40617	57393
40618	57395
40619	57396
40620	57398
40621	57400
40622	57402
40623	57403
40624	57405
40625	57407
40626	57407
40627	57408
40628	57408
40629	57410
40630	57411
40631	57412
40632	57414
40633	57416
40634	57417
40635	57418
40636	57420
40637	57422
40638	57423
40639	57424
40640	57426
40641	57428
40642	57429
40643	57430
40644	57431
40645	57431
40646	57431
40647	57433
40648	57434
40649	57435
40650	57436
40651	57438
40652	57440
40653	57441
40654	57443
40655	57444
40656	57445
40657	57447
40658	57449
40659	57450
40660	57451
40661	57453
40662	57454
40663	57456
40664	57458
40665	57460
40666	57461
40667	57463
40668	57465
40669	57466
40670	57468
40671	57470
40672	57471
40673	57472
40674	57474
40675	57475
40676	57476
40677	57478
40678	57479
40679	57481
40680	57483
40681	57485
40682	57487
40683	57489
40684	57490
40685	57491
40686	57492
40687	57492
40688	57494
40689	57494
40690	57496
40691	57498
40692	57500
40693	57500
40694	57501
40695	57503
40696	57504
40697	57506
40698	57507
40699	57508
40700	57510
40701	57511
40702	57512
40703	57514
40704	57516
40705	57517
40706	57519
40707	57520
40708	57520
40709	57521
40710	57522
40711	57523
40712	57525
40713	57525
40714	57526
40715	57528
40716	57530
40717	57531
40718	57533
40719	57534
40720	57536
40721	57538
40722	57539
40723	57541
40724	57542
40725	57544
40726	57544
40727	57545
40728	57546
40729	57548
40730	57549
40731	57551
40732	57552
40733	57554
40734	57556
40735	57557
40736	57559
40737	57561
40738	57563
40739	57564
40740	57566
40741	57566
40742	57568
40743	57570
40744	57571
40745	57573
40746	57575
40747	57575
40748	57577
40749	57578
40750	57580
40751	57582
40752	57584
40753	57585
40754	57586
40755	57587
40756	57589
40757	57591
40758	57593
40759	57595
40760	57596
40761	57596
40762	57597
40763	57599
40764	57600
40765	57602
40766	57602
40767	57604
40768	57606
40769	57607
40770	57609
40771	57611
40772	57613
40773	57615
40774	57617
40775	57619
40776	57621
40777	57621
40778	57622
40779	57623
40780	57623
40781	57625
40782	57626
40783	57628
40784	57630
40785	57631
40786	57631
40787	57633
40788	57635
40789	57637
40790	57639
40791	57640
40792	57642
40793	57644
40794	57646
40795	57648
40796	57650
40797	57652
40798	57654
40799	57655
40800	57657
40801	57658
40802	57660
40803	57661
40804	57663
40805	57663
40806	57665
40807	57666
40808	57668
40809	57670
40810	57671
40811	57672
40812	57674
40813	57674
40814	57676
40815	57678
40816	57680
40817	57682
40818	57684
40819	57684
40820	57686
40821	57687
40822	57687
40823	57688
40824	57690
40825	57692
40826	57693
40827	57695
40828	57697
40829	57699
40830	57701
40831	57703
40832	57705
40833	57707
40834	57708
40835	57710
40836	57712
40837	57714
40838	57715
40839	57717
40840	57719
40841	57720
40842	57721
40843	57722
40844	57724
40845	57726
40846	57728
40847	57730
40848	57732
40849	57734
40850	57736
40851	57737
40852	57739
40853	57741
40854	57743
40855	57745
40856	57747
40857	57749
40858	57750
40859	57752
40860	57754
40861	57755
40862	57757
40863	57758
40864	57760
40865	57761
40866	57763
40867	57763
40868	57764
40869	57764
40870	57766
40871	57768
40872	57768
40873	57769
40874	57770
40875	57772
40876	57774
40877	57776
40878	57778
40879	57780
40880	57782
40881	57782
40882	57783
40883	57785
40884	57787
40885	57789
40886	57791
40887	57793
40888	57794
40889	57796
40890	57798
40891	57798
40892	57799
40893	57799
40894	57800
40895	57801
40896	57803
40897	57805
40898	57806
40899	57808
40900	57810
40901	57812
40902	57814
40903	57816
40904	57817
40905	57818
40906	57820
40907	57821
40908	57823
40909	57825
40910	57826
40911	57827
40912	57829
40913	57830
40914	57832
40915	57833
40916	57835
40917	57836
40918	57838
40919	57839
40920	57840
40921	57842
40922	57844
40923	57846
40924	57848
40925	57850
40926	57852
40927	57853
40928	57855
40929	57857
40930	57859
40931	57860
40932	57862
40933	57862
40934	57864
40935	57866
40936	57868
40937	57870
40938	57871
40939	57873
40940	57873
40941	57875
40942	57877
40943	57878
40944	57879
40945	57881
40946	57882
40947	57884
40948	57885
40949	57885
40950	57886
40951	57888
40952	57890
40953	57891
40954	57892
40955	57894
40956	57895
40957	57897
40958	57899
40959	57901
40960	57903
40961	57905
40962	57905
40963	57907
40964	57908
40965	57910
40966	57912
40967	57914
40968	57916
40969	57917
40970	57918
40971	57920
40972	57921
40973	57923
40974	57925
40975	57926
40976	57928
40977	57929
40978	57931
40979	57932
40980	57934
40981	57936
40982	57938
40983	57939
40984	57940
40985	57942
40986	57942
40987	57942
40988	57943
40989	57945
40990	57946
40991	57948
40992	57950
40993	57950
40994	57951
40995	57952
40996	57954
40997	57956
40998	57957
40999	57958
41000	57959
41001	57961
41002	57961
41003	57963
41004	57965
41005	57966
41006	57967
41007	57968
41008	57970
41009	57972
41010	57974
41011	57976
41012	57978
41013	57980
41014	57982
41015	57983
41016	57984
41017	57985
41018	57987
41019	57989
41020	57991
41021	57993
41022	57995
41023	57996
41024	57997
41025	57998
41026	58000
41027	58001
41028	58003
41029	58005
41030	58006
41031	58008
41032	58010
41033	58011
41034	58011
41035	58012
41036	58014
41037	58016
41038	58018
41039	58020
41040	58022
41041	58024
41042	58026
41043	58028
41044	58030
41045	58030
41046	58032
41047	58034
41048	58035
41049	58037
41050	58039
41051	58041
41052	58042
41053	58043
41054	58044
41055	58046
41056	58047
41057	58049
41058	58049
41059	58051
41060	58053
41061	58054
41062	58056
41063	58056
41064	58058
41065	58060
41066	58062
41067	58064
41068	58066
41069	58067
41070	58069
41071	58071
41072	58073
41073	58074
41074	58076
41075	58078
41076	58080
41077	58082
41078	58083
41079	58085
41080	58087
41081	58088
41082	58089
41083	58090
41084	58092
41085	58094
41086	58094
41087	58096
41088	58097
41089	58099
41090	58101
41091	58103
41092	58104
41093	58106
41094	58107
41095	58109
41096	58111
41097	58113
41098	58115
41099	58117
41100	58118
41101	58119
41102	58121
41103	58121
41104	58121
41105	58123
41106	58124
41107	58126
41108	58127
41109	58128
41110	58129
41111	58130
41112	58132
41113	58134
41114	58136
41115	58138
41116	58139
41117	58140
41118	58141
41119	58142
41120	58143
41121	58145
41122	58147
41123	58148
41124	58150
41125	58151
41126	58152
41127	58154
41128	58156
41129	58157
41130	58159
41131	58160
41132	58162
41133	58164
41134	58166
41135	58168
41136	58170
41137	58171
41138	58173
41139	58174
41140	58174
41141	58175
41142	58177
41143	58178
41144	58179
41145	58181
41146	58183
41147	58184
41148	58186
41149	58186
41150	58188
41151	58189
41152	58189
41153	58191
41154	58193
41155	58194
41156	58196
41157	58198
41158	58200
41159	58202
41160	58203
41161	58205
41162	58206
41163	58208
41164	58209
41165	58211
41166	58213
41167	58215
41168	58217
41169	58219
41170	58221
41171	58223
41172	58225
41173	58226
41174	58226
41175	58228
41176	58229
41177	58231
41178	58233
41179	58233
41180	58235
41181	58237
41182	58239
41183	58241
41184	58243
41185	58244
41186	58246
41187	58247
41188	58248
41189	58250
41190	58252
41191	58253
41192	58255
41193	58257
41194	58257
41195	58259
41196	58260
41197	58261
41198	58263
41199	58265
41200	58267
41201	58269
41202	58269
41203	58270
41204	58271
41205	58273
41206	58275
41207	58277
41208	58278
41209	58280
41210	58282
41211	58283
41212	58284
41213	58285
41214	58286
41215	58287
41216	58289
41217	58291
41218	58293
41219	58294
41220	58296
41221	58298
41222	58300
41223	58301
41224	58303
41225	58304
41226	58306
41227	58308
41228	58310
41229	58312
41230	58314
41231	58315
41232	58317
41233	58319
41234	58321
41235	58323
41236	58325
41237	58327
41238	58328
41239	58330
41240	58330
41241	58332
41242	58333
41243	58335
41244	58337
41245	58339
41246	58341
41247	58343
41248	58345
41249	58347
41250	58348
41251	58349
41252	58351
41253	58352
41254	58354
41255	58355
41256	58356
41257	58356
41258	58356
41259	58358
41260	58360
41261	58362
41262	58362
41263	58364
41264	58366
41265	58367
41266	58369
41267	58370
41268	58372
41269	58374
41270	58375
41271	58375
41272	58377
41273	58378
41274	58379
41275	58381
41276	58383
41277	58385
41278	58386
41279	58387
41280	58389
41281	58391
41282	58393
41283	58394
41284	58395
41285	58396
41286	58398
41287	58399
41288	58400
41289	58401
41290	58403
41291	58404
41292	58405
41293	58405
41294	58407
41295	58409
41296	58409
41297	58410
41298	58412
41299	58413
41300	58415
41301	58416
41302	58416
41303	58418
41304	58420
41305	58422
41306	58424
41307	58425
41308	58427
41309	58428
41310	58430
41311	58432
41312	58433
41313	58435
41314	58437
41315	58439
41316	58441
41317	58442
41318	58444
41319	58445
41320	58447
41321	58449
41322	58451
41323	58452
41324	58453
41325	58455
41326	58457
41327	58459
41328	58461
41329	58463
41330	58465
41331	58467
41332	58469
41333	58470
41334	58471
41335	58471
41336	58471
41337	58472
41338	58473
41339	58475
41340	58477
41341	58477
41342	58478
41343	58480
41344	58481
41345	58483
41346	58485
41347	58486
41348	58487
41349	58488
41350	58489
41351	58490
41352	58492
41353	58493
41354	58495
41355	58497
41356	58499
41357	58499
41358	58499
41359	58501
41360	58503
41361	58504
41362	58506
41363	58508
41364	58510
41365	58512
41366	58513
41367	58515
41368	58517
41369	58519
41370	58520
41371	58521
41372	58522
41373	58523
41374	58524
41375	58526
41376	58528
41377	58529
41378	58531
41379	58533
41380	58534
41381	58536
41382	58538
41383	58539
41384	58541
41385	58543
41386	58543
41387	58545
41388	58547
41389	58549
41390	58551
41391	58553
41392	58554
41393	58556
41394	58558
41395	58559
41396	58561
41397	58563
41398	58564
41399	58565
41400	58566
41401	58568
41402	58569
41403	58570
41404	58572
41405	58573
41406	58575
41407	58576
41408	58578
41409	58578
41410	58580
41411	58580
41412	58582
41413	58583
41414	58584
41415	58585
41416	58587
41417	58589
41418	58591
41419	58593
41420	58595
41421	58597
41422	58598
41423	58598
41424	58600
41425	58602
41426	58603
41427	58604
41428	58606
41429	58607
41430	58609
41431	58610
41432	58611
41433	58612
41434	58614
41435	58616
41436	58618
41437	58619
41438	58621
41439	58623
41440	58625
41441	58627
41442	58629
41443	58630
41444	58631
41445	58633
41446	58634
41447	58636
41448	58638
41449	58640
41450	58642
41451	58643
41452	58645
41453	58647
41454	58649
41455	58650
41456	58652
41457	58653
41458	58654
41459	58654
41460	58656
41461	58657
41462	58659
41463	58659
41464	58661
41465	58662
41466	58662
41467	58663
41468	58665
41469	58666
41470	58667
41471	58669
41472	58670
41473	58671
41474	58673
41475	58673
41476	58674
41477	58676
41478	58678
41479	58680
41480	58681
41481	58683
41482	58684
41483	58686
41484	58688
41485	58689
41486	58691
41487	58693
41488	58695
41489	58695
41490	58696
41491	58697
41492	58699
41493	58700
41494	58701
41495	58702
41496	58704
41497	58706
41498	58708
41499	58710
41500	58712
41501	58713
41502	58714
41503	58715
41504	58717
41505	58719
41506	58721
41507	58722
41508	58724
41509	58725
41510	58726
41511	58728
41512	58730
41513	58732
41514	58733
41515	58734
41516	58735
41517	58736
41518	58738
41519	58740
41520	58742
41521	58744
41522	58746
41523	58748
41524	58750
41525	58751
41526	58753
41527	58755
41528	58755
41529	58757
41530	58759
41531	58761
41532	58763
41533	58763
41534	58765
41535	58767
41536	58768
41537	58770
41538	58772
41539	58774
41540	58776
41541	58777
41542	58778
41543	58779
41544	58781
41545	58782
41546	58784
41547	58785
41548	58786
41549	58788
41550	58788
41551	58790
41552	58792
41553	58794
41554	58796
41555	58798
41556	58800
41557	58802
41558	58804
41559	58806
41560	58808
41561	58809
41562	58811
41563	58812
41564	58812
41565	58813
41566	58814
41567	58816
41568	58818
41569	58819
41570	58821
41571	58822
41572	58824
41573	58826
41574	58828
41575	58830
41576	58831
41577	58832
41578	58833
41579	58834
41580	58835
41581	58837
41582	58838
41583	58840
41584	58841
41585	58842
41586	58843
41587	58844
41588	58846
41589	58847
41590	58848
41591	58849
41592	58851
41593	58853
41594	58853
41595	58854
41596	58854
41597	58856
41598	58858
41599	58858
41600	58860
41601	58862
41602	58864
41603	58865
41604	58865
41605	58866
41606	58868
41607	58869
41608	58871
41609	58872
41610	58873
41611	58874
41612	58876
41613	58878
41614	58880
41615	58881
41616	58883
41617	58885
41618	58887
41619	58889
41620	58890
41621	58891
41622	58892
41623	58894
41624	58896
41625	58898
41626	58900
41627	58902
41628	58904
41629	58906
41630	58908
41631	58909
41632	58910
41633	58912
41634	58913
41635	58915
41636	58916
41637	58917
41638	58919
41639	58920
41640	58921
41641	58923
41642	58925
41643	58927
41644	58929
41645	58930
41646	58932
41647	58934
41648	58935
41649	58937
41650	58938
41651	58939
41652	58941
41653	58942
41654	58943
41655	58944
41656	58946
41657	58948
41658	58950
41659	58952
41660	58954
41661	58956
41662	58958
41663	58959
41664	58960
41665	58961
41666	58963
41667	58965
41668	58966
41669	58968
41670	58969
41671	58971
41672	58973
41673	58974
41674	58976
41675	58976
41676	58976
41677	58977
41678	58978
41679	58979
41680	58981
41681	58983
41682	58985
41683	58986
41684	58987
41685	58989
41686	58991
41687	58993
41688	58994
41689	58996
41690	58998
41691	59000
41692	59001
41693	59002
41694	59004
41695	59006
41696	59007
41697	59009
41698	59011
41699	59011
41700	59012
41701	59014
41702	59016
41703	59017
41704	59019
41705	59020
41706	59021
41707	59023
41708	59024
41709	59026
41710	59028
41711	59028
41712	59030
41713	59031
41714	59033
41715	59034
41716	59034
41717	59035
41718	59037
41719	59039
41720	59041
41721	59043
41722	59044
41723	59045
41724	59046
41725	59047
41726	59047
41727	59049
41728	59050
41729	59051
41730	59052
41731	59054
41732	59055
41733	59057
41734	59059
41735	59061
41736	59063
41737	59065
41738	59067
41739	59069
41740	59071
41741	59071
41742	59073
41743	59075
41744	59077
41745	59078
41746	59080
41747	59082
41748	59084
41749	59086
41750	59088
41751	59088
41752	59090
41753	59092
41754	59093
41755	59093
41756	59095
41757	59097
41758	59098
41759	59100
41760	59102
41761	59103
41762	59104
41763	59105
41764	59107
41765	59109
41766	59110
41767	59112
41768	59114
41769	59115
41770	59117
41771	59119
41772	59121
41773	59122
41774	59123
41775	59125
41776	59126
41777	59128
41778	59130
41779	59132
41780	59132
41781	59134
41782	59135
41783	59136
41784	59138
41785	59140
41786	59142
41787	59143
41788	59145
41789	59147
41790	59149
41791	59151
41792	59153
41793	59155
41794	59157
41795	59158
41796	59160
41797	59161
41798	59162
41799	59164
41800	59166
41801	59168
41802	59170
41803	59171
41804	59172
41805	59173
41806	59175
41807	59177
41808	59178
41809	59179
41810	59180
41811	59182
41812	59184
41813	59186
41814	59187
41815	59189
41816	59190
41817	59191
41818	59192
41819	59193
41820	59195
41821	59197
41822	59199
41823	59200
41824	59202
41825	59202
41826	59204
41827	59204
41828	59204
41829	59205
41830	59207
41831	59208
41832	59209
41833	59210
41834	59212
41835	59214
41836	59214
41837	59216
41838	59216
41839	59218
41840	59220
41841	59222
41842	59223
41843	59225
41844	59226
41845	59227
41846	59229
41847	59231
41848	59233
41849	59235
41850	59235
41851	59237
41852	59238
41853	59240
41854	59241
41855	59242
41856	59243
41857	59244
41858	59245
41859	59246
41860	59248
41861	59250
41862	59252
41863	59254
41864	59254
41865	59255
41866	59255
41867	59256
41868	59256
41869	59258
41870	59260
41871	59262
41872	59264
41873	59266
41874	59267
41875	59269
41876	59271
41877	59273
41878	59274
41879	59276
41880	59278
41881	59280
41882	59282
41883	59284
41884	59284
41885	59286
41886	59287
41887	59289
41888	59291
41889	59293
41890	59294
41891	59296
41892	59297
41893	59298
41894	59300
41895	59302
41896	59304
41897	59305
41898	59307
41899	59308
41900	59308
41901	59309
41902	59310
41903	59312
41904	59314
41905	59316
41906	59317
41907	59319
41908	59321
41909	59323
41910	59325
41911	59327
41912	59329
41913	59331
41914	59332
41915	59333
41916	59334
41917	59336
41918	59338
41919	59339
41920	59341
41921	59342
41922	59344
41923	59346
41924	59348
41925	59350
41926	59350
41927	59352
41928	59354
41929	59356
41930	59358
41931	59360
41932	59362
41933	59364
41934	59364
41935	59366
41936	59367
41937	59369
41938	59370
41939	59371
41940	59373
41941	59375
41942	59375
41943	59377
41944	59379
41945	59381
41946	59383
41947	59383
41948	59384
41949	59385
41950	59387
41951	59389
41952	59390
41953	59392
41954	59394
41955	59395
41956	59397
41957	59398
41958	59398
41959	59398
41960	59399
41961	59401
41962	59402
41963	59403
41964	59405
41965	59406
41966	59408
41967	59408
41968	59409
41969	59411
41970	59412
41971	59413
41972	59415
41973	59416
41974	59418
41975	59419
41976	59420
41977	59421
41978	59422
41979	59424
41980	59425
41981	59426
41982	59428
41983	59430
41984	59431
41985	59433
41986	59435
41987	59437
41988	59437
41989	59439
41990	59440
41991	59442
41992	59444
41993	59444
41994	59445
41995	59446
41996	59448
41997	59450
41998	59451
41999	59452
42000	59453
42001	59454
42002	59455
42003	59457
42004	59459
42005	59461
42006	59461
42007	59463
42008	59465
42009	59467
42010	59469
42011	59470
42012	59471
42013	59471
42014	59471
42015	59472
42016	59472
42017	59473
42018	59475
42019	59475
42020	59476
42021	59477
42022	59479
42023	59481
42024	59482
42025	59484
42026	59485
42027	59487
42028	59489
42029	59491
42030	59493
42031	59494
42032	59496
42033	59497
42034	59499
42035	59500
42036	59502
42037	59503
42038	59503
42039	59503
42040	59505
42041	59507
42042	59509
42043	59511
42044	59513
42045	59515
42046	59517
42047	59518
42048	59519
42049	59520
42050	59522
42051	59524
42052	59525
42053	59526
42054	59528
42055	59529
42056	59531
42057	59532
42058	59532
42059	59534
42060	59536
42061	59538
42062	59540
42063	59541
42064	59543
42065	59545
42066	59547
42067	59549
42068	59549
42069	59549
42070	59550
42071	59552
42072	59554
42073	59556
42074	59558
42075	59560
42076	59561
42077	59562
42078	59563
42079	59565
42080	59567
42081	59569
42082	59571
42083	59571
42084	59573
42085	59575
42086	59577
42087	59578
42088	59580
42089	59581
42090	59583
42091	59585
42092	59586
42093	59588
42094	59590
42095	59592
42096	59593
42097	59593
42098	59594
42099	59595
42100	59596
42101	59598
42102	59600
42103	59601
42104	59603
42105	59604
42106	59605
42107	59606
42108	59608
42109	59610
42110	59612
42111	59612
42112	59613
42113	59615
42114	59616
42115	59618
42116	59620
42117	59621
42118	59623
42119	59625
42120	59626
42121	59628
42122	59629
42123	59631
42124	59633
42125	59634
42126	59635
42127	59637
42128	59639
42129	59640
42130	59642
42131	59643
42132	59644
42133	59645
42134	59647
42135	59647
42136	59649
42137	59650
42138	59651
42139	59652
42140	59653
42141	59655
42142	59657
42143	59659
42144	59660
42145	59660
42146	59661
42147	59663
42148	59663
42149	59665
42150	59667
42151	59669
42152	59671
42153	59672
42154	59674
42155	59676
42156	59678
42157	59680
42158	59682
42159	59684
42160	59686
42161	59687
42162	59688
42163	59690
42164	59692
42165	59694
42166	59696
42167	59698
42168	59698
42169	59698
42170	59698
42171	59700
42172	59701
42173	59703
42174	59705
42175	59706
42176	59707
42177	59708
42178	59710
42179	59712
42180	59714
42181	59715
42182	59717
42183	59719
42184	59721
42185	59723
42186	59725
42187	59726
42188	59728
42189	59730
42190	59731
42191	59733
42192	59734
42193	59736
42194	59737
42195	59739
42196	59741
42197	59742
42198	59744
42199	59745
42200	59747
42201	59749
42202	59751
42203	59753
42204	59754
42205	59755
42206	59757
42207	59757
42208	59759
42209	59761
42210	59763
42211	59765
42212	59766
42213	59768
42214	59770
42215	59772
42216	59773
42217	59775
42218	59777
42219	59779
42220	59780
42221	59781
42222	59781
42223	59783
42224	59784
42225	59785
42226	59785
42227	59785
42228	59787
42229	59789
42230	59791
42231	59793
42232	59794
42233	59796
42234	59797
42235	59798
42236	59800
42237	59801
42238	59803
42239	59804
42240	59806
42241	59808
42242	59810
42243	59812
42244	59813
42245	59814
42246	59816
42247	59817
42248	59818
42249	59820
42250	59821
42251	59823
42252	59824
42253	59826
42254	59828
42255	59830
42256	59831
42257	59832
42258	59834
42259	59836
42260	59837
42261	59839
42262	59840
42263	59842
42264	59843
42265	59845
42266	59847
42267	59848
42268	59850
42269	59852
42270	59853
42271	59855
42272	59857
42273	59859
42274	59861
42275	59862
42276	59863
42277	59863
42278	59864
42279	59865
42280	59867
42281	59869
42282	59869
42283	59871
42284	59873
42285	59874
42286	59875
42287	59877
42288	59878
42289	59879
42290	59880
42291	59882
42292	59884
42293	59886
42294	59887
42295	59888
42296	59890
42297	59892
42298	59893
42299	59894
42300	59896
42301	59898
42302	59899
42303	59901
42304	59902
42305	59904
42306	59905
42307	59906
42308	59908
42309	59910
42310	59912
42311	59913
42312	59915
42313	59916
42314	59918
42315	59919
42316	59920
42317	59922
42318	59923
42319	59924
42320	59925
42321	59926
42322	59928
42323	59930
42324	59932
42325	59934
42326	59936
42327	59938
42328	59940
42329	59942
42330	59944
42331	59945
42332	59947
42333	59948
42334	59950
42335	59951
42336	59953
42337	59955
42338	59957
42339	59959
42340	59961
42341	59961
42342	59962
42343	59963
42344	59964
42345	59966
42346	59967
42347	59969
42348	59971
42349	59972
42350	59974
42351	59975
42352	59977
42353	59978
42354	59979
42355	59981
42356	59982
42357	59984
42358	59986
42359	59987
42360	59989
42361	59991
42362	59991
42363	59992
42364	59994
42365	59996
42366	59996
42367	59998
42368	60000
42369	60001
42370	60002
42371	60004
42372	60006
42373	60007
42374	60007
42375	60009
42376	60010
42377	60012
42378	60013
42379	60013
42380	60014
42381	60015
42382	60017
42383	60019
42384	60020
42385	60022
42386	60024
42387	60026
42388	60026
42389	60027
42390	60028
42391	60029
42392	60031
42393	60033
42394	60034
42395	60036
42396	60038
42397	60039
42398	60040
42399	60042
42400	60042
42401	60044
42402	60046
42403	60048
42404	60049
42405	60050
42406	60052
42407	60053
42408	60055
42409	60056
42410	60057
42411	60057
42412	60057
42413	60058
42414	60060
42415	60062
42416	60063
42417	60065
42418	60066
42419	60066
42420	60066
42421	60067
42422	60068
42423	60069
42424	60071
42425	60072
42426	60073
42427	60075
42428	60076
42429	60078
42430	60079
42431	60080
42432	60082
42433	60084
42434	60086
42435	60088
42436	60089
42437	60090
42438	60092
42439	60094
42440	60096
42441	60098
42442	60099
42443	60100
42444	60102
42445	60102
42446	60103
42447	60103
42448	60105
42449	60106
42450	60108
42451	60108
42452	60110
42453	60112
42454	60113
42455	60114
42456	60116
42457	60118
42458	60119
42459	60121
42460	60122
42461	60124
42462	60125
42463	60127
42464	60129
42465	60130
42466	60132
42467	60133
42468	60135
42469	60136
42470	60138
42471	60140
42472	60141
42473	60143
42474	60144
42475	60146
42476	60146
42477	60146
42478	60146
42479	60148
42480	60148
42481	60149
42482	60151
42483	60152
42484	60154
42485	60156
42486	60158
42487	60159
42488	60161
42489	60161
42490	60162
42491	60163
42492	60165
42493	60167
42494	60168
42495	60169
42496	60170
42497	60171
42498	60173
42499	60173
42500	60174
42501	60176
42502	60178
42503	60180
42504	60182
42505	60183
42506	60185
42507	60187
42508	60188
42509	60189
42510	60190
42511	60192
42512	60193
42513	60194
42514	60194
42515	60195
42516	60196
42517	60198
42518	60199
42519	60200
42520	60201
42521	60202
42522	60204
42523	60205
42524	60206
42525	60207
42526	60209
42527	60211
42528	60213
42529	60215
42530	60217
42531	60219
42532	60220
42533	60221
42534	60222
42535	60224
42536	60226
42537	60227
42538	60228
42539	60230
42540	60231
42541	60232
42542	60233
42543	60235
42544	60236
42545	60237
42546	60239
42547	60241
42548	60241
42549	60242
42550	60244
42551	60246
42552	60247
42553	60249
42554	60250
42555	60252
42556	60254
42557	60255
42558	60257
42559	60257
42560	60259
42561	60261
42562	60263
42563	60265
42564	60267
42565	60267
42566	60269
42567	60269
42568	60271
42569	60272
42570	60274
42571	60274
42572	60274
42573	60276
42574	60277
42575	60278
42576	60279
42577	60279
42578	60279
42579	60280
42580	60282
42581	60283
42582	60285
42583	60287
42584	60288
42585	60289
42586	60291
42587	60292
42588	60294
42589	60296
42590	60298
42591	60300
42592	60300
42593	60302
42594	60302
42595	60303
42596	60305
42597	60306
42598	60308
42599	60310
42600	60311
42601	60313
42602	60314
42603	60316
42604	60318
42605	60320
42606	60321
42607	60322
42608	60324
42609	60326
42610	60327
42611	60327
42612	60328
42613	60329
42614	60330
42615	60331
42616	60332
42617	60334
42618	60336
42619	60338
42620	60339
42621	60341
42622	60343
42623	60343
42624	60345
42625	60346
42626	60346
42627	60348
42628	60350
42629	60351
42630	60353
42631	60354
42632	60354
42633	60355
42634	60356
42635	60357
42636	60359
42637	60361
42638	60363
42639	60363
42640	60365
42641	60365
42642	60366
42643	60366
42644	60368
42645	60369
42646	60371
42647	60373
42648	60375
42649	60377
42650	60379
42651	60380
42652	60382
42653	60384
42654	60385
42655	60385
42656	60386
42657	60387
42658	60389
42659	60390
42660	60392
42661	60394
42662	60396
42663	60397
42664	60399
42665	60399
42666	60401
42667	60403
42668	60404
42669	60406
42670	60408
42671	60410
42672	60411
42673	60412
42674	60413
42675	60414
42676	60415
42677	60417
42678	60417
42679	60419
42680	60420
42681	60421
42682	60422
42683	60424
42684	60425
42685	60426
42686	60426
42687	60427
42688	60429
42689	60431
42690	60433
42691	60435
42692	60435
42693	60437
42694	60439
42695	60441
42696	60443
42697	60444
42698	60446
42699	60448
42700	60449
42701	60450
42702	60452
42703	60454
42704	60455
42705	60456
42706	60458
42707	60460
42708	60462
42709	60464
42710	60466
42711	60467
42712	60468
42713	60469
42714	60471
42715	60472
42716	60473
42717	60474
42718	60476
42719	60477
42720	60478
42721	60478
42722	60480
42723	60482
42724	60483
42725	60485
42726	60487
42727	60489
42728	60489
42729	60491
42730	60491
42731	60492
42732	60493
42733	60493
42734	60494
42735	60494
42736	60496
42737	60498
42738	60499
42739	60501
42740	60502
42741	60504
42742	60505
42743	60506
42744	60507
42745	60509
42746	60510
42747	60510
42748	60512
42749	60513
42750	60514
42751	60514
42752	60515
42753	60517
42754	60519
42755	60521
42756	60523
42757	60524
42758	60526
42759	60528
42760	60530
42761	60530
42762	60531
42763	60531
42764	60533
42765	60535
42766	60536
42767	60536
42768	60538
42769	60540
42770	60542
42771	60544
42772	60546
42773	60548
42774	60549
42775	60551
42776	60553
42777	60554
42778	60556
42779	60558
42780	60559
42781	60561
42782	60563
42783	60564
42784	60566
42785	60566
42786	60568
42787	60570
42788	60572
42789	60574
42790	60576
42791	60578
42792	60579
42793	60581
42794	60583
42795	60584
42796	60586
42797	60588
42798	60590
42799	60592
42800	60594
42801	60594
42802	60594
42803	60596
42804	60597
42805	60597
42806	60599
42807	60601
42808	60603
42809	60604
42810	60605
42811	60607
42812	60609
42813	60611
42814	60611
42815	60611
42816	60612
42817	60612
42818	60614
42819	60616
42820	60618
42821	60618
42822	60618
42823	60620
42824	60620
42825	60621
42826	60621
42827	60622
42828	60624
42829	60626
42830	60627
42831	60628
42832	60629
42833	60631
42834	60632
42835	60633
42836	60635
42837	60637
42838	60638
42839	60640
42840	60642
42841	60644
42842	60644
42843	60646
42844	60648
42845	60649
42846	60650
42847	60652
42848	60653
42849	60655
42850	60657
42851	60659
42852	60661
42853	60663
42854	60665
42855	60666
42856	60667
42857	60669
42858	60670
42859	60671
42860	60673
42861	60674
42862	60675
42863	60676
42864	60678
42865	60680
42866	60682
42867	60683
42868	60685
42869	60687
42870	60689
42871	60691
42872	60693
42873	60693
42874	60695
42875	60697
42876	60698
42877	60700
42878	60702
42879	60704
42880	60705
42881	60707
42882	60709
42883	60711
42884	60713
42885	60715
42886	60717
42887	60718
42888	60719
42889	60721
42890	60723
42891	60724
42892	60725
42893	60727
42894	60728
42895	60730
42896	60731
42897	60733
42898	60735
42899	60737
42900	60739
42901	60740
42902	60741
42903	60742
42904	60743
42905	60745
42906	60746
42907	60747
42908	60747
42909	60749
42910	60750
42911	60751
42912	60752
42913	60753
42914	60754
42915	60756
42916	60758
42917	60758
42918	60759
42919	60761
42920	60762
42921	60764
42922	60766
42923	60767
42924	60768
42925	60768
42926	60769
42927	60771
42928	60772
42929	60774
42930	60775
42931	60776
42932	60778
42933	60780
42934	60782
42935	60784
42936	60786
42937	60787
42938	60789
42939	60791
42940	60793
42941	60794
42942	60796
42943	60798
42944	60799
42945	60800
42946	60802
42947	60804
42948	60805
42949	60807
42950	60809
42951	60811
42952	60813
42953	60813
42954	60815
42955	60816
42956	60818
42957	60818
42958	60818
42959	60820
42960	60822
42961	60824
42962	60825
42963	60827
42964	60829
42965	60830
42966	60830
42967	60831
42968	60833
42969	60835
42970	60836
42971	60838
42972	60840
42973	60840
42974	60841
42975	60843
42976	60845
42977	60846
42978	60847
42979	60849
42980	60851
42981	60852
42982	60852
42983	60853
42984	60854
42985	60856
42986	60858
42987	60860
42988	60860
42989	60862
42990	60864
42991	60865
42992	60866
42993	60867
42994	60869
42995	60871
42996	60873
42997	60874
42998	60875
42999	60877
43000	60878
43001	60880
43002	60881
43003	60881
43004	60882
43005	60882
43006	60882
43007	60883
43008	60885
43009	60887
43010	60889
43011	60890
43012	60892
43013	60894
43014	60895
43015	60896
43016	60897
43017	60898
43018	60899
43019	60900
43020	60901
43021	60902
43022	60904
43023	60905
43024	60907
43025	60909
43026	60911
43027	60912
43028	60914
43029	60914
43030	60916
43031	60916
43032	60918
43033	60919
43034	60921
43035	60922
43036	60924
43037	60926
43038	60928
43039	60928
43040	60929
43041	60931
43042	60933
43043	60935
43044	60937
43045	60939
43046	60941
43047	60942
43048	60943
43049	60945
43050	60947
43051	60948
43052	60949
43053	60950
43054	60952
43055	60954
43056	60956
43057	60958
43058	60960
43059	60962
43060	60963
43061	60964
43062	60966
43063	60968
43064	60970
43065	60972
43066	60972
43067	60974
43068	60975
43069	60977
43070	60979
43071	60981
43072	60983
43073	60985
43074	60987
43075	60988
43076	60989
43077	60990
43078	60991
43079	60992
43080	60992
43081	60994
43082	60994
43083	60996
43084	60997
43085	60999
43086	61001
43087	61003
43088	61005
43089	61006
43090	61008
43091	61010
43092	61011
43093	61013
43094	61015
43095	61016
43096	61017
43097	61019
43098	61021
43099	61022
43100	61024
43101	61026
43102	61026
43103	61027
43104	61028
43105	61029
43106	61031
43107	61033
43108	61035
43109	61037
43110	61038
43111	61040
43112	61041
43113	61042
43114	61044
43115	61044
43116	61046
43117	61048
43118	61050
43119	61050
43120	61051
43121	61053
43122	61053
43123	61055
43124	61056
43125	61058
43126	61059
43127	61060
43128	61061
43129	61063
43130	61065
43131	61066
43132	61068
43133	61069
43134	61070
43135	61072
43136	61073
43137	61075
43138	61076
43139	61078
43140	61080
43141	61082
43142	61083
43143	61085
43144	61087
43145	61087
43146	61088
43147	61090
43148	61092
43149	61092
43150	61093
43151	61095
43152	61095
43153	61095
43154	61097
43155	61099
43156	61101
43157	61102
43158	61103
43159	61104
43160	61106
43161	61108
43162	61110
43163	61111
43164	61113
43165	61115
43166	61117
43167	61119
43168	61120
43169	61122
43170	61123
43171	61125
43172	61125
43173	61125
43174	61127
43175	61127
43176	61128
43177	61130
43178	61132
43179	61134
43180	61135
43181	61135
43182	61137
43183	61139
43184	61141
43185	61143
43186	61145
43187	61147
43188	61147
43189	61147
43190	61148
43191	61150
43192	61151
43193	61152
43194	61152
43195	61153
43196	61154
43197	61156
43198	61158
43199	61160
43200	61162
43201	61162
43202	61163
43203	61165
43204	61165
43205	61165
43206	61166
43207	61168
43208	61169
43209	61171
43210	61172
43211	61174
43212	61175
43213	61175
43214	61176
43215	61178
43216	61180
43217	61182
43218	61184
43219	61184
43220	61185
43221	61185
43222	61187
43223	61189
43224	61190
43225	61190
43226	61191
43227	61192
43228	61194
43229	61195
43230	61197
43231	61198
43232	61200
43233	61200
43234	61201
43235	61202
43236	61204
43237	61206
43238	61207
43239	61207
43240	61207
43241	61209
43242	61210
43243	61210
43244	61212
43245	61213
43246	61214
43247	61216
43248	61217
43249	61219
43250	61221
43251	61223
43252	61225
43253	61227
43254	61228
43255	61230
43256	61232
43257	61234
43258	61236
43259	61238
43260	61240
43261	61242
43262	61243
43263	61244
43264	61246
43265	61247
43266	61248
43267	61248
43268	61248
43269	61250
43270	61252
43271	61254
43272	61256
43273	61258
43274	61259
43275	61260
43276	61261
43277	61261
43278	61263
43279	61263
43280	61264
43281	61265
43282	61266
43283	61268
43284	61270
43285	61272
43286	61274
43287	61274
43288	61276
43289	61278
43290	61279
43291	61281
43292	61283
43293	61284
43294	61285
43295	61286
43296	61288
43297	61290
43298	61290
43299	61291
43300	61293
43301	61295
43302	61297
43303	61299
43304	61301
43305	61302
43306	61304
43307	61306
43308	61308
43309	61309
43310	61310
43311	61312
43312	61314
43313	61316
43314	61318
43315	61320
43316	61320
43317	61321
43318	61323
43319	61325
43320	61327
43321	61328
43322	61330
43323	61331
43324	61332
43325	61334
43326	61336
43327	61337
43328	61337
43329	61338
43330	61340
43331	61342
43332	61344
43333	61346
43334	61348
43335	61350
43336	61350
43337	61352
43338	61354
43339	61356
43340	61358
43341	61359
43342	61361
43343	61363
43344	61364
43345	61365
43346	61366
43347	61367
43348	61369
43349	61370
43350	61371
43351	61373
43352	61375
43353	61376
43354	61378
43355	61378
43356	61379
43357	61381
43358	61382
43359	61384
43360	61386
43361	61388
43362	61390
43363	61392
43364	61393
43365	61393
43366	61394
43367	61396
43368	61397
43369	61399
43370	61401
43371	61403
43372	61404
43373	61405
43374	61407
43375	61408
43376	61409
43377	61411
43378	61412
43379	61414
43380	61415
43381	61416
43382	61418
43383	61419
43384	61420
43385	61421
43386	61422
43387	61424
43388	61426
43389	61428
43390	61430
43391	61431
43392	61433
43393	61435
43394	61437
43395	61438
43396	61440
43397	61441
43398	61443
43399	61443
43400	61444
43401	61446
43402	61446
43403	61448
43404	61449
43405	61450
43406	61451
43407	61453
43408	61454
43409	61455
43410	61457
43411	61459
43412	61460
43413	61462
43414	61464
43415	61465
43416	61465
43417	61467
43418	61468
43419	61470
43420	61471
43421	61472
43422	61473
43423	61473
43424	61474
43425	61476
43426	61478
43427	61480
43428	61481
43429	61482
43430	61484
43431	61485
43432	61486
43433	61487
43434	61489
43435	61491
43436	61492
43437	61493
43438	61495
43439	61496
43440	61497
43441	61498
43442	61499
43443	61500
43444	61501
43445	61503
43446	61505
43447	61507
43448	61509
43449	61511
43450	61513
43451	61514
43452	61515
43453	61517
43454	61519
43455	61519
43456	61521
43457	61521
43458	61523
43459	61524
43460	61526
43461	61527
43462	61529
43463	61531
43464	61533
43465	61535
43466	61537
43467	61538
43468	61539
43469	61539
43470	61540
43471	61541
43472	61543
43473	61545
43474	61547
43475	61549
43476	61551
43477	61553
43478	61555
43479	61556
43480	61557
43481	61559
43482	61560
43483	61561
43484	61562
43485	61564
43486	61566
43487	61566
43488	61568
43489	61570
43490	61572
43491	61573
43492	61575
43493	61575
43494	61576
43495	61577
43496	61579
43497	61581
43498	61583
43499	61583
43500	61585
43501	61587
43502	61589
43503	61591
43504	61593
43505	61594
43506	61596
43507	61598
43508	61600
43509	61602
43510	61603
43511	61605
43512	61606
43513	61608
43514	61610
43515	61611
43516	61613
43517	61615
43518	61616
43519	61617
43520	61618
43521	61618
43522	61619
43523	61619
43524	61619
43525	61620
43526	61622
43527	61622
43528	61624
43529	61626
43530	61627
43531	61629
43532	61630
43533	61632
43534	61634
43535	61635
43536	61635
43537	61636
43538	61637
43539	61639
43540	61641
43541	61643
43542	61644
43543	61645
43544	61645
43545	61647
43546	61648
43547	61649
43548	61651
43549	61653
43550	61655
43551	61657
43552	61659
43553	61660
43554	61662
43555	61663
43556	61665
43557	61667
43558	61669
43559	61670
43560	61671
43561	61672
43562	61674
43563	61676
43564	61678
43565	61679
43566	61680
43567	61681
43568	61682
43569	61682
43570	61684
43571	61686
43572	61687
43573	61689
43574	61690
43575	61691
43576	61693
43577	61694
43578	61695
43579	61697
43580	61699
43581	61700
43582	61702
43583	61703
43584	61704
43585	61706
43586	61708
43587	61709
43588	61711
43589	61712
43590	61713
43591	61715
43592	61716
43593	61718
43594	61720
43595	61722
43596	61724
43597	61726
43598	61728
43599	61730
43600	61731
43601	61733
43602	61733
43603	61735
43604	61737
43605	61739
43606	61740
43607	61742
43608	61744
43609	61745
43610	61746
43611	61747
43612	61748
43613	61750
43614	61751
43615	61753
43616	61755
43617	61756
43618	61756
43619	61757
43620	61759
43621	61761
43622	61762
43623	61764
43624	61766
43625	61767
43626	61769
43627	61771
43628	61773
43629	61773
43630	61774
43631	61775
43632	61776
43633	61777
43634	61779
43635	61781
43636	61782
43637	61784
43638	61786
43639	61788
43640	61790
43641	61791
43642	61792
43643	61793
43644	61794
43645	61794
43646	61796
43647	61798
43648	61800
43649	61801
43650	61801
43651	61801
43652	61802
43653	61803
43654	61805
43655	61805
43656	61807
43657	61809
43658	61810
43659	61811
43660	61813
43661	61815
43662	61817
43663	61819
43664	61819
43665	61820
43666	61822
43667	61824
43668	61825
43669	61826
43670	61828
43671	61830
43672	61830
43673	61832
43674	61834
43675	61835
43676	61836
43677	61838
43678	61839
43679	61840
43680	61841
43681	61843
43682	61844
43683	61846
43684	61847
43685	61849
43686	61850
43687	61851
43688	61853
43689	61855
43690	61857
43691	61859
43692	61860
43693	61862
43694	61864
43695	61866
43696	61867
43697	61869
43698	61870
43699	61870
43700	61872
43701	61873
43702	61875
43703	61875
43704	61875
43705	61877
43706	61879
43707	61880
43708	61882
43709	61883
43710	61884
43711	61886
43712	61887
43713	61888
43714	61890
43715	61892
43716	61894
43717	61894
43718	61894
43719	61895
43720	61896
43721	61897
43722	61898
43723	61898
43724	61900
43725	61902
43726	61904
43727	61906
43728	61906
43729	61908
43730	61910
43731	61911
43732	61913
43733	61914
43734	61915
43735	61916
43736	61917
43737	61918
43738	61918
43739	61919
43740	61921
43741	61923
43742	61925
43743	61927
43744	61928
43745	61930
43746	61932
43747	61934
43748	61936
43749	61937
43750	61939
43751	61940
43752	61942
43753	61944
43754	61946
43755	61947
43756	61948
43757	61950
43758	61952
43759	61954
43760	61956
43761	61957
43762	61957
43763	61959
43764	61961
43765	61961
43766	61962
43767	61963
43768	61965
43769	61967
43770	61969
43771	61970
43772	61972
43773	61974
43774	61974
43775	61975
43776	61977
43777	61977
43778	61978
43779	61980
43780	61982
43781	61984
43782	61986
43783	61986
43784	61988
43785	61990
43786	61992
43787	61994
43788	61995
43789	61997
43790	61999
43791	62000
43792	62001
43793	62001
43794	62003
43795	62004
43796	62005
43797	62006
43798	62008
43799	62009
43800	62010
43801	62011
43802	62012
43803	62014
43804	62015
43805	62017
43806	62019
43807	62021
43808	62023
43809	62024
43810	62024
43811	62025
43812	62027
43813	62029
43814	62030
43815	62031
43816	62032
43817	62034
43818	62036
43819	62038
43820	62040
43821	62041
43822	62042
43823	62044
43824	62046
43825	62048
43826	62049
43827	62050
43828	62052
43829	62053
43830	62054
43831	62054
43832	62055
43833	62057
43834	62058
43835	62060
43836	62062
43837	62063
43838	62065
43839	62066
43840	62067
43841	62068
43842	62070
43843	62070
43844	62071
43845	62073
43846	62074
43847	62075
43848	62075
43849	62076
43850	62078
43851	62080
43852	62082
43853	62084
43854	62085
43855	62087
43856	62089
43857	62090
43858	62091
43859	62092
43860	62093
43861	62094
43862	62096
43863	62097
43864	62097
43865	62099
43866	62100
43867	62102
43868	62104
43869	62105
43870	62106
43871	62108
43872	62110
43873	62111
43874	62113
43875	62115
43876	62117
43877	62119
43878	62121
43879	62123
43880	62124
43881	62126
43882	62126
43883	62127
43884	62129
43885	62130
43886	62132
43887	62134
43888	62134
43889	62134
43890	62136
43891	62137
43892	62138
43893	62140
43894	62142
43895	62143
43896	62145
43897	62147
43898	62148
43899	62150
43900	62152
43901	62154
43902	62154
43903	62156
43904	62157
43905	62158
43906	62160
43907	62162
43908	62164
43909	62165
43910	62166
43911	62168
43912	62170
43913	62171
43914	62172
43915	62174
43916	62175
43917	62177
43918	62178
43919	62180
43920	62181
43921	62182
43922	62183
43923	62185
43924	62187
43925	62187
43926	62188
43927	62190
43928	62191
43929	62191
43930	62193
43931	62194
43932	62195
43933	62196
43934	62196
43935	62197
43936	62198
43937	62199
43938	62201
43939	62203
43940	62204
43941	62206
43942	62207
43943	62208
43944	62208
43945	62210
43946	62210
43947	62211
43948	62213
43949	62215
43950	62215
43951	62216
43952	62218
43953	62220
43954	62221
43955	62222
43956	62224
43957	62225
43958	62227
43959	62229
43960	62230
43961	62232
43962	62233
43963	62234
43964	62236
43965	62237
43966	62239
43967	62241
43968	62243
43969	62243
43970	62245
43971	62246
43972	62247
43973	62249
43974	62251
43975	62253
43976	62255
43977	62257
43978	62259
43979	62260
43980	62261
43981	62263
43982	62264
43983	62266
43984	62268
43985	62269
43986	62271
43987	62273
43988	62275
43989	62276
43990	62276
43991	62278
43992	62280
43993	62281
43994	62283
43995	62285
43996	62287
43997	62289
43998	62290
43999	62292
44000	62294
44001	62296
44002	62297
44003	62299
44004	62301
44005	62302
44006	62304
44007	62306
44008	62307
44009	62309
44010	62310
44011	62311
44012	62313
44013	62314
44014	62316
44015	62318
44016	62320
44017	62322
44018	62323
44019	62324
44020	62326
44021	62327
44022	62329
44023	62330
44024	62330
44025	62331
44026	62332
44027	62333
44028	62335
44029	62336
44030	62338
44031	62340
44032	62340
44033	62342
44034	62344
44035	62345
44036	62346
44037	62348
44038	62350
44039	62352
44040	62354
44041	62356
44042	62358
44043	62360
44044	62361
44045	62363
44046	62364
44047	62366
44048	62368
44049	62370
44050	62371
44051	62373
44052	62374
44053	62376
44054	62376
44055	62378
44056	62380
44057	62382
44058	62384
44059	62386
44060	62388
44061	62389
44062	62391
44063	62392
44064	62394
44065	62396
44066	62398
44067	62400
44068	62402
44069	62404
44070	62404
44071	62404
44072	62406
44073	62407
44074	62407
44075	62409
44076	62411
44077	62412
44078	62413
44079	62415
44080	62416
44081	62418
44082	62420
44083	62422
44084	62424
44085	62426
44086	62428
44087	62429
44088	62430
44089	62431
44090	62432
44091	62433
44092	62433
44093	62435
44094	62437
44095	62438
44096	62440
44097	62442
44098	62444
44099	62446
44100	62448
44101	62450
44102	62452
44103	62454
44104	62456
44105	62457
44106	62458
44107	62460
44108	62462
44109	62464
44110	62464
44111	62466
44112	62468
44113	62469
44114	62471
44115	62473
44116	62475
44117	62476
44118	62478
44119	62480
44120	62482
44121	62484
44122	62485
44123	62487
44124	62489
44125	62490
44126	62491
44127	62492
44128	62494
44129	62494
44130	62495
44131	62496
44132	62497
44133	62499
44134	62501
44135	62503
44136	62504
44137	62505
44138	62507
44139	62508
44140	62510
44141	62512
44142	62512
44143	62514
44144	62515
44145	62517
44146	62518
44147	62519
44148	62520
44149	62522
44150	62524
44151	62524
44152	62526
44153	62527
44154	62529
44155	62529
44156	62531
44157	62533
44158	62534
44159	62536
44160	62537
44161	62539
44162	62540
44163	62541
44164	62542
44165	62544
44166	62545
44167	62547
44168	62549
44169	62551
44170	62552
44171	62553
44172	62553
44173	62554
44174	62556
44175	62557
44176	62557
44177	62559
44178	62560
44179	62562
44180	62563
44181	62565
44182	62566
44183	62568
44184	62570
44185	62572
44186	62574
44187	62575
44188	62577
44189	62579
44190	62580
44191	62582
44192	62583
44193	62584
44194	62586
44195	62588
44196	62590
44197	62592
44198	62593
44199	62595
44200	62597
44201	62599
44202	62601
44203	62603
44204	62603
44205	62605
44206	62606
44207	62606
44208	62608
44209	62610
44210	62610
44211	62612
44212	62614
44213	62615
44214	62617
44215	62618
44216	62618
44217	62619
44218	62621
44219	62623
44220	62624
44221	62626
44222	62628
44223	62630
44224	62630
44225	62632
44226	62634
44227	62635
44228	62637
44229	62639
44230	62640
44231	62641
44232	62642
44233	62642
44234	62644
44235	62646
44236	62647
44237	62648
44238	62650
44239	62650
44240	62651
44241	62652
44242	62654
44243	62656
44244	62656
44245	62658
44246	62660
44247	62661
44248	62663
44249	62664
44250	62666
44251	62667
44252	62668
44253	62668
44254	62669
44255	62671
44256	62673
44257	62675
44258	62677
44259	62678
44260	62679
44261	62681
44262	62682
44263	62683
44264	62684
44265	62685
44266	62687
44267	62688
44268	62690
44269	62692
44270	62694
44271	62695
44272	62696
44273	62698
44274	62700
44275	62702
44276	62704
44277	62704
44278	62704
44279	62706
44280	62707
44281	62709
44282	62711
44283	62712
44284	62713
44285	62714
44286	62716
44287	62718
44288	62720
44289	62721
44290	62722
44291	62723
44292	62725
44293	62726
44294	62727
44295	62728
44296	62729
44297	62731
44298	62733
44299	62735
44300	62736
44301	62738
44302	62739
44303	62741
44304	62743
44305	62743
44306	62744
44307	62746
44308	62748
44309	62750
44310	62751
44311	62751
44312	62751
44313	62753
44314	62755
44315	62757
44316	62759
44317	62761
44318	62763
44319	62764
44320	62765
44321	62766
44322	62767
44323	62769
44324	62771
44325	62773
44326	62775
44327	62776
44328	62777
44329	62779
44330	62781
44331	62781
44332	62783
44333	62783
44334	62783
44335	62785
44336	62786
44337	62788
44338	62790
44339	62791
44340	62793
44341	62794
44342	62795
44343	62796
44344	62796
44345	62797
44346	62799
44347	62801
44348	62802
44349	62804
44350	62806
44351	62808
44352	62810
44353	62812
44354	62814
44355	62814
44356	62814
44357	62816
44358	62818
44359	62818
44360	62820
44361	62821
44362	62823
44363	62824
44364	62825
44365	62826
44366	62828
44367	62830
44368	62832
44369	62833
44370	62835
44371	62837
44372	62839
44373	62840
44374	62841
44375	62842
44376	62844
44377	62845
44378	62846
44379	62847
44380	62849
44381	62851
44382	62853
44383	62855
44384	62857
44385	62858
44386	62860
44387	62862
44388	62864
44389	62866
44390	62868
44391	62869
44392	62870
44393	62872
44394	62874
44395	62876
44396	62876
44397	62878
44398	62879
44399	62880
44400	62880
44401	62882
44402	62884
44403	62886
44404	62888
44405	62890
44406	62891
44407	62892
44408	62893
44409	62895
44410	62896
44411	62898
44412	62898
44413	62899
44414	62900
44415	62902
44416	62903
44417	62905
44418	62905
44419	62907
44420	62908
44421	62910
44422	62910
44423	62911
44424	62911
44425	62913
44426	62915
44427	62917
44428	62919
44429	62921
44430	62922
44431	62924
44432	62926
44433	62928
44434	62929
44435	62930
44436	62931
44437	62932
44438	62934
44439	62936
44440	62936
44441	62938
44442	62940
44443	62942
44444	62944
44445	62946
44446	62947
44447	62949
44448	62951
44449	62952
44450	62954
44451	62956
44452	62958
44453	62960
44454	62962
44455	62963
44456	62965
44457	62965
44458	62967
44459	62969
44460	62969
44461	62971
44462	62972
44463	62974
44464	62975
44465	62977
44466	62978
44467	62979
44468	62981
44469	62983
44470	62984
44471	62985
44472	62987
44473	62989
44474	62991
44475	62993
44476	62995
44477	62997
44478	62999
44479	63000
44480	63001
44481	63002
44482	63004
44483	63006
44484	63008
44485	63010
44486	63011
44487	63013
44488	63014
44489	63015
44490	63017
44491	63019
44492	63021
44493	63022
44494	63022
44495	63024
44496	63025
44497	63026
44498	63028
44499	63029
44500	63031
44501	63033
44502	63033
44503	63034
44504	63035
44505	63037
44506	63039
44507	63041
44508	63043
44509	63045
44510	63047
44511	63049
44512	63050
44513	63051
44514	63053
44515	63054
44516	63055
44517	63056
44518	63058
44519	63059
44520	63061
44521	63062
44522	63063
44523	63064
44524	63065
44525	63067
44526	63069
44527	63070
44528	63072
44529	63073
44530	63074
44531	63076
44532	63078
44533	63080
44534	63081
44535	63083
44536	63084
44537	63084
44538	63086
44539	63087
44540	63089
44541	63089
44542	63091
44543	63093
44544	63094
44545	63096
44546	63097
44547	63098
44548	63099
44549	63101
44550	63101
44551	63102
44552	63104
44553	63106
44554	63107
44555	63108
44556	63109
44557	63110
44558	63111
44559	63113
44560	63115
44561	63117
44562	63119
44563	63121
44564	63123
44565	63125
44566	63127
44567	63128
44568	63129
44569	63131
44570	63131
44571	63133
44572	63133
44573	63134
44574	63136
44575	63138
44576	63138
44577	63139
44578	63139
44579	63141
44580	63142
44581	63142
44582	63143
44583	63144
44584	63145
44585	63147
44586	63149
44587	63151
44588	63153
44589	63155
44590	63157
44591	63159
44592	63160
44593	63161
44594	63163
44595	63164
44596	63165
44597	63166
44598	63168
44599	63170
44600	63171
44601	63173
44602	63175
44603	63177
44604	63179
44605	63181
44606	63182
44607	63183
44608	63183
44609	63184
44610	63186
44611	63188
44612	63188
44613	63190
44614	63191
44615	63193
44616	63195
44617	63197
44618	63199
44619	63200
44620	63202
44621	63203
44622	63204
44623	63206
44624	63208
44625	63210
44626	63212
44627	63214
44628	63216
44629	63217
44630	63219
44631	63221
44632	63222
44633	63222
44634	63223
44635	63224
44636	63225
44637	63225
44638	63226
44639	63226
44640	63228
44641	63228
44642	63229
44643	63231
44644	63233
44645	63233
44646	63235
44647	63237
44648	63239
44649	63241
44650	63242
44651	63242
44652	63243
44653	63244
44654	63246
44655	63247
44656	63249
44657	63251
44658	63252
44659	63254
44660	63255
44661	63256
44662	63257
44663	63258
44664	63260
44665	63262
44666	63264
44667	63265
44668	63266
44669	63266
44670	63268
44671	63270
44672	63272
44673	63273
44674	63275
44675	63276
44676	63278
44677	63279
44678	63281
44679	63283
44680	63285
44681	63287
44682	63289
44683	63290
44684	63292
44685	63294
44686	63296
44687	63297
44688	63298
44689	63299
44690	63299
44691	63301
44692	63301
44693	63303
44694	63305
44695	63306
44696	63307
44697	63308
44698	63309
44699	63310
44700	63312
44701	63313
44702	63316
44703	63317
44704	63318
44705	63318
44706	63318
44707	63319
44708	63319
44709	63319
44710	63321
44711	63323
44712	63324
44713	63325
44714	63326
44715	63327
44716	63329
44717	63330
44718	63331
44719	63332
44720	63335
44721	63335
44722	63336
44723	63336
44724	63336
44725	63337
44726	63338
44727	63339
44728	63341
44729	63342
44730	63343
44731	63344
44732	63347
44733	63348
44734	63349
44735	63352
44736	63355
44737	63356
44738	63357
44739	63358
44740	63359
44741	63360
44742	63361
44743	63363
44744	63364
44745	63365
44746	63368
44747	63368
44748	63368
44749	63369
44750	63372
44751	63373
44752	63374
44753	63375
44754	63375
44755	63377
44756	63378
44757	63381
44758	63382
44759	63383
44760	63384
44761	63385
44762	63385
44763	63386
44764	63387
44765	63388
44766	63389
44767	63390
44768	63391
44769	63392
44770	63394
44771	63394
44772	63395
44773	63395
44774	63396
44775	63397
44776	63397
44777	63399
44778	63400
44779	63401
44780	63402
44781	63404
44782	63407
44783	63408
44784	63408
44785	63411
44786	63411
44787	63412
44788	63413
44789	63414
44790	63414
44791	63417
44792	63417
44793	63418
44794	63419
44795	63419
44796	63419
44797	63419
44798	63420
44799	63422
44800	63423
44801	63424
44802	63425
44803	63425
44804	63426
44805	63427
44806	63428
44807	63430
44808	63433
44809	63434
44810	63435
44811	63436
44812	63436
44813	63437
44814	63438
44815	63439
44816	63442
44817	63443
44818	63444
44819	63447
44820	63448
44821	63449
44822	63449
44823	63449
44824	63450
44825	63453
44826	63453
44827	63453
44828	63453
44829	63453
44830	63454
44831	63457
44832	63457
44833	63458
44834	63459
44835	63460
44836	63463
44837	63464
44838	63465
44839	63466
44840	63467
44841	63468
44842	63469
44843	63469
44844	63469
44845	63470
44846	63471
44847	63474
44848	63475
44849	63478
44850	63479
44851	63480
44852	63480
44853	63480
44854	63482
44855	63483
44856	63484
44857	63485
44858	63487
44859	63489
44860	63489
44861	63490
44862	63492
44863	63493
44864	63496
44865	63497
44866	63498
44867	63499
44868	63500
44869	63501
44870	63501
44871	63501
44872	63503
44873	63506
44874	63506
44875	63506
44876	63507
44877	63507
44878	63508
44879	63508
44880	63509
44881	63510
44882	63511
44883	63511
44884	63512
44885	63513
44886	63514
44887	63515
44888	63516
44889	63519
44890	63520
44891	63521
44892	63522
44893	63523
44894	63523
44895	63525
44896	63525
44897	63526
44898	63529
44899	63530
44900	63531
44901	63531
44902	63532
44903	63532
44904	63533
44905	63533
44906	63536
44907	63539
44908	63540
44909	63541
44910	63541
44911	63542
44912	63543
44913	63544
44914	63545
44915	63546
44916	63548
44917	63549
44918	63552
44919	63553
44920	63554
44921	63557
44922	63557
44923	63558
44924	63558
44925	63559
44926	63562
44927	63562
44928	63562
44929	63564
44930	63565
44931	63567
44932	63567
44933	63568
44934	63568
44935	63568
44936	63569
44937	63569
44938	63570
44939	63570
44940	63570
44941	63573
44942	63574
44943	63575
44944	63576
44945	63576
44946	63576
44947	63577
44948	63578
44949	63579
44950	63582
44951	63583
44952	63584
44953	63585
44954	63585
44955	63585
44956	63585
44957	63586
44958	63587
44959	63588
44960	63589
44961	63590
44962	63590
44963	63590
44964	63591
44965	63594
44966	63595
44967	63598
44968	63599
44969	63600
44970	63601
44971	63602
44972	63603
44973	63606
44974	63607
44975	63608
44976	63608
44977	63608
44978	63609
44979	63609
44980	63610
44981	63611
44982	63612
44983	63613
44984	63616
44985	63617
44986	63617
44987	63618
44988	63621
44989	63622
44990	63623
44991	63624
44992	63625
44993	63625
44994	63628
44995	63629
44996	63630
44997	63631
44998	63632
44999	63633
45000	63634
45001	63635
45002	63637
45003	63638
45004	63639
45005	63641
45006	63642
45007	63643
45008	63645
45009	63646
45010	63646
45011	63646
45012	63646
45013	63647
45014	63647
45015	63649
45016	63650
45017	63653
45018	63654
45019	63655
45020	63656
45021	63657
45022	63658
45023	63659
45024	63660
45025	63662
45026	63663
45027	63664
45028	63667
45029	63668
45030	63670
45031	63672
45032	63673
45033	63673
45034	63674
45035	63674
45036	63674
45037	63675
45038	63675
45039	63676
45040	63677
45041	63678
45042	63680
45043	63681
45044	63682
45045	63683
45046	63683
45047	63684
45048	63685
45049	63685
45050	63686
45051	63687
45052	63690
45053	63691
45054	63692
45055	63692
45056	63693
45057	63695
45058	63696
45059	63697
45060	63698
45061	63700
45062	63703
45063	63704
45064	63705
45065	63706
45066	63709
45067	63710
45068	63711
45069	63712
45070	63713
45071	63713
45072	63713
45073	63714
45074	63715
45075	63716
45076	63716
45077	63717
45078	63718
45079	63718
45080	63718
45081	63718
45082	63719
45083	63720
45084	63721
45085	63722
45086	63722
45087	63723
45088	63724
45089	63725
45090	63725
45091	63725
45092	63728
45093	63730
45094	63731
45095	63732
45096	63734
45097	63734
45098	63735
45099	63736
45100	63737
45101	63738
45102	63739
45103	63740
45104	63741
45105	63741
45106	63742
45107	63743
45108	63744
45109	63744
45110	63745
45111	63748
45112	63749
45113	63749
45114	63750
45115	63751
45116	63751
45117	63753
45118	63756
45119	63757
45120	63757
45121	63758
45122	63758
45123	63759
45124	63760
45125	63761
45126	63762
45127	63763
45128	63766
45129	63767
45130	63768
45131	63769
45132	63770
45133	63771
45134	63771
45135	63774
45136	63775
45137	63775
45138	63776
45139	63779
45140	63779
45141	63780
45142	63781
45143	63782
45144	63783
45145	63784
45146	63785
45147	63786
45148	63786
45149	63786
45150	63788
45151	63789
45152	63792
45153	63793
45154	63793
45155	63794
45156	63797
45157	63798
45158	63799
45159	63800
45160	63801
45161	63802
45162	63803
45163	63803
45164	63804
45165	63805
45166	63808
45167	63809
45168	63810
45169	63813
45170	63814
45171	63815
45172	63815
45173	63815
45174	63816
45175	63816
45176	63817
45177	63819
45178	63819
45179	63820
45180	63821
45181	63822
45182	63823
45183	63823
45184	63826
45185	63827
45186	63828
45187	63831
45188	63832
45189	63835
45190	63836
45191	63838
45192	63838
45193	63839
45194	63842
45195	63843
45196	63845
45197	63846
45198	63847
45199	63848
45200	63849
45201	63849
45202	63849
45203	63850
45204	63851
45205	63852
45206	63853
45207	63855
45208	63857
45209	63858
45210	63858
45211	63859
45212	63860
45213	63860
45214	63861
45215	63863
45216	63863
45217	63863
45218	63864
45219	63865
45220	63868
45221	63868
45222	63868
45223	63869
45224	63870
45225	63871
45226	63874
45227	63875
45228	63877
45229	63878
45230	63880
45231	63881
45232	63881
45233	63881
45234	63882
45235	63883
45236	63885
45237	63885
45238	63886
45239	63886
45240	63887
45241	63888
45242	63891
45243	63891
45244	63892
45245	63893
45246	63895
45247	63895
45248	63895
45249	63896
45250	63897
45251	63900
45252	63901
45253	63901
45254	63902
45255	63903
45256	63904
45257	63906
45258	63907
45259	63908
45260	63909
45261	63910
45262	63911
45263	63912
45264	63912
45265	63914
45266	63916
45267	63917
45268	63918
45269	63919
45270	63920
45271	63921
45272	63921
45273	63922
45274	63923
45275	63925
45276	63925
45277	63926
45278	63928
45279	63931
45280	63932
45281	63933
45282	63936
45283	63936
45284	63937
45285	63937
45286	63938
45287	63939
45288	63941
45289	63944
45290	63945
45291	63945
45292	63946
45293	63949
45294	63950
45295	63951
45296	63951
45297	63952
45298	63955
45299	63956
45300	63957
45301	63958
45302	63960
45303	63961
45304	63962
45305	63963
45306	63963
45307	63964
45308	63965
45309	63965
45310	63966
45311	63969
45312	63970
45313	63973
45314	63974
45315	63975
45316	63975
45317	63976
45318	63977
45319	63977
45320	63978
45321	63979
45322	63980
45323	63982
45324	63983
45325	63984
45326	63985
45327	63986
45328	63988
45329	63989
45330	63992
45331	63995
45332	63996
45333	63996
45334	63996
45335	63997
45336	63998
45337	63999
45338	63999
45339	63999
45340	64000
45341	64002
45342	64003
45343	64004
45344	64004
45345	64005
45346	64006
45347	64006
45348	64007
45349	64010
45350	64012
45351	64013
45352	64013
45353	64013
45354	64013
45355	64013
45356	64014
45357	64015
45358	64018
45359	64019
45360	64021
45361	64021
45362	64021
45363	64021
45364	64021
45365	64021
45366	64021
45367	64022
45368	64023
45369	64024
45370	64026
45371	64028
45372	64029
45373	64030
45374	64030
45375	64031
45376	64032
45377	64032
45378	64034
45379	64035
45380	64036
45381	64038
45382	64039
45383	64042
45384	64043
45385	64044
45386	64047
45387	64048
45388	64049
45389	64051
45390	64051
45391	64052
45392	64053
45393	64054
45394	64055
45395	64055
45396	64056
45397	64057
45398	64057
45399	64058
45400	64059
45401	64059
45402	64060
45403	64061
45404	64062
45405	64064
45406	64065
45407	64066
45408	64066
45409	64067
45410	64068
45411	64069
45412	64069
45413	64069
45414	64070
45415	64071
45416	64074
45417	64075
45418	64076
45419	64076
45420	64077
45421	64078
45422	64079
45423	64079
45424	64079
45425	64079
45426	64080
45427	64080
45428	64081
45429	64082
45430	64084
45431	64085
45432	64086
45433	64087
45434	64088
45435	64089
45436	64089
45437	64091
45438	64093
45439	64093
45440	64094
45441	64094
45442	64095
45443	64097
45444	64098
45445	64098
45446	64100
45447	64101
45448	64104
45449	64104
45450	64104
45451	64105
45452	64106
45453	64108
45454	64108
45455	64108
45456	64109
45457	64112
45458	64115
45459	64115
45460	64118
45461	64119
45462	64120
45463	64123
45464	64124
45465	64126
45466	64129
45467	64130
45468	64131
45469	64132
45470	64132
45471	64132
45472	64133
45473	64134
45474	64135
45475	64136
45476	64137
45477	64137
45478	64140
45479	64141
45480	64141
45481	64143
45482	64144
45483	64146
45484	64147
45485	64148
45486	64150
45487	64150
45488	64151
45489	64152
45490	64152
45491	64154
45492	64155
45493	64157
45494	64160
45495	64161
45496	64162
45497	64165
45498	64166
45499	64169
45500	64170
45501	64171
45502	64172
45503	64173
45504	64173
45505	64173
45506	64173
45507	64174
45508	64176
45509	64177
45510	64180
45511	64180
45512	64181
45513	64181
45514	64182
45515	64183
45516	64184
45517	64184
45518	64185
45519	64186
45520	64186
45521	64187
45522	64190
45523	64192
45524	64193
45525	64194
45526	64194
45527	64194
45528	64195
45529	64197
45530	64197
45531	64198
45532	64199
45533	64201
45534	64201
45535	64201
45536	64202
45537	64203
45538	64206
45539	64206
45540	64207
45541	64208
45542	64208
45543	64209
45544	64209
45545	64209
45546	64210
45547	64211
45548	64211
45549	64212
45550	64213
45551	64214
45552	64215
45553	64215
45554	64215
45555	64216
45556	64217
45557	64217
45558	64217
45559	64218
45560	64219
45561	64220
45562	64220
45563	64221
45564	64224
45565	64225
45566	64225
45567	64226
45568	64227
45569	64228
45570	64231
45571	64232
45572	64235
45573	64236
45574	64239
45575	64240
45576	64243
45577	64244
45578	64245
45579	64246
45580	64247
45581	64247
45582	64247
45583	64250
45584	64251
45585	64252
45586	64253
45587	64254
45588	64255
45589	64256
45590	64257
45591	64258
45592	64260
45593	64263
45594	64264
45595	64265
45596	64268
45597	64269
45598	64271
45599	64272
45600	64272
45601	64275
45602	64277
45603	64277
45604	64278
45605	64281
45606	64282
45607	64284
45608	64285
45609	64286
45610	64287
45611	64287
45612	64288
45613	64288
45614	64289
45615	64290
45616	64290
45617	64291
45618	64291
45619	64291
45620	64292
45621	64293
45622	64296
45623	64296
45624	64296
45625	64297
45626	64298
45627	64298
45628	64300
45629	64301
45630	64304
45631	64305
45632	64306
45633	64307
45634	64308
45635	64309
45636	64310
45637	64311
45638	64312
45639	64313
45640	64314
45641	64316
45642	64316
45643	64317
45644	64317
45645	64317
45646	64318
45647	64318
45648	64319
45649	64322
45650	64323
45651	64324
45652	64327
45653	64328
45654	64329
45655	64330
45656	64330
45657	64330
45658	64333
45659	64334
45660	64335
45661	64336
45662	64337
45663	64338
45664	64339
45665	64340
45666	64342
45667	64343
45668	64344
45669	64346
45670	64347
45671	64348
45672	64351
45673	64354
45674	64355
45675	64356
45676	64356
45677	64359
45678	64359
45679	64361
45680	64362
45681	64363
45682	64364
45683	64364
45684	64365
45685	64366
45686	64367
45687	64370
45688	64371
45689	64371
45690	64372
45691	64375
45692	64376
45693	64378
45694	64379
45695	64380
45696	64382
45697	64383
45698	64384
45699	64385
45700	64386
45701	64387
45702	64388
45703	64389
45704	64390
45705	64390
45706	64390
45707	64392
45708	64392
45709	64393
45710	64394
45711	64394
45712	64397
45713	64397
45714	64398
45715	64399
45716	64400
45717	64401
45718	64402
45719	64402
45720	64403
45721	64403
45722	64404
45723	64405
45724	64406
45725	64407
45726	64408
45727	64410
45728	64410
45729	64411
45730	64412
45731	64413
45732	64414
45733	64415
45734	64416
45735	64418
45736	64419
45737	64421
45738	64422
45739	64423
45740	64425
45741	64428
45742	64429
45743	64430
45744	64433
45745	64435
45746	64436
45747	64436
45748	64437
45749	64438
45750	64438
45751	64440
45752	64441
45753	64442
45754	64443
45755	64444
45756	64444
45757	64445
45758	64446
45759	64447
45760	64448
45761	64448
45762	64449
45763	64450
45764	64453
45765	64455
45766	64456
45767	64457
45768	64458
45769	64459
45770	64460
45771	64461
45772	64464
45773	64465
45774	64467
45775	64468
45776	64468
45777	64471
45778	64472
45779	64474
45780	64477
45781	64478
45782	64478
45783	64479
45784	64480
45785	64481
45786	64482
45787	64482
45788	64484
45789	64485
45790	64486
45791	64487
45792	64488
45793	64489
45794	64489
45795	64492
45796	64492
45797	64493
45798	64496
45799	64497
45800	64500
45801	64501
45802	64502
45803	64503
45804	64504
45805	64504
45806	64505
45807	64506
45808	64507
45809	64507
45810	64508
45811	64509
45812	64510
45813	64512
45814	64513
45815	64514
45816	64515
45817	64517
45818	64520
45819	64520
45820	64522
45821	64522
45822	64523
45823	64524
45824	64525
45825	64526
45826	64527
45827	64527
45828	64529
45829	64530
45830	64531
45831	64531
45832	64532
45833	64535
45834	64536
45835	64537
45836	64538
45837	64538
45838	64539
45839	64540
45840	64542
45841	64542
45842	64542
45843	64542
45844	64542
45845	64543
45846	64544
45847	64545
45848	64546
45849	64547
45850	64548
45851	64549
45852	64550
45853	64550
45854	64551
45855	64552
45856	64553
45857	64554
45858	64556
45859	64557
45860	64558
45861	64559
45862	64560
45863	64563
45864	64563
45865	64564
45866	64566
45867	64567
45868	64568
45869	64571
45870	64571
45871	64572
45872	64572
45873	64573
45874	64573
45875	64575
45876	64576
45877	64577
45878	64578
45879	64581
45880	64582
45881	64583
45882	64583
45883	64584
45884	64584
45885	64584
45886	64585
45887	64585
45888	64586
45889	64587
45890	64588
45891	64590
45892	64591
45893	64592
45894	64593
45895	64594
45896	64595
45897	64596
45898	64597
45899	64597
45900	64598
45901	64601
45902	64602
45903	64604
45904	64605
45905	64606
45906	64607
45907	64608
45908	64610
45909	64611
45910	64611
45911	64613
45912	64614
45913	64615
45914	64616
45915	64617
45916	64618
45917	64619
45918	64620
45919	64621
45920	64621
45921	64621
45922	64622
45923	64623
45924	64623
45925	64625
45926	64626
45927	64627
45928	64629
45929	64630
45930	64631
45931	64631
45932	64632
45933	64634
45934	64635
45935	64638
45936	64641
45937	64642
45938	64643
45939	64645
45940	64646
45941	64649
45942	64649
45943	64649
45944	64649
45945	64649
45946	64650
45947	64651
45948	64651
45949	64653
45950	64653
45951	64654
45952	64655
45953	64656
45954	64657
45955	64657
45956	64658
45957	64660
45958	64661
45959	64664
45960	64664
45961	64665
45962	64666
45963	64667
45964	64668
45965	64670
45966	64671
45967	64672
45968	64672
45969	64673
45970	64674
45971	64675
45972	64676
45973	64679
45974	64680
45975	64680
45976	64681
45977	64684
45978	64685
45979	64686
45980	64687
45981	64688
45982	64688
45983	64688
45984	64690
45985	64690
45986	64691
45987	64691
45988	64692
45989	64693
45990	64693
45991	64695
45992	64696
45993	64698
45994	64699
45995	64700
45996	64701
45997	64702
45998	64702
45999	64702
46000	64703
46001	64704
46002	64704
46003	64705
46004	64708
46005	64709
46006	64710
46007	64711
46008	64714
46009	64715
46010	64716
46011	64716
46012	64717
46013	64718
46014	64721
46015	64722
46016	64723
46017	64724
46018	64727
46019	64728
46020	64729
46021	64731
46022	64732
46023	64734
46024	64734
46025	64735
46026	64736
46027	64737
46028	64738
46029	64739
46030	64739
46031	64739
46032	64739
46033	64740
46034	64741
46035	64742
46036	64743
46037	64743
46038	64744
46039	64745
46040	64746
46041	64748
46042	64749
46043	64751
46044	64753
46045	64754
46046	64755
46047	64756
46048	64757
46049	64757
46050	64757
46051	64759
46052	64760
46053	64761
46054	64762
46055	64762
46056	64763
46057	64764
46058	64765
46059	64765
46060	64765
46061	64766
46062	64768
46063	64769
46064	64770
46065	64771
46066	64772
46067	64772
46068	64773
46069	64774
46070	64774
46071	64774
46072	64775
46073	64775
46074	64776
46075	64776
46076	64779
46077	64779
46078	64780
46079	64780
46080	64781
46081	64781
46082	64781
46083	64782
46084	64783
46085	64785
46086	64786
46087	64787
46088	64788
46089	64788
46090	64789
46091	64789
46092	64790
46093	64791
46094	64793
46095	64793
46096	64794
46097	64795
46098	64796
46099	64797
46100	64798
46101	64798
46102	64798
46103	64799
46104	64800
46105	64801
46106	64802
46107	64802
46108	64805
46109	64807
46110	64807
46111	64808
46112	64809
46113	64810
46114	64811
46115	64812
46116	64813
46117	64815
46118	64815
46119	64816
46120	64816
46121	64817
46122	64818
46123	64819
46124	64820
46125	64823
46126	64824
46127	64824
46128	64824
46129	64825
46130	64826
46131	64828
46132	64829
46133	64830
46134	64830
46135	64831
46136	64833
46137	64834
46138	64834
46139	64835
46140	64836
46141	64837
46142	64838
46143	64839
46144	64839
46145	64839
46146	64839
46147	64840
46148	64843
46149	64844
46150	64844
46151	64844
46152	64845
46153	64846
46154	64848
46155	64849
46156	64850
46157	64852
46158	64853
46159	64853
46160	64855
46161	64858
46162	64859
46163	64860
46164	64862
46165	64863
46166	64864
46167	64865
46168	64866
46169	64869
46170	64870
46171	64871
46172	64871
46173	64872
46174	64875
46175	64876
46176	64877
46177	64878
46178	64878
46179	64878
46180	64879
46181	64880
46182	64883
46183	64884
46184	64885
46185	64885
46186	64885
46187	64885
46188	64886
46189	64887
46190	64888
46191	64889
46192	64891
46193	64892
46194	64892
46195	64895
46196	64896
46197	64897
46198	64899
46199	64900
46200	64903
46201	64904
46202	64907
46203	64908
46204	64910
46205	64911
46206	64912
46207	64913
46208	64914
46209	64914
46210	64915
46211	64915
46212	64916
46213	64919
46214	64920
46215	64922
46216	64923
46217	64924
46218	64924
46219	64925
46220	64926
46221	64927
46222	64928
46223	64931
46224	64932
46225	64933
46226	64933
46227	64934
46228	64935
46229	64936
46230	64937
46231	64940
46232	64941
46233	64944
46234	64945
46235	64946
46236	64946
46237	64949
46238	64949
46239	64950
46240	64950
46241	64951
46242	64951
46243	64952
46244	64953
46245	64956
46246	64957
46247	64960
46248	64960
46249	64961
46250	64962
46251	64963
46252	64964
46253	64966
46254	64966
46255	64967
46256	64968
46257	64969
46258	64971
46259	64972
46260	64974
46261	64975
46262	64976
46263	64978
46264	64979
46265	64979
46266	64979
46267	64979
46268	64979
46269	64980
46270	64980
46271	64981
46272	64982
46273	64983
46274	64984
46275	64985
46276	64986
46277	64987
46278	64987
46279	64987
46280	64989
46281	64990
46282	64990
46283	64991
46284	64992
46285	64992
46286	64993
46287	64995
46288	64996
46289	64997
46290	64998
46291	64999
46292	65001
46293	65004
46294	65005
46295	65005
46296	65005
46297	65006
46298	65006
46299	65007
46300	65008
46301	65008
46302	65011
46303	65012
46304	65013
46305	65016
46306	65018
46307	65019
46308	65019
46309	65019
46310	65020
46311	65021
46312	65022
46313	65022
46314	65023
46315	65023
46316	65024
46317	65027
46318	65027
46319	65028
46320	65030
46321	65031
46322	65032
46323	65032
46324	65033
46325	65034
46326	65035
46327	65036
46328	65039
46329	65040
46330	65041
46331	65043
46332	65043
46333	65046
46334	65047
46335	65048
46336	65049
46337	65050
46338	65051
46339	65052
46340	65052
46341	65052
46342	65053
46343	65054
46344	65056
46345	65057
46346	65057
46347	65058
46348	65059
46349	65060
46350	65060
46351	65061
46352	65062
46353	65062
46354	65063
46355	65063
46356	65063
46357	65064
46358	65067
46359	65068
46360	65071
46361	65071
46362	65072
46363	65072
46364	65072
46365	65073
46366	65074
46367	65075
46368	65075
46369	65076
46370	65078
46371	65081
46372	65081
46373	65082
46374	65083
46375	65086
46376	65086
46377	65087
46378	65087
46379	65088
46380	65089
46381	65090
46382	65090
46383	65091
46384	65091
46385	65091
46386	65092
46387	65093
46388	65094
46389	65096
46390	65099
46391	65100
46392	65100
46393	65100
46394	65101
46395	65102
46396	65103
46397	65103
46398	65103
46399	65104
46400	65106
46401	65107
46402	65108
46403	65109
46404	65109
46405	65110
46406	65113
46407	65113
46408	65114
46409	65115
46410	65116
46411	65117
46412	65117
46413	65117
46414	65117
46415	65118
46416	65120
46417	65121
46418	65124
46419	65125
46420	65126
46421	65127
46422	65128
46423	65129
46424	65132
46425	65133
46426	65134
46427	65135
46428	65135
46429	65136
46430	65136
46431	65138
46432	65139
46433	65140
46434	65141
46435	65143
46436	65144
46437	65145
46438	65145
46439	65146
46440	65146
46441	65147
46442	65149
46443	65150
46444	65151
46445	65152
46446	65153
46447	65153
46448	65153
46449	65154
46450	65155
46451	65158
46452	65158
46453	65159
46454	65161
46455	65162
46456	65162
46457	65163
46458	65164
46459	65165
46460	65167
46461	65168
46462	65169
46463	65170
46464	65172
46465	65173
46466	65176
46467	65177
46468	65179
46469	65180
46470	65181
46471	65182
46472	65185
46473	65185
46474	65186
46475	65186
46476	65187
46477	65187
46478	65187
46479	65188
46480	65188
46481	65189
46482	65190
46483	65191
46484	65191
46485	65192
46486	65194
46487	65195
46488	65195
46489	65196
46490	65199
46491	65200
46492	65201
46493	65203
46494	65205
46495	65206
46496	65207
46497	65207
46498	65207
46499	65208
46500	65209
46501	65210
46502	65211
46503	65213
46504	65214
46505	65215
46506	65217
46507	65218
46508	65219
46509	65220
46510	65220
46511	65220
46512	65221
46513	65221
46514	65223
46515	65224
46516	65225
46517	65225
46518	65225
46519	65226
46520	65227
46521	65228
46522	65229
46523	65229
46524	65231
46525	65232
46526	65233
46527	65234
46528	65234
46529	65234
46530	65234
46531	65234
46532	65235
46533	65236
46534	65237
46535	65237
46536	65238
46537	65238
46538	65239
46539	65240
46540	65240
46541	65243
46542	65244
46543	65245
46544	65246
46545	65247
46546	65248
46547	65251
46548	65252
46549	65254
46550	65255
46551	65256
46552	65257
46553	65257
46554	65258
46555	65258
46556	65259
46557	65260
46558	65260
46559	65260
46560	65261
46561	65262
46562	65262
46563	65263
46564	65265
46565	65268
46566	65269
46567	65269
46568	65269
46569	65270
46570	65271
46571	65272
46572	65273
46573	65275
46574	65276
46575	65277
46576	65280
46577	65280
46578	65281
46579	65282
46580	65282
46581	65282
46582	65283
46583	65283
46584	65286
46585	65287
46586	65288
46587	65290
46588	65292
46589	65292
46590	65293
46591	65296
46592	65297
46593	65300
46594	65301
46595	65302
46596	65302
46597	65303
46598	65304
46599	65307
46600	65308
46601	65309
46602	65310
46603	65310
46604	65311
46605	65312
46606	65312
46607	65313
46608	65316
46609	65317
46610	65320
46611	65321
46612	65322
46613	65322
46614	65322
46615	65323
46616	65324
46617	65325
46618	65326
46619	65327
46620	65328
46621	65329
46622	65332
46623	65333
46624	65333
46625	65335
46626	65338
46627	65339
46628	65340
46629	65343
46630	65343
46631	65345
46632	65346
46633	65347
46634	65347
46635	65348
46636	65348
46637	65348
46638	65348
46639	65349
46640	65350
46641	65351
46642	65353
46643	65354
46644	65354
46645	65354
46646	65355
46647	65357
46648	65359
46649	65360
46650	65360
46651	65361
46652	65363
46653	65364
46654	65366
46655	65367
46656	65368
46657	65369
46658	65370
46659	65371
46660	65371
46661	65373
46662	65374
46663	65374
46664	65374
46665	65375
46666	65376
46667	65377
46668	65380
46669	65381
46670	65383
46671	65383
46672	65384
46673	65387
46674	65388
46675	65388
46676	65390
46677	65390
46678	65391
46679	65392
46680	65392
46681	65395
46682	65395
46683	65395
46684	65396
46685	65397
46686	65398
46687	65399
46688	65400
46689	65400
46690	65403
46691	65403
46692	65404
46693	65405
46694	65407
46695	65407
46696	65408
46697	65408
46698	65411
46699	65412
46700	65413
46701	65416
46702	65418
46703	65418
46704	65419
46705	65420
46706	65423
46707	65425
46708	65426
46709	65427
46710	65429
46711	65430
46712	65432
46713	65433
46714	65433
46715	65434
46716	65437
46717	65438
46718	65438
46719	65438
46720	65438
46721	65439
46722	65440
46723	65443
46724	65444
46725	65445
46726	65446
46727	65447
46728	65448
46729	65449
46730	65450
46731	65451
46732	65454
46733	65454
46734	65455
46735	65456
46736	65457
46737	65458
46738	65461
46739	65462
46740	65463
46741	65464
46742	65467
46743	65468
46744	65469
46745	65469
46746	65470
46747	65471
46748	65472
46749	65473
46750	65473
46751	65473
46752	65473
46753	65474
46754	65477
46755	65478
46756	65478
46757	65479
46758	65481
46759	65483
46760	65484
46761	65484
46762	65484
46763	65485
46764	65486
46765	65487
46766	65488
46767	65489
46768	65491
46769	65492
46770	65493
46771	65495
46772	65496
46773	65497
46774	65498
46775	65499
46776	65502
46777	65503
46778	65503
46779	65506
46780	65506
46781	65507
46782	65508
46783	65509
46784	65510
46785	65512
46786	65512
46787	65515
46788	65516
46789	65517
46790	65520
46791	65520
46792	65523
46793	65524
46794	65525
46795	65526
46796	65527
46797	65528
46798	65530
46799	65530
46800	65531
46801	65533
46802	65536
46803	65537
46804	65537
46805	65539
46806	65539
46807	65540
46808	65541
46809	65542
46810	65543
46811	65543
46812	65544
46813	65545
46814	65546
46815	65549
46816	65550
46817	65550
46818	65551
46819	65552
46820	65553
46821	65554
46822	65554
46823	65555
46824	65558
46825	65558
46826	65559
46827	65560
46828	65561
46829	65562
46830	65563
46831	65563
46832	65564
46833	65564
46834	65565
46835	65566
46836	65568
46837	65569
46838	65572
46839	65573
46840	65574
46841	65575
46842	65576
46843	65577
46844	65578
46845	65580
46846	65580
46847	65581
46848	65582
46849	65583
46850	65584
46851	65585
46852	65586
46853	65588
46854	65589
46855	65591
46856	65592
46857	65593
46858	65595
46859	65597
46860	65597
46861	65598
46862	65601
46863	65602
46864	65602
46865	65603
46866	65604
46867	65606
46868	65608
46869	65609
46870	65610
46871	65611
46872	65612
46873	65613
46874	65613
46875	65614
46876	65614
46877	65615
46878	65616
46879	65617
46880	65618
46881	65619
46882	65619
46883	65621
46884	65622
46885	65623
46886	65626
46887	65627
46888	65628
46889	65631
46890	65632
46891	65633
46892	65635
46893	65636
46894	65637
46895	65640
46896	65641
46897	65642
46898	65643
46899	65644
46900	65645
46901	65645
46902	65646
46903	65647
46904	65648
46905	65650
46906	65651
46907	65654
46908	65654
46909	65654
46910	65655
46911	65655
46912	65656
46913	65657
46914	65658
46915	65659
46916	65660
46917	65661
46918	65663
46919	65663
46920	65665
46921	65665
46922	65666
46923	65666
46924	65666
46925	65667
46926	65667
46927	65667
46928	65668
46929	65670
46930	65671
46931	65672
46932	65673
46933	65673
46934	65673
46935	65674
46936	65675
46937	65675
46938	65676
46939	65677
46940	65677
46941	65679
46942	65680
46943	65680
46944	65683
46945	65683
46946	65684
46947	65685
46948	65686
46949	65687
46950	65689
46951	65690
46952	65692
46953	65693
46954	65694
46955	65694
46956	65695
46957	65698
46958	65699
46959	65702
46960	65703
46961	65704
46962	65705
46963	65706
46964	65707
46965	65707
46966	65709
46967	65710
46968	65711
46969	65712
46970	65715
46971	65717
46972	65718
46973	65719
46974	65721
46975	65722
46976	65725
46977	65725
46978	65726
46979	65727
46980	65728
46981	65729
46982	65729
46983	65729
46984	65732
46985	65733
46986	65733
46987	65734
46988	65735
46989	65738
46990	65738
46991	65739
46992	65740
46993	65741
46994	65742
46995	65743
46996	65743
46997	65744
46998	65745
46999	65748
47000	65750
47001	65751
47002	65752
47003	65755
47004	65756
47005	65757
47006	65758
47007	65758
47008	65759
47009	65760
47010	65761
47011	65764
47012	65767
47013	65768
47014	65769
47015	65772
47016	65774
47017	65775
47018	65775
47019	65776
47020	65776
47021	65777
47022	65778
47023	65778
47024	65778
47025	65779
47026	65779
47027	65780
47028	65781
47029	65782
47030	65785
47031	65786
47032	65789
47033	65789
47034	65790
47035	65792
47036	65795
47037	65795
47038	65796
47039	65798
47040	65800
47041	65802
47042	65803
47043	65804
47044	65805
47045	65806
47046	65807
47047	65808
47048	65809
47049	65811
47050	65812
47051	65813
47052	65815
47053	65816
47054	65817
47055	65817
47056	65818
47057	65818
47058	65819
47059	65820
47060	65821
47061	65821
47062	65823
47063	65825
47064	65826
47065	65827
47066	65828
47067	65829
47068	65830
47069	65830
47070	65830
47071	65831
47072	65832
47073	65832
47074	65833
47075	65833
47076	65833
47077	65833
47078	65833
47079	65833
47080	65834
47081	65836
47082	65837
47083	65837
47084	65837
47085	65838
47086	65840
47087	65841
47088	65842
47089	65843
47090	65843
47091	65844
47092	65846
47093	65847
47094	65848
47095	65849
47096	65850
47097	65851
47098	65851
47099	65852
47100	65855
47101	65855
47102	65856
47103	65857
47104	65857
47105	65858
47106	65860
47107	65861
47108	65862
47109	65863
47110	65863
47111	65863
47112	65865
47113	65868
47114	65869
47115	65870
47116	65870
47117	65872
47118	65873
47119	65874
47120	65875
47121	65876
47122	65876
47123	65876
47124	65877
47125	65878
47126	65878
47127	65879
47128	65879
47129	65880
47130	65881
47131	65882
47132	65882
47133	65884
47134	65884
47135	65885
47136	65886
47137	65886
47138	65887
47139	65888
47140	65889
47141	65889
47142	65890
47143	65891
47144	65892
47145	65893
47146	65894
47147	65894
47148	65894
47149	65896
47150	65896
47151	65898
47152	65898
47153	65899
47154	65901
47155	65904
47156	65905
47157	65906
47158	65906
47159	65907
47160	65908
47161	65909
47162	65910
47163	65911
47164	65913
47165	65914
47166	65915
47167	65916
47168	65916
47169	65917
47170	65918
47171	65919
47172	65920
47173	65921
47174	65923
47175	65924
47176	65925
47177	65927
47178	65928
47179	65930
47180	65931
47181	65931
47182	65933
47183	65934
47184	65934
47185	65937
47186	65938
47187	65940
47188	65941
47189	65942
47190	65943
47191	65943
47192	65944
47193	65945
47194	65946
47195	65946
47196	65947
47197	65948
47198	65948
47199	65948
47200	65949
47201	65951
47202	65951
47203	65952
47204	65953
47205	65954
47206	65954
47207	65955
47208	65956
47209	65957
47210	65958
47211	65961
47212	65964
47213	65965
47214	65966
47215	65967
47216	65968
47217	65968
47218	65969
47219	65972
47220	65973
47221	65973
47222	65974
47223	65975
47224	65976
47225	65977
47226	65978
47227	65979
47228	65981
47229	65982
47230	65983
47231	65985
47232	65985
47233	65985
47234	65987
47235	65989
47236	65990
47237	65991
47238	65991
47239	65993
47240	65993
47241	65994
47242	65995
47243	65996
47244	65998
47245	65998
47246	65998
47247	65998
47248	65999
47249	65999
47250	66002
47251	66002
47252	66003
47253	66004
47254	66005
47255	66008
47256	66009
47257	66009
47258	66009
47259	66009
47260	66010
47261	66011
47262	66012
47263	66015
47264	66016
47265	66016
47266	66019
47267	66020
47268	66021
47269	66021
47270	66024
47271	66025
47272	66026
47273	66026
47274	66029
47275	66029
47276	66030
47277	66033
47278	66034
47279	66034
47280	66035
47281	66035
47282	66035
47283	66036
47284	66037
47285	66039
47286	66040
47287	66041
47288	66044
47289	66045
47290	66045
47291	66046
47292	66047
47293	66048
47294	66049
47295	66050
47296	66050
47297	66051
47298	66051
47299	66052
47300	66053
47301	66056
47302	66057
47303	66058
47304	66058
47305	66059
47306	66060
47307	66061
47308	66061
47309	66062
47310	66063
47311	66064
47312	66065
47313	66066
47314	66067
47315	66067
47316	66069
47317	66070
47318	66071
47319	66071
47320	66073
47321	66074
47322	66075
47323	66077
47324	66079
47325	66080
47326	66081
47327	66081
47328	66082
47329	66083
47330	66084
47331	66084
47332	66085
47333	66086
47334	66086
47335	66086
47336	66087
47337	66088
47338	66088
47339	66089
47340	66090
47341	66091
47342	66093
47343	66094
47344	66097
47345	66098
47346	66098
47347	66099
47348	66100
47349	66102
47350	66102
47351	66103
47352	66104
47353	66105
47354	66106
47355	66107
47356	66107
47357	66109
47358	66112
47359	66112
47360	66113
47361	66114
47362	66115
47363	66116
47364	66117
47365	66118
47366	66119
47367	66120
47368	66120
47369	66121
47370	66122
47371	66124
47372	66124
47373	66125
47374	66126
47375	66127
47376	66127
47377	66129
47378	66130
47379	66132
47380	66133
47381	66135
47382	66136
47383	66138
47384	66140
47385	66140
47386	66140
47387	66141
47388	66142
47389	66143
47390	66143
47391	66143
47392	66144
47393	66144
47394	66145
47395	66146
47396	66147
47397	66150
47398	66151
47399	66154
47400	66154
47401	66155
47402	66156
47403	66157
47404	66158
47405	66159
47406	66160
47407	66160
47408	66161
47409	66162
47410	66164
47411	66165
47412	66165
47413	66166
47414	66166
47415	66168
47416	66169
47417	66170
47418	66171
47419	66173
47420	66175
47421	66176
47422	66176
47423	66178
47424	66178
47425	66178
47426	66181
47427	66182
47428	66183
47429	66185
47430	66185
47431	66186
47432	66187
47433	66187
47434	66188
47435	66188
47436	66189
47437	66190
47438	66191
47439	66191
47440	66192
47441	66194
47442	66195
47443	66197
47444	66198
47445	66198
47446	66199
47447	66200
47448	66200
47449	66202
47450	66202
47451	66203
47452	66203
47453	66204
47454	66205
47455	66206
47456	66207
47457	66208
47458	66208
47459	66209
47460	66210
47461	66212
47462	66213
47463	66214
47464	66215
47465	66216
47466	66217
47467	66220
47468	66223
47469	66224
47470	66225
47471	66225
47472	66225
47473	66226
47474	66227
47475	66230
47476	66231
47477	66232
47478	66233
47479	66234
47480	66235
47481	66236
47482	66238
47483	66238
47484	66238
47485	66241
47486	66242
47487	66243
47488	66243
47489	66245
47490	66246
47491	66246
47492	66247
47493	66247
47494	66248
47495	66249
47496	66250
47497	66251
47498	66252
47499	66252
47500	66254
47501	66255
47502	66256
47503	66257
47504	66260
47505	66260
47506	66261
47507	66262
47508	66263
47509	66263
47510	66264
47511	66264
47512	66266
47513	66267
47514	66268
47515	66269
47516	66269
47517	66270
47518	66271
47519	66272
47520	66273
47521	66274
47522	66275
47523	66277
47524	66278
47525	66279
47526	66280
47527	66281
47528	66281
47529	66282
47530	66283
47531	66284
47532	66286
47533	66286
47534	66286
47535	66287
47536	66288
47537	66289
47538	66290
47539	66292
47540	66292
47541	66293
47542	66294
47543	66295
47544	66295
47545	66296
47546	66296
47547	66296
47548	66297
47549	66298
47550	66299
47551	66299
47552	66300
47553	66302
47554	66303
47555	66304
47556	66304
47557	66305
47558	66307
47559	66309
47560	66309
47561	66310
47562	66311
47563	66312
47564	66313
47565	66314
47566	66315
47567	66316
47568	66317
47569	66318
47570	66318
47571	66320
47572	66321
47573	66324
47574	66325
47575	66326
47576	66327
47577	66327
47578	66328
47579	66328
47580	66328
47581	66328
47582	66329
47583	66330
47584	66331
47585	66332
47586	66332
47587	66334
47588	66335
47589	66335
47590	66336
47591	66337
47592	66338
47593	66339
47594	66339
47595	66339
47596	66339
47597	66342
47598	66343
47599	66344
47600	66345
47601	66346
47602	66347
47603	66350
47604	66351
47605	66352
47606	66352
47607	66353
47608	66354
47609	66355
47610	66358
47611	66359
47612	66360
47613	66361
47614	66362
47615	66363
47616	66364
47617	66365
47618	66367
47619	66368
47620	66369
47621	66369
47622	66370
47623	66371
47624	66372
47625	66373
47626	66375
47627	66377
47628	66378
47629	66379
47630	66380
47631	66380
47632	66381
47633	66384
47634	66385
47635	66387
47636	66388
47637	66388
47638	66388
47639	66388
47640	66389
47641	66390
47642	66391
47643	66392
47644	66395
47645	66395
47646	66397
47647	66397
47648	66397
47649	66399
47650	66399
47651	66400
47652	66401
47653	66402
47654	66405
47655	66406
47656	66407
47657	66407
47658	66407
47659	66408
47660	66411
47661	66412
47662	66412
47663	66412
47664	66413
47665	66414
47666	66414
47667	66415
47668	66416
47669	66417
47670	66419
47671	66422
47672	66423
47673	66424
47674	66424
47675	66425
47676	66426
47677	66426
47678	66427
47679	66428
47680	66431
47681	66432
47682	66433
47683	66434
47684	66435
47685	66435
47686	66435
47687	66436
47688	66437
47689	66440
47690	66440
47691	66441
47692	66441
47693	66441
47694	66441
47695	66442
47696	66443
47697	66445
47698	66446
47699	66448
47700	66449
47701	66452
47702	66453
47703	66453
47704	66453
47705	66455
47706	66457
47707	66457
47708	66458
47709	66459
47710	66460
47711	66461
47712	66463
47713	66464
47714	66465
47715	66466
47716	66466
47717	66467
47718	66469
47719	66469
47720	66470
47721	66471
47722	66472
47723	66474
47724	66475
47725	66476
47726	66476
47727	66476
47728	66479
47729	66479
47730	66479
47731	66480
47732	66481
47733	66482
47734	66483
47735	66483
47736	66484
47737	66487
47738	66488
47739	66488
47740	66489
47741	66490
47742	66492
47743	66493
47744	66495
47745	66496
47746	66498
47747	66499
47748	66499
47749	66499
47750	66500
47751	66501
47752	66502
47753	66503
47754	66504
47755	66504
47756	66507
47757	66508
47758	66510
47759	66511
47760	66514
47761	66515
47762	66517
47763	66518
47764	66521
47765	66522
47766	66524
47767	66525
47768	66526
47769	66527
47770	66528
47771	66529
47772	66529
47773	66530
47774	66530
47775	66530
47776	66531
47777	66532
47778	66533
47779	66534
47780	66537
47781	66538
47782	66539
47783	66540
47784	66541
47785	66541
47786	66543
47787	66544
47788	66547
47789	66548
47790	66548
47791	66550
47792	66550
47793	66550
47794	66552
47795	66552
47796	66552
47797	66553
47798	66554
47799	66555
47800	66555
47801	66555
47802	66556
47803	66557
47804	66557
47805	66560
47806	66561
47807	66562
47808	66563
47809	66563
47810	66564
47811	66565
47812	66565
47813	66566
47814	66566
47815	66566
47816	66566
47817	66566
47818	66566
47819	66566
47820	66569
47821	66570
47822	66571
47823	66571
47824	66572
47825	66573
47826	66574
47827	66574
47828	66575
47829	66575
47830	66575
47831	66576
47832	66578
47833	66579
47834	66579
47835	66580
47836	66582
47837	66583
47838	66584
47839	66585
47840	66585
47841	66587
47842	66588
47843	66589
47844	66590
47845	66591
47846	66592
47847	66593
47848	66594
47849	66596
47850	66596
47851	66597
47852	66598
47853	66599
47854	66602
47855	66602
47856	66603
47857	66605
47858	66606
47859	66606
47860	66606
47861	66607
47862	66608
47863	66609
47864	66609
47865	66610
47866	66611
47867	66612
47868	66614
47869	66614
47870	66615
47871	66616
47872	66617
47873	66618
47874	66619
47875	66621
47876	66622
47877	66623
47878	66623
47879	66625
47880	66625
47881	66627
47882	66628
47883	66628
47884	66628
47885	66629
47886	66629
47887	66629
47888	66630
47889	66631
47890	66632
47891	66633
47892	66635
47893	66637
47894	66638
47895	66639
47896	66641
47897	66642
47898	66643
47899	66643
47900	66644
47901	66645
47902	66645
47903	66648
47904	66649
47905	66650
47906	66651
47907	66652
47908	66653
47909	66655
47910	66656
47911	66656
47912	66656
47913	66657
47914	66658
47915	66658
47916	66658
47917	66659
47918	66660
47919	66661
47920	66662
47921	66664
47922	66665
47923	66666
47924	66666
47925	66668
47926	66668
47927	66668
47928	66669
47929	66670
47930	66673
47931	66674
47932	66675
47933	66676
47934	66677
47935	66677
47936	66678
47937	66679
47938	66679
47939	66682
47940	66683
47941	66683
47942	66684
47943	66684
47944	66685
47945	66687
47946	66690
47947	66691
47948	66691
47949	66692
47950	66692
47951	66693
47952	66694
47953	66695
47954	66697
47955	66698
47956	66698
47957	66699
47958	66702
47959	66703
47960	66705
47961	66705
47962	66706
47963	66707
47964	66707
47965	66707
47966	66707
47967	66707
47968	66710
47969	66711
47970	66712
47971	66713
47972	66714
47973	66715
47974	66716
47975	66718
47976	66719
47977	66720
47978	66723
47979	66726
47980	66726
47981	66726
47982	66726
47983	66727
47984	66727
47985	66728
47986	66729
47987	66730
47988	66732
47989	66733
47990	66733
47991	66736
47992	66736
47993	66737
47994	66740
47995	66741
47996	66742
47997	66742
47998	66744
47999	66745
48000	66745
48001	66745
48002	66746
48003	66749
48004	66750
48005	66751
48006	66752
48007	66753
48008	66754
48009	66755
48010	66758
48011	66759
48012	66759
48013	66760
48014	66761
48015	66762
48016	66762
48017	66764
48018	66764
48019	66765
48020	66766
48021	66766
48022	66766
48023	66767
48024	66768
48025	66770
48026	66771
48027	66772
48028	66774
48029	66777
48030	66778
48031	66778
48032	66781
48033	66781
48034	66782
48035	66783
48036	66783
48037	66786
48038	66787
48039	66787
48040	66787
48041	66787
48042	66788
48043	66789
48044	66790
48045	66790
48046	66791
48047	66794
48048	66795
48049	66795
48050	66795
48051	66796
48052	66797
48053	66798
48054	66799
48055	66802
48056	66803
48057	66804
48058	66805
48059	66806
48060	66808
48061	66809
48062	66809
48063	66810
48064	66810
48065	66811
48066	66814
48067	66814
48068	66814
48069	66814
48070	66815
48071	66818
48072	66820
48073	66820
48074	66820
48075	66821
48076	66822
48077	66823
48078	66823
48079	66824
48080	66825
48081	66825
48082	66825
48083	66826
48084	66826
48085	66828
48086	66829
48087	66830
48088	66831
48089	66831
48090	66831
48091	66832
48092	66835
48093	66835
48094	66836
48095	66838
48096	66838
48097	66840
48098	66843
48099	66844
48100	66845
48101	66845
48102	66845
48103	66846
48104	66847
48105	66848
48106	66848
48107	66848
48108	66849
48109	66849
48110	66850
48111	66850
48112	66851
48113	66851
48114	66851
48115	66851
48116	66851
48117	66852
48118	66853
48119	66854
48120	66857
48121	66858
48122	66859
48123	66860
48124	66860
48125	66861
48126	66863
48127	66864
48128	66864
48129	66865
48130	66868
48131	66869
48132	66870
48133	66870
48134	66870
48135	66871
48136	66872
48137	66873
48138	66874
48139	66875
48140	66875
48141	66876
48142	66876
48143	66877
48144	66880
48145	66880
48146	66881
48147	66881
48148	66881
48149	66882
48150	66885
48151	66886
48152	66887
48153	66890
48154	66890
48155	66891
48156	66892
48157	66892
48158	66895
48159	66896
48160	66897
48161	66898
48162	66899
48163	66900
48164	66901
48165	66902
48166	66903
48167	66905
48168	66906
48169	66908
48170	66909
48171	66909
48172	66911
48173	66912
48174	66914
48175	66915
48176	66916
48177	66918
48178	66920
48179	66920
48180	66920
48181	66923
48182	66924
48183	66926
48184	66927
48185	66928
48186	66929
48187	66929
48188	66930
48189	66931
48190	66931
48191	66933
48192	66933
48193	66934
48194	66935
48195	66938
48196	66938
48197	66938
48198	66939
48199	66939
48200	66940
48201	66941
48202	66944
48203	66945
48204	66946
48205	66947
48206	66948
48207	66949
48208	66950
48209	66950
48210	66951
48211	66951
48212	66953
48213	66954
48214	66955
48215	66956
48216	66959
48217	66960
48218	66960
48219	66961
48220	66961
48221	66961
48222	66964
48223	66967
48224	66968
48225	66969
48226	66970
48227	66971
48228	66971
48229	66972
48230	66973
48231	66975
48232	66976
48233	66977
48234	66980
48235	66981
48236	66982
48237	66985
48238	66986
48239	66986
48240	66986
48241	66987
48242	66988
48243	66988
48244	66990
48245	66991
48246	66992
48247	66993
48248	66993
48249	66993
48250	66994
48251	66995
48252	66995
48253	66998
48254	66999
48255	67000
48256	67001
48257	67002
48258	67004
48259	67005
48260	67006
48261	67007
48262	67009
48263	67012
48264	67013
48265	67014
48266	67017
48267	67018
48268	67019
48269	67020
48270	67021
48271	67021
48272	67021
48273	67022
48274	67022
48275	67022
48276	67022
48277	67023
48278	67025
48279	67026
48280	67029
48281	67030
48282	67031
48283	67032
48284	67033
48285	67034
48286	67035
48287	67037
48288	67038
48289	67038
48290	67039
48291	67041
48292	67043
48293	67044
48294	67045
48295	67047
48296	67047
48297	67047
48298	67048
48299	67049
48300	67049
48301	67049
48302	67050
48303	67053
48304	67054
48305	67055
48306	67056
48307	67056
48308	67056
48309	67058
48310	67059
48311	67060
48312	67061
48313	67062
48314	67065
48315	67066
48316	67067
48317	67067
48318	67068
48319	67069
48320	67070
48321	67071
48322	67072
48323	67072
48324	67073
48325	67073
48326	67074
48327	67075
48328	67076
48329	67077
48330	67078
48331	67080
48332	67081
48333	67081
48334	67082
48335	67082
48336	67082
48337	67083
48338	67084
48339	67084
48340	67086
48341	67087
48342	67089
48343	67089
48344	67090
48345	67091
48346	67092
48347	67093
48348	67094
48349	67094
48350	67095
48351	67096
48352	67096
48353	67098
48354	67099
48355	67099
48356	67102
48357	67103
48358	67103
48359	67106
48360	67107
48361	67108
48362	67109
48363	67109
48364	67109
48365	67110
48366	67111
48367	67114
48368	67115
48369	67116
48370	67116
48371	67117
48372	67118
48373	67119
48374	67120
48375	67120
48376	67123
48377	67124
48378	67124
48379	67127
48380	67130
48381	67131
48382	67132
48383	67133
48384	67136
48385	67137
48386	67138
48387	67139
48388	67140
48389	67141
48390	67142
48391	67142
48392	67142
48393	67143
48394	67144
48395	67145
48396	67146
48397	67147
48398	67150
48399	67150
48400	67150
48401	67151
48402	67152
48403	67154
48404	67154
48405	67154
48406	67155
48407	67156
48408	67159
48409	67161
48410	67162
48411	67162
48412	67163
48413	67163
48414	67164
48415	67165
48416	67166
48417	67166
48418	67167
48419	67169
48420	67170
48421	67170
48422	67171
48423	67172
48424	67174
48425	67174
48426	67174
48427	67175
48428	67176
48429	67177
48430	67180
48431	67180
48432	67181
48433	67181
48434	67182
48435	67183
48436	67184
48437	67186
48438	67187
48439	67190
48440	67191
48441	67193
48442	67194
48443	67195
48444	67196
48445	67197
48446	67197
48447	67198
48448	67199
48449	67200
48450	67201
48451	67202
48452	67203
48453	67203
48454	67203
48455	67205
48456	67205
48457	67205
48458	67206
48459	67208
48460	67211
48461	67212
48462	67213
48463	67216
48464	67216
48465	67217
48466	67218
48467	67219
48468	67221
48469	67222
48470	67223
48471	67224
48472	67225
48473	67228
48474	67229
48475	67231
48476	67231
48477	67231
48478	67232
48479	67233
48480	67234
48481	67234
48482	67237
48483	67238
48484	67238
48485	67239
48486	67241
48487	67242
48488	67243
48489	67243
48490	67244
48491	67245
48492	67246
48493	67246
48494	67247
48495	67248
48496	67250
48497	67253
48498	67254
48499	67255
48500	67258
48501	67258
48502	67259
48503	67260
48504	67261
48505	67262
48506	67263
48507	67263
48508	67266
48509	67267
48510	67269
48511	67270
48512	67271
48513	67272
48514	67273
48515	67273
48516	67273
48517	67274
48518	67275
48519	67278
48520	67279
48521	67282
48522	67283
48523	67284
48524	67284
48525	67285
48526	67286
48527	67287
48528	67289
48529	67289
48530	67289
48531	67289
48532	67289
48533	67290
48534	67291
48535	67293
48536	67294
48537	67294
48538	67295
48539	67296
48540	67296
48541	67296
48542	67299
48543	67299
48544	67300
48545	67300
48546	67301
48547	67303
48548	67304
48549	67305
48550	67307
48551	67310
48552	67311
48553	67312
48554	67313
48555	67315
48556	67316
48557	67318
48558	67321
48559	67322
48560	67323
48561	67324
48562	67325
48563	67325
48564	67326
48565	67326
48566	67327
48567	67327
48568	67328
48569	67330
48570	67331
48571	67332
48572	67332
48573	67333
48574	67334
48575	67334
48576	67335
48577	67336
48578	67337
48579	67337
48580	67337
48581	67338
48582	67339
48583	67340
48584	67340
48585	67341
48586	67342
48587	67342
48588	67343
48589	67346
48590	67347
48591	67348
48592	67348
48593	67348
48594	67348
48595	67351
48596	67352
48597	67353
48598	67354
48599	67355
48600	67355
48601	67356
48602	67359
48603	67360
48604	67362
48605	67363
48606	67363
48607	67365
48608	67367
48609	67368
48610	67370
48611	67371
48612	67373
48613	67373
48614	67373
48615	67374
48616	67377
48617	67377
48618	67378
48619	67381
48620	67381
48621	67382
48622	67385
48623	67386
48624	67387
48625	67387
48626	67387
48627	67387
48628	67388
48629	67389
48630	67390
48631	67392
48632	67395
48633	67396
48634	67396
48635	67398
48636	67398
48637	67401
48638	67402
48639	67405
48640	67405
48641	67405
48642	67406
48643	67406
48644	67408
48645	67408
48646	67409
48647	67410
48648	67411
48649	67412
48650	67414
48651	67414
48652	67415
48653	67416
48654	67416
48655	67417
48656	67418
48657	67419
48658	67419
48659	67419
48660	67420
48661	67421
48662	67424
48663	67425
48664	67426
48665	67426
48666	67426
48667	67427
48668	67428
48669	67429
48670	67429
48671	67430
48672	67430
48673	67430
48674	67431
48675	67431
48676	67432
48677	67433
48678	67434
48679	67434
48680	67435
48681	67438
48682	67440
48683	67441
48684	67441
48685	67443
48686	67443
48687	67444
48688	67445
48689	67445
48690	67447
48691	67448
48692	67449
48693	67449
48694	67452
48695	67454
48696	67454
48697	67455
48698	67457
48699	67458
48700	67461
48701	67462
48702	67463
48703	67464
48704	67464
48705	67465
48706	67465
48707	67465
48708	67465
48709	67466
48710	67467
48711	67467
48712	67469
48713	67470
48714	67471
48715	67471
48716	67471
48717	67471
48718	67472
48719	67472
48720	67473
48721	67475
48722	67476
48723	67477
48724	67477
48725	67478
48726	67479
48727	67482
48728	67483
48729	67484
48730	67485
48731	67486
48732	67488
48733	67489
48734	67490
48735	67490
48736	67491
48737	67491
48738	67491
48739	67492
48740	67493
48741	67493
48742	67496
48743	67496
48744	67497
48745	67500
48746	67501
48747	67502
48748	67503
48749	67503
48750	67506
48751	67507
48752	67508
48753	67509
48754	67510
48755	67511
48756	67511
48757	67512
48758	67513
48759	67515
48760	67516
48761	67518
48762	67519
48763	67520
48764	67523
48765	67524
48766	67526
48767	67526
48768	67527
48769	67529
48770	67529
48771	67529
48772	67532
48773	67532
48774	67533
48775	67534
48776	67534
48777	67535
48778	67535
48779	67536
48780	67537
48781	67538
48782	67539
48783	67539
48784	67540
48785	67540
48786	67540
48787	67541
48788	67541
48789	67542
48790	67543
48791	67544
48792	67545
48793	67545
48794	67545
48795	67545
48796	67545
48797	67548
48798	67549
48799	67549
48800	67550
48801	67551
48802	67552
48803	67553
48804	67553
48805	67556
48806	67557
48807	67557
48808	67558
48809	67561
48810	67564
48811	67565
48812	67568
48813	67569
48814	67570
48815	67571
48816	67571
48817	67571
48818	67571
48819	67574
48820	67575
48821	67576
48822	67577
48823	67578
48824	67579
48825	67580
48826	67581
48827	67583
48828	67584
48829	67587
48830	67588
48831	67589
48832	67592
48833	67595
48834	67596
48835	67597
48836	67597
48837	67599
48838	67602
48839	67603
48840	67604
48841	67605
48842	67606
48843	67607
48844	67607
48845	67608
48846	67611
48847	67612
48848	67612
48849	67612
48850	67615
48851	67616
48852	67618
48853	67619
48854	67619
48855	67621
48856	67622
48857	67623
48858	67624
48859	67625
48860	67626
48861	67627
48862	67628
48863	67629
48864	67629
48865	67629
48866	67631
48867	67632
48868	67633
48869	67634
48870	67635
48871	67636
48872	67636
48873	67637
48874	67637
48875	67640
48876	67640
48877	67640
48878	67641
48879	67642
48880	67642
48881	67642
48882	67643
48883	67644
48884	67645
48885	67646
48886	67647
48887	67649
48888	67649
48889	67650
48890	67651
48891	67652
48892	67653
48893	67654
48894	67656
48895	67657
48896	67659
48897	67660
48898	67660
48899	67662
48900	67665
48901	67666
48902	67666
48903	67669
48904	67669
48905	67670
48906	67670
48907	67671
48908	67673
48909	67674
48910	67676
48911	67677
48912	67678
48913	67679
48914	67679
48915	67680
48916	67681
48917	67682
48918	67683
48919	67684
48920	67685
48921	67685
48922	67686
48923	67689
48924	67690
48925	67691
48926	67692
48927	67693
48928	67694
48929	67695
48930	67697
48931	67698
48932	67701
48933	67702
48934	67703
48935	67705
48936	67708
48937	67709
48938	67709
48939	67712
48940	67712
48941	67713
48942	67714
48943	67715
48944	67716
48945	67716
48946	67717
48947	67720
48948	67720
48949	67721
48950	67724
48951	67724
48952	67725
48953	67728
48954	67729
48955	67729
48956	67730
48957	67731
48958	67732
48959	67732
48960	67734
48961	67735
48962	67736
48963	67737
48964	67738
48965	67740
48966	67741
48967	67742
48968	67743
48969	67743
48970	67744
48971	67744
48972	67745
48973	67746
48974	67747
48975	67748
48976	67750
48977	67750
48978	67751
48979	67751
48980	67752
48981	67753
48982	67754
48983	67754
48984	67755
48985	67756
48986	67757
48987	67758
48988	67759
48989	67760
48990	67761
48991	67761
48992	67762
48993	67764
48994	67765
48995	67766
48996	67766
48997	67766
48998	67767
48999	67769
49000	67770
49001	67771
49002	67771
49003	67774
49004	67775
49005	67776
49006	67776
49007	67777
49008	67780
49009	67781
49010	67783
49011	67784
49012	67784
49013	67784
49014	67785
49015	67785
49016	67785
49017	67785
49018	67785
49019	67785
49020	67786
49021	67787
49022	67788
49023	67789
49024	67789
49025	67790
49026	67791
49027	67792
49028	67793
49029	67794
49030	67794
49031	67795
49032	67795
49033	67796
49034	67797
49035	67798
49036	67799
49037	67800
49038	67801
49039	67802
49040	67803
49041	67803
49042	67803
49043	67804
49044	67806
49045	67807
49046	67808
49047	67808
49048	67809
49049	67811
49050	67812
49051	67813
49052	67813
49053	67814
49054	67814
49055	67815
49056	67816
49057	67817
49058	67818
49059	67818
49060	67819
49061	67820
49062	67820
49063	67821
49064	67824
49065	67825
49066	67826
49067	67828
49068	67829
49069	67830
49070	67831
49071	67832
49072	67832
49073	67834
49074	67835
49075	67837
49076	67838
49077	67841
49078	67844
49079	67845
49080	67846
49081	67849
49082	67850
49083	67852
49084	67852
49085	67852
49086	67853
49087	67854
49088	67854
49089	67854
49090	67854
49091	67856
49092	67857
49093	67857
49094	67858
49095	67858
49096	67859
49097	67859
49098	67860
49099	67862
49100	67862
49101	67865
49102	67866
49103	67866
49104	67867
49105	67868
49106	67869
49107	67869
49108	67870
49109	67871
49110	67872
49111	67873
49112	67874
49113	67877
49114	67878
49115	67880
49116	67881
49117	67884
49118	67885
49119	67886
49120	67887
49121	67888
49122	67888
49123	67888
49124	67889
49125	67889
49126	67891
49127	67891
49128	67892
49129	67893
49130	67894
49131	67896
49132	67897
49133	67899
49134	67900
49135	67901
49136	67902
49137	67903
49138	67903
49139	67904
49140	67904
49141	67905
49142	67905
49143	67906
49144	67909
49145	67910
49146	67911
49147	67914
49148	67915
49149	67916
49150	67916
49151	67917
49152	67918
49153	67921
49154	67922
49155	67923
49156	67924
49157	67925
49158	67928
49159	67928
49160	67929
49161	67931
49162	67931
49163	67933
49164	67934
49165	67934
49166	67935
49167	67936
49168	67936
49169	67936
49170	67939
49171	67940
49172	67941
49173	67942
49174	67944
49175	67945
49176	67946
49177	67947
49178	67950
49179	67951
49180	67953
49181	67954
49182	67955
49183	67956
49184	67959
49185	67960
49186	67960
49187	67961
49188	67962
49189	67962
49190	67963
49191	67963
49192	67965
49193	67966
49194	67966
49195	67967
49196	67968
49197	67968
49198	67969
49199	67970
49200	67972
49201	67973
49202	67974
49203	67975
49204	67977
49205	67977
49206	67978
49207	67979
49208	67980
49209	67981
49210	67981
49211	67983
49212	67984
49213	67985
49214	67988
49215	67989
49216	67990
49217	67992
49218	67992
49219	67992
49220	67993
49221	67993
49222	67993
49223	67994
49224	67995
49225	67996
49226	67998
49227	67999
49228	67999
49229	68000
49230	68000
49231	68001
49232	68002
49233	68003
49234	68003
49235	68004
49236	68006
49237	68007
49238	68008
49239	68008
49240	68009
49241	68010
49242	68011
49243	68012
49244	68014
49245	68015
49246	68015
49247	68016
49248	68017
49249	68019
49250	68020
49251	68023
49252	68024
49253	68025
49254	68026
49255	68026
49256	68027
49257	68027
49258	68028
49259	68029
49260	68029
49261	68032
49262	68033
49263	68033
49264	68034
49265	68034
49266	68035
49267	68036
49268	68038
49269	68038
49270	68039
49271	68039
49272	68040
49273	68041
49274	68042
49275	68044
49276	68045
49277	68046
49278	68049
49279	68049
49280	68050
49281	68050
49282	68051
49283	68052
49284	68053
49285	68053
49286	68053
49287	68056
49288	68057
49289	68058
49290	68059
49291	68060
49292	68061
49293	68062
49294	68063
49295	68066
49296	68067
49297	68067
49298	68069
49299	68072
49300	68073
49301	68074
49302	68077
49303	68079
49304	68080
49305	68080
49306	68081
49307	68081
49308	68081
49309	68082
49310	68082
49311	68083
49312	68084
49313	68085
49314	68087
49315	68087
49316	68088
49317	68088
49318	68089
49319	68090
49320	68090
49321	68090
49322	68091
49323	68092
49324	68092
49325	68093
49326	68095
49327	68097
49328	68097
49329	68097
49330	68100
49331	68101
49332	68102
49333	68105
49334	68106
49335	68108
49336	68109
49337	68110
49338	68111
49339	68112
49340	68113
49341	68116
49342	68117
49343	68117
49344	68118
49345	68119
49346	68119
49347	68119
49348	68120
49349	68120
49350	68123
49351	68124
49352	68127
49353	68128
49354	68129
49355	68129
49356	68129
49357	68130
49358	68130
49359	68132
49360	68133
49361	68134
49362	68135
49363	68136
49364	68138
49365	68139
49366	68140
49367	68141
49368	68142
49369	68143
49370	68143
49371	68145
49372	68145
49373	68146
49374	68147
49375	68150
49376	68151
49377	68151
49378	68153
49379	68155
49380	68156
49381	68156
49382	68156
49383	68157
49384	68158
49385	68159
49386	68162
49387	68163
49388	68164
49389	68164
49390	68167
49391	68167
49392	68168
49393	68169
49394	68170
49395	68171
49396	68172
49397	68173
49398	68174
49399	68174
49400	68177
49401	68177
49402	68179
49403	68180
49404	68180
49405	68183
49406	68184
49407	68184
49408	68187
49409	68188
49410	68190
49411	68190
49412	68191
49413	68194
49414	68196
49415	68197
49416	68197
49417	68199
49418	68199
49419	68201
49420	68201
49421	68202
49422	68203
49423	68206
49424	68207
49425	68208
49426	68209
49427	68210
49428	68210
49429	68210
49430	68211
49431	68214
49432	68215
49433	68215
49434	68215
49435	68216
49436	68216
49437	68216
49438	68217
49439	68218
49440	68219
49441	68219
49442	68220
49443	68221
49444	68221
49445	68222
49446	68223
49447	68224
49448	68224
49449	68224
49450	68224
49451	68224
49452	68227
49453	68228
49454	68231
49455	68232
49456	68233
49457	68234
49458	68235
49459	68236
49460	68239
49461	68240
49462	68241
49463	68241
49464	68241
49465	68242
49466	68243
49467	68244
49468	68245
49469	68246
49470	68246
49471	68246
49472	68247
49473	68248
49474	68250
49475	68251
49476	68252
49477	68253
49478	68254
49479	68256
49480	68257
49481	68258
49482	68258
49483	68258
49484	68259
49485	68260
49486	68260
49487	68261
49488	68261
49489	68263
49490	68264
49491	68265
49492	68265
49493	68265
49494	68266
49495	68267
49496	68268
49497	68268
49498	68270
49499	68271
49500	68273
49501	68274
49502	68276
49503	68277
49504	68279
49505	68280
49506	68281
49507	68282
49508	68283
49509	68284
49510	68284
49511	68285
49512	68287
49513	68288
49514	68289
49515	68290
49516	68291
49517	68291
49518	68292
49519	68292
49520	68293
49521	68293
49522	68293
49523	68293
49524	68294
49525	68295
49526	68295
49527	68298
49528	68299
49529	68300
49530	68302
49531	68302
49532	68303
49533	68304
49534	68305
49535	68306
49536	68306
49537	68306
49538	68307
49539	68307
49540	68308
49541	68309
49542	68309
49543	68310
49544	68312
49545	68312
49546	68314
49547	68315
49548	68316
49549	68316
49550	68317
49551	68320
49552	68321
49553	68321
49554	68322
49555	68322
49556	68323
49557	68325
49558	68326
49559	68327
49560	68328
49561	68328
49562	68329
49563	68329
49564	68331
49565	68331
49566	68332
49567	68333
49568	68333
49569	68334
49570	68334
49571	68335
49572	68337
49573	68337
49574	68338
49575	68339
49576	68340
49577	68341
49578	68343
49579	68343
49580	68344
49581	68346
49582	68347
49583	68347
49584	68349
49585	68352
49586	68353
49587	68354
49588	68357
49589	68358
49590	68359
49591	68360
49592	68360
49593	68360
49594	68363
49595	68364
49596	68365
49597	68365
49598	68365
49599	68365
49600	68366
49601	68369
49602	68370
49603	68370
49604	68371
49605	68371
49606	68371
49607	68374
49608	68375
49609	68376
49610	68376
49611	68376
49612	68377
49613	68379
49614	68379
49615	68380
49616	68381
49617	68381
49618	68381
49619	68382
49620	68385
49621	68386
49622	68387
49623	68388
49624	68388
49625	68390
49626	68390
49627	68393
49628	68393
49629	68394
49630	68395
49631	68396
49632	68397
49633	68399
49634	68400
49635	68400
49636	68401
49637	68403
49638	68404
49639	68406
49640	68407
49641	68408
49642	68410
49643	68411
49644	68412
49645	68413
49646	68414
49647	68416
49648	68417
49649	68420
49650	68421
49651	68421
49652	68422
49653	68425
49654	68426
49655	68428
49656	68429
49657	68432
49658	68433
49659	68435
49660	68436
49661	68437
49662	68438
49663	68439
49664	68439
49665	68440
49666	68440
49667	68441
49668	68442
49669	68443
49670	68444
49671	68446
49672	68446
49673	68447
49674	68448
49675	68451
49676	68452
49677	68454
49678	68455
49679	68456
49680	68457
49681	68457
49682	68458
49683	68459
49684	68460
49685	68463
49686	68464
49687	68467
49688	68467
49689	68467
49690	68467
49691	68467
49692	68467
49693	68468
49694	68469
49695	68470
49696	68471
49697	68472
49698	68473
49699	68474
49700	68475
49701	68475
49702	68475
49703	68477
49704	68478
49705	68480
49706	68481
49707	68482
49708	68482
49709	68483
49710	68484
49711	68485
49712	68485
49713	68485
49714	68486
49715	68488
49716	68491
49717	68492
49718	68492
49719	68492
49720	68492
49721	68493
49722	68496
49723	68497
49724	68498
49725	68501
49726	68503
49727	68504
49728	68504
49729	68504
49730	68505
49731	68506
49732	68507
49733	68507
49734	68508
49735	68508
49736	68509
49737	68511
49738	68512
49739	68513
49740	68513
49741	68513
49742	68514
49743	68515
49744	68516
49745	68517
49746	68518
49747	68521
49748	68522
49749	68525
49750	68526
49751	68527
49752	68529
49753	68531
49754	68531
49755	68532
49756	68533
49757	68533
49758	68534
49759	68535
49760	68536
49761	68537
49762	68537
49763	68537
49764	68538
49765	68540
49766	68541
49767	68541
49768	68541
49769	68542
49770	68543
49771	68543
49772	68546
49773	68547
49774	68548
49775	68548
49776	68549
49777	68549
49778	68550
49779	68550
49780	68553
49781	68553
49782	68554
49783	68554
49784	68554
49785	68555
49786	68555
49787	68556
49788	68556
49789	68557
49790	68559
49791	68561
49792	68561
49793	68562
49794	68565
49795	68565
49796	68566
49797	68566
49798	68567
49799	68570
49800	68571
49801	68571
49802	68572
49803	68572
49804	68573
49805	68573
49806	68573
49807	68574
49808	68575
49809	68576
49810	68576
49811	68577
49812	68578
49813	68581
49814	68582
49815	68582
49816	68583
49817	68584
49818	68585
49819	68585
49820	68586
49821	68587
49822	68587
49823	68588
49824	68591
49825	68592
49826	68593
49827	68594
49828	68597
49829	68598
49830	68599
49831	68600
49832	68601
49833	68602
49834	68602
49835	68603
49836	68603
49837	68605
49838	68605
49839	68605
49840	68605
49841	68606
49842	68608
49843	68609
49844	68610
49845	68611
49846	68613
49847	68613
49848	68614
49849	68615
49850	68615
49851	68616
49852	68618
49853	68619
49854	68620
49855	68621
49856	68621
49857	68622
49858	68622
49859	68623
49860	68625
49861	68626
49862	68626
49863	68629
49864	68630
49865	68631
49866	68631
49867	68632
49868	68634
49869	68635
49870	68637
49871	68638
49872	68639
49873	68640
49874	68640
49875	68641
49876	68644
49877	68645
49878	68646
49879	68647
49880	68648
49881	68648
49882	68649
49883	68650
49884	68652
49885	68653
49886	68654
49887	68657
49888	68659
49889	68660
49890	68660
49891	68663
49892	68664
49893	68666
49894	68667
49895	68667
49896	68667
49897	68667
49898	68668
49899	68669
49900	68669
49901	68672
49902	68673
49903	68674
49904	68675
49905	68676
49906	68677
49907	68678
49908	68678
49909	68679
49910	68682
49911	68683
49912	68686
49913	68687
49914	68688
49915	68691
49916	68692
49917	68693
49918	68696
49919	68698
49920	68699
49921	68699
49922	68699
49923	68700
49924	68700
49925	68701
49926	68702
49927	68704
49928	68705
49929	68705
49930	68708
49931	68709
49932	68710
49933	68711
49934	68712
49935	68713
49936	68713
49937	68713
49938	68715
49939	68716
49940	68717
49941	68718
49942	68719
49943	68720
49944	68721
49945	68722
49946	68723
49947	68725
49948	68726
49949	68726
49950	68727
49951	68727
49952	68728
49953	68728
49954	68731
49955	68732
49956	68733
49957	68735
49958	68737
49959	68737
49960	68738
49961	68740
49962	68740
49963	68742
49964	68743
49965	68744
49966	68745
49967	68745
49968	68746
49969	68746
49970	68746
49971	68747
49972	68747
49973	68748
49974	68749
49975	68750
49976	68750
49977	68750
49978	68750
49979	68751
49980	68752
49981	68753
49982	68756
49983	68757
49984	68757
49985	68760
49986	68760
49987	68761
49988	68762
49989	68765
49990	68766
49991	68768
49992	68768
49993	68768
49994	68771
49995	68772
49996	68773
49997	68773
49998	68774
49999	68775
50000	68777
50001	68777
50002	68778
50003	68780
50004	68783
50005	68784
50006	68784
50007	68785
50008	68785
50009	68787
50010	68787
50011	68788
50012	68789
50013	68790
50014	68791
50015	68791
50016	68792
50017	68795
50018	68796
50019	68796
50020	68797
50021	68797
50022	68798
50023	68799
50024	68800
50025	68802
50026	68803
50027	68804
50028	68805
50029	68805
50030	68806
50031	68807
50032	68807
50033	68808
50034	68809
50035	68809
50036	68810
50037	68811
50038	68813
50039	68814
50040	68817
50041	68818
50042	68819
50043	68820
50044	68821
50045	68822
50046	68823
50047	68825
50048	68825
50049	68825
50050	68826
50051	68827
50052	68828
50053	68829
50054	68830
50055	68832
50056	68832
50057	68834
50058	68835
50059	68835
50060	68837
50061	68839
50062	68839
50063	68840
50064	68843
50065	68844
50066	68844
50067	68845
50068	68846
50069	68847
50070	68848
50071	68848
50072	68849
50073	68849
50074	68850
50075	68852
50076	68854
50077	68855
50078	68856
50079	68857
50080	68858
50081	68858
50082	68859
50083	68861
50084	68862
50085	68865
50086	68866
50087	68867
50088	68870
50089	68871
50090	68872
50091	68873
50092	68876
50093	68877
50094	68879
50095	68880
50096	68881
50097	68882
50098	68883
50099	68883
50100	68883
50101	68883
50102	68884
50103	68885
50104	68886
50105	68887
50106	68890
50107	68891
50108	68892
50109	68893
50110	68894
50111	68896
50112	68896
50113	68896
50114	68896
50115	68897
50116	68898
50117	68899
50118	68899
50119	68899
50120	68900
50121	68901
50122	68901
50123	68901
50124	68902
50125	68904
50126	68905
50127	68906
50128	68906
50129	68907
50130	68908
50131	68909
50132	68909
50133	68910
50134	68911
50135	68911
50136	68912
50137	68915
50138	68915
50139	68916
50140	68917
50141	68918
50142	68919
50143	68922
50144	68923
50145	68926
50146	68927
50147	68927
50148	68927
50149	68930
50150	68931
50151	68932
50152	68932
50153	68933
50154	68934
50155	68937
50156	68940
50157	68940
50158	68941
50159	68942
50160	68942
50161	68943
50162	68943
50163	68944
50164	68945
50165	68947
50166	68947
50167	68948
50168	68951
50169	68951
50170	68952
50171	68953
50172	68953
50173	68954
50174	68955
50175	68956
50176	68957
50177	68960
50178	68961
50179	68962
50180	68963
50181	68963
50182	68964
50183	68965
50184	68966
50185	68966
50186	68967
50187	68968
50188	68968
50189	68969
50190	68970
50191	68971
50192	68971
50193	68972
50194	68973
50195	68973
50196	68975
50197	68976
50198	68977
50199	68978
50200	68978
50201	68979
50202	68980
50203	68981
50204	68984
50205	68984
50206	68985
50207	68986
50208	68987
50209	68987
50210	68989
50211	68989
50212	68990
50213	68991
50214	68992
50215	68993
50216	68994
50217	68995
50218	68995
50219	68997
50220	68997
50221	68997
50222	68998
50223	68999
50224	69000
50225	69001
50226	69003
50227	69004
50228	69005
50229	69005
50230	69006
50231	69008
50232	69009
50233	69009
50234	69010
50235	69011
50236	69012
50237	69012
50238	69012
50239	69012
50240	69013
50241	69015
50242	69015
50243	69016
50244	69017
50245	69018
50246	69018
50247	69019
50248	69021
50249	69022
50250	69025
50251	69026
50252	69026
50253	69026
50254	69027
50255	69028
50256	69029
50257	69032
50258	69033
50259	69036
50260	69036
50261	69037
50262	69038
50263	69039
50264	69040
50265	69041
50266	69041
50267	69042
50268	69043
50269	69044
50270	69046
50271	69046
50272	69047
50273	69048
50274	69048
50275	69049
50276	69051
50277	69052
50278	69053
50279	69055
50280	69057
50281	69058
50282	69060
50283	69060
50284	69060
50285	69062
50286	69063
50287	69065
50288	69066
50289	69067
50290	69069
50291	69071
50292	69071
50293	69073
50294	69073
50295	69074
50296	69075
50297	69076
50298	69076
50299	69077
50300	69078
50301	69081
50302	69082
50303	69082
50304	69083
50305	69083
50306	69084
50307	69085
50308	69088
50309	69089
50310	69090
50311	69091
50312	69092
50313	69093
50314	69093
50315	69094
50316	69095
50317	69097
50318	69097
50319	69100
50320	69101
50321	69104
50322	69105
50323	69106
50324	69108
50325	69108
50326	69109
50327	69110
50328	69111
50329	69114
50330	69115
50331	69116
50332	69117
50333	69118
50334	69118
50335	69118
50336	69119
50337	69120
50338	69121
50339	69122
50340	69125
50341	69127
50342	69128
50343	69129
50344	69129
50345	69130
50346	69131
50347	69132
50348	69132
50349	69134
50350	69135
50351	69137
50352	69138
50353	69139
50354	69140
50355	69141
50356	69141
50357	69141
50358	69141
50359	69141
50360	69141
50361	69141
50362	69142
50363	69143
50364	69144
50365	69145
50366	69147
50367	69148
50368	69149
50369	69150
50370	69152
50371	69152
50372	69152
50373	69153
50374	69153
50375	69153
50376	69154
50377	69154
50378	69156
50379	69157
50380	69158
50381	69159
50382	69160
50383	69161
50384	69161
50385	69162
50386	69165
50387	69166
50388	69167
50389	69168
50390	69168
50391	69169
50392	69169
50393	69170
50394	69170
50395	69171
50396	69172
50397	69173
50398	69174
50399	69176
50400	69176
50401	69177
50402	69178
50403	69179
50404	69180
50405	69181
50406	69182
50407	69182
50408	69182
50409	69183
50410	69184
50411	69185
50412	69188
50413	69189
50414	69189
50415	69190
50416	69192
50417	69193
50418	69194
50419	69195
50420	69196
50421	69197
50422	69197
50423	69197
50424	69198
50425	69199
50426	69199
50427	69200
50428	69200
50429	69200
50430	69201
50431	69201
50432	69201
50433	69203
50434	69204
50435	69205
50436	69206
50437	69206
50438	69207
50439	69208
50440	69209
50441	69210
50442	69212
50443	69213
50444	69213
50445	69213
50446	69213
50447	69213
50448	69213
50449	69214
50450	69215
50451	69216
50452	69216
50453	69218
50454	69218
50455	69220
50456	69220
50457	69222
50458	69223
50459	69224
50460	69224
50461	69226
50462	69227
50463	69228
50464	69230
50465	69230
50466	69233
50467	69234
50468	69235
50469	69236
50470	69237
50471	69238
50472	69238
50473	69238
50474	69239
50475	69240
50476	69240
50477	69240
50478	69241
50479	69243
50480	69244
50481	69245
50482	69248
50483	69248
50484	69248
50485	69249
50486	69249
50487	69250
50488	69251
50489	69252
50490	69253
50491	69254
50492	69255
50493	69256
50494	69258
50495	69261
50496	69262
50497	69262
50498	69263
50499	69264
50500	69265
50501	69266
50502	69267
50503	69269
50504	69271
50505	69272
50506	69272
50507	69273
50508	69274
50509	69275
50510	69276
50511	69277
50512	69278
50513	69279
50514	69281
50515	69282
50516	69283
50517	69284
50518	69284
50519	69285
50520	69286
50521	69288
50522	69288
50523	69288
50524	69290
50525	69290
50526	69291
50527	69291
50528	69292
50529	69293
50530	69294
50531	69296
50532	69296
50533	69297
50534	69297
50535	69298
50536	69299
50537	69301
50538	69301
50539	69303
50540	69303
50541	69304
50542	69305
50543	69306
50544	69307
50545	69308
50546	69309
50547	69309
50548	69309
50549	69310
50550	69312
50551	69314
50552	69315
50553	69316
50554	69317
50555	69319
50556	69320
50557	69323
50558	69324
50559	69324
50560	69325
50561	69325
50562	69326
50563	69328
50564	69329
50565	69332
50566	69332
50567	69333
50568	69333
50569	69333
50570	69334
50571	69335
50572	69335
50573	69335
50574	69335
50575	69336
50576	69337
50577	69337
50578	69339
50579	69340
50580	69340
50581	69341
50582	69342
50583	69343
50584	69344
50585	69347
50586	69348
50587	69351
50588	69352
50589	69353
50590	69354
50591	69357
50592	69358
50593	69358
50594	69359
50595	69360
50596	69360
50597	69361
50598	69361
50599	69363
50600	69364
50601	69365
50602	69366
50603	69367
50604	69368
50605	69369
50606	69370
50607	69370
50608	69371
50609	69372
50610	69373
50611	69375
50612	69377
50613	69378
50614	69379
50615	69380
50616	69380
50617	69381
50618	69382
50619	69383
50620	69384
50621	69385
50622	69387
50623	69390
50624	69391
50625	69392
50626	69392
50627	69393
50628	69393
50629	69394
50630	69396
50631	69396
50632	69397
50633	69398
50634	69398
50635	69399
50636	69400
50637	69400
50638	69401
50639	69404
50640	69405
50641	69405
50642	69405
50643	69406
50644	69408
50645	69408
50646	69408
50647	69409
50648	69409
50649	69410
50650	69411
50651	69412
50652	69415
50653	69416
50654	69416
50655	69416
50656	69416
50657	69418
50658	69419
50659	69419
50660	69419
50661	69420
50662	69420
50663	69421
50664	69422
50665	69423
50666	69424
50667	69425
50668	69427
50669	69430
50670	69431
50671	69432
50672	69434
50673	69435
50674	69438
50675	69439
50676	69442
50677	69443
50678	69445
50679	69446
50680	69447
50681	69448
50682	69449
50683	69449
50684	69450
50685	69451
50686	69452
50687	69452
50688	69453
50689	69454
50690	69455
50691	69456
50692	69459
50693	69460
50694	69460
50695	69462
50696	69463
50697	69463
50698	69464
50699	69465
50700	69466
50701	69467
50702	69470
50703	69470
50704	69470
50705	69470
50706	69472
50707	69472
50708	69473
50709	69474
50710	69474
50711	69474
50712	69474
50713	69475
50714	69475
50715	69475
50716	69478
50717	69479
50718	69480
50719	69481
50720	69484
50721	69485
50722	69487
50723	69487
50724	69487
50725	69489
50726	69491
50727	69491
50728	69492
50729	69493
50730	69494
50731	69495
50732	69495
50733	69497
50734	69498
50735	69499
50736	69499
50737	69500
50738	69502
50739	69503
50740	69503
50741	69503
50742	69506
50743	69506
50744	69507
50745	69507
50746	69508
50747	69509
50748	69511
50749	69512
50750	69513
50751	69513
50752	69514
50753	69515
50754	69515
50755	69515
50756	69516
50757	69519
50758	69520
50759	69520
50760	69521
50761	69523
50762	69525
50763	69526
50764	69527
50765	69529
50766	69530
50767	69530
50768	69531
50769	69531
50770	69531
50771	69531
50772	69531
50773	69531
50774	69531
50775	69534
50776	69535
50777	69536
50778	69536
50779	69536
50780	69537
50781	69537
50782	69538
50783	69539
50784	69540
50785	69542
50786	69543
50787	69545
50788	69546
50789	69547
50790	69548
50791	69550
50792	69550
50793	69550
50794	69551
50795	69552
50796	69553
50797	69554
50798	69555
50799	69557
50800	69557
50801	69558
50802	69559
50803	69560
50804	69560
50805	69561
50806	69561
50807	69562
50808	69562
50809	69564
50810	69567
50811	69567
50812	69568
50813	69570
50814	69571
50815	69571
50816	69571
50817	69572
50818	69573
50819	69574
50820	69575
50821	69576
50822	69576
50823	69577
50824	69579
50825	69580
50826	69580
50827	69580
50828	69580
50829	69581
50830	69582
50831	69583
50832	69583
50833	69585
50834	69587
50835	69588
50836	69588
50837	69589
50838	69590
50839	69591
50840	69593
50841	69595
50842	69596
50843	69597
50844	69598
50845	69599
50846	69600
50847	69601
50848	69603
50849	69604
50850	69604
50851	69604
50852	69605
50853	69608
50854	69609
50855	69610
50856	69610
50857	69610
50858	69611
50859	69612
50860	69613
50861	69613
50862	69614
50863	69615
50864	69615
50865	69615
50866	69617
50867	69618
50868	69621
50869	69622
50870	69623
50871	69624
50872	69625
50873	69626
50874	69626
50875	69626
50876	69629
50877	69632
50878	69633
50879	69633
50880	69633
50881	69633
50882	69634
50883	69635
50884	69635
50885	69638
50886	69639
50887	69639
50888	69640
50889	69641
50890	69642
50891	69643
50892	69643
50893	69646
50894	69647
50895	69647
50896	69648
50897	69648
50898	69649
50899	69650
50900	69651
50901	69652
50902	69652
50903	69652
50904	69652
50905	69653
50906	69655
50907	69656
50908	69657
50909	69657
50910	69658
50911	69659
50912	69660
50913	69661
50914	69662
50915	69663
50916	69666
50917	69667
50918	69668
50919	69669
50920	69670
50921	69671
50922	69672
50923	69673
50924	69675
50925	69676
50926	69679
50927	69680
50928	69681
50929	69681
50930	69684
50931	69685
50932	69686
50933	69686
50934	69687
50935	69687
50936	69688
50937	69691
50938	69692
50939	69693
50940	69693
50941	69694
50942	69695
50943	69695
50944	69696
50945	69697
50946	69698
50947	69699
50948	69700
50949	69703
50950	69704
50951	69705
50952	69707
50953	69707
50954	69708
50955	69709
50956	69711
50957	69712
50958	69713
50959	69715
50960	69716
50961	69717
50962	69720
50963	69721
50964	69722
50965	69722
50966	69723
50967	69724
50968	69725
50969	69726
50970	69727
50971	69728
50972	69729
50973	69730
50974	69733
50975	69734
50976	69734
50977	69735
50978	69736
50979	69736
50980	69739
50981	69740
50982	69742
50983	69743
50984	69745
50985	69746
50986	69746
50987	69746
50988	69747
50989	69748
50990	69748
50991	69749
50992	69749
50993	69749
50994	69751
50995	69754
50996	69757
50997	69757
50998	69758
50999	69759
51000	69759
51001	69760
51002	69761
51003	69762
51004	69763
51005	69764
51006	69764
51007	69765
51008	69766
51009	69767
51010	69767
51011	69767
51012	69767
51013	69767
51014	69769
51015	69770
51016	69771
51017	69771
51018	69771
51019	69772
51020	69773
51021	69774
51022	69775
51023	69775
51024	69776
51025	69778
51026	69779
51027	69779
51028	69780
51029	69782
51030	69783
51031	69785
51032	69786
51033	69789
51034	69790
51035	69791
51036	69793
51037	69796
51038	69797
51039	69797
51040	69798
51041	69801
51042	69802
51043	69804
51044	69807
51045	69808
51046	69808
51047	69809
51048	69810
51049	69810
51050	69810
51051	69811
51052	69811
51053	69812
51054	69813
51055	69815
51056	69815
51057	69816
51058	69818
51059	69819
51060	69820
51061	69821
51062	69821
51063	69823
51064	69826
51065	69827
51066	69828
51067	69829
51068	69829
51069	69832
51070	69832
51071	69832
51072	69833
51073	69835
51074	69836
51075	69836
51076	69837
51077	69838
51078	69839
51079	69839
51080	69840
51081	69841
51082	69841
51083	69842
51084	69845
51085	69846
51086	69847
51087	69847
51088	69848
51089	69851
51090	69851
51091	69852
51092	69853
51093	69854
51094	69854
51095	69855
51096	69855
51097	69856
51098	69857
51099	69858
51100	69858
51101	69858
51102	69861
51103	69862
51104	69863
51105	69864
51106	69864
51107	69866
51108	69867
51109	69868
51110	69871
51111	69872
51112	69873
51113	69876
51114	69878
51115	69879
51116	69879
51117	69882
51118	69882
51119	69883
51120	69884
51121	69885
51122	69886
51123	69887
51124	69888
51125	69889
51126	69890
51127	69890
51128	69890
51129	69890
51130	69891
51131	69892
51132	69892
51133	69893
51134	69895
51135	69896
51136	69899
51137	69900
51138	69900
51139	69900
51140	69901
51141	69903
51142	69903
51143	69904
51144	69905
51145	69906
51146	69907
51147	69907
51148	69908
51149	69911
51150	69912
51151	69915
51152	69916
51153	69916
51154	69916
51155	69917
51156	69918
51157	69919
51158	69922
51159	69922
51160	69924
51161	69924
51162	69925
51163	69926
51164	69927
51165	69930
51166	69931
51167	69931
51168	69932
51169	69935
51170	69935
51171	69936
51172	69936
51173	69937
51174	69938
51175	69939
51176	69940
51177	69941
51178	69942
51179	69943
51180	69944
51181	69947
51182	69947
51183	69947
51184	69949
51185	69952
51186	69953
51187	69956
51188	69957
51189	69958
51190	69961
51191	69961
51192	69963
51193	69964
51194	69965
51195	69965
51196	69965
51197	69966
51198	69967
51199	69968
51200	69969
51201	69972
51202	69973
51203	69974
51204	69974
51205	69975
51206	69976
51207	69977
51208	69978
51209	69979
51210	69979
51211	69980
51212	69981
51213	69982
51214	69985
51215	69985
51216	69986
51217	69987
51218	69987
51219	69988
51220	69989
51221	69990
51222	69992
51223	69993
51224	69994
51225	69995
51226	69998
51227	69998
51228	69998
51229	70000
51230	70001
51231	70002
51232	70002
51233	70003
51234	70004
51235	70004
51236	70005
51237	70007
51238	70007
51239	70008
51240	70010
51241	70013
51242	70014
51243	70015
51244	70018
51245	70018
51246	70021
51247	70021
51248	70022
51249	70023
51250	70023
51251	70024
51252	70025
51253	70026
51254	70027
51255	70028
51256	70030
51257	70031
51258	70034
51259	70035
51260	70036
51261	70037
51262	70038
51263	70039
51264	70039
51265	70040
51266	70043
51267	70043
51268	70044
51269	70045
51270	70046
51271	70047
51272	70047
51273	70048
51274	70049
51275	70051
51276	70051
51277	70054
51278	70057
51279	70058
51280	70059
51281	70059
51282	70060
51283	70061
51284	70062
51285	70062
51286	70065
51287	70066
51288	70069
51289	70069
51290	70070
51291	70071
51292	70072
51293	70075
51294	70076
51295	70077
51296	70078
51297	70078
51298	70078
51299	70080
51300	70081
51301	70084
51302	70085
51303	70086
51304	70086
51305	70087
51306	70087
51307	70088
51308	70088
51309	70089
51310	70090
51311	70090
51312	70090
51313	70090
51314	70091
51315	70092
51316	70094
51317	70094
51318	70095
51319	70095
51320	70097
51321	70098
51322	70101
51323	70102
51324	70103
51325	70104
51326	70104
51327	70104
51328	70104
51329	70106
51330	70106
51331	70109
51332	70110
51333	70111
51334	70112
51335	70113
51336	70114
51337	70114
51338	70115
51339	70116
51340	70117
51341	70118
51342	70121
51343	70121
51344	70122
51345	70123
51346	70126
51347	70129
51348	70130
51349	70131
51350	70132
51351	70135
51352	70136
51353	70137
51354	70138
51355	70139
51356	70139
51357	70139
51358	70139
51359	70141
51360	70142
51361	70143
51362	70144
51363	70145
51364	70146
51365	70148
51366	70149
51367	70150
51368	70151
51369	70152
51370	70153
51371	70154
51372	70157
51373	70158
51374	70159
51375	70160
51376	70160
51377	70161
51378	70164
51379	70165
51380	70165
51381	70165
51382	70166
51383	70166
51384	70167
51385	70168
51386	70168
51387	70169
51388	70171
51389	70172
51390	70173
51391	70174
51392	70176
51393	70176
51394	70177
51395	70178
51396	70179
51397	70180
51398	70180
51399	70181
51400	70182
51401	70184
51402	70185
51403	70186
51404	70187
51405	70188
51406	70190
51407	70193
51408	70194
51409	70195
51410	70196
51411	70196
51412	70197
51413	70198
51414	70200
51415	70201
51416	70204
51417	70205
51418	70205
51419	70206
51420	70207
51421	70208
51422	70208
51423	70210
51424	70210
51425	70211
51426	70211
51427	70212
51428	70215
51429	70215
51430	70217
51431	70217
51432	70218
51433	70219
51434	70219
51435	70220
51436	70221
51437	70222
51438	70224
51439	70225
51440	70225
51441	70226
51442	70226
51443	70226
51444	70227
51445	70228
51446	70229
51447	70230
51448	70230
51449	70231
51450	70234
51451	70235
51452	70235
51453	70236
51454	70239
51455	70240
51456	70243
51457	70243
51458	70244
51459	70245
51460	70246
51461	70246
51462	70247
51463	70249
51464	70249
51465	70250
51466	70251
51467	70252
51468	70253
51469	70254
51470	70254
51471	70254
51472	70256
51473	70257
51474	70257
51475	70259
51476	70260
51477	70261
51478	70263
51479	70263
51480	70264
51481	70265
51482	70266
51483	70267
51484	70270
51485	70271
51486	70272
51487	70273
51488	70274
51489	70274
51490	70274
51491	70277
51492	70278
51493	70279
51494	70279
51495	70280
51496	70281
51497	70282
51498	70282
51499	70283
51500	70284
51501	70285
51502	70286
51503	70287
51504	70288
51505	70289
51506	70290
51507	70291
51508	70291
51509	70291
51510	70293
51511	70295
51512	70295
51513	70295
51514	70296
51515	70298
51516	70299
51517	70299
51518	70300
51519	70300
51520	70300
51521	70301
51522	70302
51523	70303
51524	70303
51525	70304
51526	70305
51527	70306
51528	70307
51529	70308
51530	70309
51531	70310
51532	70312
51533	70312
51534	70313
51535	70314
51536	70315
51537	70317
51538	70318
51539	70318
51540	70318
51541	70319
51542	70322
51543	70322
51544	70323
51545	70324
51546	70324
51547	70327
51548	70328
51549	70329
51550	70330
51551	70331
51552	70332
51553	70333
51554	70334
51555	70334
51556	70335
51557	70337
51558	70337
51559	70339
51560	70339
51561	70339
51562	70340
51563	70341
51564	70342
51565	70343
51566	70344
51567	70346
51568	70347
51569	70348
51570	70350
51571	70353
51572	70354
51573	70354
51574	70354
51575	70355
51576	70357
51577	70357
51578	70358
51579	70359
51580	70361
51581	70361
51582	70363
51583	70364
51584	70364
51585	70365
51586	70366
51587	70366
51588	70367
51589	70368
51590	70369
51591	70370
51592	70371
51593	70374
51594	70374
51595	70376
51596	70376
51597	70379
51598	70380
51599	70380
51600	70381
51601	70382
51602	70383
51603	70384
51604	70385
51605	70386
51606	70386
51607	70388
51608	70388
51609	70390
51610	70391
51611	70392
51612	70393
51613	70394
51614	70396
51615	70397
51616	70398
51617	70400
51618	70401
51619	70402
51620	70404
51621	70405
51622	70406
51623	70408
51624	70409
51625	70410
51626	70411
51627	70411
51628	70414
51629	70415
51630	70418
51631	70419
51632	70420
51633	70421
51634	70422
51635	70424
51636	70425
51637	70426
51638	70427
51639	70428
51640	70429
51641	70430
51642	70431
51643	70432
51644	70434
51645	70435
51646	70435
51647	70436
51648	70437
51649	70438
51650	70439
51651	70439
51652	70439
51653	70439
51654	70441
51655	70441
51656	70442
51657	70443
51658	70444
51659	70444
51660	70445
51661	70445
51662	70445
51663	70446
51664	70447
51665	70447
51666	70447
51667	70449
51668	70449
51669	70449
51670	70449
51671	70451
51672	70452
51673	70452
51674	70453
51675	70454
51676	70454
51677	70455
51678	70457
51679	70458
51680	70460
51681	70460
51682	70461
51683	70461
51684	70463
51685	70466
51686	70467
51687	70468
51688	70470
51689	70471
51690	70472
51691	70473
51692	70473
51693	70474
51694	70475
51695	70475
51696	70475
51697	70476
51698	70477
51699	70479
51700	70479
51701	70480
51702	70482
51703	70482
51704	70483
51705	70484
51706	70484
51707	70485
51708	70486
51709	70487
51710	70490
51711	70491
51712	70492
51713	70493
51714	70493
51715	70494
51716	70495
51717	70496
51718	70497
51719	70498
51720	70498
51721	70499
51722	70500
51723	70501
51724	70501
51725	70502
51726	70504
51727	70505
51728	70507
51729	70508
51730	70509
51731	70509
51732	70509
51733	70510
51734	70512
51735	70513
51736	70514
51737	70514
51738	70515
51739	70516
51740	70517
51741	70517
51742	70517
51743	70518
51744	70518
51745	70519
51746	70520
51747	70522
51748	70523
51749	70524
51750	70525
51751	70527
51752	70528
51753	70528
51754	70531
51755	70532
51756	70532
51757	70532
51758	70532
51759	70533
51760	70534
51761	70535
51762	70536
51763	70537
51764	70539
51765	70540
51766	70540
51767	70542
51768	70543
51769	70543
51770	70545
51771	70548
51772	70549
51773	70550
51774	70553
51775	70555
51776	70556
51777	70556
51778	70557
51779	70558
51780	70559
51781	70559
51782	70561
51783	70562
51784	70563
51785	70564
51786	70565
51787	70566
51788	70567
51789	70567
51790	70568
51791	70569
51792	70569
51793	70569
51794	70570
51795	70571
51796	70572
51797	70573
51798	70574
51799	70575
51800	70576
51801	70577
51802	70579
51803	70579
51804	70580
51805	70581
51806	70584
51807	70585
51808	70586
51809	70589
51810	70590
51811	70593
51812	70594
51813	70596
51814	70597
51815	70598
51816	70599
51817	70599
51818	70599
51819	70599
51820	70599
51821	70600
51822	70603
51823	70604
51824	70605
51825	70605
51826	70607
51827	70607
51828	70608
51829	70608
51830	70608
51831	70609
51832	70610
51833	70611
51834	70612
51835	70613
51836	70614
51837	70617
51838	70617
51839	70617
51840	70618
51841	70619
51842	70620
51843	70620
51844	70621
51845	70621
51846	70622
51847	70622
51848	70623
51849	70626
51850	70627
51851	70628
51852	70631
51853	70631
51854	70632
51855	70633
51856	70633
51857	70633
51858	70633
51859	70636
51860	70637
51861	70638
51862	70639
51863	70640
51864	70640
51865	70640
51866	70640
51867	70641
51868	70642
51869	70642
51870	70643
51871	70644
51872	70644
51873	70646
51874	70647
51875	70649
51876	70650
51877	70651
51878	70652
51879	70653
51880	70653
51881	70653
51882	70653
51883	70653
51884	70654
51885	70655
51886	70656
51887	70657
51888	70658
51889	70660
51890	70660
51891	70661
51892	70662
51893	70663
51894	70664
51895	70665
51896	70665
51897	70666
51898	70669
51899	70670
51900	70670
51901	70671
51902	70672
51903	70672
51904	70673
51905	70673
51906	70675
51907	70676
51908	70677
51909	70677
51910	70678
51911	70679
51912	70681
51913	70681
51914	70682
51915	70684
51916	70685
51917	70686
51918	70687
51919	70688
51920	70689
51921	70691
51922	70691
51923	70693
51924	70694
51925	70695
51926	70696
51927	70697
51928	70699
51929	70699
51930	70699
51931	70699
51932	70699
51933	70700
51934	70700
51935	70701
51936	70702
51937	70705
51938	70706
51939	70706
51940	70708
51941	70709
51942	70710
51943	70710
51944	70711
51945	70712
51946	70713
51947	70714
51948	70717
51949	70718
51950	70718
51951	70719
51952	70720
51953	70721
51954	70723
51955	70723
51956	70723
51957	70724
51958	70724
51959	70724
51960	70725
51961	70725
51962	70726
51963	70727
51964	70728
51965	70729
51966	70731
51967	70732
51968	70733
51969	70734
51970	70735
51971	70736
51972	70739
51973	70740
51974	70740
51975	70741
51976	70742
51977	70742
51978	70744
51979	70745
51980	70746
51981	70748
51982	70749
51983	70752
51984	70753
51985	70754
51986	70757
51987	70757
51988	70760
51989	70761
51990	70762
51991	70763
51992	70764
51993	70764
51994	70765
51995	70765
51996	70766
51997	70767
51998	70768
51999	70769
52000	70771
52001	70771
52002	70772
52003	70773
52004	70774
52005	70774
52006	70775
52007	70778
52008	70779
52009	70782
52010	70783
52011	70784
52012	70785
52013	70785
52014	70786
52015	70787
52016	70787
52017	70787
52018	70787
52019	70789
52020	70789
52021	70792
52022	70793
52023	70793
52024	70795
52025	70798
52026	70799
52027	70800
52028	70800
52029	70801
52030	70802
52031	70805
52032	70806
52033	70806
52034	70808
52035	70809
52036	70810
52037	70811
52038	70811
52039	70812
52040	70812
52041	70812
52042	70813
52043	70813
52044	70814
52045	70817
52046	70817
52047	70818
52048	70820
52049	70821
52050	70822
52051	70822
52052	70823
52053	70825
52054	70826
52055	70827
52056	70830
52057	70831
52058	70834
52059	70835
52060	70836
52061	70836
52062	70837
52063	70838
52064	70839
52065	70839
52066	70839
52067	70840
52068	70842
52069	70842
52070	70843
52071	70843
52072	70844
52073	70845
52074	70845
52075	70848
52076	70849
52077	70850
52078	70851
52079	70852
52080	70853
52081	70853
52082	70854
52083	70855
52084	70856
52085	70859
52086	70860
52087	70860
52088	70862
52089	70863
52090	70864
52091	70865
52092	70866
52093	70867
52094	70867
52095	70868
52096	70868
52097	70869
52098	70872
52099	70872
52100	70872
52101	70874
52102	70875
52103	70875
52104	70875
52105	70876
52106	70877
52107	70877
52108	70878
52109	70879
52110	70882
52111	70883
52112	70884
52113	70887
52114	70889
52115	70889
52116	70890
52117	70890
52118	70891
52119	70892
52120	70893
52121	70893
52122	70894
52123	70894
52124	70896
52125	70896
52126	70899
52127	70900
52128	70901
52129	70901
52130	70904
52131	70905
52132	70907
52133	70910
52134	70911
52135	70912
52136	70913
52137	70914
52138	70914
52139	70914
52140	70915
52141	70915
52142	70916
52143	70916
52144	70917
52145	70918
52146	70920
52147	70921
52148	70922
52149	70924
52150	70925
52151	70926
52152	70927
52153	70927
52154	70928
52155	70928
52156	70929
52157	70929
52158	70930
52159	70932
52160	70933
52161	70933
52162	70933
52163	70934
52164	70934
52165	70934
52166	70934
52167	70937
52168	70937
52169	70937
52170	70938
52171	70938
52172	70939
52173	70940
52174	70940
52175	70940
52176	70941
52177	70942
52178	70942
52179	70944
52180	70947
52181	70947
52182	70948
52183	70949
52184	70949
52185	70951
52186	70952
52187	70953
52188	70954
52189	70955
52190	70957
52191	70958
52192	70959
52193	70960
52194	70961
52195	70962
52196	70963
52197	70966
52198	70967
52199	70968
52200	70969
52201	70970
52202	70971
52203	70972
52204	70975
52205	70976
52206	70976
52207	70976
52208	70976
52209	70977
52210	70978
52211	70979
52212	70979
52213	70980
52214	70980
52215	70981
52216	70982
52217	70983
52218	70984
52219	70984
52220	70985
52221	70986
52222	70987
52223	70989
52224	70990
52225	70991
52226	70993
52227	70994
52228	70994
52229	70995
52230	70996
52231	70997
52232	70998
52233	70999
52234	71000
52235	71000
52236	71001
52237	71004
52238	71005
52239	71005
52240	71008
52241	71009
52242	71009
52243	71010
52244	71011
52245	71012
52246	71013
52247	71013
52248	71013
52249	71014
52250	71014
52251	71015
52252	71015
52253	71016
52254	71017
52255	71018
52256	71018
52257	71021
52258	71021
52259	71022
52260	71022
52261	71022
52262	71023
52263	71024
52264	71025
52265	71026
52266	71027
52267	71027
52268	71028
52269	71029
52270	71032
52271	71033
52272	71034
52273	71035
52274	71035
52275	71035
52276	71036
52277	71036
52278	71036
52279	71037
52280	71038
52281	71041
52282	71041
52283	71041
52284	71042
52285	71043
52286	71044
52287	71044
52288	71044
52289	71045
52290	71046
52291	71047
52292	71050
52293	71051
52294	71052
52295	71053
52296	71054
52297	71054
52298	71055
52299	71056
52300	71057
52301	71057
52302	71058
52303	71060
52304	71061
52305	71061
52306	71062
52307	71063
52308	71064
52309	71065
52310	71067
52311	71068
52312	71070
52313	71070
52314	71070
52315	71072
52316	71073
52317	71074
52318	71075
52319	71075
52320	71076
52321	71076
52322	71077
52323	71078
52324	71078
52325	71079
52326	71082
52327	71083
52328	71084
52329	71087
52330	71088
52331	71089
52332	71090
52333	71091
52334	71092
52335	71093
52336	71094
52337	71095
52338	71096
52339	71097
52340	71098
52341	71099
52342	71100
52343	71101
52344	71101
52345	71101
52346	71102
52347	71103
52348	71104
52349	71107
52350	71108
52351	71109
52352	71110
52353	71110
52354	71110
52355	71110
52356	71111
52357	71112
52358	71113
52359	71115
52360	71115
52361	71117
52362	71118
52363	71119
52364	71120
52365	71123
52366	71124
52367	71125
52368	71127
52369	71128
52370	71129
52371	71130
52372	71131
52373	71134
52374	71135
52375	71135
52376	71136
52377	71139
52378	71140
52379	71141
52380	71141
52381	71142
52382	71144
52383	71144
52384	71145
52385	71147
52386	71148
52387	71149
52388	71150
52389	71150
52390	71151
52391	71152
52392	71152
52393	71154
52394	71154
52395	71155
52396	71156
52397	71156
52398	71157
52399	71158
52400	71159
52401	71160
52402	71162
52403	71163
52404	71164
52405	71164
52406	71167
52407	71168
52408	71168
52409	71169
52410	71171
52411	71172
52412	71173
52413	71176
52414	71177
52415	71177
52416	71178
52417	71179
52418	71180
52419	71182
52420	71184
52421	71185
52422	71186
52423	71186
52424	71187
52425	71187
52426	71187
52427	71188
52428	71188
52429	71188
52430	71189
52431	71191
52432	71193
52433	71194
52434	71194
52435	71195
52436	71196
52437	71197
52438	71198
52439	71199
52440	71202
52441	71203
52442	71203
52443	71204
52444	71204
52445	71205
52446	71205
52447	71206
52448	71206
52449	71207
52450	71207
52451	71208
52452	71208
52453	71209
52454	71210
52455	71210
52456	71211
52457	71212
52458	71212
52459	71212
52460	71213
52461	71213
52462	71213
52463	71214
52464	71215
52465	71216
52466	71216
52467	71219
52468	71220
52469	71220
52470	71221
52471	71222
52472	71222
52473	71224
52474	71224
52475	71225
52476	71225
52477	71228
52478	71229
52479	71229
52480	71232
52481	71233
52482	71234
52483	71235
52484	71236
52485	71237
52486	71238
52487	71241
52488	71242
52489	71243
52490	71245
52491	71245
52492	71247
52493	71249
52494	71250
52495	71251
52496	71253
52497	71254
52498	71257
52499	71258
52500	71258
52501	71259
52502	71260
52503	71260
52504	71260
52505	71261
52506	71262
52507	71265
52508	71267
52509	71267
52510	71267
52511	71268
52512	71268
52513	71268
52514	71269
52515	71270
52516	71271
52517	71274
52518	71274
52519	71275
52520	71275
52521	71275
52522	71275
52523	71276
52524	71276
52525	71277
52526	71277
52527	71278
52528	71279
52529	71279
52530	71280
52531	71281
52532	71281
52533	71282
52534	71283
52535	71284
52536	71285
52537	71285
52538	71287
52539	71288
52540	71288
52541	71289
52542	71290
52543	71293
52544	71294
52545	71295
52546	71296
52547	71297
52548	71297
52549	71298
52550	71299
52551	71299
52552	71301
52553	71304
52554	71305
52555	71306
52556	71309
52557	71310
52558	71310
52559	71311
52560	71314
52561	71315
52562	71316
52563	71316
52564	71317
52565	71317
52566	71318
52567	71319
52568	71320
52569	71320
52570	71321
52571	71321
52572	71322
52573	71323
52574	71324
52575	71326
52576	71326
52577	71327
52578	71330
52579	71331
52580	71332
52581	71332
52582	71333
52583	71334
52584	71335
52585	71336
52586	71338
52587	71339
52588	71339
52589	71339
52590	71340
52591	71341
52592	71344
52593	71345
52594	71345
52595	71346
52596	71349
52597	71350
52598	71350
52599	71351
52600	71353
52601	71354
52602	71355
52603	71356
52604	71357
52605	71357
52606	71360
52607	71361
52608	71362
52609	71362
52610	71362
52611	71363
52612	71364
52613	71365
52614	71367
52615	71368
52616	71369
52617	71370
52618	71371
52619	71372
52620	71375
52621	71377
52622	71378
52623	71379
52624	71381
52625	71383
52626	71384
52627	71384
52628	71386
52629	71387
52630	71388
52631	71389
52632	71390
52633	71390
52634	71390
52635	71391
52636	71392
52637	71393
52638	71394
52639	71394
52640	71395
52641	71396
52642	71397
52643	71398
52644	71400
52645	71402
52646	71403
52647	71403
52648	71404
52649	71404
52650	71405
52651	71406
52652	71407
52653	71410
52654	71411
52655	71412
52656	71414
52657	71417
52658	71418
52659	71419
52660	71422
52661	71423
52662	71424
52663	71426
52664	71427
52665	71427
52666	71430
52667	71430
52668	71432
52669	71433
52670	71434
52671	71436
52672	71436
52673	71436
52674	71438
52675	71439
52676	71442
52677	71442
52678	71442
52679	71442
52680	71443
52681	71444
52682	71445
52683	71446
52684	71449
52685	71449
52686	71452
52687	71452
52688	71453
52689	71453
52690	71454
52691	71455
52692	71455
52693	71456
52694	71457
52695	71457
52696	71457
52697	71460
52698	71461
52699	71461
52700	71462
52701	71462
52702	71463
52703	71464
52704	71464
52705	71465
52706	71465
52707	71466
52708	71467
52709	71467
52710	71468
52711	71471
52712	71471
52713	71474
52714	71475
52715	71476
52716	71477
52717	71478
52718	71479
52719	71482
52720	71483
52721	71485
52722	71486
52723	71486
52724	71489
52725	71490
52726	71492
52727	71494
52728	71495
52729	71496
52730	71497
52731	71498
52732	71498
52733	71499
52734	71500
52735	71501
52736	71501
52737	71503
52738	71504
52739	71505
52740	71505
52741	71507
52742	71508
52743	71509
52744	71510
52745	71512
52746	71513
52747	71514
52748	71514
52749	71515
52750	71518
52751	71519
52752	71520
52753	71522
52754	71523
52755	71525
52756	71526
52757	71527
52758	71528
52759	71528
52760	71529
52761	71529
52762	71530
52763	71531
52764	71532
52765	71533
52766	71533
52767	71534
52768	71536
52769	71539
52770	71539
52771	71539
52772	71540
52773	71540
52774	71540
52775	71540
52776	71540
52777	71542
52778	71543
52779	71544
52780	71545
52781	71545
52782	71548
52783	71549
52784	71550
52785	71551
52786	71551
52787	71551
52788	71552
52789	71553
52790	71553
52791	71554
52792	71555
52793	71556
52794	71556
52795	71557
52796	71557
52797	71558
52798	71559
52799	71560
52800	71560
52801	71561
52802	71562
52803	71563
52804	71565
52805	71565
52806	71566
52807	71567
52808	71568
52809	71571
52810	71572
52811	71573
52812	71575
52813	71576
52814	71577
52815	71580
52816	71581
52817	71583
52818	71584
52819	71585
52820	71586
52821	71586
52822	71586
52823	71588
52824	71588
52825	71589
52826	71590
52827	71591
52828	71592
52829	71594
52830	71595
52831	71595
52832	71595
52833	71596
52834	71596
52835	71597
52836	71598
52837	71598
52838	71599
52839	71600
52840	71601
52841	71602
52842	71603
52843	71603
52844	71604
52845	71605
52846	71606
52847	71607
52848	71607
52849	71607
52850	71607
52851	71608
52852	71608
52853	71609
52854	71612
52855	71614
52856	71614
52857	71615
52858	71618
52859	71621
52860	71622
52861	71623
52862	71626
52863	71626
52864	71628
52865	71628
52866	71628
52867	71628
52868	71628
52869	71628
52870	71628
52871	71628
52872	71629
52873	71630
52874	71631
52875	71632
52876	71632
52877	71633
52878	71636
52879	71637
52880	71640
52881	71640
52882	71641
52883	71642
52884	71643
52885	71644
52886	71646
52887	71647
52888	71648
52889	71648
52890	71648
52891	71648
52892	71649
52893	71649
52894	71650
52895	71651
52896	71654
52897	71655
52898	71656
52899	71657
52900	71658
52901	71659
52902	71659
52903	71662
52904	71663
52905	71664
52906	71665
52907	71666
52908	71667
52909	71667
52910	71667
52911	71669
52912	71669
52913	71671
52914	71672
52915	71673
52916	71675
52917	71676
52918	71677
52919	71677
52920	71677
52921	71678
52922	71679
52923	71682
52924	71683
52925	71684
52926	71685
52927	71688
52928	71688
52929	71688
52930	71689
52931	71689
52932	71691
52933	71692
52934	71693
52935	71696
52936	71696
52937	71697
52938	71700
52939	71701
52940	71703
52941	71703
52942	71704
52943	71705
52944	71706
52945	71707
52946	71707
52947	71707
52948	71708
52949	71709
52950	71710
52951	71710
52952	71710
52953	71711
52954	71714
52955	71715
52956	71717
52957	71718
52958	71719
52959	71720
52960	71722
52961	71722
52962	71722
52963	71722
52964	71723
52965	71725
52966	71726
52967	71727
52968	71727
52969	71727
52970	71728
52971	71729
52972	71730
52973	71730
52974	71731
52975	71733
52976	71734
52977	71735
52978	71737
52979	71738
52980	71739
52981	71739
52982	71740
52983	71740
52984	71741
52985	71742
52986	71742
52987	71743
52988	71743
52989	71744
52990	71746
52991	71746
52992	71746
52993	71747
52994	71747
52995	71748
52996	71748
52997	71748
52998	71749
52999	71750
53000	71750
53001	71751
53002	71751
53003	71751
53004	71751
53005	71751
53006	71752
53007	71753
53008	71755
53009	71756
53010	71757
53011	71758
53012	71759
53013	71760
53014	71762
53015	71762
53016	71765
53017	71767
53018	71768
53019	71769
53020	71770
53021	71771
53022	71771
53023	71772
53024	71773
53025	71775
53026	71775
53027	71777
53028	71777
53029	71778
53030	71779
53031	71780
53032	71781
53033	71784
53034	71785
53035	71785
53036	71786
53037	71787
53038	71787
53039	71788
53040	71789
53041	71790
53042	71791
53043	71791
53044	71792
53045	71794
53046	71795
53047	71796
53048	71797
53049	71798
53050	71799
53051	71802
53052	71803
53053	71804
53054	71804
53055	71805
53056	71806
53057	71807
53058	71810
53059	71811
53060	71811
53061	71811
53062	71812
53063	71813
53064	71814
53065	71815
53066	71816
53067	71818
53068	71818
53069	71819
53070	71822
53071	71823
53072	71824
53073	71827
53074	71828
53075	71831
53076	71832
53077	71833
53078	71834
53079	71835
53080	71838
53081	71839
53082	71840
53083	71840
53084	71840
53085	71841
53086	71843
53087	71844
53088	71846
53089	71847
53090	71848
53091	71848
53092	71849
53093	71851
53094	71853
53095	71854
53096	71856
53097	71857
53098	71860
53099	71861
53100	71862
53101	71863
53102	71864
53103	71866
53104	71866
53105	71867
53106	71867
53107	71868
53108	71868
53109	71870
53110	71870
53111	71870
53112	71871
53113	71873
53114	71873
53115	71874
53116	71875
53117	71876
53118	71877
53119	71877
53120	71878
53121	71881
53122	71882
53123	71883
53124	71884
53125	71885
53126	71886
53127	71886
53128	71887
53129	71888
53130	71889
53131	71890
53132	71890
53133	71893
53134	71894
53135	71895
53136	71896
53137	71896
53138	71897
53139	71897
53140	71898
53141	71901
53142	71902
53143	71902
53144	71905
53145	71905
53146	71906
53147	71907
53148	71907
53149	71907
53150	71908
53151	71909
53152	71911
53153	71912
53154	71913
53155	71914
53156	71915
53157	71916
53158	71917
53159	71918
53160	71921
53161	71922
53162	71923
53163	71925
53164	71925
53165	71928
53166	71929
53167	71930
53168	71930
53169	71931
53170	71932
53171	71933
53172	71934
53173	71934
53174	71934
53175	71935
53176	71936
53177	71937
53178	71939
53179	71940
53180	71941
53181	71944
53182	71945
53183	71946
53184	71947
53185	71948
53186	71948
53187	71948
53188	71949
53189	71952
53190	71953
53191	71956
53192	71956
53193	71957
53194	71957
53195	71958
53196	71959
53197	71960
53198	71961
53199	71961
53200	71961
53201	71962
53202	71965
53203	71968
53204	71969
53205	71969
53206	71970
53207	71971
53208	71974
53209	71974
53210	71975
53211	71976
53212	71977
53213	71978
53214	71979
53215	71979
53216	71979
53217	71979
53218	71980
53219	71981
53220	71983
53221	71986
53222	71987
53223	71987
53224	71987
53225	71988
53226	71989
53227	71989
53228	71989
53229	71989
53230	71991
53231	71992
53232	71993
53233	71994
53234	71994
53235	71995
53236	71998
53237	71998
53238	71999
53239	72000
53240	72001
53241	72002
53242	72002
53243	72005
53244	72005
53245	72008
53246	72009
53247	72010
53248	72011
53249	72014
53250	72014
53251	72014
53252	72014
53253	72015
53254	72017
53255	72020
53256	72021
53257	72022
53258	72023
53259	72024
53260	72024
53261	72024
53262	72025
53263	72027
53264	72027
53265	72028
53266	72029
53267	72031
53268	72031
53269	72031
53270	72032
53271	72032
53272	72032
53273	72033
53274	72035
53275	72036
53276	72037
53277	72038
53278	72040
53279	72040
53280	72041
53281	72043
53282	72044
53283	72046
53284	72047
53285	72047
53286	72048
53287	72048
53288	72049
53289	72049
53290	72049
53291	72049
53292	72050
53293	72050
53294	72051
53295	72051
53296	72052
53297	72054
53298	72055
53299	72056
53300	72057
53301	72060
53302	72061
53303	72061
53304	72063
53305	72064
53306	72064
53307	72065
53308	72065
53309	72066
53310	72067
53311	72068
53312	72069
53313	72069
53314	72071
53315	72072
53316	72073
53317	72073
53318	72074
53319	72074
53320	72076
53321	72077
53322	72077
53323	72077
53324	72078
53325	72079
53326	72080
53327	72082
53328	72084
53329	72085
53330	72085
53331	72086
53332	72087
53333	72088
53334	72089
53335	72090
53336	72091
53337	72091
53338	72091
53339	72092
53340	72092
53341	72092
53342	72093
53343	72094
53344	72095
53345	72096
53346	72098
53347	72099
53348	72100
53349	72101
53350	72101
53351	72102
53352	72103
53353	72103
53354	72105
53355	72106
53356	72107
53357	72108
53358	72109
53359	72110
53360	72110
53361	72110
53362	72111
53363	72111
53364	72112
53365	72113
53366	72116
53367	72117
53368	72119
53369	72120
53370	72121
53371	72124
53372	72124
53373	72124
53374	72125
53375	72126
53376	72127
53377	72127
53378	72128
53379	72130
53380	72133
53381	72134
53382	72135
53383	72138
53384	72139
53385	72142
53386	72143
53387	72144
53388	72144
53389	72145
53390	72146
53391	72147
53392	72148
53393	72148
53394	72149
53395	72149
53396	72149
53397	72150
53398	72153
53399	72154
53400	72156
53401	72157
53402	72158
53403	72158
53404	72158
53405	72159
53406	72160
53407	72160
53408	72160
53409	72161
53410	72162
53411	72164
53412	72164
53413	72165
53414	72167
53415	72170
53416	72171
53417	72172
53418	72173
53419	72175
53420	72176
53421	72177
53422	72178
53423	72179
53424	72179
53425	72179
53426	72179
53427	72180
53428	72183
53429	72184
53430	72186
53431	72187
53432	72187
53433	72187
53434	72188
53435	72190
53436	72191
53437	72193
53438	72193
53439	72194
53440	72194
53441	72194
53442	72195
53443	72198
53444	72199
53445	72200
53446	72201
53447	72202
53448	72203
53449	72203
53450	72204
53451	72205
53452	72206
53453	72207
53454	72208
53455	72208
53456	72208
53457	72211
53458	72211
53459	72213
53460	72214
53461	72214
53462	72216
53463	72218
53464	72219
53465	72219
53466	72219
53467	72219
53468	72220
53469	72221
53470	72222
53471	72222
53472	72223
53473	72224
53474	72226
53475	72228
53476	72229
53477	72230
53478	72232
53479	72232
53480	72233
53481	72235
53482	72236
53483	72238
53484	72238
53485	72238
53486	72239
53487	72239
53488	72240
53489	72241
53490	72242
53491	72243
53492	72243
53493	72245
53494	72248
53495	72248
53496	72249
53497	72250
53498	72250
53499	72251
53500	72252
53501	72253
53502	72253
53503	72255
53504	72255
53505	72256
53506	72257
53507	72260
53508	72263
53509	72264
53510	72265
53511	72268
53512	72269
53513	72271
53514	72272
53515	72272
53516	72273
53517	72273
53518	72275
53519	72276
53520	72276
53521	72276
53522	72277
53523	72277
53524	72277
53525	72279
53526	72280
53527	72281
53528	72282
53529	72283
53530	72284
53531	72285
53532	72285
53533	72286
53534	72287
53535	72287
53536	72290
53537	72290
53538	72291
53539	72292
53540	72293
53541	72294
53542	72294
53543	72296
53544	72297
53545	72298
53546	72299
53547	72300
53548	72301
53549	72301
53550	72303
53551	72306
53552	72307
53553	72307
53554	72307
53555	72308
53556	72309
53557	72310
53558	72311
53559	72311
53560	72313
53561	72313
53562	72314
53563	72316
53564	72319
53565	72320
53566	72320
53567	72323
53568	72324
53569	72325
53570	72326
53571	72327
53572	72328
53573	72328
53574	72329
53575	72330
53576	72331
53577	72334
53578	72336
53579	72336
53580	72336
53581	72336
53582	72337
53583	72337
53584	72338
53585	72339
53586	72340
53587	72340
53588	72341
53589	72342
53590	72344
53591	72344
53592	72346
53593	72346
53594	72347
53595	72350
53596	72350
53597	72351
53598	72352
53599	72352
53600	72354
53601	72354
53602	72355
53603	72355
53604	72356
53605	72357
53606	72358
53607	72359
53608	72362
53609	72363
53610	72363
53611	72363
53612	72364
53613	72364
53614	72365
53615	72366
53616	72366
53617	72367
53618	72368
53619	72369
53620	72370
53621	72371
53622	72372
53623	72373
53624	72374
53625	72375
53626	72377
53627	72378
53628	72380
53629	72380
53630	72380
53631	72382
53632	72384
53633	72385
53634	72385
53635	72385
53636	72386
53637	72387
53638	72389
53639	72389
53640	72390
53641	72391
53642	72392
53643	72393
53644	72393
53645	72393
53646	72394
53647	72395
53648	72396
53649	72396
53650	72397
53651	72400
53652	72401
53653	72402
53654	72403
53655	72403
53656	72405
53657	72405
53658	72405
53659	72406
53660	72409
53661	72411
53662	72411
53663	72412
53664	72414
53665	72415
53666	72417
53667	72420
53668	72421
53669	72421
53670	72422
53671	72423
53672	72424
53673	72425
53674	72426
53675	72426
53676	72426
53677	72428
53678	72428
53679	72429
53680	72432
53681	72433
53682	72434
53683	72437
53684	72437
53685	72440
53686	72441
53687	72442
53688	72442
53689	72443
53690	72443
53691	72444
53692	72447
53693	72448
53694	72448
53695	72451
53696	72452
53697	72455
53698	72455
53699	72456
53700	72459
53701	72462
53702	72463
53703	72464
53704	72467
53705	72467
53706	72467
53707	72470
53708	72471
53709	72471
53710	72472
53711	72473
53712	72473
53713	72473
53714	72473
53715	72476
53716	72477
53717	72478
53718	72479
53719	72480
53720	72481
53721	72482
53722	72485
53723	72486
53724	72488
53725	72489
53726	72492
53727	72493
53728	72494
53729	72495
53730	72498
53731	72499
53732	72500
53733	72501
53734	72501
53735	72501
53736	72503
53737	72503
53738	72503
53739	72505
53740	72506
53741	72507
53742	72509
53743	72509
53744	72510
53745	72511
53746	72512
53747	72513
53748	72514
53749	72515
53750	72515
53751	72515
53752	72516
53753	72516
53754	72519
53755	72519
53756	72520
53757	72520
53758	72521
53759	72522
53760	72523
53761	72523
53762	72523
53763	72524
53764	72525
53765	72525
53766	72526
53767	72528
53768	72529
53769	72531
53770	72532
53771	72533
53772	72534
53773	72535
53774	72536
53775	72536
53776	72537
53777	72538
53778	72538
53779	72539
53780	72540
53781	72542
53782	72542
53783	72543
53784	72543
53785	72544
53786	72545
53787	72546
53788	72547
53789	72547
53790	72549
53791	72550
53792	72553
53793	72554
53794	72556
53795	72557
53796	72560
53797	72561
53798	72562
53799	72565
53800	72567
53801	72568
53802	72569
53803	72569
53804	72569
53805	72570
53806	72571
53807	72572
53808	72573
53809	72574
53810	72575
53811	72576
53812	72576
53813	72577
53814	72578
53815	72579
53816	72580
53817	72583
53818	72583
53819	72583
53820	72584
53821	72585
53822	72586
53823	72586
53824	72586
53825	72588
53826	72591
53827	72592
53828	72593
53829	72594
53830	72595
53831	72596
53832	72597
53833	72598
53834	72599
53835	72601
53836	72602
53837	72603
53838	72605
53839	72605
53840	72606
53841	72606
53842	72607
53843	72608
53844	72609
53845	72610
53846	72611
53847	72612
53848	72615
53849	72615
53850	72616
53851	72617
53852	72618
53853	72619
53854	72620
53855	72621
53856	72622
53857	72625
53858	72626
53859	72627
53860	72628
53861	72629
53862	72630
53863	72633
53864	72634
53865	72634
53866	72635
53867	72635
53868	72636
53869	72636
53870	72636
53871	72637
53872	72638
53873	72639
53874	72640
53875	72641
53876	72642
53877	72642
53878	72643
53879	72644
53880	72645
53881	72646
53882	72646
53883	72647
53884	72648
53885	72649
53886	72649
53887	72650
53888	72653
53889	72653
53890	72654
53891	72655
53892	72656
53893	72657
53894	72658
53895	72661
53896	72662
53897	72664
53898	72665
53899	72666
53900	72668
53901	72668
53902	72668
53903	72669
53904	72670
53905	72670
53906	72670
53907	72670
53908	72671
53909	72671
53910	72671
53911	72672
53912	72673
53913	72676
53914	72677
53915	72680
53916	72681
53917	72682
53918	72683
53919	72684
53920	72685
53921	72686
53922	72687
53923	72687
53924	72688
53925	72689
53926	72690
53927	72691
53928	72693
53929	72696
53930	72697
53931	72697
53932	72698
53933	72699
53934	72699
53935	72700
53936	72701
53937	72703
53938	72705
53939	72705
53940	72705
53941	72706
53942	72707
53943	72708
53944	72709
53945	72709
53946	72710
53947	72711
53948	72711
53949	72712
53950	72713
53951	72714
53952	72715
53953	72715
53954	72715
53955	72716
53956	72716
53957	72717
53958	72717
53959	72717
53960	72717
53961	72718
53962	72721
53963	72722
53964	72722
53965	72723
53966	72724
53967	72725
53968	72726
53969	72726
53970	72727
53971	72730
53972	72731
53973	72732
53974	72735
53975	72736
53976	72737
53977	72738
53978	72738
53979	72741
53980	72742
53981	72743
53982	72744
53983	72745
53984	72745
53985	72746
53986	72747
53987	72750
53988	72751
53989	72753
53990	72754
53991	72755
53992	72756
53993	72757
53994	72758
53995	72758
53996	72758
53997	72759
53998	72760
53999	72760
54000	72760
54001	72760
54002	72763
54003	72764
54004	72765
54005	72766
54006	72769
54007	72770
54008	72771
54009	72771
54010	72772
54011	72772
54012	72774
54013	72775
54014	72776
54015	72777
54016	72778
54017	72779
54018	72779
54019	72779
54020	72779
54021	72780
54022	72781
54023	72782
54024	72785
54025	72786
54026	72787
54027	72788
54028	72789
54029	72790
54030	72790
54031	72791
54032	72791
54033	72792
54034	72793
54035	72795
54036	72796
54037	72796
54038	72797
54039	72797
54040	72798
54041	72799
54042	72799
54043	72800
54044	72802
54045	72803
54046	72804
54047	72806
54048	72809
54049	72810
54050	72810
54051	72812
54052	72813
54053	72816
54054	72816
54055	72817
54056	72818
54057	72819
54058	72819
54059	72819
54060	72822
54061	72823
54062	72824
54063	72825
54064	72826
54065	72829
54066	72830
54067	72831
54068	72832
54069	72833
54070	72833
54071	72834
54072	72836
54073	72836
54074	72837
54075	72837
54076	72837
54077	72838
54078	72839
54079	72840
54080	72840
54081	72843
54082	72844
54083	72845
54084	72845
54085	72846
54086	72847
54087	72848
54088	72849
54089	72850
54090	72853
54091	72854
54092	72857
54093	72858
54094	72860
54095	72861
54096	72862
54097	72862
54098	72862
54099	72862
54100	72864
54101	72865
54102	72866
54103	72867
54104	72868
54105	72870
54106	72870
54107	72871
54108	72873
54109	72874
54110	72875
54111	72875
54112	72876
54113	72877
54114	72879
54115	72880
54116	72880
54117	72880
54118	72880
54119	72881
54120	72882
54121	72885
54122	72886
54123	72886
54124	72889
54125	72889
54126	72890
54127	72890
54128	72893
54129	72894
54130	72895
54131	72898
54132	72900
54133	72901
54134	72902
54135	72904
54136	72905
54137	72906
54138	72907
54139	72908
54140	72908
54141	72908
54142	72909
54143	72910
54144	72911
54145	72912
54146	72913
54147	72913
54148	72915
54149	72916
54150	72916
54151	72918
54152	72920
54153	72921
54154	72922
54155	72922
54156	72923
54157	72924
54158	72925
54159	72926
54160	72927
54161	72928
54162	72929
54163	72929
54164	72930
54165	72931
54166	72932
54167	72933
54168	72934
54169	72935
54170	72935
54171	72936
54172	72936
54173	72936
54174	72937
54175	72937
54176	72938
54177	72939
54178	72939
54179	72940
54180	72940
54181	72940
54182	72940
54183	72941
54184	72943
54185	72945
54186	72946
54187	72947
54188	72948
54189	72949
54190	72950
54191	72951
54192	72954
54193	72955
54194	72956
54195	72958
54196	72958
54197	72961
54198	72961
54199	72962
54200	72965
54201	72966
54202	72967
54203	72970
54204	72973
54205	72973
54206	72973
54207	72974
54208	72975
54209	72975
54210	72975
54211	72975
54212	72976
54213	72977
54214	72977
54215	72978
54216	72978
54217	72981
54218	72981
54219	72981
54220	72983
54221	72983
54222	72984
54223	72987
54224	72988
54225	72991
54226	72992
54227	72993
54228	72994
54229	72995
54230	72997
54231	72997
54232	72998
54233	72999
54234	72999
54235	72999
54236	72999
54237	73000
54238	73003
54239	73004
54240	73006
54241	73006
54242	73007
54243	73007
54244	73007
54245	73008
54246	73010
54247	73011
54248	73012
54249	73013
54250	73013
54251	73014
54252	73014
54253	73014
54254	73015
54255	73018
54256	73018
54257	73019
54258	73019
54259	73019
54260	73020
54261	73020
54262	73021
54263	73023
54264	73024
54265	73024
54266	73025
54267	73026
54268	73028
54269	73028
54270	73028
54271	73029
54272	73030
54273	73031
54274	73031
54275	73033
54276	73034
54277	73035
54278	73037
54279	73037
54280	73038
54281	73039
54282	73041
54283	73042
54284	73043
54285	73044
54286	73044
54287	73044
54288	73044
54289	73045
54290	73046
54291	73046
54292	73047
54293	73050
54294	73050
54295	73051
54296	73052
54297	73052
54298	73055
54299	73056
54300	73057
54301	73060
54302	73062
54303	73062
54304	73062
54305	73065
54306	73066
54307	73068
54308	73071
54309	73072
54310	73072
54311	73075
54312	73076
54313	73077
54314	73077
54315	73077
54316	73078
54317	73079
54318	73080
54319	73081
54320	73082
54321	73082
54322	73085
54323	73086
54324	73087
54325	73089
54326	73090
54327	73093
54328	73094
54329	73095
54330	73095
54331	73098
54332	73099
54333	73100
54334	73101
54335	73102
54336	73103
54337	73104
54338	73106
54339	73107
54340	73108
54341	73109
54342	73109
54343	73111
54344	73113
54345	73114
54346	73115
54347	73117
54348	73117
54349	73119
54350	73120
54351	73121
54352	73121
54353	73124
54354	73125
54355	73126
54356	73126
54357	73127
54358	73128
54359	73128
54360	73129
54361	73129
54362	73130
54363	73131
54364	73131
54365	73132
54366	73133
54367	73133
54368	73134
54369	73135
54370	73136
54371	73137
54372	73140
54373	73141
54374	73142
54375	73144
54376	73145
54377	73146
54378	73147
54379	73147
54380	73148
54381	73149
54382	73150
54383	73150
54384	73151
54385	73151
54386	73152
54387	73154
54388	73154
54389	73155
54390	73155
54391	73155
54392	73156
54393	73156
54394	73158
54395	73159
54396	73159
54397	73159
54398	73160
54399	73160
54400	73161
54401	73162
54402	73163
54403	73164
54404	73165
54405	73165
54406	73166
54407	73167
54408	73169
54409	73172
54410	73173
54411	73174
54412	73175
54413	73176
54414	73177
54415	73178
54416	73179
54417	73179
54418	73182
54419	73183
54420	73183
54421	73184
54422	73185
54423	73186
54424	73187
54425	73187
54426	73188
54427	73189
54428	73191
54429	73192
54430	73193
54431	73196
54432	73196
54433	73197
54434	73198
54435	73199
54436	73199
54437	73202
54438	73203
54439	73203
54440	73205
54441	73206
54442	73208
54443	73209
54444	73210
54445	73211
54446	73211
54447	73212
54448	73213
54449	73214
54450	73217
54451	73217
54452	73217
54453	73218
54454	73219
54455	73219
54456	73220
54457	73222
54458	73223
54459	73225
54460	73226
54461	73227
54462	73227
54463	73227
54464	73227
54465	73228
54466	73231
54467	73232
54468	73233
54469	73233
54470	73233
54471	73234
54472	73234
54473	73235
54474	73238
54475	73238
54476	73239
54477	73240
54478	73240
54479	73241
54480	73242
54481	73243
54482	73246
54483	73247
54484	73248
54485	73249
54486	73250
54487	73251
54488	73251
54489	73252
54490	73252
54491	73253
54492	73253
54493	73253
54494	73253
54495	73255
54496	73256
54497	73258
54498	73258
54499	73259
54500	73261
54501	73263
54502	73264
54503	73265
54504	73268
54505	73268
54506	73269
54507	73270
54508	73271
54509	73271
54510	73274
54511	73275
54512	73276
54513	73276
54514	73279
54515	73280
54516	73280
54517	73280
54518	73281
54519	73284
54520	73286
54521	73287
54522	73288
54523	73289
54524	73290
54525	73291
54526	73292
54527	73294
54528	73297
54529	73298
54530	73299
54531	73300
54532	73301
54533	73301
54534	73301
54535	73302
54536	73303
54537	73303
54538	73304
54539	73305
54540	73306
54541	73306
54542	73308
54543	73308
54544	73308
54545	73308
54546	73309
54547	73310
54548	73311
54549	73312
54550	73314
54551	73315
54552	73316
54553	73318
54554	73320
54555	73321
54556	73322
54557	73325
54558	73326
54559	73326
54560	73329
54561	73330
54562	73331
54563	73333
54564	73333
54565	73334
54566	73335
54567	73336
54568	73336
54569	73337
54570	73338
54571	73339
54572	73340
54573	73342
54574	73342
54575	73342
54576	73343
54577	73343
54578	73345
54579	73346
54580	73347
54581	73348
54582	73349
54583	73349
54584	73351
54585	73352
54586	73352
54587	73353
54588	73353
54589	73354
54590	73355
54591	73355
54592	73356
54593	73357
54594	73358
54595	73358
54596	73359
54597	73359
54598	73361
54599	73361
54600	73362
54601	73362
54602	73363
54603	73366
54604	73366
54605	73369
54606	73370
54607	73371
54608	73372
54609	73373
54610	73374
54611	73374
54612	73377
54613	73378
54614	73378
54615	73380
54616	73381
54617	73381
54618	73384
54619	73384
54620	73386
54621	73387
54622	73388
54623	73389
54624	73389
54625	73391
54626	73392
54627	73395
54628	73396
54629	73398
54630	73399
54631	73400
54632	73400
54633	73400
54634	73401
54635	73402
54636	73402
54637	73403
54638	73405
54639	73405
54640	73406
54641	73407
54642	73408
54643	73409
54644	73409
54645	73411
54646	73412
54647	73412
54648	73412
54649	73413
54650	73414
54651	73414
54652	73417
54653	73417
54654	73420
54655	73421
54656	73422
54657	73423
54658	73426
54659	73427
54660	73429
54661	73431
54662	73432
54663	73433
54664	73434
54665	73435
54666	73436
54667	73437
54668	73438
54669	73438
54670	73439
54671	73440
54672	73442
54673	73443
54674	73444
54675	73444
54676	73445
54677	73445
54678	73446
54679	73447
54680	73448
54681	73450
54682	73450
54683	73450
54684	73452
54685	73452
54686	73453
54687	73456
54688	73456
54689	73458
54690	73459
54691	73460
54692	73461
54693	73462
54694	73465
54695	73465
54696	73465
54697	73465
54698	73465
54699	73465
54700	73466
54701	73467
54702	73467
54703	73468
54704	73469
54705	73470
54706	73470
54707	73470
54708	73470
54709	73471
54710	73472
54711	73473
54712	73474
54713	73475
54714	73476
54715	73476
54716	73477
54717	73477
54718	73477
54719	73477
54720	73479
54721	73480
54722	73481
54723	73482
54724	73483
54725	73484
54726	73484
54727	73485
54728	73486
54729	73487
54730	73489
54731	73490
54732	73493
54733	73494
54734	73495
54735	73496
54736	73496
54737	73499
54738	73499
54739	73501
54740	73502
54741	73503
54742	73503
54743	73503
54744	73504
54745	73505
54746	73506
54747	73509
54748	73510
54749	73510
54750	73511
54751	73512
54752	73513
54753	73513
54754	73515
54755	73516
54756	73519
54757	73520
54758	73521
54759	73522
54760	73523
54761	73526
54762	73526
54763	73528
54764	73531
54765	73532
54766	73533
54767	73536
54768	73537
54769	73538
54770	73539
54771	73539
54772	73540
54773	73540
54774	73540
54775	73542
54776	73542
54777	73543
54778	73546
54779	73547
54780	73548
54781	73549
54782	73549
54783	73550
54784	73550
54785	73551
54786	73551
54787	73551
54788	73552
54789	73553
54790	73554
54791	73555
54792	73556
54793	73556
54794	73556
54795	73557
54796	73558
54797	73559
54798	73560
54799	73563
54800	73563
54801	73566
54802	73567
54803	73568
54804	73568
54805	73569
54806	73570
54807	73570
54808	73571
54809	73571
54810	73572
54811	73572
54812	73574
54813	73576
54814	73577
54815	73578
54816	73580
54817	73583
54818	73584
54819	73585
54820	73586
54821	73586
54822	73586
54823	73589
54824	73590
54825	73591
54826	73594
54827	73596
54828	73597
54829	73597
54830	73598
54831	73599
54832	73600
54833	73601
54834	73601
54835	73602
54836	73603
54837	73604
54838	73605
54839	73606
54840	73607
54841	73609
54842	73609
54843	73611
54844	73612
54845	73612
54846	73613
54847	73614
54848	73615
54849	73616
54850	73617
54851	73618
54852	73620
54853	73622
54854	73623
54855	73624
54856	73627
54857	73628
54858	73628
54859	73629
54860	73631
54861	73632
54862	73635
54863	73636
54864	73637
54865	73638
54866	73638
54867	73639
54868	73640
54869	73643
54870	73643
54871	73646
54872	73647
54873	73648
54874	73648
54875	73648
54876	73649
54877	73649
54878	73649
54879	73652
54880	73653
54881	73654
54882	73655
54883	73656
54884	73657
54885	73658
54886	73659
54887	73660
54888	73660
54889	73660
54890	73661
54891	73662
54892	73663
54893	73663
54894	73664
54895	73666
54896	73667
54897	73669
54898	73669
54899	73670
54900	73672
54901	73672
54902	73673
54903	73673
54904	73674
54905	73675
54906	73676
54907	73677
54908	73678
54909	73679
54910	73679
54911	73681
54912	73682
54913	73684
54914	73685
54915	73686
54916	73687
54917	73690
54918	73691
54919	73692
54920	73693
54921	73695
54922	73695
54923	73695
54924	73695
54925	73696
54926	73699
54927	73700
54928	73701
54929	73701
54930	73702
54931	73702
54932	73702
54933	73703
54934	73703
54935	73703
54936	73704
54937	73705
54938	73706
54939	73707
54940	73708
54941	73709
54942	73710
54943	73711
54944	73712
54945	73713
54946	73713
54947	73714
54948	73715
54949	73715
54950	73715
54951	73716
54952	73717
54953	73718
54954	73719
54955	73720
54956	73720
54957	73721
54958	73722
54959	73722
54960	73723
54961	73725
54962	73726
54963	73727
54964	73728
54965	73729
54966	73730
54967	73733
54968	73734
54969	73734
54970	73734
54971	73734
54972	73735
54973	73736
54974	73737
54975	73737
54976	73739
54977	73740
54978	73741
54979	73743
54980	73744
54981	73745
54982	73746
54983	73746
54984	73747
54985	73748
54986	73749
54987	73749
54988	73750
54989	73751
54990	73752
54991	73753
54992	73753
54993	73753
54994	73754
54995	73755
54996	73755
54997	73757
54998	73758
54999	73759
55000	73761
55001	73762
55002	73763
55003	73764
55004	73766
55005	73766
55006	73767
55007	73767
55008	73769
55009	73770
55010	73771
55011	73774
55012	73775
55013	73775
55014	73778
55015	73779
55016	73782
55017	73782
55018	73782
55019	73784
55020	73785
55021	73786
55022	73789
55023	73789
55024	73789
55025	73790
55026	73790
55027	73793
55028	73794
55029	73795
55030	73795
55031	73795
55032	73797
55033	73798
55034	73798
55035	73799
55036	73799
55037	73799
55038	73799
55039	73800
55040	73801
55041	73801
55042	73802
55043	73803
55044	73804
55045	73805
55046	73806
55047	73808
55048	73809
55049	73810
55050	73810
55051	73810
55052	73811
55053	73814
55054	73815
55055	73818
55056	73818
55057	73818
55058	73819
55059	73819
55060	73819
55061	73820
55062	73820
55063	73820
55064	73822
55065	73823
55066	73824
55067	73825
55068	73828
55069	73828
55070	73829
55071	73829
55072	73830
55073	73831
55074	73834
55075	73835
55076	73837
55077	73837
55078	73837
55079	73837
55080	73837
55081	73838
55082	73838
55083	73839
55084	73839
55085	73839
55086	73840
55087	73840
55088	73842
55089	73843
55090	73843
55091	73844
55092	73844
55093	73845
55094	73846
55095	73846
55096	73847
55097	73849
55098	73849
55099	73852
55100	73852
55101	73853
55102	73854
55103	73855
55104	73858
55105	73859
55106	73861
55107	73862
55108	73863
55109	73863
55110	73864
55111	73865
55112	73866
55113	73866
55114	73866
55115	73867
55116	73868
55117	73868
55118	73869
55119	73871
55120	73872
55121	73874
55122	73877
55123	73878
55124	73878
55125	73879
55126	73879
55127	73880
55128	73883
55129	73883
55130	73884
55131	73885
55132	73886
55133	73887
55134	73887
55135	73887
55136	73888
55137	73889
55138	73889
55139	73891
55140	73892
55141	73893
55142	73894
55143	73895
55144	73896
55145	73897
55146	73899
55147	73899
55148	73899
55149	73899
55150	73900
55151	73902
55152	73903
55153	73904
55154	73906
55155	73908
55156	73909
55157	73912
55158	73913
55159	73914
55160	73914
55161	73914
55162	73914
55163	73916
55164	73917
55165	73918
55166	73918
55167	73918
55168	73921
55169	73921
55170	73922
55171	73922
55172	73923
55173	73923
55174	73923
55175	73924
55176	73925
55177	73926
55178	73929
55179	73929
55180	73930
55181	73931
55182	73932
55183	73935
55184	73936
55185	73939
55186	73940
55187	73941
55188	73941
55189	73942
55190	73943
55191	73944
55192	73945
55193	73946
55194	73947
55195	73948
55196	73950
55197	73951
55198	73954
55199	73955
55200	73956
55201	73959
55202	73961
55203	73962
55204	73963
55205	73964
55206	73964
55207	73965
55208	73966
55209	73967
55210	73968
55211	73971
55212	73971
55213	73972
55214	73974
55215	73975
55216	73976
55217	73978
55218	73980
55219	73981
55220	73981
55221	73981
55222	73982
55223	73983
55224	73984
55225	73985
55226	73988
55227	73989
55228	73990
55229	73990
55230	73990
55231	73993
55232	73994
55233	73995
55234	73995
55235	73996
55236	73997
55237	73997
55238	73998
55239	73998
55240	73999
55241	74002
55242	74003
55243	74005
55244	74007
55245	74008
55246	74009
55247	74010
55248	74012
55249	74013
55250	74013
55251	74014
55252	74014
55253	74017
55254	74017
55255	74018
55256	74018
55257	74018
55258	74019
55259	74020
55260	74021
55261	74021
55262	74022
55263	74024
55264	74024
55265	74025
55266	74025
55267	74027
55268	74028
55269	74031
55270	74032
55271	74032
55272	74033
55273	74034
55274	74035
55275	74036
55276	74037
55277	74037
55278	74038
55279	74041
55280	74042
55281	74043
55282	74044
55283	74045
55284	74045
55285	74046
55286	74048
55287	74048
55288	74051
55289	74052
55290	74052
55291	74055
55292	74056
55293	74057
55294	74058
55295	74059
55296	74060
55297	74060
55298	74060
55299	74061
55300	74062
55301	74065
55302	74065
55303	74066
55304	74066
55305	74067
55306	74067
55307	74068
55308	74069
55309	74069
55310	74069
55311	74069
55312	74072
55313	74072
55314	74072
55315	74072
55316	74072
55317	74074
55318	74074
55319	74074
55320	74075
55321	74076
55322	74078
55323	74078
55324	74079
55325	74080
55326	74081
55327	74084
55328	74085
55329	74086
55330	74089
55331	74089
55332	74090
55333	74090
55334	74090
55335	74091
55336	74092
55337	74093
55338	74093
55339	74094
55340	74096
55341	74097
55342	74098
55343	74099
55344	74100
55345	74101
55346	74102
55347	74104
55348	74105
55349	74106
55350	74109
55351	74110
55352	74112
55353	74112
55354	74113
55355	74115
55356	74117
55357	74118
55358	74119
55359	74120
55360	74121
55361	74121
55362	74122
55363	74122
55364	74123
55365	74124
55366	74125
55367	74128
55368	74128
55369	74128
55370	74128
55371	74128
55372	74129
55373	74130
55374	74131
55375	74131
55376	74132
55377	74133
55378	74133
55379	74134
55380	74134
55381	74134
55382	74134
55383	74135
55384	74137
55385	74137
55386	74138
55387	74139
55388	74139
55389	74142
55390	74142
55391	74143
55392	74145
55393	74146
55394	74147
55395	74148
55396	74149
55397	74150
55398	74150
55399	74152
55400	74153
55401	74155
55402	74157
55403	74158
55404	74158
55405	74160
55406	74161
55407	74162
55408	74162
55409	74163
55410	74164
55411	74165
55412	74165
55413	74165
55414	74166
55415	74167
55416	74167
55417	74167
55418	74167
55419	74168
55420	74169
55421	74169
55422	74170
55423	74171
55424	74172
55425	74173
55426	74175
55427	74175
55428	74175
55429	74176
55430	74179
55431	74180
55432	74181
55433	74184
55434	74184
55435	74184
55436	74187
55437	74188
55438	74189
55439	74190
55440	74191
55441	74192
55442	74193
55443	74194
55444	74197
55445	74198
55446	74199
55447	74200
55448	74200
55449	74201
55450	74202
55451	74203
55452	74204
55453	74205
55454	74205
55455	74205
55456	74206
55457	74208
55458	74209
55459	74210
55460	74211
55461	74212
55462	74213
55463	74216
55464	74217
55465	74218
55466	74219
55467	74219
55468	74220
55469	74221
55470	74221
55471	74222
55472	74223
55473	74224
55474	74224
55475	74227
55476	74228
55477	74229
55478	74232
55479	74233
55480	74234
55481	74234
55482	74234
55483	74234
55484	74235
55485	74235
55486	74236
55487	74237
55488	74238
55489	74241
55490	74241
55491	74242
55492	74243
55493	74243
55494	74243
55495	74246
55496	74247
55497	74247
55498	74248
55499	74249
55500	74250
55501	74251
55502	74252
55503	74253
55504	74254
55505	74255
55506	74256
55507	74257
55508	74258
55509	74259
55510	74260
55511	74260
55512	74261
55513	74263
55514	74264
55515	74265
55516	74267
55517	74269
55518	74270
55519	74271
55520	74271
55521	74272
55522	74275
55523	74276
55524	74277
55525	74279
55526	74280
55527	74282
55528	74283
55529	74284
55530	74284
55531	74285
55532	74285
55533	74286
55534	74287
55535	74290
55536	74291
55537	74292
55538	74293
55539	74294
55540	74294
55541	74294
55542	74295
55543	74296
55544	74297
55545	74298
55546	74298
55547	74298
55548	74298
55549	74298
55550	74300
55551	74300
55552	74300
55553	74300
55554	74300
55555	74301
55556	74301
55557	74301
55558	74301
55559	74301
55560	74303
55561	74304
55562	74305
55563	74307
55564	74308
55565	74308
55566	74311
55567	74312
55568	74313
55569	74314
55570	74315
55571	74316
55572	74316
55573	74317
55574	74318
55575	74318
55576	74319
55577	74322
55578	74323
55579	74324
55580	74324
55581	74325
55582	74325
55583	74325
55584	74326
55585	74327
55586	74328
55587	74329
55588	74331
55589	74332
55590	74333
55591	74336
55592	74337
55593	74339
55594	74342
55595	74342
55596	74343
55597	74345
55598	74348
55599	74348
55600	74349
55601	74350
55602	74351
55603	74352
55604	74353
55605	74354
55606	74354
55607	74357
55608	74358
55609	74359
55610	74359
55611	74360
55612	74360
55613	74362
55614	74363
55615	74363
55616	74365
55617	74366
55618	74367
55619	74369
55620	74370
55621	74371
55622	74373
55623	74374
55624	74374
55625	74374
55626	74374
55627	74374
55628	74374
55629	74375
55630	74375
55631	74377
55632	74378
55633	74379
55634	74379
55635	74380
55636	74380
55637	74381
55638	74382
55639	74383
55640	74383
55641	74384
55642	74386
55643	74387
55644	74388
55645	74389
55646	74389
55647	74390
55648	74391
55649	74392
55650	74393
55651	74394
55652	74396
55653	74398
55654	74399
55655	74400
55656	74400
55657	74400
55658	74401
55659	74402
55660	74402
55661	74403
55662	74404
55663	74407
55664	74408
55665	74409
55666	74410
55667	74410
55668	74412
55669	74414
55670	74414
55671	74415
55672	74417
55673	74418
55674	74420
55675	74420
55676	74420
55677	74421
55678	74422
55679	74425
55680	74426
55681	74427
55682	74427
55683	74427
55684	74428
55685	74431
55686	74432
55687	74433
55688	74434
55689	74435
55690	74436
55691	74436
55692	74437
55693	74439
55694	74440
55695	74441
55696	74442
55697	74443
55698	74444
55699	74446
55700	74447
55701	74447
55702	74448
55703	74451
55704	74452
55705	74453
55706	74453
55707	74454
55708	74455
55709	74455
55710	74457
55711	74457
55712	74459
55713	74459
55714	74459
55715	74461
55716	74464
55717	74465
55718	74466
55719	74469
55720	74471
55721	74471
55722	74472
55723	74473
55724	74474
55725	74474
55726	74475
55727	74476
55728	74477
55729	74480
55730	74483
55731	74483
55732	74483
55733	74484
55734	74485
55735	74486
55736	74487
55737	74490
55738	74490
55739	74490
55740	74491
55741	74492
55742	74493
55743	74496
55744	74496
55745	74496
55746	74496
55747	74499
55748	74500
55749	74501
55750	74504
55751	74505
55752	74505
55753	74507
55754	74508
55755	74509
55756	74510
55757	74511
55758	74511
55759	74511
55760	74512
55761	74513
55762	74514
55763	74515
55764	74518
55765	74519
55766	74519
55767	74520
55768	74521
55769	74521
55770	74521
55771	74522
55772	74522
55773	74523
55774	74525
55775	74525
55776	74526
55777	74526
55778	74528
55779	74529
55780	74530
55781	74531
55782	74532
55783	74533
55784	74533
55785	74533
55786	74534
55787	74536
55788	74537
55789	74540
55790	74541
55791	74542
55792	74543
55793	74544
55794	74545
55795	74546
55796	74546
55797	74547
55798	74548
55799	74548
55800	74549
55801	74549
55802	74550
55803	74551
55804	74552
55805	74552
55806	74553
55807	74555
55808	74556
55809	74557
55810	74557
55811	74558
55812	74558
55813	74559
55814	74560
55815	74561
55816	74561
55817	74562
55818	74563
55819	74563
55820	74563
55821	74563
55822	74563
55823	74564
55824	74564
55825	74565
55826	74566
55827	74566
55828	74568
55829	74569
55830	74569
55831	74569
55832	74570
55833	74571
55834	74572
55835	74574
55836	74575
55837	74576
55838	74576
55839	74577
55840	74578
55841	74579
55842	74580
55843	74581
55844	74582
55845	74583
55846	74583
55847	74584
55848	74584
55849	74584
55850	74585
55851	74585
55852	74586
55853	74586
55854	74588
55855	74588
55856	74589
55857	74590
55858	74591
55859	74591
55860	74591
55861	74592
55862	74593
55863	74593
55864	74594
55865	74595
55866	74597
55867	74597
55868	74599
55869	74600
55870	74601
55871	74601
55872	74603
55873	74604
55874	74605
55875	74606
55876	74607
55877	74608
55878	74608
55879	74608
55880	74611
55881	74611
55882	74612
55883	74613
55884	74614
55885	74615
55886	74615
55887	74616
55888	74617
55889	74618
55890	74619
55891	74620
55892	74622
55893	74623
55894	74624
55895	74625
55896	74626
55897	74627
55898	74628
55899	74629
55900	74631
55901	74634
55902	74635
55903	74635
55904	74636
55905	74637
55906	74638
55907	74639
55908	74641
55909	74642
55910	74642
55911	74643
55912	74643
55913	74644
55914	74645
55915	74646
55916	74646
55917	74647
55918	74649
55919	74649
55920	74650
55921	74652
55922	74654
55923	74655
55924	74655
55925	74656
55926	74657
55927	74659
55928	74662
55929	74662
55930	74662
55931	74665
55932	74666
55933	74667
55934	74670
55935	74671
55936	74672
55937	74675
55938	74675
55939	74676
55940	74677
55941	74677
55942	74677
55943	74679
55944	74682
55945	74683
55946	74686
55947	74687
55948	74687
55949	74688
55950	74688
55951	74689
55952	74690
55953	74691
55954	74691
55955	74692
55956	74693
55957	74694
55958	74694
55959	74694
55960	74695
55961	74696
55962	74699
55963	74700
55964	74701
55965	74701
55966	74701
55967	74702
55968	74704
55969	74705
55970	74705
55971	74705
55972	74705
55973	74706
55974	74706
55975	74707
55976	74708
55977	74709
55978	74710
55979	74711
55980	74713
55981	74713
55982	74714
55983	74714
55984	74715
55985	74716
55986	74717
55987	74718
55988	74721
55989	74722
55990	74723
55991	74725
55992	74725
55993	74725
55994	74726
55995	74727
55996	74728
55997	74730
55998	74731
55999	74732
56000	74735
56001	74736
56002	74737
56003	74737
56004	74738
56005	74739
56006	74740
56007	74741
56008	74742
56009	74743
56010	74744
56011	74745
56012	74748
56013	74749
56014	74750
56015	74751
56016	74752
56017	74753
56018	74754
56019	74755
56020	74758
56021	74759
56022	74761
56023	74764
56024	74765
56025	74766
56026	74767
56027	74767
56028	74767
56029	74767
56030	74767
56031	74768
56032	74771
56033	74772
56034	74773
56035	74773
56036	74774
56037	74775
56038	74778
56039	74779
56040	74780
56041	74781
56042	74781
56043	74782
56044	74782
56045	74784
56046	74784
56047	74785
56048	74786
56049	74787
56050	74790
56051	74791
56052	74792
56053	74794
56054	74795
56055	74795
56056	74796
56057	74797
56058	74797
56059	74798
56060	74798
56061	74800
56062	74803
56063	74805
56064	74805
56065	74805
56066	74805
56067	74806
56068	74807
56069	74807
56070	74808
56071	74809
56072	74810
56073	74810
56074	74810
56075	74811
56076	74811
56077	74812
56078	74813
56079	74813
56080	74814
56081	74817
56082	74817
56083	74818
56084	74819
56085	74819
56086	74820
56087	74821
56088	74822
56089	74822
56090	74823
56091	74825
56092	74826
56093	74827
56094	74830
56095	74831
56096	74832
56097	74835
56098	74836
56099	74836
56100	74837
56101	74838
56102	74839
56103	74839
56104	74839
56105	74842
56106	74843
56107	74843
56108	74844
56109	74845
56110	74845
56111	74846
56112	74847
56113	74848
56114	74849
56115	74850
56116	74851
56117	74852
56118	74853
56119	74854
56120	74854
56121	74856
56122	74857
56123	74858
56124	74858
56125	74858
56126	74861
56127	74862
56128	74864
56129	74864
56130	74865
56131	74866
56132	74867
56133	74868
56134	74869
56135	74872
56136	74873
56137	74874
56138	74875
56139	74876
56140	74877
56141	74878
56142	74879
56143	74882
56144	74882
56145	74885
56146	74886
56147	74886
56148	74888
56149	74891
56150	74892
56151	74893
56152	74896
56153	74897
56154	74897
56155	74898
56156	74899
56157	74899
56158	74900
56159	74901
56160	74904
56161	74905
56162	74906
56163	74906
56164	74907
56165	74908
56166	74908
56167	74909
56168	74909
56169	74910
56170	74911
56171	74912
56172	74915
56173	74915
56174	74917
56175	74917
56176	74918
56177	74921
56178	74922
56179	74923
56180	74923
56181	74924
56182	74927
56183	74928
56184	74928
56185	74928
56186	74929
56187	74930
56188	74932
56189	74932
56190	74933
56191	74934
56192	74937
56193	74938
56194	74940
56195	74943
56196	74944
56197	74944
56198	74946
56199	74946
56200	74947
56201	74948
56202	74949
56203	74949
56204	74950
56205	74951
56206	74952
56207	74952
56208	74953
56209	74954
56210	74957
56211	74958
56212	74958
56213	74958
56214	74958
56215	74959
56216	74960
56217	74961
56218	74962
56219	74963
56220	74966
56221	74966
56222	74967
56223	74967
56224	74969
56225	74969
56226	74970
56227	74971
56228	74971
56229	74972
56230	74972
56231	74973
56232	74974
56233	74975
56234	74975
56235	74976
56236	74979
56237	74980
56238	74983
56239	74984
56240	74987
56241	74988
56242	74988
56243	74989
56244	74990
56245	74990
56246	74993
56247	74993
56248	74994
56249	74995
56250	74996
56251	74997
56252	74998
56253	74999
56254	74999
56255	75000
56256	75002
56257	75003
56258	75006
56259	75007
56260	75008
56261	75009
56262	75009
56263	75010
56264	75011
56265	75012
56266	75015
56267	75016
56268	75016
56269	75017
56270	75019
56271	75019
56272	75020
56273	75021
56274	75021
56275	75024
56276	75027
56277	75028
56278	75029
56279	75030
56280	75030
56281	75030
56282	75031
56283	75031
56284	75032
56285	75033
56286	75033
56287	75034
56288	75035
56289	75035
56290	75035
56291	75036
56292	75036
56293	75036
56294	75038
56295	75039
56296	75040
56297	75041
56298	75042
56299	75044
56300	75045
56301	75048
56302	75048
56303	75049
56304	75049
56305	75050
56306	75050
56307	75050
56308	75052
56309	75052
56310	75053
56311	75054
56312	75055
56313	75056
56314	75057
56315	75060
56316	75060
56317	75061
56318	75062
56319	75065
56320	75066
56321	75069
56322	75070
56323	75071
56324	75074
56325	75075
56326	75076
56327	75077
56328	75078
56329	75078
56330	75078
56331	75078
56332	75079
56333	75080
56334	75081
56335	75082
56336	75083
56337	75084
56338	75086
56339	75087
56340	75088
56341	75089
56342	75089
56343	75089
56344	75090
56345	75091
56346	75092
56347	75093
56348	75094
56349	75095
56350	75096
56351	75096
56352	75097
56353	75097
56354	75099
56355	75099
56356	75101
56357	75102
56358	75102
56359	75103
56360	75105
56361	75106
56362	75107
56363	75108
56364	75109
56365	75110
56366	75111
56367	75113
56368	75114
56369	75115
56370	75118
56371	75119
56372	75120
56373	75121
56374	75122
56375	75123
56376	75124
56377	75125
56378	75125
56379	75126
56380	75128
56381	75128
56382	75129
56383	75130
56384	75131
56385	75132
56386	75133
56387	75133
56388	75135
56389	75135
56390	75137
56391	75137
56392	75138
56393	75140
56394	75143
56395	75144
56396	75144
56397	75145
56398	75145
56399	75145
56400	75146
56401	75149
56402	75149
56403	75149
56404	75150
56405	75150
56406	75152
56407	75153
56408	75155
56409	75155
56410	75156
56411	75157
56412	75158
56413	75160
56414	75160
56415	75161
56416	75161
56417	75162
56418	75163
56419	75164
56420	75165
56421	75168
56422	75169
56423	75170
56424	75171
56425	75172
56426	75175
56427	75176
56428	75177
56429	75178
56430	75178
56431	75179
56432	75181
56433	75181
56434	75182
56435	75184
56436	75185
56437	75186
56438	75188
56439	75188
56440	75189
56441	75191
56442	75192
56443	75193
56444	75194
56445	75195
56446	75196
56447	75198
56448	75201
56449	75202
56450	75203
56451	75204
56452	75204
56453	75205
56454	75207
56455	75207
56456	75208
56457	75209
56458	75210
56459	75212
56460	75213
56461	75214
56462	75215
56463	75215
56464	75216
56465	75216
56466	75217
56467	75217
56468	75218
56469	75219
56470	75222
56471	75222
56472	75223
56473	75223
56474	75224
56475	75224
56476	75225
56477	75225
56478	75226
56479	75227
56480	75228
56481	75229
56482	75229
56483	75230
56484	75232
56485	75233
56486	75235
56487	75236
56488	75237
56489	75238
56490	75239
56491	75240
56492	75240
56493	75240
56494	75241
56495	75243
56496	75243
56497	75244
56498	75244
56499	75245
56500	75248
56501	75251
56502	75252
56503	75253
56504	75254
56505	75255
56506	75255
56507	75256
56508	75258
56509	75259
56510	75262
56511	75265
56512	75266
56513	75267
56514	75268
56515	75271
56516	75271
56517	75272
56518	75274
56519	75275
56520	75275
56521	75276
56522	75277
56523	75278
56524	75278
56525	75278
56526	75280
56527	75281
56528	75283
56529	75284
56530	75284
56531	75285
56532	75286
56533	75286
56534	75287
56535	75288
56536	75289
56537	75289
56538	75289
56539	75289
56540	75290
56541	75291
56542	75291
56543	75292
56544	75294
56545	75294
56546	75295
56547	75296
56548	75297
56549	75298
56550	75298
56551	75299
56552	75300
56553	75300
56554	75302
56555	75303
56556	75305
56557	75305
56558	75306
56559	75307
56560	75308
56561	75311
56562	75312
56563	75314
56564	75314
56565	75315
56566	75316
56567	75317
56568	75317
56569	75317
56570	75320
56571	75321
56572	75322
56573	75322
56574	75322
56575	75323
56576	75323
56577	75323
56578	75323
56579	75323
56580	75323
56581	75324
56582	75325
56583	75326
56584	75327
56585	75327
56586	75328
56587	75328
56588	75330
56589	75330
56590	75332
56591	75335
56592	75336
56593	75337
56594	75339
56595	75340
56596	75341
56597	75342
56598	75343
56599	75343
56600	75344
56601	75345
56602	75346
56603	75348
56604	75348
56605	75349
56606	75351
56607	75352
56608	75352
56609	75352
56610	75352
56611	75352
56612	75353
56613	75354
56614	75357
56615	75358
56616	75359
56617	75359
56618	75359
56619	75360
56620	75361
56621	75362
56622	75363
56623	75364
56624	75365
56625	75366
56626	75368
56627	75369
56628	75370
56629	75371
56630	75371
56631	75372
56632	75373
56633	75374
56634	75375
56635	75376
56636	75377
56637	75379
56638	75380
56639	75380
56640	75381
56641	75382
56642	75383
56643	75383
56644	75385
56645	75386
56646	75386
56647	75387
56648	75387
56649	75387
56650	75388
56651	75388
56652	75389
56653	75390
56654	75391
56655	75392
56656	75392
56657	75392
56658	75393
56659	75394
56660	75395
56661	75396
56662	75397
56663	75398
56664	75401
56665	75401
56666	75401
56667	75402
56668	75405
56669	75406
56670	75407
56671	75409
56672	75410
56673	75411
56674	75412
56675	75412
56676	75412
56677	75413
56678	75413
56679	75415
56680	75416
56681	75417
56682	75418
56683	75419
56684	75420
56685	75420
56686	75421
56687	75421
56688	75422
56689	75423
56690	75424
56691	75425
56692	75427
56693	75428
56694	75429
56695	75430
56696	75431
56697	75432
56698	75434
56699	75434
56700	75434
56701	75436
56702	75436
56703	75437
56704	75439
56705	75440
56706	75442
56707	75443
56708	75443
56709	75444
56710	75445
56711	75446
56712	75447
56713	75448
56714	75448
56715	75451
56716	75452
56717	75453
56718	75456
56719	75458
56720	75459
56721	75460
56722	75460
56723	75461
56724	75462
56725	75462
56726	75463
56727	75463
56728	75464
56729	75465
56730	75467
56731	75467
56732	75470
56733	75471
56734	75472
56735	75473
56736	75475
56737	75476
56738	75479
56739	75480
56740	75481
56741	75482
56742	75482
56743	75483
56744	75484
56745	75484
56746	75484
56747	75485
56748	75486
56749	75487
56750	75490
56751	75490
56752	75490
56753	75491
56754	75492
56755	75493
56756	75494
56757	75495
56758	75495
56759	75495
56760	75496
56761	75497
56762	75497
56763	75497
56764	75499
56765	75500
56766	75501
56767	75502
56768	75504
56769	75505
56770	75506
56771	75507
56772	75508
56773	75508
56774	75508
56775	75508
56776	75509
56777	75509
56778	75510
56779	75511
56780	75512
56781	75513
56782	75514
56783	75514
56784	75515
56785	75517
56786	75518
56787	75519
56788	75520
56789	75521
56790	75522
56791	75523
56792	75523
56793	75524
56794	75525
56795	75526
56796	75528
56797	75528
56798	75529
56799	75530
56800	75531
56801	75532
56802	75532
56803	75532
56804	75535
56805	75535
56806	75536
56807	75537
56808	75537
56809	75538
56810	75539
56811	75539
56812	75540
56813	75541
56814	75542
56815	75545
56816	75546
56817	75546
56818	75546
56819	75547
56820	75548
56821	75549
56822	75550
56823	75551
56824	75554
56825	75555
56826	75557
56827	75558
56828	75560
56829	75560
56830	75560
56831	75560
56832	75560
56833	75561
56834	75562
56835	75563
56836	75565
56837	75566
56838	75567
56839	75568
56840	75569
56841	75570
56842	75571
56843	75574
56844	75575
56845	75576
56846	75577
56847	75577
56848	75578
56849	75579
56850	75580
56851	75580
56852	75580
56853	75581
56854	75581
56855	75584
56856	75584
56857	75585
56858	75586
56859	75587
56860	75588
56861	75590
56862	75591
56863	75594
56864	75595
56865	75596
56866	75596
56867	75597
56868	75598
56869	75598
56870	75600
56871	75600
56872	75603
56873	75603
56874	75604
56875	75607
56876	75607
56877	75608
56878	75609
56879	75610
56880	75611
56881	75614
56882	75615
56883	75616
56884	75619
56885	75619
56886	75620
56887	75620
56888	75621
56889	75622
56890	75623
56891	75623
56892	75624
56893	75625
56894	75626
56895	75627
56896	75628
56897	75628
56898	75628
56899	75629
56900	75631
56901	75631
56902	75632
56903	75632
56904	75633
56905	75634
56906	75635
56907	75636
56908	75637
56909	75638
56910	75638
56911	75638
56912	75638
56913	75639
56914	75640
56915	75641
56916	75642
56917	75645
56918	75646
56919	75647
56920	75647
56921	75647
56922	75648
56923	75649
56924	75649
56925	75649
56926	75650
56927	75651
56928	75652
56929	75652
56930	75652
56931	75654
56932	75655
56933	75656
56934	75656
56935	75657
56936	75657
56937	75658
56938	75659
56939	75660
56940	75661
56941	75664
56942	75665
56943	75665
56944	75668
56945	75669
56946	75669
56947	75672
56948	75673
56949	75676
56950	75676
56951	75676
56952	75678
56953	75679
56954	75681
56955	75681
56956	75681
56957	75683
56958	75685
56959	75686
56960	75687
56961	75688
56962	75689
56963	75692
56964	75692
56965	75693
56966	75694
56967	75694
56968	75695
56969	75696
56970	75696
56971	75697
56972	75700
56973	75702
56974	75702
56975	75702
56976	75703
56977	75704
56978	75705
56979	75706
56980	75709
56981	75710
56982	75711
56983	75711
56984	75711
56985	75712
56986	75713
56987	75714
56988	75714
56989	75714
56990	75715
56991	75716
56992	75716
56993	75717
56994	75719
56995	75720
56996	75723
56997	75723
56998	75723
56999	75724
57000	75724
57001	75727
57002	75728
57003	75729
57004	75729
57005	75730
57006	75733
57007	75734
57008	75736
57009	75737
57010	75738
57011	75739
57012	75739
57013	75740
57014	75743
57015	75744
57016	75744
57017	75745
57018	75746
57019	75747
57020	75748
57021	75749
57022	75751
57023	75752
57024	75753
57025	75754
57026	75755
57027	75758
57028	75758
57029	75759
57030	75762
57031	75763
57032	75764
57033	75765
57034	75765
57035	75765
57036	75765
57037	75766
57038	75767
57039	75767
57040	75767
57041	75768
57042	75769
57043	75769
57044	75771
57045	75772
57046	75772
57047	75773
57048	75774
57049	75775
57050	75776
57051	75777
57052	75780
57053	75781
57054	75782
57055	75783
57056	75784
57057	75785
57058	75786
57059	75788
57060	75788
57061	75788
57062	75791
57063	75792
57064	75793
57065	75796
57066	75799
57067	75799
57068	75799
57069	75799
57070	75799
57071	75799
57072	75802
57073	75803
57074	75804
57075	75805
57076	75805
57077	75805
57078	75806
57079	75807
57080	75807
57081	75808
57082	75808
57083	75809
57084	75810
57085	75811
57086	75811
57087	75812
57088	75814
57089	75815
57090	75818
57091	75819
57092	75820
57093	75821
57094	75822
57095	75825
57096	75826
57097	75827
57098	75828
57099	75829
57100	75830
57101	75830
57102	75831
57103	75831
57104	75831
57105	75832
57106	75833
57107	75833
57108	75834
57109	75835
57110	75836
57111	75837
57112	75837
57113	75838
57114	75840
57115	75841
57116	75843
57117	75843
57118	75843
57119	75844
57120	75847
57121	75848
57122	75849
57123	75852
57124	75852
57125	75852
57126	75852
57127	75853
57128	75853
57129	75854
57130	75854
57131	75855
57132	75855
57133	75856
57134	75857
57135	75858
57136	75861
57137	75861
57138	75864
57139	75865
57140	75866
57141	75867
57142	75868
57143	75868
57144	75869
57145	75869
57146	75869
57147	75869
57148	75870
57149	75871
57150	75871
57151	75874
57152	75874
57153	75875
57154	75876
57155	75877
57156	75877
57157	75878
57158	75881
57159	75882
57160	75883
57161	75884
57162	75885
57163	75886
57164	75886
57165	75886
57166	75888
57167	75889
57168	75890
57169	75891
57170	75893
57171	75894
57172	75895
57173	75895
57174	75895
57175	75895
57176	75896
57177	75897
57178	75900
57179	75901
57180	75902
57181	75905
57182	75906
57183	75906
57184	75906
57185	75906
57186	75907
57187	75908
57188	75909
57189	75912
57190	75913
57191	75913
57192	75914
57193	75915
57194	75915
57195	75916
57196	75916
57197	75918
57198	75921
57199	75922
57200	75923
57201	75926
57202	75926
57203	75928
57204	75928
57205	75928
57206	75929
57207	75929
57208	75929
57209	75929
57210	75930
57211	75931
57212	75932
57213	75933
57214	75935
57215	75935
57216	75936
57217	75937
57218	75937
57219	75938
57220	75938
57221	75941
57222	75942
57223	75943
57224	75946
57225	75947
57226	75948
57227	75948
57228	75949
57229	75950
57230	75951
57231	75952
57232	75952
57233	75953
57234	75956
57235	75957
57236	75958
57237	75961
57238	75963
57239	75963
57240	75963
57241	75964
57242	75965
57243	75965
57244	75966
57245	75967
57246	75968
57247	75969
57248	75969
57249	75969
57250	75970
57251	75971
57252	75971
57253	75972
57254	75973
57255	75973
57256	75974
57257	75975
57258	75976
57259	75978
57260	75980
57261	75981
57262	75981
57263	75982
57264	75983
57265	75984
57266	75985
57267	75985
57268	75987
57269	75987
57270	75988
57271	75990
57272	75992
57273	75993
57274	75994
57275	75997
57276	75997
57277	75998
57278	76000
57279	76001
57280	76001
57281	76004
57282	76004
57283	76004
57284	76005
57285	76007
57286	76007
57287	76008
57288	76008
57289	76008
57290	76009
57291	76012
57292	76012
57293	76013
57294	76013
57295	76014
57296	76014
57297	76014
57298	76014
57299	76017
57300	76018
57301	76019
57302	76020
57303	76021
57304	76021
57305	76024
57306	76025
57307	76026
57308	76027
57309	76027
57310	76028
57311	76029
57312	76029
57313	76029
57314	76029
57315	76032
57316	76033
57317	76035
57318	76035
57319	76038
57320	76038
57321	76040
57322	76041
57323	76042
57324	76043
57325	76043
57326	76044
57327	76044
57328	76045
57329	76046
57330	76048
57331	76049
57332	76050
57333	76050
57334	76051
57335	76052
57336	76053
57337	76056
57338	76057
57339	76058
57340	76059
57341	76059
57342	76060
57343	76063
57344	76064
57345	76064
57346	76064
57347	76066
57348	76067
57349	76068
57350	76068
57351	76069
57352	76070
57353	76070
57354	76070
57355	76071
57356	76073
57357	76073
57358	76075
57359	76076
57360	76077
57361	76078
57362	76079
57363	76081
57364	76081
57365	76082
57366	76083
57367	76085
57368	76085
57369	76086
57370	76087
57371	76088
57372	76089
57373	76090
57374	76091
57375	76092
57376	76093
57377	76094
57378	76095
57379	76096
57380	76097
57381	76100
57382	76101
57383	76102
57384	76105
57385	76106
57386	76107
57387	76108
57388	76108
57389	76108
57390	76108
57391	76109
57392	76110
57393	76110
57394	76110
57395	76111
57396	76111
57397	76112
57398	76113
57399	76114
57400	76115
57401	76116
57402	76117
57403	76117
57404	76118
57405	76121
57406	76122
57407	76122
57408	76124
57409	76125
57410	76126
57411	76126
57412	76127
57413	76128
57414	76130
57415	76131
57416	76132
57417	76134
57418	76134
57419	76135
57420	76136
57421	76137
57422	76138
57423	76138
57424	76141
57425	76141
57426	76142
57427	76142
57428	76143
57429	76144
57430	76144
57431	76144
57432	76145
57433	76145
57434	76146
57435	76147
57436	76148
57437	76149
57438	76149
57439	76150
57440	76150
57441	76151
57442	76151
57443	76152
57444	76152
57445	76153
57446	76154
57447	76155
57448	76158
57449	76158
57450	76158
57451	76158
57452	76158
57453	76159
57454	76159
57455	76160
57456	76161
57457	76164
57458	76164
57459	76164
57460	76165
57461	76166
57462	76167
57463	76170
57464	76171
57465	76171
57466	76171
57467	76172
57468	76173
57469	76174
57470	76174
57471	76175
57472	76176
57473	76177
57474	76177
57475	76178
57476	76179
57477	76180
57478	76182
57479	76183
57480	76184
57481	76184
57482	76185
57483	76186
57484	76187
57485	76189
57486	76189
57487	76191
57488	76192
57489	76192
57490	76194
57491	76195
57492	76196
57493	76196
57494	76197
57495	76198
57496	76199
57497	76199
57498	76202
57499	76203
57500	76204
57501	76207
57502	76208
57503	76209
57504	76211
57505	76211
57506	76212
57507	76212
57508	76212
57509	76212
57510	76213
57511	76214
57512	76216
57513	76216
57514	76217
57515	76219
57516	76220
57517	76222
57518	76223
57519	76223
57520	76223
57521	76223
57522	76223
57523	76224
57524	76225
57525	76225
57526	76226
57527	76227
57528	76228
57529	76228
57530	76229
57531	76229
57532	76230
57533	76232
57534	76233
57535	76234
57536	76237
57537	76238
57538	76238
57539	76240
57540	76240
57541	76241
57542	76241
57543	76241
57544	76242
57545	76243
57546	76245
57547	76245
57548	76246
57549	76246
57550	76247
57551	76247
57552	76248
57553	76248
57554	76250
57555	76251
57556	76252
57557	76254
57558	76255
57559	76256
57560	76256
57561	76257
57562	76257
57563	76257
57564	76258
57565	76259
57566	76260
57567	76263
57568	76265
57569	76266
57570	76267
57571	76270
57572	76271
57573	76272
57574	76273
57575	76274
57576	76275
57577	76276
57578	76278
57579	76279
57580	76279
57581	76280
57582	76280
57583	76280
57584	76281
57585	76282
57586	76283
57587	76283
57588	76283
57589	76284
57590	76285
57591	76286
57592	76287
57593	76289
57594	76290
57595	76291
57596	76292
57597	76293
57598	76294
57599	76294
57600	76295
57601	76295
57602	76295
57603	76296
57604	76297
57605	76299
57606	76302
57607	76303
57608	76304
57609	76306
57610	76307
57611	76308
57612	76309
57613	76309
57614	76309
57615	76310
57616	76310
57617	76311
57618	76314
57619	76315
57620	76317
57621	76317
57622	76317
57623	76318
57624	76318
57625	76319
57626	76320
57627	76321
57628	76322
57629	76324
57630	76327
57631	76328
57632	76328
57633	76329
57634	76332
57635	76333
57636	76336
57637	76337
57638	76338
57639	76339
57640	76340
57641	76340
57642	76341
57643	76342
57644	76342
57645	76342
57646	76342
57647	76343
57648	76344
57649	76347
57650	76348
57651	76350
57652	76351
57653	76352
57654	76352
57655	76352
57656	76353
57657	76354
57658	76355
57659	76355
57660	76356
57661	76357
57662	76357
57663	76359
57664	76360
57665	76362
57666	76362
57667	76363
57668	76363
57669	76363
57670	76363
57671	76366
57672	76366
57673	76366
57674	76366
57675	76368
57676	76369
57677	76370
57678	76371
57679	76372
57680	76372
57681	76372
57682	76375
57683	76375
57684	76375
57685	76377
57686	76379
57687	76380
57688	76381
57689	76382
57690	76383
57691	76384
57692	76385
57693	76385
57694	76386
57695	76388
57696	76388
57697	76389
57698	76391
57699	76393
57700	76394
57701	76395
57702	76397
57703	76398
57704	76400
57705	76401
57706	76402
57707	76402
57708	76403
57709	76405
57710	76405
57711	76405
57712	76405
57713	76405
57714	76408
57715	76408
57716	76409
57717	76409
57718	76410
57719	76411
57720	76412
57721	76413
57722	76413
57723	76414
57724	76416
57725	76416
57726	76417
57727	76419
57728	76422
57729	76423
57730	76424
57731	76426
57732	76427
57733	76430
57734	76430
57735	76431
57736	76432
57737	76432
57738	76434
57739	76435
57740	76436
57741	76437
57742	76438
57743	76438
57744	76438
57745	76439
57746	76439
57747	76441
57748	76442
57749	76442
57750	76442
57751	76443
57752	76443
57753	76443
57754	76443
57755	76446
57756	76447
57757	76448
57758	76449
57759	76450
57760	76451
57761	76452
57762	76452
57763	76453
57764	76454
57765	76455
57766	76456
57767	76456
57768	76456
57769	76457
57770	76458
57771	76459
57772	76459
57773	76461
57774	76464
57775	76464
57776	76465
57777	76466
57778	76466
57779	76466
57780	76467
57781	76468
57782	76470
57783	76470
57784	76471
57785	76472
57786	76474
57787	76475
57788	76476
57789	76476
57790	76476
57791	76477
57792	76478
57793	76479
57794	76480
57795	76480
57796	76481
57797	76483
57798	76484
57799	76485
57800	76486
57801	76486
57802	76486
57803	76487
57804	76489
57805	76490
57806	76493
57807	76494
57808	76495
57809	76496
57810	76497
57811	76498
57812	76498
57813	76498
57814	76498
57815	76499
57816	76501
57817	76502
57818	76503
57819	76504
57820	76506
57821	76507
57822	76508
57823	76510
57824	76510
57825	76510
57826	76510
57827	76511
57828	76512
57829	76514
57830	76515
57831	76516
57832	76517
57833	76517
57834	76518
57835	76520
57836	76520
57837	76520
57838	76521
57839	76521
57840	76522
57841	76522
57842	76523
57843	76523
57844	76524
57845	76525
57846	76525
57847	76528
57848	76529
57849	76531
57850	76533
57851	76534
57852	76534
57853	76534
57854	76534
57855	76534
57856	76536
57857	76537
57858	76537
57859	76538
57860	76539
57861	76540
57862	76541
57863	76543
57864	76544
57865	76545
57866	76546
57867	76547
57868	76548
57869	76548
57870	76551
57871	76552
57872	76552
57873	76553
57874	76554
57875	76556
57876	76557
57877	76558
57878	76559
57879	76560
57880	76561
57881	76564
57882	76565
57883	76566
57884	76567
57885	76567
57886	76568
57887	76569
57888	76570
57889	76572
57890	76573
57891	76574
57892	76574
57893	76575
57894	76578
57895	76579
57896	76580
57897	76582
57898	76582
57899	76583
57900	76586
57901	76587
57902	76590
57903	76591
57904	76592
57905	76592
57906	76593
57907	76596
57908	76597
57909	76598
57910	76598
57911	76598
57912	76599
57913	76601
57914	76602
57915	76604
57916	76605
57917	76606
57918	76606
57919	76607
57920	76607
57921	76608
57922	76609
57923	76610
57924	76611
57925	76614
57926	76615
57927	76616
57928	76616
57929	76616
57930	76617
57931	76618
57932	76621
57933	76623
57934	76623
57935	76624
57936	76625
57937	76625
57938	76625
57939	76627
57940	76628
57941	76628
57942	76629
57943	76630
57944	76630
57945	76631
57946	76632
57947	76633
57948	76634
57949	76634
57950	76635
57951	76638
57952	76639
57953	76640
57954	76641
57955	76642
57956	76643
57957	76644
57958	76645
57959	76645
57960	76645
57961	76647
57962	76648
57963	76651
57964	76652
57965	76652
57966	76655
57967	76655
57968	76656
57969	76657
57970	76658
57971	76659
57972	76660
57973	76661
57974	76662
57975	76663
57976	76666
57977	76667
57978	76670
57979	76671
57980	76671
57981	76673
57982	76674
57983	76674
57984	76674
57985	76675
57986	76676
57987	76677
57988	76678
57989	76679
57990	76680
57991	76680
57992	76680
57993	76681
57994	76683
57995	76684
57996	76685
57997	76686
57998	76687
57999	76690
58000	76690
58001	76691
58002	76691
58003	76693
58004	76693
58005	76696
58006	76696
58007	76697
58008	76698
58009	76698
58010	76699
58011	76700
58012	76701
58013	76701
58014	76702
58015	76705
58016	76708
58017	76709
58018	76710
58019	76713
58020	76713
58021	76714
58022	76714
58023	76715
58024	76718
58025	76719
58026	76719
58027	76719
58028	76719
58029	76719
58030	76720
58031	76721
58032	76722
58033	76723
58034	76724
58035	76725
58036	76726
58037	76727
58038	76730
58039	76731
58040	76731
58041	76732
58042	76733
58043	76734
58044	76736
58045	76736
58046	76737
58047	76738
58048	76738
58049	76738
58050	76741
58051	76741
58052	76742
58053	76743
58054	76744
58055	76744
58056	76744
58057	76747
58058	76747
58059	76749
58060	76752
58061	76753
58062	76754
58063	76754
58064	76755
58065	76756
58066	76757
58067	76757
58068	76758
58069	76760
58070	76760
58071	76761
58072	76763
58073	76764
58074	76764
58075	76764
58076	76764
58077	76764
58078	76767
58079	76768
58080	76771
58081	76772
58082	76772
58083	76773
58084	76774
58085	76775
58086	76776
58087	76776
58088	76777
58089	76778
58090	76779
58091	76780
58092	76781
58093	76783
58094	76786
58095	76787
58096	76787
58097	76788
58098	76788
58099	76788
58100	76789
58101	76790
58102	76791
58103	76791
58104	76792
58105	76793
58106	76796
58107	76796
58108	76797
58109	76798
58110	76799
58111	76800
58112	76801
58113	76803
58114	76804
58115	76807
58116	76808
58117	76809
58118	76811
58119	76811
58120	76811
58121	76812
58122	76813
58123	76816
58124	76817
58125	76818
58126	76819
58127	76822
58128	76823
58129	76824
58130	76825
58131	76825
58132	76825
58133	76828
58134	76831
58135	76832
58136	76833
58137	76834
58138	76835
58139	76836
58140	76837
58141	76838
58142	76839
58143	76840
58144	76841
58145	76842
58146	76844
58147	76846
58148	76846
58149	76847
58150	76848
58151	76849
58152	76850
58153	76851
58154	76852
58155	76853
58156	76853
58157	76854
58158	76854
58159	76855
58160	76855
58161	76856
58162	76859
58163	76860
58164	76861
58165	76861
58166	76861
58167	76862
58168	76862
58169	76862
58170	76862
58171	76863
58172	76863
58173	76864
58174	76865
58175	76865
58176	76865
58177	76866
58178	76867
58179	76869
58180	76870
58181	76870
58182	76870
58183	76870
58184	76870
58185	76870
58186	76871
58187	76872
58188	76873
58189	76874
58190	76875
58191	76875
58192	76878
58193	76879
58194	76880
58195	76881
58196	76882
58197	76885
58198	76885
58199	76886
58200	76887
58201	76887
58202	76887
58203	76887
58204	76887
58205	76890
58206	76891
58207	76891
58208	76892
58209	76893
58210	76896
58211	76897
58212	76898
58213	76899
58214	76900
58215	76901
58216	76901
58217	76902
58218	76905
58219	76907
58220	76907
58221	76907
58222	76907
58223	76907
58224	76908
58225	76909
58226	76910
58227	76911
58228	76912
58229	76912
58230	76913
58231	76915
58232	76915
58233	76916
58234	76919
58235	76919
58236	76920
58237	76920
58238	76921
58239	76922
58240	76923
58241	76924
58242	76925
58243	76928
58244	76929
58245	76930
58246	76931
58247	76931
58248	76933
58249	76934
58250	76935
58251	76936
58252	76937
58253	76938
58254	76938
58255	76939
58256	76939
58257	76940
58258	76940
58259	76941
58260	76942
58261	76943
58262	76944
58263	76946
58264	76946
58265	76948
58266	76949
58267	76949
58268	76951
58269	76953
58270	76954
58271	76955
58272	76956
58273	76956
58274	76957
58275	76958
58276	76958
58277	76959
58278	76959
58279	76960
58280	76961
58281	76964
58282	76964
58283	76966
58284	76966
58285	76966
58286	76967
58287	76969
58288	76972
58289	76973
58290	76975
58291	76978
58292	76979
58293	76980
58294	76982
58295	76982
58296	76983
58297	76983
58298	76984
58299	76985
58300	76985
58301	76986
58302	76986
58303	76987
58304	76990
58305	76991
58306	76994
58307	76994
58308	76994
58309	76997
58310	76998
58311	76999
58312	76999
58313	77000
58314	77001
58315	77001
58316	77001
58317	77004
58318	77004
58319	77005
58320	77008
58321	77011
58322	77012
58323	77012
58324	77015
58325	77018
58326	77019
58327	77020
58328	77023
58329	77023
58330	77023
58331	77026
58332	77026
58333	77027
58334	77027
58335	77028
58336	77029
58337	77029
58338	77032
58339	77033
58340	77034
58341	77035
58342	77036
58343	77037
58344	77038
58345	77040
58346	77041
58347	77044
58348	77045
58349	77047
58350	77048
58351	77049
58352	77052
58353	77053
58354	77053
58355	77055
58356	77056
58357	77056
58358	77056
58359	77057
58360	77057
58361	77058
58362	77059
58363	77059
58364	77060
58365	77061
58366	77062
58367	77063
58368	77064
58369	77067
58370	77067
58371	77068
58372	77069
58373	77069
58374	77070
58375	77071
58376	77071
58377	77072
58378	77073
58379	77073
58380	77074
58381	77075
58382	77076
58383	77076
58384	77077
58385	77078
58386	77079
58387	77080
58388	77080
58389	77083
58390	77084
58391	77086
58392	77087
58393	77088
58394	77091
58395	77093
58396	77094
58397	77095
58398	77096
58399	77096
58400	77097
58401	77097
58402	77098
58403	77099
58404	77101
58405	77101
58406	77102
58407	77103
58408	77106
58409	77108
58410	77109
58411	77110
58412	77111
58413	77111
58414	77112
58415	77113
58416	77114
58417	77115
58418	77115
58419	77116
58420	77117
58421	77118
58422	77119
58423	77120
58424	77123
58425	77123
58426	77124
58427	77127
58428	77128
58429	77129
58430	77130
58431	77131
58432	77132
58433	77133
58434	77133
58435	77133
58436	77135
58437	77137
58438	77138
58439	77139
58440	77140
58441	77141
58442	77143
58443	77144
58444	77145
58445	77146
58446	77146
58447	77147
58448	77150
58449	77151
58450	77151
58451	77152
58452	77153
58453	77154
58454	77155
58455	77156
58456	77157
58457	77158
58458	77161
58459	77162
58460	77163
58461	77164
58462	77167
58463	77168
58464	77169
58465	77169
58466	77170
58467	77171
58468	77171
58469	77172
58470	77172
58471	77173
58472	77174
58473	77175
58474	77176
58475	77177
58476	77178
58477	77179
58478	77180
58479	77181
58480	77181
58481	77182
58482	77183
58483	77184
58484	77184
58485	77187
58486	77188
58487	77189
58488	77190
58489	77191
58490	77191
58491	77192
58492	77194
58493	77195
58494	77196
58495	77197
58496	77200
58497	77200
58498	77201
58499	77202
58500	77202
58501	77205
58502	77206
58503	77207
58504	77209
58505	77211
58506	77211
58507	77212
58508	77213
58509	77214
58510	77215
58511	77215
58512	77216
58513	77219
58514	77219
58515	77220
58516	77220
58517	77220
58518	77221
58519	77221
58520	77223
58521	77223
58522	77223
58523	77223
58524	77224
58525	77224
58526	77224
58527	77225
58528	77225
58529	77226
58530	77227
58531	77230
58532	77230
58533	77233
58534	77234
58535	77235
58536	77236
58537	77237
58538	77237
58539	77238
58540	77239
58541	77240
58542	77240
58543	77240
58544	77240
58545	77242
58546	77243
58547	77244
58548	77246
58549	77247
58550	77247
58551	77248
58552	77250
58553	77252
58554	77253
58555	77254
58556	77254
58557	77255
58558	77256
58559	77256
58560	77256
58561	77257
58562	77260
58563	77262
58564	77263
58565	77263
58566	77264
58567	77265
58568	77266
58569	77267
58570	77268
58571	77269
58572	77271
58573	77272
58574	77273
58575	77276
58576	77277
58577	77278
58578	77279
58579	77281
58580	77283
58581	77284
58582	77285
58583	77286
58584	77287
58585	77288
58586	77289
58587	77290
58588	77291
58589	77292
58590	77293
58591	77293
58592	77294
58593	77296
58594	77296
58595	77296
58596	77296
58597	77296
58598	77297
58599	77298
58600	77298
58601	77299
58602	77300
58603	77301
58604	77301
58605	77301
58606	77302
58607	77302
58608	77302
58609	77305
58610	77306
58611	77307
58612	77307
58613	77307
58614	77307
58615	77310
58616	77311
58617	77312
58618	77313
58619	77314
58620	77314
58621	77315
58622	77318
58623	77318
58624	77319
58625	77320
58626	77321
58627	77321
58628	77322
58629	77324
58630	77325
58631	77325
58632	77325
58633	77328
58634	77329
58635	77329
58636	77330
58637	77333
58638	77336
58639	77337
58640	77337
58641	77340
58642	77341
58643	77341
58644	77341
58645	77343
58646	77343
58647	77346
58648	77347
58649	77348
58650	77348
58651	77349
58652	77349
58653	77350
58654	77350
58655	77351
58656	77352
58657	77353
58658	77354
58659	77355
58660	77355
58661	77355
58662	77356
58663	77357
58664	77358
58665	77359
58666	77360
58667	77361
58668	77362
58669	77364
58670	77365
58671	77366
58672	77367
58673	77367
58674	77368
58675	77368
58676	77370
58677	77371
58678	77372
58679	77373
58680	77373
58681	77374
58682	77374
58683	77374
58684	77375
58685	77375
58686	77378
58687	77379
58688	77382
58689	77383
58690	77384
58691	77385
58692	77386
58693	77387
58694	77388
58695	77389
58696	77390
58697	77390
58698	77391
58699	77392
58700	77392
58701	77393
58702	77395
58703	77396
58704	77397
58705	77399
58706	77399
58707	77400
58708	77401
58709	77401
58710	77402
58711	77403
58712	77406
58713	77407
58714	77407
58715	77408
58716	77408
58717	77409
58718	77410
58719	77411
58720	77412
58721	77412
58722	77412
58723	77414
58724	77415
58725	77417
58726	77418
58727	77419
58728	77420
58729	77423
58730	77424
58731	77425
58732	77425
58733	77428
58734	77429
58735	77430
58736	77430
58737	77431
58738	77431
58739	77432
58740	77435
58741	77436
58742	77437
58743	77437
58744	77438
58745	77438
58746	77441
58747	77441
58748	77444
58749	77445
58750	77445
58751	77446
58752	77447
58753	77447
58754	77448
58755	77449
58756	77450
58757	77450
58758	77452
58759	77453
58760	77454
58761	77455
58762	77457
58763	77459
58764	77459
58765	77460
58766	77461
58767	77462
58768	77463
58769	77464
58770	77466
58771	77466
58772	77467
58773	77469
58774	77470
58775	77471
58776	77471
58777	77473
58778	77474
58779	77476
58780	77477
58781	77479
58782	77480
58783	77483
58784	77484
58785	77487
58786	77488
58787	77489
58788	77490
58789	77491
58790	77492
58791	77492
58792	77493
58793	77495
58794	77498
58795	77499
58796	77500
58797	77503
58798	77504
58799	77505
58800	77506
58801	77507
58802	77508
58803	77509
58804	77509
58805	77510
58806	77511
58807	77511
58808	77512
58809	77513
58810	77514
58811	77517
58812	77518
58813	77519
58814	77519
58815	77519
58816	77520
58817	77522
58818	77523
58819	77524
58820	77525
58821	77526
58822	77527
58823	77528
58824	77529
58825	77530
58826	77530
58827	77530
58828	77531
58829	77532
58830	77532
58831	77533
58832	77533
58833	77534
58834	77535
58835	77535
58836	77536
58837	77538
58838	77539
58839	77540
58840	77540
58841	77540
58842	77541
58843	77541
58844	77542
58845	77543
58846	77545
58847	77546
58848	77546
58849	77546
58850	77546
58851	77547
58852	77548
58853	77549
58854	77550
58855	77551
58856	77552
58857	77553
58858	77554
58859	77555
58860	77556
58861	77557
58862	77558
58863	77559
58864	77559
58865	77561
58866	77562
58867	77563
58868	77564
58869	77567
58870	77568
58871	77569
58872	77570
58873	77572
58874	77572
58875	77573
58876	77573
58877	77576
58878	77576
58879	77576
58880	77576
58881	77576
58882	77577
58883	77577
58884	77577
58885	77579
58886	77580
58887	77582
58888	77583
58889	77584
58890	77585
58891	77586
58892	77587
58893	77588
58894	77588
58895	77589
58896	77590
58897	77592
58898	77595
58899	77596
58900	77597
58901	77598
58902	77599
58903	77599
58904	77600
58905	77601
58906	77601
58907	77601
58908	77604
58909	77605
58910	77606
58911	77607
58912	77608
58913	77608
58914	77609
58915	77610
58916	77611
58917	77612
58918	77612
58919	77614
58920	77615
58921	77615
58922	77615
58923	77618
58924	77619
58925	77620
58926	77623
58927	77624
58928	77625
58929	77626
58930	77627
58931	77627
58932	77628
58933	77629
58934	77630
58935	77632
58936	77632
58937	77632
58938	77632
58939	77633
58940	77634
58941	77634
58942	77637
58943	77638
58944	77639
58945	77640
58946	77643
58947	77644
58948	77645
58949	77645
58950	77646
58951	77647
58952	77648
58953	77649
58954	77652
58955	77653
58956	77655
58957	77656
58958	77656
58959	77656
58960	77657
58961	77657
58962	77658
58963	77660
58964	77661
58965	77662
58966	77664
58967	77664
58968	77665
58969	77667
58970	77667
58971	77668
58972	77668
58973	77668
58974	77668
58975	77670
58976	77671
58977	77672
58978	77673
58979	77674
58980	77675
58981	77677
58982	77678
58983	77679
58984	77682
58985	77684
58986	77685
58987	77686
58988	77687
58989	77688
58990	77689
58991	77689
58992	77689
58993	77690
58994	77691
58995	77691
58996	77694
58997	77695
58998	77695
58999	77698
59000	77699
59001	77699
59002	77699
59003	77700
59004	77701
59005	77702
59006	77703
59007	77704
59008	77705
59009	77706
59010	77706
59011	77707
59012	77708
59013	77708
59014	77708
59015	77710
59016	77712
59017	77713
59018	77714
59019	77716
59020	77717
59021	77717
59022	77718
59023	77718
59024	77719
59025	77720
59026	77720
59027	77721
59028	77722
59029	77722
59030	77723
59031	77724
59032	77725
59033	77726
59034	77726
59035	77726
59036	77726
59037	77728
59038	77728
59039	77729
59040	77729
59041	77729
59042	77729
59043	77729
59044	77732
59045	77733
59046	77733
59047	77734
59048	77735
59049	77737
59050	77738
59051	77739
59052	77739
59053	77740
59054	77740
59055	77742
59056	77743
59057	77743
59058	77744
59059	77744
59060	77746
59061	77747
59062	77750
59063	77751
59064	77753
59065	77753
59066	77754
59067	77754
59068	77755
59069	77755
59070	77756
59071	77756
59072	77757
59073	77760
59074	77761
59075	77762
59076	77765
59077	77765
59078	77766
59079	77766
59080	77766
59081	77767
59082	77768
59083	77771
59084	77772
59085	77773
59086	77774
59087	77775
59088	77776
59089	77777
59090	77777
59091	77779
59092	77781
59093	77782
59094	77783
59095	77784
59096	77785
59097	77788
59098	77788
59099	77789
59100	77790
59101	77790
59102	77790
59103	77790
59104	77791
59105	77792
59106	77792
59107	77793
59108	77793
59109	77794
59110	77795
59111	77795
59112	77798
59113	77799
59114	77801
59115	77801
59116	77801
59117	77802
59118	77805
59119	77806
59120	77808
59121	77811
59122	77812
59123	77813
59124	77813
59125	77814
59126	77814
59127	77814
59128	77815
59129	77816
59130	77816
59131	77817
59132	77817
59133	77817
59134	77818
59135	77820
59136	77821
59137	77821
59138	77821
59139	77822
59140	77822
59141	77823
59142	77824
59143	77824
59144	77824
59145	77826
59146	77826
59147	77829
59148	77829
59149	77830
59150	77833
59151	77834
59152	77837
59153	77838
59154	77839
59155	77840
59156	77841
59157	77843
59158	77843
59159	77844
59160	77844
59161	77845
59162	77845
59163	77845
59164	77846
59165	77848
59166	77849
59167	77851
59168	77852
59169	77852
59170	77852
59171	77852
59172	77853
59173	77853
59174	77853
59175	77853
59176	77854
59177	77854
59178	77855
59179	77856
59180	77856
59181	77858
59182	77858
59183	77859
59184	77860
59185	77860
59186	77861
59187	77862
59188	77863
59189	77863
59190	77865
59191	77866
59192	77866
59193	77867
59194	77867
59195	77867
59196	77868
59197	77868
59198	77868
59199	77870
59200	77870
59201	77871
59202	77871
59203	77872
59204	77873
59205	77874
59206	77875
59207	77876
59208	77877
59209	77878
59210	77878
59211	77878
59212	77879
59213	77882
59214	77883
59215	77885
59216	77885
59217	77885
59218	77886
59219	77889
59220	77890
59221	77890
59222	77890
59223	77891
59224	77892
59225	77892
59226	77894
59227	77895
59228	77896
59229	77898
59230	77898
59231	77901
59232	77902
59233	77902
59234	77902
59235	77902
59236	77903
59237	77903
59238	77904
59239	77905
59240	77906
59241	77906
59242	77907
59243	77907
59244	77907
59245	77908
59246	77909
59247	77909
59248	77909
59249	77910
59250	77911
59251	77911
59252	77914
59253	77914
59254	77917
59255	77918
59256	77919
59257	77920
59258	77921
59259	77922
59260	77923
59261	77923
59262	77924
59263	77924
59264	77927
59265	77927
59266	77928
59267	77929
59268	77932
59269	77933
59270	77935
59271	77935
59272	77936
59273	77937
59274	77938
59275	77938
59276	77938
59277	77940
59278	77941
59279	77942
59280	77943
59281	77944
59282	77945
59283	77946
59284	77948
59285	77948
59286	77948
59287	77948
59288	77949
59289	77950
59290	77950
59291	77952
59292	77953
59293	77956
59294	77957
59295	77959
59296	77960
59297	77961
59298	77961
59299	77962
59300	77962
59301	77964
59302	77964
59303	77965
59304	77966
59305	77967
59306	77968
59307	77971
59308	77972
59309	77973
59310	77974
59311	77974
59312	77975
59313	77976
59314	77977
59315	77977
59316	77978
59317	77979
59318	77980
59319	77982
59320	77982
59321	77983
59322	77985
59323	77987
59324	77987
59325	77988
59326	77991
59327	77992
59328	77993
59329	77994
59330	77995
59331	77995
59332	77996
59333	77996
59334	77996
59335	77998
59336	77998
59337	78001
59338	78002
59339	78003
59340	78003
59341	78003
59342	78003
59343	78004
59344	78005
59345	78006
59346	78008
59347	78008
59348	78009
59349	78012
59350	78013
59351	78014
59352	78015
59353	78016
59354	78017
59355	78017
59356	78019
59357	78019
59358	78019
59359	78020
59360	78021
59361	78022
59362	78023
59363	78024
59364	78025
59365	78028
59366	78029
59367	78030
59368	78031
59369	78032
59370	78033
59371	78035
59372	78036
59373	78039
59374	78040
59375	78041
59376	78044
59377	78044
59378	78044
59379	78045
59380	78046
59381	78047
59382	78047
59383	78050
59384	78051
59385	78052
59386	78053
59387	78053
59388	78055
59389	78058
59390	78059
59391	78059
59392	78060
59393	78061
59394	78062
59395	78062
59396	78064
59397	78065
59398	78067
59399	78068
59400	78069
59401	78071
59402	78072
59403	78073
59404	78075
59405	78077
59406	78078
59407	78079
59408	78079
59409	78080
59410	78081
59411	78084
59412	78084
59413	78085
59414	78085
59415	78085
59416	78086
59417	78087
59418	78088
59419	78090
59420	78091
59421	78092
59422	78093
59423	78094
59424	78095
59425	78097
59426	78097
59427	78098
59428	78099
59429	78100
59430	78101
59431	78102
59432	78102
59433	78103
59434	78104
59435	78104
59436	78104
59437	78105
59438	78108
59439	78108
59440	78108
59441	78109
59442	78109
59443	78110
59444	78111
59445	78111
59446	78112
59447	78112
59448	78113
59449	78113
59450	78115
59451	78115
59452	78115
59453	78116
59454	78116
59455	78119
59456	78120
59457	78121
59458	78122
59459	78123
59460	78124
59461	78124
59462	78125
59463	78126
59464	78127
59465	78128
59466	78128
59467	78128
59468	78128
59469	78128
59470	78129
59471	78132
59472	78132
59473	78134
59474	78134
59475	78135
59476	78136
59477	78136
59478	78137
59479	78138
59480	78139
59481	78142
59482	78143
59483	78144
59484	78147
59485	78147
59486	78147
59487	78148
59488	78148
59489	78149
59490	78150
59491	78151
59492	78151
59493	78153
59494	78153
59495	78154
59496	78155
59497	78156
59498	78157
59499	78160
59500	78161
59501	78162
59502	78163
59503	78166
59504	78166
59505	78166
59506	78167
59507	78167
59508	78168
59509	78168
59510	78168
59511	78169
59512	78170
59513	78171
59514	78171
59515	78172
59516	78175
59517	78176
59518	78177
59519	78178
59520	78179
59521	78182
59522	78182
59523	78183
59524	78184
59525	78185
59526	78186
59527	78187
59528	78188
59529	78189
59530	78190
59531	78190
59532	78191
59533	78192
59534	78194
59535	78195
59536	78196
59537	78198
59538	78200
59539	78201
59540	78201
59541	78202
59542	78203
59543	78204
59544	78205
59545	78208
59546	78209
59547	78210
59548	78211
59549	78211
59550	78211
59551	78212
59552	78213
59553	78214
59554	78214
59555	78214
59556	78215
59557	78215
59558	78215
59559	78217
59560	78217
59561	78217
59562	78217
59563	78217
59564	78218
59565	78221
59566	78222
59567	78222
59568	78224
59569	78225
59570	78227
59571	78228
59572	78229
59573	78229
59574	78229
59575	78230
59576	78230
59577	78232
59578	78233
59579	78233
59580	78236
59581	78236
59582	78237
59583	78238
59584	78239
59585	78239
59586	78240
59587	78242
59588	78242
59589	78244
59590	78245
59591	78246
59592	78246
59593	78246
59594	78247
59595	78248
59596	78249
59597	78249
59598	78250
59599	78251
59600	78251
59601	78251
59602	78251
59603	78252
59604	78253
59605	78253
59606	78253
59607	78254
59608	78255
59609	78256
59610	78258
59611	78258
59612	78259
59613	78262
59614	78263
59615	78264
59616	78264
59617	78265
59618	78268
59619	78268
59620	78268
59621	78271
59622	78272
59623	78273
59624	78274
59625	78275
59626	78276
59627	78277
59628	78278
59629	78281
59630	78282
59631	78283
59632	78284
59633	78285
59634	78286
59635	78286
59636	78287
59637	78287
59638	78288
59639	78290
59640	78291
59641	78291
59642	78292
59643	78293
59644	78293
59645	78294
59646	78295
59647	78298
59648	78299
59649	78300
59650	78301
59651	78301
59652	78302
59653	78302
59654	78303
59655	78304
59656	78307
59657	78307
59658	78308
59659	78309
59660	78309
59661	78309
59662	78310
59663	78311
59664	78312
59665	78314
59666	78315
59667	78316
59668	78318
59669	78319
59670	78322
59671	78325
59672	78325
59673	78328
59674	78329
59675	78331
59676	78331
59677	78332
59678	78333
59679	78334
59680	78335
59681	78336
59682	78336
59683	78337
59684	78338
59685	78339
59686	78341
59687	78342
59688	78343
59689	78344
59690	78346
59691	78347
59692	78348
59693	78348
59694	78348
59695	78349
59696	78351
59697	78352
59698	78352
59699	78354
59700	78354
59701	78354
59702	78355
59703	78355
59704	78355
59705	78355
59706	78355
59707	78355
59708	78356
59709	78357
59710	78358
59711	78358
59712	78360
59713	78361
59714	78361
59715	78362
59716	78363
59717	78364
59718	78364
59719	78366
59720	78367
59721	78367
59722	78368
59723	78369
59724	78370
59725	78371
59726	78372
59727	78373
59728	78374
59729	78376
59730	78378
59731	78379
59732	78379
59733	78380
59734	78380
59735	78381
59736	78381
59737	78382
59738	78385
59739	78385
59740	78387
59741	78389
59742	78389
59743	78390
59744	78391
59745	78392
59746	78393
59747	78394
59748	78396
59749	78396
59750	78396
59751	78397
59752	78398
59753	78401
59754	78402
59755	78402
59756	78402
59757	78403
59758	78406
59759	78408
59760	78408
59761	78409
59762	78412
59763	78412
59764	78414
59765	78417
59766	78418
59767	78420
59768	78421
59769	78421
59770	78422
59771	78423
59772	78424
59773	78424
59774	78425
59775	78426
59776	78427
59777	78428
59778	78428
59779	78430
59780	78431
59781	78432
59782	78433
59783	78435
59784	78436
59785	78437
59786	78437
59787	78438
59788	78441
59789	78442
59790	78443
59791	78443
59792	78444
59793	78444
59794	78445
59795	78446
59796	78447
59797	78450
59798	78452
59799	78452
59800	78453
59801	78453
59802	78454
59803	78455
59804	78456
59805	78459
59806	78459
59807	78459
59808	78459
59809	78459
59810	78460
59811	78461
59812	78462
59813	78465
59814	78468
59815	78469
59816	78470
59817	78473
59818	78473
59819	78473
59820	78476
59821	78477
59822	78477
59823	78478
59824	78479
59825	78480
59826	78481
59827	78482
59828	78483
59829	78484
59830	78484
59831	78485
59832	78485
59833	78486
59834	78487
59835	78488
59836	78489
59837	78492
59838	78493
59839	78494
59840	78495
59841	78496
59842	78496
59843	78497
59844	78497
59845	78498
59846	78499
59847	78501
59848	78502
59849	78503
59850	78504
59851	78505
59852	78505
59853	78505
59854	78506
59855	78507
59856	78509
59857	78509
59858	78510
59859	78511
59860	78512
59861	78512
59862	78513
59863	78514
59864	78514
59865	78515
59866	78515
59867	78516
59868	78517
59869	78518
59870	78518
59871	78519
59872	78519
59873	78519
59874	78519
59875	78519
59876	78519
59877	78519
59878	78521
59879	78522
59880	78523
59881	78523
59882	78523
59883	78524
59884	78525
59885	78526
59886	78528
59887	78529
59888	78529
59889	78530
59890	78531
59891	78532
59892	78533
59893	78534
59894	78535
59895	78537
59896	78538
59897	78539
59898	78539
59899	78540
59900	78541
59901	78541
59902	78541
59903	78541
59904	78542
59905	78542
59906	78542
59907	78543
59908	78543
59909	78546
59910	78547
59911	78547
59912	78548
59913	78549
59914	78550
59915	78551
59916	78553
59917	78553
59918	78554
59919	78555
59920	78555
59921	78556
59922	78558
59923	78559
59924	78559
59925	78559
59926	78561
59927	78562
59928	78563
59929	78564
59930	78565
59931	78566
59932	78566
59933	78567
59934	78568
59935	78568
59936	78569
59937	78570
59938	78571
59939	78572
59940	78573
59941	78573
59942	78574
59943	78575
59944	78576
59945	78577
59946	78578
59947	78579
59948	78580
59949	78580
59950	78580
59951	78581
59952	78581
59953	78584
59954	78585
59955	78586
59956	78587
59957	78588
59958	78589
59959	78590
59960	78591
59961	78592
59962	78592
59963	78592
59964	78593
59965	78594
59966	78595
59967	78596
59968	78597
59969	78599
59970	78600
59971	78601
59972	78603
59973	78605
59974	78605
59975	78606
59976	78607
59977	78609
59978	78610
59979	78611
59980	78611
59981	78612
59982	78613
59983	78614
59984	78614
59985	78615
59986	78615
59987	78617
59988	78618
59989	78619
59990	78620
59991	78622
59992	78623
59993	78624
59994	78624
59995	78624
59996	78625
59997	78625
59998	78626
59999	78629
60000	78630
60001	78631
60002	78631
60003	78631
60004	78632
60005	78633
60006	78634
60007	78635
60008	78636
60009	78637
60010	78638
60011	78639
60012	78640
60013	78642
60014	78642
60015	78642
60016	78643
60017	78644
60018	78645
60019	78646
60020	78648
60021	78649
60022	78649
60023	78650
60024	78651
60025	78651
60026	78652
60027	78653
60028	78653
60029	78655
60030	78656
60031	78657
60032	78658
60033	78658
60034	78659
60035	78659
60036	78662
60037	78663
60038	78664
60039	78666
60040	78667
60041	78668
60042	78668
60043	78670
60044	78671
60045	78672
60046	78673
60047	78673
60048	78674
60049	78675
60050	78676
60051	78677
60052	78678
60053	78679
60054	78679
60055	78680
60056	78683
60057	78683
60058	78684
60059	78684
60060	78684
60061	78684
60062	78685
60063	78685
60064	78686
60065	78689
60066	78689
60067	78691
60068	78692
60069	78693
60070	78694
60071	78695
60072	78697
60073	78698
60074	78698
60075	78699
60076	78699
60077	78700
60078	78701
60079	78702
60080	78703
60081	78705
60082	78705
60083	78708
60084	78709
60085	78709
60086	78710
60087	78711
60088	78712
60089	78712
60090	78713
60091	78713
60092	78714
60093	78715
60094	78716
60095	78716
60096	78716
60097	78716
60098	78717
60099	78720
60100	78720
60101	78721
60102	78723
60103	78724
60104	78727
60105	78728
60106	78728
60107	78728
60108	78729
60109	78730
60110	78731
60111	78732
60112	78733
60113	78733
60114	78733
60115	78733
60116	78734
60117	78737
60118	78738
60119	78739
60120	78740
60121	78741
60122	78742
60123	78742
60124	78742
60125	78744
60126	78745
60127	78746
60128	78747
60129	78748
60130	78749
60131	78749
60132	78752
60133	78753
60134	78754
60135	78755
60136	78758
60137	78758
60138	78759
60139	78760
60140	78761
60141	78761
60142	78761
60143	78762
60144	78763
60145	78764
60146	78766
60147	78767
60148	78767
60149	78767
60150	78767
60151	78770
60152	78771
60153	78772
60154	78773
60155	78774
60156	78775
60157	78775
60158	78776
60159	78776
60160	78777
60161	78778
60162	78780
60163	78780
60164	78780
60165	78781
60166	78783
60167	78784
60168	78785
60169	78785
60170	78786
60171	78787
60172	78787
60173	78788
60174	78790
60175	78790
60176	78793
60177	78794
60178	78795
60179	78796
60180	78797
60181	78798
60182	78799
60183	78800
60184	78801
60185	78803
60186	78803
60187	78806
60188	78806
60189	78806
60190	78807
60191	78808
60192	78809
60193	78810
60194	78810
60195	78810
60196	78811
60197	78811
60198	78814
60199	78815
60200	78816
60201	78817
60202	78817
60203	78818
60204	78818
60205	78818
60206	78819
60207	78819
60208	78820
60209	78821
60210	78822
60211	78823
60212	78824
60213	78824
60214	78824
60215	78825
60216	78827
60217	78827
60218	78828
60219	78829
60220	78830
60221	78830
60222	78831
60223	78831
60224	78832
60225	78835
60226	78836
60227	78838
60228	78838
60229	78838
60230	78838
60231	78839
60232	78839
60233	78840
60234	78840
60235	78840
60236	78841
60237	78842
60238	78843
60239	78845
60240	78846
60241	78846
60242	78849
60243	78849
60244	78850
60245	78850
60246	78851
60247	78852
60248	78853
60249	78855
60250	78856
60251	78856
60252	78859
60253	78860
60254	78861
60255	78864
60256	78864
60257	78865
60258	78865
60259	78866
60260	78866
60261	78867
60262	78868
60263	78869
60264	78870
60265	78873
60266	78874
60267	78875
60268	78876
60269	78877
60270	78877
60271	78878
60272	78879
60273	78880
60274	78881
60275	78881
60276	78883
60277	78884
60278	78886
60279	78887
60280	78887
60281	78887
60282	78888
60283	78890
60284	78890
60285	78891
60286	78892
60287	78893
60288	78893
60289	78894
60290	78894
60291	78895
60292	78896
60293	78897
60294	78898
60295	78899
60296	78900
60297	78903
60298	78904
60299	78905
60300	78906
60301	78907
60302	78910
60303	78911
60304	78912
60305	78913
60306	78914
60307	78914
60308	78916
60309	78917
60310	78918
60311	78919
60312	78920
60313	78921
60314	78921
60315	78924
60316	78925
60317	78926
60318	78927
60319	78928
60320	78929
60321	78930
60322	78931
60323	78931
60324	78932
60325	78934
60326	78935
60327	78936
60328	78937
60329	78939
60330	78941
60331	78944
60332	78945
60333	78945
60334	78945
60335	78945
60336	78945
60337	78945
60338	78945
60339	78946
60340	78946
60341	78947
60342	78948
60343	78948
60344	78948
60345	78949
60346	78950
60347	78951
60348	78951
60349	78951
60350	78952
60351	78953
60352	78953
60353	78953
60354	78954
60355	78957
60356	78958
60357	78959
60358	78959
60359	78960
60360	78961
60361	78964
60362	78965
60363	78965
60364	78966
60365	78967
60366	78968
60367	78968
60368	78969
60369	78971
60370	78972
60371	78972
60372	78972
60373	78973
60374	78974
60375	78974
60376	78974
60377	78974
60378	78975
60379	78976
60380	78977
60381	78978
60382	78979
60383	78980
60384	78982
60385	78982
60386	78982
60387	78983
60388	78983
60389	78984
60390	78987
60391	78988
60392	78990
60393	78990
60394	78991
60395	78994
60396	78995
60397	78998
60398	78998
60399	78998
60400	78998
60401	78998
60402	78998
60403	78999
60404	79000
60405	79000
60406	79000
60407	79003
60408	79004
60409	79004
60410	79005
60411	79006
60412	79007
60413	79008
60414	79009
60415	79009
60416	79009
60417	79010
60418	79013
60419	79015
60420	79016
60421	79016
60422	79017
60423	79018
60424	79019
60425	79020
60426	79021
60427	79022
60428	79023
60429	79026
60430	79027
60431	79028
60432	79031
60433	79031
60434	79032
60435	79033
60436	79033
60437	79035
60438	79035
60439	79036
60440	79037
60441	79038
60442	79038
60443	79038
60444	79039
60445	79042
60446	79043
60447	79046
60448	79047
60449	79048
60450	79048
60451	79048
60452	79051
60453	79052
60454	79053
60455	79056
60456	79057
60457	79057
60458	79058
60459	79059
60460	79060
60461	79060
60462	79061
60463	79061
60464	79062
60465	79064
60466	79066
60467	79067
60468	79067
60469	79068
60470	79069
60471	79070
60472	79071
60473	79072
60474	79072
60475	79073
60476	79074
60477	79075
60478	79076
60479	79077
60480	79078
60481	79079
60482	79079
60483	79079
60484	79080
60485	79083
60486	79084
60487	79085
60488	79086
60489	79086
60490	79086
60491	79086
60492	79088
60493	79089
60494	79089
60495	79090
60496	79091
60497	79092
60498	79093
60499	79094
60500	79094
60501	79094
60502	79096
60503	79096
60504	79097
60505	79097
60506	79098
60507	79099
60508	79100
60509	79101
60510	79104
60511	79105
60512	79105
60513	79106
60514	79107
60515	79108
60516	79110
60517	79110
60518	79113
60519	79114
60520	79117
60521	79118
60522	79119
60523	79120
60524	79120
60525	79120
60526	79121
60527	79122
60528	79125
60529	79126
60530	79127
60531	79127
60532	79128
60533	79129
60534	79130
60535	79131
60536	79132
60537	79133
60538	79135
60539	79136
60540	79137
60541	79138
60542	79139
60543	79139
60544	79139
60545	79140
60546	79141
60547	79142
60548	79143
60549	79144
60550	79145
60551	79146
60552	79149
60553	79149
60554	79151
60555	79152
60556	79152
60557	79152
60558	79153
60559	79154
60560	79154
60561	79155
60562	79156
60563	79157
60564	79158
60565	79160
60566	79163
60567	79164
60568	79166
60569	79167
60570	79167
60571	79170
60572	79170
60573	79172
60574	79173
60575	79174
60576	79175
60577	79175
60578	79176
60579	79177
60580	79179
60581	79182
60582	79183
60583	79184
60584	79184
60585	79185
60586	79186
60587	79187
60588	79190
60589	79190
60590	79190
60591	79191
60592	79192
60593	79193
60594	79193
60595	79194
60596	79195
60597	79197
60598	79198
60599	79199
60600	79200
60601	79201
60602	79202
60603	79204
60604	79204
60605	79205
60606	79206
60607	79207
60608	79210
60609	79210
60610	79210
60611	79211
60612	79214
60613	79215
60614	79215
60615	79215
60616	79215
60617	79215
60618	79215
60619	79216
60620	79217
60621	79218
60622	79218
60623	79220
60624	79221
60625	79221
60626	79222
60627	79222
60628	79223
60629	79224
60630	79226
60631	79227
60632	79228
60633	79230
60634	79231
60635	79234
60636	79235
60637	79235
60638	79237
60639	79237
60640	79237
60641	79238
60642	79239
60643	79239
60644	79239
60645	79239
60646	79240
60647	79240
60648	79242
60649	79243
60650	79243
60651	79244
60652	79247
60653	79248
60654	79248
60655	79248
60656	79249
60657	79249
60658	79250
60659	79252
60660	79252
60661	79253
60662	79254
60663	79255
60664	79256
60665	79257
60666	79258
60667	79260
60668	79261
60669	79264
60670	79265
60671	79266
60672	79266
60673	79267
60674	79268
60675	79268
60676	79269
60677	79270
60678	79273
60679	79274
60680	79275
60681	79277
60682	79279
60683	79280
60684	79281
60685	79281
60686	79281
60687	79282
60688	79283
60689	79284
60690	79284
60691	79285
60692	79288
60693	79288
60694	79290
60695	79293
60696	79294
60697	79294
60698	79296
60699	79297
60700	79298
60701	79300
60702	79300
60703	79303
60704	79304
60705	79305
60706	79305
60707	79306
60708	79306
60709	79306
60710	79308
60711	79311
60712	79312
60713	79313
60714	79314
60715	79314
60716	79314
60717	79315
60718	79315
60719	79316
60720	79318
60721	79318
60722	79319
60723	79320
60724	79321
60725	79322
60726	79322
60727	79324
60728	79324
60729	79325
60730	79326
60731	79327
60732	79328
60733	79329
60734	79330
60735	79331
60736	79332
60737	79333
60738	79334
60739	79336
60740	79337
60741	79338
60742	79338
60743	79340
60744	79341
60745	79342
60746	79344
60747	79344
60748	79345
60749	79346
60750	79347
60751	79348
60752	79349
60753	79349
60754	79349
60755	79349
60756	79350
60757	79350
60758	79351
60759	79353
60760	79353
60761	79354
60762	79355
60763	79356
60764	79357
60765	79359
60766	79359
60767	79360
60768	79360
60769	79361
60770	79362
60771	79364
60772	79364
60773	79365
60774	79366
60775	79366
60776	79367
60777	79367
60778	79370
60779	79370
60780	79371
60781	79374
60782	79375
60783	79378
60784	79378
60785	79379
60786	79380
60787	79381
60788	79381
60789	79384
60790	79385
60791	79385
60792	79388
60793	79390
60794	79391
60795	79392
60796	79392
60797	79393
60798	79394
60799	79395
60800	79395
60801	79395
60802	79398
60803	79399
60804	79400
60805	79403
60806	79404
60807	79405
60808	79406
60809	79407
60810	79408
60811	79411
60812	79411
60813	79411
60814	79413
60815	79416
60816	79417
60817	79418
60818	79419
60819	79422
60820	79423
60821	79425
60822	79426
60823	79427
60824	79427
60825	79428
60826	79428
60827	79429
60828	79429
60829	79429
60830	79430
60831	79431
60832	79432
60833	79432
60834	79433
60835	79434
60836	79435
60837	79436
60838	79436
60839	79438
60840	79439
60841	79440
60842	79440
60843	79441
60844	79442
60845	79442
60846	79443
60847	79444
60848	79444
60849	79447
60850	79448
60851	79448
60852	79451
60853	79451
60854	79452
60855	79453
60856	79454
60857	79455
60858	79455
60859	79457
60860	79458
60861	79460
60862	79460
60863	79460
60864	79461
60865	79461
60866	79463
60867	79466
60868	79466
60869	79466
60870	79467
60871	79468
60872	79471
60873	79471
60874	79472
60875	79473
60876	79474
60877	79477
60878	79477
60879	79478
60880	79480
60881	79480
60882	79481
60883	79483
60884	79484
60885	79487
60886	79487
60887	79488
60888	79488
60889	79488
60890	79488
60891	79489
60892	79492
60893	79493
60894	79494
60895	79495
60896	79497
60897	79498
60898	79499
60899	79500
60900	79501
60901	79501
60902	79501
60903	79502
60904	79503
60905	79506
60906	79507
60907	79508
60908	79508
60909	79509
60910	79510
60911	79511
60912	79512
60913	79514
60914	79515
60915	79516
60916	79517
60917	79517
60918	79517
60919	79518
60920	79519
60921	79520
60922	79521
60923	79522
60924	79524
60925	79525
60926	79526
60927	79528
60928	79529
60929	79529
60930	79530
60931	79531
60932	79532
60933	79533
60934	79534
60935	79535
60936	79538
60937	79538
60938	79539
60939	79540
60940	79540
60941	79541
60942	79541
60943	79542
60944	79543
60945	79544
60946	79544
60947	79544
60948	79544
60949	79544
60950	79545
60951	79546
60952	79546
60953	79547
60954	79548
60955	79548
60956	79549
60957	79550
60958	79551
60959	79552
60960	79555
60961	79556
60962	79559
60963	79559
60964	79560
60965	79561
60966	79562
60967	79563
60968	79564
60969	79564
60970	79566
60971	79567
60972	79567
60973	79569
60974	79572
60975	79573
60976	79573
60977	79573
60978	79573
60979	79573
60980	79573
60981	79573
60982	79574
60983	79574
60984	79575
60985	79576
60986	79577
60987	79580
60988	79580
60989	79580
60990	79581
60991	79582
60992	79582
60993	79582
60994	79584
60995	79585
60996	79586
60997	79587
60998	79589
60999	79590
61000	79593
61001	79594
61002	79595
61003	79595
61004	79595
61005	79595
61006	79596
61007	79597
61008	79600
61009	79601
61010	79602
61011	79605
61012	79606
61013	79606
61014	79606
61015	79606
61016	79607
61017	79608
61018	79609
61019	79609
61020	79609
61021	79610
61022	79610
61023	79611
61024	79612
61025	79615
61026	79616
61027	79617
61028	79618
61029	79618
61030	79619
61031	79622
61032	79622
61033	79625
61034	79625
61035	79626
61036	79627
61037	79628
61038	79628
61039	79628
61040	79629
61041	79630
61042	79630
61043	79630
61044	79630
61045	79630
61046	79631
61047	79634
61048	79635
61049	79636
61050	79637
61051	79639
61052	79640
61053	79641
61054	79641
61055	79643
61056	79644
61057	79645
61058	79646
61059	79647
61060	79648
61061	79648
61062	79649
61063	79649
61064	79649
61065	79650
61066	79651
61067	79651
61068	79652
61069	79653
61070	79654
61071	79655
61072	79657
61073	79658
61074	79658
61075	79659
61076	79659
61077	79660
61078	79661
61079	79664
61080	79664
61081	79665
61082	79666
61083	79666
61084	79667
61085	79669
61086	79670
61087	79671
61088	79674
61089	79675
61090	79676
61091	79679
61092	79680
61093	79683
61094	79683
61095	79683
61096	79684
61097	79684
61098	79684
61099	79685
61100	79685
61101	79686
61102	79688
61103	79689
61104	79690
61105	79691
61106	79692
61107	79695
61108	79695
61109	79695
61110	79696
61111	79697
61112	79698
61113	79698
61114	79698
61115	79699
61116	79700
61117	79701
61118	79702
61119	79705
61120	79706
61121	79707
61122	79708
61123	79709
61124	79710
61125	79711
61126	79711
61127	79712
61128	79713
61129	79713
61130	79715
61131	79716
61132	79717
61133	79719
61134	79722
61135	79723
61136	79723
61137	79725
61138	79726
61139	79727
61140	79728
61141	79728
61142	79728
61143	79729
61144	79729
61145	79729
61146	79730
61147	79731
61148	79731
61149	79732
61150	79733
61151	79734
61152	79735
61153	79735
61154	79736
61155	79737
61156	79738
61157	79739
61158	79739
61159	79740
61160	79741
61161	79741
61162	79743
61163	79744
61164	79744
61165	79744
61166	79744
61167	79745
61168	79746
61169	79746
61170	79747
61171	79750
61172	79751
61173	79752
61174	79755
61175	79756
61176	79758
61177	79759
61178	79760
61179	79761
61180	79761
61181	79761
61182	79761
61183	79761
61184	79762
61185	79762
61186	79763
61187	79764
61188	79764
61189	79765
61190	79766
61191	79766
61192	79767
61193	79767
61194	79768
61195	79768
61196	79769
61197	79772
61198	79773
61199	79773
61200	79774
61201	79775
61202	79776
61203	79777
61204	79778
61205	79779
61206	79780
61207	79781
61208	79781
61209	79783
61210	79784
61211	79784
61212	79787
61213	79788
61214	79788
61215	79789
61216	79789
61217	79792
61218	79792
61219	79793
61220	79794
61221	79795
61222	79795
61223	79796
61224	79797
61225	79797
61226	79800
61227	79803
61228	79804
61229	79804
61230	79804
61231	79807
61232	79810
61233	79811
61234	79811
61235	79814
61236	79814
61237	79815
61238	79816
61239	79816
61240	79819
61241	79819
61242	79820
61243	79821
61244	79822
61245	79823
61246	79825
61247	79825
61248	79826
61249	79826
61250	79827
61251	79828
61252	79829
61253	79829
61254	79830
61255	79831
61256	79833
61257	79834
61258	79835
61259	79836
61260	79837
61261	79840
61262	79841
61263	79841
61264	79842
61265	79842
61266	79843
61267	79843
61268	79846
61269	79847
61270	79847
61271	79847
61272	79848
61273	79849
61274	79850
61275	79851
61276	79854
61277	79855
61278	79856
61279	79857
61280	79858
61281	79859
61282	79860
61283	79861
61284	79862
61285	79862
61286	79862
61287	79864
61288	79864
61289	79865
61290	79866
61291	79866
61292	79866
61293	79868
61294	79869
61295	79871
61296	79872
61297	79872
61298	79874
61299	79876
61300	79876
61301	79876
61302	79877
61303	79877
61304	79877
61305	79878
61306	79878
61307	79879
61308	79879
61309	79881
61310	79882
61311	79885
61312	79886
61313	79889
61314	79890
61315	79893
61316	79894
61317	79895
61318	79896
61319	79896
61320	79896
61321	79897
61322	79898
61323	79898
61324	79899
61325	79900
61326	79901
61327	79902
61328	79902
61329	79903
61330	79905
61331	79905
61332	79906
61333	79907
61334	79908
61335	79908
61336	79909
61337	79910
61338	79910
61339	79910
61340	79910
61341	79910
61342	79911
61343	79912
61344	79913
61345	79914
61346	79915
61347	79916
61348	79917
61349	79918
61350	79918
61351	79919
61352	79920
61353	79921
61354	79921
61355	79922
61356	79922
61357	79922
61358	79923
61359	79925
61360	79926
61361	79927
61362	79928
61363	79929
61364	79931
61365	79932
61366	79933
61367	79933
61368	79934
61369	79937
61370	79938
61371	79938
61372	79939
61373	79941
61374	79941
61375	79942
61376	79943
61377	79944
61378	79945
61379	79946
61380	79947
61381	79947
61382	79949
61383	79949
61384	79950
61385	79951
61386	79951
61387	79953
61388	79954
61389	79955
61390	79956
61391	79956
61392	79957
61393	79958
61394	79959
61395	79960
61396	79963
61397	79964
61398	79965
61399	79968
61400	79969
61401	79970
61402	79973
61403	79976
61404	79977
61405	79979
61406	79979
61407	79980
61408	79981
61409	79982
61410	79982
61411	79984
61412	79985
61413	79986
61414	79986
61415	79987
61416	79988
61417	79989
61418	79989
61419	79990
61420	79991
61421	79992
61422	79993
61423	79994
61424	79995
61425	79996
61426	79997
61427	79998
61428	79999
61429	79999
61430	79999
61431	80000
61432	80001
61433	80003
61434	80003
61435	80004
61436	80006
61437	80007
61438	80010
61439	80011
61440	80013
61441	80014
61442	80015
61443	80016
61444	80018
61445	80019
61446	80020
61447	80020
61448	80021
61449	80022
61450	80023
61451	80024
61452	80025
61453	80027
61454	80028
61455	80028
61456	80028
61457	80029
61458	80029
61459	80030
61460	80031
61461	80032
61462	80034
61463	80035
61464	80036
61465	80037
61466	80039
61467	80040
61468	80040
61469	80041
61470	80041
61471	80042
61472	80043
61473	80044
61474	80044
61475	80044
61476	80045
61477	80045
61478	80046
61479	80047
61480	80048
61481	80048
61482	80048
61483	80048
61484	80049
61485	80050
61486	80051
61487	80054
61488	80055
61489	80058
61490	80059
61491	80059
61492	80060
61493	80061
61494	80062
61495	80062
61496	80063
61497	80063
61498	80064
61499	80065
61500	80066
61501	80066
61502	80067
61503	80068
61504	80071
61505	80072
61506	80074
61507	80075
61508	80075
61509	80075
61510	80075
61511	80076
61512	80076
61513	80077
61514	80077
61515	80077
61516	80078
61517	80079
61518	80080
61519	80083
61520	80084
61521	80085
61522	80086
61523	80087
61524	80087
61525	80088
61526	80091
61527	80092
61528	80093
61529	80096
61530	80097
61531	80098
61532	80099
61533	80099
61534	80099
61535	80100
61536	80100
61537	80101
61538	80104
61539	80105
61540	80105
61541	80106
61542	80107
61543	80108
61544	80109
61545	80109
61546	80110
61547	80111
61548	80112
61549	80112
61550	80114
61551	80115
61552	80116
61553	80116
61554	80119
61555	80122
61556	80123
61557	80124
61558	80125
61559	80125
61560	80125
61561	80125
61562	80126
61563	80127
61564	80128
61565	80128
61566	80131
61567	80131
61568	80132
61569	80133
61570	80134
61571	80135
61572	80136
61573	80137
61574	80138
61575	80140
61576	80141
61577	80142
61578	80143
61579	80143
61580	80144
61581	80145
61582	80145
61583	80148
61584	80149
61585	80150
61586	80153
61587	80153
61588	80155
61589	80156
61590	80159
61591	80160
61592	80161
61593	80162
61594	80163
61595	80163
61596	80164
61597	80164
61598	80164
61599	80165
61600	80166
61601	80166
61602	80167
61603	80169
61604	80170
61605	80172
61606	80172
61607	80173
61608	80176
61609	80176
61610	80176
61611	80178
61612	80178
61613	80179
61614	80179
61615	80182
61616	80182
61617	80183
61618	80183
61619	80184
61620	80184
61621	80184
61622	80186
61623	80187
61624	80188
61625	80188
61626	80188
61627	80188
61628	80188
61629	80188
61630	80190
61631	80191
61632	80192
61633	80192
61634	80194
61635	80194
61636	80195
61637	80197
61638	80197
61639	80198
61640	80201
61641	80204
61642	80204
61643	80204
61644	80206
61645	80207
61646	80208
61647	80211
61648	80212
61649	80212
61650	80213
61651	80214
61652	80214
61653	80215
61654	80217
61655	80218
61656	80219
61657	80219
61658	80219
61659	80220
61660	80221
61661	80221
61662	80221
61663	80222
61664	80223
61665	80224
61666	80227
61667	80228
61668	80229
61669	80229
61670	80230
61671	80230
61672	80230
61673	80231
61674	80232
61675	80233
61676	80234
61677	80234
61678	80235
61679	80238
61680	80239
61681	80239
61682	80239
61683	80241
61684	80242
61685	80243
61686	80244
61687	80245
61688	80246
61689	80248
61690	80249
61691	80249
61692	80251
61693	80253
61694	80254
61695	80254
61696	80255
61697	80256
61698	80257
61699	80257
61700	80258
61701	80259
61702	80259
61703	80261
61704	80262
61705	80263
61706	80265
61707	80266
61708	80267
61709	80268
61710	80268
61711	80268
61712	80269
61713	80269
61714	80269
61715	80270
61716	80271
61717	80272
61718	80274
61719	80275
61720	80276
61721	80278
61722	80281
61723	80282
61724	80283
61725	80284
61726	80285
61727	80286
61728	80287
61729	80288
61730	80289
61731	80289
61732	80290
61733	80290
61734	80290
61735	80291
61736	80291
61737	80292
61738	80293
61739	80294
61740	80295
61741	80296
61742	80297
61743	80300
61744	80301
61745	80302
61746	80302
61747	80302
61748	80303
61749	80304
61750	80305
61751	80307
61752	80308
61753	80308
61754	80310
61755	80311
61756	80312
61757	80312
61758	80312
61759	80312
61760	80313
61761	80314
61762	80314
61763	80314
61764	80317
61765	80318
61766	80319
61767	80321
61768	80322
61769	80323
61770	80323
61771	80323
61772	80324
61773	80325
61774	80326
61775	80326
61776	80328
61777	80329
61778	80329
61779	80330
61780	80331
61781	80332
61782	80335
61783	80336
61784	80336
61785	80338
61786	80339
61787	80340
61788	80341
61789	80341
61790	80342
61791	80342
61792	80342
61793	80342
61794	80342
61795	80343
61796	80344
61797	80344
61798	80344
61799	80344
61800	80344
61801	80345
61802	80347
61803	80347
61804	80350
61805	80351
61806	80351
61807	80352
61808	80355
61809	80356
61810	80357
61811	80358
61812	80358
61813	80359
61814	80360
61815	80360
61816	80362
61817	80363
61818	80364
61819	80365
61820	80365
61821	80366
61822	80367
61823	80368
61824	80369
61825	80370
61826	80370
61827	80371
61828	80374
61829	80375
61830	80376
61831	80379
61832	80380
61833	80381
61834	80382
61835	80382
61836	80382
61837	80383
61838	80384
61839	80385
61840	80386
61841	80387
61842	80388
61843	80389
61844	80391
61845	80391
61846	80391
61847	80392
61848	80393
61849	80394
61850	80395
61851	80396
61852	80397
61853	80398
61854	80399
61855	80399
61856	80399
61857	80400
61858	80400
61859	80401
61860	80404
61861	80406
61862	80406
61863	80406
61864	80406
61865	80409
61866	80410
61867	80411
61868	80412
61869	80413
61870	80413
61871	80413
61872	80415
61873	80416
61874	80417
61875	80417
61876	80417
61877	80420
61878	80421
61879	80422
61880	80423
61881	80424
61882	80424
61883	80425
61884	80426
61885	80427
61886	80427
61887	80428
61888	80428
61889	80428
61890	80429
61891	80431
61892	80432
61893	80433
61894	80435
61895	80435
61896	80436
61897	80436
61898	80437
61899	80437
61900	80438
61901	80440
61902	80443
61903	80443
61904	80444
61905	80444
61906	80444
61907	80445
61908	80448
61909	80448
61910	80449
61911	80450
61912	80452
61913	80453
61914	80454
61915	80454
61916	80454
61917	80455
61918	80455
61919	80456
61920	80456
61921	80457
61922	80458
61923	80458
61924	80458
61925	80459
61926	80460
61927	80461
61928	80463
61929	80464
61930	80464
61931	80464
61932	80464
61933	80464
61934	80464
61935	80464
61936	80465
61937	80465
61938	80466
61939	80467
61940	80469
61941	80470
61942	80471
61943	80472
61944	80473
61945	80474
61946	80476
61947	80476
61948	80476
61949	80477
61950	80479
61951	80479
61952	80480
61953	80483
61954	80484
61955	80487
61956	80487
61957	80487
61958	80487
61959	80487
61960	80487
61961	80488
61962	80489
61963	80490
61964	80491
61965	80491
61966	80494
61967	80494
61968	80495
61969	80496
61970	80497
61971	80498
61972	80499
61973	80500
61974	80501
61975	80502
61976	80502
61977	80503
61978	80506
61979	80507
61980	80510
61981	80511
61982	80512
61983	80515
61984	80515
61985	80516
61986	80516
61987	80517
61988	80519
61989	80519
61990	80520
61991	80521
61992	80521
61993	80522
61994	80523
61995	80523
61996	80526
61997	80527
61998	80530
61999	80531
62000	80532
62001	80532
62002	80532
62003	80534
62004	80535
62005	80536
62006	80536
62007	80537
62008	80538
62009	80539
62010	80540
62011	80541
62012	80542
62013	80543
62014	80544
62015	80545
62016	80545
62017	80545
62018	80545
62019	80548
62020	80549
62021	80550
62022	80551
62023	80551
62024	80551
62025	80552
62026	80554
62027	80557
62028	80558
62029	80559
62030	80562
62031	80563
62032	80566
62033	80566
62034	80567
62035	80568
62036	80569
62037	80569
62038	80570
62039	80570
62040	80571
62041	80573
62042	80573
62043	80574
62044	80575
62045	80576
62046	80577
62047	80579
62048	80581
62049	80582
62050	80582
62051	80582
62052	80583
62053	80584
62054	80585
62055	80585
62056	80586
62057	80587
62058	80588
62059	80588
62060	80589
62061	80590
62062	80590
62063	80592
62064	80592
62065	80592
62066	80593
62067	80594
62068	80595
62069	80596
62070	80597
62071	80600
62072	80601
62073	80602
62074	80602
62075	80603
62076	80604
62077	80606
62078	80606
62079	80609
62080	80610
62081	80613
62082	80614
62083	80615
62084	80616
62085	80617
62086	80617
62087	80618
62088	80620
62089	80621
62090	80624
62091	80625
62092	80625
62093	80625
62094	80626
62095	80626
62096	80626
62097	80627
62098	80628
62099	80629
62100	80629
62101	80629
62102	80630
62103	80631
62104	80633
62105	80634
62106	80635
62107	80635
62108	80638
62109	80639
62110	80640
62111	80643
62112	80644
62113	80645
62114	80646
62115	80646
62116	80649
62117	80649
62118	80650
62119	80651
62120	80652
62121	80653
62122	80654
62123	80657
62124	80658
62125	80658
62126	80659
62127	80659
62128	80660
62129	80660
62130	80661
62131	80661
62132	80662
62133	80663
62134	80664
62135	80664
62136	80666
62137	80667
62138	80669
62139	80670
62140	80671
62141	80672
62142	80673
62143	80673
62144	80674
62145	80674
62146	80677
62147	80679
62148	80680
62149	80680
62150	80681
62151	80682
62152	80682
62153	80683
62154	80686
62155	80687
62156	80688
62157	80689
62158	80690
62159	80690
62160	80691
62161	80692
62162	80693
62163	80694
62164	80695
62165	80696
62166	80696
62167	80697
62168	80698
62169	80700
62170	80701
62171	80702
62172	80703
62173	80703
62174	80704
62175	80706
62176	80706
62177	80707
62178	80708
62179	80709
62180	80710
62181	80710
62182	80710
62183	80713
62184	80714
62185	80714
62186	80714
62187	80714
62188	80714
62189	80714
62190	80715
62191	80716
62192	80716
62193	80717
62194	80717
62195	80718
62196	80719
62197	80722
62198	80723
62199	80724
62200	80724
62201	80725
62202	80725
62203	80727
62204	80728
62205	80729
62206	80730
62207	80731
62208	80731
62209	80732
62210	80732
62211	80733
62212	80733
62213	80733
62214	80733
62215	80733
62216	80733
62217	80733
62218	80733
62219	80734
62220	80735
62221	80735
62222	80735
62223	80736
62224	80739
62225	80740
62226	80740
62227	80740
62228	80741
62229	80742
62230	80742
62231	80743
62232	80744
62233	80745
62234	80746
62235	80747
62236	80750
62237	80751
62238	80753
62239	80753
62240	80755
62241	80755
62242	80756
62243	80756
62244	80757
62245	80758
62246	80759
62247	80760
62248	80761
62249	80764
62250	80765
62251	80766
62252	80768
62253	80769
62254	80769
62255	80770
62256	80771
62257	80772
62258	80773
62259	80774
62260	80775
62261	80777
62262	80778
62263	80781
62264	80781
62265	80782
62266	80783
62267	80783
62268	80783
62269	80783
62270	80784
62271	80785
62272	80786
62273	80786
62274	80786
62275	80786
62276	80788
62277	80790
62278	80793
62279	80794
62280	80794
62281	80796
62282	80797
62283	80797
62284	80800
62285	80801
62286	80803
62287	80804
62288	80805
62289	80806
62290	80806
62291	80806
62292	80806
62293	80808
62294	80811
62295	80812
62296	80812
62297	80812
62298	80813
62299	80814
62300	80814
62301	80815
62302	80816
62303	80818
62304	80819
62305	80819
62306	80819
62307	80820
62308	80821
62309	80823
62310	80823
62311	80823
62312	80824
62313	80825
62314	80826
62315	80827
62316	80827
62317	80828
62318	80829
62319	80830
62320	80831
62321	80832
62322	80834
62323	80835
62324	80836
62325	80836
62326	80837
62327	80839
62328	80840
62329	80841
62330	80842
62331	80843
62332	80844
62333	80845
62334	80845
62335	80848
62336	80849
62337	80849
62338	80850
62339	80851
62340	80852
62341	80852
62342	80853
62343	80854
62344	80855
62345	80856
62346	80857
62347	80858
62348	80860
62349	80861
62350	80862
62351	80863
62352	80864
62353	80864
62354	80864
62355	80865
62356	80866
62357	80867
62358	80868
62359	80869
62360	80870
62361	80873
62362	80874
62363	80874
62364	80876
62365	80877
62366	80877
62367	80877
62368	80878
62369	80879
62370	80880
62371	80881
62372	80881
62373	80882
62374	80883
62375	80885
62376	80888
62377	80889
62378	80891
62379	80891
62380	80891
62381	80893
62382	80893
62383	80896
62384	80897
62385	80898
62386	80899
62387	80899
62388	80900
62389	80900
62390	80902
62391	80904
62392	80905
62393	80906
62394	80907
62395	80907
62396	80908
62397	80909
62398	80912
62399	80912
62400	80913
62401	80914
62402	80914
62403	80915
62404	80915
62405	80915
62406	80916
62407	80918
62408	80919
62409	80920
62410	80920
62411	80921
62412	80922
62413	80924
62414	80925
62415	80926
62416	80929
62417	80930
62418	80930
62419	80930
62420	80931
62421	80934
62422	80935
62423	80935
62424	80935
62425	80936
62426	80937
62427	80938
62428	80941
62429	80941
62430	80941
62431	80942
62432	80943
62433	80943
62434	80943
62435	80945
62436	80946
62437	80947
62438	80948
62439	80950
62440	80951
62441	80954
62442	80955
62443	80956
62444	80956
62445	80956
62446	80957
62447	80957
62448	80957
62449	80958
62450	80959
62451	80960
62452	80961
62453	80962
62454	80965
62455	80966
62456	80969
62457	80969
62458	80970
62459	80971
62460	80971
62461	80972
62462	80974
62463	80975
62464	80976
62465	80976
62466	80979
62467	80980
62468	80980
62469	80982
62470	80982
62471	80982
62472	80982
62473	80982
62474	80982
62475	80985
62476	80986
62477	80987
62478	80988
62479	80991
62480	80992
62481	80993
62482	80993
62483	80993
62484	80993
62485	80994
62486	80995
62487	80996
62488	80996
62489	80997
62490	81000
62491	81001
62492	81002
62493	81002
62494	81003
62495	81003
62496	81004
62497	81005
62498	81006
62499	81008
62500	81008
62501	81008
62502	81009
62503	81009
62504	81010
62505	81010
62506	81010
62507	81011
62508	81012
62509	81012
62510	81015
62511	81015
62512	81015
62513	81015
62514	81017
62515	81018
62516	81019
62517	81020
62518	81021
62519	81021
62520	81022
62521	81023
62522	81024
62523	81027
62524	81028
62525	81029
62526	81030
62527	81032
62528	81033
62529	81034
62530	81034
62531	81034
62532	81034
62533	81035
62534	81036
62535	81036
62536	81037
62537	81038
62538	81039
62539	81041
62540	81042
62541	81043
62542	81043
62543	81043
62544	81044
62545	81044
62546	81044
62547	81045
62548	81047
62549	81048
62550	81050
62551	81051
62552	81051
62553	81051
62554	81052
62555	81052
62556	81052
62557	81053
62558	81054
62559	81056
62560	81056
62561	81057
62562	81057
62563	81058
62564	81059
62565	81060
62566	81063
62567	81063
62568	81066
62569	81066
62570	81067
62571	81070
62572	81071
62573	81071
62574	81072
62575	81073
62576	81073
62577	81074
62578	81075
62579	81075
62580	81076
62581	81077
62582	81078
62583	81079
62584	81079
62585	81079
62586	81082
62587	81083
62588	81084
62589	81087
62590	81090
62591	81091
62592	81091
62593	81094
62594	81095
62595	81095
62596	81096
62597	81097
62598	81098
62599	81101
62600	81101
62601	81104
62602	81105
62603	81105
62604	81107
62605	81108
62606	81111
62607	81111
62608	81112
62609	81114
62610	81115
62611	81116
62612	81116
62613	81117
62614	81118
62615	81118
62616	81119
62617	81119
62618	81120
62619	81120
62620	81121
62621	81122
62622	81122
62623	81123
62624	81124
62625	81125
62626	81126
62627	81127
62628	81128
62629	81130
62630	81130
62631	81132
62632	81132
62633	81132
62634	81133
62635	81133
62636	81135
62637	81136
62638	81139
62639	81139
62640	81139
62641	81140
62642	81141
62643	81143
62644	81143
62645	81144
62646	81147
62647	81147
62648	81148
62649	81149
62650	81151
62651	81151
62652	81153
62653	81153
62654	81153
62655	81155
62656	81156
62657	81157
62658	81158
62659	81159
62660	81160
62661	81160
62662	81161
62663	81164
62664	81165
62665	81165
62666	81165
62667	81168
62668	81168
62669	81168
62670	81169
62671	81172
62672	81172
62673	81172
62674	81172
62675	81172
62676	81172
62677	81175
62678	81176
62679	81177
62680	81178
62681	81179
62682	81180
62683	81182
62684	81182
62685	81182
62686	81183
62687	81184
62688	81187
62689	81187
62690	81187
62691	81187
62692	81188
62693	81189
62694	81190
62695	81191
62696	81192
62697	81192
62698	81192
62699	81193
62700	81194
62701	81195
62702	81196
62703	81197
62704	81198
62705	81198
62706	81200
62707	81201
62708	81202
62709	81203
62710	81205
62711	81206
62712	81206
62713	81207
62714	81208
62715	81209
62716	81210
62717	81211
62718	81212
62719	81214
62720	81215
62721	81216
62722	81216
62723	81217
62724	81218
62725	81218
62726	81218
62727	81218
62728	81218
62729	81219
62730	81219
62731	81220
62732	81223
62733	81224
62734	81224
62735	81225
62736	81225
62737	81226
62738	81226
62739	81227
62740	81228
62741	81230
62742	81231
62743	81232
62744	81235
62745	81236
62746	81237
62747	81240
62748	81241
62749	81244
62750	81244
62751	81245
62752	81245
62753	81246
62754	81246
62755	81246
62756	81246
62757	81247
62758	81249
62759	81250
62760	81253
62761	81253
62762	81253
62763	81254
62764	81255
62765	81256
62766	81257
62767	81258
62768	81259
62769	81259
62770	81259
62771	81260
62772	81261
62773	81262
62774	81263
62775	81266
62776	81266
62777	81267
62778	81268
62779	81268
62780	81269
62781	81269
62782	81270
62783	81271
62784	81272
62785	81274
62786	81275
62787	81275
62788	81276
62789	81278
62790	81281
62791	81282
62792	81283
62793	81284
62794	81285
62795	81286
62796	81286
62797	81287
62797
2.2946361
