1	1
2	5
3	7
4	8
5	10
6	13
7	15
8	16
9	18
10	21
11	23
12	24
13	25
14	26
15	28
16	31
17	33
18	34
19	36
20	39
21	41
22	42
23	44
24	47
25	49
26	50
27	51
28	52
29	54
30	57
31	59
32	60
33	62
34	65
35	67
36	68
37	70
38	73
39	75
40	76
41	77
42	78
43	79
44	80
45	82
46	83
47	85
48	86
49	88
50	91
51	93
52	94
53	96
54	99
55	101
56	102
57	104
58	106
59	108
60	109
61	111
62	112
63	114
64	117
65	119
66	120
67	122
68	125
69	127
70	128
71	130
72	132
73	134
74	135
75	137
76	138
77	140
78	143
79	145
80	146
81	148
82	151
83	153
84	154
85	156
86	157
87	159
88	160
89	162
90	163
91	165
92	166
93	168
94	171
95	173
96	174
97	176
98	179
99	181
100	182
101	184
102	187
103	189
104	190
105	191
106	192
107	194
108	197
109	199
110	200
111	202
112	205
113	207
114	208
115	210
116	213
117	215
118	216
119	217
120	218
121	220
122	223
123	225
124	226
125	228
126	231
127	233
128	234
129	236
130	239
131	241
132	242
133	243
134	244
135	245
136	246
137	248
138	249
139	251
140	252
141	254
142	257
143	259
144	260
145	262
146	265
147	267
148	268
149	270
150	272
151	274
152	275
153	277
154	278
155	280
156	283
157	285
158	286
159	288
160	291
161	293
162	294
163	296
164	298
165	300
166	301
167	303
168	304
169	306
170	309
171	311
172	312
173	314
174	317
175	319
176	320
177	322
178	323
179	325
180	326
181	328
182	329
183	331
184	332
185	334
186	337
187	339
188	340
189	342
190	345
191	347
192	348
193	350
194	353
195	355
196	356
197	357
198	358
199	360
200	363
201	365
202	366
203	368
204	371
205	373
206	374
207	376
208	379
209	381
210	382
211	383
212	384
213	386
214	389
215	391
216	392
217	394
218	397
219	399
220	400
221	402
222	405
223	407
224	408
225	409
226	410
227	411
228	412
229	414
230	415
231	417
232	418
233	420
234	423
235	425
236	426
237	428
238	431
239	433
240	434
241	436
242	438
243	440
244	441
245	443
246	444
247	446
248	449
249	451
250	452
251	454
252	457
253	459
254	460
255	462
256	464
257	466
258	467
259	469
260	470
261	472
262	475
263	477
264	478
265	480
266	483
267	485
268	486
269	488
270	489
271	491
272	492
273	494
274	495
275	497
276	498
277	500
278	503
279	505
280	506
281	508
282	511
283	513
284	514
285	516
286	519
287	521
288	522
289	523
290	524
291	526
292	529
293	531
294	532
295	534
296	537
297	539
298	540
299	542
300	545
301	547
302	548
303	549
304	550
305	552
306	555
307	557
308	558
309	560
310	563
311	565
312	566
313	568
314	571
315	573
316	574
317	575
318	576
319	577
320	578
321	580
322	581
323	583
324	584
325	586
326	589
327	591
328	592
329	594
330	597
331	599
332	600
333	602
334	604
335	606
336	607
337	609
338	610
339	612
340	615
341	617
342	618
343	620
344	623
345	625
346	626
347	628
348	630
349	632
350	633
351	635
352	636
353	638
354	641
355	643
356	644
357	646
358	649
359	651
360	652
361	654
362	655
363	657
364	658
365	660
366	661
367	663
368	664
369	666
370	669
371	671
372	672
373	674
374	677
375	679
376	680
377	682
378	685
379	687
380	688
381	689
382	690
383	692
384	695
385	697
386	698
387	700
388	703
389	705
390	706
391	708
392	711
393	713
394	714
395	715
396	716
397	718
398	721
399	723
400	724
401	726
402	729
403	731
404	732
405	734
406	737
407	739
408	740
409	741
410	742
411	743
412	744
413	746
414	747
415	749
416	750
417	752
418	755
419	757
420	758
421	760
422	763
423	765
424	766
425	768
426	770
427	772
428	773
429	775
430	776
431	778
432	781
433	783
434	784
435	786
436	789
437	791
438	792
439	794
440	796
441	798
442	799
443	801
444	802
445	804
446	807
447	809
448	810
449	812
450	815
451	817
452	818
453	820
454	821
455	823
456	824
457	826
458	827
459	829
460	830
461	832
462	835
463	837
464	838
465	840
466	843
467	845
468	846
469	848
470	851
471	853
472	854
473	855
474	856
475	858
476	861
477	863
478	864
479	866
480	869
481	871
482	872
483	874
484	877
485	879
486	880
487	881
488	882
489	884
490	887
491	889
492	890
493	892
494	895
495	897
496	898
497	900
498	903
499	905
500	906
501	907
502	908
503	909
504	910
505	912
506	913
507	915
508	916
509	918
510	921
511	923
512	924
513	926
514	929
515	931
516	932
517	934
518	936
519	938
520	939
521	941
522	942
523	944
524	947
525	949
526	950
527	952
528	955
529	957
530	958
531	960
532	962
533	964
534	965
535	967
536	968
537	970
538	973
539	975
540	976
541	978
542	981
543	983
544	984
545	986
546	987
547	989
548	990
549	992
550	993
551	995
552	996
553	997
554	998
555	1000
556	1003
557	1005
558	1006
559	1008
560	1011
561	1013
562	1014
563	1016
564	1019
565	1021
566	1022
567	1023
568	1024
569	1026
570	1029
571	1031
572	1032
573	1034
574	1037
575	1039
576	1040
577	1042
578	1045
579	1047
580	1048
581	1049
582	1050
583	1052
584	1055
585	1057
586	1058
587	1060
588	1063
589	1065
590	1066
591	1068
592	1071
593	1073
594	1074
595	1075
596	1075
597	1076
598	1078
599	1081
600	1083
601	1084
602	1086
603	1089
604	1091
605	1092
606	1094
607	1097
608	1099
609	1100
610	1101
611	1102
612	1104
613	1107
614	1109
615	1110
616	1112
617	1115
618	1117
619	1118
620	1120
621	1123
622	1125
623	1126
624	1127
625	1128
626	1130
627	1133
628	1135
629	1136
630	1138
631	1141
632	1143
633	1144
634	1146
635	1149
636	1151
637	1152
638	1153
639	1154
640	1155
641	1156
642	1158
643	1159
644	1161
645	1162
646	1164
647	1167
648	1169
649	1170
650	1172
651	1175
652	1177
653	1178
654	1180
655	1182
656	1184
657	1185
658	1187
659	1188
660	1190
661	1193
662	1195
663	1196
664	1198
665	1201
666	1203
667	1204
668	1206
669	1208
670	1210
671	1211
672	1213
673	1214
674	1216
675	1219
676	1221
677	1222
678	1224
679	1227
680	1229
681	1230
682	1232
683	1233
684	1235
685	1236
686	1238
687	1239
688	1241
689	1242
690	1244
691	1247
692	1249
693	1250
694	1252
695	1255
696	1257
697	1258
698	1260
699	1263
700	1265
701	1266
702	1267
703	1268
704	1270
705	1273
706	1275
707	1276
708	1278
709	1281
710	1283
711	1284
712	1286
713	1289
714	1291
715	1292
716	1293
717	1294
718	1296
719	1299
720	1301
721	1302
722	1304
723	1307
724	1309
725	1310
726	1312
727	1315
728	1317
729	1318
730	1319
731	1320
732	1321
733	1322
734	1324
735	1325
736	1327
737	1328
738	1330
739	1333
740	1335
741	1336
742	1338
743	1341
744	1343
745	1344
746	1346
747	1348
748	1350
749	1351
750	1353
751	1354
752	1356
753	1359
754	1361
755	1362
756	1364
757	1367
758	1369
759	1370
760	1372
761	1374
762	1376
763	1377
764	1379
765	1380
766	1382
767	1385
768	1387
769	1388
770	1390
771	1393
772	1395
773	1396
774	1398
775	1399
776	1401
777	1402
778	1404
779	1405
780	1407
781	1408
782	1410
783	1413
784	1415
785	1416
786	1418
787	1421
788	1423
789	1424
790	1426
791	1429
792	1431
793	1432
794	1433
795	1434
796	1436
797	1439
798	1441
799	1442
800	1444
801	1447
802	1449
803	1450
804	1452
805	1455
806	1457
807	1458
808	1459
809	1460
810	1462
811	1465
812	1467
813	1468
814	1470
815	1473
816	1475
817	1476
818	1478
819	1481
820	1483
821	1484
822	1485
823	1486
824	1487
825	1488
826	1490
827	1491
828	1493
829	1494
830	1496
831	1499
832	1501
833	1502
834	1504
835	1507
836	1509
837	1510
838	1512
839	1514
840	1516
841	1517
842	1519
843	1520
844	1522
845	1525
846	1527
847	1528
848	1530
849	1533
850	1535
851	1536
852	1538
853	1540
854	1542
855	1543
856	1545
857	1546
858	1548
859	1551
860	1553
861	1554
862	1556
863	1559
864	1561
865	1562
866	1564
867	1565
868	1567
869	1568
870	1570
871	1571
872	1573
873	1574
874	1576
875	1579
876	1581
877	1582
878	1584
879	1587
880	1589
881	1590
882	1592
883	1595
884	1597
885	1598
886	1599
887	1600
888	1602
889	1605
890	1607
891	1608
892	1610
893	1613
894	1615
895	1616
896	1618
897	1621
898	1623
899	1624
900	1625
901	1626
902	1628
903	1631
904	1633
905	1634
906	1636
907	1639
908	1641
909	1642
910	1644
911	1647
912	1649
913	1650
914	1651
915	1652
916	1653
917	1654
918	1656
919	1657
920	1659
921	1660
922	1662
923	1665
924	1667
925	1668
926	1670
927	1673
928	1675
929	1676
930	1678
931	1680
932	1682
933	1683
934	1685
935	1686
936	1688
937	1691
938	1693
939	1694
940	1696
941	1699
942	1701
943	1702
944	1704
945	1706
946	1708
947	1709
948	1711
949	1712
950	1714
951	1717
952	1719
953	1720
954	1722
955	1725
956	1727
957	1728
958	1730
959	1731
960	1733
961	1734
962	1736
963	1737
964	1739
965	1740
966	1742
967	1745
968	1747
969	1748
970	1750
971	1753
972	1755
973	1756
974	1758
975	1761
976	1763
977	1764
978	1765
979	1766
980	1768
981	1771
982	1773
983	1774
984	1776
985	1779
986	1781
987	1782
988	1784
989	1787
990	1789
991	1790
992	1791
993	1792
994	1794
995	1797
996	1799
997	1800
998	1802
999	1805
1000	1807
1001	1808
1002	1810
1003	1813
1004	1815
1005	1816
1006	1817
1007	1818
1008	1819
1009	1820
1010	1822
1011	1823
1012	1825
1013	1826
1014	1828
1015	1831
1016	1833
1017	1834
1018	1836
1019	1839
1020	1841
1021	1842
1022	1844
1023	1846
1024	1848
1025	1849
1026	1851
1027	1852
1028	1854
1029	1857
1030	1859
1031	1860
1032	1862
1033	1865
1034	1867
1035	1868
1036	1870
1037	1872
1038	1874
1039	1875
1040	1877
1041	1878
1042	1880
1043	1883
1044	1885
1045	1886
1046	1888
1047	1891
1048	1893
1049	1894
1050	1896
1051	1897
1052	1899
1053	1899
1054	1900
1055	1902
1056	1903
1057	1905
1058	1906
1059	1908
1060	1911
1061	1913
1062	1914
1063	1916
1064	1919
1065	1921
1066	1922
1067	1924
1068	1926
1069	1928
1070	1929
1071	1931
1072	1932
1073	1934
1074	1937
1075	1939
1076	1940
1077	1942
1078	1945
1079	1947
1080	1948
1081	1950
1082	1952
1083	1954
1084	1955
1085	1957
1086	1958
1087	1960
1088	1963
1089	1965
1090	1966
1091	1968
1092	1971
1093	1973
1094	1974
1095	1976
1096	1977
1097	1979
1098	1980
1099	1982
1100	1983
1101	1985
1102	1986
1103	1988
1104	1991
1105	1993
1106	1994
1107	1996
1108	1999
1109	2001
1110	2002
1111	2004
1112	2007
1113	2009
1114	2010
1115	2011
1116	2012
1117	2014
1118	2017
1119	2019
1120	2020
1121	2022
1122	2025
1123	2027
1124	2028
1125	2030
1126	2033
1127	2035
1128	2036
1129	2037
1130	2038
1131	2040
1132	2043
1133	2045
1134	2046
1135	2048
1136	2051
1137	2053
1138	2054
1139	2056
1140	2059
1141	2061
1142	2062
1143	2063
1144	2064
1145	2065
1146	2066
1147	2068
1148	2069
1149	2071
1150	2072
1151	2074
1152	2077
1153	2079
1154	2080
1155	2082
1156	2085
1157	2087
1158	2088
1159	2090
1160	2092
1161	2094
1162	2095
1163	2097
1164	2098
1165	2100
1166	2103
1167	2105
1168	2106
1169	2108
1170	2111
1171	2113
1172	2114
1173	2116
1174	2118
1175	2120
1176	2121
1177	2123
1178	2124
1179	2126
1180	2129
1181	2131
1182	2132
1183	2134
1184	2137
1185	2139
1186	2140
1187	2142
1188	2143
1189	2145
1190	2145
1191	2146
1192	2148
1193	2149
1194	2151
1195	2152
1196	2154
1197	2157
1198	2159
1199	2160
1200	2162
1201	2165
1202	2167
1203	2168
1204	2170
1205	2172
1206	2174
1207	2175
1208	2177
1209	2178
1210	2180
1211	2183
1212	2185
1213	2186
1214	2188
1215	2191
1216	2193
1217	2194
1218	2196
1219	2198
1220	2200
1221	2201
1222	2203
1223	2204
1224	2206
1225	2209
1226	2211
1227	2212
1228	2214
1229	2217
1230	2219
1231	2220
1232	2222
1233	2223
1234	2225
1235	2226
1236	2228
1237	2229
1238	2231
1239	2232
1240	2233
1241	2234
1242	2236
1243	2239
1244	2241
1245	2242
1246	2244
1247	2247
1248	2249
1249	2250
1250	2252
1251	2255
1252	2257
1253	2258
1254	2259
1255	2260
1256	2262
1257	2265
1258	2267
1259	2268
1260	2270
1261	2273
1262	2275
1263	2276
1264	2278
1265	2281
1266	2283
1267	2284
1268	2285
1269	2286
1270	2288
1271	2291
1272	2293
1273	2294
1274	2296
1275	2299
1276	2301
1277	2302
1278	2304
1279	2307
1280	2309
1281	2310
1282	2311
1283	2311
1284	2312
1285	2314
1286	2317
1287	2319
1288	2320
1289	2322
1290	2325
1291	2327
1292	2328
1293	2330
1294	2333
1295	2335
1296	2336
1297	2337
1298	2338
1299	2340
1300	2343
1301	2345
1302	2346
1303	2348
1304	2351
1305	2353
1306	2354
1307	2356
1308	2359
1309	2361
1310	2362
1311	2363
1312	2364
1313	2366
1314	2369
1315	2371
1316	2372
1317	2374
1318	2377
1319	2379
1320	2380
1321	2382
1322	2385
1323	2387
1324	2388
1325	2389
1326	2390
1327	2391
1328	2392
1329	2394
1330	2395
1331	2397
1332	2398
1333	2400
1334	2403
1335	2405
1336	2406
1337	2408
1338	2411
1339	2413
1340	2414
1341	2416
1342	2418
1343	2420
1344	2421
1345	2423
1346	2424
1347	2426
1348	2429
1349	2431
1350	2432
1351	2434
1352	2437
1353	2439
1354	2440
1355	2442
1356	2444
1357	2446
1358	2447
1359	2449
1360	2450
1361	2452
1362	2455
1363	2457
1364	2458
1365	2460
1366	2463
1367	2465
1368	2466
1369	2468
1370	2469
1371	2471
1372	2472
1373	2474
1374	2475
1375	2477
1376	2478
1377	2480
1378	2483
1379	2485
1380	2486
1381	2488
1382	2491
1383	2493
1384	2494
1385	2496
1386	2499
1387	2501
1388	2502
1389	2503
1390	2504
1391	2506
1392	2509
1393	2511
1394	2512
1395	2514
1396	2517
1397	2519
1398	2520
1399	2522
1400	2525
1401	2527
1402	2528
1403	2529
1404	2530
1405	2532
1406	2535
1407	2537
1408	2538
1409	2540
1410	2543
1411	2545
1412	2546
1413	2548
1414	2551
1415	2553
1416	2554
1417	2555
1418	2556
1419	2557
1420	2558
1421	2560
1422	2561
1423	2563
1424	2564
1425	2566
1426	2569
1427	2571
1428	2572
1429	2574
1430	2577
1431	2579
1432	2580
1433	2582
1434	2584
1435	2586
1436	2587
1437	2589
1438	2590
1439	2592
1440	2595
1441	2597
1442	2598
1443	2600
1444	2603
1445	2605
1446	2606
1447	2608
1448	2610
1449	2612
1450	2613
1451	2615
1452	2616
1453	2618
1454	2621
1455	2623
1456	2624
1457	2626
1458	2629
1459	2631
1460	2632
1461	2634
1462	2635
1463	2637
1464	2638
1465	2640
1466	2641
1467	2643
1468	2644
1469	2646
1470	2649
1471	2651
1472	2652
1473	2654
1474	2657
1475	2659
1476	2660
1477	2662
1478	2665
1479	2667
1480	2668
1481	2669
1482	2670
1483	2672
1484	2675
1485	2677
1486	2678
1487	2680
1488	2683
1489	2685
1490	2686
1491	2688
1492	2691
1493	2693
1494	2694
1495	2695
1496	2696
1497	2698
1498	2701
1499	2703
1500	2704
1501	2706
1502	2709
1503	2711
1504	2712
1505	2714
1506	2717
1507	2719
1508	2720
1509	2721
1510	2722
1511	2723
1512	2724
1513	2726
1514	2727
1515	2729
1516	2730
1517	2732
1518	2735
1519	2737
1520	2738
1521	2740
1522	2743
1523	2745
1524	2746
1525	2748
1526	2750
1527	2752
1528	2753
1529	2755
1530	2756
1531	2758
1532	2761
1533	2763
1534	2764
1535	2766
1536	2769
1537	2771
1538	2772
1539	2774
1540	2776
1541	2778
1542	2779
1543	2781
1544	2782
1545	2784
1546	2787
1547	2789
1548	2790
1549	2792
1550	2795
1551	2797
1552	2798
1553	2800
1554	2801
1555	2803
1556	2804
1557	2806
1558	2807
1559	2809
1560	2810
1561	2812
1562	2815
1563	2817
1564	2818
1565	2820
1566	2823
1567	2825
1568	2826
1569	2828
1570	2831
1571	2833
1572	2834
1573	2835
1574	2836
1575	2838
1576	2841
1577	2843
1578	2844
1579	2846
1580	2849
1581	2851
1582	2852
1583	2854
1584	2857
1585	2859
1586	2860
1587	2861
1588	2862
1589	2864
1590	2867
1591	2869
1592	2870
1593	2872
1594	2875
1595	2877
1596	2878
1597	2880
1598	2883
1599	2885
1600	2886
1601	2887
1602	2888
1603	2889
1604	2890
1605	2892
1606	2893
1607	2895
1608	2896
1609	2898
1610	2901
1611	2903
1612	2904
1613	2906
1614	2909
1615	2911
1616	2912
1617	2914
1618	2916
1619	2918
1620	2919
1621	2921
1622	2922
1623	2924
1624	2927
1625	2929
1626	2930
1627	2932
1628	2935
1629	2937
1630	2938
1631	2940
1632	2942
1633	2944
1634	2945
1635	2947
1636	2948
1637	2950
1638	2953
1639	2955
1640	2956
1641	2958
1642	2961
1643	2963
1644	2964
1645	2966
1646	2967
1647	2969
1648	2970
1649	2972
1650	2973
1651	2975
1652	2976
1653	2978
1654	2981
1655	2983
1656	2984
1657	2986
1658	2989
1659	2991
1660	2992
1661	2994
1662	2997
1663	2999
1664	3000
1665	3001
1666	3002
1667	3004
1668	3007
1669	3009
1670	3010
1671	3012
1672	3015
1673	3017
1674	3018
1675	3020
1676	3023
1677	3025
1678	3026
1679	3027
1680	3028
1681	3030
1682	3033
1683	3035
1684	3036
1685	3038
1686	3041
1687	3043
1688	3044
1689	3046
1690	3049
1691	3051
1692	3052
1693	3053
1694	3054
1695	3055
1696	3056
1697	3058
1698	3059
1699	3061
1700	3062
1701	3064
1702	3067
1703	3069
1704	3070
1705	3072
1706	3075
1707	3077
1708	3078
1709	3080
1710	3082
1711	3084
1712	3085
1713	3087
1714	3088
1715	3090
1716	3093
1717	3095
1718	3096
1719	3098
1720	3101
1721	3103
1722	3104
1723	3106
1724	3108
1725	3110
1726	3111
1727	3113
1728	3114
1729	3116
1730	3119
1731	3121
1732	3122
1733	3124
1734	3127
1735	3129
1736	3130
1737	3132
1738	3133
1739	3135
1740	3136
1741	3138
1742	3139
1743	3141
1744	3142
1745	3144
1746	3147
1747	3149
1748	3150
1749	3152
1750	3155
1751	3157
1752	3158
1753	3160
1754	3163
1755	3165
1756	3166
1757	3167
1758	3168
1759	3170
1760	3173
1761	3175
1762	3176
1763	3178
1764	3181
1765	3183
1766	3184
1767	3186
1768	3189
1769	3191
1770	3192
1771	3193
1772	3194
1773	3196
1774	3199
1775	3201
1776	3202
1777	3204
1778	3207
1779	3209
1780	3210
1781	3212
1782	3215
1783	3217
1784	3218
1785	3219
1786	3220
1787	3221
1788	3222
1789	3223
1790	3224
1791	3226
1792	3227
1793	3229
1794	3232
1795	3234
1796	3235
1797	3237
1798	3240
1799	3242
1800	3243
1801	3245
1802	3247
1803	3249
1804	3250
1805	3252
1806	3253
1807	3255
1808	3258
1809	3260
1810	3261
1811	3263
1812	3266
1813	3268
1814	3269
1815	3271
1816	3273
1817	3275
1818	3275
1819	3275
1820	3277
1821	3278
1822	3280
1823	3281
1824	3283
1825	3284
1826	3286
1827	3289
1828	3291
1829	3292
1830	3294
1831	3297
1832	3299
1833	3300
1834	3302
1835	3305
1836	3307
1837	3308
1838	3309
1839	3310
1840	3312
1841	3315
1842	3317
1843	3318
1844	3320
1845	3323
1846	3325
1847	3326
1848	3328
1849	3331
1850	3333
1851	3334
1852	3335
1853	3336
1854	3338
1855	3341
1856	3343
1857	3344
1858	3346
1859	3349
1860	3351
1861	3352
1862	3354
1863	3357
1864	3359
1865	3360
1866	3361
1867	3362
1868	3363
1869	3364
1870	3366
1871	3367
1872	3369
1873	3370
1874	3372
1875	3375
1876	3377
1877	3378
1878	3380
1879	3383
1880	3385
1881	3386
1882	3388
1883	3390
1884	3392
1885	3393
1886	3395
1887	3396
1888	3398
1889	3401
1890	3403
1891	3404
1892	3406
1893	3409
1894	3411
1895	3412
1896	3414
1897	3416
1898	3418
1899	3419
1900	3421
1901	3422
1902	3424
1903	3427
1904	3429
1905	3430
1906	3432
1907	3435
1908	3437
1909	3438
1910	3440
1911	3441
1912	3443
1913	3444
1914	3446
1915	3447
1916	3449
1917	3450
1918	3451
1919	3452
1920	3454
1921	3457
1922	3459
1923	3460
1924	3462
1925	3465
1926	3467
1927	3468
1928	3470
1929	3473
1930	3475
1931	3476
1932	3477
1933	3478
1934	3480
1935	3483
1936	3485
1937	3486
1938	3488
1939	3491
1940	3493
1941	3494
1942	3496
1943	3499
1944	3501
1945	3502
1946	3503
1947	3504
1948	3506
1949	3509
1950	3511
1951	3512
1952	3514
1953	3517
1954	3519
1955	3520
1956	3522
1957	3525
1958	3527
1959	3528
1960	3529
1961	3529
1962	3530
1963	3532
1964	3535
1965	3537
1966	3538
1967	3540
1968	3543
1969	3545
1970	3546
1971	3548
1972	3551
1973	3553
1974	3554
1975	3555
1976	3556
1977	3558
1978	3561
1979	3563
1980	3564
1981	3566
1982	3569
1983	3571
1984	3572
1985	3574
1986	3577
1987	3579
1988	3580
1989	3581
1990	3582
1991	3584
1992	3587
1993	3589
1994	3590
1995	3592
1996	3595
1997	3597
1998	3598
1999	3600
2000	3603
2001	3605
2002	3606
2003	3607
2004	3608
2005	3609
2006	3610
2007	3612
2008	3613
2009	3615
2010	3616
2011	3618
2012	3621
2013	3623
2014	3624
2015	3626
2016	3629
2017	3631
2018	3632
2019	3634
2020	3636
2021	3638
2022	3639
2023	3641
2024	3642
2025	3644
2026	3647
2027	3649
2028	3650
2029	3652
2030	3655
2031	3657
2032	3658
2033	3660
2034	3662
2035	3664
2036	3665
2037	3667
2038	3668
2039	3670
2040	3673
2041	3675
2042	3676
2043	3678
2044	3681
2045	3683
2046	3684
2047	3686
2048	3687
2049	3689
2050	3690
2051	3692
2052	3693
2053	3695
2054	3696
2055	3698
2056	3701
2057	3703
2058	3704
2059	3706
2060	3709
2061	3711
2062	3712
2063	3714
2064	3717
2065	3719
2066	3720
2067	3721
2068	3722
2069	3724
2070	3727
2071	3729
2072	3730
2073	3732
2074	3735
2075	3737
2076	3738
2077	3740
2078	3743
2079	3745
2080	3746
2081	3747
2082	3748
2083	3750
2084	3753
2085	3755
2086	3756
2087	3758
2088	3761
2089	3763
2090	3764
2091	3766
2092	3769
2093	3771
2094	3772
2095	3773
2096	3774
2097	3775
2098	3776
2099	3778
2100	3779
2101	3781
2102	3782
2103	3784
2104	3787
2105	3789
2106	3790
2107	3792
2108	3795
2109	3797
2110	3798
2111	3800
2112	3802
2113	3804
2114	3805
2115	3807
2116	3808
2117	3810
2118	3813
2119	3815
2120	3816
2121	3818
2122	3821
2123	3823
2124	3824
2125	3826
2126	3828
2127	3830
2128	3831
2129	3833
2130	3834
2131	3836
2132	3839
2133	3841
2134	3842
2135	3844
2136	3847
2137	3849
2138	3850
2139	3852
2140	3853
2141	3855
2142	3856
2143	3858
2144	3859
2145	3861
2146	3862
2147	3864
2148	3867
2149	3869
2150	3870
2151	3872
2152	3875
2153	3877
2154	3878
2155	3880
2156	3883
2157	3885
2158	3886
2159	3887
2160	3888
2161	3890
2162	3893
2163	3895
2164	3896
2165	3898
2166	3901
2167	3903
2168	3904
2169	3906
2170	3909
2171	3911
2172	3912
2173	3913
2174	3914
2175	3916
2176	3919
2177	3921
2178	3922
2179	3924
2180	3927
2181	3929
2182	3930
2183	3932
2184	3935
2185	3937
2186	3938
2187	3939
2188	3940
2189	3941
2190	3942
2191	3944
2192	3945
2193	3947
2194	3948
2195	3950
2196	3953
2197	3955
2198	3956
2199	3958
2200	3961
2201	3963
2202	3964
2203	3966
2204	3968
2205	3970
2206	3971
2207	3973
2208	3974
2209	3976
2210	3979
2211	3981
2212	3982
2213	3984
2214	3987
2215	3989
2216	3990
2217	3992
2218	3994
2219	3996
2220	3997
2221	3999
2222	4000
2223	4002
2224	4005
2225	4007
2226	4008
2227	4010
2228	4013
2229	4015
2230	4016
2231	4018
2232	4019
2233	4021
2234	4022
2235	4024
2236	4025
2237	4027
2238	4028
2239	4030
2240	4033
2241	4035
2242	4036
2243	4038
2244	4041
2245	4043
2246	4044
2247	4046
2248	4049
2249	4051
2250	4052
2251	4053
2252	4054
2253	4056
2254	4059
2255	4061
2256	4062
2257	4064
2258	4067
2259	4069
2260	4070
2261	4072
2262	4075
2263	4077
2264	4078
2265	4079
2266	4080
2267	4082
2268	4085
2269	4087
2270	4088
2271	4090
2272	4093
2273	4095
2274	4096
2275	4098
2276	4101
2277	4103
2278	4104
2279	4105
2280	4106
2281	4107
2282	4108
2283	4110
2284	4111
2285	4113
2286	4114
2287	4116
2288	4119
2289	4121
2290	4122
2291	4124
2292	4127
2293	4129
2294	4130
2295	4132
2296	4134
2297	4136
2298	4137
2299	4139
2300	4140
2301	4142
2302	4145
2303	4147
2304	4148
2305	4150
2306	4153
2307	4155
2308	4156
2309	4158
2310	4160
2311	4162
2312	4163
2313	4165
2314	4166
2315	4168
2316	4171
2317	4173
2318	4174
2319	4176
2320	4179
2321	4181
2322	4182
2323	4184
2324	4185
2325	4187
2326	4188
2327	4190
2328	4191
2329	4193
2330	4194
2331	4196
2332	4199
2333	4201
2334	4202
2335	4204
2336	4207
2337	4209
2338	4210
2339	4212
2340	4215
2341	4217
2342	4218
2343	4219
2344	4220
2345	4222
2346	4225
2347	4227
2348	4228
2349	4230
2350	4233
2351	4235
2352	4236
2353	4238
2354	4241
2355	4243
2356	4244
2357	4245
2358	4246
2359	4248
2360	4251
2361	4253
2362	4254
2363	4256
2364	4259
2365	4261
2366	4262
2367	4264
2368	4267
2369	4269
2370	4270
2371	4271
2372	4272
2373	4273
2374	4274
2375	4276
2376	4277
2377	4279
2378	4280
2379	4282
2380	4285
2381	4287
2382	4288
2383	4290
2384	4293
2385	4295
2386	4296
2387	4298
2388	4300
2389	4302
2390	4303
2391	4305
2392	4306
2393	4308
2394	4311
2395	4313
2396	4314
2397	4316
2398	4319
2399	4321
2400	4322
2401	4324
2402	4326
2403	4328
2404	4329
2405	4331
2406	4332
2407	4334
2408	4337
2409	4339
2410	4340
2411	4342
2412	4345
2413	4347
2414	4348
2415	4350
2416	4351
2417	4353
2418	4354
2419	4356
2420	4357
2421	4359
2422	4360
2423	4361
2424	4362
2425	4363
2426	4364
2427	4366
2428	4367
2429	4369
2430	4370
2431	4372
2432	4375
2433	4377
2434	4378
2435	4380
2436	4383
2437	4385
2438	4386
2439	4388
2440	4391
2441	4393
2442	4394
2443	4395
2444	4396
2445	4398
2446	4401
2447	4403
2448	4404
2449	4406
2450	4409
2451	4411
2452	4412
2453	4414
2454	4417
2455	4419
2456	4420
2457	4421
2458	4422
2459	4424
2460	4427
2461	4429
2462	4430
2463	4432
2464	4435
2465	4437
2466	4438
2467	4440
2468	4443
2469	4445
2470	4446
2471	4447
2472	4448
2473	4449
2474	4450
2475	4452
2476	4453
2477	4455
2478	4456
2479	4458
2480	4461
2481	4463
2482	4464
2483	4466
2484	4469
2485	4471
2486	4472
2487	4474
2488	4476
2489	4478
2490	4479
2491	4481
2492	4482
2493	4484
2494	4487
2495	4489
2496	4490
2497	4492
2498	4495
2499	4497
2500	4498
2501	4500
2502	4502
2503	4504
2504	4505
2505	4507
2506	4508
2507	4510
2508	4513
2509	4515
2510	4516
2511	4518
2512	4521
2513	4523
2514	4524
2515	4526
2516	4527
2517	4529
2518	4530
2519	4532
2520	4533
2521	4535
2522	4536
2523	4538
2524	4541
2525	4543
2526	4544
2527	4546
2528	4549
2529	4551
2530	4552
2531	4554
2532	4557
2533	4559
2534	4560
2535	4561
2536	4562
2537	4564
2538	4567
2539	4569
2540	4570
2541	4572
2542	4575
2543	4577
2544	4578
2545	4580
2546	4583
2547	4585
2548	4586
2549	4587
2550	4588
2551	4590
2552	4593
2553	4595
2554	4596
2555	4598
2556	4601
2557	4603
2558	4604
2559	4606
2560	4609
2561	4611
2562	4612
2563	4613
2564	4614
2565	4615
2566	4616
2567	4618
2568	4619
2569	4621
2570	4622
2571	4624
2572	4627
2573	4629
2574	4630
2575	4632
2576	4635
2577	4637
2578	4638
2579	4640
2580	4642
2581	4644
2582	4644
2583	4645
2584	4647
2585	4650
2586	4652
2587	4653
2588	4655
2589	4658
2590	4660
2591	4661
2592	4663
2593	4666
2594	4668
2595	4669
2596	4670
2597	4671
2598	4673
2599	4676
2600	4678
2601	4679
2602	4681
2603	4684
2604	4686
2605	4687
2606	4689
2607	4692
2608	4694
2609	4695
2610	4696
2611	4697
2612	4699
2613	4702
2614	4704
2615	4705
2616	4707
2617	4710
2618	4712
2619	4713
2620	4715
2621	4718
2622	4720
2623	4721
2624	4722
2625	4722
2626	4723
2627	4725
2628	4728
2629	4730
2630	4731
2631	4733
2632	4736
2633	4738
2634	4739
2635	4741
2636	4744
2637	4746
2638	4747
2639	4748
2640	4749
2641	4751
2642	4754
2643	4756
2644	4757
2645	4759
2646	4762
2647	4764
2648	4765
2649	4767
2650	4770
2651	4772
2652	4773
2653	4774
2654	4775
2655	4777
2656	4780
2657	4782
2658	4783
2659	4785
2660	4788
2661	4790
2662	4791
2663	4793
2664	4796
2665	4798
2666	4799
2667	4800
2668	4801
2669	4802
2670	4803
2671	4805
2672	4806
2673	4808
2674	4809
2675	4811
2676	4814
2677	4816
2678	4817
2679	4819
2680	4822
2681	4824
2682	4825
2683	4827
2684	4829
2685	4831
2686	4832
2687	4834
2688	4835
2689	4837
2690	4840
2691	4842
2692	4843
2693	4845
2694	4848
2695	4850
2696	4851
2697	4853
2698	4855
2699	4857
2700	4858
2701	4860
2702	4861
2703	4863
2704	4866
2705	4868
2706	4869
2707	4871
2708	4874
2709	4876
2710	4877
2711	4879
2712	4880
2713	4882
2714	4883
2715	4885
2716	4886
2717	4888
2718	4889
2719	4891
2720	4894
2721	4896
2722	4897
2723	4899
2724	4902
2725	4904
2726	4905
2727	4907
2728	4910
2729	4912
2730	4913
2731	4914
2732	4915
2733	4917
2734	4920
2735	4922
2736	4923
2737	4925
2738	4928
2739	4930
2740	4931
2741	4933
2742	4936
2743	4938
2744	4939
2745	4940
2746	4941
2747	4943
2748	4946
2749	4948
2750	4949
2751	4951
2752	4954
2753	4956
2754	4957
2755	4959
2756	4962
2757	4964
2758	4965
2759	4966
2760	4967
2761	4968
2762	4969
2763	4971
2764	4972
2765	4974
2766	4975
2767	4977
2768	4980
2769	4982
2770	4983
2771	4985
2772	4988
2773	4990
2774	4991
2775	4993
2776	4995
2777	4997
2778	4998
2779	5000
2780	5001
2781	5003
2782	5006
2783	5008
2784	5009
2785	5011
2786	5014
2787	5016
2788	5017
2789	5019
2790	5021
2791	5023
2792	5024
2793	5026
2794	5027
2795	5029
2796	5032
2797	5034
2798	5035
2799	5037
2800	5040
2801	5042
2802	5043
2803	5045
2804	5046
2805	5048
2806	5049
2807	5051
2808	5052
2809	5054
2810	5055
2811	5057
2812	5060
2813	5062
2814	5063
2815	5065
2816	5068
2817	5070
2818	5071
2819	5073
2820	5076
2821	5078
2822	5079
2823	5080
2824	5081
2825	5083
2826	5086
2827	5088
2828	5089
2829	5091
2830	5094
2831	5096
2832	5097
2833	5099
2834	5102
2835	5104
2836	5105
2837	5106
2838	5107
2839	5109
2840	5112
2841	5114
2842	5115
2843	5117
2844	5120
2845	5122
2846	5123
2847	5125
2848	5128
2849	5130
2850	5131
2851	5132
2852	5133
2853	5134
2854	5135
2855	5137
2856	5138
2857	5140
2858	5141
2859	5143
2860	5146
2861	5148
2862	5149
2863	5151
2864	5154
2865	5156
2866	5157
2867	5159
2868	5161
2869	5163
2870	5164
2871	5166
2872	5167
2873	5169
2874	5172
2875	5174
2876	5175
2877	5177
2878	5180
2879	5182
2880	5183
2881	5185
2882	5187
2883	5189
2884	5190
2885	5192
2886	5193
2887	5195
2888	5198
2889	5200
2890	5201
2891	5203
2892	5206
2893	5208
2894	5209
2895	5211
2896	5212
2897	5214
2898	5215
2899	5217
2900	5218
2901	5220
2902	5221
2903	5223
2904	5226
2905	5228
2906	5229
2907	5231
2908	5234
2909	5236
2910	5237
2911	5239
2912	5242
2913	5244
2914	5245
2915	5246
2916	5247
2917	5249
2918	5252
2919	5254
2920	5255
2921	5257
2922	5260
2923	5262
2924	5263
2925	5265
2926	5268
2927	5270
2928	5271
2929	5272
2930	5273
2931	5275
2932	5278
2933	5280
2934	5281
2935	5283
2936	5286
2937	5288
2938	5289
2939	5291
2940	5294
2941	5296
2942	5297
2943	5298
2944	5299
2945	5300
2946	5301
2947	5303
2948	5304
2949	5306
2950	5307
2951	5309
2952	5312
2953	5314
2954	5315
2955	5317
2956	5320
2957	5322
2958	5323
2959	5325
2960	5327
2961	5329
2962	5330
2963	5332
2964	5333
2965	5335
2966	5338
2967	5340
2968	5341
2969	5343
2970	5346
2971	5348
2972	5349
2973	5351
2974	5353
2975	5355
2976	5356
2977	5358
2978	5359
2979	5361
2980	5364
2981	5366
2982	5367
2983	5369
2984	5372
2985	5374
2986	5375
2987	5377
2988	5378
2989	5380
2990	5381
2991	5383
2992	5384
2993	5386
2994	5387
2995	5389
2996	5392
2997	5394
2998	5395
2999	5397
3000	5400
3001	5402
3002	5403
3003	5405
3004	5408
3005	5410
3006	5411
3007	5412
3008	5413
3009	5415
3010	5418
3011	5420
3012	5421
3013	5423
3014	5426
3015	5428
3016	5429
3017	5431
3018	5434
3019	5436
3020	5437
3021	5438
3022	5439
3023	5441
3024	5444
3025	5446
3026	5447
3027	5449
3028	5452
3029	5454
3030	5455
3031	5457
3032	5460
3033	5462
3034	5463
3035	5464
3036	5465
3037	5466
3038	5467
3039	5469
3040	5470
3041	5472
3042	5473
3043	5475
3044	5478
3045	5480
3046	5481
3047	5483
3048	5486
3049	5488
3050	5489
3051	5491
3052	5493
3053	5495
3054	5496
3055	5498
3056	5499
3057	5501
3058	5504
3059	5506
3060	5507
3061	5509
3062	5512
3063	5514
3064	5515
3065	5517
3066	5519
3067	5521
3068	5522
3069	5524
3070	5525
3071	5527
3072	5530
3073	5532
3074	5533
3075	5535
3076	5538
3077	5540
3078	5541
3079	5543
3080	5544
3081	5546
3082	5547
3083	5549
3084	5550
3085	5552
3086	5553
3087	5555
3088	5558
3089	5560
3090	5561
3091	5563
3092	5566
3093	5568
3094	5569
3095	5571
3096	5574
3097	5576
3098	5577
3099	5578
3100	5579
3101	5581
3102	5584
3103	5586
3104	5587
3105	5589
3106	5592
3107	5594
3108	5595
3109	5597
3110	5600
3111	5602
3112	5603
3113	5604
3114	5605
3115	5607
3116	5610
3117	5612
3118	5613
3119	5615
3120	5618
3121	5620
3122	5621
3123	5623
3124	5626
3125	5628
3126	5629
3127	5630
3128	5631
3129	5632
3130	5633
3131	5634
3132	5635
3133	5637
3134	5638
3135	5640
3136	5643
3137	5645
3138	5646
3139	5648
3140	5651
3141	5653
3142	5654
3143	5656
3144	5658
3145	5660
3146	5661
3147	5663
3148	5664
3149	5666
3150	5669
3151	5671
3152	5672
3153	5674
3154	5677
3155	5679
3156	5680
3157	5682
3158	5684
3159	5686
3160	5686
3161	5687
3162	5689
3163	5692
3164	5694
3165	5695
3166	5697
3167	5700
3168	5702
3169	5703
3170	5705
3171	5708
3172	5710
3173	5711
3174	5712
3175	5713
3176	5715
3177	5718
3178	5720
3179	5721
3180	5723
3181	5726
3182	5728
3183	5729
3184	5731
3185	5734
3186	5736
3187	5737
3188	5738
3189	5739
3190	5741
3191	5744
3192	5746
3193	5747
3194	5749
3195	5752
3196	5754
3197	5755
3198	5757
3199	5760
3200	5762
3201	5763
3202	5764
3203	5764
3204	5765
3205	5767
3206	5770
3207	5772
3208	5773
3209	5775
3210	5778
3211	5780
3212	5781
3213	5783
3214	5786
3215	5788
3216	5789
3217	5790
3218	5791
3219	5793
3220	5796
3221	5798
3222	5799
3223	5801
3224	5804
3225	5806
3226	5807
3227	5809
3228	5812
3229	5814
3230	5815
3231	5816
3232	5817
3233	5819
3234	5822
3235	5824
3236	5825
3237	5827
3238	5830
3239	5832
3240	5833
3241	5835
3242	5838
3243	5840
3244	5841
3245	5842
3246	5843
3247	5844
3248	5845
3249	5847
3250	5848
3251	5850
3252	5851
3253	5853
3254	5856
3255	5858
3256	5859
3257	5861
3258	5864
3259	5866
3260	5867
3261	5869
3262	5871
3263	5873
3264	5874
3265	5876
3266	5877
3267	5879
3268	5882
3269	5884
3270	5885
3271	5887
3272	5890
3273	5892
3274	5893
3275	5895
3276	5897
3277	5899
3278	5900
3279	5902
3280	5903
3281	5905
3282	5908
3283	5910
3284	5911
3285	5913
3286	5916
3287	5918
3288	5919
3289	5921
3290	5922
3291	5924
3292	5925
3293	5927
3294	5928
3295	5930
3296	5931
3297	5933
3298	5936
3299	5938
3300	5939
3301	5941
3302	5944
3303	5946
3304	5947
3305	5949
3306	5952
3307	5954
3308	5955
3309	5956
3310	5957
3311	5959
3312	5962
3313	5964
3314	5965
3315	5967
3316	5970
3317	5972
3318	5973
3319	5975
3320	5978
3321	5980
3322	5981
3323	5982
3324	5983
3325	5985
3326	5988
3327	5990
3328	5991
3329	5993
3330	5996
3331	5998
3332	5999
3333	6001
3334	6004
3335	6006
3336	6007
3337	6008
3338	6009
3339	6010
3340	6011
3341	6013
3342	6014
3343	6016
3344	6017
3345	6019
3346	6022
3347	6024
3348	6025
3349	6027
3350	6030
3351	6032
3352	6033
3353	6035
3354	6037
3355	6039
3356	6040
3357	6042
3358	6043
3359	6045
3360	6048
3361	6050
3362	6051
3363	6053
3364	6056
3365	6058
3366	6059
3367	6061
3368	6063
3369	6065
3370	6066
3371	6068
3372	6069
3373	6071
3374	6074
3375	6076
3376	6077
3377	6079
3378	6082
3379	6084
3380	6085
3381	6087
3382	6088
3383	6090
3384	6091
3385	6093
3386	6094
3387	6096
3388	6097
3389	6099
3390	6102
3391	6104
3392	6105
3393	6107
3394	6110
3395	6112
3396	6113
3397	6115
3398	6118
3399	6120
3400	6121
3401	6122
3402	6123
3403	6125
3404	6128
3405	6130
3406	6131
3407	6133
3408	6136
3409	6138
3410	6139
3411	6141
3412	6144
3413	6146
3414	6147
3415	6148
3416	6149
3417	6151
3418	6154
3419	6156
3420	6157
3421	6159
3422	6162
3423	6164
3424	6165
3425	6167
3426	6170
3427	6172
3428	6173
3429	6174
3430	6175
3431	6176
3432	6177
3433	6179
3434	6180
3435	6182
3436	6183
3437	6185
3438	6188
3439	6190
3440	6191
3441	6193
3442	6196
3443	6198
3444	6199
3445	6201
3446	6203
3447	6205
3448	6206
3449	6208
3450	6209
3451	6211
3452	6214
3453	6216
3454	6217
3455	6219
3456	6222
3457	6224
3458	6225
3459	6227
3460	6229
3461	6231
3462	6232
3463	6234
3464	6235
3465	6237
3466	6240
3467	6242
3468	6243
3469	6245
3470	6248
3471	6250
3472	6251
3473	6253
3474	6254
3475	6256
3476	6257
3477	6259
3478	6260
3479	6262
3480	6263
3481	6265
3482	6268
3483	6270
3484	6271
3485	6273
3486	6276
3487	6278
3488	6279
3489	6281
3490	6284
3491	6286
3492	6287
3493	6288
3494	6289
3495	6291
3496	6294
3497	6296
3498	6297
3499	6299
3500	6302
3501	6304
3502	6305
3503	6307
3504	6310
3505	6312
3506	6313
3507	6314
3508	6315
3509	6317
3510	6320
3511	6322
3512	6323
3513	6325
3514	6328
3515	6330
3516	6331
3517	6333
3518	6336
3519	6338
3520	6339
3521	6340
3522	6341
3523	6342
3524	6343
3525	6345
3526	6346
3527	6348
3528	6349
3529	6351
3530	6354
3531	6356
3532	6357
3533	6359
3534	6362
3535	6364
3536	6365
3537	6367
3538	6369
3539	6371
3540	6372
3541	6374
3542	6375
3543	6377
3544	6380
3545	6382
3546	6383
3547	6385
3548	6388
3549	6390
3550	6391
3551	6393
3552	6395
3553	6397
3554	6398
3555	6400
3556	6401
3557	6403
3558	6406
3559	6408
3560	6409
3561	6411
3562	6414
3563	6416
3564	6417
3565	6419
3566	6420
3567	6422
3568	6423
3569	6425
3570	6426
3571	6428
3572	6429
3573	6431
3574	6434
3575	6436
3576	6437
3577	6439
3578	6442
3579	6444
3580	6445
3581	6447
3582	6450
3583	6452
3584	6453
3585	6454
3586	6455
3587	6457
3588	6460
3589	6462
3590	6463
3591	6465
3592	6468
3593	6470
3594	6471
3595	6473
3596	6476
3597	6478
3598	6479
3599	6480
3600	6481
3601	6483
3602	6486
3603	6488
3604	6489
3605	6491
3606	6494
3607	6496
3608	6497
3609	6499
3610	6502
3611	6504
3612	6505
3613	6506
3614	6507
3615	6508
3616	6509
3617	6511
3618	6512
3619	6514
3620	6515
3621	6517
3622	6520
3623	6522
3624	6523
3625	6525
3626	6528
3627	6530
3628	6531
3629	6533
3630	6535
3631	6537
3632	6538
3633	6540
3634	6541
3635	6543
3636	6546
3637	6548
3638	6549
3639	6551
3640	6554
3641	6556
3642	6557
3643	6559
3644	6561
3645	6563
3646	6564
3647	6566
3648	6567
3649	6569
3650	6572
3651	6574
3652	6575
3653	6577
3654	6580
3655	6582
3656	6583
3657	6585
3658	6586
3659	6588
3660	6589
3661	6591
3662	6592
3663	6594
3664	6595
3665	6597
3666	6600
3667	6602
3668	6603
3669	6605
3670	6608
3671	6610
3672	6611
3673	6613
3674	6616
3675	6618
3676	6619
3677	6620
3678	6621
3679	6623
3680	6626
3681	6628
3682	6629
3683	6631
3684	6634
3685	6636
3686	6637
3687	6639
3688	6642
3689	6644
3690	6645
3691	6646
3692	6647
3693	6649
3694	6652
3695	6654
3696	6655
3697	6657
3698	6660
3699	6662
3700	6663
3701	6665
3702	6668
3703	6670
3704	6671
3705	6672
3706	6673
3707	6674
3708	6675
3709	6676
3710	6677
3711	6679
3712	6680
3713	6682
3714	6685
3715	6687
3716	6688
3717	6690
3718	6693
3719	6695
3720	6696
3721	6698
3722	6700
3723	6702
3724	6703
3725	6705
3726	6706
3727	6708
3728	6711
3729	6713
3730	6714
3731	6716
3732	6719
3733	6721
3734	6722
3735	6724
3736	6726
3737	6728
3738	6728
3739	6729
3740	6731
3741	6734
3742	6736
3743	6737
3744	6739
3745	6742
3746	6744
3747	6745
3748	6747
3749	6750
3750	6752
3751	6753
3752	6754
3753	6755
3754	6757
3755	6760
3756	6762
3757	6763
3758	6765
3759	6768
3760	6770
3761	6771
3762	6773
3763	6776
3764	6778
3765	6779
3766	6780
3767	6781
3768	6783
3769	6786
3770	6788
3771	6789
3772	6791
3773	6794
3774	6796
3775	6797
3776	6799
3777	6802
3778	6804
3779	6805
3780	6806
3781	6806
3782	6807
3783	6809
3784	6812
3785	6814
3786	6815
3787	6817
3788	6820
3789	6822
3790	6823
3791	6825
3792	6828
3793	6830
3794	6831
3795	6832
3796	6833
3797	6835
3798	6838
3799	6840
3800	6841
3801	6843
3802	6846
3803	6848
3804	6849
3805	6851
3806	6854
3807	6856
3808	6857
3809	6858
3810	6859
3811	6861
3812	6864
3813	6866
3814	6867
3815	6869
3816	6872
3817	6874
3818	6875
3819	6877
3820	6880
3821	6882
3822	6883
3823	6884
3824	6885
3825	6886
3826	6887
3827	6889
3828	6890
3829	6892
3830	6893
3831	6895
3832	6898
3833	6900
3834	6901
3835	6903
3836	6906
3837	6908
3838	6909
3839	6911
3840	6913
3841	6915
3842	6916
3843	6918
3844	6919
3845	6921
3846	6924
3847	6926
3848	6927
3849	6929
3850	6932
3851	6934
3852	6935
3853	6937
3854	6939
3855	6941
3856	6942
3857	6944
3858	6945
3859	6947
3860	6950
3861	6952
3862	6953
3863	6955
3864	6958
3865	6960
3866	6961
3867	6963
3868	6964
3869	6966
3870	6967
3871	6969
3872	6970
3873	6972
3874	6973
3875	6975
3876	6978
3877	6980
3878	6981
3879	6983
3880	6986
3881	6988
3882	6989
3883	6991
3884	6994
3885	6996
3886	6997
3887	6998
3888	6999
3889	7001
3890	7004
3891	7006
3892	7007
3893	7009
3894	7012
3895	7014
3896	7015
3897	7017
3898	7020
3899	7022
3900	7023
3901	7024
3902	7025
3903	7027
3904	7030
3905	7032
3906	7033
3907	7035
3908	7038
3909	7040
3910	7041
3911	7043
3912	7046
3913	7048
3914	7049
3915	7050
3916	7051
3917	7052
3918	7053
3919	7055
3920	7056
3921	7058
3922	7059
3923	7061
3924	7064
3925	7066
3926	7067
3927	7069
3928	7072
3929	7074
3930	7075
3931	7077
3932	7079
3933	7081
3934	7082
3935	7084
3936	7085
3937	7087
3938	7090
3939	7092
3940	7093
3941	7095
3942	7098
3943	7100
3944	7101
3945	7103
3946	7105
3947	7107
3948	7108
3949	7110
3950	7111
3951	7113
3952	7116
3953	7118
3954	7119
3955	7121
3956	7124
3957	7126
3958	7127
3959	7129
3960	7130
3961	7132
3962	7133
3963	7135
3964	7136
3965	7138
3966	7139
3967	7141
3968	7144
3969	7146
3970	7147
3971	7149
3972	7152
3973	7154
3974	7155
3975	7157
3976	7160
3977	7162
3978	7163
3979	7164
3980	7165
3981	7167
3982	7170
3983	7172
3984	7173
3985	7175
3986	7178
3987	7180
3988	7181
3989	7183
3990	7186
3991	7188
3992	7189
3993	7190
3994	7191
3995	7193
3996	7196
3997	7198
3998	7199
3999	7201
4000	7204
4001	7206
4002	7207
4003	7209
4004	7212
4005	7214
4006	7215
4007	7216
4008	7217
4009	7218
4010	7219
4011	7221
4012	7222
4013	7224
4014	7225
4015	7227
4016	7230
4017	7232
4018	7233
4019	7235
4020	7238
4021	7240
4022	7241
4023	7243
4024	7245
4025	7247
4026	7248
4027	7250
4028	7251
4029	7253
4030	7256
4031	7258
4032	7259
4033	7261
4034	7264
4035	7266
4036	7267
4037	7269
4038	7271
4039	7273
4040	7274
4041	7276
4042	7277
4043	7279
4044	7282
4045	7284
4046	7285
4047	7287
4048	7290
4049	7292
4050	7293
4051	7295
4052	7296
4053	7298
4054	7299
4055	7301
4056	7302
4057	7304
4058	7305
4059	7307
4060	7310
4061	7312
4062	7313
4063	7315
4064	7318
4065	7320
4066	7321
4067	7323
4068	7326
4069	7328
4070	7329
4071	7330
4072	7331
4073	7333
4074	7336
4075	7338
4076	7339
4077	7341
4078	7344
4079	7346
4080	7347
4081	7349
4082	7352
4083	7354
4084	7355
4085	7356
4086	7357
4087	7359
4088	7362
4089	7364
4090	7365
4091	7367
4092	7370
4093	7372
4094	7373
4095	7375
4096	7378
4097	7380
4098	7381
4099	7382
4100	7383
4101	7384
4102	7385
4103	7387
4104	7388
4105	7390
4106	7391
4107	7393
4108	7396
4109	7398
4110	7399
4111	7401
4112	7404
4113	7406
4114	7407
4115	7409
4116	7411
4117	7413
4118	7414
4119	7416
4120	7417
4121	7419
4122	7422
4123	7424
4124	7425
4125	7427
4126	7430
4127	7432
4128	7433
4129	7435
4130	7437
4131	7439
4132	7440
4133	7442
4134	7443
4135	7445
4136	7448
4137	7450
4138	7451
4139	7453
4140	7456
4141	7458
4142	7459
4143	7461
4144	7462
4145	7464
4146	7465
4147	7467
4148	7468
4149	7470
4150	7471
4151	7473
4152	7476
4153	7478
4154	7479
4155	7481
4156	7484
4157	7486
4158	7487
4159	7489
4160	7492
4161	7494
4162	7495
4163	7496
4164	7497
4165	7499
4166	7502
4167	7504
4168	7505
4169	7507
4170	7510
4171	7512
4172	7513
4173	7515
4174	7518
4175	7520
4176	7521
4177	7522
4178	7523
4179	7525
4180	7528
4181	7530
4182	7531
4183	7533
4184	7536
4185	7538
4186	7539
4187	7541
4188	7544
4189	7546
4190	7547
4191	7548
4192	7549
4193	7550
4194	7551
4195	7553
4196	7554
4197	7556
4198	7557
4199	7559
4200	7562
4201	7564
4202	7565
4203	7567
4204	7570
4205	7572
4206	7573
4207	7575
4208	7577
4209	7579
4210	7580
4211	7582
4212	7583
4213	7585
4214	7588
4215	7590
4216	7591
4217	7593
4218	7596
4219	7598
4220	7599
4221	7601
4222	7603
4223	7605
4224	7606
4225	7608
4226	7609
4227	7611
4228	7614
4229	7616
4230	7617
4231	7619
4232	7622
4233	7624
4234	7625
4235	7627
4236	7628
4237	7630
4238	7631
4239	7633
4240	7634
4241	7636
4242	7637
4243	7639
4244	7642
4245	7644
4246	7645
4247	7647
4248	7650
4249	7652
4250	7653
4251	7655
4252	7658
4253	7660
4254	7661
4255	7662
4256	7663
4257	7665
4258	7668
4259	7670
4260	7671
4261	7673
4262	7676
4263	7678
4264	7679
4265	7681
4266	7684
4267	7686
4268	7687
4269	7688
4270	7689
4271	7691
4272	7694
4273	7696
4274	7697
4275	7699
4276	7702
4277	7704
4278	7705
4279	7707
4280	7710
4281	7712
4282	7713
4283	7714
4284	7715
4285	7716
4286	7717
4287	7718
4288	7719
4289	7721
4290	7722
4291	7724
4292	7727
4293	7729
4294	7730
4295	7732
4296	7735
4297	7737
4298	7738
4299	7740
4300	7742
4301	7744
4302	7745
4303	7747
4304	7748
4305	7750
4306	7753
4307	7755
4308	7756
4309	7758
4310	7761
4311	7763
4312	7764
4313	7766
4314	7768
4315	7770
4316	7770
4317	7771
4318	7773
4319	7776
4320	7778
4321	7779
4322	7781
4323	7784
4324	7786
4325	7787
4326	7789
4327	7792
4328	7794
4329	7795
4330	7796
4331	7797
4332	7799
4333	7802
4334	7804
4335	7805
4336	7807
4337	7810
4338	7812
4339	7813
4340	7815
4341	7818
4342	7820
4343	7821
4344	7822
4345	7823
4346	7825
4347	7828
4348	7830
4349	7831
4350	7833
4351	7836
4352	7838
4353	7839
4354	7841
4355	7844
4356	7846
4357	7847
4358	7848
4359	7848
4360	7849
4361	7851
4362	7854
4363	7856
4364	7857
4365	7859
4366	7862
4367	7864
4368	7865
4369	7867
4370	7870
4371	7872
4372	7873
4373	7874
4374	7875
4375	7877
4376	7880
4377	7882
4378	7883
4379	7885
4380	7888
4381	7890
4382	7891
4383	7893
4384	7896
4385	7898
4386	7899
4387	7900
4388	7901
4389	7903
4390	7906
4391	7908
4392	7909
4393	7911
4394	7914
4395	7916
4396	7917
4397	7919
4398	7922
4399	7924
4400	7925
4401	7926
4402	7927
4403	7928
4404	7929
4405	7931
4406	7932
4407	7934
4408	7935
4409	7937
4410	7940
4411	7942
4412	7943
4413	7945
4414	7948
4415	7950
4416	7951
4417	7953
4418	7955
4419	7957
4420	7958
4421	7960
4422	7961
4423	7963
4424	7966
4425	7968
4426	7969
4427	7971
4428	7974
4429	7976
4430	7977
4431	7979
4432	7981
4433	7983
4434	7984
4435	7986
4436	7987
4437	7989
4438	7992
4439	7994
4440	7995
4441	7997
4442	8000
4443	8002
4444	8003
4445	8005
4446	8006
4447	8008
4448	8008
4449	8009
4450	8011
4451	8011
4452	8014
4453	8016
4454	8017
4455	8019
4456	8022
4457	8024
4458	8025
4459	8027
4460	8030
4461	8032
4462	8033
4463	8034
4464	8035
4465	8037
4466	8040
4467	8042
4468	8043
4469	8045
4470	8048
4471	8050
4472	8051
4473	8053
4474	8056
4475	8058
4476	8059
4477	8060
4478	8061
4479	8063
4480	8066
4481	8068
4482	8069
4483	8071
4484	8074
4485	8076
4486	8077
4487	8079
4488	8082
4489	8084
4490	8085
4491	8086
4492	8087
4493	8088
4494	8088
4495	8089
4496	8091
4497	8094
4498	8096
4499	8097
4500	8099
4501	8102
4502	8104
4503	8105
4504	8107
4505	8110
4506	8112
4507	8113
4508	8114
4509	8115
4510	8117
4511	8120
4512	8122
4513	8123
4514	8125
4515	8128
4516	8130
4517	8131
4518	8133
4519	8136
4520	8138
4521	8139
4522	8140
4523	8141
4524	8142
4525	8143
4526	8144
4527	8145
4528	8147
4529	8148
4530	8150
4531	8153
4532	8155
4533	8156
4534	8158
4535	8161
4536	8163
4537	8164
4538	8166
4539	8168
4540	8170
4541	8171
4542	8173
4543	8174
4544	8176
4545	8179
4546	8181
4547	8182
4548	8184
4549	8187
4550	8189
4551	8190
4552	8192
4553	8194
4554	8196
4555	8196
4556	8197
4557	8199
4558	8202
4559	8204
4560	8205
4561	8207
4562	8210
4563	8212
4564	8213
4565	8215
4566	8218
4567	8220
4568	8221
4569	8222
4570	8223
4571	8225
4572	8228
4573	8230
4574	8231
4575	8233
4576	8236
4577	8238
4578	8239
4579	8241
4580	8244
4581	8246
4582	8247
4583	8248
4584	8249
4585	8251
4586	8254
4587	8256
4588	8257
4589	8259
4590	8262
4591	8264
4592	8265
4593	8267
4594	8270
4595	8272
4596	8273
4597	8274
4598	8274
4599	8275
4600	8277
4601	8280
4602	8282
4603	8283
4604	8285
4605	8288
4606	8290
4607	8291
4608	8293
4609	8296
4610	8298
4611	8299
4612	8300
4613	8301
4614	8303
4615	8306
4616	8308
4617	8309
4618	8311
4619	8314
4620	8316
4621	8317
4622	8319
4623	8322
4624	8324
4625	8325
4626	8326
4627	8327
4628	8329
4629	8332
4630	8334
4631	8335
4632	8337
4633	8340
4634	8342
4635	8343
4636	8345
4637	8348
4638	8350
4639	8351
4640	8352
4641	8353
4642	8354
4643	8355
4644	8357
4645	8358
4646	8360
4647	8361
4648	8363
4649	8366
4650	8368
4651	8369
4652	8371
4653	8374
4654	8376
4655	8377
4656	8379
4657	8381
4658	8383
4659	8384
4660	8386
4661	8387
4662	8389
4663	8392
4664	8394
4665	8395
4666	8397
4667	8400
4668	8402
4669	8403
4670	8405
4671	8407
4672	8409
4673	8410
4674	8412
4675	8413
4676	8415
4677	8418
4678	8420
4679	8421
4680	8423
4681	8426
4682	8428
4683	8429
4684	8431
4685	8432
4686	8434
4687	8435
4688	8437
4689	8438
4690	8440
4691	8441
4692	8443
4693	8446
4694	8448
4695	8449
4696	8451
4697	8454
4698	8456
4699	8457
4700	8459
4701	8462
4702	8464
4703	8465
4704	8466
4705	8467
4706	8469
4707	8472
4708	8474
4709	8475
4710	8477
4711	8480
4712	8482
4713	8483
4714	8485
4715	8488
4716	8490
4717	8491
4718	8492
4719	8493
4720	8495
4721	8498
4722	8500
4723	8501
4724	8503
4725	8506
4726	8508
4727	8509
4728	8511
4729	8514
4730	8516
4731	8517
4732	8518
4733	8519
4734	8520
4735	8521
4736	8523
4737	8524
4738	8526
4739	8527
4740	8529
4741	8532
4742	8534
4743	8535
4744	8537
4745	8540
4746	8542
4747	8543
4748	8545
4749	8547
4750	8549
4751	8550
4752	8552
4753	8553
4754	8555
4755	8558
4756	8560
4757	8561
4758	8563
4759	8566
4760	8568
4761	8569
4762	8571
4763	8573
4764	8575
4765	8576
4766	8578
4767	8579
4768	8581
4769	8584
4770	8586
4771	8587
4772	8589
4773	8592
4774	8594
4775	8595
4776	8597
4777	8598
4778	8600
4779	8601
4780	8603
4781	8604
4782	8606
4783	8607
4784	8609
4785	8612
4786	8614
4787	8615
4788	8617
4789	8620
4790	8622
4791	8623
4792	8625
4793	8628
4794	8630
4795	8631
4796	8632
4797	8633
4798	8635
4799	8638
4800	8640
4801	8641
4802	8643
4803	8646
4804	8648
4805	8649
4806	8651
4807	8654
4808	8656
4809	8657
4810	8658
4811	8659
4812	8661
4813	8664
4814	8666
4815	8667
4816	8669
4817	8671
4818	8673
4819	8674
4820	8676
4821	8677
4822	8679
4823	8682
4824	8684
4825	8685
4826	8687
4827	8690
4828	8692
4829	8693
4830	8695
4831	8697
4832	8699
4833	8699
4834	8700
4835	8702
4836	8705
4837	8707
4838	8708
4839	8710
4840	8713
4841	8715
4842	8716
4843	8718
4844	8721
4845	8723
4846	8724
4847	8725
4848	8726
4849	8728
4850	8731
4851	8733
4852	8734
4853	8736
4854	8739
4855	8741
4856	8742
4857	8744
4858	8747
4859	8749
4860	8750
4861	8751
4862	8752
4863	8754
4864	8757
4865	8759
4866	8760
4867	8762
4868	8765
4869	8767
4870	8768
4871	8770
4872	8773
4873	8775
4874	8776
4875	8777
4876	8777
4877	8778
4878	8780
4879	8782
4880	8784
4881	8785
4882	8787
4883	8788
4884	8790
4885	8793
4886	8795
4887	8796
4888	8798
4889	8801
4890	8803
4891	8804
4892	8806
4893	8809
4894	8811
4895	8812
4896	8813
4897	8814
4898	8816
4899	8819
4900	8821
4901	8822
4902	8824
4903	8827
4904	8829
4905	8830
4906	8832
4907	8835
4908	8837
4909	8838
4910	8839
4911	8840
4912	8842
4913	8845
4914	8847
4915	8848
4916	8850
4917	8853
4918	8855
4919	8856
4920	8858
4921	8861
4922	8863
4923	8864
4924	8865
4925	8866
4926	8867
4927	8868
4928	8870
4929	8871
4930	8873
4931	8874
4932	8876
4933	8879
4934	8881
4935	8882
4936	8884
4937	8887
4938	8889
4939	8890
4940	8892
4941	8894
4942	8896
4943	8897
4944	8899
4945	8900
4946	8902
4947	8905
4948	8907
4949	8908
4950	8910
4951	8913
4952	8915
4953	8916
4954	8918
4955	8920
4956	8922
4957	8923
4958	8925
4959	8926
4960	8928
4961	8931
4962	8933
4963	8934
4964	8936
4965	8939
4966	8941
4967	8942
4968	8944
4969	8945
4970	8947
4971	8947
4972	8948
4973	8950
4974	8951
4975	8953
4976	8954
4977	8956
4978	8959
4979	8961
4980	8962
4981	8964
4982	8967
4983	8969
4984	8970
4985	8972
4986	8974
4987	8976
4988	8977
4989	8979
4990	8980
4991	8982
4992	8985
4993	8987
4994	8988
4995	8990
4996	8993
4997	8995
4998	8996
4999	8998
5000	9000
5001	9002
5002	9003
5003	9005
5004	9006
5005	9008
5006	9011
5007	9013
5008	9014
5009	9016
5010	9019
5011	9021
5012	9022
5013	9024
5014	9025
5015	9027
5016	9028
5017	9030
5018	9031
5019	9033
5020	9034
5021	9036
5022	9039
5023	9041
5024	9042
5025	9044
5026	9047
5027	9049
5028	9050
5029	9052
5030	9055
5031	9057
5032	9058
5033	9059
5034	9060
5035	9062
5036	9065
5037	9067
5038	9068
5039	9070
5040	9073
5041	9075
5042	9076
5043	9078
5044	9081
5045	9083
5046	9084
5047	9085
5048	9086
5049	9088
5050	9091
5051	9093
5052	9094
5053	9096
5054	9099
5055	9101
5056	9102
5057	9104
5058	9107
5059	9109
5060	9110
5061	9111
5062	9112
5063	9113
5064	9114
5065	9116
5066	9117
5067	9119
5068	9120
5069	9122
5070	9125
5071	9127
5072	9128
5073	9130
5074	9133
5075	9135
5076	9136
5077	9138
5078	9140
5079	9142
5080	9143
5081	9145
5082	9146
5083	9148
5084	9151
5085	9153
5086	9154
5087	9156
5088	9159
5089	9161
5090	9162
5091	9164
5092	9166
5093	9168
5094	9169
5095	9171
5096	9172
5097	9174
5098	9177
5099	9179
5100	9180
5101	9182
5102	9185
5103	9187
5104	9188
5105	9190
5106	9191
5107	9193
5108	9194
5109	9196
5110	9197
5111	9199
5112	9200
5113	9202
5114	9205
5115	9207
5116	9208
5117	9210
5118	9213
5119	9215
5120	9216
5121	9218
5122	9221
5123	9223
5124	9224
5125	9225
5126	9226
5127	9228
5128	9231
5129	9233
5130	9234
5131	9236
5132	9239
5133	9241
5134	9242
5135	9244
5136	9247
5137	9249
5138	9250
5139	9251
5140	9252
5141	9254
5142	9257
5143	9259
5144	9260
5145	9262
5146	9265
5147	9267
5148	9268
5149	9270
5150	9273
5151	9275
5152	9276
5153	9277
5154	9278
5155	9279
5156	9280
5157	9282
5158	9283
5159	9285
5160	9286
5161	9288
5162	9291
5163	9293
5164	9294
5165	9296
5166	9299
5167	9301
5168	9302
5169	9304
5170	9306
5171	9308
5172	9309
5173	9311
5174	9312
5175	9314
5176	9317
5177	9319
5178	9320
5179	9322
5180	9325
5181	9327
5182	9328
5183	9330
5184	9332
5185	9334
5186	9335
5187	9337
5188	9338
5189	9340
5190	9343
5191	9345
5192	9346
5193	9348
5194	9351
5195	9353
5196	9354
5197	9356
5198	9357
5199	9359
5200	9360
5201	9362
5202	9363
5203	9365
5204	9366
5205	9368
5206	9371
5207	9373
5208	9374
5209	9376
5210	9379
5211	9381
5212	9382
5213	9384
5214	9387
5215	9389
5216	9390
5217	9391
5218	9392
5219	9394
5220	9397
5221	9399
5222	9400
5223	9402
5224	9405
5225	9407
5226	9408
5227	9410
5228	9413
5229	9415
5230	9416
5231	9417
5232	9418
5233	9420
5234	9423
5235	9425
5236	9426
5237	9428
5238	9431
5239	9433
5240	9434
5241	9436
5242	9439
5243	9441
5244	9442
5245	9443
5246	9444
5247	9445
5248	9446
5249	9448
5250	9448
5251	9451
5252	9453
5253	9454
5254	9456
5255	9459
5256	9461
5257	9462
5258	9464
5259	9467
5260	9469
5261	9470
5262	9471
5263	9472
5264	9474
5265	9477
5266	9479
5267	9480
5268	9482
5269	9485
5270	9487
5271	9488
5272	9490
5273	9493
5274	9495
5275	9496
5276	9497
5277	9498
5278	9500
5279	9503
5280	9505
5281	9506
5282	9508
5283	9511
5284	9513
5285	9514
5286	9516
5287	9519
5288	9521
5289	9522
5290	9523
5291	9524
5292	9525
5293	9526
5294	9528
5295	9529
5296	9531
5297	9532
5298	9534
5299	9537
5300	9539
5301	9540
5302	9542
5303	9545
5304	9547
5305	9548
5306	9550
5307	9552
5308	9554
5309	9555
5310	9557
5311	9558
5312	9560
5313	9563
5314	9565
5315	9566
5316	9568
5317	9571
5318	9573
5319	9574
5320	9576
5321	9578
5322	9580
5323	9581
5324	9583
5325	9584
5326	9586
5327	9589
5328	9591
5329	9592
5330	9594
5331	9597
5332	9599
5333	9600
5334	9602
5335	9603
5336	9605
5337	9606
5338	9608
5339	9609
5340	9611
5341	9612
5342	9614
5343	9617
5344	9619
5345	9620
5346	9622
5347	9625
5348	9627
5349	9628
5350	9630
5351	9633
5352	9635
5353	9636
5354	9637
5355	9638
5356	9640
5357	9643
5358	9645
5359	9646
5360	9648
5361	9651
5362	9653
5363	9654
5364	9656
5365	9659
5366	9661
5367	9662
5368	9663
5369	9664
5370	9666
5371	9669
5372	9671
5373	9672
5374	9674
5375	9677
5376	9679
5377	9680
5378	9682
5379	9685
5380	9687
5381	9688
5382	9689
5383	9690
5384	9691
5385	9692
5386	9694
5387	9695
5388	9697
5389	9698
5390	9700
5391	9703
5392	9705
5393	9706
5394	9708
5395	9711
5396	9713
5397	9714
5398	9716
5399	9718
5400	9720
5401	9721
5402	9723
5403	9724
5404	9726
5405	9729
5406	9731
5407	9732
5408	9734
5409	9737
5410	9739
5411	9740
5412	9742
5413	9744
5414	9746
5415	9747
5416	9749
5417	9750
5418	9752
5419	9755
5420	9757
5421	9758
5422	9760
5423	9763
5424	9765
5425	9766
5426	9768
5427	9769
5428	9771
5429	9772
5430	9774
5431	9775
5432	9777
5433	9778
5434	9780
5435	9783
5436	9785
5437	9786
5438	9788
5439	9791
5440	9793
5441	9794
5442	9796
5443	9799
5444	9801
5445	9802
5446	9803
5447	9804
5448	9806
5449	9809
5450	9811
5451	9812
5452	9814
5453	9817
5454	9819
5455	9820
5456	9822
5457	9825
5458	9827
5459	9828
5460	9829
5461	9830
5462	9832
5463	9835
5464	9837
5465	9838
5466	9840
5467	9843
5468	9845
5469	9846
5470	9848
5471	9851
5472	9853
5473	9854
5474	9855
5475	9856
5476	9857
5477	9858
5478	9860
5479	9861
5480	9863
5481	9864
5482	9866
5483	9869
5484	9871
5485	9872
5486	9874
5487	9877
5488	9879
5489	9880
5490	9882
5491	9884
5492	9886
5493	9887
5494	9889
5495	9890
5496	9892
5497	9895
5498	9897
5499	9898
5500	9900
5501	9903
5502	9905
5503	9906
5504	9908
5505	9910
5506	9912
5507	9913
5508	9915
5509	9916
5510	9918
5511	9921
5512	9923
5513	9924
5514	9926
5515	9929
5516	9931
5517	9932
5518	9934
5519	9935
5520	9937
5521	9937
5522	9938
5523	9940
5524	9941
5525	9943
5526	9944
5527	9946
5528	9949
5529	9951
5530	9952
5531	9954
5532	9957
5533	9959
5534	9960
5535	9962
5536	9964
5537	9966
5538	9967
5539	9969
5540	9970
5541	9972
5542	9975
5543	9977
5544	9978
5545	9980
5546	9983
5547	9985
5548	9986
5549	9988
5550	9990
5551	9992
5552	9993
5553	9995
5554	9996
5555	9998
5556	10001
5557	10003
5558	10004
5559	10006
5560	10009
5561	10011
5562	10012
5563	10014
5564	10015
5565	10017
5566	10018
5567	10020
5568	10021
5569	10023
5570	10024
5571	10026
5572	10029
5573	10031
5574	10032
5575	10034
5576	10037
5577	10039
5578	10040
5579	10042
5580	10045
5581	10047
5582	10048
5583	10049
5584	10050
5585	10052
5586	10055
5587	10057
5588	10058
5589	10060
5590	10063
5591	10065
5592	10066
5593	10068
5594	10071
5595	10073
5596	10074
5597	10075
5598	10076
5599	10078
5600	10081
5601	10083
5602	10084
5603	10086
5604	10089
5605	10091
5606	10092
5607	10094
5608	10097
5609	10099
5610	10100
5611	10101
5612	10102
5613	10103
5614	10104
5615	10106
5616	10107
5617	10109
5618	10110
5619	10112
5620	10115
5621	10117
5622	10118
5623	10120
5624	10123
5625	10125
5626	10126
5627	10128
5628	10130
5629	10132
5630	10133
5631	10135
5632	10136
5633	10138
5634	10141
5635	10143
5636	10144
5637	10146
5638	10149
5639	10151
5640	10152
5641	10154
5642	10156
5643	10158
5644	10159
5645	10161
5646	10162
5647	10164
5648	10167
5649	10169
5650	10170
5651	10172
5652	10175
5653	10177
5654	10178
5655	10180
5656	10181
5657	10183
5658	10184
5659	10186
5660	10187
5661	10189
5662	10190
5663	10192
5664	10195
5665	10197
5666	10198
5667	10200
5668	10203
5669	10205
5670	10206
5671	10208
5672	10211
5673	10213
5674	10214
5675	10215
5676	10216
5677	10217
5678	10218
5679	10219
5680	10220
5681	10222
5682	10223
5683	10225
5684	10228
5685	10230
5686	10231
5687	10233
5688	10236
5689	10238
5690	10239
5691	10241
5692	10243
5693	10245
5694	10246
5695	10248
5696	10249
5697	10251
5698	10254
5699	10256
5700	10257
5701	10259
5702	10262
5703	10264
5704	10265
5705	10267
5706	10269
5707	10271
5708	10271
5709	10272
5710	10274
5711	10277
5712	10279
5713	10280
5714	10282
5715	10285
5716	10287
5717	10288
5718	10290
5719	10293
5720	10295
5721	10296
5722	10297
5723	10298
5724	10300
5725	10303
5726	10305
5727	10306
5728	10308
5729	10311
5730	10313
5731	10314
5732	10316
5733	10319
5734	10321
5735	10322
5736	10323
5737	10324
5738	10326
5739	10329
5740	10331
5741	10332
5742	10334
5743	10337
5744	10339
5745	10340
5746	10342
5747	10345
5748	10347
5749	10348
5750	10349
5751	10349
5752	10350
5753	10352
5754	10355
5755	10357
5756	10358
5757	10360
5758	10363
5759	10365
5760	10366
5761	10368
5762	10371
5763	10373
5764	10374
5765	10375
5766	10376
5767	10378
5768	10381
5769	10383
5770	10384
5771	10386
5772	10389
5773	10391
5774	10392
5775	10394
5776	10397
5777	10399
5778	10400
5779	10401
5780	10402
5781	10404
5782	10407
5783	10409
5784	10410
5785	10412
5786	10415
5787	10417
5788	10418
5789	10420
5790	10423
5791	10425
5792	10426
5793	10427
5794	10428
5795	10429
5796	10430
5797	10432
5798	10433
5799	10435
5800	10436
5801	10438
5802	10441
5803	10443
5804	10444
5805	10446
5806	10449
5807	10451
5808	10452
5809	10454
5810	10456
5811	10458
5812	10459
5813	10461
5814	10462
5815	10464
5816	10467
5817	10469
5818	10470
5819	10472
5820	10475
5821	10477
5822	10478
5823	10480
5824	10482
5825	10484
5826	10485
5827	10487
5828	10488
5829	10490
5830	10493
5831	10495
5832	10496
5833	10498
5834	10501
5835	10503
5836	10504
5837	10506
5838	10507
5839	10509
5840	10510
5841	10512
5842	10513
5843	10515
5844	10516
5845	10518
5846	10521
5847	10523
5848	10524
5849	10526
5850	10529
5851	10531
5852	10532
5853	10534
5854	10537
5855	10539
5856	10540
5857	10541
5858	10542
5859	10544
5860	10547
5861	10549
5862	10550
5863	10552
5864	10555
5865	10557
5866	10558
5867	10560
5868	10563
5869	10565
5870	10566
5871	10567
5872	10568
5873	10570
5874	10573
5875	10575
5876	10576
5877	10578
5878	10581
5879	10583
5880	10584
5881	10586
5882	10589
5883	10591
5884	10592
5885	10593
5886	10594
5887	10595
5888	10596
5889	10597
5890	10598
5891	10600
5892	10601
5893	10603
5894	10606
5895	10608
5896	10609
5897	10611
5898	10614
5899	10616
5900	10617
5901	10619
5902	10621
5903	10623
5904	10624
5905	10626
5906	10627
5907	10629
5908	10632
5909	10634
5910	10635
5911	10637
5912	10640
5913	10642
5914	10643
5915	10645
5916	10647
5917	10649
5918	10649
5919	10650
5920	10652
5921	10655
5922	10657
5923	10658
5924	10660
5925	10663
5926	10665
5927	10666
5928	10668
5929	10671
5930	10673
5931	10674
5932	10675
5933	10676
5934	10678
5935	10681
5936	10683
5937	10684
5938	10686
5939	10689
5940	10691
5941	10692
5942	10694
5943	10697
5944	10699
5945	10700
5946	10701
5947	10702
5948	10704
5949	10707
5950	10709
5951	10710
5952	10712
5953	10715
5954	10717
5955	10718
5956	10720
5957	10723
5958	10725
5959	10726
5960	10727
5961	10727
5962	10728
5963	10730
5964	10733
5965	10735
5966	10736
5967	10738
5968	10741
5969	10743
5970	10744
5971	10746
5972	10749
5973	10751
5974	10752
5975	10753
5976	10754
5977	10756
5978	10759
5979	10761
5980	10762
5981	10764
5982	10767
5983	10769
5984	10770
5985	10772
5986	10775
5987	10777
5988	10778
5989	10779
5990	10780
5991	10782
5992	10785
5993	10787
5994	10788
5995	10790
5996	10793
5997	10795
5998	10796
5999	10798
6000	10801
6001	10803
6002	10804
6003	10805
6004	10806
6005	10807
6006	10808
6007	10810
6008	10811
6009	10813
6010	10814
6011	10816
6012	10819
6013	10821
6014	10822
6015	10824
6016	10827
6017	10829
6018	10830
6019	10832
6020	10834
6021	10836
6022	10837
6023	10839
6024	10840
6025	10842
6026	10845
6027	10847
6028	10848
6029	10850
6030	10853
6031	10855
6032	10856
6033	10858
6034	10860
6035	10862
6036	10863
6037	10865
6038	10866
6039	10868
6040	10871
6041	10873
6042	10874
6043	10876
6044	10879
6045	10881
6046	10882
6047	10884
6048	10885
6049	10887
6050	10888
6051	10890
6052	10891
6053	10893
6054	10894
6055	10896
6056	10899
6057	10901
6058	10902
6059	10904
6060	10907
6061	10909
6062	10910
6063	10912
6064	10915
6065	10917
6066	10918
6067	10919
6068	10920
6069	10922
6070	10925
6071	10927
6072	10928
6073	10930
6074	10933
6075	10935
6076	10936
6077	10938
6078	10941
6079	10943
6080	10944
6081	10945
6082	10946
6083	10948
6084	10951
6085	10953
6086	10954
6087	10956
6088	10959
6089	10961
6090	10962
6091	10964
6092	10967
6093	10969
6094	10970
6095	10971
6096	10972
6097	10973
6098	10974
6099	10976
6100	10977
6101	10979
6102	10980
6103	10982
6104	10985
6105	10987
6106	10988
6107	10990
6108	10992
6109	10994
6110	10995
6111	10997
6112	10998
6113	11000
6114	11003
6115	11005
6116	11006
6117	11008
6118	11011
6119	11013
6120	11014
6121	11016
6122	11018
6123	11020
6124	11020
6125	11021
6126	11023
6127	11026
6128	11028
6129	11029
6130	11031
6131	11034
6132	11036
6133	11037
6134	11039
6135	11042
6136	11044
6137	11045
6138	11046
6139	11047
6140	11049
6141	11052
6142	11054
6143	11055
6144	11057
6145	11060
6146	11062
6147	11063
6148	11065
6149	11068
6150	11070
6151	11071
6152	11072
6153	11073
6154	11075
6155	11078
6156	11080
6157	11081
6158	11083
6159	11086
6160	11088
6161	11089
6162	11091
6163	11094
6164	11096
6165	11097
6166	11098
6167	11098
6168	11099
6169	11101
6170	11104
6171	11106
6172	11107
6173	11109
6174	11112
6175	11114
6176	11115
6177	11117
6178	11120
6179	11122
6180	11123
6181	11124
6182	11125
6183	11127
6184	11130
6185	11132
6186	11133
6187	11135
6188	11138
6189	11140
6190	11141
6191	11143
6192	11146
6193	11148
6194	11149
6195	11150
6196	11151
6197	11152
6198	11153
6199	11155
6200	11156
6201	11158
6202	11159
6203	11161
6204	11164
6205	11166
6206	11167
6207	11169
6208	11172
6209	11174
6210	11175
6211	11177
6212	11179
6213	11181
6214	11182
6215	11184
6216	11185
6217	11187
6218	11190
6219	11192
6220	11193
6221	11195
6222	11198
6223	11200
6224	11201
6225	11203
6226	11205
6227	11207
6228	11208
6229	11210
6230	11211
6231	11213
6232	11216
6233	11218
6234	11219
6235	11221
6236	11224
6237	11226
6238	11227
6239	11229
6240	11230
6241	11232
6242	11233
6243	11235
6244	11236
6245	11238
6246	11239
6247	11241
6248	11243
6249	11245
6250	11246
6251	11248
6252	11251
6253	11253
6254	11254
6255	11256
6256	11258
6257	11260
6258	11261
6259	11263
6260	11264
6261	11266
6262	11269
6263	11271
6264	11272
6265	11274
6266	11277
6267	11279
6268	11280
6269	11282
6270	11284
6271	11286
6272	11286
6273	11287
6274	11289
6275	11292
6276	11294
6277	11295
6278	11297
6279	11300
6280	11302
6281	11303
6282	11305
6283	11308
6284	11310
6285	11311
6286	11312
6287	11313
6288	11315
6289	11318
6290	11320
6291	11321
6292	11323
6293	11326
6294	11328
6295	11329
6296	11331
6297	11334
6298	11336
6299	11337
6300	11338
6301	11339
6302	11340
6303	11341
6304	11342
6305	11343
6306	11345
6307	11346
6308	11348
6309	11351
6310	11353
6311	11354
6312	11356
6313	11359
6314	11361
6315	11362
6316	11364
6317	11366
6318	11368
6319	11369
6320	11371
6321	11372
6322	11374
6323	11377
6324	11379
6325	11380
6326	11382
6327	11385
6328	11387
6329	11388
6330	11390
6331	11392
6332	11394
6333	11394
6334	11395
6335	11397
6336	11400
6337	11402
6338	11403
6339	11405
6340	11408
6341	11410
6342	11411
6343	11413
6344	11416
6345	11418
6346	11419
6347	11420
6348	11421
6349	11423
6350	11426
6351	11428
6352	11429
6353	11431
6354	11434
6355	11436
6356	11437
6357	11439
6358	11442
6359	11444
6360	11445
6361	11446
6362	11447
6363	11448
6364	11449
6365	11451
6366	11452
6367	11454
6368	11455
6369	11457
6370	11460
6371	11462
6372	11463
6373	11465
6374	11468
6375	11470
6376	11471
6377	11473
6378	11475
6379	11477
6380	11478
6381	11480
6382	11481
6383	11483
6384	11486
6385	11488
6386	11489
6387	11491
6388	11494
6389	11496
6390	11497
6391	11499
6392	11501
6393	11503
6394	11504
6395	11506
6396	11507
6397	11509
6398	11512
6399	11514
6400	11515
6401	11517
6402	11520
6403	11522
6404	11523
6405	11525
6406	11526
6407	11528
6408	11529
6409	11531
6410	11532
6411	11534
6412	11535
6413	11537
6414	11540
6415	11542
6416	11543
6417	11545
6418	11548
6419	11550
6420	11551
6421	11553
6422	11556
6423	11558
6424	11559
6425	11560
6426	11561
6427	11563
6428	11566
6429	11568
6430	11569
6431	11571
6432	11574
6433	11576
6434	11577
6435	11579
6436	11582
6437	11584
6438	11585
6439	11586
6440	11587
6441	11588
6442	11589
6443	11591
6444	11591
6445	11594
6446	11596
6447	11597
6448	11599
6449	11602
6450	11604
6451	11605
6452	11607
6453	11610
6454	11612
6455	11613
6456	11614
6457	11615
6458	11617
6459	11620
6460	11622
6461	11623
6462	11625
6463	11628
6464	11630
6465	11631
6466	11633
6467	11636
6468	11638
6469	11639
6470	11640
6471	11641
6472	11643
6473	11646
6474	11648
6475	11649
6476	11651
6477	11654
6478	11656
6479	11657
6480	11659
6481	11662
6482	11664
6483	11665
6484	11666
6485	11667
6486	11668
6487	11669
6488	11671
6489	11672
6490	11674
6491	11675
6492	11677
6493	11680
6494	11682
6495	11683
6496	11685
6497	11688
6498	11690
6499	11691
6500	11693
6501	11695
6502	11697
6503	11698
6504	11700
6505	11701
6506	11703
6507	11706
6508	11708
6509	11709
6510	11711
6511	11714
6512	11716
6513	11717
6514	11719
6515	11721
6516	11723
6517	11724
6518	11726
6519	11727
6520	11729
6521	11732
6522	11734
6523	11735
6524	11737
6525	11740
6526	11742
6527	11743
6528	11745
6529	11746
6530	11748
6531	11749
6532	11751
6533	11752
6534	11754
6535	11755
6536	11757
6537	11760
6538	11762
6539	11763
6540	11765
6541	11768
6542	11770
6543	11771
6544	11773
6545	11776
6546	11778
6547	11779
6548	11780
6549	11781
6550	11783
6551	11786
6552	11788
6553	11789
6554	11791
6555	11794
6556	11796
6557	11797
6558	11799
6559	11802
6560	11804
6561	11805
6562	11806
6563	11807
6564	11809
6565	11812
6566	11814
6567	11815
6568	11817
6569	11820
6570	11822
6571	11823
6572	11825
6573	11828
6574	11830
6575	11831
6576	11832
6577	11833
6578	11834
6579	11835
6580	11837
6581	11837
6582	11840
6583	11842
6584	11843
6585	11845
6586	11848
6587	11850
6588	11851
6589	11853
6590	11856
6591	11858
6592	11859
6593	11860
6594	11861
6595	11863
6596	11866
6597	11868
6598	11869
6599	11871
6600	11874
6601	11876
6602	11877
6603	11879
6604	11882
6605	11884
6606	11885
6607	11886
6608	11887
6609	11889
6610	11891
6611	11893
6612	11894
6613	11896
6614	11897
6615	11899
6616	11901
6617	11903
6618	11904
6619	11906
6620	11907
6621	11909
6622	11912
6623	11914
6624	11915
6625	11917
6626	11920
6627	11922
6628	11923
6629	11925
6630	11928
6631	11930
6632	11931
6633	11932
6634	11933
6635	11935
6636	11938
6637	11940
6638	11941
6639	11943
6640	11946
6641	11948
6642	11949
6643	11951
6644	11954
6645	11956
6646	11957
6647	11958
6648	11959
6649	11961
6650	11964
6651	11966
6652	11967
6653	11969
6654	11972
6655	11974
6656	11975
6657	11977
6658	11980
6659	11982
6660	11983
6661	11984
6662	11985
6663	11986
6664	11987
6665	11989
6666	11990
6667	11992
6668	11993
6669	11995
6670	11998
6671	12000
6672	12001
6673	12003
6674	12006
6675	12008
6676	12009
6677	12011
6678	12013
6679	12015
6680	12016
6681	12018
6682	12019
6683	12021
6684	12024
6685	12026
6686	12027
6687	12029
6688	12032
6689	12034
6690	12035
6691	12037
6692	12039
6693	12041
6694	12042
6695	12044
6696	12045
6697	12047
6698	12050
6699	12052
6700	12053
6701	12055
6702	12058
6703	12060
6704	12061
6705	12063
6706	12064
6707	12066
6708	12067
6709	12069
6710	12070
6711	12072
6712	12073
6713	12075
6714	12078
6715	12080
6716	12081
6717	12083
6718	12086
6719	12088
6720	12089
6721	12091
6722	12094
6723	12096
6724	12097
6725	12098
6726	12099
6727	12101
6728	12104
6729	12106
6730	12107
6731	12109
6732	12112
6733	12114
6734	12115
6735	12117
6736	12120
6737	12122
6738	12123
6739	12124
6740	12125
6741	12127
6742	12130
6743	12132
6744	12133
6745	12135
6746	12138
6747	12140
6748	12141
6749	12143
6750	12146
6751	12148
6752	12149
6753	12150
6754	12151
6755	12152
6756	12153
6757	12154
6758	12155
6759	12157
6760	12158
6761	12160
6762	12163
6763	12165
6764	12166
6765	12168
6766	12171
6767	12173
6768	12174
6769	12176
6770	12178
6771	12180
6772	12181
6773	12183
6774	12184
6775	12186
6776	12188
6777	12190
6778	12191
6779	12193
6780	12194
6781	12196
6782	12199
6783	12201
6784	12202
6785	12204
6786	12207
6787	12209
6788	12210
6789	12212
6790	12214
6791	12216
6792	12216
6793	12217
6794	12219
6795	12222
6796	12224
6797	12225
6798	12227
6799	12230
6800	12232
6801	12233
6802	12235
6803	12238
6804	12240
6805	12241
6806	12242
6807	12243
6808	12245
6809	12248
6810	12250
6811	12251
6812	12253
6813	12256
6814	12258
6815	12259
6816	12261
6817	12264
6818	12266
6819	12267
6820	12268
6821	12269
6822	12271
6823	12274
6824	12276
6825	12277
6826	12279
6827	12282
6828	12284
6829	12285
6830	12287
6831	12290
6832	12292
6833	12293
6834	12294
6835	12294
6836	12295
6837	12297
6838	12300
6839	12302
6840	12303
6841	12305
6842	12308
6843	12310
6844	12311
6845	12313
6846	12316
6847	12318
6848	12319
6849	12320
6850	12321
6851	12323
6852	12326
6853	12328
6854	12329
6855	12331
6856	12334
6857	12336
6858	12337
6859	12339
6860	12342
6861	12344
6862	12345
6863	12346
6864	12347
6865	12349
6866	12352
6867	12354
6868	12355
6869	12357
6870	12360
6871	12362
6872	12363
6873	12365
6874	12368
6875	12370
6876	12371
6877	12372
6878	12373
6879	12374
6880	12375
6881	12377
6882	12378
6883	12380
6884	12381
6885	12383
6886	12386
6887	12388
6888	12389
6889	12391
6890	12394
6891	12396
6892	12397
6893	12399
6894	12401
6895	12403
6896	12404
6897	12406
6898	12407
6899	12409
6900	12412
6901	12414
6902	12415
6903	12417
6904	12420
6905	12422
6906	12423
6907	12425
6908	12427
6909	12429
6910	12430
6911	12432
6912	12433
6913	12435
6914	12438
6915	12440
6916	12441
6917	12443
6918	12446
6919	12448
6920	12449
6921	12451
6922	12452
6923	12454
6924	12455
6925	12457
6926	12458
6927	12460
6928	12461
6929	12463
6930	12466
6931	12468
6932	12469
6933	12471
6934	12474
6935	12476
6936	12477
6937	12479
6938	12482
6939	12484
6940	12485
6941	12486
6942	12487
6943	12489
6944	12492
6945	12494
6946	12495
6947	12497
6948	12500
6949	12502
6950	12503
6951	12505
6952	12508
6953	12510
6954	12511
6955	12512
6956	12513
6957	12515
6958	12518
6959	12520
6960	12521
6961	12523
6962	12526
6963	12528
6964	12529
6965	12531
6966	12534
6967	12536
6968	12537
6969	12538
6970	12539
6971	12540
6972	12541
6973	12543
6974	12544
6975	12546
6976	12547
6977	12549
6978	12552
6979	12554
6980	12555
6981	12557
6982	12560
6983	12562
6984	12563
6985	12565
6986	12567
6987	12569
6988	12570
6989	12572
6990	12573
6991	12575
6992	12578
6993	12580
6994	12581
6995	12583
6996	12586
6997	12588
6998	12589
6999	12591
7000	12593
7001	12595
7002	12596
7003	12598
7004	12599
7005	12601
7006	12604
7007	12606
7008	12607
7009	12609
7010	12612
7011	12614
7012	12615
7013	12617
7014	12618
7015	12620
7016	12621
7017	12623
7018	12624
7019	12626
7020	12627
7021	12629
7022	12632
7023	12634
7024	12635
7025	12637
7026	12640
7027	12642
7028	12643
7029	12645
7030	12648
7031	12650
7032	12651
7033	12652
7034	12653
7035	12655
7036	12658
7037	12660
7038	12661
7039	12663
7040	12666
7041	12668
7042	12669
7043	12671
7044	12674
7045	12676
7046	12677
7047	12678
7048	12679
7049	12681
7050	12684
7051	12686
7052	12687
7053	12689
7054	12692
7055	12694
7056	12695
7057	12697
7058	12700
7059	12702
7060	12703
7061	12704
7062	12705
7063	12706
7064	12707
7065	12708
7066	12709
7067	12711
7068	12712
7069	12714
7070	12717
7071	12719
7072	12720
7073	12722
7074	12725
7075	12727
7076	12728
7077	12730
7078	12732
7079	12734
7080	12735
7081	12737
7082	12738
7083	12740
7084	12743
7085	12745
7086	12746
7087	12748
7088	12751
7089	12753
7090	12754
7091	12756
7092	12758
7093	12760
7094	12760
7095	12761
7096	12763
7097	12766
7098	12768
7099	12769
7100	12771
7101	12774
7102	12776
7103	12777
7104	12779
7105	12782
7106	12784
7107	12785
7108	12786
7109	12787
7110	12789
7111	12792
7112	12794
7113	12795
7114	12797
7115	12800
7116	12802
7117	12803
7118	12805
7119	12808
7120	12810
7121	12811
7122	12812
7123	12813
7124	12815
7125	12818
7126	12820
7127	12821
7128	12823
7129	12826
7130	12828
7131	12829
7132	12831
7133	12834
7134	12836
7135	12837
7136	12838
7137	12838
7138	12839
7139	12841
7140	12844
7141	12846
7142	12847
7143	12849
7144	12852
7145	12854
7146	12855
7147	12857
7148	12860
7149	12862
7150	12863
7151	12864
7152	12865
7153	12867
7154	12870
7155	12872
7156	12873
7157	12875
7158	12878
7159	12880
7160	12881
7161	12883
7162	12886
7163	12888
7164	12889
7165	12890
7166	12891
7167	12893
7168	12896
7169	12898
7170	12899
7171	12901
7172	12904
7173	12906
7174	12907
7175	12909
7176	12912
7177	12914
7178	12915
7179	12916
7180	12917
7181	12918
7182	12919
7183	12921
7184	12922
7185	12924
7186	12925
7187	12927
7188	12930
7189	12932
7190	12933
7191	12935
7192	12938
7193	12940
7194	12941
7195	12943
7196	12945
7197	12947
7198	12948
7199	12950
7200	12951
7201	12953
7202	12956
7203	12958
7204	12959
7205	12961
7206	12964
7207	12966
7208	12967
7209	12969
7210	12971
7211	12973
7212	12974
7213	12976
7214	12977
7215	12979
7216	12982
7217	12984
7218	12985
7219	12987
7220	12990
7221	12992
7222	12993
7223	12995
7224	12996
7225	12998
7226	12999
7227	13001
7228	13002
7229	13004
7230	13005
7231	13006
7232	13007
7233	13009
7234	13012
7235	13014
7236	13015
7237	13017
7238	13020
7239	13022
7240	13023
7241	13025
7242	13028
7243	13030
7244	13031
7245	13032
7246	13033
7247	13034
7248	13035
7249	13037
7250	13037
7251	13040
7252	13042
7253	13043
7254	13045
7255	13048
7256	13050
7257	13051
7258	13053
7259	13056
7260	13058
7261	13059
7262	13060
7263	13061
7264	13063
7265	13066
7266	13068
7267	13069
7268	13071
7269	13074
7270	13076
7271	13077
7272	13079
7273	13082
7274	13084
7275	13085
7276	13086
7277	13087
7278	13089
7279	13092
7280	13094
7281	13095
7282	13097
7283	13100
7284	13102
7285	13103
7286	13105
7287	13108
7288	13110
7289	13111
7290	13112
7291	13113
7292	13114
7293	13115
7294	13117
7295	13118
7296	13120
7297	13121
7298	13123
7299	13126
7300	13128
7301	13129
7302	13131
7303	13134
7304	13136
7305	13137
7306	13139
7307	13141
7308	13143
7309	13144
7310	13146
7311	13147
7312	13149
7313	13152
7314	13154
7315	13155
7316	13157
7317	13160
7318	13162
7319	13163
7320	13165
7321	13167
7322	13169
7323	13170
7324	13172
7325	13173
7326	13175
7327	13178
7328	13180
7329	13181
7330	13183
7331	13186
7332	13188
7333	13189
7334	13191
7335	13192
7336	13194
7337	13195
7338	13197
7339	13198
7340	13200
7341	13201
7342	13203
7343	13206
7344	13208
7345	13209
7346	13211
7347	13214
7348	13216
7349	13217
7350	13219
7351	13222
7352	13224
7353	13225
7354	13226
7355	13227
7356	13229
7357	13232
7358	13234
7359	13235
7360	13237
7361	13240
7362	13242
7363	13243
7364	13245
7365	13248
7366	13250
7367	13251
7368	13252
7369	13253
7370	13255
7371	13258
7372	13260
7373	13261
7374	13263
7375	13266
7376	13268
7377	13269
7378	13271
7379	13274
7380	13276
7381	13277
7382	13278
7383	13279
7384	13280
7385	13281
7386	13283
7387	13283
7388	13286
7389	13288
7390	13289
7391	13291
7392	13294
7393	13296
7394	13297
7395	13299
7396	13302
7397	13304
7398	13305
7399	13306
7400	13307
7401	13308
7402	13309
7403	13311
7404	13312
7405	13314
7406	13315
7407	13317
7408	13320
7409	13322
7410	13323
7411	13325
7412	13328
7413	13330
7414	13331
7415	13333
7416	13335
7417	13337
7418	13338
7419	13340
7420	13341
7421	13343
7422	13346
7423	13348
7424	13349
7425	13351
7426	13354
7427	13356
7428	13357
7429	13359
7430	13361
7431	13363
7432	13364
7433	13366
7434	13367
7435	13369
7436	13372
7437	13374
7438	13375
7439	13377
7440	13380
7441	13382
7442	13383
7443	13385
7444	13386
7445	13388
7446	13389
7447	13391
7448	13392
7449	13394
7450	13395
7451	13397
7452	13400
7453	13402
7454	13403
7455	13405
7456	13408
7457	13410
7458	13411
7459	13413
7460	13416
7461	13418
7462	13419
7463	13420
7464	13421
7465	13423
7466	13426
7467	13428
7468	13429
7469	13431
7470	13434
7471	13436
7472	13437
7473	13439
7474	13442
7475	13444
7476	13445
7477	13446
7478	13447
7479	13449
7480	13452
7481	13454
7482	13455
7483	13457
7484	13460
7485	13462
7486	13463
7487	13465
7488	13468
7489	13470
7490	13471
7491	13472
7492	13473
7493	13474
7494	13475
7495	13477
7496	13478
7497	13480
7498	13481
7499	13483
7500	13486
7501	13488
7502	13489
7503	13491
7504	13494
7505	13496
7506	13497
7507	13499
7508	13501
7509	13503
7510	13504
7511	13506
7512	13507
7513	13509
7514	13512
7515	13514
7516	13515
7517	13517
7518	13520
7519	13522
7520	13523
7521	13525
7522	13527
7523	13529
7524	13530
7525	13532
7526	13533
7527	13535
7528	13538
7529	13540
7530	13541
7531	13543
7532	13546
7533	13548
7534	13549
7535	13551
7536	13552
7537	13554
7538	13555
7539	13557
7540	13558
7541	13560
7542	13561
7543	13563
7544	13566
7545	13568
7546	13569
7547	13571
7548	13574
7549	13576
7550	13577
7551	13579
7552	13582
7553	13584
7554	13585
7555	13586
7556	13587
7557	13589
7558	13592
7559	13594
7560	13595
7561	13597
7562	13600
7563	13602
7564	13603
7565	13605
7566	13608
7567	13610
7568	13611
7569	13612
7570	13613
7571	13615
7572	13618
7573	13620
7574	13621
7575	13623
7576	13626
7577	13628
7578	13629
7579	13631
7580	13634
7581	13636
7582	13637
7583	13638
7584	13639
7585	13640
7586	13641
7587	13643
7588	13644
7589	13646
7590	13647
7591	13649
7592	13652
7593	13654
7594	13655
7595	13657
7596	13660
7597	13662
7598	13663
7599	13665
7600	13667
7601	13669
7602	13670
7603	13672
7604	13673
7605	13675
7606	13678
7607	13680
7608	13681
7609	13683
7610	13686
7611	13688
7612	13689
7613	13691
7614	13693
7615	13695
7616	13696
7617	13698
7618	13699
7619	13701
7620	13704
7621	13706
7622	13707
7623	13709
7624	13712
7625	13714
7626	13715
7627	13717
7628	13718
7629	13720
7630	13721
7631	13723
7632	13724
7633	13726
7634	13727
7635	13729
7636	13732
7637	13734
7638	13735
7639	13737
7640	13740
7641	13742
7642	13743
7643	13745
7644	13748
7645	13750
7646	13751
7647	13752
7648	13753
7649	13755
7650	13758
7651	13760
7652	13761
7653	13763
7654	13766
7655	13768
7656	13769
7657	13771
7658	13774
7659	13776
7660	13777
7661	13778
7662	13779
7663	13781
7664	13784
7665	13786
7666	13787
7667	13789
7668	13792
7669	13794
7670	13795
7671	13797
7672	13800
7673	13802
7674	13803
7675	13804
7676	13805
7677	13806
7678	13807
7679	13809
7680	13810
7681	13812
7682	13813
7683	13815
7684	13818
7685	13820
7686	13821
7687	13823
7688	13826
7689	13828
7690	13829
7691	13831
7692	13833
7693	13835
7694	13836
7695	13838
7696	13839
7697	13841
7698	13844
7699	13846
7700	13847
7701	13849
7702	13852
7703	13854
7704	13855
7705	13857
7706	13859
7707	13861
7708	13862
7709	13864
7710	13865
7711	13867
7712	13870
7713	13872
7714	13873
7715	13875
7716	13878
7717	13880
7718	13881
7719	13883
7720	13884
7721	13886
7722	13887
7723	13889
7724	13890
7725	13892
7726	13893
7727	13895
7728	13898
7729	13900
7730	13901
7731	13903
7732	13906
7733	13908
7734	13909
7735	13911
7736	13914
7737	13916
7738	13917
7739	13918
7740	13919
7741	13921
7742	13924
7743	13926
7744	13927
7745	13929
7746	13932
7747	13934
7748	13935
7749	13937
7750	13940
7751	13942
7752	13943
7753	13944
7754	13945
7755	13947
7756	13950
7757	13952
7758	13953
7759	13955
7760	13958
7761	13960
7762	13961
7763	13963
7764	13966
7765	13968
7766	13969
7767	13970
7768	13971
7769	13972
7770	13973
7771	13975
7772	13976
7773	13978
7774	13979
7775	13981
7776	13984
7777	13986
7778	13987
7779	13989
7780	13992
7781	13994
7782	13995
7783	13997
7784	13999
7785	14001
7786	14002
7787	14004
7788	14005
7789	14007
7790	14010
7791	14012
7792	14013
7793	14015
7794	14018
7795	14020
7796	14021
7797	14023
7798	14025
7799	14027
7800	14028
7801	14030
7802	14031
7803	14033
7804	14036
7805	14038
7806	14039
7807	14041
7808	14044
7809	14046
7810	14047
7811	14049
7812	14050
7813	14052
7814	14053
7815	14055
7816	14056
7817	14058
7818	14059
7819	14061
7820	14064
7821	14066
7822	14067
7823	14069
7824	14072
7825	14074
7826	14075
7827	14077
7828	14080
7829	14082
7830	14083
7831	14084
7832	14085
7833	14087
7834	14090
7835	14092
7836	14093
7837	14095
7838	14098
7839	14100
7840	14101
7841	14103
7842	14106
7843	14108
7844	14109
7845	14110
7846	14111
7847	14113
7848	14116
7849	14118
7850	14119
7851	14121
7852	14124
7853	14126
7854	14127
7855	14129
7856	14132
7857	14134
7858	14135
7859	14136
7860	14137
7861	14138
7862	14139
7863	14141
7864	14142
7865	14144
7866	14145
7867	14147
7868	14149
7869	14151
7870	14152
7871	14154
7872	14155
7873	14157
7874	14160
7875	14162
7876	14163
7877	14165
7878	14168
7879	14170
7880	14171
7881	14173
7882	14175
7883	14177
7884	14177
7885	14178
7886	14179
7887	14180
7888	14182
7889	14183
7890	14185
7891	14186
7892	14188
7893	14191
7894	14193
7895	14194
7896	14196
7897	14199
7898	14201
7899	14202
7900	14204
7901	14207
7902	14209
7903	14210
7904	14211
7905	14212
7906	14214
7907	14217
7908	14219
7909	14220
7910	14222
7911	14225
7912	14227
7913	14228
7914	14230
7915	14233
7916	14235
7917	14236
7918	14237
7919	14238
7920	14240
7921	14243
7922	14245
7923	14246
7924	14248
7925	14251
7926	14253
7927	14254
7928	14256
7929	14259
7930	14261
7931	14262
7932	14263
7933	14264
7934	14265
7935	14266
7936	14268
7937	14269
7938	14271
7939	14272
7940	14274
7941	14277
7942	14279
7943	14280
7944	14282
7945	14285
7946	14287
7947	14288
7948	14290
7949	14292
7950	14294
7951	14295
7952	14297
7953	14298
7954	14300
7955	14303
7956	14305
7957	14306
7958	14308
7959	14311
7960	14313
7961	14314
7962	14316
7963	14318
7964	14320
7965	14321
7966	14323
7967	14324
7968	14326
7969	14329
7970	14331
7971	14332
7972	14334
7973	14337
7974	14339
7975	14340
7976	14342
7977	14343
7978	14345
7979	14345
7980	14346
7981	14348
7982	14348
7983	14351
7984	14353
7985	14354
7986	14356
7987	14359
7988	14361
7989	14362
7990	14364
7991	14367
7992	14369
7993	14370
7994	14371
7995	14372
7996	14374
7997	14377
7998	14379
7999	14380
8000	14382
8001	14385
8002	14387
8003	14388
8004	14390
8005	14393
8006	14395
8007	14396
8008	14397
8009	14398
8010	14400
8011	14403
8012	14405
8013	14406
8014	14408
8015	14411
8016	14413
8017	14414
8018	14416
8019	14419
8020	14421
8021	14422
8022	14423
8023	14424
8024	14425
8025	14425
8026	14426
8027	14427
8028	14428
8029	14430
8030	14433
8031	14435
8032	14436
8033	14438
8034	14441
8035	14443
8036	14444
8037	14446
8038	14449
8039	14451
8040	14452
8041	14453
8042	14454
8043	14456
8044	14459
8045	14461
8046	14462
8047	14464
8048	14467
8049	14469
8050	14470
8051	14472
8052	14475
8053	14477
8054	14478
8055	14479
8056	14480
8057	14482
8058	14485
8059	14487
8060	14488
8061	14490
8062	14493
8063	14495
8064	14496
8065	14498
8066	14501
8067	14503
8068	14504
8069	14505
8070	14505
8071	14506
8072	14508
8073	14511
8074	14513
8075	14514
8076	14516
8077	14519
8078	14521
8079	14522
8080	14524
8081	14527
8082	14529
8083	14530
8084	14531
8085	14532
8086	14534
8087	14537
8088	14539
8089	14540
8090	14542
8091	14545
8092	14547
8093	14548
8094	14550
8095	14553
8096	14555
8097	14556
8098	14557
8099	14558
8100	14560
8101	14563
8102	14565
8103	14566
8104	14568
8105	14571
8106	14573
8107	14574
8108	14576
8109	14579
8110	14581
8111	14582
8112	14583
8113	14584
8114	14585
8115	14586
8116	14588
8117	14589
8118	14591
8119	14592
8120	14594
8121	14597
8122	14599
8123	14600
8124	14602
8125	14605
8126	14607
8127	14608
8128	14610
8129	14612
8130	14614
8131	14615
8132	14617
8133	14618
8134	14620
8135	14623
8136	14625
8137	14626
8138	14628
8139	14631
8140	14633
8141	14634
8142	14636
8143	14638
8144	14640
8145	14641
8146	14643
8147	14644
8148	14646
8149	14649
8150	14651
8151	14652
8152	14654
8153	14657
8154	14659
8155	14660
8156	14662
8157	14663
8158	14665
8159	14666
8160	14668
8161	14669
8162	14671
8163	14672
8164	14674
8165	14677
8166	14679
8167	14680
8168	14682
8169	14685
8170	14687
8171	14688
8172	14690
8173	14693
8174	14695
8175	14696
8176	14697
8177	14698
8178	14700
8179	14703
8180	14705
8181	14706
8182	14708
8183	14711
8184	14713
8185	14714
8186	14716
8187	14719
8188	14721
8189	14722
8190	14723
8191	14724
8192	14726
8193	14729
8194	14731
8195	14732
8196	14734
8197	14737
8198	14739
8199	14740
8200	14742
8201	14745
8202	14747
8203	14748
8204	14749
8205	14750
8206	14751
8207	14752
8208	14754
8209	14755
8210	14757
8211	14758
8212	14760
8213	14763
8214	14765
8215	14766
8216	14768
8217	14771
8218	14773
8219	14774
8220	14776
8221	14778
8222	14780
8223	14781
8224	14783
8225	14784
8226	14786
8227	14789
8228	14791
8229	14792
8230	14794
8231	14797
8232	14799
8233	14800
8234	14802
8235	14804
8236	14806
8237	14807
8238	14809
8239	14810
8240	14812
8241	14815
8242	14817
8243	14818
8244	14820
8245	14823
8246	14825
8247	14826
8248	14828
8249	14829
8250	14831
8251	14832
8252	14834
8253	14835
8254	14837
8255	14838
8256	14840
8257	14843
8258	14845
8259	14846
8260	14848
8261	14851
8262	14853
8263	14854
8264	14856
8265	14859
8266	14861
8267	14862
8268	14863
8269	14864
8270	14866
8271	14869
8272	14871
8273	14872
8274	14874
8275	14877
8276	14879
8277	14880
8278	14882
8279	14885
8280	14887
8281	14888
8282	14889
8283	14890
8284	14892
8285	14895
8286	14897
8287	14898
8288	14900
8289	14903
8290	14905
8291	14906
8292	14908
8293	14911
8294	14913
8295	14914
8296	14915
8297	14916
8298	14917
8299	14918
8300	14920
8301	14921
8302	14923
8303	14924
8304	14926
8305	14929
8306	14931
8307	14932
8308	14934
8309	14937
8310	14939
8311	14940
8312	14942
8313	14944
8314	14946
8315	14947
8316	14949
8317	14950
8318	14952
8319	14955
8320	14957
8321	14958
8322	14960
8323	14963
8324	14965
8325	14966
8326	14968
8327	14970
8328	14972
8329	14973
8330	14975
8331	14976
8332	14978
8333	14981
8334	14983
8335	14984
8336	14986
8337	14989
8338	14991
8339	14992
8340	14994
8341	14995
8342	14997
8343	14998
8344	15000
8345	15001
8346	15003
8347	15004
8348	15006
8349	15009
8350	15011
8351	15012
8352	15014
8353	15017
8354	15019
8355	15020
8356	15022
8357	15025
8358	15027
8359	15028
8360	15029
8361	15030
8362	15032
8363	15035
8364	15037
8365	15038
8366	15040
8367	15043
8368	15045
8369	15046
8370	15048
8371	15051
8372	15053
8373	15054
8374	15055
8375	15056
8376	15058
8377	15061
8378	15063
8379	15064
8380	15066
8381	15069
8382	15071
8383	15072
8384	15074
8385	15077
8386	15079
8387	15080
8388	15081
8389	15082
8390	15083
8391	15084
8392	15086
8393	15087
8394	15089
8395	15090
8396	15092
8397	15095
8398	15097
8399	15098
8400	15100
8401	15103
8402	15105
8403	15106
8404	15108
8405	15110
8406	15112
8407	15113
8408	15115
8409	15116
8410	15118
8411	15121
8412	15123
8413	15124
8414	15126
8415	15129
8416	15131
8417	15132
8418	15134
8419	15136
8420	15138
8421	15139
8422	15141
8423	15142
8424	15144
8425	15147
8426	15149
8427	15150
8428	15152
8429	15155
8430	15157
8431	15158
8432	15160
8433	15161
8434	15163
8435	15164
8436	15166
8437	15167
8438	15169
8439	15170
8440	15172
8441	15175
8442	15177
8443	15178
8444	15180
8445	15183
8446	15185
8447	15186
8448	15188
8449	15191
8450	15193
8451	15194
8452	15195
8453	15196
8454	15197
8455	15198
8456	15200
8457	15201
8458	15203
8459	15204
8460	15206
8461	15209
8462	15211
8463	15212
8464	15214
8465	15217
8466	15219
8467	15220
8468	15222
8469	15224
8470	15226
8471	15227
8472	15229
8473	15230
8474	15232
8475	15235
8476	15237
8477	15238
8478	15240
8479	15243
8480	15245
8481	15246
8482	15248
8483	15250
8484	15252
8485	15253
8486	15255
8487	15256
8488	15258
8489	15261
8490	15263
8491	15264
8492	15266
8493	15269
8494	15271
8495	15272
8496	15274
8497	15275
8498	15277
8499	15278
8500	15280
8501	15281
8502	15283
8503	15284
8504	15286
8505	15289
8506	15291
8507	15292
8508	15294
8509	15297
8510	15299
8511	15300
8512	15302
8513	15305
8514	15307
8515	15308
8516	15309
8517	15310
8518	15312
8519	15315
8520	15317
8521	15318
8522	15320
8523	15323
8524	15325
8525	15326
8526	15328
8527	15331
8528	15333
8529	15334
8530	15335
8531	15336
8532	15338
8533	15341
8534	15343
8535	15344
8536	15346
8537	15349
8538	15351
8539	15352
8540	15354
8541	15357
8542	15359
8543	15360
8544	15361
8545	15362
8546	15363
8547	15364
8548	15366
8549	15367
8550	15369
8551	15370
8552	15372
8553	15375
8554	15377
8555	15378
8556	15380
8557	15383
8558	15385
8559	15386
8560	15388
8561	15390
8562	15392
8563	15393
8564	15395
8565	15396
8566	15398
8567	15401
8568	15403
8569	15404
8570	15406
8571	15409
8572	15411
8573	15412
8574	15414
8575	15416
8576	15418
8577	15419
8578	15421
8579	15422
8580	15424
8581	15427
8582	15429
8583	15430
8584	15432
8585	15435
8586	15437
8587	15438
8588	15440
8589	15441
8590	15443
8591	15443
8592	15444
8593	15445
8594	15445
8595	15446
8596	15448
8597	15451
8598	15453
8599	15454
8600	15456
8601	15459
8602	15461
8603	15462
8604	15464
8605	15467
8606	15469
8607	15470
8608	15471
8609	15472
8610	15473
8611	15474
8612	15476
8613	15477
8614	15479
8615	15480
8616	15482
8617	15485
8618	15487
8619	15488
8620	15490
8621	15493
8622	15495
8623	15496
8624	15498
8625	15500
8626	15502
8627	15503
8628	15505
8629	15506
8630	15508
8631	15511
8632	15513
8633	15514
8634	15516
8635	15519
8636	15521
8637	15522
8638	15524
8639	15526
8640	15528
8641	15529
8642	15531
8643	15532
8644	15534
8645	15537
8646	15539
8647	15540
8648	15542
8649	15545
8650	15547
8651	15548
8652	15550
8653	15551
8654	15553
8655	15554
8656	15556
8657	15557
8658	15559
8659	15560
8660	15562
8661	15565
8662	15567
8663	15568
8664	15570
8665	15573
8666	15575
8667	15576
8668	15578
8669	15581
8670	15583
8671	15584
8672	15585
8673	15586
8674	15588
8675	15591
8676	15593
8677	15594
8678	15596
8679	15599
8680	15601
8681	15602
8682	15604
8683	15607
8684	15609
8685	15610
8686	15611
8687	15612
8688	15614
8689	15617
8690	15619
8691	15620
8692	15622
8693	15625
8694	15627
8695	15628
8696	15630
8697	15633
8698	15635
8699	15636
8700	15637
8701	15638
8702	15639
8703	15640
8704	15641
8705	15641
8706	15642
8707	15644
8708	15647
8709	15649
8710	15650
8711	15652
8712	15655
8713	15657
8714	15658
8715	15660
8716	15663
8717	15665
8718	15666
8719	15667
8720	15668
8721	15670
8722	15673
8723	15675
8724	15676
8725	15678
8726	15681
8727	15683
8728	15684
8729	15686
8730	15689
8731	15691
8732	15692
8733	15693
8734	15694
8735	15696
8736	15699
8737	15701
8738	15702
8739	15704
8740	15707
8741	15709
8742	15710
8743	15712
8744	15715
8745	15717
8746	15718
8747	15719
8748	15720
8749	15721
8750	15722
8751	15724
8752	15725
8753	15727
8754	15728
8755	15730
8756	15733
8757	15735
8758	15736
8759	15738
8760	15741
8761	15743
8762	15744
8763	15746
8764	15748
8765	15750
8766	15751
8767	15753
8768	15754
8769	15756
8770	15759
8771	15761
8772	15762
8773	15764
8774	15767
8775	15769
8776	15770
8777	15772
8778	15774
8779	15776
8780	15777
8781	15779
8782	15780
8783	15782
8784	15785
8785	15787
8786	15788
8787	15790
8788	15793
8789	15795
8790	15796
8791	15798
8792	15799
8793	15801
8794	15802
8795	15804
8796	15805
8797	15807
8798	15808
8799	15810
8800	15813
8801	15815
8802	15816
8803	15818
8804	15821
8805	15823
8806	15824
8807	15826
8808	15829
8809	15831
8810	15832
8811	15833
8812	15834
8813	15836
8814	15839
8815	15841
8816	15842
8817	15844
8818	15847
8819	15849
8820	15850
8821	15852
8822	15855
8823	15857
8824	15858
8825	15859
8826	15860
8827	15862
8828	15865
8829	15867
8830	15868
8831	15870
8832	15873
8833	15875
8834	15876
8835	15878
8836	15881
8837	15883
8838	15884
8839	15885
8840	15886
8841	15887
8842	15888
8843	15890
8844	15891
8845	15893
8846	15894
8847	15896
8848	15899
8849	15901
8850	15902
8851	15904
8852	15907
8853	15909
8854	15910
8855	15912
8856	15914
8857	15916
8858	15917
8859	15919
8860	15920
8861	15922
8862	15925
8863	15927
8864	15928
8865	15930
8866	15933
8867	15935
8868	15936
8869	15938
8870	15940
8871	15942
8872	15943
8873	15945
8874	15946
8875	15948
8876	15951
8877	15953
8878	15954
8879	15956
8880	15959
8881	15961
8882	15962
8883	15964
8884	15965
8885	15967
8886	15968
8887	15970
8888	15971
8889	15973
8890	15974
8891	15976
8892	15979
8893	15981
8894	15982
8895	15984
8896	15987
8897	15989
8898	15990
8899	15992
8900	15995
8901	15997
8902	15998
8903	15999
8904	16000
8905	16002
8906	16005
8907	16007
8908	16008
8909	16010
8910	16013
8911	16015
8912	16016
8913	16018
8914	16021
8915	16023
8916	16024
8917	16025
8918	16026
8919	16028
8920	16031
8921	16033
8922	16034
8923	16036
8924	16039
8925	16041
8926	16042
8927	16044
8928	16047
8929	16049
8930	16050
8931	16051
8932	16052
8933	16053
8934	16054
8935	16056
8936	16057
8937	16059
8938	16060
8939	16062
8940	16065
8941	16067
8942	16068
8943	16070
8944	16073
8945	16075
8946	16076
8947	16078
8948	16080
8949	16082
8950	16083
8951	16085
8952	16086
8953	16088
8954	16091
8955	16093
8956	16094
8957	16096
8958	16099
8959	16101
8960	16102
8961	16104
8962	16106
8963	16108
8964	16109
8965	16111
8966	16112
8967	16114
8968	16117
8969	16119
8970	16120
8971	16122
8972	16125
8973	16127
8974	16128
8975	16130
8976	16131
8977	16133
8978	16134
8979	16136
8980	16137
8981	16139
8982	16140
8983	16142
8984	16145
8985	16147
8986	16148
8987	16150
8988	16153
8989	16155
8990	16156
8991	16158
8992	16161
8993	16163
8994	16164
8995	16165
8996	16166
8997	16168
8998	16171
8999	16173
9000	16174
9001	16176
9002	16179
9003	16181
9004	16182
9005	16184
9006	16187
9007	16189
9008	16190
9009	16191
9010	16192
9011	16194
9012	16197
9013	16199
9014	16200
9015	16202
9016	16205
9017	16207
9018	16208
9019	16210
9020	16213
9021	16215
9022	16216
9023	16217
9024	16218
9025	16219
9026	16220
9027	16222
9028	16223
9029	16225
9030	16226
9031	16228
9032	16231
9033	16233
9034	16234
9035	16236
9036	16239
9037	16241
9038	16242
9039	16244
9040	16246
9041	16248
9042	16249
9043	16251
9044	16252
9045	16254
9046	16257
9047	16259
9048	16260
9049	16262
9050	16265
9051	16267
9052	16268
9053	16270
9054	16272
9055	16274
9056	16275
9057	16277
9058	16278
9059	16280
9060	16283
9061	16285
9062	16286
9063	16288
9064	16291
9065	16293
9066	16294
9067	16296
9068	16297
9069	16299
9070	16300
9071	16302
9072	16303
9073	16305
9074	16306
9075	16308
9076	16311
9077	16313
9078	16314
9079	16316
9080	16319
9081	16321
9082	16322
9083	16324
9084	16327
9085	16329
9086	16330
9087	16331
9088	16332
9089	16334
9090	16337
9091	16339
9092	16340
9093	16342
9094	16345
9095	16347
9096	16348
9097	16350
9098	16353
9099	16355
9100	16356
9101	16357
9102	16358
9103	16360
9104	16363
9105	16365
9106	16366
9107	16368
9108	16371
9109	16373
9110	16374
9111	16376
9112	16379
9113	16381
9114	16382
9115	16383
9116	16384
9117	16385
9118	16386
9119	16388
9120	16389
9121	16391
9122	16392
9123	16394
9124	16397
9125	16399
9126	16400
9127	16402
9128	16405
9129	16407
9130	16408
9131	16410
9132	16412
9133	16414
9134	16415
9135	16417
9136	16418
9137	16420
9138	16423
9139	16425
9140	16426
9141	16428
9142	16431
9143	16433
9144	16434
9145	16436
9146	16438
9147	16440
9148	16441
9149	16443
9150	16444
9151	16446
9152	16449
9153	16451
9154	16452
9155	16454
9156	16457
9157	16459
9158	16460
9159	16462
9160	16463
9161	16465
9162	16466
9163	16468
9164	16469
9165	16471
9166	16472
9167	16474
9168	16477
9169	16479
9170	16480
9171	16482
9172	16485
9173	16487
9174	16488
9175	16490
9176	16493
9177	16495
9178	16496
9179	16497
9180	16498
9181	16499
9182	16500
9183	16502
9184	16503
9185	16505
9186	16506
9187	16508
9188	16511
9189	16513
9190	16514
9191	16516
9192	16519
9193	16521
9194	16522
9195	16524
9196	16526
9197	16528
9198	16529
9199	16531
9200	16532
9201	16534
9202	16537
9203	16539
9204	16540
9205	16542
9206	16545
9207	16547
9208	16548
9209	16550
9210	16552
9211	16554
9212	16555
9213	16557
9214	16558
9215	16560
9216	16563
9217	16565
9218	16566
9219	16568
9220	16571
9221	16573
9222	16574
9223	16576
9224	16577
9225	16579
9226	16580
9227	16582
9228	16583
9229	16585
9230	16586
9231	16588
9232	16591
9233	16593
9234	16594
9235	16596
9236	16599
9237	16601
9238	16602
9239	16604
9240	16607
9241	16609
9242	16610
9243	16611
9244	16612
9245	16614
9246	16617
9247	16619
9248	16620
9249	16622
9250	16625
9251	16627
9252	16628
9253	16630
9254	16633
9255	16635
9256	16636
9257	16637
9258	16638
9259	16640
9260	16643
9261	16645
9262	16646
9263	16648
9264	16651
9265	16653
9266	16654
9267	16656
9268	16659
9269	16661
9270	16662
9271	16663
9272	16664
9273	16665
9274	16666
9275	16668
9276	16669
9277	16671
9278	16672
9279	16674
9280	16677
9281	16679
9282	16680
9283	16682
9284	16685
9285	16687
9286	16688
9287	16690
9288	16692
9289	16694
9290	16695
9291	16697
9292	16698
9293	16700
9294	16703
9295	16705
9296	16706
9297	16708
9298	16711
9299	16713
9300	16714
9301	16716
9302	16718
9303	16720
9304	16721
9305	16723
9306	16724
9307	16726
9308	16729
9309	16731
9310	16732
9311	16734
9312	16737
9313	16739
9314	16740
9315	16742
9316	16743
9317	16745
9318	16746
9319	16748
9320	16749
9321	16751
9322	16752
9323	16754
9324	16757
9325	16759
9326	16760
9327	16762
9328	16765
9329	16767
9330	16768
9331	16770
9332	16773
9333	16775
9334	16776
9335	16777
9336	16778
9337	16780
9338	16783
9339	16785
9340	16786
9341	16788
9342	16791
9343	16793
9344	16794
9345	16796
9346	16799
9347	16801
9348	16802
9349	16803
9350	16804
9351	16806
9352	16809
9353	16811
9354	16812
9355	16814
9356	16817
9357	16819
9358	16820
9359	16822
9360	16825
9361	16827
9362	16828
9363	16829
9364	16830
9365	16831
9366	16831
9367	16832
9368	16834
9369	16837
9370	16839
9371	16840
9372	16842
9373	16845
9374	16847
9375	16848
9376	16850
9377	16853
9378	16855
9379	16856
9380	16857
9381	16858
9382	16859
9383	16860
9384	16862
9385	16863
9386	16865
9387	16866
9388	16868
9389	16871
9390	16873
9391	16874
9392	16876
9393	16879
9394	16881
9395	16882
9396	16884
9397	16886
9398	16888
9399	16889
9400	16891
9401	16892
9402	16894
9403	16897
9404	16899
9405	16900
9406	16902
9407	16905
9408	16907
9409	16908
9410	16910
9411	16912
9412	16914
9413	16915
9414	16917
9415	16918
9416	16920
9417	16923
9418	16925
9419	16926
9420	16928
9421	16931
9422	16933
9423	16934
9424	16936
9425	16937
9426	16939
9427	16940
9428	16942
9429	16943
9430	16945
9431	16946
9432	16948
9433	16951
9434	16953
9435	16954
9436	16956
9437	16959
9438	16961
9439	16962
9440	16964
9441	16967
9442	16969
9443	16970
9444	16971
9445	16972
9446	16974
9447	16977
9448	16979
9449	16980
9450	16982
9451	16985
9452	16987
9453	16988
9454	16990
9455	16993
9456	16995
9457	16996
9458	16997
9459	16998
9460	17000
9461	17003
9462	17005
9463	17006
9464	17008
9465	17011
9466	17013
9467	17014
9468	17016
9469	17019
9470	17021
9471	17022
9472	17023
9473	17024
9474	17025
9475	17026
9476	17028
9477	17029
9478	17031
9479	17032
9480	17034
9481	17037
9482	17039
9483	17040
9484	17042
9485	17045
9486	17047
9487	17048
9488	17050
9489	17052
9490	17054
9491	17055
9492	17057
9493	17058
9494	17060
9495	17063
9496	17065
9497	17066
9498	17068
9499	17071
9500	17073
9501	17074
9502	17076
9503	17078
9504	17080
9505	17081
9506	17083
9507	17084
9508	17086
9509	17089
9510	17091
9511	17092
9512	17094
9513	17097
9514	17099
9515	17100
9516	17102
9517	17103
9518	17105
9519	17106
9520	17108
9521	17109
9522	17111
9523	17112
9524	17114
9525	17117
9526	17119
9527	17120
9528	17122
9529	17125
9530	17127
9531	17128
9532	17130
9533	17133
9534	17135
9535	17136
9536	17137
9537	17138
9538	17140
9539	17143
9540	17145
9541	17146
9542	17148
9543	17151
9544	17153
9545	17154
9546	17156
9547	17159
9548	17161
9549	17162
9550	17163
9551	17164
9552	17166
9553	17169
9554	17171
9555	17172
9556	17174
9557	17177
9558	17179
9559	17180
9560	17182
9561	17185
9562	17187
9563	17188
9564	17189
9565	17190
9566	17191
9567	17192
9568	17194
9569	17195
9570	17197
9571	17198
9572	17200
9573	17203
9574	17205
9575	17206
9576	17208
9577	17211
9578	17213
9579	17214
9580	17216
9581	17218
9582	17220
9583	17220
9584	17221
9585	17223
9586	17226
9587	17228
9588	17229
9589	17231
9590	17234
9591	17236
9592	17237
9593	17239
9594	17242
9595	17244
9596	17245
9597	17246
9598	17247
9599	17249
9600	17252
9601	17254
9602	17255
9603	17257
9604	17260
9605	17262
9606	17263
9607	17265
9608	17268
9609	17270
9610	17271
9611	17272
9612	17273
9613	17275
9614	17278
9615	17280
9616	17281
9617	17283
9618	17286
9619	17288
9620	17289
9621	17291
9622	17294
9623	17296
9624	17297
9625	17298
9626	17298
9627	17299
9628	17301
9629	17304
9630	17306
9631	17307
9632	17309
9633	17312
9634	17314
9635	17315
9636	17317
9637	17320
9638	17322
9639	17323
9640	17324
9641	17325
9642	17327
9643	17330
9644	17332
9645	17333
9646	17335
9647	17338
9648	17340
9649	17341
9650	17343
9651	17346
9652	17348
9653	17349
9654	17350
9655	17351
9656	17353
9657	17356
9658	17358
9659	17359
9660	17361
9661	17364
9662	17366
9663	17367
9664	17369
9665	17372
9666	17374
9667	17375
9668	17376
9669	17377
9670	17378
9671	17379
9672	17381
9673	17382
9674	17384
9675	17385
9676	17387
9677	17390
9678	17392
9679	17393
9680	17395
9681	17398
9682	17400
9683	17401
9684	17403
9685	17405
9686	17407
9687	17407
9688	17408
9689	17410
9690	17413
9691	17415
9692	17416
9693	17418
9694	17421
9695	17423
9696	17424
9697	17426
9698	17429
9699	17431
9700	17432
9701	17433
9702	17434
9703	17436
9704	17439
9705	17441
9706	17442
9707	17444
9708	17447
9709	17449
9710	17450
9711	17452
9712	17455
9713	17457
9714	17458
9715	17459
9716	17460
9717	17462
9718	17465
9719	17467
9720	17468
9721	17470
9722	17473
9723	17475
9724	17476
9725	17478
9726	17481
9727	17483
9728	17484
9729	17485
9730	17485
9731	17486
9732	17488
9733	17491
9734	17493
9735	17494
9736	17496
9737	17499
9738	17501
9739	17502
9740	17504
9741	17507
9742	17509
9743	17510
9744	17511
9745	17512
9746	17514
9747	17517
9748	17519
9749	17520
9750	17522
9751	17525
9752	17527
9753	17528
9754	17530
9755	17533
9756	17535
9757	17536
9758	17537
9759	17538
9760	17539
9761	17540
9762	17541
9763	17542
9764	17544
9765	17545
9766	17547
9767	17550
9768	17552
9769	17553
9770	17555
9771	17558
9772	17560
9773	17561
9774	17563
9775	17565
9776	17567
9777	17567
9778	17568
9779	17570
9780	17573
9781	17575
9782	17576
9783	17578
9784	17581
9785	17583
9786	17584
9787	17586
9788	17589
9789	17591
9790	17592
9791	17593
9792	17594
9793	17595
9794	17595
9795	17596
9796	17598
9797	17601
9798	17603
9799	17604
9800	17606
9801	17609
9802	17611
9803	17612
9804	17614
9805	17617
9806	17619
9807	17620
9808	17621
9809	17622
9810	17624
9811	17626
9812	17628
9813	17629
9814	17631
9815	17632
9816	17634
9817	17637
9818	17639
9819	17640
9820	17642
9821	17645
9822	17647
9823	17648
9824	17650
9825	17653
9826	17655
9827	17656
9828	17657
9829	17658
9830	17660
9831	17663
9832	17665
9833	17666
9834	17668
9835	17671
9836	17673
9837	17674
9838	17676
9839	17679
9840	17681
9841	17682
9842	17683
9843	17684
9844	17686
9845	17689
9846	17691
9847	17692
9848	17694
9849	17697
9850	17699
9851	17700
9852	17702
9853	17705
9854	17707
9855	17708
9856	17709
9857	17710
9858	17711
9859	17712
9860	17714
9861	17715
9862	17717
9863	17718
9864	17720
9865	17723
9866	17725
9867	17726
9868	17728
9869	17731
9870	17733
9871	17734
9872	17736
9873	17738
9874	17740
9875	17741
9876	17743
9877	17744
9878	17746
9879	17749
9880	17751
9881	17752
9882	17754
9883	17757
9884	17759
9885	17760
9886	17762
9887	17764
9888	17766
9889	17767
9890	17769
9891	17770
9892	17772
9893	17775
9894	17777
9895	17778
9896	17780
9897	17783
9898	17785
9899	17786
9900	17788
9901	17789
9902	17791
9903	17792
9904	17794
9905	17795
9906	17797
9907	17798
9908	17800
9909	17803
9910	17805
9911	17806
9912	17808
9913	17811
9914	17813
9915	17814
9916	17816
9917	17819
9918	17821
9919	17822
9920	17823
9921	17824
9922	17826
9923	17829
9924	17831
9925	17832
9926	17834
9927	17837
9928	17839
9929	17840
9930	17842
9931	17845
9932	17847
9933	17848
9934	17849
9935	17850
9936	17852
9937	17855
9938	17857
9939	17858
9940	17860
9941	17863
9942	17865
9943	17866
9944	17868
9945	17871
9946	17873
9947	17874
9948	17875
9949	17876
9950	17877
9951	17878
9952	17880
9953	17881
9954	17883
9955	17884
9956	17886
9957	17889
9958	17891
9959	17892
9960	17894
9961	17897
9962	17899
9963	17900
9964	17902
9965	17904
9966	17906
9967	17907
9968	17909
9969	17910
9970	17912
9971	17915
9972	17917
9973	17918
9974	17920
9975	17923
9976	17925
9977	17926
9978	17928
9979	17930
9980	17932
9981	17933
9982	17935
9983	17936
9984	17938
9985	17941
9986	17943
9987	17944
9988	17946
9989	17949
9990	17951
9991	17952
9992	17954
9993	17955
9994	17957
9995	17958
9996	17960
9997	17961
9998	17963
9999	17964
10000	17966
10001	17969
10002	17971
10003	17972
10004	17974
10005	17977
10006	17979
10007	17980
10008	17982
10009	17985
10010	17987
10011	17988
10012	17989
10013	17990
10014	17992
10015	17995
10016	17997
10017	17998
10018	18000
10019	18003
10020	18005
10021	18006
10022	18008
10023	18011
10024	18013
10025	18014
10026	18015
10027	18016
10028	18018
10029	18021
10030	18023
10031	18024
10032	18026
10033	18029
10034	18031
10035	18032
10036	18034
10037	18037
10038	18039
10039	18040
10040	18041
10041	18042
10042	18043
10043	18044
10044	18046
10045	18047
10046	18049
10047	18050
10048	18052
10049	18055
10050	18057
10051	18058
10052	18060
10053	18063
10054	18065
10055	18066
10056	18068
10057	18070
10058	18072
10059	18073
10060	18075
10061	18076
10062	18078
10063	18081
10064	18083
10065	18084
10066	18086
10067	18089
10068	18091
10069	18092
10070	18094
10071	18096
10072	18098
10073	18099
10074	18101
10075	18102
10076	18104
10077	18107
10078	18109
10079	18110
10080	18112
10081	18115
10082	18117
10083	18118
10084	18120
10085	18121
10086	18123
10087	18124
10088	18126
10089	18127
10090	18129
10091	18130
10092	18132
10093	18135
10094	18137
10095	18138
10096	18140
10097	18143
10098	18145
10099	18146
10100	18148
10101	18151
10102	18153
10103	18154
10104	18155
10105	18156
10106	18158
10107	18161
10108	18163
10109	18164
10110	18166
10111	18169
10112	18171
10113	18172
10114	18174
10115	18177
10116	18179
10117	18180
10118	18181
10119	18182
10120	18184
10121	18187
10122	18189
10123	18190
10124	18192
10125	18195
10126	18197
10127	18198
10128	18200
10129	18203
10130	18205
10131	18206
10132	18207
10133	18208
10134	18209
10135	18210
10136	18212
10137	18213
10138	18215
10139	18216
10140	18218
10141	18221
10142	18223
10143	18224
10144	18226
10145	18229
10146	18231
10147	18232
10148	18234
10149	18236
10150	18238
10151	18239
10152	18241
10153	18242
10154	18244
10155	18247
10156	18249
10157	18250
10158	18252
10159	18255
10160	18257
10161	18258
10162	18260
10163	18262
10164	18264
10165	18265
10166	18267
10167	18268
10168	18270
10169	18273
10170	18275
10171	18276
10172	18278
10173	18281
10174	18283
10175	18284
10176	18286
10177	18287
10178	18289
10179	18290
10180	18292
10181	18293
10182	18295
10183	18296
10184	18298
10185	18301
10186	18303
10187	18304
10188	18306
10189	18309
10190	18311
10191	18312
10192	18314
10193	18317
10194	18319
10195	18320
10196	18321
10197	18322
10198	18324
10199	18327
10200	18329
10201	18330
10202	18332
10203	18335
10204	18337
10205	18338
10206	18340
10207	18343
10208	18345
10209	18346
10210	18347
10211	18348
10212	18350
10213	18353
10214	18355
10215	18356
10216	18358
10217	18361
10218	18363
10219	18364
10220	18366
10221	18369
10222	18371
10223	18372
10224	18373
10225	18374
10226	18375
10227	18376
10228	18378
10229	18379
10230	18381
10231	18382
10232	18384
10233	18387
10234	18389
10235	18390
10236	18392
10237	18395
10238	18397
10239	18398
10240	18400
10241	18402
10242	18404
10243	18405
10244	18407
10245	18408
10246	18410
10247	18413
10248	18415
10249	18416
10250	18418
10251	18421
10252	18423
10253	18424
10254	18426
10255	18428
10256	18430
10257	18431
10258	18433
10259	18434
10260	18436
10261	18439
10262	18441
10263	18442
10264	18444
10265	18447
10266	18449
10267	18450
10268	18452
10269	18453
10270	18455
10271	18456
10272	18458
10273	18459
10274	18461
10275	18462
10276	18463
10277	18464
10278	18466
10279	18469
10280	18471
10281	18472
10282	18474
10283	18477
10284	18479
10285	18480
10286	18482
10287	18485
10288	18487
10289	18488
10290	18489
10291	18490
10292	18492
10293	18495
10294	18497
10295	18498
10296	18500
10297	18503
10298	18505
10299	18506
10300	18508
10301	18511
10302	18513
10303	18514
10304	18515
10305	18516
10306	18518
10307	18521
10308	18523
10309	18524
10310	18526
10311	18529
10312	18531
10313	18532
10314	18534
10315	18537
10316	18539
10317	18540
10318	18541
10319	18541
10320	18542
10321	18544
10322	18546
10323	18548
10324	18549
10325	18551
10326	18552
10327	18553
10328	18554
10329	18555
10330	18556
10331	18558
10332	18559
10333	18561
10334	18562
10335	18564
10336	18567
10337	18569
10338	18570
10339	18572
10340	18575
10341	18577
10342	18578
10343	18580
10344	18583
10345	18585
10346	18586
10347	18587
10348	18588
10349	18590
10350	18593
10351	18595
10352	18596
10353	18598
10354	18601
10355	18603
10356	18604
10357	18606
10358	18609
10359	18611
10360	18612
10361	18613
10362	18614
10363	18616
10364	18619
10365	18621
10366	18622
10367	18624
10368	18627
10369	18629
10370	18630
10371	18632
10372	18635
10373	18637
10374	18638
10375	18639
10376	18640
10377	18641
10378	18642
10379	18644
10380	18645
10381	18647
10382	18648
10383	18650
10384	18653
10385	18655
10386	18656
10387	18658
10388	18661
10389	18663
10390	18664
10391	18666
10392	18668
10393	18670
10394	18671
10395	18673
10396	18674
10397	18676
10398	18679
10399	18681
10400	18682
10401	18684
10402	18687
10403	18689
10404	18690
10405	18692
10406	18694
10407	18696
10408	18697
10409	18699
10410	18700
10411	18702
10412	18705
10413	18707
10414	18708
10415	18710
10416	18713
10417	18715
10418	18716
10419	18718
10420	18719
10421	18721
10422	18722
10423	18724
10424	18725
10425	18727
10426	18728
10427	18730
10428	18733
10429	18735
10430	18736
10431	18738
10432	18741
10433	18743
10434	18744
10435	18746
10436	18749
10437	18751
10438	18752
10439	18753
10440	18754
10441	18756
10442	18759
10443	18761
10444	18762
10445	18764
10446	18767
10447	18769
10448	18770
10449	18772
10450	18775
10451	18777
10452	18778
10453	18779
10454	18780
10455	18782
10456	18785
10457	18787
10458	18788
10459	18790
10460	18793
10461	18795
10462	18796
10463	18798
10464	18801
10465	18803
10466	18804
10467	18805
10468	18806
10469	18807
10470	18808
10471	18810
10472	18811
10473	18813
10474	18814
10475	18816
10476	18819
10477	18821
10478	18822
10479	18824
10480	18827
10481	18829
10482	18830
10483	18832
10484	18834
10485	18836
10486	18837
10487	18839
10488	18840
10489	18842
10490	18845
10491	18847
10492	18848
10493	18850
10494	18853
10495	18855
10496	18856
10497	18858
10498	18860
10499	18862
10500	18863
10501	18865
10502	18866
10503	18868
10504	18871
10505	18873
10506	18874
10507	18876
10508	18879
10509	18881
10510	18882
10511	18884
10512	18885
10513	18887
10514	18888
10515	18890
10516	18891
10517	18893
10518	18894
10519	18896
10520	18899
10521	18901
10522	18902
10523	18904
10524	18907
10525	18909
10526	18910
10527	18912
10528	18915
10529	18917
10530	18918
10531	18919
10532	18920
10533	18922
10534	18925
10535	18927
10536	18928
10537	18930
10538	18933
10539	18935
10540	18936
10541	18938
10542	18941
10543	18943
10544	18944
10545	18945
10546	18946
10547	18948
10548	18951
10549	18953
10550	18954
10551	18956
10552	18959
10553	18961
10554	18962
10555	18964
10556	18967
10557	18969
10558	18970
10559	18971
10560	18972
10561	18973
10562	18974
10563	18976
10564	18977
10565	18979
10566	18980
10567	18982
10568	18985
10569	18987
10570	18988
10571	18990
10572	18993
10573	18995
10574	18996
10575	18998
10576	19000
10577	19002
10578	19003
10579	19005
10580	19006
10581	19008
10582	19011
10583	19013
10584	19014
10585	19016
10586	19019
10587	19021
10588	19022
10589	19024
10590	19026
10591	19028
10592	19029
10593	19031
10594	19032
10595	19034
10596	19037
10597	19039
10598	19040
10599	19042
10600	19045
10601	19047
10602	19048
10603	19050
10604	19051
10605	19053
10606	19054
10607	19056
10608	19057
10609	19059
10610	19060
10611	19062
10612	19065
10613	19067
10614	19068
10615	19070
10616	19073
10617	19075
10618	19076
10619	19078
10620	19081
10621	19083
10622	19084
10623	19085
10624	19086
10625	19088
10626	19091
10627	19093
10628	19094
10629	19096
10630	19099
10631	19101
10632	19102
10633	19104
10634	19107
10635	19109
10636	19110
10637	19111
10638	19112
10639	19114
10640	19117
10641	19119
10642	19120
10643	19122
10644	19125
10645	19127
10646	19128
10647	19130
10648	19133
10649	19135
10650	19136
10651	19137
10652	19138
10653	19139
10654	19140
10655	19142
10656	19143
10657	19145
10658	19146
10659	19148
10660	19151
10661	19153
10662	19154
10663	19156
10664	19159
10665	19161
10666	19162
10667	19164
10668	19166
10669	19168
10670	19169
10671	19171
10672	19172
10673	19174
10674	19177
10675	19179
10676	19180
10677	19182
10678	19185
10679	19187
10680	19188
10681	19190
10682	19192
10683	19194
10684	19195
10685	19197
10686	19198
10687	19200
10688	19203
10689	19205
10690	19206
10691	19208
10692	19211
10693	19213
10694	19214
10695	19216
10696	19217
10697	19219
10698	19220
10699	19222
10700	19223
10701	19225
10702	19226
10703	19228
10704	19231
10705	19233
10706	19234
10707	19236
10708	19239
10709	19241
10710	19242
10711	19244
10712	19247
10713	19249
10714	19250
10715	19251
10716	19252
10717	19254
10718	19257
10719	19259
10720	19260
10721	19262
10722	19265
10723	19267
10724	19268
10725	19270
10726	19273
10727	19275
10728	19276
10729	19277
10730	19278
10731	19280
10732	19283
10733	19285
10734	19286
10735	19288
10736	19291
10737	19293
10738	19294
10739	19296
10740	19299
10741	19301
10742	19302
10743	19303
10744	19304
10745	19305
10746	19306
10747	19308
10748	19309
10749	19311
10750	19312
10751	19314
10752	19317
10753	19319
10754	19320
10755	19322
10756	19325
10757	19327
10758	19328
10759	19330
10760	19332
10761	19334
10762	19335
10763	19337
10764	19338
10765	19340
10766	19343
10767	19345
10768	19346
10769	19348
10770	19351
10771	19353
10772	19354
10773	19356
10774	19358
10775	19360
10776	19361
10777	19363
10778	19364
10779	19366
10780	19369
10781	19371
10782	19372
10783	19374
10784	19377
10785	19379
10786	19380
10787	19382
10788	19383
10789	19385
10790	19386
10791	19388
10792	19389
10793	19391
10794	19392
10795	19393
10796	19394
10797	19395
10798	19396
10799	19398
10800	19399
10801	19401
10802	19402
10803	19404
10804	19407
10805	19409
10806	19410
10807	19412
10808	19415
10809	19417
10810	19418
10811	19420
10812	19423
10813	19425
10814	19426
10815	19427
10816	19428
10817	19430
10818	19433
10819	19435
10820	19436
10821	19438
10822	19441
10823	19443
10824	19444
10825	19446
10826	19449
10827	19451
10828	19452
10829	19453
10830	19454
10831	19456
10832	19459
10833	19461
10834	19462
10835	19464
10836	19467
10837	19469
10838	19470
10839	19472
10840	19475
10841	19477
10842	19478
10843	19479
10844	19480
10845	19481
10846	19482
10847	19484
10848	19485
10849	19487
10850	19488
10851	19490
10852	19493
10853	19495
10854	19496
10855	19498
10856	19501
10857	19503
10858	19504
10859	19506
10860	19508
10861	19510
10862	19511
10863	19513
10864	19514
10865	19516
10866	19519
10867	19521
10868	19522
10869	19524
10870	19527
10871	19529
10872	19530
10873	19532
10874	19534
10875	19536
10876	19537
10877	19539
10878	19540
10879	19542
10880	19545
10881	19547
10882	19548
10883	19550
10884	19553
10885	19555
10886	19556
10887	19558
10888	19559
10889	19561
10890	19562
10891	19564
10892	19565
10893	19567
10894	19568
10895	19570
10896	19573
10897	19575
10898	19576
10899	19578
10900	19581
10901	19583
10902	19584
10903	19586
10904	19589
10905	19591
10906	19592
10907	19593
10908	19594
10909	19596
10910	19599
10911	19601
10912	19602
10913	19604
10914	19607
10915	19609
10916	19610
10917	19612
10918	19615
10919	19617
10920	19618
10921	19619
10922	19620
10923	19622
10924	19625
10925	19627
10926	19628
10927	19630
10928	19633
10929	19635
10930	19636
10931	19638
10932	19641
10933	19643
10934	19644
10935	19645
10936	19646
10937	19647
10938	19648
10939	19650
10940	19651
10941	19653
10942	19654
10943	19656
10944	19659
10945	19661
10946	19662
10947	19664
10948	19667
10949	19669
10950	19670
10951	19672
10952	19674
10953	19676
10954	19677
10955	19679
10956	19680
10957	19682
10958	19685
10959	19687
10960	19688
10961	19690
10962	19693
10963	19695
10964	19696
10965	19698
10966	19700
10967	19702
10968	19703
10969	19705
10970	19706
10971	19708
10972	19711
10973	19713
10974	19714
10975	19716
10976	19719
10977	19721
10978	19722
10979	19724
10980	19725
10981	19727
10982	19728
10983	19730
10984	19731
10985	19733
10986	19734
10987	19736
10988	19739
10989	19741
10990	19742
10991	19744
10992	19747
10993	19749
10994	19750
10995	19752
10996	19755
10997	19757
10998	19758
10999	19759
11000	19760
11001	19762
11002	19765
11003	19767
11004	19768
11005	19770
11006	19773
11007	19775
11008	19776
11009	19778
11010	19781
11011	19783
11012	19784
11013	19785
11014	19786
11015	19788
11016	19791
11017	19793
11018	19794
11019	19796
11020	19799
11021	19801
11022	19802
11023	19804
11024	19807
11025	19809
11026	19810
11027	19811
11028	19812
11029	19813
11030	19814
11031	19816
11032	19817
11033	19819
11034	19820
11035	19822
11036	19825
11037	19827
11038	19828
11039	19830
11040	19833
11041	19835
11042	19836
11043	19838
11044	19840
11045	19842
11046	19843
11047	19845
11048	19846
11049	19848
11050	19851
11051	19853
11052	19854
11053	19856
11054	19859
11055	19861
11056	19862
11057	19864
11058	19866
11059	19868
11060	19869
11061	19871
11062	19872
11063	19874
11064	19877
11065	19879
11066	19880
11067	19882
11068	19885
11069	19887
11070	19888
11071	19890
11072	19891
11073	19893
11074	19894
11075	19896
11076	19897
11077	19899
11078	19900
11079	19902
11080	19905
11081	19907
11082	19908
11083	19910
11084	19913
11085	19915
11086	19916
11087	19918
11088	19921
11089	19923
11090	19924
11091	19925
11092	19926
11093	19928
11094	19931
11095	19933
11096	19934
11097	19936
11098	19939
11099	19941
11100	19942
11101	19944
11102	19947
11103	19949
11104	19950
11105	19951
11106	19952
11107	19954
11108	19957
11109	19959
11110	19960
11111	19962
11112	19965
11113	19967
11114	19968
11115	19970
11116	19973
11117	19975
11118	19976
11119	19977
11120	19978
11121	19979
11122	19980
11123	19982
11124	19983
11125	19985
11126	19986
11127	19988
11128	19991
11129	19993
11130	19994
11131	19996
11132	19999
11133	20001
11134	20002
11135	20004
11136	20006
11137	20008
11138	20008
11139	20009
11140	20010
11141	20011
11142	20013
11143	20014
11144	20016
11145	20017
11146	20019
11147	20022
11148	20024
11149	20025
11150	20027
11151	20029
11152	20031
11153	20032
11154	20034
11155	20035
11156	20037
11157	20040
11158	20042
11159	20043
11160	20045
11161	20048
11162	20050
11163	20051
11164	20053
11165	20055
11166	20057
11167	20057
11168	20058
11169	20060
11170	20063
11171	20065
11172	20066
11173	20068
11174	20071
11175	20073
11176	20074
11177	20076
11178	20079
11179	20081
11180	20082
11181	20083
11182	20084
11183	20086
11184	20089
11185	20091
11186	20092
11187	20094
11188	20097
11189	20099
11190	20100
11191	20102
11192	20105
11193	20107
11194	20108
11195	20109
11196	20110
11197	20112
11198	20115
11199	20117
11200	20118
11201	20120
11202	20123
11203	20125
11204	20126
11205	20128
11206	20131
11207	20133
11208	20134
11209	20135
11210	20135
11211	20136
11212	20138
11213	20141
11214	20143
11215	20144
11216	20146
11217	20149
11218	20151
11219	20152
11220	20154
11221	20157
11222	20159
11223	20160
11224	20161
11225	20162
11226	20164
11227	20167
11228	20169
11229	20170
11230	20172
11231	20175
11232	20177
11233	20178
11234	20180
11235	20183
11236	20185
11237	20186
11238	20187
11239	20188
11240	20190
11241	20193
11242	20195
11243	20196
11244	20198
11245	20201
11246	20203
11247	20204
11248	20206
11249	20209
11250	20211
11251	20212
11252	20213
11253	20214
11254	20215
11255	20216
11256	20218
11257	20219
11258	20221
11259	20222
11260	20224
11261	20227
11262	20229
11263	20230
11264	20232
11265	20235
11266	20237
11267	20238
11268	20240
11269	20242
11270	20244
11271	20245
11272	20247
11273	20248
11274	20250
11275	20253
11276	20255
11277	20256
11278	20258
11279	20261
11280	20263
11281	20264
11282	20266
11283	20268
11284	20270
11285	20271
11286	20273
11287	20274
11288	20276
11289	20279
11290	20281
11291	20282
11292	20284
11293	20287
11294	20289
11295	20290
11296	20292
11297	20293
11298	20295
11299	20296
11300	20298
11301	20299
11302	20301
11303	20302
11304	20304
11305	20307
11306	20309
11307	20310
11308	20312
11309	20315
11310	20317
11311	20318
11312	20320
11313	20323
11314	20325
11315	20326
11316	20327
11317	20328
11318	20330
11319	20333
11320	20335
11321	20336
11322	20338
11323	20341
11324	20343
11325	20344
11326	20346
11327	20349
11328	20351
11329	20352
11330	20353
11331	20354
11332	20356
11333	20359
11334	20361
11335	20362
11336	20364
11337	20367
11338	20369
11339	20370
11340	20372
11341	20375
11342	20377
11343	20378
11344	20379
11345	20380
11346	20381
11347	20382
11348	20384
11349	20385
11350	20387
11351	20388
11352	20390
11353	20393
11354	20395
11355	20396
11356	20398
11357	20401
11358	20403
11359	20404
11360	20406
11361	20408
11362	20410
11363	20411
11364	20413
11365	20414
11366	20416
11367	20419
11368	20421
11369	20422
11370	20424
11371	20427
11372	20429
11373	20430
11374	20432
11375	20434
11376	20436
11377	20437
11378	20439
11379	20440
11380	20442
11381	20445
11382	20447
11383	20448
11384	20450
11385	20453
11386	20455
11387	20456
11388	20458
11389	20459
11390	20461
11391	20462
11392	20464
11393	20465
11394	20467
11395	20468
11396	20470
11397	20473
11398	20475
11399	20476
11400	20478
11401	20481
11402	20483
11403	20484
11404	20486
11405	20489
11406	20491
11407	20492
11408	20493
11409	20494
11410	20496
11411	20499
11412	20501
11413	20502
11414	20504
11415	20507
11416	20509
11417	20510
11418	20512
11419	20515
11420	20517
11421	20518
11422	20519
11423	20520
11424	20522
11425	20525
11426	20527
11427	20528
11428	20530
11429	20533
11430	20535
11431	20536
11432	20538
11433	20541
11434	20543
11435	20544
11436	20545
11437	20546
11438	20547
11439	20548
11440	20550
11441	20550
11442	20553
11443	20555
11444	20556
11445	20558
11446	20561
11447	20563
11448	20564
11449	20566
11450	20569
11451	20571
11452	20572
11453	20573
11454	20574
11455	20576
11456	20579
11457	20581
11458	20582
11459	20584
11460	20587
11461	20589
11462	20590
11463	20592
11464	20595
11465	20597
11466	20598
11467	20599
11468	20600
11469	20602
11470	20605
11471	20607
11472	20608
11473	20610
11474	20613
11475	20615
11476	20616
11477	20618
11478	20621
11479	20623
11480	20624
11481	20625
11482	20626
11483	20627
11484	20628
11485	20630
11486	20631
11487	20633
11488	20634
11489	20636
11490	20639
11491	20641
11492	20642
11493	20644
11494	20647
11495	20649
11496	20650
11497	20652
11498	20654
11499	20656
11500	20657
11501	20659
11502	20660
11503	20662
11504	20665
11505	20667
11506	20668
11507	20670
11508	20673
11509	20675
11510	20676
11511	20678
11512	20680
11513	20682
11514	20683
11515	20685
11516	20686
11517	20688
11518	20691
11519	20693
11520	20694
11521	20696
11522	20699
11523	20701
11524	20702
11525	20704
11526	20705
11527	20707
11528	20708
11529	20710
11530	20711
11531	20713
11532	20714
11533	20716
11534	20719
11535	20721
11536	20722
11537	20724
11538	20727
11539	20729
11540	20730
11541	20732
11542	20735
11543	20737
11544	20738
11545	20739
11546	20740
11547	20742
11548	20745
11549	20747
11550	20748
11551	20750
11552	20753
11553	20755
11554	20756
11555	20758
11556	20761
11557	20763
11558	20764
11559	20765
11560	20766
11561	20767
11562	20768
11563	20770
11564	20771
11565	20773
11566	20774
11567	20776
11568	20779
11569	20781
11570	20782
11571	20784
11572	20787
11573	20789
11574	20790
11575	20792
11576	20794
11577	20796
11578	20797
11579	20799
11580	20800
11581	20802
11582	20805
11583	20807
11584	20808
11585	20810
11586	20813
11587	20815
11588	20816
11589	20818
11590	20820
11591	20822
11592	20823
11593	20825
11594	20826
11595	20828
11596	20831
11597	20833
11598	20834
11599	20836
11600	20839
11601	20841
11602	20842
11603	20844
11604	20845
11605	20847
11606	20848
11607	20850
11608	20851
11609	20853
11610	20854
11611	20856
11612	20859
11613	20861
11614	20862
11615	20864
11616	20867
11617	20869
11618	20870
11619	20872
11620	20875
11621	20877
11622	20878
11623	20879
11624	20880
11625	20882
11626	20885
11627	20887
11628	20888
11629	20890
11630	20893
11631	20895
11632	20896
11633	20898
11634	20901
11635	20903
11636	20904
11637	20905
11638	20906
11639	20908
11640	20911
11641	20913
11642	20914
11643	20916
11644	20919
11645	20921
11646	20922
11647	20924
11648	20927
11649	20929
11650	20930
11651	20931
11652	20932
11653	20933
11654	20934
11655	20935
11656	20936
11657	20938
11658	20939
11659	20941
11660	20944
11661	20946
11662	20947
11663	20949
11664	20952
11665	20954
11666	20955
11667	20957
11668	20959
11669	20961
11670	20962
11671	20964
11672	20965
11673	20967
11674	20970
11675	20972
11676	20973
11677	20975
11678	20978
11679	20980
11680	20981
11681	20983
11682	20985
11683	20987
11684	20987
11685	20988
11686	20990
11687	20993
11688	20995
11689	20996
11690	20998
11691	21001
11692	21003
11693	21004
11694	21006
11695	21009
11696	21011
11697	21012
11698	21013
11699	21014
11700	21016
11701	21019
11702	21021
11703	21022
11704	21024
11705	21027
11706	21029
11707	21030
11708	21032
11709	21035
11710	21037
11711	21038
11712	21039
11713	21040
11714	21041
11715	21042
11716	21044
11717	21045
11718	21047
11719	21048
11720	21050
11721	21053
11722	21055
11723	21056
11724	21058
11725	21061
11726	21063
11727	21064
11728	21066
11729	21068
11730	21070
11731	21071
11732	21073
11733	21074
11734	21076
11735	21079
11736	21081
11737	21082
11738	21084
11739	21087
11740	21089
11741	21090
11742	21092
11743	21094
11744	21096
11745	21097
11746	21099
11747	21100
11748	21102
11749	21105
11750	21107
11751	21108
11752	21110
11753	21113
11754	21115
11755	21116
11756	21118
11757	21119
11758	21121
11759	21121
11760	21122
11761	21123
11762	21124
11763	21126
11764	21127
11765	21129
11766	21132
11767	21134
11768	21135
11769	21137
11770	21140
11771	21142
11772	21143
11773	21145
11774	21147
11775	21149
11776	21150
11777	21152
11778	21153
11779	21155
11780	21158
11781	21160
11782	21161
11783	21163
11784	21166
11785	21168
11786	21169
11787	21171
11788	21173
11789	21175
11790	21175
11791	21176
11792	21178
11793	21181
11794	21183
11795	21184
11796	21186
11797	21189
11798	21191
11799	21192
11800	21194
11801	21197
11802	21199
11803	21200
11804	21201
11805	21202
11806	21204
11807	21207
11808	21209
11809	21210
11810	21212
11811	21215
11812	21217
11813	21218
11814	21220
11815	21223
11816	21225
11817	21226
11818	21227
11819	21228
11820	21230
11821	21233
11822	21235
11823	21236
11824	21238
11825	21241
11826	21243
11827	21244
11828	21246
11829	21249
11830	21251
11831	21252
11832	21253
11833	21253
11834	21254
11835	21255
11836	21256
11837	21258
11838	21261
11839	21263
11840	21264
11841	21266
11842	21269
11843	21271
11844	21272
11845	21274
11846	21277
11847	21279
11848	21280
11849	21281
11850	21282
11851	21284
11852	21287
11853	21289
11854	21290
11855	21292
11856	21295
11857	21297
11858	21298
11859	21300
11860	21303
11861	21305
11862	21306
11863	21307
11864	21308
11865	21310
11866	21313
11867	21315
11868	21316
11869	21318
11870	21321
11871	21323
11872	21324
11873	21326
11874	21329
11875	21331
11876	21332
11877	21333
11878	21333
11879	21334
11880	21335
11881	21336
11882	21337
11883	21338
11884	21340
11885	21341
11886	21343
11887	21344
11888	21346
11889	21349
11890	21351
11891	21352
11892	21354
11893	21357
11894	21359
11895	21360
11896	21362
11897	21365
11898	21367
11899	21368
11900	21369
11901	21370
11902	21372
11903	21375
11904	21377
11905	21378
11906	21380
11907	21383
11908	21385
11909	21386
11910	21388
11911	21391
11912	21393
11913	21394
11914	21395
11915	21396
11916	21398
11917	21401
11918	21403
11919	21404
11920	21406
11921	21409
11922	21411
11923	21412
11924	21414
11925	21417
11926	21419
11927	21420
11928	21421
11929	21422
11930	21423
11931	21424
11932	21426
11933	21427
11934	21429
11935	21430
11936	21432
11937	21435
11938	21437
11939	21438
11940	21440
11941	21443
11942	21445
11943	21446
11944	21448
11945	21450
11946	21452
11947	21453
11948	21455
11949	21456
11950	21458
11951	21461
11952	21463
11953	21464
11954	21466
11955	21469
11956	21471
11957	21472
11958	21474
11959	21476
11960	21478
11961	21479
11962	21481
11963	21482
11964	21484
11965	21487
11966	21489
11967	21490
11968	21492
11969	21495
11970	21497
11971	21498
11972	21500
11973	21501
11974	21503
11975	21504
11976	21506
11977	21507
11978	21509
11979	21510
11980	21512
11981	21515
11982	21517
11983	21518
11984	21520
11985	21523
11986	21525
11987	21526
11988	21528
11989	21531
11990	21533
11991	21534
11992	21535
11993	21536
11994	21538
11995	21541
11996	21543
11997	21544
11998	21546
11999	21549
12000	21551
12001	21552
12002	21554
12003	21557
12004	21559
12005	21560
12006	21561
12007	21562
12008	21564
12009	21567
12010	21569
12011	21570
12012	21572
12013	21575
12014	21577
12015	21578
12016	21580
12017	21583
12018	21585
12019	21586
12020	21587
12021	21588
12022	21589
12023	21590
12024	21592
12025	21593
12026	21595
12027	21596
12028	21598
12029	21601
12030	21603
12031	21604
12032	21606
12033	21609
12034	21611
12035	21612
12036	21614
12037	21616
12038	21618
12039	21619
12040	21621
12041	21622
12042	21624
12043	21627
12044	21629
12045	21630
12046	21632
12047	21635
12048	21637
12049	21638
12050	21640
12051	21642
12052	21644
12053	21645
12054	21647
12055	21648
12056	21650
12057	21653
12058	21655
12059	21656
12060	21658
12061	21661
12062	21663
12063	21664
12064	21666
12065	21667
12066	21669
12067	21670
12068	21672
12069	21673
12070	21675
12071	21676
12072	21678
12073	21681
12074	21683
12075	21684
12076	21686
12077	21689
12078	21691
12079	21692
12080	21694
12081	21697
12082	21699
12083	21700
12084	21701
12085	21702
12086	21704
12087	21707
12088	21709
12089	21710
12090	21712
12091	21715
12092	21717
12093	21718
12094	21720
12095	21723
12096	21725
12097	21726
12098	21727
12099	21728
12100	21730
12101	21733
12102	21735
12103	21736
12104	21738
12105	21741
12106	21743
12107	21744
12108	21746
12109	21749
12110	21751
12111	21752
12112	21753
12113	21754
12114	21755
12115	21756
12116	21758
12117	21759
12118	21761
12119	21762
12120	21764
12121	21767
12122	21769
12123	21770
12124	21772
12125	21775
12126	21777
12127	21778
12128	21780
12129	21782
12130	21784
12131	21785
12132	21787
12133	21788
12134	21790
12135	21793
12136	21795
12137	21796
12138	21798
12139	21801
12140	21803
12141	21804
12142	21806
12143	21808
12144	21810
12145	21811
12146	21813
12147	21814
12148	21816
12149	21819
12150	21821
12151	21822
12152	21824
12153	21827
12154	21829
12155	21830
12156	21832
12157	21833
12158	21835
12159	21836
12160	21838
12161	21839
12162	21841
12163	21842
12164	21844
12165	21847
12166	21849
12167	21850
12168	21852
12169	21855
12170	21857
12171	21858
12172	21860
12173	21863
12174	21865
12175	21866
12176	21867
12177	21868
12178	21870
12179	21873
12180	21875
12181	21876
12182	21878
12183	21881
12184	21883
12185	21884
12186	21886
12187	21889
12188	21891
12189	21892
12190	21893
12191	21894
12192	21896
12193	21899
12194	21901
12195	21902
12196	21904
12197	21907
12198	21909
12199	21910
12200	21912
12201	21915
12202	21917
12203	21918
12204	21919
12205	21920
12206	21921
12207	21922
12208	21924
12209	21925
12210	21927
12211	21928
12212	21930
12213	21933
12214	21935
12215	21936
12216	21938
12217	21941
12218	21943
12219	21944
12220	21946
12221	21948
12222	21950
12223	21951
12224	21953
12225	21954
12226	21956
12227	21959
12228	21961
12229	21962
12230	21964
12231	21967
12232	21969
12233	21970
12234	21972
12235	21974
12236	21976
12237	21977
12238	21979
12239	21980
12240	21982
12241	21985
12242	21987
12243	21988
12244	21990
12245	21993
12246	21995
12247	21996
12248	21998
12249	21999
12250	22001
12251	22002
12252	22004
12253	22005
12254	22007
12255	22008
12256	22010
12257	22013
12258	22015
12259	22016
12260	22018
12261	22021
12262	22023
12263	22024
12264	22026
12265	22029
12266	22031
12267	22032
12268	22033
12269	22034
12270	22036
12271	22039
12272	22041
12273	22042
12274	22044
12275	22047
12276	22049
12277	22050
12278	22052
12279	22055
12280	22057
12281	22058
12282	22059
12283	22060
12284	22062
12285	22065
12286	22067
12287	22068
12288	22070
12289	22073
12290	22075
12291	22076
12292	22078
12293	22081
12294	22083
12295	22084
12296	22085
12297	22086
12298	22087
12299	22088
12300	22090
12301	22091
12302	22093
12303	22094
12304	22096
12305	22099
12306	22101
12307	22102
12308	22104
12309	22107
12310	22109
12311	22110
12312	22112
12313	22114
12314	22116
12315	22117
12316	22119
12317	22120
12318	22122
12319	22125
12320	22127
12321	22128
12322	22130
12323	22133
12324	22135
12325	22136
12326	22138
12327	22140
12328	22142
12329	22143
12330	22145
12331	22146
12332	22148
12333	22151
12334	22153
12335	22154
12336	22156
12337	22159
12338	22161
12339	22162
12340	22164
12341	22165
12342	22167
12343	22168
12344	22170
12345	22171
12346	22173
12347	22174
12348	22176
12349	22179
12350	22181
12351	22182
12352	22184
12353	22187
12354	22189
12355	22190
12356	22192
12357	22195
12358	22197
12359	22198
12360	22199
12361	22200
12362	22202
12363	22205
12364	22207
12365	22208
12366	22210
12367	22213
12368	22215
12369	22216
12370	22218
12371	22221
12372	22223
12373	22224
12374	22225
12375	22226
12376	22228
12377	22231
12378	22233
12379	22234
12380	22236
12381	22239
12382	22241
12383	22242
12384	22244
12385	22247
12386	22249
12387	22250
12388	22251
12389	22252
12390	22253
12391	22254
12392	22255
12393	22256
12394	22258
12395	22259
12396	22261
12397	22264
12398	22266
12399	22267
12400	22269
12401	22272
12402	22274
12403	22275
12404	22277
12405	22279
12406	22281
12407	22282
12408	22284
12409	22285
12410	22287
12411	22290
12412	22292
12413	22293
12414	22295
12415	22298
12416	22300
12417	22301
12418	22303
12419	22305
12420	22307
12421	22307
12422	22308
12423	22310
12424	22313
12425	22315
12426	22316
12427	22318
12428	22321
12429	22323
12430	22324
12431	22326
12432	22329
12433	22331
12434	22332
12435	22333
12436	22334
12437	22336
12438	22339
12439	22341
12440	22342
12441	22344
12442	22347
12443	22349
12444	22350
12445	22352
12446	22355
12447	22357
12448	22358
12449	22359
12450	22360
12451	22362
12452	22365
12453	22367
12454	22368
12455	22370
12456	22373
12457	22375
12458	22376
12459	22378
12460	22381
12461	22383
12462	22384
12463	22385
12464	22385
12465	22386
12466	22388
12467	22391
12468	22393
12469	22394
12470	22396
12471	22399
12472	22401
12473	22402
12474	22404
12475	22407
12476	22409
12477	22410
12478	22411
12479	22412
12480	22414
12481	22417
12482	22419
12483	22420
12484	22422
12485	22425
12486	22427
12487	22428
12488	22430
12489	22433
12490	22435
12491	22436
12492	22437
12493	22438
12494	22440
12495	22443
12496	22445
12497	22446
12498	22448
12499	22451
12500	22453
12501	22454
12502	22456
12503	22459
12504	22461
12505	22462
12506	22463
12507	22464
12508	22465
12509	22466
12510	22468
12511	22469
12512	22471
12513	22472
12514	22474
12515	22477
12516	22479
12517	22480
12518	22482
12519	22485
12520	22487
12521	22488
12522	22490
12523	22492
12524	22494
12525	22495
12526	22497
12527	22498
12528	22500
12529	22503
12530	22505
12531	22506
12532	22508
12533	22511
12534	22513
12535	22514
12536	22516
12537	22518
12538	22520
12539	22521
12540	22523
12541	22524
12542	22526
12543	22529
12544	22531
12545	22532
12546	22534
12547	22537
12548	22539
12549	22540
12550	22542
12551	22543
12552	22545
12553	22546
12554	22548
12555	22549
12556	22551
12557	22552
12558	22554
12559	22557
12560	22559
12561	22560
12562	22562
12563	22565
12564	22567
12565	22568
12566	22570
12567	22573
12568	22575
12569	22576
12570	22577
12571	22578
12572	22580
12573	22583
12574	22585
12575	22586
12576	22588
12577	22591
12578	22593
12579	22594
12580	22596
12581	22599
12582	22601
12583	22602
12584	22603
12585	22604
12586	22605
12587	22606
12588	22608
12589	22609
12590	22611
12591	22612
12592	22614
12593	22617
12594	22619
12595	22620
12596	22622
12597	22625
12598	22627
12599	22628
12600	22630
12601	22632
12602	22634
12603	22634
12604	22635
12605	22637
12606	22640
12607	22642
12608	22643
12609	22645
12610	22648
12611	22650
12612	22651
12613	22653
12614	22656
12615	22658
12616	22659
12617	22660
12618	22661
12619	22663
12620	22666
12621	22668
12622	22669
12623	22671
12624	22674
12625	22676
12626	22677
12627	22679
12628	22682
12629	22684
12630	22685
12631	22686
12632	22687
12633	22689
12634	22692
12635	22694
12636	22695
12637	22697
12638	22700
12639	22702
12640	22703
12641	22705
12642	22708
12643	22710
12644	22711
12645	22712
12646	22712
12647	22713
12648	22715
12649	22718
12650	22720
12651	22721
12652	22723
12653	22726
12654	22728
12655	22729
12656	22731
12657	22734
12658	22736
12659	22737
12660	22738
12661	22739
12662	22741
12663	22744
12664	22746
12665	22747
12666	22749
12667	22752
12668	22754
12669	22755
12670	22757
12671	22760
12672	22762
12673	22763
12674	22764
12675	22765
12676	22766
12677	22766
12678	22767
12679	22769
12680	22772
12681	22774
12682	22775
12683	22777
12684	22780
12685	22782
12686	22783
12687	22785
12688	22788
12689	22790
12690	22791
12691	22792
12692	22793
12693	22795
12694	22798
12695	22800
12696	22801
12697	22803
12698	22806
12699	22808
12700	22809
12701	22811
12702	22814
12703	22816
12704	22817
12705	22818
12706	22819
12707	22821
12708	22824
12709	22826
12710	22827
12711	22829
12712	22832
12713	22834
12714	22835
12715	22837
12716	22840
12717	22842
12718	22843
12719	22844
12720	22845
12721	22846
12722	22847
12723	22849
12724	22850
12725	22852
12726	22853
12727	22855
12728	22858
12729	22860
12730	22861
12731	22863
12732	22866
12733	22868
12734	22869
12735	22871
12736	22873
12737	22875
12738	22876
12739	22878
12740	22879
12741	22881
12742	22884
12743	22886
12744	22887
12745	22889
12746	22892
12747	22894
12748	22895
12749	22897
12750	22899
12751	22901
12752	22902
12753	22904
12754	22905
12755	22907
12756	22910
12757	22912
12758	22913
12759	22915
12760	22918
12761	22920
12762	22921
12763	22923
12764	22924
12765	22926
12766	22927
12767	22929
12768	22930
12769	22932
12770	22933
12771	22935
12772	22938
12773	22940
12774	22941
12775	22943
12776	22946
12777	22948
12778	22949
12779	22951
12780	22954
12781	22956
12782	22957
12783	22958
12784	22959
12785	22961
12786	22964
12787	22966
12788	22967
12789	22969
12790	22972
12791	22974
12792	22975
12793	22977
12794	22980
12795	22982
12796	22983
12797	22984
12798	22985
12799	22987
12800	22990
12801	22992
12802	22993
12803	22995
12804	22998
12805	23000
12806	23001
12807	23003
12808	23006
12809	23008
12810	23009
12811	23010
12812	23011
12813	23012
12814	23013
12815	23015
12816	23016
12817	23018
12818	23019
12819	23021
12820	23024
12821	23026
12822	23027
12823	23029
12824	23032
12825	23034
12826	23035
12827	23037
12828	23039
12829	23041
12830	23042
12831	23044
12832	23045
12833	23047
12834	23050
12835	23052
12836	23053
12837	23055
12838	23058
12839	23060
12840	23061
12841	23063
12842	23065
12843	23067
12844	23068
12845	23070
12846	23071
12847	23073
12848	23076
12849	23078
12850	23079
12851	23081
12852	23084
12853	23086
12854	23087
12855	23089
12856	23090
12857	23092
12858	23093
12859	23095
12860	23096
12861	23098
12862	23099
12863	23101
12864	23104
12865	23106
12866	23107
12867	23109
12868	23112
12869	23114
12870	23115
12871	23117
12872	23120
12873	23122
12874	23123
12875	23124
12876	23125
12877	23127
12878	23130
12879	23132
12880	23133
12881	23135
12882	23138
12883	23140
12884	23141
12885	23143
12886	23146
12887	23148
12888	23149
12889	23150
12890	23151
12891	23153
12892	23156
12893	23158
12894	23159
12895	23161
12896	23164
12897	23166
12898	23167
12899	23169
12900	23172
12901	23174
12902	23175
12903	23176
12904	23177
12905	23178
12906	23179
12907	23181
12908	23182
12909	23184
12910	23185
12911	23187
12912	23190
12913	23192
12914	23193
12915	23195
12916	23198
12917	23200
12918	23201
12919	23203
12920	23205
12921	23207
12922	23208
12923	23210
12924	23211
12925	23213
12926	23216
12927	23218
12928	23219
12929	23221
12930	23224
12931	23226
12932	23227
12933	23229
12934	23231
12935	23233
12936	23234
12937	23236
12938	23237
12939	23239
12940	23242
12941	23244
12942	23245
12943	23247
12944	23250
12945	23252
12946	23253
12947	23255
12948	23256
12949	23258
12950	23259
12951	23261
12952	23262
12953	23264
12954	23265
12955	23267
12956	23270
12957	23272
12958	23273
12959	23275
12960	23278
12961	23280
12962	23281
12963	23283
12964	23286
12965	23288
12966	23289
12967	23290
12968	23291
12969	23293
12970	23296
12971	23298
12972	23299
12973	23301
12974	23304
12975	23306
12976	23307
12977	23309
12978	23312
12979	23314
12980	23315
12981	23316
12982	23317
12983	23319
12984	23322
12985	23324
12986	23325
12987	23327
12988	23330
12989	23332
12990	23333
12991	23335
12992	23338
12993	23340
12994	23341
12995	23342
12996	23343
12997	23344
12998	23345
12999	23347
13000	23348
13001	23350
13002	23351
13003	23353
13004	23356
13005	23358
13006	23359
13007	23361
13008	23364
13009	23366
13010	23367
13011	23369
13012	23371
13013	23373
13014	23374
13015	23376
13016	23377
13017	23379
13018	23382
13019	23384
13020	23385
13021	23387
13022	23390
13023	23392
13024	23393
13025	23395
13026	23397
13027	23399
13028	23400
13029	23402
13030	23403
13031	23405
13032	23408
13033	23410
13034	23411
13035	23413
13036	23416
13037	23418
13038	23419
13039	23421
13040	23422
13041	23424
13042	23425
13043	23427
13044	23428
13045	23430
13046	23431
13047	23433
13048	23436
13049	23438
13050	23439
13051	23441
13052	23444
13053	23446
13054	23447
13055	23449
13056	23452
13057	23454
13058	23455
13059	23456
13060	23457
13061	23459
13062	23462
13063	23464
13064	23465
13065	23467
13066	23470
13067	23472
13068	23473
13069	23475
13070	23478
13071	23480
13072	23481
13073	23482
13074	23483
13075	23484
13076	23485
13077	23486
13078	23487
13079	23489
13080	23490
13081	23492
13082	23495
13083	23497
13084	23498
13085	23500
13086	23503
13087	23505
13088	23506
13089	23508
13090	23510
13091	23512
13092	23513
13093	23515
13094	23516
13095	23518
13096	23521
13097	23523
13098	23524
13099	23526
13100	23529
13101	23531
13102	23532
13103	23534
13104	23536
13105	23538
13106	23538
13107	23539
13108	23540
13109	23541
13110	23543
13111	23544
13112	23546
13113	23547
13114	23549
13115	23552
13116	23554
13117	23555
13118	23557
13119	23560
13120	23562
13121	23563
13122	23565
13123	23568
13124	23570
13125	23571
13126	23572
13127	23573
13128	23574
13129	23575
13130	23576
13131	23577
13132	23579
13133	23580
13134	23582
13135	23585
13136	23587
13137	23588
13138	23590
13139	23593
13140	23595
13141	23596
13142	23598
13143	23600
13144	23602
13145	23603
13146	23605
13147	23606
13148	23608
13149	23611
13150	23613
13151	23614
13152	23616
13153	23619
13154	23621
13155	23622
13156	23624
13157	23626
13158	23628
13159	23628
13160	23629
13161	23631
13162	23634
13163	23636
13164	23637
13165	23639
13166	23642
13167	23644
13168	23645
13169	23647
13170	23650
13171	23652
13172	23653
13173	23654
13174	23655
13175	23657
13176	23660
13177	23662
13178	23663
13179	23665
13180	23668
13181	23670
13182	23671
13183	23673
13184	23676
13185	23678
13186	23679
13187	23680
13188	23681
13189	23682
13190	23683
13191	23684
13192	23685
13193	23687
13194	23688
13195	23690
13196	23693
13197	23695
13198	23696
13199	23698
13200	23701
13201	23703
13202	23704
13203	23706
13204	23708
13205	23710
13206	23711
13207	23713
13208	23714
13209	23716
13210	23719
13211	23721
13212	23722
13213	23724
13214	23727
13215	23729
13216	23730
13217	23732
13218	23734
13219	23736
13220	23736
13221	23737
13222	23739
13223	23742
13224	23744
13225	23745
13226	23747
13227	23750
13228	23752
13229	23753
13230	23755
13231	23758
13232	23760
13233	23761
13234	23762
13235	23763
13236	23765
13237	23768
13238	23770
13239	23771
13240	23773
13241	23776
13242	23778
13243	23779
13244	23781
13245	23784
13246	23786
13247	23787
13248	23788
13249	23789
13250	23791
13251	23794
13252	23796
13253	23797
13254	23799
13255	23802
13256	23804
13257	23805
13258	23807
13259	23810
13260	23812
13261	23813
13262	23814
13263	23814
13264	23815
13265	23817
13266	23820
13267	23822
13268	23823
13269	23825
13270	23828
13271	23830
13272	23831
13273	23833
13274	23836
13275	23838
13276	23839
13277	23840
13278	23841
13279	23843
13280	23846
13281	23848
13282	23849
13283	23851
13284	23854
13285	23856
13286	23857
13287	23859
13288	23862
13289	23864
13290	23865
13291	23866
13292	23867
13293	23869
13294	23872
13295	23874
13296	23875
13297	23877
13298	23880
13299	23882
13300	23883
13301	23885
13302	23888
13303	23890
13304	23891
13305	23892
13306	23893
13307	23894
13308	23895
13309	23897
13310	23898
13311	23900
13312	23901
13313	23903
13314	23906
13315	23908
13316	23909
13317	23911
13318	23914
13319	23916
13320	23917
13321	23919
13322	23921
13323	23923
13324	23924
13325	23926
13326	23927
13327	23929
13328	23932
13329	23934
13330	23935
13331	23937
13332	23940
13333	23942
13334	23943
13335	23945
13336	23947
13337	23949
13338	23950
13339	23952
13340	23953
13341	23955
13342	23958
13343	23960
13344	23961
13345	23963
13346	23966
13347	23968
13348	23969
13349	23971
13350	23972
13351	23974
13352	23975
13353	23977
13354	23978
13355	23980
13356	23981
13357	23983
13358	23986
13359	23988
13360	23989
13361	23991
13362	23994
13363	23996
13364	23997
13365	23999
13366	24002
13367	24004
13368	24005
13369	24006
13370	24007
13371	24008
13372	24009
13373	24011
13374	24012
13375	24014
13376	24015
13377	24017
13378	24020
13379	24022
13380	24023
13381	24025
13382	24028
13383	24030
13384	24031
13385	24033
13386	24035
13387	24037
13388	24038
13389	24040
13390	24041
13391	24043
13392	24046
13393	24048
13394	24049
13395	24051
13396	24054
13397	24056
13398	24057
13399	24059
13400	24061
13401	24063
13402	24064
13403	24066
13404	24067
13405	24069
13406	24072
13407	24074
13408	24075
13409	24077
13410	24080
13411	24082
13412	24083
13413	24085
13414	24086
13415	24088
13416	24088
13417	24089
13418	24091
13419	24092
13420	24094
13421	24095
13422	24097
13423	24100
13424	24102
13425	24103
13426	24105
13427	24108
13428	24110
13429	24111
13430	24113
13431	24115
13432	24117
13433	24118
13434	24120
13435	24121
13436	24123
13437	24126
13438	24128
13439	24129
13440	24131
13441	24134
13442	24136
13443	24137
13444	24139
13445	24141
13446	24143
13447	24144
13448	24146
13449	24147
13450	24149
13451	24152
13452	24154
13453	24155
13454	24157
13455	24160
13456	24162
13457	24163
13458	24165
13459	24166
13460	24168
13461	24169
13462	24171
13463	24172
13464	24174
13465	24175
13466	24177
13467	24180
13468	24182
13469	24183
13470	24185
13471	24188
13472	24190
13473	24191
13474	24193
13475	24196
13476	24198
13477	24199
13478	24200
13479	24201
13480	24202
13481	24203
13482	24205
13483	24206
13484	24208
13485	24209
13486	24211
13487	24214
13488	24216
13489	24217
13490	24219
13491	24222
13492	24224
13493	24225
13494	24227
13495	24229
13496	24231
13497	24232
13498	24234
13499	24235
13500	24237
13501	24240
13502	24242
13503	24243
13504	24245
13505	24248
13506	24250
13507	24251
13508	24253
13509	24255
13510	24257
13511	24258
13512	24260
13513	24261
13514	24263
13515	24266
13516	24268
13517	24269
13518	24271
13519	24274
13520	24276
13521	24277
13522	24279
13523	24280
13524	24282
13525	24283
13526	24285
13527	24286
13528	24288
13529	24289
13530	24291
13531	24294
13532	24296
13533	24297
13534	24299
13535	24302
13536	24304
13537	24305
13538	24307
13539	24310
13540	24312
13541	24313
13542	24314
13543	24315
13544	24317
13545	24320
13546	24322
13547	24323
13548	24325
13549	24328
13550	24330
13551	24331
13552	24333
13553	24336
13554	24338
13555	24339
13556	24340
13557	24341
13558	24343
13559	24346
13560	24348
13561	24349
13562	24351
13563	24354
13564	24356
13565	24357
13566	24359
13567	24362
13568	24364
13569	24365
13570	24366
13571	24367
13572	24368
13573	24369
13574	24371
13575	24372
13576	24374
13577	24375
13578	24377
13579	24380
13580	24382
13581	24383
13582	24385
13583	24388
13584	24390
13585	24391
13586	24393
13587	24395
13588	24397
13589	24398
13590	24400
13591	24401
13592	24403
13593	24406
13594	24408
13595	24409
13596	24411
13597	24414
13598	24416
13599	24417
13600	24419
13601	24421
13602	24423
13603	24424
13604	24426
13605	24427
13606	24429
13607	24432
13608	24434
13609	24435
13610	24437
13611	24440
13612	24442
13613	24443
13614	24445
13615	24446
13616	24448
13617	24449
13618	24451
13619	24452
13620	24454
13621	24455
13622	24456
13623	24457
13624	24458
13625	24459
13626	24461
13627	24462
13628	24464
13629	24465
13630	24466
13631	24467
13632	24469
13633	24472
13634	24474
13635	24475
13636	24477
13637	24480
13638	24482
13639	24483
13640	24485
13641	24488
13642	24490
13643	24491
13644	24492
13645	24493
13646	24495
13647	24498
13648	24500
13649	24501
13650	24503
13651	24506
13652	24508
13653	24509
13654	24511
13655	24514
13656	24516
13657	24517
13658	24518
13659	24519
13660	24521
13661	24524
13662	24526
13663	24527
13664	24529
13665	24532
13666	24534
13667	24535
13668	24537
13669	24540
13670	24542
13671	24543
13672	24544
13673	24544
13674	24545
13675	24547
13676	24550
13677	24552
13678	24553
13679	24555
13680	24558
13681	24560
13682	24561
13683	24563
13684	24566
13685	24568
13686	24569
13687	24570
13688	24571
13689	24573
13690	24576
13691	24578
13692	24579
13693	24581
13694	24584
13695	24586
13696	24587
13697	24589
13698	24592
13699	24594
13700	24595
13701	24596
13702	24597
13703	24599
13704	24602
13705	24604
13706	24605
13707	24607
13708	24610
13709	24612
13710	24613
13711	24615
13712	24618
13713	24620
13714	24621
13715	24622
13716	24623
13717	24624
13718	24624
13719	24625
13720	24627
13721	24630
13722	24632
13723	24633
13724	24635
13725	24638
13726	24640
13727	24641
13728	24643
13729	24646
13730	24648
13731	24649
13732	24650
13733	24651
13734	24653
13735	24656
13736	24658
13737	24659
13738	24661
13739	24664
13740	24666
13741	24667
13742	24669
13743	24672
13744	24674
13745	24675
13746	24676
13747	24677
13748	24679
13749	24682
13750	24684
13751	24685
13752	24687
13753	24690
13754	24692
13755	24693
13756	24695
13757	24698
13758	24700
13759	24701
13760	24702
13761	24703
13762	24704
13763	24705
13764	24707
13765	24708
13766	24710
13767	24711
13768	24713
13769	24716
13770	24718
13771	24719
13772	24721
13773	24724
13774	24726
13775	24727
13776	24729
13777	24731
13778	24733
13779	24734
13780	24736
13781	24737
13782	24739
13783	24742
13784	24744
13785	24745
13786	24747
13787	24750
13788	24752
13789	24753
13790	24755
13791	24757
13792	24759
13793	24760
13794	24762
13795	24763
13796	24765
13797	24768
13798	24770
13799	24771
13800	24773
13801	24776
13802	24778
13803	24779
13804	24781
13805	24782
13806	24784
13807	24785
13808	24787
13809	24788
13810	24790
13811	24791
13812	24793
13813	24796
13814	24798
13815	24799
13816	24801
13817	24804
13818	24806
13819	24807
13820	24809
13821	24812
13822	24814
13823	24815
13824	24816
13825	24817
13826	24819
13827	24822
13828	24824
13829	24825
13830	24827
13831	24830
13832	24832
13833	24833
13834	24835
13835	24838
13836	24840
13837	24841
13838	24842
13839	24843
13840	24845
13841	24848
13842	24850
13843	24851
13844	24853
13845	24856
13846	24858
13847	24859
13848	24861
13849	24864
13850	24866
13851	24867
13852	24868
13853	24869
13854	24870
13855	24871
13856	24873
13857	24874
13858	24876
13859	24877
13860	24879
13861	24882
13862	24884
13863	24885
13864	24887
13865	24890
13866	24892
13867	24893
13868	24895
13869	24897
13870	24899
13871	24900
13872	24902
13873	24903
13874	24905
13875	24908
13876	24910
13877	24911
13878	24913
13879	24916
13880	24918
13881	24919
13882	24921
13883	24923
13884	24925
13885	24926
13886	24928
13887	24929
13888	24931
13889	24934
13890	24936
13891	24937
13892	24939
13893	24942
13894	24944
13895	24945
13896	24947
13897	24948
13898	24950
13899	24951
13900	24953
13901	24954
13902	24956
13903	24957
13904	24959
13905	24962
13906	24964
13907	24965
13908	24967
13909	24970
13910	24972
13911	24973
13912	24975
13913	24978
13914	24980
13915	24981
13916	24982
13917	24983
13918	24984
13919	24985
13920	24986
13921	24987
13922	24989
13923	24990
13924	24992
13925	24995
13926	24997
13927	24998
13928	25000
13929	25003
13930	25005
13931	25006
13932	25008
13933	25010
13934	25012
13935	25013
13936	25015
13937	25016
13938	25018
13939	25021
13940	25023
13941	25024
13942	25026
13943	25029
13944	25031
13945	25032
13946	25034
13947	25036
13948	25038
13949	25038
13950	25039
13951	25040
13952	25041
13953	25043
13954	25044
13955	25046
13956	25047
13957	25049
13958	25052
13959	25054
13960	25055
13961	25057
13962	25060
13963	25062
13964	25063
13965	25065
13966	25068
13967	25070
13968	25071
13969	25072
13970	25073
13971	25075
13972	25078
13973	25080
13974	25081
13975	25083
13976	25086
13977	25088
13978	25089
13979	25091
13980	25094
13981	25096
13982	25097
13983	25098
13984	25099
13985	25101
13986	25104
13987	25106
13988	25107
13989	25109
13990	25112
13991	25114
13992	25115
13993	25117
13994	25120
13995	25122
13996	25123
13997	25124
13998	25125
13999	25126
14000	25127
14001	25129
14002	25130
14003	25132
14004	25133
14005	25135
14006	25138
14007	25140
14008	25141
14009	25143
14010	25146
14011	25148
14012	25149
14013	25151
14014	25153
14015	25155
14016	25156
14017	25158
14018	25159
14019	25161
14020	25164
14021	25166
14022	25167
14023	25169
14024	25172
14025	25174
14026	25175
14027	25177
14028	25179
14029	25181
14030	25182
14031	25184
14032	25185
14033	25187
14034	25190
14035	25192
14036	25193
14037	25195
14038	25198
14039	25200
14040	25201
14041	25203
14042	25204
14043	25206
14044	25207
14045	25209
14046	25210
14047	25212
14048	25213
14049	25215
14050	25218
14051	25220
14052	25221
14053	25223
14054	25226
14055	25228
14056	25229
14057	25231
14058	25234
14059	25236
14060	25237
14061	25238
14062	25239
14063	25241
14064	25244
14065	25246
14066	25247
14067	25249
14068	25252
14069	25254
14070	25255
14071	25257
14072	25260
14073	25262
14074	25263
14075	25264
14076	25265
14077	25266
14078	25267
14079	25269
14080	25270
14081	25272
14082	25273
14083	25275
14084	25278
14085	25280
14086	25281
14087	25283
14088	25286
14089	25288
14090	25289
14091	25291
14092	25293
14093	25295
14094	25295
14095	25296
14096	25298
14097	25301
14098	25303
14099	25304
14100	25306
14101	25309
14102	25311
14103	25312
14104	25314
14105	25317
14106	25319
14107	25320
14108	25321
14109	25322
14110	25324
14111	25327
14112	25329
14113	25330
14114	25332
14115	25335
14116	25337
14117	25338
14118	25340
14119	25343
14120	25345
14121	25346
14122	25347
14123	25348
14124	25350
14125	25353
14126	25355
14127	25356
14128	25358
14129	25361
14130	25363
14131	25364
14132	25366
14133	25369
14134	25371
14135	25372
14136	25373
14137	25373
14138	25374
14139	25376
14140	25379
14141	25381
14142	25382
14143	25384
14144	25387
14145	25389
14146	25390
14147	25392
14148	25395
14149	25397
14150	25398
14151	25399
14152	25400
14153	25402
14154	25405
14155	25407
14156	25408
14157	25410
14158	25413
14159	25415
14160	25416
14161	25418
14162	25421
14163	25423
14164	25424
14165	25425
14166	25426
14167	25428
14168	25431
14169	25433
14170	25434
14171	25436
14172	25439
14173	25441
14174	25442
14175	25444
14176	25447
14177	25449
14178	25450
14179	25451
14180	25452
14181	25453
14182	25454
14183	25456
14184	25457
14185	25459
14186	25460
14187	25462
14188	25465
14189	25467
14190	25468
14191	25470
14192	25473
14193	25475
14194	25476
14195	25478
14196	25480
14197	25482
14198	25482
14199	25483
14200	25484
14201	25485
14202	25487
14203	25488
14204	25490
14205	25491
14206	25493
14207	25496
14208	25498
14209	25499
14210	25501
14211	25504
14212	25506
14213	25507
14214	25509
14215	25512
14216	25514
14217	25515
14218	25516
14219	25517
14220	25519
14221	25522
14222	25524
14223	25525
14224	25527
14225	25530
14226	25532
14227	25533
14228	25535
14229	25538
14230	25540
14231	25541
14232	25542
14233	25543
14234	25545
14235	25548
14236	25550
14237	25551
14238	25553
14239	25556
14240	25558
14241	25559
14242	25561
14243	25564
14244	25566
14245	25567
14246	25568
14247	25569
14248	25570
14249	25571
14250	25573
14251	25573
14252	25576
14253	25578
14254	25579
14255	25581
14256	25584
14257	25586
14258	25587
14259	25589
14260	25592
14261	25594
14262	25595
14263	25596
14264	25597
14265	25599
14266	25602
14267	25604
14268	25605
14269	25607
14270	25610
14271	25612
14272	25613
14273	25615
14274	25618
14275	25620
14276	25621
14277	25622
14278	25623
14279	25624
14280	25625
14281	25626
14282	25627
14283	25629
14284	25630
14285	25632
14286	25635
14287	25637
14288	25638
14289	25640
14290	25643
14291	25645
14292	25646
14293	25648
14294	25650
14295	25652
14296	25652
14297	25653
14298	25655
14299	25658
14300	25660
14301	25661
14302	25663
14303	25666
14304	25668
14305	25669
14306	25671
14307	25674
14308	25676
14309	25677
14310	25678
14311	25679
14312	25681
14313	25684
14314	25686
14315	25687
14316	25689
14317	25692
14318	25694
14319	25695
14320	25697
14321	25700
14322	25702
14323	25703
14324	25704
14325	25705
14326	25707
14327	25710
14328	25712
14329	25713
14330	25715
14331	25718
14332	25720
14333	25721
14334	25723
14335	25726
14336	25728
14337	25729
14338	25730
14339	25730
14340	25731
14341	25732
14342	25733
14343	25735
14344	25738
14345	25740
14346	25741
14347	25743
14348	25746
14349	25748
14350	25749
14351	25751
14352	25754
14353	25756
14354	25757
14355	25758
14356	25759
14357	25761
14358	25764
14359	25766
14360	25767
14361	25769
14362	25772
14363	25774
14364	25775
14365	25777
14366	25780
14367	25782
14368	25783
14369	25784
14370	25785
14371	25787
14372	25790
14373	25792
14374	25793
14375	25795
14376	25798
14377	25800
14378	25801
14379	25803
14380	25806
14381	25808
14382	25809
14383	25810
14384	25810
14385	25811
14386	25813
14387	25816
14388	25818
14389	25819
14390	25821
14391	25824
14392	25826
14393	25827
14394	25829
14395	25832
14396	25834
14397	25835
14398	25836
14399	25837
14400	25839
14401	25842
14402	25844
14403	25845
14404	25847
14405	25850
14406	25852
14407	25853
14408	25855
14409	25858
14410	25860
14411	25861
14412	25862
14413	25863
14414	25865
14415	25868
14416	25870
14417	25871
14418	25873
14419	25876
14420	25878
14421	25879
14422	25881
14423	25884
14424	25886
14425	25887
14426	25888
14427	25889
14428	25890
14429	25891
14430	25893
14431	25894
14432	25896
14433	25897
14434	25899
14435	25902
14436	25904
14437	25905
14438	25907
14439	25910
14440	25912
14441	25913
14442	25915
14443	25917
14444	25919
14445	25920
14446	25922
14447	25923
14448	25925
14449	25928
14450	25930
14451	25931
14452	25933
14453	25936
14454	25938
14455	25939
14456	25941
14457	25943
14458	25945
14459	25946
14460	25948
14461	25949
14462	25951
14463	25954
14464	25956
14465	25957
14466	25959
14467	25962
14468	25964
14469	25965
14470	25967
14471	25968
14472	25970
14473	25971
14474	25973
14475	25974
14476	25976
14477	25977
14478	25979
14479	25982
14480	25984
14481	25985
14482	25987
14483	25990
14484	25992
14485	25993
14486	25995
14487	25998
14488	26000
14489	26001
14490	26002
14491	26003
14492	26005
14493	26008
14494	26010
14495	26011
14496	26013
14497	26016
14498	26018
14499	26019
14500	26021
14501	26024
14502	26026
14503	26027
14504	26028
14505	26029
14506	26031
14507	26034
14508	26036
14509	26037
14510	26039
14511	26042
14512	26044
14513	26045
14514	26047
14515	26050
14516	26052
14517	26053
14518	26054
14519	26055
14520	26056
14521	26057
14522	26059
14523	26059
14524	26062
14525	26064
14526	26065
14527	26067
14528	26069
14529	26071
14530	26072
14531	26074
14532	26075
14533	26077
14534	26080
14535	26082
14536	26083
14537	26085
14538	26088
14539	26090
14540	26091
14541	26093
14542	26095
14543	26097
14544	26097
14545	26098
14546	26100
14547	26103
14548	26105
14549	26106
14550	26108
14551	26111
14552	26113
14553	26114
14554	26116
14555	26119
14556	26121
14557	26122
14558	26123
14559	26124
14560	26126
14561	26129
14562	26131
14563	26132
14564	26134
14565	26137
14566	26139
14567	26140
14568	26142
14569	26145
14570	26147
14571	26148
14572	26149
14573	26150
14574	26152
14575	26155
14576	26157
14577	26158
14578	26160
14579	26163
14580	26165
14581	26166
14582	26168
14583	26171
14584	26173
14585	26174
14586	26175
14587	26175
14588	26176
14589	26178
14590	26181
14591	26183
14592	26184
14593	26186
14594	26189
14595	26191
14596	26192
14597	26194
14598	26197
14599	26199
14600	26200
14601	26201
14602	26202
14603	26204
14604	26207
14605	26209
14606	26210
14607	26212
14608	26215
14609	26217
14610	26218
14611	26220
14612	26223
14613	26225
14614	26226
14615	26227
14616	26228
14617	26230
14618	26233
14619	26235
14620	26236
14621	26238
14622	26241
14623	26243
14624	26244
14625	26246
14626	26249
14627	26251
14628	26252
14629	26253
14630	26254
14631	26255
14632	26256
14633	26258
14634	26258
14635	26261
14636	26263
14637	26264
14638	26266
14639	26269
14640	26271
14641	26272
14642	26274
14643	26277
14644	26279
14645	26280
14646	26281
14647	26282
14648	26283
14649	26284
14650	26286
14651	26287
14652	26289
14653	26290
14654	26292
14655	26295
14656	26297
14657	26298
14658	26300
14659	26303
14660	26305
14661	26306
14662	26308
14663	26310
14664	26312
14665	26313
14666	26315
14667	26316
14668	26318
14669	26321
14670	26323
14671	26324
14672	26326
14673	26329
14674	26331
14675	26332
14676	26334
14677	26336
14678	26338
14679	26339
14680	26341
14681	26342
14682	26344
14683	26347
14684	26349
14685	26350
14686	26352
14687	26355
14688	26357
14689	26358
14690	26360
14691	26361
14692	26363
14693	26364
14694	26366
14695	26367
14696	26369
14697	26370
14698	26371
14699	26372
14700	26374
14701	26377
14702	26379
14703	26380
14704	26382
14705	26385
14706	26387
14707	26388
14708	26390
14709	26393
14710	26395
14711	26396
14712	26397
14713	26398
14714	26400
14715	26403
14716	26405
14717	26406
14718	26408
14719	26411
14720	26413
14721	26414
14722	26416
14723	26419
14724	26421
14725	26422
14726	26423
14727	26424
14728	26426
14729	26429
14730	26431
14731	26432
14732	26434
14733	26437
14734	26439
14735	26440
14736	26442
14737	26445
14738	26447
14739	26448
14740	26449
14741	26449
14742	26450
14743	26452
14744	26455
14745	26457
14746	26458
14747	26460
14748	26463
14749	26465
14750	26466
14751	26468
14752	26471
14753	26473
14754	26474
14755	26475
14756	26476
14757	26478
14758	26481
14759	26483
14760	26484
14761	26486
14762	26489
14763	26491
14764	26492
14765	26494
14766	26497
14767	26499
14768	26500
14769	26501
14770	26502
14771	26504
14772	26507
14773	26509
14774	26510
14775	26512
14776	26515
14777	26517
14778	26518
14779	26520
14780	26523
14781	26525
14782	26526
14783	26527
14784	26528
14785	26529
14786	26530
14787	26532
14788	26533
14789	26535
14790	26536
14791	26538
14792	26541
14793	26543
14794	26544
14795	26546
14796	26549
14797	26551
14798	26552
14799	26554
14800	26556
14801	26558
14802	26559
14803	26561
14804	26562
14805	26564
14806	26567
14807	26569
14808	26570
14809	26572
14810	26575
14811	26577
14812	26578
14813	26580
14814	26582
14815	26584
14816	26585
14817	26587
14818	26588
14819	26590
14820	26593
14821	26595
14822	26596
14823	26598
14824	26601
14825	26603
14826	26604
14827	26606
14828	26607
14829	26609
14830	26609
14831	26610
14832	26612
14833	26613
14834	26615
14835	26616
14836	26618
14837	26621
14838	26623
14839	26624
14840	26626
14841	26629
14842	26631
14843	26632
14844	26634
14845	26636
14846	26638
14847	26639
14848	26641
14849	26642
14850	26644
14851	26647
14852	26649
14853	26650
14854	26652
14855	26655
14856	26657
14857	26658
14858	26660
14859	26662
14860	26664
14861	26665
14862	26667
14863	26668
14864	26670
14865	26673
14866	26675
14867	26676
14868	26678
14869	26681
14870	26683
14871	26684
14872	26686
14873	26687
14874	26689
14875	26690
14876	26692
14877	26693
14878	26695
14879	26696
14880	26698
14881	26701
14882	26703
14883	26704
14884	26706
14885	26709
14886	26711
14887	26712
14888	26714
14889	26717
14890	26719
14891	26720
14892	26721
14893	26722
14894	26723
14895	26724
14896	26726
14897	26726
14898	26729
14899	26731
14900	26732
14901	26734
14902	26737
14903	26739
14904	26740
14905	26742
14906	26745
14907	26747
14908	26748
14909	26749
14910	26750
14911	26752
14912	26755
14913	26757
14914	26758
14915	26760
14916	26763
14917	26765
14918	26766
14919	26768
14920	26771
14921	26773
14922	26774
14923	26775
14924	26776
14925	26777
14926	26778
14927	26780
14928	26781
14929	26783
14930	26784
14931	26786
14932	26789
14933	26791
14934	26792
14935	26794
14936	26797
14937	26799
14938	26800
14939	26802
14940	26804
14941	26806
14942	26807
14943	26809
14944	26810
14945	26812
14946	26815
14947	26817
14948	26818
14949	26820
14950	26823
14951	26825
14952	26826
14953	26828
14954	26830
14955	26832
14956	26833
14957	26835
14958	26836
14959	26838
14960	26841
14961	26843
14962	26844
14963	26846
14964	26849
14965	26851
14966	26852
14967	26854
14968	26855
14969	26857
14970	26858
14971	26860
14972	26861
14973	26863
14974	26864
14975	26866
14976	26869
14977	26871
14978	26872
14979	26874
14980	26877
14981	26879
14982	26880
14983	26882
14984	26885
14985	26887
14986	26888
14987	26889
14988	26890
14989	26892
14990	26895
14991	26897
14992	26898
14993	26900
14994	26903
14995	26905
14996	26906
14997	26908
14998	26911
14999	26913
15000	26914
15001	26915
15002	26916
15003	26918
15004	26921
15005	26923
15006	26924
15007	26926
15008	26929
15009	26931
15010	26932
15011	26934
15012	26937
15013	26939
15014	26940
15015	26941
15016	26942
15017	26943
15018	26944
15019	26946
15020	26947
15021	26949
15022	26950
15023	26952
15024	26955
15025	26957
15026	26958
15027	26960
15028	26963
15029	26965
15030	26966
15031	26968
15032	26970
15033	26972
15034	26973
15035	26975
15036	26976
15037	26978
15038	26981
15039	26983
15040	26984
15041	26986
15042	26989
15043	26991
15044	26992
15045	26994
15046	26996
15047	26998
15048	26999
15049	27001
15050	27002
15051	27004
15052	27007
15053	27009
15054	27010
15055	27012
15056	27015
15057	27017
15058	27018
15059	27020
15060	27021
15061	27023
15062	27024
15063	27026
15064	27027
15065	27029
15066	27030
15067	27032
15068	27035
15069	27037
15070	27038
15071	27040
15072	27043
15073	27045
15074	27046
15075	27048
15076	27051
15077	27053
15078	27054
15079	27055
15080	27056
15081	27058
15082	27061
15083	27063
15084	27064
15085	27066
15086	27069
15087	27071
15088	27072
15089	27074
15090	27077
15091	27079
15092	27080
15093	27081
15094	27082
15095	27084
15096	27087
15097	27089
15098	27090
15099	27092
15100	27095
15101	27097
15102	27098
15103	27100
15104	27103
15105	27105
15106	27106
15107	27107
15108	27108
15109	27109
15110	27110
15111	27111
15112	27112
15113	27114
15114	27115
15115	27117
15116	27120
15117	27122
15118	27123
15119	27125
15120	27128
15121	27130
15122	27131
15123	27133
15124	27135
15125	27137
15126	27138
15127	27140
15128	27141
15129	27143
15130	27146
15131	27148
15132	27149
15133	27151
15134	27154
15135	27156
15136	27157
15137	27159
15138	27161
15139	27163
15140	27163
15141	27164
15142	27166
15143	27169
15144	27171
15145	27172
15146	27174
15147	27177
15148	27179
15149	27180
15150	27182
15151	27185
15152	27187
15153	27188
15154	27189
15155	27190
15156	27192
15157	27194
15158	27196
15159	27197
15160	27198
15161	27199
15162	27201
15163	27204
15164	27206
15165	27207
15166	27209
15167	27212
15168	27214
15169	27215
15170	27217
15171	27220
15172	27222
15173	27223
15174	27224
15175	27225
15176	27226
15177	27227
15178	27229
15179	27230
15180	27232
15181	27233
15182	27235
15183	27238
15184	27240
15185	27241
15186	27243
15187	27246
15188	27248
15189	27249
15190	27251
15191	27253
15192	27255
15193	27256
15194	27258
15195	27259
15196	27261
15197	27264
15198	27266
15199	27267
15200	27269
15201	27272
15202	27274
15203	27275
15204	27277
15205	27279
15206	27281
15207	27282
15208	27284
15209	27285
15210	27287
15211	27290
15212	27292
15213	27293
15214	27295
15215	27298
15216	27300
15217	27301
15218	27303
15219	27304
15220	27306
15221	27307
15222	27309
15223	27310
15224	27312
15225	27313
15226	27315
15227	27318
15228	27320
15229	27321
15230	27323
15231	27326
15232	27328
15233	27329
15234	27331
15235	27334
15236	27336
15237	27337
15238	27338
15239	27339
15240	27340
15241	27341
15242	27342
15243	27342
15244	27343
15245	27345
15246	27348
15247	27350
15248	27351
15249	27353
15250	27356
15251	27358
15252	27359
15253	27361
15254	27364
15255	27366
15256	27367
15257	27368
15258	27369
15259	27371
15260	27374
15261	27376
15262	27377
15263	27379
15264	27382
15265	27384
15266	27385
15267	27387
15268	27390
15269	27392
15270	27393
15271	27394
15272	27395
15273	27397
15274	27400
15275	27402
15276	27403
15277	27405
15278	27408
15279	27410
15280	27411
15281	27413
15282	27416
15283	27418
15284	27419
15285	27420
15286	27421
15287	27422
15288	27423
15289	27425
15290	27426
15291	27428
15292	27429
15293	27431
15294	27434
15295	27436
15296	27437
15297	27439
15298	27442
15299	27444
15300	27445
15301	27447
15302	27449
15303	27451
15304	27451
15305	27452
15306	27454
15307	27457
15308	27459
15309	27460
15310	27462
15311	27465
15312	27467
15313	27468
15314	27470
15315	27473
15316	27475
15317	27476
15318	27477
15319	27478
15320	27480
15321	27483
15322	27485
15323	27486
15324	27488
15325	27491
15326	27493
15327	27494
15328	27496
15329	27499
15330	27501
15331	27502
15332	27503
15333	27504
15334	27506
15335	27509
15336	27511
15337	27512
15338	27514
15339	27517
15340	27519
15341	27520
15342	27522
15343	27525
15344	27527
15345	27528
15346	27529
15347	27529
15348	27530
15349	27532
15350	27535
15351	27537
15352	27538
15353	27540
15354	27543
15355	27545
15356	27546
15357	27548
15358	27551
15359	27553
15360	27554
15361	27555
15362	27556
15363	27558
15364	27561
15365	27563
15366	27564
15367	27566
15368	27569
15369	27571
15370	27572
15371	27574
15372	27577
15373	27579
15374	27580
15375	27581
15376	27582
15377	27584
15378	27587
15379	27589
15380	27590
15381	27592
15382	27595
15383	27597
15384	27598
15385	27600
15386	27603
15387	27605
15388	27606
15389	27607
15390	27608
15391	27609
15392	27610
15393	27612
15394	27613
15395	27615
15396	27616
15397	27618
15398	27621
15399	27623
15400	27624
15401	27626
15402	27629
15403	27631
15404	27632
15405	27634
15406	27636
15407	27638
15408	27639
15409	27641
15410	27642
15411	27644
15412	27647
15413	27649
15414	27650
15415	27652
15416	27655
15417	27657
15418	27658
15419	27660
15420	27662
15421	27664
15422	27665
15423	27667
15424	27668
15425	27670
15426	27673
15427	27675
15428	27676
15429	27678
15430	27681
15431	27683
15432	27684
15433	27686
15434	27687
15435	27689
15436	27690
15437	27692
15438	27693
15439	27695
15440	27696
15441	27698
15442	27701
15443	27703
15444	27704
15445	27706
15446	27709
15447	27711
15448	27712
15449	27714
15450	27717
15451	27719
15452	27720
15453	27721
15454	27722
15455	27724
15456	27727
15457	27729
15458	27730
15459	27732
15460	27735
15461	27737
15462	27738
15463	27740
15464	27743
15465	27745
15466	27746
15467	27747
15468	27748
15469	27750
15470	27753
15471	27755
15472	27756
15473	27758
15474	27761
15475	27763
15476	27764
15477	27766
15478	27769
15479	27771
15480	27772
15481	27773
15482	27774
15483	27775
15484	27776
15485	27778
15486	27779
15487	27781
15488	27782
15489	27784
15490	27787
15491	27789
15492	27790
15493	27792
15494	27795
15495	27797
15496	27798
15497	27800
15498	27802
15499	27804
15500	27804
15501	27805
15502	27807
15503	27810
15504	27812
15505	27813
15506	27815
15507	27818
15508	27820
15509	27821
15510	27823
15511	27826
15512	27828
15513	27829
15514	27830
15515	27831
15516	27832
15517	27833
15518	27835
15519	27836
15520	27838
15521	27839
15522	27841
15523	27844
15524	27846
15525	27847
15526	27849
15527	27852
15528	27854
15529	27855
15530	27857
15531	27859
15532	27861
15533	27862
15534	27864
15535	27865
15536	27867
15537	27870
15538	27872
15539	27873
15540	27875
15541	27878
15542	27880
15543	27881
15544	27883
15545	27885
15546	27887
15547	27888
15548	27890
15549	27891
15550	27893
15551	27896
15552	27898
15553	27899
15554	27901
15555	27904
15556	27906
15557	27907
15558	27909
15559	27910
15560	27912
15561	27913
15562	27915
15563	27916
15564	27918
15565	27919
15566	27921
15567	27924
15568	27926
15569	27927
15570	27929
15571	27932
15572	27934
15573	27935
15574	27937
15575	27940
15576	27942
15577	27943
15578	27944
15579	27945
15580	27947
15581	27950
15582	27952
15583	27953
15584	27955
15585	27958
15586	27960
15587	27961
15588	27963
15589	27966
15590	27968
15591	27969
15592	27970
15593	27971
15594	27973
15595	27976
15596	27978
15597	27979
15598	27981
15599	27984
15600	27986
15601	27987
15602	27989
15603	27992
15604	27994
15605	27995
15606	27996
15607	27997
15608	27998
15609	27999
15610	28001
15611	28002
15612	28004
15613	28005
15614	28007
15615	28010
15616	28012
15617	28013
15618	28015
15619	28018
15620	28020
15621	28021
15622	28023
15623	28025
15624	28027
15625	28028
15626	28030
15627	28031
15628	28033
15629	28036
15630	28038
15631	28039
15632	28041
15633	28044
15634	28046
15635	28047
15636	28049
15637	28051
15638	28053
15639	28054
15640	28056
15641	28057
15642	28059
15643	28062
15644	28064
15645	28065
15646	28067
15647	28070
15648	28072
15649	28073
15650	28075
15651	28076
15652	28078
15653	28079
15654	28081
15655	28082
15656	28084
15657	28085
15658	28087
15659	28090
15660	28092
15661	28093
15662	28095
15663	28098
15664	28100
15665	28101
15666	28103
15667	28106
15668	28108
15669	28109
15670	28110
15671	28111
15672	28112
15673	28113
15674	28115
15675	28116
15676	28118
15677	28119
15678	28121
15679	28124
15680	28126
15681	28127
15682	28129
15683	28132
15684	28134
15685	28135
15686	28137
15687	28139
15688	28141
15689	28142
15690	28144
15691	28145
15692	28147
15693	28150
15694	28152
15695	28153
15696	28155
15697	28158
15698	28160
15699	28161
15700	28163
15701	28165
15702	28167
15703	28168
15704	28170
15705	28171
15706	28173
15707	28174
15708	28176
15709	28177
15710	28179
15711	28180
15712	28182
15713	28183
15714	28185
15715	28188
15716	28190
15717	28191
15718	28193
15719	28196
15720	28198
15721	28199
15722	28201
15723	28204
15724	28206
15725	28207
15726	28208
15727	28209
15728	28210
15729	28211
15730	28212
15731	28213
15732	28215
15733	28216
15734	28218
15735	28221
15736	28223
15737	28224
15738	28226
15739	28229
15740	28231
15741	28232
15742	28234
15743	28236
15744	28238
15745	28239
15746	28241
15747	28242
15748	28244
15749	28247
15750	28249
15751	28250
15752	28252
15753	28255
15754	28257
15755	28258
15756	28260
15757	28262
15758	28264
15759	28264
15760	28265
15761	28267
15762	28270
15763	28272
15764	28273
15765	28275
15766	28278
15767	28280
15768	28281
15769	28283
15770	28286
15771	28288
15772	28289
15773	28290
15774	28291
15775	28292
15776	28293
15777	28294
15778	28295
15779	28297
15780	28298
15781	28300
15782	28303
15783	28305
15784	28306
15785	28308
15786	28311
15787	28313
15788	28314
15789	28316
15790	28318
15791	28320
15792	28321
15793	28323
15794	28324
15795	28326
15796	28329
15797	28331
15798	28332
15799	28334
15800	28337
15801	28339
15802	28340
15803	28342
15804	28344
15805	28346
15806	28346
15807	28347
15808	28348
15809	28348
15810	28350
15811	28351
15812	28353
15813	28354
15814	28356
15815	28357
15816	28359
15817	28362
15818	28364
15819	28365
15820	28367
15821	28370
15822	28372
15823	28373
15824	28375
15825	28378
15826	28380
15827	28381
15828	28382
15829	28383
15830	28385
15831	28387
15832	28389
15833	28390
15834	28392
15835	28395
15836	28397
15837	28398
15838	28400
15839	28402
15840	28404
15841	28405
15842	28407
15843	28408
15844	28410
15845	28413
15846	28415
15847	28416
15848	28418
15849	28421
15850	28423
15851	28424
15852	28426
15853	28428
15854	28430
15855	28430
15856	28431
15857	28433
15858	28436
15859	28438
15860	28439
15861	28441
15862	28444
15863	28446
15864	28447
15865	28449
15866	28452
15867	28454
15868	28455
15869	28456
15870	28457
15871	28459
15872	28462
15873	28464
15874	28465
15875	28467
15876	28470
15877	28472
15878	28473
15879	28475
15880	28478
15881	28480
15882	28481
15883	28482
15884	28483
15885	28484
15886	28485
15887	28487
15888	28488
15889	28490
15890	28491
15891	28493
15892	28496
15893	28498
15894	28499
15895	28501
15896	28504
15897	28506
15898	28507
15899	28509
15900	28511
15901	28513
15902	28514
15903	28516
15904	28517
15905	28519
15906	28522
15907	28524
15908	28525
15909	28527
15910	28530
15911	28532
15912	28533
15913	28535
15914	28537
15915	28539
15916	28540
15917	28542
15918	28543
15919	28545
15920	28548
15921	28550
15922	28551
15923	28553
15924	28556
15925	28558
15926	28559
15927	28561
15928	28562
15929	28564
15930	28565
15931	28567
15932	28568
15933	28570
15934	28571
15935	28573
15936	28576
15937	28578
15938	28579
15939	28581
15940	28584
15941	28586
15942	28587
15943	28589
15944	28592
15945	28594
15946	28595
15947	28596
15948	28597
15949	28599
15950	28602
15951	28604
15952	28605
15953	28607
15954	28610
15955	28612
15956	28613
15957	28615
15958	28618
15959	28620
15960	28621
15961	28622
15962	28623
15963	28625
15964	28628
15965	28630
15966	28631
15967	28633
15968	28636
15969	28638
15970	28639
15971	28641
15972	28644
15973	28646
15974	28647
15975	28648
15976	28649
15977	28650
15978	28651
15979	28653
15980	28654
15981	28656
15982	28657
15983	28659
15984	28662
15985	28664
15986	28665
15987	28667
15988	28670
15989	28672
15990	28673
15991	28675
15992	28677
15993	28679
15994	28679
15995	28680
15996	28681
15997	28682
15998	28684
15999	28685
16000	28687
16001	28688
16002	28690
16003	28693
16004	28695
16005	28696
16006	28698
16007	28701
16008	28703
16009	28704
16010	28706
16011	28709
16012	28711
16013	28712
16014	28713
16015	28714
16016	28715
16017	28716
16018	28718
16019	28719
16020	28721
16021	28722
16022	28724
16023	28727
16024	28729
16025	28730
16026	28732
16027	28735
16028	28737
16029	28738
16030	28740
16031	28742
16032	28744
16033	28745
16034	28747
16035	28748
16036	28750
16037	28753
16038	28755
16039	28756
16040	28758
16041	28761
16042	28763
16043	28764
16044	28766
16045	28768
16046	28770
16047	28771
16048	28773
16049	28774
16050	28776
16051	28779
16052	28781
16053	28782
16054	28784
16055	28787
16056	28789
16057	28790
16058	28792
16059	28793
16060	28795
16061	28796
16062	28798
16063	28799
16064	28801
16065	28802
16066	28803
16067	28804
16068	28805
16069	28806
16070	28808
16071	28809
16072	28811
16073	28812
16074	28814
16075	28817
16076	28819
16077	28820
16078	28822
16079	28825
16080	28827
16081	28828
16082	28830
16083	28833
16084	28835
16085	28836
16086	28837
16087	28838
16088	28840
16089	28843
16090	28845
16091	28846
16092	28848
16093	28851
16094	28853
16095	28854
16096	28856
16097	28859
16098	28861
16099	28862
16100	28863
16101	28864
16102	28866
16103	28869
16104	28871
16105	28872
16106	28874
16107	28877
16108	28879
16109	28880
16110	28882
16111	28885
16112	28887
16113	28888
16114	28889
16115	28890
16116	28891
16117	28892
16118	28894
16119	28894
16120	28897
16121	28899
16122	28900
16123	28902
16124	28905
16125	28907
16126	28908
16127	28910
16128	28913
16129	28915
16130	28916
16131	28917
16132	28918
16133	28920
16134	28923
16135	28925
16136	28926
16137	28928
16138	28931
16139	28933
16140	28934
16141	28936
16142	28939
16143	28941
16144	28942
16145	28943
16146	28944
16147	28946
16148	28949
16149	28951
16150	28952
16151	28954
16152	28957
16153	28959
16154	28960
16155	28962
16156	28965
16157	28967
16158	28968
16159	28969
16160	28970
16161	28971
16162	28972
16163	28974
16164	28974
16165	28977
16166	28979
16167	28980
16168	28982
16169	28985
16170	28987
16171	28988
16172	28990
16173	28993
16174	28995
16175	28996
16176	28997
16177	28998
16178	29000
16179	29003
16180	29005
16181	29006
16182	29008
16183	29011
16184	29013
16185	29014
16186	29016
16187	29019
16188	29021
16189	29022
16190	29023
16191	29024
16192	29025
16193	29026
16194	29028
16195	29029
16196	29031
16197	29032
16198	29034
16199	29037
16200	29039
16201	29040
16202	29042
16203	29045
16204	29047
16205	29048
16206	29050
16207	29052
16208	29054
16209	29054
16210	29055
16211	29057
16212	29060
16213	29062
16214	29063
16215	29065
16216	29068
16217	29070
16218	29071
16219	29073
16220	29076
16221	29078
16222	29079
16223	29080
16224	29081
16225	29083
16226	29086
16227	29088
16228	29089
16229	29091
16230	29094
16231	29096
16232	29097
16233	29099
16234	29102
16235	29104
16236	29105
16237	29106
16238	29107
16239	29109
16240	29112
16241	29114
16242	29115
16243	29117
16244	29120
16245	29122
16246	29123
16247	29125
16248	29128
16249	29130
16250	29131
16251	29132
16252	29132
16253	29133
16254	29135
16255	29138
16256	29140
16257	29141
16258	29143
16259	29146
16260	29148
16261	29149
16262	29151
16263	29154
16264	29156
16265	29157
16266	29158
16267	29159
16268	29161
16269	29164
16270	29166
16271	29167
16272	29169
16273	29172
16274	29174
16275	29175
16276	29177
16277	29180
16278	29182
16279	29183
16280	29184
16281	29185
16282	29187
16283	29190
16284	29192
16285	29193
16286	29195
16287	29198
16288	29200
16289	29201
16290	29203
16291	29206
16292	29208
16293	29209
16294	29210
16295	29211
16296	29212
16297	29213
16298	29215
16299	29215
16300	29218
16301	29220
16302	29221
16303	29223
16304	29226
16305	29228
16306	29229
16307	29231
16308	29234
16309	29236
16310	29237
16311	29238
16312	29239
16313	29240
16314	29241
16315	29243
16316	29244
16317	29246
16318	29247
16319	29249
16320	29252
16321	29254
16322	29255
16323	29257
16324	29260
16325	29262
16326	29263
16327	29265
16328	29267
16329	29269
16330	29270
16331	29272
16332	29273
16333	29275
16334	29278
16335	29280
16336	29281
16337	29283
16338	29286
16339	29288
16340	29289
16341	29291
16342	29293
16343	29295
16344	29296
16345	29298
16346	29299
16347	29301
16348	29304
16349	29306
16350	29307
16351	29309
16352	29312
16353	29314
16354	29315
16355	29317
16356	29318
16357	29320
16358	29321
16359	29323
16360	29324
16361	29326
16362	29327
16363	29329
16364	29332
16365	29334
16366	29335
16367	29337
16368	29340
16369	29342
16370	29343
16371	29345
16372	29348
16373	29350
16374	29351
16375	29352
16376	29353
16377	29355
16378	29358
16379	29360
16380	29361
16381	29363
16382	29366
16383	29368
16384	29369
16385	29371
16386	29374
16387	29376
16388	29377
16389	29378
16390	29379
16391	29380
16392	29381
16393	29382
16394	29383
16395	29385
16396	29386
16397	29388
16398	29391
16399	29393
16400	29394
16401	29396
16402	29399
16403	29401
16404	29402
16405	29404
16406	29406
16407	29408
16408	29409
16409	29411
16410	29412
16411	29414
16412	29417
16413	29419
16414	29420
16415	29422
16416	29425
16417	29427
16418	29428
16419	29430
16420	29432
16421	29434
16422	29434
16423	29435
16424	29437
16425	29440
16426	29442
16427	29443
16428	29445
16429	29448
16430	29450
16431	29451
16432	29453
16433	29456
16434	29458
16435	29459
16436	29460
16437	29461
16438	29463
16439	29466
16440	29468
16441	29469
16442	29471
16443	29474
16444	29476
16445	29477
16446	29479
16447	29482
16448	29484
16449	29485
16450	29486
16451	29487
16452	29489
16453	29492
16454	29494
16455	29495
16456	29497
16457	29500
16458	29502
16459	29503
16460	29505
16461	29508
16462	29510
16463	29511
16464	29512
16465	29512
16466	29513
16467	29515
16468	29517
16469	29519
16470	29520
16471	29522
16472	29523
16473	29525
16474	29528
16475	29530
16476	29531
16477	29533
16478	29536
16479	29538
16480	29539
16481	29541
16482	29544
16483	29546
16484	29547
16485	29548
16486	29549
16487	29551
16488	29554
16489	29556
16490	29557
16491	29559
16492	29562
16493	29564
16494	29565
16495	29567
16496	29570
16497	29572
16498	29573
16499	29574
16500	29575
16501	29577
16502	29580
16503	29582
16504	29583
16505	29585
16506	29588
16507	29590
16508	29591
16509	29593
16510	29596
16511	29598
16512	29599
16513	29600
16514	29601
16515	29602
16516	29603
16517	29605
16518	29606
16519	29608
16520	29609
16521	29611
16522	29613
16523	29615
16524	29616
16525	29618
16526	29619
16527	29621
16528	29624
16529	29626
16530	29627
16531	29629
16532	29632
16533	29634
16534	29635
16535	29637
16536	29639
16537	29641
16538	29641
16539	29642
16540	29644
16541	29647
16542	29649
16543	29650
16544	29652
16545	29655
16546	29657
16547	29658
16548	29660
16549	29663
16550	29665
16551	29666
16552	29667
16553	29668
16554	29670
16555	29673
16556	29675
16557	29676
16558	29678
16559	29681
16560	29683
16561	29684
16562	29686
16563	29689
16564	29691
16565	29692
16566	29693
16567	29694
16568	29696
16569	29699
16570	29701
16571	29702
16572	29704
16573	29707
16574	29709
16575	29710
16576	29712
16577	29715
16578	29717
16579	29718
16580	29719
16581	29719
16582	29720
16583	29722
16584	29725
16585	29727
16586	29728
16587	29730
16588	29733
16589	29735
16590	29736
16591	29738
16592	29741
16593	29743
16594	29744
16595	29745
16596	29746
16597	29748
16598	29751
16599	29753
16600	29754
16601	29756
16602	29759
16603	29761
16604	29762
16605	29764
16606	29767
16607	29769
16608	29770
16609	29771
16610	29772
16611	29774
16612	29777
16613	29779
16614	29780
16615	29782
16616	29785
16617	29787
16618	29788
16619	29790
16620	29793
16621	29795
16622	29796
16623	29797
16624	29798
16625	29799
16626	29800
16627	29801
16628	29802
16629	29804
16630	29805
16631	29807
16632	29810
16633	29812
16634	29813
16635	29815
16636	29818
16637	29820
16638	29821
16639	29823
16640	29825
16641	29827
16642	29828
16643	29830
16644	29831
16645	29833
16646	29836
16647	29838
16648	29839
16649	29841
16650	29844
16651	29846
16652	29847
16653	29849
16654	29851
16655	29853
16656	29853
16657	29854
16658	29856
16659	29859
16660	29861
16661	29862
16662	29864
16663	29867
16664	29869
16665	29870
16666	29872
16667	29875
16668	29877
16669	29878
16670	29879
16671	29880
16672	29881
16673	29882
16674	29884
16675	29885
16676	29887
16677	29888
16678	29890
16679	29893
16680	29895
16681	29896
16682	29898
16683	29901
16684	29903
16685	29904
16686	29906
16687	29908
16688	29910
16689	29911
16690	29913
16691	29914
16692	29916
16693	29919
16694	29921
16695	29922
16696	29924
16697	29927
16698	29929
16699	29930
16700	29932
16701	29934
16702	29936
16703	29937
16704	29939
16705	29940
16706	29942
16707	29945
16708	29947
16709	29948
16710	29950
16711	29953
16712	29955
16713	29956
16714	29958
16715	29959
16716	29961
16717	29962
16718	29964
16719	29965
16720	29967
16721	29968
16722	29970
16723	29973
16724	29975
16725	29976
16726	29978
16727	29981
16728	29983
16729	29984
16730	29986
16731	29989
16732	29991
16733	29992
16734	29993
16735	29994
16736	29996
16737	29999
16738	30001
16739	30002
16740	30004
16741	30007
16742	30009
16743	30010
16744	30012
16745	30015
16746	30017
16747	30018
16748	30019
16749	30020
16750	30022
16751	30025
16752	30027
16753	30028
16754	30030
16755	30033
16756	30035
16757	30036
16758	30038
16759	30041
16760	30043
16761	30044
16762	30045
16763	30046
16764	30047
16765	30048
16766	30050
16767	30050
16768	30053
16769	30055
16770	30056
16771	30058
16772	30061
16773	30063
16774	30064
16775	30066
16776	30069
16777	30071
16778	30072
16779	30073
16780	30074
16781	30076
16782	30079
16783	30081
16784	30082
16785	30084
16786	30087
16787	30089
16788	30090
16789	30092
16790	30095
16791	30097
16792	30098
16793	30099
16794	30100
16795	30102
16796	30105
16797	30107
16798	30108
16799	30110
16800	30113
16801	30115
16802	30116
16803	30118
16804	30121
16805	30123
16806	30124
16807	30125
16808	30126
16809	30127
16810	30128
16811	30130
16812	30131
16813	30133
16814	30134
16815	30136
16816	30139
16817	30141
16818	30142
16819	30144
16820	30147
16821	30149
16822	30150
16823	30152
16824	30154
16825	30156
16826	30157
16827	30159
16828	30160
16829	30162
16830	30165
16831	30167
16832	30168
16833	30170
16834	30173
16835	30175
16836	30176
16837	30178
16838	30180
16839	30182
16840	30183
16841	30185
16842	30186
16843	30188
16844	30191
16845	30193
16846	30194
16847	30196
16848	30199
16849	30201
16850	30202
16851	30204
16852	30205
16853	30207
16854	30208
16855	30210
16856	30211
16857	30213
16858	30214
16859	30216
16860	30219
16861	30221
16862	30222
16863	30224
16864	30227
16865	30229
16866	30230
16867	30232
16868	30235
16869	30237
16870	30238
16871	30239
16872	30240
16873	30242
16874	30245
16875	30247
16876	30248
16877	30250
16878	30253
16879	30255
16880	30256
16881	30258
16882	30261
16883	30263
16884	30264
16885	30265
16886	30266
16887	30268
16888	30271
16889	30273
16890	30274
16891	30276
16892	30279
16893	30281
16894	30282
16895	30284
16896	30287
16897	30289
16898	30290
16899	30291
16900	30292
16901	30293
16902	30294
16903	30296
16904	30297
16905	30299
16906	30300
16907	30302
16908	30305
16909	30307
16910	30308
16911	30310
16912	30313
16913	30315
16914	30316
16915	30318
16916	30320
16917	30322
16918	30323
16919	30325
16920	30326
16921	30328
16922	30331
16923	30333
16924	30334
16925	30336
16926	30339
16927	30341
16928	30342
16929	30344
16930	30346
16931	30348
16932	30349
16933	30351
16934	30352
16935	30354
16936	30357
16937	30359
16938	30360
16939	30362
16940	30365
16941	30367
16942	30368
16943	30370
16944	30371
16945	30373
16946	30374
16947	30376
16948	30377
16949	30379
16950	30380
16951	30381
16952	30382
16953	30383
16954	30384
16955	30386
16956	30387
16957	30389
16958	30390
16959	30392
16960	30395
16961	30397
16962	30398
16963	30400
16964	30403
16965	30405
16966	30406
16967	30408
16968	30411
16969	30413
16970	30414
16971	30415
16972	30416
16973	30417
16974	30418
16975	30419
16976	30420
16977	30422
16978	30423
16979	30425
16980	30428
16981	30430
16982	30431
16983	30433
16984	30436
16985	30438
16986	30439
16987	30441
16988	30443
16989	30445
16990	30446
16991	30448
16992	30449
16993	30451
16994	30454
16995	30456
16996	30457
16997	30459
16998	30462
16999	30464
17000	30465
17001	30467
17002	30469
17003	30471
17004	30471
17005	30472
17006	30474
17007	30477
17008	30479
17009	30480
17010	30482
17011	30485
17012	30487
17013	30488
17014	30490
17015	30493
17016	30495
17017	30496
17018	30497
17019	30498
17020	30500
17021	30503
17022	30505
17023	30506
17024	30508
17025	30511
17026	30513
17027	30514
17028	30516
17029	30519
17030	30521
17031	30522
17032	30523
17033	30524
17034	30525
17035	30526
17036	30528
17037	30529
17038	30531
17039	30532
17040	30534
17041	30536
17042	30538
17043	30539
17044	30541
17045	30542
17046	30544
17047	30547
17048	30549
17049	30550
17050	30552
17051	30555
17052	30557
17053	30558
17054	30560
17055	30562
17056	30564
17057	30564
17058	30565
17059	30566
17060	30567
17061	30569
17062	30570
17063	30572
17064	30573
17065	30574
17066	30575
17067	30576
17068	30577
17069	30579
17070	30580
17071	30582
17072	30583
17073	30585
17074	30588
17075	30590
17076	30591
17077	30593
17078	30596
17079	30598
17080	30599
17081	30601
17082	30604
17083	30606
17084	30607
17085	30608
17086	30609
17087	30611
17088	30614
17089	30616
17090	30617
17091	30619
17092	30622
17093	30624
17094	30625
17095	30627
17096	30630
17097	30632
17098	30633
17099	30634
17100	30635
17101	30637
17102	30640
17103	30642
17104	30643
17105	30645
17106	30648
17107	30650
17108	30651
17109	30653
17110	30656
17111	30658
17112	30659
17113	30660
17114	30661
17115	30662
17116	30663
17117	30665
17118	30666
17119	30668
17120	30669
17121	30671
17122	30674
17123	30676
17124	30677
17125	30679
17126	30682
17127	30684
17128	30685
17129	30687
17130	30689
17131	30691
17132	30692
17133	30694
17134	30695
17135	30697
17136	30700
17137	30702
17138	30703
17139	30705
17140	30708
17141	30710
17142	30711
17143	30713
17144	30715
17145	30717
17146	30718
17147	30720
17148	30721
17149	30723
17150	30726
17151	30728
17152	30729
17153	30731
17154	30734
17155	30736
17156	30737
17157	30739
17158	30740
17159	30742
17160	30743
17161	30745
17162	30746
17163	30748
17164	30749
17165	30750
17166	30751
17167	30753
17168	30756
17169	30758
17170	30759
17171	30761
17172	30764
17173	30766
17174	30767
17175	30769
17176	30772
17177	30774
17178	30775
17179	30776
17180	30777
17181	30779
17182	30782
17183	30784
17184	30785
17185	30787
17186	30790
17187	30792
17188	30793
17189	30795
17190	30798
17191	30800
17192	30801
17193	30802
17194	30803
17195	30805
17196	30808
17197	30810
17198	30811
17199	30813
17200	30816
17201	30818
17202	30819
17203	30821
17204	30824
17205	30826
17206	30827
17207	30828
17208	30828
17209	30829
17210	30831
17211	30834
17212	30836
17213	30837
17214	30839
17215	30842
17216	30844
17217	30845
17218	30847
17219	30850
17220	30852
17221	30853
17222	30854
17223	30855
17224	30857
17225	30860
17226	30862
17227	30863
17228	30865
17229	30868
17230	30870
17231	30871
17232	30873
17233	30876
17234	30878
17235	30879
17236	30880
17237	30881
17238	30883
17239	30886
17240	30888
17241	30889
17242	30891
17243	30894
17244	30896
17245	30897
17246	30899
17247	30902
17248	30904
17249	30905
17250	30906
17251	30907
17252	30908
17253	30909
17254	30911
17255	30912
17256	30914
17257	30915
17258	30917
17259	30920
17260	30922
17261	30923
17262	30925
17263	30928
17264	30930
17265	30931
17266	30933
17267	30935
17268	30937
17269	30938
17270	30940
17271	30941
17272	30943
17273	30946
17274	30948
17275	30949
17276	30951
17277	30954
17278	30956
17279	30957
17280	30959
17281	30961
17282	30963
17283	30964
17284	30966
17285	30967
17286	30969
17287	30972
17288	30974
17289	30975
17290	30977
17291	30980
17292	30982
17293	30983
17294	30985
17295	30986
17296	30988
17297	30989
17298	30991
17299	30992
17300	30994
17301	30995
17302	30996
17303	30997
17304	30999
17305	31002
17306	31004
17307	31005
17308	31007
17309	31010
17310	31012
17311	31013
17312	31015
17313	31018
17314	31020
17315	31021
17316	31022
17317	31023
17318	31025
17319	31028
17320	31030
17321	31031
17322	31033
17323	31036
17324	31038
17325	31039
17326	31041
17327	31044
17328	31046
17329	31047
17330	31048
17331	31049
17332	31050
17333	31051
17334	31053
17335	31054
17336	31056
17337	31057
17338	31059
17339	31062
17340	31064
17341	31065
17342	31067
17343	31070
17344	31072
17345	31073
17346	31075
17347	31077
17348	31079
17349	31080
17350	31082
17351	31083
17352	31085
17353	31088
17354	31090
17355	31091
17356	31093
17357	31096
17358	31098
17359	31099
17360	31101
17361	31103
17362	31105
17363	31106
17364	31108
17365	31109
17366	31111
17367	31114
17368	31116
17369	31117
17370	31119
17371	31122
17372	31124
17373	31125
17374	31127
17375	31128
17376	31130
17377	31131
17378	31133
17379	31134
17380	31136
17381	31137
17382	31139
17383	31142
17384	31144
17385	31145
17386	31147
17387	31150
17388	31152
17389	31153
17390	31155
17391	31158
17392	31160
17393	31161
17394	31162
17395	31163
17396	31165
17397	31168
17398	31170
17399	31171
17400	31173
17401	31176
17402	31178
17403	31179
17404	31181
17405	31184
17406	31186
17407	31187
17408	31188
17409	31189
17410	31191
17411	31194
17412	31196
17413	31197
17414	31199
17415	31202
17416	31204
17417	31205
17418	31207
17419	31210
17420	31212
17421	31213
17422	31214
17423	31215
17424	31216
17425	31217
17426	31219
17427	31220
17428	31222
17429	31223
17430	31225
17431	31228
17432	31230
17433	31231
17434	31233
17435	31236
17436	31238
17437	31239
17438	31241
17439	31243
17440	31245
17441	31246
17442	31248
17443	31249
17444	31251
17445	31254
17446	31256
17447	31257
17448	31259
17449	31262
17450	31264
17451	31265
17452	31267
17453	31269
17454	31271
17455	31272
17456	31274
17457	31275
17458	31277
17459	31280
17460	31282
17461	31283
17462	31285
17463	31288
17464	31290
17465	31291
17466	31293
17467	31294
17468	31296
17469	31297
17470	31299
17471	31300
17472	31302
17473	31303
17474	31304
17475	31305
17476	31307
17477	31310
17478	31312
17479	31313
17480	31315
17481	31318
17482	31320
17483	31321
17484	31323
17485	31326
17486	31328
17487	31329
17488	31330
17489	31331
17490	31333
17491	31336
17492	31338
17493	31339
17494	31341
17495	31344
17496	31346
17497	31347
17498	31349
17499	31352
17500	31354
17501	31355
17502	31356
17503	31357
17504	31359
17505	31362
17506	31364
17507	31365
17508	31367
17509	31370
17510	31372
17511	31373
17512	31375
17513	31378
17514	31380
17515	31381
17516	31382
17517	31382
17518	31383
17519	31385
17520	31388
17521	31390
17522	31391
17523	31393
17524	31396
17525	31398
17526	31399
17527	31401
17528	31404
17529	31406
17530	31407
17531	31408
17532	31409
17533	31411
17534	31414
17535	31416
17536	31417
17537	31419
17538	31422
17539	31424
17540	31425
17541	31427
17542	31430
17543	31432
17544	31433
17545	31434
17546	31435
17547	31437
17548	31440
17549	31442
17550	31443
17551	31445
17552	31448
17553	31450
17554	31451
17555	31453
17556	31456
17557	31458
17558	31459
17559	31460
17560	31461
17561	31462
17562	31463
17563	31465
17564	31466
17565	31468
17566	31469
17567	31471
17568	31474
17569	31476
17570	31477
17571	31479
17572	31482
17573	31484
17574	31485
17575	31487
17576	31489
17577	31491
17578	31492
17579	31494
17580	31495
17581	31497
17582	31500
17583	31502
17584	31503
17585	31505
17586	31508
17587	31510
17588	31511
17589	31513
17590	31515
17591	31517
17592	31518
17593	31520
17594	31521
17595	31523
17596	31526
17597	31528
17598	31529
17599	31531
17600	31534
17601	31536
17602	31537
17603	31539
17604	31540
17605	31542
17606	31543
17607	31545
17608	31546
17609	31548
17610	31549
17611	31551
17612	31554
17613	31556
17614	31557
17615	31559
17616	31562
17617	31564
17618	31565
17619	31567
17620	31570
17621	31572
17622	31573
17623	31574
17624	31575
17625	31577
17626	31580
17627	31582
17628	31583
17629	31585
17630	31588
17631	31590
17632	31591
17633	31593
17634	31596
17635	31598
17636	31599
17637	31600
17638	31601
17639	31603
17640	31606
17641	31608
17642	31609
17643	31611
17644	31614
17645	31616
17646	31617
17647	31619
17648	31622
17649	31624
17650	31625
17651	31626
17652	31627
17653	31628
17654	31629
17655	31630
17656	31631
17657	31633
17658	31634
17659	31636
17660	31639
17661	31641
17662	31642
17663	31644
17664	31647
17665	31649
17666	31650
17667	31652
17668	31654
17669	31656
17670	31657
17671	31659
17672	31660
17673	31662
17674	31665
17675	31667
17676	31668
17677	31670
17678	31673
17679	31675
17680	31676
17681	31678
17682	31680
17683	31682
17684	31682
17685	31683
17686	31685
17687	31688
17688	31690
17689	31691
17690	31693
17691	31696
17692	31698
17693	31699
17694	31701
17695	31704
17696	31706
17697	31707
17698	31708
17699	31709
17700	31711
17701	31714
17702	31716
17703	31717
17704	31719
17705	31722
17706	31724
17707	31725
17708	31727
17709	31730
17710	31732
17711	31733
17712	31734
17713	31735
17714	31736
17715	31737
17716	31739
17717	31740
17718	31742
17719	31743
17720	31745
17721	31748
17722	31750
17723	31751
17724	31753
17725	31756
17726	31758
17727	31759
17728	31761
17729	31763
17730	31765
17731	31766
17732	31768
17733	31769
17734	31771
17735	31774
17736	31776
17737	31777
17738	31779
17739	31782
17740	31784
17741	31785
17742	31787
17743	31789
17744	31791
17745	31792
17746	31794
17747	31795
17748	31797
17749	31800
17750	31802
17751	31803
17752	31805
17753	31808
17754	31810
17755	31811
17756	31813
17757	31814
17758	31816
17759	31817
17760	31819
17761	31820
17762	31822
17763	31823
17764	31825
17765	31828
17766	31830
17767	31831
17768	31833
17769	31836
17770	31838
17771	31839
17772	31841
17773	31844
17774	31846
17775	31847
17776	31848
17777	31849
17778	31851
17779	31854
17780	31856
17781	31857
17782	31859
17783	31862
17784	31864
17785	31865
17786	31867
17787	31870
17788	31872
17789	31873
17790	31874
17791	31875
17792	31877
17793	31880
17794	31882
17795	31883
17796	31885
17797	31888
17798	31890
17799	31891
17800	31893
17801	31896
17802	31898
17803	31899
17804	31900
17805	31901
17806	31902
17807	31903
17808	31904
17809	31904
17810	31905
17811	31907
17812	31910
17813	31912
17814	31913
17815	31915
17816	31918
17817	31920
17818	31921
17819	31923
17820	31926
17821	31928
17822	31929
17823	31930
17824	31931
17825	31933
17826	31936
17827	31938
17828	31939
17829	31941
17830	31944
17831	31946
17832	31947
17833	31949
17834	31952
17835	31954
17836	31955
17837	31956
17838	31957
17839	31958
17840	31959
17841	31960
17842	31961
17843	31963
17844	31964
17845	31966
17846	31969
17847	31971
17848	31972
17849	31974
17850	31977
17851	31979
17852	31980
17853	31982
17854	31984
17855	31986
17856	31987
17857	31989
17858	31990
17859	31992
17860	31995
17861	31997
17862	31998
17863	32000
17864	32003
17865	32005
17866	32006
17867	32008
17868	32010
17869	32012
17870	32012
17871	32013
17872	32015
17873	32018
17874	32020
17875	32021
17876	32023
17877	32026
17878	32028
17879	32029
17880	32031
17881	32034
17882	32036
17883	32037
17884	32038
17885	32039
17886	32041
17887	32044
17888	32046
17889	32047
17890	32049
17891	32052
17892	32054
17893	32055
17894	32057
17895	32060
17896	32062
17897	32063
17898	32064
17899	32065
17900	32067
17901	32070
17902	32072
17903	32073
17904	32075
17905	32078
17906	32080
17907	32081
17908	32083
17909	32086
17910	32088
17911	32089
17912	32090
17913	32090
17914	32091
17915	32093
17916	32096
17917	32098
17918	32099
17919	32101
17920	32104
17921	32106
17922	32107
17923	32109
17924	32112
17925	32114
17926	32115
17927	32116
17928	32117
17929	32119
17930	32122
17931	32124
17932	32125
17933	32127
17934	32130
17935	32132
17936	32133
17937	32135
17938	32138
17939	32140
17940	32141
17941	32142
17942	32143
17943	32144
17944	32145
17945	32147
17946	32148
17947	32150
17948	32151
17949	32153
17950	32156
17951	32158
17952	32159
17953	32161
17954	32164
17955	32166
17956	32167
17957	32169
17958	32171
17959	32173
17960	32174
17961	32176
17962	32177
17963	32179
17964	32182
17965	32184
17966	32185
17967	32187
17968	32190
17969	32192
17970	32193
17971	32195
17972	32197
17973	32199
17974	32200
17975	32202
17976	32203
17977	32205
17978	32208
17979	32210
17980	32211
17981	32213
17982	32216
17983	32218
17984	32219
17985	32221
17986	32222
17987	32224
17988	32225
17989	32227
17990	32228
17991	32230
17992	32231
17993	32233
17994	32236
17995	32238
17996	32239
17997	32241
17998	32244
17999	32246
18000	32247
18001	32249
18002	32252
18003	32254
18004	32255
18005	32256
18006	32257
18007	32259
18008	32262
18009	32264
18010	32265
18011	32267
18012	32270
18013	32272
18014	32273
18015	32275
18016	32278
18017	32280
18018	32281
18019	32282
18020	32283
18021	32285
18022	32288
18023	32290
18024	32291
18025	32293
18026	32296
18027	32298
18028	32299
18029	32301
18030	32304
18031	32306
18032	32307
18033	32308
18034	32309
18035	32310
18036	32311
18037	32313
18038	32314
18039	32316
18040	32317
18041	32319
18042	32322
18043	32324
18044	32325
18045	32327
18046	32330
18047	32332
18048	32333
18049	32335
18050	32337
18051	32339
18052	32339
18053	32340
18054	32342
18055	32345
18056	32347
18057	32348
18058	32350
18059	32353
18060	32355
18061	32356
18062	32358
18063	32361
18064	32363
18065	32364
18066	32365
18067	32366
18068	32368
18069	32371
18070	32373
18071	32374
18072	32376
18073	32379
18074	32381
18075	32382
18076	32384
18077	32387
18078	32389
18079	32390
18080	32391
18081	32392
18082	32394
18083	32397
18084	32399
18085	32400
18086	32402
18087	32405
18088	32407
18089	32408
18090	32410
18091	32413
18092	32415
18093	32416
18094	32417
18095	32417
18096	32418
18097	32420
18098	32423
18099	32425
18100	32426
18101	32428
18102	32431
18103	32433
18104	32434
18105	32436
18106	32439
18107	32441
18108	32442
18109	32443
18110	32444
18111	32445
18112	32446
18113	32447
18114	32448
18115	32450
18116	32451
18117	32453
18118	32456
18119	32458
18120	32459
18121	32461
18122	32464
18123	32466
18124	32467
18125	32469
18126	32471
18127	32473
18128	32473
18129	32474
18130	32476
18131	32479
18132	32481
18133	32482
18134	32484
18135	32487
18136	32489
18137	32490
18138	32492
18139	32495
18140	32497
18141	32498
18142	32499
18143	32500
18144	32501
18145	32502
18146	32503
18147	32504
18148	32506
18149	32507
18150	32509
18151	32512
18152	32514
18153	32515
18154	32517
18155	32520
18156	32522
18157	32523
18158	32525
18159	32527
18160	32529
18161	32530
18162	32532
18163	32533
18164	32535
18165	32538
18166	32540
18167	32541
18168	32543
18169	32546
18170	32548
18171	32549
18172	32551
18173	32553
18174	32555
18175	32555
18176	32556
18177	32558
18178	32561
18179	32563
18180	32564
18181	32566
18182	32569
18183	32571
18184	32572
18185	32574
18186	32577
18187	32579
18188	32580
18189	32581
18190	32582
18191	32584
18192	32587
18193	32589
18194	32590
18195	32592
18196	32595
18197	32597
18198	32598
18199	32600
18200	32603
18201	32605
18202	32606
18203	32607
18204	32608
18205	32610
18206	32613
18207	32615
18208	32616
18209	32618
18210	32621
18211	32623
18212	32624
18213	32626
18214	32629
18215	32631
18216	32632
18217	32633
18218	32633
18219	32634
18220	32635
18221	32636
18222	32638
18223	32641
18224	32643
18225	32644
18226	32646
18227	32649
18228	32651
18229	32652
18230	32654
18231	32657
18232	32659
18233	32660
18234	32661
18235	32662
18236	32664
18237	32667
18238	32669
18239	32670
18240	32672
18241	32675
18242	32677
18243	32678
18244	32680
18245	32683
18246	32685
18247	32686
18248	32687
18249	32688
18250	32690
18251	32693
18252	32695
18253	32696
18254	32698
18255	32701
18256	32703
18257	32704
18258	32706
18259	32709
18260	32711
18261	32712
18262	32713
18263	32713
18264	32714
18265	32716
18266	32719
18267	32721
18268	32722
18269	32724
18270	32727
18271	32729
18272	32730
18273	32732
18274	32735
18275	32737
18276	32738
18277	32739
18278	32740
18279	32742
18280	32745
18281	32747
18282	32748
18283	32750
18284	32753
18285	32755
18286	32756
18287	32758
18288	32761
18289	32763
18290	32764
18291	32765
18292	32766
18293	32768
18294	32771
18295	32773
18296	32774
18297	32776
18298	32779
18299	32781
18300	32782
18301	32784
18302	32787
18303	32789
18304	32790
18305	32791
18306	32792
18307	32793
18308	32794
18309	32796
18310	32797
18311	32799
18312	32800
18313	32802
18314	32805
18315	32807
18316	32808
18317	32810
18318	32813
18319	32815
18320	32816
18321	32818
18322	32820
18323	32822
18324	32823
18325	32825
18326	32826
18327	32828
18328	32831
18329	32833
18330	32834
18331	32836
18332	32839
18333	32841
18334	32842
18335	32844
18336	32846
18337	32848
18338	32849
18339	32851
18340	32852
18341	32854
18342	32857
18343	32859
18344	32860
18345	32862
18346	32865
18347	32867
18348	32868
18349	32870
18350	32871
18351	32873
18352	32874
18353	32876
18354	32877
18355	32879
18356	32880
18357	32882
18358	32885
18359	32887
18360	32888
18361	32890
18362	32893
18363	32895
18364	32896
18365	32898
18366	32901
18367	32903
18368	32904
18369	32905
18370	32906
18371	32908
18372	32910
18373	32912
18374	32913
18375	32915
18376	32918
18377	32920
18378	32921
18379	32923
18380	32925
18381	32927
18382	32928
18383	32930
18384	32931
18385	32933
18386	32936
18387	32938
18388	32939
18389	32941
18390	32944
18391	32946
18392	32947
18393	32949
18394	32951
18395	32953
18396	32953
18397	32954
18398	32956
18399	32959
18400	32961
18401	32962
18402	32964
18403	32967
18404	32969
18405	32970
18406	32972
18407	32975
18408	32977
18409	32978
18410	32979
18411	32980
18412	32982
18413	32985
18414	32987
18415	32988
18416	32990
18417	32993
18418	32995
18419	32996
18420	32998
18421	33001
18422	33003
18423	33004
18424	33005
18425	33006
18426	33008
18427	33011
18428	33013
18429	33014
18430	33016
18431	33019
18432	33021
18433	33022
18434	33024
18435	33027
18436	33029
18437	33030
18438	33031
18439	33031
18440	33032
18441	33034
18442	33037
18443	33039
18444	33040
18445	33042
18446	33045
18447	33047
18448	33048
18449	33050
18450	33053
18451	33055
18452	33056
18453	33057
18454	33058
18455	33060
18456	33063
18457	33065
18458	33066
18459	33068
18460	33071
18461	33073
18462	33074
18463	33076
18464	33079
18465	33081
18466	33082
18467	33083
18468	33084
18469	33086
18470	33089
18471	33091
18472	33092
18473	33094
18474	33097
18475	33099
18476	33100
18477	33102
18478	33105
18479	33107
18480	33108
18481	33109
18482	33110
18483	33111
18484	33112
18485	33114
18486	33114
18487	33117
18488	33119
18489	33120
18490	33122
18491	33125
18492	33127
18493	33128
18494	33130
18495	33133
18496	33135
18497	33136
18498	33137
18499	33138
18500	33140
18501	33143
18502	33145
18503	33146
18504	33148
18505	33151
18506	33153
18507	33154
18508	33156
18509	33159
18510	33161
18511	33162
18512	33163
18513	33164
18514	33166
18515	33169
18516	33171
18517	33172
18518	33174
18519	33177
18520	33179
18521	33180
18522	33182
18523	33185
18524	33187
18525	33188
18526	33189
18527	33190
18528	33191
18529	33192
18530	33193
18531	33194
18532	33196
18533	33197
18534	33199
18535	33202
18536	33204
18537	33205
18538	33207
18539	33210
18540	33212
18541	33213
18542	33215
18543	33217
18544	33219
18545	33220
18546	33222
18547	33223
18548	33225
18549	33228
18550	33230
18551	33231
18552	33233
18553	33236
18554	33238
18555	33239
18556	33241
18557	33243
18558	33245
18559	33245
18560	33246
18561	33248
18562	33251
18563	33253
18564	33254
18565	33256
18566	33259
18567	33261
18568	33262
18569	33264
18570	33267
18571	33269
18572	33270
18573	33271
18574	33272
18575	33274
18576	33277
18577	33279
18578	33280
18579	33282
18580	33285
18581	33287
18582	33288
18583	33290
18584	33293
18585	33295
18586	33296
18587	33297
18588	33298
18589	33300
18590	33303
18591	33305
18592	33306
18593	33308
18594	33311
18595	33313
18596	33314
18597	33316
18598	33319
18599	33321
18600	33322
18601	33323
18602	33323
18603	33324
18604	33325
18605	33326
18606	33328
18607	33331
18608	33333
18609	33334
18610	33336
18611	33339
18612	33341
18613	33342
18614	33344
18615	33347
18616	33349
18617	33350
18618	33351
18619	33352
18620	33353
18621	33354
18622	33356
18623	33357
18624	33359
18625	33360
18626	33362
18627	33365
18628	33367
18629	33368
18630	33370
18631	33373
18632	33375
18633	33376
18634	33378
18635	33380
18636	33382
18637	33383
18638	33385
18639	33386
18640	33388
18641	33391
18642	33393
18643	33394
18644	33396
18645	33399
18646	33401
18647	33402
18648	33404
18649	33406
18650	33408
18651	33409
18652	33411
18653	33412
18654	33414
18655	33417
18656	33419
18657	33420
18658	33422
18659	33425
18660	33427
18661	33428
18662	33430
18663	33431
18664	33433
18665	33433
18666	33434
18667	33435
18668	33436
18669	33438
18670	33439
18671	33441
18672	33444
18673	33446
18674	33447
18675	33449
18676	33452
18677	33454
18678	33455
18679	33457
18680	33459
18681	33461
18682	33462
18683	33464
18684	33465
18685	33467
18686	33470
18687	33472
18688	33473
18689	33475
18690	33478
18691	33480
18692	33481
18693	33483
18694	33485
18695	33487
18696	33487
18697	33488
18698	33490
18699	33493
18700	33495
18701	33496
18702	33498
18703	33501
18704	33503
18705	33504
18706	33506
18707	33509
18708	33511
18709	33512
18710	33513
18711	33514
18712	33516
18713	33519
18714	33521
18715	33522
18716	33524
18717	33527
18718	33529
18719	33530
18720	33532
18721	33535
18722	33537
18723	33538
18724	33539
18725	33540
18726	33542
18727	33545
18728	33547
18729	33548
18730	33550
18731	33553
18732	33555
18733	33556
18734	33558
18735	33561
18736	33563
18737	33564
18738	33565
18739	33565
18740	33566
18741	33567
18742	33568
18743	33570
18744	33573
18745	33575
18746	33576
18747	33578
18748	33581
18749	33583
18750	33584
18751	33586
18752	33589
18753	33591
18754	33592
18755	33593
18756	33594
18757	33596
18758	33599
18759	33601
18760	33602
18761	33604
18762	33607
18763	33609
18764	33610
18765	33612
18766	33615
18767	33617
18768	33618
18769	33619
18770	33620
18771	33621
18772	33622
18773	33624
18774	33625
18775	33627
18776	33628
18777	33630
18778	33633
18779	33635
18780	33636
18781	33638
18782	33641
18783	33643
18784	33644
18785	33646
18786	33648
18787	33650
18788	33651
18789	33653
18790	33654
18791	33656
18792	33659
18793	33661
18794	33662
18795	33664
18796	33667
18797	33669
18798	33670
18799	33672
18800	33674
18801	33676
18802	33677
18803	33679
18804	33680
18805	33682
18806	33685
18807	33687
18808	33688
18809	33690
18810	33693
18811	33695
18812	33696
18813	33698
18814	33699
18815	33701
18816	33702
18817	33704
18818	33705
18819	33707
18820	33708
18821	33710
18822	33713
18823	33715
18824	33716
18825	33718
18826	33721
18827	33723
18828	33724
18829	33726
18830	33729
18831	33731
18832	33732
18833	33733
18834	33734
18835	33736
18836	33739
18837	33741
18838	33742
18839	33744
18840	33747
18841	33749
18842	33750
18843	33752
18844	33755
18845	33757
18846	33758
18847	33759
18848	33760
18849	33762
18850	33765
18851	33767
18852	33768
18853	33770
18854	33773
18855	33775
18856	33776
18857	33778
18858	33781
18859	33783
18860	33784
18861	33785
18862	33786
18863	33787
18864	33787
18865	33788
18866	33789
18867	33790
18868	33792
18869	33795
18870	33797
18871	33798
18872	33800
18873	33803
18874	33805
18875	33806
18876	33808
18877	33811
18878	33813
18879	33814
18880	33815
18881	33816
18882	33818
18883	33821
18884	33823
18885	33824
18886	33826
18887	33829
18888	33831
18889	33832
18890	33834
18891	33837
18892	33839
18893	33840
18894	33841
18895	33842
18896	33844
18897	33847
18898	33849
18899	33850
18900	33852
18901	33855
18902	33857
18903	33858
18904	33860
18905	33863
18906	33865
18907	33866
18908	33867
18909	33867
18910	33868
18911	33870
18912	33873
18913	33875
18914	33876
18915	33878
18916	33881
18917	33883
18918	33884
18919	33886
18920	33889
18921	33891
18922	33892
18923	33893
18924	33894
18925	33895
18926	33895
18927	33896
18928	33898
18929	33901
18930	33903
18931	33904
18932	33906
18933	33909
18934	33911
18935	33912
18936	33914
18937	33917
18938	33919
18939	33920
18940	33921
18941	33922
18942	33924
18943	33927
18944	33929
18945	33930
18946	33932
18947	33935
18948	33937
18949	33938
18950	33940
18951	33943
18952	33945
18953	33946
18954	33947
18955	33948
18956	33950
18957	33953
18958	33955
18959	33956
18960	33958
18961	33961
18962	33963
18963	33964
18964	33966
18965	33969
18966	33971
18967	33972
18968	33973
18969	33974
18970	33975
18971	33976
18972	33978
18973	33979
18974	33981
18975	33982
18976	33984
18977	33987
18978	33989
18979	33990
18980	33992
18981	33995
18982	33997
18983	33998
18984	34000
18985	34002
18986	34004
18987	34005
18988	34007
18989	34008
18990	34010
18991	34013
18992	34015
18993	34016
18994	34018
18995	34021
18996	34023
18997	34024
18998	34026
18999	34028
19000	34030
19001	34031
19002	34033
19003	34034
19004	34036
19005	34039
19006	34041
19007	34042
19008	34044
19009	34047
19010	34049
19011	34050
19012	34052
19013	34053
19014	34055
19015	34056
19016	34058
19017	34059
19018	34061
19019	34062
19020	34064
19021	34067
19022	34069
19023	34070
19024	34072
19025	34075
19026	34077
19027	34078
19028	34080
19029	34083
19030	34085
19031	34086
19032	34087
19033	34088
19034	34090
19035	34093
19036	34095
19037	34096
19038	34098
19039	34101
19040	34103
19041	34104
19042	34106
19043	34109
19044	34111
19045	34112
19046	34113
19047	34114
19048	34116
19049	34119
19050	34121
19051	34122
19052	34124
19053	34127
19054	34129
19055	34130
19056	34132
19057	34135
19058	34137
19059	34138
19060	34139
19061	34140
19062	34141
19063	34142
19064	34144
19065	34144
19066	34147
19067	34149
19068	34150
19069	34152
19070	34155
19071	34157
19072	34158
19073	34160
19074	34163
19075	34165
19076	34166
19077	34167
19078	34168
19079	34170
19080	34173
19081	34175
19082	34176
19083	34178
19084	34181
19085	34183
19086	34184
19087	34186
19088	34189
19089	34191
19090	34192
19091	34193
19092	34194
19093	34196
19094	34199
19095	34201
19096	34202
19097	34204
19098	34207
19099	34209
19100	34210
19101	34212
19102	34215
19103	34217
19104	34218
19105	34219
19106	34220
19107	34221
19108	34222
19109	34223
19110	34224
19111	34226
19112	34227
19113	34229
19114	34232
19115	34234
19116	34235
19117	34237
19118	34240
19119	34242
19120	34243
19121	34245
19122	34247
19123	34249
19124	34250
19125	34252
19126	34253
19127	34255
19128	34258
19129	34260
19130	34261
19131	34263
19132	34266
19133	34268
19134	34269
19135	34271
19136	34273
19137	34275
19138	34275
19139	34276
19140	34278
19141	34281
19142	34283
19143	34284
19144	34286
19145	34289
19146	34291
19147	34292
19148	34294
19149	34297
19150	34299
19151	34300
19152	34301
19153	34302
19154	34304
19155	34307
19156	34309
19157	34310
19158	34312
19159	34315
19160	34317
19161	34318
19162	34320
19163	34323
19164	34325
19165	34326
19166	34327
19167	34328
19168	34330
19169	34333
19170	34335
19171	34336
19172	34338
19173	34341
19174	34343
19175	34344
19176	34346
19177	34349
19178	34351
19179	34352
19180	34353
19181	34353
19182	34354
19183	34356
19184	34359
19185	34361
19186	34362
19187	34364
19188	34367
19189	34369
19190	34370
19191	34372
19192	34375
19193	34377
19194	34378
19195	34379
19196	34380
19197	34382
19198	34385
19199	34387
19200	34388
19201	34390
19202	34393
19203	34395
19204	34396
19205	34398
19206	34401
19207	34403
19208	34404
19209	34405
19210	34406
19211	34408
19212	34411
19213	34413
19214	34414
19215	34416
19216	34419
19217	34421
19218	34422
19219	34424
19220	34427
19221	34429
19222	34430
19223	34431
19224	34432
19225	34433
19226	34434
19227	34436
19228	34437
19229	34439
19230	34440
19231	34442
19232	34445
19233	34447
19234	34448
19235	34450
19236	34453
19237	34455
19238	34456
19239	34458
19240	34460
19241	34462
19242	34463
19243	34465
19244	34466
19245	34468
19246	34471
19247	34473
19248	34474
19249	34476
19250	34479
19251	34481
19252	34482
19253	34484
19254	34486
19255	34488
19256	34489
19257	34491
19258	34492
19259	34494
19260	34497
19261	34499
19262	34500
19263	34502
19264	34505
19265	34507
19266	34508
19267	34510
19268	34511
19269	34513
19270	34513
19271	34514
19272	34516
19273	34516
19274	34519
19275	34521
19276	34522
19277	34524
19278	34527
19279	34529
19280	34530
19281	34532
19282	34535
19283	34537
19284	34538
19285	34539
19286	34540
19287	34542
19288	34545
19289	34547
19290	34548
19291	34550
19292	34553
19293	34555
19294	34556
19295	34558
19296	34561
19297	34563
19298	34564
19299	34565
19300	34566
19301	34568
19302	34571
19303	34573
19304	34574
19305	34576
19306	34579
19307	34581
19308	34582
19309	34584
19310	34587
19311	34589
19312	34590
19313	34591
19314	34592
19315	34593
19316	34593
19317	34594
19318	34596
19319	34599
19320	34601
19321	34602
19322	34604
19323	34607
19324	34609
19325	34610
19326	34612
19327	34615
19328	34617
19329	34618
19330	34619
19331	34620
19332	34622
19333	34625
19334	34627
19335	34628
19336	34630
19337	34633
19338	34635
19339	34636
19340	34638
19341	34641
19342	34643
19343	34644
19344	34645
19345	34646
19346	34648
19347	34651
19348	34653
19349	34654
19350	34656
19351	34659
19352	34661
19353	34662
19354	34664
19355	34667
19356	34669
19357	34670
19358	34671
19359	34672
19360	34673
19361	34674
19362	34676
19363	34677
19364	34679
19365	34680
19366	34682
19367	34685
19368	34687
19369	34688
19370	34690
19371	34693
19372	34695
19373	34696
19374	34698
19375	34700
19376	34702
19377	34703
19378	34705
19379	34706
19380	34708
19381	34711
19382	34713
19383	34714
19384	34716
19385	34719
19386	34721
19387	34722
19388	34724
19389	34726
19390	34728
19391	34729
19392	34731
19393	34732
19394	34734
19395	34737
19396	34739
19397	34740
19398	34742
19399	34745
19400	34747
19401	34748
19402	34750
19403	34751
19404	34753
19405	34754
19406	34756
19407	34757
19408	34759
19409	34760
19410	34762
19411	34765
19412	34767
19413	34768
19414	34770
19415	34773
19416	34775
19417	34776
19418	34778
19419	34781
19420	34783
19421	34784
19422	34785
19423	34786
19424	34788
19425	34791
19426	34793
19427	34794
19428	34796
19429	34799
19430	34801
19431	34802
19432	34804
19433	34807
19434	34809
19435	34810
19436	34811
19437	34812
19438	34814
19439	34817
19440	34819
19441	34820
19442	34822
19443	34825
19444	34827
19445	34828
19446	34830
19447	34833
19448	34835
19449	34836
19450	34837
19451	34838
19452	34839
19453	34840
19454	34842
19455	34843
19456	34845
19457	34846
19458	34848
19459	34851
19460	34853
19461	34854
19462	34856
19463	34859
19464	34861
19465	34862
19466	34864
19467	34866
19468	34868
19469	34869
19470	34871
19471	34872
19472	34874
19473	34877
19474	34879
19475	34880
19476	34882
19477	34885
19478	34887
19479	34888
19480	34890
19481	34892
19482	34894
19483	34895
19484	34897
19485	34898
19486	34900
19487	34903
19488	34905
19489	34906
19490	34908
19491	34911
19492	34913
19493	34914
19494	34916
19495	34917
19496	34919
19497	34920
19498	34922
19499	34923
19500	34925
19501	34926
19502	34928
19503	34931
19504	34933
19505	34934
19506	34936
19507	34939
19508	34941
19509	34942
19510	34944
19511	34947
19512	34949
19513	34950
19514	34951
19515	34952
19516	34954
19517	34957
19518	34959
19519	34960
19520	34962
19521	34965
19522	34967
19523	34968
19524	34970
19525	34973
19526	34975
19527	34976
19528	34977
19529	34978
19530	34980
19531	34983
19532	34985
19533	34986
19534	34988
19535	34991
19536	34993
19537	34994
19538	34996
19539	34999
19540	35001
19541	35002
19542	35003
19543	35004
19544	35005
19545	35006
19546	35008
19547	35008
19548	35011
19549	35013
19550	35014
19551	35016
19552	35019
19553	35021
19554	35022
19555	35024
19556	35027
19557	35029
19558	35030
19559	35031
19560	35032
19561	35034
19562	35037
19563	35039
19564	35040
19565	35042
19566	35045
19567	35047
19568	35048
19569	35050
19570	35053
19571	35055
19572	35056
19573	35057
19574	35058
19575	35060
19576	35063
19577	35065
19578	35066
19579	35068
19580	35071
19581	35073
19582	35074
19583	35076
19584	35079
19585	35081
19586	35082
19587	35083
19588	35084
19589	35085
19590	35086
19591	35088
19592	35089
19593	35091
19594	35092
19595	35094
19596	35097
19597	35099
19598	35100
19599	35102
19600	35105
19601	35107
19602	35108
19603	35110
19604	35112
19605	35114
19606	35115
19607	35117
19608	35118
19609	35120
19610	35123
19611	35125
19612	35126
19613	35128
19614	35131
19615	35133
19616	35134
19617	35136
19618	35138
19619	35140
19620	35141
19621	35143
19622	35144
19623	35146
19624	35149
19625	35151
19626	35152
19627	35154
19628	35157
19629	35159
19630	35160
19631	35162
19632	35163
19633	35165
19634	35166
19635	35168
19636	35169
19637	35171
19638	35172
19639	35174
19640	35177
19641	35179
19642	35180
19643	35182
19644	35185
19645	35187
19646	35188
19647	35190
19648	35193
19649	35195
19650	35196
19651	35197
19652	35198
19653	35200
19654	35203
19655	35205
19656	35206
19657	35208
19658	35211
19659	35213
19660	35214
19661	35216
19662	35219
19663	35221
19664	35222
19665	35223
19666	35224
19667	35226
19668	35229
19669	35231
19670	35232
19671	35234
19672	35237
19673	35239
19674	35240
19675	35242
19676	35245
19677	35247
19678	35248
19679	35249
19680	35250
19681	35251
19682	35252
19683	35254
19684	35255
19685	35257
19686	35258
19687	35260
19688	35263
19689	35265
19690	35266
19691	35268
19692	35271
19693	35273
19694	35274
19695	35276
19696	35278
19697	35280
19698	35281
19699	35283
19700	35284
19701	35286
19702	35289
19703	35291
19704	35292
19705	35294
19706	35297
19707	35299
19708	35300
19709	35302
19710	35304
19711	35306
19712	35307
19713	35309
19714	35310
19715	35312
19716	35315
19717	35317
19718	35318
19719	35320
19720	35323
19721	35325
19722	35326
19723	35328
19724	35329
19725	35331
19726	35332
19727	35334
19728	35335
19729	35337
19730	35338
19731	35340
19732	35343
19733	35345
19734	35346
19735	35348
19736	35351
19737	35353
19738	35354
19739	35356
19740	35359
19741	35361
19742	35362
19743	35363
19744	35364
19745	35366
19746	35369
19747	35371
19748	35372
19749	35374
19750	35377
19751	35379
19752	35380
19753	35382
19754	35385
19755	35387
19756	35388
19757	35389
19758	35390
19759	35392
19760	35395
19761	35397
19762	35398
19763	35400
19764	35403
19765	35405
19766	35406
19767	35408
19768	35411
19769	35413
19770	35414
19771	35415
19772	35416
19773	35417
19774	35418
19775	35419
19776	35420
19777	35422
19778	35423
19779	35425
19780	35428
19781	35430
19782	35431
19783	35433
19784	35436
19785	35438
19786	35439
19787	35441
19788	35443
19789	35445
19790	35446
19791	35448
19792	35449
19793	35451
19794	35454
19795	35456
19796	35457
19797	35459
19798	35461
19799	35463
19800	35464
19801	35466
19802	35467
19803	35469
19804	35472
19805	35474
19806	35475
19807	35477
19808	35480
19809	35482
19810	35483
19811	35485
19812	35487
19813	35489
19814	35489
19815	35490
19816	35492
19817	35495
19818	35497
19819	35498
19820	35500
19821	35503
19822	35505
19823	35506
19824	35508
19825	35511
19826	35513
19827	35514
19828	35515
19829	35516
19830	35518
19831	35521
19832	35523
19833	35524
19834	35526
19835	35529
19836	35531
19837	35532
19838	35534
19839	35537
19840	35539
19841	35540
19842	35541
19843	35542
19844	35543
19845	35543
19846	35544
19847	35546
19848	35549
19849	35551
19850	35552
19851	35554
19852	35557
19853	35559
19854	35560
19855	35562
19856	35565
19857	35567
19858	35568
19859	35569
19860	35570
19861	35572
19862	35575
19863	35577
19864	35578
19865	35580
19866	35583
19867	35585
19868	35586
19869	35588
19870	35591
19871	35593
19872	35594
19873	35595
19874	35596
19875	35598
19876	35601
19877	35603
19878	35604
19879	35606
19880	35609
19881	35611
19882	35612
19883	35614
19884	35617
19885	35619
19886	35620
19887	35621
19888	35622
19889	35623
19890	35624
19891	35626
19892	35627
19893	35629
19894	35630
19895	35632
19896	35635
19897	35637
19898	35638
19899	35640
19900	35643
19901	35645
19902	35646
19903	35648
19904	35650
19905	35652
19906	35653
19907	35655
19908	35656
19909	35658
19910	35661
19911	35663
19912	35664
19913	35666
19914	35669
19915	35671
19916	35672
19917	35674
19918	35676
19919	35678
19920	35679
19921	35681
19922	35682
19923	35684
19924	35687
19925	35689
19926	35690
19927	35692
19928	35695
19929	35697
19930	35698
19931	35700
19932	35701
19933	35703
19934	35704
19935	35706
19936	35707
19937	35709
19938	35710
19939	35712
19940	35715
19941	35717
19942	35718
19943	35720
19944	35723
19945	35725
19946	35726
19947	35728
19948	35731
19949	35733
19950	35734
19951	35735
19952	35736
19953	35738
19954	35741
19955	35743
19956	35744
19957	35746
19958	35749
19959	35751
19960	35752
19961	35754
19962	35757
19963	35759
19964	35760
19965	35761
19966	35762
19967	35764
19968	35767
19969	35769
19970	35770
19971	35772
19972	35775
19973	35777
19974	35778
19975	35780
19976	35783
19977	35785
19978	35786
19979	35787
19980	35788
19981	35789
19982	35790
19983	35792
19984	35793
19985	35795
19986	35796
19987	35798
19988	35801
19989	35803
19990	35804
19991	35806
19992	35809
19993	35811
19994	35812
19995	35814
19996	35816
19997	35818
19998	35819
19999	35821
20000	35822
20001	35824
20002	35827
20003	35829
20004	35830
20005	35832
20006	35835
20007	35837
20008	35838
20009	35840
20010	35842
20011	35844
20012	35845
20013	35847
20014	35848
20015	35850
20016	35852
20017	35854
20018	35855
20019	35857
20020	35858
20021	35860
20022	35863
20023	35865
20024	35866
20025	35868
20026	35871
20027	35873
20028	35874
20029	35876
20030	35878
20031	35880
20032	35880
20033	35881
20034	35883
20035	35885
20036	35887
20037	35888
20038	35890
20039	35893
20040	35895
20041	35896
20042	35898
20043	35900
20044	35902
20045	35903
20046	35905
20047	35906
20048	35908
20049	35911
20050	35913
20051	35914
20052	35916
20053	35919
20054	35921
20055	35922
20056	35924
20057	35926
20058	35928
20059	35928
20060	35929
20061	35931
20062	35934
20063	35936
20064	35937
20065	35939
20066	35942
20067	35944
20068	35945
20069	35947
20070	35950
20071	35952
20072	35953
20073	35954
20074	35955
20075	35957
20076	35960
20077	35962
20078	35963
20079	35965
20080	35968
20081	35970
20082	35971
20083	35973
20084	35976
20085	35978
20086	35979
20087	35980
20088	35981
20089	35983
20090	35986
20091	35988
20092	35989
20093	35991
20094	35994
20095	35996
20096	35997
20097	35999
20098	36002
20099	36004
20100	36005
20101	36006
20102	36006
20103	36007
20104	36009
20105	36012
20106	36014
20107	36015
20108	36017
20109	36020
20110	36022
20111	36023
20112	36025
20113	36028
20114	36030
20115	36031
20116	36032
20117	36033
20118	36035
20119	36038
20120	36040
20121	36041
20122	36043
20123	36046
20124	36048
20125	36049
20126	36051
20127	36054
20128	36056
20129	36057
20130	36058
20131	36059
20132	36061
20133	36064
20134	36066
20135	36067
20136	36069
20137	36072
20138	36074
20139	36075
20140	36077
20141	36080
20142	36082
20143	36083
20144	36084
20145	36085
20146	36086
20147	36087
20148	36089
20149	36090
20150	36092
20151	36093
20152	36095
20153	36098
20154	36100
20155	36101
20156	36103
20157	36106
20158	36108
20159	36109
20160	36111
20161	36113
20162	36115
20163	36116
20164	36118
20165	36119
20166	36121
20167	36124
20168	36126
20169	36127
20170	36129
20171	36132
20172	36134
20173	36135
20174	36137
20175	36139
20176	36141
20177	36142
20178	36144
20179	36145
20180	36147
20181	36150
20182	36152
20183	36153
20184	36155
20185	36158
20186	36160
20187	36161
20188	36163
20189	36164
20190	36166
20191	36167
20192	36169
20193	36170
20194	36172
20195	36173
20196	36175
20197	36178
20198	36180
20199	36181
20200	36183
20201	36186
20202	36188
20203	36189
20204	36191
20205	36194
20206	36196
20207	36197
20208	36198
20209	36199
20210	36201
20211	36204
20212	36206
20213	36207
20214	36209
20215	36212
20216	36214
20217	36215
20218	36217
20219	36220
20220	36222
20221	36223
20222	36224
20223	36225
20224	36227
20225	36230
20226	36232
20227	36233
20228	36235
20229	36238
20230	36240
20231	36241
20232	36243
20233	36246
20234	36248
20235	36249
20236	36250
20237	36251
20238	36252
20239	36253
20240	36254
20241	36255
20242	36257
20243	36258
20244	36260
20245	36263
20246	36265
20247	36266
20248	36268
20249	36271
20250	36273
20251	36274
20252	36276
20253	36278
20254	36280
20255	36280
20256	36281
20257	36283
20258	36286
20259	36288
20260	36289
20261	36291
20262	36294
20263	36296
20264	36297
20265	36299
20266	36302
20267	36304
20268	36305
20269	36306
20270	36307
20271	36309
20272	36312
20273	36314
20274	36315
20275	36317
20276	36320
20277	36322
20278	36323
20279	36325
20280	36328
20281	36330
20282	36331
20283	36332
20284	36333
20285	36335
20286	36338
20287	36340
20288	36341
20289	36343
20290	36346
20291	36348
20292	36349
20293	36351
20294	36354
20295	36356
20296	36357
20297	36358
20298	36358
20299	36359
20300	36361
20301	36364
20302	36366
20303	36367
20304	36369
20305	36372
20306	36374
20307	36375
20308	36377
20309	36380
20310	36382
20311	36383
20312	36384
20313	36385
20314	36387
20315	36390
20316	36392
20317	36393
20318	36395
20319	36398
20320	36400
20321	36401
20322	36403
20323	36406
20324	36408
20325	36409
20326	36410
20327	36411
20328	36412
20329	36413
20330	36415
20331	36416
20332	36418
20333	36419
20334	36421
20335	36424
20336	36426
20337	36427
20338	36429
20339	36432
20340	36434
20341	36435
20342	36437
20343	36439
20344	36441
20345	36442
20346	36444
20347	36445
20348	36447
20349	36450
20350	36452
20351	36453
20352	36455
20353	36458
20354	36460
20355	36461
20356	36463
20357	36465
20358	36467
20359	36468
20360	36470
20361	36471
20362	36473
20363	36476
20364	36478
20365	36479
20366	36481
20367	36484
20368	36486
20369	36487
20370	36489
20371	36490
20372	36492
20373	36493
20374	36495
20375	36496
20376	36498
20377	36499
20378	36501
20379	36504
20380	36506
20381	36507
20382	36509
20383	36512
20384	36514
20385	36515
20386	36517
20387	36520
20388	36522
20389	36523
20390	36524
20391	36525
20392	36527
20393	36530
20394	36532
20395	36533
20396	36535
20397	36538
20398	36540
20399	36541
20400	36543
20401	36546
20402	36548
20403	36549
20404	36550
20405	36551
20406	36552
20407	36553
20408	36555
20409	36556
20410	36558
20411	36559
20412	36561
20413	36564
20414	36566
20415	36567
20416	36569
20417	36572
20418	36574
20419	36575
20420	36577
20421	36579
20422	36581
20423	36582
20424	36584
20425	36585
20426	36587
20427	36590
20428	36592
20429	36593
20430	36595
20431	36598
20432	36600
20433	36601
20434	36603
20435	36605
20436	36607
20437	36608
20438	36610
20439	36611
20440	36613
20441	36616
20442	36618
20443	36619
20444	36621
20445	36624
20446	36626
20447	36627
20448	36629
20449	36630
20450	36632
20451	36633
20452	36635
20453	36636
20454	36638
20455	36639
20456	36641
20457	36644
20458	36646
20459	36647
20460	36649
20461	36652
20462	36654
20463	36655
20464	36657
20465	36660
20466	36662
20467	36663
20468	36664
20469	36665
20470	36666
20471	36667
20472	36669
20473	36670
20474	36672
20475	36673
20476	36675
20477	36678
20478	36680
20479	36681
20480	36683
20481	36686
20482	36688
20483	36689
20484	36691
20485	36693
20486	36695
20487	36695
20488	36696
20489	36698
20490	36701
20491	36703
20492	36704
20493	36706
20494	36709
20495	36711
20496	36712
20497	36714
20498	36717
20499	36719
20500	36720
20501	36721
20502	36722
20503	36724
20504	36727
20505	36729
20506	36730
20507	36732
20508	36735
20509	36737
20510	36738
20511	36740
20512	36743
20513	36745
20514	36746
20515	36747
20516	36748
20517	36750
20518	36753
20519	36755
20520	36756
20521	36758
20522	36761
20523	36763
20524	36764
20525	36766
20526	36769
20527	36771
20528	36772
20529	36773
20530	36773
20531	36774
20532	36776
20533	36779
20534	36781
20535	36782
20536	36784
20537	36787
20538	36789
20539	36790
20540	36792
20541	36795
20542	36797
20543	36798
20544	36799
20545	36800
20546	36802
20547	36805
20548	36807
20549	36808
20550	36810
20551	36813
20552	36815
20553	36816
20554	36818
20555	36821
20556	36823
20557	36824
20558	36825
20559	36826
20560	36828
20561	36831
20562	36833
20563	36834
20564	36836
20565	36839
20566	36841
20567	36842
20568	36844
20569	36847
20570	36849
20571	36850
20572	36851
20573	36852
20574	36853
20575	36854
20576	36855
20577	36855
20578	36856
20579	36858
20580	36861
20581	36863
20582	36864
20583	36866
20584	36869
20585	36871
20586	36872
20587	36874
20588	36877
20589	36879
20590	36880
20591	36881
20592	36882
20593	36884
20594	36887
20595	36889
20596	36890
20597	36892
20598	36895
20599	36897
20600	36898
20601	36900
20602	36903
20603	36905
20604	36906
20605	36907
20606	36908
20607	36910
20608	36913
20609	36915
20610	36916
20611	36918
20612	36921
20613	36923
20614	36924
20615	36926
20616	36929
20617	36931
20618	36932
20619	36933
20620	36934
20621	36935
20622	36936
20623	36938
20624	36938
20625	36941
20626	36943
20627	36944
20628	36946
20629	36949
20630	36951
20631	36952
20632	36954
20633	36957
20634	36959
20635	36960
20636	36961
20637	36962
20638	36964
20639	36967
20640	36969
20641	36970
20642	36972
20643	36975
20644	36977
20645	36978
20646	36980
20647	36983
20648	36985
20649	36986
20650	36987
20651	36988
20652	36990
20653	36993
20654	36995
20655	36996
20656	36998
20657	37001
20658	37003
20659	37004
20660	37006
20661	37009
20662	37011
20663	37012
20664	37013
20665	37014
20666	37015
20667	37016
20668	37018
20669	37019
20670	37021
20671	37022
20672	37024
20673	37027
20674	37029
20675	37030
20676	37032
20677	37035
20678	37037
20679	37038
20680	37040
20681	37042
20682	37044
20683	37045
20684	37047
20685	37048
20686	37050
20687	37053
20688	37055
20689	37056
20690	37058
20691	37061
20692	37063
20693	37064
20694	37066
20695	37068
20696	37070
20697	37071
20698	37073
20699	37074
20700	37076
20701	37079
20702	37081
20703	37082
20704	37084
20705	37087
20706	37089
20707	37090
20708	37092
20709	37093
20710	37095
20711	37096
20712	37098
20713	37099
20714	37101
20715	37102
20716	37104
20717	37107
20718	37109
20719	37110
20720	37112
20721	37115
20722	37117
20723	37118
20724	37120
20725	37123
20726	37125
20727	37126
20728	37127
20729	37128
20730	37130
20731	37133
20732	37135
20733	37136
20734	37138
20735	37141
20736	37143
20737	37144
20738	37146
20739	37149
20740	37151
20741	37152
20742	37153
20743	37154
20744	37156
20745	37159
20746	37161
20747	37162
20748	37164
20749	37167
20750	37169
20751	37170
20752	37172
20753	37175
20754	37177
20755	37178
20756	37179
20757	37180
20758	37181
20759	37182
20760	37184
20761	37185
20762	37187
20763	37188
20764	37190
20765	37193
20766	37195
20767	37196
20768	37198
20769	37201
20770	37203
20771	37204
20772	37206
20773	37208
20774	37210
20775	37211
20776	37213
20777	37214
20778	37216
20779	37219
20780	37221
20781	37222
20782	37224
20783	37227
20784	37229
20785	37230
20786	37232
20787	37234
20788	37236
20789	37237
20790	37239
20791	37240
20792	37242
20793	37245
20794	37247
20795	37248
20796	37250
20797	37253
20798	37255
20799	37256
20800	37258
20801	37259
20802	37261
20803	37262
20804	37264
20805	37265
20806	37267
20807	37268
20808	37270
20809	37273
20810	37275
20811	37276
20812	37278
20813	37281
20814	37283
20815	37284
20816	37286
20817	37289
20818	37291
20819	37292
20820	37293
20821	37294
20822	37296
20823	37299
20824	37301
20825	37302
20826	37304
20827	37307
20828	37309
20829	37310
20830	37312
20831	37315
20832	37317
20833	37318
20834	37319
20835	37320
20836	37322
20837	37325
20838	37327
20839	37328
20840	37330
20841	37333
20842	37335
20843	37336
20844	37338
20845	37341
20846	37343
20847	37344
20848	37345
20849	37346
20850	37347
20851	37348
20852	37350
20853	37351
20854	37353
20855	37354
20856	37356
20857	37359
20858	37361
20859	37362
20860	37364
20861	37367
20862	37369
20863	37370
20864	37372
20865	37374
20866	37376
20867	37377
20868	37379
20869	37380
20870	37382
20871	37385
20872	37387
20873	37388
20874	37390
20875	37393
20876	37395
20877	37396
20878	37398
20879	37400
20880	37402
20881	37403
20882	37405
20883	37406
20884	37408
20885	37411
20886	37413
20887	37414
20888	37416
20889	37419
20890	37421
20891	37422
20892	37424
20893	37425
20894	37427
20895	37428
20896	37430
20897	37431
20898	37433
20899	37434
20900	37436
20901	37439
20902	37441
20903	37442
20904	37444
20905	37447
20906	37449
20907	37450
20908	37452
20909	37455
20910	37457
20911	37458
20912	37459
20913	37460
20914	37462
20915	37465
20916	37467
20917	37468
20918	37470
20919	37473
20920	37475
20921	37476
20922	37478
20923	37481
20924	37483
20925	37484
20926	37485
20927	37486
20928	37488
20929	37491
20930	37493
20931	37494
20932	37496
20933	37499
20934	37501
20935	37502
20936	37504
20937	37507
20938	37509
20939	37510
20940	37511
20941	37512
20942	37513
20943	37514
20944	37516
20945	37517
20946	37519
20947	37520
20948	37522
20949	37525
20950	37527
20951	37528
20952	37530
20953	37533
20954	37535
20955	37536
20956	37538
20957	37540
20958	37542
20959	37543
20960	37545
20961	37546
20962	37548
20963	37551
20964	37553
20965	37554
20966	37556
20967	37559
20968	37561
20969	37562
20970	37564
20971	37566
20972	37568
20973	37569
20974	37571
20975	37572
20976	37574
20977	37577
20978	37579
20979	37580
20980	37582
20981	37585
20982	37587
20983	37588
20984	37590
20985	37591
20986	37593
20987	37594
20988	37596
20989	37597
20990	37599
20991	37600
20992	37602
20993	37605
20994	37607
20995	37608
20996	37610
20997	37613
20998	37615
20999	37616
21000	37618
21001	37621
21002	37623
21003	37624
21004	37625
21005	37626
21006	37628
21007	37631
21008	37633
21009	37634
21010	37636
21011	37639
21012	37641
21013	37642
21014	37644
21015	37647
21016	37649
21017	37650
21018	37651
21019	37652
21020	37654
21021	37657
21022	37659
21023	37660
21024	37662
21025	37665
21026	37667
21027	37668
21028	37670
21029	37673
21030	37675
21031	37676
21032	37677
21033	37678
21034	37679
21035	37680
21036	37682
21037	37683
21038	37685
21039	37686
21040	37688
21041	37691
21042	37693
21043	37694
21044	37696
21045	37699
21046	37701
21047	37702
21048	37704
21049	37706
21050	37708
21051	37709
21052	37711
21053	37712
21054	37714
21055	37717
21056	37719
21057	37720
21058	37722
21059	37725
21060	37727
21061	37728
21062	37730
21063	37732
21064	37734
21065	37735
21066	37737
21067	37738
21068	37740
21069	37743
21070	37745
21071	37746
21072	37748
21073	37751
21074	37753
21075	37754
21076	37756
21077	37757
21078	37759
21079	37760
21080	37762
21081	37763
21082	37765
21083	37766
21084	37768
21085	37771
21086	37773
21087	37774
21088	37776
21089	37779
21090	37781
21091	37782
21092	37784
21093	37787
21094	37789
21095	37790
21096	37791
21097	37792
21098	37794
21099	37797
21100	37799
21101	37800
21102	37802
21103	37805
21104	37807
21105	37808
21106	37810
21107	37813
21108	37815
21109	37816
21110	37817
21111	37818
21112	37820
21113	37823
21114	37825
21115	37826
21116	37828
21117	37831
21118	37833
21119	37834
21120	37836
21121	37839
21122	37841
21123	37842
21124	37843
21125	37844
21126	37845
21127	37846
21128	37848
21129	37849
21130	37851
21131	37852
21132	37854
21133	37857
21134	37859
21135	37860
21136	37862
21137	37865
21138	37867
21139	37868
21140	37870
21141	37872
21142	37874
21143	37875
21144	37877
21145	37878
21146	37880
21147	37883
21148	37885
21149	37886
21150	37888
21151	37891
21152	37893
21153	37894
21154	37896
21155	37898
21156	37900
21157	37901
21158	37903
21159	37904
21160	37906
21161	37909
21162	37911
21163	37912
21164	37914
21165	37917
21166	37919
21167	37920
21168	37922
21169	37923
21170	37925
21171	37925
21172	37926
21173	37928
21174	37929
21175	37931
21176	37932
21177	37934
21178	37937
21179	37939
21180	37940
21181	37942
21182	37945
21183	37947
21184	37948
21185	37950
21186	37952
21187	37954
21188	37954
21189	37955
21190	37957
21191	37960
21192	37962
21193	37963
21194	37965
21195	37968
21196	37970
21197	37971
21198	37973
21199	37976
21200	37978
21201	37979
21202	37980
21203	37981
21204	37983
21205	37986
21206	37988
21207	37989
21208	37991
21209	37994
21210	37996
21211	37997
21212	37999
21213	38002
21214	38004
21215	38005
21216	38006
21217	38007
21218	38009
21219	38012
21220	38014
21221	38015
21222	38017
21223	38020
21224	38022
21225	38023
21226	38025
21227	38028
21228	38030
21229	38031
21230	38032
21231	38032
21232	38033
21233	38035
21234	38038
21235	38040
21236	38041
21237	38043
21238	38046
21239	38048
21240	38049
21241	38051
21242	38054
21243	38056
21244	38057
21245	38058
21246	38059
21247	38061
21248	38064
21249	38066
21250	38067
21251	38069
21252	38072
21253	38074
21254	38075
21255	38077
21256	38080
21257	38082
21258	38083
21259	38084
21260	38085
21261	38086
21262	38087
21263	38089
21264	38090
21265	38092
21266	38093
21267	38095
21268	38098
21269	38100
21270	38101
21271	38103
21272	38106
21273	38108
21274	38109
21275	38111
21276	38113
21277	38115
21278	38116
21279	38118
21280	38119
21281	38121
21282	38124
21283	38126
21284	38127
21285	38129
21286	38132
21287	38134
21288	38135
21289	38137
21290	38139
21291	38141
21292	38142
21293	38144
21294	38145
21295	38147
21296	38150
21297	38152
21298	38153
21299	38155
21300	38158
21301	38160
21302	38161
21303	38163
21304	38164
21305	38166
21306	38167
21307	38169
21308	38170
21309	38172
21310	38173
21311	38175
21312	38178
21313	38180
21314	38181
21315	38183
21316	38186
21317	38188
21318	38189
21319	38191
21320	38194
21321	38196
21322	38197
21323	38198
21324	38199
21325	38201
21326	38204
21327	38206
21328	38207
21329	38209
21330	38212
21331	38214
21332	38215
21333	38217
21334	38220
21335	38222
21336	38223
21337	38224
21338	38225
21339	38226
21340	38227
21341	38229
21342	38230
21343	38232
21344	38233
21345	38235
21346	38238
21347	38240
21348	38241
21349	38243
21350	38246
21351	38248
21352	38249
21353	38251
21354	38253
21355	38255
21356	38255
21357	38256
21358	38257
21359	38258
21360	38260
21361	38261
21362	38263
21363	38264
21364	38266
21365	38269
21366	38271
21367	38272
21368	38274
21369	38277
21370	38279
21371	38280
21372	38282
21373	38285
21374	38287
21375	38288
21376	38289
21377	38290
21378	38292
21379	38295
21380	38297
21381	38298
21382	38300
21383	38303
21384	38305
21385	38306
21386	38308
21387	38311
21388	38313
21389	38314
21390	38315
21391	38316
21392	38318
21393	38321
21394	38323
21395	38324
21396	38326
21397	38329
21398	38331
21399	38332
21400	38334
21401	38337
21402	38339
21403	38340
21404	38341
21405	38342
21406	38343
21407	38344
21408	38346
21409	38347
21410	38349
21411	38350
21412	38352
21413	38355
21414	38357
21415	38358
21416	38360
21417	38363
21418	38365
21419	38366
21420	38368
21421	38370
21422	38372
21423	38373
21424	38375
21425	38376
21426	38378
21427	38381
21428	38383
21429	38384
21430	38386
21431	38389
21432	38391
21433	38392
21434	38394
21435	38396
21436	38398
21437	38399
21438	38401
21439	38402
21440	38404
21441	38407
21442	38409
21443	38410
21444	38412
21445	38415
21446	38417
21447	38418
21448	38420
21449	38421
21450	38423
21451	38424
21452	38426
21453	38427
21454	38429
21455	38430
21456	38432
21457	38435
21458	38437
21459	38438
21460	38440
21461	38443
21462	38445
21463	38446
21464	38448
21465	38451
21466	38453
21467	38454
21468	38455
21469	38456
21470	38457
21471	38458
21472	38459
21473	38460
21474	38462
21475	38463
21476	38465
21477	38468
21478	38470
21479	38471
21480	38473
21481	38476
21482	38478
21483	38479
21484	38481
21485	38483
21486	38485
21487	38486
21488	38488
21489	38489
21490	38491
21491	38494
21492	38496
21493	38497
21494	38499
21495	38502
21496	38504
21497	38505
21498	38507
21499	38509
21500	38511
21501	38511
21502	38512
21503	38514
21504	38517
21505	38519
21506	38520
21507	38522
21508	38525
21509	38527
21510	38528
21511	38530
21512	38533
21513	38535
21514	38536
21515	38537
21516	38538
21517	38540
21518	38543
21519	38545
21520	38546
21521	38548
21522	38551
21523	38553
21524	38554
21525	38556
21526	38559
21527	38561
21528	38562
21529	38563
21530	38564
21531	38565
21532	38566
21533	38567
21534	38568
21535	38570
21536	38571
21537	38573
21538	38576
21539	38578
21540	38579
21541	38581
21542	38584
21543	38586
21544	38587
21545	38589
21546	38591
21547	38593
21548	38594
21549	38596
21550	38597
21551	38599
21552	38602
21553	38604
21554	38605
21555	38607
21556	38610
21557	38612
21558	38613
21559	38615
21560	38617
21561	38619
21562	38619
21563	38620
21564	38622
21565	38625
21566	38627
21567	38628
21568	38630
21569	38633
21570	38635
21571	38636
21572	38638
21573	38641
21574	38643
21575	38644
21576	38645
21577	38646
21578	38648
21579	38651
21580	38653
21581	38654
21582	38656
21583	38659
21584	38661
21585	38662
21586	38664
21587	38667
21588	38669
21589	38670
21590	38671
21591	38672
21592	38674
21593	38677
21594	38679
21595	38680
21596	38682
21597	38685
21598	38687
21599	38688
21600	38690
21601	38693
21602	38695
21603	38696
21604	38697
21605	38697
21606	38698
21607	38700
21608	38703
21609	38705
21610	38706
21611	38708
21612	38711
21613	38713
21614	38714
21615	38716
21616	38719
21617	38721
21618	38722
21619	38723
21620	38724
21621	38726
21622	38729
21623	38731
21624	38732
21625	38734
21626	38737
21627	38739
21628	38740
21629	38742
21630	38745
21631	38747
21632	38748
21633	38749
21634	38750
21635	38752
21636	38755
21637	38757
21638	38758
21639	38760
21640	38763
21641	38765
21642	38766
21643	38768
21644	38771
21645	38773
21646	38774
21647	38775
21648	38776
21649	38777
21650	38778
21651	38779
21652	38779
21653	38780
21654	38782
21655	38785
21656	38787
21657	38788
21658	38790
21659	38793
21660	38795
21661	38796
21662	38798
21663	38801
21664	38803
21665	38804
21666	38805
21667	38806
21668	38808
21669	38811
21670	38813
21671	38814
21672	38816
21673	38819
21674	38821
21675	38822
21676	38824
21677	38827
21678	38829
21679	38830
21680	38831
21681	38832
21682	38833
21683	38834
21684	38836
21685	38837
21686	38839
21687	38840
21688	38842
21689	38845
21690	38847
21691	38848
21692	38850
21693	38853
21694	38855
21695	38856
21696	38858
21697	38860
21698	38862
21699	38863
21700	38865
21701	38866
21702	38868
21703	38871
21704	38873
21705	38874
21706	38876
21707	38879
21708	38881
21709	38882
21710	38884
21711	38886
21712	38888
21713	38889
21714	38891
21715	38892
21716	38894
21717	38897
21718	38899
21719	38900
21720	38902
21721	38905
21722	38907
21723	38908
21724	38910
21725	38911
21726	38913
21727	38914
21728	38916
21729	38917
21730	38919
21731	38920
21732	38922
21733	38925
21734	38927
21735	38928
21736	38930
21737	38933
21738	38935
21739	38936
21740	38938
21741	38941
21742	38943
21743	38944
21744	38945
21745	38946
21746	38947
21747	38948
21748	38950
21749	38950
21750	38953
21751	38955
21752	38956
21753	38958
21754	38961
21755	38963
21756	38964
21757	38966
21758	38969
21759	38971
21760	38972
21761	38973
21762	38974
21763	38976
21764	38979
21765	38981
21766	38982
21767	38984
21768	38987
21769	38989
21770	38990
21771	38992
21772	38995
21773	38997
21774	38998
21775	38999
21776	39000
21777	39001
21778	39002
21779	39004
21780	39005
21781	39007
21782	39008
21783	39010
21784	39013
21785	39015
21786	39016
21787	39018
21788	39021
21789	39023
21790	39024
21791	39026
21792	39028
21793	39030
21794	39031
21795	39033
21796	39034
21797	39036
21798	39039
21799	39041
21800	39042
21801	39044
21802	39047
21803	39049
21804	39050
21805	39052
21806	39054
21807	39056
21808	39057
21809	39059
21810	39060
21811	39062
21812	39065
21813	39067
21814	39068
21815	39070
21816	39073
21817	39075
21818	39076
21819	39078
21820	39079
21821	39081
21822	39082
21823	39084
21824	39085
21825	39087
21826	39088
21827	39090
21828	39093
21829	39095
21830	39096
21831	39098
21832	39101
21833	39103
21834	39104
21835	39106
21836	39109
21837	39111
21838	39112
21839	39113
21840	39114
21841	39116
21842	39119
21843	39121
21844	39122
21845	39124
21846	39127
21847	39129
21848	39130
21849	39132
21850	39135
21851	39137
21852	39138
21853	39139
21854	39140
21855	39142
21856	39145
21857	39147
21858	39148
21859	39150
21860	39153
21861	39155
21862	39156
21863	39158
21864	39161
21865	39163
21866	39164
21867	39165
21868	39166
21869	39167
21870	39168
21871	39170
21872	39171
21873	39173
21874	39174
21875	39176
21876	39179
21877	39181
21878	39182
21879	39184
21880	39187
21881	39189
21882	39190
21883	39192
21884	39194
21885	39196
21886	39197
21887	39199
21888	39200
21889	39202
21890	39205
21891	39207
21892	39208
21893	39210
21894	39213
21895	39215
21896	39216
21897	39218
21898	39220
21899	39222
21900	39223
21901	39225
21902	39226
21903	39228
21904	39231
21905	39233
21906	39234
21907	39236
21908	39239
21909	39241
21910	39242
21911	39244
21912	39245
21913	39247
21914	39247
21915	39248
21916	39250
21917	39251
21918	39253
21919	39254
21920	39256
21921	39259
21922	39261
21923	39262
21924	39264
21925	39267
21926	39269
21927	39270
21928	39272
21929	39274
21930	39276
21931	39276
21932	39277
21933	39278
21934	39279
21935	39281
21936	39282
21937	39284
21938	39285
21939	39287
21940	39290
21941	39292
21942	39293
21943	39295
21944	39298
21945	39300
21946	39301
21947	39303
21948	39306
21949	39308
21950	39309
21951	39310
21952	39311
21953	39312
21954	39313
21955	39315
21956	39316
21957	39318
21958	39319
21959	39321
21960	39324
21961	39326
21962	39327
21963	39329
21964	39332
21965	39334
21966	39335
21967	39337
21968	39339
21969	39341
21970	39342
21971	39344
21972	39345
21973	39347
21974	39350
21975	39352
21976	39353
21977	39355
21978	39358
21979	39360
21980	39361
21981	39363
21982	39365
21983	39367
21984	39368
21985	39370
21986	39371
21987	39373
21988	39376
21989	39378
21990	39379
21991	39381
21992	39384
21993	39386
21994	39387
21995	39389
21996	39390
21997	39392
21998	39392
21999	39393
22000	39395
22001	39395
22002	39398
22003	39400
22004	39401
22005	39403
22006	39406
22007	39408
22008	39409
22009	39411
22010	39414
22011	39416
22012	39417
22013	39418
22014	39419
22015	39421
22016	39424
22017	39426
22018	39427
22019	39429
22020	39432
22021	39434
22022	39435
22023	39437
22024	39440
22025	39442
22026	39443
22027	39444
22028	39445
22029	39447
22030	39450
22031	39452
22032	39453
22033	39455
22034	39458
22035	39460
22036	39461
22037	39463
22038	39466
22039	39468
22040	39469
22041	39470
22042	39471
22043	39472
22044	39473
22045	39474
22046	39475
22047	39477
22048	39478
22049	39480
22050	39483
22051	39485
22052	39486
22053	39488
22054	39491
22055	39493
22056	39494
22057	39496
22058	39498
22059	39500
22060	39501
22061	39503
22062	39504
22063	39506
22064	39509
22065	39511
22066	39512
22067	39514
22068	39517
22069	39519
22070	39520
22071	39522
22072	39524
22073	39526
22074	39526
22075	39527
22076	39529
22077	39532
22078	39534
22079	39535
22080	39537
22081	39540
22082	39542
22083	39543
22084	39545
22085	39548
22086	39550
22087	39551
22088	39552
22089	39553
22090	39554
22091	39555
22092	39557
22093	39557
22094	39560
22095	39562
22096	39563
22097	39565
22098	39568
22099	39570
22100	39571
22101	39573
22102	39576
22103	39578
22104	39579
22105	39580
22106	39581
22107	39582
22108	39583
22109	39585
22110	39586
22111	39588
22112	39589
22113	39591
22114	39594
22115	39596
22116	39597
22117	39599
22118	39602
22119	39604
22120	39605
22121	39607
22122	39609
22123	39611
22124	39612
22125	39614
22126	39615
22127	39617
22128	39620
22129	39622
22130	39623
22131	39625
22132	39628
22133	39630
22134	39631
22135	39633
22136	39635
22137	39637
22138	39638
22139	39640
22140	39641
22141	39643
22142	39646
22143	39648
22144	39649
22145	39651
22146	39654
22147	39656
22148	39657
22149	39659
22150	39660
22151	39662
22152	39663
22153	39665
22154	39666
22155	39668
22156	39669
22157	39671
22158	39674
22159	39676
22160	39677
22161	39679
22162	39682
22163	39684
22164	39685
22165	39687
22166	39690
22167	39692
22168	39693
22169	39694
22170	39695
22171	39697
22172	39700
22173	39702
22174	39703
22175	39705
22176	39708
22177	39710
22178	39711
22179	39713
22180	39716
22181	39718
22182	39719
22183	39720
22184	39721
22185	39723
22186	39726
22187	39728
22188	39729
22189	39731
22190	39734
22191	39736
22192	39737
22193	39739
22194	39742
22195	39744
22196	39745
22197	39746
22198	39747
22199	39748
22200	39749
22201	39751
22202	39752
22203	39754
22204	39755
22205	39757
22206	39760
22207	39762
22208	39763
22209	39765
22210	39768
22211	39770
22212	39771
22213	39773
22214	39775
22215	39777
22216	39778
22217	39780
22218	39781
22219	39783
22220	39786
22221	39788
22222	39789
22223	39791
22224	39794
22225	39796
22226	39797
22227	39799
22228	39801
22229	39803
22230	39804
22231	39806
22232	39807
22233	39809
22234	39812
22235	39814
22236	39815
22237	39817
22238	39820
22239	39822
22240	39823
22241	39825
22242	39826
22243	39828
22244	39828
22245	39829
22246	39831
22247	39831
22248	39834
22249	39836
22250	39837
22251	39839
22252	39842
22253	39844
22254	39845
22255	39847
22256	39850
22257	39852
22258	39853
22259	39854
22260	39855
22261	39857
22262	39860
22263	39862
22264	39863
22265	39865
22266	39868
22267	39870
22268	39871
22269	39873
22270	39876
22271	39878
22272	39879
22273	39880
22274	39881
22275	39883
22276	39886
22277	39888
22278	39889
22279	39891
22280	39894
22281	39896
22282	39897
22283	39899
22284	39902
22285	39904
22286	39905
22287	39906
22288	39907
22289	39908
22290	39908
22291	39909
22292	39911
22293	39914
22294	39916
22295	39917
22296	39919
22297	39922
22298	39924
22299	39925
22300	39927
22301	39930
22302	39932
22303	39933
22304	39934
22305	39935
22306	39937
22307	39940
22308	39942
22309	39943
22310	39945
22311	39948
22312	39950
22313	39951
22314	39953
22315	39956
22316	39958
22317	39959
22318	39960
22319	39961
22320	39962
22321	39963
22322	39965
22323	39966
22324	39968
22325	39969
22326	39971
22327	39974
22328	39976
22329	39977
22330	39979
22331	39982
22332	39984
22333	39985
22334	39987
22335	39989
22336	39991
22337	39991
22338	39992
22339	39994
22340	39996
22341	39998
22342	39999
22343	40001
22344	40002
22345	40003
22346	40004
22347	40006
22348	40009
22349	40011
22350	40012
22351	40014
22352	40017
22353	40019
22354	40020
22355	40022
22356	40025
22357	40027
22358	40028
22359	40029
22360	40030
22361	40032
22362	40035
22363	40037
22364	40038
22365	40040
22366	40043
22367	40045
22368	40046
22369	40048
22370	40051
22371	40053
22372	40054
22373	40055
22374	40056
22375	40058
22376	40061
22377	40063
22378	40064
22379	40066
22380	40069
22381	40071
22382	40072
22383	40074
22384	40077
22385	40079
22386	40080
22387	40081
22388	40081
22389	40082
22390	40084
22391	40087
22392	40089
22393	40090
22394	40092
22395	40095
22396	40097
22397	40098
22398	40100
22399	40103
22400	40105
22401	40106
22402	40107
22403	40108
22404	40109
22405	40110
22406	40112
22407	40113
22408	40115
22409	40116
22410	40118
22411	40121
22412	40123
22413	40124
22414	40126
22415	40129
22416	40131
22417	40132
22418	40134
22419	40136
22420	40138
22421	40138
22422	40139
22423	40141
22424	40144
22425	40146
22426	40147
22427	40149
22428	40152
22429	40154
22430	40155
22431	40157
22432	40160
22433	40162
22434	40163
22435	40164
22436	40165
22437	40167
22438	40170
22439	40172
22440	40173
22441	40175
22442	40178
22443	40180
22444	40181
22445	40183
22446	40186
22447	40188
22448	40189
22449	40190
22450	40191
22451	40193
22452	40196
22453	40198
22454	40199
22455	40201
22456	40204
22457	40206
22458	40207
22459	40209
22460	40212
22461	40214
22462	40215
22463	40216
22464	40216
22465	40217
22466	40219
22467	40222
22468	40224
22469	40225
22470	40227
22471	40230
22472	40232
22473	40233
22474	40235
22475	40238
22476	40240
22477	40241
22478	40242
22479	40243
22480	40245
22481	40248
22482	40250
22483	40251
22484	40253
22485	40256
22486	40258
22487	40259
22488	40261
22489	40264
22490	40266
22491	40267
22492	40268
22493	40269
22494	40270
22495	40271
22496	40273
22497	40274
22498	40276
22499	40277
22500	40279
22501	40282
22502	40284
22503	40285
22504	40287
22505	40290
22506	40292
22507	40293
22508	40295
22509	40297
22510	40299
22511	40300
22512	40302
22513	40303
22514	40305
22515	40308
22516	40310
22517	40311
22518	40313
22519	40316
22520	40318
22521	40319
22522	40321
22523	40323
22524	40325
22525	40326
22526	40328
22527	40329
22528	40331
22529	40334
22530	40336
22531	40337
22532	40339
22533	40342
22534	40344
22535	40345
22536	40347
22537	40348
22538	40350
22539	40351
22540	40353
22541	40354
22542	40356
22543	40357
22544	40359
22545	40362
22546	40364
22547	40365
22548	40367
22549	40370
22550	40372
22551	40373
22552	40375
22553	40378
22554	40380
22555	40381
22556	40382
22557	40383
22558	40384
22559	40385
22560	40386
22561	40387
22562	40389
22563	40390
22564	40392
22565	40395
22566	40397
22567	40398
22568	40400
22569	40403
22570	40405
22571	40406
22572	40408
22573	40410
22574	40412
22575	40413
22576	40415
22577	40416
22578	40418
22579	40421
22580	40423
22581	40424
22582	40426
22583	40429
22584	40431
22585	40432
22586	40434
22587	40436
22588	40438
22589	40438
22590	40439
22591	40441
22592	40444
22593	40446
22594	40447
22595	40449
22596	40452
22597	40454
22598	40455
22599	40457
22600	40460
22601	40462
22602	40463
22603	40464
22604	40465
22605	40467
22606	40470
22607	40472
22608	40473
22609	40475
22610	40478
22611	40480
22612	40481
22613	40483
22614	40486
22615	40488
22616	40489
22617	40490
22618	40491
22619	40492
22620	40493
22621	40495
22622	40496
22623	40498
22624	40499
22625	40501
22626	40504
22627	40506
22628	40507
22629	40509
22630	40512
22631	40514
22632	40515
22633	40517
22634	40519
22635	40521
22636	40522
22637	40524
22638	40525
22639	40527
22640	40530
22641	40532
22642	40533
22643	40535
22644	40538
22645	40540
22646	40541
22647	40543
22648	40545
22649	40547
22650	40548
22651	40550
22652	40551
22653	40553
22654	40556
22655	40558
22656	40559
22657	40561
22658	40564
22659	40566
22660	40567
22661	40569
22662	40570
22663	40572
22664	40573
22665	40575
22666	40576
22667	40578
22668	40579
22669	40581
22670	40584
22671	40586
22672	40587
22673	40589
22674	40592
22675	40594
22676	40595
22677	40597
22678	40600
22679	40602
22680	40603
22681	40604
22682	40605
22683	40607
22684	40610
22685	40612
22686	40613
22687	40615
22688	40618
22689	40620
22690	40621
22691	40623
22692	40626
22693	40628
22694	40629
22695	40630
22696	40631
22697	40632
22698	40633
22699	40634
22700	40635
22701	40637
22702	40638
22703	40640
22704	40643
22705	40645
22706	40646
22707	40648
22708	40651
22709	40653
22710	40654
22711	40656
22712	40658
22713	40660
22714	40661
22715	40663
22716	40664
22717	40666
22718	40669
22719	40671
22720	40672
22721	40674
22722	40677
22723	40679
22724	40680
22725	40682
22726	40684
22727	40686
22728	40686
22729	40687
22730	40689
22731	40692
22732	40694
22733	40695
22734	40697
22735	40700
22736	40702
22737	40703
22738	40705
22739	40708
22740	40710
22741	40711
22742	40712
22743	40713
22744	40715
22745	40718
22746	40720
22747	40721
22748	40723
22749	40726
22750	40728
22751	40729
22752	40731
22753	40734
22754	40736
22755	40737
22756	40738
22757	40739
22758	40741
22759	40744
22760	40746
22761	40747
22762	40749
22763	40752
22764	40754
22765	40755
22766	40757
22767	40760
22768	40762
22769	40763
22770	40764
22771	40764
22772	40765
22773	40767
22774	40770
22775	40772
22776	40773
22777	40775
22778	40778
22779	40780
22780	40781
22781	40783
22782	40786
22783	40788
22784	40789
22785	40790
22786	40791
22787	40793
22788	40796
22789	40798
22790	40799
22791	40801
22792	40804
22793	40806
22794	40807
22795	40809
22796	40812
22797	40814
22798	40815
22799	40816
22800	40817
22801	40818
22802	40819
22803	40821
22804	40822
22805	40824
22806	40825
22807	40827
22808	40830
22809	40832
22810	40833
22811	40835
22812	40838
22813	40840
22814	40841
22815	40843
22816	40845
22817	40847
22818	40848
22819	40850
22820	40851
22821	40853
22822	40856
22823	40858
22824	40859
22825	40861
22826	40864
22827	40866
22828	40867
22829	40869
22830	40871
22831	40873
22832	40874
22833	40876
22834	40877
22835	40879
22836	40882
22837	40884
22838	40885
22839	40887
22840	40890
22841	40892
22842	40893
22843	40895
22844	40896
22845	40898
22846	40898
22847	40899
22848	40901
22849	40901
22850	40904
22851	40906
22852	40907
22853	40909
22854	40912
22855	40914
22856	40915
22857	40917
22858	40920
22859	40922
22860	40923
22861	40924
22862	40925
22863	40927
22864	40930
22865	40932
22866	40933
22867	40935
22868	40938
22869	40940
22870	40941
22871	40943
22872	40946
22873	40948
22874	40949
22875	40950
22876	40951
22877	40953
22878	40956
22879	40958
22880	40959
22881	40961
22882	40964
22883	40966
22884	40967
22885	40969
22886	40972
22887	40974
22888	40975
22889	40976
22890	40977
22891	40978
22892	40979
22893	40980
22894	40980
22895	40981
22896	40983
22897	40986
22898	40988
22899	40989
22900	40991
22901	40994
22902	40996
22903	40997
22904	40999
22905	41002
22906	41004
22907	41005
22908	41006
22909	41007
22910	41009
22911	41012
22912	41014
22913	41015
22914	41017
22915	41020
22916	41022
22917	41023
22918	41025
22919	41028
22920	41030
22921	41031
22922	41032
22923	41033
22924	41035
22925	41038
22926	41040
22927	41041
22928	41043
22929	41046
22930	41048
22931	41049
22932	41051
22933	41054
22934	41056
22935	41057
22936	41058
22937	41059
22938	41060
22939	41061
22940	41063
22941	41064
22942	41066
22943	41067
22944	41069
22945	41072
22946	41074
22947	41075
22948	41077
22949	41080
22950	41082
22951	41083
22952	41085
22953	41087
22954	41089
22955	41090
22956	41092
22957	41093
22958	41095
22959	41098
22960	41100
22961	41101
22962	41103
22963	41105
22964	41107
22965	41107
22966	41108
22967	41110
22968	41113
22969	41115
22970	41116
22971	41118
22972	41121
22973	41123
22974	41124
22975	41126
22976	41129
22977	41131
22978	41132
22979	41133
22980	41134
22981	41136
22982	41139
22983	41141
22984	41142
22985	41144
22986	41147
22987	41149
22988	41150
22989	41152
22990	41155
22991	41157
22992	41158
22993	41159
22994	41160
22995	41162
22996	41165
22997	41167
22998	41168
22999	41170
23000	41172
23001	41174
23002	41175
23003	41177
23004	41180
23005	41182
23006	41183
23007	41184
23008	41184
23009	41185
23010	41186
23011	41187
23012	41189
23013	41192
23014	41194
23015	41195
23016	41197
23017	41200
23018	41202
23019	41203
23020	41205
23021	41208
23022	41210
23023	41211
23024	41212
23025	41213
23026	41215
23027	41218
23028	41220
23029	41221
23030	41223
23031	41226
23032	41228
23033	41229
23034	41231
23035	41234
23036	41236
23037	41237
23038	41238
23039	41239
23040	41241
23041	41244
23042	41246
23043	41247
23044	41249
23045	41252
23046	41254
23047	41255
23048	41257
23049	41260
23050	41262
23051	41263
23052	41264
23053	41264
23054	41265
23055	41266
23056	41267
23057	41269
23058	41272
23059	41274
23060	41275
23061	41277
23062	41280
23063	41282
23064	41283
23065	41285
23066	41288
23067	41290
23068	41291
23069	41292
23070	41293
23071	41295
23072	41298
23073	41300
23074	41301
23075	41303
23076	41306
23077	41308
23078	41309
23079	41311
23080	41314
23081	41316
23082	41317
23083	41318
23084	41319
23085	41320
23086	41321
23087	41323
23088	41324
23089	41326
23090	41327
23091	41329
23092	41332
23093	41334
23094	41335
23095	41337
23096	41340
23097	41342
23098	41343
23099	41345
23100	41347
23101	41349
23102	41350
23103	41352
23104	41353
23105	41355
23106	41358
23107	41360
23108	41361
23109	41363
23110	41366
23111	41368
23112	41369
23113	41371
23114	41373
23115	41375
23116	41376
23117	41378
23118	41379
23119	41381
23120	41384
23121	41386
23122	41387
23123	41389
23124	41392
23125	41394
23126	41395
23127	41397
23128	41398
23129	41400
23130	41401
23131	41403
23132	41404
23133	41406
23134	41407
23135	41409
23136	41412
23137	41414
23138	41415
23139	41417
23140	41420
23141	41422
23142	41423
23143	41425
23144	41428
23145	41430
23146	41431
23147	41432
23148	41433
23149	41435
23150	41438
23151	41440
23152	41441
23153	41443
23154	41446
23155	41448
23156	41449
23157	41451
23158	41454
23159	41456
23160	41457
23161	41458
23162	41459
23163	41461
23164	41464
23165	41466
23166	41467
23167	41469
23168	41472
23169	41474
23170	41475
23171	41477
23172	41480
23173	41482
23174	41483
23175	41484
23176	41485
23177	41486
23178	41487
23179	41489
23180	41490
23181	41492
23182	41493
23183	41495
23184	41498
23185	41500
23186	41501
23187	41503
23188	41506
23189	41508
23190	41509
23191	41511
23192	41513
23193	41515
23194	41515
23195	41516
23196	41518
23197	41521
23198	41523
23199	41524
23200	41526
23201	41529
23202	41531
23203	41532
23204	41534
23205	41537
23206	41539
23207	41540
23208	41541
23209	41542
23210	41544
23211	41547
23212	41549
23213	41550
23214	41552
23215	41555
23216	41557
23217	41558
23218	41560
23219	41563
23220	41565
23221	41566
23222	41567
23223	41568
23224	41570
23225	41573
23226	41575
23227	41576
23228	41578
23229	41581
23230	41583
23231	41584
23232	41586
23233	41589
23234	41591
23235	41592
23236	41593
23237	41593
23238	41594
23239	41596
23240	41599
23241	41601
23242	41602
23243	41604
23244	41607
23245	41609
23246	41610
23247	41612
23248	41615
23249	41617
23250	41618
23251	41619
23252	41620
23253	41622
23254	41625
23255	41627
23256	41628
23257	41630
23258	41633
23259	41635
23260	41636
23261	41638
23262	41641
23263	41643
23264	41644
23265	41645
23266	41646
23267	41648
23268	41651
23269	41653
23270	41654
23271	41656
23272	41659
23273	41661
23274	41662
23275	41664
23276	41667
23277	41669
23278	41670
23279	41671
23280	41672
23281	41673
23282	41674
23283	41676
23284	41677
23285	41679
23286	41680
23287	41682
23288	41685
23289	41687
23290	41688
23291	41690
23292	41693
23293	41695
23294	41696
23295	41698
23296	41700
23297	41702
23298	41703
23299	41705
23300	41706
23301	41708
23302	41711
23303	41713
23304	41714
23305	41716
23306	41719
23307	41721
23308	41722
23309	41724
23310	41726
23311	41728
23312	41729
23313	41731
23314	41732
23315	41734
23316	41737
23317	41739
23318	41740
23319	41742
23320	41745
23321	41747
23322	41748
23323	41750
23324	41751
23325	41753
23326	41754
23327	41756
23328	41757
23329	41759
23330	41760
23331	41762
23332	41765
23333	41767
23334	41768
23335	41770
23336	41773
23337	41775
23338	41776
23339	41778
23340	41781
23341	41783
23342	41784
23343	41785
23344	41786
23345	41788
23346	41791
23347	41793
23348	41794
23349	41796
23350	41799
23351	41801
23352	41802
23353	41804
23354	41807
23355	41809
23356	41810
23357	41811
23358	41812
23359	41814
23360	41817
23361	41819
23362	41820
23363	41822
23364	41825
23365	41827
23366	41828
23367	41830
23368	41833
23369	41835
23370	41836
23371	41837
23372	41838
23373	41839
23374	41840
23375	41842
23376	41843
23377	41845
23378	41846
23379	41848
23380	41851
23381	41853
23382	41854
23383	41856
23384	41859
23385	41861
23386	41862
23387	41864
23388	41866
23389	41868
23390	41869
23391	41871
23392	41872
23393	41874
23394	41877
23395	41879
23396	41880
23397	41882
23398	41885
23399	41887
23400	41888
23401	41890
23402	41892
23403	41894
23404	41895
23405	41897
23406	41898
23407	41900
23408	41903
23409	41905
23410	41906
23411	41908
23412	41911
23413	41913
23414	41914
23415	41916
23416	41917
23417	41919
23418	41920
23419	41922
23420	41923
23421	41925
23422	41926
23423	41927
23424	41928
23425	41929
23426	41930
23427	41932
23428	41933
23429	41935
23430	41936
23431	41938
23432	41941
23433	41943
23434	41944
23435	41946
23436	41949
23437	41951
23438	41952
23439	41954
23440	41957
23441	41959
23442	41960
23443	41961
23444	41962
23445	41964
23446	41967
23447	41969
23448	41970
23449	41972
23450	41975
23451	41977
23452	41978
23453	41980
23454	41983
23455	41985
23456	41986
23457	41987
23458	41988
23459	41990
23460	41993
23461	41995
23462	41996
23463	41998
23464	42001
23465	42003
23466	42004
23467	42006
23468	42009
23469	42011
23470	42012
23471	42013
23472	42014
23473	42015
23474	42016
23475	42018
23476	42018
23477	42021
23478	42023
23479	42024
23480	42026
23481	42029
23482	42031
23483	42032
23484	42034
23485	42037
23486	42039
23487	42040
23488	42041
23489	42042
23490	42044
23491	42047
23492	42049
23493	42050
23494	42052
23495	42055
23496	42057
23497	42058
23498	42060
23499	42063
23500	42065
23501	42066
23502	42067
23503	42068
23504	42070
23505	42073
23506	42075
23507	42076
23508	42078
23509	42081
23510	42083
23511	42084
23512	42086
23513	42089
23514	42091
23515	42092
23516	42093
23517	42094
23518	42095
23519	42096
23520	42098
23521	42099
23522	42101
23523	42102
23524	42104
23525	42107
23526	42109
23527	42110
23528	42112
23529	42115
23530	42117
23531	42118
23532	42120
23533	42122
23534	42124
23535	42125
23536	42127
23537	42128
23538	42130
23539	42133
23540	42135
23541	42136
23542	42138
23543	42141
23544	42143
23545	42144
23546	42146
23547	42148
23548	42150
23549	42151
23550	42153
23551	42154
23552	42156
23553	42159
23554	42161
23555	42162
23556	42164
23557	42167
23558	42169
23559	42170
23560	42172
23561	42173
23562	42175
23563	42176
23564	42178
23565	42179
23566	42181
23567	42182
23568	42184
23569	42187
23570	42189
23571	42190
23572	42192
23573	42195
23574	42197
23575	42198
23576	42200
23577	42203
23578	42205
23579	42206
23580	42207
23581	42208
23582	42209
23583	42210
23584	42212
23585	42212
23586	42215
23587	42217
23588	42218
23589	42220
23590	42223
23591	42225
23592	42226
23593	42228
23594	42231
23595	42233
23596	42234
23597	42235
23598	42236
23599	42238
23600	42241
23601	42243
23602	42244
23603	42246
23604	42249
23605	42251
23606	42252
23607	42254
23608	42257
23609	42259
23610	42260
23611	42261
23612	42262
23613	42264
23614	42267
23615	42269
23616	42270
23617	42272
23618	42275
23619	42277
23620	42278
23621	42280
23622	42283
23623	42285
23624	42286
23625	42287
23626	42288
23627	42289
23628	42290
23629	42292
23630	42292
23631	42295
23632	42297
23633	42298
23634	42300
23635	42303
23636	42305
23637	42306
23638	42308
23639	42311
23640	42313
23641	42314
23642	42315
23643	42316
23644	42317
23645	42318
23646	42320
23647	42321
23648	42323
23649	42324
23650	42326
23651	42329
23652	42331
23653	42332
23654	42334
23655	42337
23656	42339
23657	42340
23658	42342
23659	42344
23660	42346
23661	42347
23662	42349
23663	42350
23664	42352
23665	42355
23666	42357
23667	42358
23668	42360
23669	42363
23670	42365
23671	42366
23672	42368
23673	42370
23674	42372
23675	42373
23676	42375
23677	42376
23678	42378
23679	42381
23680	42383
23681	42384
23682	42386
23683	42389
23684	42391
23685	42392
23686	42394
23687	42395
23688	42397
23689	42398
23690	42400
23691	42401
23692	42403
23693	42404
23694	42406
23695	42409
23696	42411
23697	42412
23698	42414
23699	42417
23700	42419
23701	42420
23702	42422
23703	42425
23704	42427
23705	42428
23706	42429
23707	42430
23708	42432
23709	42435
23710	42437
23711	42438
23712	42440
23713	42443
23714	42445
23715	42446
23716	42448
23717	42451
23718	42453
23719	42454
23720	42455
23721	42456
23722	42458
23723	42461
23724	42463
23725	42464
23726	42466
23727	42469
23728	42471
23729	42472
23730	42474
23731	42477
23732	42479
23733	42480
23734	42481
23735	42482
23736	42483
23737	42484
23738	42486
23739	42487
23740	42489
23741	42490
23742	42492
23743	42495
23744	42497
23745	42498
23746	42500
23747	42503
23748	42505
23749	42506
23750	42508
23751	42510
23752	42512
23753	42512
23754	42513
23755	42515
23756	42517
23757	42519
23758	42520
23759	42522
23760	42525
23761	42527
23762	42528
23763	42530
23764	42532
23765	42534
23766	42535
23767	42537
23768	42538
23769	42540
23770	42543
23771	42545
23772	42546
23773	42548
23774	42551
23775	42553
23776	42554
23777	42556
23778	42558
23779	42560
23780	42560
23781	42561
23782	42563
23783	42566
23784	42568
23785	42569
23786	42571
23787	42574
23788	42576
23789	42577
23790	42579
23791	42582
23792	42584
23793	42585
23794	42586
23795	42587
23796	42589
23797	42592
23798	42594
23799	42595
23800	42597
23801	42600
23802	42602
23803	42603
23804	42605
23805	42608
23806	42610
23807	42611
23808	42612
23809	42613
23810	42615
23811	42618
23812	42620
23813	42621
23814	42623
23815	42626
23816	42628
23817	42629
23818	42631
23819	42634
23820	42636
23821	42637
23822	42638
23823	42638
23824	42639
23825	42640
23826	42641
23827	42643
23828	42646
23829	42648
23830	42649
23831	42651
23832	42654
23833	42656
23834	42657
23835	42659
23836	42662
23837	42664
23838	42665
23839	42666
23840	42667
23841	42669
23842	42672
23843	42674
23844	42675
23845	42677
23846	42680
23847	42682
23848	42683
23849	42685
23850	42688
23851	42690
23852	42691
23853	42692
23854	42693
23855	42694
23856	42695
23857	42697
23858	42698
23859	42700
23860	42701
23861	42703
23862	42706
23863	42708
23864	42709
23865	42711
23866	42714
23867	42716
23868	42717
23869	42719
23870	42721
23871	42723
23872	42724
23873	42726
23874	42727
23875	42729
23876	42732
23877	42734
23878	42735
23879	42737
23880	42740
23881	42742
23882	42743
23883	42745
23884	42747
23885	42749
23886	42750
23887	42752
23888	42753
23889	42755
23890	42758
23891	42760
23892	42761
23893	42763
23894	42766
23895	42768
23896	42769
23897	42771
23898	42772
23899	42774
23900	42775
23901	42777
23902	42778
23903	42780
23904	42781
23905	42783
23906	42786
23907	42788
23908	42789
23909	42791
23910	42794
23911	42796
23912	42797
23913	42799
23914	42802
23915	42804
23916	42805
23917	42806
23918	42807
23919	42809
23920	42812
23921	42814
23922	42815
23923	42817
23924	42820
23925	42822
23926	42823
23927	42825
23928	42828
23929	42830
23930	42831
23931	42832
23932	42833
23933	42835
23934	42838
23935	42840
23936	42841
23937	42843
23938	42846
23939	42848
23940	42849
23941	42851
23942	42854
23943	42856
23944	42857
23945	42858
23946	42859
23947	42860
23948	42861
23949	42863
23950	42864
23951	42866
23952	42867
23953	42869
23954	42872
23955	42874
23956	42875
23957	42877
23958	42880
23959	42882
23960	42883
23961	42885
23962	42887
23963	42889
23964	42890
23965	42892
23966	42893
23967	42895
23968	42898
23969	42900
23970	42901
23971	42903
23972	42906
23973	42908
23974	42909
23975	42911
23976	42913
23977	42915
23978	42916
23979	42918
23980	42919
23981	42921
23982	42924
23983	42926
23984	42927
23985	42929
23986	42932
23987	42934
23988	42935
23989	42937
23990	42938
23991	42940
23992	42941
23993	42943
23994	42944
23995	42946
23996	42947
23997	42949
23998	42952
23999	42954
24000	42955
24001	42957
24002	42960
24003	42962
24004	42963
24005	42965
24006	42968
24007	42970
24008	42971
24009	42972
24010	42973
24011	42975
24012	42978
24013	42980
24014	42981
24015	42983
24016	42986
24017	42988
24018	42989
24019	42991
24020	42994
24021	42996
24022	42997
24023	42998
24024	42999
24025	43000
24026	43001
24027	43003
24028	43003
24029	43006
24030	43008
24031	43009
24032	43011
24033	43013
24034	43015
24035	43016
24036	43018
24037	43021
24038	43023
24039	43024
24040	43025
24041	43026
24042	43028
24043	43031
24044	43033
24045	43034
24046	43036
24047	43039
24048	43041
24049	43042
24050	43044
24051	43047
24052	43049
24053	43050
24054	43051
24055	43052
24056	43054
24057	43057
24058	43059
24059	43060
24060	43062
24061	43065
24062	43067
24063	43068
24064	43070
24065	43073
24066	43075
24067	43076
24068	43077
24069	43078
24070	43079
24071	43080
24072	43081
24073	43082
24074	43084
24075	43085
24076	43087
24077	43090
24078	43092
24079	43093
24080	43095
24081	43098
24082	43100
24083	43101
24084	43103
24085	43105
24086	43107
24087	43108
24088	43110
24089	43111
24090	43113
24091	43116
24092	43118
24093	43119
24094	43121
24095	43124
24096	43126
24097	43127
24098	43129
24099	43131
24100	43133
24101	43133
24102	43134
24103	43136
24104	43139
24105	43141
24106	43142
24107	43144
24108	43147
24109	43149
24110	43150
24111	43152
24112	43155
24113	43157
24114	43158
24115	43159
24116	43160
24117	43162
24118	43165
24119	43167
24120	43168
24121	43170
24122	43173
24123	43175
24124	43176
24125	43178
24126	43181
24127	43183
24128	43184
24129	43185
24130	43186
24131	43188
24132	43191
24133	43193
24134	43194
24135	43196
24136	43199
24137	43201
24138	43202
24139	43204
24140	43207
24141	43209
24142	43210
24143	43211
24144	43211
24145	43212
24146	43214
24147	43217
24148	43219
24149	43220
24150	43222
24151	43224
24152	43226
24153	43226
24154	43227
24155	43229
24156	43232
24157	43234
24158	43235
24159	43237
24160	43240
24161	43242
24162	43243
24163	43245
24164	43248
24165	43250
24166	43251
24167	43252
24168	43253
24169	43255
24170	43257
24171	43259
24172	43260
24173	43262
24174	43263
24175	43265
24176	43268
24177	43270
24178	43271
24179	43273
24180	43276
24181	43278
24182	43279
24183	43281
24184	43284
24185	43286
24186	43287
24187	43288
24188	43289
24189	43290
24190	43291
24191	43293
24192	43294
24193	43296
24194	43297
24195	43299
24196	43302
24197	43304
24198	43305
24199	43307
24200	43310
24201	43312
24202	43313
24203	43315
24204	43317
24205	43319
24206	43320
24207	43322
24208	43323
24209	43325
24210	43328
24211	43330
24212	43331
24213	43333
24214	43336
24215	43338
24216	43339
24217	43341
24218	43343
24219	43345
24220	43346
24221	43348
24222	43349
24223	43351
24224	43354
24225	43356
24226	43357
24227	43359
24228	43362
24229	43364
24230	43365
24231	43367
24232	43368
24233	43370
24234	43371
24235	43373
24236	43374
24237	43376
24238	43377
24239	43378
24240	43379
24241	43380
24242	43381
24243	43383
24244	43384
24245	43386
24246	43387
24247	43389
24248	43392
24249	43394
24250	43395
24251	43397
24252	43400
24253	43402
24254	43403
24255	43405
24256	43408
24257	43410
24258	43411
24259	43412
24260	43413
24261	43415
24262	43418
24263	43420
24264	43421
24265	43423
24266	43426
24267	43428
24268	43429
24269	43431
24270	43434
24271	43436
24272	43437
24273	43438
24274	43439
24275	43441
24276	43444
24277	43446
24278	43447
24279	43449
24280	43452
24281	43454
24282	43455
24283	43457
24284	43460
24285	43462
24286	43463
24287	43464
24288	43465
24289	43466
24290	43467
24291	43469
24292	43470
24293	43472
24294	43473
24295	43475
24296	43478
24297	43480
24298	43481
24299	43483
24300	43486
24301	43488
24302	43489
24303	43491
24304	43493
24305	43495
24306	43495
24307	43496
24308	43498
24309	43501
24310	43503
24311	43504
24312	43506
24313	43509
24314	43511
24315	43512
24316	43514
24317	43517
24318	43519
24319	43520
24320	43521
24321	43522
24322	43524
24323	43527
24324	43529
24325	43530
24326	43532
24327	43535
24328	43537
24329	43538
24330	43540
24331	43543
24332	43545
24333	43546
24334	43547
24335	43548
24336	43549
24337	43550
24338	43551
24339	43552
24340	43554
24341	43555
24342	43557
24343	43560
24344	43562
24345	43563
24346	43565
24347	43568
24348	43570
24349	43571
24350	43573
24351	43575
24352	43577
24353	43578
24354	43580
24355	43581
24356	43583
24357	43586
24358	43588
24359	43589
24360	43591
24361	43594
24362	43596
24363	43597
24364	43599
24365	43601
24366	43603
24367	43603
24368	43604
24369	43606
24370	43609
24371	43611
24372	43612
24373	43614
24374	43617
24375	43619
24376	43620
24377	43622
24378	43625
24379	43627
24380	43628
24381	43629
24382	43630
24383	43632
24384	43635
24385	43637
24386	43638
24387	43640
24388	43643
24389	43645
24390	43646
24391	43648
24392	43651
24393	43653
24394	43654
24395	43655
24396	43656
24397	43657
24398	43658
24399	43660
24400	43661
24401	43663
24402	43664
24403	43666
24404	43669
24405	43671
24406	43672
24407	43674
24408	43677
24409	43679
24410	43680
24411	43682
24412	43684
24413	43686
24414	43687
24415	43689
24416	43690
24417	43692
24418	43695
24419	43697
24420	43698
24421	43700
24422	43703
24423	43705
24424	43706
24425	43708
24426	43710
24427	43712
24428	43713
24429	43715
24430	43716
24431	43718
24432	43721
24433	43723
24434	43724
24435	43726
24436	43729
24437	43731
24438	43732
24439	43734
24440	43735
24441	43737
24442	43738
24443	43740
24444	43741
24445	43743
24446	43744
24447	43746
24448	43749
24449	43751
24450	43752
24451	43754
24452	43757
24453	43759
24454	43760
24455	43762
24456	43765
24457	43767
24458	43768
24459	43769
24460	43770
24461	43772
24462	43775
24463	43777
24464	43778
24465	43780
24466	43783
24467	43785
24468	43786
24469	43788
24470	43791
24471	43793
24472	43794
24473	43795
24474	43796
24475	43797
24476	43798
24477	43800
24478	43801
24479	43803
24480	43804
24481	43806
24482	43809
24483	43811
24484	43812
24485	43814
24486	43817
24487	43819
24488	43820
24489	43822
24490	43824
24491	43826
24492	43827
24493	43829
24494	43830
24495	43832
24496	43835
24497	43837
24498	43838
24499	43840
24500	43843
24501	43845
24502	43846
24503	43848
24504	43850
24505	43852
24506	43853
24507	43855
24508	43856
24509	43858
24510	43861
24511	43863
24512	43864
24513	43866
24514	43869
24515	43871
24516	43872
24517	43874
24518	43875
24519	43877
24520	43878
24521	43880
24522	43881
24523	43883
24524	43884
24525	43886
24526	43889
24527	43891
24528	43892
24529	43894
24530	43897
24531	43899
24532	43900
24533	43902
24534	43905
24535	43907
24536	43908
24537	43909
24538	43910
24539	43912
24540	43915
24541	43917
24542	43918
24543	43920
24544	43923
24545	43925
24546	43926
24547	43928
24548	43931
24549	43933
24550	43934
24551	43935
24552	43936
24553	43938
24554	43941
24555	43943
24556	43944
24557	43946
24558	43949
24559	43951
24560	43952
24561	43954
24562	43957
24563	43959
24564	43960
24565	43961
24566	43962
24567	43963
24568	43964
24569	43966
24570	43967
24571	43969
24572	43970
24573	43972
24574	43975
24575	43977
24576	43978
24577	43980
24578	43983
24579	43985
24580	43986
24581	43988
24582	43990
24583	43992
24584	43993
24585	43995
24586	43996
24587	43998
24588	44001
24589	44003
24590	44004
24591	44006
24592	44009
24593	44011
24594	44012
24595	44014
24596	44016
24597	44018
24598	44019
24599	44021
24600	44022
24601	44024
24602	44027
24603	44029
24604	44030
24605	44032
24606	44035
24607	44037
24608	44038
24609	44040
24610	44041
24611	44043
24612	44043
24613	44044
24614	44046
24615	44046
24616	44049
24617	44051
24618	44052
24619	44054
24620	44057
24621	44059
24622	44060
24623	44062
24624	44065
24625	44067
24626	44068
24627	44069
24628	44070
24629	44072
24630	44075
24631	44077
24632	44078
24633	44080
24634	44083
24635	44085
24636	44086
24637	44088
24638	44091
24639	44093
24640	44094
24641	44095
24642	44096
24643	44098
24644	44101
24645	44103
24646	44104
24647	44106
24648	44109
24649	44111
24650	44112
24651	44114
24652	44117
24653	44119
24654	44120
24655	44121
24656	44122
24657	44123
24658	44123
24659	44124
24660	44126
24661	44129
24662	44131
24663	44132
24664	44134
24665	44137
24666	44139
24667	44140
24668	44142
24669	44145
24670	44147
24671	44148
24672	44149
24673	44150
24674	44152
24675	44155
24676	44157
24677	44158
24678	44160
24679	44163
24680	44165
24681	44166
24682	44168
24683	44171
24684	44173
24685	44174
24686	44175
24687	44176
24688	44178
24689	44181
24690	44183
24691	44184
24692	44186
24693	44189
24694	44191
24695	44192
24696	44194
24697	44197
24698	44199
24699	44200
24700	44201
24701	44202
24702	44203
24703	44204
24704	44206
24705	44207
24706	44209
24707	44210
24708	44212
24709	44215
24710	44217
24711	44218
24712	44220
24713	44223
24714	44225
24715	44226
24716	44228
24717	44230
24718	44232
24719	44232
24720	44233
24721	44235
24722	44238
24723	44240
24724	44241
24725	44243
24726	44246
24727	44248
24728	44249
24729	44251
24730	44254
24731	44256
24732	44257
24733	44258
24734	44259
24735	44260
24736	44261
24737	44263
24738	44264
24739	44266
24740	44267
24741	44269
24742	44272
24743	44274
24744	44275
24745	44277
24746	44280
24747	44282
24748	44283
24749	44285
24750	44287
24751	44289
24752	44290
24753	44292
24754	44293
24755	44295
24756	44298
24757	44300
24758	44301
24759	44303
24760	44306
24761	44308
24762	44309
24763	44311
24764	44313
24765	44315
24766	44316
24767	44318
24768	44319
24769	44321
24770	44324
24771	44326
24772	44327
24773	44329
24774	44332
24775	44334
24776	44335
24777	44337
24778	44338
24779	44340
24780	44341
24781	44343
24782	44344
24783	44346
24784	44347
24785	44349
24786	44352
24787	44354
24788	44355
24789	44357
24790	44360
24791	44362
24792	44363
24793	44365
24794	44368
24795	44370
24796	44371
24797	44372
24798	44373
24799	44375
24800	44378
24801	44380
24802	44381
24803	44383
24804	44386
24805	44388
24806	44389
24807	44391
24808	44394
24809	44396
24810	44397
24811	44398
24812	44399
24813	44401
24814	44404
24815	44406
24816	44407
24817	44409
24818	44412
24819	44414
24820	44415
24821	44417
24822	44420
24823	44422
24824	44423
24825	44424
24826	44425
24827	44426
24828	44427
24829	44429
24830	44430
24831	44432
24832	44433
24833	44435
24834	44438
24835	44440
24836	44441
24837	44443
24838	44446
24839	44448
24840	44449
24841	44451
24842	44453
24843	44455
24844	44455
24845	44456
24846	44458
24847	44461
24848	44463
24849	44464
24850	44466
24851	44469
24852	44471
24853	44472
24854	44474
24855	44477
24856	44479
24857	44480
24858	44481
24859	44482
24860	44484
24861	44487
24862	44489
24863	44490
24864	44492
24865	44495
24866	44497
24867	44498
24868	44500
24869	44503
24870	44505
24871	44506
24872	44507
24873	44508
24874	44509
24875	44510
24876	44512
24877	44513
24878	44515
24879	44516
24880	44518
24881	44521
24882	44523
24883	44524
24884	44526
24885	44529
24886	44531
24887	44532
24888	44534
24889	44536
24890	44538
24891	44539
24892	44541
24893	44542
24894	44544
24895	44547
24896	44549
24897	44550
24898	44552
24899	44555
24900	44557
24901	44558
24902	44560
24903	44562
24904	44564
24905	44565
24906	44567
24907	44568
24908	44570
24909	44573
24910	44575
24911	44576
24912	44578
24913	44581
24914	44583
24915	44584
24916	44586
24917	44587
24918	44589
24919	44590
24920	44592
24921	44593
24922	44595
24923	44596
24924	44598
24925	44601
24926	44603
24927	44604
24928	44606
24929	44609
24930	44611
24931	44612
24932	44614
24933	44617
24934	44619
24935	44620
24936	44621
24937	44622
24938	44624
24939	44627
24940	44629
24941	44630
24942	44632
24943	44635
24944	44637
24945	44638
24946	44640
24947	44643
24948	44645
24949	44646
24950	44647
24951	44648
24952	44650
24953	44653
24954	44655
24955	44656
24956	44658
24957	44661
24958	44663
24959	44664
24960	44666
24961	44669
24962	44671
24963	44672
24964	44673
24965	44674
24966	44675
24967	44676
24968	44678
24969	44679
24970	44681
24971	44682
24972	44684
24973	44687
24974	44689
24975	44690
24976	44692
24977	44695
24978	44697
24979	44698
24980	44700
24981	44702
24982	44704
24983	44704
24984	44705
24985	44707
24986	44710
24987	44712
24988	44713
24989	44715
24990	44718
24991	44720
24992	44721
24993	44723
24994	44726
24995	44728
24996	44729
24997	44730
24998	44731
24999	44733
25000	44736
25001	44738
25002	44739
25003	44741
25004	44744
25005	44746
25006	44747
25007	44749
25008	44752
25009	44754
25010	44755
25011	44756
25012	44757
25013	44759
25014	44762
25015	44764
25016	44765
25017	44767
25018	44770
25019	44772
25020	44773
25021	44775
25022	44778
25023	44780
25024	44781
25025	44782
25026	44782
25027	44783
25028	44785
25029	44788
25030	44790
25031	44791
25032	44793
25033	44796
25034	44798
25035	44799
25036	44801
25037	44804
25038	44806
25039	44807
25040	44808
25041	44809
25042	44810
25043	44810
25044	44811
25045	44813
25046	44816
25047	44818
25048	44819
25049	44821
25050	44824
25051	44826
25052	44827
25053	44829
25054	44832
25055	44834
25056	44835
25057	44836
25058	44837
25059	44838
25060	44839
25061	44841
25062	44842
25063	44844
25064	44845
25065	44847
25066	44850
25067	44852
25068	44853
25069	44855
25070	44858
25071	44860
25072	44861
25073	44863
25074	44865
25075	44867
25076	44867
25077	44868
25078	44870
25079	44873
25080	44875
25081	44876
25082	44878
25083	44881
25084	44883
25085	44884
25086	44886
25087	44889
25088	44891
25089	44892
25090	44893
25091	44894
25092	44896
25093	44899
25094	44901
25095	44902
25096	44904
25097	44907
25098	44909
25099	44910
25100	44912
25101	44915
25102	44917
25103	44918
25104	44919
25105	44920
25106	44922
25107	44925
25108	44927
25109	44928
25110	44930
25111	44933
25112	44935
25113	44936
25114	44938
25115	44941
25116	44943
25117	44944
25118	44945
25119	44945
25120	44946
25121	44948
25122	44951
25123	44953
25124	44954
25125	44956
25126	44959
25127	44961
25128	44962
25129	44964
25130	44967
25131	44969
25132	44970
25133	44971
25134	44972
25135	44974
25136	44977
25137	44979
25138	44980
25139	44982
25140	44985
25141	44987
25142	44988
25143	44990
25144	44993
25145	44995
25146	44996
25147	44997
25148	44998
25149	45000
25150	45003
25151	45005
25152	45006
25153	45008
25154	45011
25155	45013
25156	45014
25157	45016
25158	45019
25159	45021
25160	45022
25161	45023
25162	45024
25163	45025
25164	45026
25165	45028
25166	45029
25167	45031
25168	45032
25169	45034
25170	45037
25171	45039
25172	45040
25173	45042
25174	45045
25175	45047
25176	45048
25177	45050
25178	45052
25179	45054
25180	45054
25181	45055
25182	45057
25183	45060
25184	45062
25185	45063
25186	45065
25187	45068
25188	45070
25189	45071
25190	45073
25191	45076
25192	45078
25193	45079
25194	45080
25195	45081
25196	45083
25197	45086
25198	45088
25199	45089
25200	45091
25201	45094
25202	45096
25203	45097
25204	45099
25205	45102
25206	45104
25207	45105
25208	45106
25209	45107
25210	45109
25211	45112
25212	45114
25213	45115
25214	45117
25215	45120
25216	45122
25217	45123
25218	45125
25219	45128
25220	45130
25221	45131
25222	45132
25223	45132
25224	45133
25225	45135
25226	45138
25227	45140
25228	45141
25229	45143
25230	45146
25231	45148
25232	45149
25233	45151
25234	45154
25235	45156
25236	45157
25237	45158
25238	45159
25239	45161
25240	45164
25241	45166
25242	45167
25243	45169
25244	45172
25245	45174
25246	45175
25247	45177
25248	45180
25249	45182
25250	45183
25251	45184
25252	45185
25253	45186
25254	45187
25255	45188
25256	45189
25257	45191
25258	45192
25259	45194
25260	45197
25261	45199
25262	45200
25263	45202
25264	45205
25265	45207
25266	45208
25267	45210
25268	45212
25269	45214
25270	45215
25271	45217
25272	45218
25273	45220
25274	45223
25275	45225
25276	45226
25277	45228
25278	45231
25279	45233
25280	45234
25281	45236
25282	45238
25283	45240
25284	45240
25285	45241
25286	45243
25287	45246
25288	45248
25289	45249
25290	45251
25291	45254
25292	45256
25293	45257
25294	45259
25295	45262
25296	45264
25297	45265
25298	45266
25299	45267
25300	45269
25301	45272
25302	45274
25303	45275
25304	45277
25305	45280
25306	45282
25307	45283
25308	45285
25309	45288
25310	45290
25311	45291
25312	45292
25313	45293
25314	45295
25315	45298
25316	45300
25317	45301
25318	45303
25319	45306
25320	45308
25321	45309
25322	45311
25323	45314
25324	45316
25325	45317
25326	45318
25327	45318
25328	45319
25329	45321
25330	45324
25331	45326
25332	45327
25333	45329
25334	45332
25335	45334
25336	45335
25337	45337
25338	45340
25339	45342
25340	45343
25341	45344
25342	45345
25343	45347
25344	45350
25345	45352
25346	45353
25347	45355
25348	45358
25349	45360
25350	45361
25351	45363
25352	45366
25353	45368
25354	45369
25355	45370
25356	45371
25357	45372
25358	45373
25359	45375
25360	45375
25361	45378
25362	45380
25363	45381
25364	45383
25365	45386
25366	45388
25367	45389
25368	45391
25369	45394
25370	45396
25371	45397
25372	45398
25373	45399
25374	45401
25375	45404
25376	45406
25377	45407
25378	45409
25379	45412
25380	45414
25381	45415
25382	45417
25383	45420
25384	45422
25385	45423
25386	45424
25387	45425
25388	45427
25389	45430
25390	45432
25391	45433
25392	45435
25393	45438
25394	45440
25395	45441
25396	45443
25397	45446
25398	45448
25399	45449
25400	45450
25401	45451
25402	45452
25403	45453
25404	45455
25405	45456
25406	45458
25407	45459
25408	45461
25409	45464
25410	45466
25411	45467
25412	45469
25413	45472
25414	45474
25415	45475
25416	45477
25417	45479
25418	45481
25419	45482
25420	45484
25421	45485
25422	45487
25423	45490
25424	45492
25425	45493
25426	45495
25427	45498
25428	45500
25429	45501
25430	45503
25431	45505
25432	45507
25433	45508
25434	45510
25435	45511
25436	45513
25437	45516
25438	45518
25439	45519
25440	45521
25441	45524
25442	45526
25443	45527
25444	45529
25445	45530
25446	45532
25447	45533
25448	45535
25449	45536
25450	45538
25451	45539
25452	45541
25453	45544
25454	45546
25455	45547
25456	45549
25457	45552
25458	45554
25459	45555
25460	45557
25461	45560
25462	45562
25463	45563
25464	45564
25465	45565
25466	45567
25467	45570
25468	45572
25469	45573
25470	45575
25471	45578
25472	45580
25473	45581
25474	45583
25475	45586
25476	45588
25477	45589
25478	45590
25479	45591
25480	45593
25481	45596
25482	45598
25483	45599
25484	45601
25485	45604
25486	45606
25487	45607
25488	45609
25489	45612
25490	45614
25491	45615
25492	45616
25493	45617
25494	45618
25495	45619
25496	45621
25497	45622
25498	45624
25499	45625
25500	45627
25501	45630
25502	45632
25503	45633
25504	45635
25505	45638
25506	45640
25507	45641
25508	45643
25509	45645
25510	45647
25511	45647
25512	45648
25513	45650
25514	45653
25515	45655
25516	45656
25517	45658
25518	45661
25519	45663
25520	45664
25521	45666
25522	45669
25523	45671
25524	45672
25525	45673
25526	45674
25527	45676
25528	45679
25529	45681
25530	45682
25531	45684
25532	45686
25533	45688
25534	45689
25535	45691
25536	45692
25537	45694
25538	45697
25539	45699
25540	45700
25541	45702
25542	45705
25543	45707
25544	45708
25545	45710
25546	45712
25547	45714
25548	45714
25549	45715
25550	45717
25551	45719
25552	45721
25553	45722
25554	45724
25555	45727
25556	45729
25557	45730
25558	45732
25559	45734
25560	45736
25561	45737
25562	45739
25563	45740
25564	45742
25565	45745
25566	45747
25567	45748
25568	45750
25569	45753
25570	45755
25571	45756
25572	45758
25573	45760
25574	45762
25575	45762
25576	45763
25577	45764
25578	45764
25579	45766
25580	45767
25581	45769
25582	45770
25583	45772
25584	45773
25585	45775
25586	45778
25587	45780
25588	45781
25589	45783
25590	45786
25591	45788
25592	45789
25593	45791
25594	45794
25595	45796
25596	45797
25597	45798
25598	45799
25599	45801
25600	45804
25601	45806
25602	45807
25603	45809
25604	45812
25605	45814
25606	45815
25607	45817
25608	45820
25609	45822
25610	45823
25611	45824
25612	45825
25613	45827
25614	45830
25615	45832
25616	45833
25617	45835
25618	45838
25619	45840
25620	45841
25621	45843
25622	45846
25623	45848
25624	45849
25625	45850
25626	45851
25627	45852
25628	45853
25629	45855
25630	45856
25631	45858
25632	45859
25633	45861
25634	45864
25635	45866
25636	45867
25637	45869
25638	45872
25639	45874
25640	45875
25641	45877
25642	45879
25643	45881
25644	45882
25645	45884
25646	45885
25647	45887
25648	45890
25649	45892
25650	45893
25651	45895
25652	45898
25653	45900
25654	45901
25655	45903
25656	45905
25657	45907
25658	45908
25659	45910
25660	45911
25661	45913
25662	45916
25663	45918
25664	45919
25665	45921
25666	45924
25667	45926
25668	45927
25669	45929
25670	45930
25671	45932
25672	45932
25673	45933
25674	45935
25675	45936
25676	45938
25677	45939
25678	45941
25679	45944
25680	45946
25681	45947
25682	45949
25683	45952
25684	45954
25685	45955
25686	45957
25687	45959
25688	45961
25689	45962
25690	45964
25691	45965
25692	45967
25693	45970
25694	45972
25695	45973
25696	45975
25697	45978
25698	45980
25699	45981
25700	45983
25701	45985
25702	45987
25703	45988
25704	45990
25705	45991
25706	45993
25707	45996
25708	45998
25709	45999
25710	46001
25711	46004
25712	46006
25713	46007
25714	46009
25715	46010
25716	46012
25717	46013
25718	46015
25719	46016
25720	46018
25721	46019
25722	46020
25723	46021
25724	46023
25725	46026
25726	46028
25727	46029
25728	46031
25729	46034
25730	46036
25731	46037
25732	46039
25733	46042
25734	46044
25735	46045
25736	46046
25737	46047
25738	46049
25739	46052
25740	46054
25741	46055
25742	46057
25743	46060
25744	46062
25745	46063
25746	46065
25747	46068
25748	46070
25749	46071
25750	46072
25751	46073
25752	46075
25753	46078
25754	46080
25755	46081
25756	46083
25757	46086
25758	46088
25759	46089
25760	46091
25761	46094
25762	46096
25763	46097
25764	46098
25765	46098
25766	46099
25767	46101
25768	46104
25769	46106
25770	46107
25771	46109
25772	46112
25773	46114
25774	46115
25775	46117
25776	46120
25777	46122
25778	46123
25779	46124
25780	46125
25781	46126
25782	46127
25783	46128
25784	46129
25785	46131
25786	46132
25787	46134
25788	46137
25789	46139
25790	46140
25791	46142
25792	46145
25793	46147
25794	46148
25795	46150
25796	46152
25797	46154
25798	46155
25799	46157
25800	46158
25801	46160
25802	46163
25803	46165
25804	46166
25805	46168
25806	46171
25807	46173
25808	46174
25809	46176
25810	46178
25811	46180
25812	46180
25813	46181
25814	46183
25815	46186
25816	46188
25817	46189
25818	46191
25819	46194
25820	46196
25821	46197
25822	46199
25823	46202
25824	46204
25825	46205
25826	46206
25827	46207
25828	46208
25829	46209
25830	46211
25831	46212
25832	46214
25833	46215
25834	46217
25835	46220
25836	46222
25837	46223
25838	46225
25839	46228
25840	46230
25841	46231
25842	46233
25843	46235
25844	46237
25845	46238
25846	46240
25847	46241
25848	46243
25849	46246
25850	46248
25851	46249
25852	46251
25853	46254
25854	46256
25855	46257
25856	46259
25857	46261
25858	46263
25859	46264
25860	46266
25861	46267
25862	46269
25863	46272
25864	46274
25865	46275
25866	46277
25867	46280
25868	46282
25869	46283
25870	46285
25871	46286
25872	46288
25873	46288
25874	46289
25875	46291
25876	46292
25877	46294
25878	46295
25879	46297
25880	46300
25881	46302
25882	46303
25883	46305
25884	46308
25885	46310
25886	46311
25887	46313
25888	46315
25889	46317
25890	46318
25891	46320
25892	46321
25893	46323
25894	46326
25895	46328
25896	46329
25897	46331
25898	46334
25899	46336
25900	46337
25901	46339
25902	46341
25903	46343
25904	46344
25905	46346
25906	46347
25907	46349
25908	46352
25909	46354
25910	46355
25911	46357
25912	46360
25913	46362
25914	46363
25915	46365
25916	46366
25917	46368
25918	46369
25919	46371
25920	46372
25921	46374
25922	46375
25923	46377
25924	46380
25925	46382
25926	46383
25927	46385
25928	46388
25929	46390
25930	46391
25931	46393
25932	46396
25933	46398
25934	46399
25935	46400
25936	46401
25937	46402
25938	46403
25939	46405
25940	46406
25941	46408
25942	46409
25943	46411
25944	46414
25945	46416
25946	46417
25947	46419
25948	46422
25949	46424
25950	46425
25951	46427
25952	46429
25953	46431
25954	46432
25955	46434
25956	46435
25957	46437
25958	46440
25959	46442
25960	46443
25961	46445
25962	46448
25963	46450
25964	46451
25965	46453
25966	46455
25967	46457
25968	46458
25969	46460
25970	46461
25971	46463
25972	46466
25973	46468
25974	46469
25975	46471
25976	46474
25977	46476
25978	46477
25979	46479
25980	46480
25981	46482
25982	46483
25983	46485
25984	46486
25985	46488
25986	46489
25987	46491
25988	46494
25989	46496
25990	46497
25991	46499
25992	46502
25993	46504
25994	46505
25995	46507
25996	46510
25997	46512
25998	46513
25999	46514
26000	46515
26001	46517
26002	46520
26003	46522
26004	46523
26005	46525
26006	46528
26007	46530
26008	46531
26009	46533
26010	46536
26011	46538
26012	46539
26013	46540
26014	46541
26015	46543
26016	46546
26017	46548
26018	46549
26019	46551
26020	46554
26021	46556
26022	46557
26023	46559
26024	46562
26025	46564
26026	46565
26027	46566
26028	46567
26029	46568
26030	46569
26031	46571
26032	46572
26033	46574
26034	46575
26035	46577
26036	46580
26037	46582
26038	46583
26039	46585
26040	46588
26041	46590
26042	46591
26043	46593
26044	46595
26045	46597
26046	46598
26047	46600
26048	46601
26049	46603
26050	46606
26051	46608
26052	46609
26053	46611
26054	46614
26055	46616
26056	46617
26057	46619
26058	46621
26059	46623
26060	46624
26061	46626
26062	46627
26063	46629
26064	46632
26065	46634
26066	46635
26067	46637
26068	46640
26069	46642
26070	46643
26071	46645
26072	46646
26073	46648
26074	46648
26075	46649
26076	46651
26077	46652
26078	46654
26079	46655
26080	46657
26081	46660
26082	46662
26083	46663
26084	46665
26085	46668
26086	46670
26087	46671
26088	46673
26089	46675
26090	46677
26091	46678
26092	46680
26093	46681
26094	46683
26095	46686
26096	46688
26097	46689
26098	46691
26099	46694
26100	46696
26101	46697
26102	46699
26103	46701
26104	46703
26105	46704
26106	46706
26107	46707
26108	46709
26109	46712
26110	46714
26111	46715
26112	46717
26113	46720
26114	46722
26115	46723
26116	46725
26117	46726
26118	46728
26119	46728
26120	46728
26121	46729
26122	46731
26123	46734
26124	46736
26125	46737
26126	46739
26127	46742
26128	46744
26129	46745
26130	46747
26131	46750
26132	46752
26133	46753
26134	46754
26135	46755
26136	46756
26137	46757
26138	46758
26139	46759
26140	46761
26141	46762
26142	46764
26143	46767
26144	46769
26145	46770
26146	46772
26147	46775
26148	46777
26149	46778
26150	46780
26151	46782
26152	46784
26153	46785
26154	46787
26155	46788
26156	46790
26157	46793
26158	46795
26159	46796
26160	46798
26161	46801
26162	46803
26163	46804
26164	46806
26165	46808
26166	46810
26167	46810
26168	46811
26169	46813
26170	46816
26171	46818
26172	46819
26173	46821
26174	46824
26175	46826
26176	46827
26177	46829
26178	46832
26179	46834
26180	46835
26181	46836
26182	46837
26183	46839
26184	46842
26185	46844
26186	46845
26187	46847
26188	46850
26189	46852
26190	46853
26191	46855
26192	46858
26193	46860
26194	46861
26195	46862
26196	46863
26197	46864
26198	46865
26199	46866
26200	46867
26201	46869
26202	46870
26203	46872
26204	46875
26205	46877
26206	46878
26207	46880
26208	46883
26209	46885
26210	46886
26211	46888
26212	46890
26213	46892
26214	46893
26215	46895
26216	46896
26217	46898
26218	46901
26219	46903
26220	46904
26221	46906
26222	46909
26223	46911
26224	46912
26225	46914
26226	46916
26227	46918
26228	46918
26229	46919
26230	46921
26231	46924
26232	46926
26233	46927
26234	46929
26235	46932
26236	46934
26237	46935
26238	46937
26239	46940
26240	46942
26241	46943
26242	46944
26243	46945
26244	46947
26245	46950
26246	46952
26247	46953
26248	46955
26249	46958
26250	46960
26251	46961
26252	46963
26253	46966
26254	46968
26255	46969
26256	46970
26257	46971
26258	46973
26259	46976
26260	46978
26261	46979
26262	46981
26263	46984
26264	46986
26265	46987
26266	46989
26267	46992
26268	46994
26269	46995
26270	46996
26271	46996
26272	46997
26273	46999
26274	47002
26275	47004
26276	47005
26277	47007
26278	47010
26279	47012
26280	47013
26281	47015
26282	47018
26283	47020
26284	47021
26285	47022
26286	47023
26287	47025
26288	47028
26289	47030
26290	47031
26291	47033
26292	47036
26293	47038
26294	47039
26295	47041
26296	47044
26297	47046
26298	47047
26299	47048
26300	47049
26301	47051
26302	47054
26303	47056
26304	47057
26305	47059
26306	47062
26307	47064
26308	47065
26309	47067
26310	47070
26311	47072
26312	47073
26313	47074
26314	47075
26315	47076
26316	47077
26317	47079
26318	47080
26319	47082
26320	47083
26321	47085
26322	47088
26323	47090
26324	47091
26325	47093
26326	47096
26327	47098
26328	47099
26329	47101
26330	47103
26331	47105
26332	47106
26333	47108
26334	47109
26335	47111
26336	47114
26337	47116
26338	47117
26339	47119
26340	47122
26341	47124
26342	47125
26343	47127
26344	47129
26345	47131
26346	47132
26347	47134
26348	47135
26349	47137
26350	47140
26351	47142
26352	47143
26353	47145
26354	47148
26355	47150
26356	47151
26357	47153
26358	47154
26359	47156
26360	47157
26361	47159
26362	47160
26363	47162
26364	47163
26365	47165
26366	47168
26367	47170
26368	47171
26369	47173
26370	47176
26371	47178
26372	47179
26373	47181
26374	47184
26375	47186
26376	47187
26377	47188
26378	47189
26379	47190
26380	47191
26381	47193
26382	47194
26383	47196
26384	47197
26385	47199
26386	47202
26387	47204
26388	47205
26389	47207
26390	47210
26391	47212
26392	47213
26393	47215
26394	47217
26395	47219
26396	47219
26397	47220
26398	47222
26399	47225
26400	47227
26401	47228
26402	47230
26403	47233
26404	47235
26405	47236
26406	47238
26407	47241
26408	47243
26409	47244
26410	47245
26411	47246
26412	47247
26413	47248
26414	47250
26415	47251
26416	47253
26417	47254
26418	47256
26419	47259
26420	47261
26421	47262
26422	47264
26423	47267
26424	47269
26425	47270
26426	47272
26427	47274
26428	47276
26429	47277
26430	47279
26431	47280
26432	47282
26433	47285
26434	47287
26435	47288
26436	47290
26437	47293
26438	47295
26439	47296
26440	47298
26441	47300
26442	47302
26443	47303
26444	47305
26445	47306
26446	47308
26447	47311
26448	47313
26449	47314
26450	47316
26451	47319
26452	47321
26453	47322
26454	47324
26455	47325
26456	47327
26457	47328
26458	47330
26459	47331
26460	47333
26461	47334
26462	47335
26463	47336
26464	47338
26465	47341
26466	47343
26467	47344
26468	47346
26469	47349
26470	47351
26471	47352
26472	47354
26473	47357
26474	47359
26475	47360
26476	47361
26477	47362
26478	47364
26479	47367
26480	47369
26481	47370
26482	47372
26483	47375
26484	47377
26485	47378
26486	47380
26487	47383
26488	47385
26489	47386
26490	47387
26491	47388
26492	47390
26493	47393
26494	47395
26495	47396
26496	47398
26497	47401
26498	47403
26499	47404
26500	47406
26501	47409
26502	47411
26503	47412
26504	47413
26505	47413
26506	47414
26507	47415
26508	47416
26509	47417
26510	47418
26511	47420
26512	47421
26513	47423
26514	47424
26515	47426
26516	47429
26517	47431
26518	47432
26519	47434
26520	47437
26521	47439
26522	47440
26523	47442
26524	47445
26525	47447
26526	47448
26527	47449
26528	47450
26529	47452
26530	47455
26531	47457
26532	47458
26533	47460
26534	47463
26535	47465
26536	47466
26537	47468
26538	47471
26539	47473
26540	47474
26541	47475
26542	47476
26543	47478
26544	47481
26545	47483
26546	47484
26547	47486
26548	47489
26549	47491
26550	47492
26551	47494
26552	47497
26553	47499
26554	47500
26555	47501
26556	47502
26557	47503
26558	47504
26559	47506
26560	47507
26561	47509
26562	47510
26563	47512
26564	47515
26565	47517
26566	47518
26567	47520
26568	47523
26569	47525
26570	47526
26571	47528
26572	47530
26573	47532
26574	47533
26575	47535
26576	47536
26577	47538
26578	47541
26579	47543
26580	47544
26581	47546
26582	47549
26583	47551
26584	47552
26585	47554
26586	47556
26587	47558
26588	47559
26589	47561
26590	47562
26591	47564
26592	47567
26593	47569
26594	47570
26595	47572
26596	47574
26597	47576
26598	47577
26599	47579
26600	47580
26601	47582
26602	47585
26603	47587
26604	47588
26605	47590
26606	47593
26607	47595
26608	47596
26609	47598
26610	47600
26611	47602
26612	47602
26613	47603
26614	47605
26615	47608
26616	47610
26617	47611
26618	47613
26619	47616
26620	47618
26621	47619
26622	47621
26623	47624
26624	47626
26625	47627
26626	47628
26627	47629
26628	47631
26629	47634
26630	47636
26631	47637
26632	47639
26633	47642
26634	47644
26635	47645
26636	47647
26637	47650
26638	47652
26639	47653
26640	47654
26641	47655
26642	47657
26643	47660
26644	47662
26645	47663
26646	47665
26647	47668
26648	47670
26649	47671
26650	47673
26651	47676
26652	47678
26653	47679
26654	47680
26655	47680
26656	47681
26657	47683
26658	47686
26659	47688
26660	47689
26661	47691
26662	47694
26663	47696
26664	47697
26665	47699
26666	47702
26667	47704
26668	47705
26669	47706
26670	47707
26671	47709
26672	47712
26673	47714
26674	47715
26675	47717
26676	47720
26677	47722
26678	47723
26679	47725
26680	47728
26681	47730
26682	47731
26683	47732
26684	47733
26685	47735
26686	47738
26687	47740
26688	47741
26689	47743
26690	47746
26691	47748
26692	47749
26693	47751
26694	47754
26695	47756
26696	47757
26697	47758
26698	47759
26699	47760
26700	47761
26701	47763
26702	47764
26703	47766
26704	47767
26705	47769
26706	47772
26707	47774
26708	47775
26709	47777
26710	47780
26711	47782
26712	47783
26713	47785
26714	47787
26715	47789
26716	47790
26717	47792
26718	47793
26719	47795
26720	47798
26721	47800
26722	47801
26723	47803
26724	47806
26725	47808
26726	47809
26727	47811
26728	47813
26729	47815
26730	47816
26731	47818
26732	47819
26733	47821
26734	47824
26735	47826
26736	47827
26737	47829
26738	47832
26739	47834
26740	47835
26741	47837
26742	47838
26743	47840
26744	47841
26745	47843
26746	47844
26747	47846
26748	47847
26749	47849
26750	47852
26751	47854
26752	47855
26753	47857
26754	47860
26755	47862
26756	47863
26757	47865
26758	47868
26759	47870
26760	47871
26761	47872
26762	47873
26763	47875
26764	47878
26765	47880
26766	47881
26767	47883
26768	47886
26769	47888
26770	47889
26771	47891
26772	47894
26773	47896
26774	47897
26775	47898
26776	47899
26777	47900
26778	47900
26779	47901
26780	47903
26781	47906
26782	47908
26783	47909
26784	47911
26785	47914
26786	47916
26787	47917
26788	47919
26789	47922
26790	47924
26791	47925
26792	47926
26793	47927
26794	47929
26795	47932
26796	47934
26797	47935
26798	47937
26799	47940
26800	47942
26801	47943
26802	47945
26803	47948
26804	47950
26805	47951
26806	47952
26807	47953
26808	47955
26809	47958
26810	47960
26811	47961
26812	47963
26813	47966
26814	47968
26815	47969
26816	47971
26817	47974
26818	47976
26819	47977
26820	47978
26821	47979
26822	47980
26823	47981
26824	47983
26825	47984
26826	47986
26827	47987
26828	47989
26829	47992
26830	47994
26831	47995
26832	47997
26833	48000
26834	48002
26835	48003
26836	48005
26837	48007
26838	48009
26839	48009
26840	48010
26841	48012
26842	48015
26843	48017
26844	48018
26845	48020
26846	48023
26847	48025
26848	48026
26849	48028
26850	48031
26851	48033
26852	48034
26853	48035
26854	48036
26855	48038
26856	48041
26857	48043
26858	48044
26859	48046
26860	48049
26861	48051
26862	48052
26863	48054
26864	48057
26865	48059
26866	48060
26867	48061
26868	48062
26869	48064
26870	48067
26871	48069
26872	48070
26873	48072
26874	48075
26875	48077
26876	48078
26877	48080
26878	48083
26879	48085
26880	48086
26881	48087
26882	48087
26883	48088
26884	48089
26885	48090
26886	48092
26887	48095
26888	48097
26889	48098
26890	48100
26891	48103
26892	48105
26893	48106
26894	48108
26895	48111
26896	48113
26897	48114
26898	48115
26899	48116
26900	48118
26901	48121
26902	48123
26903	48124
26904	48126
26905	48129
26906	48131
26907	48132
26908	48134
26909	48137
26910	48139
26911	48140
26912	48141
26913	48142
26914	48144
26915	48147
26916	48149
26917	48150
26918	48152
26919	48155
26920	48157
26921	48158
26922	48160
26923	48163
26924	48165
26925	48166
26926	48167
26927	48167
26928	48168
26929	48170
26930	48173
26931	48175
26932	48176
26933	48178
26934	48181
26935	48183
26936	48184
26937	48186
26938	48189
26939	48191
26940	48192
26941	48193
26942	48194
26943	48196
26944	48199
26945	48201
26946	48202
26947	48204
26948	48207
26949	48209
26950	48210
26951	48212
26952	48215
26953	48217
26954	48218
26955	48219
26956	48220
26957	48222
26958	48225
26959	48227
26960	48228
26961	48230
26962	48233
26963	48235
26964	48236
26965	48238
26966	48241
26967	48243
26968	48244
26969	48245
26970	48246
26971	48247
26972	48248
26973	48249
26974	48250
26975	48252
26976	48253
26977	48255
26978	48258
26979	48260
26980	48261
26981	48263
26982	48266
26983	48268
26984	48269
26985	48271
26986	48273
26987	48275
26988	48275
26989	48276
26990	48278
26991	48281
26992	48283
26993	48284
26994	48286
26995	48289
26996	48291
26997	48292
26998	48294
26999	48297
27000	48299
27001	48300
27002	48301
27003	48302
27004	48304
27005	48307
27006	48309
27007	48310
27008	48312
27009	48315
27010	48317
27011	48318
27012	48320
27013	48323
27014	48325
27015	48326
27016	48327
27017	48328
27018	48330
27019	48333
27020	48335
27021	48336
27022	48338
27023	48341
27024	48343
27025	48344
27026	48346
27027	48349
27028	48351
27029	48352
27030	48353
27031	48353
27032	48354
27033	48356
27034	48359
27035	48361
27036	48362
27037	48364
27038	48367
27039	48369
27040	48370
27041	48372
27042	48375
27043	48377
27044	48378
27045	48379
27046	48380
27047	48381
27048	48382
27049	48384
27050	48384
27051	48387
27052	48389
27053	48390
27054	48392
27055	48395
27056	48397
27057	48398
27058	48400
27059	48403
27060	48405
27061	48406
27062	48407
27063	48408
27064	48410
27065	48413
27066	48415
27067	48416
27068	48418
27069	48421
27070	48423
27071	48424
27072	48426
27073	48429
27074	48431
27075	48432
27076	48433
27077	48434
27078	48436
27079	48439
27080	48441
27081	48442
27082	48444
27083	48447
27084	48449
27085	48450
27086	48452
27087	48455
27088	48457
27089	48458
27090	48459
27091	48460
27092	48461
27093	48462
27094	48464
27095	48464
27096	48467
27097	48469
27098	48470
27099	48472
27100	48475
27101	48477
27102	48478
27103	48480
27104	48483
27105	48485
27106	48486
27107	48487
27108	48488
27109	48490
27110	48493
27111	48495
27112	48496
27113	48498
27114	48501
27115	48503
27116	48504
27117	48506
27118	48509
27119	48511
27120	48512
27121	48513
27122	48514
27123	48515
27124	48516
27125	48518
27126	48518
27127	48521
27128	48523
27129	48524
27130	48526
27131	48529
27132	48531
27133	48532
27134	48534
27135	48537
27136	48539
27137	48540
27138	48541
27139	48542
27140	48544
27141	48547
27142	48549
27143	48550
27144	48552
27145	48555
27146	48557
27147	48558
27148	48560
27149	48563
27150	48565
27151	48566
27152	48567
27153	48568
27154	48569
27155	48570
27156	48571
27157	48572
27158	48574
27159	48575
27160	48577
27161	48580
27162	48582
27163	48583
27164	48585
27165	48588
27166	48590
27167	48591
27168	48593
27169	48595
27170	48597
27171	48598
27172	48600
27173	48601
27174	48603
27175	48606
27176	48608
27177	48609
27178	48611
27179	48614
27180	48616
27181	48617
27182	48619
27183	48621
27184	48623
27185	48623
27186	48624
27187	48626
27188	48629
27189	48631
27190	48632
27191	48634
27192	48637
27193	48639
27194	48640
27195	48642
27196	48645
27197	48647
27198	48648
27199	48649
27200	48650
27201	48652
27202	48655
27203	48657
27204	48658
27205	48660
27206	48663
27207	48665
27208	48666
27209	48668
27210	48671
27211	48673
27212	48674
27213	48675
27214	48676
27215	48678
27216	48681
27217	48683
27218	48684
27219	48686
27220	48688
27221	48690
27222	48691
27223	48693
27224	48694
27225	48696
27226	48699
27227	48701
27228	48702
27229	48704
27230	48707
27231	48709
27232	48710
27233	48712
27234	48714
27235	48716
27236	48716
27237	48717
27238	48718
27239	48719
27240	48721
27241	48722
27242	48724
27243	48725
27244	48727
27245	48730
27246	48732
27247	48733
27248	48735
27249	48738
27250	48740
27251	48741
27252	48743
27253	48746
27254	48748
27255	48749
27256	48750
27257	48751
27258	48753
27259	48756
27260	48758
27261	48759
27262	48761
27263	48764
27264	48766
27265	48767
27266	48769
27267	48772
27268	48774
27269	48775
27270	48776
27271	48777
27272	48779
27273	48782
27274	48784
27275	48785
27276	48787
27277	48790
27278	48792
27279	48793
27280	48795
27281	48798
27282	48800
27283	48801
27284	48802
27285	48803
27286	48804
27287	48805
27288	48807
27289	48808
27290	48810
27291	48811
27292	48813
27293	48816
27294	48818
27295	48819
27296	48821
27297	48824
27298	48826
27299	48827
27300	48829
27301	48831
27302	48833
27303	48833
27304	48834
27305	48836
27306	48838
27307	48840
27308	48841
27309	48843
27310	48844
27311	48845
27312	48846
27313	48848
27314	48851
27315	48853
27316	48854
27317	48856
27318	48859
27319	48861
27320	48862
27321	48864
27322	48867
27323	48869
27324	48870
27325	48871
27326	48872
27327	48874
27328	48877
27329	48879
27330	48880
27331	48882
27332	48885
27333	48887
27334	48888
27335	48890
27336	48893
27337	48895
27338	48896
27339	48897
27340	48898
27341	48900
27342	48903
27343	48905
27344	48906
27345	48908
27346	48911
27347	48913
27348	48914
27349	48916
27350	48919
27351	48921
27352	48922
27353	48923
27354	48923
27355	48924
27356	48926
27357	48929
27358	48931
27359	48932
27360	48934
27361	48937
27362	48939
27363	48940
27364	48942
27365	48945
27366	48947
27367	48948
27368	48949
27369	48950
27370	48952
27371	48955
27372	48957
27373	48958
27374	48960
27375	48963
27376	48965
27377	48966
27378	48968
27379	48971
27380	48973
27381	48974
27382	48975
27383	48976
27384	48978
27385	48981
27386	48983
27387	48984
27388	48986
27389	48989
27390	48991
27391	48992
27392	48994
27393	48997
27394	48999
27395	49000
27396	49001
27397	49002
27398	49003
27399	49004
27400	49006
27401	49007
27402	49009
27403	49010
27404	49012
27405	49015
27406	49017
27407	49018
27408	49020
27409	49023
27410	49025
27411	49026
27412	49028
27413	49030
27414	49032
27415	49033
27416	49035
27417	49036
27418	49038
27419	49041
27420	49043
27421	49044
27422	49046
27423	49049
27424	49051
27425	49052
27426	49054
27427	49056
27428	49058
27429	49059
27430	49061
27431	49062
27432	49064
27433	49067
27434	49069
27435	49070
27436	49072
27437	49075
27438	49077
27439	49078
27440	49080
27441	49081
27442	49083
27443	49084
27444	49086
27445	49087
27446	49089
27447	49090
27448	49092
27449	49095
27450	49097
27451	49098
27452	49100
27453	49103
27454	49105
27455	49106
27456	49108
27457	49111
27458	49113
27459	49114
27460	49115
27461	49116
27462	49118
27463	49121
27464	49123
27465	49124
27466	49126
27467	49129
27468	49131
27469	49132
27470	49134
27471	49137
27472	49139
27473	49140
27474	49141
27475	49142
27476	49144
27477	49147
27478	49149
27479	49150
27480	49152
27481	49155
27482	49157
27483	49158
27484	49160
27485	49163
27486	49165
27487	49166
27488	49167
27489	49168
27490	49169
27491	49170
27492	49171
27493	49172
27494	49174
27495	49175
27496	49177
27497	49180
27498	49182
27499	49183
27500	49185
27501	49188
27502	49190
27503	49191
27504	49193
27505	49195
27506	49197
27507	49198
27508	49200
27509	49201
27510	49203
27511	49206
27512	49208
27513	49209
27514	49211
27515	49214
27516	49216
27517	49217
27518	49219
27519	49221
27520	49223
27521	49223
27522	49224
27523	49226
27524	49229
27525	49231
27526	49232
27527	49234
27528	49237
27529	49239
27530	49240
27531	49242
27532	49245
27533	49247
27534	49248
27535	49249
27536	49250
27537	49252
27538	49255
27539	49257
27540	49258
27541	49260
27542	49263
27543	49265
27544	49266
27545	49268
27546	49271
27547	49273
27548	49274
27549	49275
27550	49276
27551	49277
27552	49278
27553	49280
27554	49281
27555	49283
27556	49284
27557	49286
27558	49289
27559	49291
27560	49292
27561	49294
27562	49297
27563	49299
27564	49300
27565	49302
27566	49304
27567	49306
27568	49307
27569	49309
27570	49310
27571	49312
27572	49315
27573	49317
27574	49318
27575	49320
27576	49323
27577	49325
27578	49326
27579	49328
27580	49330
27581	49332
27582	49333
27583	49335
27584	49336
27585	49338
27586	49341
27587	49343
27588	49344
27589	49346
27590	49349
27591	49351
27592	49352
27593	49354
27594	49355
27595	49357
27596	49358
27597	49360
27598	49361
27599	49363
27600	49364
27601	49366
27602	49369
27603	49371
27604	49372
27605	49374
27606	49377
27607	49379
27608	49380
27609	49382
27610	49385
27611	49387
27612	49388
27613	49389
27614	49390
27615	49392
27616	49395
27617	49397
27618	49398
27619	49400
27620	49403
27621	49405
27622	49406
27623	49408
27624	49411
27625	49413
27626	49414
27627	49415
27628	49416
27629	49418
27630	49421
27631	49423
27632	49424
27633	49426
27634	49429
27635	49431
27636	49432
27637	49434
27638	49437
27639	49439
27640	49440
27641	49441
27642	49442
27643	49443
27644	49444
27645	49446
27646	49447
27647	49449
27648	49450
27649	49452
27650	49455
27651	49457
27652	49458
27653	49460
27654	49462
27655	49464
27656	49464
27657	49465
27658	49467
27659	49470
27660	49472
27661	49473
27662	49475
27663	49478
27664	49480
27665	49481
27666	49483
27667	49486
27668	49488
27669	49489
27670	49490
27671	49491
27672	49493
27673	49496
27674	49498
27675	49499
27676	49501
27677	49504
27678	49506
27679	49507
27680	49509
27681	49512
27682	49514
27683	49515
27684	49516
27685	49517
27686	49519
27687	49522
27688	49524
27689	49525
27690	49527
27691	49530
27692	49532
27693	49533
27694	49535
27695	49538
27696	49540
27697	49541
27698	49542
27699	49542
27700	49543
27701	49545
27702	49548
27703	49550
27704	49551
27705	49553
27706	49556
27707	49558
27708	49559
27709	49561
27710	49564
27711	49566
27712	49567
27713	49568
27714	49569
27715	49571
27716	49574
27717	49576
27718	49577
27719	49579
27720	49582
27721	49584
27722	49585
27723	49587
27724	49590
27725	49592
27726	49593
27727	49594
27728	49595
27729	49596
27730	49597
27731	49599
27732	49599
27733	49602
27734	49604
27735	49605
27736	49607
27737	49610
27738	49612
27739	49613
27740	49615
27741	49618
27742	49620
27743	49621
27744	49622
27745	49623
27746	49625
27747	49628
27748	49630
27749	49631
27750	49633
27751	49636
27752	49638
27753	49639
27754	49641
27755	49644
27756	49646
27757	49647
27758	49648
27759	49649
27760	49651
27761	49654
27762	49656
27763	49657
27764	49659
27765	49662
27766	49664
27767	49665
27768	49667
27769	49670
27770	49672
27771	49673
27772	49674
27773	49675
27774	49676
27775	49677
27776	49679
27777	49680
27778	49682
27779	49683
27780	49685
27781	49688
27782	49690
27783	49691
27784	49693
27785	49696
27786	49698
27787	49699
27788	49701
27789	49703
27790	49705
27791	49706
27792	49708
27793	49709
27794	49711
27795	49714
27796	49716
27797	49717
27798	49719
27799	49722
27800	49724
27801	49725
27802	49727
27803	49729
27804	49731
27805	49732
27806	49734
27807	49735
27808	49737
27809	49740
27810	49742
27811	49743
27812	49745
27813	49748
27814	49750
27815	49751
27816	49753
27817	49754
27818	49756
27819	49757
27820	49759
27821	49760
27822	49762
27823	49763
27824	49765
27825	49768
27826	49770
27827	49771
27828	49773
27829	49776
27830	49778
27831	49779
27832	49781
27833	49784
27834	49786
27835	49787
27836	49788
27837	49789
27838	49791
27839	49794
27840	49796
27841	49797
27842	49799
27843	49802
27844	49804
27845	49805
27846	49807
27847	49810
27848	49812
27849	49813
27850	49814
27851	49815
27852	49817
27853	49820
27854	49822
27855	49823
27856	49825
27857	49828
27858	49830
27859	49831
27860	49833
27861	49836
27862	49838
27863	49839
27864	49840
27865	49841
27866	49842
27867	49843
27868	49845
27869	49846
27870	49848
27871	49849
27872	49851
27873	49854
27874	49856
27875	49857
27876	49859
27877	49862
27878	49864
27879	49865
27880	49867
27881	49869
27882	49871
27883	49871
27884	49872
27885	49873
27886	49874
27887	49876
27888	49877
27889	49879
27890	49880
27891	49882
27892	49885
27893	49887
27894	49888
27895	49890
27896	49893
27897	49895
27898	49896
27899	49898
27900	49901
27901	49903
27902	49904
27903	49905
27904	49906
27905	49908
27906	49911
27907	49913
27908	49914
27909	49916
27910	49919
27911	49921
27912	49922
27913	49924
27914	49927
27915	49929
27916	49930
27917	49931
27918	49932
27919	49934
27920	49937
27921	49939
27922	49940
27923	49942
27924	49945
27925	49947
27926	49948
27927	49950
27928	49953
27929	49955
27930	49956
27931	49957
27932	49958
27933	49959
27934	49960
27935	49962
27936	49962
27937	49965
27938	49967
27939	49968
27940	49970
27941	49973
27942	49975
27943	49976
27944	49978
27945	49981
27946	49983
27947	49984
27948	49985
27949	49986
27950	49988
27951	49991
27952	49993
27953	49994
27954	49996
27955	49999
27956	50001
27957	50002
27958	50004
27959	50007
27960	50009
27961	50010
27962	50011
27963	50012
27964	50014
27965	50017
27966	50019
27967	50020
27968	50022
27969	50025
27970	50027
27971	50028
27972	50030
27973	50033
27974	50035
27975	50036
27976	50037
27977	50038
27978	50039
27979	50040
27980	50042
27981	50043
27982	50045
27983	50046
27984	50048
27985	50051
27986	50053
27987	50054
27988	50056
27989	50059
27990	50061
27991	50062
27992	50064
27993	50066
27994	50068
27995	50069
27996	50071
27997	50072
27998	50074
27999	50077
28000	50079
28001	50080
28002	50082
28003	50085
28004	50087
28005	50088
28006	50090
28007	50092
28008	50094
28009	50095
28010	50097
28011	50098
28012	50100
28013	50103
28014	50105
28015	50106
28016	50108
28017	50111
28018	50113
28019	50114
28020	50116
28021	50117
28022	50119
28023	50120
28024	50122
28025	50123
28026	50125
28027	50126
28028	50128
28029	50131
28030	50133
28031	50134
28032	50136
28033	50139
28034	50141
28035	50142
28036	50144
28037	50147
28038	50149
28039	50150
28040	50151
28041	50152
28042	50154
28043	50157
28044	50159
28045	50160
28046	50162
28047	50165
28048	50167
28049	50168
28050	50170
28051	50173
28052	50175
28053	50176
28054	50177
28055	50178
28056	50180
28057	50183
28058	50185
28059	50186
28060	50188
28061	50191
28062	50193
28063	50194
28064	50196
28065	50199
28066	50201
28067	50202
28068	50203
28069	50204
28070	50205
28071	50206
28072	50207
28073	50208
28074	50210
28075	50211
28076	50213
28077	50216
28078	50218
28079	50219
28080	50221
28081	50224
28082	50226
28083	50227
28084	50229
28085	50231
28086	50233
28087	50234
28088	50236
28089	50237
28090	50239
28091	50242
28092	50244
28093	50245
28094	50247
28095	50250
28096	50252
28097	50253
28098	50255
28099	50257
28100	50259
28101	50259
28102	50260
28103	50262
28104	50265
28105	50267
28106	50268
28107	50270
28108	50273
28109	50275
28110	50276
28111	50278
28112	50281
28113	50283
28114	50284
28115	50285
28116	50286
28117	50288
28118	50291
28119	50293
28120	50294
28121	50296
28122	50299
28123	50301
28124	50302
28125	50304
28126	50307
28127	50309
28128	50310
28129	50311
28130	50312
28131	50314
28132	50317
28133	50319
28134	50320
28135	50322
28136	50325
28137	50327
28138	50328
28139	50330
28140	50333
28141	50335
28142	50336
28143	50337
28144	50337
28145	50338
28146	50340
28147	50343
28148	50345
28149	50346
28150	50348
28151	50351
28152	50353
28153	50354
28154	50356
28155	50359
28156	50361
28157	50362
28158	50363
28159	50364
28160	50366
28161	50369
28162	50371
28163	50372
28164	50374
28165	50377
28166	50379
28167	50380
28168	50382
28169	50385
28170	50387
28171	50388
28172	50389
28173	50390
28174	50392
28175	50395
28176	50397
28177	50398
28178	50400
28179	50403
28180	50405
28181	50406
28182	50408
28183	50411
28184	50413
28185	50414
28186	50415
28187	50416
28188	50417
28189	50418
28190	50419
28191	50419
28192	50420
28193	50421
28194	50422
28195	50424
28196	50427
28197	50429
28198	50430
28199	50432
28200	50434
28201	50436
28202	50437
28203	50439
28204	50442
28205	50444
28206	50445
28207	50446
28208	50447
28209	50448
28210	50449
28211	50451
28212	50452
28213	50454
28214	50455
28215	50457
28216	50460
28217	50462
28218	50463
28219	50465
28220	50468
28221	50470
28222	50471
28223	50473
28224	50474
28225	50476
28226	50477
28227	50479
28228	50480
28229	50482
28230	50483
28231	50485
28232	50488
28233	50490
28234	50491
28235	50493
28236	50496
28237	50498
28238	50499
28239	50501
28240	50504
28241	50506
28242	50507
28243	50508
28244	50509
28245	50511
28246	50514
28247	50516
28248	50517
28249	50519
28250	50522
28251	50524
28252	50525
28253	50527
28254	50530
28255	50532
28256	50533
28257	50534
28258	50535
28259	50537
28260	50540
28261	50542
28262	50543
28263	50545
28264	50548
28265	50550
28266	50551
28267	50553
28268	50556
28269	50558
28270	50559
28271	50560
28272	50561
28273	50562
28274	50563
28275	50565
28276	50566
28277	50568
28278	50569
28279	50571
28280	50574
28281	50576
28282	50577
28283	50579
28284	50582
28285	50584
28286	50585
28287	50587
28288	50589
28289	50591
28290	50591
28291	50592
28292	50594
28293	50597
28294	50599
28295	50600
28296	50602
28297	50604
28298	50606
28299	50607
28300	50609
28301	50610
28302	50612
28303	50615
28304	50617
28305	50618
28306	50620
28307	50623
28308	50625
28309	50626
28310	50628
28311	50630
28312	50632
28313	50632
28314	50633
28315	50635
28316	50638
28317	50640
28318	50641
28319	50643
28320	50646
28321	50648
28322	50649
28323	50651
28324	50654
28325	50656
28326	50657
28327	50658
28328	50659
28329	50661
28330	50664
28331	50666
28332	50667
28333	50669
28334	50672
28335	50674
28336	50675
28337	50677
28338	50680
28339	50682
28340	50683
28341	50684
28342	50685
28343	50687
28344	50690
28345	50692
28346	50693
28347	50695
28348	50698
28349	50700
28350	50701
28351	50703
28352	50706
28353	50708
28354	50709
28355	50710
28356	50710
28357	50711
28358	50713
28359	50716
28360	50718
28361	50719
28362	50721
28363	50724
28364	50726
28365	50727
28366	50729
28367	50732
28368	50734
28369	50735
28370	50736
28371	50737
28372	50739
28373	50742
28374	50744
28375	50745
28376	50747
28377	50750
28378	50752
28379	50753
28380	50755
28381	50758
28382	50760
28383	50761
28384	50762
28385	50763
28386	50765
28387	50768
28388	50770
28389	50771
28390	50773
28391	50776
28392	50778
28393	50779
28394	50781
28395	50784
28396	50786
28397	50787
28398	50788
28399	50789
28400	50790
28401	50791
28402	50793
28403	50793
28404	50796
28405	50798
28406	50799
28407	50801
28408	50804
28409	50806
28410	50807
28411	50809
28412	50812
28413	50814
28414	50815
28415	50816
28416	50817
28417	50819
28418	50822
28419	50824
28420	50825
28421	50827
28422	50830
28423	50832
28424	50833
28425	50835
28426	50838
28427	50840
28428	50841
28429	50842
28430	50843
28431	50845
28432	50848
28433	50850
28434	50851
28435	50853
28436	50856
28437	50858
28438	50859
28439	50861
28440	50864
28441	50866
28442	50867
28443	50868
28444	50869
28445	50870
28446	50871
28447	50873
28448	50873
28449	50876
28450	50878
28451	50879
28452	50881
28453	50884
28454	50886
28455	50887
28456	50889
28457	50892
28458	50894
28459	50895
28460	50896
28461	50897
28462	50899
28463	50902
28464	50904
28465	50905
28466	50907
28467	50910
28468	50912
28469	50913
28470	50915
28471	50918
28472	50920
28473	50921
28474	50922
28475	50923
28476	50925
28477	50928
28478	50930
28479	50931
28480	50933
28481	50936
28482	50938
28483	50939
28484	50941
28485	50944
28486	50946
28487	50947
28488	50948
28489	50949
28490	50950
28491	50950
28492	50951
28493	50953
28494	50956
28495	50958
28496	50959
28497	50961
28498	50964
28499	50966
28500	50967
28501	50969
28502	50972
28503	50974
28504	50975
28505	50976
28506	50977
28507	50979
28508	50982
28509	50984
28510	50985
28511	50987
28512	50990
28513	50992
28514	50993
28515	50995
28516	50998
28517	51000
28518	51001
28519	51002
28520	51003
28521	51005
28522	51008
28523	51010
28524	51011
28525	51013
28526	51016
28527	51018
28528	51019
28529	51021
28530	51024
28531	51026
28532	51027
28533	51028
28534	51029
28535	51030
28536	51031
28537	51033
28538	51034
28539	51036
28540	51037
28541	51039
28542	51042
28543	51044
28544	51045
28545	51047
28546	51050
28547	51052
28548	51053
28549	51055
28550	51057
28551	51059
28552	51060
28553	51062
28554	51063
28555	51065
28556	51068
28557	51070
28558	51071
28559	51073
28560	51076
28561	51078
28562	51079
28563	51081
28564	51083
28565	51085
28566	51086
28567	51088
28568	51089
28569	51091
28570	51094
28571	51096
28572	51097
28573	51099
28574	51102
28575	51104
28576	51105
28577	51107
28578	51108
28579	51110
28580	51111
28581	51113
28582	51114
28583	51116
28584	51117
28585	51119
28586	51122
28587	51124
28588	51125
28589	51127
28590	51130
28591	51132
28592	51133
28593	51135
28594	51138
28595	51140
28596	51141
28597	51142
28598	51143
28599	51145
28600	51147
28601	51149
28602	51150
28603	51152
28604	51153
28605	51155
28606	51158
28607	51160
28608	51161
28609	51163
28610	51166
28611	51168
28612	51169
28613	51171
28614	51174
28615	51176
28616	51177
28617	51178
28618	51179
28619	51181
28620	51184
28621	51186
28622	51187
28623	51189
28624	51192
28625	51194
28626	51195
28627	51197
28628	51200
28629	51202
28630	51203
28631	51204
28632	51205
28633	51207
28634	51210
28635	51212
28636	51213
28637	51215
28638	51218
28639	51220
28640	51221
28641	51223
28642	51226
28643	51228
28644	51229
28645	51230
28646	51231
28647	51232
28648	51233
28649	51234
28650	51234
28651	51235
28652	51237
28653	51240
28654	51242
28655	51243
28656	51245
28657	51248
28658	51250
28659	51251
28660	51253
28661	51256
28662	51258
28663	51259
28664	51260
28665	51261
28666	51263
28667	51266
28668	51268
28669	51269
28670	51271
28671	51274
28672	51276
28673	51277
28674	51279
28675	51282
28676	51284
28677	51285
28678	51286
28679	51287
28680	51289
28681	51292
28682	51294
28683	51295
28684	51297
28685	51300
28686	51302
28687	51303
28688	51305
28689	51308
28690	51310
28691	51311
28692	51312
28693	51313
28694	51314
28695	51315
28696	51316
28697	51317
28698	51319
28699	51320
28700	51322
28701	51325
28702	51327
28703	51328
28704	51330
28705	51333
28706	51335
28707	51336
28708	51338
28709	51340
28710	51342
28711	51343
28712	51345
28713	51346
28714	51348
28715	51350
28716	51352
28717	51353
28718	51355
28719	51356
28720	51358
28721	51361
28722	51363
28723	51364
28724	51366
28725	51369
28726	51371
28727	51372
28728	51374
28729	51376
28730	51378
28731	51378
28732	51378
28733	51380
28734	51380
28735	51381
28736	51383
28737	51383
28738	51386
28739	51388
28740	51389
28741	51391
28742	51394
28743	51396
28744	51397
28745	51399
28746	51402
28747	51404
28748	51405
28749	51406
28750	51407
28751	51409
28752	51412
28753	51414
28754	51415
28755	51417
28756	51420
28757	51422
28758	51423
28759	51425
28760	51428
28761	51430
28762	51431
28763	51432
28764	51433
28765	51434
28766	51435
28767	51437
28768	51438
28769	51440
28770	51441
28771	51443
28772	51446
28773	51448
28774	51449
28775	51451
28776	51454
28777	51456
28778	51457
28779	51459
28780	51461
28781	51463
28782	51464
28783	51466
28784	51467
28785	51469
28786	51472
28787	51474
28788	51475
28789	51477
28790	51480
28791	51482
28792	51483
28793	51485
28794	51487
28795	51489
28796	51490
28797	51492
28798	51493
28799	51495
28800	51498
28801	51500
28802	51501
28803	51503
28804	51506
28805	51508
28806	51509
28807	51511
28808	51512
28809	51514
28810	51515
28811	51517
28812	51518
28813	51520
28814	51521
28815	51523
28816	51526
28817	51528
28818	51529
28819	51531
28820	51534
28821	51536
28822	51537
28823	51539
28824	51542
28825	51544
28826	51545
28827	51546
28828	51547
28829	51549
28830	51552
28831	51554
28832	51555
28833	51557
28834	51560
28835	51562
28836	51563
28837	51565
28838	51568
28839	51570
28840	51571
28841	51572
28842	51573
28843	51575
28844	51578
28845	51580
28846	51581
28847	51583
28848	51586
28849	51588
28850	51589
28851	51591
28852	51594
28853	51596
28854	51597
28855	51598
28856	51599
28857	51600
28858	51601
28859	51602
28860	51603
28861	51605
28862	51606
28863	51608
28864	51611
28865	51613
28866	51614
28867	51616
28868	51619
28869	51621
28870	51622
28871	51624
28872	51626
28873	51628
28874	51629
28875	51631
28876	51632
28877	51634
28878	51637
28879	51639
28880	51640
28881	51642
28882	51645
28883	51647
28884	51648
28885	51650
28886	51652
28887	51654
28888	51654
28889	51655
28890	51657
28891	51660
28892	51662
28893	51663
28894	51665
28895	51668
28896	51670
28897	51671
28898	51673
28899	51676
28900	51678
28901	51679
28902	51680
28903	51681
28904	51683
28905	51686
28906	51688
28907	51689
28908	51691
28909	51694
28910	51696
28911	51697
28912	51699
28913	51702
28914	51704
28915	51705
28916	51706
28917	51707
28918	51709
28919	51712
28920	51714
28921	51715
28922	51717
28923	51720
28924	51722
28925	51723
28926	51725
28927	51728
28928	51730
28929	51731
28930	51732
28931	51732
28932	51733
28933	51735
28934	51738
28935	51740
28936	51741
28937	51743
28938	51746
28939	51748
28940	51749
28941	51751
28942	51754
28943	51756
28944	51757
28945	51758
28946	51759
28947	51761
28948	51764
28949	51766
28950	51767
28951	51769
28952	51772
28953	51774
28954	51775
28955	51777
28956	51780
28957	51782
28958	51783
28959	51784
28960	51785
28961	51786
28962	51787
28963	51789
28964	51790
28965	51792
28966	51793
28967	51795
28968	51798
28969	51800
28970	51801
28971	51803
28972	51806
28973	51808
28974	51809
28975	51811
28976	51813
28977	51815
28978	51816
28979	51818
28980	51819
28981	51821
28982	51824
28983	51826
28984	51827
28985	51829
28986	51832
28987	51834
28988	51835
28989	51837
28990	51839
28991	51841
28992	51842
28993	51844
28994	51845
28995	51847
28996	51850
28997	51852
28998	51853
28999	51855
29000	51858
29001	51860
29002	51861
29003	51863
29004	51864
29005	51866
29006	51867
29007	51869
29008	51870
29009	51872
29010	51873
29011	51874
29012	51875
29013	51877
29014	51880
29015	51882
29016	51883
29017	51885
29018	51888
29019	51890
29020	51891
29021	51893
29022	51896
29023	51898
29024	51899
29025	51900
29026	51901
29027	51902
29028	51903
29029	51905
29030	51905
29031	51908
29032	51910
29033	51911
29034	51913
29035	51916
29036	51918
29037	51919
29038	51921
29039	51924
29040	51926
29041	51927
29042	51928
29043	51929
29044	51931
29045	51934
29046	51936
29047	51937
29048	51939
29049	51942
29050	51944
29051	51945
29052	51947
29053	51950
29054	51952
29055	51953
29056	51954
29057	51955
29058	51956
29059	51957
29060	51959
29061	51960
29062	51962
29063	51963
29064	51965
29065	51968
29066	51970
29067	51971
29068	51973
29069	51976
29070	51978
29071	51979
29072	51981
29073	51983
29074	51985
29075	51986
29076	51988
29077	51989
29078	51991
29079	51994
29080	51996
29081	51997
29082	51999
29083	52002
29084	52004
29085	52005
29086	52007
29087	52009
29088	52011
29089	52012
29090	52014
29091	52015
29092	52017
29093	52020
29094	52022
29095	52023
29096	52025
29097	52028
29098	52030
29099	52031
29100	52033
29101	52034
29102	52036
29103	52037
29104	52039
29105	52040
29106	52042
29107	52043
29108	52045
29109	52048
29110	52050
29111	52051
29112	52053
29113	52056
29114	52058
29115	52059
29116	52061
29117	52064
29118	52066
29119	52067
29120	52068
29121	52069
29122	52071
29123	52074
29124	52076
29125	52077
29126	52079
29127	52082
29128	52084
29129	52085
29130	52087
29131	52090
29132	52092
29133	52093
29134	52094
29135	52095
29136	52097
29137	52100
29138	52102
29139	52103
29140	52105
29141	52108
29142	52110
29143	52111
29144	52113
29145	52116
29146	52118
29147	52119
29148	52120
29149	52121
29150	52122
29151	52123
29152	52125
29153	52125
29154	52128
29155	52130
29156	52131
29157	52133
29158	52136
29159	52138
29160	52139
29161	52141
29162	52144
29163	52146
29164	52147
29165	52148
29166	52149
29167	52151
29168	52154
29169	52156
29170	52157
29171	52159
29172	52162
29173	52164
29174	52165
29175	52167
29176	52170
29177	52172
29178	52173
29179	52174
29180	52175
29181	52176
29182	52177
29183	52178
29184	52179
29185	52181
29186	52182
29187	52184
29188	52187
29189	52189
29190	52190
29191	52192
29192	52195
29193	52197
29194	52198
29195	52200
29196	52202
29197	52204
29198	52204
29199	52205
29200	52206
29201	52207
29202	52209
29203	52210
29204	52212
29205	52213
29206	52215
29207	52218
29208	52220
29209	52221
29210	52223
29211	52226
29212	52228
29213	52229
29214	52231
29215	52234
29216	52236
29217	52237
29218	52238
29219	52239
29220	52241
29221	52244
29222	52246
29223	52247
29224	52249
29225	52252
29226	52254
29227	52255
29228	52257
29229	52260
29230	52262
29231	52263
29232	52264
29233	52265
29234	52267
29235	52269
29236	52271
29237	52272
29238	52274
29239	52275
29240	52277
29241	52280
29242	52282
29243	52283
29244	52285
29245	52288
29246	52290
29247	52291
29248	52293
29249	52296
29250	52298
29251	52299
29252	52300
29253	52301
29254	52303
29255	52306
29256	52308
29257	52309
29258	52311
29259	52313
29260	52315
29261	52316
29262	52318
29263	52319
29264	52321
29265	52324
29266	52326
29267	52327
29268	52329
29269	52332
29270	52334
29271	52335
29272	52337
29273	52339
29274	52341
29275	52341
29276	52342
29277	52344
29278	52347
29279	52349
29280	52350
29281	52352
29282	52355
29283	52357
29284	52358
29285	52360
29286	52363
29287	52365
29288	52366
29289	52367
29290	52368
29291	52370
29292	52373
29293	52375
29294	52376
29295	52378
29296	52381
29297	52383
29298	52384
29299	52386
29300	52389
29301	52391
29302	52392
29303	52393
29304	52394
29305	52395
29306	52396
29307	52398
29308	52398
29309	52401
29310	52403
29311	52404
29312	52406
29313	52409
29314	52411
29315	52412
29316	52414
29317	52417
29318	52419
29319	52420
29320	52421
29321	52422
29322	52424
29323	52427
29324	52429
29325	52430
29326	52432
29327	52435
29328	52437
29329	52438
29330	52440
29331	52443
29332	52445
29333	52446
29334	52447
29335	52448
29336	52449
29337	52450
29338	52452
29339	52453
29340	52455
29341	52456
29342	52458
29343	52461
29344	52463
29345	52464
29346	52466
29347	52469
29348	52471
29349	52472
29350	52474
29351	52476
29352	52478
29353	52479
29354	52481
29355	52482
29356	52484
29357	52487
29358	52489
29359	52490
29360	52492
29361	52495
29362	52497
29363	52498
29364	52500
29365	52502
29366	52504
29367	52505
29368	52507
29369	52508
29370	52510
29371	52513
29372	52515
29373	52516
29374	52518
29375	52521
29376	52523
29377	52524
29378	52526
29379	52527
29380	52529
29381	52529
29382	52530
29383	52531
29384	52532
29385	52534
29386	52535
29387	52537
29388	52540
29389	52542
29390	52543
29391	52545
29392	52548
29393	52550
29394	52551
29395	52553
29396	52555
29397	52557
29398	52558
29399	52560
29400	52561
29401	52563
29402	52566
29403	52568
29404	52569
29405	52571
29406	52574
29407	52576
29408	52577
29409	52579
29410	52581
29411	52583
29412	52583
29413	52584
29414	52586
29415	52589
29416	52591
29417	52592
29418	52594
29419	52597
29420	52599
29421	52600
29422	52602
29423	52605
29424	52607
29425	52608
29426	52609
29427	52610
29428	52612
29429	52615
29430	52617
29431	52618
29432	52620
29433	52623
29434	52625
29435	52626
29436	52628
29437	52631
29438	52633
29439	52634
29440	52635
29441	52636
29442	52638
29443	52641
29444	52643
29445	52644
29446	52646
29447	52649
29448	52651
29449	52652
29450	52654
29451	52657
29452	52659
29453	52660
29454	52661
29455	52661
29456	52662
29457	52664
29458	52667
29459	52669
29460	52670
29461	52672
29462	52675
29463	52677
29464	52678
29465	52680
29466	52683
29467	52685
29468	52686
29469	52687
29470	52688
29471	52690
29472	52693
29473	52695
29474	52696
29475	52698
29476	52701
29477	52703
29478	52704
29479	52706
29480	52709
29481	52711
29482	52712
29483	52713
29484	52714
29485	52716
29486	52719
29487	52721
29488	52722
29489	52724
29490	52727
29491	52729
29492	52730
29493	52732
29494	52735
29495	52737
29496	52738
29497	52739
29498	52740
29499	52741
29500	52742
29501	52744
29502	52744
29503	52747
29504	52749
29505	52750
29506	52752
29507	52755
29508	52757
29509	52758
29510	52760
29511	52763
29512	52765
29513	52766
29514	52767
29515	52768
29516	52770
29517	52773
29518	52775
29519	52776
29520	52778
29521	52781
29522	52783
29523	52784
29524	52786
29525	52789
29526	52791
29527	52792
29528	52793
29529	52794
29530	52796
29531	52799
29532	52801
29533	52802
29534	52804
29535	52807
29536	52809
29537	52810
29538	52812
29539	52815
29540	52817
29541	52818
29542	52819
29543	52820
29544	52821
29545	52822
29546	52824
29547	52825
29548	52827
29549	52828
29550	52830
29551	52833
29552	52835
29553	52836
29554	52838
29555	52841
29556	52843
29557	52844
29558	52846
29559	52848
29560	52850
29561	52850
29562	52851
29563	52853
29564	52856
29565	52858
29566	52859
29567	52861
29568	52864
29569	52866
29570	52867
29571	52869
29572	52872
29573	52874
29574	52875
29575	52876
29576	52877
29577	52878
29578	52879
29579	52881
29580	52882
29581	52884
29582	52885
29583	52887
29584	52890
29585	52892
29586	52893
29587	52895
29588	52898
29589	52900
29590	52901
29591	52903
29592	52905
29593	52907
29594	52907
29595	52908
29596	52910
29597	52913
29598	52915
29599	52916
29600	52918
29601	52921
29602	52923
29603	52924
29604	52926
29605	52929
29606	52931
29607	52932
29608	52933
29609	52934
29610	52936
29611	52938
29612	52940
29613	52941
29614	52943
29615	52944
29616	52946
29617	52949
29618	52951
29619	52952
29620	52954
29621	52957
29622	52959
29623	52960
29624	52962
29625	52965
29626	52967
29627	52968
29628	52969
29629	52970
29630	52971
29631	52972
29632	52973
29633	52973
29634	52974
29635	52976
29636	52979
29637	52981
29638	52982
29639	52984
29640	52987
29641	52989
29642	52990
29643	52992
29644	52995
29645	52997
29646	52998
29647	52999
29648	53000
29649	53002
29650	53005
29651	53007
29652	53008
29653	53010
29654	53013
29655	53015
29656	53016
29657	53018
29658	53021
29659	53023
29660	53024
29661	53025
29662	53026
29663	53027
29664	53028
29665	53029
29666	53030
29667	53032
29668	53033
29669	53035
29670	53038
29671	53040
29672	53041
29673	53043
29674	53046
29675	53048
29676	53049
29677	53051
29678	53053
29679	53055
29680	53056
29681	53058
29682	53059
29683	53061
29684	53064
29685	53066
29686	53067
29687	53069
29688	53072
29689	53074
29690	53075
29691	53077
29692	53079
29693	53081
29694	53081
29695	53082
29696	53084
29697	53087
29698	53089
29699	53090
29700	53092
29701	53095
29702	53097
29703	53098
29704	53100
29705	53103
29706	53105
29707	53106
29708	53107
29709	53108
29710	53110
29711	53113
29712	53115
29713	53116
29714	53118
29715	53121
29716	53123
29717	53124
29718	53126
29719	53129
29720	53131
29721	53132
29722	53133
29723	53134
29724	53136
29725	53139
29726	53141
29727	53142
29728	53144
29729	53147
29730	53149
29731	53150
29732	53152
29733	53155
29734	53157
29735	53158
29736	53159
29737	53159
29738	53160
29739	53162
29740	53165
29741	53167
29742	53168
29743	53170
29744	53173
29745	53175
29746	53176
29747	53178
29748	53181
29749	53183
29750	53184
29751	53185
29752	53186
29753	53187
29754	53188
29755	53190
29756	53190
29757	53193
29758	53195
29759	53196
29760	53198
29761	53201
29762	53203
29763	53204
29764	53206
29765	53209
29766	53211
29767	53212
29768	53213
29769	53214
29770	53216
29771	53219
29772	53221
29773	53222
29774	53224
29775	53227
29776	53229
29777	53230
29778	53232
29779	53235
29780	53237
29781	53238
29782	53239
29783	53240
29784	53241
29785	53242
29786	53244
29787	53245
29788	53247
29789	53248
29790	53250
29791	53252
29792	53254
29793	53255
29794	53257
29795	53258
29796	53260
29797	53263
29798	53265
29799	53266
29800	53268
29801	53271
29802	53273
29803	53274
29804	53276
29805	53278
29806	53280
29807	53280
29808	53281
29809	53283
29810	53286
29811	53288
29812	53289
29813	53291
29814	53294
29815	53296
29816	53297
29817	53299
29818	53302
29819	53304
29820	53305
29821	53306
29822	53307
29823	53309
29824	53312
29825	53314
29826	53315
29827	53317
29828	53320
29829	53322
29830	53323
29831	53325
29832	53328
29833	53330
29834	53331
29835	53332
29836	53333
29837	53335
29838	53338
29839	53340
29840	53341
29841	53343
29842	53346
29843	53348
29844	53349
29845	53351
29846	53354
29847	53356
29848	53357
29849	53358
29850	53358
29851	53359
29852	53361
29853	53364
29854	53366
29855	53367
29856	53369
29857	53372
29858	53374
29859	53375
29860	53377
29861	53380
29862	53382
29863	53383
29864	53384
29865	53385
29866	53386
29867	53387
29868	53389
29869	53390
29870	53392
29871	53393
29872	53395
29873	53398
29874	53400
29875	53401
29876	53403
29877	53406
29878	53408
29879	53409
29880	53411
29881	53413
29882	53415
29883	53415
29884	53416
29885	53417
29886	53418
29887	53420
29888	53421
29889	53423
29890	53424
29891	53425
29892	53426
29893	53428
29894	53431
29895	53433
29896	53434
29897	53436
29898	53439
29899	53441
29900	53442
29901	53444
29902	53447
29903	53449
29904	53450
29905	53451
29906	53452
29907	53453
29908	53454
29909	53456
29910	53457
29911	53459
29912	53460
29913	53462
29914	53465
29915	53467
29916	53468
29917	53470
29918	53473
29919	53475
29920	53476
29921	53478
29922	53480
29923	53482
29924	53482
29925	53483
29926	53485
29927	53488
29928	53490
29929	53491
29930	53493
29931	53496
29932	53498
29933	53499
29934	53501
29935	53504
29936	53506
29937	53507
29938	53508
29939	53509
29940	53511
29941	53514
29942	53516
29943	53517
29944	53519
29945	53522
29946	53524
29947	53525
29948	53527
29949	53530
29950	53532
29951	53533
29952	53534
29953	53535
29954	53537
29955	53540
29956	53542
29957	53543
29958	53545
29959	53548
29960	53550
29961	53551
29962	53553
29963	53556
29964	53558
29965	53559
29966	53560
29967	53560
29968	53561
29969	53563
29970	53566
29971	53568
29972	53569
29973	53571
29974	53574
29975	53576
29976	53577
29977	53579
29978	53582
29979	53584
29980	53585
29981	53586
29982	53587
29983	53588
29984	53589
29985	53590
29986	53591
29987	53593
29988	53594
29989	53596
29990	53599
29991	53601
29992	53602
29993	53604
29994	53607
29995	53609
29996	53610
29997	53612
29998	53614
29999	53616
30000	53617
30001	53619
30002	53620
30003	53622
30004	53625
30005	53627
30006	53628
30007	53630
30008	53633
30009	53635
30010	53636
30011	53638
30012	53640
30013	53642
30014	53642
30015	53643
30016	53645
30017	53648
30018	53650
30019	53651
30020	53653
30021	53656
30022	53658
30023	53659
30024	53661
30025	53664
30026	53666
30027	53667
30028	53668
30029	53669
30030	53671
30031	53674
30032	53676
30033	53677
30034	53679
30035	53682
30036	53684
30037	53685
30038	53687
30039	53690
30040	53692
30041	53693
30042	53694
30043	53695
30044	53697
30045	53700
30046	53702
30047	53703
30048	53705
30049	53708
30050	53710
30051	53711
30052	53713
30053	53716
30054	53718
30055	53719
30056	53720
30057	53720
30058	53721
30059	53723
30060	53726
30061	53728
30062	53729
30063	53731
30064	53734
30065	53736
30066	53737
30067	53739
30068	53742
30069	53744
30070	53745
30071	53746
30072	53747
30073	53749
30074	53752
30075	53754
30076	53755
30077	53757
30078	53760
30079	53762
30080	53763
30081	53765
30082	53768
30083	53770
30084	53771
30085	53772
30086	53773
30087	53775
30088	53778
30089	53780
30090	53781
30091	53783
30092	53786
30093	53788
30094	53789
30095	53791
30096	53794
30097	53796
30098	53797
30099	53798
30100	53799
30101	53800
30102	53801
30103	53803
30104	53804
30105	53806
30106	53807
30107	53809
30108	53812
30109	53814
30110	53815
30111	53817
30112	53820
30113	53822
30114	53823
30115	53825
30116	53827
30117	53829
30118	53830
30119	53832
30120	53833
30121	53835
30122	53838
30123	53840
30124	53841
30125	53843
30126	53846
30127	53848
30128	53849
30129	53851
30130	53853
30131	53855
30132	53856
30133	53858
30134	53859
30135	53861
30136	53864
30137	53866
30138	53867
30139	53869
30140	53872
30141	53874
30142	53875
30143	53877
30144	53878
30145	53880
30146	53881
30147	53883
30148	53884
30149	53886
30150	53887
30151	53889
30152	53892
30153	53894
30154	53895
30155	53897
30156	53900
30157	53902
30158	53903
30159	53905
30160	53908
30161	53910
30162	53911
30163	53912
30164	53913
30165	53915
30166	53918
30167	53920
30168	53921
30169	53923
30170	53926
30171	53928
30172	53929
30173	53931
30174	53934
30175	53936
30176	53937
30177	53938
30178	53939
30179	53941
30180	53944
30181	53946
30182	53947
30183	53949
30184	53952
30185	53954
30186	53955
30187	53957
30188	53960
30189	53962
30190	53963
30191	53964
30192	53965
30193	53966
30194	53967
30195	53969
30196	53970
30197	53972
30198	53973
30199	53975
30200	53978
30201	53980
30202	53981
30203	53983
30204	53986
30205	53988
30206	53989
30207	53991
30208	53993
30209	53995
30210	53996
30211	53998
30212	53999
30213	54001
30214	54004
30215	54006
30216	54007
30217	54009
30218	54012
30219	54014
30220	54015
30221	54017
30222	54019
30223	54021
30224	54022
30225	54024
30226	54025
30227	54027
30228	54030
30229	54032
30230	54033
30231	54035
30232	54038
30233	54040
30234	54041
30235	54043
30236	54044
30237	54046
30238	54047
30239	54049
30240	54050
30241	54052
30242	54053
30243	54054
30244	54055
30245	54056
30246	54056
30247	54059
30248	54061
30249	54062
30250	54064
30251	54065
30252	54067
30253	54070
30254	54072
30255	54073
30256	54075
30257	54078
30258	54080
30259	54081
30260	54083
30261	54086
30262	54088
30263	54089
30264	54090
30265	54091
30266	54093
30267	54096
30268	54098
30269	54099
30270	54101
30271	54104
30272	54106
30273	54107
30274	54109
30275	54112
30276	54114
30277	54115
30278	54116
30279	54117
30280	54119
30281	54122
30282	54124
30283	54125
30284	54127
30285	54130
30286	54132
30287	54133
30288	54135
30289	54138
30290	54140
30291	54141
30292	54142
30293	54143
30294	54144
30295	54145
30296	54147
30297	54147
30298	54150
30299	54152
30300	54153
30301	54155
30302	54158
30303	54160
30304	54161
30305	54163
30306	54166
30307	54168
30308	54169
30309	54170
30310	54171
30311	54172
30312	54173
30313	54175
30314	54175
30315	54178
30316	54180
30317	54181
30318	54183
30319	54186
30320	54188
30321	54189
30322	54191
30323	54194
30324	54196
30325	54197
30326	54198
30327	54199
30328	54200
30329	54201
30330	54202
30331	54203
30332	54205
30333	54206
30334	54208
30335	54211
30336	54213
30337	54214
30338	54216
30339	54219
30340	54221
30341	54222
30342	54224
30343	54226
30344	54228
30345	54228
30346	54229
30347	54230
30348	54231
30349	54233
30350	54234
30351	54236
30352	54237
30353	54238
30354	54239
30355	54240
30356	54241
30357	54243
30358	54244
30359	54246
30360	54247
30361	54249
30362	54252
30363	54254
30364	54255
30365	54257
30366	54260
30367	54262
30368	54263
30369	54265
30370	54268
30371	54270
30372	54271
30373	54272
30374	54273
30375	54274
30376	54275
30377	54277
30378	54277
30379	54280
30380	54282
30381	54283
30382	54285
30383	54288
30384	54290
30385	54291
30386	54293
30387	54296
30388	54298
30389	54299
30390	54300
30391	54301
30392	54303
30393	54306
30394	54308
30395	54309
30396	54311
30397	54314
30398	54316
30399	54317
30400	54319
30401	54322
30402	54324
30403	54325
30404	54326
30405	54327
30406	54329
30407	54332
30408	54334
30409	54335
30410	54337
30411	54340
30412	54342
30413	54343
30414	54345
30415	54348
30416	54350
30417	54351
30418	54352
30419	54353
30420	54354
30421	54355
30422	54357
30423	54358
30424	54360
30425	54361
30426	54363
30427	54366
30428	54368
30429	54369
30430	54371
30431	54374
30432	54376
30433	54377
30434	54379
30435	54381
30436	54383
30437	54384
30438	54386
30439	54387
30440	54389
30441	54392
30442	54394
30443	54395
30444	54397
30445	54400
30446	54402
30447	54403
30448	54405
30449	54407
30450	54409
30451	54410
30452	54412
30453	54413
30454	54415
30455	54418
30456	54420
30457	54421
30458	54423
30459	54426
30460	54428
30461	54429
30462	54431
30463	54432
30464	54434
30465	54435
30466	54437
30467	54438
30468	54440
30469	54441
30470	54442
30471	54443
30472	54445
30473	54448
30474	54450
30475	54451
30476	54453
30477	54456
30478	54458
30479	54459
30480	54461
30481	54464
30482	54466
30483	54467
30484	54468
30485	54469
30486	54471
30487	54474
30488	54476
30489	54477
30490	54479
30491	54482
30492	54484
30493	54485
30494	54487
30495	54490
30496	54492
30497	54493
30498	54494
30499	54495
30500	54497
30501	54500
30502	54502
30503	54503
30504	54505
30505	54508
30506	54510
30507	54511
30508	54513
30509	54516
30510	54518
30511	54519
30512	54520
30513	54520
30514	54521
30515	54522
30516	54523
30517	54525
30518	54528
30519	54530
30520	54531
30521	54533
30522	54536
30523	54538
30524	54539
30525	54541
30526	54544
30527	54546
30528	54547
30529	54548
30530	54549
30531	54551
30532	54554
30533	54556
30534	54557
30535	54559
30536	54562
30537	54564
30538	54565
30539	54567
30540	54570
30541	54572
30542	54573
30543	54574
30544	54575
30545	54577
30546	54580
30547	54582
30548	54583
30549	54585
30550	54588
30551	54590
30552	54591
30553	54593
30554	54596
30555	54598
30556	54599
30557	54600
30558	54600
30559	54601
30560	54603
30561	54606
30562	54608
30563	54609
30564	54611
30565	54614
30566	54616
30567	54617
30568	54619
30569	54622
30570	54624
30571	54625
30572	54626
30573	54627
30574	54628
30575	54628
30576	54629
30577	54631
30578	54634
30579	54636
30580	54637
30581	54639
30582	54642
30583	54644
30584	54645
30585	54647
30586	54650
30587	54652
30588	54653
30589	54654
30590	54655
30591	54657
30592	54660
30593	54662
30594	54663
30595	54665
30596	54668
30597	54670
30598	54671
30599	54673
30600	54676
30601	54678
30602	54679
30603	54680
30604	54681
30605	54683
30606	54686
30607	54688
30608	54689
30609	54691
30610	54694
30611	54696
30612	54697
30613	54699
30614	54702
30615	54704
30616	54705
30617	54706
30618	54707
30619	54708
30620	54709
30621	54711
30622	54712
30623	54714
30624	54715
30625	54717
30626	54720
30627	54722
30628	54723
30629	54725
30630	54728
30631	54730
30632	54731
30633	54733
30634	54735
30635	54737
30636	54738
30637	54740
30638	54741
30639	54743
30640	54746
30641	54748
30642	54749
30643	54751
30644	54754
30645	54756
30646	54757
30647	54759
30648	54761
30649	54763
30650	54764
30651	54766
30652	54767
30653	54769
30654	54772
30655	54774
30656	54775
30657	54777
30658	54780
30659	54782
30660	54783
30661	54785
30662	54786
30663	54788
30664	54789
30665	54791
30666	54792
30667	54794
30668	54795
30669	54796
30670	54797
30671	54799
30672	54802
30673	54804
30674	54805
30675	54807
30676	54810
30677	54812
30678	54813
30679	54815
30680	54818
30681	54820
30682	54821
30683	54822
30684	54823
30685	54825
30686	54828
30687	54830
30688	54831
30689	54833
30690	54836
30691	54838
30692	54839
30693	54841
30694	54844
30695	54846
30696	54847
30697	54848
30698	54849
30699	54851
30700	54854
30701	54856
30702	54857
30703	54859
30704	54862
30705	54864
30706	54865
30707	54867
30708	54870
30709	54872
30710	54873
30711	54874
30712	54874
30713	54875
30714	54877
30715	54880
30716	54882
30717	54883
30718	54885
30719	54888
30720	54890
30721	54891
30722	54893
30723	54896
30724	54898
30725	54899
30726	54900
30727	54901
30728	54903
30729	54906
30730	54908
30731	54909
30732	54911
30733	54914
30734	54916
30735	54917
30736	54919
30737	54922
30738	54924
30739	54925
30740	54926
30741	54927
30742	54928
30743	54929
30744	54931
30745	54932
30746	54934
30747	54935
30748	54937
30749	54940
30750	54942
30751	54943
30752	54945
30753	54948
30754	54950
30755	54951
30756	54953
30757	54955
30758	54957
30759	54957
30760	54958
30761	54959
30762	54960
30763	54962
30764	54963
30765	54965
30766	54966
30767	54968
30768	54971
30769	54973
30770	54974
30771	54976
30772	54979
30773	54981
30774	54982
30775	54984
30776	54987
30777	54989
30778	54990
30779	54991
30780	54992
30781	54994
30782	54997
30783	54999
30784	55000
30785	55002
30786	55005
30787	55007
30788	55008
30789	55010
30790	55013
30791	55015
30792	55016
30793	55017
30794	55018
30795	55020
30796	55023
30797	55025
30798	55026
30799	55028
30800	55031
30801	55033
30802	55034
30803	55036
30804	55039
30805	55041
30806	55042
30807	55043
30808	55044
30809	55045
30810	55046
30811	55048
30812	55048
30813	55051
30814	55053
30815	55054
30816	55056
30817	55059
30818	55061
30819	55062
30820	55064
30821	55067
30822	55069
30823	55070
30824	55071
30825	55072
30826	55074
30827	55077
30828	55079
30829	55080
30830	55082
30831	55085
30832	55087
30833	55088
30834	55090
30835	55093
30836	55095
30837	55096
30838	55097
30839	55098
30840	55099
30841	55100
30842	55101
30843	55101
30844	55102
30845	55104
30846	55107
30847	55109
30848	55110
30849	55112
30850	55115
30851	55117
30852	55118
30853	55120
30854	55123
30855	55125
30856	55126
30857	55127
30858	55128
30859	55130
30860	55133
30861	55135
30862	55136
30863	55138
30864	55141
30865	55143
30866	55144
30867	55146
30868	55149
30869	55151
30870	55152
30871	55153
30872	55154
30873	55156
30874	55159
30875	55161
30876	55162
30877	55164
30878	55167
30879	55169
30880	55170
30881	55172
30882	55175
30883	55177
30884	55178
30885	55179
30886	55180
30887	55181
30888	55182
30889	55183
30890	55183
30891	55184
30892	55186
30893	55189
30894	55191
30895	55192
30896	55194
30897	55197
30898	55199
30899	55200
30900	55202
30901	55205
30902	55207
30903	55208
30904	55209
30905	55210
30906	55212
30907	55215
30908	55217
30909	55218
30910	55220
30911	55223
30912	55225
30913	55226
30914	55228
30915	55231
30916	55233
30917	55234
30918	55235
30919	55236
30920	55238
30921	55241
30922	55243
30923	55244
30924	55246
30925	55249
30926	55251
30927	55252
30928	55254
30929	55257
30930	55259
30931	55260
30932	55261
30933	55262
30934	55263
30935	55264
30936	55265
30937	55266
30938	55268
30939	55269
30940	55271
30941	55274
30942	55276
30943	55277
30944	55279
30945	55282
30946	55284
30947	55285
30948	55287
30949	55289
30950	55291
30951	55291
30952	55292
30953	55294
30954	55297
30955	55299
30956	55300
30957	55302
30958	55305
30959	55307
30960	55308
30961	55310
30962	55313
30963	55315
30964	55316
30965	55317
30966	55318
30967	55320
30968	55323
30969	55325
30970	55326
30971	55328
30972	55331
30973	55333
30974	55334
30975	55336
30976	55339
30977	55341
30978	55342
30979	55343
30980	55344
30981	55346
30982	55349
30983	55351
30984	55352
30985	55354
30986	55357
30987	55359
30988	55360
30989	55362
30990	55365
30991	55367
30992	55368
30993	55369
30994	55369
30995	55370
30996	55371
30997	55372
30998	55374
30999	55377
31000	55379
31001	55380
31002	55382
31003	55385
31004	55387
31005	55388
31006	55390
31007	55393
31008	55395
31009	55396
31010	55397
31011	55398
31012	55400
31013	55403
31014	55405
31015	55406
31016	55408
31017	55411
31018	55413
31019	55414
31020	55416
31021	55419
31022	55421
31023	55422
31024	55423
31025	55424
31026	55425
31027	55426
31028	55427
31029	55428
31030	55430
31031	55431
31032	55433
31033	55436
31034	55438
31035	55439
31036	55441
31037	55444
31038	55446
31039	55447
31040	55449
31041	55451
31042	55453
31043	55454
31044	55456
31045	55457
31046	55459
31047	55462
31048	55464
31049	55465
31050	55467
31051	55470
31052	55472
31053	55473
31054	55475
31055	55477
31056	55479
31057	55479
31058	55480
31059	55482
31060	55485
31061	55487
31062	55488
31063	55490
31064	55493
31065	55495
31066	55496
31067	55498
31068	55501
31069	55503
31070	55504
31071	55505
31072	55506
31073	55507
31074	55508
31075	55510
31076	55511
31077	55513
31078	55514
31079	55516
31080	55519
31081	55521
31082	55522
31083	55524
31084	55527
31085	55529
31086	55530
31087	55532
31088	55534
31089	55536
31090	55537
31091	55539
31092	55540
31093	55542
31094	55545
31095	55547
31096	55548
31097	55550
31098	55552
31099	55554
31100	55555
31101	55557
31102	55558
31103	55560
31104	55563
31105	55565
31106	55566
31107	55568
31108	55571
31109	55573
31110	55574
31111	55576
31112	55578
31113	55580
31114	55580
31115	55581
31116	55583
31117	55586
31118	55588
31119	55589
31120	55591
31121	55594
31122	55596
31123	55597
31124	55599
31125	55602
31126	55604
31127	55605
31128	55606
31129	55607
31130	55609
31131	55612
31132	55614
31133	55615
31134	55617
31135	55620
31136	55622
31137	55623
31138	55625
31139	55628
31140	55630
31141	55631
31142	55632
31143	55633
31144	55635
31145	55638
31146	55640
31147	55641
31148	55643
31149	55646
31150	55648
31151	55649
31152	55651
31153	55654
31154	55656
31155	55657
31156	55658
31157	55658
31158	55659
31159	55661
31160	55664
31161	55666
31162	55667
31163	55669
31164	55672
31165	55674
31166	55675
31167	55677
31168	55680
31169	55682
31170	55683
31171	55684
31172	55685
31173	55687
31174	55690
31175	55692
31176	55693
31177	55695
31178	55698
31179	55700
31180	55701
31181	55703
31182	55706
31183	55708
31184	55709
31185	55710
31186	55711
31187	55712
31188	55713
31189	55715
31190	55716
31191	55718
31192	55719
31193	55721
31194	55724
31195	55726
31196	55727
31197	55729
31198	55732
31199	55734
31200	55735
31201	55737
31202	55739
31203	55741
31204	55741
31205	55742
31206	55744
31207	55747
31208	55749
31209	55750
31210	55752
31211	55755
31212	55757
31213	55758
31214	55760
31215	55763
31216	55765
31217	55766
31218	55767
31219	55768
31220	55770
31221	55773
31222	55775
31223	55776
31224	55778
31225	55781
31226	55783
31227	55784
31228	55786
31229	55789
31230	55791
31231	55792
31232	55793
31233	55794
31234	55796
31235	55799
31236	55801
31237	55802
31238	55804
31239	55807
31240	55809
31241	55810
31242	55812
31243	55815
31244	55817
31245	55818
31246	55819
31247	55819
31248	55820
31249	55821
31250	55822
31251	55824
31252	55827
31253	55829
31254	55830
31255	55832
31256	55835
31257	55837
31258	55838
31259	55840
31260	55843
31261	55845
31262	55846
31263	55847
31264	55848
31265	55849
31266	55850
31267	55851
31268	55851
31269	55852
31270	55853
31271	55854
31272	55856
31273	55859
31274	55861
31275	55862
31276	55864
31277	55867
31278	55869
31279	55870
31280	55872
31281	55875
31282	55877
31283	55878
31284	55879
31285	55880
31286	55881
31287	55882
31288	55884
31289	55885
31290	55887
31291	55888
31292	55890
31293	55893
31294	55895
31295	55896
31296	55898
31297	55901
31298	55903
31299	55904
31300	55906
31301	55908
31302	55910
31303	55911
31304	55913
31305	55914
31306	55916
31307	55919
31308	55921
31309	55922
31310	55924
31311	55927
31312	55929
31313	55930
31314	55932
31315	55934
31316	55936
31317	55937
31318	55939
31319	55940
31320	55942
31321	55945
31322	55947
31323	55948
31324	55950
31325	55953
31326	55955
31327	55956
31328	55958
31329	55959
31330	55961
31331	55962
31332	55964
31333	55965
31334	55967
31335	55968
31336	55970
31337	55973
31338	55975
31339	55976
31340	55978
31341	55981
31342	55983
31343	55984
31344	55986
31345	55989
31346	55991
31347	55992
31348	55993
31349	55994
31350	55996
31351	55999
31352	56001
31353	56002
31354	56004
31355	56007
31356	56009
31357	56010
31358	56012
31359	56015
31360	56017
31361	56018
31362	56019
31363	56020
31364	56022
31365	56025
31366	56027
31367	56028
31368	56030
31369	56033
31370	56035
31371	56036
31372	56038
31373	56041
31374	56043
31375	56044
31376	56045
31377	56046
31378	56047
31379	56047
31380	56048
31381	56050
31382	56053
31383	56055
31384	56056
31385	56058
31386	56061
31387	56063
31388	56064
31389	56066
31390	56069
31391	56071
31392	56072
31393	56073
31394	56074
31395	56076
31396	56079
31397	56081
31398	56082
31399	56084
31400	56087
31401	56089
31402	56090
31403	56092
31404	56095
31405	56097
31406	56098
31407	56099
31408	56100
31409	56102
31410	56105
31411	56107
31412	56108
31413	56110
31414	56113
31415	56115
31416	56116
31417	56118
31418	56121
31419	56123
31420	56124
31421	56125
31422	56126
31423	56127
31424	56128
31425	56130
31426	56131
31427	56133
31428	56134
31429	56136
31430	56139
31431	56141
31432	56142
31433	56144
31434	56147
31435	56149
31436	56150
31437	56152
31438	56154
31439	56156
31440	56157
31441	56159
31442	56160
31443	56162
31444	56165
31445	56167
31446	56168
31447	56170
31448	56173
31449	56175
31450	56176
31451	56178
31452	56180
31453	56182
31454	56183
31455	56185
31456	56186
31457	56188
31458	56191
31459	56193
31460	56194
31461	56196
31462	56199
31463	56201
31464	56202
31465	56204
31466	56205
31467	56207
31468	56208
31469	56210
31470	56211
31471	56213
31472	56214
31473	56216
31474	56219
31475	56221
31476	56222
31477	56224
31478	56226
31479	56228
31480	56229
31481	56231
31482	56232
31483	56234
31484	56237
31485	56239
31486	56240
31487	56242
31488	56245
31489	56247
31490	56248
31491	56250
31492	56252
31493	56254
31494	56254
31495	56255
31496	56257
31497	56260
31498	56262
31499	56263
31500	56265
31501	56268
31502	56270
31503	56271
31504	56273
31505	56276
31506	56278
31507	56279
31508	56280
31509	56281
31510	56283
31511	56286
31512	56288
31513	56289
31514	56291
31515	56294
31516	56296
31517	56297
31518	56299
31519	56302
31520	56304
31521	56305
31522	56306
31523	56307
31524	56309
31525	56312
31526	56314
31527	56315
31528	56317
31529	56320
31530	56322
31531	56323
31532	56325
31533	56328
31534	56330
31535	56331
31536	56332
31537	56332
31538	56333
31539	56335
31540	56338
31541	56340
31542	56341
31543	56343
31544	56346
31545	56348
31546	56349
31547	56351
31548	56354
31549	56356
31550	56357
31551	56358
31552	56359
31553	56361
31554	56364
31555	56366
31556	56367
31557	56369
31558	56372
31559	56374
31560	56375
31561	56377
31562	56380
31563	56382
31564	56383
31565	56384
31566	56385
31567	56386
31568	56387
31569	56388
31570	56389
31571	56391
31572	56392
31573	56394
31574	56397
31575	56399
31576	56400
31577	56402
31578	56405
31579	56407
31580	56408
31581	56410
31582	56412
31583	56414
31584	56414
31585	56415
31586	56417
31587	56420
31588	56422
31589	56423
31590	56425
31591	56428
31592	56430
31593	56431
31594	56433
31595	56436
31596	56438
31597	56439
31598	56440
31599	56441
31600	56443
31601	56446
31602	56448
31603	56449
31604	56451
31605	56454
31606	56456
31607	56457
31608	56459
31609	56462
31610	56464
31611	56465
31612	56466
31613	56467
31614	56469
31615	56472
31616	56474
31617	56475
31618	56477
31619	56480
31620	56482
31621	56483
31622	56485
31623	56488
31624	56490
31625	56491
31626	56492
31627	56492
31628	56493
31629	56495
31630	56498
31631	56500
31632	56501
31633	56503
31634	56506
31635	56508
31636	56509
31637	56511
31638	56514
31639	56516
31640	56517
31641	56518
31642	56519
31643	56521
31644	56524
31645	56526
31646	56527
31647	56529
31648	56532
31649	56534
31650	56535
31651	56537
31652	56540
31653	56542
31654	56543
31655	56544
31656	56545
31657	56547
31658	56550
31659	56552
31660	56553
31661	56555
31662	56558
31663	56560
31664	56561
31665	56563
31666	56566
31667	56568
31668	56569
31669	56570
31670	56571
31671	56572
31672	56573
31673	56575
31674	56575
31675	56578
31676	56580
31677	56581
31678	56583
31679	56586
31680	56588
31681	56589
31682	56591
31683	56594
31684	56596
31685	56597
31686	56598
31687	56599
31688	56601
31689	56604
31690	56606
31691	56607
31692	56609
31693	56612
31694	56614
31695	56615
31696	56617
31697	56620
31698	56622
31699	56623
31700	56624
31701	56625
31702	56627
31703	56630
31704	56632
31705	56633
31706	56635
31707	56638
31708	56640
31709	56641
31710	56643
31711	56646
31712	56648
31713	56649
31714	56650
31715	56651
31716	56652
31717	56653
31718	56655
31719	56655
31720	56657
31721	56659
31722	56660
31723	56662
31724	56665
31725	56667
31726	56668
31727	56670
31728	56672
31729	56674
31730	56674
31731	56675
31732	56676
31733	56676
31734	56678
31735	56679
31736	56681
31737	56682
31738	56684
31739	56685
31740	56686
31741	56687
31742	56689
31743	56692
31744	56694
31745	56695
31746	56697
31747	56700
31748	56702
31749	56703
31750	56705
31751	56708
31752	56710
31753	56711
31754	56712
31755	56713
31756	56715
31757	56718
31758	56720
31759	56721
31760	56723
31761	56726
31762	56728
31763	56729
31764	56731
31765	56734
31766	56736
31767	56737
31768	56738
31769	56739
31770	56740
31771	56741
31772	56742
31773	56743
31774	56745
31775	56746
31776	56748
31777	56751
31778	56753
31779	56754
31780	56756
31781	56759
31782	56761
31783	56762
31784	56764
31785	56766
31786	56768
31787	56769
31788	56771
31789	56772
31790	56774
31791	56777
31792	56779
31793	56780
31794	56782
31795	56785
31796	56787
31797	56788
31798	56790
31799	56792
31800	56794
31801	56794
31802	56795
31803	56797
31804	56800
31805	56802
31806	56803
31807	56805
31808	56808
31809	56810
31810	56811
31811	56813
31812	56816
31813	56818
31814	56819
31815	56820
31816	56821
31817	56822
31818	56823
31819	56824
31820	56824
31821	56825
31822	56826
31823	56827
31824	56829
31825	56832
31826	56834
31827	56835
31828	56837
31829	56840
31830	56842
31831	56843
31832	56845
31833	56848
31834	56850
31835	56851
31836	56852
31837	56853
31838	56855
31839	56858
31840	56860
31841	56861
31842	56863
31843	56866
31844	56868
31845	56869
31846	56871
31847	56874
31848	56876
31849	56877
31850	56878
31851	56879
31852	56880
31853	56881
31854	56883
31855	56884
31856	56886
31857	56887
31858	56889
31859	56892
31860	56894
31861	56895
31862	56897
31863	56900
31864	56902
31865	56903
31866	56905
31867	56907
31868	56909
31869	56909
31870	56910
31871	56912
31872	56914
31873	56916
31874	56917
31875	56919
31876	56922
31877	56924
31878	56925
31879	56927
31880	56930
31881	56932
31882	56933
31883	56934
31884	56935
31885	56936
31886	56937
31887	56939
31888	56939
31889	56942
31890	56944
31891	56945
31892	56947
31893	56950
31894	56952
31895	56953
31896	56955
31897	56958
31898	56960
31899	56961
31900	56962
31901	56963
31902	56965
31903	56968
31904	56970
31905	56971
31906	56973
31907	56976
31908	56978
31909	56979
31910	56981
31911	56984
31912	56986
31913	56987
31914	56988
31915	56989
31916	56991
31917	56994
31918	56996
31919	56997
31920	56999
31921	57002
31922	57004
31923	57005
31924	57007
31925	57010
31926	57012
31927	57013
31928	57014
31929	57015
31930	57016
31931	57016
31932	57017
31933	57019
31934	57022
31935	57024
31936	57025
31937	57027
31938	57030
31939	57032
31940	57033
31941	57035
31942	57038
31943	57040
31944	57041
31945	57042
31946	57043
31947	57045
31948	57048
31949	57050
31950	57051
31951	57053
31952	57056
31953	57058
31954	57059
31955	57061
31956	57064
31957	57066
31958	57067
31959	57068
31960	57069
31961	57071
31962	57074
31963	57076
31964	57077
31965	57079
31966	57082
31967	57084
31968	57085
31969	57087
31970	57090
31971	57092
31972	57093
31973	57094
31974	57095
31975	57096
31976	57097
31977	57099
31978	57100
31979	57102
31980	57103
31981	57105
31982	57108
31983	57110
31984	57111
31985	57113
31986	57116
31987	57118
31988	57119
31989	57121
31990	57123
31991	57125
31992	57126
31993	57128
31994	57129
31995	57131
31996	57134
31997	57136
31998	57137
31999	57139
32000	57142
32001	57144
32002	57145
32003	57147
32004	57149
32005	57151
32006	57152
32007	57154
32008	57155
32009	57157
32010	57160
32011	57162
32012	57163
32013	57165
32014	57168
32015	57170
32016	57171
32017	57173
32018	57174
32019	57176
32020	57177
32021	57179
32022	57180
32023	57182
32024	57183
32025	57185
32026	57188
32027	57190
32028	57191
32029	57193
32030	57196
32031	57198
32032	57199
32033	57201
32034	57204
32035	57206
32036	57207
32037	57208
32038	57209
32039	57210
32040	57211
32041	57213
32042	57214
32043	57216
32044	57217
32045	57219
32046	57222
32047	57224
32048	57225
32049	57227
32050	57230
32051	57232
32052	57233
32053	57235
32054	57237
32055	57239
32056	57240
32057	57242
32058	57243
32059	57245
32060	57248
32061	57250
32062	57251
32063	57253
32064	57256
32065	57258
32066	57259
32067	57261
32068	57263
32069	57265
32070	57266
32071	57268
32072	57269
32073	57271
32074	57273
32075	57275
32076	57276
32077	57278
32078	57281
32079	57283
32080	57284
32081	57286
32082	57287
32083	57289
32084	57290
32085	57292
32086	57293
32087	57295
32088	57296
32089	57298
32090	57301
32091	57303
32092	57304
32093	57306
32094	57309
32095	57311
32096	57312
32097	57314
32098	57317
32099	57319
32100	57320
32101	57321
32102	57322
32103	57324
32104	57327
32105	57329
32106	57330
32107	57332
32108	57335
32109	57337
32110	57338
32111	57340
32112	57343
32113	57345
32114	57346
32115	57347
32116	57348
32117	57350
32118	57353
32119	57355
32120	57356
32121	57358
32122	57361
32123	57363
32124	57364
32125	57366
32126	57369
32127	57371
32128	57372
32129	57373
32130	57374
32131	57375
32132	57376
32133	57378
32134	57379
32135	57381
32136	57382
32137	57384
32138	57387
32139	57389
32140	57390
32141	57392
32142	57395
32143	57397
32144	57398
32145	57400
32146	57402
32147	57404
32148	57405
32149	57407
32150	57408
32151	57410
32152	57413
32153	57415
32154	57416
32155	57418
32156	57421
32157	57423
32158	57424
32159	57426
32160	57428
32161	57430
32162	57431
32163	57433
32164	57434
32165	57436
32166	57439
32167	57441
32168	57442
32169	57444
32170	57447
32171	57449
32172	57450
32173	57452
32174	57453
32175	57455
32176	57455
32177	57456
32178	57458
32179	57459
32180	57461
32181	57462
32182	57464
32183	57467
32184	57469
32185	57470
32186	57472
32187	57475
32188	57477
32189	57478
32190	57480
32191	57482
32192	57484
32193	57485
32194	57487
32195	57488
32196	57490
32197	57493
32198	57495
32199	57496
32200	57498
32201	57501
32202	57503
32203	57504
32204	57506
32205	57508
32206	57510
32207	57511
32208	57513
32209	57514
32210	57516
32211	57519
32212	57521
32213	57522
32214	57524
32215	57527
32216	57529
32217	57530
32218	57532
32219	57533
32220	57535
32221	57536
32222	57538
32223	57539
32224	57541
32225	57542
32226	57544
32227	57547
32228	57549
32229	57550
32230	57552
32231	57555
32232	57557
32233	57558
32234	57560
32235	57563
32236	57565
32237	57566
32238	57567
32239	57568
32240	57570
32241	57573
32242	57575
32243	57576
32244	57578
32245	57581
32246	57583
32247	57584
32248	57586
32249	57589
32250	57591
32251	57592
32252	57593
32253	57594
32254	57596
32255	57599
32256	57601
32257	57602
32258	57604
32259	57607
32260	57609
32261	57610
32262	57612
32263	57615
32264	57617
32265	57618
32266	57619
32267	57620
32268	57621
32269	57621
32270	57622
32271	57624
32272	57627
32273	57629
32274	57630
32275	57632
32276	57635
32277	57637
32278	57638
32279	57640
32280	57643
32281	57645
32282	57646
32283	57647
32284	57648
32285	57650
32286	57653
32287	57655
32288	57656
32289	57658
32290	57661
32291	57663
32292	57664
32293	57666
32294	57669
32295	57671
32296	57672
32297	57673
32298	57674
32299	57675
32300	57676
32301	57677
32302	57677
32303	57678
32304	57680
32305	57683
32306	57685
32307	57686
32308	57688
32309	57691
32310	57693
32311	57694
32312	57696
32313	57699
32314	57701
32315	57702
32316	57703
32317	57704
32318	57706
32319	57709
32320	57711
32321	57712
32322	57714
32323	57717
32324	57719
32325	57720
32326	57722
32327	57725
32328	57727
32329	57728
32330	57729
32331	57730
32332	57732
32333	57735
32334	57737
32335	57738
32336	57740
32337	57743
32338	57745
32339	57746
32340	57748
32341	57751
32342	57753
32343	57754
32344	57755
32345	57756
32346	57757
32347	57758
32348	57760
32349	57760
32350	57763
32351	57765
32352	57766
32353	57768
32354	57771
32355	57773
32356	57774
32357	57776
32358	57779
32359	57781
32360	57782
32361	57783
32362	57784
32363	57785
32364	57786
32365	57787
32366	57787
32367	57788
32368	57790
32369	57793
32370	57795
32371	57796
32372	57798
32373	57801
32374	57803
32375	57804
32376	57806
32377	57809
32378	57811
32379	57812
32380	57813
32381	57814
32382	57816
32383	57819
32384	57821
32385	57822
32386	57824
32387	57827
32388	57829
32389	57830
32390	57832
32391	57835
32392	57837
32393	57838
32394	57839
32395	57840
32396	57842
32397	57845
32398	57847
32399	57848
32400	57850
32401	57853
32402	57855
32403	57856
32404	57858
32405	57861
32406	57863
32407	57864
32408	57865
32409	57866
32410	57867
32411	57867
32412	57868
32413	57870
32414	57873
32415	57875
32416	57876
32417	57878
32418	57881
32419	57883
32420	57884
32421	57886
32422	57889
32423	57891
32424	57892
32425	57893
32426	57894
32427	57896
32428	57899
32429	57901
32430	57902
32431	57904
32432	57907
32433	57909
32434	57910
32435	57912
32436	57915
32437	57917
32438	57918
32439	57919
32440	57920
32441	57921
32442	57922
32443	57924
32444	57925
32445	57927
32446	57928
32447	57930
32448	57933
32449	57935
32450	57936
32451	57938
32452	57940
32453	57942
32454	57943
32455	57945
32456	57946
32457	57948
32458	57951
32459	57953
32460	57954
32461	57956
32462	57959
32463	57961
32464	57962
32465	57964
32466	57966
32467	57968
32468	57968
32469	57969
32470	57971
32471	57974
32472	57976
32473	57977
32474	57979
32475	57981
32476	57983
32477	57983
32478	57984
32479	57986
32480	57989
32481	57991
32482	57992
32483	57994
32484	57997
32485	57999
32486	58000
32487	58002
32488	58005
32489	58007
32490	58008
32491	58009
32492	58010
32493	58011
32494	58012
32495	58014
32496	58014
32497	58017
32498	58019
32499	58020
32500	58022
32501	58025
32502	58027
32503	58028
32504	58030
32505	58033
32506	58035
32507	58036
32508	58037
32509	58038
32510	58040
32511	58043
32512	58045
32513	58046
32514	58048
32515	58051
32516	58053
32517	58054
32518	58056
32519	58059
32520	58061
32521	58062
32522	58063
32523	58064
32524	58066
32525	58069
32526	58071
32527	58072
32528	58074
32529	58077
32530	58079
32531	58080
32532	58082
32533	58085
32534	58087
32535	58088
32536	58089
32537	58090
32538	58091
32539	58092
32540	58094
32541	58095
32542	58097
32543	58098
32544	58100
32545	58103
32546	58105
32547	58106
32548	58108
32549	58111
32550	58113
32551	58114
32552	58116
32553	58118
32554	58120
32555	58121
32556	58123
32557	58124
32558	58126
32559	58129
32560	58131
32561	58132
32562	58134
32563	58137
32564	58139
32565	58140
32566	58142
32567	58144
32568	58146
32569	58147
32570	58149
32571	58150
32572	58152
32573	58155
32574	58157
32575	58158
32576	58160
32577	58163
32578	58165
32579	58166
32580	58168
32581	58169
32582	58171
32583	58171
32584	58172
32585	58173
32586	58173
32587	58174
32588	58176
32589	58178
32590	58180
32591	58181
32592	58182
32593	58183
32594	58185
32595	58188
32596	58190
32597	58191
32598	58193
32599	58196
32600	58198
32601	58199
32602	58201
32603	58204
32604	58206
32605	58207
32606	58208
32607	58209
32608	58211
32609	58214
32610	58216
32611	58217
32612	58219
32613	58222
32614	58224
32615	58225
32616	58227
32617	58230
32618	58232
32619	58233
32620	58234
32621	58235
32622	58236
32623	58237
32624	58239
32625	58240
32626	58242
32627	58243
32628	58245
32629	58248
32630	58250
32631	58251
32632	58253
32633	58256
32634	58258
32635	58259
32636	58261
32637	58263
32638	58265
32639	58265
32640	58266
32641	58268
32642	58271
32643	58273
32644	58274
32645	58276
32646	58279
32647	58281
32648	58282
32649	58284
32650	58287
32651	58289
32652	58290
32653	58291
32654	58292
32655	58294
32656	58297
32657	58299
32658	58300
32659	58302
32660	58305
32661	58307
32662	58308
32663	58310
32664	58313
32665	58315
32666	58316
32667	58317
32668	58318
32669	58319
32670	58320
32671	58322
32672	58322
32673	58325
32674	58327
32675	58328
32676	58330
32677	58333
32678	58335
32679	58336
32680	58338
32681	58341
32682	58343
32683	58344
32684	58345
32685	58346
32686	58347
32687	58348
32688	58350
32689	58351
32690	58353
32691	58354
32692	58356
32693	58359
32694	58361
32695	58362
32696	58364
32697	58367
32698	58369
32699	58370
32700	58372
32701	58374
32702	58376
32703	58377
32704	58379
32705	58380
32706	58382
32707	58384
32708	58386
32709	58387
32710	58389
32711	58390
32712	58392
32713	58395
32714	58397
32715	58398
32716	58400
32717	58403
32718	58405
32719	58406
32720	58408
32721	58410
32722	58412
32723	58412
32724	58413
32725	58415
32726	58418
32727	58420
32728	58421
32729	58423
32730	58426
32731	58428
32732	58429
32733	58431
32734	58434
32735	58436
32736	58437
32737	58438
32738	58439
32739	58440
32740	58441
32741	58443
32742	58444
32743	58446
32744	58447
32745	58449
32746	58452
32747	58454
32748	58455
32749	58457
32750	58460
32751	58462
32752	58463
32753	58465
32754	58467
32755	58469
32756	58470
32757	58472
32758	58473
32759	58475
32760	58478
32761	58480
32762	58481
32763	58483
32764	58486
32765	58488
32766	58489
32767	58491
32768	58493
32769	58495
32770	58496
32771	58498
32772	58499
32773	58501
32774	58504
32775	58506
32776	58507
32777	58509
32778	58512
32779	58514
32780	58515
32781	58517
32782	58518
32783	58520
32784	58521
32785	58523
32786	58524
32787	58526
32788	58527
32789	58529
32790	58532
32791	58534
32792	58535
32793	58537
32794	58540
32795	58542
32796	58543
32797	58545
32798	58548
32799	58550
32800	58551
32801	58552
32802	58553
32803	58555
32804	58558
32805	58560
32806	58561
32807	58563
32808	58566
32809	58568
32810	58569
32811	58571
32812	58574
32813	58576
32814	58577
32815	58578
32816	58579
32817	58581
32818	58584
32819	58586
32820	58587
32821	58589
32822	58592
32823	58594
32824	58595
32825	58597
32826	58600
32827	58602
32828	58603
32829	58604
32830	58605
32831	58606
32832	58607
32833	58609
32834	58610
32835	58612
32836	58613
32837	58615
32838	58618
32839	58620
32840	58621
32841	58623
32842	58626
32843	58628
32844	58629
32845	58631
32846	58633
32847	58635
32848	58635
32849	58636
32850	58638
32851	58641
32852	58643
32853	58644
32854	58646
32855	58649
32856	58651
32857	58652
32858	58654
32859	58657
32860	58659
32861	58660
32862	58661
32863	58662
32864	58664
32865	58667
32866	58669
32867	58670
32868	58672
32869	58675
32870	58677
32871	58678
32872	58680
32873	58683
32874	58685
32875	58686
32876	58687
32877	58688
32878	58689
32879	58690
32880	58692
32881	58693
32882	58695
32883	58696
32884	58698
32885	58701
32886	58703
32887	58704
32888	58706
32889	58709
32890	58711
32891	58712
32892	58714
32893	58716
32894	58718
32895	58719
32896	58721
32897	58722
32898	58724
32899	58727
32900	58729
32901	58730
32902	58732
32903	58735
32904	58737
32905	58738
32906	58740
32907	58742
32908	58744
32909	58745
32910	58747
32911	58748
32912	58750
32913	58753
32914	58755
32915	58756
32916	58758
32917	58761
32918	58763
32919	58764
32920	58766
32921	58767
32922	58769
32923	58769
32924	58770
32925	58772
32926	58772
32927	58775
32928	58777
32929	58778
32930	58780
32931	58783
32932	58785
32933	58786
32934	58788
32935	58791
32936	58793
32937	58794
32938	58795
32939	58796
32940	58798
32941	58801
32942	58803
32943	58804
32944	58806
32945	58809
32946	58811
32947	58812
32948	58814
32949	58817
32950	58819
32951	58820
32952	58821
32953	58822
32954	58823
32955	58824
32956	58826
32957	58827
32958	58829
32959	58830
32960	58832
32961	58835
32962	58837
32963	58838
32964	58840
32965	58843
32966	58845
32967	58846
32968	58848
32969	58850
32970	58852
32971	58853
32972	58855
32973	58856
32974	58858
32975	58861
32976	58863
32977	58864
32978	58866
32979	58869
32980	58871
32981	58872
32982	58874
32983	58876
32984	58878
32985	58879
32986	58881
32987	58882
32988	58884
32989	58887
32990	58889
32991	58890
32992	58892
32993	58895
32994	58897
32995	58898
32996	58900
32997	58901
32998	58903
32999	58904
33000	58906
33001	58907
33002	58909
33003	58910
33004	58911
33005	58912
33006	58914
33007	58917
33008	58919
33009	58920
33010	58922
33011	58925
33012	58927
33013	58928
33014	58930
33015	58933
33016	58935
33017	58936
33018	58937
33019	58938
33020	58940
33021	58943
33022	58945
33023	58946
33024	58948
33025	58951
33026	58953
33027	58954
33028	58956
33029	58959
33030	58961
33031	58962
33032	58963
33033	58964
33034	58966
33035	58969
33036	58971
33037	58972
33038	58974
33039	58977
33040	58979
33041	58980
33042	58982
33043	58985
33044	58987
33045	58988
33046	58989
33047	58989
33048	58990
33049	58992
33050	58995
33051	58997
33052	58998
33053	59000
33054	59003
33055	59005
33056	59006
33057	59008
33058	59011
33059	59013
33060	59014
33061	59015
33062	59016
33063	59017
33064	59018
33065	59020
33066	59021
33067	59023
33068	59024
33069	59026
33070	59029
33071	59031
33072	59032
33073	59034
33074	59037
33075	59039
33076	59040
33077	59042
33078	59044
33079	59046
33080	59047
33081	59049
33082	59050
33083	59052
33084	59055
33085	59057
33086	59058
33087	59060
33088	59063
33089	59065
33090	59066
33091	59068
33092	59070
33093	59072
33094	59073
33095	59075
33096	59076
33097	59078
33098	59081
33099	59083
33100	59084
33101	59086
33102	59089
33103	59091
33104	59092
33105	59094
33106	59095
33107	59097
33108	59097
33109	59098
33110	59099
33111	59099
33112	59100
33113	59102
33114	59104
33115	59106
33116	59107
33117	59109
33118	59112
33119	59114
33120	59115
33121	59117
33122	59119
33123	59121
33124	59121
33125	59122
33126	59124
33127	59127
33128	59129
33129	59130
33130	59132
33131	59135
33132	59137
33133	59138
33134	59140
33135	59143
33136	59145
33137	59146
33138	59147
33139	59148
33140	59149
33141	59150
33142	59151
33143	59152
33144	59154
33145	59155
33146	59157
33147	59160
33148	59162
33149	59163
33150	59165
33151	59168
33152	59170
33153	59171
33154	59173
33155	59175
33156	59177
33157	59178
33158	59180
33159	59181
33160	59183
33161	59186
33162	59188
33163	59189
33164	59191
33165	59194
33166	59196
33167	59197
33168	59199
33169	59201
33170	59203
33171	59203
33172	59204
33173	59206
33174	59209
33175	59211
33176	59212
33177	59214
33178	59217
33179	59219
33180	59220
33181	59222
33182	59225
33183	59227
33184	59228
33185	59229
33186	59230
33187	59232
33188	59235
33189	59237
33190	59238
33191	59240
33192	59243
33193	59245
33194	59246
33195	59248
33196	59251
33197	59253
33198	59254
33199	59255
33200	59256
33201	59258
33202	59261
33203	59263
33204	59264
33205	59266
33206	59269
33207	59271
33208	59272
33209	59274
33210	59277
33211	59279
33212	59280
33213	59281
33214	59281
33215	59282
33216	59284
33217	59287
33218	59289
33219	59290
33220	59292
33221	59295
33222	59297
33223	59298
33224	59300
33225	59303
33226	59305
33227	59306
33228	59307
33229	59308
33230	59310
33231	59313
33232	59315
33233	59316
33234	59318
33235	59321
33236	59323
33237	59324
33238	59326
33239	59329
33240	59331
33241	59332
33242	59333
33243	59334
33244	59336
33245	59339
33246	59341
33247	59342
33248	59344
33249	59347
33250	59349
33251	59350
33252	59352
33253	59355
33254	59357
33255	59358
33256	59359
33257	59360
33258	59361
33259	59362
33260	59364
33261	59364
33262	59367
33263	59369
33264	59370
33265	59372
33266	59375
33267	59377
33268	59378
33269	59380
33270	59383
33271	59385
33272	59386
33273	59387
33274	59388
33275	59390
33276	59393
33277	59395
33278	59396
33279	59398
33280	59401
33281	59403
33282	59404
33283	59406
33284	59409
33285	59411
33286	59412
33287	59413
33288	59414
33289	59415
33290	59416
33291	59417
33292	59418
33293	59420
33294	59421
33295	59423
33296	59426
33297	59428
33298	59429
33299	59431
33300	59434
33301	59436
33302	59437
33303	59439
33304	59441
33305	59443
33306	59444
33307	59446
33308	59447
33309	59449
33310	59452
33311	59454
33312	59455
33313	59457
33314	59460
33315	59462
33316	59463
33317	59465
33318	59467
33319	59469
33320	59469
33321	59470
33322	59471
33323	59471
33324	59473
33325	59474
33326	59476
33327	59477
33328	59479
33329	59480
33330	59482
33331	59485
33332	59487
33333	59488
33334	59490
33335	59493
33336	59495
33337	59496
33338	59498
33339	59501
33340	59503
33341	59504
33342	59505
33343	59506
33344	59508
33345	59511
33346	59513
33347	59514
33348	59516
33349	59519
33350	59521
33351	59522
33352	59524
33353	59527
33354	59529
33355	59530
33356	59531
33357	59532
33358	59534
33359	59537
33360	59539
33361	59540
33362	59542
33363	59545
33364	59547
33365	59548
33366	59550
33367	59553
33368	59555
33369	59556
33370	59557
33371	59558
33372	59559
33373	59560
33374	59562
33375	59562
33376	59565
33377	59567
33378	59568
33379	59570
33380	59573
33381	59575
33382	59576
33383	59578
33384	59581
33385	59583
33386	59584
33387	59585
33388	59586
33389	59588
33390	59591
33391	59593
33392	59594
33393	59596
33394	59599
33395	59601
33396	59602
33397	59604
33398	59607
33399	59609
33400	59610
33401	59611
33402	59612
33403	59614
33404	59617
33405	59619
33406	59620
33407	59622
33408	59624
33409	59626
33410	59626
33411	59627
33412	59628
33413	59629
33414	59631
33415	59632
33416	59634
33417	59635
33418	59637
33419	59640
33420	59642
33421	59643
33422	59645
33423	59648
33424	59650
33425	59651
33426	59653
33427	59656
33428	59658
33429	59659
33430	59660
33431	59661
33432	59663
33433	59666
33434	59668
33435	59669
33436	59671
33437	59674
33438	59676
33439	59677
33440	59679
33441	59682
33442	59684
33443	59685
33444	59686
33445	59687
33446	59689
33447	59692
33448	59694
33449	59695
33450	59697
33451	59700
33452	59702
33453	59703
33454	59705
33455	59708
33456	59710
33457	59711
33458	59712
33459	59713
33460	59714
33461	59715
33462	59717
33463	59718
33464	59720
33465	59721
33466	59723
33467	59726
33468	59728
33469	59729
33470	59731
33471	59734
33472	59736
33473	59737
33474	59739
33475	59741
33476	59743
33477	59744
33478	59746
33479	59747
33480	59749
33481	59752
33482	59754
33483	59755
33484	59757
33485	59760
33486	59762
33487	59763
33488	59765
33489	59767
33490	59769
33491	59770
33492	59772
33493	59773
33494	59775
33495	59778
33496	59780
33497	59781
33498	59783
33499	59786
33500	59788
33501	59789
33502	59791
33503	59792
33504	59794
33505	59794
33506	59795
33507	59796
33508	59796
33509	59797
33510	59799
33511	59802
33512	59804
33513	59805
33514	59807
33515	59810
33516	59812
33517	59813
33518	59815
33519	59818
33520	59820
33521	59821
33522	59822
33523	59823
33524	59824
33525	59825
33526	59826
33527	59827
33528	59829
33529	59830
33530	59832
33531	59835
33532	59837
33533	59838
33534	59840
33535	59843
33536	59845
33537	59846
33538	59848
33539	59850
33540	59852
33541	59853
33542	59855
33543	59856
33544	59858
33545	59861
33546	59863
33547	59864
33548	59866
33549	59869
33550	59871
33551	59872
33552	59874
33553	59876
33554	59878
33555	59878
33556	59879
33557	59881
33558	59884
33559	59886
33560	59887
33561	59889
33562	59892
33563	59894
33564	59895
33565	59897
33566	59900
33567	59902
33568	59903
33569	59904
33570	59905
33571	59907
33572	59910
33573	59912
33574	59913
33575	59915
33576	59918
33577	59920
33578	59921
33579	59923
33580	59926
33581	59928
33582	59929
33583	59930
33584	59931
33585	59932
33586	59933
33587	59935
33588	59936
33589	59938
33590	59939
33591	59941
33592	59944
33593	59946
33594	59947
33595	59949
33596	59952
33597	59954
33598	59955
33599	59957
33600	59959
33601	59961
33602	59961
33603	59962
33604	59963
33605	59964
33606	59966
33607	59967
33608	59969
33609	59970
33610	59972
33611	59975
33612	59977
33613	59978
33614	59980
33615	59983
33616	59985
33617	59986
33618	59988
33619	59991
33620	59993
33621	59994
33622	59995
33623	59996
33624	59998
33625	60001
33626	60003
33627	60004
33628	60006
33629	60009
33630	60011
33631	60012
33632	60014
33633	60017
33634	60019
33635	60020
33636	60021
33637	60022
33638	60024
33639	60027
33640	60029
33641	60030
33642	60032
33643	60035
33644	60037
33645	60038
33646	60040
33647	60043
33648	60045
33649	60046
33650	60047
33651	60048
33652	60049
33653	60050
33654	60052
33655	60053
33656	60055
33657	60056
33658	60058
33659	60061
33660	60063
33661	60064
33662	60066
33663	60069
33664	60071
33665	60072
33666	60074
33667	60076
33668	60078
33669	60079
33670	60081
33671	60082
33672	60084
33673	60086
33674	60088
33675	60089
33676	60091
33677	60092
33678	60094
33679	60097
33680	60099
33681	60100
33682	60102
33683	60105
33684	60107
33685	60108
33686	60110
33687	60112
33688	60114
33689	60114
33690	60115
33691	60116
33692	60117
33693	60119
33694	60120
33695	60122
33696	60123
33697	60125
33698	60128
33699	60130
33700	60131
33701	60133
33702	60136
33703	60138
33704	60139
33705	60141
33706	60144
33707	60146
33708	60147
33709	60148
33710	60149
33711	60151
33712	60154
33713	60156
33714	60157
33715	60159
33716	60162
33717	60164
33718	60165
33719	60167
33720	60170
33721	60172
33722	60173
33723	60174
33724	60175
33725	60176
33726	60177
33727	60179
33728	60180
33729	60182
33730	60183
33731	60185
33732	60188
33733	60190
33734	60191
33735	60193
33736	60196
33737	60198
33738	60199
33739	60201
33740	60203
33741	60205
33742	60206
33743	60208
33744	60209
33745	60211
33746	60214
33747	60216
33748	60217
33749	60219
33750	60222
33751	60224
33752	60225
33753	60227
33754	60229
33755	60231
33756	60232
33757	60234
33758	60235
33759	60237
33760	60240
33761	60242
33762	60243
33763	60245
33764	60248
33765	60250
33766	60251
33767	60253
33768	60254
33769	60256
33770	60257
33771	60259
33772	60260
33773	60262
33774	60263
33775	60264
33776	60265
33777	60267
33778	60270
33779	60272
33780	60273
33781	60275
33782	60278
33783	60280
33784	60281
33785	60283
33786	60286
33787	60288
33788	60289
33789	60290
33790	60291
33791	60293
33792	60296
33793	60298
33794	60299
33795	60301
33796	60304
33797	60306
33798	60307
33799	60309
33800	60312
33801	60314
33802	60315
33803	60316
33804	60317
33805	60319
33806	60322
33807	60324
33808	60325
33809	60327
33810	60330
33811	60332
33812	60333
33813	60335
33814	60338
33815	60340
33816	60341
33817	60342
33818	60342
33819	60343
33820	60345
33821	60348
33822	60350
33823	60351
33824	60353
33825	60356
33826	60358
33827	60359
33828	60361
33829	60364
33830	60366
33831	60367
33832	60368
33833	60369
33834	60371
33835	60374
33836	60376
33837	60377
33838	60379
33839	60382
33840	60384
33841	60385
33842	60387
33843	60390
33844	60392
33845	60393
33846	60394
33847	60395
33848	60397
33849	60400
33850	60402
33851	60403
33852	60405
33853	60408
33854	60410
33855	60411
33856	60413
33857	60416
33858	60418
33859	60419
33860	60420
33861	60421
33862	60422
33863	60423
33864	60425
33865	60426
33866	60428
33867	60429
33868	60431
33869	60434
33870	60436
33871	60437
33872	60439
33873	60442
33874	60444
33875	60445
33876	60447
33877	60449
33878	60451
33879	60452
33880	60454
33881	60455
33882	60457
33883	60460
33884	60462
33885	60463
33886	60465
33887	60468
33888	60470
33889	60471
33890	60473
33891	60475
33892	60477
33893	60478
33894	60480
33895	60481
33896	60483
33897	60486
33898	60488
33899	60489
33900	60491
33901	60493
33902	60495
33903	60496
33904	60498
33905	60499
33906	60501
33907	60504
33908	60506
33909	60507
33910	60509
33911	60512
33912	60514
33913	60515
33914	60517
33915	60519
33916	60521
33917	60521
33918	60522
33919	60523
33920	60524
33921	60526
33922	60527
33923	60529
33924	60530
33925	60532
33926	60535
33927	60537
33928	60538
33929	60540
33930	60543
33931	60545
33932	60546
33933	60548
33934	60551
33935	60553
33936	60554
33937	60555
33938	60556
33939	60558
33940	60561
33941	60563
33942	60564
33943	60566
33944	60569
33945	60571
33946	60572
33947	60574
33948	60577
33949	60579
33950	60580
33951	60581
33952	60582
33953	60584
33954	60587
33955	60589
33956	60590
33957	60592
33958	60595
33959	60597
33960	60598
33961	60600
33962	60603
33963	60605
33964	60606
33965	60607
33966	60608
33967	60609
33968	60610
33969	60612
33970	60612
33971	60615
33972	60617
33973	60618
33974	60620
33975	60623
33976	60625
33977	60626
33978	60628
33979	60631
33980	60633
33981	60634
33982	60635
33983	60636
33984	60638
33985	60641
33986	60643
33987	60644
33988	60646
33989	60649
33990	60651
33991	60652
33992	60654
33993	60657
33994	60659
33995	60660
33996	60661
33997	60662
33998	60663
33999	60664
34000	60666
34001	60667
34002	60669
34003	60670
34004	60672
34005	60675
34006	60677
34007	60678
34008	60680
34009	60683
34010	60685
34011	60686
34012	60688
34013	60690
34014	60692
34015	60693
34016	60695
34017	60696
34018	60698
34019	60701
34020	60703
34021	60704
34022	60706
34023	60709
34024	60711
34025	60712
34026	60714
34027	60716
34028	60718
34029	60719
34030	60721
34031	60722
34032	60724
34033	60727
34034	60729
34035	60730
34036	60732
34037	60735
34038	60737
34039	60738
34040	60740
34041	60741
34042	60743
34043	60744
34044	60746
34045	60747
34046	60749
34047	60750
34048	60752
34049	60755
34050	60757
34051	60758
34052	60760
34053	60763
34054	60765
34055	60766
34056	60768
34057	60771
34058	60773
34059	60774
34060	60775
34061	60776
34062	60778
34063	60781
34064	60783
34065	60784
34066	60786
34067	60789
34068	60791
34069	60792
34070	60794
34071	60797
34072	60799
34073	60800
34074	60801
34075	60802
34076	60804
34077	60807
34078	60809
34079	60810
34080	60812
34081	60815
34082	60817
34083	60818
34084	60820
34085	60823
34086	60825
34087	60826
34088	60827
34089	60828
34090	60829
34091	60830
34092	60831
34093	60832
34094	60834
34095	60835
34096	60837
34097	60840
34098	60842
34099	60843
34100	60845
34101	60848
34102	60850
34103	60851
34104	60853
34105	60855
34106	60857
34107	60857
34108	60858
34109	60860
34110	60863
34111	60865
34112	60866
34113	60868
34114	60871
34115	60873
34116	60874
34117	60876
34118	60879
34119	60881
34120	60882
34121	60883
34122	60884
34123	60886
34124	60889
34125	60891
34126	60892
34127	60894
34128	60897
34129	60899
34130	60900
34131	60902
34132	60905
34133	60907
34134	60908
34135	60909
34136	60910
34137	60912
34138	60915
34139	60917
34140	60918
34141	60920
34142	60923
34143	60925
34144	60926
34145	60928
34146	60931
34147	60933
34148	60934
34149	60935
34150	60935
34151	60936
34152	60938
34153	60941
34154	60943
34155	60944
34156	60946
34157	60949
34158	60951
34159	60952
34160	60954
34161	60957
34162	60959
34163	60960
34164	60961
34165	60962
34166	60964
34167	60967
34168	60969
34169	60970
34170	60972
34171	60975
34172	60977
34173	60978
34174	60980
34175	60983
34176	60985
34177	60986
34178	60987
34179	60988
34180	60990
34181	60993
34182	60995
34183	60996
34184	60998
34185	61001
34186	61003
34187	61004
34188	61006
34189	61009
34190	61011
34191	61012
34192	61013
34193	61014
34194	61015
34195	61016
34196	61017
34197	61018
34198	61020
34199	61021
34200	61023
34201	61026
34202	61028
34203	61029
34204	61031
34205	61034
34206	61036
34207	61037
34208	61039
34209	61041
34210	61043
34211	61044
34212	61046
34213	61047
34214	61049
34215	61052
34216	61054
34217	61055
34218	61057
34219	61060
34220	61062
34221	61063
34222	61065
34223	61067
34224	61069
34225	61069
34226	61070
34227	61072
34228	61075
34229	61077
34230	61078
34231	61080
34232	61083
34233	61085
34234	61086
34235	61088
34236	61091
34237	61093
34238	61094
34239	61095
34240	61096
34241	61098
34242	61101
34243	61103
34244	61104
34245	61106
34246	61109
34247	61111
34248	61112
34249	61114
34250	61117
34251	61119
34252	61120
34253	61121
34254	61122
34255	61123
34256	61124
34257	61126
34258	61127
34259	61129
34260	61130
34261	61132
34262	61135
34263	61137
34264	61138
34265	61140
34266	61143
34267	61145
34268	61146
34269	61148
34270	61150
34271	61152
34272	61153
34273	61155
34274	61156
34275	61158
34276	61161
34277	61163
34278	61164
34279	61166
34280	61169
34281	61171
34282	61172
34283	61174
34284	61176
34285	61178
34286	61179
34287	61181
34288	61182
34289	61184
34290	61187
34291	61189
34292	61190
34293	61192
34294	61195
34295	61197
34296	61198
34297	61200
34298	61201
34299	61203
34300	61204
34301	61206
34302	61207
34303	61209
34304	61210
34305	61212
34306	61215
34307	61217
34308	61218
34309	61220
34310	61223
34311	61225
34312	61226
34313	61228
34314	61231
34315	61233
34316	61234
34317	61235
34318	61236
34319	61238
34320	61241
34321	61243
34322	61244
34323	61246
34324	61249
34325	61251
34326	61252
34327	61254
34328	61257
34329	61259
34330	61260
34331	61261
34332	61262
34333	61263
34334	61264
34335	61265
34336	61266
34337	61268
34338	61269
34339	61271
34340	61274
34341	61276
34342	61277
34343	61279
34344	61282
34345	61284
34346	61285
34347	61287
34348	61289
34349	61291
34350	61292
34351	61294
34352	61295
34353	61297
34354	61300
34355	61302
34356	61303
34357	61305
34358	61308
34359	61310
34360	61311
34361	61313
34362	61315
34363	61317
34364	61317
34365	61318
34366	61320
34367	61323
34368	61325
34369	61326
34370	61328
34371	61331
34372	61333
34373	61334
34374	61336
34375	61339
34376	61341
34377	61342
34378	61343
34379	61344
34380	61346
34381	61349
34382	61351
34383	61352
34384	61354
34385	61357
34386	61359
34387	61360
34388	61362
34389	61365
34390	61367
34391	61368
34392	61369
34393	61370
34394	61372
34395	61375
34396	61377
34397	61378
34398	61380
34399	61383
34400	61385
34401	61386
34402	61388
34403	61391
34404	61393
34405	61394
34406	61395
34407	61395
34408	61396
34409	61398
34410	61400
34411	61402
34412	61403
34413	61405
34414	61408
34415	61410
34416	61411
34417	61413
34418	61415
34419	61417
34420	61418
34421	61420
34422	61421
34423	61423
34424	61425
34425	61427
34426	61428
34427	61430
34428	61431
34429	61433
34430	61436
34431	61438
34432	61439
34433	61441
34434	61444
34435	61446
34436	61447
34437	61449
34438	61451
34439	61453
34440	61453
34441	61454
34442	61455
34443	61456
34444	61458
34445	61459
34446	61461
34447	61462
34448	61464
34449	61467
34450	61469
34451	61470
34452	61472
34453	61475
34454	61477
34455	61478
34456	61480
34457	61483
34458	61485
34459	61486
34460	61487
34461	61488
34462	61490
34463	61493
34464	61495
34465	61496
34466	61498
34467	61501
34468	61503
34469	61504
34470	61506
34471	61509
34472	61511
34473	61512
34474	61513
34475	61514
34476	61516
34477	61519
34478	61521
34479	61522
34480	61524
34481	61527
34482	61529
34483	61530
34484	61532
34485	61535
34486	61537
34487	61538
34488	61539
34489	61540
34490	61541
34491	61542
34492	61544
34493	61545
34494	61547
34495	61548
34496	61550
34497	61553
34498	61555
34499	61556
34500	61558
34501	61561
34502	61563
34503	61564
34504	61566
34505	61568
34506	61570
34507	61571
34508	61573
34509	61574
34510	61576
34511	61579
34512	61581
34513	61582
34514	61584
34515	61587
34516	61589
34517	61590
34518	61592
34519	61594
34520	61596
34521	61597
34522	61599
34523	61600
34524	61602
34525	61605
34526	61607
34527	61608
34528	61610
34529	61613
34530	61615
34531	61616
34532	61618
34533	61619
34534	61621
34535	61621
34536	61622
34537	61624
34538	61625
34539	61627
34540	61628
34541	61630
34542	61633
34543	61635
34544	61636
34545	61638
34546	61641
34547	61643
34548	61644
34549	61646
34550	61648
34551	61650
34552	61651
34553	61653
34554	61654
34555	61656
34556	61659
34557	61661
34558	61662
34559	61664
34560	61667
34561	61669
34562	61670
34563	61672
34564	61674
34565	61676
34566	61677
34567	61679
34568	61680
34569	61682
34570	61685
34571	61687
34572	61688
34573	61690
34574	61693
34575	61695
34576	61696
34577	61698
34578	61699
34579	61701
34580	61701
34581	61701
34582	61702
34583	61704
34584	61707
34585	61709
34586	61710
34587	61712
34588	61715
34589	61717
34590	61718
34591	61720
34592	61723
34593	61725
34594	61726
34595	61727
34596	61728
34597	61729
34598	61729
34599	61730
34600	61731
34601	61732
34602	61734
34603	61737
34604	61739
34605	61740
34606	61742
34607	61745
34608	61747
34609	61748
34610	61750
34611	61753
34612	61755
34613	61756
34614	61757
34615	61758
34616	61760
34617	61763
34618	61765
34619	61766
34620	61768
34621	61771
34622	61773
34623	61774
34624	61776
34625	61779
34626	61781
34627	61782
34628	61783
34629	61784
34630	61785
34631	61786
34632	61788
34633	61789
34634	61791
34635	61792
34636	61794
34637	61797
34638	61799
34639	61800
34640	61802
34641	61805
34642	61807
34643	61808
34644	61810
34645	61812
34646	61814
34647	61814
34648	61814
34649	61816
34650	61817
34651	61819
34652	61820
34653	61822
34654	61823
34655	61825
34656	61828
34657	61830
34658	61831
34659	61833
34660	61836
34661	61838
34662	61839
34663	61841
34664	61844
34665	61846
34666	61847
34667	61848
34668	61849
34669	61851
34670	61854
34671	61856
34672	61857
34673	61859
34674	61862
34675	61864
34676	61865
34677	61867
34678	61870
34679	61872
34680	61873
34681	61874
34682	61875
34683	61877
34684	61879
34685	61881
34686	61882
34687	61884
34688	61885
34689	61886
34690	61887
34691	61888
34692	61889
34693	61891
34694	61892
34695	61894
34696	61895
34697	61896
34698	61897
34699	61899
34700	61902
34701	61904
34702	61905
34703	61907
34704	61910
34705	61912
34706	61913
34707	61915
34708	61918
34709	61920
34710	61921
34711	61922
34712	61923
34713	61925
34714	61927
34715	61929
34716	61930
34717	61932
34718	61935
34719	61937
34720	61938
34721	61940
34722	61942
34723	61944
34724	61945
34725	61947
34726	61948
34727	61950
34728	61953
34729	61955
34730	61956
34731	61958
34732	61961
34733	61963
34734	61964
34735	61966
34736	61968
34737	61970
34738	61970
34739	61971
34740	61972
34741	61973
34742	61975
34743	61976
34744	61978
34745	61979
34746	61981
34747	61984
34748	61986
34749	61987
34750	61989
34751	61992
34752	61994
34753	61995
34754	61997
34755	62000
34756	62002
34757	62003
34758	62004
34759	62005
34760	62006
34761	62007
34762	62009
34763	62010
34764	62012
34765	62013
34766	62015
34767	62018
34768	62020
34769	62021
34770	62023
34771	62026
34772	62028
34773	62029
34774	62031
34775	62033
34776	62035
34777	62036
34778	62038
34779	62039
34780	62041
34781	62044
34782	62046
34783	62047
34784	62049
34785	62052
34786	62054
34787	62055
34788	62057
34789	62059
34790	62061
34791	62062
34792	62064
34793	62065
34794	62067
34795	62070
34796	62072
34797	62073
34798	62075
34799	62078
34800	62080
34801	62081
34802	62083
34803	62084
34804	62086
34805	62087
34806	62089
34807	62090
34808	62092
34809	62093
34810	62095
34811	62098
34812	62100
34813	62101
34814	62103
34815	62106
34816	62108
34817	62109
34818	62111
34819	62114
34820	62116
34821	62117
34822	62118
34823	62119
34824	62121
34825	62124
34826	62126
34827	62127
34828	62129
34829	62132
34830	62134
34831	62135
34832	62137
34833	62140
34834	62142
34835	62143
34836	62144
34837	62145
34838	62147
34839	62150
34840	62152
34841	62153
34842	62155
34843	62158
34844	62160
34845	62161
34846	62163
34847	62166
34848	62168
34849	62169
34850	62170
34851	62171
34852	62172
34853	62173
34854	62175
34855	62176
34856	62178
34857	62179
34858	62181
34859	62184
34860	62186
34861	62187
34862	62189
34863	62192
34864	62194
34865	62195
34866	62197
34867	62199
34868	62201
34869	62202
34870	62204
34871	62205
34872	62207
34873	62210
34874	62212
34875	62213
34876	62215
34877	62218
34878	62220
34879	62221
34880	62223
34881	62225
34882	62227
34883	62228
34884	62230
34885	62231
34886	62233
34887	62236
34888	62238
34889	62239
34890	62241
34891	62244
34892	62246
34893	62247
34894	62249
34895	62250
34896	62252
34897	62253
34898	62255
34899	62256
34900	62258
34901	62259
34902	62261
34903	62264
34904	62266
34905	62267
34906	62269
34907	62272
34908	62274
34909	62275
34910	62277
34911	62280
34912	62282
34913	62283
34914	62284
34915	62285
34916	62287
34917	62290
34918	62292
34919	62293
34920	62295
34921	62298
34922	62300
34923	62301
34924	62303
34925	62306
34926	62308
34927	62309
34928	62310
34929	62311
34930	62313
34931	62316
34932	62318
34933	62319
34934	62321
34935	62324
34936	62326
34937	62327
34938	62329
34939	62332
34940	62334
34941	62335
34942	62336
34943	62337
34944	62338
34945	62339
34946	62340
34947	62341
34948	62343
34949	62344
34950	62346
34951	62349
34952	62351
34953	62352
34954	62354
34955	62357
34956	62359
34957	62360
34958	62362
34959	62364
34960	62366
34961	62366
34962	62367
34963	62369
34964	62372
34965	62374
34966	62375
34967	62377
34968	62380
34969	62382
34970	62383
34971	62385
34972	62388
34973	62390
34974	62391
34975	62392
34976	62393
34977	62395
34978	62398
34979	62400
34980	62401
34981	62403
34982	62406
34983	62408
34984	62409
34985	62411
34986	62414
34987	62416
34988	62417
34989	62418
34990	62419
34991	62420
34992	62421
34993	62423
34994	62423
34995	62426
34996	62428
34997	62429
34998	62431
34999	62434
35000	62436
35001	62437
35002	62439
35003	62442
35004	62444
35005	62445
35006	62446
35007	62447
35008	62449
35009	62452
35010	62454
35011	62455
35012	62457
35013	62460
35014	62462
35015	62463
35016	62465
35017	62468
35018	62470
35019	62471
35020	62472
35021	62473
35022	62474
35023	62475
35024	62477
35025	62478
35026	62480
35027	62481
35028	62483
35029	62486
35030	62488
35031	62489
35032	62491
35033	62494
35034	62496
35035	62497
35036	62499
35037	62501
35038	62503
35039	62503
35040	62504
35041	62506
35042	62509
35043	62511
35044	62512
35045	62514
35046	62517
35047	62519
35048	62520
35049	62522
35050	62525
35051	62527
35052	62528
35053	62529
35054	62530
35055	62531
35056	62532
35057	62534
35058	62534
35059	62537
35060	62539
35061	62540
35062	62542
35063	62545
35064	62547
35065	62548
35066	62550
35067	62553
35068	62555
35069	62556
35070	62557
35071	62558
35072	62560
35073	62563
35074	62565
35075	62566
35076	62568
35077	62571
35078	62573
35079	62574
35080	62576
35081	62579
35082	62581
35083	62582
35084	62583
35085	62584
35086	62586
35087	62589
35088	62591
35089	62592
35090	62594
35091	62597
35092	62599
35093	62600
35094	62602
35095	62605
35096	62607
35097	62608
35098	62609
35099	62610
35100	62611
35101	62612
35102	62614
35103	62615
35104	62617
35105	62618
35106	62620
35107	62623
35108	62625
35109	62626
35110	62628
35111	62631
35112	62633
35113	62634
35114	62636
35115	62638
35116	62640
35117	62641
35118	62643
35119	62644
35120	62646
35121	62649
35122	62651
35123	62652
35124	62654
35125	62657
35126	62659
35127	62660
35128	62662
35129	62664
35130	62666
35131	62667
35132	62669
35133	62670
35134	62672
35135	62674
35136	62676
35137	62677
35138	62679
35139	62680
35140	62682
35141	62685
35142	62687
35143	62688
35144	62690
35145	62693
35146	62695
35147	62696
35148	62698
35149	62700
35150	62702
35151	62702
35152	62703
35153	62705
35154	62708
35155	62710
35156	62711
35157	62713
35158	62716
35159	62718
35160	62719
35161	62721
35162	62724
35163	62726
35164	62727
35165	62728
35166	62729
35167	62730
35168	62731
35169	62732
35170	62733
35171	62735
35172	62736
35173	62738
35174	62741
35175	62743
35176	62744
35177	62746
35178	62749
35179	62751
35180	62752
35181	62754
35182	62756
35183	62758
35184	62759
35185	62761
35186	62762
35187	62764
35188	62767
35189	62769
35190	62770
35191	62772
35192	62775
35193	62777
35194	62778
35195	62780
35196	62782
35197	62784
35198	62784
35199	62785
35200	62787
35201	62790
35202	62792
35203	62793
35204	62795
35205	62798
35206	62800
35207	62801
35208	62803
35209	62806
35210	62808
35211	62809
35212	62810
35213	62811
35214	62813
35215	62816
35216	62818
35217	62819
35218	62821
35219	62824
35220	62826
35221	62827
35222	62829
35223	62832
35224	62834
35225	62835
35226	62836
35227	62837
35228	62838
35229	62839
35230	62840
35231	62841
35232	62843
35233	62844
35234	62846
35235	62849
35236	62851
35237	62852
35238	62854
35239	62857
35240	62859
35241	62860
35242	62862
35243	62864
35244	62866
35245	62867
35246	62869
35247	62870
35248	62872
35249	62875
35250	62877
35251	62878
35252	62880
35253	62883
35254	62885
35255	62886
35256	62888
35257	62890
35258	62892
35259	62892
35260	62893
35261	62895
35262	62898
35263	62900
35264	62901
35265	62903
35266	62906
35267	62908
35268	62909
35269	62911
35270	62914
35271	62916
35272	62917
35273	62918
35274	62919
35275	62921
35276	62924
35277	62926
35278	62927
35279	62929
35280	62932
35281	62934
35282	62935
35283	62937
35284	62940
35285	62942
35286	62943
35287	62944
35288	62945
35289	62947
35290	62950
35291	62952
35292	62953
35293	62955
35294	62958
35295	62960
35296	62961
35297	62963
35298	62966
35299	62968
35300	62969
35301	62970
35302	62970
35303	62971
35304	62973
35305	62976
35306	62978
35307	62979
35308	62981
35309	62984
35310	62986
35311	62987
35312	62989
35313	62992
35314	62994
35315	62995
35316	62996
35317	62997
35318	62999
35319	63002
35320	63004
35321	63005
35322	63007
35323	63010
35324	63012
35325	63013
35326	63015
35327	63018
35328	63020
35329	63021
35330	63022
35331	63023
35332	63025
35333	63028
35334	63030
35335	63031
35336	63033
35337	63036
35338	63038
35339	63039
35340	63041
35341	63044
35342	63046
35343	63047
35344	63048
35345	63049
35346	63050
35347	63051
35348	63053
35349	63054
35350	63056
35351	63057
35352	63059
35353	63062
35354	63064
35355	63065
35356	63067
35357	63070
35358	63072
35359	63073
35360	63075
35361	63077
35362	63079
35363	63080
35364	63082
35365	63083
35366	63085
35367	63088
35368	63090
35369	63091
35370	63093
35371	63096
35372	63098
35373	63099
35374	63101
35375	63103
35376	63105
35377	63106
35378	63108
35379	63109
35380	63111
35381	63114
35382	63116
35383	63117
35384	63119
35385	63122
35386	63124
35387	63125
35388	63127
35389	63128
35390	63130
35391	63131
35392	63133
35393	63134
35394	63136
35395	63137
35396	63139
35397	63142
35398	63144
35399	63145
35400	63147
35401	63150
35402	63152
35403	63153
35404	63155
35405	63158
35406	63160
35407	63161
35408	63162
35409	63163
35410	63165
35411	63168
35412	63170
35413	63171
35414	63173
35415	63176
35416	63178
35417	63179
35418	63181
35419	63184
35420	63186
35421	63187
35422	63188
35423	63189
35424	63191
35425	63194
35426	63196
35427	63197
35428	63199
35429	63202
35430	63204
35431	63205
35432	63207
35433	63210
35434	63212
35435	63213
35436	63214
35437	63215
35438	63216
35439	63217
35440	63218
35441	63219
35442	63221
35443	63222
35444	63224
35445	63227
35446	63229
35447	63230
35448	63232
35449	63235
35450	63237
35451	63238
35452	63240
35453	63242
35454	63244
35455	63244
35456	63245
35457	63246
35458	63247
35459	63249
35460	63250
35461	63252
35462	63253
35463	63255
35464	63257
35465	63259
35466	63260
35467	63262
35468	63265
35469	63267
35470	63268
35471	63270
35472	63272
35473	63274
35474	63275
35475	63277
35476	63278
35477	63280
35478	63283
35479	63285
35480	63286
35481	63288
35482	63291
35483	63293
35484	63294
35485	63296
35486	63298
35487	63300
35488	63300
35489	63301
35490	63303
35491	63306
35492	63308
35493	63309
35494	63311
35495	63314
35496	63316
35497	63317
35498	63319
35499	63322
35500	63324
35501	63325
35502	63326
35503	63327
35504	63328
35505	63329
35506	63331
35507	63331
35508	63334
35509	63336
35510	63337
35511	63339
35512	63342
35513	63344
35514	63345
35515	63347
35516	63350
35517	63352
35518	63353
35519	63354
35520	63355
35521	63356
35522	63357
35523	63359
35524	63360
35525	63362
35526	63363
35527	63365
35528	63368
35529	63370
35530	63371
35531	63373
35532	63376
35533	63378
35534	63379
35535	63381
35536	63383
35537	63385
35538	63385
35539	63386
35540	63388
35541	63391
35542	63393
35543	63394
35544	63396
35545	63399
35546	63401
35547	63402
35548	63404
35549	63407
35550	63409
35551	63410
35552	63411
35553	63412
35554	63414
35555	63417
35556	63419
35557	63420
35558	63422
35559	63425
35560	63427
35561	63428
35562	63430
35563	63433
35564	63435
35565	63436
35566	63437
35567	63438
35568	63440
35569	63443
35570	63445
35571	63446
35572	63448
35573	63451
35574	63453
35575	63454
35576	63456
35577	63459
35578	63461
35579	63462
35580	63463
35581	63463
35582	63464
35583	63465
35584	63466
35585	63468
35586	63471
35587	63473
35588	63474
35589	63476
35590	63479
35591	63481
35592	63482
35593	63484
35594	63487
35595	63489
35596	63490
35597	63491
35598	63492
35599	63494
35600	63497
35601	63499
35602	63500
35603	63502
35604	63505
35605	63507
35606	63508
35607	63510
35608	63513
35609	63515
35610	63516
35611	63517
35612	63518
35613	63520
35614	63523
35615	63525
35616	63526
35617	63528
35618	63531
35619	63533
35620	63534
35621	63536
35622	63539
35623	63541
35624	63542
35625	63543
35626	63543
35627	63544
35628	63545
35629	63546
35630	63548
35631	63551
35632	63553
35633	63554
35634	63556
35635	63559
35636	63561
35637	63562
35638	63564
35639	63567
35640	63569
35641	63570
35642	63571
35643	63572
35644	63574
35645	63577
35646	63579
35647	63580
35648	63582
35649	63585
35650	63587
35651	63588
35652	63590
35653	63593
35654	63595
35655	63596
35656	63597
35657	63598
35658	63600
35659	63603
35660	63605
35661	63606
35662	63608
35663	63611
35664	63613
35665	63614
35666	63616
35667	63619
35668	63621
35669	63622
35670	63623
35671	63623
35672	63624
35673	63626
35674	63629
35675	63631
35676	63632
35677	63634
35678	63637
35679	63639
35680	63640
35681	63642
35682	63645
35683	63647
35684	63648
35685	63649
35686	63650
35687	63652
35688	63655
35689	63657
35690	63658
35691	63660
35692	63663
35693	63665
35694	63666
35695	63668
35696	63671
35697	63673
35698	63674
35699	63675
35700	63676
35701	63678
35702	63681
35703	63683
35704	63684
35705	63686
35706	63689
35707	63691
35708	63692
35709	63694
35710	63697
35711	63699
35712	63700
35713	63701
35714	63702
35715	63703
35716	63704
35717	63706
35718	63707
35719	63709
35720	63710
35721	63712
35722	63715
35723	63717
35724	63718
35725	63720
35726	63723
35727	63725
35728	63726
35729	63728
35730	63730
35731	63732
35732	63733
35733	63735
35734	63736
35735	63738
35736	63741
35737	63743
35738	63744
35739	63746
35740	63749
35741	63751
35742	63752
35743	63754
35744	63756
35745	63758
35746	63759
35747	63761
35748	63762
35749	63764
35750	63767
35751	63769
35752	63770
35753	63772
35754	63775
35755	63777
35756	63778
35757	63780
35758	63781
35759	63783
35760	63783
35761	63784
35762	63786
35763	63787
35764	63789
35765	63790
35766	63792
35767	63795
35768	63797
35769	63798
35770	63800
35771	63803
35772	63805
35773	63806
35774	63808
35775	63810
35776	63812
35777	63813
35778	63815
35779	63816
35780	63818
35781	63821
35782	63823
35783	63824
35784	63826
35785	63829
35786	63831
35787	63832
35788	63834
35789	63836
35790	63838
35791	63839
35792	63841
35793	63842
35794	63844
35795	63847
35796	63849
35797	63850
35798	63852
35799	63855
35800	63857
35801	63858
35802	63860
35803	63861
35804	63863
35805	63864
35806	63866
35807	63867
35808	63869
35809	63870
35810	63872
35811	63875
35812	63877
35813	63878
35814	63880
35815	63883
35816	63885
35817	63886
35818	63888
35819	63891
35820	63893
35821	63894
35822	63895
35823	63896
35824	63897
35825	63898
35826	63900
35827	63901
35828	63903
35829	63904
35830	63906
35831	63909
35832	63911
35833	63912
35834	63914
35835	63917
35836	63919
35837	63920
35838	63922
35839	63924
35840	63926
35841	63927
35842	63929
35843	63930
35844	63932
35845	63935
35846	63937
35847	63938
35848	63940
35849	63943
35850	63945
35851	63946
35852	63948
35853	63950
35854	63952
35855	63953
35856	63955
35857	63956
35858	63958
35859	63961
35860	63963
35861	63964
35862	63966
35863	63969
35864	63971
35865	63972
35866	63974
35867	63975
35868	63977
35869	63977
35870	63978
35871	63980
35872	63980
35873	63983
35874	63985
35875	63986
35876	63988
35877	63991
35878	63993
35879	63994
35880	63996
35881	63999
35882	64001
35883	64002
35884	64003
35885	64004
35886	64005
35887	64006
35888	64008
35889	64009
35890	64011
35891	64012
35892	64014
35893	64017
35894	64019
35895	64020
35896	64022
35897	64025
35898	64027
35899	64028
35900	64030
35901	64032
35902	64034
35903	64034
35904	64035
35905	64037
35906	64040
35907	64042
35908	64043
35909	64045
35910	64048
35911	64050
35912	64051
35913	64053
35914	64056
35915	64058
35916	64059
35917	64060
35918	64061
35919	64062
35920	64063
35921	64065
35922	64066
35923	64068
35924	64069
35925	64071
35926	64074
35927	64076
35928	64077
35929	64079
35930	64082
35931	64084
35932	64085
35933	64087
35934	64089
35935	64091
35936	64092
35937	64094
35938	64095
35939	64097
35940	64100
35941	64102
35942	64103
35943	64105
35944	64108
35945	64110
35946	64111
35947	64113
35948	64115
35949	64117
35950	64118
35951	64120
35952	64121
35953	64123
35954	64126
35955	64128
35956	64129
35957	64131
35958	64134
35959	64136
35960	64137
35961	64139
35962	64140
35963	64142
35964	64142
35965	64143
35966	64145
35967	64146
35968	64148
35969	64149
35970	64151
35971	64154
35972	64156
35973	64157
35974	64159
35975	64162
35976	64164
35977	64165
35978	64167
35979	64169
35980	64171
35981	64172
35982	64174
35983	64175
35984	64177
35985	64180
35986	64182
35987	64183
35988	64185
35989	64188
35990	64190
35991	64191
35992	64193
35993	64195
35994	64197
35995	64198
35996	64200
35997	64201
35998	64203
35999	64206
36000	64208
36001	64209
36002	64211
36003	64214
36004	64216
36005	64217
36006	64219
36007	64220
36008	64222
36009	64223
36010	64225
36011	64226
36012	64228
36013	64229
36014	64230
36015	64231
36016	64233
36017	64236
36018	64238
36019	64239
36020	64241
36021	64244
36022	64246
36023	64247
36024	64249
36025	64252
36026	64254
36027	64255
36028	64256
36029	64257
36030	64259
36031	64262
36032	64264
36033	64265
36034	64267
36035	64270
36036	64272
36037	64273
36038	64275
36039	64278
36040	64280
36041	64281
36042	64282
36043	64283
36044	64285
36045	64288
36046	64290
36047	64291
36048	64293
36049	64296
36050	64298
36051	64299
36052	64301
36053	64304
36054	64306
36055	64307
36056	64308
36057	64308
36058	64309
36059	64310
36060	64311
36061	64313
36062	64316
36063	64318
36064	64319
36065	64321
36066	64324
36067	64326
36068	64327
36069	64329
36070	64332
36071	64334
36072	64335
36073	64336
36074	64337
36075	64338
36076	64339
36077	64341
36078	64342
36079	64344
36080	64345
36081	64347
36082	64350
36083	64352
36084	64353
36085	64355
36086	64358
36087	64360
36088	64361
36089	64363
36090	64365
36091	64367
36092	64367
36093	64368
36094	64370
36095	64373
36096	64375
36097	64376
36098	64378
36099	64381
36100	64383
36101	64384
36102	64386
36103	64389
36104	64391
36105	64392
36106	64393
36107	64394
36108	64396
36109	64399
36110	64401
36111	64402
36112	64404
36113	64407
36114	64409
36115	64410
36116	64412
36117	64415
36118	64417
36119	64418
36120	64419
36121	64420
36122	64422
36123	64425
36124	64427
36125	64428
36126	64430
36127	64433
36128	64435
36129	64436
36130	64438
36131	64441
36132	64443
36133	64444
36134	64445
36135	64445
36136	64446
36137	64447
36138	64448
36139	64449
36140	64449
36141	64451
36142	64451
36143	64452
36144	64454
36145	64457
36146	64459
36147	64460
36148	64462
36149	64465
36150	64467
36151	64468
36152	64470
36153	64473
36154	64475
36155	64476
36156	64477
36157	64478
36158	64480
36159	64483
36160	64485
36161	64486
36162	64488
36163	64491
36164	64493
36165	64494
36166	64496
36167	64499
36168	64501
36169	64502
36170	64503
36171	64504
36172	64506
36173	64509
36174	64511
36175	64512
36176	64514
36177	64517
36178	64519
36179	64520
36180	64522
36181	64525
36182	64527
36183	64528
36184	64529
36185	64529
36186	64530
36187	64532
36188	64535
36189	64537
36190	64538
36191	64540
36192	64543
36193	64545
36194	64546
36195	64548
36196	64551
36197	64553
36198	64554
36199	64555
36200	64556
36201	64558
36202	64561
36203	64563
36204	64564
36205	64566
36206	64569
36207	64571
36208	64572
36209	64574
36210	64577
36211	64579
36212	64580
36213	64581
36214	64582
36215	64584
36216	64587
36217	64589
36218	64590
36219	64592
36220	64595
36221	64597
36222	64598
36223	64600
36224	64603
36225	64605
36226	64606
36227	64607
36228	64608
36229	64609
36230	64610
36231	64612
36232	64613
36233	64615
36234	64616
36235	64618
36236	64621
36237	64623
36238	64624
36239	64626
36240	64629
36241	64631
36242	64632
36243	64634
36244	64636
36245	64638
36246	64638
36247	64639
36248	64641
36249	64644
36250	64646
36251	64647
36252	64649
36253	64652
36254	64654
36255	64655
36256	64657
36257	64660
36258	64662
36259	64663
36260	64664
36261	64665
36262	64667
36263	64670
36264	64672
36265	64673
36266	64675
36267	64678
36268	64680
36269	64681
36270	64683
36271	64686
36272	64688
36273	64689
36274	64690
36275	64691
36276	64693
36277	64696
36278	64698
36279	64699
36280	64701
36281	64704
36282	64706
36283	64707
36284	64709
36285	64712
36286	64714
36287	64715
36288	64716
36289	64716
36290	64717
36291	64718
36292	64719
36293	64720
36294	64721
36295	64723
36296	64724
36297	64726
36298	64727
36299	64729
36300	64732
36301	64734
36302	64735
36303	64737
36304	64740
36305	64742
36306	64743
36307	64745
36308	64748
36309	64750
36310	64751
36311	64752
36312	64753
36313	64755
36314	64758
36315	64760
36316	64761
36317	64763
36318	64766
36319	64768
36320	64769
36321	64771
36322	64774
36323	64776
36324	64777
36325	64778
36326	64779
36327	64781
36328	64784
36329	64786
36330	64787
36331	64789
36332	64792
36333	64794
36334	64795
36335	64797
36336	64800
36337	64802
36338	64803
36339	64804
36340	64805
36341	64806
36342	64807
36343	64809
36344	64810
36345	64812
36346	64813
36347	64815
36348	64818
36349	64820
36350	64821
36351	64823
36352	64826
36353	64828
36354	64829
36355	64831
36356	64833
36357	64835
36358	64836
36359	64838
36360	64839
36361	64841
36362	64844
36363	64846
36364	64847
36365	64849
36366	64852
36367	64854
36368	64855
36369	64857
36370	64859
36371	64861
36372	64862
36373	64864
36374	64865
36375	64867
36376	64870
36377	64872
36378	64873
36379	64875
36380	64878
36381	64880
36382	64881
36383	64883
36384	64884
36385	64886
36386	64887
36387	64889
36388	64890
36389	64892
36390	64893
36391	64895
36392	64898
36393	64900
36394	64901
36395	64903
36396	64906
36397	64908
36398	64909
36399	64911
36400	64914
36401	64916
36402	64917
36403	64918
36404	64919
36405	64921
36406	64924
36407	64926
36408	64927
36409	64929
36410	64932
36411	64934
36412	64935
36413	64937
36414	64940
36415	64942
36416	64943
36417	64944
36418	64945
36419	64946
36420	64947
36421	64948
36422	64948
36423	64949
36424	64951
36425	64954
36426	64956
36427	64957
36428	64959
36429	64962
36430	64964
36431	64965
36432	64967
36433	64969
36434	64971
36435	64972
36436	64973
36437	64974
36438	64976
36439	64979
36440	64981
36441	64982
36442	64984
36443	64987
36444	64989
36445	64990
36446	64992
36447	64995
36448	64997
36449	64998
36450	64999
36451	65000
36452	65002
36453	65005
36454	65007
36455	65008
36456	65010
36457	65013
36458	65015
36459	65016
36460	65018
36461	65021
36462	65023
36463	65024
36464	65025
36465	65026
36466	65027
36467	65027
36468	65028
36469	65030
36470	65033
36471	65035
36472	65036
36473	65038
36474	65041
36475	65043
36476	65044
36477	65046
36478	65049
36479	65051
36480	65052
36481	65053
36482	65054
36483	65056
36484	65059
36485	65061
36486	65062
36487	65064
36488	65067
36489	65069
36490	65070
36491	65072
36492	65075
36493	65077
36494	65078
36495	65079
36496	65080
36497	65081
36498	65082
36499	65083
36500	65084
36501	65086
36502	65087
36503	65089
36504	65092
36505	65094
36506	65095
36507	65097
36508	65100
36509	65102
36510	65103
36511	65105
36512	65107
36513	65109
36514	65110
36515	65112
36516	65113
36517	65115
36518	65118
36519	65120
36520	65121
36521	65123
36522	65126
36523	65128
36524	65129
36525	65131
36526	65133
36527	65135
36528	65135
36529	65136
36530	65138
36531	65141
36532	65143
36533	65144
36534	65146
36535	65149
36536	65151
36537	65152
36538	65154
36539	65157
36540	65159
36541	65160
36542	65161
36543	65162
36544	65163
36545	65164
36546	65165
36547	65166
36548	65168
36549	65169
36550	65171
36551	65173
36552	65175
36553	65176
36554	65178
36555	65179
36556	65181
36557	65184
36558	65186
36559	65187
36560	65189
36561	65192
36562	65194
36563	65195
36564	65197
36565	65199
36566	65201
36567	65201
36568	65202
36569	65204
36570	65207
36571	65209
36572	65210
36573	65212
36574	65215
36575	65217
36576	65218
36577	65220
36578	65223
36579	65225
36580	65226
36581	65227
36582	65228
36583	65230
36584	65233
36585	65235
36586	65236
36587	65238
36588	65241
36589	65243
36590	65244
36591	65246
36592	65249
36593	65251
36594	65252
36595	65253
36596	65254
36597	65256
36598	65259
36599	65261
36600	65262
36601	65264
36602	65267
36603	65269
36604	65270
36605	65272
36606	65275
36607	65277
36608	65278
36609	65279
36610	65279
36611	65280
36612	65282
36613	65285
36614	65287
36615	65288
36616	65290
36617	65293
36618	65295
36619	65296
36620	65298
36621	65301
36622	65303
36623	65304
36624	65305
36625	65306
36626	65308
36627	65311
36628	65313
36629	65314
36630	65316
36631	65319
36632	65321
36633	65322
36634	65324
36635	65327
36636	65329
36637	65330
36638	65331
36639	65332
36640	65334
36641	65337
36642	65339
36643	65340
36644	65342
36645	65345
36646	65347
36647	65348
36648	65350
36649	65353
36650	65355
36651	65356
36652	65357
36653	65358
36654	65359
36655	65360
36656	65361
36657	65362
36658	65364
36659	65365
36660	65367
36661	65370
36662	65372
36663	65373
36664	65375
36665	65378
36666	65380
36667	65381
36668	65383
36669	65385
36670	65387
36671	65388
36672	65390
36673	65391
36674	65393
36675	65396
36676	65398
36677	65399
36678	65401
36679	65404
36680	65406
36681	65407
36682	65409
36683	65411
36684	65413
36685	65413
36686	65414
36687	65416
36688	65419
36689	65421
36690	65422
36691	65424
36692	65427
36693	65429
36694	65430
36695	65432
36696	65435
36697	65437
36698	65438
36699	65439
36700	65440
36701	65442
36702	65445
36703	65447
36704	65448
36705	65450
36706	65453
36707	65455
36708	65456
36709	65458
36710	65461
36711	65463
36712	65464
36713	65465
36714	65466
36715	65468
36716	65471
36717	65473
36718	65474
36719	65476
36720	65479
36721	65481
36722	65482
36723	65484
36724	65487
36725	65489
36726	65490
36727	65491
36728	65491
36729	65492
36730	65494
36731	65497
36732	65499
36733	65500
36734	65502
36735	65505
36736	65507
36737	65508
36738	65510
36739	65513
36740	65515
36741	65516
36742	65517
36743	65518
36744	65520
36745	65523
36746	65525
36747	65526
36748	65528
36749	65531
36750	65533
36751	65534
36752	65536
36753	65539
36754	65541
36755	65542
36756	65543
36757	65544
36758	65546
36759	65549
36760	65551
36761	65552
36762	65554
36763	65557
36764	65559
36765	65560
36766	65562
36767	65565
36768	65567
36769	65568
36770	65569
36771	65570
36772	65571
36773	65572
36774	65573
36775	65574
36776	65576
36777	65577
36778	65579
36779	65582
36780	65584
36781	65585
36782	65587
36783	65590
36784	65592
36785	65593
36786	65595
36787	65597
36788	65599
36789	65600
36790	65602
36791	65603
36792	65605
36793	65608
36794	65610
36795	65611
36796	65613
36797	65616
36798	65618
36799	65619
36800	65621
36801	65623
36802	65625
36803	65625
36804	65626
36805	65627
36806	65628
36807	65630
36808	65631
36809	65633
36810	65634
36811	65635
36812	65636
36813	65638
36814	65641
36815	65643
36816	65644
36817	65646
36818	65649
36819	65651
36820	65652
36821	65654
36822	65657
36823	65659
36824	65660
36825	65661
36826	65662
36827	65663
36828	65664
36829	65665
36830	65665
36831	65666
36832	65668
36833	65671
36834	65673
36835	65674
36836	65676
36837	65679
36838	65681
36839	65682
36840	65684
36841	65687
36842	65689
36843	65690
36844	65691
36845	65692
36846	65694
36847	65697
36848	65699
36849	65700
36850	65702
36851	65705
36852	65707
36853	65708
36854	65710
36855	65713
36856	65715
36857	65716
36858	65717
36859	65718
36860	65719
36861	65720
36862	65722
36863	65722
36864	65725
36865	65727
36866	65728
36867	65730
36868	65733
36869	65735
36870	65736
36871	65738
36872	65741
36873	65743
36874	65744
36875	65745
36876	65746
36877	65748
36878	65751
36879	65753
36880	65754
36881	65756
36882	65759
36883	65761
36884	65762
36885	65764
36886	65767
36887	65769
36888	65770
36889	65771
36890	65772
36891	65773
36892	65774
36893	65775
36894	65776
36895	65778
36896	65779
36897	65781
36898	65784
36899	65786
36900	65787
36901	65789
36902	65792
36903	65794
36904	65795
36905	65797
36906	65799
36907	65801
36908	65802
36909	65804
36910	65805
36911	65807
36912	65810
36913	65812
36914	65813
36915	65815
36916	65818
36917	65820
36918	65821
36919	65823
36920	65825
36921	65827
36922	65827
36923	65828
36924	65830
36925	65833
36926	65835
36927	65836
36928	65838
36929	65841
36930	65843
36931	65844
36932	65846
36933	65849
36934	65851
36935	65852
36936	65853
36937	65854
36938	65856
36939	65859
36940	65861
36941	65862
36942	65864
36943	65867
36944	65869
36945	65870
36946	65872
36947	65875
36948	65877
36949	65878
36950	65879
36951	65880
36952	65882
36953	65885
36954	65887
36955	65888
36956	65890
36957	65893
36958	65895
36959	65896
36960	65898
36961	65901
36962	65903
36963	65904
36964	65905
36965	65905
36966	65906
36967	65908
36968	65911
36969	65913
36970	65914
36971	65916
36972	65919
36973	65921
36974	65922
36975	65924
36976	65927
36977	65929
36978	65930
36979	65931
36980	65932
36981	65934
36982	65937
36983	65939
36984	65940
36985	65942
36986	65945
36987	65947
36988	65948
36989	65950
36990	65953
36991	65955
36992	65956
36993	65957
36994	65958
36995	65960
36996	65963
36997	65965
36998	65966
36999	65968
37000	65971
37001	65973
37002	65974
37003	65976
37004	65979
37005	65981
37006	65982
37007	65983
37008	65984
37009	65985
37010	65986
37011	65987
37012	65988
37013	65990
37014	65991
37015	65993
37016	65996
37017	65998
37018	65999
37019	66001
37020	66004
37021	66006
37022	66007
37023	66009
37024	66011
37025	66013
37026	66014
37027	66016
37028	66017
37029	66019
37030	66022
37031	66024
37032	66025
37033	66027
37034	66030
37035	66032
37036	66033
37037	66035
37038	66037
37039	66039
37040	66039
37041	66040
37042	66042
37043	66045
37044	66047
37045	66048
37046	66050
37047	66053
37048	66055
37049	66056
37050	66058
37051	66061
37052	66063
37053	66064
37054	66065
37055	66066
37056	66068
37057	66071
37058	66073
37059	66074
37060	66076
37061	66079
37062	66081
37063	66082
37064	66084
37065	66087
37066	66089
37067	66090
37068	66091
37069	66092
37070	66093
37071	66094
37072	66096
37073	66097
37074	66099
37075	66100
37076	66102
37077	66105
37078	66107
37079	66108
37080	66110
37081	66113
37082	66115
37083	66116
37084	66118
37085	66120
37086	66122
37087	66123
37088	66125
37089	66126
37090	66128
37091	66131
37092	66133
37093	66134
37094	66136
37095	66139
37096	66141
37097	66142
37098	66144
37099	66146
37100	66148
37101	66149
37102	66151
37103	66152
37104	66154
37105	66157
37106	66159
37107	66160
37108	66162
37109	66165
37110	66167
37111	66168
37112	66170
37113	66171
37114	66173
37115	66174
37116	66176
37117	66177
37118	66179
37119	66180
37120	66182
37121	66185
37122	66187
37123	66188
37124	66190
37125	66193
37126	66195
37127	66196
37128	66198
37129	66201
37130	66203
37131	66204
37132	66205
37133	66206
37134	66208
37135	66211
37136	66213
37137	66214
37138	66216
37139	66219
37140	66221
37141	66222
37142	66224
37143	66227
37144	66229
37145	66230
37146	66231
37147	66232
37148	66234
37149	66237
37150	66239
37151	66240
37152	66242
37153	66245
37154	66247
37155	66248
37156	66250
37157	66253
37158	66255
37159	66256
37160	66257
37161	66258
37162	66259
37163	66260
37164	66262
37165	66263
37166	66265
37167	66266
37168	66268
37169	66271
37170	66273
37171	66274
37172	66276
37173	66279
37174	66281
37175	66282
37176	66284
37177	66286
37178	66288
37179	66289
37180	66291
37181	66292
37182	66294
37183	66297
37184	66299
37185	66300
37186	66302
37187	66305
37188	66307
37189	66308
37190	66310
37191	66312
37192	66314
37193	66315
37194	66317
37195	66318
37196	66320
37197	66323
37198	66325
37199	66326
37200	66328
37201	66331
37202	66333
37203	66334
37204	66336
37205	66337
37206	66339
37207	66339
37208	66340
37209	66342
37210	66343
37211	66345
37212	66346
37213	66348
37214	66351
37215	66353
37216	66354
37217	66356
37218	66359
37219	66361
37220	66362
37221	66364
37222	66366
37223	66368
37224	66369
37225	66371
37226	66372
37227	66374
37228	66377
37229	66379
37230	66380
37231	66382
37232	66385
37233	66387
37234	66388
37235	66390
37236	66392
37237	66394
37238	66395
37239	66397
37240	66398
37241	66400
37242	66403
37243	66405
37244	66406
37245	66408
37246	66411
37247	66413
37248	66414
37249	66416
37250	66417
37251	66419
37252	66420
37253	66422
37254	66423
37255	66425
37256	66426
37257	66427
37258	66428
37259	66430
37260	66433
37261	66435
37262	66436
37263	66438
37264	66441
37265	66443
37266	66444
37267	66446
37268	66449
37269	66451
37270	66452
37271	66453
37272	66454
37273	66456
37274	66459
37275	66461
37276	66462
37277	66464
37278	66467
37279	66469
37280	66470
37281	66472
37282	66475
37283	66477
37284	66478
37285	66479
37286	66480
37287	66482
37288	66485
37289	66487
37290	66488
37291	66490
37292	66493
37293	66495
37294	66496
37295	66498
37296	66501
37297	66503
37298	66504
37299	66505
37300	66505
37301	66506
37302	66507
37303	66508
37304	66509
37305	66510
37306	66512
37307	66513
37308	66515
37309	66516
37310	66518
37311	66521
37312	66523
37313	66524
37314	66526
37315	66529
37316	66531
37317	66532
37318	66534
37319	66537
37320	66539
37321	66540
37322	66541
37323	66542
37324	66544
37325	66547
37326	66549
37327	66550
37328	66552
37329	66555
37330	66557
37331	66558
37332	66560
37333	66563
37334	66565
37335	66566
37336	66567
37337	66568
37338	66569
37339	66570
37340	66571
37341	66572
37342	66574
37343	66575
37344	66577
37345	66580
37346	66582
37347	66583
37348	66585
37349	66588
37350	66590
37351	66591
37352	66593
37353	66595
37354	66597
37355	66598
37356	66600
37357	66601
37358	66603
37359	66606
37360	66608
37361	66609
37362	66611
37363	66614
37364	66616
37365	66617
37366	66619
37367	66621
37368	66623
37369	66623
37370	66624
37371	66626
37372	66629
37373	66631
37374	66632
37375	66634
37376	66637
37377	66639
37378	66640
37379	66642
37380	66645
37381	66647
37382	66648
37383	66649
37384	66650
37385	66652
37386	66655
37387	66657
37388	66658
37389	66660
37390	66663
37391	66665
37392	66666
37393	66668
37394	66671
37395	66673
37396	66674
37397	66675
37398	66676
37399	66678
37400	66681
37401	66683
37402	66684
37403	66686
37404	66689
37405	66691
37406	66692
37407	66694
37408	66697
37409	66699
37410	66700
37411	66701
37412	66701
37413	66702
37414	66704
37415	66707
37416	66709
37417	66710
37418	66712
37419	66715
37420	66717
37421	66718
37422	66720
37423	66723
37424	66725
37425	66726
37426	66727
37427	66728
37428	66729
37429	66730
37430	66732
37431	66733
37432	66735
37433	66736
37434	66738
37435	66741
37436	66743
37437	66744
37438	66746
37439	66749
37440	66751
37441	66752
37442	66754
37443	66756
37444	66758
37445	66759
37446	66761
37447	66762
37448	66764
37449	66766
37450	66768
37451	66769
37452	66771
37453	66772
37454	66774
37455	66777
37456	66779
37457	66780
37458	66782
37459	66785
37460	66787
37461	66788
37462	66790
37463	66792
37464	66794
37465	66794
37466	66795
37467	66797
37468	66800
37469	66802
37470	66803
37471	66805
37472	66808
37473	66810
37474	66811
37475	66813
37476	66816
37477	66818
37478	66819
37479	66820
37480	66821
37481	66823
37482	66826
37483	66828
37484	66829
37485	66831
37486	66834
37487	66836
37488	66837
37489	66839
37490	66842
37491	66844
37492	66845
37493	66846
37494	66847
37495	66848
37496	66849
37497	66851
37498	66852
37499	66854
37500	66855
37501	66857
37502	66860
37503	66862
37504	66863
37505	66865
37506	66868
37507	66870
37508	66871
37509	66873
37510	66875
37511	66877
37512	66878
37513	66880
37514	66881
37515	66883
37516	66886
37517	66888
37518	66889
37519	66891
37520	66894
37521	66896
37522	66897
37523	66899
37524	66901
37525	66903
37526	66904
37527	66906
37528	66907
37529	66909
37530	66912
37531	66914
37532	66915
37533	66917
37534	66920
37535	66922
37536	66923
37537	66925
37538	66926
37539	66928
37540	66928
37541	66929
37542	66931
37543	66931
37544	66934
37545	66936
37546	66937
37547	66939
37548	66942
37549	66944
37550	66945
37551	66947
37552	66950
37553	66952
37554	66953
37555	66954
37556	66955
37557	66957
37558	66960
37559	66962
37560	66963
37561	66965
37562	66968
37563	66970
37564	66971
37565	66973
37566	66976
37567	66978
37568	66979
37569	66980
37570	66981
37571	66983
37572	66985
37573	66987
37574	66988
37575	66990
37576	66991
37577	66993
37578	66996
37579	66998
37580	66999
37581	67001
37582	67004
37583	67006
37584	67007
37585	67009
37586	67012
37587	67014
37588	67015
37589	67016
37590	67017
37591	67018
37592	67019
37593	67020
37594	67021
37595	67023
37596	67024
37597	67026
37598	67029
37599	67031
37600	67032
37601	67034
37602	67037
37603	67039
37604	67040
37605	67042
37606	67044
37607	67046
37608	67046
37609	67047
37610	67048
37611	67049
37612	67051
37613	67052
37614	67054
37615	67055
37616	67056
37617	67057
37618	67059
37619	67062
37620	67064
37621	67065
37622	67067
37623	67070
37624	67072
37625	67073
37626	67075
37627	67078
37628	67080
37629	67081
37630	67082
37631	67083
37632	67085
37633	67088
37634	67090
37635	67091
37636	67093
37637	67096
37638	67098
37639	67099
37640	67101
37641	67104
37642	67106
37643	67107
37644	67108
37645	67109
37646	67110
37647	67111
37648	67113
37649	67113
37650	67116
37651	67118
37652	67119
37653	67121
37654	67124
37655	67126
37656	67127
37657	67129
37658	67132
37659	67134
37660	67135
37661	67136
37662	67137
37663	67139
37664	67142
37665	67144
37666	67145
37667	67147
37668	67149
37669	67151
37670	67151
37671	67152
37672	67153
37673	67154
37674	67156
37675	67157
37676	67159
37677	67160
37678	67162
37679	67165
37680	67167
37681	67168
37682	67170
37683	67173
37684	67175
37685	67176
37686	67178
37687	67181
37688	67183
37689	67184
37690	67185
37691	67186
37692	67188
37693	67191
37694	67193
37695	67194
37696	67196
37697	67199
37698	67201
37699	67202
37700	67204
37701	67207
37702	67209
37703	67210
37704	67211
37705	67212
37706	67214
37707	67217
37708	67219
37709	67220
37710	67222
37711	67225
37712	67227
37713	67228
37714	67230
37715	67233
37716	67235
37717	67236
37718	67237
37719	67238
37720	67239
37721	67240
37722	67242
37723	67243
37724	67245
37725	67246
37726	67248
37727	67251
37728	67253
37729	67254
37730	67256
37731	67259
37732	67261
37733	67262
37734	67264
37735	67266
37736	67268
37737	67269
37738	67271
37739	67272
37740	67274
37741	67277
37742	67279
37743	67280
37744	67282
37745	67285
37746	67287
37747	67288
37748	67290
37749	67292
37750	67294
37751	67295
37752	67297
37753	67298
37754	67300
37755	67303
37756	67305
37757	67306
37758	67308
37759	67311
37760	67313
37761	67314
37762	67316
37763	67317
37764	67319
37765	67320
37766	67322
37767	67323
37768	67325
37769	67326
37770	67328
37771	67331
37772	67333
37773	67334
37774	67336
37775	67339
37776	67341
37777	67342
37778	67344
37779	67347
37780	67349
37781	67350
37782	67351
37783	67352
37784	67354
37785	67357
37786	67359
37787	67360
37788	67362
37789	67365
37790	67367
37791	67368
37792	67370
37793	67373
37794	67375
37795	67376
37796	67377
37797	67378
37798	67379
37799	67380
37800	67382
37801	67383
37802	67385
37803	67386
37804	67388
37805	67391
37806	67393
37807	67394
37808	67396
37809	67399
37810	67401
37811	67402
37812	67404
37813	67406
37814	67408
37815	67409
37816	67411
37817	67412
37818	67414
37819	67417
37820	67419
37821	67420
37822	67422
37823	67425
37824	67427
37825	67428
37826	67430
37827	67432
37828	67434
37829	67435
37830	67437
37831	67438
37832	67440
37833	67443
37834	67445
37835	67446
37836	67448
37837	67451
37838	67453
37839	67454
37840	67456
37841	67457
37842	67459
37843	67460
37844	67462
37845	67463
37846	67465
37847	67466
37848	67468
37849	67471
37850	67473
37851	67474
37852	67476
37853	67479
37854	67481
37855	67482
37856	67484
37857	67487
37858	67489
37859	67490
37860	67491
37861	67492
37862	67494
37863	67497
37864	67499
37865	67500
37866	67502
37867	67505
37868	67507
37869	67508
37870	67510
37871	67513
37872	67515
37873	67516
37874	67517
37875	67518
37876	67520
37877	67523
37878	67525
37879	67526
37880	67528
37881	67531
37882	67533
37883	67534
37884	67536
37885	67539
37886	67541
37887	67542
37888	67543
37889	67544
37890	67545
37891	67546
37892	67548
37893	67549
37894	67551
37895	67552
37896	67554
37897	67557
37898	67559
37899	67560
37900	67562
37901	67565
37902	67567
37903	67568
37904	67570
37905	67572
37906	67574
37907	67575
37908	67577
37909	67578
37910	67580
37911	67583
37912	67585
37913	67586
37914	67588
37915	67591
37916	67593
37917	67594
37918	67596
37919	67598
37920	67600
37921	67601
37922	67603
37923	67604
37924	67606
37925	67609
37926	67611
37927	67612
37928	67614
37929	67617
37930	67619
37931	67620
37932	67622
37933	67623
37934	67625
37935	67626
37936	67628
37937	67629
37938	67631
37939	67632
37940	67634
37941	67637
37942	67639
37943	67640
37944	67642
37945	67645
37946	67647
37947	67648
37948	67650
37949	67653
37950	67655
37951	67656
37952	67657
37953	67658
37954	67660
37955	67663
37956	67665
37957	67666
37958	67668
37959	67671
37960	67673
37961	67674
37962	67676
37963	67679
37964	67681
37965	67682
37966	67683
37967	67684
37968	67686
37969	67689
37970	67691
37971	67692
37972	67694
37973	67697
37974	67699
37975	67700
37976	67702
37977	67705
37978	67707
37979	67708
37980	67709
37981	67710
37982	67711
37983	67712
37984	67713
37985	67714
37986	67716
37987	67717
37988	67719
37989	67722
37990	67724
37991	67725
37992	67727
37993	67730
37994	67732
37995	67733
37996	67735
37997	67737
37998	67739
37999	67740
38000	67742
38001	67743
38002	67745
38003	67748
38004	67750
38005	67751
38006	67753
38007	67756
38008	67758
38009	67759
38010	67761
38011	67763
38012	67765
38013	67765
38014	67766
38015	67768
38016	67771
38017	67773
38018	67774
38019	67776
38020	67779
38021	67781
38022	67782
38023	67784
38024	67787
38025	67789
38026	67790
38027	67791
38028	67792
38029	67794
38030	67797
38031	67799
38032	67800
38033	67802
38034	67805
38035	67807
38036	67808
38037	67810
38038	67813
38039	67815
38040	67816
38041	67817
38042	67818
38043	67820
38044	67823
38045	67825
38046	67826
38047	67828
38048	67831
38049	67833
38050	67834
38051	67836
38052	67839
38053	67841
38054	67842
38055	67843
38056	67843
38057	67844
38058	67846
38059	67849
38060	67851
38061	67852
38062	67854
38063	67857
38064	67859
38065	67860
38066	67862
38067	67865
38068	67867
38069	67868
38070	67869
38071	67870
38072	67872
38073	67875
38074	67877
38075	67878
38076	67880
38077	67883
38078	67885
38079	67886
38080	67888
38081	67891
38082	67893
38083	67894
38084	67895
38085	67896
38086	67897
38087	67898
38088	67900
38089	67900
38090	67903
38091	67905
38092	67906
38093	67908
38094	67911
38095	67913
38096	67914
38097	67916
38098	67919
38099	67921
38100	67922
38101	67923
38102	67924
38103	67926
38104	67929
38105	67931
38106	67932
38107	67934
38108	67937
38109	67939
38110	67940
38111	67942
38112	67945
38113	67947
38114	67948
38115	67949
38116	67950
38117	67951
38118	67952
38119	67953
38120	67953
38121	67954
38122	67956
38123	67959
38124	67961
38125	67962
38126	67964
38127	67967
38128	67969
38129	67970
38130	67972
38131	67975
38132	67977
38133	67978
38134	67979
38135	67980
38136	67981
38137	67982
38138	67984
38139	67984
38140	67987
38141	67989
38142	67990
38143	67992
38144	67995
38145	67997
38146	67998
38147	68000
38148	68003
38149	68005
38150	68006
38151	68007
38152	68008
38153	68010
38154	68013
38155	68015
38156	68016
38157	68018
38158	68021
38159	68023
38160	68024
38161	68026
38162	68029
38163	68031
38164	68032
38165	68033
38166	68034
38167	68036
38168	68039
38169	68041
38170	68042
38171	68044
38172	68047
38173	68049
38174	68050
38175	68052
38176	68055
38177	68057
38178	68058
38179	68059
38180	68060
38181	68061
38182	68062
38183	68064
38184	68065
38185	68067
38186	68068
38187	68070
38188	68073
38189	68075
38190	68076
38191	68078
38192	68081
38193	68083
38194	68084
38195	68086
38196	68088
38197	68090
38198	68090
38199	68091
38200	68093
38201	68096
38202	68098
38203	68099
38204	68101
38205	68104
38206	68106
38207	68107
38208	68109
38209	68112
38210	68114
38211	68115
38212	68116
38213	68117
38214	68119
38215	68122
38216	68124
38217	68125
38218	68127
38219	68130
38220	68132
38221	68133
38222	68135
38223	68138
38224	68140
38225	68141
38226	68142
38227	68143
38228	68145
38229	68148
38230	68150
38231	68151
38232	68153
38233	68156
38234	68158
38235	68159
38236	68161
38237	68164
38238	68166
38239	68167
38240	68168
38241	68168
38242	68169
38243	68171
38244	68174
38245	68176
38246	68177
38247	68179
38248	68182
38249	68184
38250	68185
38251	68187
38252	68190
38253	68192
38254	68193
38255	68194
38256	68195
38257	68197
38258	68200
38259	68202
38260	68203
38261	68205
38262	68208
38263	68210
38264	68211
38265	68213
38266	68216
38267	68218
38268	68219
38269	68220
38270	68221
38271	68223
38272	68226
38273	68228
38274	68229
38275	68231
38276	68234
38277	68236
38278	68237
38279	68239
38280	68242
38281	68244
38282	68245
38283	68246
38284	68247
38285	68248
38286	68249
38287	68250
38288	68250
38289	68251
38290	68252
38291	68253
38292	68254
38293	68255
38294	68257
38295	68258
38296	68260
38297	68261
38298	68263
38299	68266
38300	68268
38301	68269
38302	68271
38303	68274
38304	68276
38305	68277
38306	68279
38307	68282
38308	68284
38309	68285
38310	68286
38311	68287
38312	68288
38313	68288
38314	68289
38315	68291
38316	68294
38317	68296
38318	68297
38319	68299
38320	68302
38321	68304
38322	68305
38323	68307
38324	68310
38325	68312
38326	68313
38327	68314
38328	68315
38329	68317
38330	68320
38331	68322
38332	68323
38333	68325
38334	68327
38335	68329
38336	68330
38337	68332
38338	68333
38339	68335
38340	68338
38341	68340
38342	68341
38343	68343
38344	68346
38345	68348
38346	68349
38347	68351
38348	68353
38349	68355
38350	68355
38351	68356
38352	68358
38353	68361
38354	68363
38355	68364
38356	68366
38357	68369
38358	68371
38359	68372
38360	68374
38361	68377
38362	68379
38363	68380
38364	68381
38365	68382
38366	68384
38367	68387
38368	68389
38369	68390
38370	68392
38371	68395
38372	68397
38373	68398
38374	68400
38375	68403
38376	68405
38377	68406
38378	68407
38379	68408
38380	68409
38381	68410
38382	68412
38383	68413
38384	68415
38385	68416
38386	68418
38387	68421
38388	68423
38389	68424
38390	68426
38391	68429
38392	68431
38393	68432
38394	68434
38395	68436
38396	68438
38397	68439
38398	68441
38399	68442
38400	68444
38401	68447
38402	68449
38403	68450
38404	68452
38405	68455
38406	68457
38407	68458
38408	68460
38409	68462
38410	68464
38411	68465
38412	68467
38413	68468
38414	68470
38415	68473
38416	68475
38417	68476
38418	68478
38419	68481
38420	68483
38421	68484
38422	68486
38423	68487
38424	68489
38425	68490
38426	68492
38427	68493
38428	68495
38429	68496
38430	68498
38431	68501
38432	68503
38433	68504
38434	68506
38435	68509
38436	68511
38437	68512
38438	68514
38439	68517
38440	68519
38441	68520
38442	68521
38443	68522
38444	68524
38445	68527
38446	68529
38447	68530
38448	68532
38449	68535
38450	68537
38451	68538
38452	68540
38453	68543
38454	68545
38455	68546
38456	68547
38457	68548
38458	68550
38459	68553
38460	68555
38461	68556
38462	68558
38463	68561
38464	68563
38465	68564
38466	68566
38467	68569
38468	68571
38469	68572
38470	68573
38471	68574
38472	68575
38473	68576
38474	68577
38475	68578
38476	68580
38477	68581
38478	68583
38479	68586
38480	68588
38481	68589
38482	68591
38483	68594
38484	68596
38485	68597
38486	68599
38487	68601
38488	68603
38489	68604
38490	68606
38491	68607
38492	68609
38493	68612
38494	68614
38495	68615
38496	68617
38497	68620
38498	68622
38499	68623
38500	68625
38501	68627
38502	68629
38503	68629
38504	68630
38505	68632
38506	68635
38507	68637
38508	68638
38509	68640
38510	68643
38511	68645
38512	68646
38513	68648
38514	68651
38515	68653
38516	68654
38517	68655
38518	68656
38519	68658
38520	68661
38521	68663
38522	68664
38523	68666
38524	68669
38525	68671
38526	68672
38527	68674
38528	68677
38529	68679
38530	68680
38531	68681
38532	68682
38533	68683
38534	68684
38535	68686
38536	68686
38537	68689
38538	68691
38539	68692
38540	68694
38541	68697
38542	68699
38543	68700
38544	68702
38545	68705
38546	68707
38547	68708
38548	68709
38549	68710
38550	68712
38551	68715
38552	68717
38553	68718
38554	68720
38555	68723
38556	68725
38557	68726
38558	68728
38559	68731
38560	68733
38561	68734
38562	68735
38563	68736
38564	68738
38565	68741
38566	68743
38567	68744
38568	68746
38569	68749
38570	68751
38571	68752
38572	68754
38573	68757
38574	68759
38575	68760
38576	68761
38577	68762
38578	68763
38579	68764
38580	68765
38581	68765
38582	68766
38583	68768
38584	68771
38585	68773
38586	68774
38587	68776
38588	68779
38589	68781
38590	68782
38591	68784
38592	68787
38593	68789
38594	68790
38595	68791
38596	68792
38597	68794
38598	68797
38599	68799
38600	68800
38601	68802
38602	68805
38603	68807
38604	68808
38605	68810
38606	68813
38607	68815
38608	68816
38609	68817
38610	68818
38611	68820
38612	68823
38613	68825
38614	68826
38615	68828
38616	68831
38617	68833
38618	68834
38619	68836
38620	68839
38621	68841
38622	68842
38623	68843
38624	68844
38625	68845
38626	68846
38627	68848
38628	68848
38629	68851
38630	68853
38631	68854
38632	68856
38633	68859
38634	68861
38635	68862
38636	68864
38637	68867
38638	68869
38639	68870
38640	68871
38641	68872
38642	68874
38643	68877
38644	68879
38645	68880
38646	68882
38647	68885
38648	68887
38649	68888
38650	68890
38651	68893
38652	68895
38653	68896
38654	68897
38655	68898
38656	68899
38657	68900
38658	68901
38659	68901
38660	68902
38661	68904
38662	68907
38663	68909
38664	68910
38665	68912
38666	68915
38667	68917
38668	68918
38669	68920
38670	68923
38671	68925
38672	68926
38673	68927
38674	68928
38675	68930
38676	68933
38677	68935
38678	68936
38679	68938
38680	68941
38681	68943
38682	68944
38683	68946
38684	68949
38685	68951
38686	68952
38687	68953
38688	68954
38689	68956
38690	68959
38691	68961
38692	68962
38693	68964
38694	68967
38695	68969
38696	68970
38697	68972
38698	68975
38699	68977
38700	68978
38701	68979
38702	68980
38703	68981
38704	68982
38705	68983
38706	68983
38707	68984
38708	68985
38709	68986
38710	68988
38711	68991
38712	68993
38713	68994
38714	68996
38715	68999
38716	69001
38717	69002
38718	69004
38719	69007
38720	69009
38721	69010
38722	69011
38723	69012
38724	69014
38725	69017
38726	69019
38727	69020
38728	69022
38729	69025
38730	69027
38731	69028
38732	69030
38733	69033
38734	69035
38735	69036
38736	69037
38737	69038
38738	69039
38739	69040
38740	69041
38741	69042
38742	69044
38743	69045
38744	69047
38745	69050
38746	69052
38747	69053
38748	69055
38749	69058
38750	69060
38751	69061
38752	69063
38753	69065
38754	69067
38755	69068
38756	69070
38757	69071
38758	69073
38759	69076
38760	69078
38761	69079
38762	69081
38763	69084
38764	69086
38765	69087
38766	69089
38767	69091
38768	69093
38769	69093
38770	69094
38771	69096
38772	69099
38773	69101
38774	69102
38775	69104
38776	69107
38777	69109
38778	69110
38779	69112
38780	69115
38781	69117
38782	69118
38783	69119
38784	69120
38785	69122
38786	69125
38787	69127
38788	69128
38789	69130
38790	69133
38791	69135
38792	69136
38793	69138
38794	69141
38795	69143
38796	69144
38797	69145
38798	69146
38799	69147
38800	69147
38801	69148
38802	69149
38803	69150
38804	69152
38805	69155
38806	69157
38807	69158
38808	69160
38809	69163
38810	69165
38811	69166
38812	69168
38813	69171
38814	69173
38815	69174
38816	69175
38817	69176
38818	69178
38819	69181
38820	69183
38821	69184
38822	69186
38823	69189
38824	69191
38825	69192
38826	69194
38827	69197
38828	69199
38829	69200
38830	69201
38831	69202
38832	69203
38833	69204
38834	69206
38835	69207
38836	69209
38837	69210
38838	69212
38839	69215
38840	69217
38841	69218
38842	69220
38843	69223
38844	69225
38845	69226
38846	69228
38847	69230
38848	69232
38849	69232
38850	69233
38851	69235
38852	69238
38853	69240
38854	69241
38855	69243
38856	69246
38857	69248
38858	69249
38859	69251
38860	69254
38861	69256
38862	69257
38863	69258
38864	69259
38865	69261
38866	69264
38867	69266
38868	69267
38869	69269
38870	69272
38871	69274
38872	69275
38873	69277
38874	69280
38875	69282
38876	69283
38877	69284
38878	69285
38879	69286
38880	69287
38881	69288
38882	69289
38883	69291
38884	69292
38885	69294
38886	69297
38887	69299
38888	69300
38889	69302
38890	69305
38891	69307
38892	69308
38893	69310
38894	69312
38895	69314
38896	69315
38897	69317
38898	69318
38899	69320
38900	69323
38901	69325
38902	69326
38903	69328
38904	69331
38905	69333
38906	69334
38907	69336
38908	69338
38909	69340
38910	69340
38911	69341
38912	69343
38913	69346
38914	69348
38915	69349
38916	69351
38917	69354
38918	69356
38919	69357
38920	69359
38921	69362
38922	69364
38923	69365
38924	69366
38925	69367
38926	69369
38927	69372
38928	69374
38929	69375
38930	69377
38931	69380
38932	69382
38933	69383
38934	69385
38935	69388
38936	69390
38937	69391
38938	69392
38939	69393
38940	69395
38941	69398
38942	69400
38943	69401
38944	69403
38945	69406
38946	69408
38947	69409
38948	69411
38949	69414
38950	69416
38951	69417
38952	69418
38953	69418
38954	69419
38955	69420
38956	69421
38957	69422
38958	69423
38959	69425
38960	69426
38961	69428
38962	69429
38963	69431
38964	69434
38965	69436
38966	69437
38967	69439
38968	69442
38969	69444
38970	69445
38971	69447
38972	69449
38973	69451
38974	69452
38975	69453
38976	69454
38977	69456
38978	69459
38979	69461
38980	69462
38981	69464
38982	69467
38983	69469
38984	69470
38985	69472
38986	69475
38987	69477
38988	69478
38989	69479
38990	69480
38991	69482
38992	69485
38993	69487
38994	69488
38995	69490
38996	69493
38997	69495
38998	69496
38999	69498
39000	69501
39001	69503
39002	69504
39003	69505
39004	69506
39005	69507
39006	69508
39007	69510
39008	69510
39009	69513
39010	69515
39011	69516
39012	69518
39013	69521
39014	69523
39015	69524
39016	69526
39017	69529
39018	69531
39019	69532
39020	69533
39021	69534
39022	69536
39023	69539
39024	69541
39025	69542
39026	69544
39027	69547
39028	69549
39029	69550
39030	69552
39031	69555
39032	69557
39033	69558
39034	69559
39035	69560
39036	69561
39037	69561
39038	69562
39039	69564
39040	69567
39041	69569
39042	69570
39043	69572
39044	69575
39045	69577
39046	69578
39047	69580
39048	69583
39049	69585
39050	69586
39051	69587
39052	69588
39053	69589
39054	69590
39055	69591
39056	69592
39057	69594
39058	69595
39059	69597
39060	69600
39061	69602
39062	69603
39063	69605
39064	69608
39065	69610
39066	69611
39067	69613
39068	69615
39069	69617
39070	69617
39071	69618
39072	69619
39073	69619
39074	69621
39075	69622
39076	69624
39077	69625
39078	69627
39079	69628
39080	69630
39081	69633
39082	69635
39083	69636
39084	69638
39085	69641
39086	69643
39087	69644
39088	69646
39089	69649
39090	69651
39091	69652
39092	69653
39093	69654
39094	69655
39095	69656
39096	69657
39097	69657
39098	69658
39099	69660
39100	69663
39101	69665
39102	69666
39103	69668
39104	69671
39105	69673
39106	69674
39107	69676
39108	69679
39109	69681
39110	69682
39111	69683
39112	69684
39113	69686
39114	69689
39115	69691
39116	69692
39117	69694
39118	69697
39119	69699
39120	69700
39121	69702
39122	69705
39123	69707
39124	69708
39125	69709
39126	69710
39127	69712
39128	69715
39129	69717
39130	69718
39131	69720
39132	69723
39133	69725
39134	69726
39135	69728
39136	69731
39137	69733
39138	69734
39139	69735
39140	69736
39141	69737
39142	69738
39143	69740
39144	69741
39145	69743
39146	69744
39147	69746
39148	69749
39149	69751
39150	69752
39151	69754
39152	69757
39153	69759
39154	69760
39155	69762
39156	69764
39157	69766
39158	69766
39159	69767
39160	69769
39161	69772
39162	69774
39163	69775
39164	69777
39165	69780
39166	69782
39167	69783
39168	69785
39169	69788
39170	69790
39171	69791
39172	69792
39173	69793
39174	69795
39175	69798
39176	69800
39177	69801
39178	69803
39179	69806
39180	69808
39181	69809
39182	69811
39183	69814
39184	69816
39185	69817
39186	69818
39187	69819
39188	69821
39189	69824
39190	69826
39191	69827
39192	69829
39193	69832
39194	69834
39195	69835
39196	69837
39197	69840
39198	69842
39199	69843
39200	69844
39201	69844
39202	69845
39203	69847
39204	69850
39205	69852
39206	69853
39207	69855
39208	69858
39209	69860
39210	69861
39211	69863
39212	69866
39213	69868
39214	69869
39215	69870
39216	69871
39217	69872
39218	69873
39219	69875
39220	69876
39221	69878
39222	69879
39223	69881
39224	69884
39225	69886
39226	69887
39227	69889
39228	69892
39229	69894
39230	69895
39231	69897
39232	69899
39233	69901
39234	69902
39235	69904
39236	69905
39237	69907
39238	69910
39239	69912
39240	69913
39241	69915
39242	69918
39243	69920
39244	69921
39245	69923
39246	69925
39247	69927
39248	69928
39249	69930
39250	69931
39251	69933
39252	69936
39253	69938
39254	69939
39255	69941
39256	69944
39257	69946
39258	69947
39259	69949
39260	69950
39261	69952
39262	69953
39263	69955
39264	69956
39265	69958
39266	69959
39267	69960
39268	69961
39269	69962
39270	69963
39271	69965
39272	69966
39273	69968
39274	69969
39275	69971
39276	69974
39277	69976
39278	69977
39279	69979
39280	69982
39281	69984
39282	69985
39283	69987
39284	69990
39285	69992
39286	69993
39287	69994
39288	69995
39289	69997
39290	70000
39291	70002
39292	70003
39293	70005
39294	70008
39295	70010
39296	70011
39297	70013
39298	70016
39299	70018
39300	70019
39301	70020
39302	70021
39303	70022
39304	70023
39305	70025
39306	70025
39307	70028
39308	70030
39309	70031
39310	70033
39311	70036
39312	70038
39313	70039
39314	70041
39315	70044
39316	70046
39317	70047
39318	70048
39319	70048
39320	70049
39321	70051
39322	70054
39323	70056
39324	70057
39325	70059
39326	70061
39327	70063
39328	70063
39329	70064
39330	70066
39331	70069
39332	70071
39333	70072
39334	70074
39335	70077
39336	70079
39337	70080
39338	70082
39339	70085
39340	70087
39341	70088
39342	70089
39343	70090
39344	70092
39345	70095
39346	70097
39347	70098
39348	70100
39349	70103
39350	70105
39351	70106
39352	70108
39353	70111
39354	70113
39355	70114
39356	70115
39357	70116
39358	70118
39359	70121
39360	70123
39361	70124
39362	70126
39363	70129
39364	70131
39365	70132
39366	70134
39367	70137
39368	70139
39369	70140
39370	70141
39371	70141
39372	70142
39373	70144
39374	70147
39375	70149
39376	70150
39377	70152
39378	70155
39379	70157
39380	70158
39381	70160
39382	70163
39383	70165
39384	70166
39385	70167
39386	70168
39387	70170
39388	70173
39389	70175
39390	70176
39391	70178
39392	70181
39393	70183
39394	70184
39395	70186
39396	70189
39397	70191
39398	70192
39399	70193
39400	70194
39401	70196
39402	70199
39403	70201
39404	70202
39405	70204
39406	70207
39407	70209
39408	70210
39409	70212
39410	70215
39411	70217
39412	70218
39413	70219
39414	70220
39415	70221
39416	70222
39417	70224
39418	70225
39419	70227
39420	70228
39421	70230
39422	70233
39423	70235
39424	70236
39425	70238
39426	70241
39427	70243
39428	70244
39429	70246
39430	70248
39431	70250
39432	70251
39433	70253
39434	70254
39435	70256
39436	70259
39437	70261
39438	70262
39439	70264
39440	70267
39441	70269
39442	70270
39443	70272
39444	70274
39445	70276
39446	70277
39447	70279
39448	70280
39449	70282
39450	70285
39451	70287
39452	70288
39453	70290
39454	70293
39455	70295
39456	70296
39457	70298
39458	70299
39459	70301
39460	70301
39461	70302
39462	70304
39463	70305
39464	70307
39465	70308
39466	70310
39467	70313
39468	70315
39469	70316
39470	70318
39471	70321
39472	70323
39473	70324
39474	70326
39475	70328
39476	70330
39477	70331
39478	70333
39479	70334
39480	70336
39481	70339
39482	70341
39483	70342
39484	70344
39485	70347
39486	70349
39487	70350
39488	70352
39489	70354
39490	70356
39491	70357
39492	70359
39493	70360
39494	70362
39495	70365
39496	70367
39497	70368
39498	70370
39499	70373
39500	70375
39501	70376
39502	70378
39503	70379
39504	70381
39505	70381
39506	70381
39507	70382
39508	70384
39509	70387
39510	70389
39511	70390
39512	70392
39513	70395
39514	70397
39515	70398
39516	70400
39517	70403
39518	70405
39519	70406
39520	70407
39521	70408
39522	70409
39523	70410
39524	70411
39525	70412
39526	70414
39527	70415
39528	70417
39529	70420
39530	70422
39531	70423
39532	70425
39533	70428
39534	70430
39535	70431
39536	70433
39537	70435
39538	70437
39539	70438
39540	70440
39541	70441
39542	70443
39543	70446
39544	70448
39545	70449
39546	70451
39547	70454
39548	70456
39549	70457
39550	70459
39551	70461
39552	70463
39553	70463
39554	70463
39555	70465
39556	70465
39557	70465
39558	70466
39559	70467
39560	70468
39561	70469
39562	70470
39563	70472
39564	70473
39565	70475
39566	70478
39567	70480
39568	70481
39569	70483
39570	70486
39571	70488
39572	70489
39573	70491
39574	70493
39575	70495
39576	70496
39577	70498
39578	70499
39579	70501
39580	70504
39581	70506
39582	70507
39583	70509
39584	70512
39585	70514
39586	70515
39587	70517
39588	70519
39589	70521
39590	70521
39591	70522
39592	70524
39593	70527
39594	70529
39595	70530
39596	70532
39597	70535
39598	70537
39599	70538
39600	70540
39601	70543
39602	70545
39603	70546
39604	70547
39605	70548
39606	70550
39607	70553
39608	70555
39609	70556
39610	70558
39611	70561
39612	70563
39613	70564
39614	70566
39615	70569
39616	70571
39617	70572
39618	70573
39619	70574
39620	70576
39621	70579
39622	70581
39623	70582
39624	70584
39625	70587
39626	70589
39627	70590
39628	70592
39629	70595
39630	70597
39631	70598
39632	70599
39633	70599
39634	70600
39635	70601
39636	70602
39637	70603
39638	70603
39639	70605
39640	70606
39641	70608
39642	70609
39643	70611
39644	70614
39645	70616
39646	70617
39647	70619
39648	70622
39649	70624
39650	70625
39651	70627
39652	70629
39653	70631
39654	70631
39655	70632
39656	70634
39657	70637
39658	70639
39659	70640
39660	70642
39661	70645
39662	70647
39663	70648
39664	70650
39665	70653
39666	70655
39667	70656
39668	70657
39669	70658
39670	70659
39671	70660
39672	70661
39673	70661
39674	70662
39675	70664
39676	70667
39677	70669
39678	70670
39679	70672
39680	70675
39681	70677
39682	70678
39683	70680
39684	70683
39685	70685
39686	70686
39687	70687
39688	70688
39689	70690
39690	70693
39691	70695
39692	70696
39693	70698
39694	70701
39695	70703
39696	70704
39697	70706
39698	70708
39699	70710
39700	70711
39701	70712
39702	70713
39703	70715
39704	70718
39705	70720
39706	70721
39707	70723
39708	70726
39709	70728
39710	70729
39711	70731
39712	70734
39713	70736
39714	70737
39715	70738
39716	70739
39717	70740
39718	70741
39719	70742
39720	70742
39721	70743
39722	70745
39723	70748
39724	70750
39725	70751
39726	70753
39727	70756
39728	70758
39729	70759
39730	70761
39731	70764
39732	70766
39733	70767
39734	70768
39735	70769
39736	70771
39737	70773
39738	70775
39739	70776
39740	70778
39741	70779
39742	70781
39743	70784
39744	70786
39745	70787
39746	70789
39747	70792
39748	70794
39749	70795
39750	70797
39751	70800
39752	70802
39753	70803
39754	70804
39755	70805
39756	70807
39757	70810
39758	70812
39759	70813
39760	70815
39761	70818
39762	70820
39763	70821
39764	70823
39765	70826
39766	70828
39767	70829
39768	70830
39769	70831
39770	70832
39771	70833
39772	70834
39773	70835
39774	70837
39775	70838
39776	70840
39777	70843
39778	70845
39779	70846
39780	70848
39781	70851
39782	70853
39783	70854
39784	70856
39785	70858
39786	70860
39787	70860
39788	70861
39789	70862
39790	70863
39791	70865
39792	70866
39793	70868
39794	70869
39795	70870
39796	70870
39797	70873
39798	70875
39799	70876
39800	70878
39801	70879
39802	70881
39803	70884
39804	70886
39805	70887
39806	70889
39807	70892
39808	70894
39809	70895
39810	70897
39811	70900
39812	70902
39813	70903
39814	70904
39815	70905
39816	70907
39817	70910
39818	70912
39819	70913
39820	70915
39821	70918
39822	70920
39823	70921
39824	70923
39825	70926
39826	70928
39827	70929
39828	70930
39829	70931
39830	70932
39831	70933
39832	70934
39833	70935
39834	70937
39835	70938
39836	70940
39837	70943
39838	70945
39839	70946
39840	70948
39841	70951
39842	70953
39843	70954
39844	70956
39845	70958
39846	70960
39847	70960
39848	70961
39849	70962
39850	70962
39851	70964
39852	70965
39853	70967
39854	70968
39855	70970
39856	70971
39857	70972
39858	70973
39859	70974
39860	70975
39861	70977
39862	70978
39863	70980
39864	70981
39865	70982
39866	70983
39867	70985
39868	70988
39869	70990
39870	70991
39871	70993
39872	70996
39873	70998
39874	70999
39875	71001
39876	71004
39877	71006
39878	71007
39879	71008
39880	71009
39881	71011
39882	71014
39883	71016
39884	71017
39885	71019
39886	71022
39887	71024
39888	71025
39889	71027
39890	71030
39891	71032
39892	71033
39893	71034
39894	71035
39895	71037
39896	71040
39897	71042
39898	71043
39899	71045
39900	71048
39901	71050
39902	71051
39903	71053
39904	71056
39905	71058
39906	71059
39907	71060
39908	71060
39909	71061
39910	71063
39911	71066
39912	71068
39913	71069
39914	71071
39915	71074
39916	71076
39917	71077
39918	71079
39919	71082
39920	71084
39921	71085
39922	71086
39923	71087
39924	71089
39925	71092
39926	71094
39927	71095
39928	71097
39929	71100
39930	71102
39931	71103
39932	71105
39933	71108
39934	71110
39935	71111
39936	71112
39937	71113
39938	71114
39939	71115
39940	71117
39941	71117
39942	71120
39943	71122
39944	71123
39945	71125
39946	71128
39947	71130
39948	71131
39949	71133
39950	71136
39951	71138
39952	71139
39953	71140
39954	71141
39955	71142
39956	71143
39957	71144
39958	71145
39959	71147
39960	71148
39961	71150
39962	71153
39963	71155
39964	71156
39965	71158
39966	71161
39967	71163
39968	71164
39969	71166
39970	71168
39971	71170
39972	71170
39973	71171
39974	71173
39975	71176
39976	71178
39977	71179
39978	71181
39979	71184
39980	71186
39981	71187
39982	71189
39983	71192
39984	71194
39985	71195
39986	71196
39987	71197
39988	71198
39989	71199
39990	71201
39991	71202
39992	71204
39993	71205
39994	71207
39995	71210
39996	71212
39997	71213
39998	71215
39999	71218
40000	71220
40001	71221
40002	71223
40003	71225
40004	71227
40005	71228
40006	71230
40007	71231
40008	71233
40009	71236
40010	71238
40011	71239
40012	71241
40013	71244
40014	71246
40015	71247
40016	71249
40017	71251
40018	71253
40019	71254
40020	71256
40021	71257
40022	71259
40023	71262
40024	71264
40025	71265
40026	71267
40027	71270
40028	71272
40029	71273
40030	71275
40031	71276
40032	71278
40033	71279
40034	71281
40035	71282
40036	71284
40037	71285
40038	71287
40039	71290
40040	71292
40041	71293
40042	71295
40043	71298
40044	71300
40045	71301
40046	71303
40047	71306
40048	71308
40049	71309
40050	71310
40051	71311
40052	71313
40053	71316
40054	71318
40055	71319
40056	71321
40057	71324
40058	71326
40059	71327
40060	71329
40061	71332
40062	71334
40063	71335
40064	71336
40065	71337
40066	71339
40067	71342
40068	71344
40069	71345
40070	71347
40071	71350
40072	71352
40073	71353
40074	71355
40075	71358
40076	71360
40077	71361
40078	71362
40079	71363
40080	71364
40081	71365
40082	71367
40083	71368
40084	71370
40085	71371
40086	71373
40087	71376
40088	71378
40089	71379
40090	71381
40091	71384
40092	71386
40093	71387
40094	71389
40095	71391
40096	71393
40097	71394
40098	71396
40099	71397
40100	71399
40101	71402
40102	71404
40103	71405
40104	71407
40105	71410
40106	71412
40107	71413
40108	71415
40109	71417
40110	71419
40111	71420
40112	71422
40113	71423
40114	71425
40115	71428
40116	71430
40117	71431
40118	71433
40119	71436
40120	71438
40121	71439
40122	71441
40123	71442
40124	71444
40125	71445
40126	71447
40127	71448
40128	71450
40129	71451
40130	71452
40131	71453
40132	71455
40133	71458
40134	71460
40135	71461
40136	71463
40137	71466
40138	71468
40139	71469
40140	71471
40141	71474
40142	71476
40143	71477
40144	71478
40145	71479
40146	71480
40147	71481
40148	71483
40149	71484
40150	71486
40151	71487
40152	71489
40153	71492
40154	71494
40155	71495
40156	71497
40157	71499
40158	71501
40159	71502
40160	71504
40161	71505
40162	71507
40163	71510
40164	71512
40165	71513
40166	71515
40167	71518
40168	71520
40169	71521
40170	71523
40171	71525
40172	71527
40173	71527
40174	71528
40175	71530
40176	71533
40177	71535
40178	71536
40179	71538
40180	71541
40181	71543
40182	71544
40183	71546
40184	71549
40185	71551
40186	71552
40187	71553
40188	71554
40189	71556
40190	71559
40191	71561
40192	71562
40193	71564
40194	71567
40195	71569
40196	71570
40197	71572
40198	71575
40199	71577
40200	71578
40201	71579
40202	71580
40203	71581
40204	71582
40205	71583
40206	71584
40207	71586
40208	71587
40209	71589
40210	71592
40211	71594
40212	71595
40213	71597
40214	71600
40215	71602
40216	71603
40217	71605
40218	71607
40219	71609
40220	71610
40221	71612
40222	71613
40223	71615
40224	71618
40225	71620
40226	71621
40227	71623
40228	71626
40229	71628
40230	71629
40231	71631
40232	71633
40233	71635
40234	71635
40235	71636
40236	71637
40237	71637
40238	71639
40239	71640
40240	71642
40241	71643
40242	71645
40243	71646
40244	71648
40245	71651
40246	71653
40247	71654
40248	71656
40249	71659
40250	71661
40251	71662
40252	71664
40253	71667
40254	71669
40255	71670
40256	71671
40257	71672
40258	71674
40259	71677
40260	71679
40261	71680
40262	71682
40263	71685
40264	71687
40265	71688
40266	71690
40267	71693
40268	71695
40269	71696
40270	71697
40271	71698
40272	71700
40273	71703
40274	71705
40275	71706
40276	71708
40277	71711
40278	71713
40279	71714
40280	71716
40281	71719
40282	71721
40283	71722
40284	71723
40285	71724
40286	71725
40287	71726
40288	71727
40289	71728
40290	71730
40291	71731
40292	71733
40293	71736
40294	71738
40295	71739
40296	71741
40297	71744
40298	71746
40299	71747
40300	71749
40301	71751
40302	71753
40303	71754
40304	71756
40305	71757
40306	71759
40307	71762
40308	71764
40309	71765
40310	71767
40311	71770
40312	71772
40313	71773
40314	71775
40315	71777
40316	71779
40317	71779
40318	71780
40319	71782
40320	71785
40321	71787
40322	71788
40323	71790
40324	71793
40325	71795
40326	71796
40327	71798
40328	71801
40329	71803
40330	71804
40331	71805
40332	71806
40333	71807
40334	71808
40335	71810
40336	71811
40337	71813
40338	71814
40339	71816
40340	71819
40341	71821
40342	71822
40343	71824
40344	71827
40345	71829
40346	71830
40347	71832
40348	71834
40349	71836
40350	71836
40351	71837
40352	71839
40353	71842
40354	71844
40355	71845
40356	71847
40357	71850
40358	71852
40359	71853
40360	71855
40361	71858
40362	71860
40363	71861
40364	71862
40365	71863
40366	71865
40367	71868
40368	71870
40369	71871
40370	71873
40371	71876
40372	71878
40373	71879
40374	71881
40375	71884
40376	71886
40377	71887
40378	71888
40379	71889
40380	71891
40381	71894
40382	71896
40383	71897
40384	71899
40385	71902
40386	71904
40387	71905
40388	71907
40389	71910
40390	71912
40391	71913
40392	71914
40393	71914
40394	71915
40395	71916
40396	71917
40397	71919
40398	71922
40399	71924
40400	71925
40401	71927
40402	71930
40403	71932
40404	71933
40405	71935
40406	71938
40407	71940
40408	71941
40409	71942
40410	71943
40411	71944
40412	71945
40413	71946
40414	71947
40415	71949
40416	71950
40417	71952
40418	71955
40419	71957
40420	71958
40421	71960
40422	71963
40423	71965
40424	71966
40425	71968
40426	71970
40427	71972
40428	71973
40429	71975
40430	71976
40431	71978
40432	71981
40433	71983
40434	71984
40435	71986
40436	71989
40437	71991
40438	71992
40439	71994
40440	71996
40441	71998
40442	71998
40443	71999
40444	72001
40445	72004
40446	72006
40447	72007
40448	72009
40449	72012
40450	72014
40451	72015
40452	72017
40453	72020
40454	72022
40455	72023
40456	72024
40457	72025
40458	72027
40459	72030
40460	72032
40461	72033
40462	72035
40463	72038
40464	72040
40465	72041
40466	72043
40467	72046
40468	72048
40469	72049
40470	72050
40471	72051
40472	72053
40473	72056
40474	72058
40475	72059
40476	72061
40477	72064
40478	72066
40479	72067
40480	72069
40481	72072
40482	72074
40483	72075
40484	72076
40485	72076
40486	72077
40487	72078
40488	72079
40489	72080
40490	72081
40491	72083
40492	72084
40493	72086
40494	72087
40495	72089
40496	72092
40497	72094
40498	72095
40499	72097
40500	72100
40501	72102
40502	72103
40503	72105
40504	72108
40505	72110
40506	72111
40507	72112
40508	72113
40509	72115
40510	72118
40511	72120
40512	72121
40513	72123
40514	72126
40515	72128
40516	72129
40517	72131
40518	72134
40519	72136
40520	72137
40521	72138
40522	72139
40523	72141
40524	72144
40525	72146
40526	72147
40527	72149
40528	72152
40529	72154
40530	72155
40531	72157
40532	72160
40533	72162
40534	72163
40535	72164
40536	72165
40537	72166
40538	72167
40539	72168
40540	72169
40541	72171
40542	72172
40543	72174
40544	72177
40545	72179
40546	72180
40547	72182
40548	72185
40549	72187
40550	72188
40551	72190
40552	72192
40553	72194
40554	72195
40555	72197
40556	72198
40557	72200
40558	72203
40559	72205
40560	72206
40561	72208
40562	72211
40563	72213
40564	72214
40565	72216
40566	72218
40567	72220
40568	72220
40569	72220
40570	72222
40571	72223
40572	72225
40573	72226
40574	72228
40575	72229
40576	72230
40577	72230
40578	72233
40579	72235
40580	72236
40581	72238
40582	72239
40583	72241
40584	72244
40585	72246
40586	72247
40587	72249
40588	72252
40589	72254
40590	72255
40591	72257
40592	72260
40593	72262
40594	72263
40595	72264
40596	72265
40597	72266
40598	72267
40599	72268
40600	72268
40601	72269
40602	72271
40603	72274
40604	72276
40605	72277
40606	72279
40607	72282
40608	72284
40609	72285
40610	72287
40611	72290
40612	72292
40613	72293
40614	72294
40615	72295
40616	72296
40617	72297
40618	72299
40619	72300
40620	72302
40621	72303
40622	72305
40623	72308
40624	72310
40625	72311
40626	72313
40627	72316
40628	72318
40629	72319
40630	72321
40631	72323
40632	72325
40633	72325
40634	72326
40635	72328
40636	72330
40637	72332
40638	72333
40639	72335
40640	72338
40641	72340
40642	72341
40643	72343
40644	72344
40645	72346
40646	72347
40647	72349
40648	72350
40649	72352
40650	72353
40651	72354
40652	72355
40653	72357
40654	72360
40655	72362
40656	72363
40657	72365
40658	72368
40659	72370
40660	72371
40661	72373
40662	72376
40663	72378
40664	72379
40665	72380
40666	72381
40667	72383
40668	72386
40669	72388
40670	72389
40671	72391
40672	72394
40673	72396
40674	72397
40675	72399
40676	72402
40677	72404
40678	72405
40679	72406
40680	72407
40681	72409
40682	72412
40683	72414
40684	72415
40685	72417
40686	72420
40687	72422
40688	72423
40689	72425
40690	72428
40691	72430
40692	72431
40693	72432
40694	72432
40695	72433
40696	72435
40697	72438
40698	72440
40699	72441
40700	72443
40701	72446
40702	72448
40703	72449
40704	72451
40705	72454
40706	72456
40707	72457
40708	72458
40709	72459
40710	72461
40711	72464
40712	72466
40713	72467
40714	72469
40715	72472
40716	72474
40717	72475
40718	72477
40719	72480
40720	72482
40721	72483
40722	72484
40723	72485
40724	72486
40725	72487
40726	72488
40727	72488
40728	72489
40729	72490
40730	72491
40731	72493
40732	72496
40733	72498
40734	72499
40735	72501
40736	72504
40737	72506
40738	72507
40739	72509
40740	72512
40741	72514
40742	72515
40743	72516
40744	72517
40745	72519
40746	72522
40747	72524
40748	72525
40749	72527
40750	72530
40751	72532
40752	72533
40753	72535
40754	72538
40755	72540
40756	72541
40757	72542
40758	72543
40759	72544
40760	72545
40761	72546
40762	72547
40763	72549
40764	72550
40765	72552
40766	72555
40767	72557
40768	72558
40769	72560
40770	72563
40771	72565
40772	72566
40773	72568
40774	72570
40775	72572
40776	72573
40777	72575
40778	72576
40779	72578
40780	72581
40781	72583
40782	72584
40783	72586
40784	72589
40785	72591
40786	72592
40787	72594
40788	72596
40789	72598
40790	72598
40791	72599
40792	72601
40793	72604
40794	72606
40795	72607
40796	72609
40797	72612
40798	72614
40799	72615
40800	72617
40801	72620
40802	72622
40803	72623
40804	72624
40805	72625
40806	72627
40807	72630
40808	72632
40809	72633
40810	72635
40811	72638
40812	72640
40813	72641
40814	72643
40815	72646
40816	72648
40817	72649
40818	72650
40819	72651
40820	72653
40821	72656
40822	72658
40823	72659
40824	72661
40825	72664
40826	72666
40827	72667
40828	72669
40829	72672
40830	72674
40831	72675
40832	72676
40833	72676
40834	72677
40835	72679
40836	72682
40837	72684
40838	72685
40839	72687
40840	72690
40841	72692
40842	72693
40843	72695
40844	72698
40845	72700
40846	72701
40847	72702
40848	72703
40849	72705
40850	72708
40851	72710
40852	72711
40853	72713
40854	72716
40855	72718
40856	72719
40857	72721
40858	72724
40859	72726
40860	72727
40861	72728
40862	72729
40863	72730
40864	72731
40865	72733
40866	72734
40867	72736
40868	72737
40869	72739
40870	72742
40871	72744
40872	72745
40873	72747
40874	72750
40875	72752
40876	72753
40877	72755
40878	72757
40879	72759
40880	72760
40881	72762
40882	72763
40883	72765
40884	72768
40885	72770
40886	72771
40887	72773
40888	72776
40889	72778
40890	72779
40891	72781
40892	72783
40893	72785
40894	72786
40895	72788
40896	72789
40897	72791
40898	72794
40899	72796
40900	72797
40901	72799
40902	72802
40903	72804
40904	72805
40905	72807
40906	72808
40907	72810
40908	72811
40909	72813
40910	72814
40911	72816
40912	72817
40913	72819
40914	72821
40915	72823
40916	72824
40917	72826
40918	72829
40919	72831
40920	72832
40921	72834
40922	72836
40923	72838
40924	72838
40925	72839
40926	72840
40927	72841
40928	72843
40929	72844
40930	72846
40931	72847
40932	72849
40933	72852
40934	72854
40935	72855
40936	72857
40937	72860
40938	72862
40939	72863
40940	72865
40941	72868
40942	72870
40943	72871
40944	72872
40945	72873
40946	72875
40947	72878
40948	72880
40949	72881
40950	72883
40951	72886
40952	72888
40953	72889
40954	72891
40955	72894
40956	72896
40957	72897
40958	72898
40959	72899
40960	72901
40961	72904
40962	72906
40963	72907
40964	72909
40965	72912
40966	72914
40967	72915
40968	72917
40969	72920
40970	72922
40971	72923
40972	72924
40973	72925
40974	72926
40975	72927
40976	72928
40977	72929
40978	72931
40979	72932
40980	72934
40981	72937
40982	72939
40983	72940
40984	72942
40985	72945
40986	72947
40987	72948
40988	72950
40989	72952
40990	72954
40991	72955
40992	72957
40993	72958
40994	72960
40995	72963
40996	72965
40997	72966
40998	72968
40999	72971
41000	72973
41001	72974
41002	72976
41003	72978
41004	72980
41005	72980
41006	72981
41007	72983
41008	72986
41009	72988
41010	72989
41011	72991
41012	72994
41013	72996
41014	72997
41015	72999
41016	73002
41017	73004
41018	73005
41019	73006
41020	73007
41021	73009
41022	73012
41023	73014
41024	73015
41025	73017
41026	73020
41027	73022
41028	73023
41029	73025
41030	73028
41031	73030
41032	73031
41033	73032
41034	73033
41035	73035
41036	73038
41037	73040
41038	73041
41039	73043
41040	73046
41041	73048
41042	73049
41043	73051
41044	73054
41045	73056
41046	73057
41047	73058
41048	73058
41049	73059
41050	73060
41051	73061
41052	73062
41053	73063
41054	73065
41055	73066
41056	73068
41057	73069
41058	73070
41059	73071
41060	73072
41061	73073
41062	73075
41063	73076
41064	73078
41065	73079
41066	73081
41067	73084
41068	73086
41069	73087
41070	73089
41071	73092
41072	73094
41073	73095
41074	73097
41075	73100
41076	73102
41077	73103
41078	73104
41079	73105
41080	73106
41081	73107
41082	73108
41083	73108
41084	73109
41085	73111
41086	73114
41087	73116
41088	73117
41089	73119
41090	73122
41091	73124
41092	73125
41093	73127
41094	73130
41095	73132
41096	73133
41097	73134
41098	73135
41099	73137
41100	73140
41101	73142
41102	73143
41103	73145
41104	73148
41105	73150
41106	73151
41107	73153
41108	73156
41109	73158
41110	73159
41111	73160
41112	73161
41113	73162
41114	73163
41115	73164
41116	73164
41117	73165
41118	73166
41119	73167
41120	73168
41121	73168
41122	73170
41123	73171
41124	73173
41125	73174
41126	73176
41127	73179
41128	73181
41129	73182
41130	73184
41131	73187
41132	73189
41133	73190
41134	73192
41135	73194
41136	73196
41137	73196
41138	73197
41139	73199
41140	73202
41141	73204
41142	73205
41143	73207
41144	73210
41145	73212
41146	73213
41147	73215
41148	73218
41149	73220
41150	73221
41151	73222
41152	73223
41153	73225
41154	73228
41155	73230
41156	73231
41157	73233
41158	73236
41159	73238
41160	73239
41161	73241
41162	73244
41163	73246
41164	73247
41165	73248
41166	73249
41167	73250
41168	73251
41169	73252
41170	73253
41171	73255
41172	73256
41173	73258
41174	73261
41175	73263
41176	73264
41177	73266
41178	73269
41179	73271
41180	73272
41181	73274
41182	73276
41183	73278
41184	73279
41185	73281
41186	73282
41187	73284
41188	73286
41189	73288
41190	73289
41191	73291
41192	73292
41193	73294
41194	73297
41195	73299
41196	73300
41197	73302
41198	73305
41199	73307
41200	73308
41201	73310
41202	73312
41203	73314
41204	73314
41205	73315
41206	73316
41207	73317
41208	73319
41209	73320
41210	73322
41211	73323
41212	73325
41213	73328
41214	73330
41215	73331
41216	73333
41217	73336
41218	73338
41219	73339
41220	73341
41221	73344
41222	73346
41223	73347
41224	73348
41225	73349
41226	73350
41227	73351
41228	73352
41229	73353
41230	73355
41231	73356
41232	73358
41233	73361
41234	73363
41235	73364
41236	73366
41237	73369
41238	73371
41239	73372
41240	73374
41241	73376
41242	73378
41243	73379
41244	73381
41245	73382
41246	73384
41247	73387
41248	73389
41249	73390
41250	73392
41251	73395
41252	73397
41253	73398
41254	73400
41255	73402
41256	73404
41257	73404
41258	73405
41259	73407
41260	73410
41261	73412
41262	73413
41263	73415
41264	73418
41265	73420
41266	73421
41267	73423
41268	73426
41269	73428
41270	73429
41271	73430
41272	73431
41273	73433
41274	73436
41275	73438
41276	73439
41277	73441
41278	73444
41279	73446
41280	73447
41281	73449
41282	73452
41283	73454
41284	73455
41285	73456
41286	73457
41287	73458
41288	73459
41289	73460
41290	73461
41291	73463
41292	73464
41293	73466
41294	73469
41295	73471
41296	73472
41297	73474
41298	73476
41299	73478
41300	73479
41301	73481
41302	73482
41303	73484
41304	73487
41305	73489
41306	73490
41307	73492
41308	73495
41309	73497
41310	73498
41311	73500
41312	73502
41313	73504
41314	73504
41315	73505
41316	73507
41317	73509
41318	73511
41319	73512
41320	73514
41321	73515
41322	73517
41323	73520
41324	73522
41325	73523
41326	73525
41327	73528
41328	73530
41329	73531
41330	73533
41331	73536
41332	73538
41333	73539
41334	73540
41335	73541
41336	73543
41337	73546
41338	73548
41339	73549
41340	73551
41341	73554
41342	73556
41343	73557
41344	73559
41345	73562
41346	73564
41347	73565
41348	73566
41349	73567
41350	73569
41351	73572
41352	73574
41353	73575
41354	73577
41355	73580
41356	73582
41357	73583
41358	73585
41359	73588
41360	73590
41361	73591
41362	73592
41363	73593
41364	73594
41365	73594
41366	73595
41367	73597
41368	73599
41369	73601
41370	73602
41371	73604
41372	73607
41373	73609
41374	73610
41375	73612
41376	73614
41377	73616
41378	73616
41379	73617
41380	73619
41381	73621
41382	73623
41383	73624
41384	73626
41385	73627
41386	73629
41387	73632
41388	73634
41389	73635
41390	73637
41391	73640
41392	73642
41393	73643
41394	73645
41395	73648
41396	73650
41397	73651
41398	73652
41399	73653
41400	73655
41401	73658
41402	73660
41403	73661
41404	73663
41405	73666
41406	73668
41407	73669
41408	73671
41409	73674
41410	73676
41411	73677
41412	73678
41413	73679
41414	73681
41415	73684
41416	73686
41417	73687
41418	73689
41419	73692
41420	73694
41421	73695
41422	73697
41423	73700
41424	73702
41425	73703
41426	73704
41427	73705
41428	73706
41429	73707
41430	73709
41431	73710
41432	73712
41433	73713
41434	73715
41435	73718
41436	73720
41437	73721
41438	73723
41439	73726
41440	73728
41441	73729
41442	73731
41443	73733
41444	73735
41445	73735
41446	73736
41447	73738
41448	73741
41449	73743
41450	73744
41451	73746
41452	73749
41453	73751
41454	73752
41455	73754
41456	73757
41457	73759
41458	73760
41459	73761
41460	73762
41461	73764
41462	73767
41463	73769
41464	73770
41465	73772
41466	73775
41467	73777
41468	73778
41469	73780
41470	73783
41471	73785
41472	73786
41473	73787
41474	73788
41475	73790
41476	73793
41477	73795
41478	73796
41479	73798
41480	73801
41481	73803
41482	73804
41483	73806
41484	73809
41485	73811
41486	73812
41487	73813
41488	73813
41489	73814
41490	73816
41491	73819
41492	73821
41493	73822
41494	73824
41495	73827
41496	73829
41497	73830
41498	73832
41499	73835
41500	73837
41501	73838
41502	73839
41503	73840
41504	73841
41505	73842
41506	73843
41507	73843
41508	73844
41509	73846
41510	73849
41511	73851
41512	73852
41513	73854
41514	73857
41515	73859
41516	73860
41517	73862
41518	73865
41519	73867
41520	73868
41521	73869
41522	73870
41523	73871
41524	73872
41525	73873
41526	73874
41527	73876
41528	73877
41529	73879
41530	73882
41531	73884
41532	73885
41533	73887
41534	73890
41535	73892
41536	73893
41537	73895
41538	73897
41539	73899
41540	73900
41541	73902
41542	73903
41543	73905
41544	73908
41545	73910
41546	73911
41547	73913
41548	73916
41549	73918
41550	73919
41551	73921
41552	73923
41553	73925
41554	73925
41555	73926
41556	73928
41557	73931
41558	73933
41559	73934
41560	73936
41561	73939
41562	73941
41563	73942
41564	73944
41565	73947
41566	73949
41567	73950
41568	73951
41569	73952
41570	73954
41571	73957
41572	73959
41573	73960
41574	73962
41575	73965
41576	73967
41577	73968
41578	73970
41579	73973
41580	73975
41581	73976
41582	73977
41583	73978
41584	73980
41585	73983
41586	73985
41587	73986
41588	73988
41589	73991
41590	73993
41591	73994
41592	73996
41593	73999
41594	74001
41595	74002
41596	74003
41597	74003
41598	74004
41599	74006
41600	74009
41601	74011
41602	74012
41603	74014
41604	74017
41605	74019
41606	74020
41607	74022
41608	74025
41609	74027
41610	74028
41611	74029
41612	74030
41613	74032
41614	74035
41615	74037
41616	74038
41617	74040
41618	74043
41619	74045
41620	74046
41621	74048
41622	74051
41623	74053
41624	74054
41625	74055
41626	74056
41627	74057
41628	74058
41629	74060
41630	74061
41631	74063
41632	74064
41633	74066
41634	74069
41635	74071
41636	74072
41637	74074
41638	74077
41639	74079
41640	74080
41641	74082
41642	74084
41643	74086
41644	74087
41645	74089
41646	74090
41647	74092
41648	74095
41649	74097
41650	74098
41651	74100
41652	74103
41653	74105
41654	74106
41655	74108
41656	74110
41657	74112
41658	74113
41659	74115
41660	74116
41661	74118
41662	74121
41663	74123
41664	74124
41665	74126
41666	74129
41667	74131
41668	74132
41669	74134
41670	74135
41671	74137
41672	74138
41673	74140
41674	74141
41675	74143
41676	74144
41677	74145
41678	74146
41679	74148
41680	74151
41681	74153
41682	74154
41683	74156
41684	74159
41685	74161
41686	74162
41687	74164
41688	74167
41689	74169
41690	74170
41691	74171
41692	74172
41693	74174
41694	74177
41695	74179
41696	74180
41697	74182
41698	74185
41699	74187
41700	74188
41701	74190
41702	74193
41703	74195
41704	74196
41705	74197
41706	74198
41707	74200
41708	74203
41709	74205
41710	74206
41711	74208
41712	74211
41713	74213
41714	74214
41715	74216
41716	74219
41717	74221
41718	74222
41719	74223
41720	74223
41721	74224
41722	74225
41723	74226
41724	74227
41725	74228
41726	74230
41727	74231
41728	74233
41729	74234
41730	74236
41731	74239
41732	74241
41733	74242
41734	74244
41735	74247
41736	74249
41737	74250
41738	74252
41739	74255
41740	74257
41741	74258
41742	74259
41743	74260
41744	74262
41745	74265
41746	74267
41747	74268
41748	74270
41749	74273
41750	74275
41751	74276
41752	74278
41753	74281
41754	74283
41755	74284
41756	74285
41757	74286
41758	74287
41759	74288
41760	74290
41761	74291
41762	74293
41763	74294
41764	74296
41765	74299
41766	74301
41767	74302
41768	74304
41769	74307
41770	74309
41771	74310
41772	74312
41773	74314
41774	74316
41775	74316
41776	74317
41777	74319
41778	74322
41779	74324
41780	74325
41781	74327
41782	74330
41783	74332
41784	74333
41785	74335
41786	74338
41787	74340
41788	74341
41789	74342
41790	74343
41791	74345
41792	74348
41793	74350
41794	74351
41795	74353
41796	74356
41797	74358
41798	74359
41799	74361
41800	74364
41801	74366
41802	74367
41803	74368
41804	74369
41805	74370
41806	74371
41807	74373
41808	74374
41809	74376
41810	74377
41811	74379
41812	74382
41813	74384
41814	74385
41815	74387
41816	74390
41817	74392
41818	74393
41819	74395
41820	74397
41821	74399
41822	74399
41823	74400
41824	74401
41825	74402
41826	74404
41827	74405
41828	74407
41829	74408
41830	74409
41831	74410
41832	74412
41833	74415
41834	74417
41835	74418
41836	74420
41837	74423
41838	74425
41839	74426
41840	74428
41841	74431
41842	74433
41843	74434
41844	74435
41845	74436
41846	74438
41847	74440
41848	74442
41849	74443
41850	74445
41851	74446
41852	74448
41853	74451
41854	74453
41855	74454
41856	74456
41857	74459
41858	74461
41859	74462
41860	74464
41861	74467
41862	74469
41863	74470
41864	74471
41865	74472
41866	74474
41867	74477
41868	74479
41869	74480
41870	74482
41871	74485
41872	74487
41873	74488
41874	74490
41875	74493
41876	74495
41877	74496
41878	74497
41879	74498
41880	74500
41881	74503
41882	74505
41883	74506
41884	74508
41885	74511
41886	74513
41887	74514
41888	74516
41889	74519
41890	74521
41891	74522
41892	74523
41893	74524
41894	74525
41895	74526
41896	74528
41897	74528
41898	74531
41899	74533
41900	74534
41901	74536
41902	74539
41903	74541
41904	74542
41905	74544
41906	74547
41907	74549
41908	74550
41909	74551
41910	74552
41911	74554
41912	74556
41913	74558
41914	74559
41915	74561
41916	74564
41917	74566
41918	74567
41919	74569
41920	74571
41921	74573
41922	74573
41923	74574
41924	74575
41925	74576
41926	74578
41927	74579
41928	74581
41929	74582
41930	74584
41931	74587
41932	74589
41933	74590
41934	74592
41935	74595
41936	74597
41937	74598
41938	74600
41939	74603
41940	74605
41941	74606
41942	74607
41943	74608
41944	74610
41945	74613
41946	74615
41947	74616
41948	74618
41949	74621
41950	74623
41951	74624
41952	74626
41953	74629
41954	74631
41955	74632
41956	74633
41957	74634
41958	74635
41959	74636
41960	74637
41961	74638
41962	74640
41963	74641
41964	74643
41965	74646
41966	74648
41967	74649
41968	74651
41969	74654
41970	74656
41971	74657
41972	74659
41973	74661
41974	74663
41975	74664
41976	74666
41977	74667
41978	74669
41979	74672
41980	74674
41981	74675
41982	74677
41983	74680
41984	74682
41985	74683
41986	74685
41987	74687
41988	74689
41989	74689
41990	74690
41991	74692
41992	74695
41993	74697
41994	74698
41995	74700
41996	74703
41997	74705
41998	74706
41999	74708
42000	74711
42001	74713
42002	74714
42003	74715
42004	74716
42005	74718
42006	74721
42007	74723
42008	74724
42009	74726
42010	74729
42011	74731
42012	74732
42013	74734
42014	74737
42015	74739
42016	74740
42017	74741
42018	74742
42019	74743
42020	74744
42021	74746
42022	74746
42023	74749
42024	74751
42025	74752
42026	74754
42027	74757
42028	74759
42029	74760
42030	74762
42031	74765
42032	74767
42033	74768
42034	74769
42035	74770
42036	74772
42037	74775
42038	74777
42039	74778
42040	74780
42041	74783
42042	74785
42043	74786
42044	74788
42045	74791
42046	74793
42047	74794
42048	74795
42049	74796
42050	74798
42051	74801
42052	74803
42053	74804
42054	74806
42055	74809
42056	74811
42057	74812
42058	74814
42059	74817
42060	74819
42061	74820
42062	74821
42063	74822
42064	74823
42065	74823
42066	74824
42067	74825
42068	74826
42069	74828
42070	74831
42071	74833
42072	74834
42073	74836
42074	74839
42075	74841
42076	74842
42077	74844
42078	74847
42079	74849
42080	74850
42081	74851
42082	74852
42083	74853
42084	74854
42085	74855
42086	74856
42087	74858
42088	74859
42089	74861
42090	74864
42091	74866
42092	74867
42093	74869
42094	74872
42095	74874
42096	74875
42097	74877
42098	74879
42099	74881
42100	74882
42101	74884
42102	74885
42103	74887
42104	74890
42105	74892
42106	74893
42107	74895
42108	74898
42109	74900
42110	74901
42111	74903
42112	74905
42113	74907
42114	74907
42115	74908
42116	74910
42117	74913
42118	74915
42119	74916
42120	74918
42121	74921
42122	74923
42123	74924
42124	74926
42125	74929
42126	74931
42127	74932
42128	74933
42129	74934
42130	74935
42131	74936
42132	74937
42133	74938
42134	74940
42135	74941
42136	74943
42137	74945
42138	74947
42139	74948
42140	74950
42141	74951
42142	74953
42143	74956
42144	74958
42145	74959
42146	74961
42147	74964
42148	74966
42149	74967
42150	74969
42151	74971
42152	74973
42153	74973
42154	74974
42155	74976
42156	74979
42157	74981
42158	74982
42159	74984
42160	74987
42161	74989
42162	74990
42163	74992
42164	74995
42165	74997
42166	74998
42167	74999
42168	75000
42169	75002
42170	75005
42171	75007
42172	75008
42173	75010
42174	75013
42175	75015
42176	75016
42177	75018
42178	75021
42179	75023
42180	75024
42181	75025
42182	75026
42183	75027
42184	75028
42185	75029
42186	75029
42187	75030
42188	75032
42189	75035
42190	75037
42191	75038
42192	75040
42193	75043
42194	75045
42195	75046
42196	75048
42197	75051
42198	75053
42199	75054
42200	75055
42201	75056
42202	75058
42203	75061
42204	75063
42205	75064
42206	75066
42207	75069
42208	75071
42209	75072
42210	75074
42211	75077
42212	75079
42213	75080
42214	75081
42215	75082
42216	75084
42217	75087
42218	75089
42219	75090
42220	75092
42221	75095
42222	75097
42223	75098
42224	75100
42225	75103
42226	75105
42227	75106
42228	75107
42229	75108
42230	75109
42231	75110
42232	75112
42233	75112
42234	75115
42235	75117
42236	75118
42237	75120
42238	75123
42239	75125
42240	75126
42241	75128
42242	75131
42243	75133
42244	75134
42245	75135
42246	75136
42247	75138
42248	75141
42249	75143
42250	75144
42251	75146
42252	75149
42253	75151
42254	75152
42255	75154
42256	75157
42257	75159
42258	75160
42259	75161
42260	75162
42261	75164
42262	75167
42263	75169
42264	75170
42265	75172
42266	75175
42267	75177
42268	75178
42269	75180
42270	75183
42271	75185
42272	75186
42273	75187
42274	75188
42275	75189
42276	75189
42277	75190
42278	75192
42279	75195
42280	75197
42281	75198
42282	75200
42283	75203
42284	75205
42285	75206
42286	75208
42287	75211
42288	75213
42289	75214
42290	75215
42291	75216
42292	75217
42293	75218
42294	75219
42295	75220
42296	75222
42297	75223
42298	75225
42299	75228
42300	75230
42301	75231
42302	75233
42303	75236
42304	75238
42305	75239
42306	75241
42307	75243
42308	75245
42309	75246
42310	75248
42311	75249
42312	75251
42313	75253
42314	75255
42315	75256
42316	75258
42317	75259
42318	75261
42319	75264
42320	75266
42321	75267
42322	75269
42323	75272
42324	75274
42325	75275
42326	75277
42327	75279
42328	75281
42329	75281
42330	75282
42331	75283
42332	75283
42333	75285
42334	75285
42335	75286
42336	75288
42337	75289
42338	75291
42339	75292
42340	75294
42341	75297
42342	75299
42343	75300
42344	75302
42345	75305
42346	75307
42347	75308
42348	75310
42349	75312
42350	75314
42351	75314
42352	75315
42353	75316
42354	75317
42355	75319
42356	75320
42357	75322
42358	75323
42359	75325
42360	75328
42361	75330
42362	75331
42363	75333
42364	75336
42365	75338
42366	75339
42367	75341
42368	75344
42369	75346
42370	75347
42371	75348
42372	75349
42373	75351
42374	75354
42375	75356
42376	75357
42377	75359
42378	75362
42379	75364
42380	75365
42381	75367
42382	75370
42383	75372
42384	75373
42385	75374
42386	75375
42387	75377
42388	75379
42389	75381
42390	75382
42391	75384
42392	75385
42393	75387
42394	75390
42395	75392
42396	75393
42397	75395
42398	75398
42399	75400
42400	75401
42401	75403
42402	75406
42403	75408
42404	75409
42405	75410
42406	75411
42407	75413
42408	75416
42409	75418
42410	75419
42411	75421
42412	75424
42413	75426
42414	75427
42415	75429
42416	75432
42417	75434
42418	75435
42419	75436
42420	75437
42421	75438
42422	75439
42423	75441
42424	75442
42425	75444
42426	75445
42427	75447
42428	75450
42429	75452
42430	75453
42431	75455
42432	75458
42433	75460
42434	75461
42435	75463
42436	75465
42437	75467
42438	75467
42439	75468
42440	75470
42441	75473
42442	75475
42443	75476
42444	75478
42445	75481
42446	75483
42447	75484
42448	75486
42449	75489
42450	75491
42451	75492
42452	75493
42453	75494
42454	75496
42455	75499
42456	75501
42457	75502
42458	75504
42459	75507
42460	75509
42461	75510
42462	75512
42463	75515
42464	75517
42465	75518
42466	75519
42467	75520
42468	75522
42469	75525
42470	75527
42471	75528
42472	75530
42473	75533
42474	75535
42475	75536
42476	75538
42477	75541
42478	75543
42479	75544
42480	75545
42481	75545
42482	75546
42483	75547
42484	75548
42485	75550
42486	75553
42487	75555
42488	75556
42489	75558
42490	75561
42491	75563
42492	75564
42493	75566
42494	75569
42495	75571
42496	75572
42497	75573
42498	75574
42499	75576
42500	75579
42501	75581
42502	75582
42503	75584
42504	75587
42505	75589
42506	75590
42507	75592
42508	75595
42509	75597
42510	75598
42511	75599
42512	75600
42513	75601
42514	75602
42515	75603
42516	75604
42517	75606
42518	75607
42519	75609
42520	75612
42521	75614
42522	75615
42523	75617
42524	75620
42525	75622
42526	75623
42527	75625
42528	75627
42529	75629
42530	75630
42531	75632
42532	75633
42533	75635
42534	75638
42535	75640
42536	75641
42537	75643
42538	75646
42539	75648
42540	75649
42541	75651
42542	75653
42543	75655
42544	75655
42545	75656
42546	75658
42547	75661
42548	75663
42549	75664
42550	75666
42551	75669
42552	75671
42553	75672
42554	75674
42555	75677
42556	75679
42557	75680
42558	75681
42559	75682
42560	75684
42561	75687
42562	75689
42563	75690
42564	75692
42565	75695
42566	75697
42567	75698
42568	75700
42569	75703
42570	75705
42571	75706
42572	75707
42573	75708
42574	75710
42575	75713
42576	75715
42577	75716
42578	75718
42579	75721
42580	75723
42581	75724
42582	75726
42583	75729
42584	75731
42585	75732
42586	75733
42587	75733
42588	75734
42589	75736
42590	75739
42591	75741
42592	75742
42593	75744
42594	75747
42595	75749
42596	75750
42597	75752
42598	75755
42599	75757
42600	75758
42601	75759
42602	75760
42603	75762
42604	75765
42605	75767
42606	75768
42607	75770
42608	75773
42609	75775
42610	75776
42611	75778
42612	75781
42613	75783
42614	75784
42615	75785
42616	75786
42617	75788
42618	75791
42619	75793
42620	75794
42621	75796
42622	75799
42623	75801
42624	75802
42625	75804
42626	75807
42627	75809
42628	75810
42629	75811
42630	75812
42631	75813
42632	75814
42633	75816
42634	75817
42635	75819
42636	75820
42637	75822
42638	75825
42639	75827
42640	75828
42641	75830
42642	75833
42643	75835
42644	75836
42645	75838
42646	75840
42647	75842
42648	75843
42649	75845
42650	75846
42651	75848
42652	75851
42653	75853
42654	75854
42655	75856
42656	75859
42657	75861
42658	75862
42659	75864
42660	75866
42661	75868
42662	75869
42663	75871
42664	75872
42665	75874
42666	75877
42667	75879
42668	75880
42669	75882
42670	75885
42671	75887
42672	75888
42673	75890
42674	75891
42675	75893
42676	75893
42677	75894
42678	75896
42679	75896
42680	75899
42681	75901
42682	75902
42683	75904
42684	75907
42685	75909
42686	75910
42687	75912
42688	75915
42689	75917
42690	75918
42691	75919
42692	75920
42693	75922
42694	75925
42695	75927
42696	75928
42697	75930
42698	75933
42699	75935
42700	75936
42701	75938
42702	75941
42703	75943
42704	75944
42705	75945
42706	75946
42707	75948
42708	75951
42709	75953
42710	75954
42711	75956
42712	75959
42713	75961
42714	75962
42715	75964
42716	75967
42717	75969
42718	75970
42719	75971
42720	75972
42721	75973
42722	75973
42723	75974
42724	75976
42725	75979
42726	75981
42727	75982
42728	75984
42729	75987
42730	75989
42731	75990
42732	75992
42733	75995
42734	75997
42735	75998
42736	75999
42737	76000
42738	76002
42739	76005
42740	76007
42741	76008
42742	76010
42743	76013
42744	76015
42745	76016
42746	76018
42747	76021
42748	76023
42749	76024
42750	76025
42751	76026
42752	76028
42753	76031
42754	76033
42755	76034
42756	76036
42757	76039
42758	76041
42759	76042
42760	76044
42761	76047
42762	76049
42763	76050
42764	76051
42765	76052
42766	76053
42767	76053
42768	76054
42769	76056
42770	76059
42771	76061
42772	76062
42773	76064
42774	76067
42775	76069
42776	76070
42777	76072
42778	76075
42779	76077
42780	76078
42781	76079
42782	76080
42783	76081
42784	76082
42785	76083
42786	76084
42787	76086
42788	76087
42789	76089
42790	76092
42791	76094
42792	76095
42793	76097
42794	76100
42795	76102
42796	76103
42797	76105
42798	76107
42799	76109
42800	76110
42801	76112
42802	76113
42803	76115
42804	76118
42805	76120
42806	76121
42807	76123
42808	76126
42809	76128
42810	76129
42811	76131
42812	76133
42813	76135
42814	76135
42815	76136
42816	76137
42817	76137
42818	76139
42819	76139
42820	76139
42821	76140
42822	76142
42823	76145
42824	76147
42825	76148
42826	76150
42827	76153
42828	76155
42829	76156
42830	76158
42831	76161
42832	76163
42833	76164
42834	76165
42835	76166
42836	76167
42837	76168
42838	76169
42839	76170
42840	76172
42841	76173
42842	76175
42843	76178
42844	76180
42845	76181
42846	76183
42847	76186
42848	76188
42849	76189
42850	76191
42851	76193
42852	76195
42853	76196
42854	76198
42855	76199
42856	76201
42857	76204
42858	76206
42859	76207
42860	76209
42861	76212
42862	76214
42863	76215
42864	76217
42865	76219
42866	76221
42867	76221
42868	76222
42869	76223
42870	76223
42871	76225
42872	76226
42873	76228
42874	76229
42875	76231
42876	76232
42877	76234
42878	76237
42879	76239
42880	76240
42881	76242
42882	76245
42883	76247
42884	76248
42885	76250
42886	76253
42887	76255
42888	76256
42889	76257
42890	76258
42891	76259
42892	76260
42893	76262
42894	76262
42895	76265
42896	76267
42897	76268
42898	76270
42899	76273
42900	76275
42901	76276
42902	76278
42903	76281
42904	76283
42905	76284
42906	76285
42907	76286
42908	76288
42909	76291
42910	76293
42911	76294
42912	76296
42913	76299
42914	76301
42915	76302
42916	76304
42917	76306
42918	76308
42919	76309
42920	76310
42921	76311
42922	76313
42923	76316
42924	76318
42925	76319
42926	76321
42927	76324
42928	76326
42929	76327
42930	76329
42931	76332
42932	76334
42933	76335
42934	76336
42935	76337
42936	76338
42937	76339
42938	76341
42939	76342
42940	76344
42941	76345
42942	76347
42943	76350
42944	76352
42945	76353
42946	76355
42947	76358
42948	76360
42949	76361
42950	76363
42951	76365
42952	76367
42953	76368
42954	76370
42955	76371
42956	76373
42957	76376
42958	76378
42959	76379
42960	76381
42961	76384
42962	76386
42963	76387
42964	76389
42965	76391
42966	76393
42967	76394
42968	76396
42969	76397
42970	76399
42971	76402
42972	76404
42973	76405
42974	76407
42975	76410
42976	76412
42977	76413
42978	76415
42979	76416
42980	76418
42981	76419
42982	76421
42983	76422
42984	76424
42985	76425
42986	76427
42987	76430
42988	76432
42989	76433
42990	76435
42991	76438
42992	76440
42993	76441
42994	76443
42995	76446
42996	76448
42997	76449
42998	76450
42999	76451
43000	76452
43001	76453
43002	76454
43003	76455
43004	76457
43005	76458
43006	76460
43007	76463
43008	76465
43009	76466
43010	76468
43011	76471
43012	76473
43013	76474
43014	76476
43015	76478
43016	76480
43017	76481
43018	76483
43019	76484
43020	76486
43021	76489
43022	76491
43023	76492
43024	76494
43025	76497
43026	76499
43027	76500
43028	76502
43029	76504
43030	76506
43031	76506
43032	76507
43033	76509
43034	76512
43035	76514
43036	76515
43037	76517
43038	76520
43039	76522
43040	76523
43041	76525
43042	76528
43043	76530
43044	76531
43045	76532
43046	76533
43047	76534
43048	76535
43049	76536
43050	76537
43051	76539
43052	76540
43053	76542
43054	76545
43055	76547
43056	76548
43057	76550
43058	76553
43059	76555
43060	76556
43061	76558
43062	76560
43063	76562
43064	76562
43065	76562
43066	76564
43067	76565
43068	76567
43069	76568
43070	76570
43071	76571
43072	76573
43073	76576
43074	76578
43075	76579
43076	76581
43077	76584
43078	76586
43079	76587
43080	76589
43081	76592
43082	76594
43083	76595
43084	76596
43085	76597
43086	76599
43087	76602
43088	76604
43089	76605
43090	76607
43091	76610
43092	76612
43093	76613
43094	76615
43095	76618
43096	76620
43097	76621
43098	76622
43099	76623
43100	76624
43101	76625
43102	76626
43103	76627
43104	76629
43105	76630
43106	76632
43107	76635
43108	76637
43109	76638
43110	76640
43111	76642
43112	76644
43113	76644
43114	76645
43115	76646
43116	76647
43117	76649
43118	76650
43119	76652
43120	76653
43121	76655
43122	76658
43123	76660
43124	76661
43125	76663
43126	76666
43127	76668
43128	76669
43129	76671
43130	76674
43131	76676
43132	76677
43133	76678
43134	76679
43135	76680
43136	76681
43137	76683
43138	76684
43139	76686
43140	76687
43141	76689
43142	76692
43143	76694
43144	76695
43145	76697
43146	76700
43147	76702
43148	76703
43149	76705
43150	76707
43151	76709
43152	76710
43153	76712
43154	76713
43155	76715
43156	76718
43157	76720
43158	76721
43159	76723
43160	76726
43161	76728
43162	76729
43163	76731
43164	76733
43165	76735
43166	76736
43167	76738
43168	76739
43169	76741
43170	76744
43171	76746
43172	76747
43173	76749
43174	76752
43175	76754
43176	76755
43177	76757
43178	76758
43179	76760
43180	76760
43181	76761
43182	76762
43183	76763
43184	76765
43185	76766
43186	76768
43187	76771
43188	76773
43189	76774
43190	76776
43191	76779
43192	76781
43193	76782
43194	76784
43195	76786
43196	76788
43197	76789
43198	76791
43199	76792
43200	76794
43201	76796
43202	76798
43203	76799
43204	76801
43205	76804
43206	76806
43207	76807
43208	76809
43209	76811
43210	76813
43211	76813
43212	76813
43213	76815
43214	76816
43215	76818
43216	76819
43217	76821
43218	76822
43219	76824
43220	76827
43221	76829
43222	76830
43223	76832
43224	76835
43225	76837
43226	76838
43227	76840
43228	76843
43229	76845
43230	76846
43231	76847
43232	76848
43233	76850
43234	76853
43235	76855
43236	76856
43237	76858
43238	76860
43239	76862
43240	76862
43241	76863
43242	76865
43243	76868
43244	76870
43245	76871
43246	76873
43247	76876
43248	76878
43249	76879
43250	76881
43251	76884
43252	76886
43253	76887
43254	76888
43255	76889
43256	76890
43257	76891
43258	76892
43259	76893
43260	76895
43261	76896
43262	76898
43263	76901
43264	76903
43265	76904
43266	76906
43267	76909
43268	76911
43269	76912
43270	76914
43271	76916
43272	76918
43273	76918
43274	76919
43275	76921
43276	76924
43277	76926
43278	76927
43279	76929
43280	76932
43281	76934
43282	76935
43283	76937
43284	76940
43285	76942
43286	76943
43287	76944
43288	76945
43289	76947
43290	76950
43291	76952
43292	76953
43293	76955
43294	76958
43295	76960
43296	76961
43297	76963
43298	76966
43299	76968
43300	76969
43301	76970
43302	76971
43303	76973
43304	76976
43305	76978
43306	76979
43307	76981
43308	76984
43309	76986
43310	76987
43311	76989
43312	76992
43313	76994
43314	76995
43315	76996
43316	76996
43317	76997
43318	76999
43319	77002
43320	77004
43321	77005
43322	77007
43323	77010
43324	77012
43325	77013
43326	77015
43327	77018
43328	77020
43329	77021
43330	77022
43331	77023
43332	77025
43333	77028
43334	77030
43335	77031
43336	77033
43337	77036
43338	77038
43339	77039
43340	77041
43341	77044
43342	77046
43343	77047
43344	77048
43345	77049
43346	77050
43347	77051
43348	77052
43349	77053
43350	77055
43351	77056
43352	77058
43353	77061
43354	77063
43355	77064
43356	77066
43357	77069
43358	77071
43359	77072
43360	77074
43361	77076
43362	77078
43363	77079
43364	77081
43365	77082
43366	77084
43367	77087
43368	77089
43369	77090
43370	77092
43371	77095
43372	77097
43373	77098
43374	77100
43375	77102
43376	77104
43377	77104
43378	77105
43379	77106
43380	77107
43381	77109
43382	77110
43383	77112
43384	77113
43385	77115
43386	77118
43387	77120
43388	77121
43389	77123
43390	77126
43391	77128
43392	77129
43393	77131
43394	77134
43395	77136
43396	77137
43397	77138
43398	77139
43399	77141
43400	77144
43401	77146
43402	77147
43403	77149
43404	77152
43405	77154
43406	77155
43407	77157
43408	77160
43409	77162
43410	77163
43411	77164
43412	77165
43413	77166
43414	77167
43415	77168
43416	77169
43417	77171
43418	77172
43419	77174
43420	77177
43421	77179
43422	77180
43423	77182
43424	77185
43425	77187
43426	77188
43427	77190
43428	77192
43429	77194
43430	77195
43431	77197
43432	77198
43433	77200
43434	77203
43435	77205
43436	77206
43437	77208
43438	77211
43439	77213
43440	77214
43441	77216
43442	77218
43443	77220
43444	77220
43445	77221
43446	77222
43447	77223
43448	77225
43449	77226
43450	77228
43451	77229
43452	77231
43453	77234
43454	77236
43455	77237
43456	77239
43457	77242
43458	77244
43459	77245
43460	77247
43461	77250
43462	77252
43463	77253
43464	77254
43465	77255
43466	77257
43467	77260
43468	77262
43469	77263
43470	77265
43471	77268
43472	77270
43473	77271
43474	77273
43475	77276
43476	77278
43477	77279
43478	77280
43479	77281
43480	77283
43481	77286
43482	77288
43483	77289
43484	77291
43485	77293
43486	77295
43487	77296
43488	77298
43489	77301
43490	77303
43491	77304
43492	77305
43493	77306
43494	77307
43495	77308
43496	77310
43497	77310
43498	77313
43499	77315
43500	77316
43501	77318
43502	77321
43503	77323
43504	77324
43505	77326
43506	77329
43507	77331
43508	77332
43509	77333
43510	77334
43511	77335
43512	77336
43513	77338
43514	77338
43515	77341
43516	77343
43517	77344
43518	77346
43519	77349
43520	77351
43521	77352
43522	77354
43523	77357
43524	77359
43525	77360
43526	77361
43527	77362
43528	77364
43529	77367
43530	77369
43531	77370
43532	77372
43533	77375
43534	77377
43535	77378
43536	77380
43537	77383
43538	77385
43539	77386
43540	77387
43541	77388
43542	77390
43543	77393
43544	77395
43545	77396
43546	77398
43547	77400
43548	77402
43549	77402
43550	77403
43551	77405
43552	77408
43553	77410
43554	77411
43555	77413
43556	77416
43557	77418
43558	77419
43559	77421
43560	77424
43561	77426
43562	77427
43563	77428
43564	77429
43565	77431
43566	77434
43567	77436
43568	77437
43569	77439
43570	77442
43571	77444
43572	77445
43573	77447
43574	77450
43575	77452
43576	77453
43577	77454
43578	77455
43579	77457
43580	77460
43581	77462
43582	77463
43583	77465
43584	77468
43585	77470
43586	77471
43587	77473
43588	77475
43589	77477
43590	77478
43591	77479
43592	77479
43593	77480
43594	77481
43595	77482
43596	77484
43597	77487
43598	77489
43599	77490
43600	77492
43601	77495
43602	77497
43603	77498
43604	77500
43605	77503
43606	77505
43607	77506
43608	77507
43609	77508
43610	77509
43611	77510
43612	77511
43613	77512
43614	77514
43615	77515
43616	77517
43617	77520
43618	77522
43619	77523
43620	77525
43621	77528
43622	77530
43623	77531
43624	77533
43625	77535
43626	77537
43627	77537
43628	77538
43629	77539
43630	77539
43631	77541
43632	77542
43633	77544
43634	77545
43635	77547
43636	77548
43637	77549
43638	77550
43639	77551
43640	77552
43641	77554
43642	77555
43643	77557
43644	77558
43645	77560
43646	77563
43647	77565
43648	77566
43649	77568
43650	77571
43651	77573
43652	77574
43653	77576
43654	77579
43655	77581
43656	77582
43657	77583
43658	77584
43659	77585
43660	77586
43661	77588
43662	77588
43663	77591
43664	77593
43665	77594
43666	77596
43667	77599
43668	77601
43669	77602
43670	77604
43671	77607
43672	77609
43673	77610
43674	77611
43675	77612
43676	77614
43677	77617
43678	77619
43679	77620
43680	77622
43681	77625
43682	77627
43683	77628
43684	77630
43685	77633
43686	77635
43687	77636
43688	77637
43689	77638
43690	77640
43691	77643
43692	77645
43693	77646
43694	77648
43695	77651
43696	77653
43697	77654
43698	77656
43699	77659
43700	77661
43701	77662
43702	77663
43703	77664
43704	77665
43705	77666
43706	77667
43707	77668
43708	77670
43709	77671
43710	77673
43711	77676
43712	77678
43713	77679
43714	77681
43715	77684
43716	77686
43717	77687
43718	77689
43719	77691
43720	77693
43721	77694
43722	77696
43723	77697
43724	77699
43725	77702
43726	77704
43727	77705
43728	77707
43729	77710
43730	77712
43731	77713
43732	77715
43733	77717
43734	77719
43735	77719
43736	77720
43737	77722
43738	77724
43739	77726
43740	77727
43741	77729
43742	77730
43743	77732
43744	77735
43745	77737
43746	77738
43747	77740
43748	77743
43749	77745
43750	77746
43751	77748
43752	77751
43753	77753
43754	77754
43755	77755
43756	77756
43757	77758
43758	77761
43759	77763
43760	77764
43761	77766
43762	77769
43763	77771
43764	77772
43765	77774
43766	77777
43767	77779
43768	77780
43769	77781
43770	77782
43771	77784
43772	77787
43773	77789
43774	77790
43775	77792
43776	77795
43777	77797
43778	77798
43779	77800
43780	77803
43781	77805
43782	77806
43783	77807
43784	77808
43785	77809
43786	77810
43787	77812
43788	77813
43789	77815
43790	77816
43791	77818
43792	77821
43793	77823
43794	77824
43795	77826
43796	77829
43797	77831
43798	77832
43799	77834
43800	77836
43801	77838
43802	77839
43803	77841
43804	77842
43805	77844
43806	77847
43807	77849
43808	77850
43809	77852
43810	77855
43811	77857
43812	77858
43813	77860
43814	77862
43815	77864
43816	77865
43817	77867
43818	77868
43819	77870
43820	77873
43821	77875
43822	77876
43823	77878
43824	77881
43825	77883
43826	77884
43827	77886
43828	77887
43829	77889
43830	77890
43831	77892
43832	77893
43833	77895
43834	77896
43835	77897
43836	77898
43837	77900
43838	77903
43839	77905
43840	77906
43841	77908
43842	77911
43843	77913
43844	77914
43845	77916
43846	77919
43847	77921
43848	77922
43849	77923
43850	77924
43851	77926
43852	77929
43853	77931
43854	77932
43855	77934
43856	77937
43857	77939
43858	77940
43859	77942
43860	77945
43861	77947
43862	77948
43863	77949
43864	77950
43865	77952
43866	77955
43867	77957
43868	77958
43869	77960
43870	77963
43871	77965
43872	77966
43873	77968
43874	77971
43875	77973
43876	77974
43877	77975
43878	77975
43879	77976
43880	77978
43881	77981
43882	77983
43883	77984
43884	77986
43885	77989
43886	77991
43887	77992
43888	77994
43889	77997
43890	77999
43891	78000
43892	78001
43893	78002
43894	78004
43895	78007
43896	78009
43897	78010
43898	78012
43899	78015
43900	78017
43901	78018
43902	78020
43903	78023
43904	78025
43905	78026
43906	78027
43907	78028
43908	78030
43909	78033
43910	78035
43911	78036
43912	78038
43913	78041
43914	78043
43915	78044
43916	78046
43917	78049
43918	78051
43919	78052
43920	78053
43921	78054
43922	78055
43923	78055
43924	78056
43925	78058
43926	78061
43927	78063
43928	78064
43929	78066
43930	78069
43931	78071
43932	78072
43933	78074
43934	78077
43935	78079
43936	78080
43937	78081
43938	78082
43939	78083
43940	78084
43941	78086
43942	78086
43943	78089
43944	78091
43945	78092
43946	78094
43947	78097
43948	78099
43949	78100
43950	78102
43951	78105
43952	78107
43953	78108
43954	78109
43955	78110
43956	78111
43957	78112
43958	78114
43959	78114
43960	78117
43961	78119
43962	78120
43963	78122
43964	78125
43965	78127
43966	78128
43967	78130
43968	78133
43969	78135
43970	78136
43971	78137
43972	78138
43973	78140
43974	78143
43975	78145
43976	78146
43977	78148
43978	78151
43979	78153
43980	78154
43981	78156
43982	78159
43983	78161
43984	78162
43985	78163
43986	78164
43987	78165
43988	78166
43989	78167
43990	78168
43991	78170
43992	78171
43993	78173
43994	78176
43995	78178
43996	78179
43997	78181
43998	78184
43999	78186
44000	78187
44001	78189
44002	78191
44003	78193
44004	78194
44005	78196
44006	78197
44007	78199
44008	78202
44009	78204
44010	78205
44011	78207
44012	78210
44013	78212
44014	78213
44015	78215
44016	78217
44017	78219
44018	78219
44019	78220
44020	78221
44021	78221
44022	78223
44023	78224
44024	78226
44025	78227
44026	78229
44027	78230
44028	78232
44029	78235
44030	78237
44031	78238
44032	78240
44033	78243
44034	78245
44035	78246
44036	78248
44037	78251
44038	78253
44039	78254
44040	78255
44041	78256
44042	78258
44043	78261
44044	78263
44045	78264
44046	78266
44047	78269
44048	78271
44049	78272
44050	78274
44051	78277
44052	78279
44053	78280
44054	78281
44055	78282
44056	78283
44057	78284
44058	78285
44059	78285
44060	78286
44061	78288
44062	78291
44063	78293
44064	78294
44065	78296
44066	78299
44067	78301
44068	78302
44069	78304
44070	78307
44071	78309
44072	78310
44073	78311
44074	78312
44075	78314
44076	78317
44077	78319
44078	78320
44079	78322
44080	78325
44081	78327
44082	78328
44083	78330
44084	78333
44085	78335
44086	78336
44087	78337
44088	78338
44089	78340
44090	78343
44091	78345
44092	78346
44093	78348
44094	78351
44095	78353
44096	78354
44097	78356
44098	78359
44099	78361
44100	78362
44101	78363
44102	78364
44103	78365
44104	78366
44105	78367
44106	78367
44107	78368
44108	78370
44109	78373
44110	78375
44111	78376
44112	78378
44113	78381
44114	78383
44115	78384
44116	78386
44117	78389
44118	78391
44119	78392
44120	78393
44121	78394
44122	78396
44123	78399
44124	78401
44125	78402
44126	78404
44127	78407
44128	78409
44129	78410
44130	78412
44131	78415
44132	78417
44133	78418
44134	78419
44135	78420
44136	78421
44137	78422
44138	78423
44139	78423
44140	78424
44141	78426
44142	78429
44143	78431
44144	78432
44145	78434
44146	78437
44147	78439
44148	78440
44149	78442
44150	78445
44151	78447
44152	78448
44153	78449
44154	78450
44155	78451
44156	78452
44157	78454
44158	78454
44159	78457
44160	78459
44161	78460
44162	78462
44163	78465
44164	78467
44165	78468
44166	78470
44167	78473
44168	78475
44169	78476
44170	78477
44171	78478
44172	78480
44173	78483
44174	78485
44175	78486
44176	78488
44177	78491
44178	78493
44179	78494
44180	78496
44181	78499
44182	78501
44183	78502
44184	78503
44185	78504
44186	78506
44187	78508
44188	78510
44189	78511
44190	78513
44191	78514
44192	78516
44193	78518
44194	78520
44195	78521
44196	78523
44197	78526
44198	78528
44199	78529
44200	78531
44201	78533
44202	78535
44203	78536
44204	78538
44205	78539
44206	78541
44207	78544
44208	78546
44209	78547
44210	78549
44211	78552
44212	78554
44213	78555
44214	78557
44215	78559
44216	78561
44217	78561
44218	78562
44219	78564
44220	78567
44221	78569
44222	78570
44223	78572
44224	78575
44225	78577
44226	78578
44227	78580
44228	78583
44229	78585
44230	78586
44231	78587
44232	78588
44233	78589
44234	78590
44235	78591
44236	78591
44237	78592
44238	78594
44239	78597
44240	78599
44241	78600
44242	78602
44243	78605
44244	78607
44245	78608
44246	78610
44247	78613
44248	78615
44249	78616
44250	78617
44251	78618
44252	78619
44253	78620
44254	78621
44255	78621
44256	78622
44257	78624
44258	78627
44259	78629
44260	78630
44261	78632
44262	78635
44263	78637
44264	78638
44265	78640
44266	78643
44267	78645
44268	78646
44269	78647
44270	78648
44271	78650
44272	78653
44273	78655
44274	78656
44275	78658
44276	78661
44277	78663
44278	78664
44279	78666
44280	78669
44281	78671
44282	78672
44283	78673
44284	78674
44285	78676
44286	78679
44287	78681
44288	78682
44289	78684
44290	78687
44291	78689
44292	78690
44293	78692
44294	78695
44295	78697
44296	78698
44297	78699
44298	78700
44299	78701
44300	78702
44301	78703
44302	78703
44303	78704
44304	78705
44305	78706
44306	78707
44307	78708
44308	78710
44309	78711
44310	78713
44311	78714
44312	78716
44313	78719
44314	78721
44315	78722
44316	78724
44317	78727
44318	78729
44319	78730
44320	78732
44321	78735
44322	78737
44323	78738
44324	78739
44325	78740
44326	78742
44327	78745
44328	78747
44329	78748
44330	78750
44331	78753
44332	78755
44333	78756
44334	78758
44335	78761
44336	78763
44337	78764
44338	78765
44339	78766
44340	78768
44341	78771
44342	78773
44343	78774
44344	78776
44345	78779
44346	78781
44347	78782
44348	78784
44349	78787
44350	78789
44351	78790
44352	78791
44353	78792
44354	78793
44355	78794
44356	78795
44357	78796
44358	78798
44359	78799
44360	78801
44361	78804
44362	78806
44363	78807
44364	78809
44365	78812
44366	78814
44367	78815
44368	78817
44369	78819
44370	78821
44371	78822
44372	78824
44373	78825
44374	78827
44375	78830
44376	78832
44377	78833
44378	78835
44379	78838
44380	78840
44381	78841
44382	78843
44383	78845
44384	78847
44385	78847
44386	78847
44387	78849
44388	78850
44389	78852
44390	78853
44391	78855
44392	78856
44393	78858
44394	78860
44395	78862
44396	78863
44397	78865
44398	78867
44399	78869
44400	78870
44401	78872
44402	78873
44403	78875
44404	78878
44405	78880
44406	78881
44407	78883
44408	78886
44409	78888
44410	78889
44411	78891
44412	78893
44413	78895
44414	78895
44415	78896
44416	78898
44417	78901
44418	78903
44419	78904
44420	78906
44421	78909
44422	78911
44423	78912
44424	78914
44425	78917
44426	78919
44427	78920
44428	78921
44429	78922
44430	78923
44431	78924
44432	78925
44433	78926
44434	78928
44435	78929
44436	78931
44437	78934
44438	78936
44439	78937
44440	78939
44441	78942
44442	78944
44443	78945
44444	78947
44445	78949
44446	78951
44447	78951
44448	78952
44449	78954
44450	78957
44451	78959
44452	78960
44453	78962
44454	78965
44455	78967
44456	78968
44457	78970
44458	78973
44459	78975
44460	78976
44461	78977
44462	78978
44463	78979
44464	78980
44465	78982
44466	78983
44467	78985
44468	78986
44469	78988
44470	78991
44471	78993
44472	78994
44473	78996
44474	78999
44475	79001
44476	79002
44477	79004
44478	79006
44479	79008
44480	79009
44481	79011
44482	79012
44483	79014
44484	79017
44485	79019
44486	79020
44487	79022
44488	79025
44489	79027
44490	79028
44491	79030
44492	79032
44493	79034
44494	79035
44495	79037
44496	79038
44497	79040
44498	79043
44499	79045
44500	79046
44501	79048
44502	79051
44503	79053
44504	79054
44505	79056
44506	79057
44507	79059
44508	79059
44509	79060
44510	79062
44511	79063
44512	79065
44513	79066
44514	79068
44515	79071
44516	79073
44517	79074
44518	79076
44519	79079
44520	79081
44521	79082
44522	79084
44523	79086
44524	79088
44525	79089
44526	79091
44527	79092
44528	79094
44529	79097
44530	79099
44531	79100
44532	79102
44533	79105
44534	79107
44535	79108
44536	79110
44537	79112
44538	79114
44539	79115
44540	79117
44541	79118
44542	79120
44543	79123
44544	79125
44545	79126
44546	79128
44547	79131
44548	79133
44549	79134
44550	79136
44551	79137
44552	79139
44553	79139
44554	79140
44555	79141
44556	79142
44557	79144
44558	79145
44559	79147
44560	79150
44561	79152
44562	79153
44563	79155
44564	79158
44565	79160
44566	79161
44567	79163
44568	79165
44569	79167
44570	79168
44571	79170
44572	79171
44573	79173
44574	79176
44575	79178
44576	79179
44577	79181
44578	79184
44579	79186
44580	79187
44581	79189
44582	79191
44583	79193
44584	79193
44585	79194
44586	79196
44587	79199
44588	79201
44589	79202
44590	79204
44591	79207
44592	79209
44593	79210
44594	79212
44595	79215
44596	79217
44597	79218
44598	79219
44599	79220
44600	79222
44601	79225
44602	79227
44603	79228
44604	79230
44605	79233
44606	79235
44607	79236
44608	79238
44609	79241
44610	79243
44611	79244
44612	79245
44613	79246
44614	79247
44615	79248
44616	79250
44617	79250
44618	79253
44619	79255
44620	79256
44621	79258
44622	79261
44623	79263
44624	79264
44625	79266
44626	79269
44627	79271
44628	79272
44629	79273
44630	79274
44631	79275
44632	79276
44633	79278
44634	79278
44635	79281
44636	79283
44637	79284
44638	79286
44639	79289
44640	79291
44641	79292
44642	79294
44643	79297
44644	79299
44645	79300
44646	79301
44647	79302
44648	79304
44649	79307
44650	79309
44651	79310
44652	79312
44653	79315
44654	79317
44655	79318
44656	79320
44657	79323
44658	79325
44659	79326
44660	79327
44661	79328
44662	79330
44663	79333
44664	79335
44665	79336
44666	79338
44667	79341
44668	79343
44669	79344
44670	79346
44671	79349
44672	79351
44673	79352
44674	79353
44675	79354
44676	79355
44677	79356
44678	79357
44679	79358
44680	79360
44681	79361
44682	79363
44683	79366
44684	79368
44685	79369
44686	79371
44687	79374
44688	79376
44689	79377
44690	79379
44691	79381
44692	79383
44693	79383
44694	79384
44695	79386
44696	79389
44697	79391
44698	79392
44699	79394
44700	79397
44701	79399
44702	79400
44703	79402
44704	79405
44705	79407
44706	79408
44707	79409
44708	79410
44709	79412
44710	79415
44711	79417
44712	79418
44713	79420
44714	79423
44715	79425
44716	79426
44717	79428
44718	79431
44719	79433
44720	79434
44721	79435
44722	79436
44723	79438
44724	79441
44725	79443
44726	79444
44727	79446
44728	79449
44729	79451
44730	79452
44731	79454
44732	79457
44733	79459
44734	79460
44735	79461
44736	79461
44737	79462
44738	79464
44739	79467
44740	79469
44741	79470
44742	79472
44743	79475
44744	79477
44745	79478
44746	79480
44747	79483
44748	79485
44749	79486
44750	79487
44751	79488
44752	79489
44753	79490
44754	79491
44755	79492
44756	79494
44757	79495
44758	79497
44759	79500
44760	79502
44761	79503
44762	79505
44763	79508
44764	79510
44765	79511
44766	79513
44767	79515
44768	79517
44769	79518
44770	79520
44771	79521
44772	79523
44773	79526
44774	79528
44775	79529
44776	79531
44777	79534
44778	79536
44779	79537
44780	79539
44781	79541
44782	79543
44783	79543
44784	79544
44785	79546
44786	79549
44787	79551
44788	79552
44789	79554
44790	79557
44791	79559
44792	79560
44793	79562
44794	79565
44795	79567
44796	79568
44797	79569
44798	79570
44799	79571
44800	79572
44801	79574
44802	79575
44803	79577
44804	79578
44805	79580
44806	79583
44807	79585
44808	79586
44809	79588
44810	79591
44811	79593
44812	79594
44813	79596
44814	79598
44815	79600
44816	79601
44817	79603
44818	79604
44819	79606
44820	79609
44821	79611
44822	79612
44823	79614
44824	79617
44825	79619
44826	79620
44827	79622
44828	79624
44829	79626
44830	79627
44831	79629
44832	79630
44833	79632
44834	79634
44835	79636
44836	79637
44837	79639
44838	79640
44839	79642
44840	79645
44841	79647
44842	79648
44843	79650
44844	79653
44845	79655
44846	79656
44847	79658
44848	79660
44849	79662
44850	79662
44851	79663
44852	79665
44853	79668
44854	79670
44855	79671
44856	79673
44857	79676
44858	79678
44859	79679
44860	79681
44861	79684
44862	79686
44863	79687
44864	79688
44865	79689
44866	79691
44867	79694
44868	79696
44869	79697
44870	79699
44871	79702
44872	79704
44873	79705
44874	79707
44875	79710
44876	79712
44877	79713
44878	79714
44879	79715
44880	79717
44881	79720
44882	79722
44883	79723
44884	79725
44885	79728
44886	79730
44887	79731
44888	79733
44889	79736
44890	79738
44891	79739
44892	79740
44893	79740
44894	79741
44895	79743
44896	79746
44897	79748
44898	79749
44899	79751
44900	79754
44901	79756
44902	79757
44903	79759
44904	79762
44905	79764
44906	79765
44907	79766
44908	79767
44909	79768
44910	79769
44911	79770
44912	79771
44913	79773
44914	79774
44915	79776
44916	79779
44917	79781
44918	79782
44919	79784
44920	79787
44921	79789
44922	79790
44923	79792
44924	79794
44925	79796
44926	79796
44927	79797
44928	79798
44929	79798
44930	79800
44931	79801
44932	79803
44933	79804
44934	79806
44935	79807
44936	79809
44937	79812
44938	79814
44939	79815
44940	79817
44941	79820
44942	79822
44943	79823
44944	79825
44945	79828
44946	79830
44947	79831
44948	79832
44949	79833
44950	79835
44951	79838
44952	79840
44953	79841
44954	79843
44955	79846
44956	79848
44957	79849
44958	79851
44959	79854
44960	79856
44961	79857
44962	79858
44963	79859
44964	79861
44965	79864
44966	79866
44967	79867
44968	79869
44969	79872
44970	79874
44971	79875
44972	79877
44973	79880
44974	79882
44975	79883
44976	79884
44977	79885
44978	79886
44979	79887
44980	79888
44981	79889
44982	79891
44983	79892
44984	79894
44985	79897
44986	79899
44987	79900
44988	79902
44989	79905
44990	79907
44991	79908
44992	79910
44993	79912
44994	79914
44995	79915
44996	79917
44997	79918
44998	79920
44999	79923
45000	79925
45001	79926
45002	79928
45003	79931
45004	79933
45005	79934
45006	79936
45007	79938
45008	79940
45009	79940
45010	79941
45011	79943
45012	79945
45013	79947
45014	79948
45015	79950
45016	79953
45017	79955
45018	79956
45019	79958
45020	79960
45021	79962
45022	79962
45023	79963
45024	79965
45025	79968
45026	79970
45027	79971
45028	79973
45029	79976
45030	79978
45031	79979
45032	79981
45033	79984
45034	79986
45035	79987
45036	79988
45037	79989
45038	79991
45039	79994
45040	79996
45041	79997
45042	79999
45043	80002
45044	80004
45045	80005
45046	80007
45047	80010
45048	80012
45049	80013
45050	80014
45051	80015
45052	80016
45053	80017
45054	80018
45055	80018
45056	80019
45057	80020
45058	80020
45059	80022
45060	80022
45061	80023
45062	80024
45063	80024
45064	80026
45065	80027
45066	80029
45067	80030
45068	80032
45069	80033
45070	80035
45071	80038
45072	80040
45073	80041
45074	80043
45075	80046
45076	80048
45077	80049
45078	80051
45079	80054
45080	80056
45081	80057
45082	80058
45083	80059
45084	80060
45085	80061
45086	80062
45087	80063
45088	80065
45089	80066
45090	80068
45091	80071
45092	80073
45093	80074
45094	80076
45095	80079
45096	80081
45097	80082
45098	80084
45099	80086
45100	80088
45101	80088
45102	80089
45103	80090
45104	80090
45105	80092
45106	80093
45107	80095
45108	80096
45109	80098
45110	80099
45111	80100
45112	80101
45113	80103
45114	80106
45115	80108
45116	80109
45117	80111
45118	80114
45119	80116
45120	80117
45121	80119
45122	80122
45123	80124
45124	80125
45125	80126
45126	80127
45127	80129
45128	80132
45129	80134
45130	80135
45131	80137
45132	80140
45133	80142
45134	80143
45135	80145
45136	80148
45137	80150
45138	80151
45139	80152
45140	80153
45141	80155
45142	80158
45143	80160
45144	80161
45145	80163
45146	80166
45147	80168
45148	80169
45149	80171
45150	80174
45151	80176
45152	80177
45153	80178
45154	80178
45155	80179
45156	80181
45157	80184
45158	80186
45159	80187
45160	80189
45161	80192
45162	80194
45163	80195
45164	80197
45165	80200
45166	80202
45167	80203
45168	80204
45169	80205
45170	80206
45171	80207
45172	80209
45173	80209
45174	80212
45175	80214
45176	80215
45177	80217
45178	80220
45179	80222
45180	80223
45181	80225
45182	80228
45183	80230
45184	80231
45185	80232
45186	80233
45187	80235
45188	80238
45189	80240
45190	80241
45191	80243
45192	80246
45193	80248
45194	80249
45195	80251
45196	80254
45197	80256
45198	80257
45199	80258
45200	80259
45201	80261
45202	80263
45203	80265
45204	80266
45205	80268
45206	80269
45207	80271
45208	80274
45209	80276
45210	80277
45211	80279
45212	80282
45213	80284
45214	80285
45215	80287
45216	80290
45217	80292
45218	80293
45219	80294
45220	80295
45221	80297
45222	80299
45223	80301
45224	80302
45225	80304
45226	80307
45227	80309
45228	80310
45229	80312
45230	80314
45231	80316
45232	80317
45233	80319
45234	80320
45235	80322
45236	80325
45237	80327
45238	80328
45239	80330
45240	80333
45241	80335
45242	80336
45243	80338
45244	80340
45245	80342
45246	80342
45247	80343
45248	80344
45249	80345
45250	80347
45251	80348
45252	80350
45253	80351
45254	80353
45255	80356
45256	80358
45257	80359
45258	80361
45259	80364
45260	80366
45261	80367
45262	80369
45263	80372
45264	80374
45265	80375
45266	80376
45267	80376
45268	80377
45269	80378
45270	80379
45271	80381
45272	80384
45273	80386
45274	80387
45275	80389
45276	80392
45277	80394
45278	80395
45279	80397
45280	80400
45281	80402
45282	80403
45283	80404
45284	80405
45285	80407
45286	80410
45287	80412
45288	80413
45289	80415
45290	80418
45291	80420
45292	80421
45293	80423
45294	80426
45295	80428
45296	80429
45297	80430
45298	80431
45299	80432
45300	80433
45301	80434
45302	80435
45303	80437
45304	80438
45305	80440
45306	80443
45307	80445
45308	80446
45309	80448
45310	80451
45311	80453
45312	80454
45313	80456
45314	80458
45315	80460
45316	80461
45317	80463
45318	80464
45319	80466
45320	80469
45321	80471
45322	80472
45323	80474
45324	80477
45325	80479
45326	80480
45327	80482
45328	80484
45329	80486
45330	80486
45331	80487
45332	80489
45333	80492
45334	80494
45335	80495
45336	80497
45337	80499
45338	80501
45339	80502
45340	80504
45341	80505
45342	80507
45343	80510
45344	80512
45345	80513
45346	80515
45347	80518
45348	80520
45349	80521
45350	80523
45351	80525
45352	80527
45353	80527
45354	80528
45355	80530
45356	80533
45357	80535
45358	80536
45359	80538
45360	80541
45361	80543
45362	80544
45363	80546
45364	80549
45365	80551
45366	80552
45367	80553
45368	80554
45369	80555
45370	80556
45371	80558
45372	80558
45373	80561
45374	80563
45375	80564
45376	80566
45377	80569
45378	80571
45379	80572
45380	80574
45381	80577
45382	80579
45383	80580
45384	80581
45385	80582
45386	80584
45387	80587
45388	80589
45389	80590
45390	80592
45391	80595
45392	80597
45393	80598
45394	80600
45395	80603
45396	80605
45397	80606
45398	80607
45399	80608
45400	80610
45401	80613
45402	80615
45403	80616
45404	80618
45405	80621
45406	80623
45407	80624
45408	80626
45409	80629
45410	80631
45411	80632
45412	80633
45413	80634
45414	80635
45415	80636
45416	80637
45417	80638
45418	80640
45419	80641
45420	80643
45421	80646
45422	80648
45423	80649
45424	80651
45425	80654
45426	80656
45427	80657
45428	80659
45429	80661
45430	80663
45431	80663
45432	80664
45433	80666
45434	80669
45435	80671
45436	80672
45437	80674
45438	80677
45439	80679
45440	80680
45441	80682
45442	80685
45443	80687
45444	80688
45445	80689
45446	80690
45447	80691
45448	80692
45449	80694
45450	80694
45451	80697
45452	80699
45453	80700
45454	80702
45455	80705
45456	80707
45457	80708
45458	80710
45459	80713
45460	80715
45461	80716
45462	80717
45463	80718
45464	80720
45465	80723
45466	80725
45467	80726
45468	80728
45469	80731
45470	80733
45471	80734
45472	80736
45473	80739
45474	80741
45475	80742
45476	80743
45477	80744
45478	80746
45479	80749
45480	80751
45481	80752
45482	80754
45483	80757
45484	80759
45485	80760
45486	80762
45487	80765
45488	80767
45489	80768
45490	80769
45491	80770
45492	80771
45493	80771
45494	80772
45495	80774
45496	80777
45497	80779
45498	80780
45499	80782
45500	80785
45501	80787
45502	80788
45503	80790
45504	80793
45505	80795
45506	80796
45507	80797
45508	80798
45509	80800
45510	80803
45511	80805
45512	80806
45513	80808
45514	80811
45515	80813
45516	80814
45517	80816
45518	80819
45519	80821
45520	80822
45521	80823
45522	80824
45523	80826
45524	80829
45525	80831
45526	80832
45527	80834
45528	80837
45529	80839
45530	80840
45531	80842
45532	80845
45533	80847
45534	80848
45535	80849
45536	80850
45537	80851
45538	80851
45539	80852
45540	80853
45541	80854
45542	80855
45543	80856
45544	80858
45545	80859
45546	80861
45547	80862
45548	80863
45549	80864
45550	80865
45551	80866
45552	80868
45553	80869
45554	80871
45555	80872
45556	80873
45557	80874
45558	80875
45559	80876
45560	80878
45561	80879
45562	80881
45563	80882
45564	80884
45565	80887
45566	80889
45567	80890
45568	80892
45569	80895
45570	80897
45571	80898
45572	80900
45573	80903
45574	80905
45575	80906
45576	80907
45577	80908
45578	80910
45579	80913
45580	80915
45581	80916
45582	80918
45583	80921
45584	80923
45585	80924
45586	80926
45587	80929
45588	80931
45589	80932
45590	80933
45591	80934
45592	80935
45593	80936
45594	80937
45595	80938
45596	80940
45597	80941
45598	80943
45599	80946
45600	80948
45601	80949
45602	80951
45603	80953
45604	80955
45605	80956
45606	80958
45607	80960
45608	80962
45609	80963
45610	80965
45611	80966
45612	80968
45613	80971
45614	80973
45615	80974
45616	80976
45617	80979
45618	80981
45619	80982
45620	80984
45621	80986
45622	80988
45623	80988
45624	80989
45625	80991
45626	80994
45627	80996
45628	80997
45629	80999
45630	81002
45631	81004
45632	81005
45633	81007
45634	81010
45635	81012
45636	81013
45637	81014
45638	81015
45639	81016
45640	81017
45641	81018
45642	81019
45643	81021
45644	81022
45645	81024
45646	81027
45647	81029
45648	81030
45649	81032
45650	81035
45651	81037
45652	81038
45653	81040
45654	81042
45655	81044
45656	81045
45657	81047
45658	81048
45659	81050
45660	81053
45661	81055
45662	81056
45663	81058
45664	81061
45665	81063
45666	81064
45667	81066
45668	81068
45669	81070
45670	81070
45671	81071
45672	81072
45673	81072
45674	81074
45675	81075
45676	81077
45677	81078
45678	81080
45679	81081
45680	81083
45681	81085
45682	81087
45683	81088
45684	81090
45685	81093
45686	81095
45687	81096
45688	81098
45689	81100
45690	81102
45691	81102
45692	81102
45693	81104
45694	81105
45695	81107
45696	81108
45697	81110
45698	81111
45699	81112
45700	81113
45701	81115
45702	81118
45703	81120
45704	81121
45705	81123
45706	81126
45707	81128
45708	81129
45709	81131
45710	81134
45711	81136
45712	81137
45713	81138
45714	81139
45715	81141
45716	81144
45717	81146
45718	81147
45719	81149
45720	81152
45721	81154
45722	81155
45723	81157
45724	81160
45725	81162
45726	81163
45727	81164
45728	81165
45729	81167
45730	81170
45731	81172
45732	81173
45733	81175
45734	81178
45735	81180
45736	81181
45737	81183
45738	81186
45739	81188
45740	81189
45741	81190
45742	81190
45743	81191
45744	81192
45745	81193
45746	81194
45747	81195
45748	81197
45749	81198
45750	81200
45751	81201
45752	81202
45753	81203
45754	81204
45755	81204
45756	81207
45757	81209
45758	81210
45759	81212
45760	81213
45761	81215
45762	81218
45763	81220
45764	81221
45765	81223
45766	81226
45767	81228
45768	81229
45769	81231
45770	81234
45771	81236
45772	81237
45773	81238
45774	81239
45775	81241
45776	81244
45777	81246
45778	81247
45779	81249
45780	81252
45781	81254
45782	81255
45783	81257
45784	81260
45785	81262
45786	81263
45787	81264
45788	81265
45789	81267
45790	81270
45791	81272
45792	81273
45793	81275
45794	81278
45795	81280
45796	81281
45797	81283
45798	81286
45799	81288
45800	81289
45801	81290
45802	81291
45803	81292
45804	81292
45805	81293
45806	81295
45807	81298
45808	81300
45809	81301
45810	81303
45811	81306
45812	81308
45813	81309
45814	81311
45815	81314
45816	81316
45817	81317
45818	81318
45819	81319
45820	81321
45821	81324
45822	81326
45823	81327
45824	81329
45825	81332
45826	81334
45827	81335
45828	81337
45829	81340
45830	81342
45831	81343
45832	81344
45833	81345
45834	81347
45835	81350
45836	81352
45837	81353
45838	81355
45839	81358
45840	81360
45841	81361
45842	81363
45843	81366
45844	81368
45845	81369
45846	81370
45847	81371
45848	81372
45849	81373
45850	81375
45851	81375
45852	81378
45853	81380
45854	81381
45855	81383
45856	81386
45857	81388
45858	81389
45859	81391
45860	81394
45861	81396
45862	81397
45863	81398
45864	81399
45865	81401
45866	81404
45867	81406
45868	81407
45869	81409
45870	81412
45871	81414
45872	81415
45873	81417
45874	81420
45875	81422
45876	81423
45877	81424
45878	81425
45879	81426
45880	81427
45881	81429
45882	81429
45883	81432
45884	81434
45885	81435
45886	81437
45887	81440
45888	81442
45889	81443
45890	81445
45891	81448
45892	81450
45893	81451
45894	81452
45895	81453
45896	81455
45897	81458
45898	81460
45899	81461
45900	81463
45901	81466
45902	81468
45903	81469
45904	81471
45905	81474
45906	81476
45907	81477
45908	81478
45909	81479
45910	81480
45911	81480
45912	81481
45913	81482
45914	81483
45915	81485
45916	81488
45917	81490
45918	81491
45919	81493
45920	81496
45921	81498
45922	81499
45923	81501
45924	81504
45925	81506
45926	81507
45927	81508
45928	81509
45929	81511
45930	81514
45931	81516
45932	81517
45933	81519
45934	81522
45935	81524
45936	81525
45937	81527
45938	81530
45939	81532
45940	81533
45941	81534
45942	81535
45943	81537
45944	81540
45945	81542
45946	81543
45947	81545
45948	81548
45949	81550
45950	81551
45951	81553
45952	81556
45953	81558
45954	81559
45955	81560
45956	81560
45957	81561
45958	81563
45959	81566
45960	81568
45961	81569
45962	81571
45963	81574
45964	81576
45965	81577
45966	81579
45967	81582
45968	81584
45969	81585
45970	81586
45971	81587
45972	81589
45973	81592
45974	81594
45975	81595
45976	81597
45977	81600
45978	81602
45979	81603
45980	81605
45981	81608
45982	81610
45983	81611
45984	81612
45985	81613
45986	81615
45987	81618
45988	81620
45989	81621
45990	81623
45991	81626
45992	81628
45993	81629
45994	81631
45995	81634
45996	81636
45997	81637
45998	81638
45999	81639
46000	81640
46001	81641
46002	81643
46003	81644
46004	81646
46005	81647
46006	81649
46007	81652
46008	81654
46009	81655
46010	81657
46011	81660
46012	81662
46013	81663
46014	81665
46015	81667
46016	81669
46017	81669
46018	81670
46019	81672
46020	81675
46021	81677
46022	81678
46023	81680
46024	81683
46025	81685
46026	81686
46027	81688
46028	81691
46029	81693
46030	81694
46031	81695
46032	81696
46033	81697
46034	81698
46035	81699
46036	81699
46037	81700
46038	81702
46039	81705
46040	81707
46041	81708
46042	81710
46043	81713
46044	81715
46045	81716
46046	81718
46047	81721
46048	81723
46049	81724
46050	81725
46051	81726
46052	81728
46053	81731
46054	81733
46055	81734
46056	81736
46057	81739
46058	81741
46059	81742
46060	81744
46061	81747
46062	81749
46063	81750
46064	81751
46065	81752
46066	81754
46067	81757
46068	81759
46069	81760
46070	81762
46071	81765
46072	81767
46073	81768
46074	81770
46075	81773
46076	81775
46077	81776
46078	81777
46079	81778
46080	81779
46081	81780
46082	81782
46083	81782
46084	81785
46085	81787
46086	81788
46087	81790
46088	81793
46089	81795
46090	81796
46091	81798
46092	81801
46093	81803
46094	81804
46095	81805
46096	81806
46097	81808
46098	81811
46099	81813
46100	81814
46101	81816
46102	81819
46103	81821
46104	81822
46105	81824
46106	81827
46107	81829
46108	81830
46109	81831
46110	81832
46111	81834
46112	81837
46113	81839
46114	81840
46115	81842
46116	81845
46117	81847
46118	81848
46119	81850
46120	81853
46121	81855
46122	81856
46123	81857
46124	81858
46125	81859
46126	81860
46127	81862
46128	81863
46129	81865
46130	81866
46131	81868
46132	81871
46133	81873
46134	81874
46135	81876
46136	81879
46137	81881
46138	81882
46139	81884
46140	81886
46141	81888
46142	81889
46143	81891
46144	81892
46145	81894
46146	81897
46147	81899
46148	81900
46149	81902
46150	81905
46151	81907
46152	81908
46153	81910
46154	81912
46155	81914
46156	81915
46157	81917
46158	81918
46159	81920
46160	81923
46161	81925
46162	81926
46163	81928
46164	81931
46165	81933
46166	81934
46167	81936
46168	81937
46169	81939
46170	81939
46171	81939
46172	81940
46173	81941
46174	81942
46175	81943
46176	81944
46177	81946
46178	81947
46179	81949
46180	81952
46181	81954
46182	81955
46183	81957
46184	81960
46185	81962
46186	81963
46187	81965
46188	81967
46189	81969
46190	81969
46191	81970
46192	81972
46193	81975
46194	81977
46195	81978
46196	81980
46197	81983
46198	81985
46199	81986
46200	81988
46201	81991
46202	81993
46203	81994
46204	81995
46205	81996
46206	81997
46207	81998
46208	81999
46209	82000
46210	82002
46211	82003
46212	82005
46213	82008
46214	82010
46215	82011
46216	82013
46217	82016
46218	82018
46219	82019
46220	82021
46221	82023
46222	82025
46223	82026
46224	82028
46225	82029
46226	82031
46227	82033
46228	82035
46229	82036
46230	82038
46231	82039
46232	82041
46233	82044
46234	82046
46235	82047
46236	82049
46237	82052
46238	82054
46239	82055
46240	82057
46241	82059
46242	82061
46243	82061
46244	82062
46245	82063
46246	82064
46247	82066
46248	82067
46249	82069
46250	82070
46251	82071
46252	82071
46253	82074
46254	82076
46255	82077
46256	82079
46257	82080
46258	82081
46259	82082
46260	82084
46261	82087
46262	82089
46263	82090
46264	82092
46265	82095
46266	82097
46267	82098
46268	82100
46269	82103
46270	82105
46271	82106
46272	82107
46273	82108
46274	82110
46275	82113
46276	82115
46277	82116
46278	82118
46279	82121
46280	82123
46281	82124
46282	82126
46283	82129
46284	82131
46285	82132
46286	82133
46287	82134
46288	82135
46289	82136
46290	82137
46291	82137
46292	82138
46293	82140
46294	82143
46295	82145
46296	82146
46297	82148
46298	82151
46299	82153
46300	82154
46301	82156
46302	82159
46303	82161
46304	82162
46305	82163
46306	82164
46307	82166
46308	82169
46309	82171
46310	82172
46311	82174
46312	82177
46313	82179
46314	82180
46315	82182
46316	82185
46317	82187
46318	82188
46319	82189
46320	82190
46321	82192
46322	82195
46323	82197
46324	82198
46325	82200
46326	82203
46327	82205
46328	82206
46329	82208
46330	82211
46331	82213
46332	82214
46333	82215
46334	82216
46335	82217
46336	82217
46337	82218
46338	82220
46339	82223
46340	82225
46341	82226
46342	82228
46343	82231
46344	82233
46345	82234
46346	82236
46347	82239
46348	82241
46349	82242
46350	82243
46351	82244
46352	82245
46353	82246
46354	82248
46355	82249
46356	82251
46357	82252
46358	82254
46359	82257
46360	82259
46361	82260
46362	82262
46363	82265
46364	82267
46365	82268
46366	82270
46367	82272
46368	82274
46369	82274
46370	82275
46371	82277
46372	82280
46373	82282
46374	82283
46375	82285
46376	82288
46377	82290
46378	82291
46379	82293
46380	82296
46381	82298
46382	82299
46383	82300
46384	82301
46385	82303
46386	82306
46387	82308
46388	82309
46389	82311
46390	82314
46391	82316
46392	82317
46393	82319
46394	82322
46395	82324
46396	82325
46397	82326
46398	82327
46399	82328
46400	82328
46401	82329
46402	82330
46403	82330
46404	82332
46405	82332
46406	82333
46407	82335
46408	82338
46409	82340
46410	82341
46411	82343
46412	82346
46413	82348
46414	82349
46415	82351
46416	82354
46417	82356
46418	82357
46419	82358
46420	82359
46421	82361
46422	82364
46423	82366
46424	82367
46425	82369
46426	82372
46427	82374
46428	82375
46429	82377
46430	82380
46431	82382
46432	82383
46433	82384
46434	82385
46435	82386
46436	82387
46437	82389
46438	82389
46439	82392
46440	82394
46441	82395
46442	82397
46443	82400
46444	82402
46445	82403
46446	82405
46447	82408
46448	82410
46449	82411
46450	82412
46451	82413
46452	82414
46453	82415
46454	82416
46455	82417
46456	82419
46457	82420
46458	82422
46459	82425
46460	82427
46461	82428
46462	82430
46463	82432
46464	82434
46465	82435
46466	82437
46467	82438
46468	82440
46469	82443
46470	82445
46471	82446
46472	82448
46473	82451
46474	82453
46475	82454
46476	82456
46477	82458
46478	82460
46479	82460
46480	82461
46481	82463
46482	82465
46483	82467
46484	82468
46485	82470
46486	82471
46487	82473
46488	82476
46489	82478
46490	82479
46491	82481
46492	82484
46493	82486
46494	82487
46495	82489
46496	82492
46497	82494
46498	82495
46499	82496
46500	82497
46501	82499
46502	82502
46503	82504
46504	82505
46505	82507
46506	82510
46507	82512
46508	82513
46509	82515
46510	82518
46511	82520
46512	82521
46513	82522
46514	82523
46515	82525
46516	82528
46517	82530
46518	82531
46519	82533
46520	82536
46521	82538
46522	82539
46523	82541
46524	82544
46525	82546
46526	82547
46527	82548
46528	82549
46529	82550
46530	82551
46531	82552
46532	82552
46533	82553
46534	82555
46535	82557
46536	82559
46537	82560
46538	82562
46539	82565
46540	82567
46541	82568
46542	82570
46543	82572
46544	82574
46545	82574
46546	82575
46547	82577
46548	82580
46549	82582
46550	82583
46551	82585
46552	82588
46553	82590
46554	82591
46555	82593
46556	82596
46557	82598
46558	82599
46559	82600
46560	82601
46561	82603
46562	82606
46563	82608
46564	82609
46565	82611
46566	82614
46567	82616
46568	82617
46569	82619
46570	82622
46571	82624
46572	82625
46573	82626
46574	82627
46575	82629
46576	82632
46577	82634
46578	82635
46579	82637
46580	82640
46581	82642
46582	82643
46583	82645
46584	82648
46585	82650
46586	82651
46587	82652
46588	82652
46589	82653
46590	82655
46591	82658
46592	82660
46593	82661
46594	82663
46595	82666
46596	82668
46597	82669
46598	82671
46599	82674
46600	82676
46601	82677
46602	82678
46603	82679
46604	82680
46605	82681
46606	82682
46607	82683
46608	82685
46609	82686
46610	82688
46611	82691
46612	82693
46613	82694
46614	82696
46615	82699
46616	82701
46617	82702
46618	82704
46619	82706
46620	82708
46621	82709
46622	82711
46623	82712
46624	82714
46625	82716
46626	82718
46627	82719
46628	82721
46629	82722
46630	82724
46631	82727
46632	82729
46633	82730
46634	82732
46635	82735
46636	82737
46637	82738
46638	82740
46639	82742
46640	82744
46641	82744
46642	82745
46643	82747
46644	82749
46645	82751
46646	82752
46647	82754
46648	82756
46649	82758
46650	82758
46651	82758
46652	82760
46653	82761
46654	82763
46655	82764
46656	82766
46657	82767
46658	82768
46659	82769
46660	82771
46661	82774
46662	82776
46663	82777
46664	82779
46665	82782
46666	82784
46667	82785
46668	82787
46669	82790
46670	82792
46671	82793
46672	82794
46673	82795
46674	82796
46675	82797
46676	82799
46677	82800
46678	82802
46679	82803
46680	82805
46681	82808
46682	82810
46683	82811
46684	82813
46685	82816
46686	82818
46687	82819
46688	82821
46689	82823
46690	82825
46691	82826
46692	82828
46693	82829
46694	82831
46695	82834
46696	82836
46697	82837
46698	82839
46699	82842
46700	82844
46701	82845
46702	82847
46703	82849
46704	82851
46705	82852
46706	82854
46707	82855
46708	82857
46709	82860
46710	82862
46711	82863
46712	82865
46713	82868
46714	82870
46715	82871
46716	82873
46717	82874
46718	82876
46719	82876
46720	82877
46721	82879
46722	82879
46723	82882
46724	82884
46725	82885
46726	82887
46727	82890
46728	82892
46729	82893
46730	82895
46731	82898
46732	82900
46733	82901
46734	82902
46735	82903
46736	82905
46737	82908
46738	82910
46739	82911
46740	82913
46741	82916
46742	82918
46743	82919
46744	82921
46745	82924
46746	82926
46747	82927
46748	82928
46749	82929
46750	82931
46751	82934
46752	82936
46753	82937
46754	82939
46755	82942
46756	82944
46757	82945
46758	82947
46759	82950
46760	82952
46761	82953
46762	82954
46763	82955
46764	82956
46765	82957
46766	82958
46767	82959
46768	82961
46769	82962
46770	82964
46771	82967
46772	82969
46773	82970
46774	82972
46775	82975
46776	82977
46777	82978
46778	82980
46779	82982
46780	82984
46781	82984
46782	82985
46783	82987
46784	82990
46785	82992
46786	82993
46787	82995
46788	82998
46789	83000
46790	83001
46791	83003
46792	83006
46793	83008
46794	83009
46795	83010
46796	83011
46797	83012
46798	83013
46799	83014
46800	83015
46801	83017
46802	83018
46803	83020
46804	83023
46805	83025
46806	83026
46807	83028
46808	83031
46809	83033
46810	83034
46811	83036
46812	83038
46813	83040
46814	83041
46815	83043
46816	83044
46817	83046
46818	83049
46819	83051
46820	83052
46821	83054
46822	83057
46823	83059
46824	83060
46825	83062
46826	83064
46827	83066
46828	83066
46829	83067
46830	83069
46831	83072
46832	83074
46833	83075
46834	83077
46835	83080
46836	83082
46837	83083
46838	83085
46839	83088
46840	83090
46841	83091
46842	83092
46843	83093
46844	83095
46845	83098
46846	83100
46847	83101
46848	83103
46849	83106
46850	83108
46851	83109
46852	83111
46853	83114
46854	83116
46855	83117
46856	83118
46857	83119
46858	83120
46859	83121
46860	83122
46861	83122
46862	83123
46863	83124
46864	83125
46865	83126
46866	83126
46867	83128
46868	83129
46869	83131
46870	83132
46871	83134
46872	83137
46873	83139
46874	83140
46875	83142
46876	83145
46877	83147
46878	83148
46879	83150
46880	83152
46881	83154
46882	83154
46883	83155
46884	83156
46885	83157
46886	83159
46887	83160
46888	83162
46889	83163
46890	83165
46891	83168
46892	83170
46893	83171
46894	83173
46895	83176
46896	83178
46897	83179
46898	83181
46899	83184
46900	83186
46901	83187
46902	83188
46903	83189
46904	83191
46905	83194
46906	83196
46907	83197
46908	83199
46909	83202
46910	83204
46911	83205
46912	83207
46913	83210
46914	83212
46915	83213
46916	83214
46917	83215
46918	83217
46919	83220
46920	83222
46921	83223
46922	83225
46923	83228
46924	83230
46925	83231
46926	83233
46927	83236
46928	83238
46929	83239
46930	83240
46931	83241
46932	83242
46933	83243
46934	83244
46935	83245
46936	83247
46937	83248
46938	83250
46939	83253
46940	83255
46941	83256
46942	83258
46943	83260
46944	83262
46945	83263
46946	83265
46947	83266
46948	83268
46949	83271
46950	83273
46951	83274
46952	83276
46953	83279
46954	83281
46955	83282
46956	83284
46957	83286
46958	83288
46959	83288
46960	83289
46961	83291
46962	83294
46963	83296
46964	83297
46965	83299
46966	83302
46967	83304
46968	83305
46969	83307
46970	83310
46971	83312
46972	83313
46973	83314
46974	83315
46975	83317
46976	83320
46977	83322
46978	83323
46979	83325
46980	83328
46981	83330
46982	83331
46983	83333
46984	83336
46985	83338
46986	83339
46987	83340
46988	83341
46989	83342
46990	83343
46991	83345
46992	83346
46993	83348
46994	83349
46995	83351
46996	83354
46997	83356
46998	83357
46999	83359
47000	83362
47001	83364
47002	83365
47003	83367
47004	83369
47005	83371
47006	83371
47007	83372
47008	83373
47009	83374
47010	83376
47011	83377
47012	83379
47013	83380
47014	83381
47015	83382
47016	83384
47017	83387
47018	83389
47019	83390
47020	83392
47021	83395
47022	83397
47023	83398
47024	83400
47025	83403
47026	83405
47027	83406
47028	83407
47029	83408
47030	83410
47031	83413
47032	83415
47033	83416
47034	83418
47035	83421
47036	83423
47037	83424
47038	83426
47039	83429
47040	83431
47041	83432
47042	83433
47043	83434
47044	83435
47045	83436
47046	83438
47047	83439
47048	83441
47049	83442
47050	83444
47051	83447
47052	83449
47053	83450
47054	83452
47055	83454
47056	83456
47057	83457
47058	83459
47059	83460
47060	83462
47061	83465
47062	83467
47063	83468
47064	83470
47065	83473
47066	83475
47067	83476
47068	83478
47069	83480
47070	83482
47071	83482
47072	83483
47073	83485
47074	83488
47075	83490
47076	83491
47077	83493
47078	83496
47079	83498
47080	83499
47081	83501
47082	83504
47083	83506
47084	83507
47085	83508
47086	83509
47087	83511
47088	83514
47089	83516
47090	83517
47091	83519
47092	83522
47093	83524
47094	83525
47095	83527
47096	83530
47097	83532
47098	83533
47099	83534
47100	83535
47101	83536
47102	83537
47103	83538
47104	83539
47105	83541
47106	83542
47107	83544
47108	83547
47109	83549
47110	83550
47111	83552
47112	83555
47113	83557
47114	83558
47115	83560
47116	83562
47117	83564
47118	83564
47119	83565
47120	83567
47121	83569
47122	83571
47123	83572
47124	83574
47125	83577
47126	83579
47127	83580
47128	83582
47129	83584
47130	83586
47131	83586
47132	83587
47133	83589
47134	83592
47135	83594
47136	83595
47137	83597
47138	83600
47139	83602
47140	83603
47141	83605
47142	83608
47143	83610
47144	83611
47145	83612
47146	83613
47147	83615
47148	83618
47149	83620
47150	83621
47151	83623
47152	83626
47153	83628
47154	83629
47155	83631
47156	83634
47157	83636
47158	83637
47159	83638
47160	83639
47161	83640
47162	83641
47163	83643
47164	83643
47165	83646
47166	83648
47167	83649
47168	83651
47169	83654
47170	83656
47171	83657
47172	83659
47173	83662
47174	83664
47175	83665
47176	83666
47177	83667
47178	83669
47179	83672
47180	83674
47181	83675
47182	83677
47183	83680
47184	83682
47185	83683
47186	83685
47187	83688
47188	83690
47189	83691
47190	83692
47191	83693
47192	83695
47193	83698
47194	83700
47195	83701
47196	83703
47197	83706
47198	83708
47199	83709
47200	83711
47201	83714
47202	83716
47203	83717
47204	83718
47205	83719
47206	83720
47207	83721
47208	83723
47209	83724
47210	83726
47211	83727
47212	83729
47213	83732
47214	83734
47215	83735
47216	83737
47217	83740
47218	83742
47219	83743
47220	83745
47221	83747
47222	83749
47223	83750
47224	83752
47225	83753
47226	83755
47227	83758
47228	83760
47229	83761
47230	83763
47231	83766
47232	83768
47233	83769
47234	83771
47235	83773
47236	83775
47237	83776
47238	83778
47239	83779
47240	83781
47241	83784
47242	83786
47243	83787
47244	83789
47245	83792
47246	83794
47247	83795
47248	83797
47249	83798
47250	83800
47251	83800
47252	83800
47253	83801
47254	83803
47255	83806
47256	83808
47257	83809
47258	83811
47259	83814
47260	83816
47261	83817
47262	83819
47263	83822
47264	83824
47265	83825
47266	83826
47267	83827
47268	83828
47269	83829
47270	83830
47271	83830
47272	83831
47273	83833
47274	83836
47275	83838
47276	83839
47277	83841
47278	83844
47279	83846
47280	83847
47281	83849
47282	83852
47283	83854
47284	83855
47285	83856
47286	83857
47287	83858
47288	83859
47289	83861
47290	83862
47291	83864
47292	83865
47293	83867
47294	83870
47295	83872
47296	83873
47297	83875
47298	83878
47299	83880
47300	83881
47301	83883
47302	83885
47303	83887
47304	83888
47305	83890
47306	83891
47307	83893
47308	83896
47309	83898
47310	83899
47311	83901
47312	83904
47313	83906
47314	83907
47315	83909
47316	83911
47317	83913
47318	83914
47319	83916
47320	83917
47321	83919
47322	83922
47323	83924
47324	83925
47325	83927
47326	83930
47327	83932
47328	83933
47329	83935
47330	83936
47331	83938
47332	83939
47333	83941
47334	83942
47335	83944
47336	83945
47337	83946
47338	83947
47339	83948
47340	83949
47341	83951
47342	83952
47343	83954
47344	83955
47345	83957
47346	83960
47347	83962
47348	83963
47349	83965
47350	83968
47351	83970
47352	83971
47353	83973
47354	83976
47355	83978
47356	83979
47357	83980
47358	83981
47359	83983
47360	83986
47361	83988
47362	83989
47363	83991
47364	83994
47365	83996
47366	83997
47367	83999
47368	84002
47369	84004
47370	84005
47371	84006
47372	84007
47373	84009
47374	84012
47375	84014
47376	84015
47377	84017
47378	84020
47379	84022
47380	84023
47381	84025
47382	84028
47383	84030
47384	84031
47385	84032
47386	84033
47387	84034
47388	84035
47389	84037
47390	84038
47391	84040
47392	84041
47393	84043
47394	84046
47395	84048
47396	84049
47397	84051
47398	84054
47399	84056
47400	84057
47401	84059
47402	84061
47403	84063
47404	84064
47405	84066
47406	84067
47407	84069
47408	84072
47409	84074
47410	84075
47411	84077
47412	84080
47413	84082
47414	84083
47415	84085
47416	84087
47417	84089
47418	84090
47419	84092
47420	84093
47421	84095
47422	84098
47423	84100
47424	84101
47425	84103
47426	84106
47427	84108
47428	84109
47429	84111
47430	84112
47431	84114
47432	84114
47433	84115
47434	84116
47435	84117
47436	84119
47437	84120
47438	84122
47439	84125
47440	84127
47441	84128
47442	84130
47443	84133
47444	84135
47445	84136
47446	84138
47447	84140
47448	84142
47449	84143
47450	84145
47451	84146
47452	84148
47453	84151
47454	84153
47455	84154
47456	84156
47457	84159
47458	84161
47459	84162
47460	84164
47461	84166
47462	84168
47463	84168
47464	84169
47465	84171
47466	84174
47467	84176
47468	84177
47469	84179
47470	84182
47471	84184
47472	84185
47473	84187
47474	84190
47475	84192
47476	84193
47477	84194
47478	84195
47479	84196
47480	84197
47481	84198
47482	84198
47483	84199
47484	84200
47485	84201
47486	84203
47487	84206
47488	84208
47489	84209
47490	84211
47491	84214
47492	84216
47493	84217
47494	84219
47495	84222
47496	84224
47497	84225
47498	84226
47499	84227
47500	84228
47501	84229
47502	84231
47503	84232
47504	84234
47505	84235
47506	84237
47507	84240
47508	84242
47509	84243
47510	84245
47511	84248
47512	84250
47513	84251
47514	84253
47515	84255
47516	84257
47517	84257
47518	84258
47519	84260
47520	84263
47521	84265
47522	84266
47523	84268
47524	84271
47525	84273
47526	84274
47527	84276
47528	84279
47529	84281
47530	84282
47531	84283
47532	84284
47533	84285
47534	84286
47535	84288
47536	84288
47537	84291
47538	84293
47539	84294
47540	84296
47541	84299
47542	84301
47543	84302
47544	84304
47545	84307
47546	84309
47547	84310
47548	84311
47549	84312
47550	84313
47551	84314
47552	84316
47553	84316
47554	84319
47555	84321
47556	84322
47557	84324
47558	84327
47559	84329
47560	84330
47561	84332
47562	84335
47563	84337
47564	84338
47565	84339
47566	84340
47567	84342
47568	84345
47569	84347
47570	84348
47571	84350
47572	84353
47573	84355
47574	84356
47575	84358
47576	84361
47577	84363
47578	84364
47579	84365
47580	84366
47581	84367
47582	84367
47583	84368
47584	84369
47585	84370
47586	84371
47587	84372
47588	84374
47589	84375
47590	84377
47591	84378
47592	84380
47593	84383
47594	84385
47595	84386
47596	84388
47597	84391
47598	84393
47599	84394
47600	84396
47601	84399
47602	84401
47603	84402
47604	84403
47605	84404
47606	84406
47607	84409
47608	84411
47609	84412
47610	84414
47611	84417
47612	84419
47613	84420
47614	84422
47615	84425
47616	84427
47617	84428
47618	84429
47619	84430
47620	84431
47621	84432
47622	84434
47623	84434
47624	84437
47625	84439
47626	84440
47627	84442
47628	84445
47629	84447
47630	84448
47631	84450
47632	84453
47633	84455
47634	84456
47635	84457
47636	84458
47637	84460
47638	84463
47639	84465
47640	84466
47641	84468
47642	84471
47643	84473
47644	84474
47645	84476
47646	84479
47647	84481
47648	84482
47649	84483
47650	84484
47651	84486
47652	84489
47653	84491
47654	84492
47655	84494
47656	84497
47657	84499
47658	84500
47659	84502
47660	84505
47661	84507
47662	84508
47663	84509
47664	84510
47665	84511
47666	84512
47667	84513
47668	84513
47669	84514
47670	84516
47671	84519
47672	84521
47673	84522
47674	84524
47675	84527
47676	84529
47677	84530
47678	84532
47679	84535
47680	84537
47681	84538
47682	84539
47683	84540
47684	84541
47685	84542
47686	84544
47687	84544
47688	84547
47689	84549
47690	84550
47691	84552
47692	84555
47693	84557
47694	84558
47695	84560
47696	84563
47697	84565
47698	84566
47699	84567
47700	84568
47701	84569
47702	84570
47703	84571
47704	84571
47705	84572
47706	84573
47707	84574
47708	84575
47709	84576
47710	84578
47711	84579
47712	84581
47713	84582
47714	84583
47715	84584
47716	84586
47717	84589
47718	84591
47719	84592
47720	84594
47721	84597
47722	84599
47723	84600
47724	84602
47725	84605
47726	84607
47727	84608
47728	84609
47729	84610
47730	84612
47731	84615
47732	84617
47733	84618
47734	84620
47735	84623
47736	84625
47737	84626
47738	84628
47739	84631
47740	84633
47741	84634
47742	84635
47743	84636
47744	84638
47745	84641
47746	84643
47747	84644
47748	84646
47749	84649
47750	84651
47751	84652
47752	84654
47753	84657
47754	84659
47755	84660
47756	84661
47757	84661
47758	84662
47759	84664
47760	84667
47761	84669
47762	84670
47763	84672
47764	84675
47765	84677
47766	84678
47767	84680
47768	84683
47769	84685
47770	84686
47771	84687
47772	84688
47773	84689
47774	84690
47775	84692
47776	84693
47777	84695
47778	84696
47779	84698
47780	84701
47781	84703
47782	84704
47783	84706
47784	84709
47785	84711
47786	84712
47787	84714
47788	84716
47789	84718
47790	84719
47791	84721
47792	84722
47793	84724
47794	84727
47795	84729
47796	84730
47797	84732
47798	84735
47799	84737
47800	84738
47801	84740
47802	84742
47803	84744
47804	84745
47805	84747
47806	84748
47807	84750
47808	84753
47809	84755
47810	84756
47811	84758
47812	84761
47813	84763
47814	84764
47815	84766
47816	84767
47817	84769
47818	84769
47819	84769
47820	84770
47821	84772
47822	84775
47823	84777
47824	84778
47825	84780
47826	84783
47827	84785
47828	84786
47829	84788
47830	84791
47831	84793
47832	84794
47833	84795
47834	84796
47835	84797
47836	84798
47837	84800
47838	84800
47839	84803
47840	84805
47841	84806
47842	84808
47843	84811
47844	84813
47845	84814
47846	84816
47847	84819
47848	84821
47849	84822
47850	84823
47851	84824
47852	84826
47853	84829
47854	84831
47855	84832
47856	84834
47857	84837
47858	84839
47859	84840
47860	84842
47861	84845
47862	84847
47863	84848
47864	84849
47865	84850
47866	84852
47867	84855
47868	84857
47869	84858
47870	84860
47871	84863
47872	84865
47873	84866
47874	84868
47875	84871
47876	84873
47877	84874
47878	84875
47879	84876
47880	84877
47881	84878
47882	84880
47883	84881
47884	84883
47885	84884
47886	84886
47887	84889
47888	84891
47889	84892
47890	84894
47891	84897
47892	84899
47893	84900
47894	84902
47895	84904
47896	84906
47897	84907
47898	84909
47899	84910
47900	84912
47901	84915
47902	84917
47903	84918
47904	84920
47905	84923
47906	84925
47907	84926
47908	84928
47909	84930
47910	84932
47911	84933
47912	84935
47913	84936
47914	84938
47915	84940
47916	84942
47917	84942
47918	84943
47919	84944
47920	84944
47921	84946
47922	84946
47923	84947
47924	84948
47925	84949
47926	84951
47927	84952
47928	84954
47929	84957
47930	84959
47931	84960
47932	84962
47933	84965
47934	84967
47935	84968
47936	84970
47937	84972
47938	84974
47939	84975
47940	84977
47941	84978
47942	84980
47943	84983
47944	84985
47945	84986
47946	84988
47947	84991
47948	84993
47949	84994
47950	84996
47951	84998
47952	85000
47953	85000
47954	85001
47955	85002
47956	85002
47957	85004
47958	85004
47959	85005
47960	85007
47961	85007
47962	85009
47963	85011
47964	85012
47965	85014
47966	85017
47967	85019
47968	85020
47969	85022
47970	85024
47971	85026
47972	85026
47973	85027
47974	85028
47975	85028
47976	85030
47977	85030
47978	85031
47979	85032
47980	85033
47981	85035
47982	85036
47983	85038
47984	85041
47985	85043
47986	85044
47987	85046
47988	85049
47989	85051
47990	85052
47991	85054
47992	85056
47993	85058
47994	85059
47995	85061
47996	85062
47997	85064
47998	85067
47999	85069
48000	85070
48001	85072
48002	85075
48003	85077
48004	85078
48005	85080
48006	85082
48007	85084
48008	85084
48009	85085
48010	85087
48011	85090
48012	85092
48013	85093
48014	85095
48015	85098
48016	85100
48017	85101
48018	85103
48019	85106
48020	85108
48021	85109
48022	85110
48023	85111
48024	85113
48025	85116
48026	85118
48027	85119
48028	85121
48029	85124
48030	85126
48031	85127
48032	85129
48033	85132
48034	85134
48035	85135
48036	85136
48037	85137
48038	85139
48039	85142
48040	85144
48041	85145
48042	85147
48043	85150
48044	85152
48045	85153
48046	85155
48047	85158
48048	85160
48049	85161
48050	85162
48051	85162
48052	85163
48053	85165
48054	85168
48055	85170
48056	85171
48057	85173
48058	85176
48059	85178
48060	85179
48061	85181
48062	85184
48063	85186
48064	85187
48065	85188
48066	85189
48067	85191
48068	85193
48069	85195
48070	85196
48071	85198
48072	85201
48073	85203
48074	85204
48075	85206
48076	85208
48077	85210
48078	85210
48079	85211
48080	85213
48081	85216
48082	85218
48083	85219
48084	85221
48085	85224
48086	85226
48087	85227
48088	85229
48089	85232
48090	85234
48091	85235
48092	85236
48093	85237
48094	85238
48095	85239
48096	85240
48097	85241
48098	85243
48099	85244
48100	85246
48101	85249
48102	85251
48103	85252
48104	85254
48105	85257
48106	85259
48107	85260
48108	85262
48109	85264
48110	85266
48111	85267
48112	85269
48113	85270
48114	85272
48115	85275
48116	85277
48117	85278
48118	85280
48119	85283
48120	85285
48121	85286
48122	85288
48123	85290
48124	85292
48125	85292
48126	85293
48127	85295
48128	85298
48129	85300
48130	85301
48131	85303
48132	85306
48133	85308
48134	85309
48135	85311
48136	85314
48137	85316
48138	85317
48139	85318
48140	85319
48141	85320
48142	85321
48143	85322
48144	85323
48145	85325
48146	85326
48147	85328
48148	85331
48149	85333
48150	85334
48151	85336
48152	85339
48153	85341
48154	85342
48155	85344
48156	85346
48157	85348
48158	85348
48159	85349
48160	85351
48161	85354
48162	85356
48163	85357
48164	85359
48165	85362
48166	85364
48167	85365
48168	85367
48169	85370
48170	85372
48171	85373
48172	85374
48173	85375
48174	85376
48175	85377
48176	85378
48177	85378
48178	85379
48179	85380
48180	85381
48181	85382
48182	85383
48183	85385
48184	85386
48185	85388
48186	85389
48187	85391
48188	85394
48189	85396
48190	85397
48191	85399
48192	85402
48193	85404
48194	85405
48195	85407
48196	85410
48197	85412
48198	85413
48199	85414
48200	85415
48201	85416
48202	85417
48203	85419
48204	85419
48205	85422
48206	85424
48207	85425
48208	85427
48209	85430
48210	85432
48211	85433
48212	85435
48213	85438
48214	85440
48215	85441
48216	85442
48217	85443
48218	85444
48219	85445
48220	85446
48221	85446
48222	85447
48223	85449
48224	85452
48225	85454
48226	85455
48227	85457
48228	85460
48229	85462
48230	85463
48231	85465
48232	85468
48233	85470
48234	85471
48235	85472
48236	85473
48237	85475
48238	85478
48239	85480
48240	85481
48241	85483
48242	85486
48243	85488
48244	85489
48245	85491
48246	85494
48247	85496
48248	85497
48249	85498
48250	85499
48251	85501
48252	85504
48253	85506
48254	85507
48255	85509
48256	85512
48257	85514
48258	85515
48259	85517
48260	85520
48261	85522
48262	85523
48263	85524
48264	85525
48265	85526
48266	85527
48267	85528
48268	85528
48269	85529
48270	85531
48271	85534
48272	85536
48273	85537
48274	85539
48275	85542
48276	85544
48277	85545
48278	85547
48279	85550
48280	85552
48281	85553
48282	85554
48283	85555
48284	85557
48285	85560
48286	85562
48287	85563
48288	85565
48289	85568
48290	85570
48291	85571
48292	85573
48293	85576
48294	85578
48295	85579
48296	85580
48297	85581
48298	85583
48299	85586
48300	85588
48301	85589
48302	85591
48303	85594
48304	85596
48305	85597
48306	85599
48307	85602
48308	85604
48309	85605
48310	85606
48311	85607
48312	85608
48313	85609
48314	85611
48315	85612
48316	85614
48317	85615
48318	85617
48319	85620
48320	85622
48321	85623
48322	85625
48323	85628
48324	85630
48325	85631
48326	85633
48327	85635
48328	85637
48329	85638
48330	85640
48331	85641
48332	85643
48333	85646
48334	85648
48335	85649
48336	85651
48337	85654
48338	85656
48339	85657
48340	85659
48341	85661
48342	85663
48343	85664
48344	85666
48345	85667
48346	85669
48347	85672
48348	85674
48349	85675
48350	85677
48351	85680
48352	85682
48353	85683
48354	85685
48355	85686
48356	85688
48357	85688
48358	85689
48359	85691
48360	85691
48361	85694
48362	85696
48363	85697
48364	85699
48365	85702
48366	85704
48367	85705
48368	85707
48369	85710
48370	85712
48371	85713
48372	85714
48373	85714
48374	85715
48375	85717
48376	85720
48377	85722
48378	85723
48379	85725
48380	85728
48381	85730
48382	85731
48383	85733
48384	85736
48385	85738
48386	85739
48387	85740
48388	85741
48389	85743
48390	85745
48391	85747
48392	85748
48393	85750
48394	85751
48395	85752
48396	85753
48397	85755
48398	85758
48399	85760
48400	85761
48401	85763
48402	85766
48403	85768
48404	85769
48405	85771
48406	85774
48407	85776
48408	85777
48409	85778
48410	85779
48411	85781
48412	85784
48413	85786
48414	85787
48415	85789
48416	85792
48417	85794
48418	85795
48419	85797
48420	85800
48421	85802
48422	85803
48423	85804
48424	85805
48425	85806
48426	85807
48427	85808
48428	85808
48429	85809
48430	85811
48431	85814
48432	85816
48433	85817
48434	85819
48435	85822
48436	85824
48437	85825
48438	85827
48439	85830
48440	85832
48441	85833
48442	85834
48443	85835
48444	85837
48445	85840
48446	85842
48447	85843
48448	85845
48449	85848
48450	85850
48451	85851
48452	85853
48453	85856
48454	85858
48455	85859
48456	85860
48457	85861
48458	85863
48459	85866
48460	85868
48461	85869
48462	85871
48463	85874
48464	85876
48465	85877
48466	85879
48467	85882
48468	85884
48469	85885
48470	85886
48471	85887
48472	85888
48473	85889
48474	85891
48475	85892
48476	85894
48477	85895
48478	85897
48479	85900
48480	85902
48481	85903
48482	85905
48483	85908
48484	85910
48485	85911
48486	85913
48487	85915
48488	85917
48489	85917
48490	85918
48491	85919
48492	85919
48493	85921
48494	85921
48495	85922
48496	85923
48497	85924
48498	85926
48499	85927
48500	85929
48501	85932
48502	85934
48503	85935
48504	85937
48505	85940
48506	85942
48507	85943
48508	85945
48509	85947
48510	85949
48511	85950
48512	85952
48513	85953
48514	85955
48515	85958
48516	85960
48517	85961
48518	85963
48519	85966
48520	85968
48521	85969
48522	85971
48523	85973
48524	85975
48525	85975
48526	85976
48527	85978
48528	85981
48529	85983
48530	85984
48531	85986
48532	85989
48533	85991
48534	85992
48535	85994
48536	85997
48537	85999
48538	86000
48539	86001
48540	86002
48541	86003
48542	86004
48543	86005
48544	86005
48545	86006
48546	86008
48547	86011
48548	86013
48549	86014
48550	86016
48551	86019
48552	86021
48553	86022
48554	86024
48555	86027
48556	86029
48557	86030
48558	86031
48559	86032
48560	86034
48561	86037
48562	86039
48563	86040
48564	86042
48565	86045
48566	86047
48567	86048
48568	86050
48569	86053
48570	86055
48571	86056
48572	86057
48573	86058
48574	86060
48575	86063
48576	86065
48577	86066
48578	86068
48579	86071
48580	86073
48581	86074
48582	86076
48583	86079
48584	86081
48585	86082
48586	86083
48587	86084
48588	86085
48589	86086
48590	86087
48591	86088
48592	86090
48593	86091
48594	86093
48595	86096
48596	86098
48597	86099
48598	86101
48599	86104
48600	86106
48601	86107
48602	86109
48603	86111
48604	86113
48605	86113
48606	86114
48607	86116
48608	86119
48609	86121
48610	86122
48611	86124
48612	86127
48613	86129
48614	86130
48615	86132
48616	86135
48617	86137
48618	86138
48619	86139
48620	86140
48621	86142
48622	86145
48623	86147
48624	86148
48625	86150
48626	86153
48627	86155
48628	86156
48629	86158
48630	86161
48631	86163
48632	86164
48633	86165
48634	86166
48635	86168
48636	86171
48637	86173
48638	86174
48639	86176
48640	86179
48641	86181
48642	86182
48643	86184
48644	86187
48645	86189
48646	86190
48647	86191
48648	86191
48649	86192
48650	86194
48651	86197
48652	86199
48653	86200
48654	86202
48655	86205
48656	86207
48657	86208
48658	86210
48659	86213
48660	86215
48661	86216
48662	86217
48663	86218
48664	86220
48665	86223
48666	86225
48667	86226
48668	86228
48669	86231
48670	86233
48671	86234
48672	86236
48673	86239
48674	86241
48675	86242
48676	86243
48677	86244
48678	86246
48679	86249
48680	86251
48681	86252
48682	86254
48683	86257
48684	86259
48685	86260
48686	86262
48687	86265
48688	86267
48689	86268
48690	86269
48691	86270
48692	86271
48693	86272
48694	86274
48695	86275
48696	86277
48697	86278
48698	86280
48699	86283
48700	86285
48701	86286
48702	86288
48703	86291
48704	86293
48705	86294
48706	86296
48707	86298
48708	86300
48709	86301
48710	86303
48711	86304
48712	86306
48713	86309
48714	86311
48715	86312
48716	86314
48717	86317
48718	86319
48719	86320
48720	86322
48721	86324
48722	86326
48723	86327
48724	86329
48725	86330
48726	86332
48727	86335
48728	86337
48729	86338
48730	86340
48731	86343
48732	86345
48733	86346
48734	86348
48735	86349
48736	86351
48737	86351
48738	86352
48739	86354
48740	86354
48741	86357
48742	86359
48743	86360
48744	86362
48745	86365
48746	86367
48747	86368
48748	86370
48749	86373
48750	86375
48751	86376
48752	86377
48753	86378
48754	86379
48755	86380
48756	86382
48757	86382
48758	86385
48759	86387
48760	86388
48761	86390
48762	86393
48763	86395
48764	86396
48765	86398
48766	86401
48767	86403
48768	86404
48769	86405
48770	86406
48771	86408
48772	86411
48773	86413
48774	86414
48775	86416
48776	86419
48777	86421
48778	86422
48779	86424
48780	86427
48781	86429
48782	86430
48783	86431
48784	86432
48785	86433
48786	86434
48787	86436
48788	86437
48789	86439
48790	86440
48791	86442
48792	86445
48793	86447
48794	86448
48795	86450
48796	86453
48797	86455
48798	86456
48799	86458
48800	86460
48801	86462
48802	86462
48803	86463
48804	86465
48805	86468
48806	86470
48807	86471
48808	86473
48809	86476
48810	86478
48811	86479
48812	86481
48813	86484
48814	86486
48815	86487
48816	86488
48817	86489
48818	86491
48819	86494
48820	86496
48821	86497
48822	86499
48823	86502
48824	86504
48825	86505
48826	86507
48827	86510
48828	86512
48829	86513
48830	86514
48831	86515
48832	86517
48833	86520
48834	86522
48835	86523
48836	86525
48837	86528
48838	86530
48839	86531
48840	86533
48841	86536
48842	86538
48843	86539
48844	86540
48845	86540
48846	86541
48847	86543
48848	86546
48849	86548
48850	86549
48851	86551
48852	86554
48853	86556
48854	86557
48855	86559
48856	86562
48857	86564
48858	86565
48859	86566
48860	86567
48861	86568
48862	86569
48863	86571
48864	86571
48865	86574
48866	86576
48867	86577
48868	86579
48869	86582
48870	86584
48871	86585
48872	86587
48873	86590
48874	86592
48875	86593
48876	86594
48877	86595
48878	86597
48879	86600
48880	86602
48881	86603
48882	86605
48883	86608
48884	86610
48885	86611
48886	86613
48887	86616
48888	86618
48889	86619
48890	86620
48891	86621
48892	86623
48893	86626
48894	86628
48895	86629
48896	86631
48897	86634
48898	86636
48899	86637
48900	86639
48901	86642
48902	86644
48903	86645
48904	86646
48905	86647
48906	86648
48907	86649
48908	86651
48909	86652
48910	86654
48911	86655
48912	86657
48913	86660
48914	86662
48915	86663
48916	86665
48917	86668
48918	86670
48919	86671
48920	86673
48921	86675
48922	86677
48923	86677
48924	86678
48925	86680
48926	86683
48927	86685
48928	86686
48929	86688
48930	86691
48931	86693
48932	86694
48933	86696
48934	86699
48935	86701
48936	86702
48937	86703
48938	86704
48939	86706
48940	86709
48941	86711
48942	86712
48943	86714
48944	86717
48945	86719
48946	86720
48947	86722
48948	86725
48949	86727
48950	86728
48951	86729
48952	86730
48953	86732
48954	86735
48955	86737
48956	86738
48957	86740
48958	86743
48959	86745
48960	86746
48961	86748
48962	86751
48963	86753
48964	86754
48965	86755
48966	86755
48967	86756
48968	86758
48969	86761
48970	86763
48971	86764
48972	86766
48973	86769
48974	86771
48975	86772
48976	86774
48977	86777
48978	86779
48979	86780
48980	86781
48981	86782
48982	86784
48983	86786
48984	86788
48985	86789
48986	86791
48987	86794
48988	86796
48989	86797
48990	86799
48991	86801
48992	86803
48993	86803
48994	86804
48995	86805
48996	86805
48997	86807
48998	86807
48999	86808
49000	86810
49001	86810
49002	86813
49003	86815
49004	86816
49005	86818
49006	86821
49007	86823
49008	86824
49009	86826
49010	86829
49011	86831
49012	86832
49013	86833
49014	86834
49015	86836
49016	86839
49017	86841
49018	86842
49019	86844
49020	86847
49021	86849
49022	86850
49023	86852
49024	86855
49025	86857
49026	86858
49027	86859
49028	86860
49029	86861
49030	86862
49031	86863
49032	86864
49033	86866
49034	86867
49035	86869
49036	86872
49037	86874
49038	86875
49039	86877
49040	86880
49041	86882
49042	86883
49043	86885
49044	86887
49045	86889
49046	86889
49047	86890
49048	86891
49049	86891
49050	86893
49051	86894
49052	86896
49053	86897
49054	86899
49055	86900
49056	86901
49057	86902
49058	86903
49059	86903
49060	86906
49061	86908
49062	86909
49063	86911
49064	86912
49065	86914
49066	86917
49067	86919
49068	86920
49069	86922
49070	86925
49071	86927
49072	86928
49073	86930
49074	86933
49075	86935
49076	86936
49077	86937
49078	86938
49079	86939
49080	86940
49081	86941
49082	86942
49083	86944
49084	86945
49085	86947
49086	86950
49087	86952
49088	86953
49089	86955
49090	86958
49091	86960
49092	86961
49093	86963
49094	86965
49095	86967
49096	86968
49097	86970
49098	86971
49099	86973
49100	86976
49101	86978
49102	86979
49103	86981
49104	86984
49105	86986
49106	86987
49107	86989
49108	86991
49109	86993
49110	86993
49111	86994
49112	86995
49113	86995
49114	86997
49115	86998
49116	87000
49117	87001
49118	87003
49119	87004
49120	87006
49121	87009
49122	87011
49123	87012
49124	87014
49125	87017
49126	87019
49127	87020
49128	87022
49129	87025
49130	87027
49131	87028
49132	87029
49133	87030
49134	87031
49135	87032
49136	87033
49137	87034
49138	87036
49139	87037
49140	87039
49141	87042
49142	87044
49143	87045
49144	87047
49145	87050
49146	87052
49147	87053
49148	87055
49149	87057
49150	87059
49151	87060
49152	87062
49153	87063
49154	87065
49155	87068
49156	87070
49157	87071
49158	87073
49159	87076
49160	87078
49161	87079
49162	87081
49163	87083
49164	87085
49165	87085
49166	87086
49167	87087
49168	87088
49169	87090
49170	87091
49171	87093
49172	87094
49173	87095
49174	87096
49175	87097
49176	87098
49177	87100
49178	87101
49179	87103
49180	87104
49181	87106
49182	87109
49183	87111
49184	87112
49185	87114
49186	87117
49187	87119
49188	87120
49189	87122
49190	87125
49191	87127
49192	87128
49193	87129
49194	87130
49195	87132
49196	87135
49197	87137
49198	87138
49199	87140
49200	87143
49201	87145
49202	87146
49203	87148
49204	87151
49205	87153
49206	87154
49207	87155
49208	87156
49209	87157
49210	87158
49211	87160
49212	87160
49213	87163
49214	87165
49215	87166
49216	87168
49217	87171
49218	87173
49219	87174
49220	87176
49221	87179
49222	87181
49223	87182
49224	87183
49225	87184
49226	87185
49227	87186
49228	87187
49229	87187
49230	87188
49231	87190
49232	87193
49233	87195
49234	87196
49235	87198
49236	87201
49237	87203
49238	87204
49239	87206
49240	87209
49241	87211
49242	87212
49243	87213
49244	87214
49245	87216
49246	87219
49247	87221
49248	87222
49249	87224
49250	87227
49251	87229
49252	87230
49253	87232
49254	87235
49255	87237
49256	87238
49257	87239
49258	87240
49259	87242
49260	87245
49261	87247
49262	87248
49263	87250
49264	87253
49265	87255
49266	87256
49267	87258
49268	87261
49269	87263
49270	87264
49271	87265
49272	87266
49273	87267
49274	87268
49275	87270
49276	87270
49277	87273
49278	87275
49279	87276
49280	87278
49281	87281
49282	87283
49283	87284
49284	87286
49285	87289
49286	87291
49287	87292
49288	87293
49289	87294
49290	87296
49291	87299
49292	87301
49293	87302
49294	87304
49295	87307
49296	87309
49297	87310
49298	87312
49299	87315
49300	87317
49301	87318
49302	87319
49303	87320
49304	87322
49305	87325
49306	87327
49307	87328
49308	87330
49309	87333
49310	87335
49311	87336
49312	87338
49313	87341
49314	87343
49315	87344
49316	87345
49317	87346
49318	87347
49319	87348
49320	87350
49321	87350
49322	87353
49323	87355
49324	87356
49325	87358
49326	87361
49327	87363
49328	87364
49329	87366
49330	87369
49331	87371
49332	87372
49333	87373
49334	87374
49335	87375
49336	87376
49337	87378
49338	87379
49339	87381
49340	87382
49341	87384
49342	87387
49343	87389
49344	87390
49345	87392
49346	87395
49347	87397
49348	87398
49349	87400
49350	87402
49351	87404
49352	87404
49353	87405
49354	87406
49355	87407
49356	87409
49357	87410
49358	87412
49359	87413
49360	87415
49361	87418
49362	87420
49363	87421
49364	87423
49365	87426
49366	87428
49367	87429
49368	87431
49369	87434
49370	87436
49371	87437
49372	87438
49373	87439
49374	87441
49375	87444
49376	87446
49377	87447
49378	87449
49379	87452
49380	87454
49381	87455
49382	87457
49383	87460
49384	87462
49385	87463
49386	87464
49387	87465
49388	87466
49389	87467
49390	87468
49391	87469
49392	87471
49393	87472
49394	87474
49395	87477
49396	87479
49397	87480
49398	87482
49399	87485
49400	87487
49401	87488
49402	87490
49403	87492
49404	87494
49405	87495
49406	87497
49407	87498
49408	87500
49409	87503
49410	87505
49411	87506
49412	87508
49413	87511
49414	87513
49415	87514
49416	87516
49417	87518
49418	87520
49419	87520
49420	87520
49421	87522
49422	87522
49423	87523
49424	87525
49425	87526
49426	87528
49427	87529
49428	87531
49429	87534
49430	87536
49431	87537
49432	87539
49433	87542
49434	87544
49435	87545
49436	87547
49437	87549
49438	87551
49439	87552
49440	87554
49441	87555
49442	87557
49443	87560
49444	87562
49445	87563
49446	87565
49447	87568
49448	87570
49449	87571
49450	87573
49451	87574
49452	87576
49453	87576
49454	87577
49455	87578
49456	87579
49457	87581
49458	87582
49459	87584
49460	87587
49461	87589
49462	87590
49463	87592
49464	87595
49465	87597
49466	87598
49467	87600
49468	87602
49469	87604
49470	87605
49471	87607
49472	87608
49473	87610
49474	87613
49475	87615
49476	87616
49477	87618
49478	87621
49479	87623
49480	87624
49481	87626
49482	87628
49483	87630
49484	87630
49485	87631
49486	87632
49487	87633
49488	87635
49489	87636
49490	87638
49491	87639
49492	87641
49493	87644
49494	87646
49495	87647
49496	87649
49497	87652
49498	87654
49499	87655
49500	87657
49501	87660
49502	87662
49503	87663
49504	87664
49505	87665
49506	87666
49507	87667
49508	87669
49509	87669
49510	87672
49511	87674
49512	87675
49513	87677
49514	87680
49515	87682
49516	87683
49517	87685
49518	87688
49519	87690
49520	87691
49521	87692
49522	87693
49523	87695
49524	87698
49525	87700
49526	87701
49527	87703
49528	87706
49529	87708
49530	87709
49531	87711
49532	87714
49533	87716
49534	87717
49535	87718
49536	87719
49537	87721
49538	87724
49539	87726
49540	87727
49541	87729
49542	87732
49543	87734
49544	87735
49545	87737
49546	87740
49547	87742
49548	87743
49549	87744
49550	87745
49551	87746
49552	87747
49553	87748
49554	87748
49555	87749
49556	87751
49557	87754
49558	87756
49559	87757
49560	87759
49561	87762
49562	87764
49563	87765
49564	87767
49565	87770
49566	87772
49567	87773
49568	87774
49569	87775
49570	87777
49571	87780
49572	87782
49573	87783
49574	87785
49575	87788
49576	87790
49577	87791
49578	87793
49579	87796
49580	87798
49581	87799
49582	87800
49583	87801
49584	87802
49585	87803
49586	87804
49587	87805
49588	87807
49589	87808
49590	87810
49591	87813
49592	87815
49593	87816
49594	87818
49595	87821
49596	87823
49597	87824
49598	87826
49599	87828
49600	87830
49601	87830
49602	87831
49603	87833
49604	87836
49605	87838
49606	87839
49607	87841
49608	87844
49609	87846
49610	87847
49611	87849
49612	87852
49613	87854
49614	87855
49615	87856
49616	87857
49617	87858
49618	87859
49619	87860
49620	87861
49621	87863
49622	87864
49623	87866
49624	87869
49625	87871
49626	87872
49627	87874
49628	87877
49629	87879
49630	87880
49631	87882
49632	87884
49633	87886
49634	87887
49635	87889
49636	87890
49637	87892
49638	87895
49639	87897
49640	87898
49641	87900
49642	87902
49643	87904
49644	87905
49645	87907
49646	87909
49647	87911
49648	87911
49649	87912
49650	87913
49651	87913
49652	87915
49653	87915
49654	87916
49655	87917
49656	87917
49657	87918
49658	87920
49659	87922
49660	87924
49661	87925
49662	87927
49663	87928
49664	87929
49665	87930
49666	87931
49667	87931
49668	87934
49669	87936
49670	87937
49671	87939
49672	87940
49673	87941
49674	87942
49675	87944
49676	87947
49677	87949
49678	87950
49679	87952
49680	87955
49681	87957
49682	87958
49683	87960
49684	87963
49685	87965
49686	87966
49687	87967
49688	87968
49689	87969
49690	87970
49691	87972
49692	87973
49693	87975
49694	87976
49695	87978
49696	87981
49697	87983
49698	87984
49699	87986
49700	87989
49701	87991
49702	87992
49703	87994
49704	87996
49705	87998
49706	87998
49707	87999
49708	88001
49709	88003
49710	88005
49711	88006
49712	88008
49713	88009
49714	88010
49715	88011
49716	88012
49717	88012
49718	88015
49719	88017
49720	88018
49721	88020
49722	88021
49723	88023
49724	88026
49725	88028
49726	88029
49727	88031
49728	88034
49729	88036
49730	88037
49731	88039
49732	88042
49733	88044
49734	88045
49735	88046
49736	88047
49737	88048
49738	88049
49739	88051
49740	88052
49741	88054
49742	88055
49743	88057
49744	88060
49745	88062
49746	88063
49747	88065
49748	88068
49749	88070
49750	88071
49751	88073
49752	88075
49753	88077
49754	88077
49755	88078
49756	88080
49757	88083
49758	88085
49759	88086
49760	88088
49761	88091
49762	88093
49763	88094
49764	88096
49765	88099
49766	88101
49767	88102
49768	88103
49769	88104
49770	88106
49771	88109
49772	88111
49773	88112
49774	88114
49775	88117
49776	88119
49777	88120
49778	88122
49779	88125
49780	88127
49781	88128
49782	88129
49783	88130
49784	88132
49785	88135
49786	88137
49787	88138
49788	88140
49789	88143
49790	88145
49791	88146
49792	88148
49793	88151
49794	88153
49795	88154
49796	88155
49797	88155
49798	88156
49799	88158
49800	88161
49801	88163
49802	88164
49803	88166
49804	88169
49805	88171
49806	88172
49807	88174
49808	88177
49809	88179
49810	88180
49811	88181
49812	88182
49813	88183
49814	88184
49815	88186
49816	88187
49817	88189
49818	88190
49819	88192
49820	88195
49821	88197
49822	88198
49823	88200
49824	88203
49825	88205
49826	88206
49827	88208
49828	88210
49829	88212
49830	88212
49831	88213
49832	88214
49833	88214
49834	88216
49835	88216
49836	88217
49837	88219
49838	88220
49839	88222
49840	88223
49841	88225
49842	88227
49843	88229
49844	88229
49845	88230
49846	88232
49847	88235
49848	88237
49849	88238
49850	88240
49851	88243
49852	88245
49853	88246
49854	88248
49855	88251
49856	88253
49857	88254
49858	88255
49859	88256
49860	88257
49861	88258
49862	88259
49863	88260
49864	88262
49865	88263
49866	88265
49867	88268
49868	88270
49869	88271
49870	88273
49871	88276
49872	88278
49873	88279
49874	88281
49875	88283
49876	88285
49877	88285
49878	88286
49879	88288
49880	88291
49881	88293
49882	88294
49883	88296
49884	88299
49885	88301
49886	88302
49887	88304
49888	88307
49889	88309
49890	88310
49891	88311
49892	88312
49893	88314
49894	88317
49895	88319
49896	88320
49897	88322
49898	88325
49899	88327
49900	88328
49901	88330
49902	88333
49903	88335
49904	88336
49905	88337
49906	88338
49907	88340
49908	88343
49909	88345
49910	88346
49911	88348
49912	88351
49913	88353
49914	88354
49915	88356
49916	88359
49917	88361
49918	88362
49919	88363
49920	88363
49921	88364
49922	88365
49923	88366
49924	88368
49925	88371
49926	88373
49927	88374
49928	88376
49929	88379
49930	88381
49931	88382
49932	88384
49933	88387
49934	88389
49935	88390
49936	88391
49937	88392
49938	88393
49939	88394
49940	88395
49941	88395
49942	88396
49943	88398
49944	88401
49945	88403
49946	88404
49947	88406
49948	88409
49949	88411
49950	88412
49951	88414
49952	88417
49953	88419
49954	88420
49955	88421
49956	88422
49957	88423
49958	88424
49959	88425
49960	88425
49961	88426
49962	88427
49963	88428
49964	88430
49965	88432
49966	88434
49967	88435
49968	88437
49969	88440
49970	88442
49971	88443
49972	88445
49973	88447
49974	88449
49975	88450
49976	88452
49977	88453
49978	88455
49979	88458
49980	88460
49981	88461
49982	88463
49983	88466
49984	88468
49985	88469
49986	88471
49987	88473
49988	88475
49989	88475
49990	88476
49991	88478
49992	88481
49993	88483
49994	88484
49995	88486
49996	88489
49997	88491
49998	88492
49999	88494
50000	88497
50001	88499
50002	88500
50003	88501
50004	88502
50005	88504
50006	88507
50007	88509
50008	88510
50009	88512
50010	88515
50011	88517
50012	88518
50013	88520
50014	88523
50015	88525
50016	88526
50017	88527
50018	88528
50019	88530
50020	88533
50021	88535
50022	88536
50023	88538
50024	88541
50025	88543
50026	88544
50027	88546
50028	88549
50029	88551
50030	88552
50031	88553
50032	88553
50033	88554
50034	88555
50035	88556
50036	88557
50037	88558
50038	88560
50039	88561
50040	88563
50041	88564
50042	88566
50043	88569
50044	88571
50045	88572
50046	88574
50047	88577
50048	88579
50049	88580
50050	88582
50051	88585
50052	88587
50053	88588
50054	88589
50055	88590
50056	88591
50057	88592
50058	88594
50059	88594
50060	88597
50061	88599
50062	88600
50063	88602
50064	88605
50065	88607
50066	88608
50067	88610
50068	88613
50069	88615
50070	88616
50071	88617
50072	88618
50073	88619
50074	88620
50075	88622
50076	88623
50077	88625
50078	88626
50079	88628
50080	88631
50081	88633
50082	88634
50083	88636
50084	88639
50085	88641
50086	88642
50087	88644
50088	88646
50089	88648
50090	88648
50091	88649
50092	88650
50093	88651
50094	88653
50095	88654
50096	88656
50097	88657
50098	88659
50099	88662
50100	88664
50101	88665
50102	88667
50103	88670
50104	88672
50105	88673
50106	88675
50107	88678
50108	88680
50109	88681
50110	88682
50111	88683
50112	88684
50113	88685
50114	88686
50115	88687
50116	88689
50117	88690
50118	88692
50119	88695
50120	88697
50121	88698
50122	88700
50123	88703
50124	88705
50125	88706
50126	88708
50127	88710
50128	88712
50129	88712
50130	88713
50131	88715
50132	88718
50133	88720
50134	88721
50135	88723
50136	88726
50137	88728
50138	88729
50139	88731
50140	88734
50141	88736
50142	88737
50143	88738
50144	88739
50145	88740
50146	88741
50147	88742
50148	88742
50149	88743
50150	88745
50151	88748
50152	88750
50153	88751
50154	88753
50155	88756
50156	88758
50157	88759
50158	88761
50159	88764
50160	88766
50161	88767
50162	88768
50163	88769
50164	88771
50165	88774
50166	88776
50167	88777
50168	88779
50169	88782
50170	88784
50171	88785
50172	88787
50173	88790
50174	88792
50175	88793
50176	88794
50177	88795
50178	88797
50179	88800
50180	88802
50181	88803
50182	88805
50183	88808
50184	88810
50185	88811
50186	88813
50187	88816
50188	88818
50189	88819
50190	88820
50191	88821
50192	88822
50193	88823
50194	88825
50195	88826
50196	88828
50197	88829
50198	88831
50199	88834
50200	88836
50201	88837
50202	88839
50203	88842
50204	88844
50205	88845
50206	88847
50207	88849
50208	88851
50209	88851
50210	88852
50211	88854
50212	88857
50213	88859
50214	88860
50215	88862
50216	88864
50217	88866
50218	88866
50219	88867
50220	88869
50221	88872
50222	88874
50223	88875
50224	88877
50225	88880
50226	88882
50227	88883
50228	88885
50229	88888
50230	88890
50231	88891
50232	88892
50233	88893
50234	88895
50235	88898
50236	88900
50237	88901
50238	88903
50239	88906
50240	88908
50241	88909
50242	88911
50243	88914
50244	88916
50245	88917
50246	88918
50247	88919
50248	88921
50249	88924
50250	88926
50251	88927
50252	88929
50253	88932
50254	88934
50255	88935
50256	88937
50257	88940
50258	88942
50259	88943
50260	88944
50261	88944
50262	88945
50263	88947
50264	88950
50265	88952
50266	88953
50267	88955
50268	88958
50269	88960
50270	88961
50271	88963
50272	88966
50273	88968
50274	88969
50275	88970
50276	88971
50277	88973
50278	88976
50279	88978
50280	88979
50281	88981
50282	88984
50283	88986
50284	88987
50285	88989
50286	88992
50287	88994
50288	88995
50289	88996
50290	88997
50291	88999
50292	89002
50293	89004
50294	89005
50295	89007
50296	89010
50297	89012
50298	89013
50299	89015
50300	89018
50301	89020
50302	89021
50303	89022
50304	89023
50305	89024
50306	89024
50307	89025
50308	89027
50309	89030
50310	89032
50311	89033
50312	89035
50313	89038
50314	89040
50315	89041
50316	89043
50317	89046
50318	89048
50319	89049
50320	89050
50321	89051
50322	89052
50323	89053
50324	89054
50325	89055
50326	89057
50327	89058
50328	89060
50329	89063
50330	89065
50331	89066
50332	89068
50333	89071
50334	89073
50335	89074
50336	89076
50337	89078
50338	89080
50339	89080
50340	89081
50341	89083
50342	89086
50343	89088
50344	89089
50345	89091
50346	89094
50347	89096
50348	89097
50349	89099
50350	89102
50351	89104
50352	89105
50353	89106
50354	89107
50355	89108
50356	89109
50357	89111
50358	89112
50359	89114
50360	89115
50361	89117
50362	89120
50363	89122
50364	89123
50365	89125
50366	89128
50367	89130
50368	89131
50369	89133
50370	89135
50371	89137
50372	89138
50373	89140
50374	89141
50375	89143
50376	89146
50377	89148
50378	89149
50379	89151
50380	89154
50381	89156
50382	89157
50383	89159
50384	89161
50385	89163
50386	89164
50387	89166
50388	89167
50389	89169
50390	89172
50391	89174
50392	89175
50393	89177
50394	89179
50395	89181
50396	89181
50397	89182
50398	89183
50399	89183
50400	89185
50401	89185
50402	89186
50403	89188
50404	89188
50405	89191
50406	89193
50407	89194
50408	89196
50409	89199
50410	89201
50411	89202
50412	89204
50413	89207
50414	89209
50415	89210
50416	89211
50417	89212
50418	89213
50419	89214
50420	89216
50421	89216
50422	89219
50423	89221
50424	89222
50425	89224
50426	89227
50427	89229
50428	89230
50429	89232
50430	89235
50431	89237
50432	89238
50433	89239
50434	89240
50435	89241
50436	89242
50437	89244
50438	89245
50439	89247
50440	89248
50441	89250
50442	89253
50443	89255
50444	89256
50445	89258
50446	89261
50447	89263
50448	89264
50449	89266
50450	89268
50451	89270
50452	89271
50453	89273
50454	89274
50455	89276
50456	89279
50457	89281
50458	89282
50459	89284
50460	89287
50461	89289
50462	89290
50463	89292
50464	89294
50465	89296
50466	89297
50467	89299
50468	89300
50469	89302
50470	89305
50471	89307
50472	89308
50473	89310
50474	89313
50475	89315
50476	89316
50477	89318
50478	89319
50479	89321
50480	89322
50481	89324
50482	89325
50483	89327
50484	89328
50485	89329
50486	89330
50487	89332
50488	89335
50489	89337
50490	89338
50491	89340
50492	89342
50493	89344
50494	89345
50495	89347
50496	89350
50497	89352
50498	89353
50499	89354
50500	89355
50501	89357
50502	89360
50503	89362
50504	89363
50505	89365
50506	89368
50507	89370
50508	89371
50509	89373
50510	89376
50511	89378
50512	89379
50513	89380
50514	89381
50515	89382
50516	89383
50517	89385
50518	89386
50519	89388
50520	89389
50521	89391
50522	89394
50523	89396
50524	89397
50525	89399
50526	89402
50527	89404
50528	89405
50529	89407
50530	89409
50531	89411
50532	89412
50533	89414
50534	89415
50535	89417
50536	89420
50537	89422
50538	89423
50539	89425
50540	89428
50541	89430
50542	89431
50543	89433
50544	89435
50545	89437
50546	89438
50547	89440
50548	89441
50549	89443
50550	89446
50551	89448
50552	89449
50553	89451
50554	89454
50555	89456
50556	89457
50557	89459
50558	89460
50559	89462
50560	89462
50561	89463
50562	89465
50563	89465
50564	89468
50565	89470
50566	89471
50567	89473
50568	89476
50569	89478
50570	89479
50571	89481
50572	89484
50573	89486
50574	89487
50575	89488
50576	89489
50577	89491
50578	89494
50579	89496
50580	89497
50581	89499
50582	89502
50583	89504
50584	89505
50585	89507
50586	89510
50587	89512
50588	89513
50589	89514
50590	89515
50591	89516
50592	89517
50593	89518
50594	89518
50595	89519
50596	89521
50597	89524
50598	89526
50599	89527
50600	89529
50601	89532
50602	89534
50603	89535
50604	89537
50605	89540
50606	89542
50607	89543
50608	89544
50609	89545
50610	89546
50611	89547
50612	89549
50613	89549
50614	89552
50615	89554
50616	89555
50617	89557
50618	89560
50619	89562
50620	89563
50621	89565
50622	89568
50623	89570
50624	89571
50625	89572
50626	89573
50627	89574
50628	89575
50629	89577
50630	89577
50631	89580
50632	89582
50633	89583
50634	89585
50635	89587
50636	89589
50637	89590
50638	89592
50639	89593
50640	89595
50641	89598
50642	89600
50643	89601
50644	89603
50645	89606
50646	89608
50647	89609
50648	89611
50649	89613
50650	89615
50651	89615
50652	89616
50653	89617
50654	89617
50655	89619
50656	89619
50657	89620
50658	89622
50659	89623
50660	89625
50661	89626
50662	89628
50663	89631
50664	89633
50665	89634
50666	89636
50667	89639
50668	89641
50669	89642
50670	89644
50671	89646
50672	89648
50673	89648
50674	89649
50675	89650
50676	89651
50677	89653
50678	89654
50679	89656
50680	89657
50681	89658
50682	89659
50683	89661
50684	89664
50685	89666
50686	89667
50687	89669
50688	89672
50689	89674
50690	89675
50691	89677
50692	89680
50693	89682
50694	89683
50695	89684
50696	89685
50697	89686
50698	89687
50699	89689
50700	89689
50701	89692
50702	89694
50703	89695
50704	89697
50705	89700
50706	89702
50707	89703
50708	89705
50709	89708
50710	89710
50711	89711
50712	89712
50713	89713
50714	89715
50715	89718
50716	89720
50717	89721
50718	89723
50719	89726
50720	89728
50721	89729
50722	89731
50723	89734
50724	89736
50725	89737
50726	89738
50727	89739
50728	89740
50729	89741
50730	89743
50731	89743
50732	89746
50733	89748
50734	89749
50735	89751
50736	89754
50737	89756
50738	89757
50739	89759
50740	89762
50741	89764
50742	89765
50743	89766
50744	89767
50745	89769
50746	89772
50747	89774
50748	89775
50749	89777
50750	89780
50751	89782
50752	89783
50753	89785
50754	89788
50755	89790
50756	89791
50757	89792
50758	89793
50759	89794
50760	89795
50761	89797
50762	89797
50763	89800
50764	89802
50765	89803
50766	89805
50767	89808
50768	89810
50769	89811
50770	89813
50771	89816
50772	89818
50773	89819
50774	89820
50775	89821
50776	89823
50777	89826
50778	89828
50779	89829
50780	89831
50781	89834
50782	89836
50783	89837
50784	89839
50785	89842
50786	89844
50787	89845
50788	89846
50789	89847
50790	89849
50791	89852
50792	89854
50793	89855
50794	89857
50795	89860
50796	89862
50797	89863
50798	89865
50799	89868
50800	89870
50801	89871
50802	89872
50803	89873
50804	89874
50805	89875
50806	89876
50807	89876
50808	89877
50809	89878
50810	89878
50811	89880
50812	89880
50813	89881
50814	89883
50815	89886
50816	89888
50817	89889
50818	89891
50819	89894
50820	89896
50821	89897
50822	89899
50823	89902
50824	89904
50825	89905
50826	89906
50827	89907
50828	89908
50829	89909
50830	89911
50831	89912
50832	89914
50833	89915
50834	89917
50835	89920
50836	89922
50837	89923
50838	89925
50839	89928
50840	89930
50841	89931
50842	89933
50843	89935
50844	89937
50845	89938
50846	89940
50847	89941
50848	89943
50849	89946
50850	89948
50851	89949
50852	89951
50853	89954
50854	89956
50855	89957
50856	89959
50857	89961
50858	89963
50859	89964
50860	89966
50861	89967
50862	89969
50863	89972
50864	89974
50865	89975
50866	89977
50867	89980
50868	89982
50869	89983
50870	89985
50871	89986
50872	89988
50873	89989
50874	89991
50875	89992
50876	89994
50877	89995
50878	89996
50879	89997
50880	89998
50881	89999
50882	90001
50883	90002
50884	90004
50885	90005
50886	90006
50887	90006
50888	90009
50889	90011
50890	90012
50891	90014
50892	90015
50893	90016
50894	90017
50895	90018
50896	90019
50897	90021
50898	90022
50899	90024
50900	90025
50901	90026
50902	90027
50903	90028
50904	90029
50905	90031
50906	90032
50907	90034
50908	90035
50909	90037
50910	90040
50911	90042
50912	90043
50913	90045
50914	90048
50915	90050
50916	90051
50917	90053
50918	90056
50919	90058
50920	90059
50921	90060
50922	90061
50923	90063
50924	90066
50925	90068
50926	90069
50927	90071
50928	90074
50929	90076
50930	90077
50931	90079
50932	90082
50933	90084
50934	90085
50935	90086
50936	90087
50937	90088
50938	90089
50939	90090
50940	90091
50941	90093
50942	90094
50943	90096
50944	90099
50945	90101
50946	90102
50947	90104
50948	90107
50949	90109
50950	90110
50951	90112
50952	90114
50953	90116
50954	90117
50955	90119
50956	90120
50957	90122
50958	90125
50959	90127
50960	90128
50961	90130
50962	90133
50963	90135
50964	90136
50965	90138
50966	90140
50967	90142
50968	90142
50969	90142
50970	90144
50971	90144
50972	90145
50973	90146
50974	90147
50975	90149
50976	90150
50977	90152
50978	90155
50979	90157
50980	90158
50981	90160
50982	90163
50983	90165
50984	90166
50985	90168
50986	90170
50987	90172
50988	90172
50989	90173
50990	90175
50991	90178
50992	90180
50993	90181
50994	90183
50995	90186
50996	90188
50997	90189
50998	90191
50999	90194
51000	90196
51001	90197
51002	90198
51003	90199
51004	90200
51005	90201
51006	90202
51007	90202
51008	90203
51009	90204
51010	90205
51011	90206
51012	90207
51013	90209
51014	90210
51015	90212
51016	90213
51017	90215
51018	90218
51019	90220
51020	90221
51021	90223
51022	90226
51023	90228
51024	90229
51025	90231
51026	90234
51027	90236
51028	90237
51029	90238
51030	90239
51031	90241
51032	90244
51033	90246
51034	90247
51035	90249
51036	90252
51037	90254
51038	90255
51039	90257
51040	90260
51041	90262
51042	90263
51043	90264
51044	90265
51045	90267
51046	90270
51047	90272
51048	90273
51049	90275
51050	90278
51051	90280
51052	90281
51053	90283
51054	90286
51055	90288
51056	90289
51057	90290
51058	90291
51059	90292
51060	90293
51061	90295
51062	90295
51063	90298
51064	90300
51065	90301
51066	90303
51067	90306
51068	90308
51069	90309
51070	90311
51071	90314
51072	90316
51073	90317
51074	90318
51075	90319
51076	90321
51077	90324
51078	90326
51079	90327
51080	90329
51081	90332
51082	90334
51083	90335
51084	90337
51085	90340
51086	90342
51087	90343
51088	90344
51089	90345
51090	90347
51091	90350
51092	90352
51093	90353
51094	90355
51095	90358
51096	90360
51097	90361
51098	90363
51099	90366
51100	90368
51101	90369
51102	90370
51103	90371
51104	90372
51105	90372
51106	90373
51107	90375
51108	90378
51109	90380
51110	90381
51111	90383
51112	90386
51113	90388
51114	90389
51115	90391
51116	90394
51117	90396
51118	90397
51119	90398
51120	90399
51121	90401
51122	90404
51123	90406
51124	90407
51125	90409
51126	90412
51127	90414
51128	90415
51129	90417
51130	90420
51131	90422
51132	90423
51133	90424
51134	90425
51135	90426
51136	90427
51137	90428
51138	90429
51139	90431
51140	90432
51141	90434
51142	90437
51143	90439
51144	90440
51145	90442
51146	90445
51147	90447
51148	90448
51149	90450
51150	90452
51151	90454
51152	90454
51153	90455
51154	90457
51155	90460
51156	90462
51157	90463
51158	90465
51159	90468
51160	90470
51161	90471
51162	90473
51163	90476
51164	90478
51165	90479
51166	90480
51167	90481
51168	90483
51169	90486
51170	90488
51171	90489
51172	90491
51173	90494
51174	90496
51175	90497
51176	90499
51177	90502
51178	90504
51179	90505
51180	90506
51181	90507
51182	90509
51183	90512
51184	90514
51185	90515
51186	90517
51187	90520
51188	90522
51189	90523
51190	90525
51191	90528
51192	90530
51193	90531
51194	90532
51195	90532
51196	90533
51197	90535
51198	90538
51199	90540
51200	90541
51201	90543
51202	90546
51203	90548
51204	90549
51205	90551
51206	90554
51207	90556
51208	90557
51209	90558
51210	90559
51211	90561
51212	90564
51213	90566
51214	90567
51215	90569
51216	90572
51217	90574
51218	90575
51219	90577
51220	90580
51221	90582
51222	90583
51223	90584
51224	90585
51225	90587
51226	90590
51227	90592
51228	90593
51229	90595
51230	90598
51231	90600
51232	90601
51233	90603
51234	90606
51235	90608
51236	90609
51237	90610
51238	90611
51239	90612
51240	90613
51241	90615
51242	90615
51243	90618
51244	90620
51245	90621
51246	90623
51247	90626
51248	90628
51249	90629
51250	90631
51251	90634
51252	90636
51253	90637
51254	90638
51255	90639
51256	90640
51257	90641
51258	90642
51259	90643
51260	90645
51261	90646
51262	90648
51263	90651
51264	90653
51265	90654
51266	90656
51267	90659
51268	90661
51269	90662
51270	90664
51271	90666
51272	90668
51273	90669
51274	90671
51275	90672
51276	90674
51277	90677
51278	90679
51279	90680
51280	90682
51281	90685
51282	90687
51283	90688
51284	90690
51285	90692
51286	90694
51287	90694
51288	90695
51289	90697
51290	90700
51291	90702
51292	90703
51293	90705
51294	90708
51295	90710
51296	90711
51297	90713
51298	90716
51299	90718
51300	90719
51301	90720
51302	90721
51303	90722
51304	90723
51305	90724
51306	90725
51307	90727
51308	90728
51309	90730
51310	90733
51311	90735
51312	90736
51313	90738
51314	90741
51315	90743
51316	90744
51317	90746
51318	90748
51319	90750
51320	90750
51321	90751
51322	90753
51323	90756
51324	90758
51325	90759
51326	90761
51327	90764
51328	90766
51329	90767
51330	90769
51331	90772
51332	90774
51333	90775
51334	90776
51335	90777
51336	90779
51337	90782
51338	90784
51339	90785
51340	90787
51341	90790
51342	90792
51343	90793
51344	90795
51345	90798
51346	90800
51347	90801
51348	90802
51349	90803
51350	90805
51351	90808
51352	90810
51353	90811
51354	90813
51355	90816
51356	90818
51357	90819
51358	90821
51359	90824
51360	90826
51361	90827
51362	90828
51363	90828
51364	90829
51365	90830
51366	90831
51367	90833
51368	90836
51369	90838
51370	90839
51371	90841
51372	90844
51373	90846
51374	90847
51375	90849
51376	90852
51377	90854
51378	90855
51379	90856
51380	90857
51381	90859
51382	90862
51383	90864
51384	90865
51385	90867
51386	90870
51387	90872
51388	90873
51389	90875
51390	90878
51391	90880
51392	90881
51393	90882
51394	90883
51395	90885
51396	90888
51397	90890
51398	90891
51399	90893
51400	90896
51401	90898
51402	90899
51403	90901
51404	90904
51405	90906
51406	90907
51407	90908
51408	90908
51409	90909
51410	90911
51411	90913
51412	90915
51413	90916
51414	90918
51415	90921
51416	90923
51417	90924
51418	90926
51419	90928
51420	90930
51421	90931
51422	90933
51423	90934
51424	90936
51425	90939
51426	90941
51427	90942
51428	90944
51429	90947
51430	90949
51431	90950
51432	90952
51433	90954
51434	90956
51435	90956
51436	90957
51437	90958
51438	90958
51439	90960
51440	90961
51441	90963
51442	90964
51443	90966
51444	90967
51445	90969
51446	90972
51447	90974
51448	90975
51449	90977
51450	90980
51451	90982
51452	90983
51453	90985
51454	90988
51455	90990
51456	90991
51457	90992
51458	90993
51459	90994
51460	90995
51461	90996
51462	90997
51463	90999
51464	91000
51465	91002
51466	91005
51467	91007
51468	91008
51469	91010
51470	91013
51471	91015
51472	91016
51473	91018
51474	91020
51475	91022
51476	91022
51477	91023
51478	91025
51479	91028
51480	91030
51481	91031
51482	91033
51483	91036
51484	91038
51485	91039
51486	91041
51487	91044
51488	91046
51489	91047
51490	91048
51491	91049
51492	91051
51493	91054
51494	91056
51495	91057
51496	91059
51497	91062
51498	91064
51499	91065
51500	91067
51501	91070
51502	91072
51503	91073
51504	91074
51505	91075
51506	91077
51507	91080
51508	91082
51509	91083
51510	91085
51511	91088
51512	91090
51513	91091
51514	91093
51515	91096
51516	91098
51517	91099
51518	91100
51519	91100
51520	91101
51521	91102
51522	91102
51523	91104
51524	91105
51525	91107
51526	91108
51527	91110
51528	91113
51529	91115
51530	91116
51531	91118
51532	91121
51533	91123
51534	91124
51535	91126
51536	91128
51537	91130
51538	91130
51539	91131
51540	91132
51541	91133
51542	91135
51543	91136
51544	91138
51545	91139
51546	91141
51547	91144
51548	91146
51549	91147
51550	91149
51551	91152
51552	91154
51553	91155
51554	91157
51555	91160
51556	91162
51557	91163
51558	91164
51559	91165
51560	91166
51561	91167
51562	91168
51563	91169
51564	91171
51565	91172
51566	91174
51567	91177
51568	91179
51569	91180
51570	91182
51571	91185
51572	91187
51573	91188
51574	91190
51575	91192
51576	91194
51577	91195
51578	91197
51579	91198
51580	91200
51581	91203
51582	91205
51583	91206
51584	91208
51585	91211
51586	91213
51587	91214
51588	91216
51589	91218
51590	91220
51591	91220
51592	91221
51593	91222
51594	91223
51595	91225
51596	91226
51597	91228
51598	91229
51599	91230
51600	91231
51601	91233
51602	91236
51603	91238
51604	91239
51605	91241
51606	91244
51607	91246
51608	91247
51609	91249
51610	91252
51611	91254
51612	91255
51613	91256
51614	91257
51615	91259
51616	91262
51617	91264
51618	91265
51619	91267
51620	91270
51621	91272
51622	91273
51623	91275
51624	91278
51625	91280
51626	91281
51627	91282
51628	91283
51629	91285
51630	91288
51631	91290
51632	91291
51633	91293
51634	91296
51635	91298
51636	91299
51637	91301
51638	91304
51639	91306
51640	91307
51641	91308
51642	91308
51643	91309
51644	91310
51645	91311
51646	91313
51647	91316
51648	91318
51649	91319
51650	91321
51651	91324
51652	91326
51653	91327
51654	91329
51655	91332
51656	91334
51657	91335
51658	91336
51659	91337
51660	91338
51661	91339
51662	91340
51663	91341
51664	91343
51665	91344
51666	91346
51667	91349
51668	91351
51669	91352
51670	91354
51671	91357
51672	91359
51673	91360
51674	91362
51675	91364
51676	91366
51677	91366
51678	91367
51679	91369
51680	91372
51681	91374
51682	91375
51683	91377
51684	91380
51685	91382
51686	91383
51687	91385
51688	91388
51689	91390
51690	91391
51691	91392
51692	91393
51693	91394
51694	91395
51695	91396
51696	91397
51697	91399
51698	91400
51699	91402
51700	91405
51701	91407
51702	91408
51703	91410
51704	91413
51705	91415
51706	91416
51707	91418
51708	91420
51709	91422
51710	91423
51711	91425
51712	91426
51713	91428
51714	91431
51715	91433
51716	91434
51717	91436
51718	91439
51719	91441
51720	91442
51721	91444
51722	91446
51723	91448
51724	91448
51725	91448
51726	91450
51727	91451
51728	91453
51729	91454
51730	91456
51731	91457
51732	91459
51733	91462
51734	91464
51735	91465
51736	91467
51737	91470
51738	91472
51739	91473
51740	91475
51741	91478
51742	91480
51743	91481
51744	91482
51745	91483
51746	91485
51747	91488
51748	91490
51749	91491
51750	91493
51751	91496
51752	91498
51753	91499
51754	91501
51755	91504
51756	91506
51757	91507
51758	91508
51759	91509
51760	91511
51761	91514
51762	91516
51763	91517
51764	91519
51765	91522
51766	91524
51767	91525
51768	91527
51769	91530
51770	91532
51771	91533
51772	91534
51773	91535
51774	91536
51775	91537
51776	91538
51777	91538
51778	91539
51779	91540
51780	91541
51781	91543
51782	91546
51783	91548
51784	91549
51785	91551
51786	91554
51787	91556
51788	91557
51789	91559
51790	91562
51791	91564
51792	91565
51793	91566
51794	91567
51795	91568
51796	91569
51797	91570
51798	91571
51799	91573
51800	91574
51801	91576
51802	91579
51803	91581
51804	91582
51805	91584
51806	91587
51807	91589
51808	91590
51809	91592
51810	91594
51811	91596
51812	91596
51813	91597
51814	91599
51815	91602
51816	91604
51817	91605
51818	91607
51819	91610
51820	91612
51821	91613
51822	91615
51823	91618
51824	91620
51825	91621
51826	91622
51827	91623
51828	91625
51829	91628
51830	91630
51831	91631
51832	91633
51833	91636
51834	91638
51835	91639
51836	91641
51837	91644
51838	91646
51839	91647
51840	91648
51841	91649
51842	91650
51843	91651
51844	91652
51845	91652
51846	91653
51847	91654
51848	91654
51849	91656
51850	91657
51851	91659
51852	91660
51853	91662
51854	91665
51855	91667
51856	91668
51857	91670
51858	91673
51859	91675
51860	91676
51861	91678
51862	91680
51863	91682
51864	91682
51865	91683
51866	91684
51867	91684
51868	91686
51869	91687
51870	91689
51871	91690
51872	91692
51873	91693
51874	91694
51875	91695
51876	91697
51877	91700
51878	91702
51879	91703
51880	91705
51881	91708
51882	91710
51883	91711
51884	91713
51885	91716
51886	91718
51887	91719
51888	91720
51889	91721
51890	91722
51891	91723
51892	91725
51893	91726
51894	91728
51895	91729
51896	91731
51897	91734
51898	91736
51899	91737
51900	91739
51901	91742
51902	91744
51903	91745
51904	91747
51905	91749
51906	91751
51907	91751
51908	91752
51909	91754
51910	91757
51911	91759
51912	91760
51913	91762
51914	91764
51915	91766
51916	91766
51917	91766
51918	91768
51919	91768
51920	91769
51921	91770
51922	91771
51923	91773
51924	91774
51925	91776
51926	91779
51927	91781
51928	91782
51929	91784
51930	91787
51931	91789
51932	91790
51933	91792
51934	91794
51935	91796
51936	91797
51937	91799
51938	91800
51939	91802
51940	91805
51941	91807
51942	91808
51943	91810
51944	91813
51945	91815
51946	91816
51947	91818
51948	91820
51949	91822
51950	91822
51951	91823
51952	91824
51953	91825
51954	91827
51955	91828
51956	91830
51957	91831
51958	91832
51959	91833
51960	91835
51961	91838
51962	91840
51963	91841
51964	91843
51965	91846
51966	91848
51967	91849
51968	91851
51969	91854
51970	91856
51971	91857
51972	91858
51973	91859
51974	91860
51975	91861
51976	91862
51977	91862
51978	91863
51979	91865
51980	91868
51981	91870
51982	91871
51983	91873
51984	91876
51985	91878
51986	91879
51987	91881
51988	91884
51989	91886
51990	91887
51991	91888
51992	91888
51993	91889
51994	91891
51995	91894
51996	91896
51997	91897
51998	91899
51999	91902
52000	91904
52001	91905
52002	91907
52003	91910
52004	91912
52005	91913
52006	91914
52007	91915
52008	91917
52009	91920
52010	91922
52011	91923
52012	91925
52013	91928
52014	91930
52015	91931
52016	91933
52017	91936
52018	91938
52019	91939
52020	91940
52021	91941
52022	91943
52023	91946
52024	91948
52025	91949
52026	91951
52027	91954
52028	91956
52029	91957
52030	91959
52031	91962
52032	91964
52033	91965
52034	91966
52035	91967
52036	91968
52037	91969
52038	91970
52039	91971
52040	91973
52041	91974
52042	91976
52043	91979
52044	91981
52045	91982
52046	91984
52047	91987
52048	91989
52049	91990
52050	91992
52051	91994
52052	91996
52053	91997
52054	91999
52055	92000
52056	92002
52057	92005
52058	92007
52059	92008
52060	92010
52061	92013
52062	92015
52063	92016
52064	92018
52065	92020
52066	92022
52067	92022
52068	92023
52069	92025
52070	92028
52071	92030
52072	92031
52073	92033
52074	92036
52075	92038
52076	92039
52077	92041
52078	92044
52079	92046
52080	92047
52081	92048
52082	92049
52083	92051
52084	92054
52085	92056
52086	92057
52087	92059
52088	92062
52089	92064
52090	92065
52091	92067
52092	92070
52093	92072
52094	92073
52095	92074
52096	92075
52097	92077
52098	92080
52099	92082
52100	92083
52101	92085
52102	92088
52103	92090
52104	92091
52105	92093
52106	92096
52107	92098
52108	92099
52109	92100
52110	92100
52111	92101
52112	92102
52113	92103
52114	92105
52115	92108
52116	92110
52117	92111
52118	92113
52119	92116
52120	92118
52121	92119
52122	92121
52123	92124
52124	92126
52125	92127
52126	92128
52127	92129
52128	92130
52129	92130
52130	92131
52131	92132
52132	92133
52133	92135
52134	92138
52135	92140
52136	92141
52137	92143
52138	92146
52139	92148
52140	92149
52141	92151
52142	92154
52143	92156
52144	92157
52145	92158
52146	92159
52147	92160
52148	92161
52149	92163
52150	92164
52151	92166
52152	92167
52153	92169
52154	92172
52155	92174
52156	92175
52157	92177
52158	92180
52159	92182
52160	92183
52161	92185
52162	92187
52163	92189
52164	92190
52165	92192
52166	92193
52167	92195
52168	92198
52169	92200
52170	92201
52171	92203
52172	92206
52173	92208
52174	92209
52175	92211
52176	92213
52177	92215
52178	92216
52179	92218
52180	92219
52181	92221
52182	92224
52183	92226
52184	92227
52185	92229
52186	92232
52187	92234
52188	92235
52189	92237
52190	92238
52191	92240
52192	92240
52193	92241
52194	92242
52195	92243
52196	92245
52197	92246
52198	92248
52199	92251
52200	92253
52201	92254
52202	92256
52203	92259
52204	92261
52205	92262
52206	92264
52207	92266
52208	92268
52209	92268
52210	92269
52211	92270
52212	92270
52213	92272
52214	92273
52215	92275
52216	92276
52217	92278
52218	92279
52219	92280
52220	92281
52221	92282
52222	92283
52223	92285
52224	92286
52225	92288
52226	92289
52227	92290
52228	92290
52229	92293
52230	92295
52231	92296
52232	92298
52233	92299
52234	92300
52235	92301
52236	92302
52237	92303
52238	92305
52239	92306
52240	92308
52241	92309
52242	92311
52243	92314
52244	92316
52245	92317
52246	92319
52247	92322
52248	92324
52249	92325
52250	92327
52251	92330
52252	92332
52253	92333
52254	92334
52255	92335
52256	92337
52257	92340
52258	92342
52259	92343
52260	92345
52261	92347
52262	92349
52263	92349
52264	92349
52265	92351
52266	92352
52267	92354
52268	92355
52269	92357
52270	92358
52271	92359
52272	92360
52273	92361
52274	92362
52275	92364
52276	92365
52277	92367
52278	92368
52279	92369
52280	92370
52281	92371
52282	92372
52283	92374
52284	92375
52285	92377
52286	92378
52287	92379
52288	92380
52289	92382
52290	92385
52291	92387
52292	92388
52293	92390
52294	92393
52295	92395
52296	92396
52297	92398
52298	92401
52299	92403
52300	92404
52301	92405
52302	92406
52303	92407
52304	92408
52305	92409
52306	92409
52307	92410
52308	92411
52309	92412
52310	92413
52311	92414
52312	92416
52313	92417
52314	92419
52315	92420
52316	92422
52317	92425
52318	92427
52319	92428
52320	92430
52321	92433
52322	92435
52323	92436
52324	92438
52325	92441
52326	92443
52327	92444
52328	92445
52329	92446
52330	92448
52331	92451
52332	92453
52333	92454
52334	92456
52335	92459
52336	92461
52337	92462
52338	92464
52339	92467
52340	92469
52341	92470
52342	92471
52343	92472
52344	92473
52345	92474
52346	92475
52347	92476
52348	92478
52349	92479
52350	92481
52351	92483
52352	92485
52353	92485
52354	92486
52355	92488
52356	92491
52357	92493
52358	92494
52359	92496
52360	92499
52361	92501
52362	92502
52363	92504
52364	92507
52365	92509
52366	92510
52367	92511
52368	92512
52369	92514
52370	92517
52371	92519
52372	92520
52373	92522
52374	92525
52375	92527
52376	92528
52377	92530
52378	92533
52379	92535
52380	92536
52381	92537
52382	92538
52383	92540
52384	92543
52385	92545
52386	92546
52387	92548
52388	92551
52389	92553
52390	92554
52391	92556
52392	92559
52393	92561
52394	92562
52395	92563
52396	92563
52397	92564
52398	92566
52399	92569
52400	92571
52401	92572
52402	92574
52403	92577
52404	92579
52405	92580
52406	92582
52407	92585
52408	92587
52409	92588
52410	92589
52411	92590
52412	92592
52413	92595
52414	92597
52415	92598
52416	92600
52417	92603
52418	92605
52419	92606
52420	92608
52421	92611
52422	92613
52423	92614
52424	92615
52425	92616
52426	92618
52427	92621
52428	92623
52429	92624
52430	92626
52431	92629
52432	92631
52433	92632
52434	92634
52435	92637
52436	92639
52437	92640
52438	92641
52439	92642
52440	92643
52441	92644
52442	92646
52443	92647
52444	92649
52445	92650
52446	92652
52447	92655
52448	92657
52449	92658
52450	92660
52451	92663
52452	92665
52453	92666
52454	92668
52455	92670
52456	92672
52457	92672
52458	92673
52459	92675
52460	92678
52461	92680
52462	92681
52463	92683
52464	92685
52465	92687
52466	92687
52467	92688
52468	92690
52469	92693
52470	92695
52471	92696
52472	92698
52473	92701
52474	92703
52475	92704
52476	92706
52477	92709
52478	92711
52479	92712
52480	92713
52481	92714
52482	92715
52483	92716
52484	92718
52485	92719
52486	92721
52487	92722
52488	92724
52489	92727
52490	92729
52491	92730
52492	92732
52493	92735
52494	92737
52495	92738
52496	92740
52497	92742
52498	92744
52499	92745
52500	92747
52501	92748
52502	92750
52503	92753
52504	92755
52505	92756
52506	92758
52507	92760
52508	92762
52509	92763
52510	92765
52511	92766
52512	92768
52513	92771
52514	92773
52515	92774
52516	92776
52517	92779
52518	92781
52519	92782
52520	92784
52521	92786
52522	92788
52523	92788
52524	92789
52525	92791
52526	92794
52527	92796
52528	92797
52529	92799
52530	92802
52531	92804
52532	92805
52533	92807
52534	92810
52535	92812
52536	92813
52537	92814
52538	92815
52539	92817
52540	92820
52541	92822
52542	92823
52543	92825
52544	92828
52545	92830
52546	92831
52547	92833
52548	92836
52549	92838
52550	92839
52551	92840
52552	92841
52553	92842
52554	92843
52555	92844
52556	92845
52557	92847
52558	92848
52559	92850
52560	92853
52561	92855
52562	92856
52563	92858
52564	92861
52565	92863
52566	92864
52567	92866
52568	92868
52569	92870
52570	92871
52571	92873
52572	92874
52573	92876
52574	92879
52575	92881
52576	92882
52577	92884
52578	92887
52579	92889
52580	92890
52581	92892
52582	92894
52583	92896
52584	92896
52585	92897
52586	92898
52587	92899
52588	92901
52589	92902
52590	92904
52591	92905
52592	92906
52593	92907
52594	92909
52595	92912
52596	92914
52597	92915
52598	92917
52599	92920
52600	92922
52601	92923
52602	92925
52603	92928
52604	92930
52605	92931
52606	92932
52607	92933
52608	92934
52609	92935
52610	92936
52611	92936
52612	92937
52613	92939
52614	92942
52615	92944
52616	92945
52617	92947
52618	92949
52619	92951
52620	92951
52621	92952
52622	92953
52623	92954
52624	92956
52625	92957
52626	92959
52627	92960
52628	92962
52629	92965
52630	92967
52631	92968
52632	92970
52633	92973
52634	92975
52635	92976
52636	92978
52637	92981
52638	92983
52639	92984
52640	92985
52641	92986
52642	92988
52643	92991
52644	92993
52645	92994
52646	92996
52647	92999
52648	93001
52649	93002
52650	93004
52651	93007
52652	93009
52653	93010
52654	93011
52655	93012
52656	93013
52657	93014
52658	93015
52659	93016
52660	93018
52661	93019
52662	93021
52663	93024
52664	93026
52665	93027
52666	93029
52667	93032
52668	93034
52669	93035
52670	93037
52671	93039
52672	93041
52673	93041
52674	93042
52675	93044
52676	93047
52677	93049
52678	93050
52679	93052
52680	93055
52681	93057
52682	93058
52683	93060
52684	93063
52685	93065
52686	93066
52687	93067
52688	93068
52689	93069
52690	93070
52691	93071
52692	93071
52693	93072
52694	93073
52695	93074
52696	93076
52697	93079
52698	93081
52699	93082
52700	93084
52701	93087
52702	93089
52703	93090
52704	93092
52705	93095
52706	93097
52707	93098
52708	93099
52709	93100
52710	93102
52711	93104
52712	93106
52713	93107
52714	93109
52715	93112
52716	93114
52717	93115
52718	93117
52719	93120
52720	93122
52721	93123
52722	93124
52723	93125
52724	93126
52725	93127
52726	93129
52727	93129
52728	93132
52729	93134
52730	93135
52731	93137
52732	93140
52733	93142
52734	93143
52735	93145
52736	93148
52737	93150
52738	93151
52739	93152
52740	93153
52741	93154
52742	93155
52743	93157
52744	93158
52745	93160
52746	93161
52747	93163
52748	93166
52749	93168
52750	93169
52751	93171
52752	93174
52753	93176
52754	93177
52755	93179
52756	93181
52757	93183
52758	93183
52759	93184
52760	93186
52761	93189
52762	93191
52763	93192
52764	93194
52765	93197
52766	93199
52767	93200
52768	93202
52769	93205
52770	93207
52771	93208
52772	93209
52773	93210
52774	93212
52775	93215
52776	93217
52777	93218
52778	93220
52779	93223
52780	93225
52781	93226
52782	93228
52783	93231
52784	93233
52785	93234
52786	93235
52787	93236
52788	93238
52789	93241
52790	93243
52791	93244
52792	93246
52793	93249
52794	93251
52795	93252
52796	93254
52797	93257
52798	93259
52799	93260
52800	93261
52801	93261
52802	93262
52803	93264
52804	93266
52805	93268
52806	93269
52807	93271
52808	93274
52809	93276
52810	93277
52811	93279
52812	93281
52813	93283
52814	93284
52815	93286
52816	93287
52817	93289
52818	93292
52819	93294
52820	93295
52821	93297
52822	93300
52823	93302
52824	93303
52825	93305
52826	93307
52827	93309
52828	93309
52829	93310
52830	93312
52831	93315
52832	93317
52833	93318
52834	93320
52835	93323
52836	93325
52837	93326
52838	93328
52839	93331
52840	93333
52841	93334
52842	93335
52843	93336
52844	93337
52845	93338
52846	93340
52847	93341
52848	93343
52849	93344
52850	93346
52851	93349
52852	93351
52853	93352
52854	93354
52855	93357
52856	93359
52857	93360
52858	93362
52859	93364
52860	93366
52861	93366
52862	93367
52863	93369
52864	93371
52865	93373
52866	93374
52867	93376
52868	93377
52869	93378
52870	93378
52871	93381
52872	93383
52873	93384
52874	93386
52875	93387
52876	93389
52877	93392
52878	93394
52879	93395
52880	93397
52881	93400
52882	93402
52883	93403
52884	93405
52885	93408
52886	93410
52887	93411
52888	93412
52889	93413
52890	93414
52891	93415
52892	93416
52893	93417
52894	93419
52895	93420
52896	93422
52897	93425
52898	93427
52899	93428
52900	93430
52901	93433
52902	93435
52903	93436
52904	93438
52905	93440
52906	93442
52907	93442
52908	93443
52909	93445
52910	93448
52911	93450
52912	93451
52913	93453
52914	93456
52915	93458
52916	93459
52917	93461
52918	93464
52919	93466
52920	93467
52921	93468
52922	93469
52923	93471
52924	93474
52925	93476
52926	93477
52927	93479
52928	93482
52929	93484
52930	93485
52931	93487
52932	93490
52933	93492
52934	93493
52935	93494
52936	93495
52937	93496
52938	93497
52939	93498
52940	93499
52941	93501
52942	93502
52943	93504
52944	93507
52945	93509
52946	93510
52947	93512
52948	93515
52949	93517
52950	93518
52951	93520
52952	93522
52953	93524
52954	93524
52955	93525
52956	93527
52957	93530
52958	93532
52959	93533
52960	93535
52961	93538
52962	93540
52963	93541
52964	93543
52965	93546
52966	93548
52967	93549
52968	93550
52969	93551
52970	93552
52971	93553
52972	93554
52973	93555
52974	93557
52975	93558
52976	93560
52977	93563
52978	93565
52979	93566
52980	93568
52981	93571
52982	93573
52983	93574
52984	93576
52985	93578
52986	93580
52987	93581
52988	93583
52989	93584
52990	93586
52991	93589
52992	93591
52993	93592
52994	93594
52995	93597
52996	93599
52997	93600
52998	93602
52999	93604
53000	93606
53001	93606
53002	93607
53003	93609
53004	93612
53005	93614
53006	93615
53007	93617
53008	93620
53009	93622
53010	93623
53011	93625
53012	93628
53013	93630
53014	93631
53015	93632
53016	93633
53017	93634
53018	93635
53019	93637
53020	93637
53021	93640
53022	93642
53023	93643
53024	93645
53025	93648
53026	93650
53027	93651
53028	93653
53029	93656
53030	93658
53031	93659
53032	93660
53033	93661
53034	93662
53035	93663
53036	93664
53037	93664
53038	93665
53039	93666
53040	93667
53041	93668
53042	93669
53043	93671
53044	93672
53045	93674
53046	93675
53047	93677
53048	93680
53049	93682
53050	93683
53051	93685
53052	93688
53053	93690
53054	93691
53055	93693
53056	93696
53057	93698
53058	93699
53059	93700
53060	93701
53061	93702
53062	93703
53063	93705
53064	93706
53065	93708
53066	93709
53067	93711
53068	93714
53069	93716
53070	93717
53071	93719
53072	93722
53073	93724
53074	93725
53075	93727
53076	93729
53077	93731
53078	93731
53079	93732
53080	93733
53081	93733
53082	93735
53083	93735
53084	93736
53085	93737
53086	93738
53087	93740
53088	93741
53089	93743
53090	93746
53091	93748
53092	93749
53093	93751
53094	93754
53095	93756
53096	93757
53097	93759
53098	93761
53099	93763
53100	93764
53101	93766
53102	93767
53103	93769
53104	93772
53105	93774
53106	93775
53107	93777
53108	93780
53109	93782
53110	93783
53111	93785
53112	93787
53113	93789
53114	93789
53115	93790
53116	93791
53117	93792
53118	93794
53119	93795
53120	93797
53121	93798
53122	93799
53123	93800
53124	93801
53125	93802
53126	93804
53127	93805
53128	93807
53129	93808
53130	93810
53131	93813
53132	93815
53133	93816
53134	93818
53135	93821
53136	93823
53137	93824
53138	93826
53139	93829
53140	93831
53141	93832
53142	93833
53143	93834
53144	93836
53145	93839
53146	93841
53147	93842
53148	93844
53149	93847
53150	93849
53151	93850
53152	93852
53153	93855
53154	93857
53155	93858
53156	93859
53157	93860
53158	93861
53159	93862
53160	93863
53161	93863
53162	93864
53163	93866
53164	93869
53165	93871
53166	93872
53167	93874
53168	93877
53169	93879
53170	93880
53171	93882
53172	93885
53173	93887
53174	93888
53175	93889
53176	93890
53177	93892
53178	93893
53179	93895
53180	93896
53181	93898
53182	93899
53183	93901
53184	93904
53185	93906
53186	93907
53187	93909
53188	93912
53189	93914
53190	93915
53191	93917
53192	93919
53193	93921
53194	93921
53195	93921
53196	93923
53197	93923
53198	93924
53199	93925
53200	93926
53201	93928
53202	93929
53203	93931
53204	93933
53205	93935
53206	93935
53207	93936
53208	93937
53209	93938
53210	93939
53211	93940
53212	93942
53213	93943
53214	93945
53215	93948
53216	93950
53217	93951
53218	93953
53219	93956
53220	93958
53221	93959
53222	93961
53223	93964
53224	93966
53225	93967
53226	93968
53227	93969
53228	93970
53229	93971
53230	93973
53231	93974
53232	93976
53233	93977
53234	93979
53235	93982
53236	93984
53237	93985
53238	93987
53239	93990
53240	93992
53241	93993
53242	93995
53243	93997
53244	93999
53245	93999
53246	94000
53247	94002
53248	94005
53249	94007
53250	94008
53251	94010
53252	94013
53253	94015
53254	94016
53255	94018
53256	94021
53257	94023
53258	94024
53259	94025
53260	94026
53261	94028
53262	94031
53263	94033
53264	94034
53265	94036
53266	94039
53267	94041
53268	94042
53269	94044
53270	94047
53271	94049
53272	94050
53273	94051
53274	94052
53275	94054
53276	94057
53277	94059
53278	94060
53279	94062
53280	94065
53281	94067
53282	94068
53283	94070
53284	94073
53285	94075
53286	94076
53287	94077
53288	94077
53289	94078
53290	94079
53291	94080
53292	94081
53293	94082
53294	94084
53295	94085
53296	94087
53297	94088
53298	94089
53299	94090
53300	94091
53301	94092
53302	94094
53303	94095
53304	94097
53305	94098
53306	94100
53307	94103
53308	94105
53309	94106
53310	94108
53311	94111
53312	94113
53313	94114
53314	94116
53315	94119
53316	94121
53317	94122
53318	94123
53319	94124
53320	94125
53321	94126
53322	94128
53323	94129
53324	94131
53325	94132
53326	94134
53327	94137
53328	94139
53329	94140
53330	94142
53331	94145
53332	94147
53333	94148
53334	94150
53335	94152
53336	94154
53337	94155
53338	94157
53339	94158
53340	94160
53341	94163
53342	94165
53343	94166
53344	94168
53345	94171
53346	94173
53347	94174
53348	94176
53349	94178
53350	94180
53351	94181
53352	94183
53353	94184
53354	94186
53355	94189
53356	94191
53357	94192
53358	94194
53359	94197
53360	94199
53361	94200
53362	94202
53363	94203
53364	94205
53365	94205
53366	94206
53367	94208
53368	94209
53369	94211
53370	94212
53371	94214
53372	94217
53373	94219
53374	94220
53375	94222
53376	94225
53377	94227
53378	94228
53379	94230
53380	94232
53381	94234
53382	94235
53383	94237
53384	94238
53385	94240
53386	94243
53387	94245
53388	94246
53389	94248
53390	94251
53391	94253
53392	94254
53393	94256
53394	94258
53395	94260
53396	94261
53397	94263
53398	94264
53399	94266
53400	94269
53401	94271
53402	94272
53403	94274
53404	94277
53405	94279
53406	94280
53407	94282
53408	94283
53409	94285
53410	94286
53411	94288
53412	94289
53413	94291
53414	94292
53415	94294
53416	94297
53417	94299
53418	94300
53419	94302
53420	94304
53421	94306
53422	94307
53423	94309
53424	94310
53425	94312
53426	94315
53427	94317
53428	94318
53429	94320
53430	94323
53431	94325
53432	94326
53433	94328
53434	94330
53435	94332
53436	94332
53437	94333
53438	94334
53439	94334
53440	94336
53441	94337
53442	94339
53443	94340
53444	94342
53445	94343
53446	94344
53447	94345
53448	94347
53449	94350
53450	94352
53451	94353
53452	94355
53453	94358
53454	94360
53455	94361
53456	94363
53457	94366
53458	94368
53459	94369
53460	94370
53461	94371
53462	94372
53463	94373
53464	94375
53465	94376
53466	94378
53467	94379
53468	94381
53469	94384
53470	94386
53471	94387
53472	94389
53473	94392
53474	94394
53475	94395
53476	94397
53477	94399
53478	94401
53479	94401
53480	94401
53481	94403
53482	94403
53483	94404
53484	94406
53485	94406
53486	94409
53487	94411
53488	94412
53489	94414
53490	94417
53491	94419
53492	94420
53493	94422
53494	94425
53495	94427
53496	94428
53497	94429
53498	94430
53499	94431
53500	94432
53501	94434
53502	94434
53503	94437
53504	94439
53505	94440
53506	94442
53507	94445
53508	94447
53509	94448
53510	94450
53511	94453
53512	94455
53513	94456
53514	94457
53515	94458
53516	94460
53517	94463
53518	94465
53519	94466
53520	94468
53521	94471
53522	94473
53523	94474
53524	94476
53525	94479
53526	94481
53527	94482
53528	94483
53529	94484
53530	94485
53531	94486
53532	94487
53533	94487
53534	94488
53535	94489
53536	94490
53537	94492
53538	94495
53539	94497
53540	94498
53541	94500
53542	94503
53543	94505
53544	94506
53545	94508
53546	94511
53547	94513
53548	94514
53549	94515
53550	94516
53551	94518
53552	94521
53553	94523
53554	94524
53555	94526
53556	94529
53557	94531
53558	94532
53559	94534
53560	94537
53561	94539
53562	94540
53563	94541
53564	94542
53565	94543
53566	94544
53567	94546
53568	94547
53569	94549
53570	94550
53571	94552
53572	94555
53573	94557
53574	94558
53575	94560
53576	94563
53577	94565
53578	94566
53579	94568
53580	94570
53581	94572
53582	94573
53583	94575
53584	94576
53585	94578
53586	94581
53587	94583
53588	94584
53589	94586
53590	94589
53591	94591
53592	94592
53593	94594
53594	94596
53595	94598
53596	94599
53597	94601
53598	94602
53599	94603
53600	94604
53601	94606
53602	94609
53603	94611
53604	94612
53605	94614
53606	94617
53607	94619
53608	94620
53609	94622
53610	94625
53611	94627
53612	94628
53613	94629
53614	94630
53615	94631
53616	94632
53617	94633
53618	94634
53619	94636
53619
2.1483076
