1	1
2	4
3	7
4	8
5	9
6	11
7	13
8	15
9	17
10	19
11	20
12	21
13	22
14	23
15	24
16	25
17	26
18	29
19	30
20	33
21	35
22	37
23	39
24	41
25	43
26	45
27	47
28	49
29	51
30	53
31	55
32	57
33	59
34	61
35	64
36	65
37	68
38	69
39	70
40	73
41	76
42	77
43	78
44	81
45	84
46	85
47	86
48	89
49	90
50	91
51	92
52	93
53	93
54	94
55	95
56	98
57	99
58	100
59	101
60	102
61	103
62	103
63	105
64	107
65	109
66	111
67	113
68	115
69	117
70	119
71	121
72	122
73	124
74	126
75	128
76	129
77	131
78	133
79	135
80	137
81	138
82	140
83	142
84	144
85	145
86	147
87	149
88	151
89	153
90	155
91	157
92	159
93	161
94	163
95	165
96	167
97	169
98	171
99	173
100	175
101	177
102	179
103	181
104	183
105	183
106	184
107	185
108	186
109	187
110	188
111	191
112	192
113	193
114	193
115	194
116	195
117	196
118	197
119	200
120	201
121	204
122	205
123	206
124	207
125	208
126	209
127	210
128	211
129	212
130	213
131	214
132	215
133	216
134	219
135	222
136	223
137	224
138	225
139	226
140	227
141	228
142	229
143	230
144	231
145	232
146	233
147	234
148	237
149	240
150	241
151	242
152	243
153	244
154	245
155	246
156	247
157	249
158	250
159	252
160	253
161	254
162	256
163	259
164	260
165	261
166	264
167	267
168	268
169	269
170	270
171	271
172	272
173	273
174	274
175	276
176	277
177	279
178	280
179	281
180	283
181	286
182	287
183	288
184	291
185	293
186	295
187	297
188	299
189	300
190	302
191	304
192	306
193	308
194	310
195	312
196	314
197	315
198	317
199	319
200	321
201	323
202	325
203	327
204	329
205	331
206	333
207	335
208	337
209	339
210	341
211	342
212	344
213	345
214	347
215	349
216	351
217	353
218	355
219	357
220	359
221	361
222	363
223	365
224	367
225	369
226	370
227	372
228	373
229	375
230	376
231	378
232	379
233	381
234	383
235	385
236	387
237	389
238	391
239	393
240	395
241	397
242	399
243	400
244	402
245	404
246	406
247	408
248	410
249	412
250	414
251	416
252	418
253	420
254	422
255	424
256	425
257	427
258	429
259	431
260	433
261	435
262	437
263	439
264	441
265	442
266	444
267	446
268	448
269	450
270	452
271	454
272	455
273	457
274	459
275	461
276	463
277	465
278	467
279	469
280	471
281	473
282	475
283	476
284	478
285	480
286	482
287	484
288	486
289	488
290	490
291	492
292	493
293	496
294	497
295	498
296	501
297	503
298	504
299	505
300	508
301	509
302	510
303	511
304	512
305	512
306	513
307	514
308	515
309	518
310	521
311	522
312	523
313	526
314	528
315	529
316	530
317	531
318	534
319	535
320	536
321	537
322	538
323	539
324	539
325	540
326	543
327	544
328	545
329	546
330	547
331	548
332	549
333	552
334	553
335	556
336	557
337	558
338	560
339	562
340	563
341	564
342	567
343	568
344	571
345	572
346	573
347	574
348	577
349	578
350	580
351	583
352	584
353	585
354	588
355	589
356	590
357	591
358	592
359	593
360	593
361	594
362	595
363	596
364	597
365	598
366	599
367	602
368	603
369	604
370	606
371	607
372	610
373	611
374	612
375	613
376	616
377	617
378	620
379	621
380	622
381	625
382	626
383	627
384	630
385	631
386	634
387	635
388	636
389	637
390	638
391	638
392	639
393	640
394	641
395	642
396	643
397	644
398	645
399	648
400	649
401	650
402	653
403	654
404	655
405	657
406	660
407	661
408	662
409	665
410	666
411	669
412	670
413	671
414	672
415	673
416	676
417	677
418	678
419	678
420	678
421	679
422	682
423	683
424	686
425	687
426	688
427	688
428	689
429	690
430	691
431	691
432	692
433	693
434	693
435	694
436	697
437	698
438	701
439	702
440	703
441	703
442	704
443	705
444	706
445	707
446	708
447	709
448	710
449	711
450	714
451	715
452	716
453	718
454	721
455	722
456	723
457	726
458	727
459	728
460	731
461	732
462	735
463	735
464	736
465	737
466	737
467	740
468	741
469	742
470	743
471	744
472	745
473	748
474	749
475	752
476	753
477	754
478	755
479	755
480	756
481	757
482	758
483	758
484	758
485	759
486	760
487	763
488	764
489	767
490	768
491	769
492	769
493	770
494	771
495	773
496	775
497	777
498	779
499	781
500	783
501	784
502	786
503	788
504	789
505	791
506	793
507	795
508	797
509	798
510	800
511	802
512	804
513	806
514	808
515	810
516	812
517	814
518	816
519	818
520	820
521	822
522	824
523	826
524	828
525	829
526	831
527	833
528	835
529	836
530	838
531	840
532	842
533	844
534	846
535	847
536	849
537	851
538	853
539	855
540	857
541	859
542	861
543	863
544	865
545	867
546	868
547	870
548	872
549	874
550	876
551	878
552	880
553	882
554	884
555	886
556	888
557	890
558	892
559	894
560	896
561	898
562	899
563	900
564	902
565	904
566	906
567	908
568	909
569	911
570	913
571	915
572	917
573	919
574	921
575	923
576	924
577	926
578	928
579	930
580	931
581	932
582	934
583	936
584	937
585	939
586	941
587	943
588	945
589	947
590	949
591	951
592	953
593	955
594	957
595	958
596	960
597	962
598	964
599	966
600	968
601	970
602	972
603	974
604	976
605	978
606	980
607	982
608	984
609	986
610	988
611	990
612	992
613	994
614	996
615	998
616	1000
617	1001
618	1003
619	1005
620	1007
621	1009
622	1011
623	1013
624	1015
625	1016
626	1018
627	1020
628	1022
629	1024
630	1025
631	1027
632	1029
633	1031
634	1033
635	1035
636	1037
637	1039
638	1041
639	1043
640	1045
641	1047
642	1048
643	1050
644	1052
645	1054
646	1056
647	1058
648	1060
649	1062
650	1064
651	1066
652	1068
653	1070
654	1072
655	1074
656	1076
657	1078
658	1080
659	1081
660	1083
661	1085
662	1087
663	1089
664	1091
665	1093
666	1094
667	1096
668	1097
669	1099
670	1100
671	1102
672	1104
673	1106
674	1108
675	1110
676	1112
677	1114
678	1116
679	1118
680	1120
681	1122
682	1124
683	1126
684	1128
685	1130
686	1132
687	1134
688	1136
689	1138
690	1140
691	1141
692	1143
693	1145
694	1147
695	1149
696	1151
697	1153
698	1155
699	1157
700	1159
701	1161
702	1163
703	1164
704	1166
705	1168
706	1170
707	1171
708	1173
709	1175
710	1177
711	1179
712	1181
713	1183
714	1185
715	1187
716	1189
717	1191
718	1193
719	1195
720	1196
721	1198
722	1200
723	1202
724	1204
725	1206
726	1208
727	1210
728	1212
729	1214
730	1215
731	1217
732	1218
733	1220
734	1222
735	1224
736	1225
737	1227
738	1229
739	1231
740	1233
741	1235
742	1237
743	1239
744	1241
745	1243
746	1245
747	1247
748	1249
749	1251
750	1253
751	1255
752	1257
753	1259
754	1261
755	1263
756	1265
757	1267
758	1268
759	1270
760	1272
761	1274
762	1276
763	1278
764	1280
765	1282
766	1284
767	1286
768	1288
769	1290
770	1291
771	1293
772	1295
773	1296
774	1296
775	1297
776	1298
777	1299
778	1300
779	1303
780	1304
781	1307
782	1308
783	1309
784	1310
785	1311
786	1312
787	1313
788	1313
789	1314
790	1315
791	1316
792	1319
793	1320
794	1323
795	1324
796	1325
797	1326
798	1327
799	1328
800	1329
801	1332
802	1335
803	1336
804	1338
805	1339
806	1340
807	1343
808	1344
809	1346
810	1349
811	1350
812	1351
813	1354
814	1355
815	1356
816	1357
817	1358
818	1359
819	1359
820	1359
821	1360
822	1361
823	1362
824	1363
825	1364
826	1367
827	1368
828	1371
829	1372
830	1373
831	1374
832	1375
833	1376
834	1377
835	1378
836	1378
837	1379
838	1380
839	1383
840	1384
841	1387
842	1388
843	1391
844	1392
845	1393
846	1394
847	1395
848	1396
849	1398
850	1399
851	1402
852	1403
853	1404
854	1406
855	1409
856	1410
857	1411
858	1414
859	1415
860	1418
861	1419
862	1420
863	1421
864	1422
865	1422
866	1423
867	1426
868	1427
869	1428
870	1429
871	1432
872	1435
873	1436
874	1437
875	1440
876	1441
877	1444
878	1445
879	1446
880	1447
881	1448
882	1449
883	1449
884	1450
885	1453
886	1454
887	1454
888	1455
889	1455
890	1456
891	1457
892	1458
893	1461
894	1464
895	1465
896	1466
897	1467
898	1468
899	1469
900	1470
901	1471
902	1472
903	1475
904	1476
905	1479
906	1480
907	1480
908	1481
909	1482
910	1483
911	1484
912	1487
913	1487
914	1488
915	1489
916	1490
917	1491
918	1492
919	1495
920	1496
921	1499
922	1500
923	1503
924	1504
925	1505
926	1506
927	1507
928	1508
929	1509
930	1512
931	1513
932	1514
933	1515
934	1516
935	1517
936	1518
937	1519
938	1520
939	1521
940	1524
941	1527
942	1528
943	1529
944	1530
945	1531
946	1532
947	1533
948	1534
949	1536
950	1537
951	1539
952	1540
953	1541
954	1543
955	1546
956	1547
957	1548
958	1551
959	1552
960	1555
961	1556
962	1557
963	1560
964	1563
965	1564
966	1565
967	1568
968	1569
969	1572
970	1573
971	1574
972	1575
973	1575
974	1576
975	1577
976	1578
977	1581
978	1584
979	1585
980	1586
981	1587
982	1588
983	1589
984	1590
985	1593
986	1593
987	1594
988	1595
989	1596
990	1597
991	1597
992	1598
993	1601
994	1602
995	1605
996	1606
997	1609
998	1609
999	1610
1000	1611
1001	1612
1002	1613
1003	1616
1004	1617
1005	1618
1006	1618
1007	1619
1008	1620
1009	1621
1010	1622
1011	1625
1012	1626
1013	1629
1014	1630
1015	1631
1016	1632
1017	1633
1018	1634
1019	1635
1020	1636
1021	1639
1022	1642
1023	1643
1024	1644
1025	1645
1026	1646
1027	1647
1028	1648
1029	1651
1030	1652
1031	1653
1032	1654
1033	1655
1034	1656
1035	1657
1036	1658
1037	1660
1038	1661
1039	1663
1040	1664
1041	1665
1042	1667
1043	1670
1044	1671
1045	1672
1046	1675
1047	1678
1048	1679
1049	1680
1050	1681
1051	1684
1052	1687
1053	1688
1054	1689
1055	1692
1056	1693
1057	1696
1058	1697
1059	1698
1060	1699
1061	1700
1062	1701
1063	1701
1064	1702
1065	1705
1066	1708
1067	1709
1068	1710
1069	1710
1070	1711
1071	1711
1072	1712
1073	1713
1074	1714
1075	1717
1076	1720
1077	1721
1078	1722
1079	1723
1080	1724
1081	1725
1082	1726
1083	1727
1084	1728
1085	1729
1086	1729
1087	1730
1088	1733
1089	1734
1090	1737
1091	1738
1092	1738
1093	1739
1094	1740
1095	1741
1096	1742
1097	1745
1098	1746
1099	1747
1100	1748
1101	1749
1102	1750
1103	1753
1104	1754
1105	1755
1106	1756
1107	1759
1108	1760
1109	1761
1110	1762
1111	1763
1112	1764
1113	1764
1114	1765
1115	1766
1116	1767
1117	1770
1118	1773
1119	1774
1120	1775
1121	1778
1122	1779
1123	1780
1124	1781
1125	1782
1126	1783
1127	1783
1128	1784
1129	1787
1130	1787
1131	1788
1132	1789
1133	1790
1134	1791
1135	1792
1136	1795
1137	1796
1138	1799
1139	1800
1140	1801
1141	1804
1142	1805
1143	1808
1144	1809
1145	1812
1146	1813
1147	1814
1148	1817
1149	1818
1150	1821
1151	1822
1152	1823
1153	1824
1154	1825
1155	1825
1156	1826
1157	1829
1158	1830
1159	1831
1160	1832
1161	1833
1162	1834
1163	1835
1164	1836
1165	1837
1166	1839
1167	1840
1168	1843
1169	1844
1170	1845
1171	1848
1172	1849
1173	1852
1174	1853
1175	1854
1176	1857
1177	1860
1178	1861
1179	1862
1180	1865
1181	1866
1182	1869
1183	1870
1184	1871
1185	1872
1186	1872
1187	1873
1188	1874
1189	1875
1190	1878
1191	1881
1192	1882
1193	1883
1194	1884
1195	1885
1196	1886
1197	1887
1198	1888
1199	1888
1200	1889
1201	1890
1202	1891
1203	1894
1204	1897
1205	1898
1206	1898
1207	1899
1208	1900
1209	1901
1210	1902
1211	1902
1212	1903
1213	1906
1214	1907
1215	1910
1216	1911
1217	1912
1218	1913
1219	1914
1220	1915
1221	1918
1222	1918
1223	1919
1224	1920
1225	1921
1226	1922
1227	1925
1228	1926
1229	1927
1230	1930
1231	1931
1232	1932
1233	1933
1234	1933
1235	1934
1236	1935
1237	1936
1238	1939
1239	1940
1240	1943
1241	1944
1242	1945
1243	1946
1244	1947
1245	1948
1246	1951
1247	1952
1248	1953
1249	1954
1250	1955
1251	1956
1252	1956
1253	1957
1254	1960
1255	1961
1256	1961
1257	1962
1258	1963
1259	1964
1260	1965
1261	1968
1262	1969
1263	1972
1264	1973
1265	1974
1266	1977
1267	1980
1268	1981
1269	1982
1270	1983
1271	1986
1272	1989
1273	1990
1274	1991
1275	1994
1276	1995
1277	1996
1278	1997
1279	1998
1280	1999
1281	1999
1282	2002
1283	2003
1284	2004
1285	2005
1286	2006
1287	2007
1288	2008
1289	2009
1290	2011
1291	2012
1292	2013
1293	2016
1294	2017
1295	2018
1296	2021
1297	2023
1298	2025
1299	2026
1300	2028
1301	2030
1302	2032
1303	2034
1304	2036
1305	2038
1306	2040
1307	2042
1308	2044
1309	2046
1310	2048
1311	2049
1312	2051
1313	2053
1314	2055
1315	2057
1316	2059
1317	2061
1318	2063
1319	2065
1320	2067
1321	2069
1322	2071
1323	2073
1324	2075
1325	2077
1326	2078
1327	2079
1328	2081
1329	2083
1330	2085
1331	2087
1332	2089
1333	2091
1334	2093
1335	2095
1336	2097
1337	2099
1338	2101
1339	2103
1340	2105
1341	2107
1342	2108
1343	2110
1344	2112
1345	2114
1346	2116
1347	2117
1348	2119
1349	2121
1350	2122
1351	2124
1352	2126
1353	2128
1354	2130
1355	2132
1356	2134
1357	2136
1358	2138
1359	2140
1360	2142
1361	2144
1362	2146
1363	2147
1364	2149
1365	2151
1366	2153
1367	2155
1368	2157
1369	2159
1370	2161
1371	2163
1372	2165
1373	2167
1374	2169
1375	2171
1376	2172
1377	2174
1378	2176
1379	2178
1380	2180
1381	2182
1382	2184
1383	2186
1384	2188
1385	2190
1386	2192
1387	2194
1388	2196
1389	2198
1390	2200
1391	2202
1392	2204
1393	2205
1394	2207
1395	2208
1396	2210
1397	2212
1398	2214
1399	2216
1400	2218
1401	2220
1402	2222
1403	2224
1404	2226
1405	2228
1406	2229
1407	2231
1408	2233
1409	2234
1410	2236
1411	2238
1412	2240
1413	2242
1414	2243
1415	2245
1416	2247
1417	2249
1418	2251
1419	2253
1420	2255
1421	2257
1422	2259
1423	2261
1424	2263
1425	2265
1426	2267
1427	2269
1428	2271
1429	2273
1430	2275
1431	2276
1432	2278
1433	2280
1434	2282
1435	2284
1436	2285
1437	2287
1438	2289
1439	2291
1440	2292
1441	2293
1442	2295
1443	2297
1444	2299
1445	2300
1446	2302
1447	2304
1448	2306
1449	2308
1450	2310
1451	2312
1452	2314
1453	2316
1454	2318
1455	2320
1456	2322
1457	2324
1458	2326
1459	2328
1460	2330
1461	2332
1462	2334
1463	2336
1464	2338
1465	2340
1466	2342
1467	2344
1468	2345
1469	2347
1470	2349
1471	2351
1472	2353
1473	2355
1474	2357
1475	2359
1476	2361
1477	2363
1478	2365
1479	2367
1480	2369
1481	2371
1482	2372
1483	2374
1484	2376
1485	2378
1486	2380
1487	2381
1488	2383
1489	2385
1490	2387
1491	2389
1492	2391
1493	2392
1494	2394
1495	2396
1496	2398
1497	2400
1498	2402
1499	2404
1500	2405
1501	2407
1502	2409
1503	2411
1504	2413
1505	2415
1506	2417
1507	2419
1508	2421
1509	2423
1510	2424
1511	2426
1512	2428
1513	2430
1514	2432
1515	2434
1516	2436
1517	2437
1518	2439
1519	2440
1520	2442
1521	2444
1522	2446
1523	2448
1524	2450
1525	2452
1526	2454
1527	2456
1528	2458
1529	2460
1530	2462
1531	2464
1532	2465
1533	2467
1534	2469
1535	2471
1536	2473
1537	2475
1538	2477
1539	2479
1540	2481
1541	2483
1542	2485
1543	2486
1544	2488
1545	2490
1546	2492
1547	2494
1548	2496
1549	2498
1550	2500
1551	2502
1552	2503
1553	2505
1554	2507
1555	2509
1556	2511
1557	2513
1558	2515
1559	2517
1560	2518
1561	2520
1562	2522
1563	2523
1564	2525
1565	2527
1566	2529
1567	2531
1568	2533
1569	2534
1570	2536
1571	2538
1572	2539
1573	2540
1574	2542
1575	2544
1576	2546
1577	2548
1578	2550
1579	2552
1580	2554
1581	2556
1582	2558
1583	2560
1584	2562
1585	2564
1586	2566
1587	2568
1588	2570
1589	2572
1590	2574
1591	2576
1592	2578
1593	2580
1594	2582
1595	2584
1596	2585
1597	2587
1598	2589
1599	2591
1600	2593
1601	2595
1602	2597
1603	2599
1604	2600
1605	2602
1606	2604
1607	2606
1608	2608
1609	2610
1610	2612
1611	2614
1612	2615
1613	2617
1614	2619
1615	2621
1616	2622
1617	2624
1618	2626
1619	2628
1620	2630
1621	2632
1622	2633
1623	2635
1624	2637
1625	2639
1626	2641
1627	2643
1628	2645
1629	2647
1630	2649
1631	2651
1632	2653
1633	2654
1634	2656
1635	2658
1636	2660
1637	2662
1638	2664
1639	2666
1640	2668
1641	2670
1642	2672
1643	2674
1644	2676
1645	2678
1646	2679
1647	2681
1648	2682
1649	2684
1650	2686
1651	2688
1652	2690
1653	2692
1654	2693
1655	2695
1656	2697
1657	2699
1658	2701
1659	2703
1660	2705
1661	2707
1662	2709
1663	2711
1664	2713
1665	2715
1666	2717
1667	2718
1668	2720
1669	2722
1670	2724
1671	2726
1672	2728
1673	2730
1674	2732
1675	2734
1676	2735
1677	2737
1678	2739
1679	2741
1680	2743
1681	2745
1682	2747
1683	2748
1684	2750
1685	2752
1686	2754
1687	2756
1688	2757
1689	2759
1690	2761
1691	2763
1692	2764
1693	2765
1694	2767
1695	2769
1696	2771
1697	2772
1698	2774
1699	2776
1700	2778
1701	2780
1702	2782
1703	2784
1704	2786
1705	2788
1706	2789
1707	2791
1708	2793
1709	2795
1710	2797
1711	2799
1712	2801
1713	2803
1714	2805
1715	2807
1716	2809
1717	2811
1718	2813
1719	2815
1720	2817
1721	2819
1722	2820
1723	2822
1724	2823
1725	2825
1726	2827
1727	2828
1728	2829
1729	2831
1730	2833
1731	2835
1732	2837
1733	2839
1734	2841
1735	2843
1736	2845
1737	2847
1738	2849
1739	2851
1740	2852
1741	2854
1742	2856
1743	2858
1744	2860
1745	2862
1746	2864
1747	2866
1748	2867
1749	2869
1750	2871
1751	2873
1752	2875
1753	2876
1754	2878
1755	2880
1756	2882
1757	2884
1758	2886
1759	2888
1760	2889
1761	2891
1762	2892
1763	2894
1764	2896
1765	2898
1766	2900
1767	2902
1768	2903
1769	2905
1770	2907
1771	2909
1772	2910
1773	2912
1774	2914
1775	2916
1776	2918
1777	2920
1778	2922
1779	2923
1780	2925
1781	2927
1782	2929
1783	2930
1784	2932
1785	2934
1786	2936
1787	2938
1788	2940
1789	2942
1790	2944
1791	2946
1792	2948
1793	2950
1794	2952
1795	2954
1796	2956
1797	2958
1798	2960
1799	2962
1800	2964
1801	2966
1802	2968
1803	2970
1804	2972
1805	2973
1806	2975
1807	2977
1808	2979
1809	2981
1810	2983
1811	2985
1812	2986
1813	2988
1814	2989
1815	2991
1816	2993
1817	2994
1818	2996
1819	2998
1820	3000
1821	3002
1822	3004
1823	3006
1824	3008
1825	3010
1826	3012
1827	3014
1828	3016
1829	3018
1830	3020
1831	3022
1832	3024
1833	3026
1834	3027
1835	3029
1836	3031
1837	3033
1838	3035
1839	3037
1840	3039
1841	3041
1842	3043
1843	3045
1844	3047
1845	3049
1846	3051
1847	3053
1848	3055
1849	3056
1850	3058
1851	3060
1852	3061
1853	3063
1854	3064
1855	3066
1856	3068
1857	3069
1858	3071
1859	3073
1860	3074
1861	3076
1862	3078
1863	3080
1864	3082
1865	3084
1866	3085
1867	3087
1868	3089
1869	3090
1870	3091
1871	3093
1872	3095
1873	3095
1874	3097
1875	3099
1876	3101
1877	3103
1878	3105
1879	3106
1880	3108
1881	3110
1882	3112
1883	3113
1884	3115
1885	3117
1886	3119
1887	3121
1888	3122
1889	3124
1890	3125
1891	3127
1892	3129
1893	3131
1894	3133
1895	3135
1896	3137
1897	3139
1898	3141
1899	3143
1900	3144
1901	3145
1902	3147
1903	3149
1904	3151
1905	3152
1906	3154
1907	3156
1908	3158
1909	3160
1910	3162
1911	3164
1912	3166
1913	3167
1914	3169
1915	3171
1916	3173
1917	3175
1918	3177
1919	3179
1920	3181
1921	3182
1922	3184
1923	3186
1924	3187
1925	3189
1926	3191
1927	3193
1928	3195
1929	3197
1930	3199
1931	3200
1932	3202
1933	3204
1934	3206
1935	3208
1936	3209
1937	3211
1938	3213
1939	3215
1940	3217
1941	3219
1942	3220
1943	3222
1944	3224
1945	3226
1946	3228
1947	3230
1948	3231
1949	3233
1950	3235
1951	3237
1952	3238
1953	3240
1954	3242
1955	3244
1956	3246
1957	3248
1958	3249
1959	3251
1960	3253
1961	3255
1962	3257
1963	3259
1964	3261
1965	3263
1966	3265
1967	3267
1968	3269
1969	3271
1970	3273
1971	3275
1972	3277
1973	3279
1974	3281
1975	3283
1976	3285
1977	3287
1978	3288
1979	3290
1980	3292
1981	3294
1982	3296
1983	3298
1984	3300
1985	3301
1986	3303
1987	3305
1988	3307
1989	3309
1990	3310
1991	3311
1992	3313
1993	3315
1994	3317
1995	3319
1996	3321
1997	3323
1998	3325
1999	3327
2000	3329
2001	3331
2002	3333
2003	3335
2004	3337
2005	3338
2006	3340
2007	3342
2008	3343
2009	3345
2010	3347
2011	3349
2012	3351
2013	3353
2014	3355
2015	3357
2016	3358
2017	3360
2018	3362
2019	3364
2020	3366
2021	3368
2022	3369
2023	3372
2024	3373
2025	3374
2026	3377
2027	3378
2028	3379
2029	3381
2030	3382
2031	3385
2032	3386
2033	3387
2034	3388
2035	3389
2036	3390
2037	3390
2038	3391
2039	3394
2040	3395
2041	3396
2042	3397
2043	3398
2044	3399
2045	3400
2046	3403
2047	3404
2048	3405
2049	3407
2050	3408
2051	3411
2052	3412
2053	3413
2054	3415
2055	3416
2056	3419
2057	3422
2058	3423
2059	3424
2060	3427
2061	3428
2062	3431
2063	3432
2064	3433
2065	3434
2066	3435
2067	3435
2068	3436
2069	3439
2070	3439
2071	3440
2072	3441
2073	3442
2074	3443
2075	3444
2076	3445
2077	3447
2078	3448
2079	3449
2080	3450
2081	3453
2082	3454
2083	3455
2084	3458
2085	3461
2086	3462
2087	3462
2088	3463
2089	3463
2090	3464
2091	3465
2092	3466
2093	3466
2094	3467
2095	3468
2096	3469
2097	3470
2098	3471
2099	3474
2100	3475
2101	3476
2102	3476
2103	3477
2104	3477
2105	3480
2106	3481
2107	3484
2108	3485
2109	3486
2110	3487
2111	3488
2112	3489
2113	3490
2114	3493
2115	3494
2116	3495
2117	3495
2118	3496
2119	3497
2120	3498
2121	3499
2122	3500
2123	3501
2124	3502
2125	3505
2126	3508
2127	3509
2128	3510
2129	3511
2130	3512
2131	3513
2132	3514
2133	3515
2134	3517
2135	3518
2136	3520
2137	3521
2138	3522
2139	3524
2140	3527
2141	3528
2142	3529
2143	3532
2144	3535
2145	3536
2146	3537
2147	3540
2148	3541
2149	3542
2150	3545
2151	3546
2152	3548
2153	3549
2154	3550
2155	3551
2156	3551
2157	3552
2158	3553
2159	3554
2160	3557
2161	3558
2162	3559
2163	3560
2164	3561
2165	3562
2166	3563
2167	3566
2168	3567
2169	3570
2170	3571
2171	3572
2172	3574
2173	3575
2174	3576
2175	3579
2176	3580
2177	3582
2178	3585
2179	3586
2180	3587
2181	3590
2182	3591
2183	3594
2184	3595
2185	3596
2186	3597
2187	3598
2188	3599
2189	3599
2190	3602
2191	3603
2192	3603
2193	3604
2194	3604
2195	3605
2196	3606
2197	3607
2198	3610
2199	3610
2200	3611
2201	3612
2202	3613
2203	3614
2204	3615
2205	3616
2206	3617
2207	3619
2208	3620
2209	3621
2210	3624
2211	3625
2212	3626
2213	3629
2214	3629
2215	3630
2216	3631
2217	3631
2218	3634
2219	3635
2220	3636
2221	3636
2222	3637
2223	3638
2224	3639
2225	3640
2226	3643
2227	3644
2228	3647
2229	3648
2230	3649
2231	3650
2232	3650
2233	3651
2234	3652
2235	3653
2236	3654
2237	3655
2238	3656
2239	3659
2240	3662
2241	3663
2242	3664
2243	3665
2244	3666
2245	3667
2246	3668
2247	3671
2248	3672
2249	3673
2250	3674
2251	3675
2252	3676
2253	3677
2254	3678
2255	3680
2256	3681
2257	3683
2258	3684
2259	3685
2260	3687
2261	3690
2262	3691
2263	3692
2264	3695
2265	3695
2266	3696
2267	3697
2268	3698
2269	3699
2270	3700
2271	3703
2272	3704
2273	3707
2274	3708
2275	3711
2276	3712
2277	3713
2278	3714
2279	3715
2280	3716
2281	3717
2282	3718
2283	3719
2284	3720
2285	3720
2286	3721
2287	3722
2288	3725
2289	3726
2290	3729
2291	3730
2292	3731
2293	3731
2294	3732
2295	3732
2296	3735
2297	3736
2298	3737
2299	3738
2300	3739
2301	3740
2302	3742
2303	3743
2304	3746
2305	3747
2306	3748
2307	3750
2308	3753
2309	3754
2310	3755
2311	3758
2312	3759
2313	3761
2314	3762
2315	3763
2316	3764
2317	3765
2318	3765
2319	3766
2320	3769
2321	3770
2322	3771
2323	3774
2324	3775
2325	3776
2326	3779
2327	3780
2328	3781
2329	3784
2330	3785
2331	3786
2332	3787
2333	3788
2334	3789
2335	3789
2336	3790
2337	3791
2338	3792
2339	3793
2340	3794
2341	3795
2342	3798
2343	3799
2344	3800
2345	3802
2346	3803
2347	3804
2348	3805
2349	3806
2350	3809
2351	3812
2352	3813
2353	3814
2354	3817
2355	3818
2356	3821
2357	3822
2358	3823
2359	3824
2360	3825
2361	3825
2362	3826
2363	3829
2364	3830
2365	3831
2366	3832
2367	3833
2368	3834
2369	3835
2370	3836
2371	3838
2372	3838
2373	3839
2374	3842
2375	3843
2376	3844
2377	3847
2378	3850
2379	3851
2380	3852
2381	3853
2382	3854
2383	3855
2384	3856
2385	3859
2386	3860
2387	3861
2388	3864
2389	3866
2390	3867
2391	3867
2392	3870
2393	3870
2394	3871
2395	3872
2396	3873
2397	3873
2398	3874
2399	3875
2400	3876
2401	3879
2402	3880
2403	3881
2404	3882
2405	3883
2406	3884
2407	3885
2408	3888
2409	3889
2410	3890
2411	3891
2412	3892
2413	3893
2414	3894
2415	3897
2416	3898
2417	3901
2418	3902
2419	3903
2420	3905
2421	3907
2422	3908
2423	3909
2424	3912
2425	3913
2426	3914
2427	3915
2428	3916
2429	3917
2430	3918
2431	3919
2432	3922
2433	3923
2434	3924
2435	3926
2436	3929
2437	3930
2438	3931
2439	3934
2440	3935
2441	3936
2442	3939
2443	3940
2444	3941
2445	3944
2446	3945
2447	3948
2448	3949
2449	3950
2450	3951
2451	3952
2452	3952
2453	3953
2454	3954
2455	3955
2456	3956
2457	3957
2458	3958
2459	3959
2460	3961
2461	3962
2462	3963
2463	3965
2464	3968
2465	3969
2466	3970
2467	3973
2468	3974
2469	3975
2470	3978
2471	3979
2472	3982
2473	3982
2474	3983
2475	3984
2476	3984
2477	3987
2478	3988
2479	3989
2480	3990
2481	3991
2482	3992
2483	3995
2484	3995
2485	3998
2486	3999
2487	4000
2488	4001
2489	4001
2490	4002
2491	4003
2492	4004
2493	4004
2494	4004
2495	4005
2496	4006
2497	4009
2498	4010
2499	4013
2500	4014
2501	4015
2502	4015
2503	4016
2504	4017
2505	4020
2506	4021
2507	4022
2508	4022
2509	4023
2510	4024
2511	4025
2512	4026
2513	4029
2514	4030
2515	4033
2516	4034
2517	4035
2518	4036
2519	4037
2520	4038
2521	4039
2522	4040
2523	4041
2524	4042
2525	4043
2526	4043
2527	4044
2528	4047
2529	4047
2530	4050
2531	4051
2532	4052
2533	4053
2534	4054
2535	4055
2536	4056
2537	4059
2538	4060
2539	4061
2540	4061
2541	4062
2542	4065
2543	4066
2544	4068
2545	4069
2546	4070
2547	4073
2548	4074
2549	4076
2550	4079
2551	4080
2552	4081
2553	4083
2554	4084
2555	4085
2556	4086
2557	4087
2558	4088
2559	4088
2560	4089
2561	4090
2562	4091
2563	4092
2564	4093
2565	4094
2566	4097
2567	4097
2568	4098
2569	4100
2570	4101
2571	4102
2572	4103
2573	4106
2574	4107
2575	4108
2576	4109
2577	4112
2578	4113
2579	4113
2580	4114
2581	4115
2582	4116
2583	4116
2584	4119
2585	4120
2586	4121
2587	4124
2588	4125
2589	4126
2590	4129
2591	4130
2592	4133
2593	4134
2594	4135
2595	4136
2596	4137
2597	4137
2598	4138
2599	4141
2600	4142
2601	4143
2602	4144
2603	4145
2604	4146
2605	4147
2606	4150
2607	4151
2608	4152
2609	4153
2610	4154
2611	4155
2612	4156
2613	4157
2614	4159
2615	4159
2616	4160
2617	4163
2618	4164
2619	4165
2620	4168
2621	4169
2622	4170
2623	4171
2624	4172
2625	4173
2626	4174
2627	4177
2628	4180
2629	4181
2630	4182
2631	4185
2632	4187
2633	4188
2634	4188
2635	4188
2636	4191
2637	4192
2638	4193
2639	4194
2640	4195
2641	4196
2642	4196
2643	4197
2644	4200
2645	4201
2646	4201
2647	4202
2648	4203
2649	4204
2650	4204
2651	4207
2652	4208
2653	4211
2654	4212
2655	4213
2656	4214
2657	4217
2658	4218
2659	4220
2660	4223
2661	4224
2662	4224
2663	4227
2664	4228
2665	4229
2666	4230
2667	4231
2668	4232
2669	4232
2670	4233
2671	4234
2672	4235
2673	4236
2674	4237
2675	4238
2676	4241
2677	4242
2678	4243
2679	4245
2680	4246
2681	4249
2682	4250
2683	4251
2684	4252
2685	4255
2686	4256
2687	4257
2688	4258
2689	4259
2690	4260
2691	4261
2692	4263
2693	4264
2694	4265
2695	4268
2696	4269
2697	4270
2698	4272
2699	4275
2700	4276
2701	4277
2702	4280
2703	4281
2704	4284
2705	4285
2706	4286
2707	4287
2708	4288
2709	4291
2710	4291
2711	4292
2712	4292
2713	4292
2714	4293
2715	4296
2716	4297
2717	4300
2718	4301
2719	4302
2720	4302
2721	4303
2722	4304
2723	4305
2724	4305
2725	4306
2726	4307
2727	4307
2728	4308
2729	4311
2730	4312
2731	4315
2732	4316
2733	4317
2734	4317
2735	4318
2736	4319
2737	4319
2738	4320
2739	4320
2740	4321
2741	4322
2742	4323
2743	4325
2744	4326
2745	4329
2746	4330
2747	4333
2748	4334
2749	4335
2750	4336
2751	4337
2752	4338
2753	4339
2754	4340
2755	4341
2756	4342
2757	4342
2758	4343
2759	4344
2760	4347
2761	4348
2762	4351
2763	4352
2764	4353
2765	4354
2766	4355
2767	4356
2768	4359
2769	4360
2770	4361
2771	4362
2772	4363
2773	4364
2774	4366
2775	4367
2776	4370
2777	4371
2778	4372
2779	4374
2780	4377
2781	4378
2782	4378
2783	4380
2784	4381
2785	4384
2786	4385
2787	4386
2788	4387
2789	4388
2790	4388
2791	4389
2792	4389
2793	4390
2794	4391
2795	4392
2796	4393
2797	4396
2798	4397
2799	4399
2800	4400
2801	4401
2802	4403
2803	4404
2804	4405
2805	4408
2806	4409
2807	4410
2808	4413
2809	4413
2810	4414
2811	4415
2812	4416
2813	4417
2814	4417
2815	4418
2816	4419
2817	4420
2818	4421
2819	4422
2820	4423
2821	4426
2822	4427
2823	4429
2824	4430
2825	4431
2826	4432
2827	4433
2828	4436
2829	4437
2830	4438
2831	4441
2832	4442
2833	4443
2834	4446
2835	4447
2836	4450
2837	4451
2838	4452
2839	4453
2840	4454
2841	4454
2842	4455
2843	4458
2844	4459
2845	4460
2846	4461
2847	4462
2848	4463
2849	4464
2850	4465
2851	4466
2852	4467
2853	4468
2854	4471
2855	4472
2856	4473
2857	4476
2858	4479
2859	4480
2860	4481
2861	4482
2862	4483
2863	4484
2864	4485
2865	4486
2866	4488
2867	4489
2868	4490
2869	4493
2870	4494
2871	4495
2872	4498
2873	4501
2874	4502
2875	4503
2876	4504
2877	4505
2878	4506
2879	4507
2880	4508
2881	4508
2882	4509
2883	4512
2884	4513
2885	4515
2886	4516
2887	4517
2888	4518
2889	4519
2890	4520
2891	4521
2892	4524
2893	4525
2894	4527
2895	4528
2896	4530
2897	4531
2898	4532
2899	4535
2900	4536
2901	4538
2902	4541
2903	4542
2904	4545
2905	4546
2906	4547
2907	4548
2908	4549
2909	4550
2910	4550
2911	4551
2912	4552
2913	4553
2914	4554
2915	4555
2916	4558
2917	4559
2918	4560
2919	4563
2920	4564
2921	4565
2922	4566
2923	4567
2924	4568
2925	4570
2926	4571
2927	4574
2928	4575
2929	4576
2930	4578
2931	4581
2932	4582
2933	4585
2934	4586
2935	4589
2936	4590
2937	4591
2938	4592
2939	4593
2940	4593
2941	4594
2942	4597
2943	4598
2944	4599
2945	4602
2946	4605
2947	4606
2948	4607
2949	4610
2950	4611
2951	4614
2952	4615
2953	4616
2954	4617
2955	4617
2956	4618
2957	4619
2958	4620
2959	4623
2960	4623
2961	4624
2962	4625
2963	4626
2964	4627
2965	4627
2966	4628
2967	4631
2968	4632
2969	4635
2970	4635
2971	4636
2972	4637
2973	4638
2974	4639
2975	4642
2976	4643
2977	4644
2978	4644
2979	4645
2980	4646
2981	4647
2982	4648
2983	4651
2984	4652
2985	4653
2986	4654
2987	4655
2988	4656
2989	4657
2990	4660
2991	4663
2992	4664
2993	4665
2994	4666
2995	4667
2996	4668
2997	4669
2998	4672
2999	4673
3000	4674
3001	4675
3002	4676
3003	4677
3004	4678
3005	4679
3006	4681
3007	4682
3008	4684
3009	4685
3010	4686
3011	4688
3012	4691
3013	4692
3014	4693
3015	4695
3016	4696
3017	4697
3018	4698
3019	4699
3020	4700
3021	4701
3022	4704
3023	4705
3024	4706
3025	4708
3026	4710
3027	4711
3028	4712
3029	4715
3030	4716
3031	4717
3032	4720
3033	4721
3034	4724
3035	4727
3036	4728
3037	4729
3038	4730
3039	4731
3040	4732
3041	4735
3042	4736
3043	4737
3044	4738
3045	4739
3046	4739
3047	4739
3048	4740
3049	4741
3050	4743
3051	4744
3052	4747
3053	4748
3054	4749
3055	4749
3056	4750
3057	4751
3058	4754
3059	4755
3060	4756
3061	4756
3062	4757
3063	4758
3064	4759
3065	4760
3066	4763
3067	4764
3068	4765
3069	4766
3070	4767
3071	4768
3072	4769
3073	4770
3074	4771
3075	4772
3076	4773
3077	4773
3078	4774
3079	4777
3080	4778
3081	4781
3082	4782
3083	4783
3084	4784
3085	4785
3086	4786
3087	4787
3088	4790
3089	4791
3090	4792
3091	4793
3092	4794
3093	4797
3094	4798
3095	4800
3096	4801
3097	4802
3098	4804
3099	4807
3100	4808
3101	4809
3102	4812
3103	4813
3104	4814
3105	4815
3106	4816
3107	4816
3108	4817
3109	4818
3110	4819
3111	4820
3112	4821
3113	4822
3114	4825
3115	4826
3116	4828
3117	4829
3118	4830
3119	4831
3120	4834
3121	4835
3122	4836
3123	4837
3124	4838
3125	4841
3126	4842
3127	4845
3128	4846
3129	4847
3130	4850
3131	4851
3132	4852
3133	4853
3134	4854
3135	4855
3136	4855
3137	4855
3138	4856
3139	4857
3140	4858
3141	4859
3142	4860
3143	4863
3144	4864
3145	4865
3146	4866
3147	4869
3148	4870
3149	4871
3150	4873
3151	4874
3152	4877
3153	4878
3154	4879
3155	4880
3156	4880
3157	4881
3158	4884
3159	4885
3160	4886
3161	4887
3162	4888
3163	4889
3164	4890
3165	4891
3166	4893
3167	4894
3168	4895
3169	4898
3170	4899
3171	4900
3172	4903
3173	4906
3174	4907
3175	4908
3176	4909
3177	4910
3178	4911
3179	4912
3180	4913
3181	4914
3182	4915
3183	4916
3184	4919
3185	4920
3186	4921
3187	4924
3188	4925
3189	4926
3190	4927
3191	4928
3192	4929
3193	4932
3194	4933
3195	4934
3196	4937
3197	4938
3198	4939
3199	4940
3200	4941
3201	4942
3202	4945
3203	4946
3204	4948
3205	4949
3206	4950
3207	4953
3208	4954
3209	4956
3210	4959
3211	4960
3212	4963
3213	4964
3214	4965
3215	4966
3216	4967
3217	4968
3218	4968
3219	4971
3220	4972
3221	4973
3222	4974
3223	4975
3224	4976
3225	4977
3226	4978
3227	4978
3228	4979
3229	4982
3230	4983
3231	4986
3232	4987
3233	4988
3234	4990
3235	4991
3236	4992
3237	4993
3238	4994
3239	4995
3240	4997
3241	4998
3242	5000
3243	5001
3244	5002
3245	5004
3246	5007
3247	5008
3248	5009
3249	5012
3250	5015
3251	5016
3252	5017
3253	5018
3254	5019
3255	5019
3256	5020
3257	5023
3258	5024
3259	5025
3260	5028
3261	5031
3262	5032
3263	5033
3264	5036
3265	5037
3266	5040
3267	5041
3268	5042
3269	5043
3270	5044
3271	5045
3272	5045
3273	5046
3274	5049
3275	5050
3276	5050
3277	5051
3278	5051
3279	5052
3280	5053
3281	5054
3282	5057
3283	5058
3284	5061
3285	5062
3286	5062
3287	5063
3288	5064
3289	5065
3290	5065
3291	5066
3292	5067
3293	5068
3294	5069
3295	5070
3296	5073
3297	5074
3298	5077
3299	5078
3300	5081
3301	5082
3302	5083
3303	5084
3304	5085
3305	5086
3306	5087
3307	5088
3308	5089
3309	5090
3310	5090
3311	5091
3312	5094
3313	5097
3314	5098
3315	5099
3316	5100
3317	5101
3318	5102
3319	5103
3320	5104
3321	5106
3322	5107
3323	5109
3324	5110
3325	5111
3326	5113
3327	5116
3328	5117
3329	5118
3330	5120
3331	5121
3332	5122
3333	5123
3334	5124
3335	5125
3336	5126
3337	5129
3338	5130
3339	5131
3340	5134
3341	5135
3342	5136
3343	5138
3344	5139
3345	5140
3346	5143
3347	5144
3348	5147
3349	5148
3350	5149
3351	5150
3352	5151
3353	5154
3354	5155
3355	5158
3356	5159
3357	5160
3358	5161
3359	5162
3360	5163
3361	5163
3362	5164
3363	5166
3364	5167
3365	5170
3366	5171
3367	5172
3368	5172
3369	5172
3370	5173
3371	5175
3372	5177
3373	5179
3374	5181
3375	5183
3376	5184
3377	5186
3378	5188
3379	5190
3380	5192
3381	5194
3382	5195
3383	5197
3384	5199
3385	5201
3386	5202
3387	5204
3388	5206
3389	5208
3390	5210
3391	5212
3392	5214
3393	5216
3394	5218
3395	5220
3396	5221
3397	5223
3398	5225
3399	5227
3400	5229
3401	5231
3402	5233
3403	5235
3404	5237
3405	5239
3406	5240
3407	5242
3408	5244
3409	5245
3410	5247
3411	5249
3412	5251
3413	5253
3414	5255
3415	5256
3416	5257
3417	5259
3418	5261
3419	5263
3420	5264
3421	5266
3422	5268
3423	5270
3424	5272
3425	5274
3426	5276
3427	5277
3428	5279
3429	5281
3430	5283
3431	5285
3432	5287
3433	5289
3434	5291
3435	5293
3436	5295
3437	5297
3438	5299
3439	5301
3440	5303
3441	5304
3442	5306
3443	5308
3444	5310
3445	5312
3446	5314
3447	5316
3448	5318
3449	5319
3450	5321
3451	5323
3452	5325
3453	5327
3454	5329
3455	5331
3456	5333
3457	5335
3458	5337
3459	5338
3460	5340
3461	5342
3462	5344
3463	5346
3464	5347
3465	5349
3466	5351
3467	5353
3468	5355
3469	5357
3470	5359
3471	5361
3472	5362
3473	5364
3474	5366
3475	5368
3476	5370
3477	5372
3478	5374
3479	5376
3480	5378
3481	5380
3482	5382
3483	5384
3484	5386
3485	5388
3486	5390
3487	5391
3488	5393
3489	5395
3490	5397
3491	5398
3492	5400
3493	5402
3494	5404
3495	5406
3496	5408
3497	5410
3498	5411
3499	5413
3500	5414
3501	5416
3502	5418
3503	5419
3504	5421
3505	5423
3506	5425
3507	5426
3508	5428
3509	5430
3510	5432
3511	5434
3512	5436
3513	5437
3514	5439
3515	5441
3516	5443
3517	5445
3518	5447
3519	5449
3520	5451
3521	5453
3522	5455
3523	5457
3524	5458
3525	5460
3526	5462
3527	5464
3528	5466
3529	5468
3530	5470
3531	5472
3532	5474
3533	5475
3534	5477
3535	5479
3536	5481
3537	5483
3538	5485
3539	5486
3540	5487
3541	5489
3542	5491
3543	5493
3544	5495
3545	5497
3546	5498
3547	5500
3548	5502
3549	5503
3550	5505
3551	5507
3552	5509
3553	5510
3554	5512
3555	5514
3556	5516
3557	5518
3558	5520
3559	5522
3560	5523
3561	5525
3562	5527
3563	5529
3564	5531
3565	5533
3566	5535
3567	5537
3568	5539
3569	5541
3570	5543
3571	5545
3572	5547
3573	5548
3574	5550
3575	5552
3576	5553
3577	5555
3578	5557
3579	5559
3580	5560
3581	5562
3582	5563
3583	5564
3584	5566
3585	5568
3586	5570
3587	5572
3588	5574
3589	5575
3590	5577
3591	5579
3592	5581
3593	5583
3594	5585
3595	5587
3596	5589
3597	5591
3598	5593
3599	5595
3600	5597
3601	5599
3602	5601
3603	5603
3604	5605
3605	5607
3606	5608
3607	5610
3608	5612
3609	5614
3610	5616
3611	5618
3612	5620
3613	5622
3614	5623
3615	5625
3616	5627
3617	5629
3618	5631
3619	5633
3620	5635
3621	5636
3622	5638
3623	5640
3624	5642
3625	5644
3626	5646
3627	5648
3628	5650
3629	5652
3630	5653
3631	5655
3632	5657
3633	5659
3634	5661
3635	5663
3636	5665
3637	5667
3638	5669
3639	5671
3640	5672
3641	5674
3642	5676
3643	5678
3644	5680
3645	5682
3646	5684
3647	5686
3648	5688
3649	5690
3650	5692
3651	5694
3652	5696
3653	5697
3654	5699
3655	5701
3656	5703
3657	5704
3658	5706
3659	5708
3660	5710
3661	5712
3662	5714
3663	5715
3664	5717
3665	5719
3666	5720
3667	5721
3668	5722
3669	5723
3670	5724
3671	5726
3672	5728
3673	5730
3674	5731
3675	5731
3676	5733
3677	5735
3678	5737
3679	5739
3680	5741
3681	5743
3682	5745
3683	5747
3684	5749
3685	5751
3686	5753
3687	5754
3688	5756
3689	5758
3690	5760
3691	5762
3692	5764
3693	5765
3694	5767
3695	5768
3696	5769
3697	5771
3698	5773
3699	5774
3700	5776
3701	5778
3702	5780
3703	5782
3704	5784
3705	5786
3706	5788
3707	5790
3708	5792
3709	5794
3710	5796
3711	5798
3712	5800
3713	5802
3714	5804
3715	5805
3716	5806
3717	5808
3718	5810
3719	5812
3720	5813
3721	5815
3722	5817
3723	5819
3724	5821
3725	5823
3726	5825
3727	5827
3728	5829
3729	5831
3730	5833
3731	5835
3732	5836
3733	5838
3734	5840
3735	5842
3736	5844
3737	5845
3738	5847
3739	5848
3740	5850
3741	5852
3742	5854
3743	5856
3744	5858
3745	5860
3746	5862
3747	5864
3748	5866
3749	5868
3750	5869
3751	5871
3752	5873
3753	5874
3754	5876
3755	5878
3756	5880
3757	5882
3758	5883
3759	5885
3760	5887
3761	5889
3762	5891
3763	5893
3764	5895
3765	5897
3766	5899
3767	5901
3768	5903
3769	5905
3770	5907
3771	5908
3772	5910
3773	5911
3774	5913
3775	5915
3776	5917
3777	5919
3778	5921
3779	5923
3780	5924
3781	5926
3782	5928
3783	5930
3784	5932
3785	5934
3786	5936
3787	5938
3788	5940
3789	5942
3790	5944
3791	5945
3792	5947
3793	5948
3794	5950
3795	5952
3796	5954
3797	5956
3798	5958
3799	5960
3800	5961
3801	5963
3802	5965
3803	5967
3804	5969
3805	5971
3806	5972
3807	5974
3808	5976
3809	5978
3810	5979
3811	5981
3812	5982
3813	5984
3814	5986
3815	5988
3816	5990
3817	5991
3818	5993
3819	5995
3820	5997
3821	5999
3822	6001
3823	6002
3824	6004
3825	6006
3826	6008
3827	6010
3828	6012
3829	6014
3830	6016
3831	6018
3832	6019
3833	6020
3834	6022
3835	6024
3836	6026
3837	6028
3838	6030
3839	6032
3840	6034
3841	6036
3842	6038
3843	6040
3844	6042
3845	6044
3846	6046
3847	6048
3848	6049
3849	6051
3850	6053
3851	6055
3852	6057
3853	6059
3854	6061
3855	6063
3856	6065
3857	6067
3858	6069
3859	6071
3860	6073
3861	6075
3862	6077
3863	6079
3864	6080
3865	6082
3866	6084
3867	6085
3868	6087
3869	6089
3870	6091
3871	6092
3872	6094
3873	6096
3874	6097
3875	6099
3876	6101
3877	6103
3878	6105
3879	6107
3880	6109
3881	6111
3882	6113
3883	6115
3884	6117
3885	6119
3886	6121
3887	6123
3888	6125
3889	6127
3890	6129
3891	6130
3892	6132
3893	6134
3894	6135
3895	6137
3896	6139
3897	6141
3898	6143
3899	6145
3900	6147
3901	6149
3902	6151
3903	6153
3904	6155
3905	6157
3906	6159
3907	6160
3908	6161
3909	6163
3910	6164
3911	6165
3912	6167
3913	6168
3914	6170
3915	6171
3916	6173
3917	6175
3918	6177
3919	6178
3920	6180
3921	6182
3922	6184
3923	6186
3924	6188
3925	6190
3926	6192
3927	6194
3928	6196
3929	6198
3930	6199
3931	6201
3932	6203
3933	6205
3934	6207
3935	6209
3936	6211
3937	6213
3938	6215
3939	6216
3940	6218
3941	6220
3942	6222
3943	6224
3944	6225
3945	6227
3946	6228
3947	6230
3948	6232
3949	6234
3950	6236
3951	6238
3952	6240
3953	6241
3954	6243
3955	6244
3956	6244
3957	6246
3958	6248
3959	6250
3960	6252
3961	6254
3962	6256
3963	6258
3964	6260
3965	6262
3966	6264
3967	6265
3968	6267
3969	6269
3970	6271
3971	6273
3972	6274
3973	6276
3974	6278
3975	6279
3976	6281
3977	6282
3978	6284
3979	6285
3980	6287
3981	6289
3982	6291
3983	6292
3984	6294
3985	6296
3986	6298
3987	6300
3988	6302
3989	6304
3990	6306
3991	6308
3992	6310
3993	6312
3994	6314
3995	6316
3996	6318
3997	6320
3998	6322
3999	6324
4000	6326
4001	6328
4002	6330
4003	6332
4004	6333
4005	6335
4006	6336
4007	6338
4008	6340
4009	6342
4010	6344
4011	6346
4012	6348
4013	6349
4014	6351
4015	6353
4016	6354
4017	6355
4018	6357
4019	6359
4020	6361
4021	6363
4022	6365
4023	6366
4024	6368
4025	6369
4026	6371
4027	6373
4028	6375
4029	6377
4030	6379
4031	6381
4032	6383
4033	6385
4034	6387
4035	6389
4036	6390
4037	6391
4038	6393
4039	6395
4040	6397
4041	6398
4042	6400
4043	6402
4044	6404
4045	6406
4046	6408
4047	6410
4048	6412
4049	6414
4050	6416
4051	6418
4052	6420
4053	6421
4054	6422
4055	6424
4056	6426
4057	6428
4058	6430
4059	6432
4060	6434
4061	6435
4062	6437
4063	6439
4064	6441
4065	6443
4066	6445
4067	6447
4068	6449
4069	6451
4070	6453
4071	6455
4072	6456
4073	6458
4074	6460
4075	6462
4076	6464
4077	6465
4078	6467
4079	6469
4080	6470
4081	6472
4082	6474
4083	6476
4084	6478
4085	6480
4086	6482
4087	6484
4088	6486
4089	6488
4090	6490
4091	6491
4092	6492
4093	6494
4094	6496
4095	6498
4096	6500
4097	6502
4098	6504
4099	6505
4100	6507
4101	6509
4102	6511
4103	6513
4104	6515
4105	6517
4106	6519
4107	6520
4108	6522
4109	6523
4110	6525
4111	6527
4112	6529
4113	6531
4114	6532
4115	6534
4116	6536
4117	6538
4118	6540
4119	6542
4120	6544
4121	6545
4122	6547
4123	6549
4124	6550
4125	6552
4126	6554
4127	6556
4128	6558
4129	6559
4130	6561
4131	6563
4132	6565
4133	6567
4134	6569
4135	6571
4136	6573
4137	6575
4138	6577
4139	6579
4140	6581
4141	6583
4142	6585
4143	6587
4144	6589
4145	6591
4146	6593
4147	6595
4148	6597
4149	6599
4150	6601
4151	6603
4152	6605
4153	6607
4154	6609
4155	6610
4156	6611
4157	6613
4158	6615
4159	6617
4160	6619
4161	6621
4162	6623
4163	6625
4164	6627
4165	6629
4166	6631
4167	6633
4168	6635
4169	6636
4170	6638
4171	6640
4172	6642
4173	6644
4174	6646
4175	6648
4176	6650
4177	6652
4178	6654
4179	6656
4180	6658
4181	6660
4182	6662
4183	6664
4184	6665
4185	6667
4186	6669
4187	6671
4188	6672
4189	6674
4190	6676
4191	6678
4192	6679
4193	6681
4194	6683
4195	6685
4196	6687
4197	6688
4198	6690
4199	6692
4200	6694
4201	6696
4202	6698
4203	6700
4204	6702
4205	6703
4206	6705
4207	6707
4208	6709
4209	6711
4210	6713
4211	6715
4212	6717
4213	6719
4214	6721
4215	6723
4216	6724
4217	6726
4218	6728
4219	6730
4220	6731
4221	6732
4222	6734
4223	6736
4224	6737
4225	6738
4226	6740
4227	6742
4228	6744
4229	6746
4230	6748
4231	6750
4232	6751
4233	6753
4234	6754
4235	6756
4236	6758
4237	6760
4238	6762
4239	6763
4240	6765
4241	6767
4242	6769
4243	6771
4244	6773
4245	6775
4246	6777
4247	6779
4248	6781
4249	6783
4250	6785
4251	6787
4252	6789
4253	6790
4254	6791
4255	6793
4256	6794
4257	6794
4258	6795
4259	6797
4260	6799
4261	6801
4262	6803
4263	6805
4264	6807
4265	6809
4266	6811
4267	6812
4268	6814
4269	6816
4270	6817
4271	6819
4272	6821
4273	6823
4274	6824
4275	6826
4276	6828
4277	6830
4278	6832
4279	6834
4280	6836
4281	6837
4282	6839
4283	6840
4284	6842
4285	6843
4286	6845
4287	6847
4288	6849
4289	6851
4290	6853
4291	6855
4292	6857
4293	6859
4294	6861
4295	6863
4296	6865
4297	6867
4298	6869
4299	6871
4300	6873
4301	6875
4302	6877
4303	6879
4304	6881
4305	6882
4306	6884
4307	6885
4308	6887
4309	6889
4310	6891
4311	6893
4312	6895
4313	6897
4314	6898
4315	6900
4316	6902
4317	6903
4318	6905
4319	6906
4320	6907
4321	6909
4322	6910
4323	6912
4324	6914
4325	6916
4326	6918
4327	6920
4328	6922
4329	6924
4330	6926
4331	6928
4332	6930
4333	6932
4334	6934
4335	6936
4336	6938
4337	6940
4338	6941
4339	6943
4340	6945
4341	6947
4342	6948
4343	6950
4344	6952
4345	6954
4346	6956
4347	6958
4348	6960
4349	6962
4350	6964
4351	6966
4352	6968
4353	6970
4354	6971
4355	6972
4356	6974
4357	6976
4358	6978
4359	6980
4360	6982
4361	6983
4362	6985
4363	6986
4364	6988
4365	6990
4366	6992
4367	6994
4368	6996
4369	6998
4370	7000
4371	7002
4372	7004
4373	7006
4374	7007
4375	7009
4376	7011
4377	7012
4378	7014
4379	7016
4380	7018
4381	7019
4382	7021
4383	7022
4384	7024
4385	7025
4386	7027
4387	7029
4388	7031
4389	7032
4390	7034
4391	7036
4392	7037
4393	7039
4394	7041
4395	7043
4396	7045
4397	7047
4398	7049
4399	7051
4400	7053
4401	7055
4402	7057
4403	7058
4404	7060
4405	7062
4406	7064
4407	7066
4408	7068
4409	7069
4410	7071
4411	7073
4412	7075
4413	7077
4414	7079
4415	7081
4416	7083
4417	7085
4418	7087
4419	7088
4420	7090
4421	7092
4422	7094
4423	7096
4424	7098
4425	7100
4426	7102
4427	7104
4428	7106
4429	7108
4430	7110
4431	7112
4432	7114
4433	7115
4434	7117
4435	7119
4436	7121
4437	7122
4438	7123
4439	7125
4440	7127
4441	7128
4442	7130
4443	7132
4444	7134
4445	7136
4446	7137
4447	7139
4448	7141
4449	7143
4450	7145
4451	7147
4452	7148
4453	7149
4454	7151
4455	7153
4456	7155
4457	7157
4458	7159
4459	7161
4460	7163
4461	7164
4462	7165
4463	7167
4464	7169
4465	7170
4466	7172
4467	7174
4468	7176
4469	7178
4470	7180
4471	7182
4472	7184
4473	7186
4474	7188
4475	7190
4476	7192
4477	7193
4478	7195
4479	7197
4480	7199
4481	7201
4482	7203
4483	7205
4484	7206
4485	7208
4486	7210
4487	7212
4488	7214
4489	7216
4490	7218
4491	7220
4492	7222
4493	7224
4494	7226
4495	7228
4496	7230
4497	7232
4498	7234
4499	7235
4500	7237
4501	7239
4502	7241
4503	7243
4504	7245
4505	7246
4506	7248
4507	7250
4508	7252
4509	7254
4510	7256
4511	7258
4512	7260
4513	7262
4514	7263
4515	7265
4516	7267
4517	7269
4518	7270
4519	7271
4520	7273
4521	7275
4522	7277
4523	7278
4524	7280
4525	7282
4526	7284
4527	7286
4528	7288
4529	7289
4530	7291
4531	7293
4532	7295
4533	7297
4534	7298
4535	7300
4536	7302
4537	7304
4538	7306
4539	7307
4540	7309
4541	7311
4542	7312
4543	7314
4544	7315
4545	7317
4546	7319
4547	7321
4548	7323
4549	7325
4550	7327
4551	7329
4552	7331
4553	7333
4554	7334
4555	7336
4556	7338
4557	7340
4558	7342
4559	7344
4560	7346
4561	7348
4562	7350
4563	7352
4564	7354
4565	7355
4566	7357
4567	7358
4568	7360
4569	7362
4570	7364
4571	7366
4572	7368
4573	7370
4574	7372
4575	7374
4576	7376
4577	7377
4578	7378
4579	7380
4580	7382
4581	7383
4582	7385
4583	7387
4584	7389
4585	7390
4586	7392
4587	7394
4588	7396
4589	7398
4590	7400
4591	7402
4592	7404
4593	7406
4594	7408
4595	7410
4596	7412
4597	7414
4598	7416
4599	7418
4600	7420
4601	7422
4602	7423
4603	7425
4604	7427
4605	7428
4606	7430
4607	7432
4608	7433
4609	7435
4610	7437
4611	7438
4612	7440
4613	7442
4614	7443
4615	7444
4616	7446
4617	7448
4618	7450
4619	7452
4620	7454
4621	7455
4622	7457
4623	7459
4624	7461
4625	7463
4626	7464
4627	7466
4628	7468
4629	7470
4630	7472
4631	7474
4632	7476
4633	7478
4634	7480
4635	7482
4636	7484
4637	7486
4638	7487
4639	7489
4640	7491
4641	7493
4642	7494
4643	7496
4644	7498
4645	7500
4646	7502
4647	7504
4648	7505
4649	7507
4650	7509
4651	7511
4652	7513
4653	7515
4654	7517
4655	7518
4656	7520
4657	7522
4658	7523
4659	7525
4660	7527
4661	7529
4662	7531
4663	7533
4664	7535
4665	7537
4666	7539
4667	7540
4668	7542
4669	7543
4670	7545
4671	7547
4672	7549
4673	7551
4674	7552
4675	7553
4676	7555
4677	7557
4678	7559
4679	7561
4680	7563
4681	7565
4682	7567
4683	7569
4684	7571
4685	7573
4686	7575
4687	7577
4688	7578
4689	7580
4690	7582
4691	7583
4692	7584
4693	7586
4694	7588
4695	7590
4696	7592
4697	7593
4698	7595
4699	7597
4700	7599
4701	7601
4702	7603
4703	7605
4704	7606
4705	7608
4706	7610
4707	7611
4708	7613
4709	7615
4710	7617
4711	7619
4712	7621
4713	7623
4714	7625
4715	7627
4716	7629
4717	7631
4718	7633
4719	7634
4720	7636
4721	7637
4722	7639
4723	7641
4724	7643
4725	7644
4726	7646
4727	7648
4728	7650
4729	7652
4730	7654
4731	7656
4732	7658
4733	7660
4734	7662
4735	7664
4736	7666
4737	7668
4738	7670
4739	7671
4740	7673
4741	7674
4742	7676
4743	7678
4744	7679
4745	7681
4746	7683
4747	7685
4748	7687
4749	7689
4750	7690
4751	7691
4752	7693
4753	7695
4754	7697
4755	7699
4756	7701
4757	7702
4758	7703
4759	7705
4760	7707
4761	7709
4762	7711
4763	7713
4764	7715
4765	7717
4766	7719
4767	7720
4768	7722
4769	7724
4770	7726
4771	7727
4772	7729
4773	7731
4774	7733
4775	7735
4776	7737
4777	7739
4778	7741
4779	7743
4780	7745
4781	7747
4782	7749
4783	7751
4784	7752
4785	7753
4786	7755
4787	7757
4788	7759
4789	7761
4790	7763
4791	7765
4792	7766
4793	7768
4794	7769
4795	7771
4796	7772
4797	7774
4798	7776
4799	7778
4800	7780
4801	7782
4802	7784
4803	7786
4804	7788
4805	7789
4806	7791
4807	7793
4808	7794
4809	7796
4810	7798
4811	7800
4812	7801
4813	7802
4814	7804
4815	7806
4816	7807
4817	7808
4818	7810
4819	7811
4820	7813
4821	7815
4822	7817
4823	7819
4824	7821
4825	7823
4826	7825
4827	7827
4828	7829
4829	7831
4830	7833
4831	7835
4832	7837
4833	7839
4834	7841
4835	7842
4836	7844
4837	7845
4838	7846
4839	7848
4840	7849
4841	7851
4842	7853
4843	7855
4844	7857
4845	7859
4846	7860
4847	7862
4848	7864
4849	7866
4850	7868
4851	7870
4852	7871
4853	7872
4854	7874
4855	7876
4856	7878
4857	7880
4858	7882
4859	7883
4860	7885
4861	7887
4862	7889
4863	7891
4864	7893
4865	7895
4866	7897
4867	7899
4868	7901
4869	7902
4870	7904
4871	7906
4872	7908
4873	7910
4874	7911
4875	7913
4876	7915
4877	7917
4878	7919
4879	7921
4880	7922
4881	7924
4882	7926
4883	7928
4884	7930
4885	7932
4886	7934
4887	7935
4888	7937
4889	7939
4890	7941
4891	7943
4892	7945
4893	7947
4894	7949
4895	7951
4896	7953
4897	7955
4898	7957
4899	7959
4900	7961
4901	7963
4902	7965
4903	7967
4904	7968
4905	7970
4906	7972
4907	7974
4908	7976
4909	7978
4910	7980
4911	7981
4912	7982
4913	7984
4914	7985
4915	7987
4916	7989
4917	7991
4918	7993
4919	7995
4920	7997
4921	7999
4922	8001
4923	8003
4924	8005
4925	8006
4926	8008
4927	8010
4928	8011
4929	8013
4930	8015
4931	8017
4932	8019
4933	8021
4934	8023
4935	8025
4936	8027
4937	8029
4938	8031
4939	8033
4940	8034
4941	8035
4942	8037
4943	8039
4944	8041
4945	8043
4946	8045
4947	8047
4948	8049
4949	8051
4950	8053
4951	8055
4952	8056
4953	8058
4954	8060
4955	8061
4956	8063
4957	8064
4958	8066
4959	8068
4960	8069
4961	8071
4962	8073
4963	8075
4964	8077
4965	8079
4966	8081
4967	8083
4968	8085
4969	8087
4970	8089
4971	8091
4972	8093
4973	8095
4974	8097
4975	8099
4976	8100
4977	8102
4978	8104
4979	8106
4980	8108
4981	8110
4982	8112
4983	8114
4984	8116
4985	8118
4986	8119
4987	8121
4988	8123
4989	8124
4990	8126
4991	8128
4992	8129
4993	8131
4994	8132
4995	8134
4996	8136
4997	8138
4998	8140
4999	8142
5000	8144
5001	8146
5002	8147
5003	8149
5004	8150
5005	8152
5006	8154
5007	8155
5008	8157
5009	8159
5010	8161
5011	8163
5012	8164
5013	8166
5014	8168
5015	8169
5016	8171
5017	8173
5018	8175
5019	8177
5020	8179
5021	8181
5022	8183
5023	8185
5024	8187
5025	8189
5026	8191
5027	8192
5028	8194
5029	8196
5030	8198
5031	8200
5032	8201
5033	8203
5034	8205
5035	8207
5036	8208
5037	8209
5038	8210
5039	8212
5040	8214
5041	8215
5042	8217
5043	8219
5044	8221
5045	8223
5046	8225
5047	8226
5048	8228
5049	8230
5050	8232
5051	8234
5052	8236
5053	8237
5054	8239
5055	8241
5056	8243
5057	8245
5058	8247
5059	8249
5060	8251
5061	8253
5062	8255
5063	8257
5064	8258
5065	8260
5066	8262
5067	8264
5068	8266
5069	8268
5070	8270
5071	8271
5072	8273
5073	8275
5074	8277
5075	8279
5076	8281
5077	8283
5078	8284
5079	8286
5080	8288
5081	8290
5082	8292
5083	8294
5084	8296
5085	8298
5086	8300
5087	8302
5088	8303
5089	8304
5090	8306
5091	8307
5092	8309
5093	8311
5094	8313
5095	8315
5096	8317
5097	8319
5098	8321
5099	8322
5100	8324
5101	8326
5102	8327
5103	8329
5104	8331
5105	8333
5106	8335
5107	8337
5108	8339
5109	8341
5110	8343
5111	8345
5112	8347
5113	8348
5114	8350
5115	8352
5116	8353
5117	8354
5118	8355
5119	8357
5120	8359
5121	8361
5122	8363
5123	8364
5124	8366
5125	8368
5126	8370
5127	8372
5128	8374
5129	8376
5130	8377
5131	8379
5132	8381
5133	8383
5134	8385
5135	8387
5136	8389
5137	8390
5138	8392
5139	8394
5140	8395
5141	8397
5142	8399
5143	8401
5144	8402
5145	8404
5146	8405
5147	8407
5148	8408
5149	8410
5150	8412
5151	8414
5152	8416
5153	8418
5154	8420
5155	8422
5156	8424
5157	8426
5158	8428
5159	8430
5160	8432
5161	8433
5162	8435
5163	8436
5164	8438
5165	8440
5166	8442
5167	8443
5168	8445
5169	8447
5170	8449
5171	8451
5172	8452
5173	8454
5174	8456
5175	8456
5176	8457
5177	8458
5178	8459
5179	8460
5180	8461
5181	8464
5182	8465
5183	8467
5184	8468
5185	8469
5186	8470
5187	8470
5188	8471
5189	8472
5190	8473
5191	8476
5192	8477
5193	8480
5194	8481
5195	8481
5196	8482
5197	8483
5198	8486
5199	8487
5200	8488
5201	8489
5202	8490
5203	8491
5204	8493
5205	8494
5206	8497
5207	8498
5208	8499
5209	8501
5210	8504
5211	8505
5212	8506
5213	8509
5214	8510
5215	8513
5216	8514
5217	8515
5218	8516
5219	8517
5220	8517
5221	8518
5222	8519
5223	8521
5224	8522
5225	8523
5226	8526
5227	8529
5228	8530
5229	8531
5230	8534
5231	8535
5232	8538
5233	8539
5234	8540
5235	8541
5236	8541
5237	8542
5238	8543
5239	8544
5240	8547
5241	8550
5242	8551
5243	8552
5244	8553
5245	8554
5246	8555
5247	8555
5248	8556
5249	8557
5250	8558
5251	8559
5252	8559
5253	8560
5254	8563
5255	8564
5256	8567
5257	8568
5258	8569
5259	8570
5260	8573
5261	8573
5262	8574
5263	8575
5264	8576
5265	8577
5266	8578
5267	8578
5268	8579
5269	8580
5270	8581
5271	8582
5272	8585
5273	8586
5274	8589
5275	8590
5276	8591
5277	8592
5278	8593
5279	8594
5280	8595
5281	8598
5282	8599
5283	8600
5284	8601
5285	8602
5286	8603
5287	8604
5288	8605
5289	8607
5290	8608
5291	8610
5292	8611
5293	8612
5294	8614
5295	8617
5296	8618
5297	8619
5298	8622
5299	8623
5300	8624
5301	8625
5302	8626
5303	8627
5304	8628
5305	8629
5306	8632
5307	8633
5308	8634
5309	8636
5310	8639
5311	8640
5312	8641
5313	8643
5314	8644
5315	8647
5316	8648
5317	8649
5318	8650
5319	8651
5320	8652
5321	8655
5322	8656
5323	8659
5324	8660
5325	8661
5326	8662
5327	8662
5328	8663
5329	8664
5330	8664
5331	8665
5332	8668
5333	8669
5334	8672
5335	8673
5336	8674
5337	8674
5338	8675
5339	8676
5340	8676
5341	8677
5342	8678
5343	8679
5344	8680
5345	8681
5346	8684
5347	8685
5348	8685
5349	8688
5350	8689
5351	8690
5352	8692
5353	8693
5354	8696
5355	8699
5356	8700
5357	8701
5358	8704
5359	8706
5360	8707
5361	8708
5362	8710
5363	8711
5364	8711
5365	8712
5366	8713
5367	8713
5368	8714
5369	8715
5370	8716
5371	8719
5372	8722
5373	8723
5374	8724
5375	8727
5376	8728
5377	8729
5378	8730
5379	8731
5380	8732
5381	8732
5382	8733
5383	8736
5384	8737
5385	8738
5386	8739
5387	8740
5388	8740
5389	8741
5390	8744
5391	8745
5392	8746
5393	8747
5394	8749
5395	8751
5396	8752
5397	8753
5398	8755
5399	8756
5400	8757
5401	8758
5402	8759
5403	8760
5404	8761
5405	8762
5406	8765
5407	8766
5408	8767
5409	8769
5410	8772
5411	8773
5412	8774
5413	8777
5414	8778
5415	8779
5416	8782
5417	8783
5418	8784
5419	8787
5420	8790
5421	8791
5422	8792
5423	8793
5424	8794
5425	8794
5426	8795
5427	8796
5428	8797
5429	8798
5430	8799
5431	8800
5432	8802
5433	8803
5434	8804
5435	8806
5436	8809
5437	8810
5438	8811
5439	8813
5440	8813
5441	8814
5442	8817
5443	8818
5444	8821
5445	8821
5446	8822
5447	8823
5448	8823
5449	8826
5450	8827
5451	8828
5452	8829
5453	8830
5454	8831
5455	8834
5456	8835
5457	8838
5458	8839
5459	8840
5460	8841
5461	8841
5462	8842
5463	8843
5464	8844
5465	8844
5466	8844
5467	8845
5468	8846
5469	8849
5470	8850
5471	8852
5472	8853
5473	8854
5474	8854
5475	8854
5476	8855
5477	8856
5478	8856
5479	8856
5480	8857
5481	8858
5482	8859
5483	8862
5484	8863
5485	8865
5486	8866
5487	8867
5488	8868
5489	8869
5490	8870
5491	8871
5492	8874
5493	8875
5494	8878
5495	8879
5496	8880
5497	8881
5498	8882
5499	8883
5500	8884
5501	8887
5502	8887
5503	8888
5504	8889
5505	8892
5506	8893
5507	8895
5508	8896
5509	8897
5510	8900
5511	8901
5512	8904
5513	8905
5514	8906
5515	8909
5516	8910
5517	8911
5518	8912
5519	8913
5520	8914
5521	8914
5522	8916
5523	8917
5524	8918
5525	8919
5526	8922
5527	8925
5528	8926
5529	8927
5530	8930
5531	8931
5532	8934
5533	8935
5534	8936
5535	8937
5536	8938
5537	8939
5538	8939
5539	8940
5540	8943
5541	8944
5542	8944
5543	8945
5544	8945
5545	8946
5546	8947
5547	8948
5548	8951
5549	8954
5550	8954
5551	8955
5552	8956
5553	8957
5554	8958
5555	8959
5556	8962
5557	8963
5558	8963
5559	8964
5560	8965
5561	8966
5562	8967
5563	8970
5564	8971
5565	8972
5566	8972
5567	8973
5568	8974
5569	8975
5570	8976
5571	8977
5572	8980
5573	8981
5574	8984
5575	8985
5576	8986
5577	8987
5578	8988
5579	8989
5580	8990
5581	8993
5582	8994
5583	8995
5584	8996
5585	8997
5586	8998
5587	8999
5588	9000
5589	9002
5590	9003
5591	9005
5592	9006
5593	9007
5594	9009
5595	9012
5596	9013
5597	9014
5598	9017
5599	9018
5600	9018
5601	9019
5602	9020
5603	9021
5604	9022
5605	9025
5606	9026
5607	9029
5608	9030
5609	9030
5610	9031
5611	9034
5612	9035
5613	9037
5614	9038
5615	9039
5616	9040
5617	9041
5618	9042
5619	9043
5620	9044
5621	9046
5622	9049
5623	9050
5624	9051
5625	9054
5626	9055
5627	9056
5628	9059
5629	9060
5630	9062
5631	9065
5632	9066
5633	9067
5634	9068
5635	9069
5636	9070
5637	9071
5638	9074
5639	9075
5640	9076
5641	9077
5642	9078
5643	9078
5644	9078
5645	9079
5646	9080
5647	9083
5648	9084
5649	9087
5650	9088
5651	9089
5652	9089
5653	9090
5654	9091
5655	9094
5656	9095
5657	9096
5658	9099
5659	9100
5660	9101
5661	9102
5662	9102
5663	9103
5664	9104
5665	9105
5666	9108
5667	9111
5668	9112
5669	9113
5670	9116
5671	9118
5672	9119
5673	9120
5674	9121
5675	9123
5676	9124
5677	9124
5678	9125
5679	9126
5680	9127
5681	9127
5682	9128
5683	9131
5684	9132
5685	9133
5686	9134
5687	9135
5688	9136
5689	9137
5690	9140
5691	9141
5692	9144
5693	9145
5694	9146
5695	9148
5696	9151
5697	9152
5698	9153
5699	9154
5700	9157
5701	9158
5702	9160
5703	9163
5704	9164
5705	9167
5706	9168
5707	9169
5708	9170
5709	9171
5710	9172
5711	9172
5712	9173
5713	9174
5714	9175
5715	9176
5716	9177
5717	9180
5718	9181
5719	9182
5720	9184
5721	9185
5722	9186
5723	9187
5724	9188
5725	9189
5726	9190
5727	9191
5728	9192
5729	9193
5730	9195
5731	9196
5732	9197
5733	9198
5734	9200
5735	9203
5736	9204
5737	9205
5738	9208
5739	9209
5740	9212
5741	9213
5742	9214
5743	9215
5744	9216
5745	9219
5746	9220
5747	9221
5748	9221
5749	9221
5750	9222
5751	9225
5752	9226
5753	9229
5754	9230
5755	9231
5756	9231
5757	9232
5758	9233
5759	9234
5760	9234
5761	9235
5762	9236
5763	9236
5764	9237
5765	9240
5766	9241
5767	9242
5768	9243
5769	9243
5770	9244
5771	9246
5772	9247
5773	9248
5774	9250
5775	9251
5776	9252
5777	9255
5778	9256
5779	9258
5780	9259
5781	9260
5782	9261
5783	9261
5784	9261
5785	9262
5786	9263
5787	9266
5788	9267
5789	9268
5790	9269
5791	9270
5792	9271
5793	9271
5794	9272
5795	9275
5796	9275
5797	9275
5798	9276
5799	9277
5800	9278
5801	9279
5802	9282
5803	9283
5804	9286
5805	9287
5806	9288
5807	9288
5808	9289
5809	9292
5810	9293
5811	9295
5812	9298
5813	9299
5814	9300
5815	9301
5816	9304
5817	9307
5818	9308
5819	9309
5820	9312
5821	9313
5822	9314
5823	9315
5824	9316
5825	9317
5826	9317
5827	9320
5828	9321
5829	9322
5830	9323
5831	9323
5832	9323
5833	9324
5834	9325
5835	9327
5836	9328
5837	9329
5838	9330
5839	9332
5840	9333
5841	9334
5842	9335
5843	9336
5844	9337
5845	9338
5846	9339
5847	9341
5848	9342
5849	9343
5850	9346
5851	9347
5852	9348
5853	9351
5854	9351
5855	9352
5856	9353
5857	9353
5858	9356
5859	9357
5860	9358
5861	9358
5862	9359
5863	9360
5864	9361
5865	9362
5866	9365
5867	9366
5868	9369
5869	9370
5870	9371
5871	9372
5872	9372
5873	9373
5874	9374
5875	9375
5876	9376
5877	9377
5878	9378
5879	9381
5880	9383
5881	9384
5882	9385
5883	9386
5884	9387
5885	9388
5886	9388
5887	9390
5888	9391
5889	9392
5890	9393
5891	9393
5892	9394
5893	9396
5894	9397
5895	9399
5896	9400
5897	9401
5898	9403
5899	9406
5900	9407
5901	9407
5902	9409
5903	9409
5904	9410
5905	9411
5906	9412
5907	9413
5908	9413
5909	9414
5910	9417
5911	9418
5912	9419
5913	9420
5914	9421
5915	9422
5916	9423
5917	9426
5918	9427
5919	9428
5920	9428
5921	9429
5922	9430
5923	9431
5924	9432
5925	9433
5926	9434
5927	9437
5928	9439
5929	9440
5930	9441
5931	9442
5932	9443
5933	9444
5934	9445
5935	9446
5936	9448
5937	9449
5938	9451
5939	9452
5940	9453
5941	9455
5942	9458
5943	9459
5944	9460
5945	9463
5946	9464
5947	9467
5948	9468
5949	9468
5950	9470
5951	9471
5952	9472
5953	9475
5954	9476
5955	9479
5956	9480
5957	9481
5958	9482
5959	9482
5960	9483
5961	9484
5962	9487
5963	9489
5964	9489
5965	9490
5966	9491
5967	9492
5968	9493
5969	9494
5970	9496
5971	9497
5972	9500
5973	9501
5974	9502
5975	9505
5976	9505
5977	9506
5978	9507
5979	9508
5980	9509
5981	9510
5982	9511
5983	9512
5984	9513
5985	9514
5986	9515
5987	9518
5988	9521
5989	9522
5990	9523
5991	9524
5992	9525
5993	9526
5994	9527
5995	9530
5996	9531
5997	9532
5998	9533
5999	9534
6000	9535
6001	9536
6002	9537
6003	9539
6004	9541
6005	9542
6006	9543
6007	9545
6008	9548
6009	9549
6010	9550
6011	9553
6012	9554
6013	9555
6014	9556
6015	9557
6016	9558
6017	9559
6018	9562
6019	9562
6020	9563
6021	9564
6022	9565
6023	9567
6024	9570
6025	9571
6026	9572
6027	9573
6028	9574
6029	9577
6030	9578
6031	9579
6032	9580
6033	9581
6034	9584
6035	9585
6036	9586
6037	9587
6038	9587
6039	9588
6040	9589
6041	9589
6042	9590
6043	9593
6044	9594
6045	9597
6046	9598
6047	9599
6048	9599
6049	9600
6050	9601
6051	9602
6052	9603
6053	9604
6054	9605
6055	9606
6056	9607
6057	9610
6058	9610
6059	9610
6060	9612
6061	9614
6062	9615
6063	9618
6064	9619
6065	9620
6066	9622
6067	9623
6068	9626
6069	9627
6070	9627
6071	9628
6072	9629
6073	9630
6074	9631
6075	9634
6076	9635
6077	9638
6078	9639
6079	9640
6080	9641
6081	9642
6082	9643
6083	9644
6084	9644
6085	9645
6086	9646
6087	9647
6088	9650
6089	9650
6090	9651
6091	9652
6092	9653
6093	9654
6094	9655
6095	9656
6096	9658
6097	9659
6098	9660
6099	9661
6100	9663
6101	9666
6102	9667
6103	9667
6104	9670
6105	9671
6106	9672
6107	9673
6108	9674
6109	9675
6110	9675
6111	9677
6112	9678
6113	9681
6114	9682
6115	9683
6116	9685
6117	9688
6118	9688
6119	9689
6120	9692
6121	9692
6122	9695
6123	9696
6124	9697
6125	9698
6126	9699
6127	9699
6128	9700
6129	9703
6130	9704
6131	9705
6132	9706
6133	9709
6134	9712
6135	9713
6136	9714
6137	9715
6138	9718
6139	9719
6140	9720
6141	9721
6142	9722
6143	9723
6144	9723
6145	9724
6146	9726
6147	9726
6148	9726
6149	9727
6150	9727
6151	9728
6152	9729
6153	9730
6154	9733
6155	9736
6156	9737
6157	9738
6158	9739
6159	9740
6160	9741
6161	9742
6162	9743
6163	9744
6164	9747
6165	9748
6166	9749
6167	9750
6168	9751
6169	9752
6170	9753
6171	9756
6172	9757
6173	9760
6174	9761
6175	9762
6176	9765
6177	9768
6178	9769
6179	9772
6180	9773
6181	9775
6182	9776
6183	9777
6184	9778
6185	9778
6186	9779
6187	9780
6188	9781
6189	9784
6190	9787
6191	9788
6192	9789
6193	9790
6194	9791
6195	9792
6196	9792
6197	9793
6198	9794
6199	9795
6200	9796
6201	9797
6202	9800
6203	9803
6204	9804
6205	9805
6206	9805
6207	9806
6208	9807
6209	9808
6210	9809
6211	9812
6212	9813
6213	9815
6214	9816
6215	9817
6216	9818
6217	9819
6218	9820
6219	9821
6220	9821
6221	9823
6222	9826
6223	9827
6224	9828
6225	9829
6226	9830
6227	9831
6228	9832
6229	9835
6230	9836
6231	9837
6232	9838
6233	9839
6234	9840
6235	9841
6236	9843
6237	9844
6238	9846
6239	9847
6240	9848
6241	9850
6242	9850
6243	9851
6244	9854
6245	9855
6246	9856
6247	9859
6248	9862
6249	9863
6250	9864
6251	9866
6252	9867
6253	9870
6254	9870
6255	9871
6256	9872
6257	9873
6258	9874
6259	9876
6260	9879
6261	9880
6262	9881
6263	9882
6264	9883
6265	9884
6266	9884
6267	9885
6268	9885
6269	9886
6270	9887
6271	9888
6272	9891
6273	9894
6274	9895
6275	9895
6276	9896
6277	9897
6278	9898
6279	9898
6280	9899
6281	9900
6282	9903
6283	9904
6284	9905
6285	9906
6286	9907
6287	9908
6288	9911
6289	9911
6290	9912
6291	9913
6292	9914
6293	9915
6294	9917
6295	9918
6296	9919
6297	9922
6298	9923
6299	9924
6300	9925
6301	9925
6302	9925
6303	9925
6304	9926
6305	9929
6306	9930
6307	9933
6308	9934
6309	9935
6310	9936
6311	9937
6312	9938
6313	9941
6314	9942
6315	9943
6316	9944
6317	9945
6318	9946
6319	9946
6320	9947
6321	9947
6322	9948
6323	9949
6324	9950
6325	9951
6326	9954
6327	9955
6328	9958
6329	9959
6330	9960
6331	9963
6332	9966
6333	9967
6334	9968
6335	9969
6336	9972
6337	9973
6338	9974
6339	9977
6340	9978
6341	9979
6342	9980
6343	9981
6344	9981
6345	9981
6346	9984
6347	9985
6348	9986
6349	9987
6350	9988
6351	9989
6352	9990
6353	9992
6354	9993
6355	9994
6356	9995
6357	9996
6358	9998
6359	9999
6360	10000
6361	10001
6362	10001
6363	10002
6364	10003
6365	10004
6366	10007
6367	10008
6368	10009
6369	10011
6370	10012
6371	10013
6372	10015
6373	10016
6374	10019
6375	10020
6376	10021
6377	10021
6378	10022
6379	10023
6380	10023
6381	10024
6382	10027
6383	10027
6384	10027
6385	10027
6386	10028
6387	10029
6388	10030
6389	10033
6390	10034
6391	10035
6392	10035
6393	10038
6394	10039
6395	10040
6396	10042
6397	10043
6398	10046
6399	10047
6400	10050
6401	10051
6402	10054
6403	10055
6404	10056
6405	10059
6406	10060
6407	10063
6408	10064
6409	10065
6410	10066
6411	10067
6412	10067
6413	10068
6414	10069
6415	10070
6416	10071
6417	10072
6418	10073
6419	10074
6420	10076
6421	10077
6422	10078
6423	10079
6424	10082
6425	10083
6426	10084
6427	10087
6428	10090
6429	10091
6430	10091
6431	10091
6432	10092
6433	10093
6434	10094
6435	10095
6436	10096
6437	10098
6438	10099
6439	10100
6440	10102
6441	10102
6442	10103
6443	10104
6444	10105
6445	10106
6446	10107
6447	10110
6448	10111
6449	10112
6450	10112
6451	10113
6452	10113
6453	10116
6454	10117
6455	10119
6456	10120
6457	10121
6458	10122
6459	10123
6460	10123
6461	10124
6462	10127
6463	10128
6464	10129
6465	10129
6466	10130
6467	10131
6468	10132
6469	10133
6470	10134
6471	10135
6472	10136
6473	10139
6474	10140
6475	10141
6476	10142
6477	10143
6478	10144
6479	10144
6480	10146
6481	10147
6482	10149
6483	10150
6484	10151
6485	10153
6486	10156
6487	10157
6488	10157
6489	10159
6490	10162
6491	10163
6492	10164
6493	10164
6494	10166
6495	10167
6496	10168
6497	10171
6498	10172
6499	10175
6500	10176
6501	10177
6502	10178
6503	10179
6504	10180
6505	10180
6506	10180
6507	10181
6508	10182
6509	10183
6510	10184
6511	10185
6512	10185
6513	10186
6514	10188
6515	10189
6516	10192
6517	10193
6518	10193
6519	10194
6520	10195
6521	10196
6522	10197
6523	10200
6524	10201
6525	10204
6526	10205
6527	10206
6528	10207
6529	10207
6530	10208
6531	10209
6532	10210
6533	10210
6534	10211
6535	10213
6536	10216
6537	10217
6538	10218
6539	10221
6540	10222
6541	10222
6542	10223
6543	10224
6544	10224
6545	10225
6546	10226
6547	10229
6548	10230
6549	10231
6550	10232
6551	10233
6552	10234
6553	10235
6554	10236
6555	10239
6556	10242
6557	10243
6558	10244
6559	10245
6560	10246
6561	10247
6562	10248
6563	10250
6564	10251
6565	10252
6566	10253
6567	10254
6568	10255
6569	10256
6570	10257
6571	10259
6572	10260
6573	10262
6574	10263
6575	10264
6576	10266
6577	10269
6578	10270
6579	10271
6580	10274
6581	10275
6582	10276
6583	10277
6584	10278
6585	10279
6586	10280
6587	10283
6588	10283
6589	10286
6590	10287
6591	10287
6592	10289
6593	10291
6594	10292
6595	10293
6596	10296
6597	10297
6598	10299
6599	10300
6600	10301
6601	10302
6602	10303
6603	10304
6604	10305
6605	10308
6606	10308
6607	10309
6608	10311
6609	10314
6610	10315
6611	10316
6612	10317
6613	10318
6614	10321
6615	10322
6616	10323
6617	10324
6618	10325
6619	10326
6620	10327
6621	10330
6622	10331
6623	10332
6624	10333
6625	10334
6626	10334
6627	10334
6628	10335
6629	10336
6630	10339
6631	10340
6632	10343
6633	10344
6634	10345
6635	10345
6636	10346
6637	10347
6638	10350
6639	10351
6640	10353
6641	10354
6642	10355
6643	10358
6644	10359
6645	10361
6646	10364
6647	10364
6648	10364
6649	10367
6650	10368
6651	10369
6652	10370
6653	10371
6654	10372
6655	10372
6656	10372
6657	10373
6658	10374
6659	10375
6660	10376
6661	10377
6662	10380
6663	10381
6664	10384
6665	10385
6666	10386
6667	10387
6668	10388
6669	10389
6670	10390
6671	10391
6672	10391
6673	10392
6674	10393
6675	10396
6676	10397
6677	10397
6678	10398
6679	10399
6680	10400
6681	10402
6682	10403
6683	10404
6684	10405
6685	10406
6686	10408
6687	10411
6688	10412
6689	10413
6690	10413
6691	10416
6692	10417
6693	10418
6694	10419
6695	10420
6696	10420
6697	10421
6698	10424
6699	10425
6700	10426
6701	10429
6702	10431
6703	10432
6704	10432
6705	10433
6706	10434
6707	10435
6708	10436
6709	10437
6710	10437
6711	10438
6712	10441
6713	10441
6714	10442
6715	10443
6716	10444
6717	10445
6718	10446
6719	10449
6720	10450
6721	10453
6722	10454
6723	10457
6724	10458
6725	10459
6726	10460
6727	10461
6728	10462
6729	10463
6730	10465
6731	10466
6732	10467
6733	10468
6734	10469
6735	10470
6736	10471
6737	10472
6738	10473
6739	10473
6740	10474
6741	10475
6742	10476
6743	10477
6744	10478
6745	10479
6746	10481
6747	10482
6748	10484
6749	10485
6750	10486
6751	10488
6752	10488
6753	10489
6754	10492
6755	10493
6756	10496
6757	10497
6758	10498
6759	10501
6760	10504
6761	10505
6762	10506
6763	10509
6764	10510
6765	10511
6766	10512
6767	10513
6768	10513
6769	10514
6770	10515
6771	10516
6772	10518
6773	10521
6774	10522
6775	10523
6776	10524
6777	10525
6778	10526
6779	10527
6780	10530
6781	10530
6782	10530
6783	10531
6784	10532
6785	10533
6786	10533
6787	10534
6788	10537
6789	10538
6790	10541
6791	10542
6792	10543
6793	10544
6794	10545
6795	10546
6796	10547
6797	10548
6798	10551
6799	10554
6800	10555
6801	10556
6802	10559
6803	10560
6804	10562
6805	10563
6806	10563
6807	10564
6808	10565
6809	10566
6810	10567
6811	10570
6812	10571
6813	10571
6814	10572
6815	10572
6816	10573
6817	10574
6818	10575
6819	10578
6820	10579
6821	10580
6822	10581
6823	10582
6824	10583
6825	10583
6826	10584
6827	10585
6828	10586
6829	10586
6830	10587
6831	10590
6832	10591
6833	10594
6834	10595
6835	10595
6836	10596
6837	10597
6838	10598
6839	10599
6840	10602
6841	10603
6842	10604
6843	10605
6844	10606
6845	10607
6846	10610
6847	10611
6848	10612
6849	10613
6850	10616
6851	10617
6852	10618
6853	10619
6854	10620
6855	10621
6856	10621
6857	10622
6858	10623
6859	10625
6860	10626
6861	10627
6862	10630
6863	10631
6864	10632
6865	10632
6866	10632
6867	10633
6868	10633
6869	10634
6870	10637
6871	10637
6872	10638
6873	10639
6874	10640
6875	10641
6876	10642
6877	10645
6878	10646
6879	10649
6880	10650
6881	10651
6882	10654
6883	10655
6884	10658
6885	10659
6886	10660
6887	10661
6888	10664
6889	10665
6890	10668
6891	10669
6892	10670
6893	10671
6894	10671
6895	10671
6896	10671
6897	10674
6898	10675
6899	10676
6900	10677
6901	10678
6902	10679
6903	10680
6904	10681
6905	10683
6906	10684
6907	10685
6908	10686
6909	10687
6910	10688
6911	10689
6912	10690
6913	10693
6914	10694
6915	10696
6916	10697
6917	10697
6918	10698
6919	10698
6920	10699
6921	10701
6922	10702
6923	10703
6924	10704
6925	10705
6926	10706
6927	10706
6928	10707
6929	10710
6930	10711
6931	10712
6932	10713
6933	10714
6934	10715
6935	10716
6936	10719
6937	10720
6938	10723
6939	10724
6940	10725
6941	10727
6942	10728
6943	10729
6944	10732
6945	10733
6946	10735
6947	10738
6948	10739
6949	10740
6950	10741
6951	10744
6952	10746
6953	10747
6954	10748
6955	10750
6956	10751
6957	10752
6958	10753
6959	10754
6960	10755
6961	10755
6962	10758
6963	10759
6964	10760
6965	10761
6966	10762
6967	10763
6968	10764
6969	10765
6970	10767
6971	10768
6972	10769
6973	10770
6974	10771
6975	10774
6976	10776
6977	10776
6978	10777
6979	10778
6980	10779
6981	10780
6982	10781
6983	10782
6984	10783
6985	10785
6986	10786
6987	10787
6988	10790
6989	10791
6990	10792
6991	10795
6992	10795
6993	10796
6994	10797
6995	10797
6996	10800
6997	10801
6998	10802
6999	10802
7000	10803
7001	10804
7002	10805
7003	10806
7004	10809
7005	10810
7006	10813
7007	10814
7008	10815
7009	10816
7010	10816
7011	10817
7012	10818
7013	10819
7014	10820
7015	10821
7016	10822
7017	10825
7018	10826
7019	10827
7020	10827
7021	10827
7022	10828
7023	10829
7024	10830
7025	10831
7026	10832
7027	10834
7028	10835
7029	10837
7030	10838
7031	10839
7032	10841
7033	10842
7034	10845
7035	10846
7036	10847
7037	10849
7038	10850
7039	10851
7040	10853
7041	10854
7042	10857
7043	10858
7044	10859
7045	10860
7046	10861
7047	10862
7048	10862
7049	10863
7050	10866
7051	10866
7052	10867
7053	10868
7054	10869
7055	10870
7056	10871
7057	10874
7058	10875
7059	10876
7060	10877
7061	10878
7062	10880
7063	10881
7064	10882
7065	10882
7066	10883
7067	10884
7068	10885
7069	10886
7070	10887
7071	10888
7072	10891
7073	10894
7074	10895
7075	10896
7076	10897
7077	10898
7078	10899
7079	10900
7080	10901
7081	10903
7082	10904
7083	10905
7084	10906
7085	10909
7086	10910
7087	10911
7088	10914
7089	10915
7090	10917
7091	10918
7092	10919
7093	10921
7094	10923
7095	10924
7096	10925
7097	10928
7098	10929
7099	10932
7100	10933
7101	10933
7102	10934
7103	10934
7104	10935
7105	10936
7106	10939
7107	10940
7108	10941
7109	10942
7110	10943
7111	10944
7112	10945
7113	10948
7114	10949
7115	10952
7116	10953
7117	10954
7118	10957
7119	10957
7120	10958
7121	10959
7122	10960
7123	10961
7124	10962
7125	10965
7126	10966
7127	10967
7128	10968
7129	10969
7130	10970
7131	10971
7132	10972
7133	10974
7134	10977
7135	10978
7136	10979
7137	10980
7138	10981
7139	10982
7140	10983
7141	10986
7142	10987
7143	10988
7144	10989
7145	10990
7146	10991
7147	10992
7148	10993
7149	10995
7150	10996
7151	10997
7152	10999
7153	11002
7154	11003
7155	11004
7156	11006
7157	11007
7158	11008
7159	11009
7160	11010
7161	11011
7162	11012
7163	11015
7164	11016
7165	11017
7166	11018
7167	11019
7168	11021
7169	11024
7170	11025
7171	11026
7172	11027
7173	11030
7174	11031
7175	11032
7176	11033
7177	11033
7178	11036
7179	11037
7180	11038
7181	11039
7182	11039
7183	11040
7184	11041
7185	11041
7186	11042
7187	11045
7188	11046
7189	11049
7190	11050
7191	11051
7192	11051
7193	11051
7194	11052
7195	11053
7196	11054
7197	11055
7198	11056
7199	11057
7200	11058
7201	11061
7202	11062
7203	11063
7204	11065
7205	11068
7206	11069
7207	11070
7208	11073
7209	11074
7210	11075
7211	11078
7212	11079
7213	11082
7214	11083
7215	11084
7216	11085
7217	11086
7218	11088
7219	11089
7220	11092
7221	11093
7222	11094
7223	11095
7224	11096
7225	11096
7226	11096
7227	11097
7228	11098
7229	11101
7230	11102
7231	11105
7232	11106
7233	11107
7234	11107
7235	11108
7236	11109
7237	11109
7238	11110
7239	11111
7240	11112
7241	11113
7242	11114
7243	11117
7244	11118
7245	11119
7246	11121
7247	11122
7248	11125
7249	11126
7250	11127
7251	11129
7252	11130
7253	11133
7254	11134
7255	11137
7256	11138
7257	11141
7258	11142
7259	11143
7260	11144
7261	11145
7262	11145
7263	11146
7264	11147
7265	11148
7266	11148
7267	11149
7268	11150
7269	11152
7270	11153
7271	11154
7272	11155
7273	11158
7274	11159
7275	11160
7276	11163
7277	11166
7278	11167
7279	11168
7280	11168
7281	11169
7282	11170
7283	11171
7284	11172
7285	11175
7286	11175
7287	11176
7288	11177
7289	11178
7290	11179
7291	11180
7292	11180
7293	11181
7294	11181
7295	11184
7296	11185
7297	11187
7298	11188
7299	11188
7300	11189
7301	11190
7302	11191
7303	11191
7304	11193
7305	11194
7306	11195
7307	11195
7308	11196
7309	11197
7310	11198
7311	11199
7312	11200
7313	11201
7314	11202
7315	11205
7316	11206
7317	11207
7318	11208
7319	11209
7320	11210
7321	11212
7322	11213
7323	11215
7324	11216
7325	11217
7326	11219
7327	11222
7328	11223
7329	11224
7330	11227
7331	11230
7332	11231
7333	11231
7334	11234
7335	11235
7336	11236
7337	11239
7338	11240
7339	11242
7340	11243
7341	11244
7342	11245
7343	11245
7344	11246
7345	11247
7346	11248
7347	11251
7348	11254
7349	11255
7350	11256
7351	11257
7352	11258
7353	11259
7354	11260
7355	11261
7356	11262
7357	11264
7358	11265
7359	11266
7360	11269
7361	11270
7362	11271
7363	11274
7364	11274
7365	11275
7366	11276
7367	11276
7368	11279
7369	11280
7370	11281
7371	11281
7372	11282
7373	11283
7374	11284
7375	11285
7376	11288
7377	11289
7378	11290
7379	11291
7380	11292
7381	11292
7382	11293
7383	11294
7384	11295
7385	11296
7386	11297
7387	11300
7388	11301
7389	11302
7390	11303
7391	11304
7392	11305
7393	11306
7394	11309
7395	11310
7396	11311
7397	11312
7398	11313
7399	11314
7400	11315
7401	11316
7402	11318
7403	11319
7404	11321
7405	11322
7406	11323
7407	11325
7408	11328
7409	11329
7410	11330
7411	11332
7412	11332
7413	11332
7414	11333
7415	11334
7416	11335
7417	11336
7418	11339
7419	11340
7420	11343
7421	11344
7422	11345
7423	11346
7424	11347
7425	11348
7426	11349
7427	11349
7428	11350
7429	11351
7430	11352
7431	11352
7432	11353
7433	11356
7434	11357
7435	11358
7436	11359
7437	11360
7438	11361
7439	11362
7440	11363
7441	11366
7442	11366
7443	11367
7444	11368
7445	11369
7446	11372
7447	11373
7448	11375
7449	11376
7450	11376
7451	11378
7452	11379
7453	11381
7454	11384
7455	11385
7456	11387
7457	11388
7458	11389
7459	11390
7460	11391
7461	11392
7462	11392
7463	11395
7464	11396
7465	11397
7466	11400
7467	11400
7468	11401
7469	11404
7470	11405
7471	11408
7472	11409
7473	11410
7474	11411
7475	11412
7476	11412
7477	11413
7478	11416
7479	11417
7480	11418
7481	11419
7482	11420
7483	11421
7484	11422
7485	11423
7486	11425
7487	11425
7488	11426
7489	11429
7490	11430
7491	11431
7492	11434
7493	11435
7494	11436
7495	11437
7496	11438
7497	11439
7498	11440
7499	11443
7500	11446
7501	11447
7502	11448
7503	11451
7504	11453
7505	11454
7506	11454
7507	11454
7508	11456
7509	11457
7510	11458
7511	11459
7512	11460
7513	11461
7514	11461
7515	11462
7516	11465
7517	11467
7518	11467
7519	11468
7520	11469
7521	11471
7522	11472
7523	11474
7524	11477
7525	11478
7526	11479
7527	11480
7528	11480
7529	11481
7530	11481
7531	11482
7532	11483
7533	11484
7534	11485
7535	11486
7536	11487
7537	11490
7538	11491
7539	11492
7540	11494
7541	11495
7542	11498
7543	11499
7544	11500
7545	11501
7546	11503
7547	11504
7548	11505
7549	11506
7550	11507
7551	11508
7552	11509
7553	11510
7554	11511
7555	11514
7556	11515
7557	11516
7558	11518
7559	11521
7560	11522
7561	11523
7562	11526
7563	11527
7564	11530
7565	11531
7566	11532
7567	11533
7568	11534
7569	11537
7570	11537
7571	11538
7572	11538
7573	11538
7574	11539
7575	11542
7576	11543
7577	11546
7578	11547
7579	11548
7580	11548
7581	11549
7582	11550
7583	11551
7584	11551
7585	11552
7586	11553
7587	11554
7588	11555
7589	11557
7590	11558
7591	11559
7592	11559
7593	11559
7594	11560
7595	11563
7596	11564
7597	11565
7598	11568
7599	11571
7600	11572
7601	11573
7602	11576
7603	11577
7604	11580
7605	11581
7606	11582
7607	11582
7608	11583
7609	11584
7610	11585
7611	11587
7612	11590
7613	11591
7614	11592
7615	11593
7616	11594
7617	11594
7618	11594
7619	11595
7620	11596
7621	11597
7622	11599
7623	11602
7624	11603
7625	11603
7626	11604
7627	11605
7628	11606
7629	11607
7630	11607
7631	11608
7632	11611
7633	11612
7634	11615
7635	11616
7636	11617
7637	11618
7638	11619
7639	11620
7640	11623
7641	11623
7642	11624
7643	11625
7644	11626
7645	11627
7646	11628
7647	11629
7648	11630
7649	11630
7650	11631
7651	11631
7652	11632
7653	11635
7654	11636
7655	11639
7656	11640
7657	11641
7658	11642
7659	11643
7660	11644
7661	11647
7662	11648
7663	11649
7664	11650
7665	11651
7666	11652
7667	11652
7668	11652
7669	11655
7670	11657
7671	11658
7672	11659
7673	11660
7674	11662
7675	11663
7676	11664
7677	11667
7678	11668
7679	11669
7680	11670
7681	11673
7682	11674
7683	11675
7684	11676
7685	11677
7686	11678
7687	11679
7688	11680
7689	11682
7690	11683
7691	11684
7692	11687
7693	11688
7694	11691
7695	11692
7696	11693
7697	11694
7698	11694
7699	11695
7700	11696
7701	11697
7702	11700
7703	11701
7704	11702
7705	11703
7706	11705
7707	11706
7708	11707
7709	11707
7710	11709
7711	11710
7712	11711
7713	11712
7714	11713
7715	11714
7716	11715
7717	11718
7718	11719
7719	11720
7720	11722
7721	11723
7722	11726
7723	11727
7724	11728
7725	11730
7726	11731
7727	11734
7728	11735
7729	11738
7730	11739
7731	11741
7732	11742
7733	11743
7734	11746
7735	11746
7736	11748
7737	11749
7738	11750
7739	11751
7740	11752
7741	11752
7742	11753
7743	11755
7744	11755
7745	11756
7746	11757
7747	11758
7748	11759
7749	11760
7750	11761
7751	11763
7752	11764
7753	11765
7754	11766
7755	11769
7756	11770
7757	11771
7758	11774
7759	11777
7760	11778
7761	11779
7762	11780
7763	11781
7764	11782
7765	11783
7766	11784
7767	11785
7768	11787
7769	11788
7770	11789
7771	11790
7772	11793
7773	11794
7774	11795
7775	11796
7776	11797
7777	11798
7778	11801
7779	11802
7780	11803
7781	11803
7782	11804
7783	11804
7784	11807
7785	11807
7786	11810
7787	11811
7788	11812
7789	11812
7790	11813
7791	11814
7792	11815
7793	11816
7794	11817
7795	11818
7796	11818
7797	11821
7798	11821
7799	11822
7800	11822
7801	11823
7802	11824
7803	11825
7804	11827
7805	11828
7806	11830
7807	11830
7808	11830
7809	11831
7810	11833
7811	11834
7812	11835
7813	11836
7814	11838
7815	11840
7816	11841
7817	11842
7818	11845
7819	11846
7820	11849
7821	11849
7822	11850
7823	11851
7824	11851
7825	11852
7826	11852
7827	11855
7828	11856
7829	11857
7830	11858
7831	11859
7832	11860
7833	11861
7834	11861
7835	11862
7836	11865
7837	11866
7838	11869
7839	11870
7840	11870
7841	11871
7842	11872
7843	11873
7844	11874
7845	11877
7846	11878
7847	11879
7848	11882
7849	11883
7850	11884
7851	11885
7852	11886
7853	11887
7854	11888
7855	11891
7856	11892
7857	11893
7858	11894
7859	11895
7860	11896
7861	11897
7862	11898
7863	11900
7864	11903
7865	11904
7866	11905
7867	11906
7868	11907
7869	11908
7870	11909
7871	11910
7872	11911
7873	11913
7874	11914
7875	11916
7876	11919
7877	11920
7878	11921
7879	11923
7880	11926
7881	11927
7882	11928
7883	11930
7884	11931
7885	11932
7886	11935
7887	11936
7888	11938
7889	11939
7890	11940
7891	11941
7892	11941
7893	11942
7894	11943
7895	11944
7896	11947
7897	11948
7898	11949
7899	11951
7900	11952
7901	11953
7902	11953
7903	11954
7904	11955
7905	11956
7906	11957
7907	11960
7908	11963
7909	11964
7910	11965
7911	11966
7912	11967
7913	11970
7914	11970
7915	11971
7916	11971
7917	11972
7918	11973
7919	11974
7920	11975
7921	11977
7922	11978
7923	11979
7924	11982
7925	11983
7926	11984
7927	11987
7928	11988
7929	11989
7930	11990
7931	11990
7932	11991
7933	11992
7934	11995
7935	11995
7936	11996
7937	11999
7938	12000
7939	12001
7940	12003
7941	12006
7942	12007
7943	12008
7944	12011
7945	12012
7946	12015
7947	12016
7948	12017
7949	12017
7950	12018
7951	12020
7952	12021
7953	12024
7954	12025
7955	12026
7956	12027
7957	12027
7958	12028
7959	12029
7960	12029
7961	12030
7962	12033
7963	12034
7964	12037
7965	12038
7966	12039
7967	12039
7968	12040
7969	12041
7970	12042
7971	12043
7972	12044
7973	12045
7974	12046
7975	12047
7976	12050
7977	12051
7978	12052
7979	12054
7980	12057
7981	12058
7982	12059
7983	12060
7984	12061
7985	12064
7986	12065
7987	12066
7988	12067
7989	12068
7990	12068
7991	12071
7992	12072
7993	12073
7994	12074
7995	12075
7996	12075
7997	12075
7998	12076
7999	12077
8000	12080
8001	12081
8002	12084
8003	12085
8004	12086
8005	12086
8006	12086
8007	12087
8008	12090
8009	12091
8010	12091
8011	12094
8012	12095
8013	12096
8014	12098
8015	12099
8016	12102
8017	12103
8018	12104
8019	12105
8020	12106
8021	12107
8022	12107
8023	12108
8024	12111
8025	12114
8026	12115
8027	12116
8028	12117
8029	12118
8030	12118
8031	12119
8032	12120
8033	12122
8034	12123
8035	12124
8036	12125
8037	12128
8038	12129
8039	12130
8040	12133
8041	12133
8042	12134
8043	12135
8044	12136
8045	12137
8046	12138
8047	12141
8048	12142
8049	12143
8050	12143
8051	12144
8052	12144
8053	12147
8054	12148
8055	12151
8056	12152
8057	12153
8058	12154
8059	12154
8060	12155
8061	12156
8062	12157
8063	12157
8064	12157
8065	12158
8066	12159
8067	12160
8068	12161
8069	12162
8070	12163
8071	12166
8072	12167
8073	12168
8074	12169
8075	12170
8076	12171
8077	12172
8078	12173
8079	12175
8080	12176
8081	12178
8082	12179
8083	12180
8084	12182
8085	12185
8086	12186
8087	12187
8088	12189
8089	12190
8090	12190
8091	12191
8092	12192
8093	12193
8094	12194
8095	12197
8096	12198
8097	12201
8098	12202
8099	12203
8100	12205
8101	12206
8102	12207
8103	12210
8104	12211
8105	12213
8106	12214
8107	12217
8108	12218
8109	12221
8110	12222
8111	12223
8112	12224
8113	12225
8114	12226
8115	12226
8116	12229
8117	12230
8118	12230
8119	12231
8120	12232
8121	12233
8122	12234
8123	12235
8124	12238
8125	12239
8126	12240
8127	12241
8128	12242
8129	12242
8130	12243
8131	12245
8132	12246
8133	12247
8134	12250
8135	12251
8136	12252
8137	12255
8138	12255
8139	12256
8140	12257
8141	12257
8142	12260
8143	12261
8144	12262
8145	12262
8146	12263
8147	12264
8148	12265
8149	12267
8150	12268
8151	12269
8152	12270
8153	12270
8154	12271
8155	12272
8156	12273
8157	12274
8158	12275
8159	12276
8160	12279
8161	12281
8162	12282
8163	12283
8164	12284
8165	12284
8166	12284
8167	12285
8168	12286
8169	12287
8170	12288
8171	12289
8172	12290
8173	12292
8174	12292
8175	12294
8176	12295
8177	12296
8178	12298
8179	12301
8180	12302
8181	12303
8182	12306
8183	12306
8184	12306
8185	12307
8186	12308
8187	12309
8188	12310
8189	12313
8190	12314
8191	12317
8192	12318
8193	12319
8194	12320
8195	12321
8196	12322
8197	12323
8198	12324
8199	12324
8200	12325
8201	12325
8202	12326
8203	12327
8204	12330
8205	12331
8206	12334
8207	12335
8208	12335
8209	12336
8210	12337
8211	12338
8212	12339
8213	12340
8214	12341
8215	12342
8216	12343
8217	12345
8218	12345
8219	12348
8220	12349
8221	12350
8222	12352
8223	12355
8224	12356
8225	12356
8226	12358
8227	12360
8228	12361
8229	12362
8230	12363
8231	12364
8232	12364
8233	12365
8234	12368
8235	12369
8236	12370
8237	12373
8238	12374
8239	12377
8240	12377
8241	12378
8242	12381
8243	12382
8244	12383
8245	12384
8246	12385
8247	12386
8248	12386
8249	12389
8250	12390
8251	12391
8252	12392
8253	12393
8254	12394
8255	12395
8256	12396
8257	12398
8258	12398
8259	12399
8260	12402
8261	12403
8262	12404
8263	12407
8264	12410
8265	12411
8266	12412
8267	12415
8268	12417
8269	12418
8270	12418
8271	12420
8272	12420
8273	12421
8274	12422
8275	12423
8276	12423
8277	12424
8278	12425
8279	12426
8280	12429
8281	12430
8282	12431
8283	12432
8284	12433
8285	12434
8286	12435
8287	12438
8288	12439
8289	12440
8290	12441
8291	12442
8292	12443
8293	12444
8294	12447
8295	12448
8296	12451
8297	12452
8298	12453
8299	12455
8300	12457
8301	12458
8302	12459
8303	12461
8304	12462
8305	12463
8306	12465
8307	12465
8308	12466
8309	12467
8310	12469
8311	12470
8312	12471
8313	12472
8314	12472
8315	12472
8316	12473
8317	12474
8318	12475
8319	12476
8320	12477
8321	12478
8322	12479
8323	12480
8324	12481
8325	12483
8326	12486
8327	12487
8328	12488
8329	12491
8330	12492
8331	12493
8332	12496
8333	12497
8334	12500
8335	12500
8336	12501
8337	12502
8338	12502
8339	12505
8340	12506
8341	12507
8342	12508
8343	12509
8344	12510
8345	12513
8346	12513
8347	12516
8348	12517
8349	12518
8350	12519
8351	12519
8352	12520
8353	12521
8354	12522
8355	12522
8356	12523
8357	12524
8358	12526
8359	12527
8360	12528
8361	12528
8362	12528
8363	12531
8364	12531
8365	12532
8366	12533
8367	12536
8368	12539
8369	12540
8370	12541
8371	12544
8372	12545
8373	12548
8374	12549
8375	12550
8376	12551
8377	12552
8378	12552
8379	12552
8380	12554
8381	12557
8382	12558
8383	12559
8384	12559
8385	12560
8386	12560
8387	12561
8388	12562
8389	12563
8390	12566
8391	12569
8392	12570
8393	12571
8394	12572
8395	12573
8396	12574
8397	12575
8398	12578
8399	12579
8400	12579
8401	12580
8402	12581
8403	12582
8404	12583
8405	12586
8406	12586
8407	12587
8408	12588
8409	12589
8410	12590
8411	12593
8412	12594
8413	12595
8414	12596
8415	12599
8416	12600
8417	12601
8418	12602
8419	12603
8420	12604
8421	12604
8422	12605
8423	12606
8424	12606
8425	12609
8426	12610
8427	12611
8428	12611
8429	12611
8430	12612
8431	12612
8432	12613
8433	12616
8434	12617
8435	12619
8436	12620
8437	12621
8438	12622
8439	12624
8440	12625
8441	12628
8442	12629
8443	12630
8444	12631
8445	12634
8446	12635
8447	12636
8448	12637
8449	12638
8450	12639
8451	12640
8452	12641
8453	12642
8454	12644
8455	12645
8456	12646
8457	12649
8458	12651
8459	12652
8460	12653
8461	12655
8462	12657
8463	12659
8464	12661
8465	12663
8466	12665
8467	12666
8468	12668
8469	12670
8470	12672
8471	12674
8472	12675
8473	12677
8474	12679
8475	12681
8476	12683
8477	12684
8478	12686
8479	12688
8480	12690
8481	12692
8482	12694
8483	12696
8484	12697
8485	12699
8486	12701
8487	12703
8488	12704
8489	12706
8490	12707
8491	12709
8492	12711
8493	12713
8494	12715
8495	12717
8496	12719
8497	12721
8498	12723
8499	12725
8500	12727
8501	12728
8502	12730
8503	12732
8504	12733
8505	12735
8506	12737
8507	12739
8508	12741
8509	12742
8510	12744
8511	12746
8512	12747
8513	12749
8514	12751
8515	12753
8516	12755
8517	12757
8518	12759
8519	12761
8520	12763
8521	12765
8522	12767
8523	12769
8524	12771
8525	12772
8526	12773
8527	12775
8528	12777
8529	12778
8530	12780
8531	12782
8532	12784
8533	12786
8534	12788
8535	12789
8536	12791
8537	12793
8538	12794
8539	12795
8540	12797
8541	12799
8542	12801
8543	12803
8544	12805
8545	12806
8546	12808
8547	12810
8548	12812
8549	12814
8550	12816
8551	12818
8552	12819
8553	12821
8554	12821
8555	12823
8556	12824
8557	12826
8558	12827
8559	12829
8560	12831
8561	12833
8562	12835
8563	12837
8564	12839
8565	12841
8566	12843
8567	12845
8568	12847
8569	12849
8570	12851
8571	12853
8572	12855
8573	12857
8574	12859
8575	12861
8576	12862
8577	12864
8578	12866
8579	12868
8580	12870
8581	12871
8582	12872
8583	12874
8584	12876
8585	12878
8586	12880
8587	12882
8588	12884
8589	12886
8590	12888
8591	12890
8592	12891
8593	12892
8594	12894
8595	12895
8596	12897
8597	12899
8598	12901
8599	12903
8600	12904
8601	12905
8602	12907
8603	12909
8604	12911
8605	12913
8606	12915
8607	12917
8608	12919
8609	12920
8610	12922
8611	12924
8612	12926
8613	12928
8614	12929
8615	12931
8616	12933
8617	12935
8618	12937
8619	12939
8620	12941
8621	12943
8622	12945
8623	12946
8624	12948
8625	12949
8626	12951
8627	12953
8628	12955
8629	12957
8630	12959
8631	12961
8632	12962
8633	12964
8634	12965
8635	12967
8636	12969
8637	12971
8638	12972
8639	12974
8640	12976
8641	12978
8642	12979
8643	12981
8644	12982
8645	12984
8646	12985
8647	12987
8648	12988
8649	12990
8650	12992
8651	12994
8652	12996
8653	12996
8654	12998
8655	12999
8656	13001
8657	13003
8658	13004
8659	13006
8660	13008
8661	13010
8662	13011
8663	13013
8664	13014
8665	13016
8666	13018
8667	13020
8668	13022
8669	13023
8670	13025
8671	13027
8672	13029
8673	13031
8674	13032
8675	13034
8676	13035
8677	13037
8678	13038
8679	13040
8680	13042
8681	13044
8682	13046
8683	13048
8684	13050
8685	13052
8686	13054
8687	13056
8688	13058
8689	13060
8690	13062
8691	13064
8692	13066
8693	13067
8694	13069
8695	13071
8696	13073
8697	13074
8698	13076
8699	13078
8700	13080
8701	13082
8702	13084
8703	13086
8704	13087
8705	13089
8706	13091
8707	13092
8708	13094
8709	13094
8710	13096
8711	13097
8712	13098
8713	13100
8714	13101
8715	13103
8716	13105
8717	13107
8718	13109
8719	13111
8720	13113
8721	13115
8722	13117
8723	13119
8724	13121
8725	13123
8726	13124
8727	13126
8728	13128
8729	13130
8730	13132
8731	13134
8732	13136
8733	13138
8734	13140
8735	13142
8736	13144
8737	13146
8738	13148
8739	13149
8740	13151
8741	13152
8742	13154
8743	13156
8744	13158
8745	13160
8746	13162
8747	13164
8748	13166
8749	13168
8750	13170
8751	13171
8752	13172
8753	13174
8754	13175
8755	13177
8756	13178
8757	13180
8758	13181
8759	13183
8760	13185
8761	13187
8762	13188
8763	13189
8764	13191
8765	13193
8766	13195
8767	13197
8768	13199
8769	13201
8770	13203
8771	13205
8772	13207
8773	13208
8774	13210
8775	13212
8776	13214
8777	13216
8778	13218
8779	13220
8780	13222
8781	13224
8782	13225
8783	13227
8784	13229
8785	13231
8786	13233
8787	13234
8788	13236
8789	13238
8790	13240
8791	13241
8792	13243
8793	13245
8794	13247
8795	13248
8796	13249
8797	13250
8798	13251
8799	13253
8800	13255
8801	13257
8802	13258
8803	13260
8804	13261
8805	13263
8806	13265
8807	13267
8808	13268
8809	13270
8810	13272
8811	13274
8812	13276
8813	13278
8814	13280
8815	13282
8816	13283
8817	13285
8818	13286
8819	13288
8820	13290
8821	13292
8822	13293
8823	13295
8824	13297
8825	13299
8826	13301
8827	13303
8828	13305
8829	13307
8830	13309
8831	13311
8832	13313
8833	13315
8834	13317
8835	13319
8836	13320
8837	13322
8838	13324
8839	13326
8840	13327
8841	13329
8842	13331
8843	13333
8844	13334
8845	13336
8846	13338
8847	13340
8848	13342
8849	13344
8850	13346
8851	13348
8852	13350
8853	13351
8854	13353
8855	13354
8856	13355
8857	13357
8858	13358
8859	13360
8860	13362
8861	13364
8862	13366
8863	13368
8864	13370
8865	13371
8866	13373
8867	13375
8868	13377
8869	13379
8870	13381
8871	13382
8872	13384
8873	13386
8874	13388
8875	13389
8876	13390
8877	13392
8878	13394
8879	13396
8880	13398
8881	13399
8882	13400
8883	13402
8884	13404
8885	13406
8886	13408
8887	13410
8888	13412
8889	13414
8890	13416
8891	13418
8892	13420
8893	13422
8894	13424
8895	13425
8896	13427
8897	13429
8898	13431
8899	13432
8900	13434
8901	13436
8902	13437
8903	13439
8904	13441
8905	13442
8906	13444
8907	13446
8908	13448
8909	13449
8910	13451
8911	13453
8912	13455
8913	13457
8914	13459
8915	13461
8916	13463
8917	13465
8918	13467
8919	13469
8920	13470
8921	13471
8922	13472
8923	13474
8924	13476
8925	13478
8926	13479
8927	13481
8928	13483
8929	13485
8930	13486
8931	13487
8932	13489
8933	13491
8934	13493
8935	13494
8936	13496
8937	13498
8938	13500
8939	13502
8940	13504
8941	13505
8942	13507
8943	13509
8944	13511
8945	13513
8946	13515
8947	13517
8948	13519
8949	13521
8950	13523
8951	13525
8952	13527
8953	13529
8954	13531
8955	13533
8956	13534
8957	13536
8958	13536
8959	13537
8960	13539
8961	13541
8962	13543
8963	13545
8964	13547
8965	13548
8966	13550
8967	13552
8968	13554
8969	13556
8970	13558
8971	13560
8972	13562
8973	13564
8974	13566
8975	13568
8976	13569
8977	13571
8978	13572
8979	13574
8980	13576
8981	13578
8982	13580
8983	13582
8984	13584
8985	13586
8986	13588
8987	13590
8988	13591
8989	13592
8990	13594
8991	13595
8992	13597
8993	13599
8994	13601
8995	13602
8996	13604
8997	13606
8998	13607
8999	13609
9000	13611
9001	13613
9002	13615
9003	13617
9004	13619
9005	13621
9006	13623
9007	13624
9008	13626
9009	13627
9010	13629
9011	13631
9012	13633
9013	13635
9014	13637
9015	13639
9016	13641
9017	13643
9018	13644
9019	13645
9020	13647
9021	13649
9022	13651
9023	13653
9024	13655
9025	13657
9026	13659
9027	13661
9028	13663
9029	13665
9030	13667
9031	13669
9032	13671
9033	13673
9034	13675
9035	13676
9036	13678
9037	13680
9038	13681
9039	13682
9040	13684
9041	13686
9042	13688
9043	13690
9044	13692
9045	13694
9046	13696
9047	13698
9048	13699
9049	13701
9050	13703
9051	13705
9052	13707
9053	13709
9054	13711
9055	13712
9056	13713
9057	13715
9058	13716
9059	13718
9060	13719
9061	13720
9062	13722
9063	13723
9064	13725
9065	13727
9066	13728
9067	13730
9068	13732
9069	13734
9070	13736
9071	13738
9072	13738
9073	13739
9074	13741
9075	13743
9076	13745
9077	13747
9078	13748
9079	13750
9080	13751
9081	13753
9082	13755
9083	13757
9084	13758
9085	13760
9086	13762
9087	13764
9088	13766
9089	13768
9090	13769
9091	13770
9092	13772
9093	13774
9094	13776
9095	13778
9096	13780
9097	13782
9098	13784
9099	13785
9100	13787
9101	13789
9102	13791
9103	13793
9104	13795
9105	13797
9106	13799
9107	13801
9108	13803
9109	13805
9110	13807
9111	13809
9112	13811
9113	13813
9114	13815
9115	13816
9116	13818
9117	13820
9118	13822
9119	13823
9120	13825
9121	13826
9122	13826
9123	13828
9124	13829
9125	13831
9126	13833
9127	13835
9128	13836
9129	13838
9130	13840
9131	13842
9132	13844
9133	13846
9134	13847
9135	13849
9136	13851
9137	13852
9138	13853
9139	13855
9140	13857
9141	13859
9142	13861
9143	13863
9144	13864
9145	13866
9146	13868
9147	13870
9148	13872
9149	13874
9150	13876
9151	13878
9152	13880
9153	13882
9154	13884
9155	13886
9156	13887
9157	13889
9158	13891
9159	13893
9160	13894
9161	13895
9162	13897
9163	13899
9164	13900
9165	13902
9166	13904
9167	13906
9168	13907
9169	13909
9170	13911
9171	13913
9172	13914
9173	13915
9174	13916
9175	13918
9176	13920
9177	13921
9178	13923
9179	13925
9180	13927
9181	13929
9182	13931
9183	13933
9184	13935
9185	13937
9186	13939
9187	13941
9188	13943
9189	13944
9190	13945
9191	13946
9192	13947
9193	13949
9194	13951
9195	13952
9196	13954
9197	13955
9198	13957
9199	13959
9200	13961
9201	13963
9202	13964
9203	13966
9204	13968
9205	13970
9206	13972
9207	13974
9208	13976
9209	13977
9210	13979
9211	13980
9212	13982
9213	13983
9214	13985
9215	13987
9216	13989
9217	13991
9218	13993
9219	13995
9220	13997
9221	13998
9222	14000
9223	14002
9224	14004
9225	14006
9226	14008
9227	14010
9228	14012
9229	14014
9230	14016
9231	14017
9232	14019
9233	14021
9234	14022
9235	14024
9236	14026
9237	14028
9238	14030
9239	14032
9240	14034
9241	14036
9242	14038
9243	14039
9244	14041
9245	14042
9246	14044
9247	14046
9248	14048
9249	14049
9250	14050
9251	14052
9252	14053
9253	14055
9254	14057
9255	14059
9256	14060
9257	14061
9258	14063
9259	14064
9260	14066
9261	14067
9262	14069
9263	14071
9264	14073
9265	14075
9266	14077
9267	14079
9268	14080
9269	14082
9270	14084
9271	14086
9272	14088
9273	14090
9274	14092
9275	14094
9276	14096
9277	14096
9278	14098
9279	14100
9280	14102
9281	14104
9282	14106
9283	14108
9284	14110
9285	14111
9286	14113
9287	14115
9288	14117
9289	14118
9290	14120
9291	14122
9292	14124
9293	14125
9294	14127
9295	14128
9296	14129
9297	14131
9298	14133
9299	14135
9300	14137
9301	14139
9302	14141
9303	14142
9304	14144
9305	14146
9306	14148
9307	14150
9308	14151
9309	14152
9310	14154
9311	14156
9312	14158
9313	14160
9314	14162
9315	14164
9316	14166
9317	14168
9318	14170
9319	14172
9320	14174
9321	14176
9322	14178
9323	14179
9324	14180
9325	14182
9326	14184
9327	14186
9328	14188
9329	14189
9330	14191
9331	14193
9332	14195
9333	14197
9334	14199
9335	14201
9336	14202
9337	14204
9338	14206
9339	14208
9340	14210
9341	14212
9342	14214
9343	14216
9344	14218
9345	14220
9346	14222
9347	14224
9348	14226
9349	14228
9350	14230
9351	14232
9352	14233
9353	14235
9354	14237
9355	14239
9356	14241
9357	14243
9358	14245
9359	14247
9360	14249
9361	14251
9362	14252
9363	14254
9364	14256
9365	14258
9366	14260
9367	14262
9368	14264
9369	14266
9370	14268
9371	14270
9372	14272
9373	14274
9374	14276
9375	14277
9376	14279
9377	14281
9378	14283
9379	14284
9380	14286
9381	14288
9382	14290
9383	14292
9384	14294
9385	14295
9386	14297
9387	14298
9388	14299
9389	14300
9390	14301
9391	14303
9392	14304
9393	14306
9394	14308
9395	14310
9396	14312
9397	14314
9398	14316
9399	14318
9400	14320
9401	14322
9402	14324
9403	14325
9404	14327
9405	14329
9406	14331
9407	14333
9408	14335
9409	14337
9410	14338
9411	14339
9412	14341
9413	14343
9414	14343
9415	14345
9416	14347
9417	14349
9418	14351
9419	14353
9420	14355
9421	14357
9422	14359
9423	14360
9424	14361
9425	14363
9426	14365
9427	14367
9428	14369
9429	14371
9430	14372
9431	14374
9432	14375
9433	14377
9434	14379
9435	14380
9436	14382
9437	14384
9438	14386
9439	14388
9440	14390
9441	14392
9442	14394
9443	14396
9444	14397
9445	14399
9446	14401
9447	14403
9448	14405
9449	14407
9450	14409
9451	14411
9452	14413
9453	14414
9454	14416
9455	14417
9456	14419
9457	14421
9458	14423
9459	14425
9460	14427
9461	14429
9462	14431
9463	14433
9464	14434
9465	14436
9466	14436
9467	14437
9468	14439
9469	14441
9470	14443
9471	14445
9472	14447
9473	14449
9474	14451
9475	14453
9476	14454
9477	14455
9478	14457
9479	14458
9480	14459
9481	14461
9482	14462
9483	14464
9484	14465
9485	14467
9486	14468
9487	14470
9488	14472
9489	14474
9490	14476
9491	14478
9492	14479
9493	14481
9494	14483
9495	14485
9496	14487
9497	14489
9498	14491
9499	14493
9500	14495
9501	14497
9502	14499
9503	14501
9504	14503
9505	14505
9506	14507
9507	14509
9508	14510
9509	14512
9510	14514
9511	14516
9512	14517
9513	14519
9514	14521
9515	14523
9516	14525
9517	14527
9518	14529
9519	14531
9520	14533
9521	14535
9522	14537
9523	14539
9524	14541
9525	14542
9526	14544
9527	14545
9528	14547
9529	14549
9530	14551
9531	14553
9532	14555
9533	14556
9534	14558
9535	14560
9536	14562
9537	14564
9538	14566
9539	14568
9540	14570
9541	14572
9542	14574
9543	14575
9544	14577
9545	14578
9546	14580
9547	14582
9548	14584
9549	14586
9550	14588
9551	14590
9552	14592
9553	14594
9554	14595
9555	14597
9556	14598
9557	14600
9558	14602
9559	14604
9560	14606
9561	14608
9562	14610
9563	14612
9564	14613
9565	14614
9566	14616
9567	14618
9568	14620
9569	14621
9570	14623
9571	14625
9572	14627
9573	14628
9574	14630
9575	14632
9576	14633
9577	14635
9578	14636
9579	14638
9580	14640
9581	14641
9582	14643
9583	14644
9584	14646
9585	14648
9586	14650
9587	14651
9588	14653
9589	14654
9590	14656
9591	14658
9592	14660
9593	14662
9594	14664
9595	14666
9596	14668
9597	14670
9598	14672
9599	14673
9600	14675
9601	14676
9602	14678
9603	14679
9604	14679
9605	14681
9606	14683
9607	14685
9608	14687
9609	14689
9610	14691
9611	14693
9612	14695
9613	14697
9614	14699
9615	14700
9616	14702
9617	14704
9618	14706
9619	14708
9620	14710
9621	14712
9622	14713
9623	14714
9624	14716
9625	14718
9626	14720
9627	14721
9628	14723
9629	14724
9630	14725
9631	14727
9632	14729
9633	14731
9634	14733
9635	14735
9636	14737
9637	14739
9638	14741
9639	14743
9640	14745
9641	14746
9642	14747
9643	14749
9644	14751
9645	14753
9646	14755
9647	14757
9648	14759
9649	14761
9650	14763
9651	14765
9652	14766
9653	14767
9654	14769
9655	14770
9656	14772
9657	14773
9658	14775
9659	14777
9660	14779
9661	14780
9662	14782
9663	14784
9664	14785
9665	14787
9666	14789
9667	14790
9668	14792
9669	14794
9670	14796
9671	14798
9672	14800
9673	14802
9674	14804
9675	14806
9676	14808
9677	14810
9678	14811
9679	14813
9680	14815
9681	14817
9682	14819
9683	14821
9684	14823
9685	14824
9686	14825
9687	14827
9688	14828
9689	14830
9690	14832
9691	14834
9692	14835
9693	14837
9694	14839
9695	14841
9696	14843
9697	14845
9698	14847
9699	14849
9700	14851
9701	14851
9702	14853
9703	14855
9704	14857
9705	14859
9706	14861
9707	14863
9708	14864
9709	14866
9710	14868
9711	14870
9712	14871
9713	14872
9714	14874
9715	14875
9716	14877
9717	14879
9718	14881
9719	14882
9720	14884
9721	14886
9722	14888
9723	14890
9724	14892
9725	14894
9726	14896
9727	14898
9728	14900
9729	14902
9730	14904
9731	14906
9732	14908
9733	14910
9734	14912
9735	14914
9736	14916
9737	14918
9738	14919
9739	14921
9740	14922
9741	14924
9742	14926
9743	14928
9744	14930
9745	14932
9746	14934
9747	14936
9748	14938
9749	14940
9750	14941
9751	14942
9752	14944
9753	14945
9754	14946
9755	14948
9756	14949
9757	14951
9758	14953
9759	14955
9760	14957
9761	14959
9762	14961
9763	14963
9764	14965
9765	14966
9766	14968
9767	14970
9768	14971
9769	14973
9770	14975
9771	14977
9772	14979
9773	14980
9774	14981
9775	14983
9776	14984
9777	14986
9778	14988
9779	14990
9780	14992
9781	14994
9782	14996
9783	14998
9784	15000
9785	15002
9786	15004
9787	15006
9788	15008
9789	15010
9790	15012
9791	15014
9792	15016
9793	15017
9794	15019
9795	15020
9796	15022
9797	15024
9798	15026
9799	15028
9800	15030
9801	15032
9802	15034
9803	15035
9804	15037
9805	15039
9806	15041
9807	15043
9808	15045
9809	15046
9810	15048
9811	15050
9812	15052
9813	15054
9814	15056
9815	15058
9816	15060
9817	15062
9818	15064
9819	15065
9820	15067
9821	15069
9822	15071
9823	15073
9824	15075
9825	15077
9826	15079
9827	15081
9828	15083
9829	15085
9830	15086
9831	15088
9832	15089
9833	15091
9834	15093
9835	15095
9836	15096
9837	15097
9838	15099
9839	15101
9840	15102
9841	15104
9842	15105
9843	15107
9844	15109
9845	15111
9846	15113
9847	15115
9848	15116
9849	15118
9850	15119
9851	15121
9852	15123
9853	15125
9854	15126
9855	15126
9856	15128
9857	15130
9858	15132
9859	15133
9860	15135
9861	15137
9862	15138
9863	15140
9864	15142
9865	15144
9866	15146
9867	15148
9868	15150
9869	15152
9870	15153
9871	15154
9872	15155
9873	15157
9874	15159
9875	15160
9876	15162
9877	15163
9878	15165
9879	15167
9880	15169
9881	15169
9882	15171
9883	15173
9884	15175
9885	15177
9886	15179
9887	15180
9888	15182
9889	15184
9890	15186
9891	15188
9892	15190
9893	15192
9894	15194
9895	15196
9896	15198
9897	15199
9898	15201
9899	15202
9900	15203
9901	15205
9902	15207
9903	15209
9904	15211
9905	15212
9906	15213
9907	15215
9908	15217
9909	15219
9910	15221
9911	15223
9912	15225
9913	15227
9914	15228
9915	15230
9916	15232
9917	15234
9918	15236
9919	15238
9920	15239
9921	15241
9922	15243
9923	15244
9924	15246
9925	15248
9926	15249
9927	15251
9928	15253
9929	15255
9930	15257
9931	15259
9932	15260
9933	15262
9934	15264
9935	15266
9936	15268
9937	15270
9938	15271
9939	15273
9940	15275
9941	15277
9942	15278
9943	15280
9944	15282
9945	15284
9946	15286
9947	15288
9948	15290
9949	15292
9950	15294
9951	15296
9952	15298
9953	15300
9954	15302
9955	15304
9956	15306
9957	15308
9958	15310
9959	15312
9960	15314
9961	15316
9962	15318
9963	15320
9964	15321
9965	15323
9966	15325
9967	15327
9968	15329
9969	15331
9970	15333
9971	15334
9972	15336
9973	15337
9974	15337
9975	15339
9976	15341
9977	15343
9978	15345
9979	15347
9980	15349
9981	15351
9982	15351
9983	15353
9984	15355
9985	15357
9986	15359
9987	15360
9988	15362
9989	15364
9990	15366
9991	15367
9992	15369
9993	15371
9994	15373
9995	15374
9996	15375
9997	15377
9998	15379
9999	15380
10000	15381
10001	15382
10002	15384
10003	15386
10004	15388
10005	15390
10006	15392
10007	15394
10008	15396
10009	15398
10010	15399
10011	15400
10012	15402
10013	15403
10014	15404
10015	15406
10016	15407
10017	15409
10018	15411
10019	15413
10020	15414
10021	15415
10022	15417
10023	15419
10024	15421
10025	15423
10026	15425
10027	15427
10028	15429
10029	15431
10030	15433
10031	15435
10032	15437
10033	15439
10034	15441
10035	15443
10036	15444
10037	15445
10038	15447
10039	15449
10040	15451
10041	15453
10042	15454
10043	15455
10044	15457
10045	15459
10046	15461
10047	15462
10048	15464
10049	15466
10050	15468
10051	15470
10052	15472
10053	15474
10054	15475
10055	15477
10056	15478
10057	15480
10058	15482
10059	15483
10060	15485
10061	15487
10062	15489
10063	15491
10064	15493
10065	15495
10066	15497
10067	15499
10068	15501
10069	15503
10070	15504
10071	15505
10072	15507
10073	15509
10074	15510
10075	15512
10076	15514
10077	15516
10078	15518
10079	15520
10080	15522
10081	15524
10082	15526
10083	15528
10084	15530
10085	15532
10086	15534
10087	15536
10088	15537
10089	15539
10090	15541
10091	15543
10092	15545
10093	15546
10094	15547
10095	15549
10096	15551
10097	15553
10098	15555
10099	15557
10100	15558
10101	15560
10102	15562
10103	15564
10104	15566
10105	15568
10106	15570
10107	15572
10108	15573
10109	15575
10110	15577
10111	15579
10112	15581
10113	15583
10114	15585
10115	15587
10116	15589
10117	15591
10118	15592
10119	15594
10120	15595
10121	15596
10122	15597
10123	15599
10124	15601
10125	15602
10126	15604
10127	15606
10128	15608
10129	15610
10130	15612
10131	15614
10132	15615
10133	15617
10134	15618
10135	15620
10136	15622
10137	15623
10138	15625
10139	15627
10140	15629
10141	15631
10142	15632
10143	15634
10144	15636
10145	15638
10146	15640
10147	15642
10148	15644
10149	15646
10150	15648
10151	15650
10152	15652
10153	15653
10154	15655
10155	15657
10156	15659
10157	15661
10158	15663
10159	15665
10160	15666
10161	15666
10162	15667
10163	15669
10164	15670
10165	15672
10166	15674
10167	15676
10168	15678
10169	15679
10170	15681
10171	15682
10172	15683
10173	15685
10174	15687
10175	15689
10176	15690
10177	15691
10178	15693
10179	15694
10180	15696
10181	15698
10182	15700
10183	15701
10184	15703
10185	15705
10186	15707
10187	15709
10188	15711
10189	15713
10190	15715
10191	15716
10192	15718
10193	15720
10194	15721
10195	15722
10196	15724
10197	15726
10198	15728
10199	15730
10200	15732
10201	15734
10202	15736
10203	15738
10204	15740
10205	15742
10206	15744
10207	15746
10208	15748
10209	15749
10210	15751
10211	15753
10212	15755
10213	15756
10214	15758
10215	15760
10216	15762
10217	15764
10218	15766
10219	15768
10220	15770
10221	15772
10222	15773
10223	15774
10224	15775
10225	15777
10226	15777
10227	15779
10228	15781
10229	15783
10230	15785
10231	15787
10232	15789
10233	15790
10234	15792
10235	15794
10236	15796
10237	15797
10238	15799
10239	15801
10240	15803
10241	15805
10242	15807
10243	15809
10244	15811
10245	15813
10246	15814
10247	15816
10248	15817
10249	15818
10250	15820
10251	15822
10252	15824
10253	15825
10254	15827
10255	15829
10256	15831
10257	15833
10258	15835
10259	15837
10260	15839
10261	15840
10262	15842
10263	15844
10264	15846
10265	15848
10266	15849
10267	15851
10268	15853
10269	15855
10270	15857
10271	15859
10272	15861
10273	15863
10274	15865
10275	15866
10276	15866
10277	15867
10278	15869
10279	15871
10280	15873
10281	15875
10282	15877
10283	15879
10284	15881
10285	15883
10286	15885
10287	15887
10288	15889
10289	15891
10290	15893
10291	15894
10292	15896
10293	15898
10294	15900
10295	15902
10296	15904
10297	15905
10298	15907
10299	15908
10300	15909
10301	15910
10302	15912
10303	15914
10304	15916
10305	15918
10306	15920
10307	15922
10308	15924
10309	15926
10310	15928
10311	15930
10312	15932
10313	15933
10314	15935
10315	15937
10316	15939
10317	15940
10318	15941
10319	15943
10320	15944
10321	15946
10322	15947
10323	15948
10324	15950
10325	15950
10326	15952
10327	15954
10328	15955
10329	15956
10330	15958
10331	15960
10332	15962
10333	15964
10334	15965
10335	15967
10336	15968
10337	15970
10338	15972
10339	15974
10340	15976
10341	15978
10342	15980
10343	15982
10344	15984
10345	15986
10346	15987
10347	15988
10348	15990
10349	15992
10350	15994
10351	15996
10352	15998
10353	16000
10354	16001
10355	16003
10356	16005
10357	16006
10358	16008
10359	16010
10360	16012
10361	16013
10362	16014
10363	16016
10364	16018
10365	16019
10366	16021
10367	16023
10368	16025
10369	16027
10370	16029
10371	16031
10372	16033
10373	16033
10374	16035
10375	16036
10376	16037
10377	16039
10378	16041
10379	16043
10380	16045
10381	16047
10382	16049
10383	16051
10384	16053
10385	16055
10386	16057
10387	16059
10388	16060
10389	16061
10390	16063
10391	16065
10392	16067
10393	16069
10394	16071
10395	16073
10396	16075
10397	16077
10398	16078
10399	16079
10400	16079
10401	16080
10402	16082
10403	16084
10404	16086
10405	16088
10406	16089
10407	16091
10408	16092
10409	16094
10410	16096
10411	16097
10412	16099
10413	16101
10414	16102
10415	16104
10416	16106
10417	16108
10418	16110
10419	16112
10420	16114
10421	16116
10422	16118
10423	16120
10424	16122
10425	16124
10426	16126
10427	16128
10428	16129
10429	16131
10430	16133
10431	16135
10432	16136
10433	16138
10434	16140
10435	16142
10436	16144
10437	16146
10438	16147
10439	16149
10440	16151
10441	16153
10442	16155
10443	16157
10444	16159
10445	16161
10446	16162
10447	16163
10448	16165
10449	16166
10450	16168
10451	16170
10452	16172
10453	16174
10454	16175
10455	16177
10456	16179
10457	16181
10458	16183
10459	16185
10460	16187
10461	16189
10462	16191
10463	16192
10464	16193
10465	16195
10466	16197
10467	16199
10468	16201
10469	16203
10470	16204
10471	16206
10472	16207
10473	16209
10474	16211
10475	16213
10476	16214
10477	16215
10478	16217
10479	16218
10480	16220
10481	16222
10482	16224
10483	16225
10484	16227
10485	16229
10486	16231
10487	16233
10488	16234
10489	16236
10490	16237
10491	16239
10492	16240
10493	16240
10494	16242
10495	16244
10496	16246
10497	16248
10498	16250
10499	16252
10500	16254
10501	16255
10502	16257
10503	16259
10504	16260
10505	16261
10506	16263
10507	16265
10508	16267
10509	16269
10510	16270
10511	16271
10512	16273
10513	16275
10514	16277
10515	16279
10516	16281
10517	16283
10518	16285
10519	16287
10520	16289
10521	16291
10522	16293
10523	16294
10524	16296
10525	16298
10526	16300
10527	16302
10528	16304
10529	16306
10530	16308
10531	16310
10532	16311
10533	16313
10534	16315
10535	16317
10536	16319
10537	16321
10538	16323
10539	16324
10540	16325
10541	16327
10542	16329
10543	16331
10544	16332
10545	16333
10546	16334
10547	16335
10548	16337
10549	16339
10550	16340
10551	16342
10552	16344
10553	16346
10554	16348
10555	16349
10556	16351
10557	16353
10558	16355
10559	16356
10560	16357
10561	16359
10562	16361
10563	16363
10564	16364
10565	16366
10566	16368
10567	16369
10568	16371
10569	16373
10570	16375
10571	16377
10572	16379
10573	16380
10574	16382
10575	16384
10576	16385
10577	16387
10578	16389
10579	16391
10580	16391
10581	16393
10582	16394
10583	16396
10584	16398
10585	16399
10586	16401
10587	16403
10588	16405
10589	16407
10590	16409
10591	16411
10592	16413
10593	16415
10594	16417
10595	16419
10596	16421
10597	16422
10598	16424
10599	16426
10600	16427
10601	16429
10602	16431
10603	16433
10604	16434
10605	16435
10606	16437
10607	16439
10608	16441
10609	16443
10610	16444
10611	16446
10612	16448
10613	16450
10614	16452
10615	16454
10616	16456
10617	16457
10618	16459
10619	16460
10620	16461
10621	16463
10622	16464
10623	16466
10624	16468
10625	16470
10626	16472
10627	16474
10628	16475
10629	16477
10630	16479
10631	16480
10632	16482
10633	16484
10634	16485
10635	16487
10636	16489
10637	16491
10638	16493
10639	16495
10640	16497
10641	16499
10642	16501
10643	16503
10644	16505
10645	16507
10646	16509
10647	16511
10648	16513
10649	16515
10650	16517
10651	16519
10652	16521
10653	16523
10654	16525
10655	16526
10656	16528
10657	16530
10658	16532
10659	16534
10660	16536
10661	16536
10662	16538
10663	16540
10664	16541
10665	16542
10666	16544
10667	16546
10668	16548
10669	16550
10670	16552
10671	16554
10672	16556
10673	16558
10674	16560
10675	16562
10676	16564
10677	16566
10678	16567
10679	16569
10680	16570
10681	16572
10682	16573
10683	16575
10684	16577
10685	16579
10686	16580
10687	16582
10688	16584
10689	16586
10690	16588
10691	16590
10692	16592
10693	16593
10694	16594
10695	16596
10696	16598
10697	16599
10698	16601
10699	16603
10700	16604
10701	16606
10702	16608
10703	16609
10704	16611
10705	16613
10706	16615
10707	16616
10708	16618
10709	16620
10710	16622
10711	16624
10712	16626
10713	16627
10714	16629
10715	16631
10716	16633
10717	16635
10718	16637
10719	16639
10720	16641
10721	16643
10722	16645
10723	16647
10724	16649
10725	16651
10726	16653
10727	16654
10728	16656
10729	16658
10730	16660
10731	16662
10732	16664
10733	16665
10734	16667
10735	16668
10736	16669
10737	16671
10738	16673
10739	16675
10740	16677
10741	16679
10742	16681
10743	16682
10744	16684
10745	16686
10746	16688
10747	16689
10748	16691
10749	16692
10750	16694
10751	16696
10752	16698
10753	16700
10754	16702
10755	16703
10756	16705
10757	16707
10758	16709
10759	16711
10760	16713
10761	16714
10762	16716
10763	16718
10764	16719
10765	16721
10766	16723
10767	16725
10768	16727
10769	16729
10770	16731
10771	16732
10772	16734
10773	16736
10774	16738
10775	16739
10776	16741
10777	16743
10778	16745
10779	16747
10780	16748
10781	16750
10782	16752
10783	16753
10784	16755
10785	16757
10786	16759
10787	16761
10788	16763
10789	16765
10790	16767
10791	16769
10792	16771
10793	16773
10794	16775
10795	16776
10796	16777
10797	16779
10798	16781
10799	16783
10800	16785
10801	16787
10802	16788
10803	16790
10804	16792
10805	16794
10806	16795
10807	16797
10808	16799
10809	16801
10810	16803
10811	16805
10812	16807
10813	16809
10814	16811
10815	16813
10816	16815
10817	16817
10818	16819
10819	16820
10820	16822
10821	16824
10822	16826
10823	16827
10824	16829
10825	16831
10826	16832
10827	16833
10828	16834
10829	16836
10830	16837
10831	16838
10832	16839
10833	16841
10834	16843
10835	16844
10836	16845
10837	16847
10838	16849
10839	16851
10840	16852
10841	16853
10842	16855
10843	16857
10844	16858
10845	16860
10846	16862
10847	16864
10848	16866
10849	16868
10850	16870
10851	16872
10852	16874
10853	16876
10854	16877
10855	16879
10856	16881
10857	16883
10858	16884
10859	16886
10860	16888
10861	16890
10862	16891
10863	16893
10864	16894
10865	16896
10866	16898
10867	16899
10868	16901
10869	16903
10870	16904
10871	16905
10872	16907
10873	16909
10874	16911
10875	16913
10876	16915
10877	16916
10878	16918
10879	16920
10880	16922
10881	16924
10882	16926
10883	16928
10884	16929
10885	16931
10886	16932
10887	16934
10888	16936
10889	16938
10890	16940
10891	16942
10892	16944
10893	16945
10894	16947
10895	16949
10896	16950
10897	16951
10898	16953
10899	16954
10900	16955
10901	16957
10902	16959
10903	16961
10904	16963
10905	16963
10906	16965
10907	16967
10908	16969
10909	16971
10910	16972
10911	16974
10912	16976
10913	16978
10914	16980
10915	16981
10916	16983
10917	16985
10918	16987
10919	16988
10920	16989
10921	16990
10922	16992
10923	16994
10924	16995
10925	16997
10926	16999
10927	17001
10928	17003
10929	17004
10930	17005
10931	17007
10932	17008
10933	17009
10934	17011
10935	17013
10936	17015
10937	17015
10938	17017
10939	17018
10940	17020
10941	17022
10942	17024
10943	17025
10944	17027
10945	17029
10946	17031
10947	17032
10948	17034
10949	17036
10950	17038
10951	17040
10952	17042
10953	17044
10954	17046
10955	17048
10956	17050
10957	17051
10958	17053
10959	17055
10960	17056
10961	17058
10962	17060
10963	17062
10964	17064
10965	17066
10966	17068
10967	17070
10968	17071
10969	17072
10970	17074
10971	17076
10972	17078
10973	17080
10974	17082
10975	17084
10976	17086
10977	17088
10978	17089
10979	17091
10980	17093
10981	17094
10982	17096
10983	17097
10984	17099
10985	17101
10986	17103
10987	17105
10988	17107
10989	17108
10990	17110
10991	17112
10992	17114
10993	17116
10994	17118
10995	17120
10996	17121
10997	17123
10998	17125
10999	17126
11000	17128
11001	17130
11002	17132
11003	17134
11004	17136
11005	17137
11006	17138
11007	17139
11008	17141
11009	17142
11010	17144
11011	17146
11012	17148
11013	17150
11014	17152
11015	17154
11016	17156
11017	17158
11018	17160
11019	17161
11020	17163
11021	17165
11022	17167
11023	17168
11024	17170
11025	17172
11026	17174
11027	17176
11028	17178
11029	17179
11030	17181
11031	17182
11032	17184
11033	17186
11034	17187
11035	17188
11036	17190
11037	17192
11038	17194
11039	17195
11040	17197
11041	17198
11042	17200
11043	17202
11044	17204
11045	17206
11046	17208
11047	17210
11048	17211
11049	17213
11050	17215
11051	17216
11052	17218
11053	17220
11054	17221
11055	17221
11056	17223
11057	17224
11058	17226
11059	17228
11060	17230
11061	17232
11062	17234
11063	17235
11064	17237
11065	17239
11066	17241
11067	17242
11068	17244
11069	17246
11070	17248
11071	17250
11072	17252
11073	17254
11074	17256
11075	17258
11076	17260
11077	17261
11078	17263
11079	17264
11080	17266
11081	17268
11082	17270
11083	17271
11084	17273
11085	17275
11086	17277
11087	17278
11088	17279
11089	17281
11090	17282
11091	17283
11092	17285
11093	17287
11094	17289
11095	17291
11096	17292
11097	17294
11098	17296
11099	17298
11100	17300
11101	17302
11102	17304
11103	17306
11104	17308
11105	17310
11106	17312
11107	17314
11108	17315
11109	17316
11110	17318
11111	17319
11112	17320
11113	17322
11114	17324
11115	17326
11116	17328
11117	17330
11118	17332
11119	17333
11120	17334
11121	17336
11122	17338
11123	17339
11124	17341
11125	17343
11126	17345
11127	17347
11128	17349
11129	17350
11130	17351
11131	17353
11132	17355
11133	17357
11134	17358
11135	17360
11136	17362
11137	17363
11138	17365
11139	17367
11140	17369
11141	17371
11142	17373
11143	17374
11144	17376
11145	17378
11146	17380
11147	17381
11148	17383
11149	17384
11150	17386
11151	17388
11152	17390
11153	17392
11154	17392
11155	17393
11156	17395
11157	17397
11158	17399
11159	17401
11160	17403
11161	17404
11162	17406
11163	17407
11164	17408
11165	17409
11166	17411
11167	17413
11168	17415
11169	17417
11170	17419
11171	17421
11172	17423
11173	17425
11174	17427
11175	17429
11176	17430
11177	17430
11178	17432
11179	17434
11180	17436
11181	17438
11182	17440
11183	17442
11184	17444
11185	17446
11186	17448
11187	17450
11188	17452
11189	17453
11190	17455
11191	17457
11192	17459
11193	17460
11194	17462
11195	17464
11196	17466
11197	17468
11198	17469
11199	17471
11200	17472
11201	17474
11202	17476
11203	17477
11204	17479
11205	17481
11206	17483
11207	17485
11208	17486
11209	17488
11210	17490
11211	17492
11212	17494
11213	17496
11214	17498
11215	17500
11216	17502
11217	17503
11218	17504
11219	17505
11220	17507
11221	17509
11222	17511
11223	17513
11224	17515
11225	17517
11226	17519
11227	17521
11228	17522
11229	17524
11230	17526
11231	17528
11232	17530
11233	17531
11234	17532
11235	17534
11236	17536
11237	17538
11238	17540
11239	17542
11240	17543
11241	17545
11242	17546
11243	17547
11244	17549
11245	17551
11246	17553
11247	17553
11248	17555
11249	17556
11250	17558
11251	17560
11252	17562
11253	17564
11254	17566
11255	17568
11256	17569
11257	17571
11258	17572
11259	17573
11260	17575
11261	17577
11262	17579
11263	17581
11264	17583
11265	17585
11266	17587
11267	17589
11268	17591
11269	17593
11270	17595
11271	17596
11272	17598
11273	17600
11274	17602
11275	17603
11276	17605
11277	17607
11278	17609
11279	17611
11280	17613
11281	17615
11282	17617
11283	17619
11284	17621
11285	17622
11286	17624
11287	17626
11288	17628
11289	17630
11290	17632
11291	17633
11292	17633
11293	17634
11294	17636
11295	17637
11296	17639
11297	17641
11298	17642
11299	17644
11300	17646
11301	17647
11302	17649
11303	17651
11304	17651
11305	17653
11306	17654
11307	17655
11308	17656
11309	17658
11310	17660
11311	17661
11312	17662
11313	17662
11314	17664
11315	17666
11316	17668
11317	17670
11318	17672
11319	17674
11320	17676
11321	17678
11322	17680
11323	17682
11324	17684
11325	17685
11326	17687
11327	17689
11328	17691
11329	17692
11330	17694
11331	17695
11332	17697
11333	17698
11334	17700
11335	17701
11336	17703
11337	17705
11338	17707
11339	17708
11340	17710
11341	17712
11342	17714
11343	17715
11344	17717
11345	17719
11346	17720
11347	17721
11348	17723
11349	17725
11350	17727
11351	17729
11352	17731
11353	17733
11354	17735
11355	17737
11356	17739
11357	17741
11358	17743
11359	17745
11360	17746
11361	17747
11362	17749
11363	17751
11364	17753
11365	17754
11366	17756
11367	17758
11368	17760
11369	17761
11370	17763
11371	17764
11372	17766
11373	17767
11374	17769
11375	17771
11376	17773
11377	17774
11378	17776
11379	17778
11380	17780
11381	17782
11382	17783
11383	17785
11384	17787
11385	17788
11386	17790
11387	17791
11388	17793
11389	17795
11390	17797
11391	17799
11392	17801
11393	17803
11394	17805
11395	17807
11396	17809
11397	17811
11398	17812
11399	17814
11400	17815
11401	17817
11402	17819
11403	17821
11404	17822
11405	17824
11406	17826
11407	17828
11408	17830
11409	17832
11410	17834
11411	17836
11412	17838
11413	17840
11414	17842
11415	17844
11416	17846
11417	17848
11418	17850
11419	17852
11420	17854
11421	17855
11422	17857
11423	17859
11424	17861
11425	17863
11426	17865
11427	17867
11428	17869
11429	17871
11430	17873
11431	17875
11432	17877
11433	17879
11434	17881
11435	17882
11436	17884
11437	17886
11438	17888
11439	17890
11440	17892
11441	17894
11442	17896
11443	17898
11444	17900
11445	17902
11446	17904
11447	17906
11448	17908
11449	17910
11450	17911
11451	17913
11452	17915
11453	17917
11454	17918
11455	17920
11456	17922
11457	17923
11458	17925
11459	17927
11460	17929
11461	17931
11462	17932
11463	17934
11464	17936
11465	17938
11466	17940
11467	17942
11468	17944
11469	17945
11470	17946
11471	17946
11472	17948
11473	17950
11474	17951
11475	17952
11476	17954
11477	17956
11478	17956
11479	17958
11480	17959
11481	17961
11482	17963
11483	17964
11484	17966
11485	17968
11486	17970
11487	17972
11488	17973
11489	17975
11490	17977
11491	17979
11492	17981
11493	17983
11494	17985
11495	17987
11496	17988
11497	17990
11498	17992
11499	17994
11500	17996
11501	17998
11502	17999
11503	18000
11504	18001
11505	18001
11506	18002
11507	18004
11508	18006
11509	18008
11510	18009
11511	18010
11512	18012
11513	18013
11514	18015
11515	18017
11516	18018
11517	18020
11518	18022
11519	18024
11520	18025
11521	18027
11522	18029
11523	18031
11524	18033
11525	18035
11526	18037
11527	18038
11528	18040
11529	18040
11530	18042
11531	18043
11532	18045
11533	18047
11534	18049
11535	18051
11536	18053
11537	18054
11538	18056
11539	18058
11540	18060
11541	18062
11542	18064
11543	18066
11544	18068
11545	18070
11546	18072
11547	18074
11548	18075
11549	18077
11550	18079
11551	18080
11552	18082
11553	18084
11554	18086
11555	18088
11556	18089
11557	18090
11558	18092
11559	18093
11560	18095
11561	18097
11562	18099
11563	18100
11564	18102
11565	18102
11566	18104
11567	18106
11568	18107
11569	18109
11570	18111
11571	18112
11572	18114
11573	18116
11574	18118
11575	18120
11576	18122
11577	18123
11578	18125
11579	18127
11580	18128
11581	18129
11582	18130
11583	18132
11584	18134
11585	18136
11586	18137
11587	18139
11588	18140
11589	18142
11590	18144
11591	18146
11592	18148
11593	18150
11594	18152
11595	18154
11596	18155
11597	18157
11598	18159
11599	18161
11600	18163
11601	18165
11602	18167
11603	18169
11604	18171
11605	18172
11606	18173
11607	18175
11608	18176
11609	18178
11610	18179
11611	18181
11612	18183
11613	18185
11614	18187
11615	18189
11616	18191
11617	18192
11618	18193
11619	18195
11620	18197
11621	18199
11622	18201
11623	18203
11624	18205
11625	18206
11626	18207
11627	18209
11628	18211
11629	18213
11630	18215
11631	18217
11632	18217
11633	18219
11634	18221
11635	18223
11636	18225
11637	18227
11638	18228
11639	18230
11640	18232
11641	18234
11642	18236
11643	18238
11644	18239
11645	18240
11646	18242
11647	18244
11648	18245
11649	18247
11650	18248
11651	18250
11652	18252
11653	18254
11654	18256
11655	18258
11656	18260
11657	18262
11658	18264
11659	18265
11660	18267
11661	18269
11662	18270
11663	18272
11664	18273
11665	18275
11666	18277
11667	18279
11668	18280
11669	18282
11670	18284
11671	18286
11672	18288
11673	18290
11674	18292
11675	18294
11676	18295
11677	18297
11678	18299
11679	18300
11680	18302
11681	18304
11682	18306
11683	18308
11684	18310
11685	18312
11686	18314
11687	18314
11688	18316
11689	18318
11690	18320
11691	18321
11692	18322
11693	18323
11694	18324
11695	18325
11696	18327
11697	18329
11698	18331
11699	18333
11700	18335
11701	18337
11702	18339
11703	18341
11704	18343
11705	18345
11706	18346
11707	18348
11708	18350
11709	18351
11710	18353
11711	18354
11712	18356
11713	18358
11714	18360
11715	18362
11716	18364
11717	18366
11718	18368
11719	18370
11720	18372
11721	18374
11722	18375
11723	18377
11724	18379
11725	18381
11726	18383
11727	18385
11728	18387
11729	18389
11730	18390
11731	18391
11732	18393
11733	18395
11734	18397
11735	18398
11736	18400
11737	18402
11738	18404
11739	18406
11740	18408
11741	18410
11742	18411
11743	18413
11744	18415
11745	18417
11746	18418
11747	18420
11748	18422
11749	18424
11750	18426
11751	18428
11752	18430
11753	18431
11754	18433
11755	18435
11756	18437
11757	18438
11758	18439
11759	18441
11760	18443
11761	18444
11762	18446
11763	18448
11764	18450
11765	18452
11766	18454
11767	18456
11768	18458
11769	18460
11770	18462
11771	18464
11772	18466
11773	18468
11774	18469
11775	18470
11776	18472
11777	18474
11778	18476
11779	18478
11780	18480
11781	18481
11782	18482
11783	18484
11784	18486
11785	18488
11786	18490
11787	18492
11788	18494
11789	18496
11790	18497
11791	18499
11792	18501
11793	18503
11794	18504
11795	18506
11796	18508
11797	18510
11798	18512
11799	18513
11800	18515
11801	18517
11802	18519
11803	18521
11804	18523
11805	18525
11806	18527
11807	18529
11808	18531
11809	18533
11810	18535
11811	18537
11812	18539
11813	18541
11814	18543
11815	18544
11816	18546
11817	18547
11818	18549
11819	18551
11820	18553
11821	18555
11822	18556
11823	18558
11824	18559
11825	18560
11826	18562
11827	18563
11828	18565
11829	18567
11830	18569
11831	18570
11832	18572
11833	18574
11834	18576
11835	18577
11836	18579
11837	18580
11838	18581
11839	18583
11840	18585
11841	18586
11842	18588
11843	18589
11844	18591
11845	18592
11846	18593
11847	18595
11848	18597
11849	18599
11850	18600
11851	18602
11852	18604
11853	18606
11854	18608
11855	18609
11856	18611
11857	18613
11858	18615
11859	18616
11860	18618
11861	18620
11862	18622
11863	18624
11864	18625
11865	18627
11866	18629
11867	18631
11868	18632
11869	18634
11870	18636
11871	18638
11872	18639
11873	18641
11874	18643
11875	18645
11876	18647
11877	18649
11878	18651
11879	18653
11880	18655
11881	18657
11882	18659
11883	18660
11884	18662
11885	18664
11886	18666
11887	18668
11888	18670
11889	18671
11890	18673
11891	18675
11892	18677
11893	18679
11894	18680
11895	18681
11896	18682
11897	18684
11898	18686
11899	18688
11900	18690
11901	18692
11902	18694
11903	18696
11904	18698
11905	18700
11906	18702
11907	18704
11908	18705
11909	18707
11910	18709
11911	18711
11912	18713
11913	18715
11914	18716
11915	18718
11916	18719
11917	18721
11918	18723
11919	18725
11920	18727
11921	18729
11922	18730
11923	18731
11924	18732
11925	18733
11926	18734
11927	18736
11928	18738
11929	18740
11930	18741
11931	18743
11932	18745
11933	18747
11934	18749
11935	18751
11936	18752
11937	18754
11938	18756
11939	18757
11940	18759
11941	18761
11942	18763
11943	18765
11944	18766
11945	18767
11946	18769
11947	18771
11948	18772
11949	18773
11950	18775
11951	18777
11952	18779
11953	18781
11954	18783
11955	18785
11956	18787
11957	18789
11958	18791
11959	18793
11960	18795
11961	18797
11962	18799
11963	18801
11964	18803
11965	18805
11966	18807
11967	18808
11968	18809
11969	18810
11970	18812
11971	18814
11972	18814
11973	18815
11974	18817
11975	18819
11976	18821
11977	18822
11978	18824
11979	18824
11980	18826
11981	18828
11982	18829
11983	18831
11984	18833
11985	18835
11986	18837
11987	18839
11988	18840
11989	18840
11990	18841
11991	18843
11992	18845
11993	18847
11994	18849
11995	18851
11996	18853
11997	18855
11998	18857
11999	18859
12000	18861
12001	18863
12002	18865
12003	18867
12004	18869
12005	18870
12006	18872
12007	18874
12008	18876
12009	18878
12010	18879
12011	18881
12012	18882
12013	18884
12014	18885
12015	18887
12016	18888
12017	18890
12018	18892
12019	18894
12020	18895
12021	18897
12022	18898
12023	18899
12024	18901
12025	18903
12026	18905
12027	18906
12028	18908
12029	18910
12030	18912
12031	18914
12032	18916
12033	18918
12034	18920
12035	18922
12036	18924
12037	18926
12038	18928
12039	18929
12040	18931
12041	18932
12042	18934
12043	18935
12044	18937
12045	18939
12046	18941
12047	18943
12048	18945
12049	18947
12050	18949
12051	18951
12052	18953
12053	18955
12054	18957
12055	18959
12056	18960
12057	18962
12058	18964
12059	18966
12060	18968
12061	18969
12062	18971
12063	18972
12064	18974
12065	18975
12066	18977
12067	18979
12068	18981
12069	18982
12070	18983
12071	18985
12072	18987
12073	18989
12074	18991
12075	18992
12076	18994
12077	18995
12078	18997
12079	18999
12080	19001
12081	19003
12082	19005
12083	19007
12084	19008
12085	19010
12086	19012
12087	19013
12088	19015
12089	19017
12090	19019
12091	19021
12092	19023
12093	19024
12094	19026
12095	19028
12096	19030
12097	19032
12098	19033
12099	19034
12100	19036
12101	19038
12102	19040
12103	19041
12104	19043
12105	19045
12106	19046
12107	19048
12108	19050
12109	19051
12110	19053
12111	19055
12112	19057
12113	19059
12114	19061
12115	19063
12116	19064
12117	19065
12118	19067
12119	19069
12120	19071
12121	19073
12122	19075
12123	19077
12124	19079
12125	19081
12126	19083
12127	19085
12128	19086
12129	19088
12130	19089
12131	19091
12132	19093
12133	19095
12134	19096
12135	19098
12136	19100
12137	19102
12138	19104
12139	19105
12140	19107
12141	19109
12142	19111
12143	19113
12144	19115
12145	19117
12146	19119
12147	19121
12148	19123
12149	19125
12150	19127
12151	19129
12152	19130
12153	19132
12154	19134
12155	19136
12156	19137
12157	19138
12158	19139
12159	19139
12160	19140
12161	19142
12162	19142
12163	19143
12164	19145
12165	19146
12166	19148
12167	19150
12168	19151
12169	19153
12170	19155
12171	19156
12172	19156
12173	19158
12174	19160
12175	19162
12176	19164
12177	19166
12178	19168
12179	19170
12180	19172
12181	19174
12182	19175
12183	19177
12184	19179
12185	19180
12186	19182
12187	19184
12188	19186
12189	19188
12190	19190
12191	19191
12192	19192
12193	19194
12194	19196
12195	19198
12196	19200
12197	19202
12198	19204
12199	19205
12200	19207
12201	19209
12202	19211
12203	19213
12204	19214
12205	19216
12206	19218
12207	19219
12208	19221
12209	19223
12210	19225
12211	19226
12212	19228
12213	19229
12214	19230
12215	19232
12216	19233
12217	19235
12218	19237
12219	19239
12220	19241
12221	19243
12222	19245
12223	19247
12224	19248
12225	19250
12226	19252
12227	19253
12228	19254
12229	19256
12230	19258
12231	19260
12232	19262
12233	19263
12234	19265
12235	19267
12236	19269
12237	19271
12238	19273
12239	19274
12240	19276
12241	19278
12242	19280
12243	19281
12244	19282
12245	19284
12246	19286
12247	19286
12248	19288
12249	19290
12250	19292
12251	19294
12252	19296
12253	19297
12254	19299
12255	19300
12256	19301
12257	19302
12258	19304
12259	19306
12260	19308
12261	19310
12262	19312
12263	19312
12264	19314
12265	19316
12266	19318
12267	19319
12268	19321
12269	19323
12270	19325
12271	19327
12272	19329
12273	19330
12274	19332
12275	19334
12276	19336
12277	19337
12278	19339
12279	19341
12280	19343
12281	19345
12282	19345
12283	19346
12284	19348
12285	19349
12286	19349
12287	19349
12288	19349
12289	19351
12290	19353
12291	19355
12292	19357
12293	19359
12294	19361
12295	19363
12296	19365
12297	19366
12298	19367
12299	19369
12300	19371
12301	19373
12302	19375
12303	19377
12304	19378
12305	19380
12306	19381
12307	19382
12308	19384
12309	19385
12310	19387
12311	19389
12312	19391
12313	19393
12314	19394
12315	19396
12316	19398
12317	19399
12318	19401
12319	19403
12320	19405
12321	19405
12322	19406
12323	19408
12324	19410
12325	19412
12326	19414
12327	19416
12328	19418
12329	19420
12330	19422
12331	19424
12332	19426
12333	19428
12334	19429
12335	19431
12336	19433
12337	19434
12338	19436
12339	19438
12340	19439
12341	19441
12342	19442
12343	19444
12344	19446
12345	19448
12346	19450
12347	19451
12348	19453
12349	19454
12350	19456
12351	19458
12352	19459
12353	19461
12354	19463
12355	19464
12356	19466
12357	19468
12358	19470
12359	19472
12360	19473
12361	19475
12362	19477
12363	19479
12364	19481
12365	19483
12366	19485
12367	19487
12368	19489
12369	19490
12370	19492
12371	19494
12372	19495
12373	19497
12374	19499
12375	19500
12376	19502
12377	19504
12378	19505
12379	19507
12380	19509
12381	19511
12382	19513
12383	19515
12384	19517
12385	19519
12386	19521
12387	19523
12388	19525
12389	19527
12390	19529
12391	19531
12392	19532
12393	19534
12394	19536
12395	19538
12396	19540
12397	19542
12398	19544
12399	19546
12400	19548
12401	19550
12402	19552
12403	19554
12404	19556
12405	19558
12406	19560
12407	19562
12408	19563
12409	19565
12410	19567
12411	19569
12412	19571
12413	19573
12414	19575
12415	19576
12416	19578
12417	19580
12418	19581
12419	19583
12420	19585
12421	19586
12422	19588
12423	19590
12424	19591
12425	19593
12426	19595
12427	19597
12428	19599
12429	19601
12430	19603
12431	19605
12432	19607
12433	19609
12434	19611
12435	19613
12436	19615
12437	19617
12438	19619
12439	19621
12440	19623
12441	19624
12442	19626
12443	19628
12444	19629
12445	19630
12446	19632
12447	19634
12448	19636
12449	19638
12450	19640
12451	19642
12452	19644
12453	19646
12454	19648
12455	19650
12456	19652
12457	19653
12458	19654
12459	19655
12460	19656
12461	19657
12462	19658
12463	19660
12464	19661
12465	19663
12466	19665
12467	19667
12468	19668
12469	19670
12470	19670
12471	19671
12472	19672
12473	19674
12474	19675
12475	19676
12476	19676
12477	19678
12478	19680
12479	19681
12480	19683
12481	19684
12482	19686
12483	19688
12484	19690
12485	19691
12486	19693
12487	19695
12488	19697
12489	19699
12490	19700
12491	19702
12492	19704
12493	19705
12494	19707
12495	19707
12496	19709
12497	19710
12498	19712
12499	19714
12500	19716
12501	19717
12502	19719
12503	19721
12504	19723
12505	19725
12506	19727
12507	19729
12508	19731
12509	19733
12510	19735
12511	19737
12512	19739
12513	19741
12514	19742
12515	19744
12516	19746
12517	19748
12518	19749
12519	19751
12520	19753
12521	19755
12522	19756
12523	19758
12524	19760
12525	19761
12526	19763
12527	19764
12528	19766
12529	19767
12530	19769
12531	19770
12532	19772
12533	19773
12534	19775
12535	19776
12536	19778
12537	19780
12538	19782
12539	19784
12540	19785
12541	19787
12542	19789
12543	19791
12544	19792
12545	19793
12546	19793
12547	19795
12548	19797
12549	19798
12550	19800
12551	19801
12552	19803
12553	19805
12554	19807
12555	19808
12556	19810
12557	19812
12558	19814
12559	19816
12560	19817
12561	19818
12562	19820
12563	19822
12564	19824
12565	19825
12566	19827
12567	19829
12568	19830
12569	19831
12570	19832
12571	19834
12572	19835
12573	19837
12574	19838
12575	19840
12576	19842
12577	19844
12578	19846
12579	19848
12580	19848
12581	19849
12582	19851
12583	19853
12584	19855
12585	19857
12586	19859
12587	19861
12588	19862
12589	19864
12590	19866
12591	19868
12592	19870
12593	19871
12594	19873
12595	19875
12596	19877
12597	19878
12598	19880
12599	19882
12600	19883
12601	19885
12602	19886
12603	19887
12604	19889
12605	19891
12606	19893
12607	19895
12608	19897
12609	19899
12610	19901
12611	19903
12612	19905
12613	19907
12614	19909
12615	19911
12616	19913
12617	19915
12618	19917
12619	19919
12620	19921
12621	19922
12622	19923
12623	19925
12624	19927
12625	19928
12626	19930
12627	19932
12628	19934
12629	19935
12630	19936
12631	19938
12632	19939
12633	19941
12634	19943
12635	19945
12636	19947
12637	19949
12638	19950
12639	19951
12640	19953
12641	19955
12642	19957
12643	19959
12644	19961
12645	19963
12646	19965
12647	19967
12648	19969
12649	19970
12650	19971
12651	19974
12652	19975
12653	19978
12654	19979
12655	19980
12656	19983
12657	19984
12658	19986
12659	19987
12660	19988
12661	19989
12662	19989
12663	19990
12664	19991
12665	19992
12666	19995
12667	19996
12668	19997
12669	19998
12670	20001
12671	20002
12672	20004
12673	20005
12674	20005
12675	20005
12676	20005
12677	20006
12678	20008
12679	20009
12680	20011
12681	20012
12682	20013
12683	20014
12684	20015
12685	20016
12686	20019
12687	20020
12688	20021
12689	20022
12690	20022
12691	20022
12692	20023
12693	20024
12694	20026
12695	20027
12696	20028
12697	20031
12698	20034
12699	20035
12700	20036
12701	20037
12702	20038
12703	20039
12704	20040
12705	20041
12706	20043
12707	20044
12708	20045
12709	20048
12710	20049
12711	20050
12712	20053
12713	20053
12714	20054
12715	20055
12716	20055
12717	20058
12718	20059
12719	20060
12720	20060
12721	20061
12722	20062
12723	20063
12724	20064
12725	20067
12726	20068
12727	20070
12728	20071
12729	20071
12730	20072
12731	20072
12732	20073
12733	20074
12734	20075
12735	20076
12736	20077
12737	20077
12738	20080
12739	20083
12740	20084
12741	20085
12742	20086
12743	20087
12744	20088
12745	20089
12746	20092
12747	20093
12748	20094
12749	20095
12750	20096
12751	20097
12752	20098
12753	20100
12754	20101
12755	20103
12756	20104
12757	20105
12758	20107
12759	20110
12760	20111
12761	20112
12762	20115
12763	20117
12764	20118
12765	20118
12766	20119
12767	20120
12768	20121
12769	20123
12770	20124
12771	20125
12772	20126
12773	20127
12774	20128
12775	20129
12776	20130
12777	20131
12778	20132
12779	20133
12780	20134
12781	20134
12782	20135
12783	20138
12784	20139
12785	20142
12786	20143
12787	20144
12788	20145
12789	20146
12790	20147
12791	20148
12792	20151
12793	20152
12794	20153
12795	20154
12796	20155
12797	20158
12798	20159
12799	20161
12800	20162
12801	20163
12802	20166
12803	20167
12804	20169
12805	20172
12806	20173
12807	20174
12808	20175
12809	20176
12810	20177
12811	20178
12812	20179
12813	20179
12814	20180
12815	20181
12816	20181
12817	20182
12818	20183
12819	20184
12820	20186
12821	20187
12822	20188
12823	20189
12824	20190
12825	20191
12826	20193
12827	20194
12828	20195
12829	20198
12830	20199
12831	20200
12832	20203
12833	20204
12834	20207
12835	20208
12836	20209
12837	20210
12838	20211
12839	20211
12840	20212
12841	20215
12842	20216
12843	20216
12844	20217
12845	20218
12846	20219
12847	20220
12848	20221
12849	20224
12850	20225
12851	20226
12852	20229
12853	20232
12854	20233
12855	20234
12856	20235
12857	20236
12858	20237
12859	20238
12860	20239
12861	20240
12862	20241
12863	20242
12864	20245
12865	20246
12866	20247
12867	20250
12868	20253
12869	20254
12870	20255
12871	20258
12872	20259
12873	20259
12874	20259
12875	20262
12876	20263
12877	20264
12878	20265
12879	20266
12880	20267
12881	20267
12882	20268
12883	20271
12884	20272
12885	20273
12886	20274
12887	20275
12888	20276
12889	20277
12890	20280
12891	20281
12892	20283
12893	20284
12894	20287
12895	20288
12896	20289
12897	20290
12898	20293
12899	20294
12900	20295
12901	20296
12902	20297
12903	20298
12904	20299
12905	20302
12906	20303
12907	20305
12908	20305
12909	20306
12910	20308
12911	20311
12912	20312
12913	20313
12914	20316
12915	20317
12916	20320
12917	20321
12918	20322
12919	20323
12920	20324
12921	20325
12922	20326
12923	20326
12924	20326
12925	20327
12926	20330
12927	20331
12928	20334
12929	20335
12930	20336
12931	20336
12932	20337
12933	20338
12934	20339
12935	20339
12936	20340
12937	20341
12938	20341
12939	20342
12940	20345
12941	20346
12942	20349
12943	20350
12944	20351
12945	20351
12946	20352
12947	20353
12948	20356
12949	20357
12950	20358
12951	20359
12952	20362
12953	20364
12954	20365
12955	20366
12956	20368
12957	20369
12958	20371
12959	20374
12960	20374
12961	20375
12962	20375
12963	20375
12964	20376
12965	20377
12966	20377
12967	20380
12968	20380
12969	20381
12970	20382
12971	20383
12972	20384
12973	20384
12974	20385
12975	20386
12976	20387
12977	20387
12978	20388
12979	20389
12980	20390
12981	20391
12982	20392
12983	20392
12984	20393
12985	20396
12986	20397
12987	20398
12988	20399
12989	20400
12990	20401
12991	20404
12992	20405
12993	20406
12994	20407
12995	20409
12996	20410
12997	20411
12998	20412
12999	20413
13000	20414
13001	20415
13002	20415
13003	20416
13004	20419
13005	20419
13006	20420
13007	20421
13008	20422
13009	20423
13010	20426
13011	20427
13012	20428
13013	20431
13014	20432
13015	20432
13016	20433
13017	20436
13018	20437
13019	20440
13020	20441
13021	20442
13022	20443
13023	20444
13024	20445
13025	20447
13026	20448
13027	20449
13028	20450
13029	20451
13030	20452
13031	20453
13032	20454
13033	20455
13034	20457
13035	20458
13036	20459
13037	20460
13038	20462
13039	20463
13040	20464
13041	20466
13042	20469
13043	20470
13044	20471
13045	20474
13046	20475
13047	20478
13048	20479
13049	20480
13050	20481
13051	20481
13052	20482
13053	20483
13054	20484
13055	20486
13056	20486
13057	20487
13058	20487
13059	20488
13060	20489
13061	20489
13062	20490
13063	20493
13064	20494
13065	20497
13066	20497
13067	20498
13068	20499
13069	20500
13070	20503
13071	20503
13072	20504
13073	20505
13074	20506
13075	20507
13076	20508
13077	20508
13078	20508
13079	20509
13080	20510
13081	20511
13082	20514
13083	20515
13084	20518
13085	20519
13086	20520
13087	20521
13088	20522
13089	20523
13090	20524
13091	20524
13092	20525
13093	20526
13094	20527
13095	20530
13096	20531
13097	20532
13098	20533
13099	20534
13100	20536
13101	20537
13102	20538
13103	20539
13104	20541
13105	20544
13106	20545
13107	20546
13108	20549
13109	20550
13110	20551
13111	20552
13112	20553
13113	20554
13114	20554
13115	20554
13116	20555
13117	20556
13118	20557
13119	20558
13120	20559
13121	20562
13122	20563
13123	20566
13124	20567
13125	20568
13126	20569
13127	20570
13128	20571
13129	20572
13130	20574
13131	20575
13132	20578
13133	20579
13134	20580
13135	20582
13136	20585
13137	20586
13138	20587
13139	20590
13140	20591
13141	20594
13142	20595
13143	20596
13144	20597
13145	20598
13146	20598
13147	20598
13148	20601
13149	20602
13150	20603
13151	20604
13152	20607
13153	20608
13154	20608
13155	20611
13156	20612
13157	20613
13158	20614
13159	20614
13160	20615
13161	20615
13162	20616
13163	20619
13164	20620
13165	20623
13166	20626
13167	20627
13168	20628
13169	20629
13170	20630
13171	20631
13172	20632
13173	20633
13174	20634
13175	20636
13176	20637
13177	20638
13178	20639
13179	20640
13180	20641
13181	20643
13182	20644
13183	20646
13184	20647
13185	20648
13186	20651
13187	20654
13188	20655
13189	20658
13190	20659
13191	20660
13192	20661
13193	20662
13194	20662
13195	20663
13196	20664
13197	20665
13198	20668
13199	20670
13200	20671
13201	20672
13202	20673
13203	20674
13204	20675
13205	20675
13206	20676
13207	20677
13208	20678
13209	20679
13210	20680
13211	20683
13212	20686
13213	20687
13214	20688
13215	20688
13216	20689
13217	20690
13218	20691
13219	20692
13220	20695
13221	20696
13222	20699
13223	20700
13224	20701
13225	20702
13226	20703
13227	20704
13228	20705
13229	20706
13230	20708
13231	20711
13232	20712
13233	20713
13234	20714
13235	20715
13236	20716
13237	20717
13238	20718
13239	20719
13240	20720
13241	20721
13242	20722
13243	20724
13244	20725
13245	20727
13246	20728
13247	20729
13248	20731
13249	20731
13250	20731
13251	20732
13252	20733
13253	20735
13254	20736
13255	20737
13256	20739
13257	20740
13258	20743
13259	20744
13260	20745
13261	20746
13262	20747
13263	20750
13264	20751
13265	20752
13266	20753
13267	20754
13268	20755
13269	20756
13270	20757
13271	20757
13272	20758
13273	20759
13274	20760
13275	20763
13276	20766
13277	20767
13278	20768
13279	20769
13280	20769
13281	20769
13282	20770
13283	20773
13284	20774
13285	20775
13286	20776
13287	20777
13288	20778
13289	20781
13290	20781
13291	20782
13292	20783
13293	20784
13294	20785
13295	20788
13296	20789
13297	20790
13298	20793
13299	20794
13300	20795
13301	20796
13302	20796
13303	20797
13304	20798
13305	20799
13306	20802
13307	20803
13308	20806
13309	20807
13310	20808
13311	20809
13312	20810
13313	20811
13314	20814
13315	20815
13316	20816
13317	20817
13318	20818
13319	20819
13320	20819
13321	20821
13322	20822
13323	20822
13324	20823
13325	20824
13326	20825
13327	20826
13328	20827
13329	20830
13330	20831
13331	20832
13332	20835
13333	20838
13334	20839
13335	20840
13336	20841
13337	20844
13338	20846
13339	20847
13340	20848
13341	20851
13342	20852
13343	20853
13344	20854
13345	20855
13346	20856
13347	20856
13348	20858
13349	20859
13350	20860
13351	20861
13352	20862
13353	20864
13354	20865
13355	20866
13356	20867
13357	20870
13358	20871
13359	20871
13360	20872
13361	20874
13362	20875
13363	20878
13364	20879
13365	20880
13366	20881
13367	20882
13368	20883
13369	20883
13370	20884
13371	20887
13372	20888
13373	20889
13374	20890
13375	20893
13376	20894
13377	20894
13378	20894
13379	20896
13380	20897
13381	20898
13382	20899
13383	20899
13384	20900
13385	20902
13386	20902
13387	20903
13388	20904
13389	20905
13390	20906
13391	20909
13392	20910
13393	20911
13394	20912
13395	20913
13396	20914
13397	20915
13398	20917
13399	20918
13400	20919
13401	20920
13402	20923
13403	20924
13404	20925
13405	20928
13406	20931
13407	20932
13408	20932
13409	20932
13410	20933
13411	20934
13412	20935
13413	20936
13414	20938
13415	20939
13416	20940
13417	20943
13418	20943
13419	20944
13420	20945
13421	20946
13422	20947
13423	20948
13424	20951
13425	20952
13426	20953
13427	20954
13428	20954
13429	20957
13430	20958
13431	20961
13432	20962
13433	20963
13434	20964
13435	20965
13436	20966
13437	20967
13438	20968
13439	20969
13440	20970
13441	20971
13442	20972
13443	20973
13444	20973
13445	20976
13446	20979
13447	20979
13448	20980
13449	20981
13450	20982
13451	20983
13452	20984
13453	20986
13454	20987
13455	20989
13456	20990
13457	20991
13458	20993
13459	20996
13460	20997
13461	20997
13462	21000
13463	21000
13464	21001
13465	21002
13466	21003
13467	21005
13468	21006
13469	21008
13470	21009
13471	21010
13472	21011
13473	21012
13474	21013
13475	21014
13476	21015
13477	21016
13478	21017
13479	21017
13480	21018
13481	21019
13482	21022
13483	21023
13484	21026
13485	21027
13486	21028
13487	21029
13488	21030
13489	21031
13490	21034
13491	21035
13492	21036
13493	21037
13494	21038
13495	21039
13496	21041
13497	21042
13498	21045
13499	21046
13500	21047
13501	21049
13502	21052
13503	21053
13504	21054
13505	21057
13506	21058
13507	21059
13508	21060
13509	21061
13510	21062
13511	21062
13512	21063
13513	21065
13514	21066
13515	21067
13516	21070
13517	21071
13518	21072
13519	21075
13520	21076
13521	21077
13522	21080
13523	21081
13524	21082
13525	21083
13526	21084
13527	21085
13528	21085
13529	21085
13530	21086
13531	21086
13532	21087
13533	21088
13534	21089
13535	21090
13536	21091
13537	21092
13538	21093
13539	21096
13540	21097
13541	21098
13542	21099
13543	21100
13544	21101
13545	21102
13546	21103
13547	21104
13548	21105
13549	21106
13550	21109
13551	21110
13552	21111
13553	21114
13554	21117
13555	21118
13556	21119
13557	21120
13558	21120
13559	21121
13560	21122
13561	21123
13562	21126
13563	21127
13564	21128
13565	21131
13566	21134
13567	21135
13568	21136
13569	21139
13570	21140
13571	21140
13572	21143
13573	21143
13574	21144
13575	21145
13576	21146
13577	21146
13578	21147
13579	21148
13580	21149
13581	21152
13582	21153
13583	21154
13584	21155
13585	21156
13586	21157
13587	21158
13588	21161
13589	21162
13590	21165
13591	21166
13592	21168
13593	21169
13594	21170
13595	21173
13596	21174
13597	21175
13598	21176
13599	21177
13600	21178
13601	21179
13602	21180
13603	21183
13604	21184
13605	21186
13606	21189
13607	21190
13608	21191
13609	21193
13610	21193
13611	21193
13612	21196
13613	21197
13614	21200
13615	21200
13616	21201
13617	21202
13618	21202
13619	21205
13620	21206
13621	21207
13622	21208
13623	21209
13624	21210
13625	21211
13626	21214
13627	21215
13628	21216
13629	21217
13630	21217
13631	21218
13632	21219
13633	21220
13634	21220
13635	21220
13636	21221
13637	21222
13638	21225
13639	21226
13640	21229
13641	21230
13642	21231
13643	21231
13644	21232
13645	21233
13646	21234
13647	21235
13648	21237
13649	21240
13650	21241
13651	21242
13652	21245
13653	21246
13654	21249
13655	21250
13656	21251
13657	21252
13658	21253
13659	21254
13660	21254
13661	21255
13662	21257
13663	21258
13664	21258
13665	21259
13666	21259
13667	21259
13668	21260
13669	21261
13670	21264
13671	21265
13672	21268
13673	21269
13674	21269
13675	21270
13676	21271
13677	21272
13678	21273
13679	21276
13680	21276
13681	21277
13682	21278
13683	21279
13684	21282
13685	21283
13686	21284
13687	21287
13688	21289
13689	21290
13690	21290
13691	21292
13692	21293
13693	21295
13694	21298
13695	21298
13696	21299
13697	21300
13698	21301
13699	21302
13700	21302
13701	21303
13702	21303
13703	21304
13704	21305
13705	21306
13706	21307
13707	21310
13708	21310
13709	21310
13710	21311
13711	21312
13712	21313
13713	21313
13714	21313
13715	21314
13716	21317
13717	21318
13718	21319
13719	21320
13720	21321
13721	21322
13722	21323
13723	21324
13724	21324
13725	21325
13726	21326
13727	21327
13728	21327
13729	21328
13730	21329
13731	21332
13732	21333
13733	21336
13734	21337
13735	21338
13736	21339
13737	21340
13738	21341
13739	21343
13740	21343
13741	21344
13742	21345
13743	21346
13744	21347
13745	21350
13746	21351
13747	21354
13748	21355
13749	21356
13750	21357
13751	21360
13752	21360
13753	21361
13754	21364
13755	21365
13756	21366
13757	21367
13758	21368
13759	21369
13760	21371
13761	21372
13762	21373
13763	21374
13764	21375
13765	21376
13766	21377
13767	21378
13768	21380
13769	21381
13770	21382
13771	21383
13772	21384
13773	21386
13774	21387
13775	21387
13776	21388
13777	21389
13778	21390
13779	21391
13780	21394
13781	21395
13782	21398
13783	21399
13784	21400
13785	21401
13786	21402
13787	21403
13788	21404
13789	21407
13790	21408
13791	21410
13792	21411
13793	21412
13794	21415
13795	21416
13796	21418
13797	21421
13798	21422
13799	21422
13800	21425
13801	21426
13802	21427
13803	21427
13804	21428
13805	21428
13806	21428
13807	21428
13808	21429
13809	21429
13810	21430
13811	21431
13812	21432
13813	21435
13814	21436
13815	21439
13816	21440
13817	21441
13818	21442
13819	21443
13820	21444
13821	21445
13822	21446
13823	21446
13824	21447
13825	21448
13826	21451
13827	21452
13828	21453
13829	21454
13830	21455
13831	21457
13832	21458
13833	21459
13834	21461
13835	21464
13836	21465
13837	21466
13838	21467
13839	21470
13840	21471
13841	21472
13842	21473
13843	21474
13844	21474
13845	21475
13846	21477
13847	21478
13848	21479
13849	21480
13850	21483
13851	21486
13852	21487
13853	21488
13854	21491
13855	21492
13856	21493
13857	21494
13858	21495
13859	21496
13860	21496
13861	21497
13862	21500
13863	21501
13864	21501
13865	21502
13866	21503
13867	21504
13868	21505
13869	21508
13870	21510
13871	21511
13872	21512
13873	21513
13874	21514
13875	21515
13876	21515
13877	21516
13878	21517
13879	21518
13880	21519
13881	21520
13882	21523
13883	21524
13884	21527
13885	21528
13886	21531
13887	21532
13888	21533
13889	21534
13890	21535
13891	21536
13892	21537
13893	21540
13894	21541
13895	21542
13896	21543
13897	21544
13898	21545
13899	21546
13900	21547
13901	21548
13902	21549
13903	21551
13904	21551
13905	21552
13906	21553
13907	21554
13908	21555
13909	21557
13910	21558
13911	21560
13912	21561
13913	21562
13914	21564
13915	21564
13916	21564
13917	21565
13918	21568
13919	21569
13920	21570
13921	21573
13922	21574
13923	21574
13924	21577
13925	21578
13926	21579
13927	21579
13928	21579
13929	21580
13930	21580
13931	21580
13932	21583
13933	21586
13934	21587
13935	21588
13936	21589
13937	21590
13938	21590
13939	21591
13940	21593
13941	21594
13942	21597
13943	21598
13944	21600
13945	21601
13946	21602
13947	21603
13948	21603
13949	21604
13950	21607
13951	21607
13952	21609
13953	21610
13954	21611
13955	21611
13956	21612
13957	21615
13958	21616
13959	21619
13960	21619
13961	21620
13962	21621
13963	21622
13964	21623
13965	21624
13966	21625
13967	21626
13968	21627
13969	21627
13970	21628
13971	21631
13972	21632
13973	21635
13974	21636
13975	21636
13976	21637
13977	21638
13978	21639
13979	21639
13980	21642
13981	21643
13982	21644
13983	21645
13984	21646
13985	21647
13986	21650
13987	21651
13988	21652
13989	21653
13990	21656
13991	21657
13992	21658
13993	21659
13994	21660
13995	21661
13996	21661
13997	21662
13998	21663
13999	21665
14000	21668
14001	21669
14002	21670
14003	21673
14004	21674
14005	21675
14006	21676
14007	21677
14008	21678
14009	21678
14010	21679
14011	21682
14012	21682
14013	21683
14014	21684
14015	21685
14016	21686
14017	21687
14018	21687
14019	21690
14020	21691
14021	21692
14022	21695
14023	21696
14024	21699
14025	21700
14026	21702
14027	21703
14028	21704
14029	21707
14030	21708
14031	21711
14032	21712
14033	21713
14034	21714
14035	21715
14036	21715
14037	21716
14038	21718
14039	21718
14040	21719
14041	21720
14042	21721
14043	21722
14044	21723
14045	21723
14046	21724
14047	21725
14048	21728
14049	21729
14050	21730
14051	21731
14052	21732
14053	21733
14054	21734
14055	21735
14056	21738
14057	21739
14058	21740
14059	21741
14060	21742
14061	21743
14062	21744
14063	21744
14064	21745
14065	21746
14066	21748
14067	21749
14068	21750
14069	21751
14070	21754
14071	21757
14072	21757
14073	21758
14074	21760
14075	21761
14076	21762
14077	21763
14078	21764
14079	21765
14080	21765
14081	21766
14082	21768
14083	21769
14084	21770
14085	21772
14086	21775
14087	21776
14088	21777
14089	21780
14090	21781
14091	21784
14092	21784
14093	21785
14094	21786
14095	21787
14096	21787
14097	21788
14098	21791
14099	21792
14100	21793
14101	21796
14102	21797
14103	21800
14104	21801
14105	21802
14106	21803
14107	21804
14108	21805
14109	21805
14110	21806
14111	21809
14112	21809
14113	21810
14114	21810
14115	21810
14116	21811
14117	21812
14118	21814
14119	21814
14120	21815
14121	21818
14122	21818
14123	21818
14124	21819
14125	21820
14126	21821
14127	21822
14128	21825
14129	21826
14130	21827
14131	21827
14132	21828
14133	21829
14134	21830
14135	21831
14136	21832
14137	21835
14138	21836
14139	21839
14140	21840
14141	21843
14142	21844
14143	21845
14144	21846
14145	21847
14146	21847
14147	21848
14148	21849
14149	21850
14150	21851
14151	21852
14152	21853
14153	21854
14154	21857
14155	21858
14156	21859
14157	21860
14158	21861
14159	21861
14160	21862
14161	21863
14162	21865
14163	21866
14164	21868
14165	21869
14166	21870
14167	21872
14168	21875
14169	21876
14170	21877
14171	21880
14172	21881
14173	21881
14174	21882
14175	21883
14176	21884
14177	21885
14178	21888
14179	21889
14180	21890
14181	21890
14182	21891
14183	21894
14184	21895
14185	21897
14186	21897
14187	21897
14188	21898
14189	21899
14190	21900
14191	21903
14192	21904
14193	21905
14194	21907
14195	21908
14196	21909
14197	21909
14198	21910
14199	21911
14200	21913
14201	21916
14202	21916
14203	21917
14204	21919
14205	21919
14206	21920
14207	21922
14208	21923
14209	21925
14210	21927
14211	21928
14212	21929
14213	21930
14214	21931
14215	21932
14216	21935
14217	21936
14218	21939
14219	21940
14220	21941
14221	21942
14222	21943
14223	21943
14224	21943
14225	21944
14226	21945
14227	21947
14228	21948
14229	21951
14230	21952
14231	21953
14232	21953
14233	21954
14234	21954
14235	21957
14236	21958
14237	21959
14238	21962
14239	21962
14240	21963
14241	21964
14242	21964
14243	21965
14244	21966
14245	21967
14246	21969
14247	21972
14248	21973
14249	21974
14250	21977
14251	21979
14252	21980
14253	21981
14254	21982
14255	21985
14256	21986
14257	21987
14258	21988
14259	21989
14260	21990
14261	21990
14262	21991
14263	21994
14264	21995
14265	21996
14266	21997
14267	21998
14268	21998
14269	21999
14270	22002
14271	22003
14272	22005
14273	22006
14274	22007
14275	22009
14276	22012
14277	22013
14278	22014
14279	22015
14280	22017
14281	22018
14282	22020
14283	22023
14284	22024
14285	22024
14286	22025
14287	22026
14288	22027
14289	22027
14290	22028
14291	22028
14292	22029
14293	22030
14294	22031
14295	22031
14296	22032
14297	22033
14298	22035
14299	22036
14300	22037
14301	22038
14302	22039
14303	22039
14304	22040
14305	22041
14306	22042
14307	22043
14308	22046
14309	22047
14310	22048
14311	22050
14312	22051
14313	22052
14314	22053
14315	22054
14316	22056
14317	22057
14318	22058
14319	22058
14320	22058
14321	22059
14322	22062
14323	22063
14324	22066
14325	22067
14326	22068
14327	22068
14328	22069
14329	22070
14330	22071
14331	22071
14332	22072
14333	22073
14334	22073
14335	22074
14336	22077
14337	22078
14338	22079
14339	22079
14340	22080
14341	22081
14342	22083
14343	22085
14344	22086
14345	22087
14346	22089
14347	22090
14348	22091
14349	22092
14350	22093
14351	22093
14352	22094
14353	22097
14354	22098
14355	22100
14356	22101
14357	22102
14358	22104
14359	22106
14360	22107
14361	22109
14362	22110
14363	22111
14364	22112
14365	22113
14366	22114
14367	22115
14368	22116
14369	22119
14370	22120
14371	22121
14372	22123
14373	22124
14374	22127
14375	22128
14376	22129
14377	22132
14378	22133
14379	22134
14380	22137
14381	22140
14382	22141
14383	22142
14384	22143
14385	22144
14386	22144
14387	22145
14388	22145
14389	22146
14390	22147
14391	22148
14392	22149
14393	22150
14394	22151
14395	22153
14396	22156
14397	22157
14398	22158
14399	22160
14400	22160
14401	22161
14402	22164
14403	22165
14404	22168
14405	22168
14406	22168
14407	22169
14408	22169
14409	22171
14410	22172
14411	22173
14412	22174
14413	22175
14414	22176
14415	22179
14416	22182
14417	22183
14418	22184
14419	22185
14420	22185
14421	22186
14422	22187
14423	22188
14424	22188
14425	22188
14426	22189
14427	22190
14428	22193
14429	22194
14430	22196
14431	22197
14432	22198
14433	22198
14434	22198
14435	22199
14436	22201
14437	22202
14438	22203
14439	22204
14440	22205
14441	22207
14442	22208
14443	22208
14444	22209
14445	22210
14446	22210
14447	22211
14448	22214
14449	22215
14450	22218
14451	22219
14452	22220
14453	22221
14454	22222
14455	22223
14456	22224
14457	22225
14458	22226
14459	22226
14460	22227
14461	22230
14462	22231
14463	22231
14464	22232
14465	22235
14466	22236
14467	22239
14468	22240
14469	22241
14470	22242
14471	22243
14472	22244
14473	22244
14474	22244
14475	22245
14476	22246
14477	22247
14478	22247
14479	22249
14480	22250
14481	22251
14482	22254
14483	22255
14484	22256
14485	22257
14486	22259
14487	22260
14488	22261
14489	22262
14490	22262
14491	22265
14492	22266
14493	22266
14494	22267
14495	22268
14496	22269
14497	22270
14498	22271
14499	22272
14500	22275
14501	22278
14502	22279
14503	22280
14504	22281
14505	22281
14506	22281
14507	22282
14508	22283
14509	22285
14510	22286
14511	22287
14512	22290
14513	22291
14514	22292
14515	22295
14516	22298
14517	22299
14518	22300
14519	22301
14520	22304
14521	22305
14522	22307
14523	22310
14524	22311
14525	22311
14526	22314
14527	22315
14528	22316
14529	22317
14530	22318
14531	22319
14532	22319
14533	22320
14534	22321
14535	22322
14536	22323
14537	22324
14538	22325
14539	22328
14540	22329
14541	22330
14542	22332
14543	22333
14544	22336
14545	22337
14546	22338
14547	22338
14548	22341
14549	22342
14550	22343
14551	22344
14552	22345
14553	22346
14554	22347
14555	22350
14556	22350
14557	22351
14558	22353
14559	22354
14560	22355
14561	22357
14562	22360
14563	22361
14564	22362
14565	22365
14566	22366
14567	22369
14568	22370
14569	22371
14570	22372
14571	22373
14572	22374
14573	22374
14574	22374
14575	22375
14576	22376
14577	22379
14578	22380
14579	22381
14580	22381
14581	22382
14582	22383
14583	22384
14584	22384
14585	22385
14586	22386
14587	22386
14588	22387
14589	22390
14590	22391
14591	22394
14592	22395
14593	22396
14594	22396
14595	22397
14596	22398
14597	22401
14598	22402
14599	22403
14600	22404
14601	22407
14602	22409
14603	22410
14604	22411
14605	22413
14606	22414
14607	22417
14608	22418
14609	22419
14610	22420
14611	22420
14612	22421
14613	22421
14614	22421
14615	22421
14616	22423
14617	22423
14618	22424
14619	22425
14620	22426
14621	22427
14622	22427
14623	22428
14624	22429
14625	22430
14626	22430
14627	22431
14628	22434
14629	22435
14630	22436
14631	22437
14632	22437
14633	22440
14634	22441
14635	22442
14636	22443
14637	22444
14638	22444
14639	22446
14640	22447
14641	22447
14642	22449
14643	22450
14644	22451
14645	22452
14646	22453
14647	22454
14648	22455
14649	22456
14650	22459
14651	22460
14652	22461
14653	22464
14654	22465
14655	22465
14656	22466
14657	22469
14658	22470
14659	22473
14660	22474
14661	22475
14662	22476
14663	22477
14664	22477
14665	22478
14666	22481
14667	22482
14668	22483
14669	22484
14670	22485
14671	22486
14672	22487
14673	22488
14674	22488
14675	22490
14676	22491
14677	22492
14678	22493
14679	22496
14680	22497
14681	22498
14682	22499
14683	22502
14684	22503
14685	22504
14686	22507
14687	22508
14688	22511
14689	22512
14690	22513
14691	22514
14692	22514
14693	22515
14694	22516
14695	22517
14696	22518
14697	22519
14698	22520
14699	22521
14700	22521
14701	22522
14702	22523
14703	22525
14704	22525
14705	22526
14706	22527
14707	22528
14708	22528
14709	22528
14710	22529
14711	22531
14712	22532
14713	22535
14714	22536
14715	22537
14716	22538
14717	22541
14718	22541
14719	22542
14720	22543
14721	22544
14722	22545
14723	22548
14724	22549
14725	22550
14726	22551
14727	22551
14728	22553
14729	22554
14730	22557
14731	22558
14732	22559
14733	22560
14734	22561
14735	22562
14736	22562
14737	22563
14738	22566
14739	22566
14740	22567
14741	22568
14742	22569
14743	22570
14744	22571
14745	22574
14746	22575
14747	22576
14748	22577
14749	22580
14750	22581
14751	22582
14752	22584
14753	22585
14754	22588
14755	22591
14756	22592
14757	22593
14758	22596
14759	22597
14760	22600
14761	22601
14762	22602
14763	22603
14764	22604
14765	22604
14766	22605
14767	22606
14768	22606
14769	22608
14770	22608
14771	22608
14772	22609
14773	22610
14774	22611
14775	22612
14776	22612
14777	22613
14778	22613
14779	22616
14780	22616
14781	22616
14782	22619
14783	22620
14784	22621
14785	22621
14786	22622
14787	22623
14788	22624
14789	22625
14790	22626
14791	22627
14792	22628
14793	22630
14794	22630
14795	22631
14796	22632
14797	22633
14798	22634
14799	22635
14800	22637
14801	22638
14802	22640
14803	22641
14804	22642
14805	22644
14806	22647
14807	22648
14808	22649
14809	22652
14810	22652
14811	22653
14812	22654
14813	22657
14814	22658
14815	22659
14816	22659
14817	22660
14818	22661
14819	22662
14820	22663
14821	22666
14822	22667
14823	22669
14824	22670
14825	22671
14826	22672
14827	22673
14828	22674
14829	22675
14830	22676
14831	22677
14832	22679
14833	22680
14834	22681
14835	22682
14836	22683
14837	22684
14838	22685
14839	22686
14840	22687
14841	22688
14842	22689
14843	22690
14844	22691
14845	22693
14846	22694
14847	22696
14848	22697
14849	22697
14850	22699
14851	22700
14852	22701
14853	22701
14854	22702
14855	22702
14856	22703
14857	22704
14858	22705
14859	22707
14860	22708
14861	22711
14862	22712
14863	22715
14864	22716
14865	22717
14866	22718
14867	22719
14868	22720
14869	22721
14870	22722
14871	22723
14872	22724
14873	22724
14874	22725
14875	22728
14876	22729
14877	22729
14878	22732
14879	22733
14880	22734
14881	22735
14882	22736
14883	22737
14884	22739
14885	22740
14886	22743
14887	22744
14888	22745
14889	22747
14890	22749
14891	22750
14892	22750
14893	22752
14894	22752
14895	22753
14896	22754
14897	22755
14898	22756
14899	22756
14900	22757
14901	22759
14902	22760
14903	22761
14904	22764
14905	22765
14906	22766
14907	22769
14908	22769
14909	22770
14910	22771
14911	22772
14912	22773
14913	22773
14914	22774
14915	22775
14916	22776
14917	22777
14918	22778
14919	22779
14920	22782
14921	22783
14922	22785
14923	22786
14924	22787
14925	22788
14926	22789
14927	22792
14928	22795
14929	22796
14930	22797
14931	22800
14932	22801
14933	22804
14934	22805
14935	22805
14936	22806
14937	22807
14938	22807
14939	22808
14940	22810
14941	22811
14942	22811
14943	22812
14944	22814
14945	22815
14946	22816
14947	22817
14948	22817
14949	22818
14950	22819
14951	22820
14952	22821
14953	22824
14954	22825
14955	22826
14956	22826
14957	22827
14958	22828
14959	22828
14960	22829
14961	22832
14962	22833
14963	22836
14964	22837
14965	22838
14966	22839
14967	22840
14968	22841
14969	22842
14970	22843
14971	22844
14972	22845
14973	22846
14974	22846
14975	22847
14976	22850
14977	22851
14978	22852
14979	22853
14980	22854
14981	22855
14982	22856
14983	22856
14984	22856
14985	22857
14986	22860
14987	22861
14988	22863
14989	22864
14990	22865
14991	22867
14992	22868
14993	22870
14994	22873
14995	22874
14996	22874
14997	22876
14998	22877
14999	22878
15000	22879
15001	22880
15002	22881
15003	22881
15004	22882
15005	22883
15006	22884
15007	22885
15008	22885
15009	22886
15010	22889
15011	22889
15012	22890
15013	22892
15014	22893
15015	22894
15016	22895
15017	22898
15018	22899
15019	22902
15020	22903
15021	22904
15022	22907
15023	22908
15024	22909
15025	22912
15026	22913
15027	22916
15028	22917
15029	22918
15030	22919
15031	22920
15032	22920
15033	22921
15034	22922
15035	22923
15036	22924
15037	22925
15038	22926
15039	22927
15040	22930
15041	22933
15042	22934
15043	22935
15044	22938
15045	22940
15046	22941
15047	22941
15048	22941
15049	22943
15050	22944
15051	22945
15052	22946
15053	22947
15054	22947
15055	22947
15056	22948
15057	22951
15058	22952
15059	22952
15060	22953
15061	22954
15062	22956
15063	22957
15064	22960
15065	22961
15066	22962
15067	22963
15068	22965
15069	22966
15070	22968
15071	22971
15072	22971
15073	22972
15074	22973
15075	22973
15076	22973
15077	22974
15078	22975
15079	22976
15080	22977
15081	22977
15082	22978
15083	22981
15084	22982
15085	22983
15086	22985
15087	22986
15088	22989
15089	22990
15090	22991
15091	22992
15092	22994
15093	22995
15094	22996
15095	22997
15096	22998
15097	22999
15098	23000
15099	23003
15100	23004
15101	23004
15102	23006
15103	23007
15104	23008
15105	23011
15106	23011
15107	23012
15108	23013
15109	23014
15110	23015
15111	23018
15112	23018
15113	23019
15114	23019
15115	23019
15116	23020
15117	23021
15118	23024
15119	23025
15120	23026
15121	23026
15122	23027
15123	23028
15124	23030
15125	23031
15126	23032
15127	23033
15128	23035
15129	23036
15130	23039
15131	23040
15132	23041
15133	23042
15134	23043
15135	23044
15136	23045
15137	23046
15138	23047
15139	23048
15140	23049
15141	23049
15142	23049
15143	23052
15144	23052
15145	23054
15146	23055
15147	23056
15148	23057
15149	23058
15150	23059
15151	23062
15152	23063
15153	23064
15154	23065
15155	23066
15156	23066
15157	23067
15158	23069
15159	23071
15160	23071
15161	23072
15162	23072
15163	23072
15164	23072
15165	23073
15166	23074
15167	23074
15168	23075
15169	23076
15170	23077
15171	23078
15172	23080
15173	23081
15174	23082
15175	23083
15176	23086
15177	23087
15178	23088
15179	23089
15180	23091
15181	23092
15182	23095
15183	23096
15184	23097
15185	23100
15186	23100
15187	23101
15188	23102
15189	23103
15190	23104
15191	23104
15192	23104
15193	23104
15194	23105
15195	23106
15196	23107
15197	23108
15198	23111
15199	23112
15200	23113
15201	23114
15202	23115
15203	23116
15204	23116
15205	23118
15206	23118
15207	23118
15208	23119
15209	23120
15210	23121
15211	23121
15212	23122
15213	23123
15214	23124
15215	23127
15216	23128
15217	23129
15218	23132
15219	23135
15220	23136
15221	23137
15222	23138
15223	23139
15224	23140
15225	23141
15226	23142
15227	23143
15228	23144
15229	23145
15230	23148
15231	23149
15232	23150
15233	23153
15234	23154
15235	23155
15236	23156
15237	23157
15238	23159
15239	23160
15240	23161
15241	23162
15242	23163
15243	23163
15244	23163
15245	23164
15246	23167
15247	23168
15248	23169
15249	23170
15250	23170
15251	23171
15252	23174
15253	23175
15254	23176
15255	23177
15256	23178
15257	23179
15258	23179
15259	23181
15260	23182
15261	23183
15262	23184
15263	23185
15264	23186
15265	23187
15266	23188
15267	23188
15268	23189
15269	23192
15270	23193
15271	23195
15272	23196
15273	23197
15274	23199
15275	23200
15276	23201
15277	23202
15278	23203
15279	23204
15280	23205
15281	23206
15282	23208
15283	23209
15284	23209
15285	23211
15286	23213
15287	23214
15288	23214
15289	23216
15290	23219
15291	23220
15292	23221
15293	23224
15294	23227
15295	23228
15296	23229
15297	23232
15298	23233
15299	23236
15300	23236
15301	23237
15302	23238
15303	23239
15304	23239
15305	23239
15306	23239
15307	23242
15308	23242
15309	23242
15310	23243
15311	23243
15312	23244
15313	23245
15314	23246
15315	23249
15316	23250
15317	23253
15318	23254
15319	23254
15320	23255
15321	23256
15322	23257
15323	23257
15324	23258
15325	23259
15326	23260
15327	23260
15328	23261
15329	23264
15330	23265
15331	23268
15332	23269
15333	23271
15334	23272
15335	23273
15336	23274
15337	23274
15338	23275
15339	23278
15340	23279
15341	23280
15342	23281
15343	23282
15344	23283
15345	23284
15346	23285
15347	23287
15348	23288
15349	23290
15350	23291
15351	23292
15352	23294
15353	23294
15354	23295
15355	23296
15356	23297
15357	23298
15358	23299
15359	23301
15360	23301
15361	23302
15362	23305
15363	23306
15364	23306
15365	23308
15366	23309
15367	23311
15368	23312
15369	23313
15370	23313
15371	23314
15372	23315
15373	23318
15374	23319
15375	23320
15376	23321
15377	23322
15378	23325
15379	23326
15380	23327
15381	23328
15382	23329
15383	23330
15384	23331
15385	23333
15386	23334
15387	23336
15388	23339
15389	23340
15390	23341
15391	23343
15392	23344
15393	23344
15394	23345
15395	23346
15396	23347
15397	23347
15398	23350
15399	23351
15400	23352
15401	23353
15402	23354
15403	23355
15404	23356
15405	23357
15406	23358
15407	23358
15408	23359
15409	23360
15410	23363
15411	23364
15412	23365
15413	23366
15414	23367
15415	23368
15416	23369
15417	23371
15418	23372
15419	23375
15420	23375
15421	23376
15422	23379
15423	23380
15424	23382
15425	23382
15426	23383
15427	23384
15428	23385
15429	23385
15430	23386
15431	23389
15432	23390
15433	23391
15434	23394
15435	23395
15436	23398
15437	23399
15438	23400
15439	23401
15440	23401
15441	23402
15442	23403
15443	23404
15444	23407
15445	23407
15446	23407
15447	23407
15448	23408
15449	23409
15450	23409
15451	23410
15452	23412
15453	23413
15454	23416
15455	23417
15456	23418
15457	23419
15458	23422
15459	23422
15460	23422
15461	23423
15462	23424
15463	23425
15464	23428
15465	23429
15466	23430
15467	23430
15468	23431
15469	23432
15470	23433
15471	23434
15472	23437
15473	23438
15474	23439
15475	23440
15476	23441
15477	23442
15478	23443
15479	23444
15480	23447
15481	23448
15482	23449
15483	23450
15484	23451
15485	23452
15486	23452
15487	23455
15488	23456
15489	23457
15490	23457
15491	23458
15492	23459
15493	23460
15494	23461
15495	23463
15496	23464
15497	23466
15498	23467
15499	23468
15500	23470
15501	23473
15502	23474
15503	23475
15504	23478
15505	23479
15506	23479
15507	23480
15508	23482
15509	23485
15510	23485
15511	23485
15512	23486
15513	23488
15514	23489
15515	23490
15516	23491
15517	23492
15518	23495
15519	23496
15520	23498
15521	23499
15522	23502
15523	23503
15524	23504
15525	23505
15526	23505
15527	23506
15528	23507
15529	23507
15530	23508
15531	23510
15532	23511
15533	23514
15534	23515
15535	23516
15536	23516
15537	23517
15538	23517
15539	23517
15540	23518
15541	23519
15542	23520
15543	23521
15544	23522
15545	23525
15546	23526
15547	23527
15548	23527
15549	23528
15550	23530
15551	23531
15552	23534
15553	23537
15554	23538
15555	23538
15556	23538
15557	23539
15558	23540
15559	23541
15560	23542
15561	23544
15562	23545
15563	23546
15564	23546
15565	23547
15566	23550
15567	23551
15568	23552
15569	23555
15570	23557
15571	23558
15572	23559
15573	23561
15574	23562
15575	23563
15576	23564
15577	23565
15578	23565
15579	23566
15580	23567
15581	23568
15582	23571
15583	23574
15584	23575
15585	23576
15586	23579
15587	23580
15588	23580
15589	23581
15590	23582
15591	23583
15592	23583
15593	23584
15594	23585
15595	23586
15596	23587
15597	23588
15597
0.5642938
