1	1
2	3
3	5
4	5
5	5
6	6
7	7
8	8
9	9
10	10
11	10
12	10
13	10
14	10
15	10
16	10
17	10
18	12
19	12
20	14
21	15
22	16
23	17
24	18
25	19
26	20
27	21
28	22
29	23
30	24
31	25
32	26
33	27
34	28
35	30
36	30
37	32
38	32
39	32
40	34
41	36
42	36
43	36
44	38
45	40
46	40
47	40
48	42
49	42
50	42
51	42
52	42
53	41
54	41
55	41
56	43
57	43
58	43
59	43
60	43
61	43
62	42
63	43
64	44
65	45
66	46
67	47
68	48
69	49
70	50
71	51
72	51
73	52
74	53
75	54
76	54
77	55
78	56
79	57
80	58
81	58
82	59
83	60
84	61
85	61
86	62
87	63
88	64
89	65
90	66
91	67
92	68
93	69
94	70
95	71
96	72
97	73
98	74
99	75
100	76
101	77
102	78
103	79
104	80
105	79
106	79
107	79
108	79
109	79
110	79
111	81
112	81
113	81
114	80
115	80
116	80
117	80
118	80
119	82
120	82
121	84
122	84
123	84
124	84
125	84
126	84
127	84
128	84
129	84
130	84
131	84
132	84
133	84
134	86
135	88
136	88
137	88
138	88
139	88
140	88
141	88
142	88
143	88
144	88
145	88
146	88
147	88
148	90
149	92
150	92
151	92
152	92
153	92
154	92
155	92
156	92
157	93
158	93
159	94
160	94
161	94
162	95
163	97
164	97
165	97
166	99
167	101
168	101
169	101
170	101
171	101
172	101
173	101
174	101
175	102
176	102
177	103
178	103
179	103
180	104
181	106
182	106
183	106
184	108
185	109
186	110
187	111
188	112
189	112
190	113
191	114
192	115
193	116
194	117
195	118
196	119
197	119
198	120
199	121
200	122
201	123
202	124
203	125
204	126
205	127
206	128
207	129
208	130
209	131
210	132
211	132
212	133
213	133
214	134
215	135
216	136
217	137
218	138
219	139
220	140
221	141
222	142
223	143
224	144
225	145
226	145
227	146
228	146
229	147
230	147
231	148
232	148
233	149
234	150
235	151
236	152
237	153
238	154
239	155
240	156
241	157
242	158
243	158
244	159
245	160
246	161
247	162
248	163
249	164
250	165
251	166
252	167
253	168
254	169
255	170
256	170
257	171
258	172
259	173
260	174
261	175
262	176
263	177
264	178
265	178
266	179
267	180
268	181
269	182
270	183
271	184
272	184
273	185
274	186
275	187
276	188
277	189
278	190
279	191
280	192
281	193
282	194
283	194
284	195
285	196
286	197
287	198
288	199
289	200
290	201
291	202
292	202
293	204
294	204
295	204
296	206
297	207
298	207
299	207
300	209
301	209
302	209
303	209
304	209
305	208
306	208
307	208
308	208
309	210
310	212
311	212
312	212
313	214
314	215
315	215
316	215
317	215
318	217
319	217
320	217
321	217
322	217
323	217
324	216
325	216
326	218
327	218
328	218
329	218
330	218
331	218
332	218
333	220
334	220
335	222
336	222
337	222
338	223
339	224
340	224
341	224
342	226
343	226
344	228
345	228
346	228
347	228
348	230
349	230
350	231
351	233
352	233
353	233
354	235
355	235
356	235
357	235
358	235
359	235
360	234
361	234
362	234
363	234
364	234
365	234
366	234
367	236
368	236
369	236
370	237
371	237
372	239
373	239
374	239
375	239
376	241
377	241
378	243
379	243
380	243
381	245
382	245
383	245
384	247
385	247
386	249
387	249
388	249
389	249
390	249
391	248
392	248
393	248
394	248
395	248
396	248
397	248
398	248
399	250
400	250
401	250
402	252
403	252
404	252
405	253
406	255
407	255
408	255
409	257
410	257
411	259
412	259
413	259
414	259
415	259
416	261
417	261
418	261
419	260
420	259
421	259
422	261
423	261
424	263
425	263
426	263
427	262
428	262
429	262
430	262
431	261
432	261
433	261
434	260
435	260
436	262
437	262
438	264
439	264
440	264
441	263
442	263
443	263
444	263
445	263
446	263
447	263
448	263
449	263
450	265
451	265
452	265
453	266
454	268
455	268
456	268
457	270
458	270
459	270
460	272
461	272
462	274
463	273
464	273
465	273
466	272
467	274
468	274
469	274
470	274
471	274
472	274
473	276
474	276
475	278
476	278
477	278
478	278
479	277
480	277
481	277
482	277
483	276
484	275
485	275
486	275
487	277
488	277
489	279
490	279
491	279
492	278
493	278
494	278
495	279
496	280
497	281
498	282
499	283
500	284
501	284
502	285
503	286
504	286
505	287
506	288
507	289
508	290
509	290
510	291
511	292
512	293
513	294
514	295
515	296
516	297
517	298
518	299
519	300
520	301
521	302
522	303
523	304
524	305
525	305
526	306
527	307
528	308
529	308
530	309
531	310
532	311
533	312
534	313
535	313
536	314
537	315
538	316
539	317
540	318
541	319
542	320
543	321
544	322
545	323
546	323
547	324
548	325
549	326
550	327
551	328
552	329
553	330
554	331
555	332
556	333
557	334
558	335
559	336
560	337
561	338
562	338
563	338
564	339
565	340
566	341
567	342
568	342
569	343
570	344
571	345
572	346
573	347
574	348
575	349
576	349
577	350
578	351
579	352
580	352
581	352
582	353
583	354
584	354
585	355
586	356
587	357
588	358
589	359
590	360
591	361
592	362
593	363
594	364
595	364
596	365
597	366
598	367
599	368
600	369
601	370
602	371
603	372
604	373
605	374
606	375
607	376
608	377
609	378
610	379
611	380
612	381
613	382
614	383
615	384
616	385
617	385
618	386
619	387
620	388
621	389
622	390
623	391
624	392
625	392
626	393
627	394
628	395
629	396
630	396
631	397
632	398
633	399
634	400
635	401
636	402
637	403
638	404
639	405
640	406
641	407
642	407
643	408
644	409
645	410
646	411
647	412
648	413
649	414
650	415
651	416
652	417
653	418
654	419
655	420
656	421
657	422
658	423
659	423
660	424
661	425
662	426
663	427
664	428
665	429
666	429
667	430
668	430
669	431
670	431
671	432
672	433
673	434
674	435
675	436
676	437
677	438
678	439
679	440
680	441
681	442
682	443
683	444
684	445
685	446
686	447
687	448
688	449
689	450
690	451
691	451
692	452
693	453
694	454
695	455
696	456
697	457
698	458
699	459
700	460
701	461
702	462
703	462
704	463
705	464
706	465
707	465
708	466
709	467
710	468
711	469
712	470
713	471
714	472
715	473
716	474
717	475
718	476
719	477
720	477
721	478
722	479
723	480
724	481
725	482
726	483
727	484
728	485
729	486
730	486
731	487
732	487
733	488
734	489
735	490
736	490
737	491
738	492
739	493
740	494
741	495
742	496
743	497
744	498
745	499
746	500
747	501
748	502
749	503
750	504
751	505
752	506
753	507
754	508
755	509
756	510
757	511
758	511
759	512
760	513
761	514
762	515
763	516
764	517
765	518
766	519
767	520
768	521
769	522
770	522
771	523
772	524
773	524
774	523
775	523
776	523
777	523
778	523
779	525
780	525
781	527
782	527
783	527
784	527
785	527
786	527
787	527
788	526
789	526
790	526
791	526
792	528
793	528
794	530
795	530
796	530
797	530
798	530
799	530
800	530
801	532
802	534
803	534
804	535
805	535
806	535
807	537
808	537
809	538
810	540
811	540
812	540
813	542
814	542
815	542
816	542
817	542
818	542
819	541
820	540
821	540
822	540
823	540
824	540
825	540
826	542
827	542
828	544
829	544
830	544
831	544
832	544
833	544
834	544
835	544
836	543
837	543
838	543
839	545
840	545
841	547
842	547
843	549
844	549
845	549
846	549
847	549
848	549
849	550
850	550
851	552
852	552
853	552
854	553
855	555
856	555
857	555
858	557
859	557
860	559
861	559
862	559
863	559
864	559
865	558
866	558
867	560
868	560
869	560
870	560
871	562
872	564
873	564
874	564
875	566
876	566
877	568
878	568
879	568
880	568
881	568
882	568
883	567
884	567
885	569
886	569
887	568
888	568
889	567
890	567
891	567
892	567
893	569
894	571
895	571
896	571
897	571
898	571
899	571
900	571
901	571
902	571
903	573
904	573
905	575
906	575
907	574
908	574
909	574
910	574
911	574
912	576
913	575
914	575
915	575
916	575
917	575
918	575
919	577
920	577
921	579
922	579
923	581
924	581
925	581
926	581
927	581
928	581
929	581
930	583
931	583
932	583
933	583
934	583
935	583
936	583
937	583
938	583
939	583
940	585
941	587
942	587
943	587
944	587
945	587
946	587
947	587
948	587
949	588
950	588
951	589
952	589
953	589
954	590
955	592
956	592
957	592
958	594
959	594
960	596
961	596
962	596
963	598
964	600
965	600
966	600
967	602
968	602
969	604
970	604
971	604
972	604
973	603
974	603
975	603
976	603
977	605
978	607
979	607
980	607
981	607
982	607
983	607
984	607
985	609
986	608
987	608
988	608
989	608
990	608
991	607
992	607
993	609
994	609
995	611
996	611
997	613
998	612
999	612
1000	612
1001	612
1002	612
1003	614
1004	614
1005	614
1006	613
1007	613
1008	613
1009	613
1010	613
1011	615
1012	615
1013	617
1014	617
1015	617
1016	617
1017	617
1018	617
1019	617
1020	617
1021	619
1022	621
1023	621
1024	621
1025	621
1026	621
1027	621
1028	621
1029	623
1030	623
1031	623
1032	623
1033	623
1034	623
1035	623
1036	623
1037	624
1038	624
1039	625
1040	625
1041	625
1042	626
1043	628
1044	628
1045	628
1046	630
1047	632
1048	632
1049	632
1050	632
1051	634
1052	636
1053	636
1054	636
1055	638
1056	638
1057	640
1058	640
1059	640
1060	640
1061	640
1062	640
1063	639
1064	639
1065	641
1066	643
1067	643
1068	643
1069	642
1070	642
1071	641
1072	641
1073	641
1074	641
1075	643
1076	645
1077	645
1078	645
1079	645
1080	645
1081	645
1082	645
1083	645
1084	645
1085	645
1086	644
1087	644
1088	646
1089	646
1090	648
1091	648
1092	647
1093	647
1094	647
1095	647
1096	647
1097	649
1098	649
1099	649
1100	649
1101	649
1102	649
1103	651
1104	651
1105	651
1106	651
1107	653
1108	653
1109	653
1110	653
1111	653
1112	653
1113	652
1114	652
1115	652
1116	652
1117	654
1118	656
1119	656
1120	656
1121	658
1122	658
1123	658
1124	658
1125	658
1126	658
1127	657
1128	657
1129	659
1130	658
1131	658
1132	658
1133	658
1134	658
1135	658
1136	660
1137	660
1138	662
1139	662
1140	662
1141	664
1142	664
1143	666
1144	666
1145	668
1146	668
1147	668
1148	670
1149	670
1150	672
1151	672
1152	672
1153	672
1154	672
1155	671
1156	671
1157	673
1158	673
1159	673
1160	673
1161	673
1162	673
1163	673
1164	673
1165	673
1166	674
1167	674
1168	676
1169	676
1170	676
1171	678
1172	678
1173	680
1174	680
1175	680
1176	682
1177	684
1178	684
1179	684
1180	686
1181	686
1182	688
1183	688
1184	688
1185	688
1186	687
1187	687
1188	687
1189	687
1190	689
1191	691
1192	691
1193	691
1194	691
1195	691
1196	691
1197	691
1198	691
1199	690
1200	690
1201	690
1202	690
1203	692
1204	694
1205	694
1206	693
1207	693
1208	693
1209	693
1210	693
1211	692
1212	692
1213	694
1214	694
1215	696
1216	696
1217	696
1218	696
1219	696
1220	696
1221	698
1222	697
1223	697
1224	697
1225	697
1226	697
1227	699
1228	699
1229	699
1230	701
1231	701
1232	701
1233	701
1234	700
1235	700
1236	700
1237	700
1238	702
1239	702
1240	704
1241	704
1242	704
1243	704
1244	704
1245	704
1246	706
1247	706
1248	706
1249	706
1250	706
1251	706
1252	705
1253	705
1254	707
1255	707
1256	706
1257	706
1258	706
1259	706
1260	706
1261	708
1262	708
1263	710
1264	710
1265	710
1266	712
1267	714
1268	714
1269	714
1270	714
1271	716
1272	718
1273	718
1274	718
1275	720
1276	720
1277	720
1278	720
1279	720
1280	720
1281	719
1282	721
1283	721
1284	721
1285	721
1286	721
1287	721
1288	721
1289	721
1290	722
1291	722
1292	722
1293	724
1294	724
1295	724
1296	726
1297	727
1298	728
1299	728
1300	729
1301	730
1302	731
1303	732
1304	733
1305	734
1306	735
1307	736
1308	737
1309	738
1310	739
1311	739
1312	740
1313	741
1314	742
1315	743
1316	744
1317	745
1318	746
1319	747
1320	748
1321	749
1322	750
1323	751
1324	752
1325	753
1326	753
1327	753
1328	754
1329	755
1330	756
1331	757
1332	758
1333	759
1334	760
1335	761
1336	762
1337	763
1338	764
1339	765
1340	766
1341	767
1342	767
1343	768
1344	769
1345	770
1346	771
1347	771
1348	772
1349	773
1350	773
1351	774
1352	775
1353	776
1354	777
1355	778
1356	779
1357	780
1358	781
1359	782
1360	783
1361	784
1362	785
1363	785
1364	786
1365	787
1366	788
1367	789
1368	790
1369	791
1370	792
1371	793
1372	794
1373	795
1374	796
1375	797
1376	797
1377	798
1378	799
1379	800
1380	801
1381	802
1382	803
1383	804
1384	805
1385	806
1386	807
1387	808
1388	809
1389	810
1390	811
1391	812
1392	813
1393	813
1394	814
1395	814
1396	815
1397	816
1398	817
1399	818
1400	819
1401	820
1402	821
1403	822
1404	823
1405	824
1406	824
1407	825
1408	826
1409	826
1410	827
1411	828
1412	829
1413	830
1414	830
1415	831
1416	832
1417	833
1418	834
1419	835
1420	836
1421	837
1422	838
1423	839
1424	840
1425	841
1426	842
1427	843
1428	844
1429	845
1430	846
1431	846
1432	847
1433	848
1434	849
1435	850
1436	850
1437	851
1438	852
1439	853
1440	853
1441	853
1442	854
1443	855
1444	856
1445	856
1446	857
1447	858
1448	859
1449	860
1450	861
1451	862
1452	863
1453	864
1454	865
1455	866
1456	867
1457	868
1458	869
1459	870
1460	871
1461	872
1462	873
1463	874
1464	875
1465	876
1466	877
1467	878
1468	878
1469	879
1470	880
1471	881
1472	882
1473	883
1474	884
1475	885
1476	886
1477	887
1478	888
1479	889
1480	890
1481	891
1482	891
1483	892
1484	893
1485	894
1486	895
1487	895
1488	896
1489	897
1490	898
1491	899
1492	900
1493	900
1494	901
1495	902
1496	903
1497	904
1498	905
1499	906
1500	906
1501	907
1502	908
1503	909
1504	910
1505	911
1506	912
1507	913
1508	914
1509	915
1510	915
1511	916
1512	917
1513	918
1514	919
1515	920
1516	921
1517	921
1518	922
1519	922
1520	923
1521	924
1522	925
1523	926
1524	927
1525	928
1526	929
1527	930
1528	931
1529	932
1530	933
1531	934
1532	934
1533	935
1534	936
1535	937
1536	938
1537	939
1538	940
1539	941
1540	942
1541	943
1542	944
1543	944
1544	945
1545	946
1546	947
1547	948
1548	949
1549	950
1550	951
1551	952
1552	952
1553	953
1554	954
1555	955
1556	956
1557	957
1558	958
1559	959
1560	959
1561	960
1562	961
1563	961
1564	962
1565	963
1566	964
1567	965
1568	966
1569	966
1570	967
1571	968
1572	968
1573	968
1574	969
1575	970
1576	971
1577	972
1578	973
1579	974
1580	975
1581	976
1582	977
1583	978
1584	979
1585	980
1586	981
1587	982
1588	983
1589	984
1590	985
1591	986
1592	987
1593	988
1594	989
1595	990
1596	990
1597	991
1598	992
1599	993
1600	994
1601	995
1602	996
1603	997
1604	997
1605	998
1606	999
1607	1000
1608	1001
1609	1002
1610	1003
1611	1004
1612	1004
1613	1005
1614	1006
1615	1007
1616	1007
1617	1008
1618	1009
1619	1010
1620	1011
1621	1012
1622	1012
1623	1013
1624	1014
1625	1015
1626	1016
1627	1017
1628	1018
1629	1019
1630	1020
1631	1021
1632	1022
1633	1022
1634	1023
1635	1024
1636	1025
1637	1026
1638	1027
1639	1028
1640	1029
1641	1030
1642	1031
1643	1032
1644	1033
1645	1034
1646	1034
1647	1035
1648	1035
1649	1036
1650	1037
1651	1038
1652	1039
1653	1040
1654	1040
1655	1041
1656	1042
1657	1043
1658	1044
1659	1045
1660	1046
1661	1047
1662	1048
1663	1049
1664	1050
1665	1051
1666	1052
1667	1052
1668	1053
1669	1054
1670	1055
1671	1056
1672	1057
1673	1058
1674	1059
1675	1060
1676	1060
1677	1061
1678	1062
1679	1063
1680	1064
1681	1065
1682	1066
1683	1066
1684	1067
1685	1068
1686	1069
1687	1070
1688	1070
1689	1071
1690	1072
1691	1073
1692	1073
1693	1073
1694	1074
1695	1075
1696	1076
1697	1076
1698	1077
1699	1078
1700	1079
1701	1080
1702	1081
1703	1082
1704	1083
1705	1084
1706	1084
1707	1085
1708	1086
1709	1087
1710	1088
1711	1089
1712	1090
1713	1091
1714	1092
1715	1093
1716	1094
1717	1095
1718	1096
1719	1097
1720	1098
1721	1099
1722	1099
1723	1100
1724	1100
1725	1101
1726	1102
1727	1102
1728	1102
1729	1103
1730	1104
1731	1105
1732	1106
1733	1107
1734	1108
1735	1109
1736	1110
1737	1111
1738	1112
1739	1113
1740	1113
1741	1114
1742	1115
1743	1116
1744	1117
1745	1118
1746	1119
1747	1120
1748	1120
1749	1121
1750	1122
1751	1123
1752	1124
1753	1124
1754	1125
1755	1126
1756	1127
1757	1128
1758	1129
1759	1130
1760	1130
1761	1131
1762	1131
1763	1132
1764	1133
1765	1134
1766	1135
1767	1136
1768	1136
1769	1137
1770	1138
1771	1139
1772	1139
1773	1140
1774	1141
1775	1142
1776	1143
1777	1144
1778	1145
1779	1145
1780	1146
1781	1147
1782	1148
1783	1148
1784	1149
1785	1150
1786	1151
1787	1152
1788	1153
1789	1154
1790	1155
1791	1156
1792	1157
1793	1158
1794	1159
1795	1160
1796	1161
1797	1162
1798	1163
1799	1164
1800	1165
1801	1166
1802	1167
1803	1168
1804	1169
1805	1169
1806	1170
1807	1171
1808	1172
1809	1173
1810	1174
1811	1175
1812	1175
1813	1176
1814	1176
1815	1177
1816	1178
1817	1178
1818	1179
1819	1180
1820	1181
1821	1182
1822	1183
1823	1184
1824	1185
1825	1186
1826	1187
1827	1188
1828	1189
1829	1190
1830	1191
1831	1192
1832	1193
1833	1194
1834	1194
1835	1195
1836	1196
1837	1197
1838	1198
1839	1199
1840	1200
1841	1201
1842	1202
1843	1203
1844	1204
1845	1205
1846	1206
1847	1207
1848	1208
1849	1208
1850	1209
1851	1210
1852	1210
1853	1211
1854	1211
1855	1212
1856	1213
1857	1213
1858	1214
1859	1215
1860	1215
1861	1216
1862	1217
1863	1218
1864	1219
1865	1220
1866	1220
1867	1221
1868	1222
1869	1222
1870	1222
1871	1223
1872	1224
1873	1223
1874	1224
1875	1225
1876	1226
1877	1227
1878	1228
1879	1228
1880	1229
1881	1230
1882	1231
1883	1231
1884	1232
1885	1233
1886	1234
1887	1235
1888	1235
1889	1236
1890	1236
1891	1237
1892	1238
1893	1239
1894	1240
1895	1241
1896	1242
1897	1243
1898	1244
1899	1245
1900	1245
1901	1245
1902	1246
1903	1247
1904	1248
1905	1248
1906	1249
1907	1250
1908	1251
1909	1252
1910	1253
1911	1254
1912	1255
1913	1255
1914	1256
1915	1257
1916	1258
1917	1259
1918	1260
1919	1261
1920	1262
1921	1262
1922	1263
1923	1264
1924	1264
1925	1265
1926	1266
1927	1267
1928	1268
1929	1269
1930	1270
1931	1270
1932	1271
1933	1272
1934	1273
1935	1274
1936	1274
1937	1275
1938	1276
1939	1277
1940	1278
1941	1279
1942	1279
1943	1280
1944	1281
1945	1282
1946	1283
1947	1284
1948	1284
1949	1285
1950	1286
1951	1287
1952	1287
1953	1288
1954	1289
1955	1290
1956	1291
1957	1292
1958	1292
1959	1293
1960	1294
1961	1295
1962	1296
1963	1297
1964	1298
1965	1299
1966	1300
1967	1301
1968	1302
1969	1303
1970	1304
1971	1305
1972	1306
1973	1307
1974	1308
1975	1309
1976	1310
1977	1311
1978	1311
1979	1312
1980	1313
1981	1314
1982	1315
1983	1316
1984	1317
1985	1317
1986	1318
1987	1319
1988	1320
1989	1321
1990	1321
1991	1321
1992	1322
1993	1323
1994	1324
1995	1325
1996	1326
1997	1327
1998	1328
1999	1329
2000	1330
2001	1331
2002	1332
2003	1333
2004	1334
2005	1334
2006	1335
2007	1336
2008	1336
2009	1337
2010	1338
2011	1339
2012	1340
2013	1341
2014	1342
2015	1343
2016	1343
2017	1344
2018	1345
2019	1346
2020	1347
2021	1348
2022	1348
2023	1350
2024	1350
2025	1350
2026	1352
2027	1352
2028	1352
2029	1353
2030	1353
2031	1355
2032	1355
2033	1355
2034	1355
2035	1355
2036	1355
2037	1354
2038	1354
2039	1356
2040	1356
2041	1356
2042	1356
2043	1356
2044	1356
2045	1356
2046	1358
2047	1358
2048	1358
2049	1359
2050	1359
2051	1361
2052	1361
2053	1361
2054	1362
2055	1362
2056	1364
2057	1366
2058	1366
2059	1366
2060	1368
2061	1368
2062	1370
2063	1370
2064	1370
2065	1370
2066	1370
2067	1369
2068	1369
2069	1371
2070	1370
2071	1370
2072	1370
2073	1370
2074	1370
2075	1370
2076	1370
2077	1371
2078	1371
2079	1371
2080	1371
2081	1373
2082	1373
2083	1373
2084	1375
2085	1377
2086	1377
2087	1376
2088	1376
2089	1375
2090	1375
2091	1375
2092	1375
2093	1374
2094	1374
2095	1374
2096	1374
2097	1374
2098	1374
2099	1376
2100	1376
2101	1376
2102	1375
2103	1375
2104	1374
2105	1376
2106	1376
2107	1378
2108	1378
2109	1378
2110	1378
2111	1378
2112	1378
2113	1378
2114	1380
2115	1380
2116	1380
2117	1379
2118	1379
2119	1379
2120	1379
2121	1379
2122	1379
2123	1379
2124	1379
2125	1381
2126	1383
2127	1383
2128	1383
2129	1383
2130	1383
2131	1383
2132	1383
2133	1383
2134	1384
2135	1384
2136	1385
2137	1385
2138	1385
2139	1386
2140	1388
2141	1388
2142	1388
2143	1390
2144	1392
2145	1392
2146	1392
2147	1394
2148	1394
2149	1394
2150	1396
2151	1396
2152	1397
2153	1397
2154	1397
2155	1397
2156	1396
2157	1396
2158	1396
2159	1396
2160	1398
2161	1398
2162	1398
2163	1398
2164	1398
2165	1398
2166	1398
2167	1400
2168	1400
2169	1402
2170	1402
2171	1402
2172	1403
2173	1403
2174	1403
2175	1405
2176	1405
2177	1406
2178	1408
2179	1408
2180	1408
2181	1410
2182	1410
2183	1412
2184	1412
2185	1412
2186	1412
2187	1412
2188	1412
2189	1411
2190	1413
2191	1413
2192	1412
2193	1412
2194	1411
2195	1411
2196	1411
2197	1411
2198	1413
2199	1412
2200	1412
2201	1412
2202	1412
2203	1412
2204	1412
2205	1412
2206	1412
2207	1413
2208	1413
2209	1413
2210	1415
2211	1415
2212	1415
2213	1417
2214	1416
2215	1416
2216	1416
2217	1415
2218	1417
2219	1417
2220	1417
2221	1416
2222	1416
2223	1416
2224	1416
2225	1416
2226	1418
2227	1418
2228	1420
2229	1420
2230	1420
2231	1420
2232	1419
2233	1419
2234	1419
2235	1419
2236	1419
2237	1419
2238	1419
2239	1421
2240	1423
2241	1423
2242	1423
2243	1423
2244	1423
2245	1423
2246	1423
2247	1425
2248	1425
2249	1425
2250	1425
2251	1425
2252	1425
2253	1425
2254	1425
2255	1426
2256	1426
2257	1427
2258	1427
2259	1427
2260	1428
2261	1430
2262	1430
2263	1430
2264	1432
2265	1431
2266	1431
2267	1431
2268	1431
2269	1431
2270	1431
2271	1433
2272	1433
2273	1435
2274	1435
2275	1437
2276	1437
2277	1437
2278	1437
2279	1437
2280	1437
2281	1437
2282	1437
2283	1437
2284	1437
2285	1436
2286	1436
2287	1436
2288	1438
2289	1438
2290	1440
2291	1440
2292	1440
2293	1439
2294	1439
2295	1438
2296	1440
2297	1440
2298	1440
2299	1440
2300	1440
2301	1440
2302	1441
2303	1441
2304	1443
2305	1443
2306	1443
2307	1444
2308	1446
2309	1446
2310	1446
2311	1448
2312	1448
2313	1449
2314	1449
2315	1449
2316	1449
2317	1449
2318	1448
2319	1448
2320	1450
2321	1450
2322	1450
2323	1452
2324	1452
2325	1452
2326	1454
2327	1454
2328	1454
2329	1456
2330	1456
2331	1456
2332	1456
2333	1456
2334	1456
2335	1455
2336	1455
2337	1455
2338	1455
2339	1455
2340	1455
2341	1455
2342	1457
2343	1457
2344	1457
2345	1458
2346	1458
2347	1458
2348	1458
2349	1458
2350	1460
2351	1462
2352	1462
2353	1462
2354	1464
2355	1464
2356	1466
2357	1466
2358	1466
2359	1466
2360	1466
2361	1465
2362	1465
2363	1467
2364	1467
2365	1467
2366	1467
2367	1467
2368	1467
2369	1467
2370	1467
2371	1468
2372	1467
2373	1467
2374	1469
2375	1469
2376	1469
2377	1471
2378	1473
2379	1473
2380	1473
2381	1473
2382	1473
2383	1473
2384	1473
2385	1475
2386	1475
2387	1475
2388	1477
2389	1478
2390	1478
2391	1477
2392	1479
2393	1478
2394	1478
2395	1478
2396	1478
2397	1477
2398	1477
2399	1477
2400	1477
2401	1479
2402	1479
2403	1479
2404	1479
2405	1479
2406	1479
2407	1479
2408	1481
2409	1481
2410	1481
2411	1481
2412	1481
2413	1481
2414	1481
2415	1483
2416	1483
2417	1485
2418	1485
2419	1485
2420	1486
2421	1487
2422	1487
2423	1487
2424	1489
2425	1489
2426	1489
2427	1489
2428	1489
2429	1489
2430	1489
2431	1489
2432	1491
2433	1491
2434	1491
2435	1492
2436	1494
2437	1494
2438	1494
2439	1496
2440	1496
2441	1496
2442	1498
2443	1498
2444	1498
2445	1500
2446	1500
2447	1502
2448	1502
2449	1502
2450	1502
2451	1502
2452	1501
2453	1501
2454	1501
2455	1501
2456	1501
2457	1501
2458	1501
2459	1501
2460	1502
2461	1502
2462	1502
2463	1503
2464	1505
2465	1505
2466	1505
2467	1507
2468	1507
2469	1507
2470	1509
2471	1509
2472	1511
2473	1510
2474	1510
2475	1510
2476	1509
2477	1511
2478	1511
2479	1511
2480	1511
2481	1511
2482	1511
2483	1513
2484	1512
2485	1514
2486	1514
2487	1514
2488	1514
2489	1513
2490	1513
2491	1513
2492	1513
2493	1512
2494	1511
2495	1511
2496	1511
2497	1513
2498	1513
2499	1515
2500	1515
2501	1515
2502	1514
2503	1514
2504	1514
2505	1516
2506	1516
2507	1516
2508	1515
2509	1515
2510	1515
2511	1515
2512	1515
2513	1517
2514	1517
2515	1519
2516	1519
2517	1519
2518	1519
2519	1519
2520	1519
2521	1519
2522	1519
2523	1519
2524	1519
2525	1519
2526	1518
2527	1518
2528	1520
2529	1519
2530	1521
2531	1521
2532	1521
2533	1521
2534	1521
2535	1521
2536	1521
2537	1523
2538	1523
2539	1523
2540	1522
2541	1522
2542	1524
2543	1524
2544	1525
2545	1525
2546	1525
2547	1527
2548	1527
2549	1528
2550	1530
2551	1530
2552	1530
2553	1531
2554	1531
2555	1531
2556	1531
2557	1531
2558	1531
2559	1530
2560	1530
2561	1530
2562	1530
2563	1530
2564	1530
2565	1530
2566	1532
2567	1531
2568	1531
2569	1532
2570	1532
2571	1532
2572	1532
2573	1534
2574	1534
2575	1534
2576	1534
2577	1536
2578	1536
2579	1535
2580	1535
2581	1535
2582	1535
2583	1534
2584	1536
2585	1536
2586	1536
2587	1538
2588	1538
2589	1538
2590	1540
2591	1540
2592	1542
2593	1542
2594	1542
2595	1542
2596	1542
2597	1541
2598	1541
2599	1543
2600	1543
2601	1543
2602	1543
2603	1543
2604	1543
2605	1543
2606	1545
2607	1545
2608	1545
2609	1545
2610	1545
2611	1545
2612	1545
2613	1545
2614	1546
2615	1545
2616	1545
2617	1547
2618	1547
2619	1547
2620	1549
2621	1549
2622	1549
2623	1549
2624	1549
2625	1549
2626	1549
2627	1551
2628	1553
2629	1553
2630	1553
2631	1555
2632	1556
2633	1556
2634	1555
2635	1554
2636	1556
2637	1556
2638	1556
2639	1556
2640	1556
2641	1556
2642	1555
2643	1555
2644	1557
2645	1557
2646	1556
2647	1556
2648	1556
2649	1556
2650	1555
2651	1557
2652	1557
2653	1559
2654	1559
2655	1559
2656	1559
2657	1561
2658	1561
2659	1562
2660	1564
2661	1564
2662	1563
2663	1565
2664	1565
2665	1565
2666	1565
2667	1565
2668	1565
2669	1564
2670	1564
2671	1564
2672	1564
2673	1564
2674	1564
2675	1564
2676	1566
2677	1566
2678	1566
2679	1567
2680	1567
2681	1569
2682	1569
2683	1569
2684	1569
2685	1571
2686	1571
2687	1571
2688	1571
2689	1571
2690	1571
2691	1571
2692	1572
2693	1572
2694	1572
2695	1574
2696	1574
2697	1574
2698	1575
2699	1577
2700	1577
2701	1577
2702	1579
2703	1579
2704	1581
2705	1581
2706	1581
2707	1581
2708	1581
2709	1583
2710	1582
2711	1582
2712	1581
2713	1580
2714	1580
2715	1582
2716	1582
2717	1584
2718	1584
2719	1584
2720	1583
2721	1583
2722	1583
2723	1583
2724	1582
2725	1582
2726	1582
2727	1581
2728	1581
2729	1583
2730	1583
2731	1585
2732	1585
2733	1585
2734	1584
2735	1584
2736	1584
2737	1583
2738	1583
2739	1582
2740	1582
2741	1582
2742	1582
2743	1583
2744	1583
2745	1585
2746	1585
2747	1587
2748	1587
2749	1587
2750	1587
2751	1587
2752	1587
2753	1587
2754	1587
2755	1587
2756	1587
2757	1586
2758	1586
2759	1586
2760	1588
2761	1588
2762	1590
2763	1590
2764	1590
2765	1590
2766	1590
2767	1590
2768	1592
2769	1592
2770	1592
2771	1592
2772	1592
2773	1592
2774	1593
2775	1593
2776	1595
2777	1595
2778	1595
2779	1596
2780	1598
2781	1598
2782	1597
2783	1598
2784	1598
2785	1600
2786	1600
2787	1600
2788	1600
2789	1600
2790	1599
2791	1599
2792	1598
2793	1598
2794	1598
2795	1598
2796	1598
2797	1600
2798	1600
2799	1601
2800	1601
2801	1601
2802	1602
2803	1602
2804	1602
2805	1604
2806	1604
2807	1604
2808	1606
2809	1605
2810	1605
2811	1605
2812	1605
2813	1605
2814	1604
2815	1604
2816	1604
2817	1604
2818	1604
2819	1604
2820	1604
2821	1606
2822	1606
2823	1607
2824	1607
2825	1607
2826	1607
2827	1607
2828	1609
2829	1609
2830	1609
2831	1611
2832	1611
2833	1611
2834	1613
2835	1613
2836	1615
2837	1615
2838	1615
2839	1615
2840	1615
2841	1614
2842	1614
2843	1616
2844	1616
2845	1616
2846	1616
2847	1616
2848	1616
2849	1616
2850	1616
2851	1616
2852	1616
2853	1616
2854	1618
2855	1618
2856	1618
2857	1620
2858	1622
2859	1622
2860	1622
2861	1622
2862	1622
2863	1622
2864	1622
2865	1622
2866	1623
2867	1623
2868	1623
2869	1625
2870	1625
2871	1625
2872	1627
2873	1629
2874	1629
2875	1629
2876	1629
2877	1629
2878	1629
2879	1629
2880	1629
2881	1628
2882	1628
2883	1630
2884	1630
2885	1631
2886	1631
2887	1631
2888	1631
2889	1631
2890	1631
2891	1631
2892	1633
2893	1633
2894	1634
2895	1634
2896	1635
2897	1635
2898	1635
2899	1637
2900	1637
2901	1638
2902	1640
2903	1640
2904	1642
2905	1642
2906	1642
2907	1642
2908	1642
2909	1642
2910	1641
2911	1641
2912	1641
2913	1641
2914	1641
2915	1641
2916	1643
2917	1643
2918	1643
2919	1645
2920	1645
2921	1645
2922	1645
2923	1645
2924	1645
2925	1646
2926	1646
2927	1648
2928	1648
2929	1648
2930	1649
2931	1651
2932	1651
2933	1653
2934	1653
2935	1655
2936	1655
2937	1655
2938	1655
2939	1655
2940	1654
2941	1654
2942	1656
2943	1656
2944	1656
2945	1658
2946	1660
2947	1660
2948	1660
2949	1662
2950	1662
2951	1664
2952	1664
2953	1664
2954	1664
2955	1663
2956	1663
2957	1663
2958	1663
2959	1665
2960	1664
2961	1664
2962	1664
2963	1664
2964	1664
2965	1663
2966	1663
2967	1665
2968	1665
2969	1667
2970	1666
2971	1666
2972	1666
2973	1666
2974	1666
2975	1668
2976	1668
2977	1668
2978	1667
2979	1667
2980	1667
2981	1667
2982	1667
2983	1669
2984	1669
2985	1669
2986	1669
2987	1669
2988	1669
2989	1669
2990	1671
2991	1673
2992	1673
2993	1673
2994	1673
2995	1673
2996	1673
2997	1673
2998	1675
2999	1675
3000	1675
3001	1675
3002	1675
3003	1675
3004	1675
3005	1675
3006	1676
3007	1676
3008	1677
3009	1677
3010	1677
3011	1678
3012	1680
3013	1680
3014	1680
3015	1681
3016	1681
3017	1681
3018	1681
3019	1681
3020	1681
3021	1681
3022	1683
3023	1683
3024	1683
3025	1684
3026	1685
3027	1685
3028	1685
3029	1687
3030	1687
3031	1687
3032	1689
3033	1689
3034	1691
3035	1693
3036	1693
3037	1693
3038	1693
3039	1693
3040	1693
3041	1695
3042	1695
3043	1695
3044	1695
3045	1695
3046	1694
3047	1693
3048	1693
3049	1693
3050	1694
3051	1694
3052	1696
3053	1696
3054	1696
3055	1695
3056	1695
3057	1695
3058	1697
3059	1697
3060	1697
3061	1696
3062	1696
3063	1696
3064	1696
3065	1696
3066	1698
3067	1698
3068	1698
3069	1698
3070	1698
3071	1698
3072	1698
3073	1698
3074	1698
3075	1698
3076	1698
3077	1697
3078	1697
3079	1699
3080	1699
3081	1701
3082	1701
3083	1701
3084	1701
3085	1701
3086	1701
3087	1701
3088	1703
3089	1703
3090	1703
3091	1703
3092	1703
3093	1705
3094	1705
3095	1706
3096	1706
3097	1706
3098	1707
3099	1709
3100	1709
3101	1709
3102	1711
3103	1711
3104	1711
3105	1711
3106	1711
3107	1710
3108	1710
3109	1710
3110	1710
3111	1710
3112	1710
3113	1710
3114	1712
3115	1712
3116	1713
3117	1713
3118	1713
3119	1713
3120	1715
3121	1715
3122	1715
3123	1715
3124	1715
3125	1717
3126	1717
3127	1719
3128	1719
3129	1719
3130	1721
3131	1721
3132	1721
3133	1721
3134	1721
3135	1721
3136	1720
3137	1719
3138	1719
3139	1719
3140	1719
3141	1719
3142	1719
3143	1721
3144	1721
3145	1721
3146	1721
3147	1723
3148	1723
3149	1723
3150	1724
3151	1724
3152	1726
3153	1726
3154	1726
3155	1726
3156	1725
3157	1725
3158	1727
3159	1727
3160	1727
3161	1727
3162	1727
3163	1727
3164	1727
3165	1727
3166	1728
3167	1728
3168	1728
3169	1730
3170	1730
3171	1730
3172	1732
3173	1734
3174	1734
3175	1734
3176	1734
3177	1734
3178	1734
3179	1734
3180	1734
3181	1734
3182	1734
3183	1734
3184	1736
3185	1736
3186	1736
3187	1738
3188	1738
3189	1738
3190	1738
3191	1738
3192	1738
3193	1740
3194	1740
3195	1740
3196	1742
3197	1742
3198	1742
3199	1742
3200	1742
3201	1742
3202	1744
3203	1744
3204	1745
3205	1745
3206	1745
3207	1747
3208	1747
3209	1748
3210	1750
3211	1750
3212	1752
3213	1752
3214	1752
3215	1752
3216	1752
3217	1752
3218	1751
3219	1753
3220	1753
3221	1753
3222	1753
3223	1753
3224	1753
3225	1753
3226	1753
3227	1752
3228	1752
3229	1754
3230	1754
3231	1756
3232	1756
3233	1756
3234	1757
3235	1757
3236	1757
3237	1757
3238	1757
3239	1757
3240	1758
3241	1758
3242	1759
3243	1759
3244	1759
3245	1760
3246	1762
3247	1762
3248	1762
3249	1764
3250	1766
3251	1766
3252	1766
3253	1766
3254	1766
3255	1765
3256	1765
3257	1767
3258	1767
3259	1767
3260	1769
3261	1771
3262	1771
3263	1771
3264	1773
3265	1773
3266	1775
3267	1775
3268	1775
3269	1775
3270	1775
3271	1775
3272	1774
3273	1774
3274	1776
3275	1776
3276	1775
3277	1775
3278	1774
3279	1774
3280	1774
3281	1774
3282	1776
3283	1776
3284	1778
3285	1778
3286	1777
3287	1777
3288	1777
3289	1777
3290	1776
3291	1776
3292	1776
3293	1776
3294	1776
3295	1776
3296	1778
3297	1778
3298	1780
3299	1780
3300	1782
3301	1782
3302	1782
3303	1782
3304	1782
3305	1782
3306	1782
3307	1782
3308	1782
3309	1782
3310	1781
3311	1781
3312	1783
3313	1785
3314	1785
3315	1785
3316	1785
3317	1785
3318	1785
3319	1785
3320	1785
3321	1786
3322	1786
3323	1787
3324	1787
3325	1787
3326	1788
3327	1790
3328	1790
3329	1790
3330	1791
3331	1791
3332	1791
3333	1791
3334	1791
3335	1791
3336	1791
3337	1793
3338	1793
3339	1793
3340	1795
3341	1795
3342	1795
3343	1796
3344	1796
3345	1796
3346	1798
3347	1798
3348	1800
3349	1800
3350	1800
3351	1800
3352	1800
3353	1802
3354	1802
3355	1804
3356	1804
3357	1804
3358	1804
3359	1804
3360	1804
3361	1803
3362	1803
3363	1804
3364	1804
3365	1806
3366	1806
3367	1806
3368	1805
3369	1804
3370	1804
3371	1805
3372	1806
3373	1807
3374	1808
3375	1809
3376	1809
3377	1810
3378	1811
3379	1812
3380	1813
3381	1814
3382	1814
3383	1815
3384	1816
3385	1817
3386	1817
3387	1818
3388	1819
3389	1820
3390	1821
3391	1822
3392	1823
3393	1824
3394	1825
3395	1826
3396	1826
3397	1827
3398	1828
3399	1829
3400	1830
3401	1831
3402	1832
3403	1833
3404	1834
3405	1835
3406	1835
3407	1836
3408	1837
3409	1837
3410	1838
3411	1839
3412	1840
3413	1841
3414	1842
3415	1842
3416	1842
3417	1843
3418	1844
3419	1845
3420	1845
3421	1846
3422	1847
3423	1848
3424	1849
3425	1850
3426	1851
3427	1851
3428	1852
3429	1853
3430	1854
3431	1855
3432	1856
3433	1857
3434	1858
3435	1859
3436	1860
3437	1861
3438	1862
3439	1863
3440	1864
3441	1864
3442	1865
3443	1866
3444	1867
3445	1868
3446	1869
3447	1870
3448	1871
3449	1871
3450	1872
3451	1873
3452	1874
3453	1875
3454	1876
3455	1877
3456	1878
3457	1879
3458	1880
3459	1880
3460	1881
3461	1882
3462	1883
3463	1884
3464	1884
3465	1885
3466	1886
3467	1887
3468	1888
3469	1889
3470	1890
3471	1891
3472	1891
3473	1892
3474	1893
3475	1894
3476	1895
3477	1896
3478	1897
3479	1898
3480	1899
3481	1900
3482	1901
3483	1902
3484	1903
3485	1904
3486	1905
3487	1905
3488	1906
3489	1907
3490	1908
3491	1908
3492	1909
3493	1910
3494	1911
3495	1912
3496	1913
3497	1914
3498	1914
3499	1915
3500	1915
3501	1916
3502	1917
3503	1917
3504	1918
3505	1919
3506	1920
3507	1920
3508	1921
3509	1922
3510	1923
3511	1924
3512	1925
3513	1925
3514	1926
3515	1927
3516	1928
3517	1929
3518	1930
3519	1931
3520	1932
3521	1933
3522	1934
3523	1935
3524	1935
3525	1936
3526	1937
3527	1938
3528	1939
3529	1940
3530	1941
3531	1942
3532	1943
3533	1943
3534	1944
3535	1945
3536	1946
3537	1947
3538	1948
3539	1948
3540	1948
3541	1949
3542	1950
3543	1951
3544	1952
3545	1953
3546	1953
3547	1954
3548	1955
3549	1955
3550	1956
3551	1957
3552	1958
3553	1958
3554	1959
3555	1960
3556	1961
3557	1962
3558	1963
3559	1964
3560	1964
3561	1965
3562	1966
3563	1967
3564	1968
3565	1969
3566	1970
3567	1971
3568	1972
3569	1973
3570	1974
3571	1975
3572	1976
3573	1976
3574	1977
3575	1978
3576	1978
3577	1979
3578	1980
3579	1981
3580	1981
3581	1982
3582	1982
3583	1982
3584	1983
3585	1984
3586	1985
3587	1986
3588	1987
3589	1987
3590	1988
3591	1989
3592	1990
3593	1991
3594	1992
3595	1993
3596	1994
3597	1995
3598	1996
3599	1997
3600	1998
3601	1999
3602	2000
3603	2001
3604	2002
3605	2003
3606	2003
3607	2004
3608	2005
3609	2006
3610	2007
3611	2008
3612	2009
3613	2010
3614	2010
3615	2011
3616	2012
3617	2013
3618	2014
3619	2015
3620	2016
3621	2016
3622	2017
3623	2018
3624	2019
3625	2020
3626	2021
3627	2022
3628	2023
3629	2024
3630	2024
3631	2025
3632	2026
3633	2027
3634	2028
3635	2029
3636	2030
3637	2031
3638	2032
3639	2033
3640	2033
3641	2034
3642	2035
3643	2036
3644	2037
3645	2038
3646	2039
3647	2040
3648	2041
3649	2042
3650	2043
3651	2044
3652	2045
3653	2045
3654	2046
3655	2047
3656	2048
3657	2048
3658	2049
3659	2050
3660	2051
3661	2052
3662	2053
3663	2053
3664	2054
3665	2055
3666	2055
3667	2055
3668	2055
3669	2055
3670	2055
3671	2056
3672	2057
3673	2058
3674	2058
3675	2057
3676	2058
3677	2059
3678	2060
3679	2061
3680	2062
3681	2063
3682	2064
3683	2065
3684	2066
3685	2067
3686	2068
3687	2068
3688	2069
3689	2070
3690	2071
3691	2072
3692	2073
3693	2073
3694	2074
3695	2074
3696	2074
3697	2075
3698	2076
3699	2076
3700	2077
3701	2078
3702	2079
3703	2080
3704	2081
3705	2082
3706	2083
3707	2084
3708	2085
3709	2086
3710	2087
3711	2088
3712	2089
3713	2090
3714	2091
3715	2091
3716	2091
3717	2092
3718	2093
3719	2094
3720	2094
3721	2095
3722	2096
3723	2097
3724	2098
3725	2099
3726	2100
3727	2101
3728	2102
3729	2103
3730	2104
3731	2105
3732	2105
3733	2106
3734	2107
3735	2108
3736	2109
3737	2109
3738	2110
3739	2110
3740	2111
3741	2112
3742	2113
3743	2114
3744	2115
3745	2116
3746	2117
3747	2118
3748	2119
3749	2120
3750	2120
3751	2121
3752	2122
3753	2122
3754	2123
3755	2124
3756	2125
3757	2126
3758	2126
3759	2127
3760	2128
3761	2129
3762	2130
3763	2131
3764	2132
3765	2133
3766	2134
3767	2135
3768	2136
3769	2137
3770	2138
3771	2138
3772	2139
3773	2139
3774	2140
3775	2141
3776	2142
3777	2143
3778	2144
3779	2145
3780	2145
3781	2146
3782	2147
3783	2148
3784	2149
3785	2150
3786	2151
3787	2152
3788	2153
3789	2154
3790	2155
3791	2155
3792	2156
3793	2156
3794	2157
3795	2158
3796	2159
3797	2160
3798	2161
3799	2162
3800	2162
3801	2163
3802	2164
3803	2165
3804	2166
3805	2167
3806	2167
3807	2168
3808	2169
3809	2170
3810	2170
3811	2171
3812	2171
3813	2172
3814	2173
3815	2174
3816	2175
3817	2175
3818	2176
3819	2177
3820	2178
3821	2179
3822	2180
3823	2180
3824	2181
3825	2182
3826	2183
3827	2184
3828	2185
3829	2186
3830	2187
3831	2188
3832	2188
3833	2188
3834	2189
3835	2190
3836	2191
3837	2192
3838	2193
3839	2194
3840	2195
3841	2196
3842	2197
3843	2198
3844	2199
3845	2200
3846	2201
3847	2202
3848	2202
3849	2203
3850	2204
3851	2205
3852	2206
3853	2207
3854	2208
3855	2209
3856	2210
3857	2211
3858	2212
3859	2213
3860	2214
3861	2215
3862	2216
3863	2217
3864	2217
3865	2218
3866	2219
3867	2219
3868	2220
3869	2221
3870	2222
3871	2222
3872	2223
3873	2224
3874	2224
3875	2225
3876	2226
3877	2227
3878	2228
3879	2229
3880	2230
3881	2231
3882	2232
3883	2233
3884	2234
3885	2235
3886	2236
3887	2237
3888	2238
3889	2239
3890	2240
3891	2240
3892	2241
3893	2242
3894	2242
3895	2243
3896	2244
3897	2245
3898	2246
3899	2247
3900	2248
3901	2249
3902	2250
3903	2251
3904	2252
3905	2253
3906	2254
3907	2254
3908	2254
3909	2255
3910	2255
3911	2255
3912	2256
3913	2256
3914	2257
3915	2257
3916	2258
3917	2259
3918	2260
3919	2260
3920	2261
3921	2262
3922	2263
3923	2264
3924	2265
3925	2266
3926	2267
3927	2268
3928	2269
3929	2270
3930	2270
3931	2271
3932	2272
3933	2273
3934	2274
3935	2275
3936	2276
3937	2277
3938	2278
3939	2278
3940	2279
3941	2280
3942	2281
3943	2282
3944	2282
3945	2283
3946	2283
3947	2284
3948	2285
3949	2286
3950	2287
3951	2288
3952	2289
3953	2289
3954	2290
3955	2290
3956	2289
3957	2290
3958	2291
3959	2292
3960	2293
3961	2294
3962	2295
3963	2296
3964	2297
3965	2298
3966	2299
3967	2299
3968	2300
3969	2301
3970	2302
3971	2303
3972	2303
3973	2304
3974	2305
3975	2305
3976	2306
3977	2306
3978	2307
3979	2307
3980	2308
3981	2309
3982	2310
3983	2310
3984	2311
3985	2312
3986	2313
3987	2314
3988	2315
3989	2316
3990	2317
3991	2318
3992	2319
3993	2320
3994	2321
3995	2322
3996	2323
3997	2324
3998	2325
3999	2326
4000	2327
4001	2328
4002	2329
4003	2330
4004	2330
4005	2331
4006	2331
4007	2332
4008	2333
4009	2334
4010	2335
4011	2336
4012	2337
4013	2337
4014	2338
4015	2339
4016	2339
4017	2339
4018	2340
4019	2341
4020	2342
4021	2343
4022	2344
4023	2344
4024	2345
4025	2345
4026	2346
4027	2347
4028	2348
4029	2349
4030	2350
4031	2351
4032	2352
4033	2353
4034	2354
4035	2355
4036	2355
4037	2355
4038	2356
4039	2357
4040	2358
4041	2358
4042	2359
4043	2360
4044	2361
4045	2362
4046	2363
4047	2364
4048	2365
4049	2366
4050	2367
4051	2368
4052	2369
4053	2369
4054	2369
4055	2370
4056	2371
4057	2372
4058	2373
4059	2374
4060	2375
4061	2375
4062	2376
4063	2377
4064	2378
4065	2379
4066	2380
4067	2381
4068	2382
4069	2383
4070	2384
4071	2385
4072	2385
4073	2386
4074	2387
4075	2388
4076	2389
4077	2389
4078	2390
4079	2391
4080	2391
4081	2392
4082	2393
4083	2394
4084	2395
4085	2396
4086	2397
4087	2398
4088	2399
4089	2400
4090	2401
4091	2401
4092	2401
4093	2402
4094	2403
4095	2404
4096	2405
4097	2406
4098	2407
4099	2407
4100	2408
4101	2409
4102	2410
4103	2411
4104	2412
4105	2413
4106	2414
4107	2414
4108	2415
4109	2415
4110	2416
4111	2417
4112	2418
4113	2419
4114	2419
4115	2420
4116	2421
4117	2422
4118	2423
4119	2424
4120	2425
4121	2425
4122	2426
4123	2427
4124	2427
4125	2428
4126	2429
4127	2430
4128	2431
4129	2431
4130	2432
4131	2433
4132	2434
4133	2435
4134	2436
4135	2437
4136	2438
4137	2439
4138	2440
4139	2441
4140	2442
4141	2443
4142	2444
4143	2445
4144	2446
4145	2447
4146	2448
4147	2449
4148	2450
4149	2451
4150	2452
4151	2453
4152	2454
4153	2455
4154	2456
4155	2456
4156	2456
4157	2457
4158	2458
4159	2459
4160	2460
4161	2461
4162	2462
4163	2463
4164	2464
4165	2465
4166	2466
4167	2467
4168	2468
4169	2468
4170	2469
4171	2470
4172	2471
4173	2472
4174	2473
4175	2474
4176	2475
4177	2476
4178	2477
4179	2478
4180	2479
4181	2480
4182	2481
4183	2482
4184	2482
4185	2483
4186	2484
4187	2485
4188	2485
4189	2486
4190	2487
4191	2488
4192	2488
4193	2489
4194	2490
4195	2491
4196	2492
4197	2492
4198	2493
4199	2494
4200	2495
4201	2496
4202	2497
4203	2498
4204	2499
4205	2499
4206	2500
4207	2501
4208	2502
4209	2503
4210	2504
4211	2505
4212	2506
4213	2507
4214	2508
4215	2509
4216	2509
4217	2510
4218	2511
4219	2512
4220	2512
4221	2512
4222	2513
4223	2514
4224	2514
4225	2514
4226	2515
4227	2516
4228	2517
4229	2518
4230	2519
4231	2520
4232	2520
4233	2521
4234	2521
4235	2522
4236	2523
4237	2524
4238	2525
4239	2525
4240	2526
4241	2527
4242	2528
4243	2529
4244	2530
4245	2531
4246	2532
4247	2533
4248	2534
4249	2535
4250	2536
4251	2537
4252	2538
4253	2538
4254	2538
4255	2539
4256	2539
4257	2538
4258	2538
4259	2539
4260	2540
4261	2541
4262	2542
4263	2543
4264	2544
4265	2545
4266	2546
4267	2546
4268	2547
4269	2548
4270	2548
4271	2549
4272	2550
4273	2551
4274	2551
4275	2552
4276	2553
4277	2554
4278	2555
4279	2556
4280	2557
4281	2557
4282	2558
4283	2558
4284	2559
4285	2559
4286	2560
4287	2561
4288	2562
4289	2563
4290	2564
4291	2565
4292	2566
4293	2567
4294	2568
4295	2569
4296	2570
4297	2571
4298	2572
4299	2573
4300	2574
4301	2575
4302	2576
4303	2577
4304	2578
4305	2578
4306	2579
4307	2579
4308	2580
4309	2581
4310	2582
4311	2583
4312	2584
4313	2585
4314	2585
4315	2586
4316	2587
4317	2587
4318	2588
4319	2588
4320	2588
4321	2589
4322	2589
4323	2590
4324	2591
4325	2592
4326	2593
4327	2594
4328	2595
4329	2596
4330	2597
4331	2598
4332	2599
4333	2600
4334	2601
4335	2602
4336	2603
4337	2604
4338	2604
4339	2605
4340	2606
4341	2607
4342	2607
4343	2608
4344	2609
4345	2610
4346	2611
4347	2612
4348	2613
4349	2614
4350	2615
4351	2616
4352	2617
4353	2618
4354	2618
4355	2618
4356	2619
4357	2620
4358	2621
4359	2622
4360	2623
4361	2623
4362	2624
4363	2624
4364	2625
4365	2626
4366	2627
4367	2628
4368	2629
4369	2630
4370	2631
4371	2632
4372	2633
4373	2634
4374	2634
4375	2635
4376	2636
4377	2636
4378	2637
4379	2638
4380	2639
4381	2639
4382	2640
4383	2640
4384	2641
4385	2641
4386	2642
4387	2643
4388	2644
4389	2644
4390	2645
4391	2646
4392	2646
4393	2647
4394	2648
4395	2649
4396	2650
4397	2651
4398	2652
4399	2653
4400	2654
4401	2655
4402	2656
4403	2656
4404	2657
4405	2658
4406	2659
4407	2660
4408	2661
4409	2661
4410	2662
4411	2663
4412	2664
4413	2665
4414	2666
4415	2667
4416	2668
4417	2669
4418	2670
4419	2670
4420	2671
4421	2672
4422	2673
4423	2674
4424	2675
4425	2676
4426	2677
4427	2678
4428	2679
4429	2680
4430	2681
4431	2682
4432	2683
4433	2683
4434	2684
4435	2685
4436	2686
4437	2686
4438	2686
4439	2687
4440	2688
4441	2688
4442	2689
4443	2690
4444	2691
4445	2692
4446	2692
4447	2693
4448	2694
4449	2695
4450	2696
4451	2697
4452	2697
4453	2697
4454	2698
4455	2699
4456	2700
4457	2701
4458	2702
4459	2703
4460	2704
4461	2704
4462	2704
4463	2705
4464	2706
4465	2706
4466	2707
4467	2708
4468	2709
4469	2710
4470	2711
4471	2712
4472	2713
4473	2714
4474	2715
4475	2716
4476	2717
4477	2717
4478	2718
4479	2719
4480	2720
4481	2721
4482	2722
4483	2723
4484	2723
4485	2724
4486	2725
4487	2726
4488	2727
4489	2728
4490	2729
4491	2730
4492	2731
4493	2732
4494	2733
4495	2734
4496	2735
4497	2736
4498	2737
4499	2737
4500	2738
4501	2739
4502	2740
4503	2741
4504	2742
4505	2742
4506	2743
4507	2744
4508	2745
4509	2746
4510	2747
4511	2748
4512	2749
4513	2750
4514	2750
4515	2751
4516	2752
4517	2753
4518	2753
4519	2753
4520	2754
4521	2755
4522	2756
4523	2756
4524	2757
4525	2758
4526	2759
4527	2760
4528	2761
4529	2761
4530	2762
4531	2763
4532	2764
4533	2765
4534	2765
4535	2766
4536	2767
4537	2768
4538	2769
4539	2769
4540	2770
4541	2771
4542	2771
4543	2772
4544	2772
4545	2773
4546	2774
4547	2775
4548	2776
4549	2777
4550	2778
4551	2779
4552	2780
4553	2781
4554	2781
4555	2782
4556	2783
4557	2784
4558	2785
4559	2786
4560	2787
4561	2788
4562	2789
4563	2790
4564	2791
4565	2791
4566	2792
4567	2792
4568	2793
4569	2794
4570	2795
4571	2796
4572	2797
4573	2798
4574	2799
4575	2800
4576	2801
4577	2801
4578	2801
4579	2802
4580	2803
4581	2803
4582	2804
4583	2805
4584	2806
4585	2806
4586	2807
4587	2808
4588	2809
4589	2810
4590	2811
4591	2812
4592	2813
4593	2814
4594	2815
4595	2816
4596	2817
4597	2818
4598	2819
4599	2820
4600	2821
4601	2822
4602	2822
4603	2823
4604	2824
4605	2824
4606	2825
4607	2826
4608	2826
4609	2827
4610	2828
4611	2828
4612	2829
4613	2830
4614	2830
4615	2830
4616	2831
4617	2832
4618	2833
4619	2834
4620	2835
4621	2835
4622	2836
4623	2837
4624	2838
4625	2839
4626	2839
4627	2840
4628	2841
4629	2842
4630	2843
4631	2844
4632	2845
4633	2846
4634	2847
4635	2848
4636	2849
4637	2850
4638	2850
4639	2851
4640	2852
4641	2853
4642	2853
4643	2854
4644	2855
4645	2856
4646	2857
4647	2858
4648	2858
4649	2859
4650	2860
4651	2861
4652	2862
4653	2863
4654	2864
4655	2864
4656	2865
4657	2866
4658	2866
4659	2867
4660	2868
4661	2869
4662	2870
4663	2871
4664	2872
4665	2873
4666	2874
4667	2874
4668	2875
4669	2875
4670	2876
4671	2877
4672	2878
4673	2879
4674	2879
4675	2879
4676	2880
4677	2881
4678	2882
4679	2883
4680	2884
4681	2885
4682	2886
4683	2887
4684	2888
4685	2889
4686	2890
4687	2891
4688	2891
4689	2892
4690	2893
4691	2893
4692	2893
4693	2894
4694	2895
4695	2896
4696	2897
4697	2897
4698	2898
4699	2899
4700	2900
4701	2901
4702	2902
4703	2903
4704	2903
4705	2904
4706	2905
4707	2905
4708	2906
4709	2907
4710	2908
4711	2909
4712	2910
4713	2911
4714	2912
4715	2913
4716	2914
4717	2915
4718	2916
4719	2916
4720	2917
4721	2917
4722	2918
4723	2919
4724	2920
4725	2920
4726	2921
4727	2922
4728	2923
4729	2924
4730	2925
4731	2926
4732	2927
4733	2928
4734	2929
4735	2930
4736	2931
4737	2932
4738	2933
4739	2933
4740	2934
4741	2934
4742	2935
4743	2936
4744	2936
4745	2937
4746	2938
4747	2939
4748	2940
4749	2941
4750	2941
4751	2941
4752	2942
4753	2943
4754	2944
4755	2945
4756	2946
4757	2946
4758	2946
4759	2947
4760	2948
4761	2949
4762	2950
4763	2951
4764	2952
4765	2953
4766	2954
4767	2954
4768	2955
4769	2956
4770	2957
4771	2957
4772	2958
4773	2959
4774	2960
4775	2961
4776	2962
4777	2963
4778	2964
4779	2965
4780	2966
4781	2967
4782	2968
4783	2969
4784	2969
4785	2969
4786	2970
4787	2971
4788	2972
4789	2973
4790	2974
4791	2975
4792	2975
4793	2976
4794	2976
4795	2977
4796	2977
4797	2978
4798	2979
4799	2980
4800	2981
4801	2982
4802	2983
4803	2984
4804	2985
4805	2985
4806	2986
4807	2987
4808	2987
4809	2988
4810	2989
4811	2990
4812	2990
4813	2990
4814	2991
4815	2992
4816	2992
4817	2992
4818	2993
4819	2993
4820	2994
4821	2995
4822	2996
4823	2997
4824	2998
4825	2999
4826	3000
4827	3001
4828	3002
4829	3003
4830	3004
4831	3005
4832	3006
4833	3007
4834	3008
4835	3008
4836	3009
4837	3009
4838	3009
4839	3010
4840	3010
4841	3011
4842	3012
4843	3013
4844	3014
4845	3015
4846	3015
4847	3016
4848	3017
4849	3018
4850	3019
4851	3020
4852	3020
4853	3020
4854	3021
4855	3022
4856	3023
4857	3024
4858	3025
4859	3025
4860	3026
4861	3027
4862	3028
4863	3029
4864	3030
4865	3031
4866	3032
4867	3033
4868	3034
4869	3034
4870	3035
4871	3036
4872	3037
4873	3038
4874	3038
4875	3039
4876	3040
4877	3041
4878	3042
4879	3043
4880	3043
4881	3044
4882	3045
4883	3046
4884	3047
4885	3048
4886	3049
4887	3049
4888	3050
4889	3051
4890	3052
4891	3053
4892	3054
4893	3055
4894	3056
4895	3057
4896	3058
4897	3059
4898	3060
4899	3061
4900	3062
4901	3063
4902	3064
4903	3065
4904	3065
4905	3066
4906	3067
4907	3068
4908	3069
4909	3070
4910	3071
4911	3071
4912	3071
4913	3072
4914	3072
4915	3073
4916	3074
4917	3075
4918	3076
4919	3077
4920	3078
4921	3079
4922	3080
4923	3081
4924	3082
4925	3082
4926	3083
4927	3084
4928	3084
4929	3085
4930	3086
4931	3087
4932	3088
4933	3089
4934	3090
4935	3091
4936	3092
4937	3093
4938	3094
4939	3095
4940	3095
4941	3095
4942	3096
4943	3097
4944	3098
4945	3099
4946	3100
4947	3101
4948	3102
4949	3103
4950	3104
4951	3105
4952	3105
4953	3106
4954	3107
4955	3107
4956	3108
4957	3108
4958	3109
4959	3110
4960	3110
4961	3111
4962	3112
4963	3113
4964	3114
4965	3115
4966	3116
4967	3117
4968	3118
4969	3119
4970	3120
4971	3121
4972	3122
4973	3123
4974	3124
4975	3125
4976	3125
4977	3126
4978	3127
4979	3128
4980	3129
4981	3130
4982	3131
4983	3132
4984	3133
4985	3134
4986	3134
4987	3135
4988	3136
4989	3136
4990	3137
4991	3138
4992	3138
4993	3139
4994	3139
4995	3140
4996	3141
4997	3142
4998	3143
4999	3144
5000	3145
5001	3146
5002	3146
5003	3147
5004	3147
5005	3148
5006	3149
5007	3149
5008	3150
5009	3151
5010	3152
5011	3153
5012	3153
5013	3154
5014	3155
5015	3155
5016	3156
5017	3157
5018	3158
5019	3159
5020	3160
5021	3161
5022	3162
5023	3163
5024	3164
5025	3165
5026	3166
5027	3166
5028	3167
5029	3168
5030	3169
5031	3170
5032	3170
5033	3171
5034	3172
5035	3173
5036	3173
5037	3173
5038	3173
5039	3174
5040	3175
5041	3175
5042	3176
5043	3177
5044	3178
5045	3179
5046	3180
5047	3180
5048	3181
5049	3182
5050	3183
5051	3184
5052	3185
5053	3185
5054	3186
5055	3187
5056	3188
5057	3189
5058	3190
5059	3191
5060	3192
5061	3193
5062	3194
5063	3195
5064	3195
5065	3196
5066	3197
5067	3198
5068	3199
5069	3200
5070	3201
5071	3201
5072	3202
5073	3203
5074	3204
5075	3205
5076	3206
5077	3207
5078	3207
5079	3208
5080	3209
5081	3210
5082	3211
5083	3212
5084	3213
5085	3214
5086	3215
5087	3216
5088	3216
5089	3216
5090	3217
5091	3217
5092	3218
5093	3219
5094	3220
5095	3221
5096	3222
5097	3223
5098	3224
5099	3224
5100	3225
5101	3226
5102	3226
5103	3227
5104	3228
5105	3229
5106	3230
5107	3231
5108	3232
5109	3233
5110	3234
5111	3235
5112	3236
5113	3236
5114	3237
5115	3238
5116	3238
5117	3238
5118	3238
5119	3239
5120	3240
5121	3241
5122	3242
5123	3242
5124	3243
5125	3244
5126	3245
5127	3246
5128	3247
5129	3248
5130	3248
5131	3249
5132	3250
5133	3251
5134	3252
5135	3253
5136	3254
5137	3254
5138	3255
5139	3256
5140	3256
5141	3257
5142	3258
5143	3259
5144	3259
5145	3260
5146	3260
5147	3261
5148	3261
5149	3262
5150	3263
5151	3264
5152	3265
5153	3266
5154	3267
5155	3268
5156	3269
5157	3270
5158	3271
5159	3272
5160	3273
5161	3273
5162	3274
5163	3274
5164	3275
5165	3276
5166	3277
5167	3277
5168	3278
5169	3279
5170	3280
5171	3281
5172	3281
5173	3282
5174	3283
5175	3282
5176	3282
5177	3282
5178	3282
5179	3282
5180	3282
5181	3284
5182	3284
5183	3285
5184	3285
5185	3285
5186	3285
5187	3284
5188	3284
5189	3284
5190	3284
5191	3286
5192	3286
5193	3288
5194	3288
5195	3287
5196	3287
5197	3287
5198	3289
5199	3289
5200	3289
5201	3289
5202	3289
5203	3289
5204	3290
5205	3290
5206	3292
5207	3292
5208	3292
5209	3293
5210	3295
5211	3295
5212	3295
5213	3297
5214	3297
5215	3299
5216	3299
5217	3299
5218	3299
5219	3299
5220	3298
5221	3298
5222	3298
5223	3299
5224	3299
5225	3299
5226	3301
5227	3303
5228	3303
5229	3303
5230	3305
5231	3305
5232	3307
5233	3307
5234	3307
5235	3307
5236	3306
5237	3306
5238	3306
5239	3306
5240	3308
5241	3310
5242	3310
5243	3310
5244	3310
5245	3310
5246	3310
5247	3309
5248	3309
5249	3309
5250	3309
5251	3309
5252	3308
5253	3308
5254	3310
5255	3310
5256	3312
5257	3312
5258	3312
5259	3312
5260	3314
5261	3313
5262	3313
5263	3313
5264	3313
5265	3313
5266	3313
5267	3312
5268	3312
5269	3312
5270	3312
5271	3312
5272	3314
5273	3314
5274	3316
5275	3316
5276	3316
5277	3316
5278	3316
5279	3316
5280	3316
5281	3318
5282	3318
5283	3318
5284	3318
5285	3318
5286	3318
5287	3318
5288	3318
5289	3319
5290	3319
5291	3320
5292	3320
5293	3320
5294	3321
5295	3323
5296	3323
5297	3323
5298	3325
5299	3325
5300	3325
5301	3325
5302	3325
5303	3325
5304	3325
5305	3325
5306	3327
5307	3327
5308	3327
5309	3328
5310	3330
5311	3330
5312	3330
5313	3331
5314	3331
5315	3333
5316	3333
5317	3333
5318	3333
5319	3333
5320	3333
5321	3335
5322	3335
5323	3337
5324	3337
5325	3337
5326	3337
5327	3336
5328	3336
5329	3336
5330	3335
5331	3335
5332	3337
5333	3337
5334	3339
5335	3339
5336	3339
5337	3338
5338	3338
5339	3338
5340	3337
5341	3337
5342	3337
5343	3337
5344	3337
5345	3337
5346	3339
5347	3339
5348	3338
5349	3340
5350	3340
5351	3340
5352	3341
5353	3341
5354	3343
5355	3345
5356	3345
5357	3345
5358	3347
5359	3348
5360	3348
5361	3348
5362	3349
5363	3349
5364	3348
5365	3348
5366	3348
5367	3347
5368	3347
5369	3347
5370	3347
5371	3349
5372	3351
5373	3351
5374	3351
5375	3353
5376	3353
5377	3353
5378	3353
5379	3353
5380	3353
5381	3352
5382	3352
5383	3354
5384	3354
5385	3354
5386	3354
5387	3354
5388	3353
5389	3353
5390	3355
5391	3355
5392	3355
5393	3355
5394	3356
5395	3357
5396	3357
5397	3357
5398	3358
5399	3358
5400	3358
5401	3358
5402	3358
5403	3358
5404	3358
5405	3358
5406	3360
5407	3360
5408	3360
5409	3361
5410	3363
5411	3363
5412	3363
5413	3365
5414	3365
5415	3365
5416	3367
5417	3367
5418	3367
5419	3369
5420	3371
5421	3371
5422	3371
5423	3371
5424	3371
5425	3370
5426	3370
5427	3370
5428	3370
5429	3370
5430	3370
5431	3370
5432	3371
5433	3371
5434	3371
5435	3372
5436	3374
5437	3374
5438	3374
5439	3375
5440	3374
5441	3374
5442	3376
5443	3376
5444	3378
5445	3377
5446	3377
5447	3377
5448	3376
5449	3378
5450	3378
5451	3378
5452	3378
5453	3378
5454	3378
5455	3380
5456	3380
5457	3382
5458	3382
5459	3382
5460	3382
5461	3381
5462	3381
5463	3381
5464	3381
5465	3380
5466	3379
5467	3379
5468	3379
5469	3381
5470	3381
5471	3382
5472	3382
5473	3382
5474	3381
5475	3380
5476	3380
5477	3380
5478	3379
5479	3378
5480	3378
5481	3378
5482	3378
5483	3380
5484	3380
5485	3381
5486	3381
5487	3381
5488	3381
5489	3381
5490	3381
5491	3381
5492	3383
5493	3383
5494	3385
5495	3385
5496	3385
5497	3385
5498	3385
5499	3385
5500	3385
5501	3387
5502	3386
5503	3386
5504	3386
5505	3388
5506	3388
5507	3389
5508	3389
5509	3389
5510	3391
5511	3391
5512	3393
5513	3393
5514	3393
5515	3395
5516	3395
5517	3395
5518	3395
5519	3395
5520	3395
5521	3394
5522	3395
5523	3395
5524	3395
5525	3395
5526	3397
5527	3399
5528	3399
5529	3399
5530	3401
5531	3401
5532	3403
5533	3403
5534	3403
5535	3403
5536	3403
5537	3403
5538	3402
5539	3402
5540	3404
5541	3404
5542	3403
5543	3403
5544	3402
5545	3402
5546	3402
5547	3402
5548	3404
5549	3406
5550	3405
5551	3405
5552	3405
5553	3405
5554	3405
5555	3405
5556	3407
5557	3407
5558	3406
5559	3406
5560	3406
5561	3406
5562	3406
5563	3408
5564	3408
5565	3408
5566	3407
5567	3407
5568	3407
5569	3407
5570	3407
5571	3407
5572	3409
5573	3409
5574	3411
5575	3411
5576	3411
5577	3411
5578	3411
5579	3411
5580	3411
5581	3413
5582	3413
5583	3413
5584	3413
5585	3413
5586	3413
5587	3413
5588	3413
5589	3414
5590	3414
5591	3415
5592	3415
5593	3415
5594	3416
5595	3418
5596	3418
5597	3418
5598	3420
5599	3420
5600	3419
5601	3419
5602	3419
5603	3419
5604	3419
5605	3421
5606	3421
5607	3423
5608	3423
5609	3422
5610	3422
5611	3424
5612	3424
5613	3425
5614	3425
5615	3425
5616	3425
5617	3425
5618	3425
5619	3425
5620	3425
5621	3426
5622	3428
5623	3428
5624	3428
5625	3430
5626	3430
5627	3430
5628	3432
5629	3432
5630	3433
5631	3435
5632	3435
5633	3435
5634	3435
5635	3435
5636	3435
5637	3435
5638	3437
5639	3437
5640	3437
5641	3437
5642	3437
5643	3436
5644	3435
5645	3435
5646	3435
5647	3437
5648	3437
5649	3439
5650	3439
5651	3439
5652	3438
5653	3438
5654	3438
5655	3440
5656	3440
5657	3440
5658	3442
5659	3442
5660	3442
5661	3442
5662	3441
5663	3441
5664	3441
5665	3441
5666	3443
5667	3445
5668	3445
5669	3445
5670	3447
5671	3448
5672	3448
5673	3448
5674	3448
5675	3449
5676	3449
5677	3448
5678	3448
5679	3448
5680	3448
5681	3447
5682	3447
5683	3449
5684	3449
5685	3449
5686	3449
5687	3449
5688	3449
5689	3449
5690	3451
5691	3451
5692	3453
5693	3453
5694	3453
5695	3454
5696	3456
5697	3456
5698	3456
5699	3456
5700	3458
5701	3458
5702	3459
5703	3461
5704	3461
5705	3463
5706	3463
5707	3463
5708	3463
5709	3463
5710	3463
5711	3462
5712	3462
5713	3462
5714	3462
5715	3462
5716	3462
5717	3464
5718	3464
5719	3464
5720	3465
5721	3465
5722	3465
5723	3465
5724	3465
5725	3465
5726	3465
5727	3465
5728	3465
5729	3465
5730	3466
5731	3466
5732	3466
5733	3466
5734	3467
5735	3469
5736	3469
5737	3469
5738	3471
5739	3471
5740	3473
5741	3473
5742	3473
5743	3473
5744	3473
5745	3475
5746	3475
5747	3475
5748	3474
5749	3473
5750	3473
5751	3475
5752	3475
5753	3477
5754	3477
5755	3477
5756	3476
5757	3476
5758	3476
5759	3476
5760	3475
5761	3475
5762	3475
5763	3474
5764	3474
5765	3476
5766	3476
5767	3476
5768	3476
5769	3475
5770	3475
5771	3476
5772	3476
5773	3476
5774	3477
5775	3477
5776	3477
5777	3479
5778	3479
5779	3480
5780	3480
5781	3480
5782	3480
5783	3479
5784	3478
5785	3478
5786	3478
5787	3480
5788	3480
5789	3480
5790	3480
5791	3480
5792	3480
5793	3479
5794	3479
5795	3481
5796	3480
5797	3479
5798	3479
5799	3479
5800	3479
5801	3479
5802	3481
5803	3481
5804	3483
5805	3483
5806	3483
5807	3482
5808	3482
5809	3484
5810	3484
5811	3485
5812	3487
5813	3487
5814	3487
5815	3487
5816	3489
5817	3491
5818	3491
5819	3491
5820	3493
5821	3493
5822	3493
5823	3493
5824	3493
5825	3493
5826	3492
5827	3494
5828	3494
5829	3494
5830	3494
5831	3493
5832	3492
5833	3492
5834	3492
5835	3493
5836	3493
5837	3493
5838	3493
5839	3494
5840	3494
5841	3494
5842	3494
5843	3494
5844	3494
5845	3494
5846	3494
5847	3495
5848	3495
5849	3495
5850	3497
5851	3497
5852	3497
5853	3499
5854	3498
5855	3498
5856	3498
5857	3497
5858	3499
5859	3499
5860	3499
5861	3498
5862	3498
5863	3498
5864	3498
5865	3498
5866	3500
5867	3500
5868	3502
5869	3502
5870	3502
5871	3502
5872	3501
5873	3501
5874	3501
5875	3501
5876	3501
5877	3501
5878	3501
5879	3503
5880	3504
5881	3504
5882	3504
5883	3504
5884	3504
5885	3504
5886	3503
5887	3504
5888	3504
5889	3504
5890	3504
5891	3503
5892	3503
5893	3504
5894	3504
5895	3505
5896	3505
5897	3505
5898	3506
5899	3508
5900	3508
5901	3507
5902	3508
5903	3507
5904	3507
5905	3507
5906	3507
5907	3507
5908	3506
5909	3506
5910	3508
5911	3508
5912	3508
5913	3508
5914	3508
5915	3508
5916	3508
5917	3510
5918	3510
5919	3510
5920	3509
5921	3509
5922	3509
5923	3509
5924	3509
5925	3509
5926	3509
5927	3511
5928	3512
5929	3512
5930	3512
5931	3512
5932	3512
5933	3512
5934	3512
5935	3512
5936	3513
5937	3513
5938	3514
5939	3514
5940	3514
5941	3515
5942	3517
5943	3517
5944	3517
5945	3519
5946	3519
5947	3521
5948	3521
5949	3520
5950	3521
5951	3521
5952	3521
5953	3523
5954	3523
5955	3525
5956	3525
5957	3525
5958	3525
5959	3524
5960	3524
5961	3524
5962	3526
5963	3527
5964	3526
5965	3526
5966	3526
5967	3526
5968	3526
5969	3526
5970	3527
5971	3527
5972	3529
5973	3529
5974	3529
5975	3531
5976	3530
5977	3530
5978	3530
5979	3530
5980	3530
5981	3530
5982	3530
5983	3530
5984	3530
5985	3530
5986	3530
5987	3532
5988	3534
5989	3534
5990	3534
5991	3534
5992	3534
5993	3534
5994	3534
5995	3536
5996	3536
5997	3536
5998	3536
5999	3536
6000	3536
6001	3536
6002	3536
6003	3537
6004	3538
6005	3538
6006	3538
6007	3539
6008	3541
6009	3541
6010	3541
6011	3543
6012	3543
6013	3543
6014	3543
6015	3543
6016	3543
6017	3543
6018	3545
6019	3544
6020	3544
6021	3544
6022	3544
6023	3545
6024	3547
6025	3547
6026	3547
6027	3547
6028	3547
6029	3549
6030	3549
6031	3549
6032	3549
6033	3549
6034	3551
6035	3551
6036	3551
6037	3551
6038	3550
6039	3550
6040	3550
6041	3549
6042	3549
6043	3551
6044	3551
6045	3553
6046	3553
6047	3553
6048	3552
6049	3552
6050	3552
6051	3552
6052	3552
6053	3552
6054	3552
6055	3552
6056	3552
6057	3554
6058	3553
6059	3552
6060	3553
6061	3554
6062	3554
6063	3556
6064	3556
6065	3556
6066	3557
6067	3557
6068	3559
6069	3559
6070	3558
6071	3558
6072	3558
6073	3558
6074	3558
6075	3560
6076	3560
6077	3562
6078	3562
6079	3562
6080	3562
6081	3562
6082	3562
6083	3562
6084	3561
6085	3561
6086	3561
6087	3561
6088	3563
6089	3562
6090	3562
6091	3562
6092	3562
6093	3562
6094	3562
6095	3562
6096	3563
6097	3563
6098	3563
6099	3563
6100	3564
6101	3566
6102	3566
6103	3565
6104	3567
6105	3567
6106	3567
6107	3567
6108	3567
6109	3567
6110	3566
6111	3567
6112	3567
6113	3569
6114	3569
6115	3569
6116	3570
6117	3572
6118	3571
6119	3571
6120	3573
6121	3572
6122	3574
6123	3574
6124	3574
6125	3574
6126	3574
6127	3573
6128	3573
6129	3575
6130	3575
6131	3575
6132	3575
6133	3577
6134	3579
6135	3579
6136	3579
6137	3579
6138	3581
6139	3581
6140	3581
6141	3581
6142	3581
6143	3581
6144	3580
6145	3580
6146	3581
6147	3580
6148	3579
6149	3579
6150	3578
6151	3578
6152	3578
6153	3578
6154	3580
6155	3582
6156	3582
6157	3582
6158	3582
6159	3582
6160	3582
6161	3582
6162	3582
6163	3582
6164	3584
6165	3584
6166	3584
6167	3584
6168	3584
6169	3584
6170	3584
6171	3586
6172	3586
6173	3588
6174	3588
6175	3588
6176	3590
6177	3592
6178	3592
6179	3594
6180	3594
6181	3595
6182	3595
6183	3595
6184	3595
6185	3594
6186	3594
6187	3594
6188	3594
6189	3596
6190	3598
6191	3598
6192	3598
6193	3598
6194	3598
6195	3598
6196	3597
6197	3597
6198	3597
6199	3597
6200	3597
6201	3597
6202	3599
6203	3601
6204	3601
6205	3601
6206	3600
6207	3600
6208	3600
6209	3600
6210	3600
6211	3602
6212	3602
6213	3603
6214	3603
6215	3603
6216	3603
6217	3603
6218	3603
6219	3603
6220	3602
6221	3603
6222	3605
6223	3605
6224	3605
6225	3605
6226	3605
6227	3605
6228	3605
6229	3607
6230	3607
6231	3607
6232	3607
6233	3607
6234	3607
6235	3607
6236	3608
6237	3608
6238	3609
6239	3609
6240	3609
6241	3610
6242	3609
6243	3609
6244	3611
6245	3611
6246	3611
6247	3613
6248	3615
6249	3615
6250	3615
6251	3616
6252	3616
6253	3618
6254	3617
6255	3617
6256	3617
6257	3617
6258	3617
6259	3618
6260	3620
6261	3620
6262	3620
6263	3620
6264	3620
6265	3620
6266	3619
6267	3619
6268	3618
6269	3618
6270	3618
6271	3618
6272	3620
6273	3622
6274	3622
6275	3621
6276	3621
6277	3621
6278	3621
6279	3620
6280	3620
6281	3620
6282	3622
6283	3622
6284	3622
6285	3622
6286	3622
6287	3622
6288	3624
6289	3623
6290	3623
6291	3623
6292	3623
6293	3623
6294	3624
6295	3624
6296	3624
6297	3626
6298	3626
6299	3626
6300	3626
6301	3625
6302	3624
6303	3623
6304	3623
6305	3625
6306	3625
6307	3627
6308	3627
6309	3627
6310	3627
6311	3627
6312	3627
6313	3629
6314	3629
6315	3629
6316	3629
6317	3629
6318	3629
6319	3628
6320	3628
6321	3627
6322	3627
6323	3627
6324	3627
6325	3627
6326	3629
6327	3629
6328	3631
6329	3631
6330	3631
6331	3633
6332	3635
6333	3635
6334	3635
6335	3635
6336	3637
6337	3637
6338	3637
6339	3639
6340	3639
6341	3639
6342	3639
6343	3639
6344	3638
6345	3637
6346	3639
6347	3639
6348	3639
6349	3639
6350	3639
6351	3639
6352	3639
6353	3640
6354	3640
6355	3640
6356	3640
6357	3640
6358	3641
6359	3641
6360	3641
6361	3641
6362	3640
6363	3640
6364	3640
6365	3640
6366	3642
6367	3642
6368	3642
6369	3643
6370	3643
6371	3643
6372	3644
6373	3644
6374	3646
6375	3646
6376	3646
6377	3645
6378	3645
6379	3645
6380	3644
6381	3644
6382	3646
6383	3645
6384	3644
6385	3643
6386	3643
6387	3643
6388	3643
6389	3645
6390	3645
6391	3645
6392	3644
6393	3646
6394	3646
6395	3646
6396	3647
6397	3647
6398	3649
6399	3649
6400	3651
6401	3651
6402	3653
6403	3653
6404	3653
6405	3655
6406	3655
6407	3657
6408	3657
6409	3657
6410	3657
6411	3657
6412	3656
6413	3656
6414	3656
6415	3656
6416	3656
6417	3656
6418	3656
6419	3656
6420	3657
6421	3657
6422	3657
6423	3657
6424	3659
6425	3659
6426	3659
6427	3661
6428	3663
6429	3663
6430	3662
6431	3661
6432	3661
6433	3661
6434	3661
6435	3661
6436	3661
6437	3662
6438	3662
6439	3662
6440	3663
6441	3662
6442	3662
6443	3662
6444	3662
6445	3662
6446	3662
6447	3664
6448	3664
6449	3664
6450	3663
6451	3663
6452	3662
6453	3664
6454	3664
6455	3665
6456	3665
6457	3665
6458	3665
6459	3665
6460	3664
6461	3664
6462	3666
6463	3666
6464	3666
6465	3665
6466	3665
6467	3665
6468	3665
6469	3665
6470	3665
6471	3665
6472	3665
6473	3667
6474	3667
6475	3667
6476	3667
6477	3667
6478	3667
6479	3666
6480	3667
6481	3667
6482	3668
6483	3668
6484	3668
6485	3669
6486	3671
6487	3671
6488	3670
6489	3671
6490	3673
6491	3673
6492	3673
6493	3672
6494	3673
6495	3673
6496	3673
6497	3675
6498	3675
6499	3677
6500	3677
6501	3677
6502	3677
6503	3677
6504	3677
6505	3676
6506	3675
6507	3675
6508	3675
6509	3675
6510	3675
6511	3675
6512	3674
6513	3674
6514	3675
6515	3675
6516	3677
6517	3677
6518	3676
6519	3676
6520	3676
6521	3676
6522	3676
6523	3678
6524	3678
6525	3680
6526	3680
6527	3680
6528	3680
6529	3679
6530	3679
6531	3679
6532	3679
6533	3678
6534	3678
6535	3679
6536	3681
6537	3681
6538	3681
6539	3683
6540	3683
6541	3682
6542	3682
6543	3682
6544	3681
6545	3681
6546	3681
6547	3683
6548	3683
6549	3683
6550	3683
6551	3683
6552	3683
6553	3683
6554	3683
6555	3685
6556	3687
6557	3687
6558	3687
6559	3687
6560	3687
6561	3687
6562	3687
6563	3688
6564	3688
6565	3688
6566	3688
6567	3688
6568	3688
6569	3688
6570	3688
6571	3689
6572	3689
6573	3690
6574	3690
6575	3690
6576	3691
6577	3693
6578	3693
6579	3693
6580	3695
6581	3695
6582	3695
6583	3695
6584	3695
6585	3695
6586	3695
6587	3697
6588	3696
6589	3698
6590	3698
6591	3697
6592	3698
6593	3699
6594	3699
6595	3699
6596	3701
6597	3701
6598	3702
6599	3702
6600	3702
6601	3702
6602	3702
6603	3702
6604	3702
6605	3704
6606	3703
6607	3703
6608	3704
6609	3706
6610	3706
6611	3706
6612	3706
6613	3706
6614	3708
6615	3708
6616	3708
6617	3708
6618	3708
6619	3708
6620	3708
6621	3710
6622	3710
6623	3710
6624	3710
6625	3710
6626	3709
6627	3708
6628	3708
6629	3708
6630	3710
6631	3710
6632	3712
6633	3712
6634	3712
6635	3711
6636	3711
6637	3711
6638	3713
6639	3713
6640	3714
6641	3714
6642	3714
6643	3716
6644	3716
6645	3717
6646	3719
6647	3718
6648	3717
6649	3719
6650	3719
6651	3719
6652	3719
6653	3719
6654	3719
6655	3718
6656	3717
6657	3717
6658	3717
6659	3717
6660	3717
6661	3717
6662	3719
6663	3719
6664	3721
6665	3721
6666	3721
6667	3721
6668	3721
6669	3721
6670	3721
6671	3721
6672	3720
6673	3720
6674	3720
6675	3722
6676	3722
6677	3721
6678	3721
6679	3721
6680	3721
6681	3722
6682	3722
6683	3722
6684	3722
6685	3722
6686	3723
6687	3725
6688	3725
6689	3725
6690	3724
6691	3726
6692	3726
6693	3726
6694	3726
6695	3726
6696	3725
6697	3725
6698	3727
6699	3727
6700	3727
6701	3729
6702	3730
6703	3730
6704	3729
6705	3729
6706	3729
6707	3729
6708	3729
6709	3729
6710	3728
6711	3728
6712	3730
6713	3729
6714	3729
6715	3729
6716	3729
6717	3729
6718	3729
6719	3731
6720	3731
6721	3733
6722	3733
6723	3735
6724	3735
6725	3735
6726	3735
6727	3735
6728	3735
6729	3735
6730	3736
6731	3736
6732	3736
6733	3736
6734	3736
6735	3736
6736	3736
6737	3736
6738	3736
6739	3735
6740	3735
6741	3735
6742	3735
6743	3735
6744	3735
6745	3735
6746	3736
6747	3736
6748	3737
6749	3737
6750	3737
6751	3738
6752	3737
6753	3737
6754	3739
6755	3739
6756	3741
6757	3741
6758	3741
6759	3743
6760	3745
6761	3745
6762	3745
6763	3747
6764	3747
6765	3747
6766	3747
6767	3747
6768	3746
6769	3746
6770	3746
6771	3746
6772	3747
6773	3749
6774	3749
6775	3749
6776	3749
6777	3749
6778	3749
6779	3749
6780	3751
6781	3750
6782	3749
6783	3749
6784	3749
6785	3749
6786	3748
6787	3748
6788	3750
6789	3750
6790	3752
6791	3752
6792	3752
6793	3752
6794	3752
6795	3752
6796	3752
6797	3752
6798	3754
6799	3756
6800	3756
6801	3756
6802	3758
6803	3758
6804	3759
6805	3759
6806	3758
6807	3758
6808	3758
6809	3758
6810	3758
6811	3760
6812	3760
6813	3759
6814	3759
6815	3758
6816	3758
6817	3758
6818	3758
6819	3760
6820	3760
6821	3760
6822	3760
6823	3760
6824	3760
6825	3759
6826	3759
6827	3759
6828	3759
6829	3758
6830	3758
6831	3760
6832	3760
6833	3762
6834	3762
6835	3761
6836	3761
6837	3761
6838	3761
6839	3761
6840	3763
6841	3763
6842	3763
6843	3763
6844	3763
6845	3763
6846	3765
6847	3765
6848	3765
6849	3765
6850	3767
6851	3767
6852	3767
6853	3767
6854	3767
6855	3767
6856	3766
6857	3766
6858	3766
6859	3767
6860	3767
6861	3767
6862	3769
6863	3769
6864	3769
6865	3768
6866	3767
6867	3767
6868	3766
6869	3766
6870	3768
6871	3767
6872	3767
6873	3767
6874	3767
6875	3767
6876	3767
6877	3769
6878	3769
6879	3771
6880	3771
6881	3771
6882	3773
6883	3773
6884	3775
6885	3775
6886	3775
6887	3775
6888	3777
6889	3777
6890	3779
6891	3779
6892	3779
6893	3779
6894	3778
6895	3777
6896	3776
6897	3778
6898	3778
6899	3778
6900	3778
6901	3778
6902	3778
6903	3778
6904	3778
6905	3779
6906	3779
6907	3779
6908	3779
6909	3779
6910	3779
6911	3779
6912	3779
6913	3781
6914	3781
6915	3782
6916	3782
6917	3781
6918	3781
6919	3780
6920	3780
6921	3781
6922	3781
6923	3781
6924	3781
6925	3781
6926	3781
6927	3780
6928	3780
6929	3782
6930	3782
6931	3782
6932	3782
6933	3782
6934	3782
6935	3782
6936	3784
6937	3784
6938	3786
6939	3786
6940	3786
6941	3787
6942	3787
6943	3787
6944	3789
6945	3789
6946	3790
6947	3792
6948	3792
6949	3792
6950	3792
6951	3794
6952	3795
6953	3795
6954	3795
6955	3796
6956	3796
6957	3796
6958	3796
6959	3796
6960	3796
6961	3795
6962	3797
6963	3797
6964	3797
6965	3797
6966	3797
6967	3797
6968	3797
6969	3797
6970	3798
6971	3798
6972	3798
6973	3798
6974	3798
6975	3800
6976	3801
6977	3800
6978	3800
6979	3800
6980	3800
6981	3800
6982	3800
6983	3800
6984	3800
6985	3801
6986	3801
6987	3801
6988	3803
6989	3803
6990	3803
6991	3805
6992	3804
6993	3804
6994	3804
6995	3803
6996	3805
6997	3805
6998	3805
6999	3804
7000	3804
7001	3804
7002	3804
7003	3804
7004	3806
7005	3806
7006	3808
7007	3808
7008	3808
7009	3808
7010	3807
7011	3807
7012	3807
7013	3807
7014	3807
7015	3807
7016	3807
7017	3809
7018	3809
7019	3809
7020	3808
7021	3807
7022	3807
7023	3807
7024	3807
7025	3807
7026	3807
7027	3808
7028	3808
7029	3809
7030	3809
7031	3809
7032	3810
7033	3810
7034	3812
7035	3812
7036	3812
7037	3813
7038	3813
7039	3813
7040	3814
7041	3814
7042	3816
7043	3816
7044	3816
7045	3816
7046	3816
7047	3816
7048	3815
7049	3815
7050	3817
7051	3816
7052	3816
7053	3816
7054	3816
7055	3816
7056	3816
7057	3818
7058	3818
7059	3818
7060	3818
7061	3818
7062	3819
7063	3819
7064	3819
7065	3818
7066	3818
7067	3818
7068	3818
7069	3818
7070	3818
7071	3818
7072	3820
7073	3822
7074	3822
7075	3822
7076	3822
7077	3822
7078	3822
7079	3822
7080	3822
7081	3823
7082	3823
7083	3823
7084	3823
7085	3825
7086	3825
7087	3825
7088	3827
7089	3827
7090	3828
7091	3828
7092	3828
7093	3829
7094	3830
7095	3830
7096	3830
7097	3832
7098	3832
7099	3834
7100	3834
7101	3833
7102	3833
7103	3832
7104	3832
7105	3832
7106	3834
7107	3834
7108	3834
7109	3834
7110	3834
7111	3834
7112	3834
7113	3836
7114	3836
7115	3838
7116	3838
7117	3838
7118	3840
7119	3839
7120	3839
7121	3839
7122	3839
7123	3839
7124	3839
7125	3841
7126	3841
7127	3841
7128	3841
7129	3841
7130	3841
7131	3841
7132	3841
7133	3842
7134	3844
7135	3844
7136	3844
7137	3844
7138	3844
7139	3844
7140	3844
7141	3846
7142	3846
7143	3846
7144	3846
7145	3846
7146	3846
7147	3846
7148	3846
7149	3847
7150	3847
7151	3847
7152	3848
7153	3850
7154	3850
7155	3850
7156	3851
7157	3851
7158	3851
7159	3851
7160	3851
7161	3851
7162	3851
7163	3853
7164	3853
7165	3853
7166	3853
7167	3853
7168	3854
7169	3856
7170	3856
7171	3856
7172	3856
7173	3858
7174	3858
7175	3858
7176	3858
7177	3857
7178	3859
7179	3859
7180	3859
7181	3859
7182	3858
7183	3858
7184	3858
7185	3857
7186	3857
7187	3859
7188	3859
7189	3861
7190	3861
7191	3861
7192	3860
7193	3859
7194	3859
7195	3859
7196	3859
7197	3859
7198	3859
7199	3859
7200	3859
7201	3861
7202	3861
7203	3861
7204	3862
7205	3864
7206	3864
7207	3864
7208	3866
7209	3866
7210	3866
7211	3868
7212	3868
7213	3870
7214	3870
7215	3870
7216	3870
7217	3870
7218	3871
7219	3871
7220	3873
7221	3873
7222	3873
7223	3873
7224	3873
7225	3872
7226	3871
7227	3871
7228	3871
7229	3873
7230	3873
7231	3875
7232	3875
7233	3875
7234	3874
7235	3874
7236	3874
7237	3873
7238	3873
7239	3873
7240	3873
7241	3873
7242	3873
7243	3875
7244	3875
7245	3875
7246	3876
7247	3876
7248	3878
7249	3878
7250	3878
7251	3879
7252	3879
7253	3881
7254	3881
7255	3883
7256	3883
7257	3885
7258	3885
7259	3885
7260	3885
7261	3885
7262	3884
7263	3884
7264	3884
7265	3884
7266	3883
7267	3883
7268	3883
7269	3884
7270	3884
7271	3884
7272	3884
7273	3886
7274	3886
7275	3886
7276	3888
7277	3890
7278	3890
7279	3890
7280	3889
7281	3889
7282	3889
7283	3889
7284	3889
7285	3891
7286	3890
7287	3890
7288	3890
7289	3890
7290	3890
7291	3890
7292	3889
7293	3889
7294	3888
7295	3890
7296	3890
7297	3891
7298	3891
7299	3890
7300	3890
7301	3890
7302	3890
7303	3889
7304	3890
7305	3890
7306	3890
7307	3889
7308	3889
7309	3889
7310	3889
7311	3889
7312	3889
7313	3889
7314	3889
7315	3891
7316	3891
7317	3891
7318	3891
7319	3891
7320	3891
7321	3892
7322	3892
7323	3893
7324	3893
7325	3893
7326	3894
7327	3896
7328	3896
7329	3896
7330	3898
7331	3900
7332	3900
7333	3899
7334	3901
7335	3901
7336	3901
7337	3903
7338	3903
7339	3904
7340	3904
7341	3904
7342	3904
7343	3903
7344	3903
7345	3903
7346	3903
7347	3905
7348	3907
7349	3907
7350	3907
7351	3907
7352	3907
7353	3907
7354	3907
7355	3907
7356	3907
7357	3908
7358	3908
7359	3908
7360	3910
7361	3910
7362	3910
7363	3912
7364	3911
7365	3911
7366	3911
7367	3910
7368	3912
7369	3912
7370	3912
7371	3911
7372	3911
7373	3911
7374	3911
7375	3911
7376	3913
7377	3913
7378	3913
7379	3913
7380	3913
7381	3912
7382	3912
7383	3912
7384	3912
7385	3912
7386	3912
7387	3914
7388	3914
7389	3914
7390	3914
7391	3914
7392	3914
7393	3914
7394	3916
7395	3916
7396	3916
7397	3916
7398	3916
7399	3916
7400	3916
7401	3916
7402	3917
7403	3917
7404	3918
7405	3918
7406	3918
7407	3919
7408	3921
7409	3921
7410	3921
7411	3922
7412	3921
7413	3920
7414	3920
7415	3920
7416	3920
7417	3920
7418	3922
7419	3922
7420	3924
7421	3924
7422	3924
7423	3924
7424	3924
7425	3924
7426	3924
7427	3923
7428	3923
7429	3923
7430	3923
7431	3922
7432	3922
7433	3924
7434	3924
7435	3924
7436	3924
7437	3924
7438	3924
7439	3924
7440	3924
7441	3926
7442	3925
7443	3925
7444	3925
7445	3925
7446	3927
7447	3927
7448	3928
7449	3928
7450	3927
7451	3928
7452	3928
7453	3929
7454	3931
7455	3931
7456	3932
7457	3932
7458	3932
7459	3932
7460	3932
7461	3932
7462	3931
7463	3933
7464	3933
7465	3933
7466	3935
7467	3934
7468	3934
7469	3936
7470	3936
7471	3938
7472	3938
7473	3938
7474	3938
7475	3938
7476	3937
7477	3937
7478	3939
7479	3939
7480	3939
7481	3939
7482	3939
7483	3939
7484	3939
7485	3939
7486	3940
7487	3939
7488	3939
7489	3941
7490	3941
7491	3941
7492	3943
7493	3943
7494	3943
7495	3943
7496	3943
7497	3943
7498	3943
7499	3945
7500	3947
7501	3947
7502	3947
7503	3949
7504	3950
7505	3950
7506	3949
7507	3948
7508	3949
7509	3949
7510	3949
7511	3949
7512	3949
7513	3949
7514	3948
7515	3948
7516	3950
7517	3951
7518	3950
7519	3950
7520	3950
7521	3951
7522	3951
7523	3952
7524	3954
7525	3954
7526	3954
7527	3954
7528	3953
7529	3953
7530	3952
7531	3952
7532	3952
7533	3952
7534	3952
7535	3952
7536	3952
7537	3954
7538	3954
7539	3954
7540	3955
7541	3955
7542	3957
7543	3957
7544	3957
7545	3957
7546	3958
7547	3958
7548	3958
7549	3958
7550	3958
7551	3958
7552	3958
7553	3958
7554	3958
7555	3960
7556	3960
7557	3960
7558	3961
7559	3963
7560	3963
7561	3963
7562	3965
7563	3965
7564	3967
7565	3967
7566	3967
7567	3967
7568	3967
7569	3969
7570	3968
7571	3968
7572	3967
7573	3966
7574	3966
7575	3968
7576	3968
7577	3970
7578	3970
7579	3970
7580	3969
7581	3969
7582	3969
7583	3969
7584	3968
7585	3968
7586	3968
7587	3968
7588	3968
7589	3969
7590	3969
7591	3969
7592	3968
7593	3967
7594	3967
7595	3969
7596	3969
7597	3969
7598	3971
7599	3973
7600	3973
7601	3973
7602	3975
7603	3975
7604	3977
7605	3977
7606	3977
7607	3976
7608	3976
7609	3976
7610	3976
7611	3977
7612	3979
7613	3979
7614	3979
7615	3979
7616	3979
7617	3978
7618	3977
7619	3977
7620	3977
7621	3977
7622	3978
7623	3980
7624	3980
7625	3979
7626	3979
7627	3979
7628	3979
7629	3979
7630	3978
7631	3978
7632	3980
7633	3980
7634	3982
7635	3982
7636	3982
7637	3982
7638	3982
7639	3982
7640	3984
7641	3983
7642	3983
7643	3983
7644	3983
7645	3983
7646	3983
7647	3983
7648	3983
7649	3982
7650	3982
7651	3981
7652	3981
7653	3983
7654	3983
7655	3985
7656	3985
7657	3985
7658	3985
7659	3985
7660	3985
7661	3987
7662	3987
7663	3987
7664	3987
7665	3987
7666	3987
7667	3986
7668	3985
7669	3987
7670	3988
7671	3988
7672	3988
7673	3988
7674	3989
7675	3989
7676	3989
7677	3991
7678	3991
7679	3991
7680	3991
7681	3993
7682	3993
7683	3993
7684	3993
7685	3993
7686	3993
7687	3993
7688	3993
7689	3994
7690	3994
7691	3994
7692	3996
7693	3996
7694	3998
7695	3998
7696	3998
7697	3998
7698	3997
7699	3997
7700	3997
7701	3997
7702	3999
7703	3999
7704	3999
7705	3999
7706	4000
7707	4000
7708	4000
7709	3999
7710	4000
7711	4000
7712	4000
7713	4000
7714	4000
7715	4000
7716	4000
7717	4002
7718	4002
7719	4002
7720	4003
7721	4003
7722	4005
7723	4005
7724	4005
7725	4006
7726	4006
7727	4008
7728	4008
7729	4010
7730	4010
7731	4011
7732	4011
7733	4011
7734	4013
7735	4012
7736	4013
7737	4013
7738	4013
7739	4013
7740	4013
7741	4012
7742	4012
7743	4013
7744	4012
7745	4012
7746	4012
7747	4012
7748	4012
7749	4012
7750	4012
7751	4013
7752	4013
7753	4013
7754	4013
7755	4015
7756	4015
7757	4015
7758	4017
7759	4019
7760	4019
7761	4019
7762	4019
7763	4019
7764	4019
7765	4019
7766	4019
7767	4019
7768	4020
7769	4020
7770	4020
7771	4020
7772	4022
7773	4022
7774	4022
7775	4022
7776	4022
7777	4022
7778	4024
7779	4024
7780	4024
7781	4023
7782	4023
7783	4022
7784	4024
7785	4023
7786	4025
7787	4025
7788	4025
7789	4024
7790	4024
7791	4024
7792	4024
7793	4024
7794	4024
7795	4024
7796	4023
7797	4025
7798	4024
7799	4024
7800	4023
7801	4023
7802	4023
7803	4023
7804	4024
7805	4024
7806	4025
7807	4024
7808	4023
7809	4023
7810	4024
7811	4024
7812	4024
7813	4024
7814	4025
7815	4026
7816	4026
7817	4026
7818	4028
7819	4028
7820	4030
7821	4029
7822	4029
7823	4029
7824	4028
7825	4028
7826	4027
7827	4029
7828	4029
7829	4029
7830	4029
7831	4029
7832	4029
7833	4029
7834	4028
7835	4028
7836	4030
7837	4030
7838	4032
7839	4032
7840	4031
7841	4031
7842	4031
7843	4031
7844	4031
7845	4033
7846	4033
7847	4033
7848	4035
7849	4035
7850	4035
7851	4035
7852	4035
7853	4035
7854	4035
7855	4037
7856	4037
7857	4037
7858	4037
7859	4037
7860	4037
7861	4037
7862	4037
7863	4038
7864	4040
7865	4040
7866	4040
7867	4040
7868	4040
7869	4040
7870	4040
7871	4040
7872	4040
7873	4041
7874	4041
7875	4042
7876	4044
7877	4044
7878	4044
7879	4045
7880	4047
7881	4047
7882	4047
7883	4048
7884	4048
7885	4048
7886	4050
7887	4050
7888	4051
7889	4051
7890	4051
7891	4051
7892	4050
7893	4050
7894	4050
7895	4050
7896	4052
7897	4052
7898	4052
7899	4053
7900	4053
7901	4053
7902	4052
7903	4052
7904	4052
7905	4052
7906	4052
7907	4054
7908	4056
7909	4056
7910	4056
7911	4056
7912	4056
7913	4058
7914	4057
7915	4057
7916	4056
7917	4056
7918	4056
7919	4056
7920	4056
7921	4057
7922	4057
7923	4057
7924	4059
7925	4059
7926	4059
7927	4061
7928	4061
7929	4061
7930	4061
7931	4060
7932	4060
7933	4060
7934	4062
7935	4061
7936	4061
7937	4063
7938	4063
7939	4063
7940	4064
7941	4066
7942	4066
7943	4066
7944	4068
7945	4068
7946	4070
7947	4070
7948	4070
7949	4069
7950	4069
7951	4070
7952	4070
7953	4072
7954	4072
7955	4072
7956	4072
7957	4071
7958	4071
7959	4071
7960	4070
7961	4070
7962	4072
7963	4072
7964	4074
7965	4074
7966	4074
7967	4073
7968	4073
7969	4073
7970	4073
7971	4073
7972	4073
7973	4073
7974	4073
7975	4073
7976	4075
7977	4075
7978	4075
7979	4076
7980	4078
7981	4078
7982	4078
7983	4078
7984	4078
7985	4080
7986	4080
7987	4080
7988	4080
7989	4080
7990	4079
7991	4081
7992	4081
7993	4081
7994	4081
7995	4081
7996	4080
7997	4079
7998	4079
7999	4079
8000	4081
8001	4081
8002	4083
8003	4083
8004	4083
8005	4082
8006	4081
8007	4081
8008	4083
8009	4083
8010	4082
8011	4084
8012	4084
8013	4084
8014	4085
8015	4085
8016	4087
8017	4087
8018	4087
8019	4087
8020	4087
8021	4087
8022	4086
8023	4086
8024	4088
8025	4090
8026	4090
8027	4090
8028	4090
8029	4090
8030	4089
8031	4089
8032	4089
8033	4090
8034	4090
8035	4090
8036	4090
8037	4092
8038	4092
8039	4092
8040	4094
8041	4093
8042	4093
8043	4093
8044	4093
8045	4093
8046	4093
8047	4095
8048	4095
8049	4095
8050	4094
8051	4094
8052	4093
8053	4095
8054	4095
8055	4097
8056	4097
8057	4097
8058	4097
8059	4096
8060	4096
8061	4096
8062	4096
8063	4095
8064	4094
8065	4094
8066	4094
8067	4094
8068	4094
8069	4094
8070	4094
8071	4096
8072	4096
8073	4096
8074	4096
8075	4096
8076	4096
8077	4096
8078	4096
8079	4097
8080	4097
8081	4098
8082	4098
8083	4098
8084	4099
8085	4101
8086	4101
8087	4101
8088	4102
8089	4102
8090	4101
8091	4101
8092	4101
8093	4101
8094	4101
8095	4103
8096	4103
8097	4105
8098	4105
8099	4105
8100	4106
8101	4106
8102	4106
8103	4108
8104	4108
8105	4109
8106	4109
8107	4111
8108	4111
8109	4113
8110	4113
8111	4113
8112	4113
8113	4113
8114	4113
8115	4112
8116	4114
8117	4114
8118	4113
8119	4113
8120	4113
8121	4113
8122	4113
8123	4113
8124	4115
8125	4115
8126	4115
8127	4115
8128	4115
8129	4114
8130	4114
8131	4115
8132	4115
8133	4115
8134	4117
8135	4117
8136	4117
8137	4119
8138	4118
8139	4118
8140	4118
8141	4117
8142	4119
8143	4119
8144	4119
8145	4118
8146	4118
8147	4118
8148	4118
8149	4119
8150	4119
8151	4119
8152	4119
8153	4118
8154	4118
8155	4118
8156	4118
8157	4118
8158	4118
8159	4118
8160	4120
8161	4121
8162	4121
8163	4121
8164	4121
8165	4120
8166	4119
8167	4119
8168	4119
8169	4119
8170	4119
8171	4119
8172	4119
8173	4120
8174	4119
8175	4120
8176	4120
8177	4120
8178	4121
8179	4123
8180	4123
8181	4123
8182	4125
8183	4124
8184	4123
8185	4123
8186	4123
8187	4123
8188	4123
8189	4125
8190	4125
8191	4127
8192	4127
8193	4127
8194	4127
8195	4127
8196	4127
8197	4127
8198	4127
8199	4126
8200	4126
8201	4125
8202	4125
8203	4125
8204	4127
8205	4127
8206	4129
8207	4129
8208	4128
8209	4128
8210	4128
8211	4128
8212	4128
8213	4128
8214	4128
8215	4128
8216	4128
8217	4129
8218	4128
8219	4130
8220	4130
8221	4130
8222	4131
8223	4133
8224	4133
8225	4132
8226	4133
8227	4134
8228	4134
8229	4134
8230	4134
8231	4134
8232	4133
8233	4133
8234	4135
8235	4135
8236	4135
8237	4137
8238	4137
8239	4139
8240	4138
8241	4138
8242	4140
8243	4140
8244	4140
8245	4140
8246	4140
8247	4140
8248	4139
8249	4141
8250	4141
8251	4141
8252	4141
8253	4141
8254	4141
8255	4141
8256	4141
8257	4142
8258	4141
8259	4141
8260	4143
8261	4143
8262	4143
8263	4145
8264	4147
8265	4147
8266	4147
8267	4149
8268	4150
8269	4150
8270	4149
8271	4150
8272	4149
8273	4149
8274	4149
8275	4149
8276	4148
8277	4148
8278	4148
8279	4148
8280	4150
8281	4150
8282	4150
8283	4150
8284	4150
8285	4150
8286	4150
8287	4152
8288	4152
8289	4152
8290	4152
8291	4152
8292	4152
8293	4152
8294	4154
8295	4154
8296	4156
8297	4156
8298	4156
8299	4157
8300	4158
8301	4158
8302	4158
8303	4159
8304	4159
8305	4159
8306	4160
8307	4159
8308	4159
8309	4159
8310	4160
8311	4160
8312	4160
8313	4160
8314	4159
8315	4158
8316	4158
8317	4158
8318	4158
8319	4158
8320	4158
8321	4158
8322	4158
8323	4158
8324	4158
8325	4159
8326	4161
8327	4161
8328	4161
8329	4163
8330	4163
8331	4163
8332	4165
8333	4165
8334	4167
8335	4166
8336	4166
8337	4166
8338	4165
8339	4167
8340	4167
8341	4167
8342	4167
8343	4167
8344	4167
8345	4169
8346	4168
8347	4170
8348	4170
8349	4170
8350	4170
8351	4169
8352	4169
8353	4169
8354	4169
8355	4168
8356	4168
8357	4168
8358	4169
8359	4169
8360	4169
8361	4168
8362	4167
8363	4169
8364	4168
8365	4168
8366	4168
8367	4170
8368	4172
8369	4172
8370	4172
8371	4174
8372	4174
8373	4176
8374	4176
8375	4176
8376	4176
8377	4176
8378	4175
8379	4174
8380	4175
8381	4177
8382	4177
8383	4177
8384	4176
8385	4176
8386	4175
8387	4175
8388	4175
8389	4175
8390	4177
8391	4179
8392	4179
8393	4179
8394	4179
8395	4179
8396	4179
8397	4179
8398	4181
8399	4181
8400	4180
8401	4180
8402	4180
8403	4180
8404	4180
8405	4182
8406	4181
8407	4181
8408	4181
8409	4181
8410	4181
8411	4183
8412	4183
8413	4183
8414	4183
8415	4185
8416	4185
8417	4185
8418	4185
8419	4185
8420	4185
8421	4184
8422	4184
8423	4184
8424	4183
8425	4185
8426	4185
8427	4185
8428	4184
8429	4183
8430	4183
8431	4182
8432	4182
8433	4184
8434	4184
8435	4185
8436	4185
8437	4185
8438	4185
8439	4186
8440	4186
8441	4188
8442	4188
8443	4188
8444	4188
8445	4190
8446	4190
8447	4190
8448	4190
8449	4190
8450	4190
8451	4190
8452	4190
8453	4190
8454	4191
8455	4191
8456	4191
8457	4193
8458	4194
8459	4194
8460	4194
8461	4195
8462	4196
8463	4197
8464	4198
8465	4199
8466	4200
8467	4200
8468	4201
8469	4202
8470	4203
8471	4204
8472	4204
8473	4205
8474	4206
8475	4207
8476	4208
8477	4208
8478	4209
8479	4210
8480	4211
8481	4212
8482	4213
8483	4214
8484	4214
8485	4215
8486	4216
8487	4217
8488	4217
8489	4218
8490	4218
8491	4219
8492	4220
8493	4221
8494	4222
8495	4223
8496	4224
8497	4225
8498	4226
8499	4227
8500	4228
8501	4228
8502	4229
8503	4230
8504	4230
8505	4231
8506	4232
8507	4233
8508	4234
8509	4234
8510	4235
8511	4236
8512	4236
8513	4237
8514	4238
8515	4239
8516	4240
8517	4241
8518	4242
8519	4243
8520	4244
8521	4245
8522	4246
8523	4247
8524	4248
8525	4248
8526	4248
8527	4249
8528	4250
8529	4250
8530	4251
8531	4252
8532	4253
8533	4254
8534	4255
8535	4255
8536	4256
8537	4257
8538	4257
8539	4257
8540	4258
8541	4259
8542	4260
8543	4261
8544	4262
8545	4262
8546	4263
8547	4264
8548	4265
8549	4266
8550	4267
8551	4268
8552	4268
8553	4269
8554	4268
8555	4269
8556	4269
8557	4270
8558	4270
8559	4271
8560	4272
8561	4273
8562	4274
8563	4275
8564	4276
8565	4277
8566	4278
8567	4279
8568	4280
8569	4281
8570	4282
8571	4283
8572	4284
8573	4285
8574	4286
8575	4287
8576	4287
8577	4288
8578	4289
8579	4290
8580	4291
8581	4291
8582	4291
8583	4292
8584	4293
8585	4294
8586	4295
8587	4296
8588	4297
8589	4298
8590	4299
8591	4300
8592	4300
8593	4300
8594	4301
8595	4301
8596	4302
8597	4303
8598	4304
8599	4305
8600	4305
8601	4305
8602	4306
8603	4307
8604	4308
8605	4309
8606	4310
8607	4311
8608	4312
8609	4312
8610	4313
8611	4314
8612	4315
8613	4316
8614	4316
8615	4317
8616	4318
8617	4319
8618	4320
8619	4321
8620	4322
8621	4323
8622	4324
8623	4324
8624	4325
8625	4325
8626	4326
8627	4327
8628	4328
8629	4329
8630	4330
8631	4331
8632	4331
8633	4332
8634	4332
8635	4333
8636	4334
8637	4335
8638	4335
8639	4336
8640	4337
8641	4338
8642	4338
8643	4339
8644	4339
8645	4340
8646	4340
8647	4341
8648	4341
8649	4342
8650	4343
8651	4344
8652	4345
8653	4344
8654	4345
8655	4345
8656	4346
8657	4347
8658	4347
8659	4348
8660	4349
8661	4350
8662	4350
8663	4351
8664	4351
8665	4352
8666	4353
8667	4354
8668	4355
8669	4355
8670	4356
8671	4357
8672	4358
8673	4359
8674	4359
8675	4360
8676	4360
8677	4361
8678	4361
8679	4362
8680	4363
8681	4364
8682	4365
8683	4366
8684	4367
8685	4368
8686	4369
8687	4370
8688	4371
8689	4372
8690	4373
8691	4374
8692	4375
8693	4375
8694	4376
8695	4377
8696	4378
8697	4378
8698	4379
8699	4380
8700	4381
8701	4382
8702	4383
8703	4384
8704	4384
8705	4385
8706	4386
8707	4386
8708	4387
8709	4386
8710	4387
8711	4387
8712	4387
8713	4388
8714	4388
8715	4389
8716	4390
8717	4391
8718	4392
8719	4393
8720	4394
8721	4395
8722	4396
8723	4397
8724	4398
8725	4399
8726	4399
8727	4400
8728	4401
8729	4402
8730	4403
8731	4404
8732	4405
8733	4406
8734	4407
8735	4408
8736	4409
8737	4410
8738	4411
8739	4411
8740	4412
8741	4412
8742	4413
8743	4414
8744	4415
8745	4416
8746	4417
8747	4418
8748	4419
8749	4420
8750	4421
8751	4421
8752	4421
8753	4422
8754	4422
8755	4423
8756	4423
8757	4424
8758	4424
8759	4425
8760	4426
8761	4427
8762	4427
8763	4427
8764	4428
8765	4429
8766	4430
8767	4431
8768	4432
8769	4433
8770	4434
8771	4435
8772	4436
8773	4436
8774	4437
8775	4438
8776	4439
8777	4440
8778	4441
8779	4442
8780	4443
8781	4444
8782	4444
8783	4445
8784	4446
8785	4447
8786	4448
8787	4448
8788	4449
8789	4450
8790	4451
8791	4451
8792	4452
8793	4453
8794	4454
8795	4454
8796	4454
8797	4454
8798	4454
8799	4455
8800	4456
8801	4457
8802	4457
8803	4458
8804	4458
8805	4459
8806	4460
8807	4461
8808	4461
8809	4462
8810	4463
8811	4464
8812	4465
8813	4466
8814	4467
8815	4468
8816	4468
8817	4469
8818	4469
8819	4470
8820	4471
8821	4472
8822	4472
8823	4473
8824	4474
8825	4475
8826	4476
8827	4477
8828	4478
8829	4479
8830	4480
8831	4481
8832	4482
8833	4483
8834	4484
8835	4485
8836	4485
8837	4486
8838	4487
8839	4488
8840	4488
8841	4489
8842	4490
8843	4491
8844	4491
8845	4492
8846	4493
8847	4494
8848	4495
8849	4496
8850	4497
8851	4498
8852	4499
8853	4499
8854	4500
8855	4500
8856	4500
8857	4501
8858	4501
8859	4502
8860	4503
8861	4504
8862	4505
8863	4506
8864	4507
8865	4507
8866	4508
8867	4509
8868	4510
8869	4511
8870	4512
8871	4512
8872	4513
8873	4514
8874	4515
8875	4515
8876	4515
8877	4516
8878	4517
8879	4518
8880	4519
8881	4519
8882	4519
8883	4520
8884	4521
8885	4522
8886	4523
8887	4524
8888	4525
8889	4526
8890	4527
8891	4528
8892	4529
8893	4530
8894	4531
8895	4531
8896	4532
8897	4533
8898	4534
8899	4534
8900	4535
8901	4536
8902	4536
8903	4537
8904	4538
8905	4538
8906	4539
8907	4540
8908	4541
8909	4541
8910	4542
8911	4543
8912	4544
8913	4545
8914	4546
8915	4547
8916	4548
8917	4549
8918	4550
8919	4551
8920	4551
8921	4551
8922	4551
8923	4552
8924	4553
8925	4554
8926	4554
8927	4555
8928	4556
8929	4557
8930	4557
8931	4557
8932	4558
8933	4559
8934	4560
8935	4560
8936	4561
8937	4562
8938	4563
8939	4564
8940	4565
8941	4565
8942	4566
8943	4567
8944	4568
8945	4569
8946	4570
8947	4571
8948	4572
8949	4573
8950	4574
8951	4575
8952	4576
8953	4577
8954	4578
8955	4579
8956	4579
8957	4580
8958	4579
8959	4579
8960	4580
8961	4581
8962	4582
8963	4583
8964	4584
8965	4584
8966	4585
8967	4586
8968	4587
8969	4588
8970	4589
8971	4590
8972	4591
8973	4592
8974	4593
8975	4594
8976	4594
8977	4595
8978	4595
8979	4596
8980	4597
8981	4598
8982	4599
8983	4600
8984	4601
8985	4602
8986	4603
8987	4604
8988	4604
8989	4604
8990	4605
8991	4605
8992	4606
8993	4607
8994	4608
8995	4608
8996	4609
8997	4610
8998	4610
8999	4611
9000	4612
9001	4613
9002	4614
9003	4615
9004	4616
9005	4617
9006	4618
9007	4618
9008	4619
9009	4619
9010	4620
9011	4621
9012	4622
9013	4623
9014	4624
9015	4625
9016	4626
9017	4627
9018	4627
9019	4627
9020	4628
9021	4629
9022	4630
9023	4631
9024	4632
9025	4633
9026	4634
9027	4635
9028	4636
9029	4637
9030	4638
9031	4639
9032	4640
9033	4641
9034	4642
9035	4642
9036	4643
9037	4644
9038	4644
9039	4644
9040	4645
9041	4646
9042	4647
9043	4648
9044	4649
9045	4650
9046	4651
9047	4652
9048	4652
9049	4653
9050	4654
9051	4655
9052	4656
9053	4657
9054	4658
9055	4658
9056	4658
9057	4659
9058	4659
9059	4660
9060	4660
9061	4660
9062	4661
9063	4661
9064	4662
9065	4663
9066	4663
9067	4664
9068	4665
9069	4666
9070	4667
9071	4668
9072	4667
9073	4667
9074	4668
9075	4669
9076	4670
9077	4671
9078	4671
9079	4672
9080	4672
9081	4673
9082	4674
9083	4675
9084	4675
9085	4676
9086	4677
9087	4678
9088	4679
9089	4680
9090	4680
9091	4680
9092	4681
9093	4682
9094	4683
9095	4684
9096	4685
9097	4686
9098	4687
9099	4687
9100	4688
9101	4689
9102	4690
9103	4691
9104	4692
9105	4693
9106	4694
9107	4695
9108	4696
9109	4697
9110	4698
9111	4699
9112	4700
9113	4701
9114	4702
9115	4702
9116	4703
9117	4704
9118	4705
9119	4705
9120	4706
9121	4706
9122	4705
9123	4706
9124	4706
9125	4707
9126	4708
9127	4709
9128	4709
9129	4710
9130	4711
9131	4712
9132	4713
9133	4714
9134	4714
9135	4715
9136	4716
9137	4716
9138	4716
9139	4717
9140	4718
9141	4719
9142	4720
9143	4721
9144	4721
9145	4722
9146	4723
9147	4724
9148	4725
9149	4726
9150	4727
9151	4728
9152	4729
9153	4730
9154	4731
9155	4732
9156	4732
9157	4733
9158	4734
9159	4735
9160	4735
9161	4735
9162	4736
9163	4737
9164	4737
9165	4738
9166	4739
9167	4740
9168	4740
9169	4741
9170	4742
9171	4743
9172	4743
9173	4743
9174	4743
9175	4744
9176	4745
9177	4745
9178	4746
9179	4747
9180	4748
9181	4749
9182	4750
9183	4751
9184	4752
9185	4753
9186	4754
9187	4755
9188	4756
9189	4756
9190	4756
9191	4756
9192	4756
9193	4757
9194	4758
9195	4758
9196	4759
9197	4759
9198	4760
9199	4761
9200	4762
9201	4763
9202	4763
9203	4764
9204	4765
9205	4766
9206	4767
9207	4768
9208	4769
9209	4769
9210	4770
9211	4770
9212	4771
9213	4771
9214	4772
9215	4773
9216	4774
9217	4775
9218	4776
9219	4777
9220	4778
9221	4778
9222	4779
9223	4780
9224	4781
9225	4782
9226	4783
9227	4784
9228	4785
9229	4786
9230	4787
9231	4787
9232	4788
9233	4789
9234	4789
9235	4790
9236	4791
9237	4792
9238	4793
9239	4794
9240	4795
9241	4796
9242	4797
9243	4797
9244	4798
9245	4798
9246	4799
9247	4800
9248	4801
9249	4801
9250	4801
9251	4802
9252	4802
9253	4803
9254	4804
9255	4805
9256	4805
9257	4805
9258	4806
9259	4806
9260	4807
9261	4807
9262	4808
9263	4809
9264	4810
9265	4811
9266	4812
9267	4813
9268	4813
9269	4814
9270	4815
9271	4816
9272	4817
9273	4818
9274	4819
9275	4820
9276	4821
9277	4820
9278	4821
9279	4822
9280	4823
9281	4824
9282	4825
9283	4826
9284	4827
9285	4827
9286	4828
9287	4829
9288	4830
9289	4830
9290	4831
9291	4832
9292	4833
9293	4833
9294	4834
9295	4834
9296	4834
9297	4835
9298	4836
9299	4837
9300	4838
9301	4839
9302	4840
9303	4840
9304	4841
9305	4842
9306	4843
9307	4844
9308	4844
9309	4844
9310	4845
9311	4846
9312	4847
9313	4848
9314	4849
9315	4850
9316	4851
9317	4852
9318	4853
9319	4854
9320	4855
9321	4856
9322	4857
9323	4857
9324	4857
9325	4858
9326	4859
9327	4860
9328	4861
9329	4861
9330	4862
9331	4863
9332	4864
9333	4865
9334	4866
9335	4867
9336	4867
9337	4868
9338	4869
9339	4870
9340	4871
9341	4872
9342	4873
9343	4874
9344	4875
9345	4876
9346	4877
9347	4878
9348	4879
9349	4880
9350	4881
9351	4882
9352	4882
9353	4883
9354	4884
9355	4885
9356	4886
9357	4887
9358	4888
9359	4889
9360	4890
9361	4891
9362	4891
9363	4892
9364	4893
9365	4894
9366	4895
9367	4896
9368	4897
9369	4898
9370	4899
9371	4900
9372	4901
9373	4902
9374	4903
9375	4903
9376	4904
9377	4905
9378	4906
9379	4906
9380	4907
9381	4908
9382	4909
9383	4910
9384	4911
9385	4911
9386	4912
9387	4912
9388	4912
9389	4912
9390	4912
9391	4913
9392	4913
9393	4914
9394	4915
9395	4916
9396	4917
9397	4918
9398	4919
9399	4920
9400	4921
9401	4922
9402	4923
9403	4923
9404	4924
9405	4925
9406	4926
9407	4927
9408	4928
9409	4929
9410	4929
9411	4929
9412	4930
9413	4931
9414	4930
9415	4931
9416	4932
9417	4933
9418	4934
9419	4935
9420	4936
9421	4937
9422	4938
9423	4938
9424	4938
9425	4939
9426	4940
9427	4941
9428	4942
9429	4943
9430	4943
9431	4944
9432	4944
9433	4945
9434	4946
9435	4946
9436	4947
9437	4948
9438	4949
9439	4950
9440	4951
9441	4952
9442	4953
9443	4954
9444	4954
9445	4955
9446	4956
9447	4957
9448	4958
9449	4959
9450	4960
9451	4961
9452	4962
9453	4962
9454	4963
9455	4963
9456	4964
9457	4965
9458	4966
9459	4967
9460	4968
9461	4969
9462	4970
9463	4971
9464	4971
9465	4972
9466	4971
9467	4971
9468	4972
9469	4973
9470	4974
9471	4975
9472	4976
9473	4977
9474	4978
9475	4979
9476	4979
9477	4979
9478	4980
9479	4980
9480	4980
9481	4981
9482	4981
9483	4982
9484	4982
9485	4983
9486	4983
9487	4984
9488	4985
9489	4986
9490	4987
9491	4988
9492	4988
9493	4989
9494	4990
9495	4991
9496	4992
9497	4993
9498	4994
9499	4995
9500	4996
9501	4997
9502	4998
9503	4999
9504	5000
9505	5001
9506	5002
9507	5003
9508	5003
9509	5004
9510	5005
9511	5006
9512	5006
9513	5007
9514	5008
9515	5009
9516	5010
9517	5011
9518	5012
9519	5013
9520	5014
9521	5015
9522	5016
9523	5017
9524	5018
9525	5018
9526	5019
9527	5019
9528	5020
9529	5021
9530	5022
9531	5023
9532	5024
9533	5024
9534	5025
9535	5026
9536	5027
9537	5028
9538	5029
9539	5030
9540	5031
9541	5032
9542	5033
9543	5033
9544	5034
9545	5034
9546	5035
9547	5036
9548	5037
9549	5038
9550	5039
9551	5040
9552	5041
9553	5042
9554	5042
9555	5043
9556	5043
9557	5044
9558	5045
9559	5046
9560	5047
9561	5048
9562	5049
9563	5050
9564	5050
9565	5050
9566	5051
9567	5052
9568	5053
9569	5053
9570	5054
9571	5055
9572	5056
9573	5056
9574	5057
9575	5058
9576	5058
9577	5059
9578	5059
9579	5060
9580	5061
9581	5061
9582	5062
9583	5062
9584	5063
9585	5064
9586	5065
9587	5065
9588	5066
9589	5066
9590	5067
9591	5068
9592	5069
9593	5070
9594	5071
9595	5072
9596	5073
9597	5074
9598	5075
9599	5075
9600	5076
9601	5076
9602	5077
9603	5077
9604	5076
9605	5077
9606	5078
9607	5079
9608	5080
9609	5081
9610	5082
9611	5083
9612	5084
9613	5085
9614	5086
9615	5086
9616	5087
9617	5088
9618	5089
9619	5090
9620	5091
9621	5092
9622	5092
9623	5092
9624	5093
9625	5094
9626	5095
9627	5095
9628	5096
9629	5096
9630	5096
9631	5097
9632	5098
9633	5099
9634	5100
9635	5101
9636	5102
9637	5103
9638	5104
9639	5105
9640	5106
9641	5106
9642	5106
9643	5107
9644	5108
9645	5109
9646	5110
9647	5111
9648	5112
9649	5113
9650	5114
9651	5115
9652	5115
9653	5115
9654	5116
9655	5116
9656	5117
9657	5117
9658	5118
9659	5119
9660	5120
9661	5120
9662	5121
9663	5122
9664	5122
9665	5123
9666	5124
9667	5124
9668	5125
9669	5126
9670	5127
9671	5128
9672	5129
9673	5130
9674	5131
9675	5132
9676	5133
9677	5134
9678	5134
9679	5135
9680	5136
9681	5137
9682	5138
9683	5139
9684	5140
9685	5140
9686	5140
9687	5141
9688	5141
9689	5142
9690	5143
9691	5144
9692	5144
9693	5145
9694	5146
9695	5147
9696	5148
9697	5149
9698	5150
9699	5151
9700	5152
9701	5151
9702	5152
9703	5153
9704	5154
9705	5155
9706	5156
9707	5157
9708	5157
9709	5158
9710	5159
9711	5160
9712	5160
9713	5160
9714	5161
9715	5161
9716	5162
9717	5163
9718	5164
9719	5164
9720	5165
9721	5166
9722	5167
9723	5168
9724	5169
9725	5170
9726	5171
9727	5172
9728	5173
9729	5174
9730	5175
9731	5176
9732	5177
9733	5178
9734	5179
9735	5180
9736	5181
9737	5182
9738	5182
9739	5183
9740	5183
9741	5184
9742	5185
9743	5186
9744	5187
9745	5188
9746	5189
9747	5190
9748	5191
9749	5192
9750	5192
9751	5192
9752	5193
9753	5193
9754	5193
9755	5194
9756	5194
9757	5195
9758	5196
9759	5197
9760	5198
9761	5199
9762	5200
9763	5201
9764	5202
9765	5202
9766	5203
9767	5204
9768	5204
9769	5205
9770	5206
9771	5207
9772	5208
9773	5208
9774	5208
9775	5209
9776	5209
9777	5210
9778	5211
9779	5212
9780	5213
9781	5214
9782	5215
9783	5216
9784	5217
9785	5218
9786	5219
9787	5220
9788	5221
9789	5222
9790	5223
9791	5224
9792	5225
9793	5225
9794	5226
9795	5226
9796	5227
9797	5228
9798	5229
9799	5230
9800	5231
9801	5232
9802	5233
9803	5233
9804	5234
9805	5235
9806	5236
9807	5237
9808	5238
9809	5238
9810	5239
9811	5240
9812	5241
9813	5242
9814	5243
9815	5244
9816	5245
9817	5246
9818	5247
9819	5247
9820	5248
9821	5249
9822	5250
9823	5251
9824	5252
9825	5253
9826	5254
9827	5255
9828	5256
9829	5257
9830	5257
9831	5258
9832	5258
9833	5259
9834	5260
9835	5261
9836	5261
9837	5261
9838	5262
9839	5263
9840	5263
9841	5264
9842	5264
9843	5265
9844	5266
9845	5267
9846	5268
9847	5269
9848	5269
9849	5270
9850	5270
9851	5271
9852	5272
9853	5273
9854	5273
9855	5272
9856	5273
9857	5274
9858	5275
9859	5275
9860	5276
9861	5277
9862	5277
9863	5278
9864	5279
9865	5280
9866	5281
9867	5282
9868	5283
9869	5284
9870	5284
9871	5284
9872	5284
9873	5285
9874	5286
9875	5286
9876	5287
9877	5287
9878	5288
9879	5289
9880	5290
9881	5289
9882	5290
9883	5291
9884	5292
9885	5293
9886	5294
9887	5294
9888	5295
9889	5296
9890	5297
9891	5298
9892	5299
9893	5300
9894	5301
9895	5302
9896	5303
9897	5303
9898	5304
9899	5304
9900	5304
9901	5305
9902	5306
9903	5307
9904	5308
9905	5308
9906	5308
9907	5309
9908	5310
9909	5311
9910	5312
9911	5313
9912	5314
9913	5315
9914	5315
9915	5316
9916	5317
9917	5318
9918	5319
9919	5320
9920	5320
9921	5321
9922	5322
9923	5322
9924	5323
9925	5324
9926	5324
9927	5325
9928	5326
9929	5327
9930	5328
9931	5329
9932	5329
9933	5330
9934	5331
9935	5332
9936	5333
9937	5334
9938	5334
9939	5335
9940	5336
9941	5337
9942	5337
9943	5338
9944	5339
9945	5340
9946	5341
9947	5342
9948	5343
9949	5344
9950	5345
9951	5346
9952	5347
9953	5348
9954	5349
9955	5350
9956	5351
9957	5352
9958	5353
9959	5354
9960	5355
9961	5356
9962	5357
9963	5358
9964	5358
9965	5359
9966	5360
9967	5361
9968	5362
9969	5363
9970	5364
9971	5364
9972	5365
9973	5365
9974	5364
9975	5365
9976	5366
9977	5367
9978	5368
9979	5369
9980	5370
9981	5371
9982	5370
9983	5371
9984	5372
9985	5373
9986	5374
9987	5374
9988	5375
9989	5376
9990	5377
9991	5377
9992	5378
9993	5379
9994	5380
9995	5380
9996	5380
9997	5381
9998	5382
9999	5382
10000	5382
10001	5382
10002	5383
10003	5384
10004	5385
10005	5386
10006	5387
10007	5388
10008	5389
10009	5390
10010	5390
10011	5390
10012	5391
10013	5391
10014	5391
10015	5392
10016	5392
10017	5393
10018	5394
10019	5395
10020	5395
10021	5395
10022	5396
10023	5397
10024	5398
10025	5399
10026	5400
10027	5401
10028	5402
10029	5403
10030	5404
10031	5405
10032	5406
10033	5407
10034	5408
10035	5409
10036	5409
10037	5409
10038	5410
10039	5411
10040	5412
10041	5413
10042	5413
10043	5413
10044	5414
10045	5415
10046	5416
10047	5416
10048	5417
10049	5418
10050	5419
10051	5420
10052	5421
10053	5422
10054	5422
10055	5423
10056	5423
10057	5424
10058	5425
10059	5425
10060	5426
10061	5427
10062	5428
10063	5429
10064	5430
10065	5431
10066	5432
10067	5433
10068	5434
10069	5435
10070	5435
10071	5435
10072	5436
10073	5437
10074	5437
10075	5438
10076	5439
10077	5440
10078	5441
10079	5442
10080	5443
10081	5444
10082	5445
10083	5446
10084	5447
10085	5448
10086	5449
10087	5450
10088	5450
10089	5451
10090	5452
10091	5453
10092	5454
10093	5454
10094	5454
10095	5455
10096	5456
10097	5457
10098	5458
10099	5459
10100	5459
10101	5460
10102	5461
10103	5462
10104	5463
10105	5464
10106	5465
10107	5466
10108	5466
10109	5467
10110	5468
10111	5469
10112	5470
10113	5471
10114	5472
10115	5473
10116	5474
10117	5475
10118	5475
10119	5476
10120	5476
10121	5476
10122	5476
10123	5477
10124	5478
10125	5478
10126	5479
10127	5480
10128	5481
10129	5482
10130	5483
10131	5484
10132	5484
10133	5485
10134	5485
10135	5486
10136	5487
10137	5487
10138	5488
10139	5489
10140	5490
10141	5491
10142	5491
10143	5492
10144	5493
10145	5494
10146	5495
10147	5496
10148	5497
10149	5498
10150	5499
10151	5500
10152	5501
10153	5501
10154	5502
10155	5503
10156	5504
10157	5505
10158	5506
10159	5507
10160	5507
10161	5506
10162	5506
10163	5507
10164	5507
10165	5508
10166	5509
10167	5510
10168	5511
10169	5511
10170	5512
10171	5512
10172	5512
10173	5513
10174	5514
10175	5515
10176	5515
10177	5515
10178	5516
10179	5516
10180	5517
10181	5518
10182	5519
10183	5519
10184	5520
10185	5521
10186	5522
10187	5523
10188	5524
10189	5525
10190	5526
10191	5526
10192	5527
10193	5528
10194	5528
10195	5528
10196	5529
10197	5530
10198	5531
10199	5532
10200	5533
10201	5534
10202	5535
10203	5536
10204	5537
10205	5538
10206	5539
10207	5540
10208	5541
10209	5541
10210	5542
10211	5543
10212	5544
10213	5544
10214	5545
10215	5546
10216	5547
10217	5548
10218	5549
10219	5550
10220	5551
10221	5552
10222	5552
10223	5552
10224	5552
10225	5553
10226	5552
10227	5553
10228	5554
10229	5555
10230	5556
10231	5557
10232	5558
10233	5558
10234	5559
10235	5560
10236	5561
10237	5561
10238	5562
10239	5563
10240	5564
10241	5565
10242	5566
10243	5567
10244	5568
10245	5569
10246	5569
10247	5570
10248	5570
10249	5570
10250	5571
10251	5572
10252	5573
10253	5573
10254	5574
10255	5575
10256	5576
10257	5577
10258	5578
10259	5579
10260	5580
10261	5580
10262	5581
10263	5582
10264	5583
10265	5584
10266	5584
10267	5585
10268	5586
10269	5587
10270	5588
10271	5589
10272	5590
10273	5591
10274	5592
10275	5592
10276	5591
10277	5591
10278	5592
10279	5593
10280	5594
10281	5595
10282	5596
10283	5597
10284	5598
10285	5599
10286	5600
10287	5601
10288	5602
10289	5603
10290	5604
10291	5604
10292	5605
10293	5606
10294	5607
10295	5608
10296	5609
10297	5609
10298	5610
10299	5610
10300	5610
10301	5610
10302	5611
10303	5612
10304	5613
10305	5614
10306	5615
10307	5616
10308	5617
10309	5618
10310	5619
10311	5620
10312	5621
10313	5621
10314	5622
10315	5623
10316	5624
10317	5624
10318	5624
10319	5625
10320	5625
10321	5626
10322	5626
10323	5626
10324	5627
10325	5626
10326	5627
10327	5628
10328	5628
10329	5628
10330	5629
10331	5630
10332	5631
10333	5632
10334	5632
10335	5633
10336	5633
10337	5634
10338	5635
10339	5636
10340	5637
10341	5638
10342	5639
10343	5640
10344	5641
10345	5642
10346	5642
10347	5642
10348	5643
10349	5644
10350	5645
10351	5646
10352	5647
10353	5648
10354	5648
10355	5649
10356	5650
10357	5650
10358	5651
10359	5652
10360	5653
10361	5653
10362	5653
10363	5654
10364	5655
10365	5655
10366	5656
10367	5657
10368	5658
10369	5659
10370	5660
10371	5661
10372	5662
10373	5661
10374	5662
10375	5662
10376	5662
10377	5663
10378	5664
10379	5665
10380	5666
10381	5667
10382	5668
10383	5669
10384	5670
10385	5671
10386	5672
10387	5673
10388	5673
10389	5673
10390	5674
10391	5675
10392	5676
10393	5677
10394	5678
10395	5679
10396	5680
10397	5681
10398	5681
10399	5681
10400	5680
10401	5680
10402	5681
10403	5682
10404	5683
10405	5684
10406	5684
10407	5685
10408	5685
10409	5686
10410	5687
10411	5687
10412	5688
10413	5689
10414	5689
10415	5690
10416	5691
10417	5692
10418	5693
10419	5694
10420	5695
10421	5696
10422	5697
10423	5698
10424	5699
10425	5700
10426	5701
10427	5702
10428	5702
10429	5703
10430	5704
10431	5705
10432	5705
10433	5706
10434	5707
10435	5708
10436	5709
10437	5710
10438	5710
10439	5711
10440	5712
10441	5713
10442	5714
10443	5715
10444	5716
10445	5717
10446	5717
10447	5717
10448	5718
10449	5718
10450	5719
10451	5720
10452	5721
10453	5722
10454	5722
10455	5723
10456	5724
10457	5725
10458	5726
10459	5727
10460	5728
10461	5729
10462	5730
10463	5730
10464	5730
10465	5731
10466	5732
10467	5733
10468	5734
10469	5735
10470	5735
10471	5736
10472	5736
10473	5737
10474	5738
10475	5739
10476	5739
10477	5739
10478	5740
10479	5740
10480	5741
10481	5742
10482	5743
10483	5743
10484	5744
10485	5745
10486	5746
10487	5747
10488	5747
10489	5748
10490	5748
10491	5749
10492	5749
10493	5748
10494	5749
10495	5750
10496	5751
10497	5752
10498	5753
10499	5754
10500	5755
10501	5755
10502	5756
10503	5757
10504	5757
10505	5757
10506	5758
10507	5759
10508	5760
10509	5761
10510	5761
10511	5761
10512	5762
10513	5763
10514	5764
10515	5765
10516	5766
10517	5767
10518	5768
10519	5769
10520	5770
10521	5771
10522	5772
10523	5772
10524	5773
10525	5774
10526	5775
10527	5776
10528	5777
10529	5778
10530	5779
10531	5780
10532	5780
10533	5781
10534	5782
10535	5783
10536	5784
10537	5785
10538	5786
10539	5786
10540	5786
10541	5787
10542	5788
10543	5789
10544	5789
10545	5789
10546	5789
10547	5789
10548	5790
10549	5791
10550	5791
10551	5792
10552	5793
10553	5794
10554	5795
10555	5795
10556	5796
10557	5797
10558	5798
10559	5798
10560	5798
10561	5799
10562	5800
10563	5801
10564	5801
10565	5802
10566	5803
10567	5803
10568	5804
10569	5805
10570	5806
10571	5807
10572	5808
10573	5808
10574	5809
10575	5810
10576	5810
10577	5811
10578	5812
10579	5813
10580	5812
10581	5813
10582	5813
10583	5814
10584	5815
10585	5815
10586	5816
10587	5817
10588	5818
10589	5819
10590	5820
10591	5821
10592	5822
10593	5823
10594	5824
10595	5825
10596	5826
10597	5826
10598	5827
10599	5828
10600	5828
10601	5829
10602	5830
10603	5831
10604	5831
10605	5831
10606	5832
10607	5833
10608	5834
10609	5835
10610	5835
10611	5836
10612	5837
10613	5838
10614	5839
10615	5840
10616	5841
10617	5841
10618	5842
10619	5842
10620	5842
10621	5843
10622	5843
10623	5844
10624	5845
10625	5846
10626	5847
10627	5848
10628	5848
10629	5849
10630	5850
10631	5850
10632	5851
10633	5852
10634	5852
10635	5853
10636	5854
10637	5855
10638	5856
10639	5857
10640	5858
10641	5859
10642	5860
10643	5861
10644	5862
10645	5863
10646	5864
10647	5865
10648	5866
10649	5867
10650	5868
10651	5869
10652	5870
10653	5871
10654	5872
10655	5872
10656	5873
10657	5874
10658	5875
10659	5876
10660	5877
10661	5876
10662	5877
10663	5878
10664	5878
10665	5878
10666	5879
10667	5880
10668	5881
10669	5882
10670	5883
10671	5884
10672	5885
10673	5886
10674	5887
10675	5888
10676	5889
10677	5890
10678	5890
10679	5891
10680	5891
10681	5892
10682	5892
10683	5893
10684	5894
10685	5895
10686	5895
10687	5896
10688	5897
10689	5898
10690	5899
10691	5900
10692	5901
10693	5901
10694	5901
10695	5902
10696	5903
10697	5903
10698	5904
10699	5905
10700	5905
10701	5906
10702	5907
10703	5907
10704	5908
10705	5909
10706	5910
10707	5910
10708	5911
10709	5912
10710	5913
10711	5914
10712	5915
10713	5915
10714	5916
10715	5917
10716	5918
10717	5919
10718	5920
10719	5921
10720	5922
10721	5923
10722	5924
10723	5925
10724	5926
10725	5927
10726	5928
10727	5928
10728	5929
10729	5930
10730	5931
10731	5932
10732	5933
10733	5933
10734	5934
10735	5934
10736	5934
10737	5935
10738	5936
10739	5937
10740	5938
10741	5939
10742	5940
10743	5940
10744	5941
10745	5942
10746	5943
10747	5943
10748	5944
10749	5944
10750	5945
10751	5946
10752	5947
10753	5948
10754	5949
10755	5949
10756	5950
10757	5951
10758	5952
10759	5953
10760	5954
10761	5954
10762	5955
10763	5956
10764	5956
10765	5957
10766	5958
10767	5959
10768	5960
10769	5961
10770	5962
10771	5962
10772	5963
10773	5964
10774	5965
10775	5965
10776	5966
10777	5967
10778	5968
10779	5969
10780	5969
10781	5970
10782	5971
10783	5971
10784	5972
10785	5973
10786	5974
10787	5975
10788	5976
10789	5977
10790	5978
10791	5979
10792	5980
10793	5981
10794	5982
10795	5982
10796	5982
10797	5983
10798	5984
10799	5985
10800	5986
10801	5987
10802	5987
10803	5988
10804	5989
10805	5990
10806	5990
10807	5991
10808	5992
10809	5993
10810	5994
10811	5995
10812	5996
10813	5997
10814	5998
10815	5999
10816	6000
10817	6001
10818	6002
10819	6002
10820	6003
10821	6004
10822	6005
10823	6005
10824	6006
10825	6007
10826	6007
10827	6007
10828	6007
10829	6008
10830	6008
10831	6008
10832	6008
10833	6009
10834	6010
10835	6010
10836	6010
10837	6011
10838	6012
10839	6013
10840	6013
10841	6013
10842	6014
10843	6015
10844	6015
10845	6016
10846	6017
10847	6018
10848	6019
10849	6020
10850	6021
10851	6022
10852	6023
10853	6024
10854	6024
10855	6025
10856	6026
10857	6027
10858	6027
10859	6028
10860	6029
10861	6030
10862	6030
10863	6031
10864	6031
10865	6032
10866	6033
10867	6033
10868	6034
10869	6035
10870	6035
10871	6035
10872	6036
10873	6037
10874	6038
10875	6039
10876	6040
10877	6040
10878	6041
10879	6042
10880	6043
10881	6044
10882	6045
10883	6046
10884	6046
10885	6047
10886	6047
10887	6048
10888	6049
10889	6050
10890	6051
10891	6052
10892	6053
10893	6053
10894	6054
10895	6055
10896	6055
10897	6055
10898	6056
10899	6056
10900	6056
10901	6057
10902	6058
10903	6059
10904	6060
10905	6059
10906	6060
10907	6061
10908	6062
10909	6063
10910	6063
10911	6064
10912	6065
10913	6066
10914	6067
10915	6067
10916	6068
10917	6069
10918	6070
10919	6070
10920	6070
10921	6070
10922	6071
10923	6072
10924	6072
10925	6073
10926	6074
10927	6075
10928	6076
10929	6076
10930	6076
10931	6077
10932	6077
10933	6077
10934	6078
10935	6079
10936	6080
10937	6079
10938	6080
10939	6080
10940	6081
10941	6082
10942	6083
10943	6083
10944	6084
10945	6085
10946	6086
10947	6086
10948	6087
10949	6088
10950	6089
10951	6090
10952	6091
10953	6092
10954	6093
10955	6094
10956	6095
10957	6095
10958	6096
10959	6097
10960	6097
10961	6098
10962	6099
10963	6100
10964	6101
10965	6102
10966	6103
10967	6104
10968	6104
10969	6104
10970	6105
10971	6106
10972	6107
10973	6108
10974	6109
10975	6110
10976	6111
10977	6112
10978	6112
10979	6113
10980	6114
10981	6114
10982	6115
10983	6115
10984	6116
10985	6117
10986	6118
10987	6119
10988	6120
10989	6120
10990	6121
10991	6122
10992	6123
10993	6124
10994	6125
10995	6126
10996	6126
10997	6127
10998	6128
10999	6128
11000	6129
11001	6130
11002	6131
11003	6132
11004	6133
11005	6133
11006	6133
11007	6133
11008	6134
11009	6134
11010	6135
11011	6136
11012	6137
11013	6138
11014	6139
11015	6140
11016	6141
11017	6142
11018	6143
11019	6143
11020	6144
11021	6145
11022	6146
11023	6146
11024	6147
11025	6148
11026	6149
11027	6150
11028	6151
11029	6151
11030	6152
11031	6152
11032	6153
11033	6154
11034	6154
11035	6154
11036	6155
11037	6156
11038	6157
11039	6157
11040	6158
11041	6158
11042	6159
11043	6160
11044	6161
11045	6162
11046	6163
11047	6164
11048	6164
11049	6165
11050	6166
11051	6166
11052	6167
11053	6168
11054	6168
11055	6167
11056	6168
11057	6168
11058	6169
11059	6170
11060	6171
11061	6172
11062	6173
11063	6173
11064	6174
11065	6175
11066	6176
11067	6176
11068	6177
11069	6178
11070	6179
11071	6180
11072	6181
11073	6182
11074	6183
11075	6184
11076	6185
11077	6185
11078	6186
11079	6186
11080	6187
11081	6188
11082	6189
11083	6189
11084	6190
11085	6191
11086	6192
11087	6192
11088	6192
11089	6193
11090	6193
11091	6193
11092	6194
11093	6195
11094	6196
11095	6197
11096	6197
11097	6198
11098	6199
11099	6200
11100	6201
11101	6202
11102	6203
11103	6204
11104	6205
11105	6206
11106	6207
11107	6208
11108	6208
11109	6208
11110	6209
11111	6209
11112	6209
11113	6210
11114	6211
11115	6212
11116	6213
11117	6214
11118	6215
11119	6215
11120	6215
11121	6216
11122	6217
11123	6217
11124	6218
11125	6219
11126	6220
11127	6221
11128	6222
11129	6222
11130	6222
11131	6223
11132	6224
11133	6225
11134	6225
11135	6226
11136	6227
11137	6227
11138	6228
11139	6229
11140	6230
11141	6231
11142	6232
11143	6232
11144	6233
11145	6234
11146	6235
11147	6235
11148	6236
11149	6236
11150	6237
11151	6238
11152	6239
11153	6240
11154	6239
11155	6239
11156	6240
11157	6241
11158	6242
11159	6243
11160	6244
11161	6244
11162	6245
11163	6245
11164	6245
11165	6245
11166	6246
11167	6247
11168	6248
11169	6249
11170	6250
11171	6251
11172	6252
11173	6253
11174	6254
11175	6255
11176	6255
11177	6254
11178	6255
11179	6256
11180	6257
11181	6258
11182	6259
11183	6260
11184	6261
11185	6262
11186	6263
11187	6264
11188	6265
11189	6265
11190	6266
11191	6267
11192	6268
11193	6268
11194	6269
11195	6270
11196	6271
11197	6272
11198	6272
11199	6273
11200	6273
11201	6274
11202	6275
11203	6275
11204	6276
11205	6277
11206	6278
11207	6279
11208	6279
11209	6280
11210	6281
11211	6282
11212	6283
11213	6284
11214	6285
11215	6286
11216	6287
11217	6287
11218	6287
11219	6287
11220	6288
11221	6289
11222	6290
11223	6291
11224	6292
11225	6293
11226	6294
11227	6295
11228	6295
11229	6296
11230	6297
11231	6298
11232	6299
11233	6299
11234	6299
11235	6300
11236	6301
11237	6302
11238	6303
11239	6304
11240	6304
11241	6305
11242	6305
11243	6305
11244	6306
11245	6307
11246	6308
11247	6307
11248	6308
11249	6308
11250	6309
11251	6310
11252	6311
11253	6312
11254	6313
11255	6314
11256	6314
11257	6315
11258	6315
11259	6315
11260	6316
11261	6317
11262	6318
11263	6319
11264	6320
11265	6321
11266	6322
11267	6323
11268	6324
11269	6325
11270	6326
11271	6326
11272	6327
11273	6328
11274	6329
11275	6329
11276	6330
11277	6331
11278	6332
11279	6333
11280	6334
11281	6335
11282	6336
11283	6337
11284	6338
11285	6338
11286	6339
11287	6340
11288	6341
11289	6342
11290	6343
11291	6343
11292	6342
11293	6342
11294	6343
11295	6343
11296	6344
11297	6345
11298	6345
11299	6346
11300	6347
11301	6347
11302	6348
11303	6349
11304	6348
11305	6349
11306	6349
11307	6349
11308	6349
11309	6350
11310	6351
11311	6351
11312	6351
11313	6350
11314	6351
11315	6352
11316	6353
11317	6354
11318	6355
11319	6356
11320	6357
11321	6358
11322	6359
11323	6360
11324	6361
11325	6361
11326	6362
11327	6363
11328	6364
11329	6364
11330	6365
11331	6365
11332	6366
11333	6366
11334	6367
11335	6367
11336	6368
11337	6369
11338	6370
11339	6370
11340	6371
11341	6372
11342	6373
11343	6373
11344	6374
11345	6375
11346	6375
11347	6375
11348	6376
11349	6377
11350	6378
11351	6379
11352	6380
11353	6381
11354	6382
11355	6383
11356	6384
11357	6385
11358	6386
11359	6387
11360	6387
11361	6387
11362	6388
11363	6389
11364	6390
11365	6390
11366	6391
11367	6392
11368	6393
11369	6393
11370	6394
11371	6394
11372	6395
11373	6395
11374	6396
11375	6397
11376	6398
11377	6398
11378	6399
11379	6400
11380	6401
11381	6402
11382	6402
11383	6403
11384	6404
11385	6404
11386	6405
11387	6405
11388	6406
11389	6407
11390	6408
11391	6409
11392	6410
11393	6411
11394	6412
11395	6413
11396	6414
11397	6415
11398	6415
11399	6416
11400	6416
11401	6417
11402	6418
11403	6419
11404	6419
11405	6420
11406	6421
11407	6422
11408	6423
11409	6424
11410	6425
11411	6426
11412	6427
11413	6428
11414	6429
11415	6430
11416	6431
11417	6432
11418	6433
11419	6434
11420	6435
11421	6435
11422	6436
11423	6437
11424	6438
11425	6439
11426	6440
11427	6441
11428	6442
11429	6443
11430	6444
11431	6445
11432	6446
11433	6447
11434	6448
11435	6448
11436	6449
11437	6450
11438	6451
11439	6452
11440	6453
11441	6454
11442	6455
11443	6456
11444	6457
11445	6458
11446	6459
11447	6460
11448	6461
11449	6462
11450	6462
11451	6463
11452	6464
11453	6465
11454	6465
11455	6466
11456	6467
11457	6467
11458	6468
11459	6469
11460	6470
11461	6471
11462	6471
11463	6472
11464	6473
11465	6474
11466	6475
11467	6476
11468	6477
11469	6477
11470	6477
11471	6476
11472	6477
11473	6478
11474	6478
11475	6478
11476	6479
11477	6480
11478	6479
11479	6480
11480	6480
11481	6481
11482	6482
11483	6482
11484	6483
11485	6484
11486	6485
11487	6486
11488	6486
11489	6487
11490	6488
11491	6489
11492	6490
11493	6491
11494	6492
11495	6493
11496	6493
11497	6494
11498	6495
11499	6496
11500	6497
11501	6498
11502	6498
11503	6498
11504	6498
11505	6497
11506	6497
11507	6498
11508	6499
11509	6500
11510	6500
11511	6500
11512	6501
11513	6501
11514	6502
11515	6503
11516	6503
11517	6504
11518	6505
11519	6506
11520	6506
11521	6507
11522	6508
11523	6509
11524	6510
11525	6511
11526	6512
11527	6512
11528	6513
11529	6512
11530	6513
11531	6513
11532	6514
11533	6515
11534	6516
11535	6517
11536	6518
11537	6518
11538	6519
11539	6520
11540	6521
11541	6522
11542	6523
11543	6524
11544	6525
11545	6526
11546	6527
11547	6528
11548	6528
11549	6529
11550	6530
11551	6530
11552	6531
11553	6532
11554	6533
11555	6534
11556	6534
11557	6534
11558	6535
11559	6535
11560	6536
11561	6537
11562	6538
11563	6538
11564	6539
11565	6538
11566	6539
11567	6540
11568	6540
11569	6541
11570	6542
11571	6542
11572	6543
11573	6544
11574	6545
11575	6546
11576	6547
11577	6547
11578	6548
11579	6549
11580	6549
11581	6549
11582	6549
11583	6550
11584	6551
11585	6552
11586	6552
11587	6553
11588	6553
11589	6554
11590	6555
11591	6556
11592	6557
11593	6558
11594	6559
11595	6560
11596	6560
11597	6561
11598	6562
11599	6563
11600	6564
11601	6565
11602	6566
11603	6567
11604	6568
11605	6568
11606	6568
11607	6569
11608	6569
11609	6570
11610	6570
11611	6571
11612	6572
11613	6573
11614	6574
11615	6575
11616	6576
11617	6576
11618	6576
11619	6577
11620	6578
11621	6579
11622	6580
11623	6581
11624	6582
11625	6582
11626	6582
11627	6583
11628	6584
11629	6585
11630	6586
11631	6587
11632	6586
11633	6587
11634	6588
11635	6589
11636	6590
11637	6591
11638	6591
11639	6592
11640	6593
11641	6594
11642	6595
11643	6596
11644	6596
11645	6596
11646	6597
11647	6598
11648	6598
11649	6599
11650	6599
11651	6600
11652	6601
11653	6602
11654	6603
11655	6604
11656	6605
11657	6606
11658	6607
11659	6607
11660	6608
11661	6609
11662	6609
11663	6610
11664	6610
11665	6611
11666	6612
11667	6613
11668	6613
11669	6614
11670	6615
11671	6616
11672	6617
11673	6618
11674	6619
11675	6620
11676	6620
11677	6621
11678	6622
11679	6622
11680	6623
11681	6624
11682	6625
11683	6626
11684	6627
11685	6628
11686	6629
11687	6628
11688	6629
11689	6630
11690	6631
11691	6631
11692	6631
11693	6631
11694	6631
11695	6631
11696	6632
11697	6633
11698	6634
11699	6635
11700	6636
11701	6637
11702	6638
11703	6639
11704	6640
11705	6641
11706	6641
11707	6642
11708	6643
11709	6643
11710	6644
11711	6644
11712	6645
11713	6646
11714	6647
11715	6648
11716	6649
11717	6650
11718	6651
11719	6652
11720	6653
11721	6654
11722	6654
11723	6655
11724	6656
11725	6657
11726	6658
11727	6659
11728	6660
11729	6661
11730	6661
11731	6661
11732	6662
11733	6663
11734	6664
11735	6664
11736	6665
11737	6666
11738	6667
11739	6668
11740	6669
11741	6670
11742	6670
11743	6671
11744	6672
11745	6673
11746	6673
11747	6674
11748	6675
11749	6676
11750	6677
11751	6678
11752	6679
11753	6679
11754	6680
11755	6681
11756	6682
11757	6682
11758	6682
11759	6683
11760	6684
11761	6684
11762	6685
11763	6686
11764	6687
11765	6688
11766	6689
11767	6690
11768	6691
11769	6692
11770	6693
11771	6694
11772	6695
11773	6696
11774	6696
11775	6696
11776	6697
11777	6698
11778	6699
11779	6700
11780	6701
11781	6701
11782	6701
11783	6702
11784	6703
11785	6704
11786	6705
11787	6706
11788	6707
11789	6708
11790	6708
11791	6709
11792	6710
11793	6711
11794	6711
11795	6712
11796	6713
11797	6714
11798	6715
11799	6715
11800	6716
11801	6717
11802	6718
11803	6719
11804	6720
11805	6721
11806	6722
11807	6723
11808	6724
11809	6725
11810	6726
11811	6727
11812	6728
11813	6729
11814	6730
11815	6730
11816	6731
11817	6731
11818	6732
11819	6733
11820	6734
11821	6735
11822	6735
11823	6736
11824	6736
11825	6736
11826	6737
11827	6737
11828	6738
11829	6739
11830	6740
11831	6740
11832	6741
11833	6742
11834	6743
11835	6743
11836	6744
11837	6744
11838	6744
11839	6745
11840	6746
11841	6746
11842	6747
11843	6747
11844	6748
11845	6748
11846	6748
11847	6749
11848	6750
11849	6751
11850	6751
11851	6752
11852	6753
11853	6754
11854	6755
11855	6755
11856	6756
11857	6757
11858	6758
11859	6758
11860	6759
11861	6760
11862	6761
11863	6762
11864	6762
11865	6763
11866	6764
11867	6765
11868	6765
11869	6766
11870	6767
11871	6768
11872	6768
11873	6769
11874	6770
11875	6771
11876	6772
11877	6773
11878	6774
11879	6775
11880	6776
11881	6777
11882	6778
11883	6778
11884	6779
11885	6780
11886	6781
11887	6782
11888	6783
11889	6783
11890	6784
11891	6785
11892	6786
11893	6787
11894	6787
11895	6787
11896	6787
11897	6788
11898	6789
11899	6790
11900	6791
11901	6792
11902	6793
11903	6794
11904	6795
11905	6796
11906	6797
11907	6798
11908	6798
11909	6799
11910	6800
11911	6801
11912	6802
11913	6803
11914	6803
11915	6804
11916	6804
11917	6805
11918	6806
11919	6807
11920	6808
11921	6809
11922	6809
11923	6809
11924	6809
11925	6809
11926	6809
11927	6810
11928	6811
11929	6812
11930	6812
11931	6813
11932	6814
11933	6815
11934	6816
11935	6817
11936	6817
11937	6818
11938	6819
11939	6819
11940	6820
11941	6821
11942	6822
11943	6823
11944	6823
11945	6823
11946	6824
11947	6825
11948	6825
11949	6825
11950	6826
11951	6827
11952	6828
11953	6829
11954	6830
11955	6831
11956	6832
11957	6833
11958	6834
11959	6835
11960	6836
11961	6837
11962	6838
11963	6839
11964	6840
11965	6841
11966	6842
11967	6842
11968	6842
11969	6842
11970	6843
11971	6844
11972	6843
11973	6843
11974	6844
11975	6845
11976	6846
11977	6846
11978	6847
11979	6846
11980	6847
11981	6848
11982	6848
11983	6849
11984	6850
11985	6851
11986	6852
11987	6853
11988	6853
11989	6852
11990	6852
11991	6853
11992	6854
11993	6855
11994	6856
11995	6857
11996	6858
11997	6859
11998	6860
11999	6861
12000	6862
12001	6863
12002	6864
12003	6865
12004	6866
12005	6866
12006	6867
12007	6868
12008	6869
12009	6870
12010	6870
12011	6871
12012	6871
12013	6872
12014	6872
12015	6873
12016	6873
12017	6874
12018	6875
12019	6876
12020	6876
12021	6877
12022	6877
12023	6877
12024	6878
12025	6879
12026	6880
12027	6880
12028	6881
12029	6882
12030	6883
12031	6884
12032	6885
12033	6886
12034	6887
12035	6888
12036	6889
12037	6890
12038	6891
12039	6891
12040	6892
12041	6892
12042	6893
12043	6893
12044	6894
12045	6895
12046	6896
12047	6897
12048	6898
12049	6899
12050	6900
12051	6901
12052	6902
12053	6903
12054	6904
12055	6905
12056	6905
12057	6906
12058	6907
12059	6908
12060	6909
12061	6909
12062	6910
12063	6910
12064	6911
12065	6911
12066	6912
12067	6913
12068	6914
12069	6914
12070	6914
12071	6915
12072	6916
12073	6917
12074	6918
12075	6918
12076	6919
12077	6919
12078	6920
12079	6921
12080	6922
12081	6923
12082	6924
12083	6925
12084	6925
12085	6926
12086	6927
12087	6927
12088	6928
12089	6929
12090	6930
12091	6931
12092	6932
12093	6932
12094	6933
12095	6934
12096	6935
12097	6936
12098	6936
12099	6936
12100	6937
12101	6938
12102	6939
12103	6939
12104	6940
12105	6941
12106	6941
12107	6942
12108	6943
12109	6943
12110	6944
12111	6945
12112	6946
12113	6947
12114	6948
12115	6949
12116	6949
12117	6949
12118	6950
12119	6951
12120	6952
12121	6953
12122	6954
12123	6955
12124	6956
12125	6957
12126	6958
12127	6959
12128	6959
12129	6960
12130	6960
12131	6961
12132	6962
12133	6963
12134	6963
12135	6964
12136	6965
12137	6966
12138	6967
12139	6967
12140	6968
12141	6969
12142	6970
12143	6971
12144	6972
12145	6973
12146	6974
12147	6975
12148	6976
12149	6977
12150	6978
12151	6979
12152	6979
12153	6980
12154	6981
12155	6982
12156	6982
12157	6982
12158	6982
12159	6981
12160	6981
12161	6982
12162	6981
12163	6981
12164	6982
12165	6982
12166	6983
12167	6984
12168	6984
12169	6985
12170	6986
12171	6986
12172	6985
12173	6986
12174	6987
12175	6988
12176	6989
12177	6990
12178	6991
12179	6992
12180	6993
12181	6994
12182	6994
12183	6995
12184	6996
12185	6996
12186	6997
12187	6998
12188	6999
12189	7000
12190	7001
12191	7001
12192	7001
12193	7002
12194	7003
12195	7004
12196	7005
12197	7006
12198	7007
12199	7007
12200	7008
12201	7009
12202	7010
12203	7011
12204	7011
12205	7012
12206	7013
12207	7013
12208	7014
12209	7015
12210	7016
12211	7016
12212	7017
12213	7017
12214	7017
12215	7018
12216	7018
12217	7019
12218	7020
12219	7021
12220	7022
12221	7023
12222	7024
12223	7025
12224	7025
12225	7026
12226	7027
12227	7027
12228	7027
12229	7028
12230	7029
12231	7030
12232	7031
12233	7031
12234	7032
12235	7033
12236	7034
12237	7035
12238	7036
12239	7036
12240	7037
12241	7038
12242	7039
12243	7039
12244	7039
12245	7040
12246	7041
12247	7040
12248	7041
12249	7042
12250	7043
12251	7044
12252	7045
12253	7045
12254	7046
12255	7046
12256	7046
12257	7046
12258	7047
12259	7048
12260	7049
12261	7050
12262	7051
12263	7050
12264	7051
12265	7052
12266	7053
12267	7053
12268	7054
12269	7055
12270	7056
12271	7057
12272	7058
12273	7058
12274	7059
12275	7060
12276	7061
12277	7061
12278	7062
12279	7063
12280	7064
12281	7065
12282	7064
12283	7064
12284	7065
12285	7065
12286	7064
12287	7063
12288	7062
12289	7063
12290	7064
12291	7065
12292	7066
12293	7067
12294	7068
12295	7069
12296	7070
12297	7070
12298	7070
12299	7071
12300	7072
12301	7073
12302	7074
12303	7075
12304	7075
12305	7076
12306	7076
12307	7076
12308	7077
12309	7077
12310	7078
12311	7079
12312	7080
12313	7081
12314	7081
12315	7082
12316	7083
12317	7083
12318	7084
12319	7085
12320	7086
12321	7085
12322	7085
12323	7086
12324	7087
12325	7088
12326	7089
12327	7090
12328	7091
12329	7092
12330	7093
12331	7094
12332	7095
12333	7096
12334	7096
12335	7097
12336	7098
12337	7098
12338	7099
12339	7100
12340	7100
12341	7101
12342	7101
12343	7102
12344	7103
12345	7104
12346	7105
12347	7105
12348	7106
12349	7106
12350	7107
12351	7108
12352	7108
12353	7109
12354	7110
12355	7110
12356	7111
12357	7112
12358	7113
12359	7114
12360	7114
12361	7115
12362	7116
12363	7117
12364	7118
12365	7119
12366	7120
12367	7121
12368	7122
12369	7122
12370	7123
12371	7124
12372	7124
12373	7125
12374	7126
12375	7126
12376	7127
12377	7128
12378	7128
12379	7129
12380	7130
12381	7131
12382	7132
12383	7133
12384	7134
12385	7135
12386	7136
12387	7137
12388	7138
12389	7139
12390	7140
12391	7141
12392	7141
12393	7142
12394	7143
12395	7144
12396	7145
12397	7146
12398	7147
12399	7148
12400	7149
12401	7150
12402	7151
12403	7152
12404	7153
12405	7154
12406	7155
12407	7156
12408	7156
12409	7157
12410	7158
12411	7159
12412	7160
12413	7161
12414	7162
12415	7162
12416	7163
12417	7164
12418	7164
12419	7165
12420	7166
12421	7166
12422	7167
12423	7168
12424	7168
12425	7169
12426	7170
12427	7171
12428	7172
12429	7173
12430	7174
12431	7175
12432	7176
12433	7177
12434	7178
12435	7179
12436	7180
12437	7181
12438	7182
12439	7183
12440	7184
12441	7184
12442	7185
12443	7186
12444	7186
12445	7186
12446	7187
12447	7188
12448	7189
12449	7190
12450	7191
12451	7192
12452	7193
12453	7194
12454	7195
12455	7196
12456	7197
12457	7197
12458	7197
12459	7197
12460	7197
12461	7197
12462	7197
12463	7198
12464	7198
12465	7199
12466	7200
12467	7201
12468	7201
12469	7202
12470	7201
12471	7201
12472	7201
12473	7202
12474	7202
12475	7202
12476	7201
12477	7202
12478	7203
12479	7203
12480	7204
12481	7204
12482	7205
12483	7206
12484	7207
12485	7207
12486	7208
12487	7209
12488	7210
12489	7211
12490	7211
12491	7212
12492	7213
12493	7213
12494	7214
12495	7213
12496	7214
12497	7214
12498	7215
12499	7216
12500	7217
12501	7217
12502	7218
12503	7219
12504	7220
12505	7221
12506	7222
12507	7223
12508	7224
12509	7225
12510	7226
12511	7227
12512	7228
12513	7229
12514	7229
12515	7230
12516	7231
12517	7232
12518	7232
12519	7233
12520	7234
12521	7235
12522	7235
12523	7236
12524	7237
12525	7237
12526	7238
12527	7238
12528	7239
12529	7239
12530	7240
12531	7240
12532	7241
12533	7241
12534	7242
12535	7242
12536	7243
12537	7244
12538	7245
12539	7246
12540	7246
12541	7247
12542	7248
12543	7249
12544	7249
12545	7249
12546	7248
12547	7249
12548	7250
12549	7250
12550	7251
12551	7251
12552	7252
12553	7253
12554	7254
12555	7254
12556	7255
12557	7256
12558	7257
12559	7258
12560	7258
12561	7258
12562	7259
12563	7260
12564	7261
12565	7261
12566	7262
12567	7263
12568	7263
12569	7263
12570	7263
12571	7264
12572	7264
12573	7265
12574	7265
12575	7266
12576	7267
12577	7268
12578	7269
12579	7270
12580	7269
12581	7269
12582	7270
12583	7271
12584	7272
12585	7273
12586	7274
12587	7275
12588	7275
12589	7276
12590	7277
12591	7278
12592	7279
12593	7279
12594	7280
12595	7281
12596	7282
12597	7282
12598	7283
12599	7284
12600	7284
12601	7285
12602	7285
12603	7285
12604	7286
12605	7287
12606	7288
12607	7289
12608	7290
12609	7291
12610	7292
12611	7293
12612	7294
12613	7295
12614	7296
12615	7297
12616	7298
12617	7299
12618	7300
12619	7301
12620	7302
12621	7302
12622	7302
12623	7303
12624	7304
12625	7304
12626	7305
12627	7306
12628	7307
12629	7307
12630	7307
12631	7308
12632	7308
12633	7309
12634	7310
12635	7311
12636	7312
12637	7313
12638	7313
12639	7313
12640	7314
12641	7315
12642	7316
12643	7317
12644	7318
12645	7319
12646	7320
12647	7321
12648	7322
12649	7322
12650	7322
12651	7324
12652	7324
12653	7326
12654	7326
12655	7326
12656	7328
12657	7328
12658	7329
12659	7329
12660	7329
12661	7329
12662	7328
12663	7328
12664	7328
12665	7328
12666	7330
12667	7330
12668	7330
12669	7330
12670	7332
12671	7332
12672	7333
12673	7333
12674	7332
12675	7331
12676	7330
12677	7330
12678	7331
12679	7331
12680	7332
12681	7332
12682	7332
12683	7332
12684	7332
12685	7332
12686	7334
12687	7334
12688	7334
12689	7334
12690	7333
12691	7332
12692	7332
12693	7332
12694	7333
12695	7333
12696	7333
12697	7335
12698	7337
12699	7337
12700	7337
12701	7337
12702	7337
12703	7337
12704	7337
12705	7337
12706	7338
12707	7338
12708	7338
12709	7340
12710	7340
12711	7340
12712	7342
12713	7341
12714	7341
12715	7341
12716	7340
12717	7342
12718	7342
12719	7342
12720	7341
12721	7341
12722	7341
12723	7341
12724	7341
12725	7343
12726	7343
12727	7344
12728	7344
12729	7343
12730	7343
12731	7342
12732	7342
12733	7342
12734	7342
12735	7342
12736	7342
12737	7341
12738	7343
12739	7345
12740	7345
12741	7345
12742	7345
12743	7345
12744	7345
12745	7345
12746	7347
12747	7347
12748	7347
12749	7347
12750	7347
12751	7347
12752	7347
12753	7348
12754	7348
12755	7349
12756	7349
12757	7349
12758	7350
12759	7352
12760	7352
12761	7352
12762	7354
12763	7355
12764	7355
12765	7354
12766	7354
12767	7354
12768	7354
12769	7355
12770	7355
12771	7355
12772	7355
12773	7355
12774	7355
12775	7355
12776	7355
12777	7355
12778	7355
12779	7355
12780	7355
12781	7354
12782	7354
12783	7356
12784	7356
12785	7358
12786	7358
12787	7358
12788	7358
12789	7358
12790	7358
12791	7358
12792	7360
12793	7360
12794	7360
12795	7360
12796	7360
12797	7362
12798	7362
12799	7363
12800	7363
12801	7363
12802	7365
12803	7365
12804	7366
12805	7368
12806	7368
12807	7368
12808	7368
12809	7368
12810	7368
12811	7368
12812	7368
12813	7367
12814	7367
12815	7367
12816	7366
12817	7366
12818	7366
12819	7366
12820	7367
12821	7367
12822	7367
12823	7367
12824	7367
12825	7367
12826	7368
12827	7368
12828	7368
12829	7370
12830	7370
12831	7370
12832	7372
12833	7372
12834	7374
12835	7374
12836	7374
12837	7374
12838	7374
12839	7373
12840	7373
12841	7375
12842	7375
12843	7374
12844	7374
12845	7374
12846	7374
12847	7374
12848	7374
12849	7376
12850	7376
12851	7376
12852	7378
12853	7380
12854	7380
12855	7380
12856	7380
12857	7380
12858	7380
12859	7380
12860	7380
12861	7380
12862	7380
12863	7380
12864	7382
12865	7382
12866	7382
12867	7384
12868	7386
12869	7386
12870	7386
12871	7388
12872	7388
12873	7387
12874	7386
12875	7388
12876	7388
12877	7388
12878	7388
12879	7388
12880	7388
12881	7387
12882	7387
12883	7389
12884	7389
12885	7389
12886	7389
12887	7389
12888	7389
12889	7389
12890	7391
12891	7391
12892	7392
12893	7392
12894	7394
12895	7394
12896	7394
12897	7394
12898	7396
12899	7396
12900	7396
12901	7396
12902	7396
12903	7396
12904	7396
12905	7398
12906	7398
12907	7399
12908	7398
12909	7398
12910	7399
12911	7401
12912	7401
12913	7401
12914	7403
12915	7403
12916	7405
12917	7405
12918	7405
12919	7405
12920	7405
12921	7405
12922	7405
12923	7404
12924	7403
12925	7403
12926	7405
12927	7405
12928	7407
12929	7407
12930	7407
12931	7406
12932	7406
12933	7406
12934	7406
12935	7405
12936	7405
12937	7405
12938	7404
12939	7404
12940	7406
12941	7406
12942	7408
12943	7408
12944	7408
12945	7407
12946	7407
12947	7407
12948	7409
12949	7409
12950	7409
12951	7409
12952	7411
12953	7412
12954	7412
12955	7412
12956	7413
12957	7413
12958	7414
12959	7416
12960	7415
12961	7415
12962	7414
12963	7413
12964	7413
12965	7413
12966	7412
12967	7414
12968	7413
12969	7413
12970	7413
12971	7413
12972	7413
12973	7412
12974	7412
12975	7412
12976	7412
12977	7411
12978	7411
12979	7411
12980	7411
12981	7411
12982	7411
12983	7410
12984	7410
12985	7412
12986	7412
12987	7412
12988	7412
12989	7412
12990	7412
12991	7414
12992	7414
12993	7414
12994	7414
12995	7415
12996	7415
12997	7415
12998	7415
12999	7415
13000	7415
13001	7415
13002	7414
13003	7414
13004	7416
13005	7415
13006	7415
13007	7415
13008	7415
13009	7415
13010	7417
13011	7417
13012	7417
13013	7419
13014	7419
13015	7418
13016	7418
13017	7420
13018	7420
13019	7422
13020	7422
13021	7422
13022	7422
13023	7422
13024	7422
13025	7423
13026	7423
13027	7423
13028	7423
13029	7423
13030	7423
13031	7423
13032	7423
13033	7423
13034	7424
13035	7424
13036	7424
13037	7424
13038	7425
13039	7425
13040	7425
13041	7426
13042	7428
13043	7428
13044	7428
13045	7430
13046	7430
13047	7432
13048	7432
13049	7432
13050	7432
13051	7431
13052	7431
13053	7431
13054	7431
13055	7432
13056	7431
13057	7431
13058	7430
13059	7430
13060	7430
13061	7429
13062	7429
13063	7431
13064	7431
13065	7433
13066	7432
13067	7432
13068	7432
13069	7432
13070	7434
13071	7433
13072	7433
13073	7433
13074	7433
13075	7433
13076	7433
13077	7432
13078	7431
13079	7431
13080	7431
13081	7431
13082	7433
13083	7433
13084	7435
13085	7435
13086	7435
13087	7435
13088	7435
13089	7435
13090	7435
13091	7434
13092	7434
13093	7434
13094	7434
13095	7436
13096	7436
13097	7436
13098	7436
13099	7436
13100	7437
13101	7437
13102	7437
13103	7437
13104	7438
13105	7440
13106	7440
13107	7440
13108	7442
13109	7442
13110	7442
13111	7442
13112	7442
13113	7442
13114	7441
13115	7440
13116	7440
13117	7440
13118	7440
13119	7440
13120	7440
13121	7442
13122	7442
13123	7444
13124	7444
13125	7444
13126	7444
13127	7444
13128	7444
13129	7444
13130	7445
13131	7445
13132	7447
13133	7447
13134	7447
13135	7448
13136	7450
13137	7450
13138	7450
13139	7452
13140	7452
13141	7454
13142	7454
13143	7454
13144	7454
13145	7454
13146	7453
13147	7452
13148	7454
13149	7454
13150	7454
13151	7454
13152	7456
13153	7456
13154	7455
13155	7457
13156	7457
13157	7457
13158	7457
13159	7456
13160	7456
13161	7455
13162	7455
13163	7457
13164	7457
13165	7459
13166	7461
13167	7461
13168	7461
13169	7461
13170	7461
13171	7461
13172	7461
13173	7461
13174	7461
13175	7462
13176	7462
13177	7462
13178	7462
13179	7462
13180	7462
13181	7463
13182	7463
13183	7464
13184	7464
13185	7464
13186	7466
13187	7468
13188	7468
13189	7470
13190	7470
13191	7470
13192	7470
13193	7470
13194	7469
13195	7469
13196	7469
13197	7469
13198	7471
13199	7472
13200	7472
13201	7472
13202	7472
13203	7472
13204	7472
13205	7471
13206	7471
13207	7471
13208	7471
13209	7471
13210	7471
13211	7473
13212	7475
13213	7475
13214	7475
13215	7474
13216	7474
13217	7474
13218	7474
13219	7474
13220	7476
13221	7476
13222	7478
13223	7478
13224	7478
13225	7478
13226	7478
13227	7478
13228	7478
13229	7478
13230	7479
13231	7481
13232	7481
13233	7481
13234	7481
13235	7481
13236	7481
13237	7481
13238	7481
13239	7481
13240	7481
13241	7481
13242	7481
13243	7482
13244	7482
13245	7483
13246	7483
13247	7483
13248	7484
13249	7483
13250	7482
13251	7482
13252	7482
13253	7483
13254	7483
13255	7483
13256	7484
13257	7484
13258	7486
13259	7486
13260	7486
13261	7486
13262	7486
13263	7488
13264	7488
13265	7488
13266	7488
13267	7488
13268	7488
13269	7488
13270	7488
13271	7487
13272	7487
13273	7487
13274	7487
13275	7489
13276	7491
13277	7491
13278	7491
13279	7491
13280	7490
13281	7489
13282	7489
13283	7491
13284	7491
13285	7491
13286	7491
13287	7491
13288	7491
13289	7493
13290	7492
13291	7492
13292	7492
13293	7492
13294	7492
13295	7494
13296	7494
13297	7494
13298	7496
13299	7496
13300	7496
13301	7496
13302	7495
13303	7495
13304	7495
13305	7495
13306	7497
13307	7497
13308	7499
13309	7499
13310	7499
13311	7499
13312	7499
13313	7499
13314	7501
13315	7501
13316	7501
13317	7501
13318	7501
13319	7501
13320	7500
13321	7501
13322	7501
13323	7500
13324	7500
13325	7500
13326	7500
13327	7500
13328	7500
13329	7502
13330	7502
13331	7502
13332	7504
13333	7506
13334	7506
13335	7506
13336	7506
13337	7508
13338	7509
13339	7509
13340	7509
13341	7511
13342	7511
13343	7511
13344	7511
13345	7511
13346	7511
13347	7510
13348	7511
13349	7511
13350	7511
13351	7511
13352	7511
13353	7512
13354	7512
13355	7512
13356	7512
13357	7514
13358	7514
13359	7513
13360	7513
13361	7514
13362	7514
13363	7516
13364	7516
13365	7516
13366	7516
13367	7516
13368	7516
13369	7515
13370	7515
13371	7517
13372	7517
13373	7517
13374	7517
13375	7519
13376	7519
13377	7518
13378	7517
13379	7518
13380	7518
13381	7518
13382	7518
13383	7517
13384	7517
13385	7518
13386	7517
13387	7517
13388	7517
13389	7517
13390	7517
13391	7519
13392	7519
13393	7519
13394	7519
13395	7519
13396	7519
13397	7519
13398	7520
13399	7520
13400	7520
13401	7520
13402	7522
13403	7522
13404	7522
13405	7524
13406	7526
13407	7526
13408	7525
13409	7524
13410	7524
13411	7524
13412	7524
13413	7524
13414	7525
13415	7525
13416	7525
13417	7527
13418	7526
13419	7526
13420	7526
13421	7526
13422	7526
13423	7526
13424	7528
13425	7528
13426	7528
13427	7528
13428	7527
13429	7529
13430	7529
13431	7531
13432	7531
13433	7531
13434	7531
13435	7531
13436	7531
13437	7531
13438	7531
13439	7531
13440	7531
13441	7531
13442	7531
13443	7531
13444	7530
13445	7532
13446	7534
13447	7533
13448	7533
13449	7533
13450	7533
13451	7533
13452	7533
13453	7534
13454	7534
13455	7535
13456	7535
13457	7535
13458	7536
13459	7538
13460	7538
13461	7537
13462	7539
13463	7538
13464	7538
13465	7538
13466	7538
13467	7539
13468	7539
13469	7540
13470	7540
13471	7540
13472	7540
13473	7540
13474	7540
13475	7540
13476	7540
13477	7540
13478	7540
13479	7539
13480	7539
13481	7539
13482	7541
13483	7541
13484	7543
13485	7543
13486	7543
13487	7543
13488	7543
13489	7543
13490	7545
13491	7545
13492	7545
13493	7545
13494	7545
13495	7545
13496	7546
13497	7546
13498	7548
13499	7548
13500	7548
13501	7549
13502	7551
13503	7551
13504	7551
13505	7553
13506	7553
13507	7553
13508	7553
13509	7553
13510	7553
13511	7552
13512	7552
13513	7553
13514	7553
13515	7553
13516	7555
13517	7555
13518	7555
13519	7557
13520	7557
13521	7557
13522	7559
13523	7559
13524	7559
13525	7559
13526	7559
13527	7559
13528	7558
13529	7557
13530	7557
13531	7556
13532	7556
13533	7556
13534	7556
13535	7556
13536	7556
13537	7556
13538	7556
13539	7558
13540	7558
13541	7558
13542	7558
13543	7558
13544	7558
13545	7558
13546	7558
13547	7558
13548	7558
13549	7558
13550	7560
13551	7560
13552	7560
13553	7562
13554	7564
13555	7564
13556	7564
13557	7564
13558	7563
13559	7563
13560	7563
13561	7563
13562	7565
13563	7565
13564	7565
13565	7567
13566	7569
13567	7569
13568	7569
13569	7571
13570	7571
13571	7570
13572	7572
13573	7571
13574	7571
13575	7571
13576	7571
13577	7570
13578	7570
13579	7570
13580	7570
13581	7572
13582	7572
13583	7572
13584	7572
13585	7572
13586	7572
13587	7572
13588	7574
13589	7574
13590	7576
13591	7576
13592	7577
13593	7577
13594	7577
13595	7579
13596	7579
13597	7579
13598	7579
13599	7579
13600	7579
13601	7579
13602	7579
13603	7581
13604	7581
13605	7582
13606	7584
13607	7584
13608	7584
13609	7585
13610	7584
13611	7583
13612	7585
13613	7585
13614	7587
13615	7586
13616	7586
13617	7586
13618	7585
13619	7587
13620	7587
13621	7587
13622	7587
13623	7587
13624	7587
13625	7587
13626	7589
13627	7589
13628	7589
13629	7589
13630	7588
13631	7588
13632	7588
13633	7588
13634	7587
13635	7586
13636	7586
13637	7586
13638	7588
13639	7588
13640	7590
13641	7590
13642	7590
13643	7589
13644	7589
13645	7589
13646	7589
13647	7589
13648	7590
13649	7592
13650	7592
13651	7592
13652	7594
13653	7594
13654	7596
13655	7596
13656	7596
13657	7596
13658	7596
13659	7596
13660	7595
13661	7595
13662	7596
13663	7596
13664	7595
13665	7595
13666	7594
13667	7593
13668	7593
13669	7593
13670	7595
13671	7595
13672	7597
13673	7597
13674	7596
13675	7596
13676	7596
13677	7596
13678	7596
13679	7598
13680	7597
13681	7597
13682	7597
13683	7597
13684	7599
13685	7599
13686	7599
13687	7601
13688	7602
13689	7602
13690	7601
13691	7602
13692	7602
13693	7603
13694	7605
13695	7604
13696	7604
13697	7604
13698	7604
13699	7604
13700	7603
13701	7603
13702	7602
13703	7602
13704	7602
13705	7602
13706	7602
13707	7604
13708	7603
13709	7602
13710	7602
13711	7602
13712	7602
13713	7601
13714	7600
13715	7600
13716	7602
13717	7602
13718	7602
13719	7602
13720	7602
13721	7602
13722	7602
13723	7602
13724	7601
13725	7601
13726	7601
13727	7601
13728	7600
13729	7600
13730	7600
13731	7602
13732	7602
13733	7604
13734	7604
13735	7604
13736	7604
13737	7604
13738	7604
13739	7605
13740	7604
13741	7604
13742	7604
13743	7604
13744	7604
13745	7606
13746	7606
13747	7608
13748	7608
13749	7608
13750	7608
13751	7610
13752	7609
13753	7609
13754	7611
13755	7611
13756	7611
13757	7611
13758	7611
13759	7611
13760	7612
13761	7612
13762	7612
13763	7612
13764	7612
13765	7612
13766	7612
13767	7612
13768	7613
13769	7613
13770	7613
13771	7613
13772	7613
13773	7614
13774	7614
13775	7613
13776	7613
13777	7613
13778	7613
13779	7613
13780	7615
13781	7615
13782	7617
13783	7617
13784	7617
13785	7617
13786	7617
13787	7617
13788	7617
13789	7619
13790	7619
13791	7620
13792	7620
13793	7620
13794	7622
13795	7622
13796	7623
13797	7625
13798	7625
13799	7624
13800	7626
13801	7626
13802	7626
13803	7625
13804	7625
13805	7624
13806	7623
13807	7622
13808	7622
13809	7621
13810	7621
13811	7621
13812	7621
13813	7623
13814	7623
13815	7625
13816	7625
13817	7625
13818	7625
13819	7625
13820	7625
13821	7625
13822	7625
13823	7624
13824	7624
13825	7624
13826	7626
13827	7626
13828	7626
13829	7626
13830	7626
13831	7627
13832	7627
13833	7627
13834	7628
13835	7630
13836	7630
13837	7630
13838	7630
13839	7632
13840	7632
13841	7632
13842	7632
13843	7632
13844	7631
13845	7631
13846	7632
13847	7632
13848	7632
13849	7632
13850	7634
13851	7636
13852	7636
13853	7636
13854	7638
13855	7638
13856	7638
13857	7638
13858	7638
13859	7638
13860	7637
13861	7637
13862	7639
13863	7639
13864	7638
13865	7638
13866	7638
13867	7638
13868	7638
13869	7640
13870	7641
13871	7641
13872	7641
13873	7641
13874	7641
13875	7641
13876	7640
13877	7640
13878	7640
13879	7640
13880	7640
13881	7640
13882	7642
13883	7642
13884	7644
13885	7644
13886	7646
13887	7646
13888	7646
13889	7646
13890	7646
13891	7646
13892	7646
13893	7648
13894	7648
13895	7648
13896	7648
13897	7648
13898	7648
13899	7648
13900	7648
13901	7648
13902	7648
13903	7649
13904	7648
13905	7648
13906	7648
13907	7648
13908	7648
13909	7649
13910	7649
13911	7650
13912	7650
13913	7650
13914	7651
13915	7650
13916	7649
13917	7649
13918	7651
13919	7651
13920	7651
13921	7653
13922	7653
13923	7652
13924	7654
13925	7654
13926	7654
13927	7653
13928	7652
13929	7652
13930	7651
13931	7650
13932	7652
13933	7654
13934	7654
13935	7654
13936	7654
13937	7654
13938	7653
13939	7653
13940	7654
13941	7654
13942	7656
13943	7656
13944	7657
13945	7657
13946	7657
13947	7657
13948	7656
13949	7656
13950	7658
13951	7657
13952	7658
13953	7658
13954	7658
13955	7657
13956	7657
13957	7659
13958	7659
13959	7661
13960	7660
13961	7660
13962	7660
13963	7660
13964	7660
13965	7660
13966	7660
13967	7660
13968	7660
13969	7659
13970	7659
13971	7661
13972	7661
13973	7663
13974	7663
13975	7662
13976	7662
13977	7662
13978	7662
13979	7661
13980	7663
13981	7663
13982	7663
13983	7663
13984	7663
13985	7663
13986	7665
13987	7665
13988	7665
13989	7665
13990	7667
13991	7667
13992	7667
13993	7667
13994	7667
13995	7667
13996	7666
13997	7666
13998	7666
13999	7667
14000	7669
14001	7669
14002	7669
14003	7671
14004	7671
14005	7671
14006	7671
14007	7671
14008	7671
14009	7670
14010	7670
14011	7672
14012	7671
14013	7671
14014	7671
14015	7671
14016	7671
14017	7671
14018	7670
14019	7672
14020	7672
14021	7672
14022	7674
14023	7674
14024	7676
14025	7676
14026	7677
14027	7677
14028	7677
14029	7679
14030	7679
14031	7681
14032	7681
14033	7681
14034	7681
14035	7681
14036	7680
14037	7680
14038	7681
14039	7680
14040	7680
14041	7680
14042	7680
14043	7680
14044	7680
14045	7679
14046	7679
14047	7679
14048	7681
14049	7681
14050	7681
14051	7681
14052	7681
14053	7681
14054	7681
14055	7681
14056	7683
14057	7683
14058	7683
14059	7683
14060	7683
14061	7683
14062	7683
14063	7682
14064	7682
14065	7682
14066	7683
14067	7683
14068	7683
14069	7683
14070	7685
14071	7687
14072	7686
14073	7686
14074	7687
14075	7687
14076	7687
14077	7687
14078	7687
14079	7687
14080	7686
14081	7686
14082	7687
14083	7687
14084	7687
14085	7688
14086	7690
14087	7690
14088	7690
14089	7692
14090	7692
14091	7694
14092	7693
14093	7693
14094	7693
14095	7693
14096	7692
14097	7692
14098	7694
14099	7694
14100	7694
14101	7696
14102	7696
14103	7698
14104	7698
14105	7698
14106	7698
14107	7698
14108	7698
14109	7697
14110	7697
14111	7699
14112	7698
14113	7698
14114	7697
14115	7696
14116	7696
14117	7696
14118	7697
14119	7696
14120	7696
14121	7698
14122	7697
14123	7696
14124	7696
14125	7696
14126	7696
14127	7696
14128	7698
14129	7698
14130	7698
14131	7697
14132	7697
14133	7697
14134	7697
14135	7697
14136	7697
14137	7699
14138	7699
14139	7701
14140	7701
14141	7703
14142	7703
14143	7703
14144	7703
14145	7703
14146	7702
14147	7702
14148	7702
14149	7702
14150	7702
14151	7702
14152	7702
14153	7702
14154	7704
14155	7704
14156	7704
14157	7704
14158	7704
14159	7703
14160	7703
14161	7703
14162	7704
14163	7704
14164	7705
14165	7705
14166	7705
14167	7706
14168	7708
14169	7708
14170	7708
14171	7710
14172	7710
14173	7709
14174	7709
14175	7709
14176	7709
14177	7709
14178	7711
14179	7711
14180	7711
14181	7710
14182	7710
14183	7712
14184	7712
14185	7713
14186	7712
14187	7711
14188	7711
14189	7711
14190	7711
14191	7713
14192	7713
14193	7713
14194	7714
14195	7714
14196	7714
14197	7713
14198	7713
14199	7713
14200	7714
14201	7716
14202	7715
14203	7715
14204	7716
14205	7715
14206	7715
14207	7716
14208	7716
14209	7717
14210	7718
14211	7718
14212	7718
14213	7718
14214	7718
14215	7718
14216	7720
14217	7720
14218	7722
14219	7722
14220	7722
14221	7722
14222	7722
14223	7721
14224	7720
14225	7720
14226	7720
14227	7721
14228	7721
14229	7723
14230	7723
14231	7723
14232	7722
14233	7722
14234	7721
14235	7723
14236	7723
14237	7723
14238	7725
14239	7724
14240	7724
14241	7724
14242	7723
14243	7723
14244	7723
14245	7723
14246	7724
14247	7726
14248	7726
14249	7726
14250	7728
14251	7729
14252	7729
14253	7729
14254	7729
14255	7731
14256	7731
14257	7731
14258	7731
14259	7731
14260	7731
14261	7730
14262	7730
14263	7732
14264	7732
14265	7732
14266	7732
14267	7732
14268	7731
14269	7731
14270	7733
14271	7733
14272	7734
14273	7734
14274	7734
14275	7735
14276	7737
14277	7737
14278	7737
14279	7737
14280	7738
14281	7738
14282	7739
14283	7741
14284	7741
14285	7740
14286	7740
14287	7740
14288	7740
14289	7739
14290	7739
14291	7738
14292	7738
14293	7738
14294	7738
14295	7737
14296	7737
14297	7737
14298	7738
14299	7738
14300	7738
14301	7738
14302	7738
14303	7737
14304	7737
14305	7737
14306	7737
14307	7737
14308	7739
14309	7739
14310	7739
14311	7740
14312	7740
14313	7740
14314	7740
14315	7740
14316	7741
14317	7741
14318	7741
14319	7740
14320	7739
14321	7739
14322	7741
14323	7741
14324	7743
14325	7743
14326	7743
14327	7742
14328	7742
14329	7742
14330	7742
14331	7741
14332	7741
14333	7741
14334	7740
14335	7740
14336	7742
14337	7742
14338	7742
14339	7741
14340	7741
14341	7741
14342	7742
14343	7743
14344	7743
14345	7743
14346	7744
14347	7744
14348	7744
14349	7744
14350	7744
14351	7743
14352	7743
14353	7745
14354	7745
14355	7746
14356	7746
14357	7746
14358	7747
14359	7748
14360	7748
14361	7749
14362	7749
14363	7749
14364	7749
14365	7749
14366	7749
14367	7749
14368	7749
14369	7751
14370	7751
14371	7751
14372	7752
14373	7752
14374	7754
14375	7754
14376	7754
14377	7756
14378	7756
14379	7756
14380	7758
14381	7760
14382	7760
14383	7760
14384	7760
14385	7760
14386	7759
14387	7759
14388	7758
14389	7758
14390	7758
14391	7758
14392	7758
14393	7758
14394	7758
14395	7759
14396	7761
14397	7761
14398	7761
14399	7762
14400	7761
14401	7761
14402	7763
14403	7763
14404	7765
14405	7764
14406	7763
14407	7763
14408	7762
14409	7763
14410	7763
14411	7763
14412	7763
14413	7763
14414	7763
14415	7765
14416	7767
14417	7767
14418	7767
14419	7767
14420	7766
14421	7766
14422	7766
14423	7766
14424	7765
14425	7764
14426	7764
14427	7764
14428	7766
14429	7766
14430	7767
14431	7767
14432	7767
14433	7766
14434	7765
14435	7765
14436	7766
14437	7766
14438	7766
14439	7766
14440	7766
14441	7767
14442	7767
14443	7766
14444	7766
14445	7766
14446	7765
14447	7765
14448	7767
14449	7767
14450	7769
14451	7769
14452	7769
14453	7769
14454	7769
14455	7769
14456	7769
14457	7769
14458	7769
14459	7768
14460	7768
14461	7770
14462	7770
14463	7769
14464	7769
14465	7771
14466	7771
14467	7773
14468	7773
14469	7773
14470	7773
14471	7773
14472	7773
14473	7772
14474	7771
14475	7771
14476	7771
14477	7771
14478	7770
14479	7771
14480	7771
14481	7771
14482	7773
14483	7773
14484	7773
14485	7773
14486	7774
14487	7774
14488	7774
14489	7774
14490	7773
14491	7775
14492	7775
14493	7774
14494	7774
14495	7774
14496	7774
14497	7774
14498	7774
14499	7774
14500	7776
14501	7778
14502	7778
14503	7778
14504	7778
14505	7777
14506	7776
14507	7776
14508	7776
14509	7777
14510	7777
14511	7777
14512	7779
14513	7779
14514	7779
14515	7781
14516	7783
14517	7783
14518	7783
14519	7783
14520	7785
14521	7785
14522	7786
14523	7788
14524	7788
14525	7787
14526	7789
14527	7789
14528	7789
14529	7789
14530	7789
14531	7789
14532	7788
14533	7788
14534	7788
14535	7788
14536	7788
14537	7788
14538	7788
14539	7790
14540	7790
14541	7790
14542	7791
14543	7791
14544	7793
14545	7793
14546	7793
14547	7792
14548	7794
14549	7794
14550	7794
14551	7794
14552	7794
14553	7794
14554	7794
14555	7796
14556	7795
14557	7795
14558	7796
14559	7796
14560	7796
14561	7797
14562	7799
14563	7799
14564	7799
14565	7801
14566	7801
14567	7803
14568	7803
14569	7803
14570	7803
14571	7803
14572	7803
14573	7802
14574	7801
14575	7801
14576	7801
14577	7803
14578	7803
14579	7803
14580	7802
14581	7802
14582	7802
14583	7802
14584	7801
14585	7801
14586	7801
14587	7800
14588	7800
14589	7802
14590	7802
14591	7804
14592	7804
14593	7804
14594	7803
14595	7803
14596	7803
14597	7805
14598	7805
14599	7805
14600	7805
14601	7807
14602	7808
14603	7808
14604	7808
14605	7809
14606	7809
14607	7811
14608	7811
14609	7811
14610	7811
14611	7810
14612	7810
14613	7809
14614	7808
14615	7807
14616	7808
14617	7807
14618	7807
14619	7807
14620	7807
14621	7807
14622	7806
14623	7806
14624	7806
14625	7806
14626	7805
14627	7805
14628	7807
14629	7807
14630	7807
14631	7807
14632	7806
14633	7808
14634	7808
14635	7808
14636	7808
14637	7808
14638	7807
14639	7808
14640	7808
14641	7807
14642	7808
14643	7808
14644	7808
14645	7808
14646	7808
14647	7808
14648	7808
14649	7808
14650	7810
14651	7810
14652	7810
14653	7812
14654	7812
14655	7811
14656	7811
14657	7813
14658	7813
14659	7815
14660	7815
14661	7815
14662	7815
14663	7815
14664	7814
14665	7814
14666	7816
14667	7816
14668	7816
14669	7816
14670	7816
14671	7816
14672	7816
14673	7816
14674	7815
14675	7816
14676	7816
14677	7816
14678	7816
14679	7818
14680	7818
14681	7818
14682	7818
14683	7820
14684	7820
14685	7820
14686	7822
14687	7822
14688	7824
14689	7824
14690	7824
14691	7824
14692	7823
14693	7823
14694	7823
14695	7823
14696	7823
14697	7823
14698	7823
14699	7823
14700	7822
14701	7822
14702	7822
14703	7823
14704	7822
14705	7822
14706	7822
14707	7822
14708	7821
14709	7820
14710	7820
14711	7821
14712	7821
14713	7823
14714	7823
14715	7823
14716	7823
14717	7825
14718	7824
14719	7824
14720	7824
14721	7824
14722	7824
14723	7826
14724	7826
14725	7826
14726	7826
14727	7825
14728	7826
14729	7826
14730	7828
14731	7828
14732	7828
14733	7828
14734	7828
14735	7828
14736	7827
14737	7827
14738	7829
14739	7828
14740	7828
14741	7828
14742	7828
14743	7828
14744	7828
14745	7830
14746	7830
14747	7830
14748	7830
14749	7832
14750	7832
14751	7832
14752	7833
14753	7833
14754	7835
14755	7837
14756	7837
14757	7837
14758	7839
14759	7839
14760	7841
14761	7841
14762	7841
14763	7841
14764	7841
14765	7840
14766	7840
14767	7840
14768	7839
14769	7840
14770	7839
14771	7838
14772	7838
14773	7838
14774	7838
14775	7838
14776	7837
14777	7837
14778	7836
14779	7838
14780	7837
14781	7836
14782	7838
14783	7838
14784	7838
14785	7837
14786	7837
14787	7837
14788	7837
14789	7837
14790	7837
14791	7837
14792	7837
14793	7838
14794	7837
14795	7837
14796	7837
14797	7837
14798	7837
14799	7837
14800	7838
14801	7838
14802	7839
14803	7839
14804	7839
14805	7840
14806	7842
14807	7842
14808	7842
14809	7844
14810	7843
14811	7843
14812	7843
14813	7845
14814	7845
14815	7845
14816	7844
14817	7844
14818	7844
14819	7844
14820	7844
14821	7846
14822	7846
14823	7847
14824	7847
14825	7847
14826	7847
14827	7847
14828	7847
14829	7847
14830	7847
14831	7847
14832	7848
14833	7848
14834	7848
14835	7848
14836	7848
14837	7848
14838	7848
14839	7848
14840	7848
14841	7848
14842	7848
14843	7848
14844	7848
14845	7849
14846	7849
14847	7850
14848	7850
14849	7849
14850	7850
14851	7850
14852	7850
14853	7849
14854	7849
14855	7848
14856	7848
14857	7848
14858	7848
14859	7849
14860	7849
14861	7851
14862	7851
14863	7853
14864	7853
14865	7853
14866	7853
14867	7853
14868	7853
14869	7853
14870	7853
14871	7853
14872	7853
14873	7852
14874	7852
14875	7854
14876	7854
14877	7853
14878	7855
14879	7855
14880	7855
14881	7855
14882	7855
14883	7855
14884	7856
14885	7856
14886	7858
14887	7858
14888	7858
14889	7859
14890	7860
14891	7860
14892	7859
14893	7860
14894	7859
14895	7859
14896	7859
14897	7859
14898	7859
14899	7858
14900	7858
14901	7859
14902	7859
14903	7859
14904	7861
14905	7861
14906	7861
14907	7863
14908	7862
14909	7862
14910	7862
14911	7862
14912	7862
14913	7861
14914	7861
14915	7861
14916	7861
14917	7861
14918	7861
14919	7861
14920	7863
14921	7863
14922	7864
14923	7864
14924	7864
14925	7864
14926	7864
14927	7866
14928	7868
14929	7868
14930	7868
14931	7870
14932	7870
14933	7872
14934	7872
14935	7871
14936	7871
14937	7871
14938	7870
14939	7870
14940	7871
14941	7871
14942	7870
14943	7870
14944	7871
14945	7871
14946	7871
14947	7871
14948	7870
14949	7870
14950	7870
14951	7870
14952	7870
14953	7872
14954	7872
14955	7872
14956	7871
14957	7871
14958	7871
14959	7870
14960	7870
14961	7872
14962	7872
14963	7874
14964	7874
14965	7874
14966	7874
14967	7874
14968	7874
14969	7874
14970	7874
14971	7874
14972	7874
14973	7874
14974	7873
14975	7873
14976	7875
14977	7875
14978	7875
14979	7875
14980	7875
14981	7875
14982	7875
14983	7874
14984	7873
14985	7873
14986	7875
14987	7875
14988	7876
14989	7876
14990	7876
14991	7877
14992	7877
14993	7878
14994	7880
14995	7880
14996	7879
14997	7880
14998	7880
14999	7880
15000	7880
15001	7880
15002	7880
15003	7879
15004	7879
15005	7879
15006	7879
15007	7879
15008	7878
15009	7878
15010	7880
15011	7879
15012	7879
15013	7880
15014	7880
15015	7880
15016	7880
15017	7882
15018	7882
15019	7884
15020	7884
15021	7884
15022	7886
15023	7886
15024	7886
15025	7888
15026	7888
15027	7890
15028	7890
15029	7890
15030	7890
15031	7890
15032	7889
15033	7889
15034	7889
15035	7889
15036	7889
15037	7889
15038	7889
15039	7889
15040	7891
15041	7893
15042	7893
15043	7893
15044	7895
15045	7896
15046	7896
15047	7895
15048	7894
15049	7895
15050	7895
15051	7895
15052	7895
15053	7895
15054	7894
15055	7893
15056	7893
15057	7895
15058	7895
15059	7894
15060	7894
15061	7894
15062	7895
15063	7895
15064	7897
15065	7897
15066	7897
15067	7897
15068	7898
15069	7898
15070	7899
15071	7901
15072	7900
15073	7900
15074	7900
15075	7899
15076	7898
15077	7898
15078	7898
15079	7898
15080	7898
15081	7897
15082	7897
15083	7899
15084	7899
15085	7899
15086	7900
15087	7900
15088	7902
15089	7902
15090	7902
15091	7902
15092	7903
15093	7903
15094	7903
15095	7903
15096	7903
15097	7903
15098	7903
15099	7905
15100	7905
15101	7904
15102	7905
15103	7905
15104	7905
15105	7907
15106	7906
15107	7906
15108	7906
15109	7906
15110	7906
15111	7908
15112	7907
15113	7907
15114	7906
15115	7905
15116	7905
15117	7905
15118	7907
15119	7907
15120	7907
15121	7906
15122	7906
15123	7906
15124	7907
15125	7907
15126	7907
15127	7907
15128	7908
15129	7908
15130	7910
15131	7910
15132	7910
15133	7910
15134	7910
15135	7910
15136	7910
15137	7910
15138	7910
15139	7910
15140	7910
15141	7909
15142	7908
15143	7910
15144	7909
15145	7910
15146	7910
15147	7910
15148	7910
15149	7910
15150	7910
15151	7912
15152	7912
15153	7912
15154	7912
15155	7912
15156	7911
15157	7911
15158	7912
15159	7913
15160	7912
15161	7912
15162	7911
15163	7910
15164	7909
15165	7909
15166	7909
15167	7908
15168	7908
15169	7908
15170	7908
15171	7908
15172	7909
15173	7909
15174	7909
15175	7909
15176	7911
15177	7911
15178	7911
15179	7911
15180	7912
15181	7912
15182	7914
15183	7914
15184	7914
15185	7916
15186	7915
15187	7915
15188	7915
15189	7915
15190	7915
15191	7914
15192	7913
15193	7912
15194	7912
15195	7912
15196	7912
15197	7912
15198	7914
15199	7914
15200	7914
15201	7914
15202	7914
15203	7914
15204	7913
15205	7914
15206	7913
15207	7912
15208	7912
15209	7912
15210	7912
15211	7911
15212	7911
15213	7911
15214	7911
15215	7913
15216	7913
15217	7913
15218	7915
15219	7917
15220	7917
15221	7917
15222	7917
15223	7917
15224	7917
15225	7917
15226	7917
15227	7917
15228	7917
15229	7917
15230	7919
15231	7919
15232	7919
15233	7921
15234	7921
15235	7921
15236	7921
15237	7921
15238	7922
15239	7922
15240	7922
15241	7922
15242	7922
15243	7921
15244	7920
15245	7920
15246	7922
15247	7922
15248	7922
15249	7922
15250	7921
15251	7921
15252	7923
15253	7923
15254	7923
15255	7923
15256	7923
15257	7923
15258	7922
15259	7923
15260	7923
15261	7923
15262	7923
15263	7923
15264	7923
15265	7923
15266	7923
15267	7922
15268	7922
15269	7924
15270	7924
15271	7925
15272	7925
15273	7925
15274	7926
15275	7926
15276	7926
15277	7926
15278	7926
15279	7926
15280	7926
15281	7926
15282	7927
15283	7927
15284	7926
15285	7927
15286	7928
15287	7928
15288	7927
15289	7928
15290	7930
15291	7930
15292	7930
15293	7932
15294	7934
15295	7934
15296	7934
15297	7936
15298	7936
15299	7938
15300	7937
15301	7937
15302	7937
15303	7937
15304	7936
15305	7935
15306	7934
15307	7936
15308	7935
15309	7934
15310	7934
15311	7933
15312	7933
15313	7933
15314	7933
15315	7935
15316	7935
15317	7937
15318	7937
15319	7936
15320	7936
15321	7936
15322	7936
15323	7935
15324	7935
15325	7935
15326	7935
15327	7934
15328	7934
15329	7936
15330	7936
15331	7938
15332	7938
15333	7939
15334	7939
15335	7939
15336	7939
15337	7938
15338	7938
15339	7940
15340	7940
15341	7940
15342	7940
15343	7940
15344	7940
15345	7940
15346	7940
15347	7941
15348	7941
15349	7942
15350	7942
15351	7942
15352	7943
15353	7942
15354	7942
15355	7942
15356	7942
15357	7942
15358	7942
15359	7943
15360	7942
15361	7942
15362	7944
15363	7944
15364	7943
15365	7944
15366	7944
15367	7945
15368	7945
15369	7945
15370	7944
15371	7944
15372	7944
15373	7946
15374	7946
15375	7946
15376	7946
15377	7946
15378	7948
15379	7948
15380	7948
15381	7948
15382	7948
15383	7948
15384	7948
15385	7949
15386	7949
15387	7950
15388	7952
15389	7952
15390	7952
15391	7953
15392	7953
15393	7952
15394	7952
15395	7952
15396	7952
15397	7951
15398	7953
15399	7953
15400	7953
15401	7953
15402	7953
15403	7953
15404	7953
15405	7953
15406	7953
15407	7952
15408	7952
15409	7952
15410	7954
15411	7954
15412	7954
15413	7954
15414	7954
15415	7954
15416	7954
15417	7955
15418	7955
15419	7957
15420	7956
15421	7956
15422	7958
15423	7958
15424	7959
15425	7958
15426	7958
15427	7958
15428	7958
15429	7957
15430	7957
15431	7959
15432	7959
15433	7959
15434	7961
15435	7961
15436	7963
15437	7963
15438	7963
15439	7963
15440	7962
15441	7962
15442	7962
15443	7962
15444	7964
15445	7963
15446	7962
15447	7961
15448	7961
15449	7961
15450	7960
15451	7960
15452	7961
15453	7961
15454	7963
15455	7963
15456	7963
15457	7963
15458	7965
15459	7964
15460	7963
15461	7963
15462	7963
15463	7963
15464	7965
15465	7965
15466	7965
15467	7964
15468	7964
15469	7964
15470	7964
15471	7964
15472	7966
15473	7966
15474	7966
15475	7966
15476	7966
15477	7966
15478	7966
15479	7966
15480	7968
15481	7968
15482	7968
15483	7968
15484	7968
15485	7968
15486	7967
15487	7969
15488	7969
15489	7969
15490	7968
15491	7968
15492	7968
15493	7968
15494	7968
15495	7969
15496	7969
15497	7970
15498	7970
15499	7970
15500	7971
15501	7973
15502	7973
15503	7973
15504	7975
15505	7975
15506	7974
15507	7974
15508	7975
15509	7977
15510	7976
15511	7975
15512	7975
15513	7976
15514	7976
15515	7976
15516	7976
15517	7976
15518	7978
15519	7978
15520	7979
15521	7979
15522	7981
15523	7981
15524	7981
15525	7981
15526	7980
15527	7980
15528	7980
15529	7979
15530	7979
15531	7980
15532	7980
15533	7982
15534	7982
15535	7982
15536	7981
15537	7981
15538	7980
15539	7979
15540	7979
15541	7979
15542	7979
15543	7979
15544	7979
15545	7981
15546	7981
15547	7981
15548	7980
15549	7980
15550	7981
15551	7981
15552	7983
15553	7985
15554	7985
15555	7984
15556	7983
15557	7983
15558	7983
15559	7983
15560	7983
15561	7984
15562	7984
15563	7984
15564	7983
15565	7983
15566	7985
15567	7985
15568	7985
15569	7987
15570	7988
15571	7988
15572	7988
15573	7989
15574	7989
15575	7989
15576	7989
15577	7989
15578	7988
15579	7988
15580	7988
15581	7988
15582	7990
15583	7992
15584	7992
15585	7992
15586	7994
15587	7994
15588	7993
15589	7993
15590	7993
15591	7993
15592	7992
15593	7992
15594	7992
15595	7992
15596	7992
15597	7992
15597
0.25046832
