1	1
2	4
3	5
4	7
5	10
6	12
7	13
8	15
9	18
10	20
11	21
12	23
13	25
14	27
15	28
16	30
17	31
18	33
19	36
20	38
21	39
22	41
23	44
24	46
25	47
26	49
27	51
28	53
29	54
30	56
31	57
32	59
33	62
34	64
35	65
36	67
37	70
38	72
39	73
40	75
41	77
42	79
43	79
44	80
45	82
46	85
47	87
48	88
49	90
50	93
51	95
52	96
53	98
54	101
55	103
56	104
57	105
58	106
59	108
60	111
61	113
62	114
63	116
64	119
65	121
66	122
67	124
68	127
69	129
70	130
71	131
72	132
73	134
74	137
75	139
76	140
77	142
78	145
79	147
80	148
81	150
82	153
83	155
84	156
85	157
86	157
87	158
88	160
89	163
90	165
91	166
92	168
93	171
94	173
95	174
96	176
97	179
98	181
99	182
100	183
101	184
102	186
103	189
104	191
105	192
106	194
107	197
108	199
109	200
110	202
111	205
112	207
113	208
114	209
115	210
116	212
117	215
118	217
119	218
120	220
121	223
122	225
123	226
124	228
125	231
126	233
127	234
128	235
129	236
130	237
131	238
132	240
133	241
134	243
135	244
136	246
137	249
138	251
139	252
140	254
141	257
142	259
143	260
144	262
145	264
146	266
147	267
148	269
149	270
150	272
151	275
152	277
153	278
154	280
155	283
156	285
157	286
158	288
159	290
160	292
161	293
162	295
163	296
164	298
165	301
166	303
167	304
168	306
169	309
170	311
171	312
172	314
173	315
174	317
175	318
176	320
177	321
178	323
179	324
180	326
181	329
182	331
183	332
184	334
185	337
186	339
187	340
188	342
189	345
190	347
191	348
192	349
193	350
194	352
195	355
196	357
197	358
198	360
199	363
200	365
201	366
202	368
203	371
204	373
205	374
206	375
207	376
208	378
209	381
210	383
211	384
212	386
213	389
214	391
215	392
216	394
217	397
218	399
219	400
220	401
221	402
222	403
223	404
224	406
225	407
226	409
227	410
228	412
229	415
230	417
231	418
232	420
233	423
234	425
235	426
236	428
237	430
238	432
239	433
240	435
241	436
242	438
243	441
244	443
245	444
246	446
247	449
248	451
249	452
250	454
251	456
252	458
253	459
254	461
255	462
256	464
257	467
258	469
259	470
260	472
261	475
262	477
263	478
264	480
265	481
266	483
267	484
268	486
269	487
270	489
271	490
272	492
273	495
274	497
275	498
276	500
277	503
278	505
279	506
280	508
281	511
282	513
283	514
284	515
285	516
286	518
287	521
288	523
289	524
290	526
291	529
292	531
293	532
294	534
295	537
296	539
297	540
298	541
299	542
300	544
301	547
302	549
303	550
304	552
305	555
306	557
307	558
308	560
309	563
310	565
311	566
312	567
313	568
314	569
315	570
316	572
317	573
318	575
319	576
320	578
321	581
322	583
323	584
324	586
325	589
326	591
327	592
328	594
329	596
330	598
331	599
332	601
333	602
334	604
335	607
336	609
337	610
338	612
339	615
340	617
341	618
342	620
343	622
344	624
345	625
346	627
347	628
348	630
349	633
350	635
351	636
352	638
353	641
354	643
355	644
356	646
357	647
358	649
359	650
360	652
361	653
362	655
363	656
364	658
365	661
366	663
367	664
368	666
369	669
370	671
371	672
372	674
373	677
374	679
375	680
376	681
377	682
378	684
379	687
380	689
381	690
382	692
383	695
384	697
385	698
386	700
387	703
388	705
389	706
390	707
391	708
392	710
393	713
394	715
395	716
396	718
397	721
398	723
399	724
400	726
401	729
402	731
403	732
404	733
405	734
406	735
407	736
408	738
409	739
410	741
411	742
412	744
413	747
414	749
415	750
416	752
417	755
418	757
419	758
420	760
421	762
422	764
423	765
424	767
425	768
426	770
427	773
428	775
429	776
430	778
431	781
432	783
433	784
434	786
435	788
436	790
437	791
438	793
439	794
440	796
441	799
442	801
443	802
444	804
445	807
446	809
447	810
448	812
449	813
450	815
451	816
452	818
453	819
454	821
455	822
456	824
457	827
458	829
459	830
460	832
461	835
462	837
463	838
464	840
465	843
466	845
467	846
468	847
469	848
470	850
471	853
472	855
473	856
474	858
475	861
476	863
477	864
478	866
479	869
480	871
481	872
482	873
483	874
484	876
485	879
486	881
487	882
488	884
489	887
490	889
491	890
492	892
493	895
494	897
495	898
496	899
497	900
498	901
499	902
500	904
501	905
502	907
503	908
504	910
505	913
506	915
507	916
508	918
509	921
510	923
511	924
512	926
513	928
514	930
515	931
516	933
517	934
518	936
519	939
520	941
521	942
522	944
523	947
524	949
525	950
526	952
527	954
528	956
529	957
530	959
531	960
532	962
533	965
534	967
535	968
536	970
537	973
538	975
539	976
540	978
541	979
542	981
543	982
544	984
545	985
546	987
547	988
548	990
549	993
550	995
551	996
552	998
553	1001
554	1003
555	1004
556	1006
557	1009
558	1011
559	1012
560	1013
561	1014
562	1016
563	1019
564	1021
565	1022
566	1024
567	1027
568	1029
569	1030
570	1032
571	1035
572	1037
573	1038
574	1039
575	1040
576	1042
577	1045
578	1047
579	1048
580	1050
581	1053
582	1055
583	1056
584	1058
585	1061
586	1063
587	1064
588	1065
589	1066
590	1067
591	1068
592	1069
593	1070
594	1072
595	1073
596	1075
597	1078
598	1080
599	1081
600	1083
601	1086
602	1088
603	1089
604	1091
605	1093
606	1095
607	1096
608	1098
609	1099
610	1101
611	1104
612	1106
613	1107
614	1109
615	1112
616	1114
617	1115
618	1117
619	1119
620	1121
621	1121
622	1122
623	1124
624	1127
625	1129
626	1130
627	1132
628	1135
629	1137
630	1138
631	1140
632	1143
633	1145
634	1146
635	1147
636	1148
637	1150
638	1153
639	1155
640	1156
641	1158
642	1161
643	1163
644	1164
645	1166
646	1169
647	1171
648	1172
649	1173
650	1174
651	1176
652	1179
653	1181
654	1182
655	1184
656	1187
657	1189
658	1190
659	1192
660	1195
661	1197
662	1198
663	1199
664	1199
665	1200
666	1202
667	1205
668	1207
669	1208
670	1210
671	1213
672	1215
673	1216
674	1218
675	1221
676	1223
677	1224
678	1225
679	1226
680	1228
681	1231
682	1233
683	1234
684	1236
685	1239
686	1241
687	1242
688	1244
689	1247
690	1249
691	1250
692	1251
693	1252
694	1254
695	1257
696	1259
697	1260
698	1262
699	1265
700	1267
701	1268
702	1270
703	1273
704	1275
705	1276
706	1277
707	1278
708	1279
709	1280
710	1282
711	1283
712	1285
713	1286
714	1288
715	1291
716	1293
717	1294
718	1296
719	1299
720	1301
721	1302
722	1304
723	1306
724	1308
725	1309
726	1311
727	1312
728	1314
729	1317
730	1319
731	1320
732	1322
733	1325
734	1327
735	1328
736	1330
737	1332
738	1334
739	1335
740	1337
741	1338
742	1340
743	1343
744	1345
745	1346
746	1348
747	1351
748	1353
749	1354
750	1356
751	1357
752	1359
753	1360
754	1362
755	1363
756	1365
757	1366
758	1368
759	1371
760	1373
761	1374
762	1376
763	1379
764	1381
765	1382
766	1384
767	1387
768	1389
769	1390
770	1391
771	1392
772	1394
773	1397
774	1399
775	1400
776	1402
777	1405
778	1407
779	1408
780	1410
781	1413
782	1415
783	1416
784	1417
785	1418
786	1420
787	1423
788	1425
789	1426
790	1428
791	1431
792	1433
793	1434
794	1436
795	1439
796	1441
797	1442
798	1443
799	1444
800	1445
801	1446
802	1448
803	1449
804	1451
805	1452
806	1454
807	1457
808	1459
809	1460
810	1462
811	1465
812	1467
813	1468
814	1470
815	1472
816	1474
817	1475
818	1477
819	1478
820	1480
821	1483
822	1485
823	1486
824	1488
825	1491
826	1493
827	1494
828	1496
829	1498
830	1500
831	1501
832	1503
833	1504
834	1506
835	1509
836	1511
837	1512
838	1514
839	1517
840	1519
841	1520
842	1522
843	1523
844	1525
845	1526
846	1528
847	1529
848	1531
849	1532
850	1534
851	1537
852	1539
853	1540
854	1542
855	1545
856	1547
857	1548
858	1550
859	1553
860	1555
861	1556
862	1557
863	1558
864	1560
865	1563
866	1565
867	1566
868	1568
869	1571
870	1573
871	1574
872	1576
873	1579
874	1581
875	1582
876	1583
877	1584
878	1586
879	1589
880	1591
881	1592
882	1594
883	1597
884	1599
885	1600
886	1602
887	1605
888	1607
889	1608
890	1609
891	1610
892	1611
893	1612
894	1614
895	1615
896	1617
897	1618
898	1620
899	1623
900	1625
901	1626
902	1628
903	1631
904	1633
905	1634
906	1636
907	1638
908	1640
909	1641
910	1643
911	1644
912	1646
913	1649
914	1651
915	1652
916	1654
917	1657
918	1659
919	1660
920	1662
921	1664
922	1666
923	1667
924	1669
925	1670
926	1672
927	1675
928	1677
929	1678
930	1680
931	1683
932	1685
933	1686
934	1688
935	1689
936	1691
937	1692
938	1694
939	1695
940	1697
941	1698
942	1700
943	1703
944	1705
945	1706
946	1708
947	1711
948	1713
949	1714
950	1716
951	1719
952	1721
953	1722
954	1723
955	1724
956	1726
957	1729
958	1731
959	1732
960	1734
961	1737
962	1739
963	1740
964	1742
965	1745
966	1747
967	1748
968	1749
969	1750
970	1752
971	1755
972	1757
973	1758
974	1760
975	1763
976	1765
977	1766
978	1768
979	1771
980	1773
981	1774
982	1775
983	1776
984	1777
985	1778
986	1780
987	1781
988	1783
989	1784
990	1786
991	1789
992	1791
993	1792
994	1794
995	1797
996	1799
997	1800
998	1802
999	1804
1000	1806
1001	1807
1002	1809
1003	1810
1004	1812
1005	1815
1006	1817
1007	1818
1008	1820
1009	1823
1010	1825
1011	1826
1012	1828
1013	1830
1014	1832
1015	1833
1016	1835
1017	1836
1018	1838
1019	1841
1020	1843
1021	1844
1022	1846
1023	1849
1024	1851
1025	1852
1026	1854
1027	1855
1028	1857
1029	1858
1030	1860
1031	1861
1032	1863
1033	1864
1034	1866
1035	1869
1036	1871
1037	1872
1038	1874
1039	1877
1040	1879
1041	1880
1042	1882
1043	1885
1044	1887
1045	1888
1046	1889
1047	1890
1048	1892
1049	1895
1050	1897
1051	1898
1052	1900
1053	1903
1054	1905
1055	1906
1056	1908
1057	1911
1058	1913
1059	1914
1060	1915
1061	1916
1062	1918
1063	1921
1064	1923
1065	1924
1066	1926
1067	1929
1068	1931
1069	1932
1070	1934
1071	1937
1072	1939
1073	1940
1074	1941
1075	1942
1076	1943
1077	1944
1078	1946
1079	1947
1080	1949
1081	1950
1082	1952
1083	1955
1084	1957
1085	1958
1086	1960
1087	1963
1088	1965
1089	1966
1090	1968
1091	1970
1092	1972
1093	1973
1094	1975
1095	1976
1096	1978
1097	1981
1098	1983
1099	1984
1100	1986
1101	1989
1102	1991
1103	1992
1104	1994
1105	1996
1106	1998
1107	1999
1108	2001
1109	2002
1110	2004
1111	2007
1112	2009
1113	2010
1114	2012
1115	2015
1116	2017
1117	2018
1118	2020
1119	2021
1120	2023
1121	2024
1122	2026
1123	2027
1124	2029
1125	2030
1126	2032
1127	2035
1128	2037
1129	2038
1130	2040
1131	2043
1132	2045
1133	2046
1134	2048
1135	2051
1136	2053
1137	2054
1138	2055
1139	2056
1140	2058
1141	2061
1142	2063
1143	2064
1144	2066
1145	2069
1146	2071
1147	2072
1148	2074
1149	2077
1150	2079
1151	2080
1152	2081
1153	2082
1154	2084
1155	2087
1156	2089
1157	2090
1158	2092
1159	2095
1160	2097
1161	2098
1162	2100
1163	2103
1164	2105
1165	2106
1166	2107
1167	2108
1168	2109
1169	2110
1170	2111
1171	2112
1172	2114
1173	2115
1174	2117
1175	2120
1176	2122
1177	2123
1178	2125
1179	2128
1180	2130
1181	2131
1182	2133
1183	2135
1184	2137
1185	2138
1186	2140
1187	2141
1188	2143
1189	2146
1190	2148
1191	2149
1192	2151
1193	2154
1194	2156
1195	2157
1196	2159
1197	2161
1198	2163
1199	2163
1200	2164
1201	2166
1202	2169
1203	2171
1204	2172
1205	2174
1206	2177
1207	2179
1208	2180
1209	2182
1210	2185
1211	2187
1212	2188
1213	2189
1214	2190
1215	2192
1216	2195
1217	2197
1218	2198
1219	2200
1220	2203
1221	2205
1222	2206
1223	2208
1224	2211
1225	2213
1226	2214
1227	2215
1228	2216
1229	2218
1230	2221
1231	2223
1232	2224
1233	2226
1234	2229
1235	2231
1236	2232
1237	2234
1238	2237
1239	2239
1240	2240
1241	2241
1242	2241
1243	2242
1244	2244
1245	2247
1246	2249
1247	2250
1248	2252
1249	2255
1250	2257
1251	2258
1252	2260
1253	2263
1254	2265
1255	2266
1256	2267
1257	2268
1258	2270
1259	2273
1260	2275
1261	2276
1262	2278
1263	2281
1264	2283
1265	2284
1266	2286
1267	2289
1268	2291
1269	2292
1270	2293
1271	2294
1272	2296
1273	2299
1274	2301
1275	2302
1276	2304
1277	2307
1278	2309
1279	2310
1280	2312
1281	2315
1282	2317
1283	2318
1284	2319
1285	2320
1286	2321
1287	2322
1288	2324
1289	2325
1290	2327
1291	2328
1292	2330
1293	2333
1294	2335
1295	2336
1296	2338
1297	2341
1298	2343
1299	2344
1300	2346
1301	2348
1302	2350
1303	2351
1304	2353
1305	2354
1306	2356
1307	2359
1308	2361
1309	2362
1310	2364
1311	2367
1312	2369
1313	2370
1314	2372
1315	2374
1316	2376
1317	2377
1318	2379
1319	2380
1320	2382
1321	2385
1322	2387
1323	2388
1324	2390
1325	2393
1326	2395
1327	2396
1328	2398
1329	2399
1330	2401
1331	2402
1332	2404
1333	2405
1334	2407
1335	2408
1336	2410
1337	2413
1338	2415
1339	2416
1340	2418
1341	2421
1342	2423
1343	2424
1344	2426
1345	2429
1346	2431
1347	2432
1348	2433
1349	2434
1350	2436
1351	2439
1352	2441
1353	2442
1354	2444
1355	2447
1356	2449
1357	2450
1358	2452
1359	2455
1360	2457
1361	2458
1362	2459
1363	2460
1364	2462
1365	2465
1366	2467
1367	2468
1368	2470
1369	2473
1370	2475
1371	2476
1372	2478
1373	2481
1374	2483
1375	2484
1376	2485
1377	2486
1378	2487
1379	2488
1380	2490
1381	2491
1382	2493
1383	2494
1384	2496
1385	2499
1386	2501
1387	2502
1388	2504
1389	2507
1390	2509
1391	2510
1392	2512
1393	2514
1394	2516
1395	2517
1396	2519
1397	2520
1398	2522
1399	2525
1400	2527
1401	2528
1402	2530
1403	2533
1404	2535
1405	2536
1406	2538
1407	2540
1408	2542
1409	2543
1410	2545
1411	2546
1412	2548
1413	2551
1414	2553
1415	2554
1416	2556
1417	2559
1418	2561
1419	2562
1420	2564
1421	2565
1422	2567
1423	2568
1424	2570
1425	2571
1426	2573
1427	2574
1428	2576
1429	2579
1430	2581
1431	2582
1432	2584
1433	2587
1434	2589
1435	2590
1436	2592
1437	2595
1438	2597
1439	2598
1440	2599
1441	2600
1442	2602
1443	2605
1444	2607
1445	2608
1446	2610
1447	2613
1448	2615
1449	2616
1450	2618
1451	2621
1452	2623
1453	2624
1454	2625
1455	2626
1456	2628
1457	2631
1458	2633
1459	2634
1460	2636
1461	2639
1462	2641
1463	2642
1464	2644
1465	2647
1466	2649
1467	2650
1468	2651
1469	2652
1470	2653
1471	2654
1472	2656
1473	2657
1474	2659
1475	2660
1476	2662
1477	2665
1478	2667
1479	2668
1480	2670
1481	2673
1482	2675
1483	2676
1484	2678
1485	2680
1486	2682
1487	2683
1488	2685
1489	2686
1490	2688
1491	2691
1492	2693
1493	2694
1494	2696
1495	2699
1496	2701
1497	2702
1498	2704
1499	2706
1500	2708
1501	2709
1502	2711
1503	2712
1504	2714
1505	2717
1506	2719
1507	2720
1508	2722
1509	2725
1510	2727
1511	2728
1512	2730
1513	2731
1514	2733
1515	2734
1516	2736
1517	2737
1518	2739
1519	2740
1520	2742
1521	2745
1522	2747
1523	2748
1524	2750
1525	2753
1526	2755
1527	2756
1528	2758
1529	2761
1530	2763
1531	2764
1532	2765
1533	2766
1534	2768
1535	2771
1536	2773
1537	2774
1538	2776
1539	2779
1540	2781
1541	2782
1542	2784
1543	2787
1544	2789
1545	2790
1546	2791
1547	2792
1548	2794
1549	2797
1550	2799
1551	2800
1552	2802
1553	2805
1554	2807
1555	2808
1556	2810
1557	2813
1558	2815
1559	2816
1560	2817
1561	2818
1562	2819
1563	2820
1564	2822
1565	2823
1566	2825
1567	2826
1568	2828
1569	2831
1570	2833
1571	2834
1572	2836
1573	2839
1574	2841
1575	2842
1576	2844
1577	2846
1578	2848
1579	2849
1580	2851
1581	2852
1582	2854
1583	2857
1584	2859
1585	2860
1586	2862
1587	2865
1588	2867
1589	2868
1590	2870
1591	2872
1592	2874
1593	2875
1594	2877
1595	2878
1596	2880
1597	2883
1598	2885
1599	2886
1600	2888
1601	2891
1602	2893
1603	2894
1604	2896
1605	2897
1606	2899
1607	2900
1608	2902
1609	2903
1610	2905
1611	2906
1612	2908
1613	2911
1614	2913
1615	2914
1616	2916
1617	2919
1618	2921
1619	2922
1620	2924
1621	2927
1622	2929
1623	2930
1624	2931
1625	2932
1626	2934
1627	2937
1628	2939
1629	2940
1630	2942
1631	2945
1632	2947
1633	2948
1634	2950
1635	2953
1636	2955
1637	2956
1638	2957
1639	2958
1640	2960
1641	2963
1642	2965
1643	2966
1644	2968
1645	2971
1646	2973
1647	2974
1648	2976
1649	2979
1650	2981
1651	2982
1652	2983
1653	2984
1654	2985
1655	2986
1656	2988
1657	2989
1658	2991
1659	2992
1660	2994
1661	2997
1662	2999
1663	3000
1664	3002
1665	3005
1666	3007
1667	3008
1668	3010
1669	3012
1670	3014
1671	3015
1672	3017
1673	3018
1674	3020
1675	3023
1676	3025
1677	3026
1678	3028
1679	3031
1680	3033
1681	3034
1682	3036
1683	3038
1684	3040
1685	3041
1686	3043
1687	3044
1688	3046
1689	3049
1690	3051
1691	3052
1692	3054
1693	3057
1694	3059
1695	3060
1696	3062
1697	3063
1698	3065
1699	3066
1700	3068
1701	3069
1702	3071
1703	3072
1704	3074
1705	3077
1706	3079
1707	3080
1708	3082
1709	3085
1710	3087
1711	3088
1712	3090
1713	3093
1714	3095
1715	3096
1716	3097
1717	3098
1718	3100
1719	3103
1720	3105
1721	3106
1722	3108
1723	3111
1724	3113
1725	3114
1726	3116
1727	3119
1728	3121
1729	3122
1730	3123
1731	3124
1732	3126
1733	3129
1734	3131
1735	3132
1736	3134
1737	3137
1738	3139
1739	3140
1740	3142
1741	3145
1742	3147
1743	3148
1744	3149
1745	3150
1746	3151
1747	3152
1748	3153
1749	3154
1750	3156
1751	3157
1752	3159
1753	3162
1754	3164
1755	3165
1756	3167
1757	3170
1758	3172
1759	3173
1760	3175
1761	3177
1762	3179
1763	3180
1764	3182
1765	3183
1766	3185
1767	3188
1768	3190
1769	3191
1770	3193
1771	3196
1772	3198
1773	3199
1774	3201
1775	3203
1776	3205
1777	3205
1778	3206
1779	3208
1780	3211
1781	3213
1782	3214
1783	3216
1784	3219
1785	3221
1786	3222
1787	3224
1788	3227
1789	3229
1790	3230
1791	3231
1792	3232
1793	3234
1794	3237
1795	3239
1796	3240
1797	3242
1798	3245
1799	3247
1800	3248
1801	3250
1802	3253
1803	3255
1804	3256
1805	3257
1806	3258
1807	3260
1808	3263
1809	3265
1810	3266
1811	3268
1812	3271
1813	3273
1814	3274
1815	3276
1816	3279
1817	3281
1818	3282
1819	3283
1820	3283
1821	3284
1822	3286
1823	3289
1824	3291
1825	3292
1826	3294
1827	3297
1828	3299
1829	3300
1830	3302
1831	3305
1832	3307
1833	3308
1834	3309
1835	3310
1836	3312
1837	3315
1838	3317
1839	3318
1840	3320
1841	3323
1842	3325
1843	3326
1844	3328
1845	3331
1846	3333
1847	3334
1848	3335
1849	3336
1850	3338
1851	3341
1852	3343
1853	3344
1854	3346
1855	3349
1856	3351
1857	3352
1858	3354
1859	3357
1860	3359
1861	3360
1862	3361
1863	3362
1864	3363
1865	3364
1866	3366
1867	3367
1868	3369
1869	3370
1870	3372
1871	3375
1872	3377
1873	3378
1874	3380
1875	3383
1876	3385
1877	3386
1878	3388
1879	3390
1880	3392
1881	3393
1882	3395
1883	3396
1884	3398
1885	3401
1886	3403
1887	3404
1888	3406
1889	3409
1890	3411
1891	3412
1892	3414
1893	3416
1894	3418
1895	3419
1896	3421
1897	3422
1898	3424
1899	3427
1900	3429
1901	3430
1902	3432
1903	3435
1904	3437
1905	3438
1906	3440
1907	3441
1908	3443
1909	3444
1910	3446
1911	3447
1912	3449
1913	3450
1914	3452
1915	3455
1916	3457
1917	3458
1918	3460
1919	3463
1920	3465
1921	3466
1922	3468
1923	3471
1924	3473
1925	3474
1926	3475
1927	3476
1928	3478
1929	3481
1930	3483
1931	3484
1932	3486
1933	3489
1934	3491
1935	3492
1936	3494
1937	3497
1938	3499
1939	3500
1940	3501
1941	3502
1942	3504
1943	3507
1944	3509
1945	3510
1946	3512
1947	3515
1948	3517
1949	3518
1950	3520
1951	3523
1952	3525
1953	3526
1954	3527
1955	3528
1956	3529
1957	3530
1958	3532
1959	3533
1960	3535
1961	3536
1962	3538
1963	3541
1964	3543
1965	3544
1966	3546
1967	3549
1968	3551
1969	3552
1970	3554
1971	3556
1972	3558
1973	3559
1974	3561
1975	3562
1976	3564
1977	3567
1978	3569
1979	3570
1980	3572
1981	3575
1982	3577
1983	3578
1984	3580
1985	3582
1986	3584
1987	3585
1988	3587
1989	3588
1990	3590
1991	3593
1992	3595
1993	3596
1994	3598
1995	3601
1996	3603
1997	3604
1998	3606
1999	3607
2000	3609
2001	3610
2002	3612
2003	3613
2004	3615
2005	3616
2006	3618
2007	3621
2008	3623
2009	3624
2010	3626
2011	3629
2012	3631
2013	3632
2014	3634
2015	3637
2016	3639
2017	3640
2018	3641
2019	3642
2020	3644
2021	3647
2022	3649
2023	3650
2024	3652
2025	3655
2026	3657
2027	3658
2028	3660
2029	3663
2030	3665
2031	3666
2032	3667
2033	3668
2034	3670
2035	3673
2036	3675
2037	3676
2038	3678
2039	3681
2040	3683
2041	3684
2042	3686
2043	3689
2044	3691
2045	3692
2046	3693
2047	3694
2048	3695
2049	3696
2050	3698
2051	3699
2052	3701
2053	3702
2054	3704
2055	3707
2056	3709
2057	3710
2058	3712
2059	3715
2060	3717
2061	3718
2062	3720
2063	3722
2064	3724
2065	3725
2066	3727
2067	3728
2068	3730
2069	3733
2070	3735
2071	3736
2072	3738
2073	3741
2074	3743
2075	3744
2076	3746
2077	3748
2078	3750
2079	3751
2080	3753
2081	3754
2082	3756
2083	3759
2084	3761
2085	3762
2086	3764
2087	3767
2088	3769
2089	3770
2090	3772
2091	3773
2092	3775
2093	3776
2094	3778
2095	3779
2096	3781
2097	3782
2098	3784
2099	3787
2100	3789
2101	3790
2102	3792
2103	3795
2104	3797
2105	3798
2106	3800
2107	3803
2108	3805
2109	3806
2110	3807
2111	3808
2112	3810
2113	3813
2114	3815
2115	3816
2116	3818
2117	3821
2118	3823
2119	3824
2120	3826
2121	3829
2122	3831
2123	3832
2124	3833
2125	3834
2126	3836
2127	3839
2128	3841
2129	3842
2130	3844
2131	3847
2132	3849
2133	3850
2134	3852
2135	3855
2136	3857
2137	3858
2138	3859
2139	3860
2140	3861
2141	3862
2142	3864
2143	3865
2144	3867
2145	3868
2146	3870
2147	3873
2148	3875
2149	3876
2150	3878
2151	3881
2152	3883
2153	3884
2154	3886
2155	3888
2156	3890
2157	3891
2158	3893
2159	3894
2160	3896
2161	3899
2162	3901
2163	3902
2164	3904
2165	3907
2166	3909
2167	3910
2168	3912
2169	3914
2170	3916
2171	3917
2172	3919
2173	3920
2174	3922
2175	3925
2176	3927
2177	3928
2178	3930
2179	3933
2180	3935
2181	3936
2182	3938
2183	3939
2184	3941
2185	3942
2186	3944
2187	3945
2188	3947
2189	3948
2190	3950
2191	3953
2192	3955
2193	3956
2194	3958
2195	3961
2196	3963
2197	3964
2198	3966
2199	3969
2200	3971
2201	3972
2202	3973
2203	3974
2204	3976
2205	3979
2206	3981
2207	3982
2208	3984
2209	3987
2210	3989
2211	3990
2212	3992
2213	3995
2214	3997
2215	3998
2216	3999
2217	4000
2218	4002
2219	4005
2220	4007
2221	4008
2222	4010
2223	4013
2224	4015
2225	4016
2226	4018
2227	4021
2228	4023
2229	4024
2230	4025
2231	4026
2232	4027
2233	4028
2234	4030
2235	4031
2236	4033
2237	4034
2238	4036
2239	4039
2240	4041
2241	4042
2242	4044
2243	4047
2244	4049
2245	4050
2246	4052
2247	4054
2248	4056
2249	4057
2250	4059
2251	4060
2252	4062
2253	4065
2254	4067
2255	4068
2256	4070
2257	4073
2258	4075
2259	4076
2260	4078
2261	4080
2262	4082
2263	4083
2264	4085
2265	4086
2266	4088
2267	4091
2268	4093
2269	4094
2270	4096
2271	4099
2272	4101
2273	4102
2274	4104
2275	4105
2276	4107
2277	4108
2278	4110
2279	4111
2280	4113
2281	4114
2282	4116
2283	4119
2284	4121
2285	4122
2286	4124
2287	4127
2288	4129
2289	4130
2290	4132
2291	4135
2292	4137
2293	4138
2294	4139
2295	4140
2296	4142
2297	4145
2298	4147
2299	4148
2300	4150
2301	4153
2302	4155
2303	4156
2304	4158
2305	4161
2306	4163
2307	4164
2308	4165
2309	4166
2310	4168
2311	4171
2312	4173
2313	4174
2314	4176
2315	4179
2316	4181
2317	4182
2318	4184
2319	4187
2320	4189
2321	4190
2322	4191
2323	4192
2324	4193
2325	4194
2326	4195
2327	4196
2328	4198
2329	4199
2330	4201
2331	4204
2332	4206
2333	4207
2334	4209
2335	4212
2336	4214
2337	4215
2338	4217
2339	4219
2340	4221
2341	4222
2342	4224
2343	4225
2344	4227
2345	4230
2346	4232
2347	4233
2348	4235
2349	4238
2350	4240
2351	4241
2352	4243
2353	4245
2354	4247
2355	4247
2356	4248
2357	4249
2358	4250
2359	4252
2360	4253
2361	4255
2362	4256
2363	4258
2364	4261
2365	4263
2366	4264
2367	4266
2368	4269
2369	4271
2370	4272
2371	4274
2372	4277
2373	4279
2374	4280
2375	4281
2376	4282
2377	4284
2378	4287
2379	4289
2380	4290
2381	4292
2382	4295
2383	4297
2384	4298
2385	4300
2386	4303
2387	4305
2388	4306
2389	4307
2390	4308
2391	4310
2392	4313
2393	4315
2394	4316
2395	4318
2396	4321
2397	4323
2398	4324
2399	4326
2400	4329
2401	4331
2402	4332
2403	4333
2404	4334
2405	4335
2406	4336
2407	4338
2408	4339
2409	4341
2410	4342
2411	4344
2412	4347
2413	4349
2414	4350
2415	4352
2416	4355
2417	4357
2418	4358
2419	4360
2420	4362
2421	4364
2422	4365
2423	4367
2424	4368
2425	4370
2426	4373
2427	4375
2428	4376
2429	4378
2430	4381
2431	4383
2432	4384
2433	4386
2434	4388
2435	4390
2436	4391
2437	4393
2438	4394
2439	4396
2440	4399
2441	4401
2442	4402
2443	4404
2444	4407
2445	4409
2446	4410
2447	4412
2448	4413
2449	4415
2450	4416
2451	4418
2452	4419
2453	4421
2454	4422
2455	4424
2456	4427
2457	4429
2458	4430
2459	4432
2460	4435
2461	4437
2462	4438
2463	4440
2464	4443
2465	4445
2466	4446
2467	4447
2468	4448
2469	4450
2470	4453
2471	4455
2472	4456
2473	4458
2474	4461
2475	4463
2476	4464
2477	4466
2478	4469
2479	4471
2480	4472
2481	4473
2482	4474
2483	4476
2484	4479
2485	4481
2486	4482
2487	4484
2488	4487
2489	4489
2490	4490
2491	4492
2492	4495
2493	4497
2494	4498
2495	4499
2496	4500
2497	4501
2498	4502
2499	4504
2500	4505
2501	4507
2502	4508
2503	4510
2504	4513
2505	4515
2506	4516
2507	4518
2508	4521
2509	4523
2510	4524
2511	4526
2512	4528
2513	4530
2514	4531
2515	4533
2516	4534
2517	4536
2518	4539
2519	4541
2520	4542
2521	4544
2522	4547
2523	4549
2524	4550
2525	4552
2526	4554
2527	4556
2528	4557
2529	4559
2530	4560
2531	4562
2532	4565
2533	4567
2534	4568
2535	4570
2536	4573
2537	4575
2538	4576
2539	4578
2540	4579
2541	4581
2542	4582
2543	4584
2544	4585
2545	4587
2546	4588
2547	4590
2548	4593
2549	4595
2550	4596
2551	4598
2552	4601
2553	4603
2554	4604
2555	4606
2556	4609
2557	4611
2558	4612
2559	4613
2560	4614
2561	4616
2562	4619
2563	4621
2564	4622
2565	4624
2566	4627
2567	4629
2568	4630
2569	4632
2570	4635
2571	4637
2572	4638
2573	4639
2574	4640
2575	4642
2576	4645
2577	4647
2578	4648
2579	4650
2580	4653
2581	4655
2582	4656
2583	4658
2584	4661
2585	4663
2586	4664
2587	4665
2588	4666
2589	4667
2590	4668
2591	4670
2592	4671
2593	4673
2594	4674
2595	4676
2596	4679
2597	4681
2598	4682
2599	4684
2600	4687
2601	4689
2602	4690
2603	4692
2604	4694
2605	4696
2606	4697
2607	4699
2608	4700
2609	4702
2610	4705
2611	4707
2612	4708
2613	4710
2614	4713
2615	4715
2616	4716
2617	4718
2618	4720
2619	4722
2620	4723
2621	4725
2622	4726
2623	4728
2624	4731
2625	4733
2626	4734
2627	4736
2628	4739
2629	4741
2630	4742
2631	4744
2632	4745
2633	4747
2634	4748
2635	4750
2636	4751
2637	4753
2638	4754
2639	4756
2640	4759
2641	4761
2642	4762
2643	4764
2644	4767
2645	4769
2646	4770
2647	4772
2648	4775
2649	4777
2650	4778
2651	4779
2652	4780
2653	4782
2654	4785
2655	4787
2656	4788
2657	4790
2658	4793
2659	4795
2660	4796
2661	4798
2662	4801
2663	4803
2664	4804
2665	4805
2666	4806
2667	4808
2668	4811
2669	4813
2670	4814
2671	4816
2672	4819
2673	4821
2674	4822
2675	4824
2676	4827
2677	4829
2678	4830
2679	4831
2680	4832
2681	4833
2682	4834
2683	4836
2684	4837
2685	4839
2686	4840
2687	4842
2688	4845
2689	4847
2690	4848
2691	4850
2692	4853
2693	4855
2694	4856
2695	4858
2696	4860
2697	4862
2698	4863
2699	4865
2700	4866
2701	4868
2702	4871
2703	4873
2704	4874
2705	4876
2706	4879
2707	4881
2708	4882
2709	4884
2710	4886
2711	4888
2712	4889
2713	4891
2714	4892
2715	4894
2716	4897
2717	4899
2718	4900
2719	4902
2720	4905
2721	4907
2722	4908
2723	4910
2724	4911
2725	4913
2726	4914
2727	4916
2728	4917
2729	4919
2730	4920
2731	4922
2732	4925
2733	4927
2734	4928
2735	4930
2736	4933
2737	4935
2738	4936
2739	4938
2740	4941
2741	4943
2742	4944
2743	4945
2744	4946
2745	4948
2746	4951
2747	4953
2748	4954
2749	4956
2750	4959
2751	4961
2752	4962
2753	4964
2754	4967
2755	4969
2756	4970
2757	4971
2758	4972
2759	4974
2760	4977
2761	4979
2762	4980
2763	4982
2764	4985
2765	4987
2766	4988
2767	4990
2768	4993
2769	4995
2770	4996
2771	4997
2772	4998
2773	4999
2774	5000
2775	5002
2776	5003
2777	5005
2778	5006
2779	5008
2780	5011
2781	5013
2782	5014
2783	5016
2784	5019
2785	5021
2786	5022
2787	5024
2788	5026
2789	5028
2790	5029
2791	5031
2792	5032
2793	5034
2794	5037
2795	5039
2796	5040
2797	5042
2798	5045
2799	5047
2800	5048
2801	5050
2802	5052
2803	5054
2804	5055
2805	5057
2806	5058
2807	5060
2808	5063
2809	5065
2810	5066
2811	5068
2812	5071
2813	5073
2814	5074
2815	5076
2816	5077
2817	5079
2818	5080
2819	5082
2820	5083
2821	5085
2822	5086
2823	5088
2824	5091
2825	5093
2826	5094
2827	5096
2828	5099
2829	5101
2830	5102
2831	5104
2832	5107
2833	5109
2834	5110
2835	5111
2836	5112
2837	5114
2838	5117
2839	5119
2840	5120
2841	5122
2842	5125
2843	5127
2844	5128
2845	5130
2846	5133
2847	5135
2848	5136
2849	5137
2850	5138
2851	5140
2852	5143
2853	5145
2854	5146
2855	5148
2856	5151
2857	5153
2858	5154
2859	5156
2860	5159
2861	5161
2862	5162
2863	5163
2864	5164
2865	5165
2866	5165
2867	5166
2868	5168
2869	5171
2870	5173
2871	5174
2872	5176
2873	5179
2874	5181
2875	5182
2876	5184
2877	5187
2878	5189
2879	5190
2880	5191
2881	5192
2882	5194
2883	5197
2884	5199
2885	5200
2886	5202
2887	5205
2888	5207
2889	5208
2890	5210
2891	5213
2892	5215
2893	5216
2894	5217
2895	5218
2896	5220
2897	5223
2898	5225
2899	5226
2900	5228
2901	5231
2902	5233
2903	5234
2904	5236
2905	5239
2906	5241
2907	5242
2908	5243
2909	5244
2910	5245
2911	5246
2912	5248
2913	5249
2914	5251
2915	5252
2916	5254
2917	5257
2918	5259
2919	5260
2920	5262
2921	5265
2922	5267
2923	5268
2924	5270
2925	5272
2926	5274
2927	5275
2928	5277
2929	5278
2930	5280
2931	5283
2932	5285
2933	5286
2934	5288
2935	5291
2936	5293
2937	5294
2938	5296
2939	5298
2940	5300
2941	5301
2942	5303
2943	5304
2944	5306
2945	5309
2946	5311
2947	5312
2948	5314
2949	5317
2950	5319
2951	5320
2952	5322
2953	5323
2954	5325
2955	5326
2956	5328
2957	5329
2958	5331
2959	5332
2960	5334
2961	5337
2962	5339
2963	5340
2964	5342
2965	5345
2966	5347
2967	5348
2968	5350
2969	5353
2970	5355
2971	5356
2972	5357
2973	5358
2974	5360
2975	5363
2976	5365
2977	5366
2978	5368
2979	5371
2980	5373
2981	5374
2982	5376
2983	5379
2984	5381
2985	5382
2986	5383
2987	5384
2988	5386
2989	5389
2990	5391
2991	5392
2992	5394
2993	5397
2994	5399
2995	5400
2996	5402
2997	5405
2998	5407
2999	5408
3000	5409
3001	5410
3002	5411
3003	5412
3004	5414
3005	5415
3006	5417
3007	5418
3008	5420
3009	5423
3010	5425
3011	5426
3012	5428
3013	5431
3014	5433
3015	5434
3016	5436
3017	5438
3018	5440
3019	5441
3020	5443
3021	5444
3022	5446
3023	5449
3024	5451
3025	5452
3026	5454
3027	5457
3028	5459
3029	5460
3030	5462
3031	5464
3032	5466
3033	5467
3034	5469
3035	5470
3036	5472
3037	5475
3038	5477
3039	5478
3040	5480
3041	5483
3042	5485
3043	5486
3044	5488
3045	5489
3046	5491
3047	5492
3048	5494
3049	5495
3050	5497
3051	5498
3052	5500
3053	5503
3054	5505
3055	5506
3056	5508
3057	5511
3058	5513
3059	5514
3060	5516
3061	5519
3062	5521
3063	5522
3064	5523
3065	5524
3066	5526
3067	5529
3068	5531
3069	5532
3070	5534
3071	5537
3072	5539
3073	5540
3074	5542
3075	5545
3076	5547
3077	5548
3078	5549
3079	5550
3080	5552
3081	5555
3082	5557
3083	5558
3084	5560
3085	5563
3086	5565
3087	5566
3088	5568
3089	5571
3090	5573
3091	5574
3092	5575
3093	5576
3094	5577
3095	5578
3096	5580
3097	5581
3098	5583
3099	5584
3100	5586
3101	5589
3102	5591
3103	5592
3104	5594
3105	5597
3106	5599
3107	5600
3108	5602
3109	5604
3110	5606
3111	5607
3112	5609
3113	5610
3114	5612
3115	5615
3116	5617
3117	5618
3118	5620
3119	5623
3120	5625
3121	5626
3122	5628
3123	5630
3124	5632
3125	5633
3126	5635
3127	5636
3128	5638
3129	5641
3130	5643
3131	5644
3132	5646
3133	5649
3134	5651
3135	5652
3136	5654
3137	5655
3138	5657
3139	5658
3140	5660
3141	5661
3142	5663
3143	5664
3144	5666
3145	5668
3146	5670
3147	5671
3148	5673
3149	5676
3150	5678
3151	5679
3152	5681
3153	5683
3154	5685
3155	5686
3156	5688
3157	5689
3158	5691
3159	5694
3160	5696
3161	5697
3162	5699
3163	5702
3164	5704
3165	5705
3166	5707
3167	5709
3168	5711
3169	5711
3170	5712
3171	5714
3172	5717
3173	5719
3174	5720
3175	5722
3176	5725
3177	5727
3178	5728
3179	5730
3180	5733
3181	5735
3182	5736
3183	5737
3184	5738
3185	5740
3186	5743
3187	5745
3188	5746
3189	5748
3190	5751
3191	5753
3192	5754
3193	5756
3194	5759
3195	5761
3196	5762
3197	5763
3198	5764
3199	5766
3200	5769
3201	5771
3202	5772
3203	5774
3204	5777
3205	5779
3206	5780
3207	5782
3208	5785
3209	5787
3210	5788
3211	5789
3212	5789
3213	5790
3214	5792
3215	5795
3216	5797
3217	5798
3218	5800
3219	5803
3220	5805
3221	5806
3222	5808
3223	5811
3224	5813
3225	5814
3226	5815
3227	5816
3228	5818
3229	5821
3230	5823
3231	5824
3232	5826
3233	5829
3234	5831
3235	5832
3236	5834
3237	5837
3238	5839
3239	5840
3240	5841
3241	5842
3242	5844
3243	5847
3244	5849
3245	5850
3246	5852
3247	5855
3248	5857
3249	5858
3250	5860
3251	5863
3252	5865
3253	5866
3254	5867
3255	5868
3256	5869
3257	5870
3258	5872
3259	5873
3260	5875
3261	5876
3262	5878
3263	5881
3264	5883
3265	5884
3266	5886
3267	5889
3268	5891
3269	5892
3270	5894
3271	5896
3272	5898
3273	5899
3274	5901
3275	5902
3276	5904
3277	5907
3278	5909
3279	5910
3280	5912
3281	5915
3282	5917
3283	5918
3284	5920
3285	5922
3286	5924
3287	5925
3288	5927
3289	5928
3290	5930
3291	5933
3292	5935
3293	5936
3294	5938
3295	5941
3296	5943
3297	5944
3298	5946
3299	5947
3300	5949
3301	5950
3302	5952
3303	5953
3304	5955
3305	5956
3306	5958
3307	5961
3308	5963
3309	5964
3310	5966
3311	5969
3312	5971
3313	5972
3314	5974
3315	5977
3316	5979
3317	5980
3318	5981
3319	5982
3320	5984
3321	5987
3322	5989
3323	5990
3324	5992
3325	5995
3326	5997
3327	5998
3328	6000
3329	6003
3330	6005
3331	6006
3332	6007
3333	6008
3334	6010
3335	6013
3336	6015
3337	6016
3338	6018
3339	6021
3340	6023
3341	6024
3342	6026
3343	6029
3344	6031
3345	6032
3346	6033
3347	6034
3348	6035
3349	6036
3350	6038
3351	6039
3352	6041
3353	6042
3354	6044
3355	6047
3356	6049
3357	6050
3358	6052
3359	6055
3360	6057
3361	6058
3362	6060
3363	6062
3364	6064
3365	6065
3366	6067
3367	6068
3368	6070
3369	6073
3370	6075
3371	6076
3372	6078
3373	6081
3374	6083
3375	6084
3376	6086
3377	6088
3378	6090
3379	6091
3380	6093
3381	6094
3382	6096
3383	6099
3384	6101
3385	6102
3386	6104
3387	6107
3388	6109
3389	6110
3390	6112
3391	6113
3392	6115
3393	6116
3394	6118
3395	6119
3396	6121
3397	6122
3398	6124
3399	6127
3400	6129
3401	6130
3402	6132
3403	6135
3404	6137
3405	6138
3406	6140
3407	6143
3408	6145
3409	6146
3410	6147
3411	6148
3412	6150
3413	6153
3414	6155
3415	6156
3416	6158
3417	6161
3418	6163
3419	6164
3420	6166
3421	6169
3422	6171
3423	6172
3424	6173
3425	6174
3426	6176
3427	6179
3428	6181
3429	6182
3430	6184
3431	6187
3432	6189
3433	6190
3434	6192
3435	6195
3436	6197
3437	6198
3438	6199
3439	6200
3440	6201
3441	6202
3442	6204
3443	6205
3444	6207
3445	6208
3446	6210
3447	6213
3448	6215
3449	6216
3450	6218
3451	6221
3452	6223
3453	6224
3454	6226
3455	6228
3456	6230
3457	6231
3458	6233
3459	6234
3460	6236
3461	6239
3462	6241
3463	6242
3464	6244
3465	6247
3466	6249
3467	6250
3468	6252
3469	6254
3470	6256
3471	6257
3472	6259
3473	6260
3474	6262
3475	6265
3476	6267
3477	6268
3478	6270
3479	6273
3480	6275
3481	6276
3482	6278
3483	6279
3484	6281
3485	6282
3486	6284
3487	6285
3488	6287
3489	6288
3490	6290
3491	6293
3492	6295
3493	6296
3494	6298
3495	6301
3496	6303
3497	6304
3498	6306
3499	6309
3500	6311
3501	6312
3502	6313
3503	6314
3504	6316
3505	6319
3506	6321
3507	6322
3508	6324
3509	6327
3510	6329
3511	6330
3512	6332
3513	6335
3514	6337
3515	6338
3516	6339
3517	6340
3518	6342
3519	6345
3520	6347
3521	6348
3522	6350
3523	6353
3524	6355
3525	6356
3526	6358
3527	6361
3528	6363
3529	6364
3530	6365
3531	6366
3532	6367
3533	6368
3534	6370
3535	6371
3536	6373
3537	6374
3538	6376
3539	6379
3540	6381
3541	6382
3542	6384
3543	6387
3544	6389
3545	6390
3546	6392
3547	6394
3548	6396
3549	6397
3550	6399
3551	6400
3552	6402
3553	6405
3554	6407
3555	6408
3556	6410
3557	6413
3558	6415
3559	6416
3560	6418
3561	6420
3562	6422
3563	6423
3564	6425
3565	6426
3566	6428
3567	6431
3568	6433
3569	6434
3570	6436
3571	6439
3572	6441
3573	6442
3574	6444
3575	6445
3576	6447
3577	6448
3578	6450
3579	6451
3580	6453
3581	6454
3582	6456
3583	6459
3584	6461
3585	6462
3586	6464
3587	6467
3588	6469
3589	6470
3590	6472
3591	6475
3592	6477
3593	6478
3594	6479
3595	6480
3596	6482
3597	6485
3598	6487
3599	6488
3600	6490
3601	6493
3602	6495
3603	6496
3604	6498
3605	6501
3606	6503
3607	6504
3608	6505
3609	6506
3610	6508
3611	6511
3612	6513
3613	6514
3614	6516
3615	6519
3616	6521
3617	6522
3618	6524
3619	6527
3620	6529
3621	6530
3622	6531
3623	6532
3624	6533
3625	6534
3626	6536
3627	6537
3628	6539
3629	6540
3630	6542
3631	6545
3632	6547
3633	6548
3634	6550
3635	6553
3636	6555
3637	6556
3638	6558
3639	6560
3640	6562
3641	6563
3642	6565
3643	6566
3644	6568
3645	6571
3646	6573
3647	6574
3648	6576
3649	6579
3650	6581
3651	6582
3652	6584
3653	6586
3654	6588
3655	6589
3656	6591
3657	6592
3658	6594
3659	6597
3660	6599
3661	6600
3662	6602
3663	6605
3664	6607
3665	6608
3666	6610
3667	6611
3668	6613
3669	6614
3670	6616
3671	6617
3672	6619
3673	6620
3674	6622
3675	6625
3676	6627
3677	6628
3678	6630
3679	6633
3680	6635
3681	6636
3682	6638
3683	6641
3684	6643
3685	6644
3686	6645
3687	6646
3688	6648
3689	6651
3690	6653
3691	6654
3692	6656
3693	6659
3694	6661
3695	6662
3696	6664
3697	6667
3698	6669
3699	6670
3700	6671
3701	6672
3702	6674
3703	6677
3704	6679
3705	6680
3706	6682
3707	6685
3708	6687
3709	6688
3710	6690
3711	6693
3712	6695
3713	6696
3714	6697
3715	6698
3716	6699
3717	6700
3718	6701
3719	6702
3720	6704
3721	6705
3722	6707
3723	6710
3724	6712
3725	6713
3726	6715
3727	6718
3728	6720
3729	6721
3730	6723
3731	6725
3732	6727
3733	6728
3734	6730
3735	6731
3736	6733
3737	6736
3738	6738
3739	6739
3740	6741
3741	6744
3742	6746
3743	6747
3744	6749
3745	6751
3746	6753
3747	6753
3748	6754
3749	6756
3750	6759
3751	6761
3752	6762
3753	6764
3754	6767
3755	6769
3756	6770
3757	6772
3758	6775
3759	6777
3760	6778
3761	6779
3762	6780
3763	6782
3764	6785
3765	6787
3766	6788
3767	6790
3768	6793
3769	6795
3770	6796
3771	6798
3772	6801
3773	6803
3774	6804
3775	6805
3776	6806
3777	6808
3778	6811
3779	6813
3780	6814
3781	6816
3782	6819
3783	6821
3784	6822
3785	6824
3786	6827
3787	6829
3788	6830
3789	6831
3790	6831
3791	6832
3792	6834
3793	6837
3794	6839
3795	6840
3796	6842
3797	6845
3798	6847
3799	6848
3800	6850
3801	6853
3802	6855
3803	6856
3804	6857
3805	6858
3806	6860
3807	6863
3808	6865
3809	6866
3810	6868
3811	6871
3812	6873
3813	6874
3814	6876
3815	6879
3816	6881
3817	6882
3818	6883
3819	6884
3820	6886
3821	6889
3822	6891
3823	6892
3824	6894
3825	6897
3826	6899
3827	6900
3828	6902
3829	6905
3830	6907
3831	6908
3832	6909
3833	6910
3834	6911
3835	6912
3836	6914
3837	6915
3838	6917
3839	6918
3840	6920
3841	6923
3842	6925
3843	6926
3844	6928
3845	6931
3846	6933
3847	6934
3848	6936
3849	6938
3850	6940
3851	6941
3852	6943
3853	6944
3854	6946
3855	6949
3856	6951
3857	6952
3858	6954
3859	6957
3860	6959
3861	6960
3862	6962
3863	6964
3864	6966
3865	6967
3866	6969
3867	6970
3868	6972
3869	6975
3870	6977
3871	6978
3872	6980
3873	6983
3874	6985
3875	6986
3876	6988
3877	6989
3878	6991
3879	6992
3880	6994
3881	6995
3882	6997
3883	6998
3884	7000
3885	7003
3886	7005
3887	7006
3888	7008
3889	7011
3890	7013
3891	7014
3892	7016
3893	7019
3894	7021
3895	7022
3896	7023
3897	7024
3898	7026
3899	7029
3900	7031
3901	7032
3902	7034
3903	7037
3904	7039
3905	7040
3906	7042
3907	7045
3908	7047
3909	7048
3910	7049
3911	7050
3912	7052
3913	7055
3914	7057
3915	7058
3916	7060
3917	7063
3918	7065
3919	7066
3920	7068
3921	7071
3922	7073
3923	7074
3924	7075
3925	7076
3926	7077
3927	7078
3928	7080
3929	7081
3930	7083
3931	7084
3932	7086
3933	7089
3934	7091
3935	7092
3936	7094
3937	7097
3938	7099
3939	7100
3940	7102
3941	7104
3942	7106
3943	7107
3944	7109
3945	7110
3946	7112
3947	7115
3948	7117
3949	7118
3950	7120
3951	7123
3952	7125
3953	7126
3954	7128
3955	7130
3956	7132
3957	7133
3958	7135
3959	7136
3960	7138
3961	7141
3962	7143
3963	7144
3964	7146
3965	7149
3966	7151
3967	7152
3968	7154
3969	7155
3970	7157
3971	7158
3972	7160
3973	7161
3974	7163
3975	7164
3976	7166
3977	7169
3978	7171
3979	7172
3980	7174
3981	7177
3982	7179
3983	7180
3984	7182
3985	7185
3986	7187
3987	7188
3988	7189
3989	7190
3990	7192
3991	7195
3992	7197
3993	7198
3994	7200
3995	7203
3996	7205
3997	7206
3998	7208
3999	7211
4000	7213
4001	7214
4002	7215
4003	7216
4004	7218
4005	7221
4006	7223
4007	7224
4008	7226
4009	7229
4010	7231
4011	7232
4012	7234
4013	7237
4014	7239
4015	7240
4016	7241
4017	7242
4018	7243
4019	7244
4020	7246
4021	7247
4022	7249
4023	7250
4024	7252
4025	7255
4026	7257
4027	7258
4028	7260
4029	7263
4030	7265
4031	7266
4032	7268
4033	7270
4034	7272
4035	7273
4036	7275
4037	7276
4038	7278
4039	7281
4040	7283
4041	7284
4042	7286
4043	7289
4044	7291
4045	7292
4046	7294
4047	7296
4048	7298
4049	7299
4050	7301
4051	7302
4052	7304
4053	7307
4054	7309
4055	7310
4056	7312
4057	7315
4058	7317
4059	7318
4060	7320
4061	7321
4062	7323
4063	7324
4064	7326
4065	7327
4066	7329
4067	7330
4068	7332
4069	7335
4070	7337
4071	7338
4072	7340
4073	7343
4074	7345
4075	7346
4076	7348
4077	7351
4078	7353
4079	7354
4080	7355
4081	7356
4082	7358
4083	7361
4084	7363
4085	7364
4086	7366
4087	7369
4088	7371
4089	7372
4090	7374
4091	7377
4092	7379
4093	7380
4094	7381
4095	7382
4096	7384
4097	7387
4098	7389
4099	7390
4100	7392
4101	7395
4102	7397
4103	7398
4104	7400
4105	7403
4106	7405
4107	7406
4108	7407
4109	7408
4110	7409
4111	7410
4112	7412
4113	7413
4114	7415
4115	7416
4116	7418
4117	7421
4118	7423
4119	7424
4120	7426
4121	7429
4122	7431
4123	7432
4124	7434
4125	7436
4126	7438
4127	7439
4128	7441
4129	7442
4130	7444
4131	7447
4132	7449
4133	7450
4134	7452
4135	7455
4136	7457
4137	7458
4138	7460
4139	7462
4140	7464
4141	7465
4142	7467
4143	7468
4144	7470
4145	7473
4146	7475
4147	7476
4148	7478
4149	7481
4150	7483
4151	7484
4152	7486
4153	7487
4154	7489
4155	7490
4156	7492
4157	7493
4158	7495
4159	7496
4160	7498
4161	7501
4162	7503
4163	7504
4164	7506
4165	7509
4166	7511
4167	7512
4168	7514
4169	7517
4170	7519
4171	7520
4172	7521
4173	7522
4174	7524
4175	7527
4176	7529
4177	7530
4178	7532
4179	7535
4180	7537
4181	7538
4182	7540
4183	7543
4184	7545
4185	7546
4186	7547
4187	7548
4188	7550
4189	7553
4190	7555
4191	7556
4192	7558
4193	7561
4194	7563
4195	7564
4196	7566
4197	7569
4198	7571
4199	7572
4200	7573
4201	7574
4202	7575
4203	7576
4204	7578
4205	7579
4206	7581
4207	7582
4208	7584
4209	7587
4210	7589
4211	7590
4212	7592
4213	7595
4214	7597
4215	7598
4216	7600
4217	7602
4218	7604
4219	7605
4220	7607
4221	7608
4222	7610
4223	7613
4224	7615
4225	7616
4226	7618
4227	7621
4228	7623
4229	7624
4230	7626
4231	7628
4232	7630
4233	7631
4234	7633
4235	7634
4236	7636
4237	7639
4238	7641
4239	7642
4240	7644
4241	7647
4242	7649
4243	7650
4244	7652
4245	7653
4246	7655
4247	7656
4248	7658
4249	7659
4250	7661
4251	7662
4252	7664
4253	7667
4254	7669
4255	7670
4256	7672
4257	7675
4258	7677
4259	7678
4260	7680
4261	7683
4262	7685
4263	7686
4264	7687
4265	7688
4266	7690
4267	7693
4268	7695
4269	7696
4270	7698
4271	7701
4272	7703
4273	7704
4274	7706
4275	7709
4276	7711
4277	7712
4278	7713
4279	7714
4280	7716
4281	7719
4282	7721
4283	7722
4284	7724
4285	7727
4286	7729
4287	7730
4288	7732
4289	7735
4290	7737
4291	7738
4292	7739
4293	7740
4294	7741
4295	7742
4296	7743
4297	7744
4298	7746
4299	7747
4300	7749
4301	7752
4302	7754
4303	7755
4304	7757
4305	7760
4306	7762
4307	7763
4308	7765
4309	7767
4310	7769
4311	7770
4312	7772
4313	7773
4314	7775
4315	7778
4316	7780
4317	7781
4318	7783
4319	7786
4320	7788
4321	7789
4322	7791
4323	7793
4324	7795
4325	7795
4326	7796
4327	7798
4328	7801
4329	7803
4330	7804
4331	7806
4332	7809
4333	7811
4334	7812
4335	7814
4336	7817
4337	7819
4338	7820
4339	7821
4340	7822
4341	7824
4342	7827
4343	7829
4344	7830
4345	7832
4346	7835
4347	7837
4348	7838
4349	7840
4350	7843
4351	7845
4352	7846
4353	7847
4354	7848
4355	7850
4356	7853
4357	7855
4358	7856
4359	7858
4360	7861
4361	7863
4362	7864
4363	7866
4364	7869
4365	7871
4366	7872
4367	7873
4368	7873
4369	7874
4370	7876
4371	7879
4372	7881
4373	7882
4374	7884
4375	7887
4376	7889
4377	7890
4378	7892
4379	7895
4380	7897
4381	7898
4382	7899
4383	7900
4384	7902
4385	7905
4386	7907
4387	7908
4388	7910
4389	7913
4390	7915
4391	7916
4392	7918
4393	7921
4394	7923
4395	7924
4396	7925
4397	7926
4398	7928
4399	7931
4400	7933
4401	7934
4402	7936
4403	7939
4404	7941
4405	7942
4406	7944
4407	7947
4408	7949
4409	7950
4410	7951
4411	7952
4412	7953
4413	7954
4414	7956
4415	7957
4416	7959
4417	7960
4418	7962
4419	7965
4420	7967
4421	7968
4422	7970
4423	7973
4424	7975
4425	7976
4426	7978
4427	7980
4428	7982
4429	7983
4430	7985
4431	7986
4432	7988
4433	7991
4434	7993
4435	7994
4436	7996
4437	7999
4438	8001
4439	8002
4440	8004
4441	8006
4442	8008
4443	8009
4444	8011
4445	8012
4446	8014
4447	8017
4448	8019
4449	8020
4450	8022
4451	8025
4452	8027
4453	8028
4454	8030
4455	8031
4456	8033
4457	8034
4458	8036
4459	8037
4460	8039
4461	8040
4462	8042
4463	8045
4464	8047
4465	8048
4466	8050
4467	8053
4468	8055
4469	8056
4470	8058
4471	8061
4472	8063
4473	8064
4474	8065
4475	8066
4476	8068
4477	8071
4478	8073
4479	8074
4480	8076
4481	8079
4482	8081
4483	8082
4484	8084
4485	8087
4486	8089
4487	8090
4488	8091
4489	8092
4490	8094
4491	8097
4492	8099
4493	8100
4494	8102
4495	8105
4496	8107
4497	8108
4498	8110
4499	8113
4500	8115
4501	8116
4502	8117
4503	8118
4504	8119
4505	8120
4506	8122
4507	8123
4508	8125
4509	8126
4510	8128
4511	8131
4512	8133
4513	8134
4514	8136
4515	8139
4516	8141
4517	8142
4518	8144
4519	8146
4520	8148
4521	8149
4522	8151
4523	8152
4524	8154
4525	8157
4526	8159
4527	8160
4528	8162
4529	8165
4530	8167
4531	8168
4532	8170
4533	8172
4534	8174
4535	8175
4536	8177
4537	8178
4538	8180
4539	8183
4540	8185
4541	8186
4542	8188
4543	8191
4544	8193
4545	8194
4546	8196
4547	8197
4548	8199
4549	8200
4550	8202
4551	8203
4552	8205
4553	8206
4554	8208
4555	8211
4556	8213
4557	8214
4558	8216
4559	8219
4560	8221
4561	8222
4562	8224
4563	8227
4564	8229
4565	8230
4566	8231
4567	8232
4568	8233
4569	8234
4570	8236
4571	8237
4572	8239
4573	8240
4574	8242
4575	8245
4576	8247
4577	8248
4578	8250
4579	8253
4580	8255
4581	8256
4582	8258
4583	8260
4584	8262
4585	8263
4586	8265
4587	8266
4588	8268
4589	8271
4590	8273
4591	8274
4592	8276
4593	8279
4594	8281
4595	8282
4596	8284
4597	8286
4598	8288
4599	8289
4600	8291
4601	8292
4602	8294
4603	8297
4604	8299
4605	8300
4606	8302
4607	8305
4608	8307
4609	8308
4610	8310
4611	8311
4612	8313
4613	8314
4614	8316
4615	8317
4616	8319
4617	8320
4618	8322
4619	8325
4620	8327
4621	8328
4622	8330
4623	8333
4624	8335
4625	8336
4626	8338
4627	8341
4628	8343
4629	8344
4630	8345
4631	8346
4632	8348
4633	8351
4634	8353
4635	8354
4636	8356
4637	8359
4638	8361
4639	8362
4640	8364
4641	8367
4642	8369
4643	8370
4644	8371
4645	8372
4646	8374
4647	8377
4648	8379
4649	8380
4650	8382
4651	8385
4652	8387
4653	8388
4654	8390
4655	8393
4656	8395
4657	8396
4658	8397
4659	8398
4660	8399
4661	8400
4662	8402
4663	8403
4664	8405
4665	8406
4666	8408
4667	8411
4668	8413
4669	8414
4670	8416
4671	8419
4672	8421
4673	8422
4674	8424
4675	8426
4676	8428
4677	8429
4678	8431
4679	8432
4680	8434
4681	8437
4682	8439
4683	8440
4684	8442
4685	8445
4686	8447
4687	8448
4688	8450
4689	8452
4690	8454
4691	8455
4692	8457
4693	8458
4694	8460
4695	8463
4696	8465
4697	8466
4698	8468
4699	8471
4700	8473
4701	8474
4702	8476
4703	8477
4704	8479
4705	8480
4706	8482
4707	8483
4708	8485
4709	8486
4710	8487
4711	8488
4712	8490
4713	8493
4714	8495
4715	8496
4716	8498
4717	8501
4718	8503
4719	8504
4720	8506
4721	8509
4722	8511
4723	8512
4724	8513
4725	8514
4726	8516
4727	8519
4728	8521
4729	8522
4730	8524
4731	8527
4732	8529
4733	8530
4734	8532
4735	8535
4736	8537
4737	8538
4738	8539
4739	8540
4740	8542
4741	8545
4742	8547
4743	8548
4744	8550
4745	8553
4746	8555
4747	8556
4748	8558
4749	8561
4750	8563
4751	8564
4752	8565
4753	8565
4754	8566
4755	8568
4756	8571
4757	8573
4758	8574
4759	8576
4760	8579
4761	8581
4762	8582
4763	8584
4764	8587
4765	8589
4766	8590
4767	8591
4768	8592
4769	8594
4770	8597
4771	8599
4772	8600
4773	8602
4774	8605
4775	8607
4776	8608
4777	8610
4778	8613
4779	8615
4780	8616
4781	8617
4782	8618
4783	8619
4784	8620
4785	8622
4786	8623
4787	8625
4788	8626
4789	8628
4790	8631
4791	8633
4792	8634
4793	8636
4794	8639
4795	8641
4796	8642
4797	8644
4798	8646
4799	8648
4800	8649
4801	8651
4802	8652
4803	8654
4804	8657
4805	8659
4806	8660
4807	8662
4808	8665
4809	8667
4810	8668
4811	8670
4812	8672
4813	8674
4814	8675
4815	8677
4816	8678
4817	8680
4818	8683
4819	8685
4820	8686
4821	8688
4822	8691
4823	8693
4824	8694
4825	8696
4826	8697
4827	8699
4828	8700
4829	8702
4830	8703
4831	8705
4832	8706
4833	8708
4834	8711
4835	8713
4836	8714
4837	8716
4838	8719
4839	8721
4840	8722
4841	8724
4842	8727
4843	8729
4844	8730
4845	8731
4846	8732
4847	8734
4848	8737
4849	8739
4850	8740
4851	8742
4852	8745
4853	8747
4854	8748
4855	8750
4856	8753
4857	8755
4858	8756
4859	8757
4860	8758
4861	8760
4862	8763
4863	8765
4864	8766
4865	8768
4866	8771
4867	8773
4868	8774
4869	8776
4870	8779
4871	8781
4872	8782
4873	8783
4874	8784
4875	8785
4876	8786
4877	8787
4878	8788
4879	8790
4880	8791
4881	8793
4882	8796
4883	8798
4884	8799
4885	8801
4886	8804
4887	8806
4888	8807
4889	8809
4890	8811
4891	8813
4892	8814
4893	8816
4894	8817
4895	8819
4896	8822
4897	8824
4898	8825
4899	8827
4900	8830
4901	8832
4902	8833
4903	8835
4904	8837
4905	8839
4906	8839
4907	8840
4908	8842
4909	8845
4910	8847
4911	8848
4912	8850
4913	8853
4914	8855
4915	8856
4916	8858
4917	8861
4918	8863
4919	8864
4920	8865
4921	8866
4922	8868
4923	8871
4924	8873
4925	8874
4926	8876
4927	8879
4928	8881
4929	8882
4930	8884
4931	8887
4932	8889
4933	8890
4934	8891
4935	8892
4936	8894
4937	8897
4938	8899
4939	8900
4940	8902
4941	8905
4942	8907
4943	8908
4944	8910
4945	8913
4946	8915
4947	8916
4948	8917
4949	8917
4950	8918
4951	8920
4952	8923
4953	8925
4954	8926
4955	8928
4956	8931
4957	8933
4958	8934
4959	8936
4960	8939
4961	8941
4962	8942
4963	8943
4964	8944
4965	8945
4966	8946
4967	8948
4968	8949
4969	8951
4970	8952
4971	8954
4972	8957
4973	8959
4974	8960
4975	8962
4976	8965
4977	8967
4978	8968
4979	8970
4980	8972
4981	8974
4982	8975
4983	8977
4984	8978
4985	8980
4986	8983
4987	8985
4988	8986
4989	8988
4990	8991
4991	8993
4992	8994
4993	8996
4994	8998
4995	9000
4996	9001
4997	9003
4998	9004
4999	9006
5000	9009
5001	9011
5002	9012
5003	9014
5004	9017
5005	9019
5006	9020
5007	9022
5008	9023
5009	9025
5010	9025
5011	9026
5012	9028
5013	9029
5014	9031
5015	9032
5016	9034
5017	9037
5018	9039
5019	9040
5020	9042
5021	9045
5022	9047
5023	9048
5024	9050
5025	9052
5026	9054
5027	9055
5028	9057
5029	9058
5030	9060
5031	9063
5032	9065
5033	9066
5034	9068
5035	9071
5036	9073
5037	9074
5038	9076
5039	9078
5040	9080
5041	9081
5042	9083
5043	9084
5044	9086
5045	9089
5046	9091
5047	9092
5048	9094
5049	9097
5050	9099
5051	9100
5052	9102
5053	9103
5054	9105
5055	9106
5056	9108
5057	9109
5058	9111
5059	9112
5060	9114
5061	9117
5062	9119
5063	9120
5064	9122
5065	9125
5066	9127
5067	9128
5068	9130
5069	9133
5070	9135
5071	9136
5072	9137
5073	9138
5074	9140
5075	9143
5076	9145
5077	9146
5078	9148
5079	9151
5080	9153
5081	9154
5082	9156
5083	9159
5084	9161
5085	9162
5086	9163
5087	9164
5088	9166
5089	9169
5090	9171
5091	9172
5092	9174
5093	9177
5094	9179
5095	9180
5096	9182
5097	9185
5098	9187
5099	9188
5100	9189
5101	9190
5102	9191
5103	9192
5104	9194
5105	9194
5106	9197
5107	9199
5108	9200
5109	9202
5110	9205
5111	9207
5112	9208
5113	9210
5114	9213
5115	9215
5116	9216
5117	9217
5118	9218
5119	9220
5120	9223
5121	9225
5122	9226
5123	9228
5124	9231
5125	9233
5126	9234
5127	9236
5128	9239
5129	9241
5130	9242
5131	9243
5132	9244
5133	9246
5134	9249
5135	9251
5136	9252
5137	9254
5138	9257
5139	9259
5140	9260
5141	9262
5142	9265
5143	9267
5144	9268
5145	9269
5146	9270
5147	9271
5148	9272
5149	9274
5150	9275
5151	9277
5152	9278
5153	9280
5154	9283
5155	9285
5156	9286
5157	9288
5158	9291
5159	9293
5160	9294
5161	9296
5162	9298
5163	9300
5164	9301
5165	9303
5166	9304
5167	9306
5168	9309
5169	9311
5170	9312
5171	9314
5172	9317
5173	9319
5174	9320
5175	9322
5176	9324
5177	9326
5178	9327
5179	9329
5180	9330
5181	9332
5182	9335
5183	9337
5184	9338
5185	9340
5186	9343
5187	9345
5188	9346
5189	9348
5190	9349
5191	9351
5192	9352
5193	9354
5194	9355
5195	9357
5196	9358
5197	9360
5198	9363
5199	9365
5200	9366
5201	9368
5202	9371
5203	9373
5204	9374
5205	9376
5206	9379
5207	9381
5208	9382
5209	9383
5210	9384
5211	9386
5212	9389
5213	9391
5214	9392
5215	9394
5216	9397
5217	9399
5218	9400
5219	9402
5220	9405
5221	9407
5222	9408
5223	9409
5224	9410
5225	9412
5226	9415
5227	9417
5228	9418
5229	9420
5230	9423
5231	9425
5232	9426
5233	9428
5234	9431
5235	9433
5236	9434
5237	9435
5238	9436
5239	9437
5240	9438
5241	9439
5242	9440
5243	9442
5244	9443
5245	9445
5246	9448
5247	9450
5248	9451
5249	9453
5250	9456
5251	9458
5252	9459
5253	9461
5254	9463
5255	9465
5256	9466
5257	9468
5258	9469
5259	9471
5260	9474
5261	9476
5262	9477
5263	9479
5264	9482
5265	9484
5266	9485
5267	9487
5268	9489
5269	9491
5270	9491
5271	9492
5272	9494
5273	9497
5274	9499
5275	9500
5276	9502
5277	9505
5278	9507
5279	9508
5280	9510
5281	9513
5282	9515
5283	9516
5284	9517
5285	9518
5286	9520
5287	9523
5288	9525
5289	9526
5290	9528
5291	9531
5292	9533
5293	9534
5294	9536
5295	9539
5296	9541
5297	9542
5298	9543
5299	9544
5300	9545
5301	9546
5302	9547
5303	9548
5304	9550
5305	9551
5306	9553
5307	9556
5308	9558
5309	9559
5310	9561
5311	9564
5312	9566
5313	9567
5314	9569
5315	9571
5316	9573
5317	9574
5318	9576
5319	9577
5320	9579
5321	9582
5322	9584
5323	9585
5324	9587
5325	9590
5326	9592
5327	9593
5328	9595
5329	9597
5330	9599
5331	9599
5332	9600
5333	9602
5334	9605
5335	9607
5336	9608
5337	9610
5338	9613
5339	9615
5340	9616
5341	9618
5342	9621
5343	9623
5344	9624
5345	9625
5346	9626
5347	9628
5348	9631
5349	9633
5350	9634
5351	9636
5352	9639
5353	9641
5354	9642
5355	9644
5356	9647
5357	9649
5358	9650
5359	9651
5360	9652
5361	9654
5362	9657
5363	9659
5364	9660
5365	9662
5366	9665
5367	9667
5368	9668
5369	9670
5370	9673
5371	9675
5372	9676
5373	9677
5374	9677
5375	9678
5376	9680
5377	9683
5378	9685
5379	9686
5380	9688
5381	9691
5382	9693
5383	9694
5384	9696
5385	9699
5386	9701
5387	9702
5388	9703
5389	9704
5390	9706
5391	9709
5392	9711
5393	9712
5394	9714
5395	9717
5396	9719
5397	9720
5398	9722
5399	9725
5400	9727
5401	9728
5402	9729
5403	9730
5404	9732
5405	9735
5406	9737
5407	9738
5408	9740
5409	9743
5410	9745
5411	9746
5412	9748
5413	9751
5414	9753
5415	9754
5416	9755
5417	9756
5418	9757
5419	9758
5420	9760
5421	9761
5422	9763
5423	9764
5424	9766
5425	9769
5426	9771
5427	9772
5428	9774
5429	9777
5430	9779
5431	9780
5432	9782
5433	9784
5434	9786
5435	9787
5436	9789
5437	9790
5438	9792
5439	9795
5440	9797
5441	9798
5442	9800
5443	9803
5444	9805
5445	9806
5446	9808
5447	9810
5448	9812
5449	9813
5450	9815
5451	9816
5452	9818
5453	9821
5454	9823
5455	9824
5456	9826
5457	9829
5458	9831
5459	9832
5460	9834
5461	9835
5462	9837
5463	9838
5464	9840
5465	9841
5466	9843
5467	9844
5468	9846
5469	9849
5470	9851
5471	9852
5472	9854
5473	9857
5474	9859
5475	9860
5476	9862
5477	9865
5478	9867
5479	9868
5480	9869
5481	9870
5482	9872
5483	9875
5484	9877
5485	9878
5486	9880
5487	9883
5488	9885
5489	9886
5490	9888
5491	9891
5492	9893
5493	9894
5494	9895
5495	9896
5496	9898
5497	9901
5498	9903
5499	9904
5500	9906
5501	9909
5502	9911
5503	9912
5504	9914
5505	9917
5506	9919
5507	9920
5508	9921
5509	9922
5510	9923
5511	9924
5512	9926
5513	9927
5514	9929
5515	9930
5516	9932
5517	9935
5518	9937
5519	9938
5520	9940
5521	9943
5522	9945
5523	9946
5524	9948
5525	9950
5526	9952
5527	9953
5528	9955
5529	9956
5530	9958
5531	9961
5532	9963
5533	9964
5534	9966
5535	9969
5536	9971
5537	9972
5538	9974
5539	9976
5540	9978
5541	9979
5542	9981
5543	9982
5544	9984
5545	9987
5546	9989
5547	9990
5548	9992
5549	9995
5550	9997
5551	9998
5552	10000
5553	10001
5554	10003
5555	10004
5556	10006
5557	10007
5558	10009
5559	10010
5560	10012
5561	10015
5562	10017
5563	10018
5564	10020
5565	10023
5566	10025
5567	10026
5568	10028
5569	10031
5570	10033
5571	10034
5572	10035
5573	10036
5574	10038
5575	10041
5576	10043
5577	10044
5578	10046
5579	10049
5580	10051
5581	10052
5582	10054
5583	10057
5584	10059
5585	10060
5586	10061
5587	10062
5588	10064
5589	10067
5590	10069
5591	10070
5592	10072
5593	10074
5594	10076
5595	10077
5596	10079
5597	10080
5598	10082
5599	10085
5600	10087
5601	10088
5602	10090
5603	10093
5604	10095
5605	10096
5606	10098
5607	10100
5608	10102
5609	10102
5610	10103
5611	10105
5612	10108
5613	10110
5614	10111
5615	10113
5616	10116
5617	10118
5618	10119
5619	10121
5620	10124
5621	10126
5622	10127
5623	10128
5624	10129
5625	10131
5626	10134
5627	10136
5628	10137
5629	10139
5630	10142
5631	10144
5632	10145
5633	10147
5634	10150
5635	10152
5636	10153
5637	10154
5638	10155
5639	10157
5640	10160
5641	10162
5642	10163
5643	10165
5644	10168
5645	10170
5646	10171
5647	10173
5648	10176
5649	10178
5650	10179
5651	10180
5652	10180
5653	10181
5654	10183
5655	10186
5656	10188
5657	10189
5658	10191
5659	10194
5660	10196
5661	10197
5662	10199
5663	10202
5664	10204
5665	10205
5666	10206
5667	10207
5668	10209
5669	10212
5670	10214
5671	10215
5672	10217
5673	10220
5674	10222
5675	10223
5676	10225
5677	10228
5678	10230
5679	10231
5680	10232
5681	10233
5682	10235
5683	10238
5684	10240
5685	10241
5686	10243
5687	10246
5688	10248
5689	10249
5690	10251
5691	10254
5692	10256
5693	10257
5694	10258
5695	10259
5696	10260
5697	10261
5698	10263
5699	10264
5700	10266
5701	10267
5702	10269
5703	10272
5704	10274
5705	10275
5706	10277
5707	10280
5708	10282
5709	10283
5710	10285
5711	10287
5712	10289
5713	10290
5714	10292
5715	10293
5716	10295
5717	10298
5718	10300
5719	10301
5720	10303
5721	10306
5722	10308
5723	10309
5724	10311
5725	10313
5726	10315
5727	10316
5728	10318
5729	10319
5730	10321
5731	10324
5732	10326
5733	10327
5734	10329
5735	10332
5736	10334
5737	10335
5738	10337
5739	10338
5740	10340
5741	10341
5742	10343
5743	10344
5744	10346
5745	10347
5746	10349
5747	10352
5748	10354
5749	10355
5750	10357
5751	10360
5752	10362
5753	10363
5754	10365
5755	10368
5756	10370
5757	10371
5758	10372
5759	10373
5760	10375
5761	10378
5762	10380
5763	10381
5764	10383
5765	10386
5766	10388
5767	10389
5768	10391
5769	10394
5770	10396
5771	10397
5772	10398
5773	10399
5774	10401
5775	10404
5776	10406
5777	10407
5778	10409
5779	10412
5780	10414
5781	10415
5782	10417
5783	10420
5784	10422
5785	10423
5786	10424
5787	10425
5788	10426
5789	10427
5790	10429
5791	10430
5792	10432
5793	10433
5794	10435
5795	10438
5796	10440
5797	10441
5798	10443
5799	10446
5800	10448
5801	10449
5802	10451
5803	10453
5804	10455
5805	10456
5806	10458
5807	10459
5808	10461
5809	10464
5810	10466
5811	10467
5812	10469
5813	10472
5814	10474
5815	10475
5816	10477
5817	10479
5818	10481
5819	10482
5820	10484
5821	10485
5822	10487
5823	10490
5824	10492
5825	10493
5826	10495
5827	10498
5828	10500
5829	10501
5830	10503
5831	10504
5832	10506
5833	10507
5834	10509
5835	10510
5836	10512
5837	10513
5838	10515
5839	10518
5840	10520
5841	10521
5842	10523
5843	10526
5844	10528
5845	10529
5846	10531
5847	10534
5848	10536
5849	10537
5850	10538
5851	10539
5852	10541
5853	10544
5854	10546
5855	10547
5856	10549
5857	10552
5858	10554
5859	10555
5860	10557
5861	10560
5862	10562
5863	10563
5864	10564
5865	10565
5866	10567
5867	10570
5868	10572
5869	10573
5870	10575
5871	10578
5872	10580
5873	10581
5874	10583
5875	10586
5876	10588
5877	10589
5878	10590
5879	10591
5880	10592
5881	10593
5882	10595
5883	10596
5884	10598
5885	10599
5886	10601
5887	10604
5888	10606
5889	10607
5890	10609
5891	10612
5892	10614
5893	10615
5894	10617
5895	10619
5896	10621
5897	10622
5898	10624
5899	10625
5900	10627
5901	10630
5902	10632
5903	10633
5904	10635
5905	10638
5906	10640
5907	10641
5908	10643
5909	10645
5910	10647
5911	10648
5912	10650
5913	10651
5914	10653
5915	10656
5916	10658
5917	10659
5918	10661
5919	10664
5920	10666
5921	10667
5922	10669
5923	10670
5924	10672
5925	10673
5926	10675
5927	10676
5928	10678
5929	10679
5930	10681
5931	10684
5932	10686
5933	10687
5934	10689
5935	10692
5936	10694
5937	10695
5938	10697
5939	10700
5940	10702
5941	10703
5942	10704
5943	10705
5944	10707
5945	10710
5946	10712
5947	10713
5948	10715
5949	10718
5950	10720
5951	10721
5952	10723
5953	10726
5954	10728
5955	10729
5956	10730
5957	10731
5958	10733
5959	10736
5960	10738
5961	10739
5962	10741
5963	10744
5964	10746
5965	10747
5966	10749
5967	10752
5968	10754
5969	10755
5970	10756
5971	10757
5972	10758
5973	10759
5974	10761
5975	10762
5976	10764
5977	10765
5978	10767
5979	10770
5980	10772
5981	10773
5982	10775
5983	10778
5984	10780
5985	10781
5986	10783
5987	10785
5988	10787
5989	10788
5990	10790
5991	10791
5992	10793
5993	10796
5994	10798
5995	10799
5996	10801
5997	10804
5998	10806
5999	10807
6000	10809
6001	10811
6002	10813
6003	10814
6004	10816
6005	10817
6006	10819
6007	10822
6008	10824
6009	10825
6010	10827
6011	10830
6012	10832
6013	10833
6014	10835
6015	10836
6016	10838
6017	10839
6018	10841
6019	10842
6020	10844
6021	10845
6022	10847
6023	10850
6024	10852
6025	10853
6026	10855
6027	10858
6028	10860
6029	10861
6030	10863
6031	10866
6032	10868
6033	10869
6034	10870
6035	10871
6036	10873
6037	10876
6038	10878
6039	10879
6040	10881
6041	10884
6042	10886
6043	10887
6044	10889
6045	10892
6046	10894
6047	10895
6048	10896
6049	10897
6050	10899
6051	10902
6052	10904
6053	10905
6054	10907
6055	10910
6056	10912
6057	10913
6058	10915
6059	10918
6060	10920
6061	10921
6062	10922
6063	10923
6064	10924
6065	10925
6066	10927
6067	10928
6068	10930
6069	10931
6070	10933
6071	10936
6072	10938
6073	10939
6074	10941
6075	10944
6076	10946
6077	10947
6078	10949
6079	10951
6080	10953
6081	10954
6082	10956
6083	10957
6084	10959
6085	10962
6086	10964
6087	10965
6088	10967
6089	10970
6090	10972
6091	10973
6092	10975
6093	10977
6094	10979
6095	10980
6096	10982
6097	10983
6098	10985
6099	10988
6100	10990
6101	10991
6102	10993
6103	10996
6104	10998
6105	10999
6106	11001
6107	11002
6108	11004
6109	11005
6110	11007
6111	11008
6112	11010
6113	11011
6114	11013
6115	11016
6116	11018
6117	11019
6118	11021
6119	11024
6120	11026
6121	11027
6122	11029
6123	11032
6124	11034
6125	11035
6126	11036
6127	11037
6128	11039
6129	11042
6130	11044
6131	11045
6132	11047
6133	11050
6134	11052
6135	11053
6136	11055
6137	11058
6138	11060
6139	11061
6140	11062
6141	11063
6142	11065
6143	11068
6144	11070
6145	11071
6146	11073
6147	11075
6148	11077
6149	11078
6150	11080
6151	11081
6152	11083
6153	11086
6154	11088
6155	11089
6156	11091
6157	11094
6158	11096
6159	11097
6160	11099
6161	11101
6162	11103
6163	11103
6164	11104
6165	11106
6166	11108
6167	11110
6168	11111
6169	11113
6170	11114
6171	11116
6172	11119
6173	11121
6174	11122
6175	11124
6176	11127
6177	11129
6178	11130
6179	11132
6180	11135
6181	11137
6182	11138
6183	11139
6184	11140
6185	11142
6186	11145
6187	11147
6188	11148
6189	11150
6190	11153
6191	11155
6192	11156
6193	11158
6194	11161
6195	11163
6196	11164
6197	11165
6198	11166
6199	11168
6200	11171
6201	11173
6202	11174
6203	11176
6204	11179
6205	11181
6206	11182
6207	11184
6208	11187
6209	11189
6210	11190
6211	11191
6212	11192
6213	11193
6214	11194
6215	11196
6216	11197
6217	11199
6218	11200
6219	11202
6220	11205
6221	11207
6222	11208
6223	11210
6224	11213
6225	11215
6226	11216
6227	11218
6228	11220
6229	11222
6230	11223
6231	11225
6232	11226
6233	11228
6234	11231
6235	11233
6236	11234
6237	11236
6238	11239
6239	11241
6240	11242
6241	11244
6242	11246
6243	11248
6244	11249
6245	11251
6246	11252
6247	11254
6248	11257
6249	11259
6250	11260
6251	11262
6252	11265
6253	11267
6254	11268
6255	11270
6256	11271
6257	11273
6258	11274
6259	11276
6260	11277
6261	11279
6262	11280
6263	11282
6264	11285
6265	11287
6266	11288
6267	11290
6268	11293
6269	11295
6270	11296
6271	11298
6272	11301
6273	11303
6274	11304
6275	11305
6276	11306
6277	11308
6278	11311
6279	11313
6280	11314
6281	11316
6282	11319
6283	11321
6284	11322
6285	11324
6286	11327
6287	11329
6288	11330
6289	11331
6290	11332
6291	11334
6292	11337
6293	11339
6294	11340
6295	11342
6296	11345
6297	11347
6298	11348
6299	11350
6300	11353
6301	11355
6302	11356
6303	11357
6304	11358
6305	11359
6306	11360
6307	11362
6308	11363
6309	11365
6310	11366
6311	11368
6312	11371
6313	11373
6314	11374
6315	11376
6316	11379
6317	11381
6318	11382
6319	11384
6320	11386
6321	11388
6322	11389
6323	11391
6324	11392
6325	11394
6326	11397
6327	11399
6328	11400
6329	11402
6330	11405
6331	11407
6332	11408
6333	11410
6334	11412
6335	11414
6336	11415
6337	11417
6338	11418
6339	11420
6340	11423
6341	11425
6342	11426
6343	11428
6344	11430
6345	11432
6346	11433
6347	11435
6348	11436
6349	11438
6350	11441
6351	11443
6352	11444
6353	11446
6354	11449
6355	11451
6356	11452
6357	11454
6358	11456
6359	11458
6360	11458
6361	11459
6362	11461
6363	11464
6364	11466
6365	11467
6366	11469
6367	11472
6368	11474
6369	11475
6370	11477
6371	11480
6372	11482
6373	11483
6374	11484
6375	11485
6376	11487
6377	11490
6378	11492
6379	11493
6380	11495
6381	11498
6382	11500
6383	11501
6384	11503
6385	11506
6386	11508
6387	11509
6388	11510
6389	11511
6390	11513
6391	11516
6392	11518
6393	11519
6394	11521
6395	11524
6396	11526
6397	11527
6398	11529
6399	11532
6400	11534
6401	11535
6402	11536
6403	11536
6404	11537
6405	11539
6406	11542
6407	11544
6408	11545
6409	11547
6410	11550
6411	11552
6412	11553
6413	11555
6414	11558
6415	11560
6416	11561
6417	11562
6418	11563
6419	11565
6420	11568
6421	11570
6422	11571
6423	11573
6424	11576
6425	11578
6426	11579
6427	11581
6428	11584
6429	11586
6430	11587
6431	11588
6432	11589
6433	11591
6434	11594
6435	11596
6436	11597
6437	11599
6438	11602
6439	11604
6440	11605
6441	11607
6442	11610
6443	11612
6444	11613
6445	11614
6446	11615
6447	11616
6448	11617
6449	11619
6450	11620
6451	11622
6452	11623
6453	11625
6454	11628
6455	11630
6456	11631
6457	11633
6458	11636
6459	11638
6460	11639
6461	11641
6462	11643
6463	11645
6464	11646
6465	11648
6466	11649
6467	11651
6468	11654
6469	11656
6470	11657
6471	11659
6472	11662
6473	11664
6474	11665
6475	11667
6476	11669
6477	11671
6478	11672
6479	11674
6480	11675
6481	11677
6482	11680
6483	11682
6484	11683
6485	11685
6486	11688
6487	11690
6488	11691
6489	11693
6490	11694
6491	11696
6492	11697
6493	11699
6494	11700
6495	11702
6496	11703
6497	11705
6498	11708
6499	11710
6500	11711
6501	11713
6502	11716
6503	11718
6504	11719
6505	11721
6506	11724
6507	11726
6508	11727
6509	11728
6510	11729
6511	11731
6512	11734
6513	11736
6514	11737
6515	11739
6516	11742
6517	11744
6518	11745
6519	11747
6520	11750
6521	11752
6522	11753
6523	11754
6524	11755
6525	11757
6526	11760
6527	11762
6528	11763
6529	11765
6530	11768
6531	11770
6532	11771
6533	11773
6534	11776
6535	11778
6536	11779
6537	11780
6538	11781
6539	11782
6540	11783
6541	11785
6542	11786
6543	11788
6544	11789
6545	11791
6546	11794
6547	11796
6548	11797
6549	11799
6550	11802
6551	11804
6552	11805
6553	11807
6554	11809
6555	11811
6556	11812
6557	11814
6558	11815
6559	11817
6560	11820
6561	11822
6562	11823
6563	11825
6564	11828
6565	11830
6566	11831
6567	11833
6568	11835
6569	11837
6570	11838
6571	11840
6572	11841
6573	11843
6574	11846
6575	11848
6576	11849
6577	11851
6578	11854
6579	11856
6580	11857
6581	11859
6582	11860
6583	11862
6584	11863
6585	11865
6586	11866
6587	11868
6588	11869
6589	11871
6590	11874
6591	11876
6592	11877
6593	11879
6594	11882
6595	11884
6596	11885
6597	11887
6598	11890
6599	11892
6600	11893
6601	11894
6602	11895
6603	11897
6604	11900
6605	11902
6606	11903
6607	11905
6608	11908
6609	11910
6610	11911
6611	11913
6612	11916
6613	11918
6614	11919
6615	11920
6616	11921
6617	11923
6618	11926
6619	11928
6620	11929
6621	11931
6622	11934
6623	11936
6624	11937
6625	11939
6626	11942
6627	11944
6628	11945
6629	11946
6630	11947
6631	11948
6632	11949
6633	11951
6634	11952
6635	11954
6636	11955
6637	11957
6638	11960
6639	11962
6640	11963
6641	11965
6642	11968
6643	11970
6644	11971
6645	11973
6646	11975
6647	11977
6648	11978
6649	11980
6650	11981
6651	11983
6652	11986
6653	11988
6654	11989
6655	11991
6656	11994
6657	11996
6658	11997
6659	11999
6660	12001
6661	12003
6662	12004
6663	12006
6664	12007
6665	12009
6666	12012
6667	12014
6668	12015
6669	12017
6670	12020
6671	12022
6672	12023
6673	12025
6674	12026
6675	12028
6676	12029
6677	12031
6678	12032
6679	12034
6680	12035
6681	12037
6682	12040
6683	12042
6684	12043
6685	12045
6686	12048
6687	12050
6688	12051
6689	12053
6690	12056
6691	12058
6692	12059
6693	12060
6694	12061
6695	12063
6696	12066
6697	12068
6698	12069
6699	12071
6700	12074
6701	12076
6702	12077
6703	12079
6704	12082
6705	12084
6706	12085
6707	12086
6708	12087
6709	12089
6710	12092
6711	12094
6712	12095
6713	12097
6714	12100
6715	12102
6716	12103
6717	12105
6718	12108
6719	12110
6720	12111
6721	12112
6722	12113
6723	12114
6724	12115
6725	12117
6726	12118
6727	12120
6728	12121
6729	12123
6730	12126
6731	12128
6732	12129
6733	12131
6734	12134
6735	12136
6736	12137
6737	12139
6738	12141
6739	12143
6740	12144
6741	12146
6742	12147
6743	12149
6744	12152
6745	12154
6746	12155
6747	12157
6748	12160
6749	12162
6750	12163
6751	12165
6752	12167
6753	12169
6754	12170
6755	12172
6756	12173
6757	12175
6758	12178
6759	12180
6760	12181
6761	12183
6762	12186
6763	12188
6764	12189
6765	12191
6766	12192
6767	12194
6768	12195
6769	12197
6770	12198
6771	12200
6772	12201
6773	12203
6774	12206
6775	12208
6776	12209
6777	12211
6778	12214
6779	12216
6780	12217
6781	12219
6782	12222
6783	12224
6784	12225
6785	12226
6786	12227
6787	12229
6788	12232
6789	12234
6790	12235
6791	12237
6792	12240
6793	12242
6794	12243
6795	12245
6796	12248
6797	12250
6798	12251
6799	12252
6800	12253
6801	12255
6802	12258
6803	12260
6804	12261
6805	12263
6806	12266
6807	12268
6808	12269
6809	12271
6810	12274
6811	12276
6812	12277
6813	12278
6814	12279
6815	12280
6816	12281
6817	12283
6818	12284
6819	12286
6820	12287
6821	12289
6822	12292
6823	12294
6824	12295
6825	12297
6826	12300
6827	12302
6828	12303
6829	12305
6830	12307
6831	12309
6832	12310
6833	12312
6834	12313
6835	12315
6836	12318
6837	12320
6838	12321
6839	12323
6840	12326
6841	12328
6842	12329
6843	12331
6844	12333
6845	12335
6846	12336
6847	12338
6848	12339
6849	12341
6850	12344
6851	12346
6852	12347
6853	12349
6854	12352
6855	12354
6856	12355
6857	12357
6858	12358
6859	12360
6860	12361
6861	12363
6862	12364
6863	12366
6864	12367
6865	12369
6866	12372
6867	12374
6868	12375
6869	12377
6870	12380
6871	12382
6872	12383
6873	12385
6874	12388
6875	12390
6876	12391
6877	12392
6878	12393
6879	12395
6880	12398
6881	12400
6882	12401
6883	12403
6884	12406
6885	12408
6886	12409
6887	12411
6888	12414
6889	12416
6890	12417
6891	12418
6892	12419
6893	12421
6894	12424
6895	12426
6896	12427
6897	12429
6898	12432
6899	12434
6900	12435
6901	12437
6902	12440
6903	12442
6904	12443
6905	12444
6906	12445
6907	12446
6908	12447
6909	12448
6910	12449
6911	12451
6912	12452
6913	12454
6914	12457
6915	12459
6916	12460
6917	12462
6918	12465
6919	12467
6920	12468
6921	12470
6922	12472
6923	12474
6924	12475
6925	12477
6926	12478
6927	12480
6928	12483
6929	12485
6930	12486
6931	12488
6932	12491
6933	12493
6934	12494
6935	12496
6936	12498
6937	12500
6938	12500
6939	12501
6940	12503
6941	12506
6942	12508
6943	12509
6944	12511
6945	12514
6946	12516
6947	12517
6948	12519
6949	12522
6950	12524
6951	12525
6952	12526
6953	12527
6954	12529
6955	12532
6956	12534
6957	12535
6958	12537
6959	12540
6960	12542
6961	12543
6962	12545
6963	12548
6964	12550
6965	12551
6966	12552
6967	12553
6968	12555
6969	12558
6970	12560
6971	12561
6972	12563
6973	12566
6974	12568
6975	12569
6976	12571
6977	12574
6978	12576
6979	12577
6980	12578
6981	12578
6982	12579
6983	12581
6984	12584
6985	12586
6986	12587
6987	12589
6988	12592
6989	12594
6990	12595
6991	12597
6992	12600
6993	12602
6994	12603
6995	12604
6996	12605
6997	12606
6998	12607
6999	12609
7000	12610
7001	12612
7002	12613
7003	12615
7004	12618
7005	12620
7006	12621
7007	12623
7008	12626
7009	12628
7010	12629
7011	12631
7012	12633
7013	12635
7014	12636
7015	12638
7016	12639
7017	12641
7018	12644
7019	12646
7020	12647
7021	12649
7022	12652
7023	12654
7024	12655
7025	12657
7026	12659
7027	12661
7028	12662
7029	12664
7030	12665
7031	12667
7032	12670
7033	12672
7034	12673
7035	12675
7036	12678
7037	12680
7038	12681
7039	12683
7040	12684
7041	12686
7042	12687
7043	12689
7044	12690
7045	12692
7046	12693
7047	12695
7048	12698
7049	12700
7050	12701
7051	12703
7052	12706
7053	12708
7054	12709
7055	12711
7056	12714
7057	12716
7058	12717
7059	12718
7060	12719
7061	12721
7062	12724
7063	12726
7064	12727
7065	12729
7066	12732
7067	12734
7068	12735
7069	12737
7070	12740
7071	12742
7072	12743
7073	12744
7074	12745
7075	12747
7076	12750
7077	12752
7078	12753
7079	12755
7080	12758
7081	12760
7082	12761
7083	12763
7084	12766
7085	12768
7086	12769
7087	12770
7088	12771
7089	12772
7090	12773
7091	12775
7092	12776
7093	12778
7094	12779
7095	12781
7096	12784
7097	12786
7098	12787
7099	12789
7100	12792
7101	12794
7102	12795
7103	12797
7104	12799
7105	12801
7106	12801
7107	12802
7108	12804
7109	12807
7110	12809
7111	12810
7112	12812
7113	12815
7114	12817
7115	12818
7116	12820
7117	12823
7118	12825
7119	12826
7120	12827
7121	12828
7122	12830
7123	12833
7124	12835
7125	12836
7126	12838
7127	12841
7128	12843
7129	12844
7130	12846
7131	12849
7132	12851
7133	12852
7134	12853
7135	12854
7136	12856
7137	12859
7138	12861
7139	12862
7140	12864
7141	12867
7142	12869
7143	12870
7144	12872
7145	12875
7146	12877
7147	12878
7148	12879
7149	12879
7150	12880
7151	12882
7152	12885
7153	12887
7154	12888
7155	12890
7156	12893
7157	12895
7158	12896
7159	12898
7160	12901
7161	12903
7162	12904
7163	12905
7164	12906
7165	12908
7166	12911
7167	12913
7168	12914
7169	12916
7170	12919
7171	12921
7172	12922
7173	12924
7174	12927
7175	12929
7176	12930
7177	12931
7178	12932
7179	12934
7180	12937
7181	12939
7182	12940
7183	12942
7184	12945
7185	12947
7186	12948
7187	12950
7188	12953
7189	12955
7190	12956
7191	12957
7192	12958
7193	12959
7194	12960
7195	12962
7196	12963
7197	12965
7198	12966
7199	12968
7200	12971
7201	12973
7202	12974
7203	12976
7204	12979
7205	12981
7206	12982
7207	12984
7208	12986
7209	12988
7210	12989
7211	12991
7212	12992
7213	12994
7214	12997
7215	12999
7216	13000
7217	13002
7218	13005
7219	13007
7220	13008
7221	13010
7222	13012
7223	13014
7224	13015
7225	13017
7226	13018
7227	13020
7228	13023
7229	13025
7230	13026
7231	13028
7232	13031
7233	13033
7234	13034
7235	13036
7236	13037
7237	13039
7238	13040
7239	13042
7240	13043
7241	13045
7242	13046
7243	13048
7244	13051
7245	13053
7246	13054
7247	13056
7248	13059
7249	13061
7250	13062
7251	13064
7252	13067
7253	13069
7254	13070
7255	13071
7256	13072
7257	13074
7258	13077
7259	13079
7260	13080
7261	13082
7262	13085
7263	13087
7264	13088
7265	13090
7266	13093
7267	13095
7268	13096
7269	13097
7270	13098
7271	13100
7272	13103
7273	13105
7274	13106
7275	13108
7276	13111
7277	13113
7278	13114
7279	13116
7280	13119
7281	13121
7282	13122
7283	13123
7284	13124
7285	13125
7286	13126
7287	13128
7288	13129
7289	13131
7290	13132
7291	13134
7292	13137
7293	13139
7294	13140
7295	13142
7296	13145
7297	13147
7298	13148
7299	13150
7300	13152
7301	13154
7302	13155
7303	13157
7304	13158
7305	13160
7306	13163
7307	13165
7308	13166
7309	13168
7310	13171
7311	13173
7312	13174
7313	13176
7314	13178
7315	13180
7316	13181
7317	13183
7318	13184
7319	13186
7320	13189
7321	13191
7322	13192
7323	13194
7324	13197
7325	13199
7326	13200
7327	13202
7328	13203
7329	13205
7330	13206
7331	13208
7332	13209
7333	13211
7334	13212
7335	13214
7336	13217
7337	13219
7338	13220
7339	13222
7340	13225
7341	13227
7342	13228
7343	13230
7344	13233
7345	13235
7346	13236
7347	13237
7348	13238
7349	13240
7350	13243
7351	13245
7352	13246
7353	13248
7354	13251
7355	13253
7356	13254
7357	13256
7358	13259
7359	13261
7360	13262
7361	13263
7362	13264
7363	13266
7364	13269
7365	13271
7366	13272
7367	13274
7368	13277
7369	13279
7370	13280
7371	13282
7372	13285
7373	13287
7374	13288
7375	13289
7376	13290
7377	13291
7378	13292
7379	13294
7380	13295
7381	13297
7382	13298
7383	13300
7384	13303
7385	13305
7386	13306
7387	13308
7388	13311
7389	13313
7390	13314
7391	13316
7392	13318
7393	13320
7394	13320
7395	13321
7396	13323
7397	13326
7398	13328
7399	13329
7400	13331
7401	13334
7402	13336
7403	13337
7404	13339
7405	13342
7406	13344
7407	13345
7408	13346
7409	13347
7410	13349
7411	13352
7412	13354
7413	13355
7414	13357
7415	13360
7416	13362
7417	13363
7418	13365
7419	13368
7420	13370
7421	13371
7422	13372
7423	13373
7424	13375
7425	13378
7426	13380
7427	13381
7428	13383
7429	13386
7430	13388
7431	13389
7432	13391
7433	13394
7434	13396
7435	13397
7436	13398
7437	13398
7438	13399
7439	13401
7440	13404
7441	13406
7442	13407
7443	13409
7444	13412
7445	13414
7446	13415
7447	13417
7448	13420
7449	13422
7450	13423
7451	13424
7452	13425
7453	13427
7454	13430
7455	13432
7456	13433
7457	13435
7458	13438
7459	13440
7460	13441
7461	13443
7462	13446
7463	13448
7464	13449
7465	13450
7466	13451
7467	13453
7468	13456
7469	13458
7470	13459
7471	13461
7472	13464
7473	13466
7474	13467
7475	13469
7476	13472
7477	13474
7478	13475
7479	13476
7480	13477
7481	13478
7482	13479
7483	13481
7484	13482
7485	13484
7486	13485
7487	13487
7488	13490
7489	13492
7490	13493
7491	13495
7492	13498
7493	13500
7494	13501
7495	13503
7496	13505
7497	13507
7498	13508
7499	13510
7500	13511
7501	13513
7502	13516
7503	13518
7504	13519
7505	13521
7506	13524
7507	13526
7508	13527
7509	13529
7510	13531
7511	13533
7512	13534
7513	13536
7514	13537
7515	13539
7516	13542
7517	13544
7518	13545
7519	13547
7520	13550
7521	13552
7522	13553
7523	13555
7524	13556
7525	13558
7526	13559
7527	13561
7528	13562
7529	13564
7530	13565
7531	13567
7532	13570
7533	13572
7534	13573
7535	13575
7536	13578
7537	13580
7538	13581
7539	13583
7540	13586
7541	13588
7542	13589
7543	13590
7544	13591
7545	13593
7546	13596
7547	13598
7548	13599
7549	13601
7550	13604
7551	13606
7552	13607
7553	13609
7554	13612
7555	13614
7556	13615
7557	13616
7558	13617
7559	13618
7560	13619
7561	13621
7562	13622
7563	13624
7564	13625
7565	13627
7566	13630
7567	13632
7568	13633
7569	13635
7570	13638
7571	13640
7572	13641
7573	13643
7574	13645
7575	13647
7576	13647
7577	13648
7578	13650
7579	13653
7580	13655
7581	13656
7582	13658
7583	13661
7584	13663
7585	13664
7586	13666
7587	13669
7588	13671
7589	13672
7590	13673
7591	13674
7592	13676
7593	13678
7594	13680
7595	13681
7596	13683
7597	13684
7598	13686
7599	13689
7600	13691
7601	13692
7602	13694
7603	13697
7604	13699
7605	13700
7606	13702
7607	13705
7608	13707
7609	13708
7610	13709
7611	13710
7612	13712
7613	13715
7614	13717
7615	13718
7616	13720
7617	13723
7618	13725
7619	13726
7620	13728
7621	13731
7622	13733
7623	13734
7624	13735
7625	13736
7626	13738
7627	13741
7628	13743
7629	13744
7630	13746
7631	13749
7632	13751
7633	13752
7634	13754
7635	13757
7636	13759
7637	13760
7638	13761
7639	13762
7640	13763
7641	13764
7642	13766
7643	13767
7644	13769
7645	13770
7646	13772
7647	13775
7648	13777
7649	13778
7650	13780
7651	13783
7652	13785
7653	13786
7654	13788
7655	13790
7656	13792
7657	13793
7658	13795
7659	13796
7660	13798
7661	13801
7662	13803
7663	13804
7664	13806
7665	13809
7666	13811
7667	13812
7668	13814
7669	13816
7670	13818
7671	13819
7672	13821
7673	13822
7674	13824
7675	13827
7676	13829
7677	13830
7678	13832
7679	13835
7680	13837
7681	13838
7682	13840
7683	13841
7684	13843
7685	13844
7686	13846
7687	13847
7688	13849
7689	13850
7690	13852
7691	13855
7692	13857
7693	13858
7694	13860
7695	13863
7696	13865
7697	13866
7698	13868
7699	13871
7700	13873
7701	13874
7702	13875
7703	13876
7704	13878
7705	13881
7706	13883
7707	13884
7708	13886
7709	13889
7710	13891
7711	13892
7712	13894
7713	13897
7714	13899
7715	13900
7716	13901
7717	13902
7718	13904
7719	13907
7720	13909
7721	13910
7722	13912
7723	13915
7724	13917
7725	13918
7726	13920
7727	13923
7728	13925
7729	13926
7730	13927
7731	13928
7732	13929
7733	13930
7734	13932
7735	13933
7736	13935
7737	13936
7738	13938
7739	13941
7740	13943
7741	13944
7742	13946
7743	13949
7744	13951
7745	13952
7746	13954
7747	13956
7748	13958
7749	13959
7750	13961
7751	13962
7752	13964
7753	13967
7754	13969
7755	13970
7756	13972
7757	13975
7758	13977
7759	13978
7760	13980
7761	13982
7762	13984
7763	13985
7764	13987
7765	13988
7766	13990
7767	13993
7768	13995
7769	13996
7770	13998
7771	14000
7772	14002
7773	14003
7774	14005
7775	14006
7776	14008
7777	14011
7778	14013
7779	14014
7780	14016
7781	14019
7782	14021
7783	14022
7784	14024
7785	14026
7786	14028
7787	14028
7788	14029
7789	14030
7790	14031
7791	14033
7792	14034
7793	14036
7794	14037
7795	14039
7796	14042
7797	14044
7798	14045
7799	14047
7800	14050
7801	14052
7802	14053
7803	14055
7804	14058
7805	14060
7806	14061
7807	14062
7808	14063
7809	14065
7810	14068
7811	14070
7812	14071
7813	14073
7814	14076
7815	14078
7816	14079
7817	14081
7818	14084
7819	14086
7820	14087
7821	14088
7822	14089
7823	14091
7824	14094
7825	14096
7826	14097
7827	14099
7828	14102
7829	14104
7830	14105
7831	14107
7832	14110
7833	14112
7834	14113
7835	14114
7836	14115
7837	14116
7838	14117
7839	14119
7840	14120
7841	14122
7842	14123
7843	14125
7844	14128
7845	14130
7846	14131
7847	14133
7848	14136
7849	14138
7850	14139
7851	14141
7852	14143
7853	14145
7854	14146
7855	14148
7856	14149
7857	14151
7858	14154
7859	14156
7860	14157
7861	14159
7862	14162
7863	14164
7864	14165
7865	14167
7866	14169
7867	14171
7868	14172
7869	14174
7870	14175
7871	14177
7872	14180
7873	14182
7874	14183
7875	14185
7876	14188
7877	14190
7878	14191
7879	14193
7880	14194
7881	14196
7882	14197
7883	14199
7884	14200
7885	14202
7886	14203
7887	14205
7888	14208
7889	14210
7890	14211
7891	14213
7892	14216
7893	14218
7894	14219
7895	14221
7896	14224
7897	14226
7898	14227
7899	14228
7900	14229
7901	14231
7902	14234
7903	14236
7904	14237
7905	14239
7906	14242
7907	14244
7908	14245
7909	14247
7910	14250
7911	14252
7912	14253
7913	14254
7914	14255
7915	14257
7916	14260
7917	14262
7918	14263
7919	14265
7920	14268
7921	14270
7922	14271
7923	14273
7924	14276
7925	14278
7926	14279
7927	14280
7928	14281
7929	14282
7930	14283
7931	14285
7932	14286
7933	14288
7934	14289
7935	14291
7936	14294
7937	14296
7938	14297
7939	14299
7940	14302
7941	14304
7942	14305
7943	14307
7944	14309
7945	14311
7946	14312
7947	14314
7948	14315
7949	14317
7950	14320
7951	14322
7952	14323
7953	14325
7954	14328
7955	14330
7956	14331
7957	14333
7958	14335
7959	14337
7960	14338
7961	14340
7962	14341
7963	14343
7964	14346
7965	14348
7966	14349
7967	14351
7968	14354
7969	14356
7970	14357
7971	14359
7972	14360
7973	14362
7974	14363
7975	14365
7976	14366
7977	14368
7978	14369
7979	14370
7980	14371
7981	14373
7982	14376
7983	14378
7984	14379
7985	14381
7986	14384
7987	14386
7988	14387
7989	14389
7990	14392
7991	14394
7992	14395
7993	14396
7994	14397
7995	14399
7996	14402
7997	14404
7998	14405
7999	14407
8000	14410
8001	14412
8002	14413
8003	14415
8004	14418
8005	14420
8006	14421
8007	14422
8008	14423
8009	14425
8010	14428
8011	14430
8012	14431
8013	14433
8014	14436
8015	14438
8016	14439
8017	14441
8018	14444
8019	14446
8020	14447
8021	14448
8022	14448
8023	14449
8024	14451
8025	14454
8026	14456
8027	14457
8028	14459
8029	14462
8030	14464
8031	14465
8032	14467
8033	14470
8034	14472
8035	14473
8036	14474
8037	14475
8038	14477
8039	14480
8040	14482
8041	14483
8042	14485
8043	14488
8044	14490
8045	14491
8046	14493
8047	14496
8048	14498
8049	14499
8050	14500
8051	14501
8052	14503
8053	14506
8054	14508
8055	14509
8056	14511
8057	14514
8058	14516
8059	14517
8060	14519
8061	14522
8062	14524
8063	14525
8064	14526
8065	14527
8066	14528
8067	14529
8068	14531
8069	14532
8070	14534
8071	14535
8072	14537
8073	14540
8074	14542
8075	14543
8076	14545
8077	14548
8078	14550
8079	14551
8080	14553
8081	14555
8082	14557
8083	14558
8084	14560
8085	14561
8086	14563
8087	14566
8088	14568
8089	14569
8090	14571
8091	14574
8092	14576
8093	14577
8094	14579
8095	14581
8096	14583
8097	14584
8098	14586
8099	14587
8100	14589
8101	14592
8102	14594
8103	14595
8104	14597
8105	14600
8106	14602
8107	14603
8108	14605
8109	14606
8110	14608
8111	14609
8112	14611
8113	14612
8114	14614
8115	14615
8116	14617
8117	14620
8118	14622
8119	14623
8120	14625
8121	14628
8122	14630
8123	14631
8124	14633
8125	14636
8126	14638
8127	14639
8128	14640
8129	14641
8130	14643
8131	14646
8132	14648
8133	14649
8134	14651
8135	14654
8136	14656
8137	14657
8138	14659
8139	14662
8140	14664
8141	14665
8142	14666
8143	14667
8144	14669
8145	14672
8146	14674
8147	14675
8148	14677
8149	14680
8150	14682
8151	14683
8152	14685
8153	14688
8154	14690
8155	14691
8156	14692
8157	14693
8158	14694
8159	14695
8160	14697
8161	14698
8162	14700
8163	14701
8164	14703
8165	14706
8166	14708
8167	14709
8168	14711
8169	14714
8170	14716
8171	14717
8172	14719
8173	14721
8174	14723
8175	14724
8176	14726
8177	14727
8178	14729
8179	14732
8180	14734
8181	14735
8182	14737
8183	14740
8184	14742
8185	14743
8186	14745
8187	14747
8188	14749
8189	14750
8190	14752
8191	14753
8192	14755
8193	14758
8194	14760
8195	14761
8196	14763
8197	14766
8198	14768
8199	14769
8200	14771
8201	14772
8202	14774
8203	14775
8204	14777
8205	14778
8206	14780
8207	14781
8208	14783
8209	14786
8210	14788
8211	14789
8212	14791
8213	14794
8214	14796
8215	14797
8216	14799
8217	14802
8218	14804
8219	14805
8220	14806
8221	14807
8222	14809
8223	14812
8224	14814
8225	14815
8226	14817
8227	14820
8228	14822
8229	14823
8230	14825
8231	14828
8232	14830
8233	14831
8234	14832
8235	14833
8236	14835
8237	14838
8238	14840
8239	14841
8240	14843
8241	14846
8242	14848
8243	14849
8244	14851
8245	14854
8246	14856
8247	14857
8248	14858
8249	14859
8250	14860
8251	14861
8252	14863
8253	14864
8254	14866
8255	14867
8256	14869
8257	14872
8258	14874
8259	14875
8260	14877
8261	14880
8262	14882
8263	14883
8264	14885
8265	14887
8266	14889
8267	14890
8268	14892
8269	14893
8270	14895
8271	14898
8272	14900
8273	14901
8274	14903
8275	14906
8276	14908
8277	14909
8278	14911
8279	14913
8280	14915
8281	14916
8282	14918
8283	14919
8284	14921
8285	14924
8286	14926
8287	14927
8288	14929
8289	14932
8290	14934
8291	14935
8292	14937
8293	14938
8294	14940
8295	14941
8296	14943
8297	14944
8298	14946
8299	14947
8300	14949
8301	14952
8302	14954
8303	14955
8304	14957
8305	14960
8306	14962
8307	14963
8308	14965
8309	14968
8310	14970
8311	14971
8312	14972
8313	14973
8314	14975
8315	14978
8316	14980
8317	14981
8318	14983
8319	14986
8320	14988
8321	14989
8322	14991
8323	14994
8324	14996
8325	14997
8326	14998
8327	14999
8328	15001
8329	15004
8330	15006
8331	15007
8332	15009
8333	15012
8334	15014
8335	15015
8336	15017
8337	15020
8338	15022
8339	15023
8340	15024
8341	15025
8342	15026
8343	15027
8344	15029
8345	15030
8346	15032
8347	15033
8348	15035
8349	15038
8350	15040
8351	15041
8352	15043
8353	15046
8354	15048
8355	15049
8356	15051
8357	15053
8358	15055
8359	15056
8360	15058
8361	15059
8362	15061
8363	15064
8364	15066
8365	15067
8366	15069
8367	15072
8368	15074
8369	15075
8370	15077
8371	15079
8372	15081
8373	15082
8374	15084
8375	15085
8376	15087
8377	15090
8378	15092
8379	15093
8380	15095
8381	15098
8382	15100
8383	15101
8384	15103
8385	15104
8386	15106
8387	15107
8388	15109
8389	15110
8390	15112
8391	15113
8392	15115
8393	15118
8394	15120
8395	15121
8396	15123
8397	15126
8398	15128
8399	15129
8400	15131
8401	15134
8402	15136
8403	15137
8404	15138
8405	15139
8406	15141
8407	15144
8408	15146
8409	15147
8410	15149
8411	15152
8412	15154
8413	15155
8414	15157
8415	15160
8416	15162
8417	15163
8418	15164
8419	15165
8420	15167
8421	15170
8422	15172
8423	15173
8424	15175
8425	15178
8426	15180
8427	15181
8428	15183
8429	15186
8430	15188
8431	15189
8432	15190
8433	15191
8434	15192
8435	15193
8436	15195
8437	15196
8438	15198
8439	15199
8440	15201
8441	15204
8442	15206
8443	15207
8444	15209
8445	15212
8446	15214
8447	15215
8448	15217
8449	15219
8450	15221
8451	15222
8452	15224
8453	15225
8454	15227
8455	15230
8456	15232
8457	15233
8458	15235
8459	15238
8460	15240
8461	15241
8462	15243
8463	15245
8464	15247
8465	15248
8466	15250
8467	15251
8468	15253
8469	15256
8470	15258
8471	15259
8472	15261
8473	15264
8474	15266
8475	15267
8476	15269
8477	15270
8478	15272
8479	15273
8480	15275
8481	15276
8482	15278
8483	15279
8484	15281
8485	15284
8486	15286
8487	15287
8488	15289
8489	15292
8490	15294
8491	15295
8492	15297
8493	15300
8494	15302
8495	15303
8496	15304
8497	15305
8498	15307
8499	15310
8500	15312
8501	15313
8502	15315
8503	15318
8504	15320
8505	15321
8506	15323
8507	15326
8508	15328
8509	15329
8510	15330
8511	15331
8512	15333
8513	15336
8514	15338
8515	15339
8516	15341
8517	15344
8518	15346
8519	15347
8520	15349
8521	15352
8522	15354
8523	15355
8524	15356
8525	15357
8526	15358
8527	15359
8528	15360
8529	15361
8530	15363
8531	15364
8532	15366
8533	15369
8534	15371
8535	15372
8536	15374
8537	15377
8538	15379
8539	15380
8540	15382
8541	15384
8542	15386
8543	15387
8544	15389
8545	15390
8546	15392
8547	15395
8548	15397
8549	15398
8550	15400
8551	15403
8552	15405
8553	15406
8554	15408
8555	15410
8556	15412
8557	15412
8558	15413
8559	15415
8560	15418
8561	15420
8562	15421
8563	15423
8564	15426
8565	15428
8566	15429
8567	15431
8568	15434
8569	15436
8570	15437
8571	15438
8572	15439
8573	15441
8574	15444
8575	15446
8576	15447
8577	15449
8578	15452
8579	15454
8580	15455
8581	15457
8582	15460
8583	15462
8584	15463
8585	15464
8586	15465
8587	15467
8588	15470
8589	15472
8590	15473
8591	15475
8592	15478
8593	15480
8594	15481
8595	15483
8596	15486
8597	15488
8598	15489
8599	15490
8600	15490
8601	15491
8602	15493
8603	15496
8604	15498
8605	15499
8606	15501
8607	15504
8608	15506
8609	15507
8610	15509
8611	15512
8612	15514
8613	15515
8614	15516
8615	15517
8616	15519
8617	15522
8618	15524
8619	15525
8620	15527
8621	15530
8622	15532
8623	15533
8624	15535
8625	15538
8626	15540
8627	15541
8628	15542
8629	15543
8630	15544
8631	15545
8632	15547
8633	15548
8634	15550
8635	15551
8636	15553
8637	15556
8638	15558
8639	15559
8640	15561
8641	15564
8642	15566
8643	15567
8644	15569
8645	15571
8646	15573
8647	15573
8648	15574
8649	15576
8650	15579
8651	15581
8652	15582
8653	15584
8654	15587
8655	15589
8656	15590
8657	15592
8658	15595
8659	15597
8660	15598
8661	15599
8662	15600
8663	15602
8664	15605
8665	15607
8666	15608
8667	15610
8668	15613
8669	15615
8670	15616
8671	15618
8672	15621
8673	15623
8674	15624
8675	15625
8676	15626
8677	15628
8678	15631
8679	15633
8680	15634
8681	15636
8682	15639
8683	15641
8684	15642
8685	15644
8686	15647
8687	15649
8688	15650
8689	15651
8690	15651
8691	15652
8692	15654
8693	15657
8694	15659
8695	15660
8696	15662
8697	15665
8698	15667
8699	15668
8700	15670
8701	15673
8702	15675
8703	15676
8704	15677
8705	15678
8706	15680
8707	15683
8708	15685
8709	15686
8710	15688
8711	15691
8712	15693
8713	15694
8714	15696
8715	15699
8716	15701
8717	15702
8718	15703
8719	15704
8720	15706
8721	15709
8722	15711
8723	15712
8724	15714
8725	15717
8726	15719
8727	15720
8728	15722
8729	15725
8730	15727
8731	15728
8732	15729
8733	15730
8734	15731
8735	15732
8736	15734
8737	15734
8738	15737
8739	15739
8740	15740
8741	15742
8742	15745
8743	15747
8744	15748
8745	15750
8746	15753
8747	15755
8748	15756
8749	15757
8750	15758
8751	15760
8752	15763
8753	15765
8754	15766
8755	15768
8756	15771
8757	15773
8758	15774
8759	15776
8760	15779
8761	15781
8762	15782
8763	15783
8764	15784
8765	15786
8766	15789
8767	15791
8768	15792
8769	15794
8770	15797
8771	15799
8772	15800
8773	15802
8774	15805
8775	15807
8776	15808
8777	15809
8778	15810
8779	15811
8780	15812
8781	15814
8782	15815
8783	15817
8784	15818
8785	15820
8786	15823
8787	15825
8788	15826
8789	15828
8790	15831
8791	15833
8792	15834
8793	15836
8794	15838
8795	15840
8796	15841
8797	15843
8798	15844
8799	15846
8800	15849
8801	15851
8802	15852
8803	15854
8804	15857
8805	15859
8806	15860
8807	15862
8808	15864
8809	15866
8810	15867
8811	15869
8812	15870
8813	15872
8814	15875
8815	15877
8816	15878
8817	15880
8818	15883
8819	15885
8820	15886
8821	15888
8822	15889
8823	15891
8824	15892
8825	15894
8826	15895
8827	15897
8828	15898
8829	15900
8830	15903
8831	15905
8832	15906
8833	15908
8834	15911
8835	15913
8836	15914
8837	15916
8838	15919
8839	15921
8840	15922
8841	15923
8842	15924
8843	15926
8844	15929
8845	15931
8846	15932
8847	15934
8848	15937
8849	15939
8850	15940
8851	15942
8852	15945
8853	15947
8854	15948
8855	15949
8856	15950
8857	15951
8858	15952
8859	15954
8860	15955
8861	15957
8862	15958
8863	15960
8864	15963
8865	15965
8866	15966
8867	15968
8868	15971
8869	15973
8870	15974
8871	15976
8872	15978
8873	15980
8874	15981
8875	15983
8876	15984
8877	15986
8878	15989
8879	15991
8880	15992
8881	15994
8882	15997
8883	15999
8884	16000
8885	16002
8886	16004
8887	16006
8888	16007
8889	16009
8890	16010
8891	16012
8892	16015
8893	16017
8894	16018
8895	16020
8896	16023
8897	16025
8898	16026
8899	16028
8900	16029
8901	16031
8902	16031
8903	16032
8904	16034
8905	16035
8906	16037
8907	16038
8908	16040
8909	16043
8910	16045
8911	16046
8912	16048
8913	16051
8914	16053
8915	16054
8916	16056
8917	16058
8918	16060
8919	16061
8920	16063
8921	16064
8922	16066
8923	16069
8924	16071
8925	16072
8926	16074
8927	16077
8928	16079
8929	16080
8930	16082
8931	16084
8932	16086
8933	16087
8934	16089
8935	16090
8936	16092
8937	16095
8938	16097
8939	16098
8940	16100
8941	16103
8942	16105
8943	16106
8944	16108
8945	16109
8946	16111
8947	16112
8948	16114
8949	16115
8950	16117
8951	16118
8952	16120
8953	16123
8954	16125
8955	16126
8956	16128
8957	16131
8958	16133
8959	16134
8960	16136
8961	16139
8962	16141
8963	16142
8964	16143
8965	16144
8966	16146
8967	16149
8968	16151
8969	16152
8970	16154
8971	16157
8972	16159
8973	16160
8974	16162
8975	16165
8976	16167
8977	16168
8978	16169
8979	16170
8980	16172
8981	16175
8982	16177
8983	16178
8984	16180
8985	16183
8986	16185
8987	16186
8988	16188
8989	16191
8990	16193
8991	16194
8992	16195
8993	16196
8994	16197
8995	16198
8996	16200
8997	16201
8998	16203
8999	16204
9000	16206
9001	16209
9002	16211
9003	16212
9004	16214
9005	16217
9006	16219
9007	16220
9008	16222
9009	16224
9010	16226
9011	16227
9012	16229
9013	16230
9014	16232
9015	16235
9016	16237
9017	16238
9018	16240
9019	16243
9020	16245
9021	16246
9022	16248
9023	16250
9024	16252
9025	16253
9026	16255
9027	16256
9028	16258
9029	16261
9030	16263
9031	16264
9032	16266
9033	16269
9034	16271
9035	16272
9036	16274
9037	16275
9038	16277
9039	16278
9040	16280
9041	16281
9042	16283
9043	16284
9044	16286
9045	16289
9046	16291
9047	16292
9048	16294
9049	16297
9050	16299
9051	16300
9052	16302
9053	16305
9054	16307
9055	16308
9056	16309
9057	16310
9058	16312
9059	16315
9060	16317
9061	16318
9062	16320
9063	16323
9064	16325
9065	16326
9066	16328
9067	16331
9068	16333
9069	16334
9070	16335
9071	16336
9072	16337
9073	16338
9074	16340
9075	16341
9076	16343
9077	16344
9078	16346
9079	16349
9080	16351
9081	16352
9082	16354
9083	16357
9084	16359
9085	16360
9086	16362
9087	16364
9088	16366
9089	16366
9090	16367
9091	16369
9092	16372
9093	16374
9094	16375
9095	16377
9096	16380
9097	16382
9098	16383
9099	16385
9100	16388
9101	16390
9102	16391
9103	16392
9104	16393
9105	16395
9106	16398
9107	16400
9108	16401
9109	16403
9110	16406
9111	16408
9112	16409
9113	16411
9114	16414
9115	16416
9116	16417
9117	16418
9118	16419
9119	16421
9120	16424
9121	16426
9122	16427
9123	16429
9124	16432
9125	16434
9126	16435
9127	16437
9128	16440
9129	16442
9130	16443
9131	16444
9132	16444
9133	16445
9134	16447
9135	16450
9136	16452
9137	16453
9138	16455
9139	16458
9140	16460
9141	16461
9142	16463
9143	16466
9144	16468
9145	16469
9146	16470
9147	16471
9148	16473
9149	16476
9150	16478
9151	16479
9152	16481
9153	16484
9154	16486
9155	16487
9156	16489
9157	16492
9158	16494
9159	16495
9160	16496
9161	16497
9162	16499
9163	16502
9164	16504
9165	16505
9166	16507
9167	16510
9168	16512
9169	16513
9170	16515
9171	16518
9172	16520
9173	16521
9174	16522
9175	16523
9176	16524
9177	16525
9178	16527
9179	16528
9180	16530
9181	16531
9182	16533
9183	16536
9184	16538
9185	16539
9186	16541
9187	16544
9188	16546
9189	16547
9190	16549
9191	16551
9192	16553
9193	16554
9194	16556
9195	16557
9196	16559
9197	16562
9198	16564
9199	16565
9200	16567
9201	16570
9202	16572
9203	16573
9204	16575
9205	16577
9206	16579
9207	16580
9208	16582
9209	16583
9210	16585
9211	16588
9212	16590
9213	16591
9214	16593
9215	16596
9216	16598
9217	16599
9218	16601
9219	16602
9220	16604
9221	16605
9222	16607
9223	16608
9224	16610
9225	16611
9226	16613
9227	16616
9228	16618
9229	16619
9230	16621
9231	16624
9232	16626
9233	16627
9234	16629
9235	16632
9236	16634
9237	16635
9238	16636
9239	16637
9240	16639
9241	16642
9242	16644
9243	16645
9244	16647
9245	16650
9246	16652
9247	16653
9248	16655
9249	16658
9250	16660
9251	16661
9252	16662
9253	16663
9254	16665
9255	16668
9256	16670
9257	16671
9258	16673
9259	16676
9260	16678
9261	16679
9262	16681
9263	16684
9264	16686
9265	16687
9266	16688
9267	16689
9268	16690
9269	16691
9270	16693
9271	16694
9272	16696
9273	16697
9274	16699
9275	16702
9276	16704
9277	16705
9278	16707
9279	16710
9280	16712
9281	16713
9282	16715
9283	16717
9284	16719
9285	16720
9286	16722
9287	16723
9288	16725
9289	16728
9290	16730
9291	16731
9292	16733
9293	16736
9294	16738
9295	16739
9296	16741
9297	16743
9298	16745
9299	16746
9300	16748
9301	16749
9302	16751
9303	16754
9304	16756
9305	16757
9306	16759
9307	16762
9308	16764
9309	16765
9310	16767
9311	16768
9312	16770
9313	16771
9314	16773
9315	16774
9316	16776
9317	16777
9318	16779
9319	16782
9320	16784
9321	16785
9322	16787
9323	16790
9324	16792
9325	16793
9326	16795
9327	16798
9328	16800
9329	16801
9330	16802
9331	16803
9332	16805
9333	16808
9334	16810
9335	16811
9336	16813
9337	16816
9338	16818
9339	16819
9340	16821
9341	16824
9342	16826
9343	16827
9344	16828
9345	16829
9346	16831
9347	16834
9348	16836
9349	16837
9350	16839
9351	16842
9352	16844
9353	16845
9354	16847
9355	16850
9356	16852
9357	16853
9358	16854
9359	16855
9360	16856
9361	16857
9362	16859
9363	16860
9364	16862
9365	16863
9366	16865
9367	16868
9368	16870
9369	16871
9370	16873
9371	16876
9372	16878
9373	16879
9374	16881
9375	16883
9376	16885
9377	16886
9378	16888
9379	16889
9380	16891
9381	16894
9382	16896
9383	16897
9384	16899
9385	16902
9386	16904
9387	16905
9388	16907
9389	16909
9390	16911
9391	16912
9392	16914
9393	16915
9394	16917
9395	16920
9396	16922
9397	16923
9398	16925
9399	16928
9400	16930
9401	16931
9402	16933
9403	16934
9404	16936
9405	16937
9406	16939
9407	16940
9408	16942
9409	16943
9410	16945
9411	16948
9412	16950
9413	16951
9414	16953
9415	16956
9416	16958
9417	16959
9418	16961
9419	16964
9420	16966
9421	16967
9422	16968
9423	16969
9424	16971
9425	16974
9426	16976
9427	16977
9428	16979
9429	16982
9430	16984
9431	16985
9432	16987
9433	16990
9434	16992
9435	16993
9436	16994
9437	16995
9438	16997
9439	17000
9440	17002
9441	17003
9442	17005
9443	17008
9444	17010
9445	17011
9446	17013
9447	17016
9448	17018
9449	17019
9450	17020
9451	17021
9452	17022
9453	17023
9454	17025
9455	17026
9456	17028
9457	17029
9458	17031
9459	17034
9460	17036
9461	17037
9462	17039
9463	17042
9464	17044
9465	17045
9466	17047
9467	17049
9468	17051
9469	17052
9470	17054
9471	17055
9472	17057
9473	17060
9474	17062
9475	17063
9476	17065
9477	17068
9478	17070
9479	17071
9480	17073
9481	17075
9482	17077
9483	17078
9484	17080
9485	17081
9486	17083
9487	17086
9488	17088
9489	17089
9490	17091
9491	17094
9492	17096
9493	17097
9494	17099
9495	17100
9496	17102
9497	17103
9498	17105
9499	17106
9500	17108
9501	17109
9502	17111
9503	17114
9504	17116
9505	17117
9506	17119
9507	17122
9508	17124
9509	17125
9510	17127
9511	17130
9512	17132
9513	17133
9514	17134
9515	17135
9516	17137
9517	17140
9518	17142
9519	17143
9520	17145
9521	17148
9522	17150
9523	17151
9524	17153
9525	17156
9526	17158
9527	17159
9528	17160
9529	17161
9530	17163
9531	17166
9532	17168
9533	17169
9534	17171
9535	17174
9536	17176
9537	17177
9538	17179
9539	17182
9540	17184
9541	17185
9542	17186
9543	17187
9544	17188
9545	17189
9546	17191
9547	17192
9548	17194
9549	17195
9550	17197
9551	17200
9552	17202
9553	17203
9554	17205
9555	17208
9556	17210
9557	17211
9558	17213
9559	17215
9560	17217
9561	17218
9562	17220
9563	17221
9564	17223
9565	17226
9566	17228
9567	17229
9568	17231
9569	17234
9570	17236
9571	17237
9572	17239
9573	17241
9574	17243
9575	17244
9576	17246
9577	17247
9578	17249
9579	17252
9580	17254
9581	17255
9582	17257
9583	17260
9584	17262
9585	17263
9586	17265
9587	17266
9588	17268
9589	17269
9590	17271
9591	17272
9592	17274
9593	17275
9594	17277
9595	17280
9596	17282
9597	17283
9598	17285
9599	17288
9600	17290
9601	17291
9602	17293
9603	17296
9604	17298
9605	17299
9606	17300
9607	17301
9608	17303
9609	17306
9610	17308
9611	17309
9612	17311
9613	17314
9614	17316
9615	17317
9616	17319
9617	17322
9618	17324
9619	17325
9620	17326
9621	17327
9622	17329
9623	17332
9624	17334
9625	17335
9626	17337
9627	17340
9628	17342
9629	17343
9630	17345
9631	17348
9632	17350
9633	17351
9634	17352
9635	17353
9636	17354
9637	17355
9638	17356
9639	17357
9640	17359
9641	17360
9642	17362
9643	17365
9644	17367
9645	17368
9646	17370
9647	17373
9648	17375
9649	17376
9650	17378
9651	17380
9652	17382
9653	17383
9654	17385
9655	17386
9656	17388
9657	17391
9658	17393
9659	17394
9660	17396
9661	17399
9662	17401
9663	17402
9664	17404
9665	17406
9666	17408
9667	17408
9668	17409
9669	17411
9670	17414
9671	17416
9672	17417
9673	17419
9674	17422
9675	17424
9676	17425
9677	17427
9678	17430
9679	17432
9680	17433
9681	17434
9682	17435
9683	17437
9684	17440
9685	17442
9686	17443
9687	17445
9688	17448
9689	17450
9690	17451
9691	17453
9692	17456
9693	17458
9694	17459
9695	17460
9696	17461
9697	17462
9698	17463
9699	17465
9700	17466
9701	17468
9702	17469
9703	17471
9704	17474
9705	17476
9706	17477
9707	17479
9708	17482
9709	17484
9710	17485
9711	17487
9712	17489
9713	17491
9714	17492
9715	17494
9716	17495
9717	17497
9718	17500
9719	17502
9720	17503
9721	17505
9722	17508
9723	17510
9724	17511
9725	17513
9726	17515
9727	17517
9728	17518
9729	17520
9730	17521
9731	17523
9732	17526
9733	17528
9734	17529
9735	17531
9736	17534
9737	17536
9738	17537
9739	17539
9740	17540
9741	17542
9742	17543
9743	17545
9744	17546
9745	17548
9746	17549
9747	17551
9748	17554
9749	17556
9750	17557
9751	17559
9752	17562
9753	17564
9754	17565
9755	17567
9756	17570
9757	17572
9758	17573
9759	17574
9760	17575
9761	17577
9762	17580
9763	17582
9764	17583
9765	17585
9766	17588
9767	17590
9768	17591
9769	17593
9770	17596
9771	17598
9772	17599
9773	17600
9774	17601
9775	17603
9776	17606
9777	17608
9778	17609
9779	17611
9780	17614
9781	17616
9782	17617
9783	17619
9784	17622
9785	17624
9786	17625
9787	17626
9788	17627
9789	17628
9790	17629
9791	17630
9792	17631
9793	17633
9794	17634
9795	17636
9796	17639
9797	17641
9798	17642
9799	17644
9800	17647
9801	17649
9802	17650
9803	17652
9804	17654
9805	17656
9806	17657
9807	17659
9808	17660
9809	17662
9810	17665
9811	17667
9812	17668
9813	17670
9814	17673
9815	17675
9816	17676
9817	17678
9818	17680
9819	17682
9820	17682
9821	17683
9822	17685
9823	17688
9824	17690
9825	17691
9826	17693
9827	17696
9828	17698
9829	17699
9830	17701
9831	17704
9832	17706
9833	17707
9834	17708
9835	17709
9836	17711
9837	17714
9838	17716
9839	17717
9840	17719
9841	17722
9842	17724
9843	17725
9844	17727
9845	17730
9846	17732
9847	17733
9848	17734
9849	17735
9850	17737
9851	17740
9852	17742
9853	17743
9854	17745
9855	17748
9856	17750
9857	17751
9858	17753
9859	17756
9860	17758
9861	17759
9862	17760
9863	17760
9864	17761
9865	17763
9866	17766
9867	17768
9868	17769
9869	17771
9870	17774
9871	17776
9872	17777
9873	17779
9874	17782
9875	17784
9876	17785
9877	17786
9878	17787
9879	17788
9880	17789
9881	17791
9882	17792
9883	17794
9884	17795
9885	17797
9886	17800
9887	17802
9888	17803
9889	17805
9890	17808
9891	17810
9892	17811
9893	17813
9894	17815
9895	17817
9896	17818
9897	17820
9898	17821
9899	17823
9900	17826
9901	17828
9902	17829
9903	17831
9904	17834
9905	17836
9906	17837
9907	17839
9908	17841
9909	17843
9910	17844
9911	17846
9912	17847
9913	17849
9914	17852
9915	17854
9916	17855
9917	17857
9918	17860
9919	17862
9920	17863
9921	17865
9922	17866
9923	17868
9924	17869
9925	17871
9926	17872
9927	17874
9928	17875
9929	17877
9930	17880
9931	17882
9932	17883
9933	17885
9934	17888
9935	17890
9936	17891
9937	17893
9938	17896
9939	17898
9940	17899
9941	17900
9942	17901
9943	17903
9944	17906
9945	17908
9946	17909
9947	17911
9948	17914
9949	17916
9950	17917
9951	17919
9952	17922
9953	17924
9954	17925
9955	17926
9956	17927
9957	17929
9958	17932
9959	17934
9960	17935
9961	17937
9962	17940
9963	17942
9964	17943
9965	17945
9966	17948
9967	17950
9968	17951
9969	17952
9970	17953
9971	17954
9972	17955
9973	17957
9974	17958
9975	17960
9976	17961
9977	17963
9978	17966
9979	17968
9980	17969
9981	17971
9982	17974
9983	17976
9984	17977
9985	17979
9986	17981
9987	17983
9988	17984
9989	17986
9990	17987
9991	17989
9992	17992
9993	17994
9994	17995
9995	17997
9996	18000
9997	18002
9998	18003
9999	18005
10000	18007
10001	18009
10002	18010
10003	18012
10004	18013
10005	18015
10006	18018
10007	18020
10008	18021
10009	18023
10010	18026
10011	18028
10012	18029
10013	18031
10014	18032
10015	18034
10016	18035
10017	18037
10018	18038
10019	18040
10020	18041
10021	18043
10022	18046
10023	18048
10024	18049
10025	18051
10026	18054
10027	18056
10028	18057
10029	18059
10030	18062
10031	18064
10032	18065
10033	18066
10034	18067
10035	18069
10036	18072
10037	18074
10038	18075
10039	18077
10040	18080
10041	18082
10042	18083
10043	18085
10044	18088
10045	18090
10046	18091
10047	18092
10048	18093
10049	18095
10050	18098
10051	18100
10052	18101
10053	18103
10054	18106
10055	18108
10056	18109
10057	18111
10058	18114
10059	18116
10060	18117
10061	18118
10062	18119
10063	18120
10064	18121
10065	18123
10066	18124
10067	18126
10068	18127
10069	18129
10070	18132
10071	18134
10072	18135
10073	18137
10074	18140
10075	18142
10076	18143
10077	18145
10078	18147
10079	18149
10080	18150
10081	18152
10082	18153
10083	18155
10084	18158
10085	18160
10086	18161
10087	18163
10088	18166
10089	18168
10090	18169
10091	18171
10092	18173
10093	18175
10094	18176
10095	18178
10096	18179
10097	18181
10098	18184
10099	18186
10100	18187
10101	18189
10102	18192
10103	18194
10104	18195
10105	18197
10106	18198
10107	18200
10108	18201
10109	18203
10110	18204
10111	18206
10112	18207
10113	18209
10114	18212
10115	18214
10116	18215
10117	18217
10118	18220
10119	18222
10120	18223
10121	18225
10122	18228
10123	18230
10124	18231
10125	18232
10126	18233
10127	18235
10128	18238
10129	18240
10130	18241
10131	18243
10132	18246
10133	18248
10134	18249
10135	18251
10136	18254
10137	18256
10138	18257
10139	18258
10140	18259
10141	18261
10142	18264
10143	18266
10144	18267
10145	18269
10146	18272
10147	18274
10148	18275
10149	18277
10150	18280
10151	18282
10152	18283
10153	18284
10154	18285
10155	18286
10156	18287
10157	18289
10158	18290
10159	18292
10160	18293
10161	18295
10162	18298
10163	18300
10164	18301
10165	18303
10166	18306
10167	18308
10168	18309
10169	18311
10170	18313
10171	18315
10172	18316
10173	18318
10174	18319
10175	18321
10176	18324
10177	18326
10178	18327
10179	18329
10180	18332
10181	18334
10182	18335
10183	18337
10184	18339
10185	18341
10186	18342
10187	18344
10188	18345
10189	18347
10190	18350
10191	18352
10192	18353
10193	18355
10194	18358
10195	18360
10196	18361
10197	18363
10198	18364
10199	18366
10200	18367
10201	18369
10202	18370
10203	18372
10204	18373
10205	18375
10206	18378
10207	18380
10208	18381
10209	18383
10210	18386
10211	18388
10212	18389
10213	18391
10214	18394
10215	18396
10216	18397
10217	18398
10218	18399
10219	18400
10220	18401
10221	18402
10222	18403
10223	18405
10224	18406
10225	18408
10226	18411
10227	18413
10228	18414
10229	18416
10230	18419
10231	18421
10232	18422
10233	18424
10234	18426
10235	18428
10236	18429
10237	18431
10238	18432
10239	18434
10240	18437
10241	18439
10242	18440
10243	18442
10244	18445
10245	18447
10246	18448
10247	18450
10248	18452
10249	18454
10250	18454
10251	18455
10252	18457
10253	18460
10254	18462
10255	18463
10256	18465
10257	18468
10258	18470
10259	18471
10260	18473
10261	18476
10262	18478
10263	18479
10264	18480
10265	18481
10266	18483
10267	18486
10268	18488
10269	18489
10270	18491
10271	18494
10272	18496
10273	18497
10274	18499
10275	18502
10276	18504
10277	18505
10278	18506
10279	18507
10280	18508
10281	18509
10282	18511
10283	18512
10284	18514
10285	18515
10286	18517
10287	18520
10288	18522
10289	18523
10290	18525
10291	18528
10292	18530
10293	18531
10294	18533
10295	18535
10296	18537
10297	18538
10298	18540
10299	18541
10300	18543
10301	18546
10302	18548
10303	18549
10304	18551
10305	18554
10306	18556
10307	18557
10308	18559
10309	18561
10310	18563
10311	18564
10312	18566
10313	18567
10314	18569
10315	18572
10316	18574
10317	18575
10318	18577
10319	18580
10320	18582
10321	18583
10322	18585
10323	18586
10324	18588
10325	18589
10326	18591
10327	18592
10328	18594
10329	18595
10330	18597
10331	18600
10332	18602
10333	18603
10334	18605
10335	18608
10336	18610
10337	18611
10338	18613
10339	18616
10340	18618
10341	18619
10342	18620
10343	18621
10344	18623
10345	18626
10346	18628
10347	18629
10348	18631
10349	18634
10350	18636
10351	18637
10352	18639
10353	18642
10354	18644
10355	18645
10356	18646
10357	18647
10358	18649
10359	18652
10360	18654
10361	18655
10362	18657
10363	18660
10364	18662
10365	18663
10366	18665
10367	18668
10368	18670
10369	18671
10370	18672
10371	18673
10372	18674
10373	18675
10374	18677
10375	18678
10376	18680
10377	18681
10378	18683
10379	18686
10380	18688
10381	18689
10382	18691
10383	18694
10384	18696
10385	18697
10386	18699
10387	18701
10388	18703
10389	18703
10390	18704
10391	18706
10392	18709
10393	18711
10394	18712
10395	18714
10396	18717
10397	18719
10398	18720
10399	18722
10400	18725
10401	18727
10402	18728
10403	18729
10404	18730
10405	18732
10406	18735
10407	18737
10408	18738
10409	18740
10410	18743
10411	18745
10412	18746
10413	18748
10414	18751
10415	18753
10416	18754
10417	18755
10418	18756
10419	18758
10420	18761
10421	18763
10422	18764
10423	18766
10424	18769
10425	18771
10426	18772
10427	18774
10428	18777
10429	18779
10430	18780
10431	18781
10432	18781
10433	18782
10434	18784
10435	18787
10436	18789
10437	18790
10438	18792
10439	18795
10440	18797
10441	18798
10442	18800
10443	18803
10444	18805
10445	18806
10446	18807
10447	18808
10448	18810
10449	18813
10450	18815
10451	18816
10452	18818
10453	18821
10454	18823
10455	18824
10456	18826
10457	18829
10458	18831
10459	18832
10460	18833
10461	18834
10462	18836
10463	18839
10464	18841
10465	18842
10466	18844
10467	18847
10468	18849
10469	18850
10470	18852
10471	18855
10472	18857
10473	18858
10474	18859
10475	18860
10476	18861
10477	18862
10478	18864
10479	18865
10480	18867
10481	18868
10482	18870
10483	18873
10484	18875
10485	18876
10486	18878
10487	18881
10488	18883
10489	18884
10490	18886
10491	18888
10492	18890
10493	18891
10494	18893
10495	18894
10496	18896
10497	18899
10498	18901
10499	18902
10500	18904
10501	18907
10502	18909
10503	18910
10504	18912
10505	18914
10506	18916
10507	18917
10508	18919
10509	18920
10510	18922
10511	18925
10512	18927
10513	18928
10514	18930
10515	18933
10516	18935
10517	18936
10518	18938
10519	18939
10520	18941
10521	18942
10522	18944
10523	18945
10524	18947
10525	18948
10526	18950
10527	18953
10528	18955
10529	18956
10530	18958
10531	18961
10532	18963
10533	18964
10534	18966
10535	18969
10536	18971
10537	18972
10538	18973
10539	18974
10540	18976
10541	18979
10542	18981
10543	18982
10544	18984
10545	18987
10546	18989
10547	18990
10548	18992
10549	18995
10550	18997
10551	18998
10552	18999
10553	19000
10554	19002
10555	19005
10556	19007
10557	19008
10558	19010
10559	19013
10560	19015
10561	19016
10562	19018
10563	19021
10564	19023
10565	19024
10566	19025
10567	19026
10568	19027
10569	19028
10570	19030
10571	19031
10572	19033
10573	19034
10574	19036
10575	19039
10576	19041
10577	19042
10578	19044
10579	19047
10580	19049
10581	19050
10582	19052
10583	19054
10584	19056
10585	19057
10586	19059
10587	19060
10588	19062
10589	19065
10590	19067
10591	19068
10592	19070
10593	19073
10594	19075
10595	19076
10596	19078
10597	19080
10598	19082
10599	19083
10600	19085
10601	19086
10602	19088
10603	19091
10604	19093
10605	19094
10606	19096
10607	19099
10608	19101
10609	19102
10610	19104
10611	19105
10612	19107
10613	19108
10614	19110
10615	19111
10616	19113
10617	19114
10618	19116
10619	19119
10620	19121
10621	19122
10622	19124
10623	19127
10624	19129
10625	19130
10626	19132
10627	19135
10628	19137
10629	19138
10630	19139
10631	19140
10632	19142
10633	19145
10634	19147
10635	19148
10636	19150
10637	19153
10638	19155
10639	19156
10640	19158
10641	19161
10642	19163
10643	19164
10644	19165
10645	19166
10646	19168
10647	19171
10648	19173
10649	19174
10650	19176
10651	19179
10652	19181
10653	19182
10654	19184
10655	19187
10656	19189
10657	19190
10658	19191
10659	19192
10660	19193
10661	19194
10662	19196
10663	19197
10664	19199
10665	19200
10666	19202
10667	19205
10668	19207
10669	19208
10670	19210
10671	19213
10672	19215
10673	19216
10674	19218
10675	19220
10676	19222
10677	19223
10678	19225
10679	19226
10680	19228
10681	19231
10682	19233
10683	19234
10684	19236
10685	19239
10686	19241
10687	19242
10688	19244
10689	19246
10690	19248
10691	19249
10692	19251
10693	19252
10694	19254
10695	19257
10696	19259
10697	19260
10698	19262
10699	19265
10700	19267
10701	19268
10702	19270
10703	19271
10704	19273
10705	19274
10706	19276
10707	19277
10708	19279
10709	19280
10710	19281
10711	19282
10712	19284
10713	19287
10714	19289
10715	19290
10716	19292
10717	19295
10718	19297
10719	19298
10720	19300
10721	19303
10722	19305
10723	19306
10724	19307
10725	19308
10726	19310
10727	19313
10728	19315
10729	19316
10730	19318
10731	19321
10732	19323
10733	19324
10734	19326
10735	19329
10736	19331
10737	19332
10738	19333
10739	19334
10740	19336
10741	19339
10742	19341
10743	19342
10744	19344
10745	19347
10746	19349
10747	19350
10748	19352
10749	19355
10750	19357
10751	19358
10752	19359
10753	19359
10754	19360
10755	19362
10756	19365
10757	19367
10758	19368
10759	19370
10760	19373
10761	19375
10762	19376
10763	19378
10764	19381
10765	19383
10766	19384
10767	19385
10768	19386
10769	19388
10770	19391
10771	19393
10772	19394
10773	19396
10774	19399
10775	19401
10776	19402
10777	19404
10778	19407
10779	19409
10780	19410
10781	19411
10782	19412
10783	19413
10784	19414
10785	19415
10786	19416
10787	19418
10788	19419
10789	19421
10790	19424
10791	19426
10792	19427
10793	19429
10794	19432
10795	19434
10796	19435
10797	19437
10798	19439
10799	19441
10800	19441
10801	19442
10802	19444
10803	19447
10804	19449
10805	19450
10806	19452
10807	19455
10808	19457
10809	19458
10810	19460
10811	19463
10812	19465
10813	19466
10814	19467
10815	19468
10816	19470
10817	19473
10818	19475
10819	19476
10820	19478
10821	19481
10822	19483
10823	19484
10824	19486
10825	19489
10826	19491
10827	19492
10828	19493
10829	19494
10830	19495
10831	19496
10832	19498
10833	19499
10834	19501
10835	19502
10836	19504
10837	19507
10838	19509
10839	19510
10840	19512
10841	19515
10842	19517
10843	19518
10844	19520
10845	19522
10846	19524
10847	19525
10848	19527
10849	19528
10850	19530
10851	19533
10852	19535
10853	19536
10854	19538
10855	19541
10856	19543
10857	19544
10858	19546
10859	19548
10860	19550
10861	19551
10862	19553
10863	19554
10864	19556
10865	19559
10866	19561
10867	19562
10868	19564
10869	19567
10870	19569
10871	19570
10872	19572
10873	19573
10874	19575
10875	19575
10876	19576
10877	19578
10878	19579
10879	19581
10880	19582
10881	19584
10882	19587
10883	19589
10884	19590
10885	19592
10886	19595
10887	19597
10888	19598
10889	19600
10890	19602
10891	19604
10892	19605
10893	19607
10894	19608
10895	19610
10896	19613
10897	19615
10898	19616
10899	19618
10900	19621
10901	19623
10902	19624
10903	19626
10904	19628
10905	19630
10906	19631
10907	19633
10908	19634
10909	19636
10910	19639
10911	19641
10912	19642
10913	19644
10914	19647
10915	19649
10916	19650
10917	19652
10918	19653
10919	19655
10920	19656
10921	19658
10922	19659
10923	19661
10924	19662
10925	19664
10926	19667
10927	19669
10928	19670
10929	19672
10930	19675
10931	19677
10932	19678
10933	19680
10934	19683
10935	19685
10936	19686
10937	19687
10938	19688
10939	19690
10940	19693
10941	19695
10942	19696
10943	19698
10944	19701
10945	19703
10946	19704
10947	19706
10948	19709
10949	19711
10950	19712
10951	19713
10952	19714
10953	19716
10954	19719
10955	19721
10956	19722
10957	19724
10958	19727
10959	19729
10960	19730
10961	19732
10962	19735
10963	19737
10964	19738
10965	19739
10966	19740
10967	19741
10968	19742
10969	19744
10970	19744
10971	19747
10972	19749
10973	19750
10974	19752
10975	19755
10976	19757
10977	19758
10978	19760
10979	19763
10980	19765
10981	19766
10982	19767
10983	19768
10984	19770
10985	19773
10986	19775
10987	19776
10988	19778
10989	19780
10990	19782
10991	19783
10992	19785
10993	19786
10994	19788
10995	19791
10996	19793
10997	19794
10998	19796
10999	19799
11000	19801
11001	19802
11002	19804
11003	19806
11004	19808
11005	19808
11006	19809
11007	19811
11008	19814
11009	19816
11010	19817
11011	19819
11012	19822
11013	19824
11014	19825
11015	19827
11016	19830
11017	19832
11018	19833
11019	19834
11020	19835
11021	19837
11022	19840
11023	19842
11024	19843
11025	19845
11026	19848
11027	19850
11028	19851
11029	19853
11030	19856
11031	19858
11032	19859
11033	19860
11034	19861
11035	19863
11036	19866
11037	19868
11038	19869
11039	19871
11040	19874
11041	19876
11042	19877
11043	19879
11044	19882
11045	19884
11046	19885
11047	19886
11048	19886
11049	19887
11050	19889
11051	19892
11052	19894
11053	19895
11054	19897
11055	19900
11056	19902
11057	19903
11058	19905
11059	19908
11060	19910
11061	19911
11062	19912
11063	19913
11064	19915
11065	19918
11066	19920
11067	19921
11068	19923
11069	19926
11070	19928
11071	19929
11072	19931
11073	19934
11074	19936
11075	19937
11076	19938
11077	19939
11078	19941
11079	19944
11080	19946
11081	19947
11082	19949
11083	19952
11084	19954
11085	19955
11086	19957
11087	19960
11088	19962
11089	19963
11090	19964
11091	19965
11092	19966
11093	19967
11094	19969
11095	19970
11096	19972
11097	19973
11098	19975
11099	19978
11100	19980
11101	19981
11102	19983
11103	19986
11104	19988
11105	19989
11106	19991
11107	19993
11108	19995
11109	19996
11110	19998
11111	19999
11112	20001
11113	20004
11114	20006
11115	20007
11116	20009
11117	20012
11118	20014
11119	20015
11120	20017
11121	20019
11122	20021
11123	20022
11124	20024
11125	20025
11126	20027
11127	20030
11128	20032
11129	20033
11130	20035
11131	20038
11132	20040
11133	20041
11134	20043
11135	20044
11136	20046
11137	20047
11138	20049
11139	20050
11140	20052
11141	20053
11142	20055
11143	20058
11144	20060
11145	20061
11146	20063
11147	20066
11148	20068
11149	20069
11150	20071
11151	20074
11152	20076
11153	20077
11154	20078
11155	20079
11156	20081
11157	20084
11158	20086
11159	20087
11160	20089
11161	20092
11162	20094
11163	20095
11164	20097
11165	20100
11166	20102
11167	20103
11168	20104
11169	20105
11170	20107
11171	20110
11172	20112
11173	20113
11174	20115
11175	20118
11176	20120
11177	20121
11178	20123
11179	20126
11180	20128
11181	20129
11182	20130
11183	20131
11184	20132
11185	20133
11186	20134
11187	20135
11188	20137
11189	20138
11190	20140
11191	20143
11192	20145
11193	20146
11194	20148
11195	20151
11196	20153
11197	20154
11198	20156
11199	20158
11200	20160
11201	20161
11202	20163
11203	20164
11204	20166
11205	20169
11206	20171
11207	20172
11208	20174
11209	20177
11210	20179
11211	20180
11212	20182
11213	20184
11214	20186
11215	20186
11216	20187
11217	20189
11218	20192
11219	20194
11220	20195
11221	20197
11222	20200
11223	20202
11224	20203
11225	20205
11226	20208
11227	20210
11228	20211
11229	20212
11230	20213
11231	20215
11232	20218
11233	20220
11234	20221
11235	20223
11236	20226
11237	20228
11238	20229
11239	20231
11240	20234
11241	20236
11242	20237
11243	20238
11244	20239
11245	20241
11246	20244
11247	20246
11248	20247
11249	20249
11250	20252
11251	20254
11252	20255
11253	20257
11254	20260
11255	20262
11256	20263
11257	20264
11258	20264
11259	20265
11260	20267
11261	20270
11262	20272
11263	20273
11264	20275
11265	20278
11266	20280
11267	20281
11268	20283
11269	20286
11270	20288
11271	20289
11272	20290
11273	20291
11274	20293
11275	20296
11276	20298
11277	20299
11278	20301
11279	20304
11280	20306
11281	20307
11282	20309
11283	20312
11284	20314
11285	20315
11286	20316
11287	20317
11288	20319
11289	20322
11290	20324
11291	20325
11292	20327
11293	20330
11294	20332
11295	20333
11296	20335
11297	20338
11298	20340
11299	20341
11300	20342
11301	20343
11302	20344
11303	20345
11304	20346
11305	20347
11306	20349
11307	20350
11308	20352
11309	20355
11310	20357
11311	20358
11312	20360
11313	20363
11314	20365
11315	20366
11316	20368
11317	20370
11318	20372
11319	20372
11320	20373
11321	20375
11322	20378
11323	20380
11324	20381
11325	20383
11326	20386
11327	20388
11328	20389
11329	20391
11330	20394
11331	20396
11332	20397
11333	20398
11334	20399
11335	20401
11336	20404
11337	20406
11338	20407
11339	20409
11340	20412
11341	20414
11342	20415
11343	20417
11344	20420
11345	20422
11346	20423
11347	20424
11348	20425
11349	20426
11350	20427
11351	20428
11352	20429
11353	20431
11354	20432
11355	20434
11356	20437
11357	20439
11358	20440
11359	20442
11360	20445
11361	20447
11362	20448
11363	20450
11364	20452
11365	20454
11366	20454
11367	20455
11368	20457
11369	20460
11370	20462
11371	20463
11372	20465
11373	20468
11374	20470
11375	20471
11376	20473
11377	20476
11378	20478
11379	20479
11380	20480
11381	20481
11382	20482
11383	20483
11384	20485
11385	20486
11386	20488
11387	20489
11388	20491
11389	20494
11390	20496
11391	20497
11392	20499
11393	20502
11394	20504
11395	20505
11396	20507
11397	20509
11398	20511
11399	20512
11400	20514
11401	20515
11402	20517
11403	20520
11404	20522
11405	20523
11406	20525
11407	20528
11408	20530
11409	20531
11410	20533
11411	20535
11412	20537
11413	20538
11414	20540
11415	20541
11416	20543
11417	20546
11418	20548
11419	20549
11420	20551
11421	20554
11422	20556
11423	20557
11424	20559
11425	20560
11426	20562
11427	20563
11428	20565
11429	20566
11430	20568
11431	20569
11432	20570
11433	20571
11434	20573
11435	20576
11436	20578
11437	20579
11438	20581
11439	20584
11440	20586
11441	20587
11442	20589
11443	20592
11444	20594
11445	20595
11446	20596
11447	20597
11448	20599
11449	20602
11450	20604
11451	20605
11452	20607
11453	20610
11454	20612
11455	20613
11456	20615
11457	20618
11458	20620
11459	20621
11460	20622
11461	20623
11462	20624
11463	20625
11464	20626
11465	20627
11466	20629
11467	20630
11468	20632
11469	20635
11470	20637
11471	20638
11472	20640
11473	20643
11474	20645
11475	20646
11476	20648
11477	20650
11478	20652
11479	20652
11480	20653
11481	20655
11482	20658
11483	20660
11484	20661
11485	20663
11486	20666
11487	20668
11488	20669
11489	20671
11490	20674
11491	20676
11492	20677
11493	20678
11494	20679
11495	20681
11496	20684
11497	20686
11498	20687
11499	20689
11500	20692
11501	20694
11502	20695
11503	20697
11504	20700
11505	20702
11506	20703
11507	20704
11508	20705
11509	20707
11510	20710
11511	20712
11512	20713
11513	20715
11514	20718
11515	20720
11516	20721
11517	20723
11518	20726
11519	20728
11520	20729
11521	20730
11522	20730
11523	20731
11524	20733
11525	20736
11526	20738
11527	20739
11528	20741
11529	20744
11530	20746
11531	20747
11532	20749
11533	20752
11534	20754
11535	20755
11536	20756
11537	20757
11538	20759
11539	20762
11540	20764
11541	20765
11542	20767
11543	20770
11544	20772
11545	20773
11546	20775
11547	20778
11548	20780
11549	20781
11550	20782
11551	20783
11552	20785
11553	20788
11554	20790
11555	20791
11556	20793
11557	20796
11558	20798
11559	20799
11560	20801
11561	20804
11562	20806
11563	20807
11564	20808
11565	20809
11566	20810
11567	20810
11568	20811
11569	20813
11570	20816
11571	20818
11572	20819
11573	20821
11574	20824
11575	20826
11576	20827
11577	20829
11578	20832
11579	20834
11580	20835
11581	20836
11582	20837
11583	20839
11584	20842
11585	20844
11586	20845
11587	20847
11588	20850
11589	20852
11590	20853
11591	20855
11592	20858
11593	20860
11594	20861
11595	20862
11596	20863
11597	20865
11598	20868
11599	20870
11600	20871
11601	20873
11602	20876
11603	20878
11604	20879
11605	20881
11606	20884
11607	20886
11608	20887
11609	20888
11610	20889
11611	20890
11612	20891
11613	20893
11614	20894
11615	20896
11616	20897
11617	20899
11618	20902
11619	20904
11620	20905
11621	20907
11622	20910
11623	20912
11624	20913
11625	20915
11626	20917
11627	20919
11628	20920
11629	20922
11630	20923
11631	20925
11632	20928
11633	20930
11634	20931
11635	20933
11636	20936
11637	20938
11638	20939
11639	20941
11640	20943
11641	20945
11642	20946
11643	20948
11644	20949
11645	20951
11646	20954
11647	20956
11648	20957
11649	20959
11650	20962
11651	20964
11652	20965
11653	20967
11654	20968
11655	20970
11656	20971
11657	20973
11658	20974
11659	20976
11660	20977
11661	20979
11662	20982
11663	20984
11664	20985
11665	20987
11666	20990
11667	20992
11668	20993
11669	20995
11670	20998
11671	21000
11672	21001
11673	21002
11674	21003
11675	21005
11676	21008
11677	21010
11678	21011
11679	21013
11680	21016
11681	21018
11682	21019
11683	21021
11684	21024
11685	21026
11686	21027
11687	21028
11688	21029
11689	21031
11690	21034
11691	21036
11692	21037
11693	21039
11694	21042
11695	21044
11696	21045
11697	21047
11698	21050
11699	21052
11700	21053
11701	21054
11702	21055
11703	21056
11704	21057
11705	21059
11706	21060
11707	21062
11708	21063
11709	21065
11710	21068
11711	21070
11712	21071
11713	21073
11714	21076
11715	21078
11716	21079
11717	21081
11718	21083
11719	21085
11720	21086
11721	21088
11722	21089
11723	21091
11724	21094
11725	21096
11726	21097
11727	21099
11728	21102
11729	21104
11730	21105
11731	21107
11732	21109
11733	21111
11734	21112
11735	21114
11736	21115
11737	21117
11738	21120
11739	21122
11740	21123
11741	21125
11742	21128
11743	21130
11744	21131
11745	21133
11746	21134
11747	21136
11748	21137
11749	21139
11750	21140
11751	21142
11752	21143
11753	21145
11754	21148
11755	21150
11756	21151
11757	21153
11758	21156
11759	21158
11760	21159
11761	21161
11762	21164
11763	21166
11764	21167
11765	21168
11766	21169
11767	21171
11768	21174
11769	21176
11770	21177
11771	21179
11772	21182
11773	21184
11774	21185
11775	21187
11776	21190
11777	21192
11778	21193
11779	21194
11780	21195
11781	21197
11782	21200
11783	21202
11784	21203
11785	21205
11786	21208
11787	21210
11788	21211
11789	21213
11790	21216
11791	21218
11792	21219
11793	21220
11794	21221
11795	21222
11796	21223
11797	21225
11798	21226
11799	21228
11800	21229
11801	21231
11802	21234
11803	21236
11804	21237
11805	21239
11806	21242
11807	21244
11808	21245
11809	21247
11810	21249
11811	21251
11812	21252
11813	21254
11814	21255
11815	21257
11816	21260
11817	21262
11818	21263
11819	21265
11820	21268
11821	21270
11822	21271
11823	21273
11824	21275
11825	21277
11826	21278
11827	21280
11828	21281
11829	21283
11830	21286
11831	21288
11832	21289
11833	21291
11834	21294
11835	21296
11836	21297
11837	21299
11838	21300
11839	21302
11840	21303
11841	21305
11842	21306
11843	21308
11844	21309
11845	21311
11846	21314
11847	21316
11848	21317
11849	21319
11850	21322
11851	21324
11852	21325
11853	21327
11854	21330
11855	21332
11856	21333
11857	21334
11858	21335
11859	21337
11860	21340
11861	21342
11862	21343
11863	21345
11864	21348
11865	21350
11866	21351
11867	21353
11868	21356
11869	21358
11870	21359
11871	21360
11872	21361
11873	21363
11874	21366
11875	21368
11876	21369
11877	21371
11878	21374
11879	21376
11880	21377
11881	21379
11882	21382
11883	21384
11884	21385
11885	21386
11886	21387
11887	21388
11888	21389
11889	21391
11890	21392
11891	21394
11892	21395
11893	21397
11894	21400
11895	21402
11896	21403
11897	21405
11898	21408
11899	21410
11900	21411
11901	21413
11902	21415
11903	21417
11904	21418
11905	21420
11906	21421
11907	21423
11908	21426
11909	21428
11910	21429
11911	21431
11912	21434
11913	21436
11914	21437
11915	21439
11916	21441
11917	21443
11918	21444
11919	21446
11920	21447
11921	21449
11922	21452
11923	21454
11924	21455
11925	21457
11926	21460
11927	21462
11928	21463
11929	21465
11930	21466
11931	21468
11932	21469
11933	21471
11934	21472
11935	21474
11936	21475
11937	21477
11938	21480
11939	21482
11940	21483
11941	21485
11942	21488
11943	21490
11944	21491
11945	21493
11946	21496
11947	21498
11948	21499
11949	21500
11950	21501
11951	21503
11952	21506
11953	21508
11954	21509
11955	21511
11956	21514
11957	21516
11958	21517
11959	21519
11960	21522
11961	21524
11962	21525
11963	21526
11964	21527
11965	21529
11966	21532
11967	21534
11968	21535
11969	21537
11970	21540
11971	21542
11972	21543
11973	21545
11974	21548
11975	21550
11976	21551
11977	21552
11978	21553
11979	21554
11980	21555
11981	21557
11982	21558
11983	21560
11984	21561
11985	21563
11986	21566
11987	21568
11988	21569
11989	21571
11990	21574
11991	21576
11992	21577
11993	21579
11994	21581
11995	21583
11996	21584
11997	21586
11998	21587
11999	21589
12000	21592
12001	21594
12002	21595
12003	21597
12004	21600
12005	21602
12006	21603
12007	21605
12008	21607
12009	21609
12010	21610
12011	21612
12012	21613
12013	21615
12014	21618
12015	21620
12016	21621
12017	21623
12018	21626
12019	21628
12020	21629
12021	21631
12022	21632
12023	21634
12024	21635
12025	21637
12026	21638
12027	21640
12028	21641
12029	21643
12030	21646
12031	21648
12032	21649
12033	21651
12034	21654
12035	21656
12036	21657
12037	21659
12038	21662
12039	21664
12040	21665
12041	21666
12042	21667
12043	21669
12044	21672
12045	21674
12046	21675
12047	21677
12048	21680
12049	21682
12050	21683
12051	21685
12052	21688
12053	21690
12054	21691
12055	21692
12056	21693
12057	21695
12058	21698
12059	21700
12060	21701
12061	21703
12062	21706
12063	21708
12064	21709
12065	21711
12066	21714
12067	21716
12068	21717
12069	21718
12070	21719
12071	21720
12072	21720
12073	21721
12074	21723
12075	21726
12076	21728
12077	21729
12078	21731
12079	21734
12080	21736
12081	21737
12082	21739
12083	21742
12084	21744
12085	21745
12086	21746
12087	21747
12088	21749
12089	21752
12090	21754
12091	21755
12092	21757
12093	21760
12094	21762
12095	21763
12096	21765
12097	21768
12098	21770
12099	21771
12100	21772
12101	21773
12102	21775
12103	21778
12104	21780
12105	21781
12106	21783
12107	21786
12108	21788
12109	21789
12110	21791
12111	21794
12112	21796
12113	21797
12114	21798
12115	21799
12116	21800
12117	21801
12118	21803
12119	21804
12120	21806
12121	21807
12122	21809
12123	21812
12124	21814
12125	21815
12126	21817
12127	21820
12128	21822
12129	21823
12130	21825
12131	21827
12132	21829
12133	21830
12134	21832
12135	21833
12136	21835
12137	21838
12138	21840
12139	21841
12140	21843
12141	21846
12142	21848
12143	21849
12144	21851
12145	21853
12146	21855
12147	21856
12148	21858
12149	21859
12150	21861
12151	21864
12152	21866
12153	21867
12154	21869
12155	21872
12156	21874
12157	21875
12158	21877
12159	21878
12160	21880
12161	21881
12162	21883
12163	21884
12164	21886
12165	21887
12166	21889
12167	21892
12168	21894
12169	21895
12170	21897
12171	21900
12172	21902
12173	21903
12174	21905
12175	21908
12176	21910
12177	21911
12178	21912
12179	21913
12180	21915
12181	21918
12182	21920
12183	21921
12184	21923
12185	21926
12186	21928
12187	21929
12188	21931
12189	21934
12190	21936
12191	21937
12192	21938
12193	21939
12194	21941
12195	21944
12196	21946
12197	21947
12198	21949
12199	21952
12200	21954
12201	21955
12202	21957
12203	21960
12204	21962
12205	21963
12206	21964
12207	21965
12208	21966
12209	21967
12210	21969
12211	21970
12212	21972
12213	21973
12214	21975
12215	21978
12216	21980
12217	21981
12218	21983
12219	21986
12220	21988
12221	21989
12222	21991
12223	21993
12224	21995
12225	21996
12226	21998
12227	21999
12228	22001
12229	22004
12230	22006
12231	22007
12232	22009
12233	22012
12234	22014
12235	22015
12236	22017
12237	22019
12238	22021
12239	22022
12240	22024
12241	22025
12242	22027
12243	22030
12244	22032
12245	22033
12246	22035
12247	22038
12248	22040
12249	22041
12250	22043
12251	22044
12252	22046
12253	22047
12254	22049
12255	22050
12256	22052
12257	22053
12258	22055
12259	22058
12260	22060
12261	22061
12262	22063
12263	22066
12264	22068
12265	22069
12266	22071
12267	22074
12268	22076
12269	22077
12270	22078
12271	22079
12272	22081
12273	22084
12274	22086
12275	22087
12276	22089
12277	22092
12278	22094
12279	22095
12280	22097
12281	22100
12282	22102
12283	22103
12284	22104
12285	22105
12286	22107
12287	22110
12288	22112
12289	22113
12290	22115
12291	22118
12292	22120
12293	22121
12294	22123
12295	22126
12296	22128
12297	22129
12298	22130
12299	22131
12300	22132
12301	22133
12302	22135
12303	22136
12304	22138
12305	22139
12306	22141
12307	22144
12308	22146
12309	22147
12310	22149
12311	22152
12312	22154
12313	22155
12314	22157
12315	22159
12316	22161
12317	22162
12318	22164
12319	22165
12320	22167
12321	22170
12322	22172
12323	22173
12324	22175
12325	22178
12326	22180
12327	22181
12328	22183
12329	22185
12330	22187
12331	22188
12332	22190
12333	22191
12334	22193
12335	22196
12336	22198
12337	22199
12338	22201
12339	22204
12340	22206
12341	22207
12342	22209
12343	22210
12344	22212
12345	22213
12346	22215
12347	22216
12348	22218
12349	22219
12350	22221
12351	22223
12352	22225
12353	22226
12354	22228
12355	22231
12356	22233
12357	22234
12358	22236
12359	22238
12360	22240
12361	22241
12362	22243
12363	22244
12364	22246
12365	22249
12366	22251
12367	22252
12368	22254
12369	22257
12370	22259
12371	22260
12372	22262
12373	22264
12374	22266
12375	22266
12376	22267
12377	22269
12378	22272
12379	22274
12380	22275
12381	22277
12382	22280
12383	22282
12384	22283
12385	22285
12386	22288
12387	22290
12388	22291
12389	22292
12390	22293
12391	22295
12392	22298
12393	22300
12394	22301
12395	22303
12396	22306
12397	22308
12398	22309
12399	22311
12400	22314
12401	22316
12402	22317
12403	22318
12404	22319
12405	22321
12406	22324
12407	22326
12408	22327
12409	22329
12410	22332
12411	22334
12412	22335
12413	22337
12414	22340
12415	22342
12416	22343
12417	22344
12418	22344
12419	22345
12420	22347
12421	22350
12422	22352
12423	22353
12424	22355
12425	22358
12426	22360
12427	22361
12428	22363
12429	22366
12430	22368
12431	22369
12432	22370
12433	22371
12434	22373
12435	22376
12436	22378
12437	22379
12438	22381
12439	22384
12440	22386
12441	22387
12442	22389
12443	22392
12444	22394
12445	22395
12446	22396
12447	22397
12448	22399
12449	22402
12450	22404
12451	22405
12452	22407
12453	22410
12454	22412
12455	22413
12456	22415
12457	22418
12458	22420
12459	22421
12460	22422
12461	22423
12462	22424
12463	22425
12464	22427
12465	22428
12466	22430
12467	22431
12468	22433
12469	22436
12470	22438
12471	22439
12472	22441
12473	22444
12474	22446
12475	22447
12476	22449
12477	22451
12478	22453
12479	22454
12480	22456
12481	22457
12482	22459
12483	22462
12484	22464
12485	22465
12486	22467
12487	22470
12488	22472
12489	22473
12490	22475
12491	22477
12492	22479
12493	22480
12494	22482
12495	22483
12496	22485
12497	22488
12498	22490
12499	22491
12500	22493
12501	22496
12502	22498
12503	22499
12504	22501
12505	22502
12506	22504
12507	22505
12508	22507
12509	22508
12510	22510
12511	22511
12512	22513
12513	22516
12514	22518
12515	22519
12516	22521
12517	22524
12518	22526
12519	22527
12520	22529
12521	22532
12522	22534
12523	22535
12524	22536
12525	22537
12526	22539
12527	22542
12528	22544
12529	22545
12530	22547
12531	22550
12532	22552
12533	22553
12534	22555
12535	22558
12536	22560
12537	22561
12538	22562
12539	22563
12540	22565
12541	22568
12542	22570
12543	22571
12544	22573
12545	22576
12546	22578
12547	22579
12548	22581
12549	22584
12550	22586
12551	22587
12552	22588
12553	22589
12554	22590
12555	22591
12556	22593
12557	22594
12558	22596
12559	22597
12560	22599
12561	22602
12562	22604
12563	22605
12564	22607
12565	22610
12566	22612
12567	22613
12568	22615
12569	22617
12570	22619
12571	22620
12572	22622
12573	22623
12574	22625
12575	22628
12576	22630
12577	22631
12578	22633
12579	22636
12580	22638
12581	22639
12582	22641
12583	22643
12584	22645
12585	22646
12586	22648
12587	22649
12588	22651
12589	22654
12590	22656
12591	22657
12592	22659
12593	22662
12594	22664
12595	22665
12596	22667
12597	22668
12598	22670
12599	22671
12600	22673
12601	22674
12602	22676
12603	22677
12604	22679
12605	22682
12606	22684
12607	22685
12608	22687
12609	22690
12610	22692
12611	22693
12612	22695
12613	22698
12614	22700
12615	22701
12616	22702
12617	22703
12618	22705
12619	22708
12620	22710
12621	22711
12622	22713
12623	22716
12624	22718
12625	22719
12626	22721
12627	22724
12628	22726
12629	22727
12630	22728
12631	22729
12632	22730
12633	22731
12634	22733
12635	22733
12636	22736
12637	22738
12638	22739
12639	22741
12640	22744
12641	22746
12642	22747
12643	22749
12644	22752
12645	22754
12646	22755
12647	22756
12648	22757
12649	22759
12650	22762
12651	22764
12652	22765
12653	22767
12654	22770
12655	22772
12656	22773
12657	22775
12658	22778
12659	22780
12660	22781
12661	22782
12662	22783
12663	22785
12664	22788
12665	22790
12666	22791
12667	22793
12668	22796
12669	22798
12670	22799
12671	22801
12672	22804
12673	22806
12674	22807
12675	22808
12676	22809
12677	22810
12678	22811
12679	22813
12680	22814
12681	22816
12682	22817
12683	22819
12684	22822
12685	22824
12686	22825
12687	22827
12688	22830
12689	22832
12690	22833
12691	22835
12692	22837
12693	22839
12694	22840
12695	22842
12696	22843
12697	22845
12698	22848
12699	22850
12700	22851
12701	22853
12702	22856
12703	22858
12704	22859
12705	22861
12706	22863
12707	22865
12708	22866
12709	22868
12710	22869
12711	22871
12712	22874
12713	22876
12714	22877
12715	22879
12716	22882
12717	22884
12718	22885
12719	22887
12720	22888
12721	22890
12722	22891
12723	22893
12724	22894
12725	22896
12726	22897
12727	22899
12728	22902
12729	22904
12730	22905
12731	22907
12732	22910
12733	22912
12734	22913
12735	22915
12736	22918
12737	22920
12738	22921
12739	22922
12740	22923
12741	22925
12742	22928
12743	22930
12744	22931
12745	22933
12746	22936
12747	22938
12748	22939
12749	22941
12750	22944
12751	22946
12752	22947
12753	22948
12754	22949
12755	22951
12756	22954
12757	22956
12758	22957
12759	22959
12760	22962
12761	22964
12762	22965
12763	22967
12764	22970
12765	22972
12766	22973
12767	22974
12768	22975
12769	22976
12770	22977
12771	22979
12772	22980
12773	22982
12774	22983
12775	22985
12776	22988
12777	22990
12778	22991
12779	22993
12780	22996
12781	22998
12782	22999
12783	23001
12784	23003
12785	23005
12786	23006
12787	23008
12788	23009
12789	23011
12790	23014
12791	23016
12792	23017
12793	23019
12794	23022
12795	23024
12796	23025
12797	23027
12798	23029
12799	23031
12800	23032
12801	23034
12802	23035
12803	23037
12804	23040
12805	23042
12806	23043
12807	23045
12808	23048
12809	23050
12810	23051
12811	23053
12812	23054
12813	23056
12814	23057
12815	23059
12816	23060
12817	23062
12818	23063
12819	23065
12820	23068
12821	23070
12822	23071
12823	23073
12824	23076
12825	23078
12826	23079
12827	23081
12828	23084
12829	23086
12830	23087
12831	23088
12832	23089
12833	23091
12834	23094
12835	23096
12836	23097
12837	23099
12838	23102
12839	23104
12840	23105
12841	23107
12842	23110
12843	23112
12844	23113
12845	23114
12846	23115
12847	23117
12848	23120
12849	23122
12850	23123
12851	23125
12852	23128
12853	23130
12854	23131
12855	23133
12856	23136
12857	23138
12858	23139
12859	23140
12860	23141
12861	23142
12862	23143
12863	23145
12864	23146
12865	23148
12866	23149
12867	23151
12868	23154
12869	23156
12870	23157
12871	23159
12872	23162
12873	23164
12874	23165
12875	23167
12876	23169
12877	23171
12878	23172
12879	23174
12880	23175
12881	23177
12882	23180
12883	23182
12884	23183
12885	23185
12886	23188
12887	23190
12888	23191
12889	23193
12890	23195
12891	23197
12892	23198
12893	23200
12894	23201
12895	23203
12896	23206
12897	23208
12898	23209
12899	23211
12900	23214
12901	23216
12902	23217
12903	23219
12904	23220
12905	23222
12906	23223
12907	23225
12908	23226
12909	23228
12910	23229
12911	23231
12912	23234
12913	23236
12914	23237
12915	23239
12916	23242
12917	23244
12918	23245
12919	23247
12920	23250
12921	23252
12922	23253
12923	23254
12924	23255
12925	23257
12926	23260
12927	23262
12928	23263
12929	23265
12930	23268
12931	23270
12932	23271
12933	23273
12934	23276
12935	23278
12936	23279
12937	23280
12938	23281
12939	23283
12940	23286
12941	23288
12942	23289
12943	23291
12944	23294
12945	23296
12946	23297
12947	23299
12948	23302
12949	23304
12950	23305
12951	23306
12952	23307
12953	23308
12954	23309
12955	23311
12956	23312
12957	23314
12958	23315
12959	23317
12960	23320
12961	23322
12962	23323
12963	23325
12964	23328
12965	23330
12966	23331
12967	23333
12968	23335
12969	23337
12970	23338
12971	23340
12972	23341
12973	23343
12974	23346
12975	23348
12976	23349
12977	23351
12978	23354
12979	23356
12980	23357
12981	23359
12982	23361
12983	23363
12984	23364
12985	23366
12986	23367
12987	23369
12988	23372
12989	23374
12990	23375
12991	23377
12992	23380
12993	23382
12994	23383
12995	23385
12996	23386
12997	23388
12998	23389
12999	23391
13000	23392
13001	23394
13002	23395
13003	23397
13004	23400
13005	23402
13006	23403
13007	23405
13008	23408
13009	23410
13010	23411
13011	23413
13012	23416
13013	23418
13014	23419
13015	23420
13016	23421
13017	23423
13018	23426
13019	23428
13020	23429
13021	23431
13022	23434
13023	23436
13024	23437
13025	23439
13026	23442
13027	23444
13028	23445
13029	23446
13030	23447
13031	23448
13032	23449
13033	23451
13034	23451
13035	23454
13036	23456
13037	23457
13038	23459
13039	23462
13040	23464
13041	23465
13042	23467
13043	23470
13044	23472
13045	23473
13046	23474
13047	23475
13048	23477
13049	23480
13050	23482
13051	23483
13052	23485
13053	23488
13054	23490
13055	23491
13056	23493
13057	23496
13058	23498
13059	23499
13060	23500
13061	23501
13062	23502
13063	23503
13064	23504
13065	23505
13066	23507
13067	23508
13068	23510
13069	23513
13070	23515
13071	23516
13072	23518
13073	23521
13074	23523
13075	23524
13076	23526
13077	23528
13078	23530
13079	23531
13080	23533
13081	23534
13082	23536
13083	23539
13084	23541
13085	23542
13086	23544
13087	23547
13088	23549
13089	23550
13090	23552
13091	23554
13092	23556
13093	23556
13094	23557
13095	23559
13096	23562
13097	23564
13098	23565
13099	23567
13100	23570
13101	23572
13102	23573
13103	23575
13104	23578
13105	23580
13106	23581
13107	23582
13108	23583
13109	23585
13110	23588
13111	23590
13112	23591
13113	23593
13114	23596
13115	23598
13116	23599
13117	23601
13118	23604
13119	23606
13120	23607
13121	23608
13122	23609
13123	23611
13124	23614
13125	23616
13126	23617
13127	23619
13128	23622
13129	23624
13130	23625
13131	23627
13132	23630
13133	23632
13134	23633
13135	23634
13136	23634
13137	23635
13138	23637
13139	23640
13140	23642
13141	23643
13142	23645
13143	23648
13144	23650
13145	23651
13146	23653
13147	23656
13148	23658
13149	23659
13150	23660
13151	23661
13152	23663
13153	23665
13154	23667
13155	23668
13156	23670
13157	23673
13158	23675
13159	23676
13160	23678
13161	23680
13162	23682
13163	23683
13164	23685
13165	23686
13166	23688
13167	23691
13168	23693
13169	23694
13170	23696
13171	23699
13172	23701
13173	23702
13174	23704
13175	23706
13176	23708
13177	23708
13178	23709
13179	23711
13180	23714
13181	23716
13182	23717
13183	23719
13184	23722
13185	23724
13186	23725
13187	23727
13188	23730
13189	23732
13190	23733
13191	23734
13192	23735
13193	23737
13194	23740
13195	23742
13196	23743
13197	23745
13198	23748
13199	23750
13200	23751
13201	23753
13202	23756
13203	23758
13204	23759
13205	23760
13206	23761
13207	23763
13208	23766
13209	23768
13210	23769
13211	23771
13212	23774
13213	23776
13214	23777
13215	23779
13216	23782
13217	23784
13218	23785
13219	23786
13220	23786
13221	23787
13222	23789
13223	23792
13224	23794
13225	23795
13226	23797
13227	23800
13228	23802
13229	23803
13230	23805
13231	23808
13232	23810
13233	23811
13234	23812
13235	23813
13236	23815
13237	23818
13238	23820
13239	23821
13240	23823
13241	23826
13242	23828
13243	23829
13244	23831
13245	23834
13246	23836
13247	23837
13248	23838
13249	23839
13250	23841
13251	23844
13252	23846
13253	23847
13254	23849
13255	23852
13256	23854
13257	23855
13258	23857
13259	23860
13260	23862
13261	23863
13262	23864
13263	23865
13264	23866
13265	23867
13266	23869
13267	23870
13268	23872
13269	23873
13270	23875
13271	23878
13272	23880
13273	23881
13274	23883
13275	23886
13276	23888
13277	23889
13278	23891
13279	23893
13280	23895
13281	23896
13282	23898
13283	23899
13284	23901
13285	23904
13286	23906
13287	23907
13288	23909
13289	23912
13290	23914
13291	23915
13292	23917
13293	23919
13294	23921
13295	23922
13296	23924
13297	23925
13298	23927
13299	23930
13300	23932
13301	23933
13302	23935
13303	23938
13304	23940
13305	23941
13306	23943
13307	23944
13308	23946
13309	23947
13310	23949
13311	23950
13312	23952
13313	23953
13314	23955
13315	23958
13316	23960
13317	23961
13318	23963
13319	23966
13320	23968
13321	23969
13322	23971
13323	23974
13324	23976
13325	23977
13326	23978
13327	23979
13328	23981
13329	23983
13330	23985
13331	23986
13332	23988
13333	23991
13334	23993
13335	23994
13336	23996
13337	23998
13338	24000
13339	24000
13340	24001
13341	24003
13342	24006
13343	24008
13344	24009
13345	24011
13346	24014
13347	24016
13348	24017
13349	24019
13350	24022
13351	24024
13352	24025
13353	24026
13354	24027
13355	24029
13356	24032
13357	24034
13358	24035
13359	24037
13360	24040
13361	24042
13362	24043
13363	24045
13364	24048
13365	24050
13366	24051
13367	24052
13368	24053
13369	24054
13370	24055
13371	24056
13372	24056
13373	24057
13374	24059
13375	24062
13376	24064
13377	24065
13378	24067
13379	24070
13380	24072
13381	24073
13382	24075
13383	24078
13384	24080
13385	24081
13386	24082
13387	24083
13388	24085
13389	24088
13390	24090
13391	24091
13392	24093
13393	24096
13394	24098
13395	24099
13396	24101
13397	24104
13398	24106
13399	24107
13400	24108
13401	24109
13402	24111
13403	24114
13404	24116
13405	24117
13406	24119
13407	24122
13408	24124
13409	24125
13410	24127
13411	24130
13412	24132
13413	24133
13414	24134
13415	24135
13416	24136
13417	24137
13418	24139
13419	24140
13420	24142
13421	24143
13422	24145
13423	24148
13424	24150
13425	24151
13426	24153
13427	24156
13428	24158
13429	24159
13430	24161
13431	24163
13432	24165
13433	24166
13434	24168
13435	24169
13436	24171
13437	24174
13438	24176
13439	24177
13440	24179
13441	24182
13442	24184
13443	24185
13444	24187
13445	24189
13446	24191
13447	24192
13448	24194
13449	24195
13450	24197
13451	24200
13452	24202
13453	24203
13454	24205
13455	24208
13456	24210
13457	24211
13458	24213
13459	24214
13460	24216
13461	24217
13462	24219
13463	24220
13464	24222
13465	24223
13466	24224
13467	24225
13468	24227
13469	24230
13470	24232
13471	24233
13472	24235
13473	24238
13474	24240
13475	24241
13476	24243
13477	24246
13478	24248
13479	24249
13480	24250
13481	24251
13482	24253
13483	24256
13484	24258
13485	24259
13486	24261
13487	24264
13488	24266
13489	24267
13490	24269
13491	24272
13492	24274
13493	24275
13494	24276
13495	24277
13496	24278
13497	24279
13498	24280
13499	24281
13500	24283
13501	24284
13502	24286
13503	24289
13504	24291
13505	24292
13506	24294
13507	24297
13508	24299
13509	24300
13510	24302
13511	24304
13512	24306
13513	24307
13514	24309
13515	24310
13516	24312
13517	24315
13518	24317
13519	24318
13520	24320
13521	24323
13522	24325
13523	24326
13524	24328
13525	24330
13526	24332
13527	24332
13528	24333
13529	24335
13530	24338
13531	24340
13532	24341
13533	24343
13534	24346
13535	24348
13536	24349
13537	24351
13538	24354
13539	24356
13540	24357
13541	24358
13542	24359
13543	24361
13544	24364
13545	24366
13546	24367
13547	24369
13548	24372
13549	24374
13550	24375
13551	24377
13552	24380
13553	24382
13554	24383
13555	24384
13556	24385
13557	24387
13558	24390
13559	24392
13560	24393
13561	24395
13562	24398
13563	24400
13564	24401
13565	24403
13566	24406
13567	24408
13568	24409
13569	24410
13570	24410
13571	24411
13572	24413
13573	24416
13574	24418
13575	24419
13576	24421
13577	24424
13578	24426
13579	24427
13580	24429
13581	24432
13582	24434
13583	24435
13584	24436
13585	24437
13586	24439
13587	24442
13588	24444
13589	24445
13590	24447
13591	24450
13592	24452
13593	24453
13594	24455
13595	24458
13596	24460
13597	24461
13598	24462
13599	24463
13600	24465
13601	24468
13602	24470
13603	24471
13604	24473
13605	24476
13606	24478
13607	24479
13608	24481
13609	24484
13610	24486
13611	24487
13612	24488
13613	24489
13614	24490
13615	24491
13616	24493
13617	24494
13618	24496
13619	24497
13620	24499
13621	24502
13622	24504
13623	24505
13624	24507
13625	24510
13626	24512
13627	24513
13628	24515
13629	24517
13630	24519
13631	24520
13632	24522
13633	24523
13634	24525
13635	24528
13636	24530
13637	24531
13638	24533
13639	24536
13640	24538
13641	24539
13642	24541
13643	24543
13644	24545
13645	24546
13646	24548
13647	24549
13648	24551
13649	24554
13650	24556
13651	24557
13652	24559
13653	24562
13654	24564
13655	24565
13656	24567
13657	24568
13658	24570
13659	24571
13660	24573
13661	24574
13662	24576
13663	24577
13664	24579
13665	24582
13666	24584
13667	24585
13668	24587
13669	24590
13670	24592
13671	24593
13672	24595
13673	24598
13674	24600
13675	24601
13676	24602
13677	24603
13678	24605
13679	24608
13680	24610
13681	24611
13682	24613
13683	24616
13684	24618
13685	24619
13686	24621
13687	24624
13688	24626
13689	24627
13690	24628
13691	24629
13692	24631
13693	24634
13694	24636
13695	24637
13696	24639
13697	24642
13698	24644
13699	24645
13700	24647
13701	24650
13702	24652
13703	24653
13704	24654
13705	24655
13706	24656
13707	24657
13708	24659
13709	24660
13710	24662
13711	24663
13712	24665
13713	24668
13714	24670
13715	24671
13716	24673
13717	24676
13718	24678
13719	24679
13720	24681
13721	24683
13722	24685
13723	24686
13724	24688
13725	24689
13726	24691
13727	24694
13728	24696
13729	24697
13730	24699
13731	24702
13732	24704
13733	24705
13734	24707
13735	24709
13736	24711
13737	24712
13738	24714
13739	24715
13740	24717
13741	24720
13742	24722
13743	24723
13744	24725
13745	24728
13746	24730
13747	24731
13748	24733
13749	24734
13750	24736
13751	24737
13752	24739
13753	24740
13754	24742
13755	24743
13756	24745
13757	24748
13758	24750
13759	24751
13760	24753
13761	24756
13762	24758
13763	24759
13764	24761
13765	24764
13766	24766
13767	24767
13768	24768
13769	24769
13770	24771
13771	24774
13772	24776
13773	24777
13774	24779
13775	24782
13776	24784
13777	24785
13778	24787
13779	24790
13780	24792
13781	24793
13782	24794
13783	24795
13784	24797
13785	24800
13786	24802
13787	24803
13788	24805
13789	24808
13790	24810
13791	24811
13792	24813
13793	24816
13794	24818
13795	24819
13796	24820
13797	24821
13798	24822
13799	24823
13800	24825
13801	24826
13802	24828
13803	24829
13804	24831
13805	24834
13806	24836
13807	24837
13808	24839
13809	24842
13810	24844
13811	24845
13812	24847
13813	24849
13814	24851
13815	24852
13816	24854
13817	24855
13818	24857
13819	24860
13820	24862
13821	24863
13822	24865
13823	24868
13824	24870
13825	24871
13826	24873
13827	24875
13828	24877
13829	24878
13830	24880
13831	24881
13832	24883
13833	24886
13834	24888
13835	24889
13836	24891
13837	24894
13838	24896
13839	24897
13840	24899
13841	24900
13842	24902
13843	24903
13844	24905
13845	24906
13846	24908
13847	24909
13848	24910
13849	24911
13850	24913
13851	24916
13852	24918
13853	24919
13854	24921
13855	24924
13856	24926
13857	24927
13858	24929
13859	24932
13860	24934
13861	24935
13862	24936
13863	24937
13864	24939
13865	24942
13866	24944
13867	24945
13868	24947
13869	24950
13870	24952
13871	24953
13872	24955
13873	24958
13874	24960
13875	24961
13876	24962
13877	24963
13878	24965
13879	24968
13880	24970
13881	24971
13882	24973
13883	24976
13884	24978
13885	24979
13886	24981
13887	24984
13888	24986
13889	24987
13890	24988
13891	24988
13892	24989
13893	24991
13894	24994
13895	24996
13896	24997
13897	24999
13898	25002
13899	25004
13900	25005
13901	25007
13902	25010
13903	25012
13904	25013
13905	25014
13906	25015
13907	25017
13908	25020
13909	25022
13910	25023
13911	25025
13912	25028
13913	25030
13914	25031
13915	25033
13916	25036
13917	25038
13918	25039
13919	25040
13920	25041
13921	25043
13922	25046
13923	25048
13924	25049
13925	25051
13926	25054
13927	25056
13928	25057
13929	25059
13930	25062
13931	25064
13932	25065
13933	25066
13934	25067
13935	25068
13936	25069
13937	25071
13938	25072
13939	25074
13940	25075
13941	25077
13942	25080
13943	25082
13944	25083
13945	25085
13946	25088
13947	25090
13948	25091
13949	25093
13950	25095
13951	25097
13952	25098
13953	25100
13954	25101
13955	25103
13956	25106
13957	25108
13958	25109
13959	25111
13960	25114
13961	25116
13962	25117
13963	25119
13964	25121
13965	25123
13966	25124
13967	25126
13968	25127
13969	25129
13970	25132
13971	25134
13972	25135
13973	25137
13974	25140
13975	25142
13976	25143
13977	25145
13978	25146
13979	25148
13980	25149
13981	25151
13982	25152
13983	25154
13984	25155
13985	25157
13986	25160
13987	25162
13988	25163
13989	25165
13990	25168
13991	25170
13992	25171
13993	25173
13994	25176
13995	25178
13996	25179
13997	25180
13998	25181
13999	25183
14000	25186
14001	25188
14002	25189
14003	25191
14004	25194
14005	25196
14006	25197
14007	25199
14008	25202
14009	25204
14010	25205
14011	25206
14012	25207
14013	25209
14014	25212
14015	25214
14016	25215
14017	25217
14018	25220
14019	25222
14020	25223
14021	25225
14022	25228
14023	25230
14024	25231
14025	25232
14026	25233
14027	25234
14028	25235
14029	25237
14030	25238
14031	25240
14032	25241
14033	25243
14034	25246
14035	25248
14036	25249
14037	25251
14038	25254
14039	25256
14040	25257
14041	25259
14042	25261
14043	25263
14044	25264
14045	25266
14046	25267
14047	25269
14048	25272
14049	25274
14050	25275
14051	25277
14052	25280
14053	25282
14054	25283
14055	25285
14056	25287
14057	25289
14058	25290
14059	25292
14060	25293
14061	25295
14062	25298
14063	25300
14064	25301
14065	25303
14066	25306
14067	25308
14068	25309
14069	25311
14070	25312
14071	25314
14072	25315
14073	25317
14074	25318
14075	25320
14076	25321
14077	25323
14078	25326
14079	25328
14080	25329
14081	25331
14082	25334
14083	25336
14084	25337
14085	25339
14086	25342
14087	25344
14088	25345
14089	25346
14090	25347
14091	25349
14092	25352
14093	25354
14094	25355
14095	25357
14096	25360
14097	25362
14098	25363
14099	25365
14100	25368
14101	25370
14102	25371
14103	25372
14104	25373
14105	25375
14106	25378
14107	25380
14108	25381
14109	25383
14110	25386
14111	25388
14112	25389
14113	25391
14114	25394
14115	25396
14116	25397
14117	25398
14118	25399
14119	25400
14120	25401
14121	25403
14122	25404
14123	25406
14124	25407
14125	25409
14126	25412
14127	25414
14128	25415
14129	25417
14130	25420
14131	25422
14132	25423
14133	25425
14134	25427
14135	25429
14136	25430
14137	25432
14138	25433
14139	25435
14140	25438
14141	25440
14142	25441
14143	25443
14144	25446
14145	25448
14146	25449
14147	25451
14148	25453
14149	25455
14150	25456
14151	25458
14152	25459
14153	25461
14154	25464
14155	25466
14156	25467
14157	25469
14158	25472
14159	25474
14160	25475
14161	25477
14162	25478
14163	25480
14164	25481
14165	25483
14166	25484
14167	25486
14168	25487
14169	25489
14170	25492
14171	25494
14172	25495
14173	25497
14174	25500
14175	25502
14176	25503
14177	25505
14178	25508
14179	25510
14180	25511
14181	25512
14182	25513
14183	25514
14184	25515
14185	25517
14186	25518
14187	25520
14188	25521
14189	25523
14190	25526
14191	25528
14192	25529
14193	25531
14194	25534
14195	25536
14196	25537
14197	25539
14198	25541
14199	25543
14200	25544
14201	25546
14202	25547
14203	25549
14204	25552
14205	25554
14206	25555
14207	25557
14208	25560
14209	25562
14210	25563
14211	25565
14212	25567
14213	25569
14214	25570
14215	25572
14216	25573
14217	25575
14218	25578
14219	25580
14220	25581
14221	25583
14222	25586
14223	25588
14224	25589
14225	25591
14226	25592
14227	25594
14228	25595
14229	25597
14230	25598
14231	25600
14232	25601
14233	25603
14234	25606
14235	25608
14236	25609
14237	25611
14238	25614
14239	25616
14240	25617
14241	25619
14242	25622
14243	25624
14244	25625
14245	25626
14246	25627
14247	25629
14248	25632
14249	25634
14250	25635
14251	25637
14252	25640
14253	25642
14254	25643
14255	25645
14256	25648
14257	25650
14258	25651
14259	25652
14260	25653
14261	25655
14262	25658
14263	25660
14264	25661
14265	25663
14266	25666
14267	25668
14268	25669
14269	25671
14270	25674
14271	25676
14272	25677
14273	25678
14274	25679
14275	25680
14276	25681
14277	25683
14278	25684
14279	25686
14280	25687
14281	25689
14282	25692
14283	25694
14284	25695
14285	25697
14286	25700
14287	25702
14288	25703
14289	25705
14290	25707
14291	25709
14292	25710
14293	25712
14294	25713
14295	25715
14296	25718
14297	25720
14298	25721
14299	25723
14300	25726
14301	25728
14302	25729
14303	25731
14304	25733
14305	25735
14306	25736
14307	25738
14308	25739
14309	25741
14310	25744
14311	25746
14312	25747
14313	25749
14314	25752
14315	25754
14316	25755
14317	25757
14318	25758
14319	25760
14320	25761
14321	25763
14322	25764
14323	25766
14324	25767
14325	25769
14326	25772
14327	25774
14328	25775
14329	25777
14330	25780
14331	25782
14332	25783
14333	25785
14334	25788
14335	25790
14336	25791
14337	25792
14338	25793
14339	25795
14340	25798
14341	25800
14342	25801
14343	25803
14344	25806
14345	25808
14346	25809
14347	25811
14348	25814
14349	25816
14350	25817
14351	25818
14352	25819
14353	25821
14354	25824
14355	25826
14356	25827
14357	25829
14358	25832
14359	25834
14360	25835
14361	25837
14362	25840
14363	25842
14364	25843
14365	25844
14366	25845
14367	25846
14368	25847
14369	25849
14370	25850
14371	25852
14372	25853
14373	25855
14374	25858
14375	25860
14376	25861
14377	25863
14378	25866
14379	25868
14380	25869
14381	25871
14382	25873
14383	25875
14384	25875
14385	25876
14386	25878
14387	25881
14388	25883
14389	25884
14390	25886
14391	25889
14392	25891
14393	25892
14394	25894
14395	25897
14396	25899
14397	25900
14398	25901
14399	25902
14400	25904
14401	25907
14402	25909
14403	25910
14404	25912
14405	25915
14406	25917
14407	25918
14408	25920
14409	25923
14410	25925
14411	25926
14412	25927
14413	25928
14414	25930
14415	25933
14416	25935
14417	25936
14418	25938
14419	25941
14420	25943
14421	25944
14422	25946
14423	25949
14424	25951
14425	25952
14426	25953
14427	25953
14428	25954
14429	25956
14430	25959
14431	25961
14432	25962
14433	25964
14434	25967
14435	25969
14436	25970
14437	25972
14438	25975
14439	25977
14440	25978
14441	25979
14442	25980
14443	25982
14444	25985
14445	25987
14446	25988
14447	25990
14448	25993
14449	25995
14450	25996
14451	25998
14452	26001
14453	26003
14454	26004
14455	26005
14456	26006
14457	26008
14458	26011
14459	26013
14460	26014
14461	26016
14462	26019
14463	26021
14464	26022
14465	26024
14466	26027
14467	26029
14468	26030
14469	26031
14470	26032
14471	26033
14472	26034
14473	26036
14474	26037
14475	26039
14476	26040
14477	26042
14478	26045
14479	26047
14480	26048
14481	26050
14482	26053
14483	26055
14484	26056
14485	26058
14486	26060
14487	26062
14488	26063
14489	26065
14490	26066
14491	26068
14492	26071
14493	26073
14494	26074
14495	26076
14496	26079
14497	26081
14498	26082
14499	26084
14500	26086
14501	26088
14502	26089
14503	26091
14504	26092
14505	26094
14506	26097
14507	26099
14508	26100
14509	26102
14510	26105
14511	26107
14512	26108
14513	26110
14514	26111
14515	26113
14516	26113
14517	26114
14518	26116
14519	26117
14520	26119
14521	26120
14522	26122
14523	26125
14524	26127
14525	26128
14526	26130
14527	26133
14528	26135
14529	26136
14530	26138
14531	26140
14532	26142
14533	26143
14534	26145
14535	26146
14536	26148
14537	26151
14538	26153
14539	26154
14540	26156
14541	26159
14542	26161
14543	26162
14544	26164
14545	26166
14546	26168
14547	26169
14548	26171
14549	26172
14550	26174
14551	26177
14552	26179
14553	26180
14554	26182
14555	26185
14556	26187
14557	26188
14558	26190
14559	26191
14560	26193
14561	26193
14562	26193
14563	26194
14564	26196
14565	26199
14566	26201
14567	26202
14568	26204
14569	26207
14570	26209
14571	26210
14572	26212
14573	26215
14574	26217
14575	26218
14576	26219
14577	26220
14578	26221
14579	26222
14580	26223
14581	26224
14582	26226
14583	26227
14584	26229
14585	26232
14586	26234
14587	26235
14588	26237
14589	26240
14590	26242
14591	26243
14592	26245
14593	26247
14594	26249
14595	26250
14596	26252
14597	26253
14598	26255
14599	26258
14600	26260
14601	26261
14602	26263
14603	26266
14604	26268
14605	26269
14606	26271
14607	26273
14608	26275
14609	26275
14610	26276
14611	26278
14612	26281
14613	26283
14614	26284
14615	26286
14616	26289
14617	26291
14618	26292
14619	26294
14620	26297
14621	26299
14622	26300
14623	26301
14624	26302
14625	26304
14626	26307
14627	26309
14628	26310
14629	26312
14630	26315
14631	26317
14632	26318
14633	26320
14634	26323
14635	26325
14636	26326
14637	26327
14638	26328
14639	26330
14640	26333
14641	26335
14642	26336
14643	26338
14644	26341
14645	26343
14646	26344
14647	26346
14648	26349
14649	26351
14650	26352
14651	26353
14652	26353
14653	26354
14654	26356
14655	26359
14656	26361
14657	26362
14658	26364
14659	26367
14660	26369
14661	26370
14662	26372
14663	26375
14664	26377
14665	26378
14666	26379
14667	26380
14668	26382
14669	26385
14670	26387
14671	26388
14672	26390
14673	26393
14674	26395
14675	26396
14676	26398
14677	26401
14678	26403
14679	26404
14680	26405
14681	26406
14682	26407
14683	26408
14684	26410
14685	26411
14686	26413
14687	26414
14688	26416
14689	26419
14690	26421
14691	26422
14692	26424
14693	26427
14694	26429
14695	26430
14696	26432
14697	26434
14698	26436
14699	26436
14700	26436
14701	26438
14702	26439
14703	26441
14704	26442
14705	26444
14706	26445
14707	26446
14708	26446
14709	26449
14710	26451
14711	26452
14712	26454
14713	26455
14714	26457
14715	26460
14716	26462
14717	26463
14718	26465
14719	26468
14720	26470
14721	26471
14722	26473
14723	26476
14724	26478
14725	26479
14726	26480
14727	26481
14728	26483
14729	26486
14730	26488
14731	26489
14732	26491
14733	26494
14734	26496
14735	26497
14736	26499
14737	26502
14738	26504
14739	26505
14740	26506
14741	26507
14742	26509
14743	26512
14744	26514
14745	26515
14746	26517
14747	26520
14748	26522
14749	26523
14750	26525
14751	26528
14752	26530
14753	26531
14754	26532
14755	26533
14756	26534
14757	26535
14758	26537
14759	26538
14760	26540
14761	26541
14762	26543
14763	26546
14764	26548
14765	26549
14766	26551
14767	26554
14768	26556
14769	26557
14770	26559
14771	26561
14772	26563
14773	26563
14774	26564
14775	26566
14776	26569
14777	26571
14778	26572
14779	26574
14780	26577
14781	26579
14782	26580
14783	26582
14784	26585
14785	26587
14786	26588
14787	26589
14788	26590
14789	26592
14790	26595
14791	26597
14792	26598
14793	26600
14794	26603
14795	26605
14796	26606
14797	26608
14798	26611
14799	26613
14800	26614
14801	26615
14802	26616
14803	26618
14804	26621
14805	26623
14806	26624
14807	26626
14808	26629
14809	26631
14810	26632
14811	26634
14812	26637
14813	26639
14814	26640
14815	26641
14816	26641
14817	26642
14818	26644
14819	26647
14820	26649
14821	26650
14822	26652
14823	26655
14824	26657
14825	26658
14826	26660
14827	26663
14828	26665
14829	26666
14830	26667
14831	26668
14832	26670
14833	26673
14834	26675
14835	26676
14836	26678
14837	26681
14838	26683
14839	26684
14840	26686
14841	26689
14842	26691
14843	26692
14844	26693
14845	26694
14846	26696
14847	26699
14848	26701
14849	26702
14850	26704
14851	26707
14852	26709
14853	26710
14854	26712
14855	26715
14856	26717
14857	26718
14858	26719
14859	26720
14860	26721
14861	26722
14862	26724
14863	26725
14864	26727
14865	26728
14866	26730
14867	26733
14868	26735
14869	26736
14870	26738
14871	26741
14872	26743
14873	26744
14874	26746
14875	26748
14876	26750
14877	26750
14878	26751
14879	26753
14880	26756
14881	26758
14882	26759
14883	26761
14884	26764
14885	26766
14886	26767
14887	26769
14888	26772
14889	26774
14890	26775
14891	26776
14892	26777
14893	26779
14894	26782
14895	26784
14896	26785
14897	26787
14898	26790
14899	26792
14900	26793
14901	26795
14902	26798
14903	26800
14904	26801
14905	26802
14906	26803
14907	26805
14908	26808
14909	26810
14910	26811
14911	26813
14912	26816
14913	26818
14914	26819
14915	26821
14916	26824
14917	26826
14918	26827
14919	26828
14920	26828
14921	26829
14922	26831
14923	26834
14924	26836
14925	26837
14926	26839
14927	26842
14928	26844
14929	26845
14930	26847
14931	26850
14932	26852
14933	26853
14934	26854
14935	26855
14936	26857
14937	26860
14938	26862
14939	26863
14940	26865
14941	26868
14942	26870
14943	26871
14944	26873
14945	26876
14946	26878
14947	26879
14948	26880
14949	26881
14950	26883
14951	26886
14952	26888
14953	26889
14954	26891
14955	26894
14956	26896
14957	26897
14958	26899
14959	26902
14960	26904
14961	26905
14962	26906
14963	26907
14964	26908
14965	26909
14966	26911
14967	26912
14968	26914
14969	26915
14970	26917
14971	26920
14972	26922
14973	26923
14974	26925
14975	26928
14976	26930
14977	26931
14978	26933
14979	26935
14980	26937
14981	26938
14982	26940
14983	26941
14984	26943
14985	26946
14986	26948
14987	26949
14988	26951
14989	26954
14990	26956
14991	26957
14992	26959
14993	26961
14994	26963
14995	26964
14996	26966
14997	26967
14998	26969
14999	26972
15000	26974
15001	26975
15002	26977
15003	26980
15004	26982
15005	26983
15006	26985
15007	26986
15008	26988
15009	26988
15010	26989
15011	26990
15012	26991
15013	26993
15014	26994
15015	26996
15016	26999
15017	27001
15018	27002
15019	27004
15020	27007
15021	27009
15022	27010
15023	27012
15024	27014
15025	27016
15026	27016
15027	27017
15028	27019
15029	27022
15030	27024
15031	27025
15032	27027
15033	27030
15034	27032
15035	27033
15036	27035
15037	27038
15038	27040
15039	27041
15040	27042
15041	27043
15042	27045
15043	27048
15044	27050
15045	27051
15046	27053
15047	27056
15048	27058
15049	27059
15050	27061
15051	27064
15052	27066
15053	27067
15054	27068
15055	27069
15056	27071
15057	27074
15058	27076
15059	27077
15060	27079
15061	27082
15062	27084
15063	27085
15064	27087
15065	27090
15066	27092
15067	27093
15068	27094
15069	27094
15070	27095
15071	27096
15072	27097
15073	27098
15074	27099
15075	27101
15076	27102
15077	27104
15078	27105
15079	27107
15080	27110
15081	27112
15082	27113
15083	27115
15084	27118
15085	27120
15086	27121
15087	27123
15088	27126
15089	27128
15090	27129
15091	27130
15092	27131
15093	27133
15094	27136
15095	27138
15096	27139
15097	27141
15098	27144
15099	27146
15100	27147
15101	27149
15102	27152
15103	27154
15104	27155
15105	27156
15106	27157
15107	27158
15108	27159
15109	27161
15110	27162
15111	27164
15112	27165
15113	27167
15114	27170
15115	27172
15116	27173
15117	27175
15118	27178
15119	27180
15120	27181
15121	27183
15122	27185
15123	27187
15124	27188
15125	27190
15126	27191
15127	27193
15128	27196
15129	27198
15130	27199
15131	27201
15132	27204
15133	27206
15134	27207
15135	27209
15136	27211
15137	27213
15138	27214
15139	27216
15140	27217
15141	27219
15142	27222
15143	27224
15144	27225
15145	27227
15146	27230
15147	27232
15148	27233
15149	27235
15150	27236
15151	27238
15152	27239
15153	27241
15154	27242
15155	27244
15156	27245
15157	27246
15158	27247
15159	27249
15160	27252
15161	27254
15162	27255
15163	27257
15164	27260
15165	27262
15166	27263
15167	27265
15168	27268
15169	27270
15170	27271
15171	27272
15172	27273
15173	27275
15174	27278
15175	27280
15176	27281
15177	27283
15178	27286
15179	27288
15180	27289
15181	27291
15182	27294
15183	27296
15184	27297
15185	27298
15186	27299
15187	27301
15188	27304
15189	27306
15190	27307
15191	27309
15192	27312
15193	27314
15194	27315
15195	27317
15196	27320
15197	27322
15198	27323
15199	27324
15200	27324
15201	27325
15202	27327
15203	27330
15204	27332
15205	27333
15206	27335
15207	27338
15208	27340
15209	27341
15210	27343
15211	27346
15212	27348
15213	27349
15214	27350
15215	27351
15216	27353
15217	27356
15218	27358
15219	27359
15220	27361
15221	27364
15222	27366
15223	27367
15224	27369
15225	27372
15226	27374
15227	27375
15228	27376
15229	27377
15230	27379
15231	27382
15232	27384
15233	27385
15234	27387
15235	27390
15236	27392
15237	27393
15238	27395
15239	27398
15240	27400
15241	27401
15242	27402
15243	27403
15244	27404
15245	27405
15246	27407
15247	27408
15248	27410
15249	27411
15250	27413
15251	27416
15252	27418
15253	27419
15254	27421
15255	27424
15256	27426
15257	27427
15258	27429
15259	27431
15260	27433
15261	27434
15262	27436
15263	27437
15264	27439
15265	27442
15266	27444
15267	27445
15268	27447
15269	27450
15270	27452
15271	27453
15272	27455
15273	27457
15274	27459
15275	27460
15276	27462
15277	27463
15278	27465
15279	27468
15280	27470
15281	27471
15282	27473
15283	27476
15284	27478
15285	27479
15286	27481
15287	27482
15288	27484
15289	27485
15290	27487
15291	27488
15292	27490
15293	27491
15294	27493
15295	27496
15296	27498
15297	27499
15298	27501
15299	27504
15300	27506
15301	27507
15302	27509
15303	27512
15304	27514
15305	27515
15306	27516
15307	27517
15308	27519
15309	27522
15310	27524
15311	27525
15312	27527
15313	27530
15314	27532
15315	27533
15316	27535
15317	27538
15318	27540
15319	27541
15320	27542
15321	27543
15322	27545
15323	27548
15324	27550
15325	27551
15326	27553
15327	27556
15328	27558
15329	27559
15330	27561
15331	27564
15332	27566
15333	27567
15334	27568
15335	27569
15336	27570
15337	27571
15338	27573
15339	27573
15340	27576
15341	27578
15342	27579
15343	27581
15344	27584
15345	27586
15346	27587
15347	27589
15348	27592
15349	27594
15350	27595
15351	27596
15352	27597
15353	27599
15354	27602
15355	27604
15356	27605
15357	27607
15358	27610
15359	27612
15360	27613
15361	27615
15362	27618
15363	27620
15364	27621
15365	27622
15366	27623
15367	27624
15368	27624
15369	27625
15370	27627
15371	27630
15372	27632
15373	27633
15374	27635
15375	27638
15376	27640
15377	27641
15378	27643
15379	27646
15380	27648
15381	27649
15382	27650
15383	27651
15384	27653
15385	27656
15386	27658
15387	27659
15388	27661
15389	27664
15390	27666
15391	27667
15392	27669
15393	27672
15394	27674
15395	27675
15396	27676
15397	27677
15398	27679
15399	27682
15400	27684
15401	27685
15402	27687
15403	27690
15404	27692
15405	27693
15406	27695
15407	27698
15408	27700
15409	27701
15410	27702
15411	27703
15412	27704
15413	27705
15414	27707
15415	27708
15416	27710
15417	27711
15418	27713
15419	27716
15420	27718
15421	27719
15422	27721
15423	27724
15424	27726
15425	27727
15426	27729
15427	27731
15428	27733
15429	27734
15430	27736
15431	27737
15432	27739
15433	27742
15434	27744
15435	27745
15436	27747
15437	27750
15438	27752
15439	27753
15440	27755
15441	27757
15442	27759
15443	27760
15444	27762
15445	27763
15446	27765
15447	27768
15448	27770
15449	27771
15450	27773
15451	27776
15452	27778
15453	27779
15454	27781
15455	27782
15456	27784
15457	27785
15458	27787
15459	27788
15460	27790
15461	27791
15462	27792
15463	27793
15464	27794
15465	27795
15466	27797
15467	27798
15468	27800
15469	27801
15470	27803
15471	27806
15472	27808
15473	27809
15474	27811
15475	27814
15476	27816
15477	27817
15478	27819
15479	27822
15480	27824
15481	27825
15482	27826
15483	27827
15484	27829
15485	27832
15486	27834
15487	27835
15488	27837
15489	27840
15490	27842
15491	27843
15492	27845
15493	27848
15494	27850
15495	27851
15496	27852
15497	27853
15498	27855
15499	27858
15500	27860
15501	27861
15502	27863
15503	27866
15504	27868
15505	27869
15506	27871
15507	27874
15508	27876
15509	27877
15510	27878
15511	27879
15512	27880
15513	27881
15514	27883
15515	27884
15516	27886
15517	27887
15518	27889
15519	27892
15520	27894
15521	27895
15522	27897
15523	27900
15524	27902
15525	27903
15526	27905
15527	27907
15528	27909
15529	27910
15530	27912
15531	27913
15532	27915
15533	27918
15534	27920
15535	27921
15536	27923
15537	27926
15538	27928
15539	27929
15540	27931
15541	27933
15542	27935
15543	27936
15544	27938
15545	27939
15546	27941
15547	27944
15548	27946
15549	27947
15550	27949
15551	27952
15552	27954
15553	27955
15554	27957
15555	27958
15556	27960
15557	27961
15558	27963
15559	27964
15560	27966
15561	27967
15562	27968
15563	27969
15564	27971
15565	27974
15566	27976
15567	27977
15568	27979
15569	27982
15570	27984
15571	27985
15572	27987
15573	27990
15574	27992
15575	27993
15576	27994
15577	27995
15578	27997
15579	28000
15580	28002
15581	28003
15582	28005
15583	28008
15584	28010
15585	28011
15586	28013
15587	28016
15588	28018
15589	28019
15590	28020
15591	28021
15592	28023
15593	28026
15594	28028
15595	28029
15596	28031
15597	28034
15598	28036
15599	28037
15600	28039
15601	28042
15602	28044
15603	28045
15604	28046
15605	28046
15606	28047
15607	28049
15608	28052
15609	28054
15610	28055
15611	28057
15612	28060
15613	28062
15614	28063
15615	28065
15616	28068
15617	28070
15618	28071
15619	28072
15620	28073
15621	28075
15622	28078
15623	28080
15624	28081
15625	28083
15626	28086
15627	28088
15628	28089
15629	28091
15630	28094
15631	28096
15632	28097
15633	28098
15634	28099
15635	28101
15636	28104
15637	28106
15638	28107
15639	28109
15640	28112
15641	28114
15642	28115
15643	28117
15644	28120
15645	28122
15646	28123
15647	28124
15648	28125
15649	28126
15650	28127
15651	28129
15652	28130
15653	28132
15654	28133
15655	28135
15656	28138
15657	28140
15658	28141
15659	28143
15660	28146
15661	28148
15662	28149
15663	28151
15664	28153
15665	28155
15666	28156
15667	28158
15668	28159
15669	28161
15670	28164
15671	28166
15672	28167
15673	28169
15674	28172
15675	28174
15676	28175
15677	28177
15678	28179
15679	28181
15680	28182
15681	28184
15682	28185
15683	28187
15684	28190
15685	28192
15686	28193
15687	28195
15688	28198
15689	28200
15690	28201
15691	28203
15692	28204
15693	28206
15694	28207
15695	28209
15696	28210
15697	28212
15698	28213
15699	28215
15700	28218
15701	28220
15702	28221
15703	28223
15704	28226
15705	28228
15706	28229
15707	28231
15708	28234
15709	28236
15710	28237
15711	28238
15712	28239
15713	28240
15714	28241
15715	28243
15716	28244
15717	28246
15718	28247
15719	28249
15720	28252
15721	28254
15722	28255
15723	28257
15724	28260
15725	28262
15726	28263
15727	28265
15728	28267
15729	28269
15730	28270
15731	28272
15732	28273
15733	28275
15734	28278
15735	28280
15736	28281
15737	28283
15738	28286
15739	28288
15740	28289
15741	28291
15742	28293
15743	28295
15744	28296
15745	28298
15746	28299
15747	28301
15748	28304
15749	28306
15750	28307
15751	28309
15752	28312
15753	28314
15754	28315
15755	28317
15756	28318
15757	28320
15758	28321
15759	28323
15760	28324
15761	28326
15762	28327
15763	28329
15764	28332
15765	28334
15766	28335
15767	28337
15768	28340
15769	28342
15770	28343
15771	28345
15772	28348
15773	28350
15774	28351
15775	28352
15776	28353
15777	28355
15778	28358
15779	28360
15780	28361
15781	28363
15782	28366
15783	28368
15784	28369
15785	28371
15786	28374
15787	28376
15788	28377
15789	28378
15790	28379
15791	28380
15792	28381
15793	28382
15794	28383
15795	28385
15796	28386
15797	28388
15798	28391
15799	28393
15800	28394
15801	28396
15802	28399
15803	28401
15804	28402
15805	28404
15806	28406
15807	28408
15808	28409
15809	28411
15810	28412
15811	28414
15812	28417
15813	28419
15814	28420
15815	28422
15816	28425
15817	28427
15818	28428
15819	28430
15820	28432
15821	28434
15822	28434
15823	28435
15824	28436
15825	28437
15826	28439
15827	28440
15828	28442
15829	28443
15830	28445
15831	28448
15832	28450
15833	28451
15834	28453
15835	28456
15836	28458
15837	28459
15838	28461
15839	28464
15840	28466
15841	28467
15842	28468
15843	28469
15844	28471
15845	28474
15846	28476
15847	28477
15848	28479
15849	28482
15850	28484
15851	28485
15852	28487
15853	28490
15854	28492
15855	28493
15856	28494
15857	28495
15858	28497
15859	28500
15860	28502
15861	28503
15862	28505
15863	28508
15864	28510
15865	28511
15866	28513
15867	28516
15868	28518
15869	28519
15870	28520
15871	28521
15872	28522
15873	28523
15874	28525
15875	28526
15876	28528
15877	28529
15878	28531
15879	28534
15880	28536
15881	28537
15882	28539
15883	28542
15884	28544
15885	28545
15886	28547
15887	28549
15888	28551
15889	28552
15890	28554
15891	28555
15892	28557
15893	28560
15894	28562
15895	28563
15896	28565
15897	28568
15898	28570
15899	28571
15900	28573
15901	28575
15902	28577
15903	28578
15904	28580
15905	28581
15906	28583
15907	28586
15908	28588
15909	28589
15910	28591
15911	28594
15912	28596
15913	28597
15914	28599
15915	28600
15916	28602
15917	28603
15918	28605
15919	28606
15920	28608
15921	28609
15922	28610
15923	28610
15924	28613
15925	28615
15926	28616
15927	28618
15928	28619
15929	28621
15930	28624
15931	28626
15932	28627
15933	28629
15934	28632
15935	28634
15936	28635
15937	28637
15938	28640
15939	28642
15940	28643
15941	28644
15942	28645
15943	28647
15944	28650
15945	28652
15946	28653
15947	28655
15948	28658
15949	28660
15950	28661
15951	28663
15952	28666
15953	28668
15954	28669
15955	28670
15956	28671
15957	28673
15958	28676
15959	28678
15960	28679
15961	28681
15962	28684
15963	28686
15964	28687
15965	28689
15966	28692
15967	28694
15968	28695
15969	28696
15970	28697
15971	28698
15972	28699
15973	28701
15974	28702
15975	28704
15976	28705
15977	28707
15978	28710
15979	28712
15980	28713
15981	28715
15982	28718
15983	28720
15984	28721
15985	28723
15986	28725
15987	28727
15988	28728
15989	28730
15990	28731
15991	28733
15992	28736
15993	28738
15994	28739
15995	28741
15996	28744
15997	28746
15998	28747
15999	28749
16000	28751
16001	28753
16002	28754
16003	28756
16004	28757
16005	28759
16006	28762
16007	28764
16008	28765
16009	28767
16010	28770
16011	28772
16012	28773
16013	28775
16014	28776
16015	28778
16016	28779
16017	28781
16018	28782
16019	28784
16020	28785
16021	28787
16022	28790
16023	28792
16024	28793
16025	28795
16026	28798
16027	28800
16028	28801
16029	28803
16030	28806
16031	28808
16032	28809
16033	28810
16034	28811
16035	28813
16036	28816
16037	28818
16038	28819
16039	28821
16040	28824
16041	28826
16042	28827
16043	28829
16044	28832
16045	28834
16046	28835
16047	28836
16048	28837
16049	28839
16050	28842
16051	28844
16052	28845
16053	28847
16054	28850
16055	28852
16056	28853
16057	28855
16058	28858
16059	28860
16060	28861
16061	28862
16062	28863
16063	28864
16064	28864
16065	28865
16066	28866
16067	28867
16068	28869
16069	28872
16070	28874
16071	28875
16072	28877
16073	28880
16074	28882
16075	28883
16076	28885
16077	28888
16078	28890
16079	28891
16080	28892
16081	28893
16082	28894
16083	28895
16084	28897
16085	28898
16086	28900
16087	28901
16088	28903
16089	28906
16090	28908
16091	28909
16092	28911
16093	28914
16094	28916
16095	28917
16096	28919
16097	28921
16098	28923
16099	28924
16100	28926
16101	28927
16102	28929
16103	28932
16104	28934
16105	28935
16106	28937
16107	28940
16108	28942
16109	28943
16110	28945
16111	28947
16112	28949
16113	28950
16114	28952
16115	28953
16116	28955
16117	28958
16118	28960
16119	28961
16120	28963
16121	28966
16122	28968
16123	28969
16124	28971
16125	28972
16126	28974
16127	28975
16128	28977
16129	28978
16130	28980
16131	28981
16132	28983
16133	28986
16134	28988
16135	28989
16136	28991
16137	28994
16138	28996
16139	28997
16140	28999
16141	29002
16142	29004
16143	29005
16144	29006
16145	29007
16146	29009
16147	29012
16148	29014
16149	29015
16150	29017
16151	29020
16152	29022
16153	29023
16154	29025
16155	29028
16156	29030
16157	29031
16158	29032
16159	29033
16160	29035
16161	29038
16162	29040
16163	29041
16164	29043
16165	29046
16166	29048
16167	29049
16168	29051
16169	29054
16170	29056
16171	29057
16172	29058
16173	29059
16174	29060
16175	29061
16176	29063
16177	29064
16178	29066
16179	29067
16180	29069
16181	29072
16182	29074
16183	29075
16184	29077
16185	29080
16186	29082
16187	29083
16188	29085
16189	29087
16190	29089
16191	29090
16192	29092
16193	29093
16194	29095
16195	29098
16196	29100
16197	29101
16198	29103
16199	29106
16200	29108
16201	29109
16202	29111
16203	29113
16204	29115
16205	29116
16206	29118
16207	29119
16208	29121
16209	29124
16210	29126
16211	29127
16212	29129
16213	29132
16214	29134
16215	29135
16216	29137
16217	29138
16218	29140
16219	29141
16220	29143
16221	29144
16222	29146
16223	29147
16224	29149
16225	29152
16226	29154
16227	29155
16228	29157
16229	29160
16230	29162
16231	29163
16232	29165
16233	29168
16234	29170
16235	29171
16236	29172
16237	29173
16238	29175
16239	29178
16240	29180
16241	29181
16242	29183
16243	29186
16244	29188
16245	29189
16246	29191
16247	29194
16248	29196
16249	29197
16250	29198
16251	29199
16252	29201
16253	29204
16254	29206
16255	29207
16256	29209
16257	29212
16258	29214
16259	29215
16260	29217
16261	29220
16262	29222
16263	29223
16264	29224
16265	29225
16266	29226
16267	29227
16268	29229
16269	29230
16270	29232
16271	29233
16272	29235
16273	29238
16274	29240
16275	29241
16276	29243
16277	29246
16278	29248
16279	29249
16280	29251
16281	29253
16282	29255
16283	29255
16284	29256
16285	29258
16286	29261
16287	29263
16288	29264
16289	29266
16290	29269
16291	29271
16292	29272
16293	29274
16294	29277
16295	29279
16296	29280
16297	29281
16298	29282
16299	29284
16300	29287
16301	29289
16302	29290
16303	29292
16304	29295
16305	29297
16306	29298
16307	29300
16308	29303
16309	29305
16310	29306
16311	29307
16312	29308
16313	29310
16314	29313
16315	29315
16316	29316
16317	29318
16318	29321
16319	29323
16320	29324
16321	29326
16322	29329
16323	29331
16324	29332
16325	29333
16326	29333
16327	29334
16328	29336
16329	29338
16330	29340
16331	29341
16332	29343
16333	29346
16334	29348
16335	29349
16336	29351
16337	29353
16338	29355
16339	29356
16340	29358
16341	29359
16342	29361
16343	29364
16344	29366
16345	29367
16346	29369
16347	29372
16348	29374
16349	29375
16350	29377
16351	29379
16352	29381
16353	29381
16354	29382
16355	29384
16356	29387
16357	29389
16358	29390
16359	29392
16360	29395
16361	29397
16362	29398
16363	29400
16364	29403
16365	29405
16366	29406
16367	29407
16368	29408
16369	29410
16370	29413
16371	29415
16372	29416
16373	29418
16374	29421
16375	29423
16376	29424
16377	29426
16378	29429
16379	29431
16380	29432
16381	29433
16382	29434
16383	29436
16384	29439
16385	29441
16386	29442
16387	29444
16388	29447
16389	29449
16390	29450
16391	29452
16392	29455
16393	29457
16394	29458
16395	29459
16396	29459
16397	29460
16398	29462
16399	29465
16400	29467
16401	29468
16402	29470
16403	29473
16404	29475
16405	29476
16406	29478
16407	29481
16408	29483
16409	29484
16410	29485
16411	29486
16412	29488
16413	29491
16414	29493
16415	29494
16416	29496
16417	29499
16418	29501
16419	29502
16420	29504
16421	29507
16422	29509
16423	29510
16424	29511
16425	29512
16426	29514
16427	29517
16428	29519
16429	29520
16430	29522
16431	29525
16432	29527
16433	29528
16434	29530
16435	29533
16436	29535
16437	29536
16438	29537
16439	29538
16440	29539
16441	29540
16442	29541
16443	29542
16444	29544
16445	29545
16446	29547
16447	29550
16448	29552
16449	29553
16450	29555
16451	29558
16452	29560
16453	29561
16454	29563
16455	29565
16456	29567
16457	29568
16458	29570
16459	29571
16460	29573
16461	29576
16462	29578
16463	29579
16464	29581
16465	29584
16466	29586
16467	29587
16468	29589
16469	29591
16470	29593
16471	29593
16472	29594
16473	29596
16474	29599
16475	29601
16476	29602
16477	29604
16478	29607
16479	29609
16480	29610
16481	29612
16482	29615
16483	29617
16484	29618
16485	29619
16486	29620
16487	29622
16488	29625
16489	29627
16490	29628
16491	29630
16492	29633
16493	29635
16494	29636
16495	29638
16496	29641
16497	29643
16498	29644
16499	29645
16500	29646
16501	29648
16502	29651
16503	29653
16504	29654
16505	29656
16506	29659
16507	29661
16508	29662
16509	29664
16510	29667
16511	29669
16512	29670
16513	29671
16514	29671
16515	29672
16516	29674
16517	29677
16518	29679
16519	29680
16520	29682
16521	29685
16522	29687
16523	29688
16524	29690
16525	29693
16526	29695
16527	29696
16528	29697
16529	29698
16530	29700
16531	29703
16532	29705
16533	29706
16534	29708
16535	29711
16536	29713
16537	29714
16538	29716
16539	29719
16540	29721
16541	29722
16542	29723
16543	29724
16544	29726
16545	29729
16546	29731
16547	29732
16548	29734
16549	29737
16550	29739
16551	29740
16552	29742
16553	29745
16554	29747
16555	29748
16556	29749
16557	29750
16558	29751
16559	29752
16560	29754
16561	29755
16562	29757
16563	29758
16564	29760
16565	29763
16566	29765
16567	29766
16568	29768
16569	29771
16570	29773
16571	29774
16572	29776
16573	29778
16574	29780
16575	29781
16576	29783
16577	29784
16578	29786
16579	29789
16580	29791
16581	29792
16582	29794
16583	29797
16584	29799
16585	29800
16586	29802
16587	29804
16588	29806
16589	29807
16590	29809
16591	29810
16592	29812
16593	29815
16594	29817
16595	29818
16596	29820
16597	29823
16598	29825
16599	29826
16600	29828
16601	29829
16602	29831
16603	29832
16604	29834
16605	29835
16606	29837
16607	29838
16608	29840
16609	29843
16610	29845
16611	29846
16612	29848
16613	29851
16614	29853
16615	29854
16616	29856
16617	29859
16618	29861
16619	29862
16620	29863
16621	29864
16622	29866
16623	29869
16624	29871
16625	29872
16626	29874
16627	29877
16628	29879
16629	29880
16630	29882
16631	29885
16632	29887
16633	29888
16634	29889
16635	29890
16636	29892
16637	29895
16638	29897
16639	29898
16640	29900
16641	29903
16642	29905
16643	29906
16644	29908
16645	29911
16646	29913
16647	29914
16648	29915
16649	29916
16650	29917
16651	29918
16652	29919
16653	29920
16654	29922
16655	29923
16656	29925
16657	29928
16658	29930
16659	29931
16660	29933
16661	29936
16662	29938
16663	29939
16664	29941
16665	29943
16666	29945
16667	29946
16668	29948
16669	29949
16670	29951
16671	29954
16672	29956
16673	29957
16674	29959
16675	29962
16676	29964
16677	29965
16678	29967
16679	29969
16680	29971
16681	29971
16682	29972
16683	29974
16684	29977
16685	29979
16686	29980
16687	29982
16688	29985
16689	29987
16690	29988
16691	29990
16692	29993
16693	29995
16694	29996
16695	29997
16696	29998
16697	30000
16698	30003
16699	30005
16700	30006
16701	30008
16702	30011
16703	30013
16704	30014
16705	30016
16706	30019
16707	30021
16708	30022
16709	30023
16710	30024
16711	30026
16712	30029
16713	30031
16714	30032
16715	30034
16716	30037
16717	30039
16718	30040
16719	30042
16720	30045
16721	30047
16722	30048
16723	30049
16724	30049
16725	30050
16726	30051
16727	30052
16728	30053
16729	30053
16730	30055
16731	30056
16732	30058
16733	30059
16734	30061
16735	30064
16736	30066
16737	30067
16738	30069
16739	30072
16740	30074
16741	30075
16742	30077
16743	30079
16744	30081
16745	30081
16746	30082
16747	30084
16748	30087
16749	30089
16750	30090
16751	30092
16752	30095
16753	30097
16754	30098
16755	30100
16756	30103
16757	30105
16758	30106
16759	30107
16760	30108
16761	30110
16762	30113
16763	30115
16764	30116
16765	30118
16766	30121
16767	30123
16768	30124
16769	30126
16770	30129
16771	30131
16772	30132
16773	30133
16774	30134
16775	30136
16776	30139
16777	30141
16778	30142
16779	30144
16780	30147
16781	30149
16782	30150
16783	30152
16784	30155
16785	30157
16786	30158
16787	30159
16788	30159
16789	30160
16790	30162
16791	30165
16792	30167
16793	30168
16794	30170
16795	30173
16796	30175
16797	30176
16798	30178
16799	30181
16800	30183
16801	30184
16802	30185
16803	30186
16804	30188
16805	30191
16806	30193
16807	30194
16808	30196
16809	30199
16810	30201
16811	30202
16812	30204
16813	30207
16814	30209
16815	30210
16816	30211
16817	30212
16818	30213
16819	30214
16820	30216
16821	30217
16822	30219
16823	30220
16824	30222
16825	30225
16826	30227
16827	30228
16828	30230
16829	30233
16830	30235
16831	30236
16832	30238
16833	30240
16834	30242
16835	30243
16836	30245
16837	30246
16838	30248
16839	30251
16840	30253
16841	30254
16842	30256
16843	30259
16844	30261
16845	30262
16846	30264
16847	30266
16848	30268
16849	30269
16850	30271
16851	30272
16852	30274
16853	30277
16854	30279
16855	30280
16856	30282
16857	30285
16858	30287
16859	30288
16860	30290
16861	30291
16862	30293
16863	30294
16864	30296
16865	30297
16866	30299
16867	30300
16868	30302
16869	30305
16870	30307
16871	30308
16872	30310
16873	30313
16874	30315
16875	30316
16876	30318
16877	30321
16878	30323
16879	30324
16880	30325
16881	30326
16882	30327
16883	30328
16884	30329
16885	30330
16886	30332
16887	30333
16888	30335
16889	30338
16890	30340
16891	30341
16892	30343
16893	30346
16894	30348
16895	30349
16896	30351
16897	30353
16898	30355
16899	30356
16900	30358
16901	30359
16902	30361
16903	30364
16904	30366
16905	30367
16906	30369
16907	30372
16908	30374
16909	30375
16910	30377
16911	30379
16912	30381
16913	30381
16914	30382
16915	30384
16916	30387
16917	30389
16918	30390
16919	30392
16920	30395
16921	30397
16922	30398
16923	30400
16924	30403
16925	30405
16926	30406
16927	30407
16928	30408
16929	30410
16930	30413
16931	30415
16932	30416
16933	30418
16934	30421
16935	30423
16936	30424
16937	30426
16938	30429
16939	30431
16940	30432
16941	30433
16942	30434
16943	30436
16944	30439
16945	30441
16946	30442
16947	30444
16948	30447
16949	30449
16950	30450
16951	30452
16952	30455
16953	30457
16954	30458
16955	30459
16956	30459
16957	30460
16958	30462
16959	30465
16960	30467
16961	30468
16962	30470
16963	30473
16964	30475
16965	30476
16966	30478
16967	30481
16968	30483
16969	30484
16970	30485
16971	30486
16972	30488
16973	30491
16974	30493
16975	30494
16976	30496
16977	30499
16978	30501
16979	30502
16980	30504
16981	30507
16982	30509
16983	30510
16984	30511
16985	30512
16986	30514
16987	30517
16988	30519
16989	30520
16990	30522
16991	30525
16992	30527
16993	30528
16994	30530
16995	30533
16996	30535
16997	30536
16998	30537
16999	30538
17000	30539
17001	30540
17002	30542
17003	30543
17004	30545
17005	30546
17006	30548
17007	30551
17008	30553
17009	30554
17010	30556
17011	30559
17012	30561
17013	30562
17014	30564
17015	30566
17016	30568
17017	30569
17018	30571
17019	30572
17020	30574
17021	30577
17022	30579
17023	30580
17024	30582
17025	30585
17026	30587
17027	30588
17028	30590
17029	30592
17030	30594
17031	30595
17032	30597
17033	30598
17034	30600
17035	30603
17036	30605
17037	30606
17038	30608
17039	30611
17040	30613
17041	30614
17042	30616
17043	30617
17044	30619
17045	30619
17046	30620
17047	30622
17048	30623
17049	30625
17050	30626
17051	30628
17052	30631
17053	30633
17054	30634
17055	30636
17056	30639
17057	30641
17058	30642
17059	30644
17060	30646
17061	30648
17062	30649
17063	30651
17064	30652
17065	30654
17066	30657
17067	30659
17068	30660
17069	30662
17070	30665
17071	30667
17072	30668
17073	30670
17074	30672
17075	30674
17076	30675
17077	30677
17078	30678
17079	30680
17080	30683
17081	30685
17082	30686
17083	30688
17084	30691
17085	30693
17086	30694
17087	30696
17088	30697
17089	30699
17090	30700
17091	30702
17092	30703
17093	30705
17094	30706
17095	30708
17096	30711
17097	30713
17098	30714
17099	30716
17100	30719
17101	30721
17102	30722
17103	30724
17104	30727
17105	30729
17106	30730
17107	30731
17108	30732
17109	30734
17110	30737
17111	30739
17112	30740
17113	30742
17114	30745
17115	30747
17116	30748
17117	30750
17118	30753
17119	30755
17120	30756
17121	30757
17122	30758
17123	30760
17124	30763
17125	30765
17126	30766
17127	30768
17128	30771
17129	30773
17130	30774
17131	30776
17132	30779
17133	30781
17134	30782
17135	30783
17136	30784
17137	30785
17138	30786
17139	30788
17140	30789
17141	30791
17142	30792
17143	30794
17144	30797
17145	30799
17146	30800
17147	30802
17148	30805
17149	30807
17150	30808
17151	30810
17152	30812
17153	30814
17154	30815
17155	30817
17156	30818
17157	30820
17158	30823
17159	30825
17160	30826
17161	30828
17162	30831
17163	30833
17164	30834
17165	30836
17166	30838
17167	30840
17168	30841
17169	30843
17170	30844
17171	30846
17172	30849
17173	30851
17174	30852
17175	30854
17176	30857
17177	30859
17178	30860
17179	30862
17180	30863
17181	30865
17182	30866
17183	30868
17184	30869
17185	30871
17186	30872
17187	30874
17188	30877
17189	30879
17190	30880
17191	30882
17192	30885
17193	30887
17194	30888
17195	30890
17196	30893
17197	30895
17198	30896
17199	30897
17200	30898
17201	30899
17202	30900
17203	30902
17204	30903
17205	30905
17206	30906
17207	30908
17208	30911
17209	30913
17210	30914
17211	30916
17212	30919
17213	30921
17214	30922
17215	30924
17216	30926
17217	30928
17218	30929
17219	30931
17220	30932
17221	30934
17222	30937
17223	30939
17224	30940
17225	30942
17226	30945
17227	30947
17228	30948
17229	30950
17230	30952
17231	30954
17232	30955
17233	30957
17234	30958
17235	30960
17236	30963
17237	30965
17238	30966
17239	30968
17240	30971
17241	30973
17242	30974
17243	30976
17244	30977
17245	30979
17246	30980
17247	30982
17248	30983
17249	30985
17250	30986
17251	30988
17252	30991
17253	30993
17254	30994
17255	30996
17256	30999
17257	31001
17258	31002
17259	31004
17260	31007
17261	31009
17262	31010
17263	31011
17264	31012
17265	31014
17266	31017
17267	31019
17268	31020
17269	31022
17270	31025
17271	31027
17272	31028
17273	31030
17274	31033
17275	31035
17276	31036
17277	31037
17278	31038
17279	31040
17280	31043
17281	31045
17282	31046
17283	31048
17284	31051
17285	31053
17286	31054
17287	31056
17288	31059
17289	31061
17290	31062
17291	31063
17292	31064
17293	31065
17294	31066
17295	31068
17296	31069
17297	31071
17298	31072
17299	31074
17300	31077
17301	31079
17302	31080
17303	31082
17304	31085
17305	31087
17306	31088
17307	31090
17308	31092
17309	31094
17310	31094
17311	31095
17312	31097
17313	31100
17314	31102
17315	31103
17316	31105
17317	31108
17318	31110
17319	31111
17320	31113
17321	31116
17322	31118
17323	31119
17324	31120
17325	31121
17326	31123
17327	31126
17328	31128
17329	31129
17330	31131
17331	31134
17332	31136
17333	31137
17334	31139
17335	31142
17336	31144
17337	31145
17338	31146
17339	31147
17340	31149
17341	31152
17342	31154
17343	31155
17344	31157
17345	31160
17346	31162
17347	31163
17348	31165
17349	31168
17350	31170
17351	31171
17352	31172
17353	31172
17354	31173
17355	31175
17356	31178
17357	31180
17358	31181
17359	31183
17360	31186
17361	31188
17362	31189
17363	31191
17364	31194
17365	31196
17366	31197
17367	31198
17368	31199
17369	31201
17370	31204
17371	31206
17372	31207
17373	31209
17374	31212
17375	31214
17376	31215
17377	31217
17378	31220
17379	31222
17380	31223
17381	31224
17382	31225
17383	31227
17384	31230
17385	31232
17386	31233
17387	31235
17388	31238
17389	31240
17390	31241
17391	31243
17392	31246
17393	31248
17394	31249
17395	31250
17396	31251
17397	31252
17398	31253
17399	31255
17400	31256
17401	31258
17402	31259
17403	31261
17404	31264
17405	31266
17406	31267
17407	31269
17408	31272
17409	31274
17410	31275
17411	31277
17412	31279
17413	31281
17414	31282
17415	31284
17416	31285
17417	31287
17418	31290
17419	31292
17420	31293
17421	31295
17422	31298
17423	31300
17424	31301
17425	31303
17426	31305
17427	31307
17428	31308
17429	31310
17430	31311
17431	31313
17432	31316
17433	31318
17434	31319
17435	31321
17436	31324
17437	31326
17438	31327
17439	31329
17440	31330
17441	31332
17442	31333
17443	31335
17444	31336
17445	31338
17446	31339
17447	31341
17448	31344
17449	31346
17450	31347
17451	31349
17452	31352
17453	31354
17454	31355
17455	31357
17456	31360
17457	31362
17458	31363
17459	31364
17460	31365
17461	31367
17462	31370
17463	31372
17464	31373
17465	31375
17466	31378
17467	31380
17468	31381
17469	31383
17470	31386
17471	31388
17472	31389
17473	31390
17474	31391
17475	31393
17476	31396
17477	31398
17478	31399
17479	31401
17480	31404
17481	31406
17482	31407
17483	31409
17484	31412
17485	31414
17486	31415
17487	31416
17488	31417
17489	31418
17490	31419
17491	31421
17492	31422
17493	31424
17494	31425
17495	31427
17496	31430
17497	31432
17498	31433
17499	31435
17500	31438
17501	31440
17502	31441
17503	31443
17504	31445
17505	31447
17506	31448
17507	31450
17508	31451
17509	31453
17510	31456
17511	31458
17512	31459
17513	31461
17514	31464
17515	31466
17516	31467
17517	31469
17518	31471
17519	31473
17520	31474
17521	31476
17522	31477
17523	31479
17524	31482
17525	31484
17526	31485
17527	31487
17528	31490
17529	31492
17530	31493
17531	31495
17532	31496
17533	31498
17534	31499
17535	31501
17536	31502
17537	31504
17538	31505
17539	31507
17540	31510
17541	31512
17542	31513
17543	31515
17544	31518
17545	31520
17546	31521
17547	31523
17548	31526
17549	31528
17550	31529
17551	31530
17552	31531
17553	31533
17554	31536
17555	31538
17556	31539
17557	31541
17558	31544
17559	31546
17560	31547
17561	31549
17562	31552
17563	31554
17564	31555
17565	31556
17566	31557
17567	31559
17568	31562
17569	31564
17570	31565
17571	31567
17572	31570
17573	31572
17574	31573
17575	31575
17576	31578
17577	31580
17578	31581
17579	31582
17580	31583
17581	31584
17582	31585
17583	31587
17584	31588
17585	31590
17586	31591
17587	31593
17588	31596
17589	31598
17590	31599
17591	31601
17592	31604
17593	31606
17594	31607
17595	31609
17596	31611
17597	31613
17598	31614
17599	31616
17600	31617
17601	31619
17602	31622
17603	31624
17604	31625
17605	31627
17606	31630
17607	31632
17608	31633
17609	31635
17610	31637
17611	31639
17612	31640
17613	31642
17614	31643
17615	31645
17616	31648
17617	31650
17618	31651
17619	31653
17620	31656
17621	31658
17622	31659
17623	31661
17624	31662
17625	31664
17626	31665
17627	31667
17628	31668
17629	31670
17630	31671
17631	31673
17632	31676
17633	31678
17634	31679
17635	31681
17636	31684
17637	31686
17638	31687
17639	31689
17640	31692
17641	31694
17642	31695
17643	31696
17644	31697
17645	31699
17646	31702
17647	31704
17648	31705
17649	31707
17650	31710
17651	31712
17652	31713
17653	31715
17654	31718
17655	31720
17656	31721
17657	31722
17658	31723
17659	31725
17660	31728
17661	31730
17662	31731
17663	31733
17664	31736
17665	31738
17666	31739
17667	31741
17668	31744
17669	31746
17670	31747
17671	31748
17672	31749
17673	31750
17674	31751
17675	31753
17676	31754
17677	31756
17678	31757
17679	31759
17680	31762
17681	31764
17682	31765
17683	31767
17684	31770
17685	31772
17686	31773
17687	31775
17688	31777
17689	31779
17690	31780
17691	31782
17692	31783
17693	31785
17694	31788
17695	31790
17696	31791
17697	31793
17698	31796
17699	31798
17700	31799
17701	31801
17702	31803
17703	31805
17704	31806
17705	31808
17706	31809
17707	31811
17708	31814
17709	31816
17710	31817
17711	31819
17712	31822
17713	31824
17714	31825
17715	31827
17716	31828
17717	31830
17718	31831
17719	31833
17720	31834
17721	31836
17722	31837
17723	31838
17724	31839
17725	31841
17726	31844
17727	31846
17728	31847
17729	31849
17730	31852
17731	31854
17732	31855
17733	31857
17734	31860
17735	31862
17736	31863
17737	31864
17738	31865
17739	31867
17740	31870
17741	31872
17742	31873
17743	31875
17744	31878
17745	31880
17746	31881
17747	31883
17748	31886
17749	31888
17750	31889
17751	31890
17752	31891
17753	31893
17754	31895
17755	31897
17756	31898
17757	31900
17758	31901
17759	31903
17760	31906
17761	31908
17762	31909
17763	31911
17764	31914
17765	31916
17766	31917
17767	31919
17768	31922
17769	31924
17770	31925
17771	31926
17772	31927
17773	31929
17774	31932
17775	31934
17776	31935
17777	31937
17778	31940
17779	31942
17780	31943
17781	31945
17782	31948
17783	31950
17784	31951
17785	31952
17786	31953
17787	31955
17788	31958
17789	31960
17790	31961
17791	31963
17792	31966
17793	31968
17794	31969
17795	31971
17796	31974
17797	31976
17798	31977
17799	31978
17800	31979
17801	31980
17802	31981
17803	31983
17804	31984
17805	31986
17806	31987
17807	31989
17808	31992
17809	31994
17810	31995
17811	31997
17812	32000
17813	32002
17814	32003
17815	32005
17816	32007
17817	32009
17818	32010
17819	32012
17820	32013
17821	32015
17822	32018
17823	32020
17824	32021
17825	32023
17826	32026
17827	32028
17828	32029
17829	32031
17830	32033
17831	32035
17832	32036
17833	32038
17834	32039
17835	32041
17836	32044
17837	32046
17838	32047
17839	32049
17840	32052
17841	32054
17842	32055
17843	32057
17844	32058
17845	32060
17846	32061
17847	32063
17848	32064
17849	32066
17850	32067
17851	32069
17852	32072
17853	32074
17854	32075
17855	32077
17856	32080
17857	32082
17858	32083
17859	32085
17860	32088
17861	32090
17862	32091
17863	32092
17864	32093
17865	32095
17866	32098
17867	32100
17868	32101
17869	32103
17870	32106
17871	32108
17872	32109
17873	32111
17874	32114
17875	32116
17876	32117
17877	32118
17878	32119
17879	32121
17880	32124
17881	32126
17882	32127
17883	32129
17884	32132
17885	32134
17886	32135
17887	32137
17888	32140
17889	32142
17890	32143
17891	32144
17892	32145
17893	32146
17894	32147
17895	32148
17896	32148
17897	32149
17898	32151
17899	32154
17900	32156
17901	32157
17902	32159
17903	32162
17904	32164
17905	32165
17906	32167
17907	32170
17908	32172
17909	32173
17910	32174
17911	32175
17912	32177
17913	32180
17914	32182
17915	32183
17916	32185
17917	32188
17918	32190
17919	32191
17920	32193
17921	32196
17922	32198
17923	32199
17924	32200
17925	32201
17926	32203
17927	32206
17928	32208
17929	32209
17930	32211
17931	32214
17932	32216
17933	32217
17934	32219
17935	32222
17936	32224
17937	32225
17938	32226
17939	32227
17940	32228
17941	32229
17942	32231
17943	32232
17944	32234
17945	32235
17946	32237
17947	32240
17948	32242
17949	32243
17950	32245
17951	32248
17952	32250
17953	32251
17954	32253
17955	32255
17956	32257
17957	32258
17958	32260
17959	32261
17960	32263
17961	32266
17962	32268
17963	32269
17964	32271
17965	32274
17966	32276
17967	32277
17968	32279
17969	32281
17970	32283
17971	32284
17972	32286
17973	32287
17974	32289
17975	32292
17976	32294
17977	32295
17978	32297
17979	32300
17980	32302
17981	32303
17982	32305
17983	32306
17984	32308
17985	32309
17986	32311
17987	32312
17988	32314
17989	32315
17990	32317
17991	32320
17992	32322
17993	32323
17994	32325
17995	32328
17996	32330
17997	32331
17998	32333
17999	32336
18000	32338
18001	32339
18002	32340
18003	32341
18004	32343
18005	32346
18006	32348
18007	32349
18008	32351
18009	32354
18010	32356
18011	32357
18012	32359
18013	32362
18014	32364
18015	32365
18016	32366
18017	32367
18018	32369
18019	32372
18020	32374
18021	32375
18022	32377
18023	32380
18024	32382
18025	32383
18026	32385
18027	32388
18028	32390
18029	32391
18030	32392
18031	32393
18032	32394
18033	32395
18034	32397
18035	32398
18036	32400
18037	32401
18038	32403
18039	32406
18040	32408
18041	32409
18042	32411
18043	32414
18044	32416
18045	32417
18046	32419
18047	32421
18048	32423
18049	32424
18050	32426
18051	32427
18052	32429
18053	32432
18054	32434
18055	32435
18056	32437
18057	32440
18058	32442
18059	32443
18060	32445
18061	32447
18062	32449
18063	32450
18064	32452
18065	32453
18066	32455
18067	32458
18068	32460
18069	32461
18070	32463
18071	32466
18072	32468
18073	32469
18074	32471
18075	32472
18076	32474
18077	32475
18078	32477
18079	32478
18080	32480
18081	32481
18082	32483
18083	32486
18084	32488
18085	32489
18086	32491
18087	32494
18088	32496
18089	32497
18090	32499
18091	32502
18092	32504
18093	32505
18094	32506
18095	32507
18096	32509
18097	32512
18098	32514
18099	32515
18100	32517
18101	32520
18102	32522
18103	32523
18104	32525
18105	32528
18106	32530
18107	32531
18108	32532
18109	32533
18110	32535
18111	32538
18112	32540
18113	32541
18114	32543
18115	32546
18116	32548
18117	32549
18118	32551
18119	32554
18120	32556
18121	32557
18122	32558
18123	32559
18124	32560
18125	32561
18126	32562
18127	32563
18128	32565
18129	32566
18130	32568
18131	32571
18132	32573
18133	32574
18134	32576
18135	32579
18136	32581
18137	32582
18138	32584
18139	32586
18140	32588
18141	32589
18142	32591
18143	32592
18144	32594
18145	32597
18146	32599
18147	32600
18148	32602
18149	32605
18150	32607
18151	32608
18152	32610
18153	32612
18154	32614
18155	32614
18156	32615
18157	32617
18158	32620
18159	32622
18160	32623
18161	32625
18162	32628
18163	32630
18164	32631
18165	32633
18166	32636
18167	32638
18168	32639
18169	32640
18170	32641
18171	32643
18172	32646
18173	32648
18174	32649
18175	32651
18176	32654
18177	32656
18178	32657
18179	32659
18180	32662
18181	32664
18182	32665
18183	32666
18184	32667
18185	32669
18186	32672
18187	32674
18188	32675
18189	32677
18190	32680
18191	32682
18192	32683
18193	32685
18194	32688
18195	32690
18196	32691
18197	32692
18198	32692
18199	32693
18200	32695
18201	32698
18202	32700
18203	32701
18204	32703
18205	32706
18206	32708
18207	32709
18208	32711
18209	32714
18210	32716
18211	32717
18212	32718
18213	32719
18214	32721
18215	32724
18216	32726
18217	32727
18218	32729
18219	32732
18220	32734
18221	32735
18222	32737
18223	32740
18224	32742
18225	32743
18226	32744
18227	32745
18228	32747
18229	32750
18230	32752
18231	32753
18232	32755
18233	32758
18234	32760
18235	32761
18236	32763
18237	32766
18238	32768
18239	32769
18240	32770
18241	32771
18242	32772
18243	32773
18244	32775
18245	32776
18246	32778
18247	32779
18248	32781
18249	32784
18250	32786
18251	32787
18252	32789
18253	32792
18254	32794
18255	32795
18256	32797
18257	32799
18258	32801
18259	32802
18260	32804
18261	32805
18262	32807
18263	32810
18264	32812
18265	32813
18266	32815
18267	32818
18268	32820
18269	32821
18270	32823
18271	32825
18272	32827
18273	32828
18274	32830
18275	32831
18276	32833
18277	32836
18278	32838
18279	32839
18280	32841
18281	32844
18282	32846
18283	32847
18284	32849
18285	32850
18286	32852
18287	32853
18288	32855
18289	32856
18290	32858
18291	32859
18292	32861
18293	32864
18294	32866
18295	32867
18296	32869
18297	32872
18298	32874
18299	32875
18300	32877
18301	32880
18302	32882
18303	32883
18304	32884
18305	32885
18306	32887
18307	32890
18308	32892
18309	32893
18310	32895
18311	32898
18312	32900
18313	32901
18314	32903
18315	32906
18316	32908
18317	32909
18318	32910
18319	32911
18320	32913
18321	32916
18322	32918
18323	32919
18324	32921
18325	32924
18326	32926
18327	32927
18328	32929
18329	32932
18330	32934
18331	32935
18332	32936
18333	32937
18334	32938
18335	32939
18336	32941
18337	32942
18338	32944
18339	32945
18340	32947
18341	32950
18342	32952
18343	32953
18344	32955
18345	32958
18346	32960
18347	32961
18348	32963
18349	32965
18350	32967
18351	32968
18352	32970
18353	32971
18354	32973
18355	32976
18356	32978
18357	32979
18358	32981
18359	32984
18360	32986
18361	32987
18362	32989
18363	32991
18364	32993
18365	32994
18366	32996
18367	32997
18368	32999
18369	33002
18370	33004
18371	33005
18372	33007
18373	33010
18374	33012
18375	33013
18376	33015
18377	33016
18378	33018
18379	33019
18380	33021
18381	33022
18382	33024
18383	33025
18384	33027
18385	33030
18386	33032
18387	33033
18388	33035
18389	33038
18390	33040
18391	33041
18392	33043
18393	33046
18394	33048
18395	33049
18396	33050
18397	33051
18398	33053
18399	33056
18400	33058
18401	33059
18402	33061
18403	33064
18404	33066
18405	33067
18406	33069
18407	33072
18408	33074
18409	33075
18410	33076
18411	33077
18412	33079
18413	33082
18414	33084
18415	33085
18416	33087
18417	33090
18418	33092
18419	33093
18420	33095
18421	33098
18422	33100
18423	33101
18424	33102
18425	33103
18426	33104
18427	33105
18428	33107
18429	33107
18430	33110
18431	33112
18432	33113
18433	33115
18434	33118
18435	33120
18436	33121
18437	33123
18438	33126
18439	33128
18440	33129
18441	33130
18442	33131
18443	33132
18444	33133
18445	33134
18446	33135
18447	33137
18448	33138
18449	33140
18450	33142
18451	33144
18452	33145
18453	33147
18454	33150
18455	33152
18456	33153
18457	33155
18458	33157
18459	33159
18460	33160
18461	33162
18462	33163
18463	33165
18464	33168
18465	33170
18466	33171
18467	33173
18468	33176
18469	33178
18470	33179
18471	33181
18472	33183
18473	33185
18474	33185
18475	33186
18476	33187
18477	33188
18478	33190
18479	33191
18480	33193
18481	33194
18482	33196
18483	33199
18484	33201
18485	33202
18486	33204
18487	33207
18488	33209
18489	33210
18490	33212
18491	33215
18492	33217
18493	33218
18494	33219
18495	33220
18496	33222
18497	33225
18498	33227
18499	33228
18500	33230
18501	33233
18502	33235
18503	33236
18504	33238
18505	33241
18506	33243
18507	33244
18508	33245
18509	33246
18510	33248
18511	33251
18512	33253
18513	33254
18514	33256
18515	33259
18516	33261
18517	33262
18518	33264
18519	33267
18520	33269
18521	33270
18522	33271
18523	33272
18524	33273
18525	33274
18526	33276
18527	33277
18528	33279
18529	33280
18530	33282
18531	33285
18532	33287
18533	33288
18534	33290
18535	33293
18536	33295
18537	33296
18538	33298
18539	33300
18540	33302
18541	33303
18542	33305
18543	33306
18544	33308
18545	33311
18546	33313
18547	33314
18548	33316
18549	33319
18550	33321
18551	33322
18552	33324
18553	33326
18554	33328
18555	33329
18556	33331
18557	33332
18558	33334
18559	33337
18560	33339
18561	33340
18562	33342
18563	33345
18564	33347
18565	33348
18566	33350
18567	33351
18568	33353
18569	33354
18570	33356
18571	33357
18572	33359
18573	33360
18574	33362
18575	33365
18576	33367
18577	33368
18578	33370
18579	33373
18580	33375
18581	33376
18582	33378
18583	33381
18584	33383
18585	33384
18586	33385
18587	33386
18588	33388
18589	33391
18590	33393
18591	33394
18592	33396
18593	33399
18594	33401
18595	33402
18596	33404
18597	33407
18598	33409
18599	33410
18600	33411
18601	33412
18602	33414
18603	33417
18604	33419
18605	33420
18606	33422
18607	33425
18608	33427
18609	33428
18610	33430
18611	33433
18612	33435
18613	33436
18614	33437
18615	33438
18616	33439
18617	33440
18618	33442
18619	33443
18620	33445
18621	33446
18622	33448
18623	33451
18624	33453
18625	33454
18626	33456
18627	33459
18628	33461
18629	33462
18630	33464
18631	33466
18632	33468
18633	33469
18634	33471
18635	33472
18636	33474
18637	33477
18638	33479
18639	33480
18640	33482
18641	33485
18642	33487
18643	33488
18644	33490
18645	33492
18646	33494
18647	33495
18648	33497
18649	33498
18650	33500
18651	33503
18652	33505
18653	33506
18654	33508
18655	33511
18656	33513
18657	33514
18658	33516
18659	33517
18660	33519
18661	33520
18662	33522
18663	33523
18664	33525
18665	33526
18666	33528
18667	33531
18668	33533
18669	33534
18670	33536
18671	33539
18672	33541
18673	33542
18674	33544
18675	33547
18676	33549
18677	33550
18678	33551
18679	33552
18680	33553
18681	33554
18682	33556
18683	33557
18684	33559
18685	33560
18686	33562
18687	33565
18688	33567
18689	33568
18690	33570
18691	33573
18692	33575
18693	33576
18694	33578
18695	33580
18696	33582
18697	33583
18698	33585
18699	33586
18700	33588
18701	33591
18702	33593
18703	33594
18704	33596
18705	33599
18706	33601
18707	33602
18708	33604
18709	33606
18710	33608
18711	33609
18712	33611
18713	33612
18714	33614
18715	33617
18716	33619
18717	33620
18718	33622
18719	33625
18720	33627
18721	33628
18722	33630
18723	33631
18724	33633
18725	33634
18726	33636
18727	33637
18728	33639
18729	33640
18730	33642
18731	33645
18732	33647
18733	33648
18734	33650
18735	33653
18736	33655
18737	33656
18738	33658
18739	33661
18740	33663
18741	33664
18742	33665
18743	33666
18744	33668
18745	33671
18746	33673
18747	33674
18748	33676
18749	33679
18750	33681
18751	33682
18752	33684
18753	33687
18754	33689
18755	33690
18756	33691
18757	33692
18758	33693
18759	33694
18760	33695
18761	33696
18762	33698
18763	33699
18764	33701
18765	33704
18766	33706
18767	33707
18768	33709
18769	33712
18770	33714
18771	33715
18772	33717
18773	33719
18774	33721
18775	33721
18776	33722
18777	33724
18778	33727
18779	33729
18780	33730
18781	33732
18782	33735
18783	33737
18784	33738
18785	33740
18786	33743
18787	33745
18788	33746
18789	33747
18790	33748
18791	33750
18792	33753
18793	33755
18794	33756
18795	33758
18796	33761
18797	33763
18798	33764
18799	33766
18800	33769
18801	33771
18802	33772
18803	33773
18804	33774
18805	33776
18806	33779
18807	33781
18808	33782
18809	33784
18810	33787
18811	33789
18812	33790
18813	33792
18814	33795
18815	33797
18816	33798
18817	33799
18818	33799
18819	33800
18820	33802
18821	33805
18822	33807
18823	33808
18824	33810
18825	33813
18826	33815
18827	33816
18828	33818
18829	33821
18830	33823
18831	33824
18832	33825
18833	33826
18834	33828
18835	33831
18836	33833
18837	33834
18838	33836
18839	33839
18840	33841
18841	33842
18842	33844
18843	33847
18844	33849
18845	33850
18846	33851
18847	33852
18848	33854
18849	33857
18850	33859
18851	33860
18852	33862
18853	33865
18854	33867
18855	33868
18856	33870
18857	33873
18858	33875
18859	33876
18860	33877
18861	33878
18862	33879
18863	33879
18864	33880
18865	33882
18866	33885
18867	33887
18868	33888
18869	33890
18870	33893
18871	33895
18872	33896
18873	33898
18874	33901
18875	33903
18876	33904
18877	33905
18878	33906
18879	33908
18880	33911
18881	33913
18882	33914
18883	33916
18884	33919
18885	33921
18886	33922
18887	33924
18888	33927
18889	33929
18890	33930
18891	33931
18892	33932
18893	33934
18894	33937
18895	33939
18896	33940
18897	33942
18898	33945
18899	33947
18900	33948
18901	33950
18902	33953
18903	33955
18904	33956
18905	33957
18906	33958
18907	33959
18908	33960
18909	33962
18910	33962
18911	33965
18912	33967
18913	33968
18914	33970
18915	33973
18916	33975
18917	33976
18918	33978
18919	33981
18920	33983
18921	33984
18922	33985
18923	33986
18924	33988
18925	33991
18926	33993
18927	33994
18928	33996
18929	33999
18930	34001
18931	34002
18932	34004
18933	34007
18934	34009
18935	34010
18936	34011
18937	34012
18938	34014
18939	34017
18940	34019
18941	34020
18942	34022
18943	34025
18944	34027
18945	34028
18946	34030
18947	34033
18948	34035
18949	34036
18950	34037
18951	34038
18952	34039
18953	34040
18954	34042
18955	34043
18956	34045
18957	34046
18958	34048
18959	34051
18960	34053
18961	34054
18962	34056
18963	34059
18964	34061
18965	34062
18966	34064
18967	34066
18968	34068
18969	34069
18970	34071
18971	34072
18972	34074
18973	34077
18974	34079
18975	34080
18976	34082
18977	34085
18978	34087
18979	34088
18980	34090
18981	34092
18982	34094
18983	34095
18984	34097
18985	34098
18986	34100
18987	34103
18988	34105
18989	34106
18990	34108
18991	34111
18992	34113
18993	34114
18994	34116
18995	34117
18996	34119
18997	34120
18998	34122
18999	34123
19000	34125
19001	34126
19002	34127
19003	34128
19004	34129
19005	34130
19006	34132
19007	34133
19008	34135
19009	34136
19010	34138
19011	34141
19012	34143
19013	34144
19014	34146
19015	34149
19016	34151
19017	34152
19018	34154
19019	34157
19020	34159
19021	34160
19022	34161
19023	34162
19024	34164
19025	34167
19026	34169
19027	34170
19028	34172
19029	34175
19030	34177
19031	34178
19032	34180
19033	34183
19034	34185
19035	34186
19036	34187
19037	34188
19038	34190
19039	34193
19040	34195
19041	34196
19042	34198
19043	34201
19044	34203
19045	34204
19046	34206
19047	34209
19048	34211
19049	34212
19050	34213
19051	34214
19052	34215
19053	34216
19054	34217
19055	34218
19056	34220
19057	34221
19058	34223
19059	34226
19060	34228
19061	34229
19062	34231
19063	34234
19064	34236
19065	34237
19066	34239
19067	34241
19068	34243
19069	34244
19070	34246
19071	34247
19072	34249
19073	34252
19074	34254
19075	34255
19076	34257
19077	34260
19078	34262
19079	34263
19080	34265
19081	34267
19082	34269
19083	34269
19084	34270
19085	34272
19086	34275
19087	34277
19088	34278
19089	34280
19090	34283
19091	34285
19092	34286
19093	34288
19094	34291
19095	34293
19096	34294
19097	34295
19098	34296
19099	34297
19100	34298
19101	34299
19102	34300
19103	34302
19104	34303
19105	34305
19106	34308
19107	34310
19108	34311
19109	34313
19110	34316
19111	34318
19112	34319
19113	34321
19114	34323
19115	34325
19116	34326
19117	34328
19118	34329
19119	34331
19120	34334
19121	34336
19122	34337
19123	34339
19124	34342
19125	34344
19126	34345
19127	34347
19128	34349
19129	34351
19130	34351
19131	34352
19132	34354
19133	34357
19134	34359
19135	34360
19136	34362
19137	34365
19138	34367
19139	34368
19140	34370
19141	34373
19142	34375
19143	34376
19144	34377
19145	34378
19146	34380
19147	34383
19148	34385
19149	34386
19150	34388
19151	34391
19152	34393
19153	34394
19154	34396
19155	34399
19156	34401
19157	34402
19158	34403
19159	34404
19160	34406
19161	34409
19162	34411
19163	34412
19164	34414
19165	34417
19166	34419
19167	34420
19168	34422
19169	34425
19170	34427
19171	34428
19172	34429
19173	34429
19174	34430
19175	34432
19176	34435
19177	34437
19178	34438
19179	34440
19180	34443
19181	34445
19182	34446
19183	34448
19184	34451
19185	34453
19186	34454
19187	34455
19188	34456
19189	34458
19190	34461
19191	34463
19192	34464
19193	34466
19194	34469
19195	34471
19196	34472
19197	34474
19198	34477
19199	34479
19200	34480
19201	34481
19202	34482
19203	34483
19204	34484
19205	34486
19206	34487
19207	34489
19208	34490
19209	34492
19210	34495
19211	34497
19212	34498
19213	34500
19214	34503
19215	34505
19216	34506
19217	34508
19218	34510
19219	34512
19220	34513
19221	34515
19222	34516
19223	34518
19224	34521
19225	34523
19226	34524
19227	34526
19228	34529
19229	34531
19230	34532
19231	34534
19232	34536
19233	34538
19234	34539
19235	34541
19236	34542
19237	34544
19238	34547
19239	34549
19240	34550
19241	34552
19242	34555
19243	34557
19244	34558
19245	34560
19246	34561
19247	34563
19248	34563
19249	34564
19250	34566
19251	34567
19252	34569
19253	34570
19254	34572
19255	34575
19256	34577
19257	34578
19258	34580
19259	34583
19260	34585
19261	34586
19262	34588
19263	34590
19264	34592
19265	34593
19266	34595
19267	34596
19268	34598
19269	34601
19270	34603
19271	34604
19272	34606
19273	34609
19274	34611
19275	34612
19276	34614
19277	34616
19278	34618
19279	34619
19280	34621
19281	34622
19282	34624
19283	34627
19284	34629
19285	34630
19286	34632
19287	34635
19288	34637
19289	34638
19290	34640
19291	34641
19292	34643
19293	34644
19294	34646
19295	34647
19296	34649
19297	34650
19298	34652
19299	34655
19300	34657
19301	34658
19302	34660
19303	34663
19304	34665
19305	34666
19306	34668
19307	34671
19308	34673
19309	34674
19310	34675
19311	34676
19312	34678
19313	34681
19314	34683
19315	34684
19316	34686
19317	34689
19318	34691
19319	34692
19320	34694
19321	34697
19322	34699
19323	34700
19324	34701
19325	34702
19326	34704
19327	34707
19328	34709
19329	34710
19330	34712
19331	34715
19332	34717
19333	34718
19334	34720
19335	34723
19336	34725
19337	34726
19338	34727
19339	34728
19340	34729
19341	34730
19342	34732
19343	34733
19344	34735
19345	34736
19346	34738
19347	34741
19348	34743
19349	34744
19350	34746
19351	34749
19352	34751
19353	34752
19354	34754
19355	34756
19356	34758
19357	34759
19358	34761
19359	34762
19360	34764
19361	34767
19362	34769
19363	34770
19364	34772
19365	34775
19366	34777
19367	34778
19368	34780
19369	34782
19370	34784
19371	34785
19372	34787
19373	34788
19374	34790
19375	34793
19376	34795
19377	34796
19378	34798
19379	34801
19380	34803
19381	34804
19382	34806
19383	34807
19384	34809
19385	34809
19386	34810
19387	34812
19388	34813
19389	34815
19390	34816
19391	34818
19392	34821
19393	34823
19394	34824
19395	34826
19396	34829
19397	34831
19398	34832
19399	34834
19400	34836
19401	34838
19402	34839
19403	34841
19404	34842
19405	34844
19406	34847
19407	34849
19408	34850
19409	34852
19410	34855
19411	34857
19412	34858
19413	34860
19414	34862
19415	34864
19416	34865
19417	34867
19418	34868
19419	34870
19420	34873
19421	34875
19422	34876
19423	34878
19424	34881
19425	34883
19426	34884
19427	34886
19428	34887
19429	34889
19430	34890
19431	34892
19432	34893
19433	34895
19434	34896
19435	34897
19436	34898
19437	34900
19438	34902
19439	34904
19440	34905
19441	34907
19442	34910
19443	34912
19444	34913
19445	34915
19446	34917
19447	34919
19448	34920
19449	34922
19450	34923
19451	34925
19452	34928
19453	34930
19454	34931
19455	34933
19456	34936
19457	34938
19458	34939
19459	34941
19460	34943
19461	34945
19462	34945
19463	34946
19464	34948
19465	34951
19466	34953
19467	34954
19468	34956
19469	34959
19470	34961
19471	34962
19472	34964
19473	34967
19474	34969
19475	34970
19476	34971
19477	34972
19478	34974
19479	34977
19480	34979
19481	34980
19482	34982
19483	34985
19484	34987
19485	34988
19486	34990
19487	34993
19488	34995
19489	34996
19490	34997
19491	34998
19492	35000
19493	35003
19494	35005
19495	35006
19496	35008
19497	35011
19498	35013
19499	35014
19500	35016
19501	35019
19502	35021
19503	35022
19504	35023
19505	35023
19506	35024
19507	35026
19508	35029
19509	35031
19510	35032
19511	35034
19512	35037
19513	35039
19514	35040
19515	35042
19516	35045
19517	35047
19518	35048
19519	35049
19520	35050
19521	35052
19522	35055
19523	35057
19524	35058
19525	35060
19526	35063
19527	35065
19528	35066
19529	35068
19530	35071
19531	35073
19532	35074
19533	35075
19534	35076
19535	35078
19536	35081
19537	35083
19538	35084
19539	35086
19540	35089
19541	35091
19542	35092
19543	35094
19544	35097
19545	35099
19546	35100
19547	35101
19548	35102
19549	35103
19550	35103
19551	35104
19552	35106
19553	35109
19554	35111
19555	35112
19556	35114
19557	35117
19558	35119
19559	35120
19560	35122
19561	35125
19562	35127
19563	35128
19564	35129
19565	35130
19566	35132
19567	35135
19568	35137
19569	35138
19570	35140
19571	35143
19572	35145
19573	35146
19574	35148
19575	35151
19576	35153
19577	35154
19578	35155
19579	35156
19580	35158
19581	35161
19582	35163
19583	35164
19584	35166
19585	35169
19586	35171
19587	35172
19588	35174
19589	35177
19590	35179
19591	35180
19592	35181
19593	35182
19594	35183
19595	35184
19596	35186
19597	35187
19598	35189
19599	35190
19600	35192
19601	35195
19602	35197
19603	35198
19604	35200
19605	35203
19606	35205
19607	35206
19608	35208
19609	35210
19610	35212
19611	35213
19612	35215
19613	35216
19614	35218
19615	35221
19616	35223
19617	35224
19618	35226
19619	35229
19620	35231
19621	35232
19622	35234
19623	35236
19624	35238
19625	35239
19626	35241
19627	35242
19628	35244
19629	35247
19630	35249
19631	35250
19632	35252
19633	35255
19634	35257
19635	35258
19636	35260
19637	35261
19638	35263
19639	35264
19640	35266
19641	35267
19642	35269
19643	35270
19644	35272
19645	35275
19646	35277
19647	35278
19648	35280
19649	35283
19650	35285
19651	35286
19652	35288
19653	35291
19654	35293
19655	35294
19656	35295
19657	35296
19658	35298
19659	35301
19660	35303
19661	35304
19662	35306
19663	35309
19664	35311
19665	35312
19666	35314
19667	35317
19668	35319
19669	35320
19670	35321
19671	35322
19672	35324
19673	35327
19674	35329
19675	35330
19676	35332
19677	35335
19678	35337
19679	35338
19680	35340
19681	35343
19682	35345
19683	35346
19684	35347
19685	35348
19686	35349
19687	35350
19688	35352
19689	35353
19690	35355
19691	35356
19692	35358
19693	35361
19694	35363
19695	35364
19696	35366
19697	35369
19698	35371
19699	35372
19700	35374
19701	35376
19702	35378
19703	35379
19704	35381
19705	35382
19706	35384
19707	35387
19708	35389
19709	35390
19710	35392
19711	35395
19712	35397
19713	35398
19714	35400
19715	35402
19716	35404
19717	35405
19718	35407
19719	35408
19720	35410
19721	35413
19722	35415
19723	35416
19724	35418
19725	35421
19726	35423
19727	35424
19728	35426
19729	35427
19730	35429
19731	35430
19732	35432
19733	35433
19734	35435
19735	35436
19736	35438
19737	35441
19738	35443
19739	35444
19740	35446
19741	35449
19742	35451
19743	35452
19744	35454
19745	35457
19746	35459
19747	35460
19748	35461
19749	35462
19750	35464
19751	35467
19752	35469
19753	35470
19754	35472
19755	35475
19756	35477
19757	35478
19758	35480
19759	35483
19760	35485
19761	35486
19762	35487
19763	35488
19764	35490
19765	35493
19766	35495
19767	35496
19768	35498
19769	35501
19770	35503
19771	35504
19772	35506
19773	35509
19774	35511
19775	35512
19776	35513
19777	35514
19778	35515
19779	35516
19780	35517
19781	35518
19782	35520
19783	35521
19784	35523
19785	35526
19786	35528
19787	35529
19788	35531
19789	35534
19790	35536
19791	35537
19792	35539
19793	35541
19794	35543
19795	35543
19796	35544
19797	35546
19798	35549
19799	35551
19800	35552
19801	35554
19802	35557
19803	35559
19804	35560
19805	35562
19806	35565
19807	35567
19808	35568
19809	35569
19810	35570
19811	35572
19812	35575
19813	35577
19814	35578
19815	35580
19816	35583
19817	35585
19818	35586
19819	35588
19820	35591
19821	35593
19822	35594
19823	35595
19824	35596
19825	35598
19826	35601
19827	35603
19828	35604
19829	35606
19830	35609
19831	35611
19832	35612
19833	35614
19834	35617
19835	35619
19836	35620
19837	35621
19838	35621
19839	35622
19840	35624
19841	35627
19842	35629
19843	35630
19844	35632
19845	35635
19846	35637
19847	35638
19848	35640
19849	35643
19850	35645
19851	35646
19852	35647
19853	35648
19854	35650
19855	35653
19856	35655
19857	35656
19858	35658
19859	35661
19860	35663
19861	35664
19862	35666
19863	35669
19864	35671
19865	35672
19866	35673
19867	35674
19868	35676
19869	35679
19870	35681
19871	35682
19872	35684
19873	35687
19874	35689
19875	35690
19876	35692
19877	35695
19878	35697
19879	35698
19880	35699
19881	35700
19882	35701
19883	35702
19884	35703
19885	35704
19886	35706
19887	35707
19888	35709
19889	35712
19890	35714
19891	35715
19892	35717
19893	35720
19894	35722
19895	35723
19896	35725
19897	35727
19898	35729
19899	35729
19900	35730
19901	35732
19902	35735
19903	35737
19904	35738
19905	35740
19906	35743
19907	35745
19908	35746
19909	35748
19910	35751
19911	35753
19912	35754
19913	35755
19914	35756
19915	35758
19916	35761
19917	35763
19918	35764
19919	35766
19920	35769
19921	35771
19922	35772
19923	35774
19924	35777
19925	35779
19926	35780
19927	35781
19928	35782
19929	35784
19930	35787
19931	35789
19932	35790
19933	35792
19934	35795
19935	35797
19936	35798
19937	35800
19938	35803
19939	35805
19940	35806
19941	35807
19942	35807
19943	35808
19944	35810
19945	35813
19946	35815
19947	35816
19948	35818
19949	35821
19950	35823
19951	35824
19952	35826
19953	35829
19954	35831
19955	35832
19956	35833
19957	35834
19958	35836
19959	35839
19960	35841
19961	35842
19962	35844
19963	35847
19964	35849
19965	35850
19966	35852
19967	35855
19968	35857
19969	35858
19970	35859
19971	35860
19972	35862
19973	35865
19974	35867
19975	35868
19976	35870
19977	35873
19978	35875
19979	35876
19980	35878
19981	35881
19982	35883
19983	35884
19984	35885
19985	35886
19986	35887
19987	35888
19988	35890
19989	35891
19990	35893
19991	35894
19992	35896
19993	35899
19994	35901
19995	35902
19996	35904
19997	35907
19998	35909
19999	35910
20000	35912
20001	35914
20002	35916
20003	35917
20004	35919
20005	35920
20006	35922
20007	35925
20008	35927
20009	35928
20010	35930
20011	35933
20012	35935
20013	35936
20014	35938
20015	35940
20016	35942
20017	35943
20018	35945
20019	35946
20020	35948
20021	35951
20022	35953
20023	35954
20024	35956
20025	35959
20026	35961
20027	35962
20028	35964
20029	35965
20030	35967
20031	35968
20032	35970
20033	35971
20034	35973
20035	35974
20036	35976
20037	35979
20038	35981
20039	35982
20040	35984
20041	35987
20042	35989
20043	35990
20044	35992
20045	35995
20046	35997
20047	35998
20048	35999
20049	36000
20050	36002
20051	36005
20052	36007
20053	36008
20054	36010
20055	36013
20056	36015
20057	36016
20058	36018
20059	36021
20060	36023
20061	36024
20062	36025
20063	36026
20064	36028
20065	36031
20066	36033
20067	36034
20068	36036
20069	36039
20070	36041
20071	36042
20072	36044
20073	36047
20074	36049
20075	36050
20076	36051
20077	36052
20078	36053
20079	36054
20080	36056
20081	36057
20082	36059
20083	36060
20084	36062
20085	36065
20086	36067
20087	36068
20088	36070
20089	36073
20090	36075
20091	36076
20092	36078
20093	36080
20094	36082
20095	36083
20096	36085
20097	36086
20098	36088
20099	36091
20100	36093
20101	36094
20102	36096
20103	36099
20104	36101
20105	36102
20106	36104
20107	36106
20108	36108
20109	36109
20110	36111
20111	36112
20112	36114
20113	36117
20114	36119
20115	36120
20116	36122
20117	36125
20118	36127
20119	36128
20120	36130
20121	36131
20122	36133
20123	36134
20124	36136
20125	36137
20126	36139
20127	36140
20128	36142
20129	36145
20130	36147
20131	36148
20132	36150
20133	36153
20134	36155
20135	36156
20136	36158
20137	36161
20138	36163
20139	36164
20140	36165
20141	36166
20142	36168
20143	36171
20144	36173
20145	36174
20146	36176
20147	36179
20148	36181
20149	36182
20150	36184
20151	36187
20152	36189
20153	36190
20154	36191
20155	36192
20156	36194
20157	36197
20158	36199
20159	36200
20160	36202
20161	36205
20162	36207
20163	36208
20164	36210
20165	36213
20166	36215
20167	36216
20168	36217
20169	36218
20170	36219
20171	36220
20172	36222
20173	36223
20174	36225
20175	36226
20176	36228
20177	36231
20178	36233
20179	36234
20180	36236
20181	36239
20182	36241
20183	36242
20184	36244
20185	36246
20186	36248
20187	36249
20188	36251
20189	36252
20190	36254
20191	36257
20192	36259
20193	36260
20194	36262
20195	36265
20196	36267
20197	36268
20198	36270
20199	36272
20200	36274
20201	36275
20202	36277
20202
0.7630741
