1	1
2	3
3	3
4	4
5	6
6	7
7	7
8	8
9	10
10	11
11	11
12	12
13	13
14	14
15	14
16	15
17	15
18	16
19	18
20	19
21	19
22	20
23	22
24	23
25	23
26	24
27	25
28	26
29	26
30	27
31	27
32	28
33	30
34	31
35	31
36	32
37	34
38	35
39	35
40	36
41	37
42	38
43	37
44	37
45	38
46	40
47	41
48	41
49	42
50	44
51	45
52	45
53	46
54	48
55	49
56	49
57	49
58	49
59	50
60	52
61	53
62	53
63	54
64	56
65	57
66	57
67	58
68	60
69	61
70	61
71	61
72	61
73	62
74	64
75	65
76	65
77	66
78	68
79	69
80	69
81	70
82	72
83	73
84	73
85	73
86	72
87	72
88	73
89	75
90	76
91	76
92	77
93	79
94	80
95	80
96	81
97	83
98	84
99	84
100	84
101	84
102	85
103	87
104	88
105	88
106	89
107	91
108	92
109	92
110	93
111	95
112	96
113	96
114	96
115	96
116	97
117	99
118	100
119	100
120	101
121	103
122	104
123	104
124	105
125	107
126	108
127	108
128	108
129	108
130	108
131	108
132	109
133	109
134	110
135	110
136	111
137	113
138	114
139	114
140	115
141	117
142	118
143	118
144	119
145	120
146	121
147	121
148	122
149	122
150	123
151	125
152	126
153	126
154	127
155	129
156	130
157	130
158	131
159	132
160	133
161	133
162	134
163	134
164	135
165	137
166	138
167	138
168	139
169	141
170	142
171	142
172	143
173	143
174	144
175	144
176	145
177	145
178	146
179	146
180	147
181	149
182	150
183	150
184	151
185	153
186	154
187	154
188	155
189	157
190	158
191	158
192	158
193	158
194	159
195	161
196	162
197	162
198	163
199	165
200	166
201	166
202	167
203	169
204	170
205	170
206	170
207	170
208	171
209	173
210	174
211	174
212	175
213	177
214	178
215	178
216	179
217	181
218	182
219	182
220	182
221	182
222	182
223	182
224	183
225	183
226	184
227	184
228	185
229	187
230	188
231	188
232	189
233	191
234	192
235	192
236	193
237	194
238	195
239	195
240	196
241	196
242	197
243	199
244	200
245	200
246	201
247	203
248	204
249	204
250	205
251	206
252	207
253	207
254	208
255	208
256	209
257	211
258	212
259	212
260	213
261	215
262	216
263	216
264	217
265	217
266	218
267	218
268	219
269	219
270	220
271	220
272	221
273	223
274	224
275	224
276	225
277	227
278	228
279	228
280	229
281	231
282	232
283	232
284	232
285	232
286	233
287	235
288	236
289	236
290	237
291	239
292	240
293	240
294	241
295	243
296	244
297	244
298	244
299	244
300	245
301	247
302	248
303	248
304	249
305	251
306	252
307	252
308	253
309	255
310	256
311	256
312	256
313	256
314	256
315	256
316	257
317	257
318	258
319	258
320	259
321	261
322	262
323	262
324	263
325	265
326	266
327	266
328	267
329	268
330	269
331	269
332	270
333	270
334	271
335	273
336	274
337	274
338	275
339	277
340	278
341	278
342	279
343	280
344	281
345	281
346	282
347	282
348	283
349	285
350	286
351	286
352	287
353	289
354	290
355	290
356	291
357	291
358	292
359	292
360	293
361	293
362	294
363	294
364	295
365	297
366	298
367	298
368	299
369	301
370	302
371	302
372	303
373	305
374	306
375	306
376	306
377	306
378	307
379	309
380	310
381	310
382	311
383	313
384	314
385	314
386	315
387	317
388	318
389	318
390	318
391	318
392	319
393	321
394	322
395	322
396	323
397	325
398	326
399	326
400	327
401	329
402	330
403	330
404	330
405	330
406	330
407	330
408	331
409	331
410	332
411	332
412	333
413	335
414	336
415	336
416	337
417	339
418	340
419	340
420	341
421	342
422	343
423	343
424	344
425	344
426	345
427	347
428	348
429	348
430	349
431	351
432	352
433	352
434	353
435	354
436	355
437	355
438	356
439	356
440	357
441	359
442	360
443	360
444	361
445	363
446	364
447	364
448	365
449	365
450	366
451	366
452	367
453	367
454	368
455	368
456	369
457	371
458	372
459	372
460	373
461	375
462	376
463	376
464	377
465	379
466	380
467	380
468	380
469	380
470	381
471	383
472	384
473	384
474	385
475	387
476	388
477	388
478	389
479	391
480	392
481	392
482	392
483	392
484	393
485	395
486	396
487	396
488	397
489	399
490	400
491	400
492	401
493	403
494	404
495	404
496	404
497	404
498	404
499	404
500	405
501	405
502	406
503	406
504	407
505	409
506	410
507	410
508	411
509	413
510	414
511	414
512	415
513	416
514	417
515	417
516	418
517	418
518	419
519	421
520	422
521	422
522	423
523	425
524	426
525	426
526	427
527	428
528	429
529	429
530	430
531	430
532	431
533	433
534	434
535	434
536	435
537	437
538	438
539	438
540	439
541	439
542	440
543	440
544	441
545	441
546	442
547	442
548	443
549	445
550	446
551	446
552	447
553	449
554	450
555	450
556	451
557	453
558	454
559	454
560	454
561	454
562	455
563	457
564	458
565	458
566	459
567	461
568	462
569	462
570	463
571	465
572	466
573	466
574	466
575	466
576	467
577	469
578	470
579	470
580	471
581	473
582	474
583	474
584	475
585	477
586	478
587	478
588	478
589	478
590	478
591	478
592	478
593	478
594	479
595	479
596	480
597	482
598	483
599	483
600	484
601	486
602	487
603	487
604	488
605	489
606	490
607	490
608	491
609	491
610	492
611	494
612	495
613	495
614	496
615	498
616	499
617	499
618	500
619	501
620	502
621	501
622	501
623	502
624	504
625	505
626	505
627	506
628	508
629	509
630	509
631	510
632	512
633	513
634	513
635	513
636	513
637	514
638	516
639	517
640	517
641	518
642	520
643	521
644	521
645	522
646	524
647	525
648	525
649	525
650	525
651	526
652	528
653	529
654	529
655	530
656	532
657	533
658	533
659	534
660	536
661	537
662	537
663	537
664	536
665	536
666	537
667	539
668	540
669	540
670	541
671	543
672	544
673	544
674	545
675	547
676	548
677	548
678	548
679	548
680	549
681	551
682	552
683	552
684	553
685	555
686	556
687	556
688	557
689	559
690	560
691	560
692	560
693	560
694	561
695	563
696	564
697	564
698	565
699	567
700	568
701	568
702	569
703	571
704	572
705	572
706	572
707	572
708	572
709	572
710	573
711	573
712	574
713	574
714	575
715	577
716	578
717	578
718	579
719	581
720	582
721	582
722	583
723	584
724	585
725	585
726	586
727	586
728	587
729	589
730	590
731	590
732	591
733	593
734	594
735	594
736	595
737	596
738	597
739	597
740	598
741	598
742	599
743	601
744	602
745	602
746	603
747	605
748	606
749	606
750	607
751	607
752	608
753	608
754	609
755	609
756	610
757	610
758	611
759	613
760	614
761	614
762	615
763	617
764	618
765	618
766	619
767	621
768	622
769	622
770	622
771	622
772	623
773	625
774	626
775	626
776	627
777	629
778	630
779	630
780	631
781	633
782	634
783	634
784	634
785	634
786	635
787	637
788	638
789	638
790	639
791	641
792	642
793	642
794	643
795	645
796	646
797	646
798	646
799	646
800	646
801	646
802	647
803	647
804	648
805	648
806	649
807	651
808	652
809	652
810	653
811	655
812	656
813	656
814	657
815	658
816	659
817	659
818	660
819	660
820	661
821	663
822	664
823	664
824	665
825	667
826	668
827	668
828	669
829	670
830	671
831	671
832	672
833	672
834	673
835	675
836	676
837	676
838	677
839	679
840	680
841	680
842	681
843	681
844	682
845	682
846	683
847	683
848	684
849	684
850	685
851	687
852	688
853	688
854	689
855	691
856	692
857	692
858	693
859	695
860	696
861	696
862	696
863	696
864	697
865	699
866	700
867	700
868	701
869	703
870	704
871	704
872	705
873	707
874	708
875	708
876	708
877	708
878	709
879	711
880	712
881	712
882	713
883	715
884	716
885	716
886	717
887	719
888	720
889	720
890	720
891	720
892	720
893	720
894	721
895	721
896	722
897	722
898	723
899	725
900	726
901	726
902	727
903	729
904	730
905	730
906	731
907	732
908	733
909	733
910	734
911	734
912	735
913	737
914	738
915	738
916	739
917	741
918	742
919	742
920	743
921	744
922	745
923	745
924	746
925	746
926	747
927	749
928	750
929	750
930	751
931	753
932	754
933	754
934	755
935	755
936	756
937	756
938	757
939	757
940	758
941	758
942	759
943	761
944	762
945	762
946	763
947	765
948	766
949	766
950	767
951	769
952	770
953	770
954	770
955	770
956	771
957	773
958	774
959	774
960	775
961	777
962	778
963	778
964	779
965	781
966	782
967	782
968	782
969	782
970	783
971	785
972	786
973	786
974	787
975	789
976	790
977	790
978	791
979	793
980	794
981	794
982	794
983	794
984	794
985	794
986	795
987	795
988	796
989	796
990	797
991	799
992	800
993	800
994	801
995	803
996	804
997	804
998	805
999	806
1000	807
1001	807
1002	808
1003	808
1004	809
1005	811
1006	812
1007	812
1008	813
1009	815
1010	816
1011	816
1012	817
1013	818
1014	819
1015	819
1016	820
1017	820
1018	821
1019	823
1020	824
1021	824
1022	825
1023	827
1024	828
1025	828
1026	829
1027	829
1028	830
1029	830
1030	831
1031	831
1032	832
1033	832
1034	833
1035	835
1036	836
1037	836
1038	837
1039	839
1040	840
1041	840
1042	841
1043	843
1044	844
1045	844
1046	844
1047	844
1048	845
1049	847
1050	848
1051	848
1052	849
1053	851
1054	852
1055	852
1056	853
1057	855
1058	856
1059	856
1060	856
1061	856
1062	857
1063	859
1064	860
1065	860
1066	861
1067	863
1068	864
1069	864
1070	865
1071	867
1072	868
1073	868
1074	868
1075	868
1076	868
1077	868
1078	869
1079	869
1080	870
1081	870
1082	871
1083	873
1084	874
1085	874
1086	875
1087	877
1088	878
1089	878
1090	879
1091	880
1092	881
1093	881
1094	882
1095	882
1096	883
1097	885
1098	886
1099	886
1100	887
1101	889
1102	890
1103	890
1104	891
1105	892
1106	893
1107	893
1108	894
1109	894
1110	895
1111	897
1112	898
1113	898
1114	899
1115	901
1116	902
1117	902
1118	903
1119	903
1120	904
1121	904
1122	905
1123	905
1124	906
1125	906
1126	907
1127	909
1128	910
1129	910
1130	911
1131	913
1132	914
1133	914
1134	915
1135	917
1136	918
1137	918
1138	918
1139	918
1140	919
1141	921
1142	922
1143	922
1144	923
1145	925
1146	926
1147	926
1148	927
1149	929
1150	930
1151	930
1152	930
1153	930
1154	931
1155	933
1156	934
1157	934
1158	935
1159	937
1160	938
1161	938
1162	939
1163	941
1164	942
1165	942
1166	942
1167	942
1168	942
1169	942
1170	942
1171	942
1172	943
1173	943
1174	944
1175	946
1176	947
1177	947
1178	948
1179	950
1180	951
1181	951
1182	952
1183	953
1184	954
1185	954
1186	955
1187	955
1188	956
1189	958
1190	959
1191	959
1192	960
1193	962
1194	963
1195	963
1196	964
1197	965
1198	966
1199	965
1200	965
1201	966
1202	968
1203	969
1204	969
1205	970
1206	972
1207	973
1208	973
1209	974
1210	976
1211	977
1212	977
1213	977
1214	977
1215	978
1216	980
1217	981
1218	981
1219	982
1220	984
1221	985
1222	985
1223	986
1224	988
1225	989
1226	989
1227	989
1228	989
1229	990
1230	992
1231	993
1232	993
1233	994
1234	996
1235	997
1236	997
1237	998
1238	1000
1239	1001
1240	1001
1241	1001
1242	1000
1243	1000
1244	1001
1245	1003
1246	1004
1247	1004
1248	1005
1249	1007
1250	1008
1251	1008
1252	1009
1253	1011
1254	1012
1255	1012
1256	1012
1257	1012
1258	1013
1259	1015
1260	1016
1261	1016
1262	1017
1263	1019
1264	1020
1265	1020
1266	1021
1267	1023
1268	1024
1269	1024
1270	1024
1271	1024
1272	1025
1273	1027
1274	1028
1275	1028
1276	1029
1277	1031
1278	1032
1279	1032
1280	1033
1281	1035
1282	1036
1283	1036
1284	1036
1285	1036
1286	1036
1287	1036
1288	1037
1289	1037
1290	1038
1291	1038
1292	1039
1293	1041
1294	1042
1295	1042
1296	1043
1297	1045
1298	1046
1299	1046
1300	1047
1301	1048
1302	1049
1303	1049
1304	1050
1305	1050
1306	1051
1307	1053
1308	1054
1309	1054
1310	1055
1311	1057
1312	1058
1313	1058
1314	1059
1315	1060
1316	1061
1317	1061
1318	1062
1319	1062
1320	1063
1321	1065
1322	1066
1323	1066
1324	1067
1325	1069
1326	1070
1327	1070
1328	1071
1329	1071
1330	1072
1331	1072
1332	1073
1333	1073
1334	1074
1335	1074
1336	1075
1337	1077
1338	1078
1339	1078
1340	1079
1341	1081
1342	1082
1343	1082
1344	1083
1345	1085
1346	1086
1347	1086
1348	1086
1349	1086
1350	1087
1351	1089
1352	1090
1353	1090
1354	1091
1355	1093
1356	1094
1357	1094
1358	1095
1359	1097
1360	1098
1361	1098
1362	1098
1363	1098
1364	1099
1365	1101
1366	1102
1367	1102
1368	1103
1369	1105
1370	1106
1371	1106
1372	1107
1373	1109
1374	1110
1375	1110
1376	1110
1377	1110
1378	1110
1379	1110
1380	1111
1381	1111
1382	1112
1383	1112
1384	1113
1385	1115
1386	1116
1387	1116
1388	1117
1389	1119
1390	1120
1391	1120
1392	1121
1393	1122
1394	1123
1395	1123
1396	1124
1397	1124
1398	1125
1399	1127
1400	1128
1401	1128
1402	1129
1403	1131
1404	1132
1405	1132
1406	1133
1407	1134
1408	1135
1409	1135
1410	1136
1411	1136
1412	1137
1413	1139
1414	1140
1415	1140
1416	1141
1417	1143
1418	1144
1419	1144
1420	1145
1421	1145
1422	1146
1423	1146
1424	1147
1425	1147
1426	1148
1427	1148
1428	1149
1429	1151
1430	1152
1431	1152
1432	1153
1433	1155
1434	1156
1435	1156
1436	1157
1437	1159
1438	1160
1439	1160
1440	1160
1441	1160
1442	1161
1443	1163
1444	1164
1445	1164
1446	1165
1447	1167
1448	1168
1449	1168
1450	1169
1451	1171
1452	1172
1453	1172
1454	1172
1455	1172
1456	1173
1457	1175
1458	1176
1459	1176
1460	1177
1461	1179
1462	1180
1463	1180
1464	1181
1465	1183
1466	1184
1467	1184
1468	1184
1469	1184
1470	1184
1471	1184
1472	1185
1473	1185
1474	1186
1475	1186
1476	1187
1477	1189
1478	1190
1479	1190
1480	1191
1481	1193
1482	1194
1483	1194
1484	1195
1485	1196
1486	1197
1487	1197
1488	1198
1489	1198
1490	1199
1491	1201
1492	1202
1493	1202
1494	1203
1495	1205
1496	1206
1497	1206
1498	1207
1499	1208
1500	1209
1501	1209
1502	1210
1503	1210
1504	1211
1505	1213
1506	1214
1507	1214
1508	1215
1509	1217
1510	1218
1511	1218
1512	1219
1513	1219
1514	1220
1515	1220
1516	1221
1517	1221
1518	1222
1519	1222
1520	1223
1521	1225
1522	1226
1523	1226
1524	1227
1525	1229
1526	1230
1527	1230
1528	1231
1529	1233
1530	1234
1531	1234
1532	1234
1533	1234
1534	1235
1535	1237
1536	1238
1537	1238
1538	1239
1539	1241
1540	1242
1541	1242
1542	1243
1543	1245
1544	1246
1545	1246
1546	1246
1547	1246
1548	1247
1549	1249
1550	1250
1551	1250
1552	1251
1553	1253
1554	1254
1555	1254
1556	1255
1557	1257
1558	1258
1559	1258
1560	1258
1561	1258
1562	1258
1563	1258
1564	1259
1565	1259
1566	1260
1567	1260
1568	1261
1569	1263
1570	1264
1571	1264
1572	1265
1573	1267
1574	1268
1575	1268
1576	1269
1577	1270
1578	1271
1579	1271
1580	1272
1581	1272
1582	1273
1583	1275
1584	1276
1585	1276
1586	1277
1587	1279
1588	1280
1589	1280
1590	1281
1591	1282
1592	1283
1593	1283
1594	1284
1595	1284
1596	1285
1597	1287
1598	1288
1599	1288
1600	1289
1601	1291
1602	1292
1603	1292
1604	1293
1605	1293
1606	1294
1607	1294
1608	1295
1609	1295
1610	1296
1611	1296
1612	1297
1613	1299
1614	1300
1615	1300
1616	1301
1617	1303
1618	1304
1619	1304
1620	1305
1621	1307
1622	1308
1623	1308
1624	1308
1625	1308
1626	1309
1627	1311
1628	1312
1629	1312
1630	1313
1631	1315
1632	1316
1633	1316
1634	1317
1635	1319
1636	1320
1637	1320
1638	1320
1639	1320
1640	1321
1641	1323
1642	1324
1643	1324
1644	1325
1645	1327
1646	1328
1647	1328
1648	1329
1649	1331
1650	1332
1651	1332
1652	1332
1653	1332
1654	1332
1655	1332
1656	1333
1657	1333
1658	1334
1659	1334
1660	1335
1661	1337
1662	1338
1663	1338
1664	1339
1665	1341
1666	1342
1667	1342
1668	1343
1669	1344
1670	1345
1671	1345
1672	1346
1673	1346
1674	1347
1675	1349
1676	1350
1677	1350
1678	1351
1679	1353
1680	1354
1681	1354
1682	1355
1683	1356
1684	1357
1685	1357
1686	1358
1687	1358
1688	1359
1689	1361
1690	1362
1691	1362
1692	1363
1693	1365
1694	1366
1695	1366
1696	1367
1697	1367
1698	1368
1699	1368
1700	1369
1701	1369
1702	1370
1703	1370
1704	1371
1705	1373
1706	1374
1707	1374
1708	1375
1709	1377
1710	1378
1711	1378
1712	1379
1713	1381
1714	1382
1715	1382
1716	1382
1717	1382
1718	1383
1719	1385
1720	1386
1721	1386
1722	1387
1723	1389
1724	1390
1725	1390
1726	1391
1727	1393
1728	1394
1729	1394
1730	1394
1731	1394
1732	1395
1733	1397
1734	1398
1735	1398
1736	1399
1737	1401
1738	1402
1739	1402
1740	1403
1741	1405
1742	1406
1743	1406
1744	1406
1745	1406
1746	1406
1747	1406
1748	1406
1749	1406
1750	1407
1751	1407
1752	1408
1753	1410
1754	1411
1755	1411
1756	1412
1757	1414
1758	1415
1759	1415
1760	1416
1761	1417
1762	1418
1763	1418
1764	1419
1765	1419
1766	1420
1767	1422
1768	1423
1769	1423
1770	1424
1771	1426
1772	1427
1773	1427
1774	1428
1775	1429
1776	1430
1777	1429
1778	1429
1779	1430
1780	1432
1781	1433
1782	1433
1783	1434
1784	1436
1785	1437
1786	1437
1787	1438
1788	1440
1789	1441
1790	1441
1791	1441
1792	1441
1793	1442
1794	1444
1795	1445
1796	1445
1797	1446
1798	1448
1799	1449
1800	1449
1801	1450
1802	1452
1803	1453
1804	1453
1805	1453
1806	1453
1807	1454
1808	1456
1809	1457
1810	1457
1811	1458
1812	1460
1813	1461
1814	1461
1815	1462
1816	1464
1817	1465
1818	1465
1819	1465
1820	1464
1821	1464
1822	1465
1823	1467
1824	1468
1825	1468
1826	1469
1827	1471
1828	1472
1829	1472
1830	1473
1831	1475
1832	1476
1833	1476
1834	1476
1835	1476
1836	1477
1837	1479
1838	1480
1839	1480
1840	1481
1841	1483
1842	1484
1843	1484
1844	1485
1845	1487
1846	1488
1847	1488
1848	1488
1849	1488
1850	1489
1851	1491
1852	1492
1853	1492
1854	1493
1855	1495
1856	1496
1857	1496
1858	1497
1859	1499
1860	1500
1861	1500
1862	1500
1863	1500
1864	1500
1865	1500
1866	1501
1867	1501
1868	1502
1869	1502
1870	1503
1871	1505
1872	1506
1873	1506
1874	1507
1875	1509
1876	1510
1877	1510
1878	1511
1879	1512
1880	1513
1881	1513
1882	1514
1883	1514
1884	1515
1885	1517
1886	1518
1887	1518
1888	1519
1889	1521
1890	1522
1891	1522
1892	1523
1893	1524
1894	1525
1895	1525
1896	1526
1897	1526
1898	1527
1899	1529
1900	1530
1901	1530
1902	1531
1903	1533
1904	1534
1905	1534
1906	1535
1907	1535
1908	1536
1909	1536
1910	1537
1911	1537
1912	1538
1913	1538
1914	1539
1915	1541
1916	1542
1917	1542
1918	1543
1919	1545
1920	1546
1921	1546
1922	1547
1923	1549
1924	1550
1925	1550
1926	1550
1927	1550
1928	1551
1929	1553
1930	1554
1931	1554
1932	1555
1933	1557
1934	1558
1935	1558
1936	1559
1937	1561
1938	1562
1939	1562
1940	1562
1941	1562
1942	1563
1943	1565
1944	1566
1945	1566
1946	1567
1947	1569
1948	1570
1949	1570
1950	1571
1951	1573
1952	1574
1953	1574
1954	1574
1955	1574
1956	1574
1957	1574
1958	1575
1959	1575
1960	1576
1961	1576
1962	1577
1963	1579
1964	1580
1965	1580
1966	1581
1967	1583
1968	1584
1969	1584
1970	1585
1971	1586
1972	1587
1973	1587
1974	1588
1975	1588
1976	1589
1977	1591
1978	1592
1979	1592
1980	1593
1981	1595
1982	1596
1983	1596
1984	1597
1985	1598
1986	1599
1987	1599
1988	1600
1989	1600
1990	1601
1991	1603
1992	1604
1993	1604
1994	1605
1995	1607
1996	1608
1997	1608
1998	1609
1999	1609
2000	1610
2001	1610
2002	1611
2003	1611
2004	1612
2005	1612
2006	1613
2007	1615
2008	1616
2009	1616
2010	1617
2011	1619
2012	1620
2013	1620
2014	1621
2015	1623
2016	1624
2017	1624
2018	1624
2019	1624
2020	1625
2021	1627
2022	1628
2023	1628
2024	1629
2025	1631
2026	1632
2027	1632
2028	1633
2029	1635
2030	1636
2031	1636
2032	1636
2033	1636
2034	1637
2035	1639
2036	1640
2037	1640
2038	1641
2039	1643
2040	1644
2041	1644
2042	1645
2043	1647
2044	1648
2045	1648
2046	1648
2047	1648
2048	1648
2049	1648
2050	1649
2051	1649
2052	1650
2053	1650
2054	1651
2055	1653
2056	1654
2057	1654
2058	1655
2059	1657
2060	1658
2061	1658
2062	1659
2063	1660
2064	1661
2065	1661
2066	1662
2067	1662
2068	1663
2069	1665
2070	1666
2071	1666
2072	1667
2073	1669
2074	1670
2075	1670
2076	1671
2077	1672
2078	1673
2079	1673
2080	1674
2081	1674
2082	1675
2083	1677
2084	1678
2085	1678
2086	1679
2087	1681
2088	1682
2089	1682
2090	1683
2091	1683
2092	1684
2093	1684
2094	1685
2095	1685
2096	1686
2097	1686
2098	1687
2099	1689
2100	1690
2101	1690
2102	1691
2103	1693
2104	1694
2105	1694
2106	1695
2107	1697
2108	1698
2109	1698
2110	1698
2111	1698
2112	1699
2113	1701
2114	1702
2115	1702
2116	1703
2117	1705
2118	1706
2119	1706
2120	1707
2121	1709
2122	1710
2123	1710
2124	1710
2125	1710
2126	1711
2127	1713
2128	1714
2129	1714
2130	1715
2131	1717
2132	1718
2133	1718
2134	1719
2135	1721
2136	1722
2137	1722
2138	1722
2139	1722
2140	1722
2141	1722
2142	1723
2143	1723
2144	1724
2145	1724
2146	1725
2147	1727
2148	1728
2149	1728
2150	1729
2151	1731
2152	1732
2153	1732
2154	1733
2155	1734
2156	1735
2157	1735
2158	1736
2159	1736
2160	1737
2161	1739
2162	1740
2163	1740
2164	1741
2165	1743
2166	1744
2167	1744
2168	1745
2169	1746
2170	1747
2171	1747
2172	1748
2173	1748
2174	1749
2175	1751
2176	1752
2177	1752
2178	1753
2179	1755
2180	1756
2181	1756
2182	1757
2183	1757
2184	1758
2185	1758
2186	1759
2187	1759
2188	1760
2189	1760
2190	1761
2191	1763
2192	1764
2193	1764
2194	1765
2195	1767
2196	1768
2197	1768
2198	1769
2199	1771
2200	1772
2201	1772
2202	1772
2203	1772
2204	1773
2205	1775
2206	1776
2207	1776
2208	1777
2209	1779
2210	1780
2211	1780
2212	1781
2213	1783
2214	1784
2215	1784
2216	1784
2217	1784
2218	1785
2219	1787
2220	1788
2221	1788
2222	1789
2223	1791
2224	1792
2225	1792
2226	1793
2227	1795
2228	1796
2229	1796
2230	1796
2231	1796
2232	1796
2233	1796
2234	1797
2235	1797
2236	1798
2237	1798
2238	1799
2239	1801
2240	1802
2241	1802
2242	1803
2243	1805
2244	1806
2245	1806
2246	1807
2247	1808
2248	1809
2249	1809
2250	1810
2251	1810
2252	1811
2253	1813
2254	1814
2255	1814
2256	1815
2257	1817
2258	1818
2259	1818
2260	1819
2261	1820
2262	1821
2263	1821
2264	1822
2265	1822
2266	1823
2267	1825
2268	1826
2269	1826
2270	1827
2271	1829
2272	1830
2273	1830
2274	1831
2275	1831
2276	1832
2277	1832
2278	1833
2279	1833
2280	1834
2281	1834
2282	1835
2283	1837
2284	1838
2285	1838
2286	1839
2287	1841
2288	1842
2289	1842
2290	1843
2291	1845
2292	1846
2293	1846
2294	1846
2295	1846
2296	1847
2297	1849
2298	1850
2299	1850
2300	1851
2301	1853
2302	1854
2303	1854
2304	1855
2305	1857
2306	1858
2307	1858
2308	1858
2309	1858
2310	1859
2311	1861
2312	1862
2313	1862
2314	1863
2315	1865
2316	1866
2317	1866
2318	1867
2319	1869
2320	1870
2321	1870
2322	1870
2323	1870
2324	1870
2325	1870
2326	1870
2327	1870
2328	1871
2329	1871
2330	1872
2331	1874
2332	1875
2333	1875
2334	1876
2335	1878
2336	1879
2337	1879
2338	1880
2339	1881
2340	1882
2341	1882
2342	1883
2343	1883
2344	1884
2345	1886
2346	1887
2347	1887
2348	1888
2349	1890
2350	1891
2351	1891
2352	1892
2353	1893
2354	1894
2355	1893
2356	1893
2357	1893
2358	1893
2359	1894
2360	1894
2361	1895
2362	1895
2363	1896
2364	1898
2365	1899
2366	1899
2367	1900
2368	1902
2369	1903
2370	1903
2371	1904
2372	1906
2373	1907
2374	1907
2375	1907
2376	1907
2377	1908
2378	1910
2379	1911
2380	1911
2381	1912
2382	1914
2383	1915
2384	1915
2385	1916
2386	1918
2387	1919
2388	1919
2389	1919
2390	1919
2391	1920
2392	1922
2393	1923
2394	1923
2395	1924
2396	1926
2397	1927
2398	1927
2399	1928
2400	1930
2401	1931
2402	1931
2403	1931
2404	1931
2405	1931
2406	1931
2407	1932
2408	1932
2409	1933
2410	1933
2411	1934
2412	1936
2413	1937
2414	1937
2415	1938
2416	1940
2417	1941
2418	1941
2419	1942
2420	1943
2421	1944
2422	1944
2423	1945
2424	1945
2425	1946
2426	1948
2427	1949
2428	1949
2429	1950
2430	1952
2431	1953
2432	1953
2433	1954
2434	1955
2435	1956
2436	1956
2437	1957
2438	1957
2439	1958
2440	1960
2441	1961
2442	1961
2443	1962
2444	1964
2445	1965
2446	1965
2447	1966
2448	1966
2449	1967
2450	1967
2451	1968
2452	1968
2453	1969
2454	1969
2455	1970
2456	1972
2457	1973
2458	1973
2459	1974
2460	1976
2461	1977
2462	1977
2463	1978
2464	1980
2465	1981
2466	1981
2467	1981
2468	1981
2469	1982
2470	1984
2471	1985
2472	1985
2473	1986
2474	1988
2475	1989
2476	1989
2477	1990
2478	1992
2479	1993
2480	1993
2481	1993
2482	1993
2483	1994
2484	1996
2485	1997
2486	1997
2487	1998
2488	2000
2489	2001
2490	2001
2491	2002
2492	2004
2493	2005
2494	2005
2495	2005
2496	2005
2497	2005
2498	2005
2499	2006
2500	2006
2501	2007
2502	2007
2503	2008
2504	2010
2505	2011
2506	2011
2507	2012
2508	2014
2509	2015
2510	2015
2511	2016
2512	2017
2513	2018
2514	2018
2515	2019
2516	2019
2517	2020
2518	2022
2519	2023
2520	2023
2521	2024
2522	2026
2523	2027
2524	2027
2525	2028
2526	2029
2527	2030
2528	2030
2529	2031
2530	2031
2531	2032
2532	2034
2533	2035
2534	2035
2535	2036
2536	2038
2537	2039
2538	2039
2539	2040
2540	2040
2541	2041
2542	2041
2543	2042
2544	2042
2545	2043
2546	2043
2547	2044
2548	2046
2549	2047
2550	2047
2551	2048
2552	2050
2553	2051
2554	2051
2555	2052
2556	2054
2557	2055
2558	2055
2559	2055
2560	2055
2561	2056
2562	2058
2563	2059
2564	2059
2565	2060
2566	2062
2567	2063
2568	2063
2569	2064
2570	2066
2571	2067
2572	2067
2573	2067
2574	2067
2575	2068
2576	2070
2577	2071
2578	2071
2579	2072
2580	2074
2581	2075
2582	2075
2583	2076
2584	2078
2585	2079
2586	2079
2587	2079
2588	2079
2589	2079
2590	2079
2591	2080
2592	2080
2593	2081
2594	2081
2595	2082
2596	2084
2597	2085
2598	2085
2599	2086
2600	2088
2601	2089
2602	2089
2603	2090
2604	2091
2605	2092
2606	2092
2607	2093
2608	2093
2609	2094
2610	2096
2611	2097
2612	2097
2613	2098
2614	2100
2615	2101
2616	2101
2617	2102
2618	2103
2619	2104
2620	2104
2621	2105
2622	2105
2623	2106
2624	2108
2625	2109
2626	2109
2627	2110
2628	2112
2629	2113
2630	2113
2631	2114
2632	2114
2633	2115
2634	2115
2635	2116
2636	2116
2637	2117
2638	2117
2639	2118
2640	2120
2641	2121
2642	2121
2643	2122
2644	2124
2645	2125
2646	2125
2647	2126
2648	2128
2649	2129
2650	2129
2651	2129
2652	2129
2653	2130
2654	2132
2655	2133
2656	2133
2657	2134
2658	2136
2659	2137
2660	2137
2661	2138
2662	2140
2663	2141
2664	2141
2665	2141
2666	2141
2667	2142
2668	2144
2669	2145
2670	2145
2671	2146
2672	2148
2673	2149
2674	2149
2675	2150
2676	2152
2677	2153
2678	2153
2679	2153
2680	2153
2681	2153
2682	2153
2683	2154
2684	2154
2685	2155
2686	2155
2687	2156
2688	2158
2689	2159
2690	2159
2691	2160
2692	2162
2693	2163
2694	2163
2695	2164
2696	2165
2697	2166
2698	2166
2699	2167
2700	2167
2701	2168
2702	2170
2703	2171
2704	2171
2705	2172
2706	2174
2707	2175
2708	2175
2709	2176
2710	2177
2711	2178
2712	2178
2713	2179
2714	2179
2715	2180
2716	2182
2717	2183
2718	2183
2719	2184
2720	2186
2721	2187
2722	2187
2723	2188
2724	2188
2725	2189
2726	2189
2727	2190
2728	2190
2729	2191
2730	2191
2731	2192
2732	2194
2733	2195
2734	2195
2735	2196
2736	2198
2737	2199
2738	2199
2739	2200
2740	2202
2741	2203
2742	2203
2743	2203
2744	2203
2745	2204
2746	2206
2747	2207
2748	2207
2749	2208
2750	2210
2751	2211
2752	2211
2753	2212
2754	2214
2755	2215
2756	2215
2757	2215
2758	2215
2759	2216
2760	2218
2761	2219
2762	2219
2763	2220
2764	2222
2765	2223
2766	2223
2767	2224
2768	2226
2769	2227
2770	2227
2771	2227
2772	2227
2773	2227
2774	2227
2775	2228
2776	2228
2777	2229
2778	2229
2779	2230
2780	2232
2781	2233
2782	2233
2783	2234
2784	2236
2785	2237
2786	2237
2787	2238
2788	2239
2789	2240
2790	2240
2791	2241
2792	2241
2793	2242
2794	2244
2795	2245
2796	2245
2797	2246
2798	2248
2799	2249
2800	2249
2801	2250
2802	2251
2803	2252
2804	2252
2805	2253
2806	2253
2807	2254
2808	2256
2809	2257
2810	2257
2811	2258
2812	2260
2813	2261
2814	2261
2815	2262
2816	2262
2817	2263
2818	2263
2819	2264
2820	2264
2821	2265
2822	2265
2823	2266
2824	2268
2825	2269
2826	2269
2827	2270
2828	2272
2829	2273
2830	2273
2831	2274
2832	2276
2833	2277
2834	2277
2835	2277
2836	2277
2837	2278
2838	2280
2839	2281
2840	2281
2841	2282
2842	2284
2843	2285
2844	2285
2845	2286
2846	2288
2847	2289
2848	2289
2849	2289
2850	2289
2851	2290
2852	2292
2853	2293
2854	2293
2855	2294
2856	2296
2857	2297
2858	2297
2859	2298
2860	2300
2861	2301
2862	2301
2863	2301
2864	2301
2865	2301
2866	2300
2867	2300
2868	2301
2869	2303
2870	2304
2871	2304
2872	2305
2873	2307
2874	2308
2875	2308
2876	2309
2877	2311
2878	2312
2879	2312
2880	2312
2881	2312
2882	2313
2883	2315
2884	2316
2885	2316
2886	2317
2887	2319
2888	2320
2889	2320
2890	2321
2891	2323
2892	2324
2893	2324
2894	2324
2895	2324
2896	2325
2897	2327
2898	2328
2899	2328
2900	2329
2901	2331
2902	2332
2903	2332
2904	2333
2905	2335
2906	2336
2907	2336
2908	2336
2909	2336
2910	2336
2911	2336
2912	2337
2913	2337
2914	2338
2915	2338
2916	2339
2917	2341
2918	2342
2919	2342
2920	2343
2921	2345
2922	2346
2923	2346
2924	2347
2925	2348
2926	2349
2927	2349
2928	2350
2929	2350
2930	2351
2931	2353
2932	2354
2933	2354
2934	2355
2935	2357
2936	2358
2937	2358
2938	2359
2939	2360
2940	2361
2941	2361
2942	2362
2943	2362
2944	2363
2945	2365
2946	2366
2947	2366
2948	2367
2949	2369
2950	2370
2951	2370
2952	2371
2953	2371
2954	2372
2955	2372
2956	2373
2957	2373
2958	2374
2959	2374
2960	2375
2961	2377
2962	2378
2963	2378
2964	2379
2965	2381
2966	2382
2967	2382
2968	2383
2969	2385
2970	2386
2971	2386
2972	2386
2973	2386
2974	2387
2975	2389
2976	2390
2977	2390
2978	2391
2979	2393
2980	2394
2981	2394
2982	2395
2983	2397
2984	2398
2985	2398
2986	2398
2987	2398
2988	2399
2989	2401
2990	2402
2991	2402
2992	2403
2993	2405
2994	2406
2995	2406
2996	2407
2997	2409
2998	2410
2999	2410
3000	2410
3001	2410
3002	2410
3003	2410
3004	2411
3005	2411
3006	2412
3007	2412
3008	2413
3009	2415
3010	2416
3011	2416
3012	2417
3013	2419
3014	2420
3015	2420
3016	2421
3017	2422
3018	2423
3019	2423
3020	2424
3021	2424
3022	2425
3023	2427
3024	2428
3025	2428
3026	2429
3027	2431
3028	2432
3029	2432
3030	2433
3031	2434
3032	2435
3033	2435
3034	2436
3035	2436
3036	2437
3037	2439
3038	2440
3039	2440
3040	2441
3041	2443
3042	2444
3043	2444
3044	2445
3045	2445
3046	2446
3047	2446
3048	2447
3049	2447
3050	2448
3051	2448
3052	2449
3053	2451
3054	2452
3055	2452
3056	2453
3057	2455
3058	2456
3059	2456
3060	2457
3061	2459
3062	2460
3063	2460
3064	2460
3065	2460
3066	2461
3067	2463
3068	2464
3069	2464
3070	2465
3071	2467
3072	2468
3073	2468
3074	2469
3075	2471
3076	2472
3077	2472
3078	2472
3079	2472
3080	2473
3081	2475
3082	2476
3083	2476
3084	2477
3085	2479
3086	2480
3087	2480
3088	2481
3089	2483
3090	2484
3091	2484
3092	2484
3093	2484
3094	2484
3095	2484
3096	2485
3097	2485
3098	2486
3099	2486
3100	2487
3101	2489
3102	2490
3103	2490
3104	2491
3105	2493
3106	2494
3107	2494
3108	2495
3109	2496
3110	2497
3111	2497
3112	2498
3113	2498
3114	2499
3115	2501
3116	2502
3117	2502
3118	2503
3119	2505
3120	2506
3121	2506
3122	2507
3123	2508
3124	2509
3125	2509
3126	2510
3127	2510
3128	2511
3129	2513
3130	2514
3131	2514
3132	2515
3133	2517
3134	2518
3135	2518
3136	2519
3137	2519
3138	2520
3139	2520
3140	2521
3141	2521
3142	2522
3143	2522
3144	2523
3145	2524
3146	2525
3147	2525
3148	2526
3149	2528
3150	2529
3151	2529
3152	2530
3153	2531
3154	2532
3155	2532
3156	2533
3157	2533
3158	2534
3159	2536
3160	2537
3161	2537
3162	2538
3163	2540
3164	2541
3165	2541
3166	2542
3167	2543
3168	2544
3169	2543
3170	2543
3171	2544
3172	2546
3173	2547
3174	2547
3175	2548
3176	2550
3177	2551
3178	2551
3179	2552
3180	2554
3181	2555
3182	2555
3183	2555
3184	2555
3185	2556
3186	2558
3187	2559
3188	2559
3189	2560
3190	2562
3191	2563
3192	2563
3193	2564
3194	2566
3195	2567
3196	2567
3197	2567
3198	2567
3199	2568
3200	2570
3201	2571
3202	2571
3203	2572
3204	2574
3205	2575
3206	2575
3207	2576
3208	2578
3209	2579
3210	2579
3211	2579
3212	2578
3213	2578
3214	2579
3215	2581
3216	2582
3217	2582
3218	2583
3219	2585
3220	2586
3221	2586
3222	2587
3223	2589
3224	2590
3225	2590
3226	2590
3227	2590
3228	2591
3229	2593
3230	2594
3231	2594
3232	2595
3233	2597
3234	2598
3235	2598
3236	2599
3237	2601
3238	2602
3239	2602
3240	2602
3241	2602
3242	2603
3243	2605
3244	2606
3245	2606
3246	2607
3247	2609
3248	2610
3249	2610
3250	2611
3251	2613
3252	2614
3253	2614
3254	2614
3255	2614
3256	2614
3257	2614
3258	2615
3259	2615
3260	2616
3261	2616
3262	2617
3263	2619
3264	2620
3265	2620
3266	2621
3267	2623
3268	2624
3269	2624
3270	2625
3271	2626
3272	2627
3273	2627
3274	2628
3275	2628
3276	2629
3277	2631
3278	2632
3279	2632
3280	2633
3281	2635
3282	2636
3283	2636
3284	2637
3285	2638
3286	2639
3287	2639
3288	2640
3289	2640
3290	2641
3291	2643
3292	2644
3293	2644
3294	2645
3295	2647
3296	2648
3297	2648
3298	2649
3299	2649
3300	2650
3301	2650
3302	2651
3303	2651
3304	2652
3305	2652
3306	2653
3307	2655
3308	2656
3309	2656
3310	2657
3311	2659
3312	2660
3313	2660
3314	2661
3315	2663
3316	2664
3317	2664
3318	2664
3319	2664
3320	2665
3321	2667
3322	2668
3323	2668
3324	2669
3325	2671
3326	2672
3327	2672
3328	2673
3329	2675
3330	2676
3331	2676
3332	2676
3333	2676
3334	2677
3335	2679
3336	2680
3337	2680
3338	2681
3339	2683
3340	2684
3341	2684
3342	2685
3343	2687
3344	2688
3345	2688
3346	2688
3347	2688
3348	2688
3349	2688
3350	2689
3351	2689
3352	2690
3353	2690
3354	2691
3355	2693
3356	2694
3357	2694
3358	2695
3359	2697
3360	2698
3361	2698
3362	2699
3363	2700
3364	2701
3365	2701
3366	2702
3367	2702
3368	2703
3369	2705
3370	2706
3371	2706
3372	2707
3373	2709
3374	2710
3375	2710
3376	2711
3377	2712
3378	2713
3379	2713
3380	2714
3381	2714
3382	2715
3383	2717
3384	2718
3385	2718
3386	2719
3387	2721
3388	2722
3389	2722
3390	2723
3391	2723
3392	2724
3393	2724
3394	2725
3395	2725
3396	2726
3397	2726
3398	2727
3399	2729
3400	2730
3401	2730
3402	2731
3403	2733
3404	2734
3405	2734
3406	2735
3407	2737
3408	2738
3409	2738
3410	2738
3411	2738
3412	2739
3413	2741
3414	2742
3415	2742
3416	2743
3417	2745
3418	2746
3419	2746
3420	2747
3421	2749
3422	2750
3423	2750
3424	2750
3425	2750
3426	2751
3427	2753
3428	2754
3429	2754
3430	2755
3431	2757
3432	2758
3433	2758
3434	2759
3435	2761
3436	2762
3437	2762
3438	2762
3439	2762
3440	2762
3441	2762
3442	2763
3443	2763
3444	2764
3445	2764
3446	2765
3447	2767
3448	2768
3449	2768
3450	2769
3451	2771
3452	2772
3453	2772
3454	2773
3455	2774
3456	2775
3457	2775
3458	2776
3459	2776
3460	2777
3461	2779
3462	2780
3463	2780
3464	2781
3465	2783
3466	2784
3467	2784
3468	2785
3469	2786
3470	2787
3471	2787
3472	2788
3473	2788
3474	2789
3475	2791
3476	2792
3477	2792
3478	2793
3479	2795
3480	2796
3481	2796
3482	2797
3483	2797
3484	2798
3485	2798
3486	2799
3487	2799
3488	2800
3489	2800
3490	2801
3491	2803
3492	2804
3493	2804
3494	2805
3495	2807
3496	2808
3497	2808
3498	2809
3499	2811
3500	2812
3501	2812
3502	2812
3503	2812
3504	2813
3505	2815
3506	2816
3507	2816
3508	2817
3509	2819
3510	2820
3511	2820
3512	2821
3513	2823
3514	2824
3515	2824
3516	2824
3517	2824
3518	2825
3519	2827
3520	2828
3521	2828
3522	2829
3523	2831
3524	2832
3525	2832
3526	2833
3527	2835
3528	2836
3529	2836
3530	2836
3531	2836
3532	2836
3533	2836
3534	2837
3535	2837
3536	2838
3537	2838
3538	2839
3539	2841
3540	2842
3541	2842
3542	2843
3543	2845
3544	2846
3545	2846
3546	2847
3547	2848
3548	2849
3549	2849
3550	2850
3551	2850
3552	2851
3553	2853
3554	2854
3555	2854
3556	2855
3557	2857
3558	2858
3559	2858
3560	2859
3561	2860
3562	2861
3563	2861
3564	2862
3565	2862
3566	2863
3567	2865
3568	2866
3569	2866
3570	2867
3571	2869
3572	2870
3573	2870
3574	2871
3575	2871
3576	2872
3577	2872
3578	2873
3579	2873
3580	2874
3581	2874
3582	2875
3583	2877
3584	2878
3585	2878
3586	2879
3587	2881
3588	2882
3589	2882
3590	2883
3591	2885
3592	2886
3593	2886
3594	2886
3595	2886
3596	2887
3597	2889
3598	2890
3599	2890
3600	2891
3601	2893
3602	2894
3603	2894
3604	2895
3605	2897
3606	2898
3607	2898
3608	2898
3609	2898
3610	2899
3611	2901
3612	2902
3613	2902
3614	2903
3615	2905
3616	2906
3617	2906
3618	2907
3619	2909
3620	2910
3621	2910
3622	2910
3623	2910
3624	2910
3625	2910
3626	2911
3627	2911
3628	2912
3629	2912
3630	2913
3631	2915
3632	2916
3633	2916
3634	2917
3635	2919
3636	2920
3637	2920
3638	2921
3639	2922
3640	2923
3641	2923
3642	2924
3643	2924
3644	2925
3645	2927
3646	2928
3647	2928
3648	2929
3649	2931
3650	2932
3651	2932
3652	2933
3653	2934
3654	2935
3655	2935
3656	2936
3657	2936
3658	2937
3659	2939
3660	2940
3661	2940
3662	2941
3663	2943
3664	2944
3665	2944
3666	2945
3667	2945
3668	2946
3669	2946
3670	2947
3671	2947
3672	2948
3673	2948
3674	2949
3675	2951
3676	2952
3677	2952
3678	2953
3679	2955
3680	2956
3681	2956
3682	2957
3683	2959
3684	2960
3685	2960
3686	2960
3687	2960
3688	2961
3689	2963
3690	2964
3691	2964
3692	2965
3693	2967
3694	2968
3695	2968
3696	2969
3697	2971
3698	2972
3699	2972
3700	2972
3701	2972
3702	2973
3703	2975
3704	2976
3705	2976
3706	2977
3707	2979
3708	2980
3709	2980
3710	2981
3711	2983
3712	2984
3713	2984
3714	2984
3715	2984
3716	2984
3717	2984
3718	2984
3719	2984
3720	2985
3721	2985
3722	2986
3723	2988
3724	2989
3725	2989
3726	2990
3727	2992
3728	2993
3729	2993
3730	2994
3731	2995
3732	2996
3733	2996
3734	2997
3735	2997
3736	2998
3737	3000
3738	3001
3739	3001
3740	3002
3741	3004
3742	3005
3743	3005
3744	3006
3745	3007
3746	3008
3747	3007
3748	3007
3749	3008
3750	3010
3751	3011
3752	3011
3753	3012
3754	3014
3755	3015
3756	3015
3757	3016
3758	3018
3759	3019
3760	3019
3761	3019
3762	3019
3763	3020
3764	3022
3765	3023
3766	3023
3767	3024
3768	3026
3769	3027
3770	3027
3771	3028
3772	3030
3773	3031
3774	3031
3775	3031
3776	3031
3777	3032
3778	3034
3779	3035
3780	3035
3781	3036
3782	3038
3783	3039
3784	3039
3785	3040
3786	3042
3787	3043
3788	3043
3789	3043
3790	3042
3791	3042
3792	3043
3793	3045
3794	3046
3795	3046
3796	3047
3797	3049
3798	3050
3799	3050
3800	3051
3801	3053
3802	3054
3803	3054
3804	3054
3805	3054
3806	3055
3807	3057
3808	3058
3809	3058
3810	3059
3811	3061
3812	3062
3813	3062
3814	3063
3815	3065
3816	3066
3817	3066
3818	3066
3819	3066
3820	3067
3821	3069
3822	3070
3823	3070
3824	3071
3825	3073
3826	3074
3827	3074
3828	3075
3829	3077
3830	3078
3831	3078
3832	3078
3833	3078
3834	3078
3835	3078
3836	3079
3837	3079
3838	3080
3839	3080
3840	3081
3841	3083
3842	3084
3843	3084
3844	3085
3845	3087
3846	3088
3847	3088
3848	3089
3849	3090
3850	3091
3851	3091
3852	3092
3853	3092
3854	3093
3855	3095
3856	3096
3857	3096
3858	3097
3859	3099
3860	3100
3861	3100
3862	3101
3863	3102
3864	3103
3865	3103
3866	3104
3867	3104
3868	3105
3869	3107
3870	3108
3871	3108
3872	3109
3873	3111
3874	3112
3875	3112
3876	3113
3877	3113
3878	3114
3879	3114
3880	3115
3881	3115
3882	3116
3883	3116
3884	3117
3885	3119
3886	3120
3887	3120
3888	3121
3889	3123
3890	3124
3891	3124
3892	3125
3893	3127
3894	3128
3895	3128
3896	3128
3897	3128
3898	3129
3899	3131
3900	3132
3901	3132
3902	3133
3903	3135
3904	3136
3905	3136
3906	3137
3907	3139
3908	3140
3909	3140
3910	3140
3911	3140
3912	3141
3913	3143
3914	3144
3915	3144
3916	3145
3917	3147
3918	3148
3919	3148
3920	3149
3921	3151
3922	3152
3923	3152
3924	3152
3925	3152
3926	3152
3927	3152
3928	3153
3929	3153
3930	3154
3931	3154
3932	3155
3933	3157
3934	3158
3935	3158
3936	3159
3937	3161
3938	3162
3939	3162
3940	3163
3941	3164
3942	3165
3943	3165
3944	3166
3945	3166
3946	3167
3947	3169
3948	3170
3949	3170
3950	3171
3951	3173
3952	3174
3953	3174
3954	3175
3955	3176
3956	3177
3957	3177
3958	3178
3959	3178
3960	3179
3961	3181
3962	3182
3963	3182
3964	3183
3965	3185
3966	3186
3967	3186
3968	3187
3969	3187
3970	3188
3971	3188
3972	3189
3973	3189
3974	3190
3975	3190
3976	3191
3977	3193
3978	3194
3979	3194
3980	3195
3981	3197
3982	3198
3983	3198
3984	3199
3985	3201
3986	3202
3987	3202
3988	3202
3989	3202
3990	3203
3991	3205
3992	3206
3993	3206
3994	3207
3995	3209
3996	3210
3997	3210
3998	3211
3999	3213
4000	3214
4001	3214
4002	3214
4003	3214
4004	3215
4005	3217
4006	3218
4007	3218
4008	3219
4009	3221
4010	3222
4011	3222
4012	3223
4013	3225
4014	3226
4015	3226
4016	3226
4017	3226
4018	3226
4019	3226
4020	3227
4021	3227
4022	3228
4023	3228
4024	3229
4025	3231
4026	3232
4027	3232
4028	3233
4029	3235
4030	3236
4031	3236
4032	3237
4033	3238
4034	3239
4035	3239
4036	3240
4037	3240
4038	3241
4039	3243
4040	3244
4041	3244
4042	3245
4043	3247
4044	3248
4045	3248
4046	3249
4047	3250
4048	3251
4049	3251
4050	3252
4051	3252
4052	3253
4053	3255
4054	3256
4055	3256
4056	3257
4057	3259
4058	3260
4059	3260
4060	3261
4061	3261
4062	3262
4063	3262
4064	3263
4065	3263
4066	3264
4067	3264
4068	3265
4069	3267
4070	3268
4071	3268
4072	3269
4073	3271
4074	3272
4075	3272
4076	3273
4077	3275
4078	3276
4079	3276
4080	3276
4081	3276
4082	3277
4083	3279
4084	3280
4085	3280
4086	3281
4087	3283
4088	3284
4089	3284
4090	3285
4091	3287
4092	3288
4093	3288
4094	3288
4095	3288
4096	3289
4097	3291
4098	3292
4099	3292
4100	3293
4101	3295
4102	3296
4103	3296
4104	3297
4105	3299
4106	3300
4107	3300
4108	3300
4109	3300
4110	3300
4111	3300
4112	3301
4113	3301
4114	3302
4115	3302
4116	3303
4117	3305
4118	3306
4119	3306
4120	3307
4121	3309
4122	3310
4123	3310
4124	3311
4125	3312
4126	3313
4127	3313
4128	3314
4129	3314
4130	3315
4131	3317
4132	3318
4133	3318
4134	3319
4135	3321
4136	3322
4137	3322
4138	3323
4139	3324
4140	3325
4141	3325
4142	3326
4143	3326
4144	3327
4145	3329
4146	3330
4147	3330
4148	3331
4149	3333
4150	3334
4151	3334
4152	3335
4153	3335
4154	3336
4155	3336
4156	3337
4157	3337
4158	3338
4159	3338
4160	3339
4161	3341
4162	3342
4163	3342
4164	3343
4165	3345
4166	3346
4167	3346
4168	3347
4169	3349
4170	3350
4171	3350
4172	3350
4173	3350
4174	3351
4175	3353
4176	3354
4177	3354
4178	3355
4179	3357
4180	3358
4181	3358
4182	3359
4183	3361
4184	3362
4185	3362
4186	3362
4187	3362
4188	3363
4189	3365
4190	3366
4191	3366
4192	3367
4193	3369
4194	3370
4195	3370
4196	3371
4197	3373
4198	3374
4199	3374
4200	3374
4201	3374
4202	3374
4203	3374
4204	3375
4205	3375
4206	3376
4207	3376
4208	3377
4209	3379
4210	3380
4211	3380
4212	3381
4213	3383
4214	3384
4215	3384
4216	3385
4217	3386
4218	3387
4219	3387
4220	3388
4221	3388
4222	3389
4223	3391
4224	3392
4225	3392
4226	3393
4227	3395
4228	3396
4229	3396
4230	3397
4231	3398
4232	3399
4233	3399
4234	3400
4235	3400
4236	3401
4237	3403
4238	3404
4239	3404
4240	3405
4241	3407
4242	3408
4243	3408
4244	3409
4245	3409
4246	3410
4247	3410
4248	3411
4249	3411
4250	3412
4251	3412
4252	3413
4253	3415
4254	3416
4255	3416
4256	3417
4257	3419
4258	3420
4259	3420
4260	3421
4261	3423
4262	3424
4263	3424
4264	3424
4265	3424
4266	3425
4267	3427
4268	3428
4269	3428
4270	3429
4271	3431
4272	3432
4273	3432
4274	3433
4275	3435
4276	3436
4277	3436
4278	3436
4279	3436
4280	3437
4281	3439
4282	3440
4283	3440
4284	3441
4285	3443
4286	3444
4287	3444
4288	3445
4289	3447
4290	3448
4291	3448
4292	3448
4293	3448
4294	3448
4295	3448
4296	3448
4297	3448
4298	3449
4299	3449
4300	3450
4301	3452
4302	3453
4303	3453
4304	3454
4305	3456
4306	3457
4307	3457
4308	3458
4309	3459
4310	3460
4311	3460
4312	3461
4313	3461
4314	3462
4315	3464
4316	3465
4317	3465
4318	3466
4319	3468
4320	3469
4321	3469
4322	3470
4323	3471
4324	3472
4325	3471
4326	3471
4327	3472
4328	3474
4329	3475
4330	3475
4331	3476
4332	3478
4333	3479
4334	3479
4335	3480
4336	3482
4337	3483
4338	3483
4339	3483
4340	3483
4341	3484
4342	3486
4343	3487
4344	3487
4345	3488
4346	3490
4347	3491
4348	3491
4349	3492
4350	3494
4351	3495
4352	3495
4353	3495
4354	3495
4355	3496
4356	3498
4357	3499
4358	3499
4359	3500
4360	3502
4361	3503
4362	3503
4363	3504
4364	3506
4365	3507
4366	3507
4367	3507
4368	3506
4369	3506
4370	3507
4371	3509
4372	3510
4373	3510
4374	3511
4375	3513
4376	3514
4377	3514
4378	3515
4379	3517
4380	3518
4381	3518
4382	3518
4383	3518
4384	3519
4385	3521
4386	3522
4387	3522
4388	3523
4389	3525
4390	3526
4391	3526
4392	3527
4393	3529
4394	3530
4395	3530
4396	3530
4397	3530
4398	3531
4399	3533
4400	3534
4401	3534
4402	3535
4403	3537
4404	3538
4405	3538
4406	3539
4407	3541
4408	3542
4409	3542
4410	3542
4411	3542
4412	3542
4413	3542
4414	3543
4415	3543
4416	3544
4417	3544
4418	3545
4419	3547
4420	3548
4421	3548
4422	3549
4423	3551
4424	3552
4425	3552
4426	3553
4427	3554
4428	3555
4429	3555
4430	3556
4431	3556
4432	3557
4433	3559
4434	3560
4435	3560
4436	3561
4437	3563
4438	3564
4439	3564
4440	3565
4441	3566
4442	3567
4443	3567
4444	3568
4445	3568
4446	3569
4447	3571
4448	3572
4449	3572
4450	3573
4451	3575
4452	3576
4453	3576
4454	3577
4455	3577
4456	3578
4457	3578
4458	3579
4459	3579
4460	3580
4461	3580
4462	3581
4463	3583
4464	3584
4465	3584
4466	3585
4467	3587
4468	3588
4469	3588
4470	3589
4471	3591
4472	3592
4473	3592
4474	3592
4475	3592
4476	3593
4477	3595
4478	3596
4479	3596
4480	3597
4481	3599
4482	3600
4483	3600
4484	3601
4485	3603
4486	3604
4487	3604
4488	3604
4489	3604
4490	3605
4491	3607
4492	3608
4493	3608
4494	3609
4495	3611
4496	3612
4497	3612
4498	3613
4499	3615
4500	3616
4501	3616
4502	3616
4503	3616
4504	3616
4505	3616
4506	3617
4507	3617
4508	3618
4509	3618
4510	3619
4511	3621
4512	3622
4513	3622
4514	3623
4515	3625
4516	3626
4517	3626
4518	3627
4519	3628
4520	3629
4521	3629
4522	3630
4523	3630
4524	3631
4525	3633
4526	3634
4527	3634
4528	3635
4529	3637
4530	3638
4531	3638
4532	3639
4533	3640
4534	3641
4535	3641
4536	3642
4537	3642
4538	3643
4539	3645
4540	3646
4541	3646
4542	3647
4543	3649
4544	3650
4545	3650
4546	3651
4547	3651
4548	3652
4549	3652
4550	3653
4551	3653
4552	3654
4553	3654
4554	3655
4555	3657
4556	3658
4557	3658
4558	3659
4559	3661
4560	3662
4561	3662
4562	3663
4563	3665
4564	3666
4565	3666
4566	3666
4567	3666
4568	3666
4569	3666
4570	3667
4571	3667
4572	3668
4573	3668
4574	3669
4575	3671
4576	3672
4577	3672
4578	3673
4579	3675
4580	3676
4581	3676
4582	3677
4583	3678
4584	3679
4585	3679
4586	3680
4587	3680
4588	3681
4589	3683
4590	3684
4591	3684
4592	3685
4593	3687
4594	3688
4595	3688
4596	3689
4597	3690
4598	3691
4599	3691
4600	3692
4601	3692
4602	3693
4603	3695
4604	3696
4605	3696
4606	3697
4607	3699
4608	3700
4609	3700
4610	3701
4611	3701
4612	3702
4613	3702
4614	3703
4615	3703
4616	3704
4617	3704
4618	3705
4619	3707
4620	3708
4621	3708
4622	3709
4623	3711
4624	3712
4625	3712
4626	3713
4627	3715
4628	3716
4629	3716
4630	3716
4631	3716
4632	3717
4633	3719
4634	3720
4635	3720
4636	3721
4637	3723
4638	3724
4639	3724
4640	3725
4641	3727
4642	3728
4643	3728
4644	3728
4645	3728
4646	3729
4647	3731
4648	3732
4649	3732
4650	3733
4651	3735
4652	3736
4653	3736
4654	3737
4655	3739
4656	3740
4657	3740
4658	3740
4659	3740
4660	3740
4661	3740
4662	3741
4663	3741
4664	3742
4665	3742
4666	3743
4667	3745
4668	3746
4669	3746
4670	3747
4671	3749
4672	3750
4673	3750
4674	3751
4675	3752
4676	3753
4677	3753
4678	3754
4679	3754
4680	3755
4681	3757
4682	3758
4683	3758
4684	3759
4685	3761
4686	3762
4687	3762
4688	3763
4689	3764
4690	3765
4691	3765
4692	3766
4693	3766
4694	3767
4695	3769
4696	3770
4697	3770
4698	3771
4699	3773
4700	3774
4701	3774
4702	3775
4703	3775
4704	3776
4705	3776
4706	3777
4707	3777
4708	3778
4709	3778
4710	3778
4711	3778
4712	3779
4713	3781
4714	3782
4715	3782
4716	3783
4717	3785
4718	3786
4719	3786
4720	3787
4721	3789
4722	3790
4723	3790
4724	3790
4725	3790
4726	3791
4727	3793
4728	3794
4729	3794
4730	3795
4731	3797
4732	3798
4733	3798
4734	3799
4735	3801
4736	3802
4737	3802
4738	3802
4739	3802
4740	3803
4741	3805
4742	3806
4743	3806
4744	3807
4745	3809
4746	3810
4747	3810
4748	3811
4749	3813
4750	3814
4751	3814
4752	3814
4753	3813
4754	3813
4755	3814
4756	3816
4757	3817
4758	3817
4759	3818
4760	3820
4761	3821
4762	3821
4763	3822
4764	3824
4765	3825
4766	3825
4767	3825
4768	3825
4769	3826
4770	3828
4771	3829
4772	3829
4773	3830
4774	3832
4775	3833
4776	3833
4777	3834
4778	3836
4779	3837
4780	3837
4781	3837
4782	3837
4783	3837
4784	3837
4785	3838
4786	3838
4787	3839
4788	3839
4789	3840
4790	3842
4791	3843
4792	3843
4793	3844
4794	3846
4795	3847
4796	3847
4797	3848
4798	3849
4799	3850
4800	3850
4801	3851
4802	3851
4803	3852
4804	3854
4805	3855
4806	3855
4807	3856
4808	3858
4809	3859
4810	3859
4811	3860
4812	3861
4813	3862
4814	3862
4815	3863
4816	3863
4817	3864
4818	3866
4819	3867
4820	3867
4821	3868
4822	3870
4823	3871
4824	3871
4825	3872
4826	3872
4827	3873
4828	3873
4829	3874
4830	3874
4831	3875
4832	3875
4833	3876
4834	3878
4835	3879
4836	3879
4837	3880
4838	3882
4839	3883
4840	3883
4841	3884
4842	3886
4843	3887
4844	3887
4845	3887
4846	3887
4847	3888
4848	3890
4849	3891
4850	3891
4851	3892
4852	3894
4853	3895
4854	3895
4855	3896
4856	3898
4857	3899
4858	3899
4859	3899
4860	3899
4861	3900
4862	3902
4863	3903
4864	3903
4865	3904
4866	3906
4867	3907
4868	3907
4869	3908
4870	3910
4871	3911
4872	3911
4873	3911
4874	3911
4875	3911
4876	3911
4877	3911
4878	3911
4879	3912
4880	3912
4881	3913
4882	3915
4883	3916
4884	3916
4885	3917
4886	3919
4887	3920
4888	3920
4889	3921
4890	3922
4891	3923
4892	3923
4893	3924
4894	3924
4895	3925
4896	3927
4897	3928
4898	3928
4899	3929
4900	3931
4901	3932
4902	3932
4903	3933
4904	3934
4905	3935
4906	3934
4907	3934
4908	3935
4909	3937
4910	3938
4911	3938
4912	3939
4913	3941
4914	3942
4915	3942
4916	3943
4917	3945
4918	3946
4919	3946
4920	3946
4921	3946
4922	3947
4923	3949
4924	3950
4925	3950
4926	3951
4927	3953
4928	3954
4929	3954
4930	3955
4931	3957
4932	3958
4933	3958
4934	3958
4935	3958
4936	3959
4937	3961
4938	3962
4939	3962
4940	3963
4941	3965
4942	3966
4943	3966
4944	3967
4945	3969
4946	3970
4947	3970
4948	3970
4949	3969
4950	3969
4951	3970
4952	3972
4953	3973
4954	3973
4955	3974
4956	3976
4957	3977
4958	3977
4959	3978
4960	3980
4961	3981
4962	3981
4963	3981
4964	3981
4965	3981
4966	3981
4967	3982
4968	3982
4969	3983
4970	3983
4971	3984
4972	3986
4973	3987
4974	3987
4975	3988
4976	3990
4977	3991
4978	3991
4979	3992
4980	3993
4981	3994
4982	3994
4983	3995
4984	3995
4985	3996
4986	3998
4987	3999
4988	3999
4989	4000
4990	4002
4991	4003
4992	4003
4993	4004
4994	4005
4995	4006
4996	4006
4997	4007
4998	4007
4999	4008
5000	4010
5001	4011
5002	4011
5003	4012
5004	4014
5005	4015
5006	4015
5007	4016
5008	4016
5009	4017
5010	4016
5011	4016
5012	4017
5013	4017
5014	4018
5015	4018
5016	4019
5017	4021
5018	4022
5019	4022
5020	4023
5021	4025
5022	4026
5023	4026
5024	4027
5025	4028
5026	4029
5027	4029
5028	4030
5029	4030
5030	4031
5031	4033
5032	4034
5033	4034
5034	4035
5035	4037
5036	4038
5037	4038
5038	4039
5039	4040
5040	4041
5041	4041
5042	4042
5043	4042
5044	4043
5045	4045
5046	4046
5047	4046
5048	4047
5049	4049
5050	4050
5051	4050
5052	4051
5053	4051
5054	4052
5055	4052
5056	4053
5057	4053
5058	4054
5059	4054
5060	4055
5061	4057
5062	4058
5063	4058
5064	4059
5065	4061
5066	4062
5067	4062
5068	4063
5069	4065
5070	4066
5071	4066
5072	4066
5073	4066
5074	4067
5075	4069
5076	4070
5077	4070
5078	4071
5079	4073
5080	4074
5081	4074
5082	4075
5083	4077
5084	4078
5085	4078
5086	4078
5087	4078
5088	4079
5089	4081
5090	4082
5091	4082
5092	4083
5093	4085
5094	4086
5095	4086
5096	4087
5097	4089
5098	4090
5099	4090
5100	4090
5101	4090
5102	4090
5103	4090
5104	4091
5105	4090
5106	4092
5107	4093
5108	4093
5109	4094
5110	4096
5111	4097
5112	4097
5113	4098
5114	4100
5115	4101
5116	4101
5117	4101
5118	4101
5119	4102
5120	4104
5121	4105
5122	4105
5123	4106
5124	4108
5125	4109
5126	4109
5127	4110
5128	4112
5129	4113
5130	4113
5131	4113
5132	4113
5133	4114
5134	4116
5135	4117
5136	4117
5137	4118
5138	4120
5139	4121
5140	4121
5141	4122
5142	4124
5143	4125
5144	4125
5145	4125
5146	4125
5147	4125
5148	4125
5149	4126
5150	4126
5151	4127
5152	4127
5153	4128
5154	4130
5155	4131
5156	4131
5157	4132
5158	4134
5159	4135
5160	4135
5161	4136
5162	4137
5163	4138
5164	4138
5165	4139
5166	4139
5167	4140
5168	4142
5169	4143
5170	4143
5171	4144
5172	4146
5173	4147
5174	4147
5175	4148
5176	4149
5177	4150
5178	4150
5179	4151
5180	4151
5181	4152
5182	4154
5183	4155
5184	4155
5185	4156
5186	4158
5187	4159
5188	4159
5189	4160
5190	4160
5191	4161
5192	4161
5193	4162
5194	4162
5195	4163
5196	4163
5197	4164
5198	4166
5199	4167
5200	4167
5201	4168
5202	4170
5203	4171
5204	4171
5205	4172
5206	4174
5207	4175
5208	4175
5209	4175
5210	4175
5211	4176
5212	4178
5213	4179
5214	4179
5215	4180
5216	4182
5217	4183
5218	4183
5219	4184
5220	4186
5221	4187
5222	4187
5223	4187
5224	4187
5225	4188
5226	4190
5227	4191
5228	4191
5229	4192
5230	4194
5231	4195
5232	4195
5233	4196
5234	4198
5235	4199
5236	4199
5237	4199
5238	4199
5239	4199
5240	4199
5241	4199
5242	4199
5243	4200
5244	4200
5245	4201
5246	4203
5247	4204
5248	4204
5249	4205
5250	4207
5251	4208
5252	4208
5253	4209
5254	4210
5255	4211
5256	4211
5257	4212
5258	4212
5259	4213
5260	4215
5261	4216
5262	4216
5263	4217
5264	4219
5265	4220
5266	4220
5267	4221
5268	4222
5269	4223
5270	4222
5271	4222
5272	4223
5273	4225
5274	4226
5275	4226
5276	4227
5277	4229
5278	4230
5279	4230
5280	4231
5281	4233
5282	4234
5283	4234
5284	4234
5285	4234
5286	4235
5287	4237
5288	4238
5289	4238
5290	4239
5291	4241
5292	4242
5293	4242
5294	4243
5295	4245
5296	4246
5297	4246
5298	4246
5299	4246
5300	4246
5301	4246
5302	4246
5303	4246
5304	4247
5305	4247
5306	4248
5307	4250
5308	4251
5309	4251
5310	4252
5311	4254
5312	4255
5313	4255
5314	4256
5315	4257
5316	4258
5317	4258
5318	4259
5319	4259
5320	4260
5321	4262
5322	4263
5323	4263
5324	4264
5325	4266
5326	4267
5327	4267
5328	4268
5329	4269
5330	4270
5331	4269
5332	4269
5333	4270
5334	4272
5335	4273
5336	4273
5337	4274
5338	4276
5339	4277
5340	4277
5341	4278
5342	4280
5343	4281
5344	4281
5345	4281
5346	4281
5347	4282
5348	4284
5349	4285
5350	4285
5351	4286
5352	4288
5353	4289
5354	4289
5355	4290
5356	4292
5357	4293
5358	4293
5359	4293
5360	4293
5361	4294
5362	4296
5363	4297
5364	4297
5365	4298
5366	4300
5367	4301
5368	4301
5369	4302
5370	4304
5371	4305
5372	4305
5373	4305
5374	4304
5375	4304
5376	4305
5377	4307
5378	4308
5379	4308
5380	4309
5381	4311
5382	4312
5383	4312
5384	4313
5385	4315
5386	4316
5387	4316
5388	4316
5389	4316
5390	4317
5391	4319
5392	4320
5393	4320
5394	4321
5395	4323
5396	4324
5397	4324
5398	4325
5399	4327
5400	4328
5401	4328
5402	4328
5403	4328
5404	4329
5405	4331
5406	4332
5407	4332
5408	4333
5409	4335
5410	4336
5411	4336
5412	4337
5413	4339
5414	4340
5415	4340
5416	4340
5417	4340
5418	4340
5419	4340
5420	4341
5421	4341
5422	4342
5423	4342
5424	4343
5425	4345
5426	4346
5427	4346
5428	4347
5429	4349
5430	4350
5431	4350
5432	4351
5433	4352
5434	4353
5435	4353
5436	4354
5437	4354
5438	4355
5439	4357
5440	4358
5441	4358
5442	4359
5443	4361
5444	4362
5445	4362
5446	4363
5447	4364
5448	4365
5449	4365
5450	4366
5451	4366
5452	4367
5453	4369
5454	4370
5455	4370
5456	4371
5457	4373
5458	4374
5459	4374
5460	4375
5461	4375
5462	4376
5463	4376
5464	4377
5465	4377
5466	4378
5467	4378
5468	4379
5469	4381
5470	4382
5471	4382
5472	4383
5473	4385
5474	4386
5475	4386
5476	4387
5477	4389
5478	4390
5479	4390
5480	4390
5481	4390
5482	4391
5483	4393
5484	4394
5485	4394
5486	4395
5487	4397
5488	4398
5489	4398
5490	4399
5491	4401
5492	4402
5493	4402
5494	4402
5495	4402
5496	4403
5497	4405
5498	4406
5499	4406
5500	4407
5501	4409
5502	4410
5503	4410
5504	4411
5505	4413
5506	4414
5507	4414
5508	4414
5509	4414
5510	4414
5511	4414
5512	4415
5513	4415
5514	4416
5515	4416
5516	4417
5517	4419
5518	4420
5519	4420
5520	4421
5521	4423
5522	4424
5523	4424
5524	4425
5525	4426
5526	4427
5527	4427
5528	4428
5529	4428
5530	4429
5531	4431
5532	4432
5533	4432
5534	4433
5535	4435
5536	4436
5537	4436
5538	4437
5539	4438
5540	4439
5541	4439
5542	4440
5543	4440
5544	4441
5545	4443
5546	4444
5547	4444
5548	4445
5549	4447
5550	4448
5551	4448
5552	4449
5553	4449
5554	4450
5555	4450
5556	4451
5557	4451
5558	4452
5559	4452
5560	4453
5561	4455
5562	4456
5563	4456
5564	4457
5565	4459
5566	4460
5567	4460
5568	4461
5569	4463
5570	4464
5571	4464
5572	4464
5573	4464
5574	4465
5575	4467
5576	4468
5577	4468
5578	4469
5579	4471
5580	4472
5581	4472
5582	4473
5583	4475
5584	4476
5585	4476
5586	4476
5587	4476
5588	4477
5589	4479
5590	4480
5591	4480
5592	4481
5593	4482
5594	4483
5595	4483
5596	4484
5597	4484
5598	4485
5599	4487
5600	4488
5601	4488
5602	4489
5603	4491
5604	4492
5605	4492
5606	4493
5607	4494
5608	4495
5609	4494
5610	4494
5611	4495
5612	4497
5613	4498
5614	4498
5615	4499
5616	4501
5617	4502
5618	4502
5619	4503
5620	4505
5621	4506
5622	4506
5623	4506
5624	4506
5625	4507
5626	4509
5627	4510
5628	4510
5629	4511
5630	4513
5631	4514
5632	4514
5633	4515
5634	4517
5635	4518
5636	4518
5637	4518
5638	4518
5639	4519
5640	4521
5641	4522
5642	4522
5643	4523
5644	4525
5645	4526
5646	4526
5647	4527
5648	4529
5649	4530
5650	4530
5651	4530
5652	4529
5653	4529
5654	4530
5655	4532
5656	4533
5657	4533
5658	4534
5659	4536
5660	4537
5661	4537
5662	4538
5663	4540
5664	4541
5665	4541
5666	4541
5667	4541
5668	4542
5669	4544
5670	4545
5671	4545
5672	4546
5673	4548
5674	4549
5675	4549
5676	4550
5677	4552
5678	4553
5679	4553
5680	4553
5681	4553
5682	4554
5683	4556
5684	4557
5685	4557
5686	4558
5687	4560
5688	4561
5689	4561
5690	4562
5691	4564
5692	4565
5693	4565
5694	4565
5695	4565
5696	4565
5697	4565
5698	4566
5699	4566
5700	4567
5701	4567
5702	4568
5703	4570
5704	4571
5705	4571
5706	4572
5707	4574
5708	4575
5709	4575
5710	4576
5711	4577
5712	4578
5713	4578
5714	4579
5715	4579
5716	4580
5717	4582
5718	4583
5719	4583
5720	4584
5721	4586
5722	4587
5723	4587
5724	4588
5725	4589
5726	4590
5727	4590
5728	4591
5729	4591
5730	4592
5731	4594
5732	4595
5733	4595
5734	4596
5735	4598
5736	4599
5737	4599
5738	4600
5739	4600
5740	4601
5741	4601
5742	4602
5743	4602
5744	4603
5745	4603
5746	4604
5747	4606
5748	4607
5749	4607
5750	4608
5751	4610
5752	4611
5753	4611
5754	4612
5755	4614
5756	4615
5757	4615
5758	4615
5759	4615
5760	4616
5761	4618
5762	4619
5763	4619
5764	4620
5765	4622
5766	4623
5767	4623
5768	4624
5769	4626
5770	4627
5771	4627
5772	4627
5773	4627
5774	4628
5775	4630
5776	4631
5777	4631
5778	4632
5779	4634
5780	4635
5781	4635
5782	4636
5783	4638
5784	4639
5785	4639
5786	4639
5787	4639
5788	4639
5789	4639
5790	4640
5791	4640
5792	4641
5793	4641
5794	4642
5795	4644
5796	4645
5797	4645
5798	4646
5799	4648
5800	4649
5801	4649
5802	4650
5803	4651
5804	4652
5805	4652
5806	4653
5807	4653
5808	4654
5809	4656
5810	4657
5811	4657
5812	4658
5813	4660
5814	4661
5815	4661
5816	4662
5817	4663
5818	4664
5819	4664
5820	4665
5821	4665
5822	4666
5823	4668
5824	4669
5825	4669
5826	4670
5827	4672
5828	4673
5829	4673
5830	4674
5831	4674
5832	4675
5833	4675
5834	4676
5835	4676
5836	4677
5837	4677
5838	4678
5839	4680
5840	4681
5841	4681
5842	4682
5843	4684
5844	4685
5845	4685
5846	4686
5847	4688
5848	4689
5849	4689
5850	4689
5851	4689
5852	4690
5853	4692
5854	4693
5855	4693
5856	4694
5857	4696
5858	4697
5859	4697
5860	4698
5861	4700
5862	4701
5863	4701
5864	4701
5865	4701
5866	4702
5867	4704
5868	4705
5869	4705
5870	4706
5871	4708
5872	4709
5873	4709
5874	4710
5875	4712
5876	4713
5877	4713
5878	4713
5879	4713
5880	4713
5881	4713
5882	4714
5883	4714
5884	4715
5885	4715
5886	4716
5887	4718
5888	4719
5889	4719
5890	4720
5891	4722
5892	4723
5893	4723
5894	4724
5895	4725
5896	4726
5897	4726
5898	4727
5899	4727
5900	4728
5901	4730
5902	4731
5903	4731
5904	4732
5905	4734
5906	4735
5907	4735
5908	4736
5909	4737
5910	4738
5911	4738
5912	4739
5913	4739
5914	4740
5915	4742
5916	4743
5917	4743
5918	4744
5919	4746
5920	4747
5921	4747
5922	4748
5923	4748
5924	4749
5925	4749
5926	4750
5927	4750
5928	4751
5929	4751
5930	4752
5931	4754
5932	4755
5933	4755
5934	4756
5935	4758
5936	4759
5937	4759
5938	4760
5939	4762
5940	4763
5941	4763
5942	4763
5943	4763
5944	4764
5945	4766
5946	4767
5947	4767
5948	4768
5949	4770
5950	4771
5951	4771
5952	4772
5953	4774
5954	4775
5955	4775
5956	4775
5957	4775
5958	4776
5959	4778
5960	4779
5961	4779
5962	4780
5963	4782
5964	4783
5965	4783
5966	4784
5967	4786
5968	4787
5969	4787
5970	4787
5971	4787
5972	4787
5973	4787
5974	4788
5975	4788
5976	4789
5977	4789
5978	4790
5979	4792
5980	4793
5981	4793
5982	4794
5983	4796
5984	4797
5985	4797
5986	4798
5987	4799
5988	4800
5989	4800
5990	4801
5991	4801
5992	4802
5993	4804
5994	4805
5995	4805
5996	4806
5997	4808
5998	4809
5999	4809
6000	4810
6001	4811
6002	4812
6003	4812
6004	4813
6005	4813
6006	4814
6007	4816
6008	4817
6009	4817
6010	4818
6011	4820
6012	4821
6013	4821
6014	4822
6015	4822
6016	4823
6017	4823
6018	4824
6019	4824
6020	4825
6021	4825
6022	4826
6023	4828
6024	4829
6025	4829
6026	4830
6027	4832
6028	4833
6029	4833
6030	4834
6031	4836
6032	4837
6033	4837
6034	4837
6035	4837
6036	4838
6037	4840
6038	4841
6039	4841
6040	4842
6041	4844
6042	4845
6043	4845
6044	4846
6045	4848
6046	4849
6047	4849
6048	4849
6049	4849
6050	4850
6051	4852
6052	4853
6053	4853
6054	4854
6055	4856
6056	4857
6057	4857
6058	4858
6059	4860
6060	4861
6061	4861
6062	4861
6063	4861
6064	4861
6065	4861
6066	4862
6067	4862
6068	4863
6069	4863
6070	4864
6071	4866
6072	4867
6073	4867
6074	4868
6075	4870
6076	4871
6077	4871
6078	4872
6079	4873
6080	4874
6081	4874
6082	4875
6083	4875
6084	4876
6085	4878
6086	4879
6087	4879
6088	4880
6089	4882
6090	4883
6091	4883
6092	4884
6093	4885
6094	4886
6095	4886
6096	4887
6097	4887
6098	4888
6099	4890
6100	4891
6101	4891
6102	4892
6103	4894
6104	4895
6105	4895
6106	4896
6107	4896
6108	4897
6109	4897
6110	4898
6111	4898
6112	4899
6113	4899
6114	4900
6115	4902
6116	4903
6117	4903
6118	4904
6119	4906
6120	4907
6121	4907
6122	4908
6123	4910
6124	4911
6125	4911
6126	4911
6127	4911
6128	4912
6129	4914
6130	4915
6131	4915
6132	4916
6133	4918
6134	4919
6135	4919
6136	4920
6137	4922
6138	4923
6139	4923
6140	4923
6141	4923
6142	4924
6143	4926
6144	4927
6145	4927
6146	4928
6147	4929
6148	4930
6149	4930
6150	4931
6151	4931
6152	4932
6153	4934
6154	4935
6155	4935
6156	4936
6157	4938
6158	4939
6159	4939
6160	4940
6161	4941
6162	4942
6163	4941
6164	4941
6165	4942
6166	4943
6167	4944
6168	4944
6169	4945
6170	4945
6171	4946
6172	4948
6173	4949
6174	4949
6175	4950
6176	4952
6177	4953
6178	4953
6179	4954
6180	4956
6181	4957
6182	4957
6183	4957
6184	4957
6185	4958
6186	4960
6187	4961
6188	4961
6189	4962
6190	4964
6191	4965
6192	4965
6193	4966
6194	4968
6195	4969
6196	4969
6197	4969
6198	4969
6199	4970
6200	4972
6201	4973
6202	4973
6203	4974
6204	4976
6205	4977
6206	4977
6207	4978
6208	4980
6209	4981
6210	4981
6211	4981
6212	4981
6213	4981
6214	4981
6215	4982
6216	4982
6217	4983
6218	4983
6219	4984
6220	4986
6221	4987
6222	4987
6223	4988
6224	4990
6225	4991
6226	4991
6227	4992
6228	4993
6229	4994
6230	4994
6231	4995
6232	4995
6233	4996
6234	4998
6235	4999
6236	4999
6237	5000
6238	5002
6239	5003
6240	5003
6241	5004
6242	5005
6243	5006
6244	5006
6245	5007
6246	5007
6247	5008
6248	5010
6249	5011
6250	5011
6251	5012
6252	5014
6253	5015
6254	5015
6255	5016
6256	5016
6257	5017
6258	5017
6259	5018
6260	5018
6261	5019
6262	5019
6263	5020
6264	5022
6265	5023
6266	5023
6267	5024
6268	5026
6269	5027
6270	5027
6271	5028
6272	5030
6273	5031
6274	5031
6275	5031
6276	5031
6277	5032
6278	5034
6279	5035
6280	5035
6281	5036
6282	5038
6283	5039
6284	5039
6285	5040
6286	5042
6287	5043
6288	5043
6289	5043
6290	5043
6291	5044
6292	5046
6293	5047
6294	5047
6295	5048
6296	5050
6297	5051
6298	5051
6299	5052
6300	5054
6301	5055
6302	5055
6303	5055
6304	5055
6305	5055
6306	5055
6307	5056
6308	5056
6309	5057
6310	5057
6311	5058
6312	5060
6313	5061
6314	5061
6315	5062
6316	5064
6317	5065
6318	5065
6319	5066
6320	5067
6321	5068
6322	5068
6323	5069
6324	5069
6325	5070
6326	5072
6327	5073
6328	5073
6329	5074
6330	5076
6331	5077
6332	5077
6333	5078
6334	5079
6335	5080
6336	5080
6337	5081
6338	5081
6339	5082
6340	5084
6341	5085
6342	5085
6343	5086
6344	5087
6345	5088
6346	5088
6347	5089
6348	5089
6349	5090
6350	5092
6351	5093
6352	5093
6353	5094
6354	5096
6355	5097
6356	5097
6357	5098
6358	5099
6359	5100
6360	5099
6361	5099
6362	5100
6363	5102
6364	5103
6365	5103
6366	5104
6367	5106
6368	5107
6369	5107
6370	5108
6371	5110
6372	5111
6373	5111
6374	5111
6375	5111
6376	5112
6377	5114
6378	5115
6379	5115
6380	5116
6381	5118
6382	5119
6383	5119
6384	5120
6385	5122
6386	5123
6387	5123
6388	5123
6389	5123
6390	5124
6391	5126
6392	5127
6393	5127
6394	5128
6395	5130
6396	5131
6397	5131
6398	5132
6399	5134
6400	5135
6401	5135
6402	5135
6403	5134
6404	5134
6405	5135
6406	5137
6407	5138
6408	5138
6409	5139
6410	5141
6411	5142
6412	5142
6413	5143
6414	5145
6415	5146
6416	5146
6417	5146
6418	5146
6419	5147
6420	5149
6421	5150
6422	5150
6423	5151
6424	5153
6425	5154
6426	5154
6427	5155
6428	5157
6429	5158
6430	5158
6431	5158
6432	5158
6433	5159
6434	5161
6435	5162
6436	5162
6437	5163
6438	5165
6439	5166
6440	5166
6441	5167
6442	5169
6443	5170
6444	5170
6445	5170
6446	5170
6447	5170
6448	5170
6449	5171
6450	5171
6451	5172
6452	5172
6453	5173
6454	5175
6455	5176
6456	5176
6457	5177
6458	5179
6459	5180
6460	5180
6461	5181
6462	5182
6463	5183
6464	5183
6465	5184
6466	5184
6467	5185
6468	5187
6469	5188
6470	5188
6471	5189
6472	5191
6473	5192
6474	5192
6475	5193
6476	5194
6477	5195
6478	5195
6479	5196
6480	5196
6481	5197
6482	5199
6483	5200
6484	5200
6485	5201
6486	5203
6487	5204
6488	5204
6489	5205
6490	5205
6491	5206
6492	5206
6493	5207
6494	5207
6495	5208
6496	5208
6497	5209
6498	5211
6499	5212
6500	5212
6501	5213
6502	5215
6503	5216
6504	5216
6505	5217
6506	5219
6507	5220
6508	5220
6509	5220
6510	5220
6511	5221
6512	5223
6513	5224
6514	5224
6515	5225
6516	5227
6517	5228
6518	5228
6519	5229
6520	5231
6521	5232
6522	5232
6523	5232
6524	5232
6525	5233
6526	5235
6527	5236
6528	5236
6529	5237
6530	5239
6531	5240
6532	5240
6533	5241
6534	5243
6535	5244
6536	5244
6537	5244
6538	5244
6539	5244
6540	5244
6541	5245
6542	5245
6543	5246
6544	5246
6545	5247
6546	5249
6547	5250
6548	5250
6549	5251
6550	5253
6551	5254
6552	5254
6553	5255
6554	5256
6555	5257
6556	5257
6557	5258
6558	5258
6559	5259
6560	5261
6561	5262
6562	5262
6563	5263
6564	5265
6565	5266
6566	5266
6567	5267
6568	5268
6569	5269
6570	5269
6571	5270
6572	5270
6573	5271
6574	5273
6575	5274
6576	5274
6577	5275
6578	5277
6579	5278
6580	5278
6581	5279
6582	5279
6583	5280
6584	5280
6585	5281
6586	5281
6587	5282
6588	5282
6589	5283
6590	5285
6591	5286
6592	5286
6593	5287
6594	5289
6595	5290
6596	5290
6597	5291
6598	5293
6599	5294
6600	5294
6601	5294
6602	5294
6603	5295
6604	5297
6605	5298
6606	5298
6607	5299
6608	5301
6609	5302
6610	5302
6611	5303
6612	5305
6613	5306
6614	5306
6615	5306
6616	5306
6617	5307
6618	5309
6619	5310
6620	5310
6621	5311
6622	5313
6623	5314
6624	5314
6625	5315
6626	5317
6627	5318
6628	5318
6629	5318
6630	5318
6631	5318
6632	5318
6633	5319
6634	5319
6635	5320
6636	5320
6637	5321
6638	5323
6639	5324
6640	5324
6641	5325
6642	5327
6643	5328
6644	5328
6645	5329
6646	5330
6647	5331
6648	5331
6649	5332
6650	5332
6651	5333
6652	5335
6653	5336
6654	5336
6655	5337
6656	5339
6657	5340
6658	5340
6659	5341
6660	5342
6661	5343
6662	5343
6663	5344
6664	5344
6665	5345
6666	5347
6667	5348
6668	5348
6669	5349
6670	5351
6671	5352
6672	5352
6673	5353
6674	5353
6675	5354
6676	5354
6677	5355
6678	5355
6679	5356
6680	5356
6681	5357
6682	5359
6683	5360
6684	5360
6685	5361
6686	5363
6687	5364
6688	5364
6689	5365
6690	5367
6691	5368
6692	5368
6693	5368
6694	5368
6695	5369
6696	5371
6697	5372
6698	5372
6699	5373
6700	5375
6701	5376
6702	5376
6703	5377
6704	5379
6705	5380
6706	5380
6707	5380
6708	5380
6709	5381
6710	5383
6711	5384
6712	5384
6713	5385
6714	5387
6715	5388
6716	5388
6717	5389
6718	5391
6719	5392
6720	5392
6721	5392
6722	5392
6723	5392
6724	5392
6725	5393
6726	5393
6727	5394
6728	5394
6729	5395
6730	5397
6731	5398
6732	5398
6733	5399
6734	5401
6735	5402
6736	5402
6737	5403
6738	5404
6739	5405
6740	5405
6741	5406
6742	5406
6743	5407
6744	5409
6745	5410
6746	5410
6747	5411
6748	5413
6749	5414
6750	5414
6751	5415
6752	5416
6753	5417
6754	5417
6755	5418
6756	5418
6757	5419
6758	5421
6759	5422
6760	5422
6761	5423
6762	5425
6763	5426
6764	5426
6765	5427
6766	5427
6767	5428
6768	5428
6769	5429
6770	5429
6771	5430
6772	5430
6773	5431
6774	5433
6775	5434
6776	5434
6777	5435
6778	5437
6779	5438
6780	5438
6781	5439
6782	5441
6783	5442
6784	5442
6785	5442
6786	5442
6787	5443
6788	5445
6789	5446
6790	5446
6791	5447
6792	5449
6793	5450
6794	5450
6795	5451
6796	5453
6797	5454
6798	5454
6799	5454
6800	5454
6801	5455
6802	5457
6803	5458
6804	5458
6805	5459
6806	5461
6807	5462
6808	5462
6809	5463
6810	5465
6811	5466
6812	5466
6813	5466
6814	5466
6815	5466
6816	5466
6817	5467
6818	5467
6819	5468
6820	5468
6821	5469
6822	5471
6823	5472
6824	5472
6825	5473
6826	5475
6827	5476
6828	5476
6829	5477
6830	5478
6831	5479
6832	5479
6833	5480
6834	5480
6835	5481
6836	5483
6837	5484
6838	5484
6839	5485
6840	5487
6841	5488
6842	5488
6843	5489
6844	5490
6845	5491
6846	5491
6847	5492
6848	5492
6849	5493
6850	5495
6851	5496
6852	5496
6853	5497
6854	5499
6855	5500
6856	5500
6857	5501
6858	5501
6859	5502
6860	5502
6861	5503
6862	5503
6863	5504
6864	5504
6865	5505
6866	5507
6867	5508
6868	5508
6869	5509
6870	5511
6871	5512
6872	5512
6873	5513
6874	5515
6875	5516
6876	5516
6877	5516
6878	5516
6879	5517
6880	5519
6881	5520
6882	5520
6883	5521
6884	5523
6885	5524
6886	5524
6887	5525
6888	5527
6889	5528
6890	5528
6891	5528
6892	5528
6893	5529
6894	5531
6895	5532
6896	5532
6897	5533
6898	5535
6899	5536
6900	5536
6901	5537
6902	5539
6903	5540
6904	5540
6905	5540
6906	5540
6907	5540
6908	5540
6909	5540
6910	5540
6911	5541
6912	5541
6913	5542
6914	5544
6915	5545
6916	5545
6917	5546
6918	5548
6919	5549
6920	5549
6921	5550
6922	5551
6923	5552
6924	5552
6925	5553
6926	5553
6927	5554
6928	5556
6929	5557
6930	5557
6931	5558
6932	5560
6933	5561
6934	5561
6935	5562
6936	5563
6937	5564
6938	5563
6939	5563
6940	5564
6941	5566
6942	5567
6943	5567
6944	5568
6945	5570
6946	5571
6947	5571
6948	5572
6949	5574
6950	5575
6951	5575
6952	5575
6953	5575
6954	5576
6955	5578
6956	5579
6957	5579
6958	5580
6959	5582
6960	5583
6961	5583
6962	5584
6963	5586
6964	5587
6965	5587
6966	5587
6967	5587
6968	5588
6969	5590
6970	5591
6971	5591
6972	5592
6973	5594
6974	5595
6975	5595
6976	5596
6977	5598
6978	5599
6979	5599
6980	5599
6981	5598
6982	5598
6983	5599
6984	5601
6985	5602
6986	5602
6987	5603
6988	5605
6989	5606
6990	5606
6991	5607
6992	5609
6993	5610
6994	5610
6995	5610
6996	5610
6997	5610
6998	5610
6999	5611
7000	5611
7001	5612
7002	5612
7003	5613
7004	5615
7005	5616
7006	5616
7007	5617
7008	5619
7009	5620
7010	5620
7011	5621
7012	5622
7013	5623
7014	5623
7015	5624
7016	5624
7017	5625
7018	5627
7019	5628
7020	5628
7021	5629
7022	5631
7023	5632
7024	5632
7025	5633
7026	5634
7027	5635
7028	5635
7029	5636
7030	5636
7031	5637
7032	5639
7033	5640
7034	5640
7035	5641
7036	5643
7037	5644
7038	5644
7039	5645
7040	5645
7041	5646
7042	5646
7043	5647
7044	5647
7045	5648
7046	5648
7047	5649
7048	5651
7049	5652
7050	5652
7051	5653
7052	5655
7053	5656
7054	5656
7055	5657
7056	5659
7057	5660
7058	5660
7059	5660
7060	5660
7061	5661
7062	5663
7063	5664
7064	5664
7065	5665
7066	5667
7067	5668
7068	5668
7069	5669
7070	5671
7071	5672
7072	5672
7073	5672
7074	5672
7075	5673
7076	5675
7077	5676
7078	5676
7079	5677
7080	5679
7081	5680
7082	5680
7083	5681
7084	5683
7085	5684
7086	5684
7087	5684
7088	5684
7089	5684
7090	5684
7091	5685
7092	5685
7093	5686
7094	5686
7095	5687
7096	5689
7097	5690
7098	5690
7099	5691
7100	5693
7101	5694
7102	5694
7103	5695
7104	5696
7105	5697
7106	5696
7107	5696
7108	5697
7109	5699
7110	5700
7111	5700
7112	5701
7113	5703
7114	5704
7115	5704
7116	5705
7117	5707
7118	5708
7119	5708
7120	5708
7121	5708
7122	5709
7123	5711
7124	5712
7125	5712
7126	5713
7127	5715
7128	5716
7129	5716
7130	5717
7131	5719
7132	5720
7133	5720
7134	5720
7135	5720
7136	5721
7137	5723
7138	5724
7139	5724
7140	5725
7141	5727
7142	5728
7143	5728
7144	5729
7145	5731
7146	5732
7147	5732
7148	5732
7149	5731
7150	5731
7151	5732
7152	5734
7153	5735
7154	5735
7155	5736
7156	5738
7157	5739
7158	5739
7159	5740
7160	5742
7161	5743
7162	5743
7163	5743
7164	5743
7165	5744
7166	5746
7167	5747
7168	5747
7169	5748
7170	5750
7171	5751
7172	5751
7173	5752
7174	5754
7175	5755
7176	5755
7177	5755
7178	5755
7179	5756
7180	5758
7181	5759
7182	5759
7183	5760
7184	5762
7185	5763
7186	5763
7187	5764
7188	5766
7189	5767
7190	5767
7191	5767
7192	5767
7193	5767
7194	5767
7195	5768
7196	5768
7197	5769
7198	5769
7199	5770
7200	5772
7201	5773
7202	5773
7203	5774
7204	5776
7205	5777
7206	5777
7207	5778
7208	5779
7209	5780
7210	5780
7211	5781
7212	5781
7213	5782
7214	5784
7215	5785
7216	5785
7217	5786
7218	5788
7219	5789
7220	5789
7221	5790
7222	5791
7223	5792
7224	5792
7225	5793
7226	5793
7227	5794
7228	5796
7229	5797
7230	5797
7231	5798
7232	5800
7233	5801
7234	5801
7235	5802
7236	5802
7237	5803
7238	5803
7239	5804
7240	5804
7241	5805
7242	5805
7243	5806
7244	5808
7245	5809
7246	5809
7247	5810
7248	5812
7249	5813
7250	5813
7251	5814
7252	5816
7253	5817
7254	5817
7255	5817
7256	5817
7257	5818
7258	5820
7259	5821
7260	5821
7261	5822
7262	5824
7263	5825
7264	5825
7265	5826
7266	5828
7267	5829
7268	5829
7269	5829
7270	5829
7271	5830
7272	5832
7273	5833
7274	5833
7275	5834
7276	5836
7277	5837
7278	5837
7279	5838
7280	5840
7281	5841
7282	5841
7283	5841
7284	5841
7285	5841
7286	5841
7287	5842
7288	5842
7289	5843
7290	5843
7291	5844
7292	5846
7293	5847
7294	5847
7295	5848
7296	5850
7297	5851
7298	5851
7299	5852
7300	5853
7301	5854
7302	5854
7303	5855
7304	5855
7305	5856
7306	5858
7307	5859
7308	5859
7309	5860
7310	5862
7311	5863
7312	5863
7313	5864
7314	5865
7315	5866
7316	5866
7317	5867
7318	5867
7319	5868
7320	5870
7321	5871
7322	5871
7323	5872
7324	5874
7325	5875
7326	5875
7327	5876
7328	5876
7329	5877
7330	5877
7331	5878
7332	5878
7333	5879
7334	5879
7335	5880
7336	5882
7337	5883
7338	5883
7339	5884
7340	5886
7341	5887
7342	5887
7343	5888
7344	5890
7345	5891
7346	5891
7347	5891
7348	5891
7349	5892
7350	5894
7351	5895
7352	5895
7353	5896
7354	5898
7355	5899
7356	5899
7357	5900
7358	5902
7359	5903
7360	5903
7361	5903
7362	5903
7363	5904
7364	5906
7365	5907
7366	5907
7367	5908
7368	5910
7369	5911
7370	5911
7371	5912
7372	5914
7373	5915
7374	5915
7375	5915
7376	5915
7377	5915
7378	5915
7379	5916
7380	5916
7381	5917
7382	5917
7383	5918
7384	5920
7385	5921
7386	5921
7387	5922
7388	5924
7389	5925
7390	5925
7391	5926
7392	5927
7393	5928
7394	5927
7395	5927
7396	5928
7397	5930
7398	5931
7399	5931
7400	5932
7401	5934
7402	5935
7403	5935
7404	5936
7405	5938
7406	5939
7407	5939
7408	5939
7409	5939
7410	5940
7411	5942
7412	5943
7413	5943
7414	5944
7415	5946
7416	5947
7417	5947
7418	5948
7419	5950
7420	5951
7421	5951
7422	5951
7423	5951
7424	5952
7425	5954
7426	5955
7427	5955
7428	5956
7429	5958
7430	5959
7431	5959
7432	5960
7433	5962
7434	5963
7435	5963
7436	5963
7437	5962
7438	5962
7439	5963
7440	5965
7441	5966
7442	5966
7443	5967
7444	5969
7445	5970
7446	5970
7447	5971
7448	5973
7449	5974
7450	5974
7451	5974
7452	5974
7453	5975
7454	5977
7455	5978
7456	5978
7457	5979
7458	5981
7459	5982
7460	5982
7461	5983
7462	5985
7463	5986
7464	5986
7465	5986
7466	5986
7467	5987
7468	5989
7469	5990
7470	5990
7471	5991
7472	5993
7473	5994
7474	5994
7475	5995
7476	5997
7477	5998
7478	5998
7479	5998
7480	5998
7481	5998
7482	5998
7483	5999
7484	5999
7485	6000
7486	6000
7487	6001
7488	6003
7489	6004
7490	6004
7491	6005
7492	6007
7493	6008
7494	6008
7495	6009
7496	6010
7497	6011
7498	6011
7499	6012
7500	6012
7501	6013
7502	6015
7503	6016
7504	6016
7505	6017
7506	6019
7507	6020
7508	6020
7509	6021
7510	6022
7511	6023
7512	6023
7513	6024
7514	6024
7515	6025
7516	6027
7517	6028
7518	6028
7519	6029
7520	6031
7521	6032
7522	6032
7523	6033
7524	6033
7525	6034
7526	6034
7527	6035
7528	6035
7529	6036
7530	6036
7531	6037
7532	6039
7533	6040
7534	6040
7535	6041
7536	6043
7537	6044
7538	6044
7539	6045
7540	6047
7541	6048
7542	6048
7543	6048
7544	6048
7545	6049
7546	6051
7547	6052
7548	6052
7549	6053
7550	6055
7551	6056
7552	6056
7553	6057
7554	6059
7555	6060
7556	6060
7557	6060
7558	6060
7559	6060
7560	6060
7561	6061
7562	6061
7563	6062
7564	6062
7565	6063
7566	6065
7567	6066
7568	6066
7569	6067
7570	6069
7571	6070
7572	6070
7573	6071
7574	6072
7575	6073
7576	6072
7577	6072
7578	6073
7579	6075
7580	6076
7581	6076
7582	6077
7583	6079
7584	6080
7585	6080
7586	6081
7587	6083
7588	6084
7589	6084
7590	6084
7591	6084
7592	6085
7593	6086
7594	6087
7595	6087
7596	6088
7597	6088
7598	6089
7599	6091
7600	6092
7601	6092
7602	6093
7603	6095
7604	6096
7605	6096
7606	6097
7607	6099
7608	6100
7609	6100
7610	6100
7611	6100
7612	6101
7613	6103
7614	6104
7615	6104
7616	6105
7617	6107
7618	6108
7619	6108
7620	6109
7621	6111
7622	6112
7623	6112
7624	6112
7625	6112
7626	6113
7627	6115
7628	6116
7629	6116
7630	6117
7631	6119
7632	6120
7633	6120
7634	6121
7635	6123
7636	6124
7637	6124
7638	6124
7639	6124
7640	6124
7641	6124
7642	6125
7643	6125
7644	6126
7645	6126
7646	6127
7647	6129
7648	6130
7649	6130
7650	6131
7651	6133
7652	6134
7653	6134
7654	6135
7655	6136
7656	6137
7657	6137
7658	6138
7659	6138
7660	6139
7661	6141
7662	6142
7663	6142
7664	6143
7665	6145
7666	6146
7667	6146
7668	6147
7669	6148
7670	6149
7671	6149
7672	6150
7673	6150
7674	6151
7675	6153
7676	6154
7677	6154
7678	6155
7679	6157
7680	6158
7681	6158
7682	6159
7683	6159
7684	6160
7685	6160
7686	6161
7687	6161
7688	6162
7689	6162
7690	6163
7691	6165
7692	6166
7693	6166
7694	6167
7695	6169
7696	6170
7697	6170
7698	6171
7699	6173
7700	6174
7701	6174
7702	6174
7703	6174
7704	6175
7705	6177
7706	6178
7707	6178
7708	6179
7709	6181
7710	6182
7711	6182
7712	6183
7713	6185
7714	6186
7715	6186
7716	6186
7717	6186
7718	6187
7719	6189
7720	6190
7721	6190
7722	6191
7723	6193
7724	6194
7725	6194
7726	6195
7727	6197
7728	6198
7729	6198
7730	6198
7731	6198
7732	6198
7733	6198
7734	6199
7735	6199
7736	6200
7737	6200
7738	6201
7739	6203
7740	6204
7741	6204
7742	6205
7743	6207
7744	6208
7745	6208
7746	6209
7747	6210
7748	6211
7749	6211
7750	6212
7751	6212
7752	6213
7753	6215
7754	6216
7755	6216
7756	6217
7757	6219
7758	6220
7759	6220
7760	6221
7761	6222
7762	6223
7763	6223
7764	6224
7765	6224
7766	6225
7767	6227
7768	6228
7769	6228
7770	6229
7771	6230
7772	6231
7773	6231
7774	6232
7775	6232
7776	6233
7777	6235
7778	6236
7779	6236
7780	6237
7781	6239
7782	6240
7783	6240
7784	6241
7785	6242
7786	6243
7787	6242
7788	6242
7789	6242
7790	6242
7791	6243
7792	6243
7793	6244
7794	6244
7795	6245
7796	6247
7797	6248
7798	6248
7799	6249
7800	6251
7801	6252
7802	6252
7803	6253
7804	6255
7805	6256
7806	6256
7807	6256
7808	6256
7809	6257
7810	6259
7811	6260
7812	6260
7813	6261
7814	6263
7815	6264
7816	6264
7817	6265
7818	6267
7819	6268
7820	6268
7821	6268
7822	6268
7823	6269
7824	6271
7825	6272
7826	6272
7827	6273
7828	6275
7829	6276
7830	6276
7831	6277
7832	6279
7833	6280
7834	6280
7835	6280
7836	6280
7837	6280
7838	6280
7839	6281
7840	6281
7841	6282
7842	6282
7843	6283
7844	6285
7845	6286
7846	6286
7847	6287
7848	6289
7849	6290
7850	6290
7851	6291
7852	6292
7853	6293
7854	6293
7855	6294
7856	6294
7857	6295
7858	6297
7859	6298
7860	6298
7861	6299
7862	6301
7863	6302
7864	6302
7865	6303
7866	6304
7867	6305
7868	6305
7869	6306
7870	6306
7871	6307
7872	6309
7873	6310
7874	6310
7875	6311
7876	6313
7877	6314
7878	6314
7879	6315
7880	6315
7881	6316
7882	6316
7883	6317
7884	6317
7885	6318
7886	6318
7887	6319
7888	6321
7889	6322
7890	6322
7891	6323
7892	6325
7893	6326
7894	6326
7895	6327
7896	6329
7897	6330
7898	6330
7899	6330
7900	6330
7901	6331
7902	6333
7903	6334
7904	6334
7905	6335
7906	6337
7907	6338
7908	6338
7909	6339
7910	6341
7911	6342
7912	6342
7913	6342
7914	6342
7915	6343
7916	6345
7917	6346
7918	6346
7919	6347
7920	6349
7921	6350
7922	6350
7923	6351
7924	6353
7925	6354
7926	6354
7927	6354
7928	6354
7929	6354
7930	6354
7931	6355
7932	6355
7933	6356
7934	6356
7935	6357
7936	6359
7937	6360
7938	6360
7939	6361
7940	6363
7941	6364
7942	6364
7943	6365
7944	6366
7945	6367
7946	6367
7947	6368
7948	6368
7949	6369
7950	6371
7951	6372
7952	6372
7953	6373
7954	6375
7955	6376
7956	6376
7957	6377
7958	6378
7959	6379
7960	6379
7961	6380
7962	6380
7963	6381
7964	6383
7965	6384
7966	6384
7967	6385
7968	6387
7969	6388
7970	6388
7971	6389
7972	6389
7973	6390
7974	6390
7975	6391
7976	6391
7977	6392
7978	6392
7979	6392
7980	6392
7981	6393
7982	6395
7983	6396
7984	6396
7985	6397
7986	6399
7987	6400
7988	6400
7989	6401
7990	6403
7991	6404
7992	6404
7993	6404
7994	6404
7995	6405
7996	6407
7997	6408
7998	6408
7999	6409
8000	6411
8001	6412
8002	6412
8003	6413
8004	6415
8005	6416
8006	6416
8007	6416
8008	6416
8009	6417
8010	6419
8011	6420
8012	6420
8013	6421
8014	6423
8015	6424
8016	6424
8017	6425
8018	6427
8019	6428
8020	6428
8021	6428
8022	6427
8023	6427
8024	6428
8025	6430
8026	6431
8027	6431
8028	6432
8029	6434
8030	6435
8031	6435
8032	6436
8033	6438
8034	6439
8035	6439
8036	6439
8037	6439
8038	6440
8039	6442
8040	6443
8041	6443
8042	6444
8043	6446
8044	6447
8045	6447
8046	6448
8047	6450
8048	6451
8049	6451
8050	6451
8051	6451
8052	6452
8053	6454
8054	6455
8055	6455
8056	6456
8057	6458
8058	6459
8059	6459
8060	6460
8061	6462
8062	6463
8063	6463
8064	6463
8065	6463
8066	6463
8067	6463
8068	6464
8069	6464
8070	6465
8071	6465
8072	6466
8073	6468
8074	6469
8075	6469
8076	6470
8077	6472
8078	6473
8079	6473
8080	6474
8081	6475
8082	6476
8083	6476
8084	6477
8085	6477
8086	6478
8087	6480
8088	6481
8089	6481
8090	6482
8091	6484
8092	6485
8093	6485
8094	6486
8095	6487
8096	6488
8097	6488
8098	6489
8099	6489
8100	6490
8101	6492
8102	6493
8103	6493
8104	6494
8105	6496
8106	6497
8107	6497
8108	6498
8109	6498
8110	6499
8111	6499
8112	6500
8113	6500
8114	6501
8115	6501
8116	6502
8117	6504
8118	6505
8119	6505
8120	6506
8121	6508
8122	6509
8123	6509
8124	6510
8125	6512
8126	6513
8127	6513
8128	6513
8129	6513
8130	6514
8131	6516
8132	6517
8133	6517
8134	6518
8135	6520
8136	6521
8137	6521
8138	6522
8139	6524
8140	6525
8141	6525
8142	6525
8143	6525
8144	6526
8145	6528
8146	6529
8147	6529
8148	6530
8149	6532
8150	6533
8151	6533
8152	6534
8153	6536
8154	6537
8155	6537
8156	6537
8157	6537
8158	6537
8159	6537
8160	6538
8161	6538
8162	6539
8163	6539
8164	6540
8165	6542
8166	6543
8167	6543
8168	6544
8169	6546
8170	6547
8171	6547
8172	6548
8173	6549
8174	6550
8175	6550
8176	6551
8177	6551
8178	6552
8179	6554
8180	6555
8181	6555
8182	6556
8183	6558
8184	6559
8185	6559
8186	6560
8187	6561
8188	6562
8189	6562
8190	6563
8191	6563
8192	6564
8193	6566
8194	6567
8195	6567
8196	6568
8197	6570
8198	6571
8199	6571
8200	6572
8201	6572
8202	6573
8203	6573
8204	6574
8205	6574
8206	6575
8207	6575
8208	6576
8209	6578
8210	6579
8211	6579
8212	6580
8213	6582
8214	6583
8215	6583
8216	6584
8217	6586
8218	6587
8219	6587
8220	6587
8221	6587
8222	6588
8223	6590
8224	6591
8225	6591
8226	6592
8227	6594
8228	6595
8229	6595
8230	6596
8231	6598
8232	6599
8233	6599
8234	6599
8235	6599
8236	6600
8237	6602
8238	6603
8239	6603
8240	6604
8241	6606
8242	6607
8243	6607
8244	6608
8245	6610
8246	6611
8247	6611
8248	6611
8249	6611
8250	6611
8251	6611
8252	6612
8253	6612
8254	6613
8255	6613
8256	6614
8257	6616
8258	6617
8259	6617
8260	6618
8261	6620
8262	6621
8263	6621
8264	6622
8265	6623
8266	6624
8267	6624
8268	6625
8269	6625
8270	6626
8271	6628
8272	6629
8273	6629
8274	6630
8275	6632
8276	6633
8277	6633
8278	6634
8279	6635
8280	6636
8281	6636
8282	6637
8283	6637
8284	6638
8285	6640
8286	6641
8287	6641
8288	6642
8289	6644
8290	6645
8291	6645
8292	6646
8293	6646
8294	6647
8295	6647
8296	6648
8297	6648
8298	6649
8299	6649
8300	6650
8301	6652
8302	6653
8303	6653
8304	6654
8305	6656
8306	6657
8307	6657
8308	6658
8309	6660
8310	6661
8311	6661
8312	6661
8313	6661
8314	6662
8315	6664
8316	6665
8317	6665
8318	6666
8319	6668
8320	6669
8321	6669
8322	6670
8323	6672
8324	6673
8325	6673
8326	6673
8327	6673
8328	6674
8329	6676
8330	6677
8331	6677
8332	6678
8333	6680
8334	6681
8335	6681
8336	6682
8337	6684
8338	6685
8339	6685
8340	6685
8341	6685
8342	6685
8343	6685
8344	6686
8345	6686
8346	6687
8347	6687
8348	6688
8349	6690
8350	6691
8351	6691
8352	6692
8353	6694
8354	6695
8355	6695
8356	6696
8357	6697
8358	6698
8359	6698
8360	6699
8361	6699
8362	6700
8363	6702
8364	6703
8365	6703
8366	6704
8367	6706
8368	6707
8369	6707
8370	6708
8371	6709
8372	6710
8373	6710
8374	6711
8375	6711
8376	6712
8377	6714
8378	6715
8379	6715
8380	6716
8381	6718
8382	6719
8383	6719
8384	6720
8385	6720
8386	6721
8387	6721
8388	6722
8389	6722
8390	6723
8391	6723
8392	6724
8393	6726
8394	6727
8395	6727
8396	6728
8397	6730
8398	6731
8399	6731
8400	6732
8401	6734
8402	6735
8403	6735
8404	6735
8405	6735
8406	6736
8407	6738
8408	6739
8409	6739
8410	6740
8411	6742
8412	6743
8413	6743
8414	6744
8415	6746
8416	6747
8417	6747
8418	6747
8419	6747
8420	6748
8421	6750
8422	6751
8423	6751
8424	6752
8425	6754
8426	6755
8427	6755
8428	6756
8429	6758
8430	6759
8431	6759
8432	6759
8433	6759
8434	6759
8435	6759
8436	6760
8437	6760
8438	6761
8439	6761
8440	6762
8441	6764
8442	6765
8443	6765
8444	6766
8445	6768
8446	6769
8447	6769
8448	6770
8449	6771
8450	6772
8451	6772
8452	6773
8453	6773
8454	6774
8455	6776
8456	6777
8457	6777
8458	6778
8459	6780
8460	6781
8461	6781
8462	6782
8463	6783
8464	6784
8465	6784
8466	6785
8467	6785
8468	6786
8469	6788
8470	6789
8471	6789
8472	6790
8473	6792
8474	6793
8475	6793
8476	6794
8477	6794
8478	6795
8479	6795
8480	6796
8481	6796
8482	6797
8483	6797
8484	6798
8485	6800
8486	6801
8487	6801
8488	6802
8489	6804
8490	6805
8491	6805
8492	6806
8493	6808
8494	6809
8495	6809
8496	6809
8497	6809
8498	6810
8499	6812
8500	6813
8501	6813
8502	6814
8503	6816
8504	6817
8505	6817
8506	6818
8507	6820
8508	6821
8509	6821
8510	6821
8511	6821
8512	6822
8513	6824
8514	6825
8515	6825
8516	6826
8517	6828
8518	6829
8519	6829
8520	6830
8521	6832
8522	6833
8523	6833
8524	6833
8525	6833
8526	6833
8527	6833
8528	6833
8529	6833
8530	6834
8531	6834
8532	6835
8533	6837
8534	6838
8535	6838
8536	6839
8537	6841
8538	6842
8539	6842
8540	6843
8541	6844
8542	6845
8543	6845
8544	6846
8545	6846
8546	6847
8547	6849
8548	6850
8549	6850
8550	6851
8551	6853
8552	6854
8553	6854
8554	6855
8555	6856
8556	6857
8557	6856
8558	6856
8559	6857
8560	6859
8561	6860
8562	6860
8563	6861
8564	6863
8565	6864
8566	6864
8567	6865
8568	6867
8569	6868
8570	6868
8571	6868
8572	6868
8573	6869
8574	6871
8575	6872
8576	6872
8577	6873
8578	6875
8579	6876
8580	6876
8581	6877
8582	6879
8583	6880
8584	6880
8585	6880
8586	6880
8587	6881
8588	6883
8589	6884
8590	6884
8591	6885
8592	6887
8593	6888
8594	6888
8595	6889
8596	6891
8597	6892
8598	6892
8599	6892
8600	6891
8601	6891
8602	6892
8603	6894
8604	6895
8605	6895
8606	6896
8607	6898
8608	6899
8609	6899
8610	6900
8611	6902
8612	6903
8613	6903
8614	6903
8615	6903
8616	6904
8617	6906
8618	6907
8619	6907
8620	6908
8621	6910
8622	6911
8623	6911
8624	6912
8625	6914
8626	6915
8627	6915
8628	6915
8629	6915
8630	6915
8631	6915
8632	6916
8633	6916
8634	6917
8635	6917
8636	6918
8637	6920
8638	6921
8639	6921
8640	6922
8641	6924
8642	6925
8643	6925
8644	6926
8645	6927
8646	6928
8647	6927
8648	6927
8649	6928
8650	6930
8651	6931
8652	6931
8653	6932
8654	6934
8655	6935
8656	6935
8657	6936
8658	6938
8659	6939
8660	6939
8661	6939
8662	6939
8663	6940
8664	6942
8665	6943
8666	6943
8667	6944
8668	6946
8669	6947
8670	6947
8671	6948
8672	6950
8673	6951
8674	6951
8675	6951
8676	6951
8677	6952
8678	6954
8679	6955
8680	6955
8681	6956
8682	6958
8683	6959
8684	6959
8685	6960
8686	6962
8687	6963
8688	6963
8689	6963
8690	6962
8691	6962
8692	6963
8693	6965
8694	6966
8695	6966
8696	6967
8697	6969
8698	6970
8699	6970
8700	6971
8701	6973
8702	6974
8703	6974
8704	6974
8705	6974
8706	6975
8707	6977
8708	6978
8709	6978
8710	6979
8711	6981
8712	6982
8713	6982
8714	6983
8715	6985
8716	6986
8717	6986
8718	6986
8719	6986
8720	6987
8721	6989
8722	6990
8723	6990
8724	6991
8725	6993
8726	6994
8727	6994
8728	6995
8729	6997
8730	6998
8731	6998
8732	6998
8733	6998
8734	6998
8735	6998
8736	6999
8737	6998
8738	7000
8739	7001
8740	7001
8741	7002
8742	7004
8743	7005
8744	7005
8745	7006
8746	7008
8747	7009
8748	7009
8749	7009
8750	7009
8751	7010
8752	7012
8753	7013
8754	7013
8755	7014
8756	7016
8757	7017
8758	7017
8759	7018
8760	7020
8761	7021
8762	7021
8763	7021
8764	7021
8765	7022
8766	7024
8767	7025
8768	7025
8769	7026
8770	7028
8771	7029
8772	7029
8773	7030
8774	7032
8775	7033
8776	7033
8777	7033
8778	7033
8779	7033
8780	7033
8781	7034
8782	7034
8783	7035
8784	7035
8785	7036
8786	7038
8787	7039
8788	7039
8789	7040
8790	7042
8791	7043
8792	7043
8793	7044
8794	7045
8795	7046
8796	7046
8797	7047
8798	7047
8799	7048
8800	7050
8801	7051
8802	7051
8803	7052
8804	7054
8805	7055
8806	7055
8807	7056
8808	7057
8809	7058
8810	7058
8811	7059
8812	7059
8813	7060
8814	7062
8815	7063
8816	7063
8817	7064
8818	7066
8819	7067
8820	7067
8821	7068
8822	7068
8823	7069
8824	7069
8825	7070
8826	7070
8827	7071
8828	7071
8829	7072
8830	7074
8831	7075
8832	7075
8833	7076
8834	7078
8835	7079
8836	7079
8837	7080
8838	7082
8839	7083
8840	7083
8841	7083
8842	7083
8843	7084
8844	7086
8845	7087
8846	7087
8847	7088
8848	7090
8849	7091
8850	7091
8851	7092
8852	7094
8853	7095
8854	7095
8855	7095
8856	7095
8857	7095
8858	7095
8859	7096
8860	7096
8861	7097
8862	7097
8863	7098
8864	7100
8865	7101
8866	7101
8867	7102
8868	7104
8869	7105
8870	7105
8871	7106
8872	7107
8873	7108
8874	7108
8875	7109
8876	7109
8877	7110
8878	7112
8879	7113
8880	7113
8881	7114
8882	7116
8883	7117
8884	7117
8885	7118
8886	7119
8887	7120
8888	7120
8889	7121
8890	7121
8891	7122
8892	7124
8893	7125
8894	7125
8895	7126
8896	7128
8897	7129
8898	7129
8899	7130
8900	7130
8901	7131
8902	7130
8903	7130
8904	7131
8905	7131
8906	7132
8907	7132
8908	7133
8909	7135
8910	7136
8911	7136
8912	7137
8913	7139
8914	7140
8915	7140
8916	7141
8917	7142
8918	7143
8919	7143
8920	7144
8921	7144
8922	7145
8923	7147
8924	7148
8925	7148
8926	7149
8927	7151
8928	7152
8929	7152
8930	7153
8931	7154
8932	7155
8933	7155
8934	7156
8935	7156
8936	7157
8937	7159
8938	7160
8939	7160
8940	7161
8941	7163
8942	7164
8943	7164
8944	7165
8945	7165
8946	7166
8947	7166
8948	7167
8949	7167
8950	7168
8951	7168
8952	7169
8953	7171
8954	7172
8955	7172
8956	7173
8957	7175
8958	7176
8959	7176
8960	7177
8961	7179
8962	7180
8963	7180
8964	7180
8965	7180
8966	7181
8967	7183
8968	7184
8969	7184
8970	7185
8971	7187
8972	7188
8973	7188
8974	7189
8975	7191
8976	7192
8977	7192
8978	7192
8979	7192
8980	7193
8981	7195
8982	7196
8983	7196
8984	7197
8985	7199
8986	7200
8987	7200
8988	7201
8989	7203
8990	7204
8991	7204
8992	7204
8993	7204
8994	7204
8995	7204
8996	7205
8997	7205
8998	7206
8999	7206
9000	7207
9001	7209
9002	7210
9003	7210
9004	7211
9005	7213
9006	7214
9007	7214
9008	7215
9009	7216
9010	7217
9011	7217
9012	7218
9013	7218
9014	7219
9015	7221
9016	7222
9017	7222
9018	7223
9019	7225
9020	7226
9021	7226
9022	7227
9023	7228
9024	7229
9025	7229
9026	7230
9027	7230
9028	7231
9029	7233
9030	7234
9031	7234
9032	7235
9033	7237
9034	7238
9035	7238
9036	7239
9037	7239
9038	7240
9039	7240
9040	7241
9041	7241
9042	7242
9043	7242
9044	7243
9045	7245
9046	7246
9047	7246
9048	7247
9049	7249
9050	7250
9051	7250
9052	7251
9053	7253
9054	7254
9055	7254
9056	7254
9057	7254
9058	7255
9059	7257
9060	7258
9061	7258
9062	7259
9063	7261
9064	7262
9065	7262
9066	7263
9067	7265
9068	7266
9069	7266
9070	7266
9071	7266
9072	7266
9073	7266
9074	7267
9075	7267
9076	7268
9077	7268
9078	7269
9079	7271
9080	7272
9081	7272
9082	7273
9083	7275
9084	7276
9085	7276
9086	7277
9087	7278
9088	7279
9089	7278
9090	7278
9091	7279
9092	7281
9093	7282
9094	7282
9095	7283
9096	7285
9097	7286
9098	7286
9099	7287
9100	7289
9101	7290
9102	7290
9103	7290
9104	7290
9105	7291
9106	7293
9107	7294
9108	7294
9109	7295
9110	7297
9111	7298
9112	7298
9113	7299
9114	7301
9115	7302
9116	7302
9117	7302
9118	7302
9119	7303
9120	7305
9121	7306
9122	7306
9123	7307
9124	7309
9125	7310
9126	7310
9127	7311
9128	7313
9129	7314
9130	7314
9131	7314
9132	7313
9133	7313
9134	7314
9135	7316
9136	7317
9137	7317
9138	7318
9139	7320
9140	7321
9141	7321
9142	7322
9143	7324
9144	7325
9145	7325
9146	7325
9147	7325
9148	7326
9149	7328
9150	7329
9151	7329
9152	7330
9153	7332
9154	7333
9155	7333
9156	7334
9157	7336
9158	7337
9159	7337
9160	7337
9161	7337
9162	7338
9163	7340
9164	7341
9165	7341
9166	7342
9167	7344
9168	7345
9169	7345
9170	7346
9171	7348
9172	7349
9173	7349
9174	7349
9175	7349
9176	7349
9177	7349
9178	7350
9179	7350
9180	7351
9181	7351
9182	7352
9183	7354
9184	7355
9185	7355
9186	7356
9187	7358
9188	7359
9189	7359
9190	7360
9191	7361
9192	7362
9193	7362
9194	7363
9195	7363
9196	7364
9197	7366
9198	7367
9199	7367
9200	7368
9201	7370
9202	7371
9203	7371
9204	7372
9205	7373
9206	7374
9207	7374
9208	7375
9209	7375
9210	7376
9211	7378
9212	7379
9213	7379
9214	7380
9215	7382
9216	7383
9217	7383
9218	7384
9219	7384
9220	7385
9221	7385
9222	7386
9223	7386
9224	7387
9225	7387
9226	7388
9227	7390
9228	7391
9229	7391
9230	7392
9231	7394
9232	7395
9233	7395
9234	7396
9235	7398
9236	7399
9237	7399
9238	7399
9239	7399
9240	7400
9241	7402
9242	7403
9243	7403
9244	7404
9245	7406
9246	7407
9247	7407
9248	7408
9249	7410
9250	7411
9251	7411
9252	7411
9253	7411
9254	7412
9255	7414
9256	7415
9257	7415
9258	7416
9259	7418
9260	7419
9261	7419
9262	7420
9263	7422
9264	7423
9265	7423
9266	7423
9267	7423
9268	7423
9269	7423
9270	7424
9271	7424
9272	7425
9273	7425
9274	7426
9275	7428
9276	7429
9277	7429
9278	7430
9279	7432
9280	7433
9281	7433
9282	7434
9283	7435
9284	7436
9285	7436
9286	7437
9287	7437
9288	7438
9289	7440
9290	7441
9291	7441
9292	7442
9293	7444
9294	7445
9295	7445
9296	7446
9297	7447
9298	7448
9299	7448
9300	7449
9301	7449
9302	7450
9303	7452
9304	7453
9305	7453
9306	7454
9307	7456
9308	7457
9309	7457
9310	7458
9311	7458
9312	7459
9313	7459
9314	7460
9315	7460
9316	7461
9317	7461
9318	7462
9319	7464
9320	7465
9321	7465
9322	7466
9323	7468
9324	7469
9325	7469
9326	7470
9327	7472
9328	7473
9329	7473
9330	7473
9331	7473
9332	7474
9333	7476
9334	7477
9335	7477
9336	7478
9337	7480
9338	7481
9339	7481
9340	7482
9341	7484
9342	7485
9343	7485
9344	7485
9345	7485
9346	7486
9347	7488
9348	7489
9349	7489
9350	7490
9351	7492
9352	7493
9353	7493
9354	7494
9355	7496
9356	7497
9357	7497
9358	7497
9359	7497
9360	7497
9361	7497
9362	7498
9363	7498
9364	7499
9365	7499
9366	7500
9367	7502
9368	7503
9369	7503
9370	7504
9371	7506
9372	7507
9373	7507
9374	7508
9375	7509
9376	7510
9377	7510
9378	7511
9379	7511
9380	7512
9381	7514
9382	7515
9383	7515
9384	7516
9385	7518
9386	7519
9387	7519
9388	7520
9389	7521
9390	7522
9391	7522
9392	7523
9393	7523
9394	7524
9395	7526
9396	7527
9397	7527
9398	7528
9399	7530
9400	7531
9401	7531
9402	7532
9403	7532
9404	7533
9405	7533
9406	7534
9407	7534
9408	7535
9409	7535
9410	7536
9411	7538
9412	7539
9413	7539
9414	7540
9415	7542
9416	7543
9417	7543
9418	7544
9419	7546
9420	7547
9421	7547
9422	7547
9423	7547
9424	7548
9425	7550
9426	7551
9427	7551
9428	7552
9429	7554
9430	7555
9431	7555
9432	7556
9433	7558
9434	7559
9435	7559
9436	7559
9437	7559
9438	7560
9439	7562
9440	7563
9441	7563
9442	7564
9443	7566
9444	7567
9445	7567
9446	7568
9447	7570
9448	7571
9449	7571
9450	7571
9451	7571
9452	7571
9453	7571
9454	7572
9455	7572
9456	7573
9457	7573
9458	7574
9459	7576
9460	7577
9461	7577
9462	7578
9463	7580
9464	7581
9465	7581
9466	7582
9467	7583
9468	7584
9469	7584
9470	7585
9471	7585
9472	7586
9473	7588
9474	7589
9475	7589
9476	7590
9477	7592
9478	7593
9479	7593
9480	7594
9481	7595
9482	7596
9483	7596
9484	7597
9485	7597
9486	7598
9487	7600
9488	7601
9489	7601
9490	7602
9491	7604
9492	7605
9493	7605
9494	7606
9495	7606
9496	7607
9497	7607
9498	7608
9499	7608
9500	7609
9501	7609
9502	7610
9503	7612
9504	7613
9505	7613
9506	7614
9507	7616
9508	7617
9509	7617
9510	7618
9511	7620
9512	7621
9513	7621
9514	7621
9515	7621
9516	7622
9517	7624
9518	7625
9519	7625
9520	7626
9521	7628
9522	7629
9523	7629
9524	7630
9525	7632
9526	7633
9527	7633
9528	7633
9529	7633
9530	7634
9531	7636
9532	7637
9533	7637
9534	7638
9535	7640
9536	7641
9537	7641
9538	7642
9539	7644
9540	7645
9541	7645
9542	7645
9543	7645
9544	7645
9545	7645
9546	7646
9547	7646
9548	7647
9549	7647
9550	7648
9551	7650
9552	7651
9553	7651
9554	7652
9555	7654
9556	7655
9557	7655
9558	7656
9559	7657
9560	7658
9561	7658
9562	7659
9563	7659
9564	7660
9565	7662
9566	7663
9567	7663
9568	7664
9569	7666
9570	7667
9571	7667
9572	7668
9573	7669
9574	7670
9575	7670
9576	7671
9577	7671
9578	7672
9579	7674
9580	7675
9581	7675
9582	7676
9583	7678
9584	7679
9585	7679
9586	7680
9587	7680
9588	7681
9589	7681
9590	7682
9591	7682
9592	7683
9593	7683
9594	7684
9595	7686
9596	7687
9597	7687
9598	7688
9599	7690
9600	7691
9601	7691
9602	7692
9603	7694
9604	7695
9605	7695
9606	7695
9607	7695
9608	7696
9609	7698
9610	7699
9611	7699
9612	7700
9613	7702
9614	7703
9615	7703
9616	7704
9617	7706
9618	7707
9619	7707
9620	7707
9621	7707
9622	7708
9623	7710
9624	7711
9625	7711
9626	7712
9627	7714
9628	7715
9629	7715
9630	7716
9631	7718
9632	7719
9633	7719
9634	7719
9635	7719
9636	7719
9637	7719
9638	7719
9639	7719
9640	7720
9641	7720
9642	7721
9643	7723
9644	7724
9645	7724
9646	7725
9647	7727
9648	7728
9649	7728
9650	7729
9651	7730
9652	7731
9653	7731
9654	7732
9655	7732
9656	7733
9657	7735
9658	7736
9659	7736
9660	7737
9661	7739
9662	7740
9663	7740
9664	7741
9665	7742
9666	7743
9667	7742
9668	7742
9669	7743
9670	7745
9671	7746
9672	7746
9673	7747
9674	7749
9675	7750
9676	7750
9677	7751
9678	7753
9679	7754
9680	7754
9681	7754
9682	7754
9683	7755
9684	7757
9685	7758
9686	7758
9687	7759
9688	7761
9689	7762
9690	7762
9691	7763
9692	7765
9693	7766
9694	7766
9695	7766
9696	7766
9697	7766
9698	7766
9699	7767
9700	7767
9701	7768
9702	7768
9703	7769
9704	7771
9705	7772
9706	7772
9707	7773
9708	7775
9709	7776
9710	7776
9711	7777
9712	7778
9713	7779
9714	7779
9715	7780
9716	7780
9717	7781
9718	7783
9719	7784
9720	7784
9721	7785
9722	7787
9723	7788
9724	7788
9725	7789
9726	7790
9727	7791
9728	7791
9729	7792
9730	7792
9731	7793
9732	7795
9733	7796
9734	7796
9735	7797
9736	7799
9737	7800
9738	7800
9739	7801
9740	7801
9741	7802
9742	7802
9743	7803
9744	7803
9745	7804
9746	7804
9747	7805
9748	7807
9749	7808
9750	7808
9751	7809
9752	7811
9753	7812
9754	7812
9755	7813
9756	7815
9757	7816
9758	7816
9759	7816
9760	7816
9761	7817
9762	7819
9763	7820
9764	7820
9765	7821
9766	7823
9767	7824
9768	7824
9769	7825
9770	7827
9771	7828
9772	7828
9773	7828
9774	7828
9775	7829
9776	7831
9777	7832
9778	7832
9779	7833
9780	7835
9781	7836
9782	7836
9783	7837
9784	7839
9785	7840
9786	7840
9787	7840
9788	7840
9789	7840
9790	7840
9791	7840
9792	7840
9793	7841
9794	7841
9795	7842
9796	7844
9797	7845
9798	7845
9799	7846
9800	7848
9801	7849
9802	7849
9803	7850
9804	7851
9805	7852
9806	7852
9807	7853
9808	7853
9809	7854
9810	7856
9811	7857
9812	7857
9813	7858
9814	7860
9815	7861
9816	7861
9817	7862
9818	7863
9819	7864
9820	7863
9821	7863
9822	7864
9823	7866
9824	7867
9825	7867
9826	7868
9827	7870
9828	7871
9829	7871
9830	7872
9831	7874
9832	7875
9833	7875
9834	7875
9835	7875
9836	7876
9837	7878
9838	7879
9839	7879
9840	7880
9841	7882
9842	7883
9843	7883
9844	7884
9845	7886
9846	7887
9847	7887
9848	7887
9849	7887
9850	7888
9851	7890
9852	7891
9853	7891
9854	7892
9855	7894
9856	7895
9857	7895
9858	7896
9859	7898
9860	7899
9861	7899
9862	7899
9863	7898
9864	7898
9865	7899
9866	7901
9867	7902
9868	7902
9869	7903
9870	7905
9871	7906
9872	7906
9873	7907
9874	7909
9875	7910
9876	7910
9877	7910
9878	7910
9879	7910
9880	7910
9881	7911
9882	7911
9883	7912
9884	7912
9885	7913
9886	7915
9887	7916
9888	7916
9889	7917
9890	7919
9891	7920
9892	7920
9893	7921
9894	7922
9895	7923
9896	7923
9897	7924
9898	7924
9899	7925
9900	7927
9901	7928
9902	7928
9903	7929
9904	7931
9905	7932
9906	7932
9907	7933
9908	7934
9909	7935
9910	7935
9911	7936
9912	7936
9913	7937
9914	7939
9915	7940
9916	7940
9917	7941
9918	7943
9919	7944
9920	7944
9921	7945
9922	7945
9923	7946
9924	7946
9925	7947
9926	7947
9927	7948
9928	7948
9929	7949
9930	7951
9931	7952
9932	7952
9933	7953
9934	7955
9935	7956
9936	7956
9937	7957
9938	7959
9939	7960
9940	7960
9941	7960
9942	7960
9943	7961
9944	7963
9945	7964
9946	7964
9947	7965
9948	7967
9949	7968
9950	7968
9951	7969
9952	7971
9953	7972
9954	7972
9955	7972
9956	7972
9957	7973
9958	7975
9959	7976
9960	7976
9961	7977
9962	7979
9963	7980
9964	7980
9965	7981
9966	7983
9967	7984
9968	7984
9969	7984
9970	7984
9971	7984
9972	7984
9973	7985
9974	7985
9975	7986
9976	7986
9977	7987
9978	7989
9979	7990
9980	7990
9981	7991
9982	7993
9983	7994
9984	7994
9985	7995
9986	7996
9987	7997
9988	7997
9989	7998
9990	7998
9991	7999
9992	8001
9993	8002
9994	8002
9995	8003
9996	8005
9997	8006
9998	8006
9999	8007
10000	8008
10001	8009
10002	8009
10003	8010
10004	8010
10005	8011
10006	8013
10007	8014
10008	8014
10009	8015
10010	8017
10011	8018
10012	8018
10013	8019
10014	8019
10015	8020
10016	8020
10017	8021
10018	8021
10019	8022
10020	8022
10021	8023
10022	8025
10023	8026
10024	8026
10025	8027
10026	8029
10027	8030
10028	8030
10029	8031
10030	8033
10031	8034
10032	8034
10033	8034
10034	8034
10035	8035
10036	8037
10037	8038
10038	8038
10039	8039
10040	8041
10041	8042
10042	8042
10043	8043
10044	8045
10045	8046
10046	8046
10047	8046
10048	8046
10049	8047
10050	8049
10051	8050
10052	8050
10053	8051
10054	8053
10055	8054
10056	8054
10057	8055
10058	8057
10059	8058
10060	8058
10061	8058
10062	8058
10063	8058
10064	8058
10065	8059
10066	8059
10067	8060
10068	8060
10069	8061
10070	8063
10071	8064
10072	8064
10073	8065
10074	8067
10075	8068
10076	8068
10077	8069
10078	8070
10079	8071
10080	8071
10081	8072
10082	8072
10083	8073
10084	8075
10085	8076
10086	8076
10087	8077
10088	8079
10089	8080
10090	8080
10091	8081
10092	8082
10093	8083
10094	8083
10095	8084
10096	8084
10097	8085
10098	8087
10099	8088
10100	8088
10101	8089
10102	8091
10103	8092
10104	8092
10105	8093
10106	8093
10107	8094
10108	8094
10109	8095
10110	8095
10111	8096
10112	8096
10113	8097
10114	8099
10115	8100
10116	8100
10117	8101
10118	8103
10119	8104
10120	8104
10121	8105
10122	8107
10123	8108
10124	8108
10125	8108
10126	8108
10127	8109
10128	8111
10129	8112
10130	8112
10131	8113
10132	8115
10133	8116
10134	8116
10135	8117
10136	8119
10137	8120
10138	8120
10139	8120
10140	8120
10141	8121
10142	8123
10143	8124
10144	8124
10145	8125
10146	8127
10147	8128
10148	8128
10149	8129
10150	8131
10151	8132
10152	8132
10153	8132
10154	8132
10155	8132
10156	8132
10157	8133
10158	8133
10159	8134
10160	8134
10161	8135
10162	8137
10163	8138
10164	8138
10165	8139
10166	8141
10167	8142
10168	8142
10169	8143
10170	8144
10171	8145
10172	8145
10173	8146
10174	8146
10175	8147
10176	8149
10177	8150
10178	8150
10179	8151
10180	8153
10181	8154
10182	8154
10183	8155
10184	8156
10185	8157
10186	8157
10187	8158
10188	8158
10189	8159
10190	8161
10191	8162
10192	8162
10193	8163
10194	8165
10195	8166
10196	8166
10197	8167
10198	8167
10199	8168
10200	8168
10201	8169
10202	8169
10203	8170
10204	8170
10205	8171
10206	8173
10207	8174
10208	8174
10209	8175
10210	8177
10211	8178
10212	8178
10213	8179
10214	8181
10215	8182
10216	8182
10217	8182
10218	8182
10219	8182
10220	8182
10221	8182
10222	8182
10223	8183
10224	8183
10225	8184
10226	8186
10227	8187
10228	8187
10229	8188
10230	8190
10231	8191
10232	8191
10233	8192
10234	8193
10235	8194
10236	8194
10237	8195
10238	8195
10239	8196
10240	8198
10241	8199
10242	8199
10243	8200
10244	8202
10245	8203
10246	8203
10247	8204
10248	8205
10249	8206
10250	8205
10251	8205
10252	8206
10253	8208
10254	8209
10255	8209
10256	8210
10257	8212
10258	8213
10259	8213
10260	8214
10261	8216
10262	8217
10263	8217
10264	8217
10265	8217
10266	8218
10267	8220
10268	8221
10269	8221
10270	8222
10271	8224
10272	8225
10273	8225
10274	8226
10275	8228
10276	8229
10277	8229
10278	8229
10279	8229
10280	8229
10281	8229
10282	8230
10283	8230
10284	8231
10285	8231
10286	8232
10287	8234
10288	8235
10289	8235
10290	8236
10291	8238
10292	8239
10293	8239
10294	8240
10295	8241
10296	8242
10297	8242
10298	8243
10299	8243
10300	8244
10301	8246
10302	8247
10303	8247
10304	8248
10305	8250
10306	8251
10307	8251
10308	8252
10309	8253
10310	8254
10311	8254
10312	8255
10313	8255
10314	8256
10315	8258
10316	8259
10317	8259
10318	8260
10319	8262
10320	8263
10321	8263
10322	8264
10323	8264
10324	8265
10325	8265
10326	8266
10327	8266
10328	8267
10329	8267
10330	8268
10331	8270
10332	8271
10333	8271
10334	8272
10335	8274
10336	8275
10337	8275
10338	8276
10339	8278
10340	8279
10341	8279
10342	8279
10343	8279
10344	8280
10345	8282
10346	8283
10347	8283
10348	8284
10349	8286
10350	8287
10351	8287
10352	8288
10353	8290
10354	8291
10355	8291
10356	8291
10357	8291
10358	8292
10359	8294
10360	8295
10361	8295
10362	8296
10363	8298
10364	8299
10365	8299
10366	8300
10367	8302
10368	8303
10369	8303
10370	8303
10371	8303
10372	8303
10373	8303
10374	8304
10375	8304
10376	8305
10377	8305
10378	8306
10379	8308
10380	8309
10381	8309
10382	8310
10383	8312
10384	8313
10385	8313
10386	8314
10387	8315
10388	8316
10389	8315
10390	8315
10391	8316
10392	8318
10393	8319
10394	8319
10395	8320
10396	8322
10397	8323
10398	8323
10399	8324
10400	8326
10401	8327
10402	8327
10403	8327
10404	8327
10405	8328
10406	8330
10407	8331
10408	8331
10409	8332
10410	8334
10411	8335
10412	8335
10413	8336
10414	8338
10415	8339
10416	8339
10417	8339
10418	8339
10419	8340
10420	8342
10421	8343
10422	8343
10423	8344
10424	8346
10425	8347
10426	8347
10427	8348
10428	8350
10429	8351
10430	8351
10431	8351
10432	8350
10433	8350
10434	8351
10435	8353
10436	8354
10437	8354
10438	8355
10439	8357
10440	8358
10441	8358
10442	8359
10443	8361
10444	8362
10445	8362
10446	8362
10447	8362
10448	8363
10449	8365
10450	8366
10451	8366
10452	8367
10453	8369
10454	8370
10455	8370
10456	8371
10457	8373
10458	8374
10459	8374
10460	8374
10461	8374
10462	8375
10463	8377
10464	8378
10465	8378
10466	8379
10467	8381
10468	8382
10469	8382
10470	8383
10471	8385
10472	8386
10473	8386
10474	8386
10475	8386
10476	8386
10477	8386
10478	8387
10479	8387
10480	8388
10481	8388
10482	8389
10483	8391
10484	8392
10485	8392
10486	8393
10487	8395
10488	8396
10489	8396
10490	8397
10491	8398
10492	8399
10493	8399
10494	8400
10495	8400
10496	8401
10497	8403
10498	8404
10499	8404
10500	8405
10501	8407
10502	8408
10503	8408
10504	8409
10505	8410
10506	8411
10507	8411
10508	8412
10509	8412
10510	8413
10511	8415
10512	8416
10513	8416
10514	8417
10515	8419
10516	8420
10517	8420
10518	8421
10519	8421
10520	8422
10521	8422
10522	8423
10523	8423
10524	8424
10525	8424
10526	8425
10527	8427
10528	8428
10529	8428
10530	8429
10531	8431
10532	8432
10533	8432
10534	8433
10535	8435
10536	8436
10537	8436
10538	8436
10539	8436
10540	8437
10541	8439
10542	8440
10543	8440
10544	8441
10545	8443
10546	8444
10547	8444
10548	8445
10549	8447
10550	8448
10551	8448
10552	8448
10553	8448
10554	8449
10555	8451
10556	8452
10557	8452
10558	8453
10559	8455
10560	8456
10561	8456
10562	8457
10563	8459
10564	8460
10565	8460
10566	8460
10567	8460
10568	8460
10569	8460
10570	8461
10571	8461
10572	8462
10573	8462
10574	8463
10575	8465
10576	8466
10577	8466
10578	8467
10579	8469
10580	8470
10581	8470
10582	8471
10583	8472
10584	8473
10585	8473
10586	8474
10587	8474
10588	8475
10589	8477
10590	8478
10591	8478
10592	8479
10593	8481
10594	8482
10595	8482
10596	8483
10597	8484
10598	8485
10599	8485
10600	8486
10601	8486
10602	8487
10603	8489
10604	8490
10605	8490
10606	8491
10607	8493
10608	8494
10609	8494
10610	8495
10611	8495
10612	8496
10613	8496
10614	8497
10615	8497
10616	8498
10617	8498
10618	8499
10619	8501
10620	8502
10621	8502
10622	8503
10623	8505
10624	8506
10625	8506
10626	8507
10627	8509
10628	8510
10629	8510
10630	8510
10631	8510
10632	8511
10633	8513
10634	8514
10635	8514
10636	8515
10637	8517
10638	8518
10639	8518
10640	8519
10641	8521
10642	8522
10643	8522
10644	8522
10645	8522
10646	8523
10647	8525
10648	8526
10649	8526
10650	8527
10651	8529
10652	8530
10653	8530
10654	8531
10655	8533
10656	8534
10657	8534
10658	8534
10659	8534
10660	8534
10661	8534
10662	8535
10663	8535
10664	8536
10665	8536
10666	8537
10667	8539
10668	8540
10669	8540
10670	8541
10671	8543
10672	8544
10673	8544
10674	8545
10675	8546
10676	8547
10677	8547
10678	8548
10679	8548
10680	8549
10681	8551
10682	8552
10683	8552
10684	8553
10685	8555
10686	8556
10687	8556
10688	8557
10689	8558
10690	8559
10691	8559
10692	8560
10693	8560
10694	8561
10695	8563
10696	8564
10697	8564
10698	8565
10699	8567
10700	8568
10701	8568
10702	8569
10703	8569
10704	8570
10705	8570
10706	8571
10707	8571
10708	8572
10709	8572
10710	8572
10711	8572
10712	8573
10713	8575
10714	8576
10715	8576
10716	8577
10717	8579
10718	8580
10719	8580
10720	8581
10721	8583
10722	8584
10723	8584
10724	8584
10725	8584
10726	8585
10727	8587
10728	8588
10729	8588
10730	8589
10731	8591
10732	8592
10733	8592
10734	8593
10735	8595
10736	8596
10737	8596
10738	8596
10739	8596
10740	8597
10741	8599
10742	8600
10743	8600
10744	8601
10745	8603
10746	8604
10747	8604
10748	8605
10749	8607
10750	8608
10751	8608
10752	8608
10753	8607
10754	8607
10755	8608
10756	8610
10757	8611
10758	8611
10759	8612
10760	8614
10761	8615
10762	8615
10763	8616
10764	8618
10765	8619
10766	8619
10767	8619
10768	8619
10769	8620
10770	8622
10771	8623
10772	8623
10773	8624
10774	8626
10775	8627
10776	8627
10777	8628
10778	8630
10779	8631
10780	8631
10781	8631
10782	8631
10783	8631
10784	8631
10785	8631
10786	8631
10787	8632
10788	8632
10789	8633
10790	8635
10791	8636
10792	8636
10793	8637
10794	8639
10795	8640
10796	8640
10797	8641
10798	8642
10799	8643
10800	8642
10801	8642
10802	8643
10803	8645
10804	8646
10805	8646
10806	8647
10807	8649
10808	8650
10809	8650
10810	8651
10811	8653
10812	8654
10813	8654
10814	8654
10815	8654
10816	8655
10817	8657
10818	8658
10819	8658
10820	8659
10821	8661
10822	8662
10823	8662
10824	8663
10825	8665
10826	8666
10827	8666
10828	8666
10829	8666
10830	8666
10831	8666
10832	8667
10833	8667
10834	8668
10835	8668
10836	8669
10837	8671
10838	8672
10839	8672
10840	8673
10841	8675
10842	8676
10843	8676
10844	8677
10845	8678
10846	8679
10847	8679
10848	8680
10849	8680
10850	8681
10851	8683
10852	8684
10853	8684
10854	8685
10855	8687
10856	8688
10857	8688
10858	8689
10859	8690
10860	8691
10861	8691
10862	8692
10863	8692
10864	8693
10865	8695
10866	8696
10867	8696
10868	8697
10869	8699
10870	8700
10871	8700
10872	8701
10873	8701
10874	8702
10875	8701
10876	8701
10877	8702
10878	8702
10879	8703
10880	8703
10881	8704
10882	8706
10883	8707
10884	8707
10885	8708
10886	8710
10887	8711
10888	8711
10889	8712
10890	8713
10891	8714
10892	8714
10893	8715
10894	8715
10895	8716
10896	8718
10897	8719
10898	8719
10899	8720
10900	8722
10901	8723
10902	8723
10903	8724
10904	8725
10905	8726
10906	8726
10907	8727
10908	8727
10909	8728
10910	8730
10911	8731
10912	8731
10913	8732
10914	8734
10915	8735
10916	8735
10917	8736
10918	8736
10919	8737
10920	8737
10921	8738
10922	8738
10923	8739
10924	8739
10925	8740
10926	8742
10927	8743
10928	8743
10929	8744
10930	8746
10931	8747
10932	8747
10933	8748
10934	8750
10935	8751
10936	8751
10937	8751
10938	8751
10939	8752
10940	8754
10941	8755
10942	8755
10943	8756
10944	8758
10945	8759
10946	8759
10947	8760
10948	8762
10949	8763
10950	8763
10951	8763
10952	8763
10953	8764
10954	8766
10955	8767
10956	8767
10957	8768
10958	8770
10959	8771
10960	8771
10961	8772
10962	8774
10963	8775
10964	8775
10965	8775
10966	8775
10967	8775
10968	8775
10969	8776
10970	8775
10971	8777
10972	8778
10973	8778
10974	8779
10975	8781
10976	8782
10977	8782
10978	8783
10979	8785
10980	8786
10981	8786
10982	8786
10983	8786
10984	8787
10985	8789
10986	8790
10987	8790
10988	8791
10989	8792
10990	8793
10991	8793
10992	8794
10993	8794
10994	8795
10995	8797
10996	8798
10997	8798
10998	8799
10999	8801
11000	8802
11001	8802
11002	8803
11003	8804
11004	8805
11005	8804
11006	8804
11007	8805
11008	8807
11009	8808
11010	8808
11011	8809
11012	8811
11013	8812
11014	8812
11015	8813
11016	8815
11017	8816
11018	8816
11019	8816
11020	8816
11021	8817
11022	8819
11023	8820
11024	8820
11025	8821
11026	8823
11027	8824
11028	8824
11029	8825
11030	8827
11031	8828
11032	8828
11033	8828
11034	8828
11035	8829
11036	8831
11037	8832
11038	8832
11039	8833
11040	8835
11041	8836
11042	8836
11043	8837
11044	8839
11045	8840
11046	8840
11047	8840
11048	8839
11049	8839
11050	8840
11051	8842
11052	8843
11053	8843
11054	8844
11055	8846
11056	8847
11057	8847
11058	8848
11059	8850
11060	8851
11061	8851
11062	8851
11063	8851
11064	8852
11065	8854
11066	8855
11067	8855
11068	8856
11069	8858
11070	8859
11071	8859
11072	8860
11073	8862
11074	8863
11075	8863
11076	8863
11077	8863
11078	8864
11079	8866
11080	8867
11081	8867
11082	8868
11083	8870
11084	8871
11085	8871
11086	8872
11087	8874
11088	8875
11089	8875
11090	8875
11091	8875
11092	8875
11093	8875
11094	8876
11095	8876
11096	8877
11097	8877
11098	8878
11099	8880
11100	8881
11101	8881
11102	8882
11103	8884
11104	8885
11105	8885
11106	8886
11107	8887
11108	8888
11109	8888
11110	8889
11111	8889
11112	8890
11113	8892
11114	8893
11115	8893
11116	8894
11117	8896
11118	8897
11119	8897
11120	8898
11121	8899
11122	8900
11123	8900
11124	8901
11125	8901
11126	8902
11127	8904
11128	8905
11129	8905
11130	8906
11131	8908
11132	8909
11133	8909
11134	8910
11135	8910
11136	8911
11137	8911
11138	8912
11139	8912
11140	8913
11141	8913
11142	8914
11143	8916
11144	8917
11145	8917
11146	8918
11147	8920
11148	8921
11149	8921
11150	8922
11151	8924
11152	8925
11153	8925
11154	8925
11155	8925
11156	8926
11157	8928
11158	8929
11159	8929
11160	8930
11161	8932
11162	8933
11163	8933
11164	8934
11165	8936
11166	8937
11167	8937
11168	8937
11169	8937
11170	8938
11171	8940
11172	8941
11173	8941
11174	8942
11175	8944
11176	8945
11177	8945
11178	8946
11179	8948
11180	8949
11181	8949
11182	8949
11183	8949
11184	8949
11185	8949
11186	8949
11187	8949
11188	8950
11189	8950
11190	8951
11191	8953
11192	8954
11193	8954
11194	8955
11195	8957
11196	8958
11197	8958
11198	8959
11199	8960
11200	8961
11201	8961
11202	8962
11203	8962
11204	8963
11205	8965
11206	8966
11207	8966
11208	8967
11209	8969
11210	8970
11211	8970
11212	8971
11213	8972
11214	8973
11215	8972
11216	8972
11217	8973
11218	8975
11219	8976
11220	8976
11221	8977
11222	8979
11223	8980
11224	8980
11225	8981
11226	8983
11227	8984
11228	8984
11229	8984
11230	8984
11231	8985
11232	8987
11233	8988
11234	8988
11235	8989
11236	8991
11237	8992
11238	8992
11239	8993
11240	8995
11241	8996
11242	8996
11243	8996
11244	8996
11245	8997
11246	8999
11247	9000
11248	9000
11249	9001
11250	9003
11251	9004
11252	9004
11253	9005
11254	9007
11255	9008
11256	9008
11257	9008
11258	9007
11259	9007
11260	9008
11261	9010
11262	9011
11263	9011
11264	9012
11265	9014
11266	9015
11267	9015
11268	9016
11269	9018
11270	9019
11271	9019
11272	9019
11273	9019
11274	9020
11275	9022
11276	9023
11277	9023
11278	9024
11279	9026
11280	9027
11281	9027
11282	9028
11283	9030
11284	9031
11285	9031
11286	9031
11287	9031
11288	9032
11289	9034
11290	9035
11291	9035
11292	9036
11293	9038
11294	9039
11295	9039
11296	9040
11297	9042
11298	9043
11299	9043
11300	9043
11301	9043
11302	9043
11303	9043
11304	9043
11305	9043
11306	9044
11307	9044
11308	9045
11309	9047
11310	9048
11311	9048
11312	9049
11313	9051
11314	9052
11315	9052
11316	9053
11317	9054
11318	9055
11319	9054
11320	9054
11321	9055
11322	9057
11323	9058
11324	9058
11325	9059
11326	9061
11327	9062
11328	9062
11329	9063
11330	9065
11331	9066
11332	9066
11333	9066
11334	9066
11335	9067
11336	9069
11337	9070
11338	9070
11339	9071
11340	9073
11341	9074
11342	9074
11343	9075
11344	9077
11345	9078
11346	9078
11347	9078
11348	9078
11349	9078
11350	9078
11351	9078
11352	9078
11353	9079
11354	9079
11355	9080
11356	9082
11357	9083
11358	9083
11359	9084
11360	9086
11361	9087
11362	9087
11363	9088
11364	9089
11365	9090
11366	9089
11367	9089
11368	9090
11369	9092
11370	9093
11371	9093
11372	9094
11373	9096
11374	9097
11375	9097
11376	9098
11377	9100
11378	9101
11379	9101
11380	9101
11381	9101
11382	9101
11383	9101
11384	9102
11385	9102
11386	9103
11387	9103
11388	9104
11389	9106
11390	9107
11391	9107
11392	9108
11393	9110
11394	9111
11395	9111
11396	9112
11397	9113
11398	9114
11399	9114
11400	9115
11401	9115
11402	9116
11403	9118
11404	9119
11405	9119
11406	9120
11407	9122
11408	9123
11409	9123
11410	9124
11411	9125
11412	9126
11413	9126
11414	9127
11415	9127
11416	9128
11417	9130
11418	9131
11419	9131
11420	9132
11421	9134
11422	9135
11423	9135
11424	9136
11425	9136
11426	9137
11427	9137
11428	9138
11429	9138
11430	9139
11431	9139
11432	9139
11433	9139
11434	9140
11435	9142
11436	9143
11437	9143
11438	9144
11439	9146
11440	9147
11441	9147
11442	9148
11443	9150
11444	9151
11445	9151
11446	9151
11447	9151
11448	9152
11449	9154
11450	9155
11451	9155
11452	9156
11453	9158
11454	9159
11455	9159
11456	9160
11457	9162
11458	9163
11459	9163
11460	9163
11461	9163
11462	9163
11463	9163
11464	9163
11465	9163
11466	9164
11467	9164
11468	9165
11469	9167
11470	9168
11471	9168
11472	9169
11473	9171
11474	9172
11475	9172
11476	9173
11477	9174
11478	9175
11479	9174
11480	9174
11481	9175
11482	9177
11483	9178
11484	9178
11485	9179
11486	9181
11487	9182
11488	9182
11489	9183
11490	9185
11491	9186
11492	9186
11493	9186
11494	9186
11495	9187
11496	9189
11497	9190
11498	9190
11499	9191
11500	9193
11501	9194
11502	9194
11503	9195
11504	9197
11505	9198
11506	9198
11507	9198
11508	9198
11509	9199
11510	9201
11511	9202
11512	9202
11513	9203
11514	9205
11515	9206
11516	9206
11517	9207
11518	9209
11519	9210
11520	9210
11521	9210
11522	9209
11523	9209
11524	9210
11525	9212
11526	9213
11527	9213
11528	9214
11529	9216
11530	9217
11531	9217
11532	9218
11533	9220
11534	9221
11535	9221
11536	9221
11537	9221
11538	9222
11539	9224
11540	9225
11541	9225
11542	9226
11543	9228
11544	9229
11545	9229
11546	9230
11547	9232
11548	9233
11549	9233
11550	9233
11551	9233
11552	9234
11553	9236
11554	9237
11555	9237
11556	9238
11557	9240
11558	9241
11559	9241
11560	9242
11561	9244
11562	9245
11563	9245
11564	9245
11565	9245
11566	9245
11567	9244
11568	9244
11569	9245
11570	9247
11571	9248
11572	9248
11573	9249
11574	9251
11575	9252
11576	9252
11577	9253
11578	9255
11579	9256
11580	9256
11581	9256
11582	9256
11583	9257
11584	9259
11585	9260
11586	9260
11587	9261
11588	9263
11589	9264
11590	9264
11591	9265
11592	9267
11593	9268
11594	9268
11595	9268
11596	9268
11597	9269
11598	9271
11599	9272
11600	9272
11601	9273
11602	9275
11603	9276
11604	9276
11605	9277
11606	9279
11607	9280
11608	9280
11609	9280
11610	9280
11611	9280
11612	9280
11613	9281
11614	9281
11615	9282
11616	9282
11617	9283
11618	9285
11619	9286
11620	9286
11621	9287
11622	9289
11623	9290
11624	9290
11625	9291
11626	9292
11627	9293
11628	9293
11629	9294
11630	9294
11631	9295
11632	9297
11633	9298
11634	9298
11635	9299
11636	9301
11637	9302
11638	9302
11639	9303
11640	9304
11641	9305
11642	9305
11643	9306
11644	9306
11645	9307
11646	9309
11647	9310
11648	9310
11649	9311
11650	9313
11651	9314
11652	9314
11653	9315
11654	9315
11655	9316
11656	9316
11657	9317
11658	9317
11659	9318
11660	9318
11661	9319
11662	9321
11663	9322
11664	9322
11665	9323
11666	9325
11667	9326
11668	9326
11669	9327
11670	9329
11671	9330
11672	9330
11673	9330
11674	9330
11675	9331
11676	9333
11677	9334
11678	9334
11679	9335
11680	9337
11681	9338
11682	9338
11683	9339
11684	9341
11685	9342
11686	9342
11687	9342
11688	9342
11689	9343
11690	9345
11691	9346
11692	9346
11693	9347
11694	9349
11695	9350
11696	9350
11697	9351
11698	9353
11699	9354
11700	9354
11701	9354
11702	9354
11703	9354
11704	9354
11705	9355
11706	9355
11707	9356
11708	9356
11709	9357
11710	9359
11711	9360
11712	9360
11713	9361
11714	9363
11715	9364
11716	9364
11717	9365
11718	9366
11719	9367
11720	9367
11721	9368
11722	9368
11723	9369
11724	9371
11725	9372
11726	9372
11727	9373
11728	9375
11729	9376
11730	9376
11731	9377
11732	9378
11733	9379
11734	9379
11735	9380
11736	9380
11737	9381
11738	9383
11739	9384
11740	9384
11741	9385
11742	9387
11743	9388
11744	9388
11745	9389
11746	9389
11747	9390
11748	9390
11749	9391
11750	9391
11751	9392
11752	9392
11753	9393
11754	9395
11755	9396
11756	9396
11757	9397
11758	9399
11759	9400
11760	9400
11761	9401
11762	9403
11763	9404
11764	9404
11765	9404
11766	9404
11767	9405
11768	9407
11769	9408
11770	9408
11771	9409
11772	9411
11773	9412
11774	9412
11775	9413
11776	9415
11777	9416
11778	9416
11779	9416
11780	9416
11781	9417
11782	9419
11783	9420
11784	9420
11785	9421
11786	9423
11787	9424
11788	9424
11789	9425
11790	9427
11791	9428
11792	9428
11793	9428
11794	9428
11795	9428
11796	9428
11797	9429
11798	9429
11799	9430
11800	9430
11801	9431
11802	9433
11803	9434
11804	9434
11805	9435
11806	9437
11807	9438
11808	9438
11809	9439
11810	9440
11811	9441
11812	9441
11813	9442
11814	9442
11815	9443
11816	9445
11817	9446
11818	9446
11819	9447
11820	9449
11821	9450
11822	9450
11823	9451
11824	9452
11825	9453
11826	9453
11827	9454
11828	9454
11829	9455
11830	9457
11831	9458
11832	9458
11833	9459
11834	9461
11835	9462
11836	9462
11837	9463
11838	9463
11839	9464
11840	9464
11841	9465
11842	9465
11843	9466
11844	9466
11845	9467
11846	9469
11847	9470
11848	9470
11849	9471
11850	9473
11851	9474
11852	9474
11853	9475
11854	9477
11855	9478
11856	9478
11857	9478
11858	9478
11859	9479
11860	9481
11861	9482
11862	9482
11863	9483
11864	9485
11865	9486
11866	9486
11867	9487
11868	9489
11869	9490
11870	9490
11871	9490
11872	9490
11873	9491
11874	9493
11875	9494
11876	9494
11877	9495
11878	9497
11879	9498
11880	9498
11881	9499
11882	9501
11883	9502
11884	9502
11885	9502
11886	9502
11887	9502
11888	9502
11889	9503
11890	9503
11891	9504
11892	9504
11893	9505
11894	9507
11895	9508
11896	9508
11897	9509
11898	9511
11899	9512
11900	9512
11901	9513
11902	9514
11903	9515
11904	9515
11905	9516
11906	9516
11907	9517
11908	9519
11909	9520
11910	9520
11911	9521
11912	9523
11913	9524
11914	9524
11915	9525
11916	9526
11917	9527
11918	9527
11919	9528
11920	9528
11921	9529
11922	9531
11923	9532
11924	9532
11925	9533
11926	9535
11927	9536
11928	9536
11929	9537
11930	9537
11931	9538
11932	9538
11933	9539
11934	9539
11935	9540
11936	9540
11937	9541
11938	9543
11939	9544
11940	9544
11941	9545
11942	9547
11943	9548
11944	9548
11945	9549
11946	9551
11947	9552
11948	9552
11949	9552
11950	9552
11951	9553
11952	9555
11953	9556
11954	9556
11955	9557
11956	9559
11957	9560
11958	9560
11959	9561
11960	9563
11961	9564
11962	9564
11963	9564
11964	9564
11965	9565
11966	9567
11967	9568
11968	9568
11969	9569
11970	9571
11971	9572
11972	9572
11973	9573
11974	9575
11975	9576
11976	9576
11977	9576
11978	9576
11979	9576
11980	9576
11981	9577
11982	9577
11983	9578
11984	9578
11985	9579
11986	9581
11987	9582
11988	9582
11989	9583
11990	9585
11991	9586
11992	9586
11993	9587
11994	9588
11995	9589
11996	9589
11997	9590
11998	9590
11999	9591
12000	9593
12001	9594
12002	9594
12003	9595
12004	9597
12005	9598
12006	9598
12007	9599
12008	9600
12009	9601
12010	9601
12011	9602
12012	9602
12013	9603
12014	9605
12015	9606
12016	9606
12017	9607
12018	9609
12019	9610
12020	9610
12021	9611
12022	9611
12023	9612
12024	9612
12025	9613
12026	9613
12027	9614
12028	9614
12029	9615
12030	9617
12031	9618
12032	9618
12033	9619
12034	9621
12035	9622
12036	9622
12037	9623
12038	9625
12039	9626
12040	9626
12041	9626
12042	9626
12043	9627
12044	9629
12045	9630
12046	9630
12047	9631
12048	9633
12049	9634
12050	9634
12051	9635
12052	9637
12053	9638
12054	9638
12055	9638
12056	9638
12057	9639
12058	9641
12059	9642
12060	9642
12061	9643
12062	9645
12063	9646
12064	9646
12065	9647
12066	9649
12067	9650
12068	9650
12069	9650
12070	9650
12071	9650
12072	9649
12073	9649
12074	9650
12075	9652
12076	9653
12077	9653
12078	9654
12079	9656
12080	9657
12081	9657
12082	9658
12083	9660
12084	9661
12085	9661
12086	9661
12087	9661
12088	9662
12089	9664
12090	9665
12091	9665
12092	9666
12093	9668
12094	9669
12095	9669
12096	9670
12097	9672
12098	9673
12099	9673
12100	9673
12101	9673
12102	9674
12103	9676
12104	9677
12105	9677
12106	9678
12107	9680
12108	9681
12109	9681
12110	9682
12111	9684
12112	9685
12113	9685
12114	9685
12115	9685
12116	9685
12117	9685
12118	9686
12119	9686
12120	9687
12121	9687
12122	9688
12123	9690
12124	9691
12125	9691
12126	9692
12127	9694
12128	9695
12129	9695
12130	9696
12131	9697
12132	9698
12133	9698
12134	9699
12135	9699
12136	9700
12137	9702
12138	9703
12139	9703
12140	9704
12141	9706
12142	9707
12143	9707
12144	9708
12145	9709
12146	9710
12147	9710
12148	9711
12149	9711
12150	9712
12151	9714
12152	9715
12153	9715
12154	9716
12155	9718
12156	9719
12157	9719
12158	9720
12159	9720
12160	9721
12161	9721
12162	9722
12163	9722
12164	9723
12165	9723
12166	9724
12167	9726
12168	9727
12169	9727
12170	9728
12171	9730
12172	9731
12173	9731
12174	9732
12175	9734
12176	9735
12177	9735
12178	9735
12179	9735
12180	9736
12181	9738
12182	9739
12183	9739
12184	9740
12185	9742
12186	9743
12187	9743
12188	9744
12189	9746
12190	9747
12191	9747
12192	9747
12193	9747
12194	9748
12195	9750
12196	9751
12197	9751
12198	9752
12199	9754
12200	9755
12201	9755
12202	9756
12203	9758
12204	9759
12205	9759
12206	9759
12207	9759
12208	9759
12209	9759
12210	9760
12211	9760
12212	9761
12213	9761
12214	9762
12215	9764
12216	9765
12217	9765
12218	9766
12219	9768
12220	9769
12221	9769
12222	9770
12223	9771
12224	9772
12225	9772
12226	9773
12227	9773
12228	9774
12229	9776
12230	9777
12231	9777
12232	9778
12233	9780
12234	9781
12235	9781
12236	9782
12237	9783
12238	9784
12239	9784
12240	9785
12241	9785
12242	9786
12243	9788
12244	9789
12245	9789
12246	9790
12247	9792
12248	9793
12249	9793
12250	9794
12251	9794
12252	9795
12253	9795
12254	9796
12255	9796
12256	9797
12257	9797
12258	9798
12259	9800
12260	9801
12261	9801
12262	9802
12263	9804
12264	9805
12265	9805
12266	9806
12267	9808
12268	9809
12269	9809
12270	9809
12271	9809
12272	9810
12273	9812
12274	9813
12275	9813
12276	9814
12277	9816
12278	9817
12279	9817
12280	9818
12281	9820
12282	9821
12283	9821
12284	9821
12285	9821
12286	9822
12287	9824
12288	9825
12289	9825
12290	9826
12291	9828
12292	9829
12293	9829
12294	9830
12295	9832
12296	9833
12297	9833
12298	9833
12299	9833
12300	9833
12301	9833
12302	9834
12303	9834
12304	9835
12305	9835
12306	9836
12307	9838
12308	9839
12309	9839
12310	9840
12311	9842
12312	9843
12313	9843
12314	9844
12315	9845
12316	9846
12317	9846
12318	9847
12319	9847
12320	9848
12321	9850
12322	9851
12323	9851
12324	9852
12325	9854
12326	9855
12327	9855
12328	9856
12329	9857
12330	9858
12331	9858
12332	9859
12333	9859
12334	9860
12335	9862
12336	9863
12337	9863
12338	9864
12339	9866
12340	9867
12341	9867
12342	9868
12343	9868
12344	9869
12345	9869
12346	9870
12347	9870
12348	9871
12349	9871
12350	9872
12351	9873
12352	9874
12353	9874
12354	9875
12355	9877
12356	9878
12357	9878
12358	9879
12359	9880
12360	9881
12361	9881
12362	9882
12363	9882
12364	9883
12365	9885
12366	9886
12367	9886
12368	9887
12369	9889
12370	9890
12371	9890
12372	9891
12373	9892
12374	9893
12375	9892
12376	9892
12377	9893
12378	9895
12379	9896
12380	9896
12381	9897
12382	9899
12383	9900
12384	9900
12385	9901
12386	9903
12387	9904
12388	9904
12389	9904
12390	9904
12391	9905
12392	9907
12393	9908
12394	9908
12395	9909
12396	9911
12397	9912
12398	9912
12399	9913
12400	9915
12401	9916
12402	9916
12403	9916
12404	9916
12405	9917
12406	9919
12407	9920
12408	9920
12409	9921
12410	9923
12411	9924
12412	9924
12413	9925
12414	9927
12415	9928
12416	9928
12417	9928
12418	9927
12419	9927
12420	9928
12421	9930
12422	9931
12423	9931
12424	9932
12425	9934
12426	9935
12427	9935
12428	9936
12429	9938
12430	9939
12431	9939
12432	9939
12433	9939
12434	9940
12435	9942
12436	9943
12437	9943
12438	9944
12439	9946
12440	9947
12441	9947
12442	9948
12443	9950
12444	9951
12445	9951
12446	9951
12447	9951
12448	9952
12449	9954
12450	9955
12451	9955
12452	9956
12453	9958
12454	9959
12455	9959
12456	9960
12457	9962
12458	9963
12459	9963
12460	9963
12461	9963
12462	9963
12463	9963
12464	9964
12465	9964
12466	9965
12467	9965
12468	9966
12469	9968
12470	9969
12471	9969
12472	9970
12473	9972
12474	9973
12475	9973
12476	9974
12477	9975
12478	9976
12479	9976
12480	9977
12481	9977
12482	9978
12483	9980
12484	9981
12485	9981
12486	9982
12487	9984
12488	9985
12489	9985
12490	9986
12491	9987
12492	9988
12493	9988
12494	9989
12495	9989
12496	9990
12497	9992
12498	9993
12499	9993
12500	9994
12501	9996
12502	9997
12503	9997
12504	9998
12505	9998
12506	9999
12507	9999
12508	10000
12509	10000
12510	10001
12511	10001
12512	10002
12513	10004
12514	10005
12515	10005
12516	10006
12517	10008
12518	10009
12519	10009
12520	10010
12521	10012
12522	10013
12523	10013
12524	10013
12525	10013
12526	10014
12527	10016
12528	10017
12529	10017
12530	10018
12531	10020
12532	10021
12533	10021
12534	10022
12535	10024
12536	10025
12537	10025
12538	10025
12539	10025
12540	10026
12541	10028
12542	10029
12543	10029
12544	10030
12545	10032
12546	10033
12547	10033
12548	10034
12549	10036
12550	10037
12551	10037
12552	10037
12553	10037
12554	10037
12555	10037
12556	10038
12557	10038
12558	10039
12559	10039
12560	10040
12561	10042
12562	10043
12563	10043
12564	10044
12565	10046
12566	10047
12567	10047
12568	10048
12569	10049
12570	10050
12571	10050
12572	10051
12573	10051
12574	10052
12575	10054
12576	10055
12577	10055
12578	10056
12579	10058
12580	10059
12581	10059
12582	10060
12583	10061
12584	10062
12585	10062
12586	10063
12587	10063
12588	10064
12589	10066
12590	10067
12591	10067
12592	10068
12593	10070
12594	10071
12595	10071
12596	10072
12597	10072
12598	10073
12599	10073
12600	10074
12601	10074
12602	10075
12603	10075
12604	10076
12605	10078
12606	10079
12607	10079
12608	10080
12609	10082
12610	10083
12611	10083
12612	10084
12613	10086
12614	10087
12615	10087
12616	10087
12617	10087
12618	10088
12619	10090
12620	10091
12621	10091
12622	10092
12623	10094
12624	10095
12625	10095
12626	10096
12627	10098
12628	10099
12629	10099
12630	10099
12631	10099
12632	10099
12633	10099
12634	10100
12635	10099
12636	10101
12637	10102
12638	10102
12639	10103
12640	10105
12641	10106
12642	10106
12643	10107
12644	10109
12645	10110
12646	10110
12647	10110
12648	10110
12649	10111
12650	10113
12651	10114
12652	10114
12653	10115
12654	10117
12655	10118
12656	10118
12657	10119
12658	10121
12659	10122
12660	10122
12661	10122
12662	10122
12663	10123
12664	10125
12665	10126
12666	10126
12667	10127
12668	10129
12669	10130
12670	10130
12671	10131
12672	10133
12673	10134
12674	10134
12675	10134
12676	10134
12677	10134
12678	10134
12679	10135
12680	10135
12681	10136
12682	10136
12683	10137
12684	10139
12685	10140
12686	10140
12687	10141
12688	10143
12689	10144
12690	10144
12691	10145
12692	10146
12693	10147
12694	10147
12695	10148
12696	10148
12697	10149
12698	10151
12699	10152
12700	10152
12701	10153
12702	10155
12703	10156
12704	10156
12705	10157
12706	10158
12707	10159
12708	10159
12709	10160
12710	10160
12711	10161
12712	10163
12713	10164
12714	10164
12715	10165
12716	10167
12717	10168
12718	10168
12719	10169
12720	10169
12721	10170
12722	10170
12723	10171
12724	10171
12725	10172
12726	10172
12727	10173
12728	10175
12729	10176
12730	10176
12731	10177
12732	10179
12733	10180
12734	10180
12735	10181
12736	10183
12737	10184
12738	10184
12739	10184
12740	10184
12741	10185
12742	10187
12743	10188
12744	10188
12745	10189
12746	10191
12747	10192
12748	10192
12749	10193
12750	10195
12751	10196
12752	10196
12753	10196
12754	10196
12755	10197
12756	10199
12757	10200
12758	10200
12759	10201
12760	10203
12761	10204
12762	10204
12763	10205
12764	10207
12765	10208
12766	10208
12767	10208
12768	10208
12769	10208
12770	10208
12771	10209
12772	10209
12773	10210
12774	10210
12775	10211
12776	10213
12777	10214
12778	10214
12779	10215
12780	10217
12781	10218
12782	10218
12783	10219
12784	10220
12785	10221
12786	10221
12787	10222
12788	10222
12789	10223
12790	10225
12791	10226
12792	10226
12793	10227
12794	10229
12795	10230
12796	10230
12797	10231
12798	10232
12799	10233
12800	10233
12801	10234
12802	10234
12803	10235
12804	10237
12805	10238
12806	10238
12807	10239
12808	10241
12809	10242
12810	10242
12811	10243
12812	10243
12813	10244
12814	10244
12815	10245
12816	10245
12817	10246
12818	10246
12819	10247
12820	10249
12821	10250
12822	10250
12823	10251
12824	10253
12825	10254
12826	10254
12827	10255
12828	10257
12829	10258
12830	10258
12831	10258
12832	10258
12833	10259
12834	10261
12835	10262
12836	10262
12837	10263
12838	10265
12839	10266
12840	10266
12841	10267
12842	10269
12843	10270
12844	10270
12845	10270
12846	10270
12847	10271
12848	10273
12849	10274
12850	10274
12851	10275
12852	10277
12853	10278
12854	10278
12855	10279
12856	10281
12857	10282
12858	10282
12859	10282
12860	10282
12861	10282
12862	10282
12863	10283
12864	10283
12865	10284
12866	10284
12867	10285
12868	10287
12869	10288
12870	10288
12871	10289
12872	10291
12873	10292
12874	10292
12875	10293
12876	10294
12877	10295
12878	10295
12879	10296
12880	10296
12881	10297
12882	10299
12883	10300
12884	10300
12885	10301
12886	10303
12887	10304
12888	10304
12889	10305
12890	10306
12891	10307
12892	10307
12893	10308
12894	10308
12895	10309
12896	10311
12897	10312
12898	10312
12899	10313
12900	10315
12901	10316
12902	10316
12903	10317
12904	10317
12905	10318
12906	10318
12907	10319
12908	10319
12909	10320
12910	10320
12911	10321
12912	10323
12913	10324
12914	10324
12915	10325
12916	10327
12917	10328
12918	10328
12919	10329
12920	10331
12921	10332
12922	10332
12923	10332
12924	10332
12925	10333
12926	10335
12927	10336
12928	10336
12929	10337
12930	10339
12931	10340
12932	10340
12933	10341
12934	10343
12935	10344
12936	10344
12937	10344
12938	10344
12939	10345
12940	10347
12941	10348
12942	10348
12943	10349
12944	10351
12945	10352
12946	10352
12947	10353
12948	10355
12949	10356
12950	10356
12951	10356
12952	10356
12953	10356
12954	10356
12955	10357
12956	10357
12957	10358
12958	10358
12959	10359
12960	10361
12961	10362
12962	10362
12963	10363
12964	10365
12965	10366
12966	10366
12967	10367
12968	10368
12969	10369
12970	10369
12971	10370
12972	10370
12973	10371
12974	10373
12975	10374
12976	10374
12977	10375
12978	10377
12979	10378
12980	10378
12981	10379
12982	10380
12983	10381
12984	10381
12985	10382
12986	10382
12987	10383
12988	10385
12989	10386
12990	10386
12991	10387
12992	10389
12993	10390
12994	10390
12995	10391
12996	10391
12997	10392
12998	10392
12999	10393
13000	10393
13001	10394
13002	10394
13003	10395
13004	10397
13005	10398
13006	10398
13007	10399
13008	10401
13009	10402
13010	10402
13011	10403
13012	10405
13013	10406
13014	10406
13015	10406
13016	10406
13017	10407
13018	10409
13019	10410
13020	10410
13021	10411
13022	10413
13023	10414
13024	10414
13025	10415
13026	10417
13027	10418
13028	10418
13029	10418
13030	10418
13031	10418
13032	10418
13033	10419
13034	10418
13035	10420
13036	10421
13037	10421
13038	10422
13039	10424
13040	10425
13041	10425
13042	10426
13043	10428
13044	10429
13045	10429
13046	10429
13047	10429
13048	10430
13049	10432
13050	10433
13051	10433
13052	10434
13053	10436
13054	10437
13055	10437
13056	10438
13057	10440
13058	10441
13059	10441
13060	10441
13061	10441
13062	10441
13063	10441
13064	10441
13065	10441
13066	10442
13067	10442
13068	10443
13069	10445
13070	10446
13071	10446
13072	10447
13073	10449
13074	10450
13075	10450
13076	10451
13077	10452
13078	10453
13079	10453
13080	10454
13081	10454
13082	10455
13083	10457
13084	10458
13085	10458
13086	10459
13087	10461
13088	10462
13089	10462
13090	10463
13091	10464
13092	10465
13093	10464
13094	10464
13095	10465
13096	10467
13097	10468
13098	10468
13099	10469
13100	10471
13101	10472
13102	10472
13103	10473
13104	10475
13105	10476
13106	10476
13107	10476
13108	10476
13109	10477
13110	10479
13111	10480
13112	10480
13113	10481
13114	10483
13115	10484
13116	10484
13117	10485
13118	10487
13119	10488
13120	10488
13121	10488
13122	10488
13123	10489
13124	10491
13125	10492
13126	10492
13127	10493
13128	10495
13129	10496
13130	10496
13131	10497
13132	10499
13133	10500
13134	10500
13135	10500
13136	10499
13137	10499
13138	10500
13139	10502
13140	10503
13141	10503
13142	10504
13143	10506
13144	10507
13145	10507
13146	10508
13147	10510
13148	10511
13149	10511
13150	10511
13151	10511
13152	10512
13153	10513
13154	10514
13155	10514
13156	10515
13157	10517
13158	10518
13159	10518
13160	10519
13161	10520
13162	10521
13163	10521
13164	10522
13165	10522
13166	10523
13167	10525
13168	10526
13169	10526
13170	10527
13171	10529
13172	10530
13173	10530
13174	10531
13175	10532
13176	10533
13177	10532
13178	10532
13179	10533
13180	10535
13181	10536
13182	10536
13183	10537
13184	10539
13185	10540
13186	10540
13187	10541
13188	10543
13189	10544
13190	10544
13191	10544
13192	10544
13193	10545
13194	10547
13195	10548
13196	10548
13197	10549
13198	10551
13199	10552
13200	10552
13201	10553
13202	10555
13203	10556
13204	10556
13205	10556
13206	10556
13207	10557
13208	10559
13209	10560
13210	10560
13211	10561
13212	10563
13213	10564
13214	10564
13215	10565
13216	10567
13217	10568
13218	10568
13219	10568
13220	10567
13221	10567
13222	10568
13223	10570
13224	10571
13225	10571
13226	10572
13227	10574
13228	10575
13229	10575
13230	10576
13231	10578
13232	10579
13233	10579
13234	10579
13235	10579
13236	10580
13237	10582
13238	10583
13239	10583
13240	10584
13241	10586
13242	10587
13243	10587
13244	10588
13245	10590
13246	10591
13247	10591
13248	10591
13249	10591
13250	10592
13251	10594
13252	10595
13253	10595
13254	10596
13255	10598
13256	10599
13257	10599
13258	10600
13259	10602
13260	10603
13261	10603
13262	10603
13263	10603
13264	10603
13265	10603
13266	10604
13267	10604
13268	10605
13269	10605
13270	10606
13271	10608
13272	10609
13273	10609
13274	10610
13275	10612
13276	10613
13277	10613
13278	10614
13279	10615
13280	10616
13281	10616
13282	10617
13283	10617
13284	10618
13285	10620
13286	10621
13287	10621
13288	10622
13289	10624
13290	10625
13291	10625
13292	10626
13293	10627
13294	10628
13295	10628
13296	10629
13297	10629
13298	10630
13299	10632
13300	10633
13301	10633
13302	10634
13303	10636
13304	10637
13305	10637
13306	10638
13307	10638
13308	10639
13309	10639
13310	10640
13311	10640
13312	10641
13313	10641
13314	10642
13315	10644
13316	10645
13317	10645
13318	10646
13319	10648
13320	10649
13321	10649
13322	10650
13323	10652
13324	10653
13325	10653
13326	10653
13327	10653
13328	10654
13329	10655
13330	10656
13331	10656
13332	10657
13333	10659
13334	10660
13335	10660
13336	10661
13337	10662
13338	10663
13339	10662
13340	10662
13341	10663
13342	10665
13343	10666
13344	10666
13345	10667
13346	10669
13347	10670
13348	10670
13349	10671
13350	10673
13351	10674
13352	10674
13353	10674
13354	10674
13355	10675
13356	10677
13357	10678
13358	10678
13359	10679
13360	10681
13361	10682
13362	10682
13363	10683
13364	10685
13365	10686
13366	10686
13367	10686
13368	10686
13369	10686
13370	10686
13371	10686
13372	10685
13373	10685
13374	10686
13375	10688
13376	10689
13377	10689
13378	10690
13379	10692
13380	10693
13381	10693
13382	10694
13383	10696
13384	10697
13385	10697
13386	10697
13387	10697
13388	10698
13389	10700
13390	10701
13391	10701
13392	10702
13393	10704
13394	10705
13395	10705
13396	10706
13397	10708
13398	10709
13399	10709
13400	10709
13401	10709
13402	10710
13403	10712
13404	10713
13405	10713
13406	10714
13407	10716
13408	10717
13409	10717
13410	10718
13411	10720
13412	10721
13413	10721
13414	10721
13415	10721
13416	10721
13417	10721
13418	10722
13419	10722
13420	10723
13421	10723
13422	10724
13423	10726
13424	10727
13425	10727
13426	10728
13427	10730
13428	10731
13429	10731
13430	10732
13431	10733
13432	10734
13433	10734
13434	10735
13435	10735
13436	10736
13437	10738
13438	10739
13439	10739
13440	10740
13441	10742
13442	10743
13443	10743
13444	10744
13445	10745
13446	10746
13447	10746
13448	10747
13449	10747
13450	10748
13451	10750
13452	10751
13453	10751
13454	10752
13455	10754
13456	10755
13457	10755
13458	10756
13459	10756
13460	10757
13461	10757
13462	10758
13463	10758
13464	10759
13465	10759
13466	10759
13467	10759
13468	10760
13469	10762
13470	10763
13471	10763
13472	10764
13473	10766
13474	10767
13475	10767
13476	10768
13477	10770
13478	10771
13479	10771
13480	10771
13481	10771
13482	10772
13483	10774
13484	10775
13485	10775
13486	10776
13487	10778
13488	10779
13489	10779
13490	10780
13491	10782
13492	10783
13493	10783
13494	10783
13495	10783
13496	10783
13497	10783
13498	10783
13499	10783
13500	10784
13501	10784
13502	10785
13503	10787
13504	10788
13505	10788
13506	10789
13507	10791
13508	10792
13509	10792
13510	10793
13511	10794
13512	10795
13513	10795
13514	10796
13515	10796
13516	10797
13517	10799
13518	10800
13519	10800
13520	10801
13521	10803
13522	10804
13523	10804
13524	10805
13525	10806
13526	10807
13527	10806
13528	10806
13529	10807
13530	10809
13531	10810
13532	10810
13533	10811
13534	10813
13535	10814
13536	10814
13537	10815
13538	10817
13539	10818
13540	10818
13541	10818
13542	10818
13543	10819
13544	10821
13545	10822
13546	10822
13547	10823
13548	10825
13549	10826
13550	10826
13551	10827
13552	10829
13553	10830
13554	10830
13555	10830
13556	10830
13557	10831
13558	10833
13559	10834
13560	10834
13561	10835
13562	10837
13563	10838
13564	10838
13565	10839
13566	10841
13567	10842
13568	10842
13569	10842
13570	10841
13571	10841
13572	10842
13573	10844
13574	10845
13575	10845
13576	10846
13577	10848
13578	10849
13579	10849
13580	10850
13581	10852
13582	10853
13583	10853
13584	10853
13585	10853
13586	10854
13587	10856
13588	10857
13589	10857
13590	10858
13591	10860
13592	10861
13593	10861
13594	10862
13595	10864
13596	10865
13597	10865
13598	10865
13599	10865
13600	10866
13601	10868
13602	10869
13603	10869
13604	10870
13605	10872
13606	10873
13607	10873
13608	10874
13609	10876
13610	10877
13611	10877
13612	10877
13613	10877
13614	10877
13615	10877
13616	10878
13617	10878
13618	10879
13619	10879
13620	10880
13621	10882
13622	10883
13623	10883
13624	10884
13625	10886
13626	10887
13627	10887
13628	10888
13629	10889
13630	10890
13631	10890
13632	10891
13633	10891
13634	10892
13635	10894
13636	10895
13637	10895
13638	10896
13639	10898
13640	10899
13641	10899
13642	10900
13643	10901
13644	10902
13645	10902
13646	10903
13647	10903
13648	10904
13649	10906
13650	10907
13651	10907
13652	10908
13653	10910
13654	10911
13655	10911
13656	10912
13657	10912
13658	10913
13659	10913
13660	10914
13661	10914
13662	10915
13663	10915
13664	10916
13665	10918
13666	10919
13667	10919
13668	10920
13669	10922
13670	10923
13671	10923
13672	10924
13673	10926
13674	10927
13675	10927
13676	10927
13677	10927
13678	10928
13679	10930
13680	10931
13681	10931
13682	10932
13683	10934
13684	10935
13685	10935
13686	10936
13687	10938
13688	10939
13689	10939
13690	10939
13691	10939
13692	10940
13693	10942
13694	10943
13695	10943
13696	10944
13697	10946
13698	10947
13699	10947
13700	10948
13701	10950
13702	10951
13703	10951
13704	10951
13705	10951
13706	10951
13707	10951
13708	10952
13709	10952
13710	10953
13711	10953
13712	10954
13713	10956
13714	10957
13715	10957
13716	10958
13717	10960
13718	10961
13719	10961
13720	10962
13721	10963
13722	10964
13723	10964
13724	10965
13725	10965
13726	10966
13727	10968
13728	10969
13729	10969
13730	10970
13731	10972
13732	10973
13733	10973
13734	10974
13735	10975
13736	10976
13737	10976
13738	10977
13739	10977
13740	10978
13741	10980
13742	10981
13743	10981
13744	10982
13745	10984
13746	10985
13747	10985
13748	10986
13749	10986
13750	10987
13751	10987
13752	10988
13753	10988
13754	10989
13755	10989
13756	10990
13757	10992
13758	10993
13759	10993
13760	10994
13761	10996
13762	10997
13763	10997
13764	10998
13765	11000
13766	11001
13767	11001
13768	11001
13769	11001
13770	11002
13771	11004
13772	11005
13773	11005
13774	11006
13775	11008
13776	11009
13777	11009
13778	11010
13779	11012
13780	11013
13781	11013
13782	11013
13783	11013
13784	11014
13785	11016
13786	11017
13787	11017
13788	11018
13789	11020
13790	11021
13791	11021
13792	11022
13793	11024
13794	11025
13795	11025
13796	11025
13797	11025
13798	11025
13799	11025
13800	11026
13801	11026
13802	11027
13803	11027
13804	11028
13805	11030
13806	11031
13807	11031
13808	11032
13809	11034
13810	11035
13811	11035
13812	11036
13813	11037
13814	11038
13815	11038
13816	11039
13817	11039
13818	11040
13819	11042
13820	11043
13821	11043
13822	11044
13823	11046
13824	11047
13825	11047
13826	11048
13827	11049
13828	11050
13829	11050
13830	11051
13831	11051
13832	11052
13833	11054
13834	11055
13835	11055
13836	11056
13837	11058
13838	11059
13839	11059
13840	11060
13841	11060
13842	11061
13843	11061
13844	11062
13845	11062
13846	11063
13847	11063
13848	11063
13849	11063
13850	11064
13851	11066
13852	11067
13853	11067
13854	11068
13855	11070
13856	11071
13857	11071
13858	11072
13859	11074
13860	11075
13861	11075
13862	11075
13863	11075
13864	11076
13865	11078
13866	11079
13867	11079
13868	11080
13869	11082
13870	11083
13871	11083
13872	11084
13873	11086
13874	11087
13875	11087
13876	11087
13877	11087
13878	11088
13879	11090
13880	11091
13881	11091
13882	11092
13883	11094
13884	11095
13885	11095
13886	11096
13887	11098
13888	11099
13889	11099
13890	11099
13891	11098
13892	11098
13893	11099
13894	11101
13895	11102
13896	11102
13897	11103
13898	11105
13899	11106
13900	11106
13901	11107
13902	11109
13903	11110
13904	11110
13905	11110
13906	11110
13907	11111
13908	11113
13909	11114
13910	11114
13911	11115
13912	11117
13913	11118
13914	11118
13915	11119
13916	11121
13917	11122
13918	11122
13919	11122
13920	11122
13921	11123
13922	11125
13923	11126
13924	11126
13925	11127
13926	11129
13927	11130
13928	11130
13929	11131
13930	11133
13931	11134
13932	11134
13933	11134
13934	11134
13935	11134
13936	11134
13937	11135
13938	11135
13939	11136
13940	11136
13941	11137
13942	11139
13943	11140
13944	11140
13945	11141
13946	11143
13947	11144
13948	11144
13949	11145
13950	11146
13951	11147
13952	11147
13953	11148
13954	11148
13955	11149
13956	11151
13957	11152
13958	11152
13959	11153
13960	11155
13961	11156
13962	11156
13963	11157
13964	11158
13965	11159
13966	11159
13967	11160
13968	11160
13969	11161
13970	11163
13971	11164
13972	11164
13973	11165
13974	11167
13975	11168
13976	11168
13977	11169
13978	11169
13979	11170
13980	11170
13981	11171
13982	11171
13983	11172
13984	11172
13985	11173
13986	11175
13987	11176
13988	11176
13989	11177
13990	11179
13991	11180
13992	11180
13993	11181
13994	11183
13995	11184
13996	11184
13997	11184
13998	11184
13999	11185
14000	11187
14001	11188
14002	11188
14003	11189
14004	11191
14005	11192
14006	11192
14007	11193
14008	11195
14009	11196
14010	11196
14011	11196
14012	11196
14013	11197
14014	11199
14015	11200
14016	11200
14017	11201
14018	11203
14019	11204
14020	11204
14021	11205
14022	11207
14023	11208
14024	11208
14025	11208
14026	11208
14027	11208
14028	11208
14029	11209
14030	11209
14031	11210
14032	11210
14033	11211
14034	11213
14035	11214
14036	11214
14037	11215
14038	11217
14039	11218
14040	11218
14041	11219
14042	11220
14043	11221
14044	11221
14045	11222
14046	11222
14047	11223
14048	11225
14049	11226
14050	11226
14051	11227
14052	11229
14053	11230
14054	11230
14055	11231
14056	11232
14057	11233
14058	11233
14059	11234
14060	11234
14061	11235
14062	11237
14063	11238
14064	11238
14065	11239
14066	11241
14067	11242
14068	11242
14069	11243
14070	11243
14071	11244
14072	11244
14073	11245
14074	11245
14075	11246
14076	11246
14077	11247
14078	11249
14079	11250
14080	11250
14081	11251
14082	11253
14083	11254
14084	11254
14085	11255
14086	11257
14087	11258
14088	11258
14089	11258
14090	11258
14091	11259
14092	11261
14093	11262
14094	11262
14095	11263
14096	11265
14097	11266
14098	11266
14099	11267
14100	11269
14101	11270
14102	11270
14103	11270
14104	11270
14105	11271
14106	11273
14107	11274
14108	11274
14109	11275
14110	11277
14111	11278
14112	11278
14113	11279
14114	11281
14115	11282
14116	11282
14117	11282
14118	11282
14119	11282
14120	11282
14121	11283
14122	11283
14123	11284
14124	11284
14125	11285
14126	11287
14127	11288
14128	11288
14129	11289
14130	11291
14131	11292
14132	11292
14133	11293
14134	11294
14135	11295
14136	11295
14137	11296
14138	11296
14139	11297
14140	11299
14141	11300
14142	11300
14143	11301
14144	11303
14145	11304
14146	11304
14147	11305
14148	11306
14149	11307
14150	11307
14151	11308
14152	11308
14153	11309
14154	11311
14155	11312
14156	11312
14157	11313
14158	11315
14159	11316
14160	11316
14161	11317
14162	11317
14163	11318
14164	11318
14165	11319
14166	11319
14167	11320
14168	11320
14169	11321
14170	11323
14171	11324
14172	11324
14173	11325
14174	11327
14175	11328
14176	11328
14177	11329
14178	11331
14179	11332
14180	11332
14181	11332
14182	11332
14183	11332
14184	11332
14185	11333
14186	11333
14187	11334
14188	11334
14189	11335
14190	11337
14191	11338
14192	11338
14193	11339
14194	11341
14195	11342
14196	11342
14197	11343
14198	11344
14199	11345
14200	11345
14201	11346
14202	11346
14203	11347
14204	11349
14205	11350
14206	11350
14207	11351
14208	11353
14209	11354
14210	11354
14211	11355
14212	11356
14213	11357
14214	11357
14215	11358
14216	11358
14217	11359
14218	11361
14219	11362
14220	11362
14221	11363
14222	11365
14223	11366
14224	11366
14225	11367
14226	11367
14227	11368
14228	11368
14229	11369
14230	11369
14231	11370
14232	11370
14233	11371
14234	11373
14235	11374
14236	11374
14237	11375
14238	11377
14239	11378
14240	11378
14241	11379
14242	11381
14243	11382
14244	11382
14245	11382
14246	11382
14247	11383
14248	11385
14249	11386
14250	11386
14251	11387
14252	11389
14253	11390
14254	11390
14255	11391
14256	11393
14257	11394
14258	11394
14259	11394
14260	11394
14261	11395
14262	11397
14263	11398
14264	11398
14265	11399
14266	11401
14267	11402
14268	11402
14269	11403
14270	11405
14271	11406
14272	11406
14273	11406
14274	11406
14275	11406
14276	11406
14277	11407
14278	11407
14279	11408
14280	11408
14281	11409
14282	11411
14283	11412
14284	11412
14285	11413
14286	11415
14287	11416
14288	11416
14289	11417
14290	11418
14291	11419
14292	11419
14293	11420
14294	11420
14295	11421
14296	11423
14297	11424
14298	11424
14299	11425
14300	11427
14301	11428
14302	11428
14303	11429
14304	11430
14305	11431
14306	11431
14307	11432
14308	11432
14309	11433
14310	11435
14311	11436
14312	11436
14313	11437
14314	11439
14315	11440
14316	11440
14317	11441
14318	11441
14319	11442
14320	11442
14321	11443
14322	11443
14323	11444
14324	11444
14325	11445
14326	11447
14327	11448
14328	11448
14329	11449
14330	11451
14331	11452
14332	11452
14333	11453
14334	11455
14335	11456
14336	11456
14337	11456
14338	11456
14339	11457
14340	11459
14341	11460
14342	11460
14343	11461
14344	11463
14345	11464
14346	11464
14347	11465
14348	11467
14349	11468
14350	11468
14351	11468
14352	11468
14353	11469
14354	11471
14355	11472
14356	11472
14357	11473
14358	11475
14359	11476
14360	11476
14361	11477
14362	11479
14363	11480
14364	11480
14365	11480
14366	11480
14367	11480
14368	11480
14369	11481
14370	11481
14371	11482
14372	11482
14373	11483
14374	11485
14375	11486
14376	11486
14377	11487
14378	11489
14379	11490
14380	11490
14381	11491
14382	11492
14383	11493
14384	11492
14385	11492
14386	11493
14387	11495
14388	11496
14389	11496
14390	11497
14391	11499
14392	11500
14393	11500
14394	11501
14395	11503
14396	11504
14397	11504
14398	11504
14399	11504
14400	11505
14401	11507
14402	11508
14403	11508
14404	11509
14405	11511
14406	11512
14407	11512
14408	11513
14409	11515
14410	11516
14411	11516
14412	11516
14413	11516
14414	11517
14415	11519
14416	11520
14417	11520
14418	11521
14419	11523
14420	11524
14421	11524
14422	11525
14423	11527
14424	11528
14425	11528
14426	11528
14427	11527
14428	11527
14429	11528
14430	11530
14431	11531
14432	11531
14433	11532
14434	11534
14435	11535
14436	11535
14437	11536
14438	11538
14439	11539
14440	11539
14441	11539
14442	11539
14443	11540
14444	11542
14445	11543
14446	11543
14447	11544
14448	11546
14449	11547
14450	11547
14451	11548
14452	11550
14453	11551
14454	11551
14455	11551
14456	11551
14457	11552
14458	11554
14459	11555
14460	11555
14461	11556
14462	11558
14463	11559
14464	11559
14465	11560
14466	11562
14467	11563
14468	11563
14469	11563
14470	11563
14471	11563
14472	11563
14473	11564
14474	11564
14475	11565
14476	11565
14477	11566
14478	11568
14479	11569
14480	11569
14481	11570
14482	11572
14483	11573
14484	11573
14485	11574
14486	11575
14487	11576
14488	11576
14489	11577
14490	11577
14491	11578
14492	11580
14493	11581
14494	11581
14495	11582
14496	11584
14497	11585
14498	11585
14499	11586
14500	11587
14501	11588
14502	11588
14503	11589
14504	11589
14505	11590
14506	11592
14507	11593
14508	11593
14509	11594
14510	11596
14511	11597
14512	11597
14513	11598
14514	11598
14515	11599
14516	11598
14517	11598
14518	11599
14519	11599
14520	11600
14521	11600
14522	11601
14523	11603
14524	11604
14525	11604
14526	11605
14527	11607
14528	11608
14529	11608
14530	11609
14531	11610
14532	11611
14533	11611
14534	11612
14535	11612
14536	11613
14537	11615
14538	11616
14539	11616
14540	11617
14541	11619
14542	11620
14543	11620
14544	11621
14545	11622
14546	11623
14547	11623
14548	11624
14549	11624
14550	11625
14551	11627
14552	11628
14553	11628
14554	11629
14555	11631
14556	11632
14557	11632
14558	11633
14559	11633
14560	11634
14561	11633
14562	11632
14563	11632
14564	11633
14565	11635
14566	11636
14567	11636
14568	11637
14569	11639
14570	11640
14571	11640
14572	11641
14573	11643
14574	11644
14575	11644
14576	11644
14577	11644
14578	11644
14579	11644
14580	11644
14581	11644
14582	11645
14583	11645
14584	11646
14585	11648
14586	11649
14587	11649
14588	11650
14589	11652
14590	11653
14591	11653
14592	11654
14593	11655
14594	11656
14595	11656
14596	11657
14597	11657
14598	11658
14599	11660
14600	11661
14601	11661
14602	11662
14603	11664
14604	11665
14605	11665
14606	11666
14607	11667
14608	11668
14609	11667
14610	11667
14611	11668
14612	11670
14613	11671
14614	11671
14615	11672
14616	11674
14617	11675
14618	11675
14619	11676
14620	11678
14621	11679
14622	11679
14623	11679
14624	11679
14625	11680
14626	11682
14627	11683
14628	11683
14629	11684
14630	11686
14631	11687
14632	11687
14633	11688
14634	11690
14635	11691
14636	11691
14637	11691
14638	11691
14639	11692
14640	11694
14641	11695
14642	11695
14643	11696
14644	11698
14645	11699
14646	11699
14647	11700
14648	11702
14649	11703
14650	11703
14651	11703
14652	11702
14653	11702
14654	11703
14655	11705
14656	11706
14657	11706
14658	11707
14659	11709
14660	11710
14661	11710
14662	11711
14663	11713
14664	11714
14665	11714
14666	11714
14667	11714
14668	11715
14669	11717
14670	11718
14671	11718
14672	11719
14673	11721
14674	11722
14675	11722
14676	11723
14677	11725
14678	11726
14679	11726
14680	11726
14681	11726
14682	11726
14683	11726
14684	11727
14685	11727
14686	11728
14687	11728
14688	11729
14689	11731
14690	11732
14691	11732
14692	11733
14693	11735
14694	11736
14695	11736
14696	11737
14697	11738
14698	11739
14699	11738
14700	11737
14701	11738
14702	11738
14703	11739
14704	11739
14705	11740
14706	11740
14707	11740
14708	11739
14709	11741
14710	11742
14711	11742
14712	11743
14713	11743
14714	11744
14715	11746
14716	11747
14717	11747
14718	11748
14719	11750
14720	11751
14721	11751
14722	11752
14723	11754
14724	11755
14725	11755
14726	11755
14727	11755
14728	11756
14729	11758
14730	11759
14731	11759
14732	11760
14733	11762
14734	11763
14735	11763
14736	11764
14737	11766
14738	11767
14739	11767
14740	11767
14741	11767
14742	11768
14743	11770
14744	11771
14745	11771
14746	11772
14747	11774
14748	11775
14749	11775
14750	11776
14751	11778
14752	11779
14753	11779
14754	11779
14755	11779
14756	11779
14757	11779
14758	11780
14759	11780
14760	11781
14761	11781
14762	11782
14763	11784
14764	11785
14765	11785
14766	11786
14767	11788
14768	11789
14769	11789
14770	11790
14771	11791
14772	11792
14773	11791
14774	11791
14775	11792
14776	11794
14777	11795
14778	11795
14779	11796
14780	11798
14781	11799
14782	11799
14783	11800
14784	11802
14785	11803
14786	11803
14787	11803
14788	11803
14789	11804
14790	11806
14791	11807
14792	11807
14793	11808
14794	11810
14795	11811
14796	11811
14797	11812
14798	11814
14799	11815
14800	11815
14801	11815
14802	11815
14803	11816
14804	11818
14805	11819
14806	11819
14807	11820
14808	11822
14809	11823
14810	11823
14811	11824
14812	11826
14813	11827
14814	11827
14815	11827
14816	11826
14817	11826
14818	11827
14819	11829
14820	11830
14821	11830
14822	11831
14823	11833
14824	11834
14825	11834
14826	11835
14827	11837
14828	11838
14829	11838
14830	11838
14831	11838
14832	11839
14833	11841
14834	11842
14835	11842
14836	11843
14837	11845
14838	11846
14839	11846
14840	11847
14841	11849
14842	11850
14843	11850
14844	11850
14845	11850
14846	11851
14847	11853
14848	11854
14849	11854
14850	11855
14851	11857
14852	11858
14853	11858
14854	11859
14855	11861
14856	11862
14857	11862
14858	11862
14859	11862
14860	11862
14861	11862
14862	11863
14863	11863
14864	11864
14865	11864
14866	11865
14867	11867
14868	11868
14869	11868
14870	11869
14871	11871
14872	11872
14873	11872
14874	11873
14875	11874
14876	11875
14877	11874
14878	11874
14879	11875
14880	11877
14881	11878
14882	11878
14883	11879
14884	11881
14885	11882
14886	11882
14887	11883
14888	11885
14889	11886
14890	11886
14891	11886
14892	11886
14893	11887
14894	11889
14895	11890
14896	11890
14897	11891
14898	11893
14899	11894
14900	11894
14901	11895
14902	11897
14903	11898
14904	11898
14905	11898
14906	11898
14907	11899
14908	11901
14909	11902
14910	11902
14911	11903
14912	11905
14913	11906
14914	11906
14915	11907
14916	11909
14917	11910
14918	11910
14919	11910
14920	11909
14921	11909
14922	11910
14923	11912
14924	11913
14925	11913
14926	11914
14927	11916
14928	11917
14929	11917
14930	11918
14931	11920
14932	11921
14933	11921
14934	11921
14935	11921
14936	11922
14937	11924
14938	11925
14939	11925
14940	11926
14941	11928
14942	11929
14943	11929
14944	11930
14945	11932
14946	11933
14947	11933
14948	11933
14949	11933
14950	11934
14951	11936
14952	11937
14953	11937
14954	11938
14955	11940
14956	11941
14957	11941
14958	11942
14959	11944
14960	11945
14961	11945
14962	11945
14963	11945
14964	11945
14965	11945
14966	11946
14967	11946
14968	11947
14969	11947
14970	11948
14971	11950
14972	11951
14973	11951
14974	11952
14975	11954
14976	11955
14977	11955
14978	11956
14979	11957
14980	11958
14981	11958
14982	11959
14983	11959
14984	11960
14985	11962
14986	11963
14987	11963
14988	11964
14989	11966
14990	11967
14991	11967
14992	11968
14993	11969
14994	11970
14995	11970
14996	11971
14997	11971
14998	11972
14999	11974
15000	11975
15001	11975
15002	11976
15003	11978
15004	11979
15005	11979
15006	11980
15007	11980
15008	11981
15009	11980
15010	11980
15011	11980
15012	11980
15013	11981
15014	11981
15015	11982
15016	11984
15017	11985
15018	11985
15019	11986
15020	11988
15021	11989
15022	11989
15023	11990
15024	11991
15025	11992
15026	11991
15027	11991
15028	11992
15029	11994
15030	11995
15031	11995
15032	11996
15033	11998
15034	11999
15035	11999
15036	12000
15037	12002
15038	12003
15039	12003
15040	12003
15041	12003
15042	12004
15043	12006
15044	12007
15045	12007
15046	12008
15047	12010
15048	12011
15049	12011
15050	12012
15051	12014
15052	12015
15053	12015
15054	12015
15055	12015
15056	12016
15057	12018
15058	12019
15059	12019
15060	12020
15061	12022
15062	12023
15063	12023
15064	12024
15065	12026
15066	12027
15067	12027
15068	12027
15069	12026
15070	12026
15071	12026
15072	12026
15073	12026
15074	12026
15075	12027
15076	12027
15077	12028
15078	12028
15079	12029
15080	12031
15081	12032
15082	12032
15083	12033
15084	12035
15085	12036
15086	12036
15087	12037
15088	12039
15089	12040
15090	12040
15091	12040
15092	12040
15093	12041
15094	12043
15095	12044
15096	12044
15097	12045
15098	12047
15099	12048
15100	12048
15101	12049
15102	12051
15103	12052
15104	12052
15105	12052
15106	12052
15107	12052
15108	12052
15109	12053
15110	12053
15111	12054
15112	12054
15113	12055
15114	12057
15115	12058
15116	12058
15117	12059
15118	12061
15119	12062
15120	12062
15121	12063
15122	12064
15123	12065
15124	12065
15125	12066
15126	12066
15127	12067
15128	12069
15129	12070
15130	12070
15131	12071
15132	12073
15133	12074
15134	12074
15135	12075
15136	12076
15137	12077
15138	12077
15139	12078
15140	12078
15141	12079
15142	12081
15143	12082
15144	12082
15145	12083
15146	12085
15147	12086
15148	12086
15149	12087
15150	12087
15151	12088
15152	12088
15153	12089
15154	12089
15155	12090
15156	12090
15157	12090
15158	12090
15159	12091
15160	12093
15161	12094
15162	12094
15163	12095
15164	12097
15165	12098
15166	12098
15167	12099
15168	12101
15169	12102
15170	12102
15171	12102
15172	12102
15173	12103
15174	12105
15175	12106
15176	12106
15177	12107
15178	12109
15179	12110
15180	12110
15181	12111
15182	12113
15183	12114
15184	12114
15185	12114
15186	12114
15187	12115
15188	12117
15189	12118
15190	12118
15191	12119
15192	12121
15193	12122
15194	12122
15195	12123
15196	12125
15197	12126
15198	12126
15199	12126
15200	12125
15201	12125
15202	12126
15203	12128
15204	12129
15205	12129
15206	12130
15207	12132
15208	12133
15209	12133
15210	12134
15211	12136
15212	12137
15213	12137
15214	12137
15215	12137
15216	12138
15217	12140
15218	12141
15219	12141
15220	12142
15221	12144
15222	12145
15223	12145
15224	12146
15225	12148
15226	12149
15227	12149
15228	12149
15229	12149
15230	12150
15231	12152
15232	12153
15233	12153
15234	12154
15235	12156
15236	12157
15237	12157
15238	12158
15239	12160
15240	12161
15241	12161
15242	12161
15243	12161
15244	12161
15245	12161
15246	12162
15247	12162
15248	12163
15249	12163
15250	12164
15251	12166
15252	12167
15253	12167
15254	12168
15255	12170
15256	12171
15257	12171
15258	12172
15259	12173
15260	12174
15261	12174
15262	12175
15263	12175
15264	12176
15265	12178
15266	12179
15267	12179
15268	12180
15269	12182
15270	12183
15271	12183
15272	12184
15273	12185
15274	12186
15275	12186
15276	12187
15277	12187
15278	12188
15279	12190
15280	12191
15281	12191
15282	12192
15283	12194
15284	12195
15285	12195
15286	12196
15287	12196
15288	12197
15289	12197
15290	12198
15291	12198
15292	12199
15293	12199
15294	12200
15295	12202
15296	12203
15297	12203
15298	12204
15299	12206
15300	12207
15301	12207
15302	12208
15303	12210
15304	12211
15305	12211
15306	12211
15307	12211
15308	12212
15309	12214
15310	12215
15311	12215
15312	12216
15313	12218
15314	12219
15315	12219
15316	12220
15317	12222
15318	12223
15319	12223
15320	12223
15321	12223
15322	12224
15323	12226
15324	12227
15325	12227
15326	12228
15327	12230
15328	12231
15329	12231
15330	12232
15331	12234
15332	12235
15333	12235
15334	12235
15335	12235
15336	12235
15337	12235
15338	12236
15339	12235
15340	12237
15341	12238
15342	12238
15343	12239
15344	12241
15345	12242
15346	12242
15347	12243
15348	12245
15349	12246
15350	12246
15351	12246
15352	12246
15353	12247
15354	12249
15355	12250
15356	12250
15357	12251
15358	12253
15359	12254
15360	12254
15361	12255
15362	12257
15363	12258
15364	12258
15365	12258
15366	12258
15367	12258
15368	12257
15369	12257
15370	12258
15371	12260
15372	12261
15373	12261
15374	12262
15375	12264
15376	12265
15377	12265
15378	12266
15379	12268
15380	12269
15381	12269
15382	12269
15383	12269
15384	12270
15385	12272
15386	12273
15387	12273
15388	12274
15389	12276
15390	12277
15391	12277
15392	12278
15393	12280
15394	12281
15395	12281
15396	12281
15397	12281
15398	12282
15399	12284
15400	12285
15401	12285
15402	12286
15403	12288
15404	12289
15405	12289
15406	12290
15407	12292
15408	12293
15409	12293
15410	12293
15411	12293
15412	12293
15413	12293
15414	12294
15415	12294
15416	12295
15417	12295
15418	12296
15419	12298
15420	12299
15421	12299
15422	12300
15423	12302
15424	12303
15425	12303
15426	12304
15427	12305
15428	12306
15429	12306
15430	12307
15431	12307
15432	12308
15433	12310
15434	12311
15435	12311
15436	12312
15437	12314
15438	12315
15439	12315
15440	12316
15441	12317
15442	12318
15443	12318
15444	12319
15445	12319
15446	12320
15447	12322
15448	12323
15449	12323
15450	12324
15451	12326
15452	12327
15453	12327
15454	12328
15455	12328
15456	12329
15457	12329
15458	12330
15459	12330
15460	12331
15461	12331
15462	12331
15463	12331
15464	12331
15465	12331
15466	12332
15467	12332
15468	12333
15469	12333
15470	12334
15471	12336
15472	12337
15473	12337
15474	12338
15475	12340
15476	12341
15477	12341
15478	12342
15479	12344
15480	12345
15481	12345
15482	12345
15483	12345
15484	12346
15485	12348
15486	12349
15487	12349
15488	12350
15489	12352
15490	12353
15491	12353
15492	12354
15493	12356
15494	12357
15495	12357
15496	12357
15497	12357
15498	12358
15499	12360
15500	12361
15501	12361
15502	12362
15503	12364
15504	12365
15505	12365
15506	12366
15507	12368
15508	12369
15509	12369
15510	12369
15511	12369
15512	12369
15513	12369
15514	12370
15515	12370
15516	12371
15517	12371
15518	12372
15519	12374
15520	12375
15521	12375
15522	12376
15523	12378
15524	12379
15525	12379
15526	12380
15527	12381
15528	12382
15529	12382
15530	12383
15531	12383
15532	12384
15533	12386
15534	12387
15535	12387
15536	12388
15537	12390
15538	12391
15539	12391
15540	12392
15541	12393
15542	12394
15543	12394
15544	12395
15545	12395
15546	12396
15547	12398
15548	12399
15549	12399
15550	12400
15551	12402
15552	12403
15553	12403
15554	12404
15555	12404
15556	12405
15557	12405
15558	12406
15559	12406
15560	12407
15561	12407
15562	12407
15563	12407
15564	12408
15565	12410
15566	12411
15567	12411
15568	12412
15569	12414
15570	12415
15571	12415
15572	12416
15573	12418
15574	12419
15575	12419
15576	12419
15577	12419
15578	12420
15579	12422
15580	12423
15581	12423
15582	12424
15583	12426
15584	12427
15585	12427
15586	12428
15587	12430
15588	12431
15589	12431
15590	12431
15591	12431
15592	12432
15593	12434
15594	12435
15595	12435
15596	12436
15597	12438
15598	12439
15599	12439
15600	12440
15601	12442
15602	12443
15603	12443
15604	12443
15605	12442
15606	12442
15607	12443
15608	12445
15609	12446
15610	12446
15611	12447
15612	12449
15613	12450
15614	12450
15615	12451
15616	12453
15617	12454
15618	12454
15619	12454
15620	12454
15621	12455
15622	12457
15623	12458
15624	12458
15625	12459
15626	12461
15627	12462
15628	12462
15629	12463
15630	12465
15631	12466
15632	12466
15633	12466
15634	12466
15635	12467
15636	12469
15637	12470
15638	12470
15639	12471
15640	12473
15641	12474
15642	12474
15643	12475
15644	12477
15645	12478
15646	12478
15647	12478
15648	12478
15649	12478
15650	12478
15651	12479
15652	12479
15653	12480
15654	12480
15655	12481
15656	12483
15657	12484
15658	12484
15659	12485
15660	12487
15661	12488
15662	12488
15663	12489
15664	12490
15665	12491
15666	12491
15667	12492
15668	12492
15669	12493
15670	12495
15671	12496
15672	12496
15673	12497
15674	12499
15675	12500
15676	12500
15677	12501
15678	12502
15679	12503
15680	12503
15681	12504
15682	12504
15683	12505
15684	12507
15685	12508
15686	12508
15687	12509
15688	12511
15689	12512
15690	12512
15691	12513
15692	12513
15693	12514
15694	12514
15695	12515
15696	12515
15697	12516
15698	12516
15699	12517
15700	12519
15701	12520
15702	12520
15703	12521
15704	12523
15705	12524
15706	12524
15707	12525
15708	12527
15709	12528
15710	12528
15711	12528
15712	12528
15713	12528
15714	12528
15715	12529
15716	12529
15717	12530
15718	12530
15719	12531
15720	12533
15721	12534
15722	12534
15723	12535
15724	12537
15725	12538
15726	12538
15727	12539
15728	12540
15729	12541
15730	12541
15731	12542
15732	12542
15733	12543
15734	12545
15735	12546
15736	12546
15737	12547
15738	12549
15739	12550
15740	12550
15741	12551
15742	12552
15743	12553
15744	12553
15745	12554
15746	12554
15747	12555
15748	12557
15749	12558
15750	12558
15751	12559
15752	12561
15753	12562
15754	12562
15755	12563
15756	12563
15757	12564
15758	12564
15759	12565
15760	12565
15761	12566
15762	12566
15763	12567
15764	12569
15765	12570
15766	12570
15767	12571
15768	12573
15769	12574
15770	12574
15771	12575
15772	12577
15773	12578
15774	12578
15775	12578
15776	12578
15777	12579
15778	12581
15779	12582
15780	12582
15781	12583
15782	12585
15783	12586
15784	12586
15785	12587
15786	12589
15787	12590
15788	12590
15789	12590
15790	12590
15791	12590
15792	12590
15793	12590
15794	12590
15795	12591
15796	12591
15797	12592
15798	12594
15799	12595
15800	12595
15801	12596
15802	12598
15803	12599
15804	12599
15805	12600
15806	12601
15807	12602
15808	12602
15809	12603
15810	12603
15811	12604
15812	12606
15813	12607
15814	12607
15815	12608
15816	12610
15817	12611
15818	12611
15819	12612
15820	12613
15821	12614
15822	12613
15823	12613
15824	12613
15825	12613
15826	12614
15827	12614
15828	12615
15829	12615
15830	12616
15831	12618
15832	12619
15833	12619
15834	12620
15835	12622
15836	12623
15837	12623
15838	12624
15839	12626
15840	12627
15841	12627
15842	12627
15843	12627
15844	12628
15845	12630
15846	12631
15847	12631
15848	12632
15849	12634
15850	12635
15851	12635
15852	12636
15853	12638
15854	12639
15855	12639
15856	12639
15857	12639
15858	12640
15859	12642
15860	12643
15861	12643
15862	12644
15863	12646
15864	12647
15865	12647
15866	12648
15867	12650
15868	12651
15869	12651
15870	12651
15871	12651
15872	12651
15873	12651
15874	12652
15875	12652
15876	12653
15877	12653
15878	12654
15879	12656
15880	12657
15881	12657
15882	12658
15883	12660
15884	12661
15885	12661
15886	12662
15887	12663
15888	12664
15889	12664
15890	12665
15891	12665
15892	12666
15893	12668
15894	12669
15895	12669
15896	12670
15897	12672
15898	12673
15899	12673
15900	12674
15901	12675
15902	12676
15903	12676
15904	12677
15905	12677
15906	12678
15907	12680
15908	12681
15909	12681
15910	12682
15911	12684
15912	12685
15913	12685
15914	12686
15915	12686
15916	12687
15917	12687
15918	12688
15919	12688
15920	12689
15921	12689
15922	12689
15923	12688
15924	12690
15925	12691
15926	12691
15927	12692
15928	12692
15929	12693
15930	12695
15931	12696
15932	12696
15933	12697
15934	12699
15935	12700
15936	12700
15937	12701
15938	12703
15939	12704
15940	12704
15941	12704
15942	12704
15943	12705
15944	12707
15945	12708
15946	12708
15947	12709
15948	12711
15949	12712
15950	12712
15951	12713
15952	12715
15953	12716
15954	12716
15955	12716
15956	12716
15957	12717
15958	12719
15959	12720
15960	12720
15961	12721
15962	12723
15963	12724
15964	12724
15965	12725
15966	12727
15967	12728
15968	12728
15969	12728
15970	12728
15971	12728
15972	12728
15973	12729
15974	12729
15975	12730
15976	12730
15977	12731
15978	12733
15979	12734
15980	12734
15981	12735
15982	12737
15983	12738
15984	12738
15985	12739
15986	12740
15987	12741
15988	12741
15989	12742
15990	12742
15991	12743
15992	12745
15993	12746
15994	12746
15995	12747
15996	12749
15997	12750
15998	12750
15999	12751
16000	12752
16001	12753
16002	12753
16003	12754
16004	12754
16005	12755
16006	12757
16007	12758
16008	12758
16009	12759
16010	12761
16011	12762
16012	12762
16013	12763
16014	12763
16015	12764
16016	12764
16017	12765
16018	12765
16019	12766
16020	12766
16021	12767
16022	12769
16023	12770
16024	12770
16025	12771
16026	12773
16027	12774
16028	12774
16029	12775
16030	12777
16031	12778
16032	12778
16033	12778
16034	12778
16035	12779
16036	12781
16037	12782
16038	12782
16039	12783
16040	12785
16041	12786
16042	12786
16043	12787
16044	12789
16045	12790
16046	12790
16047	12790
16048	12790
16049	12791
16050	12793
16051	12794
16052	12794
16053	12795
16054	12797
16055	12798
16056	12798
16057	12799
16058	12801
16059	12802
16060	12802
16061	12802
16062	12802
16063	12802
16064	12801
16065	12801
16066	12801
16067	12801
16068	12802
16069	12804
16070	12805
16071	12805
16072	12806
16073	12808
16074	12809
16075	12809
16076	12810
16077	12812
16078	12813
16079	12813
16080	12813
16081	12813
16082	12813
16083	12813
16084	12814
16085	12814
16086	12815
16087	12815
16088	12816
16089	12818
16090	12819
16091	12819
16092	12820
16093	12822
16094	12823
16095	12823
16096	12824
16097	12825
16098	12826
16099	12826
16100	12827
16101	12827
16102	12828
16103	12830
16104	12831
16105	12831
16106	12832
16107	12834
16108	12835
16109	12835
16110	12836
16111	12837
16112	12838
16113	12838
16114	12839
16115	12839
16116	12840
16117	12842
16118	12843
16119	12843
16120	12844
16121	12846
16122	12847
16123	12847
16124	12848
16125	12848
16126	12849
16127	12849
16128	12850
16129	12850
16130	12851
16131	12851
16132	12852
16133	12854
16134	12855
16135	12855
16136	12856
16137	12858
16138	12859
16139	12859
16140	12860
16141	12862
16142	12863
16143	12863
16144	12863
16145	12863
16146	12864
16147	12866
16148	12867
16149	12867
16150	12868
16151	12870
16152	12871
16153	12871
16154	12872
16155	12874
16156	12875
16157	12875
16158	12875
16159	12875
16160	12876
16161	12878
16162	12879
16163	12879
16164	12880
16165	12882
16166	12883
16167	12883
16168	12884
16169	12886
16170	12887
16171	12887
16172	12887
16173	12887
16174	12887
16175	12887
16176	12888
16177	12888
16178	12889
16179	12889
16180	12890
16181	12892
16182	12893
16183	12893
16184	12894
16185	12896
16186	12897
16187	12897
16188	12898
16189	12899
16190	12900
16191	12900
16192	12901
16193	12901
16194	12902
16195	12904
16196	12905
16197	12905
16198	12906
16199	12908
16200	12909
16201	12909
16202	12910
16203	12911
16204	12912
16205	12912
16206	12913
16207	12913
16208	12914
16209	12916
16210	12917
16211	12917
16212	12918
16213	12920
16214	12921
16215	12921
16216	12922
16217	12922
16218	12923
16219	12923
16220	12924
16221	12924
16222	12925
16223	12925
16224	12926
16225	12928
16226	12929
16227	12929
16228	12930
16229	12932
16230	12933
16231	12933
16232	12934
16233	12936
16234	12937
16235	12937
16236	12937
16237	12937
16238	12938
16239	12940
16240	12941
16241	12941
16242	12942
16243	12944
16244	12945
16245	12945
16246	12946
16247	12948
16248	12949
16249	12949
16250	12949
16251	12949
16252	12950
16253	12952
16254	12953
16255	12953
16256	12954
16257	12956
16258	12957
16259	12957
16260	12958
16261	12960
16262	12961
16263	12961
16264	12961
16265	12961
16266	12961
16267	12961
16268	12962
16269	12962
16270	12963
16271	12963
16272	12964
16273	12966
16274	12967
16275	12967
16276	12968
16277	12970
16278	12971
16279	12971
16280	12972
16281	12973
16282	12974
16283	12973
16284	12973
16285	12974
16286	12976
16287	12977
16288	12977
16289	12978
16290	12980
16291	12981
16292	12981
16293	12982
16294	12984
16295	12985
16296	12985
16297	12985
16298	12985
16299	12986
16300	12988
16301	12989
16302	12989
16303	12990
16304	12992
16305	12993
16306	12993
16307	12994
16308	12996
16309	12997
16310	12997
16311	12997
16312	12997
16313	12998
16314	13000
16315	13001
16316	13001
16317	13002
16318	13004
16319	13005
16320	13005
16321	13006
16322	13008
16323	13009
16324	13009
16325	13009
16326	13008
16327	13008
16328	13009
16329	13010
16330	13011
16331	13011
16332	13012
16333	13014
16334	13015
16335	13015
16336	13016
16337	13017
16338	13018
16339	13018
16340	13019
16341	13019
16342	13020
16343	13022
16344	13023
16345	13023
16346	13024
16347	13026
16348	13027
16349	13027
16350	13028
16351	13029
16352	13030
16353	13029
16354	13029
16355	13030
16356	13032
16357	13033
16358	13033
16359	13034
16360	13036
16361	13037
16362	13037
16363	13038
16364	13040
16365	13041
16366	13041
16367	13041
16368	13041
16369	13042
16370	13044
16371	13045
16372	13045
16373	13046
16374	13048
16375	13049
16376	13049
16377	13050
16378	13052
16379	13053
16380	13053
16381	13053
16382	13053
16383	13054
16384	13056
16385	13057
16386	13057
16387	13058
16388	13060
16389	13061
16390	13061
16391	13062
16392	13064
16393	13065
16394	13065
16395	13065
16396	13064
16397	13064
16398	13065
16399	13067
16400	13068
16401	13068
16402	13069
16403	13071
16404	13072
16405	13072
16406	13073
16407	13075
16408	13076
16409	13076
16410	13076
16411	13076
16412	13077
16413	13079
16414	13080
16415	13080
16416	13081
16417	13083
16418	13084
16419	13084
16420	13085
16421	13087
16422	13088
16423	13088
16424	13088
16425	13088
16426	13089
16427	13091
16428	13092
16429	13092
16430	13093
16431	13095
16432	13096
16433	13096
16434	13097
16435	13099
16436	13100
16437	13100
16438	13100
16439	13100
16440	13100
16441	13100
16442	13100
16443	13100
16444	13101
16445	13101
16446	13102
16447	13104
16448	13105
16449	13105
16450	13106
16451	13108
16452	13109
16453	13109
16454	13110
16455	13111
16456	13112
16457	13112
16458	13113
16459	13113
16460	13114
16461	13116
16462	13117
16463	13117
16464	13118
16465	13120
16466	13121
16467	13121
16468	13122
16469	13123
16470	13124
16471	13123
16472	13123
16473	13124
16474	13126
16475	13127
16476	13127
16477	13128
16478	13130
16479	13131
16480	13131
16481	13132
16482	13134
16483	13135
16484	13135
16485	13135
16486	13135
16487	13136
16488	13138
16489	13139
16490	13139
16491	13140
16492	13142
16493	13143
16494	13143
16495	13144
16496	13146
16497	13147
16498	13147
16499	13147
16500	13147
16501	13148
16502	13150
16503	13151
16504	13151
16505	13152
16506	13154
16507	13155
16508	13155
16509	13156
16510	13158
16511	13159
16512	13159
16513	13159
16514	13158
16515	13158
16516	13159
16517	13161
16518	13162
16519	13162
16520	13163
16521	13165
16522	13166
16523	13166
16524	13167
16525	13169
16526	13170
16527	13170
16528	13170
16529	13170
16530	13171
16531	13173
16532	13174
16533	13174
16534	13175
16535	13177
16536	13178
16537	13178
16538	13179
16539	13181
16540	13182
16541	13182
16542	13182
16543	13182
16544	13183
16545	13185
16546	13186
16547	13186
16548	13187
16549	13189
16550	13190
16551	13190
16552	13191
16553	13193
16554	13194
16555	13194
16556	13194
16557	13194
16558	13194
16559	13194
16560	13195
16561	13195
16562	13196
16563	13196
16564	13197
16565	13199
16566	13200
16567	13200
16568	13201
16569	13203
16570	13204
16571	13204
16572	13205
16573	13206
16574	13207
16575	13207
16576	13208
16577	13208
16578	13209
16579	13211
16580	13212
16581	13212
16582	13213
16583	13215
16584	13216
16585	13216
16586	13217
16587	13218
16588	13219
16589	13219
16590	13220
16591	13220
16592	13221
16593	13223
16594	13224
16595	13224
16596	13225
16597	13227
16598	13228
16599	13228
16600	13229
16601	13229
16602	13230
16603	13230
16604	13231
16605	13231
16606	13232
16607	13232
16608	13233
16609	13235
16610	13236
16611	13236
16612	13237
16613	13239
16614	13240
16615	13240
16616	13241
16617	13243
16618	13244
16619	13244
16620	13244
16621	13244
16622	13245
16623	13247
16624	13248
16625	13248
16626	13249
16627	13251
16628	13252
16629	13252
16630	13253
16631	13255
16632	13256
16633	13256
16634	13256
16635	13256
16636	13257
16637	13259
16638	13260
16639	13260
16640	13261
16641	13263
16642	13264
16643	13264
16644	13265
16645	13267
16646	13268
16647	13268
16648	13268
16649	13268
16650	13268
16651	13268
16652	13268
16653	13268
16654	13269
16655	13269
16656	13270
16657	13272
16658	13273
16659	13273
16660	13274
16661	13276
16662	13277
16663	13277
16664	13278
16665	13279
16666	13280
16667	13280
16668	13281
16669	13281
16670	13282
16671	13284
16672	13285
16673	13285
16674	13286
16675	13288
16676	13289
16677	13289
16678	13290
16679	13291
16680	13292
16681	13291
16682	13291
16683	13292
16684	13294
16685	13295
16686	13295
16687	13296
16688	13298
16689	13299
16690	13299
16691	13300
16692	13302
16693	13303
16694	13303
16695	13303
16696	13303
16697	13304
16698	13306
16699	13307
16700	13307
16701	13308
16702	13310
16703	13311
16704	13311
16705	13312
16706	13314
16707	13315
16708	13315
16709	13315
16710	13315
16711	13316
16712	13318
16713	13319
16714	13319
16715	13320
16716	13322
16717	13323
16718	13323
16719	13324
16720	13326
16721	13327
16722	13327
16723	13327
16724	13326
16725	13326
16726	13326
16727	13326
16728	13326
16729	13325
16730	13326
16731	13326
16732	13327
16733	13327
16734	13328
16735	13330
16736	13331
16737	13331
16738	13332
16739	13334
16740	13335
16741	13335
16742	13336
16743	13337
16744	13338
16745	13337
16746	13337
16747	13338
16748	13340
16749	13341
16750	13341
16751	13342
16752	13344
16753	13345
16754	13345
16755	13346
16756	13348
16757	13349
16758	13349
16759	13349
16760	13349
16761	13350
16762	13352
16763	13353
16764	13353
16765	13354
16766	13356
16767	13357
16768	13357
16769	13358
16770	13360
16771	13361
16772	13361
16773	13361
16774	13361
16775	13362
16776	13364
16777	13365
16778	13365
16779	13366
16780	13368
16781	13369
16782	13369
16783	13370
16784	13372
16785	13373
16786	13373
16787	13373
16788	13372
16789	13372
16790	13373
16791	13375
16792	13376
16793	13376
16794	13377
16795	13379
16796	13380
16797	13380
16798	13381
16799	13383
16800	13384
16801	13384
16802	13384
16803	13384
16804	13385
16805	13387
16806	13388
16807	13388
16808	13389
16809	13391
16810	13392
16811	13392
16812	13393
16813	13395
16814	13396
16815	13396
16816	13396
16817	13396
16818	13396
16819	13396
16820	13397
16821	13397
16822	13398
16823	13398
16824	13399
16825	13401
16826	13402
16827	13402
16828	13403
16829	13405
16830	13406
16831	13406
16832	13407
16833	13408
16834	13409
16835	13409
16836	13410
16837	13410
16838	13411
16839	13413
16840	13414
16841	13414
16842	13415
16843	13417
16844	13418
16845	13418
16846	13419
16847	13420
16848	13421
16849	13421
16850	13422
16851	13422
16852	13423
16853	13425
16854	13426
16855	13426
16856	13427
16857	13429
16858	13430
16859	13430
16860	13431
16861	13431
16862	13432
16863	13432
16864	13433
16865	13433
16866	13434
16867	13434
16868	13435
16869	13437
16870	13438
16871	13438
16872	13439
16873	13441
16874	13442
16875	13442
16876	13443
16877	13445
16878	13446
16879	13446
16880	13446
16881	13446
16882	13446
16883	13446
16884	13446
16885	13446
16886	13447
16887	13447
16888	13448
16889	13450
16890	13451
16891	13451
16892	13452
16893	13454
16894	13455
16895	13455
16896	13456
16897	13457
16898	13458
16899	13458
16900	13459
16901	13459
16902	13460
16903	13462
16904	13463
16905	13463
16906	13464
16907	13466
16908	13467
16909	13467
16910	13468
16911	13469
16912	13470
16913	13469
16914	13469
16915	13470
16916	13472
16917	13473
16918	13473
16919	13474
16920	13476
16921	13477
16922	13477
16923	13478
16924	13480
16925	13481
16926	13481
16927	13481
16928	13481
16929	13482
16930	13484
16931	13485
16932	13485
16933	13486
16934	13488
16935	13489
16936	13489
16937	13490
16938	13492
16939	13493
16940	13493
16941	13493
16942	13493
16943	13494
16944	13496
16945	13497
16946	13497
16947	13498
16948	13500
16949	13501
16950	13501
16951	13502
16952	13504
16953	13505
16954	13505
16955	13505
16956	13504
16957	13504
16958	13505
16959	13507
16960	13508
16961	13508
16962	13509
16963	13511
16964	13512
16965	13512
16966	13513
16967	13515
16968	13516
16969	13516
16970	13516
16971	13516
16972	13517
16973	13519
16974	13520
16975	13520
16976	13521
16977	13523
16978	13524
16979	13524
16980	13525
16981	13527
16982	13528
16983	13528
16984	13528
16985	13528
16986	13529
16987	13531
16988	13532
16989	13532
16990	13533
16991	13535
16992	13536
16993	13536
16994	13537
16995	13539
16996	13540
16997	13540
16998	13540
16999	13540
17000	13540
17001	13540
17002	13541
17003	13541
17004	13542
17005	13542
17006	13543
17007	13545
17008	13546
17009	13546
17010	13547
17011	13549
17012	13550
17013	13550
17014	13551
17015	13552
17016	13553
17017	13553
17018	13554
17019	13554
17020	13555
17021	13557
17022	13558
17023	13558
17024	13559
17025	13561
17026	13562
17027	13562
17028	13563
17029	13564
17030	13565
17031	13565
17032	13566
17033	13566
17034	13567
17035	13569
17036	13570
17037	13570
17038	13571
17039	13573
17040	13574
17041	13574
17042	13575
17043	13575
17044	13576
17045	13575
17046	13575
17047	13576
17048	13576
17049	13577
17050	13577
17051	13578
17052	13580
17053	13581
17054	13581
17055	13582
17056	13584
17057	13585
17058	13585
17059	13586
17060	13587
17061	13588
17062	13588
17063	13589
17064	13589
17065	13590
17066	13592
17067	13593
17068	13593
17069	13594
17070	13596
17071	13597
17072	13597
17073	13598
17074	13599
17075	13600
17076	13600
17077	13601
17078	13601
17079	13602
17080	13604
17081	13605
17082	13605
17083	13606
17084	13608
17085	13609
17086	13609
17087	13610
17088	13610
17089	13611
17090	13611
17091	13612
17092	13612
17093	13613
17094	13613
17095	13614
17096	13616
17097	13617
17098	13617
17099	13618
17100	13620
17101	13621
17102	13621
17103	13622
17104	13624
17105	13625
17106	13625
17107	13625
17108	13625
17109	13626
17110	13628
17111	13629
17112	13629
17113	13630
17114	13632
17115	13633
17116	13633
17117	13634
17118	13636
17119	13637
17120	13637
17121	13637
17122	13637
17123	13638
17124	13640
17125	13641
17126	13641
17127	13642
17128	13644
17129	13645
17130	13645
17131	13646
17132	13648
17133	13649
17134	13649
17135	13649
17136	13649
17137	13649
17138	13649
17139	13650
17140	13650
17141	13651
17142	13651
17143	13652
17144	13654
17145	13655
17146	13655
17147	13656
17148	13658
17149	13659
17150	13659
17151	13660
17152	13661
17153	13662
17154	13662
17155	13663
17156	13663
17157	13664
17158	13666
17159	13667
17160	13667
17161	13668
17162	13670
17163	13671
17164	13671
17165	13672
17166	13673
17167	13674
17168	13674
17169	13675
17170	13675
17171	13676
17172	13678
17173	13679
17174	13679
17175	13680
17176	13682
17177	13683
17178	13683
17179	13684
17180	13684
17181	13685
17182	13685
17183	13686
17184	13686
17185	13687
17186	13687
17187	13688
17188	13690
17189	13691
17190	13691
17191	13692
17192	13694
17193	13695
17194	13695
17195	13696
17196	13698
17197	13699
17198	13699
17199	13699
17200	13699
17201	13699
17202	13699
17203	13700
17204	13700
17205	13701
17206	13701
17207	13702
17208	13704
17209	13705
17210	13705
17211	13706
17212	13708
17213	13709
17214	13709
17215	13710
17216	13711
17217	13712
17218	13712
17219	13713
17220	13713
17221	13714
17222	13716
17223	13717
17224	13717
17225	13718
17226	13720
17227	13721
17228	13721
17229	13722
17230	13723
17231	13724
17232	13724
17233	13725
17234	13725
17235	13726
17236	13728
17237	13729
17238	13729
17239	13730
17240	13732
17241	13733
17242	13733
17243	13734
17244	13734
17245	13735
17246	13735
17247	13736
17248	13736
17249	13737
17250	13737
17251	13738
17252	13740
17253	13741
17254	13741
17255	13742
17256	13744
17257	13745
17258	13745
17259	13746
17260	13748
17261	13749
17262	13749
17263	13749
17264	13749
17265	13750
17266	13752
17267	13753
17268	13753
17269	13754
17270	13756
17271	13757
17272	13757
17273	13758
17274	13760
17275	13761
17276	13761
17277	13761
17278	13761
17279	13762
17280	13764
17281	13765
17282	13765
17283	13766
17284	13768
17285	13769
17286	13769
17287	13770
17288	13772
17289	13773
17290	13773
17291	13773
17292	13773
17293	13773
17294	13773
17295	13774
17296	13774
17297	13775
17298	13775
17299	13776
17300	13778
17301	13779
17302	13779
17303	13780
17304	13782
17305	13783
17306	13783
17307	13784
17308	13785
17309	13786
17310	13785
17311	13785
17312	13786
17313	13788
17314	13789
17315	13789
17316	13790
17317	13792
17318	13793
17319	13793
17320	13794
17321	13796
17322	13797
17323	13797
17324	13797
17325	13797
17326	13798
17327	13800
17328	13801
17329	13801
17330	13802
17331	13804
17332	13805
17333	13805
17334	13806
17335	13808
17336	13809
17337	13809
17338	13809
17339	13809
17340	13810
17341	13812
17342	13813
17343	13813
17344	13814
17345	13816
17346	13817
17347	13817
17348	13818
17349	13820
17350	13821
17351	13821
17352	13821
17353	13820
17354	13820
17355	13821
17356	13823
17357	13824
17358	13824
17359	13825
17360	13827
17361	13828
17362	13828
17363	13829
17364	13831
17365	13832
17366	13832
17367	13832
17368	13832
17369	13833
17370	13835
17371	13836
17372	13836
17373	13837
17374	13839
17375	13840
17376	13840
17377	13841
17378	13843
17379	13844
17380	13844
17381	13844
17382	13844
17383	13845
17384	13847
17385	13848
17386	13848
17387	13849
17388	13851
17389	13852
17390	13852
17391	13853
17392	13855
17393	13856
17394	13856
17395	13856
17396	13856
17397	13856
17398	13856
17399	13857
17400	13857
17401	13858
17402	13858
17403	13859
17404	13861
17405	13862
17406	13862
17407	13863
17408	13865
17409	13866
17410	13866
17411	13867
17412	13868
17413	13869
17414	13869
17415	13870
17416	13870
17417	13871
17418	13873
17419	13874
17420	13874
17421	13875
17422	13877
17423	13878
17424	13878
17425	13879
17426	13880
17427	13881
17428	13881
17429	13882
17430	13882
17431	13883
17432	13885
17433	13886
17434	13886
17435	13887
17436	13889
17437	13890
17438	13890
17439	13891
17440	13891
17441	13892
17442	13892
17443	13893
17444	13893
17445	13894
17446	13894
17447	13895
17448	13897
17449	13898
17450	13898
17451	13899
17452	13901
17453	13902
17454	13902
17455	13903
17456	13905
17457	13906
17458	13906
17459	13906
17460	13906
17461	13907
17462	13909
17463	13910
17464	13910
17465	13911
17466	13913
17467	13914
17468	13914
17469	13915
17470	13917
17471	13918
17472	13918
17473	13918
17474	13918
17475	13919
17476	13921
17477	13922
17478	13922
17479	13923
17480	13925
17481	13926
17482	13926
17483	13927
17484	13929
17485	13930
17486	13930
17487	13930
17488	13930
17489	13930
17490	13930
17491	13931
17492	13931
17493	13932
17494	13932
17495	13933
17496	13935
17497	13936
17498	13936
17499	13937
17500	13939
17501	13940
17502	13940
17503	13941
17504	13942
17505	13943
17506	13943
17507	13944
17508	13944
17509	13945
17510	13947
17511	13948
17512	13948
17513	13949
17514	13951
17515	13952
17516	13952
17517	13953
17518	13954
17519	13955
17520	13955
17521	13956
17522	13956
17523	13957
17524	13959
17525	13960
17526	13960
17527	13961
17528	13963
17529	13964
17530	13964
17531	13965
17532	13965
17533	13966
17534	13966
17535	13967
17536	13967
17537	13968
17538	13968
17539	13969
17540	13971
17541	13972
17542	13972
17543	13973
17544	13975
17545	13976
17546	13976
17547	13977
17548	13979
17549	13980
17550	13980
17551	13980
17552	13980
17553	13981
17554	13983
17555	13984
17556	13984
17557	13985
17558	13987
17559	13988
17560	13988
17561	13989
17562	13991
17563	13992
17564	13992
17565	13992
17566	13992
17567	13993
17568	13995
17569	13996
17570	13996
17571	13997
17572	13999
17573	14000
17574	14000
17575	14001
17576	14003
17577	14004
17578	14004
17579	14004
17580	14004
17581	14004
17582	14004
17583	14005
17584	14005
17585	14006
17586	14006
17587	14007
17588	14009
17589	14010
17590	14010
17591	14011
17592	14013
17593	14014
17594	14014
17595	14015
17596	14016
17597	14017
17598	14017
17599	14018
17600	14018
17601	14019
17602	14021
17603	14022
17604	14022
17605	14023
17606	14025
17607	14026
17608	14026
17609	14027
17610	14028
17611	14029
17612	14029
17613	14030
17614	14030
17615	14031
17616	14033
17617	14034
17618	14034
17619	14035
17620	14037
17621	14038
17622	14038
17623	14039
17624	14039
17625	14040
17626	14040
17627	14041
17628	14041
17629	14042
17630	14042
17631	14043
17632	14045
17633	14046
17634	14046
17635	14047
17636	14049
17637	14050
17638	14050
17639	14051
17640	14053
17641	14054
17642	14054
17643	14054
17644	14054
17645	14055
17646	14057
17647	14058
17648	14058
17649	14059
17650	14061
17651	14062
17652	14062
17653	14063
17654	14065
17655	14066
17656	14066
17657	14066
17658	14066
17659	14067
17660	14069
17661	14070
17662	14070
17663	14071
17664	14073
17665	14074
17666	14074
17667	14075
17668	14077
17669	14078
17670	14078
17671	14078
17672	14078
17673	14078
17674	14078
17675	14079
17676	14079
17677	14080
17678	14080
17679	14081
17680	14083
17681	14084
17682	14084
17683	14085
17684	14087
17685	14088
17686	14088
17687	14089
17688	14090
17689	14091
17690	14091
17691	14092
17692	14092
17693	14093
17694	14095
17695	14096
17696	14096
17697	14097
17698	14099
17699	14100
17700	14100
17701	14101
17702	14102
17703	14103
17704	14103
17705	14104
17706	14104
17707	14105
17708	14107
17709	14108
17710	14108
17711	14109
17712	14111
17713	14112
17714	14112
17715	14113
17716	14113
17717	14114
17718	14114
17719	14115
17720	14115
17721	14116
17722	14116
17723	14116
17724	14116
17725	14117
17726	14119
17727	14120
17728	14120
17729	14121
17730	14123
17731	14124
17732	14124
17733	14125
17734	14127
17735	14128
17736	14128
17737	14128
17738	14128
17739	14129
17740	14131
17741	14132
17742	14132
17743	14133
17744	14135
17745	14136
17746	14136
17747	14137
17748	14139
17749	14140
17750	14140
17751	14140
17752	14140
17753	14141
17754	14142
17755	14143
17756	14143
17757	14144
17758	14144
17759	14145
17760	14147
17761	14148
17762	14148
17763	14149
17764	14151
17765	14152
17766	14152
17767	14153
17768	14155
17769	14156
17770	14156
17771	14156
17772	14156
17773	14157
17774	14159
17775	14160
17776	14160
17777	14161
17778	14163
17779	14164
17780	14164
17781	14165
17782	14167
17783	14168
17784	14168
17785	14168
17786	14168
17787	14169
17788	14171
17789	14172
17790	14172
17791	14173
17792	14175
17793	14176
17794	14176
17795	14177
17796	14179
17797	14180
17798	14180
17799	14180
17800	14180
17801	14180
17802	14180
17803	14181
17804	14181
17805	14182
17806	14182
17807	14183
17808	14185
17809	14186
17810	14186
17811	14187
17812	14189
17813	14190
17814	14190
17815	14191
17816	14192
17817	14193
17818	14193
17819	14194
17820	14194
17821	14195
17822	14197
17823	14198
17824	14198
17825	14199
17826	14201
17827	14202
17828	14202
17829	14203
17830	14204
17831	14205
17832	14205
17833	14206
17834	14206
17835	14207
17836	14209
17837	14210
17838	14210
17839	14211
17840	14213
17841	14214
17842	14214
17843	14215
17844	14215
17845	14216
17846	14216
17847	14217
17848	14217
17849	14218
17850	14218
17851	14219
17852	14221
17853	14222
17854	14222
17855	14223
17856	14225
17857	14226
17858	14226
17859	14227
17860	14229
17861	14230
17862	14230
17863	14230
17864	14230
17865	14231
17866	14233
17867	14234
17868	14234
17869	14235
17870	14237
17871	14238
17872	14238
17873	14239
17874	14241
17875	14242
17876	14242
17877	14242
17878	14242
17879	14243
17880	14245
17881	14246
17882	14246
17883	14247
17884	14249
17885	14250
17886	14250
17887	14251
17888	14253
17889	14254
17890	14254
17891	14254
17892	14254
17893	14254
17894	14254
17895	14254
17896	14253
17897	14253
17898	14254
17899	14256
17900	14257
17901	14257
17902	14258
17903	14260
17904	14261
17905	14261
17906	14262
17907	14264
17908	14265
17909	14265
17910	14265
17911	14265
17912	14266
17913	14268
17914	14269
17915	14269
17916	14270
17917	14272
17918	14273
17919	14273
17920	14274
17921	14276
17922	14277
17923	14277
17924	14277
17925	14277
17926	14278
17927	14280
17928	14281
17929	14281
17930	14282
17931	14284
17932	14285
17933	14285
17934	14286
17935	14288
17936	14289
17937	14289
17938	14289
17939	14289
17940	14289
17941	14289
17942	14290
17943	14290
17944	14291
17945	14291
17946	14292
17947	14294
17948	14295
17949	14295
17950	14296
17951	14298
17952	14299
17953	14299
17954	14300
17955	14301
17956	14302
17957	14302
17958	14303
17959	14303
17960	14304
17961	14306
17962	14307
17963	14307
17964	14308
17965	14310
17966	14311
17967	14311
17968	14312
17969	14313
17970	14314
17971	14314
17972	14315
17973	14315
17974	14316
17975	14318
17976	14319
17977	14319
17978	14320
17979	14322
17980	14323
17981	14323
17982	14324
17983	14324
17984	14325
17985	14325
17986	14326
17987	14326
17988	14327
17989	14327
17990	14328
17991	14330
17992	14331
17993	14331
17994	14332
17995	14334
17996	14335
17997	14335
17998	14336
17999	14338
18000	14339
18001	14339
18002	14339
18003	14339
18004	14340
18005	14342
18006	14343
18007	14343
18008	14344
18009	14346
18010	14347
18011	14347
18012	14348
18013	14350
18014	14351
18015	14351
18016	14351
18017	14351
18018	14352
18019	14354
18020	14355
18021	14355
18022	14356
18023	14358
18024	14359
18025	14359
18026	14360
18027	14362
18028	14363
18029	14363
18030	14363
18031	14363
18032	14363
18033	14363
18034	14364
18035	14364
18036	14365
18037	14365
18038	14366
18039	14368
18040	14369
18041	14369
18042	14370
18043	14372
18044	14373
18045	14373
18046	14374
18047	14375
18048	14376
18049	14376
18050	14377
18051	14377
18052	14378
18053	14380
18054	14381
18055	14381
18056	14382
18057	14384
18058	14385
18059	14385
18060	14386
18061	14387
18062	14388
18063	14388
18064	14389
18065	14389
18066	14390
18067	14392
18068	14393
18069	14393
18070	14394
18071	14396
18072	14397
18073	14397
18074	14398
18075	14398
18076	14399
18077	14399
18078	14400
18079	14400
18080	14401
18081	14401
18082	14402
18083	14404
18084	14405
18085	14405
18086	14406
18087	14408
18088	14409
18089	14409
18090	14410
18091	14412
18092	14413
18093	14413
18094	14413
18095	14413
18096	14414
18097	14416
18098	14417
18099	14417
18100	14418
18101	14420
18102	14421
18103	14421
18104	14422
18105	14424
18106	14425
18107	14425
18108	14425
18109	14425
18110	14426
18111	14428
18112	14429
18113	14429
18114	14430
18115	14432
18116	14433
18117	14433
18118	14434
18119	14436
18120	14437
18121	14437
18122	14437
18123	14437
18124	14437
18125	14437
18126	14437
18127	14437
18128	14438
18129	14438
18130	14439
18131	14441
18132	14442
18133	14442
18134	14443
18135	14445
18136	14446
18137	14446
18138	14447
18139	14448
18140	14449
18141	14449
18142	14450
18143	14450
18144	14451
18145	14453
18146	14454
18147	14454
18148	14455
18149	14457
18150	14458
18151	14458
18152	14459
18153	14460
18154	14461
18155	14460
18156	14460
18157	14461
18158	14463
18159	14464
18160	14464
18161	14465
18162	14467
18163	14468
18164	14468
18165	14469
18166	14471
18167	14472
18168	14472
18169	14472
18170	14472
18171	14473
18172	14475
18173	14476
18174	14476
18175	14477
18176	14479
18177	14480
18178	14480
18179	14481
18180	14483
18181	14484
18182	14484
18183	14484
18184	14484
18185	14485
18186	14487
18187	14488
18188	14488
18189	14489
18190	14491
18191	14492
18192	14492
18193	14493
18194	14495
18195	14496
18196	14496
18197	14496
18198	14495
18199	14495
18200	14496
18201	14498
18202	14499
18203	14499
18204	14500
18205	14502
18206	14503
18207	14503
18208	14504
18209	14506
18210	14507
18211	14507
18212	14507
18213	14507
18214	14508
18215	14510
18216	14511
18217	14511
18218	14512
18219	14514
18220	14515
18221	14515
18222	14516
18223	14518
18224	14519
18225	14519
18226	14519
18227	14519
18228	14520
18229	14522
18230	14523
18231	14523
18232	14524
18233	14526
18234	14527
18235	14527
18236	14528
18237	14530
18238	14531
18239	14531
18240	14531
18241	14531
18242	14531
18243	14531
18244	14532
18245	14532
18246	14533
18247	14533
18248	14534
18249	14536
18250	14537
18251	14537
18252	14538
18253	14540
18254	14541
18255	14541
18256	14542
18257	14543
18258	14544
18259	14544
18260	14545
18261	14545
18262	14546
18263	14548
18264	14549
18265	14549
18266	14550
18267	14552
18268	14553
18269	14553
18270	14554
18271	14555
18272	14556
18273	14556
18274	14557
18275	14557
18276	14558
18277	14560
18278	14561
18279	14561
18280	14562
18281	14564
18282	14565
18283	14565
18284	14566
18285	14566
18286	14567
18287	14567
18288	14568
18289	14568
18290	14569
18291	14569
18292	14570
18293	14572
18294	14573
18295	14573
18296	14574
18297	14576
18298	14577
18299	14577
18300	14578
18301	14580
18302	14581
18303	14581
18304	14581
18305	14581
18306	14582
18307	14584
18308	14585
18309	14585
18310	14586
18311	14588
18312	14589
18313	14589
18314	14590
18315	14592
18316	14593
18317	14593
18318	14593
18319	14593
18320	14594
18321	14596
18322	14597
18323	14597
18324	14598
18325	14600
18326	14601
18327	14601
18328	14602
18329	14604
18330	14605
18331	14605
18332	14605
18333	14605
18334	14605
18335	14605
18336	14606
18337	14606
18338	14607
18339	14607
18340	14608
18341	14610
18342	14611
18343	14611
18344	14612
18345	14614
18346	14615
18347	14615
18348	14616
18349	14617
18350	14618
18351	14618
18352	14619
18353	14619
18354	14620
18355	14622
18356	14623
18357	14623
18358	14624
18359	14626
18360	14627
18361	14627
18362	14628
18363	14629
18364	14630
18365	14630
18366	14631
18367	14631
18368	14632
18369	14634
18370	14635
18371	14635
18372	14636
18373	14638
18374	14639
18375	14639
18376	14640
18377	14640
18378	14641
18379	14641
18380	14642
18381	14642
18382	14643
18383	14643
18384	14644
18385	14646
18386	14647
18387	14647
18388	14648
18389	14650
18390	14651
18391	14651
18392	14652
18393	14654
18394	14655
18395	14655
18396	14655
18397	14655
18398	14656
18399	14658
18400	14659
18401	14659
18402	14660
18403	14662
18404	14663
18405	14663
18406	14664
18407	14666
18408	14667
18409	14667
18410	14667
18411	14667
18412	14668
18413	14670
18414	14671
18415	14671
18416	14672
18417	14674
18418	14675
18419	14675
18420	14676
18421	14678
18422	14679
18423	14679
18424	14679
18425	14679
18426	14679
18427	14679
18428	14680
18429	14679
18430	14681
18431	14682
18432	14682
18433	14683
18434	14685
18435	14686
18436	14686
18437	14687
18438	14689
18439	14690
18440	14690
18441	14690
18442	14690
18443	14690
18444	14690
18445	14690
18446	14690
18447	14691
18448	14691
18449	14692
18450	14693
18451	14694
18452	14694
18453	14695
18454	14697
18455	14698
18456	14698
18457	14699
18458	14700
18459	14701
18460	14701
18461	14702
18462	14702
18463	14703
18464	14705
18465	14706
18466	14706
18467	14707
18468	14709
18469	14710
18470	14710
18471	14711
18472	14712
18473	14713
18474	14712
18475	14712
18476	14712
18477	14712
18478	14713
18479	14713
18480	14714
18481	14714
18482	14715
18483	14717
18484	14718
18485	14718
18486	14719
18487	14721
18488	14722
18489	14722
18490	14723
18491	14725
18492	14726
18493	14726
18494	14726
18495	14726
18496	14727
18497	14729
18498	14730
18499	14730
18500	14731
18501	14733
18502	14734
18503	14734
18504	14735
18505	14737
18506	14738
18507	14738
18508	14738
18509	14738
18510	14739
18511	14741
18512	14742
18513	14742
18514	14743
18515	14745
18516	14746
18517	14746
18518	14747
18519	14749
18520	14750
18521	14750
18522	14750
18523	14750
18524	14750
18525	14750
18526	14751
18527	14751
18528	14752
18529	14752
18530	14753
18531	14755
18532	14756
18533	14756
18534	14757
18535	14759
18536	14760
18537	14760
18538	14761
18539	14762
18540	14763
18541	14763
18542	14764
18543	14764
18544	14765
18545	14767
18546	14768
18547	14768
18548	14769
18549	14771
18550	14772
18551	14772
18552	14773
18553	14774
18554	14775
18555	14775
18556	14776
18557	14776
18558	14777
18559	14779
18560	14780
18561	14780
18562	14781
18563	14783
18564	14784
18565	14784
18566	14785
18567	14785
18568	14786
18569	14786
18570	14787
18571	14787
18572	14788
18573	14788
18574	14789
18575	14791
18576	14792
18577	14792
18578	14793
18579	14795
18580	14796
18581	14796
18582	14797
18583	14799
18584	14800
18585	14800
18586	14800
18587	14800
18588	14801
18589	14803
18590	14804
18591	14804
18592	14805
18593	14807
18594	14808
18595	14808
18596	14809
18597	14811
18598	14812
18599	14812
18600	14812
18601	14812
18602	14813
18603	14815
18604	14816
18605	14816
18606	14817
18607	14819
18608	14820
18609	14820
18610	14821
18611	14823
18612	14824
18613	14824
18614	14824
18615	14824
18616	14824
18617	14824
18618	14825
18619	14825
18620	14826
18621	14826
18622	14827
18623	14829
18624	14830
18625	14830
18626	14831
18627	14833
18628	14834
18629	14834
18630	14835
18631	14836
18632	14837
18633	14837
18634	14838
18635	14838
18636	14839
18637	14841
18638	14842
18639	14842
18640	14843
18641	14845
18642	14846
18643	14846
18644	14847
18645	14848
18646	14849
18647	14849
18648	14850
18649	14850
18650	14851
18651	14853
18652	14854
18653	14854
18654	14855
18655	14857
18656	14858
18657	14858
18658	14859
18659	14859
18660	14860
18661	14860
18662	14861
18663	14861
18664	14862
18665	14862
18666	14863
18667	14865
18668	14866
18669	14866
18670	14867
18671	14869
18672	14870
18673	14870
18674	14871
18675	14873
18676	14874
18677	14874
18678	14874
18679	14874
18680	14874
18681	14874
18682	14875
18683	14875
18684	14876
18685	14876
18686	14877
18687	14879
18688	14880
18689	14880
18690	14881
18691	14883
18692	14884
18693	14884
18694	14885
18695	14886
18696	14887
18697	14887
18698	14888
18699	14888
18700	14889
18701	14891
18702	14892
18703	14892
18704	14893
18705	14895
18706	14896
18707	14896
18708	14897
18709	14898
18710	14899
18711	14899
18712	14900
18713	14900
18714	14901
18715	14903
18716	14904
18717	14904
18718	14905
18719	14907
18720	14908
18721	14908
18722	14909
18723	14909
18724	14910
18725	14910
18726	14911
18727	14911
18728	14912
18729	14912
18730	14913
18731	14915
18732	14916
18733	14916
18734	14917
18735	14919
18736	14920
18737	14920
18738	14921
18739	14923
18740	14924
18741	14924
18742	14924
18743	14924
18744	14925
18745	14927
18746	14928
18747	14928
18748	14929
18749	14931
18750	14932
18751	14932
18752	14933
18753	14935
18754	14936
18755	14936
18756	14936
18757	14936
18758	14936
18759	14936
18760	14936
18761	14936
18762	14937
18763	14937
18764	14938
18765	14940
18766	14941
18767	14941
18768	14942
18769	14944
18770	14945
18771	14945
18772	14946
18773	14947
18774	14948
18775	14947
18776	14947
18777	14948
18778	14950
18779	14951
18780	14951
18781	14952
18782	14954
18783	14955
18784	14955
18785	14956
18786	14958
18787	14959
18788	14959
18789	14959
18790	14959
18791	14960
18792	14962
18793	14963
18794	14963
18795	14964
18796	14966
18797	14967
18798	14967
18799	14968
18800	14970
18801	14971
18802	14971
18803	14971
18804	14971
18805	14972
18806	14974
18807	14975
18808	14975
18809	14976
18810	14978
18811	14979
18812	14979
18813	14980
18814	14982
18815	14983
18816	14983
18817	14983
18818	14982
18819	14982
18820	14983
18821	14985
18822	14986
18823	14986
18824	14987
18825	14989
18826	14990
18827	14990
18828	14991
18829	14993
18830	14994
18831	14994
18832	14994
18833	14994
18834	14995
18835	14997
18836	14998
18837	14998
18838	14999
18839	15001
18840	15002
18841	15002
18842	15003
18843	15005
18844	15006
18845	15006
18846	15006
18847	15006
18848	15007
18849	15009
18850	15010
18851	15010
18852	15011
18853	15013
18854	15014
18855	15014
18856	15015
18857	15017
18858	15018
18859	15018
18860	15018
18861	15018
18862	15018
18863	15017
18864	15017
18865	15018
18866	15020
18867	15021
18868	15021
18869	15022
18870	15024
18871	15025
18872	15025
18873	15026
18874	15028
18875	15029
18876	15029
18877	15029
18878	15029
18879	15030
18880	15032
18881	15033
18882	15033
18883	15034
18884	15036
18885	15037
18886	15037
18887	15038
18888	15040
18889	15041
18890	15041
18891	15041
18892	15041
18893	15042
18894	15044
18895	15045
18896	15045
18897	15046
18898	15048
18899	15049
18900	15049
18901	15050
18902	15052
18903	15053
18904	15053
18905	15053
18906	15053
18907	15053
18908	15053
18909	15054
18910	15053
18911	15055
18912	15056
18913	15056
18914	15057
18915	15059
18916	15060
18917	15060
18918	15061
18919	15063
18920	15064
18921	15064
18922	15064
18923	15064
18924	15065
18925	15067
18926	15068
18927	15068
18928	15069
18929	15071
18930	15072
18931	15072
18932	15073
18933	15075
18934	15076
18935	15076
18936	15076
18937	15076
18938	15077
18939	15079
18940	15080
18941	15080
18942	15081
18943	15083
18944	15084
18945	15084
18946	15085
18947	15087
18948	15088
18949	15088
18950	15088
18951	15088
18952	15088
18953	15088
18954	15089
18955	15089
18956	15090
18957	15090
18958	15091
18959	15093
18960	15094
18961	15094
18962	15095
18963	15097
18964	15098
18965	15098
18966	15099
18967	15100
18968	15101
18969	15101
18970	15102
18971	15102
18972	15103
18973	15105
18974	15106
18975	15106
18976	15107
18977	15109
18978	15110
18979	15110
18980	15111
18981	15112
18982	15113
18983	15113
18984	15114
18985	15114
18986	15115
18987	15117
18988	15118
18989	15118
18990	15119
18991	15121
18992	15122
18993	15122
18994	15123
18995	15123
18996	15124
18997	15124
18998	15125
18999	15125
19000	15126
19001	15126
19002	15126
19003	15126
19004	15126
19005	15126
19006	15127
19007	15127
19008	15128
19009	15128
19010	15129
19011	15131
19012	15132
19013	15132
19014	15133
19015	15135
19016	15136
19017	15136
19018	15137
19019	15139
19020	15140
19021	15140
19022	15140
19023	15140
19024	15141
19025	15143
19026	15144
19027	15144
19028	15145
19029	15147
19030	15148
19031	15148
19032	15149
19033	15151
19034	15152
19035	15152
19036	15152
19037	15152
19038	15153
19039	15155
19040	15156
19041	15156
19042	15157
19043	15159
19044	15160
19045	15160
19046	15161
19047	15163
19048	15164
19049	15164
19050	15164
19051	15164
19052	15164
19053	15164
19054	15164
19055	15164
19056	15165
19057	15165
19058	15166
19059	15168
19060	15169
19061	15169
19062	15170
19063	15172
19064	15173
19065	15173
19066	15174
19067	15175
19068	15176
19069	15176
19070	15177
19071	15177
19072	15178
19073	15180
19074	15181
19075	15181
19076	15182
19077	15184
19078	15185
19079	15185
19080	15186
19081	15187
19082	15188
19083	15187
19084	15187
19085	15188
19086	15190
19087	15191
19088	15191
19089	15192
19090	15194
19091	15195
19092	15195
19093	15196
19094	15198
19095	15199
19096	15199
19097	15199
19098	15199
19099	15199
19100	15199
19101	15199
19102	15199
19103	15200
19104	15200
19105	15201
19106	15203
19107	15204
19108	15204
19109	15205
19110	15207
19111	15208
19112	15208
19113	15209
19114	15210
19115	15211
19116	15211
19117	15212
19118	15212
19119	15213
19120	15215
19121	15216
19122	15216
19123	15217
19124	15219
19125	15220
19126	15220
19127	15221
19128	15222
19129	15223
19130	15222
19131	15222
19132	15223
19133	15225
19134	15226
19135	15226
19136	15227
19137	15229
19138	15230
19139	15230
19140	15231
19141	15233
19142	15234
19143	15234
19144	15234
19145	15234
19146	15235
19147	15237
19148	15238
19149	15238
19150	15239
19151	15241
19152	15242
19153	15242
19154	15243
19155	15245
19156	15246
19157	15246
19158	15246
19159	15246
19160	15247
19161	15249
19162	15250
19163	15250
19164	15251
19165	15253
19166	15254
19167	15254
19168	15255
19169	15257
19170	15258
19171	15258
19172	15258
19173	15257
19174	15257
19175	15258
19176	15260
19177	15261
19178	15261
19179	15262
19180	15264
19181	15265
19182	15265
19183	15266
19184	15268
19185	15269
19186	15269
19187	15269
19188	15269
19189	15270
19190	15272
19191	15273
19192	15273
19193	15274
19194	15276
19195	15277
19196	15277
19197	15278
19198	15280
19199	15281
19200	15281
19201	15281
19202	15281
19203	15281
19204	15281
19205	15282
19206	15282
19207	15283
19208	15283
19209	15284
19210	15286
19211	15287
19212	15287
19213	15288
19214	15290
19215	15291
19216	15291
19217	15292
19218	15293
19219	15294
19220	15294
19221	15295
19222	15295
19223	15296
19224	15298
19225	15299
19226	15299
19227	15300
19228	15302
19229	15303
19230	15303
19231	15304
19232	15305
19233	15306
19234	15306
19235	15307
19236	15307
19237	15308
19238	15310
19239	15311
19240	15311
19241	15312
19242	15314
19243	15315
19244	15315
19245	15316
19246	15316
19247	15317
19248	15316
19249	15316
19250	15317
19251	15317
19252	15318
19253	15318
19254	15319
19255	15321
19256	15322
19257	15322
19258	15323
19259	15325
19260	15326
19261	15326
19262	15327
19263	15328
19264	15329
19265	15329
19266	15330
19267	15330
19268	15331
19269	15333
19270	15334
19271	15334
19272	15335
19273	15337
19274	15338
19275	15338
19276	15339
19277	15340
19278	15341
19279	15341
19280	15342
19281	15342
19282	15343
19283	15345
19284	15346
19285	15346
19286	15347
19287	15349
19288	15350
19289	15350
19290	15351
19291	15351
19292	15352
19293	15352
19294	15353
19295	15353
19296	15354
19297	15354
19298	15355
19299	15357
19300	15358
19301	15358
19302	15359
19303	15361
19304	15362
19305	15362
19306	15363
19307	15365
19308	15366
19309	15366
19310	15366
19311	15366
19312	15367
19313	15369
19314	15370
19315	15370
19316	15371
19317	15373
19318	15374
19319	15374
19320	15375
19321	15377
19322	15378
19323	15378
19324	15378
19325	15378
19326	15379
19327	15381
19328	15382
19329	15382
19330	15383
19331	15385
19332	15386
19333	15386
19334	15387
19335	15389
19336	15390
19337	15390
19338	15390
19339	15390
19340	15390
19341	15390
19342	15391
19343	15391
19344	15392
19345	15392
19346	15393
19347	15395
19348	15396
19349	15396
19350	15397
19351	15399
19352	15400
19353	15400
19354	15401
19355	15402
19356	15403
19357	15403
19358	15404
19359	15404
19360	15405
19361	15407
19362	15408
19363	15408
19364	15409
19365	15411
19366	15412
19367	15412
19368	15413
19369	15414
19370	15415
19371	15415
19372	15416
19373	15416
19374	15417
19375	15419
19376	15420
19377	15420
19378	15421
19379	15423
19380	15424
19381	15424
19382	15425
19383	15425
19384	15426
19385	15425
19386	15425
19387	15426
19388	15426
19389	15427
19390	15427
19391	15428
19392	15430
19393	15431
19394	15431
19395	15432
19396	15434
19397	15435
19398	15435
19399	15436
19400	15437
19401	15438
19402	15438
19403	15439
19404	15439
19405	15440
19406	15442
19407	15443
19408	15443
19409	15444
19410	15446
19411	15447
19412	15447
19413	15448
19414	15449
19415	15450
19416	15450
19417	15451
19418	15451
19419	15452
19420	15454
19421	15455
19422	15455
19423	15456
19424	15458
19425	15459
19426	15459
19427	15460
19428	15460
19429	15461
19430	15461
19431	15462
19432	15462
19433	15463
19434	15463
19435	15463
19436	15463
19437	15464
19438	15465
19439	15466
19440	15466
19441	15467
19442	15469
19443	15470
19444	15470
19445	15471
19446	15472
19447	15473
19448	15473
19449	15474
19450	15474
19451	15475
19452	15477
19453	15478
19454	15478
19455	15479
19456	15481
19457	15482
19458	15482
19459	15483
19460	15484
19461	15485
19462	15484
19463	15484
19464	15485
19465	15487
19466	15488
19467	15488
19468	15489
19469	15491
19470	15492
19471	15492
19472	15493
19473	15495
19474	15496
19475	15496
19476	15496
19477	15496
19478	15497
19479	15499
19480	15500
19481	15500
19482	15501
19483	15503
19484	15504
19485	15504
19486	15505
19487	15507
19488	15508
19489	15508
19490	15508
19491	15508
19492	15509
19493	15511
19494	15512
19495	15512
19496	15513
19497	15515
19498	15516
19499	15516
19500	15517
19501	15519
19502	15520
19503	15520
19504	15520
19505	15519
19506	15519
19507	15520
19508	15522
19509	15523
19510	15523
19511	15524
19512	15526
19513	15527
19514	15527
19515	15528
19516	15530
19517	15531
19518	15531
19519	15531
19520	15531
19521	15532
19522	15534
19523	15535
19524	15535
19525	15536
19526	15538
19527	15539
19528	15539
19529	15540
19530	15542
19531	15543
19532	15543
19533	15543
19534	15543
19535	15544
19536	15546
19537	15547
19538	15547
19539	15548
19540	15550
19541	15551
19542	15551
19543	15552
19544	15554
19545	15555
19546	15555
19547	15555
19548	15555
19549	15555
19550	15554
19551	15554
19552	15555
19553	15557
19554	15558
19555	15558
19556	15559
19557	15561
19558	15562
19559	15562
19560	15563
19561	15565
19562	15566
19563	15566
19564	15566
19565	15566
19566	15567
19567	15569
19568	15570
19569	15570
19570	15571
19571	15573
19572	15574
19573	15574
19574	15575
19575	15577
19576	15578
19577	15578
19578	15578
19579	15578
19580	15579
19581	15581
19582	15582
19583	15582
19584	15583
19585	15585
19586	15586
19587	15586
19588	15587
19589	15589
19590	15590
19591	15590
19592	15590
19593	15590
19594	15590
19595	15590
19596	15591
19597	15591
19598	15592
19599	15592
19600	15593
19601	15595
19602	15596
19603	15596
19604	15597
19605	15599
19606	15600
19607	15600
19608	15601
19609	15602
19610	15603
19611	15603
19612	15604
19613	15604
19614	15605
19615	15607
19616	15608
19617	15608
19618	15609
19619	15611
19620	15612
19621	15612
19622	15613
19623	15614
19624	15615
19625	15615
19626	15616
19627	15616
19628	15617
19629	15619
19630	15620
19631	15620
19632	15621
19633	15623
19634	15624
19635	15624
19636	15625
19637	15625
19638	15626
19639	15626
19640	15627
19641	15627
19642	15628
19643	15628
19644	15629
19645	15631
19646	15632
19647	15632
19648	15633
19649	15635
19650	15636
19651	15636
19652	15637
19653	15639
19654	15640
19655	15640
19656	15640
19657	15640
19658	15641
19659	15643
19660	15644
19661	15644
19662	15645
19663	15647
19664	15648
19665	15648
19666	15649
19667	15651
19668	15652
19669	15652
19670	15652
19671	15652
19672	15653
19673	15655
19674	15656
19675	15656
19676	15657
19677	15659
19678	15660
19679	15660
19680	15661
19681	15663
19682	15664
19683	15664
19684	15664
19685	15664
19686	15664
19687	15664
19688	15665
19689	15665
19690	15666
19691	15666
19692	15667
19693	15669
19694	15670
19695	15670
19696	15671
19697	15673
19698	15674
19699	15674
19700	15675
19701	15676
19702	15677
19703	15677
19704	15678
19705	15678
19706	15679
19707	15681
19708	15682
19709	15682
19710	15683
19711	15685
19712	15686
19713	15686
19714	15687
19715	15688
19716	15689
19717	15689
19718	15690
19719	15690
19720	15691
19721	15693
19722	15694
19723	15694
19724	15695
19725	15697
19726	15698
19727	15698
19728	15699
19729	15699
19730	15700
19731	15700
19732	15701
19733	15701
19734	15702
19735	15702
19736	15703
19737	15705
19738	15706
19739	15706
19740	15707
19741	15709
19742	15710
19743	15710
19744	15711
19745	15713
19746	15714
19747	15714
19748	15714
19749	15714
19750	15715
19751	15717
19752	15718
19753	15718
19754	15719
19755	15721
19756	15722
19757	15722
19758	15723
19759	15725
19760	15726
19761	15726
19762	15726
19763	15726
19764	15727
19765	15729
19766	15730
19767	15730
19768	15731
19769	15733
19770	15734
19771	15734
19772	15735
19773	15737
19774	15738
19775	15738
19776	15738
19777	15738
19778	15738
19779	15738
19780	15738
19781	15738
19782	15739
19783	15739
19784	15740
19785	15742
19786	15743
19787	15743
19788	15744
19789	15746
19790	15747
19791	15747
19792	15748
19793	15749
19794	15750
19795	15749
19796	15749
19797	15750
19798	15752
19799	15753
19800	15753
19801	15754
19802	15756
19803	15757
19804	15757
19805	15758
19806	15760
19807	15761
19808	15761
19809	15761
19810	15761
19811	15762
19812	15764
19813	15765
19814	15765
19815	15766
19816	15768
19817	15769
19818	15769
19819	15770
19820	15772
19821	15773
19822	15773
19823	15773
19824	15773
19825	15774
19826	15776
19827	15777
19828	15777
19829	15778
19830	15780
19831	15781
19832	15781
19833	15782
19834	15784
19835	15785
19836	15785
19837	15785
19838	15784
19839	15784
19840	15785
19841	15787
19842	15788
19843	15788
19844	15789
19845	15791
19846	15792
19847	15792
19848	15793
19849	15795
19850	15796
19851	15796
19852	15796
19853	15796
19854	15797
19855	15799
19856	15800
19857	15800
19858	15801
19859	15803
19860	15804
19861	15804
19862	15805
19863	15807
19864	15808
19865	15808
19866	15808
19867	15808
19868	15809
19869	15811
19870	15812
19871	15812
19872	15813
19873	15815
19874	15816
19875	15816
19876	15817
19877	15819
19878	15820
19879	15820
19880	15820
19881	15820
19882	15820
19883	15820
19884	15820
19885	15820
19886	15821
19887	15821
19888	15822
19889	15824
19890	15825
19891	15825
19892	15826
19893	15828
19894	15829
19895	15829
19896	15830
19897	15831
19898	15832
19899	15831
19900	15831
19901	15832
19902	15834
19903	15835
19904	15835
19905	15836
19906	15838
19907	15839
19908	15839
19909	15840
19910	15842
19911	15843
19912	15843
19913	15843
19914	15843
19915	15844
19916	15846
19917	15847
19918	15847
19919	15848
19920	15850
19921	15851
19922	15851
19923	15852
19924	15854
19925	15855
19926	15855
19927	15855
19928	15855
19929	15856
19930	15858
19931	15859
19932	15859
19933	15860
19934	15862
19935	15863
19936	15863
19937	15864
19938	15866
19939	15867
19940	15867
19941	15867
19942	15866
19943	15866
19944	15867
19945	15869
19946	15870
19947	15870
19948	15871
19949	15873
19950	15874
19951	15874
19952	15875
19953	15877
19954	15878
19955	15878
19956	15878
19957	15878
19958	15879
19959	15881
19960	15882
19961	15882
19962	15883
19963	15885
19964	15886
19965	15886
19966	15887
19967	15889
19968	15890
19969	15890
19970	15890
19971	15890
19972	15891
19973	15893
19974	15894
19975	15894
19976	15895
19977	15897
19978	15898
19979	15898
19980	15899
19981	15901
19982	15902
19983	15902
19984	15902
19985	15902
19986	15902
19987	15902
19988	15903
19989	15903
19990	15904
19991	15904
19992	15905
19993	15907
19994	15908
19995	15908
19996	15909
19997	15911
19998	15912
19999	15912
20000	15913
20001	15914
20002	15915
20003	15915
20004	15916
20005	15916
20006	15917
20007	15919
20008	15920
20009	15920
20010	15921
20011	15923
20012	15924
20013	15924
20014	15925
20015	15926
20016	15927
20017	15927
20018	15928
20019	15928
20020	15929
20021	15931
20022	15932
20023	15932
20024	15933
20025	15935
20026	15936
20027	15936
20028	15937
20029	15937
20030	15938
20031	15938
20032	15939
20033	15939
20034	15940
20035	15940
20036	15941
20037	15943
20038	15944
20039	15944
20040	15945
20041	15947
20042	15948
20043	15948
20044	15949
20045	15951
20046	15952
20047	15952
20048	15952
20049	15952
20050	15953
20051	15955
20052	15956
20053	15956
20054	15957
20055	15959
20056	15960
20057	15960
20058	15961
20059	15963
20060	15964
20061	15964
20062	15964
20063	15964
20064	15965
20065	15967
20066	15968
20067	15968
20068	15969
20069	15971
20070	15972
20071	15972
20072	15973
20073	15975
20074	15976
20075	15976
20076	15976
20077	15976
20078	15976
20079	15976
20080	15977
20081	15977
20082	15978
20083	15978
20084	15979
20085	15981
20086	15982
20087	15982
20088	15983
20089	15985
20090	15986
20091	15986
20092	15987
20093	15988
20094	15989
20095	15989
20096	15990
20097	15990
20098	15991
20099	15993
20100	15994
20101	15994
20102	15995
20103	15997
20104	15998
20105	15998
20106	15999
20107	16000
20108	16001
20109	16001
20110	16002
20111	16002
20112	16003
20113	16005
20114	16006
20115	16006
20116	16007
20117	16009
20118	16010
20119	16010
20120	16011
20121	16011
20122	16012
20123	16012
20124	16013
20125	16013
20126	16014
20127	16014
20128	16015
20129	16017
20130	16018
20131	16018
20132	16019
20133	16021
20134	16022
20135	16022
20136	16023
20137	16025
20138	16026
20139	16026
20140	16026
20141	16026
20142	16027
20143	16029
20144	16030
20145	16030
20146	16031
20147	16033
20148	16034
20149	16034
20150	16035
20151	16037
20152	16038
20153	16038
20154	16038
20155	16038
20156	16039
20157	16041
20158	16042
20159	16042
20160	16043
20161	16045
20162	16046
20163	16046
20164	16047
20165	16049
20166	16050
20167	16050
20168	16050
20169	16050
20170	16050
20171	16050
20172	16051
20173	16051
20174	16052
20175	16052
20176	16053
20177	16055
20178	16056
20179	16056
20180	16057
20181	16059
20182	16060
20183	16060
20184	16061
20185	16062
20186	16063
20187	16063
20188	16064
20189	16064
20190	16065
20191	16067
20192	16068
20193	16068
20194	16069
20195	16071
20196	16072
20197	16072
20198	16073
20199	16074
20200	16075
20201	16075
20202	16076
20202
0.6646812
