1	1
2	1
3	3
4	2
5	1
6	1
7	3
8	3
9	2
10	2
11	1
12	3
13	2
14	1
15	1
16	3
17	3
18	4
19	3
20	2
21	2
22	3
23	2
24	1
25	3
26	4
27	3
28	2
29	3
30	2
31	1
32	2
33	1
34	1
35	3
36	3
37	4
38	6
39	5
40	4
41	3
42	3
43	2
44	2
45	3
46	5
47	4
48	3
49	2
50	2
51	1
52	3
53	4
54	4
55	3
56	3
57	2
58	3
59	3
60	2
61	2
62	1
63	2
64	2
65	1
66	1
67	1
68	3
69	3
70	4
71	6
72	7
73	6
74	5
75	6
76	5
77	4
78	5
79	4
80	3
81	3
82	4
83	3
84	2
85	2
86	3
87	5
88	6
89	5
90	4
91	5
92	4
93	3
94	4
95	3
96	2
97	2
98	3
99	2
100	1
101	3
102	4
103	4
104	5
105	4
106	3
107	3
108	4
109	3
110	2
111	3
112	3
113	4
114	3
115	2
116	2
117	3
118	2
119	1
120	2
121	2
122	3
123	2
124	1
125	1
126	2
127	1
128	1
129	3
130	3
131	4
132	6
133	7
134	7
135	6
136	6
137	5
138	6
139	6
140	5
141	5
142	4
143	5
144	5
145	4
146	4
147	3
148	3
149	4
150	6
151	5
152	4
153	3
154	3
155	2
156	2
157	3
158	5
159	6
160	6
161	5
162	5
163	4
164	5
165	5
166	4
167	4
168	3
169	4
170	4
171	3
172	3
173	2
174	2
175	3
176	5
177	4
178	3
179	2
180	2
181	1
182	3
183	4
184	4
185	5
186	5
187	4
188	5
189	4
190	3
191	3
192	4
193	6
194	5
195	4
196	3
197	3
198	2
199	3
200	3
201	4
202	4
203	3
204	4
205	3
206	2
207	2
208	3
209	5
210	4
211	3
212	2
213	2
214	1
215	2
216	2
217	3
218	3
219	2
220	4
221	3
222	2
223	1
224	1
225	2
226	2
227	1
228	3
229	2
230	1
231	1
232	3
233	3
234	4
235	6
236	7
237	7
238	8
239	7
240	6
241	6
242	7
243	6
244	5
245	6
246	6
247	7
248	6
249	5
250	5
251	6
252	5
253	4
254	5
255	5
256	6
257	5
258	4
259	4
260	5
261	4
262	3
263	3
264	4
265	6
266	7
267	6
268	5
269	6
270	5
271	4
272	5
273	4
274	3
275	3
276	4
277	3
278	2
279	2
280	3
281	5
282	6
283	6
284	7
285	6
286	5
287	5
288	6
289	5
290	4
291	5
292	5
293	6
294	5
295	4
296	4
297	5
298	4
299	3
300	4
301	4
302	5
303	4
304	3
305	3
306	4
307	3
308	2
309	2
310	3
311	5
312	6
313	5
314	4
315	5
316	4
317	3
318	4
319	3
320	2
321	2
322	3
323	2
324	1
325	3
326	4
327	4
328	4
329	4
330	5
331	4
332	3
333	3
334	4
335	6
336	7
337	6
338	5
339	6
340	5
341	4
342	5
343	4
344	3
345	3
346	4
347	3
348	2
349	3
350	3
351	3
352	3
353	4
354	3
355	2
356	2
357	3
358	5
359	6
360	5
361	4
362	5
363	4
364	3
365	4
366	3
367	2
368	2
369	3
370	2
371	1
372	2
373	2
374	3
375	3
376	4
377	3
378	2
379	4
380	5
381	4
382	3
383	4
384	3
385	2
386	2
387	1
388	1
389	2
390	2
391	3
392	2
393	1
394	3
395	4
396	3
397	2
398	3
399	2
400	1
401	1
402	1
403	3
404	3
405	4
406	6
407	7
408	7
409	8
410	10
411	9
412	8
413	7
414	7
415	6
416	6
417	7
418	9
419	8
420	7
421	6
422	6
423	5
424	6
425	6
426	7
427	7
428	6
429	8
430	7
431	6
432	5
433	5
434	6
435	8
436	7
437	6
438	5
439	5
440	4
441	5
442	5
443	6
444	6
445	5
446	7
447	6
448	5
449	4
450	4
451	5
452	5
453	4
454	6
455	5
456	4
457	3
458	3
459	4
460	6
461	7
462	7
463	6
464	6
465	5
466	6
467	6
468	5
469	4
470	5
471	5
472	4
473	4
474	3
475	3
476	4
477	4
478	3
479	5
480	4
481	3
482	2
483	2
484	3
485	5
486	6
487	6
488	7
489	9
490	8
491	7
492	6
493	6
494	5
495	5
496	6
497	8
498	7
499	6
500	5
501	5
502	4
503	5
504	5
505	6
506	6
507	5
508	7
509	6
510	5
511	4
512	4
513	5
514	7
515	6
516	5
517	4
518	4
519	3
520	4
521	4
522	5
523	5
524	4
525	6
526	5
527	4
528	3
529	3
530	4
531	4
532	3
533	5
534	4
535	3
536	2
537	2
538	3
539	5
540	6
541	6
542	5
543	5
544	4
545	5
546	5
547	4
548	4
549	3
550	4
551	4
552	3
553	2
554	2
555	3
556	3
557	2
558	4
559	3
560	2
561	1
562	3
563	4
564	3
565	3
566	4
567	6
568	7
569	7
570	6
571	5
572	6
573	6
574	5
575	5
576	4
577	5
578	5
579	4
580	4
581	3
582	3
583	4
584	4
585	3
586	5
587	4
588	3
589	2
590	3
591	2
592	2
593	3
594	5
595	6
596	5
597	5
598	4
599	5
600	5
601	4
602	4
603	3
604	4
605	4
606	3
607	3
608	2
609	2
610	3
611	3
612	2
613	4
614	3
615	2
616	1
617	2
618	2
619	3
620	3
621	4
622	4
623	3
624	5
625	4
626	3
627	2
628	3
629	4
630	4
631	3
632	2
633	3
634	3
635	2
636	2
637	1
638	1
639	2
640	2
641	3
642	3
643	2
644	4
645	3
646	2
647	1
648	2
649	3
650	2
651	2
652	1
653	2
654	2
655	1
656	1
657	1
658	3
659	3
660	4
661	6
662	7
663	7
664	8
665	10
666	11
667	10
668	9
669	10
670	9
671	8
672	9
673	8
674	7
675	7
676	8
677	7
678	6
679	6
680	7
681	9
682	10
683	9
684	8
685	9
686	8
687	7
688	8
689	7
690	6
691	6
692	7
693	6
694	5
695	6
696	6
697	7
698	7
699	8
700	7
701	6
702	8
703	9
704	8
705	7
706	7
707	6
708	7
709	6
710	5
711	5
712	6
713	8
714	9
715	8
716	7
717	8
718	7
719	6
720	7
721	6
722	5
723	5
724	6
725	5
726	4
727	5
728	5
729	6
730	6
731	7
732	6
733	5
734	7
735	8
736	7
737	6
738	7
739	6
740	5
741	6
742	5
743	4
744	4
745	5
746	5
747	6
748	5
749	4
750	6
751	7
752	6
753	5
754	6
755	5
756	4
757	4
758	3
759	3
760	4
761	6
762	7
763	7
764	8
765	7
766	6
767	6
768	7
769	6
770	5
771	5
772	5
773	6
774	5
775	4
776	5
777	5
778	6
779	5
780	4
781	4
782	5
783	4
784	3
785	3
786	4
787	4
788	5
789	4
790	3
791	5
792	6
793	5
794	4
795	5
796	4
797	3
798	4
799	3
800	2
801	2
802	3
803	5
804	6
805	6
806	7
807	9
808	10
809	9
810	8
811	9
812	8
813	7
814	8
815	7
816	6
817	6
818	7
819	6
820	5
821	5
822	6
823	8
824	9
825	8
826	7
827	8
828	7
829	6
830	7
831	6
832	5
833	5
834	6
835	5
836	4
837	5
838	5
839	6
840	6
841	7
842	6
843	5
844	7
845	7
846	6
847	7
848	6
849	5
850	6
851	5
852	4
853	4
854	5
855	7
856	8
857	7
858	6
859	7
860	6
861	5
862	6
863	5
864	4
865	4
866	5
867	4
868	3
869	4
870	4
871	5
872	5
873	6
874	5
875	4
876	6
877	7
878	6
879	5
880	6
881	5
882	4
883	4
884	3
885	3
886	4
887	4
888	5
889	4
890	3
891	5
892	6
893	5
894	4
895	5
896	4
897	3
898	4
899	3
900	2
901	2
902	3
903	5
904	6
905	6
906	7
907	6
908	5
909	5
910	6
911	5
912	4
913	5
914	5
915	6
916	5
917	4
918	4
919	5
920	4
921	3
922	3
923	3
924	4
925	3
926	2
927	2
928	3
929	3
930	4
931	3
932	2
933	4
934	5
935	4
936	3
937	4
938	3
939	2
940	3
941	2
942	1
943	3
944	3
945	3
946	4
947	6
948	6
949	6
950	7
951	6
952	5
953	6
954	6
955	7
956	6
957	5
958	5
959	6
960	5
961	4
962	5
963	5
964	6
965	5
966	4
967	4
968	5
969	4
970	3
971	3
972	4
973	4
974	5
975	4
976	3
977	5
978	6
979	5
980	4
981	5
982	4
983	3
984	4
985	3
986	2
987	2
988	2
989	3
990	5
991	5
992	5
993	6
994	5
995	4
996	5
997	5
998	6
999	5
1000	4
1001	4
1002	5
1003	4
1004	3
1005	4
1006	4
1007	5
1008	4
1009	3
1010	3
1011	4
1012	3
1013	2
1014	2
1015	3
1016	3
1017	4
1018	3
1019	2
1020	4
1021	5
1022	4
1023	3
1024	4
1025	3
1026	2
1027	3
1028	2
1029	1
1030	2
1031	2
1032	2
1033	2
1034	3
1035	3
1036	4
1037	3
1038	2
1039	4
1040	5
1041	4
1042	3
1043	4
1044	3
1045	2
1046	3
1047	2
1048	1
1049	1
1050	1
1051	1
1052	2
1053	2
1054	3
1055	2
1056	1
1057	3
1058	4
1059	3
1060	2
1061	3
1062	2
1063	1
1064	2
1065	1
1066	1
1067	3
1068	3
1069	4
1070	6
1071	7
1072	7
1073	8
1074	10
1075	11
1076	11
1077	10
1078	10
1079	9
1080	10
1081	10
1082	9
1083	9
1084	8
1085	9
1086	9
1087	8
1088	8
1089	7
1090	7
1091	8
1092	10
1093	9
1094	8
1095	7
1096	7
1097	6
1098	6
1099	7
1100	9
1101	10
1102	10
1103	9
1104	9
1105	8
1106	9
1107	9
1108	8
1109	8
1110	7
1111	8
1112	8
1113	7
1114	7
1115	6
1116	6
1117	7
1118	9
1119	8
1120	7
1121	6
1122	6
1123	5
1124	6
1125	6
1126	7
1127	7
1128	8
1129	10
1130	9
1131	8
1132	7
1133	7
1134	6
1135	7
1136	8
1137	8
1138	7
1139	7
1140	6
1141	7
1142	7
1143	6
1144	6
1145	5
1146	5
1147	6
1148	8
1149	9
1150	9
1151	8
1152	8
1153	7
1154	8
1155	8
1156	7
1157	7
1158	6
1159	7
1160	7
1161	6
1162	6
1163	5
1164	5
1165	6
1166	6
1167	5
1168	7
1169	6
1170	5
1171	4
1172	5
1173	5
1174	6
1175	6
1176	7
1177	7
1178	6
1179	8
1180	7
1181	6
1182	5
1183	7
1184	8
1185	8
1186	7
1187	7
1188	6
1189	7
1190	7
1191	6
1192	6
1193	5
1194	6
1195	6
1196	5
1197	5
1198	4
1199	4
1200	5
1201	5
1202	6
1203	6
1204	5
1205	7
1206	6
1207	5
1208	4
1209	5
1210	6
1211	6
1212	5
1213	5
1214	4
1215	5
1216	5
1217	4
1218	4
1219	3
1220	3
1221	4
1222	5
1223	6
1224	6
1225	7
1226	9
1227	8
1228	7
1229	6
1230	6
1231	5
1232	5
1233	6
1234	7
1235	6
1236	5
1237	5
1238	4
1239	5
1240	5
1241	6
1242	6
1243	5
1244	6
1245	5
1246	4
1247	4
1248	5
1249	7
1250	6
1251	5
1252	4
1253	4
1254	3
1255	3
1256	4
1257	4
1258	5
1259	5
1260	4
1261	6
1262	5
1263	4
1264	3
1265	5
1266	6
1267	6
1268	5
1269	5
1270	4
1271	5
1272	5
1273	4
1274	4
1275	3
1276	4
1277	4
1278	3
1279	2
1280	2
1281	3
1282	5
1283	6
1284	6
1285	7
1286	9
1287	10
1288	10
1289	9
1290	9
1291	8
1292	9
1293	9
1294	8
1295	8
1296	7
1297	8
1298	8
1299	7
1300	7
1301	6
1302	6
1303	7
1304	9
1305	8
1306	7
1307	6
1308	6
1309	5
1310	5
1311	6
1312	8
1313	9
1314	9
1315	8
1316	8
1317	7
1318	8
1319	8
1320	7
1321	7
1322	6
1323	7
1324	7
1325	6
1326	6
1327	5
1328	5
1329	6
1330	8
1331	7
1332	6
1333	5
1334	5
1335	4
1336	5
1337	5
1338	6
1339	6
1340	7
1341	9
1342	8
1343	7
1344	6
1345	6
1346	5
1347	6
1348	7
1349	7
1350	6
1351	6
1352	5
1353	6
1354	6
1355	5
1356	5
1357	4
1358	4
1359	5
1360	7
1361	8
1362	8
1363	7
1364	7
1365	6
1366	7
1367	7
1368	6
1369	6
1370	5
1371	6
1372	6
1373	5
1374	5
1375	4
1376	4
1377	5
1378	5
1379	4
1380	6
1381	5
1382	4
1383	3
1384	4
1385	4
1386	5
1387	5
1388	6
1389	6
1390	5
1391	7
1392	6
1393	5
1394	4
1395	5
1396	6
1397	6
1398	5
1399	5
1400	4
1401	5
1402	5
1403	4
1404	4
1405	3
1406	3
1407	4
1408	4
1409	5
1410	5
1411	4
1412	6
1413	5
1414	4
1415	3
1416	5
1417	6
1418	6
1419	5
1420	5
1421	4
1422	5
1423	5
1424	4
1425	4
1426	3
1427	4
1428	4
1429	3
1430	3
1431	2
1432	2
1433	3
1434	4
1435	5
1436	5
1437	6
1438	7
1439	6
1440	5
1441	5
1442	4
1443	4
1444	5
1445	7
1446	6
1447	5
1448	4
1449	4
1450	3
1451	4
1452	4
1453	5
1454	5
1455	4
1456	5
1457	4
1458	3
1459	3
1460	4
1461	6
1462	5
1463	4
1464	3
1465	3
1466	2
1467	2
1468	3
1469	3
1470	4
1471	4
1472	3
1473	5
1474	4
1475	3
1476	2
1477	4
1478	5
1479	5
1480	4
1481	4
1482	3
1483	4
1484	4
1485	3
1486	3
1487	2
1488	3
1489	2
1490	2
1491	1
1492	1
1493	2
1494	2
1495	3
1496	3
1497	4
1498	4
1499	5
1500	7
1501	6
1502	5
1503	4
1504	4
1505	3
1506	5
1507	6
1508	6
1509	5
1510	5
1511	4
1512	5
1513	5
1514	4
1515	4
1516	3
1517	4
1518	4
1519	3
1520	3
1521	2
1522	3
1523	4
1524	4
1525	5
1526	5
1527	4
1528	4
1529	3
1530	3
1531	4
1532	6
1533	5
1534	4
1535	3
1536	3
1537	2
1538	3
1539	3
1540	4
1541	4
1542	3
1543	4
1544	3
1545	2
1546	2
1547	3
1548	3
1549	2
1550	4
1551	3
1552	2
1553	1
1554	1
1555	2
1556	2
1557	3
1558	3
1559	4
1560	6
1561	5
1562	4
1563	3
1564	3
1565	2
1566	4
1567	5
1568	5
1569	4
1570	4
1571	3
1572	4
1573	4
1574	3
1575	3
1576	2
1577	3
1578	3
1579	2
1580	2
1581	1
1582	2
1583	3
1584	3
1585	4
1586	4
1587	3
1588	3
1589	2
1590	2
1591	3
1592	5
1593	4
1594	3
1595	2
1596	2
1597	1
1598	2
1599	2
1600	3
1601	3
1602	2
1603	4
1604	3
1605	2
1606	1
1607	1
1608	2
1609	2
1610	1
1611	2
1612	1
1613	1
1614	3
1615	3
1616	4
1617	6
1618	7
1619	7
1620	8
1621	10
1622	11
1623	11
1624	12
1625	11
1626	10
1627	10
1628	11
1629	10
1630	9
1631	10
1632	10
1633	11
1634	10
1635	9
1636	9
1637	10
1638	9
1639	8
1640	9
1641	9
1642	10
1643	9
1644	8
1645	8
1646	9
1647	8
1648	7
1649	7
1650	8
1651	10
1652	11
1653	10
1654	9
1655	10
1656	9
1657	8
1658	9
1659	8
1660	7
1661	7
1662	8
1663	7
1664	6
1665	6
1666	7
1667	9
1668	10
1669	10
1670	11
1671	10
1672	9
1673	9
1674	10
1675	9
1676	8
1677	9
1678	9
1679	10
1680	9
1681	8
1682	8
1683	9
1684	8
1685	7
1686	8
1687	8
1688	9
1689	8
1690	7
1691	7
1692	8
1693	7
1694	6
1695	6
1696	7
1697	9
1698	10
1699	9
1700	8
1701	9
1702	8
1703	7
1704	8
1705	7
1706	6
1707	6
1708	7
1709	6
1710	5
1711	6
1712	6
1713	6
1714	6
1715	7
1716	9
1717	10
1718	9
1719	8
1720	9
1721	8
1722	7
1723	8
1724	7
1725	6
1726	6
1727	7
1728	6
1729	5
1730	5
1731	6
1732	8
1733	9
1734	9
1735	9
1736	8
1737	8
1738	9
1739	8
1740	7
1741	8
1742	8
1743	9
1744	8
1745	7
1746	7
1747	8
1748	7
1749	6
1750	7
1751	7
1752	8
1753	7
1754	6
1755	6
1756	7
1757	6
1758	5
1759	5
1760	6
1761	6
1762	7
1763	6
1764	5
1765	7
1766	8
1767	7
1768	6
1769	7
1770	6
1771	5
1772	6
1773	5
1774	4
1775	5
1776	5
1777	6
1778	6
1779	7
1780	7
1781	8
1782	7
1783	6
1784	8
1785	9
1786	8
1787	7
1788	8
1789	7
1790	6
1791	7
1792	6
1793	5
1794	7
1795	8
1796	8
1797	9
1798	8
1799	7
1800	7
1801	7
1802	6
1803	7
1804	7
1805	8
1806	7
1807	6
1808	6
1809	7
1810	6
1811	5
1812	6
1813	6
1814	7
1815	6
1816	5
1817	5
1818	6
1819	5
1820	4
1821	4
1822	4
1823	4
1824	5
1825	5
1826	6
1827	5
1828	4
1829	6
1830	7
1831	6
1832	5
1833	6
1834	5
1835	4
1836	5
1837	4
1838	3
1839	3
1840	3
1841	3
1842	4
1843	4
1844	5
1845	5
1846	6
1847	5
1848	4
1849	6
1850	7
1851	6
1852	5
1853	6
1854	5
1855	4
1856	5
1857	4
1858	3
1859	5
1860	6
1861	6
1862	7
1863	6
1864	5
1865	5
1866	6
1867	5
1868	4
1869	5
1870	5
1871	6
1872	5
1873	4
1874	4
1875	5
1876	4
1877	3
1878	4
1879	4
1880	5
1881	4
1882	3
1883	3
1884	4
1885	3
1886	2
1887	2
1888	3
1889	5
1890	6
1891	6
1892	7
1893	9
1894	10
1895	10
1896	11
1897	10
1898	9
1899	9
1900	10
1901	9
1902	8
1903	9
1904	9
1905	10
1906	9
1907	8
1908	8
1909	9
1910	8
1911	7
1912	8
1913	8
1914	9
1915	8
1916	7
1917	7
1918	8
1919	7
1920	6
1921	6
1922	7
1923	9
1924	10
1925	9
1926	8
1927	9
1928	8
1929	7
1930	8
1931	7
1932	6
1933	6
1934	7
1935	6
1936	5
1937	5
1938	6
1939	8
1940	9
1941	9
1942	10
1943	9
1944	8
1945	8
1946	8
1947	7
1948	8
1949	8
1950	9
1951	8
1952	7
1953	7
1954	8
1955	7
1956	6
1957	7
1958	7
1959	8
1960	7
1961	6
1962	6
1963	7
1964	6
1965	5
1966	5
1967	6
1968	8
1969	9
1970	8
1971	7
1972	8
1973	7
1974	6
1975	7
1976	6
1977	5
1978	5
1979	6
1980	5
1981	4
1982	5
1983	5
1984	5
1985	5
1986	6
1987	8
1988	9
1989	8
1990	7
1991	8
1992	7
1993	6
1994	7
1995	6
1996	5
1997	5
1998	6
1999	5
2000	4
2001	4
2002	5
2003	7
2004	8
2005	8
2006	9
2007	8
2008	7
2009	7
2010	7
2011	6
2012	7
2013	7
2014	8
2015	7
2016	6
2017	6
2018	7
2019	6
2020	5
2021	6
2022	6
2023	7
2024	6
2025	5
2026	5
2027	6
2028	5
2029	4
2030	4
2031	5
2032	5
2033	6
2034	5
2035	4
2036	6
2037	7
2038	6
2039	5
2040	6
2041	5
2042	4
2043	5
2044	4
2045	3
2046	4
2047	4
2048	4
2049	4
2050	5
2051	5
2052	6
2053	5
2054	4
2055	6
2056	7
2057	6
2058	5
2059	6
2060	5
2061	4
2062	5
2063	4
2064	3
2065	3
2066	4
2067	4
2068	5
2069	5
2070	6
2071	5
2072	4
2073	6
2074	7
2075	6
2076	5
2077	6
2078	5
2079	4
2080	5
2081	4
2082	3
2083	5
2084	6
2085	6
2086	6
2087	5
2088	5
2089	6
2090	5
2091	4
2092	5
2093	5
2094	6
2095	5
2096	4
2097	4
2098	5
2099	4
2100	3
2101	4
2102	4
2103	5
2104	4
2105	3
2106	3
2107	4
2108	3
2109	2
2110	2
2111	2
2112	2
2113	3
2114	3
2115	4
2116	4
2117	5
2118	4
2119	3
2120	5
2121	6
2122	5
2123	4
2124	5
2125	4
2126	3
2127	4
2128	3
2129	2
2130	4
2131	5
2132	5
2133	6
2134	5
2135	4
2136	4
2137	5
2138	4
2139	3
2140	4
2141	4
2142	5
2143	4
2144	3
2145	3
2146	4
2147	3
2148	2
2149	3
2150	3
2151	4
2152	3
2153	2
2154	2
2155	3
2156	2
2157	1
2158	1
2159	3
2160	3
2161	4
2162	6
2163	7
2164	7
2165	8
2166	10
2167	11
2168	11
2169	12
2170	13
2171	12
2172	11
2173	11
2174	10
2175	10
2176	11
2177	13
2178	12
2179	11
2180	10
2181	10
2182	9
2183	10
2184	10
2185	11
2186	11
2187	10
2188	12
2189	11
2190	10
2191	9
2192	9
2193	10
2194	12
2195	11
2196	10
2197	9
2198	9
2199	8
2200	9
2201	9
2202	10
2203	10
2204	9
2205	11
2206	10
2207	9
2208	8
2209	8
2210	9
2211	9
2212	8
2213	10
2214	9
2215	8
2216	7
2217	7
2218	8
2219	10
2220	11
2221	11
2222	10
2223	10
2224	9
2225	10
2226	10
2227	9
2228	8
2229	9
2230	9
2231	8
2232	8
2233	7
2234	7
2235	8
2236	8
2237	7
2238	9
2239	8
2240	7
2241	6
2242	6
2243	7
2244	9
2245	10
2246	10
2247	11
2248	13
2249	12
2250	11
2251	10
2252	10
2253	9
2254	9
2255	10
2256	12
2257	11
2258	10
2259	9
2260	9
2261	8
2262	9
2263	9
2264	10
2265	10
2266	9
2267	11
2268	10
2269	9
2270	8
2271	8
2272	9
2273	11
2274	10
2275	9
2276	8
2277	8
2278	7
2279	8
2280	8
2281	9
2282	9
2283	8
2284	10
2285	9
2286	8
2287	7
2288	7
2289	8
2290	8
2291	7
2292	9
2293	8
2294	7
2295	6
2296	6
2297	7
2298	9
2299	10
2300	10
2301	9
2302	9
2303	8
2304	9
2305	9
2306	8
2307	8
2308	7
2309	8
2310	8
2311	7
2312	6
2313	6
2314	7
2315	7
2316	6
2317	8
2318	7
2319	6
2320	5
2321	6
2322	5
2323	5
2324	6
2325	8
2326	9
2327	8
2328	8
2329	9
2330	11
2331	10
2332	9
2333	8
2334	8
2335	7
2336	8
2337	8
2338	9
2339	9
2340	8
2341	10
2342	9
2343	8
2344	7
2345	7
2346	8
2347	10
2348	9
2349	8
2350	7
2351	7
2352	6
2353	7
2354	7
2355	8
2356	8
2357	7
2358	9
2359	8
2360	7
2361	6
2362	6
2363	7
2364	9
2365	8
2366	7
2367	6
2368	6
2369	5
2370	5
2371	6
2372	6
2373	7
2374	7
2375	6
2376	8
2377	7
2378	6
2379	5
2380	7
2381	8
2382	8
2383	7
2384	7
2385	6
2386	7
2387	7
2388	6
2389	6
2390	5
2391	6
2392	5
2393	5
2394	4
2395	5
2396	5
2397	6
2398	6
2399	7
2400	7
2401	8
2402	10
2403	9
2404	8
2405	7
2406	7
2407	6
2408	8
2409	9
2410	9
2411	8
2412	8
2413	7
2414	8
2415	8
2416	7
2417	7
2418	6
2419	7
2420	7
2421	6
2422	6
2423	5
2424	7
2425	8
2426	8
2427	9
2428	10
2429	9
2430	8
2431	8
2432	7
2433	6
2434	7
2435	7
2436	8
2437	8
2438	7
2439	9
2440	8
2441	7
2442	6
2443	6
2444	7
2445	9
2446	8
2447	7
2448	6
2449	6
2450	5
2451	6
2452	6
2453	7
2454	7
2455	6
2456	8
2457	7
2458	6
2459	5
2460	5
2461	6
2462	6
2463	5
2464	7
2465	6
2466	5
2467	4
2468	3
2469	2
2470	2
2471	3
2472	5
2473	6
2474	6
2475	7
2476	9
2477	10
2478	10
2479	11
2480	13
2481	12
2482	11
2483	10
2484	10
2485	9
2486	9
2487	10
2488	12
2489	11
2490	10
2491	9
2492	9
2493	8
2494	9
2495	9
2496	10
2497	10
2498	9
2499	11
2500	10
2501	9
2502	8
2503	8
2504	9
2505	11
2506	10
2507	9
2508	8
2509	8
2510	7
2511	8
2512	8
2513	9
2514	9
2515	8
2516	10
2517	9
2518	8
2519	7
2520	7
2521	8
2522	8
2523	7
2524	9
2525	8
2526	7
2527	6
2528	6
2529	7
2530	9
2531	10
2532	10
2533	9
2534	9
2535	8
2536	9
2537	9
2538	8
2539	7
2540	8
2541	8
2542	7
2543	7
2544	6
2545	6
2546	7
2547	7
2548	6
2549	8
2550	7
2551	6
2552	5
2553	5
2554	6
2555	8
2556	9
2557	9
2558	10
2559	12
2560	11
2561	10
2562	9
2563	9
2564	8
2565	7
2566	8
2567	8
2568	9
2569	9
2570	8
2571	10
2572	9
2573	8
2574	7
2575	7
2576	8
2577	10
2578	9
2579	8
2580	7
2581	7
2582	6
2583	7
2584	7
2585	8
2586	8
2587	7
2588	9
2589	8
2590	7
2591	6
2592	6
2593	7
2594	7
2595	6
2596	8
2597	7
2598	6
2599	5
2600	5
2601	6
2602	8
2603	9
2604	9
2605	8
2606	8
2607	7
2608	8
2609	8
2610	7
2611	7
2612	6
2613	7
2614	7
2615	6
2616	5
2617	5
2618	6
2619	6
2620	5
2621	7
2622	6
2623	5
2624	4
2625	5
2626	4
2627	4
2628	5
2629	7
2630	8
2631	8
2632	9
2633	11
2634	10
2635	9
2636	8
2637	8
2638	7
2639	6
2640	7
2641	7
2642	8
2643	8
2644	7
2645	9
2646	8
2647	7
2648	6
2649	6
2650	7
2651	9
2652	8
2653	7
2654	6
2655	6
2656	5
2657	6
2658	6
2659	7
2660	7
2661	6
2662	7
2663	6
2664	5
2665	5
2666	6
2667	8
2668	7
2669	6
2670	5
2671	5
2672	4
2673	4
2674	5
2675	5
2676	6
2677	6
2678	5
2679	7
2680	6
2681	5
2682	4
2683	6
2684	7
2685	7
2686	6
2687	6
2688	5
2689	6
2690	6
2691	5
2692	5
2693	4
2694	5
2695	5
2696	4
2697	3
2698	4
2699	3
2700	3
2701	4
2702	4
2703	5
2704	5
2705	6
2706	8
2707	7
2708	6
2709	5
2710	5
2711	4
2712	6
2713	7
2714	7
2715	6
2716	6
2717	5
2718	6
2719	6
2720	5
2721	5
2722	4
2723	5
2724	5
2725	4
2726	4
2727	3
2728	5
2729	6
2730	5
2731	5
2732	6
2733	7
2734	6
2735	5
2736	5
2737	4
2738	5
2739	5
2740	6
2741	6
2742	5
2743	7
2744	6
2745	5
2746	4
2747	4
2748	5
2749	7
2750	6
2751	5
2752	4
2753	4
2754	3
2755	4
2756	4
2757	5
2758	5
2759	4
2760	6
2761	5
2762	4
2763	3
2764	3
2765	4
2766	4
2767	3
2768	5
2769	4
2770	3
2771	2
2772	1
2773	1
2774	3
2775	3
2776	4
2777	6
2778	7
2779	7
2780	8
2781	10
2782	11
2783	11
2784	12
2785	13
2786	14
2787	13
2788	12
2789	13
2790	12
2791	11
2792	11
2793	12
2794	11
2795	10
2796	10
2797	11
2798	13
2799	14
2800	13
2801	12
2802	13
2803	12
2804	11
2805	12
2806	11
2807	10
2808	10
2809	11
2810	10
2811	9
2812	10
2813	10
2814	11
2815	11
2816	12
2817	11
2818	10
2819	12
2820	13
2821	12
2822	11
2823	11
2824	10
2825	11
2826	10
2827	9
2828	9
2829	10
2830	12
2831	13
2832	12
2833	11
2834	12
2835	11
2836	10
2837	11
2838	10
2839	9
2840	9
2841	10
2842	9
2843	8
2844	9
2845	9
2846	10
2847	10
2848	11
2849	10
2850	9
2851	11
2852	12
2853	11
2854	10
2855	11
2856	10
2857	9
2858	10
2859	9
2860	8
2861	8
2862	9
2863	9
2864	10
2865	9
2866	8
2867	10
2868	11
2869	10
2870	9
2871	10
2872	9
2873	8
2874	8
2875	7
2876	7
2877	8
2878	10
2879	11
2880	11
2881	12
2882	11
2883	10
2884	10
2885	11
2886	10
2887	9
2888	9
2889	9
2890	10
2891	9
2892	8
2893	9
2894	9
2895	10
2896	9
2897	8
2898	8
2899	9
2900	8
2901	7
2902	7
2903	8
2904	8
2905	9
2906	8
2907	7
2908	9
2909	10
2910	9
2911	8
2912	9
2913	8
2914	7
2915	8
2916	7
2917	6
2918	6
2919	7
2920	9
2921	10
2922	10
2923	11
2924	13
2925	14
2926	13
2927	12
2928	13
2929	12
2930	11
2931	12
2932	11
2933	10
2934	10
2935	11
2936	10
2937	9
2938	9
2939	10
2940	12
2941	13
2942	12
2943	11
2944	12
2945	11
2946	10
2947	11
2948	10
2949	9
2950	9
2951	10
2952	9
2953	8
2954	9
2955	9
2956	10
2957	10
2958	11
2959	10
2960	9
2961	11
2962	11
2963	10
2964	11
2965	10
2966	9
2967	10
2968	9
2969	8
2970	8
2971	9
2972	11
2973	12
2974	11
2975	10
2976	11
2977	10
2978	9
2979	10
2980	9
2981	8
2982	8
2983	9
2984	8
2985	7
2986	8
2987	8
2988	9
2989	9
2990	10
2991	9
2992	8
2993	10
2994	11
2995	10
2996	9
2997	10
2998	9
2999	8
3000	8
3001	7
3002	7
3003	8
3004	8
3005	9
3006	8
3007	7
3008	9
3009	10
3010	9
3011	8
3012	9
3013	8
3014	7
3015	8
3016	7
3017	6
3018	6
3019	7
3020	9
3021	10
3022	10
3023	11
3024	10
3025	9
3026	9
3027	10
3028	9
3029	8
3030	9
3031	9
3032	10
3033	9
3034	8
3035	8
3036	9
3037	8
3038	7
3039	7
3040	7
3041	8
3042	7
3043	6
3044	6
3045	7
3046	7
3047	8
3048	7
3049	6
3050	8
3051	9
3052	8
3053	7
3054	8
3055	7
3056	6
3057	7
3058	6
3059	5
3060	5
3061	5
3062	6
3063	8
3064	8
3065	8
3066	9
3067	11
3068	12
3069	11
3070	10
3071	11
3072	10
3073	9
3074	10
3075	9
3076	8
3077	8
3078	9
3079	8
3080	7
3081	8
3082	8
3083	9
3084	9
3085	10
3086	9
3087	8
3088	10
3089	10
3090	9
3091	10
3092	9
3093	8
3094	8
3095	7
3096	7
3097	8
3098	10
3099	11
3100	10
3101	9
3102	10
3103	9
3104	8
3105	9
3106	8
3107	7
3108	7
3109	8
3110	7
3111	6
3112	7
3113	7
3114	8
3115	8
3116	9
3117	8
3118	7
3119	9
3120	10
3121	9
3122	8
3123	8
3124	7
3125	8
3126	7
3127	6
3128	6
3129	7
3130	9
3131	9
3132	8
3133	9
3134	8
3135	7
3136	8
3137	7
3138	6
3139	6
3140	7
3141	6
3142	5
3143	5
3144	6
3145	6
3146	7
3147	7
3148	8
3149	7
3150	6
3151	8
3152	9
3153	8
3154	7
3155	8
3156	7
3157	6
3158	7
3159	6
3160	5
3161	7
3162	8
3163	8
3164	9
3165	8
3166	7
3167	7
3168	8
3169	7
3170	6
3171	7
3172	7
3173	8
3174	7
3175	6
3176	6
3177	7
3178	6
3179	5
3180	5
3181	5
3182	6
3183	5
3184	4
3185	4
3186	4
3187	5
3188	5
3189	6
3190	6
3191	7
3192	9
3193	10
3194	9
3195	8
3196	9
3197	8
3198	7
3199	8
3200	7
3201	6
3202	6
3203	7
3204	6
3205	5
3206	7
3207	8
3208	8
3209	9
3210	8
3211	7
3212	7
3213	8
3214	7
3215	6
3216	7
3217	7
3218	8
3219	7
3220	6
3221	6
3222	7
3223	6
3224	5
3225	6
3226	6
3227	7
3228	6
3229	5
3230	5
3231	6
3232	5
3233	4
3234	6
3235	6
3236	6
3237	6
3238	6
3239	7
3240	6
3241	5
3242	6
3243	6
3244	7
3245	7
3246	8
3247	7
3248	6
3249	8
3250	8
3251	7
3252	7
3253	6
3254	7
3255	6
3256	5
3257	5
3258	6
3259	8
3260	9
3261	8
3262	7
3263	8
3264	7
3265	6
3266	7
3267	6
3268	5
3269	5
3270	6
3271	5
3272	4
3273	5
3274	5
3275	6
3276	6
3277	7
3278	6
3279	5
3280	7
3281	7
3282	6
3283	7
3284	6
3285	5
3286	6
3287	5
3288	4
3289	4
3290	5
3291	5
3292	6
3293	5
3294	4
3295	6
3296	7
3297	6
3298	5
3299	6
3300	5
3301	4
3302	4
3303	3
3304	2
3305	2
3306	3
3307	5
3308	6
3309	6
3310	7
3311	9
3312	10
3313	10
3314	11
3315	13
3316	14
3317	13
3318	12
3319	13
3320	12
3321	11
3322	12
3323	11
3324	10
3325	10
3326	11
3327	10
3328	9
3329	9
3330	10
3331	12
3332	13
3333	12
3334	11
3335	12
3336	11
3337	10
3338	11
3339	10
3340	9
3341	9
3342	10
3343	9
3344	8
3345	9
3346	9
3347	10
3348	10
3349	11
3350	10
3351	9
3352	11
3353	12
3354	11
3355	10
3356	10
3357	9
3358	10
3359	9
3360	8
3361	8
3362	9
3363	11
3364	12
3365	11
3366	10
3367	11
3368	10
3369	9
3370	10
3371	9
3372	8
3373	8
3374	9
3375	8
3376	7
3377	8
3378	8
3379	9
3380	9
3381	10
3382	9
3383	8
3384	10
3385	11
3386	10
3387	9
3388	10
3389	9
3390	8
3391	9
3392	8
3393	7
3394	7
3395	8
3396	8
3397	9
3398	8
3399	7
3400	9
3401	10
3402	9
3403	8
3404	9
3405	8
3406	7
3407	7
3408	6
3409	6
3410	7
3411	9
3412	10
3413	10
3414	11
3415	10
3416	9
3417	9
3418	10
3419	9
3420	8
3421	8
3422	8
3423	9
3424	8
3425	7
3426	8
3427	8
3428	9
3429	8
3430	7
3431	7
3432	8
3433	7
3434	6
3435	6
3436	7
3437	7
3438	8
3439	7
3440	6
3441	8
3442	9
3443	8
3444	7
3445	8
3446	7
3447	6
3448	7
3449	6
3450	5
3451	5
3452	6
3453	8
3454	8
3455	8
3456	9
3457	11
3458	12
3459	11
3460	10
3461	11
3462	10
3463	9
3464	10
3465	9
3466	8
3467	8
3468	9
3469	8
3470	7
3471	8
3472	8
3473	9
3474	9
3475	10
3476	9
3477	8
3478	10
3479	10
3480	9
3481	10
3482	9
3483	8
3484	9
3485	8
3486	7
3487	7
3488	8
3489	10
3490	11
3491	10
3492	9
3493	10
3494	9
3495	8
3496	9
3497	8
3498	7
3499	7
3500	8
3501	7
3502	6
3503	7
3504	7
3505	8
3506	8
3507	9
3508	8
3509	7
3510	9
3511	10
3512	9
3513	8
3514	9
3515	8
3516	7
3517	7
3518	6
3519	6
3520	7
3521	7
3522	8
3523	7
3524	6
3525	8
3526	9
3527	8
3528	7
3529	8
3530	7
3531	6
3532	7
3533	6
3534	5
3535	5
3536	6
3537	8
3538	9
3539	9
3540	10
3541	9
3542	8
3543	8
3544	9
3545	8
3546	7
3547	8
3548	8
3549	9
3550	8
3551	7
3552	7
3553	8
3554	7
3555	6
3556	6
3557	6
3558	7
3559	6
3560	5
3561	5
3562	6
3563	6
3564	7
3565	6
3566	5
3567	7
3568	8
3569	7
3570	6
3571	7
3572	6
3573	5
3574	6
3575	5
3576	4
3577	4
3578	4
3579	5
3580	7
3581	7
3582	7
3583	8
3584	10
3585	11
3586	10
3587	9
3588	10
3589	9
3590	8
3591	9
3592	8
3593	7
3594	7
3595	8
3596	7
3597	6
3598	7
3599	7
3600	8
3601	8
3602	9
3603	8
3604	7
3605	9
3606	9
3607	8
3608	9
3609	8
3610	7
3611	8
3612	7
3613	6
3614	6
3615	7
3616	9
3617	9
3618	8
3619	9
3620	8
3621	7
3622	8
3623	7
3624	6
3625	6
3626	7
3627	6
3628	5
3629	6
3630	6
3631	6
3632	6
3633	7
3634	6
3635	5
3636	5
3637	6
3638	8
3639	9
3640	8
3641	7
3642	8
3643	7
3644	6
3645	7
3646	6
3647	5
3648	5
3649	6
3650	5
3651	4
3652	4
3653	5
3654	5
3655	6
3656	6
3657	7
3658	6
3659	5
3660	7
3661	8
3662	7
3663	6
3664	7
3665	6
3666	5
3667	6
3668	5
3669	4
3670	6
3671	7
3672	7
3673	8
3674	7
3675	6
3676	6
3677	7
3678	6
3679	5
3680	6
3681	6
3682	7
3683	6
3684	5
3685	5
3686	6
3687	5
3688	4
3689	4
3690	4
3691	5
3692	4
3693	3
3694	3
3695	3
3696	4
3697	4
3698	5
3699	5
3700	6
3701	8
3702	9
3703	8
3704	7
3705	8
3706	7
3707	6
3708	7
3709	6
3710	5
3711	5
3712	6
3713	5
3714	4
3715	6
3716	7
3717	7
3718	8
3719	7
3720	6
3721	6
3722	7
3723	6
3724	5
3725	6
3726	6
3727	7
3728	6
3729	5
3730	5
3731	6
3732	5
3733	4
3734	5
3735	5
3736	6
3737	5
3738	4
3739	4
3740	5
3741	4
3742	3
3743	5
3744	5
3745	5
3746	5
3747	5
3748	6
3749	5
3750	4
3751	5
3752	5
3753	6
3754	6
3755	7
3756	6
3757	5
3758	7
3759	7
3760	6
3761	6
3762	5
3763	6
3764	5
3765	4
3766	4
3767	5
3768	7
3769	8
3770	7
3771	6
3772	7
3773	6
3774	5
3775	6
3776	5
3777	4
3778	4
3779	5
3780	4
3781	3
3782	4
3783	4
3784	5
3785	5
3786	6
3787	5
3788	4
3789	6
3790	7
3791	6
3792	5
3793	6
3794	5
3795	4
3796	4
3797	3
3798	3
3799	4
3800	4
3801	5
3802	4
3803	3
3804	5
3805	5
3806	4
3807	5
3808	4
3809	3
3810	4
3811	3
3812	2
3813	1
3814	1
3815	3
3816	3
3817	4
3818	6
3819	7
3820	7
3821	8
3822	10
3823	11
3824	11
3825	12
3826	13
3827	14
3828	14
3829	13
3830	13
3831	12
3832	13
3833	13
3834	12
3835	12
3836	11
3837	11
3838	12
3839	14
3840	13
3841	12
3842	11
3843	11
3844	10
3845	10
3846	11
3847	13
3848	14
3849	14
3850	13
3851	13
3852	12
3853	13
3854	13
3855	12
3856	12
3857	11
3858	12
3859	12
3860	11
3861	11
3862	10
3863	10
3864	11
3865	13
3866	12
3867	11
3868	10
3869	10
3870	9
3871	10
3872	10
3873	11
3874	11
3875	12
3876	14
3877	13
3878	12
3879	11
3880	11
3881	10
3882	11
3883	12
3884	12
3885	11
3886	11
3887	10
3888	11
3889	11
3890	10
3891	10
3892	9
3893	9
3894	10
3895	12
3896	13
3897	13
3898	12
3899	12
3900	11
3901	12
3902	12
3903	11
3904	11
3905	10
3906	11
3907	11
3908	10
3909	10
3910	9
3911	9
3912	10
3913	10
3914	9
3915	11
3916	10
3917	9
3918	8
3919	9
3920	9
3921	10
3922	10
3923	11
3924	11
3925	10
3926	12
3927	11
3928	10
3929	9
3930	11
3931	12
3932	12
3933	11
3934	11
3935	10
3936	11
3937	11
3938	10
3939	10
3940	9
3941	10
3942	10
3943	9
3944	9
3945	8
3946	8
3947	9
3948	9
3949	10
3950	10
3951	9
3952	11
3953	10
3954	9
3955	8
3956	9
3957	10
3958	10
3959	9
3960	9
3961	8
3962	9
3963	9
3964	8
3965	8
3966	7
3967	7
3968	8
3969	9
3970	10
3971	10
3972	11
3973	13
3974	12
3975	11
3976	10
3977	10
3978	9
3979	9
3980	10
3981	11
3982	10
3983	9
3984	9
3985	8
3986	9
3987	9
3988	10
3989	10
3990	9
3991	10
3992	9
3993	8
3994	8
3995	9
3996	11
3997	10
3998	9
3999	8
4000	8
4001	7
4002	7
4003	8
4004	8
4005	9
4006	9
4007	8
4008	10
4009	9
4010	8
4011	7
4012	9
4013	10
4014	10
4015	9
4016	9
4017	8
4018	9
4019	9
4020	8
4021	8
4022	7
4023	8
4024	8
4025	7
4026	6
4027	6
4028	7
4029	9
4030	10
4031	10
4032	11
4033	13
4034	14
4035	14
4036	13
4037	13
4038	12
4039	13
4040	13
4041	12
4042	12
4043	11
4044	12
4045	12
4046	11
4047	11
4048	10
4049	10
4050	11
4051	13
4052	12
4053	11
4054	10
4055	10
4056	9
4057	9
4058	10
4059	12
4060	13
4061	13
4062	12
4063	12
4064	11
4065	12
4066	12
4067	11
4068	11
4069	10
4070	11
4071	11
4072	10
4073	10
4074	9
4075	9
4076	10
4077	12
4078	11
4079	10
4080	9
4081	9
4082	8
4083	9
4084	9
4085	10
4086	10
4087	11
4088	13
4089	12
4090	11
4091	10
4092	10
4093	9
4094	10
4095	11
4096	11
4097	10
4098	10
4099	9
4100	10
4101	10
4102	9
4103	9
4104	8
4105	8
4106	9
4107	11
4108	12
4109	12
4110	11
4111	11
4112	10
4113	11
4114	11
4115	10
4116	10
4117	9
4118	10
4119	10
4120	9
4121	9
4122	8
4123	8
4124	9
4125	9
4126	8
4127	10
4128	9
4129	8
4130	7
4131	8
4132	8
4133	9
4134	9
4135	10
4136	10
4137	9
4138	11
4139	10
4140	9
4141	8
4142	9
4143	10
4144	10
4145	9
4146	9
4147	8
4148	9
4149	9
4150	8
4151	8
4152	7
4153	7
4154	8
4155	8
4156	9
4157	9
4158	8
4159	10
4160	9
4161	8
4162	7
4163	9
4164	10
4165	10
4166	9
4167	9
4168	8
4169	9
4170	9
4171	8
4172	8
4173	7
4174	8
4175	8
4176	7
4177	7
4178	6
4179	6
4180	7
4181	8
4182	9
4183	9
4184	10
4185	11
4186	10
4187	9
4188	9
4189	8
4190	8
4191	9
4192	11
4193	10
4194	9
4195	8
4196	8
4197	7
4198	8
4199	8
4200	9
4201	9
4202	8
4203	9
4204	8
4205	7
4206	7
4207	8
4208	10
4209	9
4210	8
4211	7
4212	7
4213	6
4214	6
4215	7
4216	7
4217	8
4218	8
4219	7
4220	9
4221	8
4222	7
4223	6
4224	8
4225	9
4226	9
4227	8
4228	8
4229	7
4230	8
4231	8
4232	7
4233	7
4234	6
4235	7
4236	6
4237	6
4238	5
4239	4
4240	5
4241	5
4242	6
4243	6
4244	7
4245	7
4246	8
4247	10
4248	11
4249	11
4250	10
4251	10
4252	9
4253	10
4254	10
4255	9
4256	9
4257	8
4258	9
4259	9
4260	8
4261	8
4262	7
4263	7
4264	8
4265	10
4266	9
4267	8
4268	7
4269	7
4270	6
4271	8
4272	9
4273	9
4274	10
4275	10
4276	9
4277	11
4278	10
4279	9
4280	8
4281	8
4282	9
4283	11
4284	10
4285	9
4286	8
4287	8
4288	7
4289	8
4290	8
4291	9
4292	9
4293	8
4294	9
4295	8
4296	7
4297	7
4298	8
4299	10
4300	9
4301	8
4302	7
4303	7
4304	6
4305	7
4306	7
4307	8
4308	8
4309	7
4310	9
4311	8
4312	7
4313	6
4314	6
4315	7
4316	7
4317	6
4318	8
4319	7
4320	6
4321	5
4322	6
4323	7
4324	7
4325	8
4326	8
4327	9
4328	11
4329	10
4330	9
4331	8
4332	8
4333	7
4334	7
4335	8
4336	8
4337	7
4338	7
4339	6
4340	6
4341	7
4342	9
4343	10
4344	10
4345	9
4346	9
4347	8
4348	9
4349	8
4350	8
4351	7
4352	8
4353	8
4354	7
4355	7
4356	6
4357	6
4358	7
4359	7
4360	6
4361	8
4362	7
4363	6
4364	5
4365	6
4366	6
4367	7
4368	7
4369	8
4370	8
4371	7
4372	9
4373	8
4374	7
4375	6
4376	7
4377	8
4378	8
4379	7
4380	7
4381	6
4382	7
4383	6
4384	6
4385	5
4386	5
4387	6
4388	6
4389	7
4390	7
4391	6
4392	8
4393	7
4394	6
4395	5
4396	6
4397	7
4398	7
4399	6
4400	6
4401	5
4402	6
4403	5
4404	5
4405	4
4406	4
4407	5
4408	5
4409	6
4410	6
4411	7
4412	9
4413	10
4414	10
4415	9
4416	9
4417	8
4418	9
4419	9
4420	8
4421	8
4422	7
4423	8
4424	8
4425	7
4426	7
4427	6
4428	6
4429	7
4430	9
4431	8
4432	7
4433	6
4434	6
4435	5
4436	7
4437	8
4438	8
4439	9
4440	9
4441	8
4442	9
4443	8
4444	7
4445	7
4446	8
4447	10
4448	9
4449	8
4450	7
4451	7
4452	6
4453	7
4454	7
4455	8
4456	8
4457	7
4458	9
4459	8
4460	7
4461	6
4462	6
4463	7
4464	9
4465	8
4466	7
4467	6
4468	6
4469	5
4470	6
4471	6
4472	7
4473	7
4474	6
4475	8
4476	7
4477	6
4478	5
4479	5
4480	6
4481	6
4482	5
4483	7
4484	6
4485	5
4486	4
4487	5
4488	6
4489	6
4490	7
4491	7
4492	8
4493	10
4494	9
4495	8
4496	7
4497	7
4498	6
4499	6
4500	7
4501	7
4502	6
4503	6
4504	5
4505	5
4506	6
4507	8
4508	9
4509	9
4510	8
4511	8
4512	7
4513	8
4514	8
4515	7
4516	7
4517	6
4518	7
4519	6
4520	6
4521	5
4522	5
4523	6
4524	6
4525	5
4526	7
4527	6
4528	5
4529	4
4530	5
4531	5
4532	6
4533	6
4534	7
4535	7
4536	6
4537	8
4538	7
4539	6
4540	5
4541	6
4542	7
4543	7
4544	6
4545	6
4546	5
4547	6
4548	5
4549	5
4550	4
4551	4
4552	5
4553	5
4554	6
4555	6
4556	5
4557	7
4558	6
4559	5
4560	4
4561	5
4562	6
4563	6
4564	5
4565	5
4566	4
4567	5
4568	5
4569	4
4570	3
4571	2
4572	2
4573	3
4574	5
4575	6
4576	6
4577	7
4578	9
4579	10
4580	10
4581	11
4582	13
4583	14
4584	14
4585	13
4586	13
4587	12
4588	13
4589	13
4590	12
4591	12
4592	11
4593	12
4594	12
4595	11
4596	11
4597	10
4598	10
4599	11
4600	13
4601	12
4602	11
4603	10
4604	10
4605	9
4606	9
4607	10
4608	12
4609	13
4610	13
4611	12
4612	12
4613	11
4614	12
4615	12
4616	11
4617	11
4618	10
4619	11
4620	11
4621	10
4622	10
4623	9
4624	9
4625	10
4626	12
4627	11
4628	10
4629	9
4630	9
4631	8
4632	9
4633	9
4634	10
4635	10
4636	11
4637	13
4638	12
4639	11
4640	10
4641	10
4642	9
4643	10
4644	11
4645	11
4646	10
4647	10
4648	9
4649	10
4650	10
4651	9
4652	9
4653	8
4654	8
4655	9
4656	11
4657	12
4658	12
4659	11
4660	11
4661	10
4662	11
4663	11
4664	10
4665	10
4666	9
4667	10
4668	10
4669	9
4670	9
4671	8
4672	8
4673	9
4674	9
4675	8
4676	10
4677	9
4678	8
4679	7
4680	8
4681	8
4682	9
4683	9
4684	10
4685	10
4686	9
4687	11
4688	10
4689	9
4690	8
4691	10
4692	11
4693	11
4694	10
4695	10
4696	9
4697	10
4698	10
4699	9
4700	9
4701	8
4702	9
4703	9
4704	8
4705	8
4706	7
4707	7
4708	8
4709	8
4710	9
4711	9
4712	8
4713	10
4714	9
4715	8
4716	7
4717	8
4718	9
4719	9
4720	8
4721	8
4722	7
4723	8
4724	8
4725	7
4726	7
4727	6
4728	6
4729	7
4730	8
4731	9
4732	9
4733	10
4734	12
4735	11
4736	10
4737	9
4738	9
4739	8
4740	8
4741	9
4742	10
4743	9
4744	8
4745	8
4746	7
4747	8
4748	8
4749	9
4750	9
4751	8
4752	9
4753	8
4754	7
4755	7
4756	8
4757	10
4758	9
4759	8
4760	7
4761	7
4762	6
4763	6
4764	7
4765	7
4766	8
4767	8
4768	7
4769	9
4770	8
4771	7
4772	6
4773	8
4774	9
4775	9
4776	8
4777	8
4778	7
4779	8
4780	8
4781	7
4782	7
4783	6
4784	7
4785	7
4786	6
4787	5
4788	5
4789	6
4790	7
4791	8
4792	8
4793	9
4794	9
4795	10
4796	12
4797	11
4798	10
4799	9
4800	9
4801	8
4802	10
4803	11
4804	11
4805	10
4806	10
4807	9
4808	10
4809	10
4810	9
4811	9
4812	8
4813	9
4814	9
4815	8
4816	8
4817	7
4818	7
4819	8
4820	10
4821	11
4822	11
4823	10
4824	9
4825	10
4826	10
4827	9
4828	9
4829	8
4830	9
4831	9
4832	8
4833	8
4834	7
4835	7
4836	8
4837	8
4838	7
4839	9
4840	8
4841	7
4842	6
4843	7
4844	7
4845	8
4846	8
4847	9
4848	9
4849	8
4850	10
4851	9
4852	8
4853	7
4854	8
4855	9
4856	9
4857	8
4858	8
4859	7
4860	8
4861	8
4862	7
4863	7
4864	6
4865	6
4866	7
4867	7
4868	8
4869	8
4870	7
4871	9
4872	8
4873	7
4874	6
4875	8
4876	9
4877	9
4878	8
4879	8
4880	7
4881	8
4882	8
4883	7
4884	7
4885	6
4886	7
4887	7
4888	6
4889	6
4890	5
4891	5
4892	6
4893	7
4894	8
4895	8
4896	9
4897	11
4898	10
4899	9
4900	8
4901	8
4902	7
4903	7
4904	8
4905	10
4906	9
4907	8
4908	7
4909	7
4910	6
4911	7
4912	7
4913	8
4914	8
4915	7
4916	8
4917	7
4918	6
4919	6
4920	7
4921	9
4922	8
4923	7
4924	6
4925	6
4926	5
4927	5
4928	6
4929	6
4930	7
4931	7
4932	6
4933	8
4934	7
4935	6
4936	5
4937	7
4938	8
4939	8
4940	7
4941	7
4942	6
4943	7
4944	7
4945	6
4946	6
4947	5
4948	6
4949	5
4950	5
4951	4
4952	3
4953	4
4954	4
4955	5
4956	5
4957	6
4958	6
4959	7
4960	9
4961	10
4962	10
4963	9
4964	9
4965	8
4966	9
4967	9
4968	8
4969	8
4970	7
4971	8
4972	8
4973	7
4974	7
4975	6
4976	6
4977	7
4978	9
4979	8
4980	7
4981	6
4982	6
4983	5
4984	7
4985	8
4986	8
4987	9
4988	9
4989	8
4990	10
4991	9
4992	8
4993	7
4994	7
4995	8
4996	10
4997	9
4998	8
4999	7
5000	7
5001	6
5002	7
5003	7
5004	8
5005	8
5006	7
5007	8
5008	7
5009	6
5010	6
5011	7
5012	9
5013	8
5014	7
5015	6
5016	6
5017	5
5018	6
5019	6
5020	7
5021	7
5022	6
5023	8
5024	7
5025	6
5026	5
5027	5
5028	6
5029	6
5030	5
5031	7
5032	6
5033	5
5034	4
5035	5
5036	6
5037	6
5038	7
5039	7
5040	8
5041	10
5042	9
5043	8
5044	7
5045	7
5046	6
5047	6
5048	7
5049	6
5050	6
5051	5
5052	5
5053	6
5054	7
5055	8
5056	8
5057	7
5058	7
5059	6
5060	7
5061	7
5062	6
5063	6
5064	5
5065	5
5066	6
5067	6
5068	5
5069	7
5070	6
5071	5
5072	4
5073	5
5074	5
5075	6
5076	6
5077	7
5078	7
5079	6
5080	8
5081	7
5082	6
5083	5
5084	6
5085	7
5086	6
5087	6
5088	5
5089	6
5090	5
5091	5
5092	4
5093	4
5094	5
5095	5
5096	6
5097	6
5098	5
5099	7
5100	6
5101	5
5102	4
5103	5
5104	6
5105	6
5106	5
5107	5
5108	4
5109	5
5110	4
5111	4
5112	3
5113	3
5114	4
5115	4
5116	5
5117	5
5118	6
5119	8
5120	9
5121	9
5122	8
5123	8
5124	7
5125	8
5126	8
5127	7
5128	7
5129	6
5130	7
5131	7
5132	6
5133	6
5134	5
5135	4
5136	6
5137	7
5138	7
5139	8
5140	8
5141	7
5142	8
5143	7
5144	6
5145	6
5146	7
5147	9
5148	8
5149	7
5150	6
5151	6
5152	5
5153	6
5154	6
5155	7
5156	7
5157	6
5158	8
5159	7
5160	6
5161	5
5162	5
5163	6
5164	8
5165	7
5166	6
5167	5
5168	5
5169	4
5170	5
5171	5
5172	6
5173	6
5174	5
5175	7
5176	6
5177	5
5178	4
5179	4
5180	5
5181	5
5182	4
5183	6
5184	5
5185	4
5186	3
5187	4
5188	5
5189	5
5190	6
5191	6
5192	7
5193	9
5194	8
5195	7
5196	6
5197	6
5198	5
5199	5
5200	6
5201	6
5202	5
5203	5
5204	4
5205	4
5206	5
5207	7
5208	8
5209	8
5210	7
5211	7
5212	6
5213	7
5214	7
5215	6
5216	6
5217	5
5218	6
5219	5
5220	5
5221	4
5222	4
5223	5
5224	5
5225	4
5226	6
5227	5
5228	4
5229	3
5230	4
5231	4
5232	5
5233	5
5234	6
5235	6
5236	5
5237	7
5238	6
5239	5
5240	4
5241	5
5242	6
5243	6
5244	5
5245	5
5246	4
5247	5
5248	4
5249	4
5250	3
5251	3
5252	4
5253	4
5254	5
5255	5
5256	4
5257	6
5258	5
5259	4
5260	3
5261	4
5262	5
5263	5
5264	4
5265	4
5266	3
5267	4
5268	4
5269	3
5270	2
5271	1
5272	1
5273	3
5274	3
5275	4
5276	6
5277	7
5278	7
5279	8
5280	10
5281	11
5282	11
5283	12
5284	13
5285	14
5286	14
5287	15
5288	14
5289	13
5290	13
5291	14
5292	13
5293	12
5294	13
5295	13
5296	14
5297	13
5298	12
5299	12
5300	13
5301	12
5302	11
5303	11
5304	12
5305	14
5306	15
5307	14
5308	13
5309	14
5310	13
5311	12
5312	13
5313	12
5314	11
5315	11
5316	12
5317	11
5318	10
5319	10
5320	11
5321	13
5322	14
5323	14
5324	15
5325	14
5326	13
5327	13
5328	14
5329	13
5330	12
5331	13
5332	13
5333	14
5334	13
5335	12
5336	12
5337	13
5338	12
5339	11
5340	12
5341	12
5342	13
5343	12
5344	11
5345	11
5346	12
5347	11
5348	10
5349	10
5350	11
5351	13
5352	14
5353	13
5354	12
5355	13
5356	12
5357	11
5358	12
5359	11
5360	10
5361	10
5362	11
5363	10
5364	9
5365	10
5366	10
5367	10
5368	10
5369	11
5370	13
5371	14
5372	13
5373	12
5374	13
5375	12
5376	11
5377	12
5378	11
5379	10
5380	10
5381	11
5382	10
5383	9
5384	9
5385	10
5386	12
5387	13
5388	13
5389	13
5390	12
5391	12
5392	13
5393	12
5394	11
5395	12
5396	12
5397	13
5398	12
5399	11
5400	11
5401	12
5402	11
5403	10
5404	11
5405	11
5406	12
5407	11
5408	10
5409	10
5410	11
5411	10
5412	9
5413	9
5414	10
5415	10
5416	11
5417	10
5418	9
5419	11
5420	12
5421	11
5422	10
5423	11
5424	10
5425	9
5426	10
5427	9
5428	8
5429	9
5430	9
5431	10
5432	10
5433	11
5434	11
5435	12
5436	11
5437	10
5438	12
5439	13
5440	12
5441	11
5442	12
5443	11
5444	10
5445	11
5446	10
5447	9
5448	11
5449	12
5450	12
5451	13
5452	12
5453	11
5454	11
5455	11
5456	10
5457	11
5458	11
5459	12
5460	11
5461	10
5462	10
5463	11
5464	10
5465	9
5466	10
5467	10
5468	11
5469	10
5470	9
5471	9
5472	10
5473	9
5474	8
5475	8
5476	8
5477	8
5478	9
5479	9
5480	10
5481	9
5482	8
5483	10
5484	11
5485	10
5486	9
5487	10
5488	9
5489	8
5490	9
5491	8
5492	7
5493	7
5494	7
5495	7
5496	8
5497	8
5498	9
5499	9
5500	10
5501	9
5502	8
5503	10
5504	11
5505	10
5506	9
5507	10
5508	9
5509	8
5510	9
5511	8
5512	7
5513	9
5514	10
5515	10
5516	11
5517	10
5518	9
5519	9
5520	10
5521	9
5522	8
5523	9
5524	9
5525	10
5526	9
5527	8
5528	8
5529	9
5530	8
5531	7
5532	8
5533	8
5534	9
5535	8
5536	7
5537	7
5538	8
5539	7
5540	6
5541	6
5542	7
5543	9
5544	10
5545	10
5546	11
5547	13
5548	14
5549	14
5550	15
5551	14
5552	13
5553	13
5554	14
5555	13
5556	12
5557	13
5558	13
5559	14
5560	13
5561	12
5562	12
5563	13
5564	12
5565	11
5566	12
5567	12
5568	13
5569	12
5570	11
5571	11
5572	12
5573	11
5574	10
5575	10
5576	11
5577	13
5578	14
5579	13
5580	12
5581	13
5582	12
5583	11
5584	12
5585	11
5586	10
5587	10
5588	11
5589	10
5590	9
5591	9
5592	10
5593	12
5594	13
5595	13
5596	14
5597	13
5598	12
5599	12
5600	12
5601	11
5602	12
5603	12
5604	13
5605	12
5606	11
5607	11
5608	12
5609	11
5610	10
5611	11
5612	11
5613	12
5614	11
5615	10
5616	10
5617	11
5618	10
5619	9
5620	9
5621	10
5622	12
5623	13
5624	12
5625	11
5626	12
5627	11
5628	10
5629	11
5630	10
5631	9
5632	9
5633	10
5634	9
5635	8
5636	9
5637	9
5638	9
5639	9
5640	10
5641	12
5642	13
5643	12
5644	11
5645	12
5646	11
5647	10
5648	11
5649	10
5650	9
5651	9
5652	10
5653	9
5654	8
5655	8
5656	9
5657	11
5658	12
5659	12
5660	13
5661	12
5662	11
5663	11
5664	11
5665	10
5666	11
5667	11
5668	12
5669	11
5670	10
5671	10
5672	11
5673	10
5674	9
5675	10
5676	10
5677	11
5678	10
5679	9
5680	9
5681	10
5682	9
5683	8
5684	8
5685	9
5686	9
5687	10
5688	9
5689	8
5690	10
5691	11
5692	10
5693	9
5694	10
5695	9
5696	8
5697	9
5698	8
5699	7
5700	8
5701	8
5702	8
5703	8
5704	9
5705	9
5706	10
5707	9
5708	8
5709	10
5710	11
5711	10
5712	9
5713	10
5714	9
5715	8
5716	9
5717	8
5718	7
5719	7
5720	8
5721	8
5722	9
5723	9
5724	10
5725	9
5726	8
5727	10
5728	11
5729	10
5730	9
5731	10
5732	9
5733	8
5734	9
5735	8
5736	7
5737	9
5738	10
5739	10
5740	10
5741	9
5742	9
5743	10
5744	9
5745	8
5746	9
5747	9
5748	10
5749	9
5750	8
5751	8
5752	9
5753	8
5754	7
5755	8
5756	8
5757	9
5758	8
5759	7
5760	7
5761	8
5762	7
5763	6
5764	6
5765	6
5766	6
5767	7
5768	7
5769	8
5770	8
5771	9
5772	8
5773	7
5774	9
5775	10
5776	9
5777	8
5778	9
5779	8
5780	7
5781	8
5782	7
5783	6
5784	8
5785	9
5786	9
5787	10
5788	9
5789	8
5790	8
5791	9
5792	8
5793	7
5794	8
5795	8
5796	9
5797	8
5798	7
5799	7
5800	8
5801	7
5802	6
5803	7
5804	7
5805	8
5806	7
5807	6
5808	6
5809	7
5810	6
5811	5
5812	4
5813	5
5814	5
5815	6
5816	6
5817	7
5818	7
5819	8
5820	10
5821	11
5822	11
5823	12
5824	11
5825	10
5826	10
5827	11
5828	10
5829	9
5830	10
5831	10
5832	11
5833	10
5834	9
5835	9
5836	10
5837	9
5838	8
5839	9
5840	9
5841	10
5842	9
5843	8
5844	8
5845	9
5846	8
5847	7
5848	7
5849	8
5850	10
5851	11
5852	10
5853	9
5854	10
5855	9
5856	8
5857	9
5858	8
5859	7
5860	7
5861	8
5862	7
5863	6
5864	8
5865	9
5866	9
5867	10
5868	10
5869	11
5870	10
5871	9
5872	11
5873	12
5874	11
5875	10
5876	11
5877	10
5878	9
5879	10
5880	9
5881	8
5882	8
5883	9
5884	11
5885	12
5886	11
5887	10
5888	11
5889	10
5890	9
5891	10
5892	9
5893	8
5894	8
5895	9
5896	8
5897	7
5898	8
5899	8
5900	8
5901	8
5902	9
5903	8
5904	7
5905	7
5906	8
5907	10
5908	11
5909	10
5910	9
5911	10
5912	9
5913	8
5914	9
5915	8
5916	7
5917	7
5918	8
5919	7
5920	6
5921	7
5922	7
5923	8
5924	8
5925	9
5926	8
5927	7
5928	9
5929	10
5930	9
5931	8
5932	9
5933	8
5934	7
5935	7
5936	6
5937	6
5938	7
5939	7
5940	8
5941	7
5942	6
5943	8
5944	9
5945	8
5946	7
5947	8
5948	7
5949	6
5950	6
5951	5
5952	7
5953	7
5954	7
5955	7
5956	7
5957	8
5958	10
5959	11
5960	10
5961	9
5962	10
5963	9
5964	8
5965	9
5966	8
5967	7
5968	7
5969	8
5970	7
5971	6
5972	7
5973	7
5974	7
5975	7
5976	8
5977	10
5978	11
5979	10
5980	9
5981	10
5982	9
5983	8
5984	9
5985	8
5986	7
5987	7
5988	8
5989	7
5990	6
5991	6
5992	7
5993	9
5994	10
5995	10
5996	11
5997	10
5998	9
5999	9
6000	10
6001	9
6002	8
6003	8
6004	8
6005	9
6006	8
6007	7
6008	8
6009	8
6010	9
6011	8
6012	7
6013	7
6014	8
6015	7
6016	6
6017	6
6018	7
6019	7
6020	8
6021	7
6022	6
6023	8
6024	9
6025	8
6026	7
6027	8
6028	7
6029	6
6030	7
6031	6
6032	5
6033	6
6034	6
6035	6
6036	6
6037	7
6038	7
6039	8
6040	7
6041	6
6042	8
6043	9
6044	8
6045	7
6046	8
6047	7
6048	6
6049	7
6050	6
6051	5
6052	5
6053	5
6054	5
6055	6
6056	6
6057	7
6058	6
6059	5
6060	7
6061	8
6062	7
6063	6
6064	7
6065	6
6066	5
6067	6
6068	5
6069	4
6070	4
6071	5
6072	5
6073	6
6074	6
6075	7
6076	9
6077	10
6078	10
6079	11
6080	10
6081	9
6082	9
6083	10
6084	9
6085	8
6086	9
6087	9
6088	10
6089	9
6090	8
6091	8
6092	9
6093	8
6094	7
6095	8
6096	8
6097	9
6098	8
6099	7
6100	7
6101	8
6102	7
6103	6
6104	6
6105	7
6106	9
6107	10
6108	9
6109	8
6110	9
6111	8
6112	7
6113	8
6114	7
6115	6
6116	6
6117	7
6118	6
6119	5
6120	7
6121	8
6122	8
6123	8
6124	8
6125	9
6126	8
6127	7
6128	7
6129	8
6130	10
6131	11
6132	10
6133	9
6134	10
6135	9
6136	8
6137	9
6138	8
6139	7
6140	7
6141	8
6142	7
6143	6
6144	7
6145	7
6146	8
6147	8
6148	9
6149	8
6150	7
6151	9
6152	10
6153	9
6154	8
6155	9
6156	8
6157	7
6158	8
6159	7
6160	6
6161	6
6162	7
6163	9
6164	10
6165	9
6166	8
6167	9
6168	8
6169	7
6170	8
6171	7
6172	6
6173	6
6174	7
6175	6
6176	5
6177	6
6178	6
6179	7
6180	7
6181	8
6182	7
6183	6
6184	8
6185	9
6186	8
6187	7
6188	8
6189	7
6190	6
6191	6
6192	5
6193	5
6194	6
6195	6
6196	7
6197	6
6198	5
6199	7
6200	8
6201	7
6202	6
6203	7
6204	6
6205	5
6206	5
6207	4
6208	6
6209	6
6210	6
6211	6
6212	6
6213	7
6214	9
6215	10
6216	9
6217	8
6218	9
6219	8
6220	7
6221	8
6222	7
6223	6
6224	6
6225	7
6226	6
6227	5
6228	6
6229	6
6230	6
6231	6
6232	7
6233	9
6234	10
6235	9
6236	8
6237	9
6238	8
6239	7
6240	8
6241	7
6242	6
6243	6
6244	7
6245	6
6246	5
6247	5
6248	6
6249	8
6250	9
6251	9
6252	10
6253	9
6254	8
6255	8
6256	9
6257	8
6258	7
6259	8
6260	8
6261	9
6262	8
6263	7
6264	7
6265	8
6266	7
6267	6
6268	6
6269	6
6270	7
6271	6
6272	5
6273	5
6274	6
6275	6
6276	7
6277	6
6278	5
6279	7
6280	8
6281	7
6282	6
6283	7
6284	6
6285	5
6286	6
6287	5
6288	4
6289	5
6290	5
6291	5
6292	5
6293	6
6294	6
6295	7
6296	6
6297	5
6298	7
6299	8
6300	7
6301	6
6302	7
6303	6
6304	5
6305	6
6306	5
6307	4
6308	4
6309	4
6310	4
6311	5
6312	5
6313	6
6314	5
6315	4
6316	6
6317	7
6318	6
6319	5
6320	6
6321	5
6322	4
6323	5
6324	4
6325	3
6326	3
6327	3
6328	3
6329	4
6330	4
6331	5
6332	5
6333	6
6334	8
6335	9
6336	9
6337	10
6338	9
6339	8
6340	8
6341	9
6342	8
6343	7
6344	8
6345	8
6346	9
6347	8
6348	7
6349	7
6350	8
6351	7
6352	6
6353	7
6354	7
6355	8
6356	7
6357	6
6358	6
6359	7
6360	6
6361	5
6362	5
6363	6
6364	8
6365	9
6366	8
6367	7
6368	7
6369	6
6370	7
6371	6
6372	5
6373	5
6374	6
6375	5
6376	4
6377	6
6378	7
6379	7
6380	7
6381	7
6382	8
6383	7
6384	6
6385	6
6386	7
6387	9
6388	10
6389	9
6390	8
6391	9
6392	8
6393	7
6394	8
6395	7
6396	6
6397	6
6398	7
6399	6
6400	5
6401	6
6402	6
6403	7
6404	7
6405	8
6406	7
6407	6
6408	8
6409	9
6410	8
6411	7
6412	8
6413	7
6414	6
6415	7
6416	6
6417	5
6418	5
6419	6
6420	8
6421	9
6422	8
6423	7
6424	8
6425	7
6426	6
6427	7
6428	6
6429	5
6430	5
6431	6
6432	5
6433	4
6434	5
6435	5
6436	6
6437	6
6438	7
6439	6
6440	5
6441	7
6442	8
6443	7
6444	6
6445	7
6446	6
6447	5
6448	5
6449	4
6450	4
6451	5
6452	5
6453	6
6454	5
6455	4
6456	6
6457	7
6458	6
6459	5
6460	6
6461	5
6462	4
6463	4
6464	3
6465	5
6466	5
6467	5
6468	6
6469	8
6470	9
6471	9
6472	10
6473	9
6474	8
6475	8
6476	9
6477	8
6478	7
6479	8
6480	8
6481	8
6482	7
6483	7
6484	8
6485	7
6486	6
6487	7
6488	7
6489	8
6490	7
6491	6
6492	6
6493	7
6494	6
6495	5
6496	5
6497	6
6498	8
6499	9
6500	8
6501	7
6502	8
6503	7
6504	6
6505	7
6506	6
6507	5
6508	5
6509	6
6510	5
6511	4
6512	5
6513	5
6514	5
6515	5
6516	6
6517	8
6518	9
6519	8
6520	7
6521	8
6522	7
6523	6
6524	7
6525	6
6526	5
6527	5
6528	6
6529	5
6530	4
6531	4
6532	5
6533	7
6534	8
6535	8
6536	9
6537	8
6538	7
6539	7
6540	8
6541	7
6542	6
6543	7
6544	7
6545	8
6546	7
6547	6
6548	6
6549	7
6550	6
6551	5
6552	5
6553	5
6554	6
6555	5
6556	4
6557	4
6558	5
6559	5
6560	6
6561	5
6562	4
6563	6
6564	7
6565	6
6566	5
6567	6
6568	5
6569	4
6570	5
6571	4
6572	3
6573	4
6574	4
6575	4
6576	4
6577	5
6578	5
6579	6
6580	5
6581	4
6582	6
6583	7
6584	6
6585	5
6586	6
6587	5
6588	4
6589	5
6590	4
6591	3
6592	3
6593	4
6594	4
6595	5
6596	5
6597	6
6598	5
6599	4
6600	6
6601	7
6602	6
6603	5
6604	6
6605	5
6606	4
6607	5
6608	4
6609	3
6610	5
6611	6
6612	6
6613	6
6614	5
6615	5
6616	6
6617	5
6618	4
6619	5
6620	5
6621	6
6622	5
6623	4
6624	4
6625	5
6626	4
6627	3
6628	4
6629	4
6630	5
6631	4
6632	3
6633	3
6634	3
6635	2
6636	2
6637	3
6638	5
6639	6
6640	6
6641	7
6642	9
6643	10
6644	10
6645	11
6646	13
6647	14
6648	14
6649	14
6650	13
6651	13
6652	14
6653	13
6654	12
6655	13
6656	13
6657	14
6658	13
6659	12
6660	12
6661	13
6662	12
6663	11
6664	12
6665	12
6666	13
6667	12
6668	11
6669	11
6670	12
6671	11
6672	10
6673	10
6674	11
6675	13
6676	14
6677	13
6678	12
6679	13
6680	12
6681	11
6682	12
6683	11
6684	10
6685	10
6686	11
6687	10
6688	9
6689	9
6690	10
6691	12
6692	13
6693	13
6694	14
6695	13
6696	12
6697	12
6698	12
6699	11
6700	12
6701	12
6702	13
6703	12
6704	11
6705	11
6706	12
6707	11
6708	10
6709	11
6710	11
6711	12
6712	11
6713	10
6714	10
6715	11
6716	10
6717	9
6718	9
6719	10
6720	12
6721	13
6722	12
6723	11
6724	12
6725	11
6726	10
6727	11
6728	10
6729	9
6730	9
6731	10
6732	9
6733	8
6734	9
6735	9
6736	9
6737	9
6738	10
6739	12
6740	13
6741	12
6742	11
6743	12
6744	11
6745	10
6746	11
6747	10
6748	9
6749	9
6750	10
6751	9
6752	8
6753	8
6754	9
6755	11
6756	12
6757	12
6758	12
6759	11
6760	11
6761	12
6762	11
6763	10
6764	11
6765	11
6766	12
6767	11
6768	10
6769	10
6770	11
6771	10
6772	9
6773	10
6774	10
6775	11
6776	10
6777	9
6778	9
6779	10
6780	9
6781	8
6782	8
6783	9
6784	9
6785	10
6786	9
6787	8
6788	10
6789	11
6790	10
6791	9
6792	10
6793	9
6794	8
6795	9
6796	8
6797	7
6798	8
6799	8
6800	9
6801	9
6802	10
6803	10
6804	11
6805	10
6806	9
6807	11
6808	12
6809	11
6810	10
6811	11
6812	10
6813	9
6814	10
6815	9
6816	8
6817	10
6818	11
6819	11
6820	12
6821	11
6822	10
6823	10
6824	10
6825	9
6826	10
6827	10
6828	11
6829	10
6830	9
6831	9
6832	10
6833	9
6834	8
6835	9
6836	9
6837	10
6838	9
6839	8
6840	8
6841	9
6842	8
6843	7
6844	7
6845	7
6846	7
6847	8
6848	8
6849	9
6850	8
6851	7
6852	9
6853	10
6854	9
6855	8
6856	9
6857	8
6858	7
6859	8
6860	7
6861	6
6862	6
6863	6
6864	6
6865	7
6866	7
6867	8
6868	8
6869	9
6870	8
6871	7
6872	9
6873	10
6874	9
6875	8
6876	9
6877	8
6878	7
6879	8
6880	7
6881	6
6882	8
6883	9
6884	9
6885	10
6886	9
6887	8
6888	8
6889	9
6890	8
6891	7
6892	8
6893	8
6894	9
6895	8
6896	7
6897	7
6898	8
6899	7
6900	6
6901	7
6902	7
6903	8
6904	7
6905	6
6906	6
6907	7
6908	6
6909	5
6910	5
6911	5
6912	5
6913	6
6914	8
6915	9
6916	9
6917	10
6918	12
6919	13
6920	12
6921	11
6922	12
6923	11
6924	10
6925	11
6926	10
6927	9
6928	9
6929	10
6930	9
6931	8
6932	8
6933	9
6934	11
6935	12
6936	11
6937	10
6938	11
6939	10
6940	9
6941	10
6942	9
6943	8
6944	8
6945	9
6946	8
6947	7
6948	8
6949	8
6950	9
6951	9
6952	10
6953	9
6954	8
6955	10
6956	10
6957	9
6958	10
6959	9
6960	8
6961	9
6962	8
6963	7
6964	7
6965	8
6966	10
6967	11
6968	10
6969	9
6970	10
6971	9
6972	8
6973	9
6974	8
6975	7
6976	7
6977	8
6978	7
6979	6
6980	7
6981	7
6982	8
6983	8
6984	9
6985	8
6986	7
6987	9
6988	10
6989	9
6990	8
6991	8
6992	7
6993	8
6994	7
6995	6
6996	6
6997	7
6998	9
6999	10
7000	9
7001	8
7002	9
7003	8
7004	7
7005	8
7006	7
7007	6
7008	6
7009	7
7010	6
7011	5
7012	5
7013	6
7014	6
7015	7
7016	7
7017	8
7018	7
7019	6
7020	8
7021	9
7022	8
7023	7
7024	8
7025	7
7026	6
7027	7
7028	6
7029	5
7030	7
7031	8
7032	8
7033	9
7034	8
7035	7
7036	7
7037	8
7038	7
7039	6
7040	7
7041	7
7042	8
7043	7
7044	6
7045	6
7046	7
7047	6
7048	5
7049	5
7050	5
7051	6
7052	5
7053	4
7054	3
7055	4
7056	4
7057	5
7058	5
7059	6
7060	6
7061	7
7062	9
7063	10
7064	10
7065	11
7066	10
7067	9
7068	9
7069	10
7070	9
7071	8
7072	9
7073	9
7074	10
7075	9
7076	8
7077	8
7078	9
7079	8
7080	7
7081	8
7082	8
7083	9
7084	8
7085	7
7086	7
7087	8
7088	7
7089	6
7090	6
7091	7
7092	9
7093	10
7094	9
7095	8
7096	9
7097	8
7098	7
7099	8
7100	7
7101	6
7102	6
7103	7
7104	6
7105	5
7106	7
7107	8
7108	8
7109	9
7110	9
7111	10
7112	9
7113	8
7114	10
7115	11
7116	10
7117	9
7118	10
7119	9
7120	8
7121	9
7122	8
7123	7
7124	7
7125	8
7126	10
7127	11
7128	10
7129	9
7130	10
7131	9
7132	8
7133	9
7134	8
7135	7
7136	7
7137	8
7138	7
7139	6
7140	7
7141	7
7142	7
7143	7
7144	7
7145	6
7146	6
7147	7
7148	9
7149	9
7150	8
7151	9
7152	8
7153	7
7154	8
7155	7
7156	6
7157	6
7158	7
7159	6
7160	5
7161	6
7162	6
7163	7
7164	7
7165	8
7166	7
7167	6
7168	8
7169	9
7170	8
7171	7
7172	8
7173	7
7174	6
7175	6
7176	5
7177	5
7178	6
7179	6
7180	7
7181	6
7182	5
7183	7
7184	8
7185	7
7186	6
7187	7
7188	6
7189	5
7190	5
7191	4
7192	6
7193	6
7194	6
7195	7
7196	9
7197	10
7198	10
7199	11
7200	10
7201	9
7202	9
7203	9
7204	8
7205	9
7206	9
7207	10
7208	9
7209	8
7210	8
7211	7
7212	8
7213	8
7214	9
7215	8
7216	7
7217	7
7218	8
7219	7
7220	6
7221	6
7222	7
7223	9
7224	10
7225	9
7226	8
7227	9
7228	8
7229	7
7230	8
7231	7
7232	6
7233	6
7234	7
7235	6
7236	5
7237	6
7238	6
7239	6
7240	6
7241	7
7242	9
7243	10
7244	9
7245	8
7246	9
7247	8
7248	7
7249	8
7250	7
7251	6
7252	6
7253	6
7254	5
7255	5
7256	5
7257	5
7258	6
7259	6
7260	7
7261	6
7262	5
7263	7
7264	8
7265	7
7266	6
7267	7
7268	6
7269	5
7270	5
7271	4
7272	5
7273	5
7274	6
7275	6
7276	7
7277	7
7278	8
7279	7
7280	6
7281	8
7282	9
7283	8
7284	7
7285	8
7286	7
7287	6
7288	7
7289	6
7290	5
7291	7
7292	8
7293	8
7294	9
7295	8
7296	7
7297	7
7298	7
7299	6
7300	6
7301	6
7302	7
7303	6
7304	5
7305	5
7306	5
7307	6
7308	5
7309	4
7310	4
7311	5
7312	5
7313	6
7314	6
7315	7
7316	6
7317	5
7318	7
7319	8
7320	7
7321	6
7322	7
7323	6
7324	5
7325	6
7326	5
7327	4
7328	6
7329	7
7330	7
7331	8
7332	7
7333	6
7334	6
7335	7
7336	6
7337	5
7338	5
7339	5
7340	6
7341	5
7342	4
7343	5
7344	5
7345	6
7346	5
7347	4
7348	4
7349	4
7350	3
7351	3
7352	4
7353	4
7354	5
7355	5
7356	5
7357	7
7358	8
7359	8
7360	9
7361	8
7362	7
7363	7
7364	8
7365	7
7366	6
7367	7
7368	7
7369	8
7370	7
7371	6
7372	6
7373	7
7374	6
7375	5
7376	6
7377	6
7378	7
7379	6
7380	5
7381	5
7382	6
7383	5
7384	4
7385	6
7386	7
7387	7
7388	7
7389	7
7390	8
7391	7
7392	6
7393	6
7394	7
7395	9
7396	10
7397	9
7398	8
7399	9
7400	8
7401	7
7402	8
7403	7
7404	6
7405	6
7406	7
7407	6
7408	5
7409	6
7410	6
7411	7
7412	7
7413	8
7414	7
7415	6
7416	8
7417	9
7418	8
7419	7
7420	8
7421	7
7422	6
7423	7
7424	6
7425	5
7426	5
7427	6
7428	8
7429	9
7430	8
7431	7
7432	8
7433	7
7434	6
7435	7
7436	6
7437	5
7438	5
7439	6
7440	5
7441	4
7442	5
7443	5
7444	6
7445	6
7446	7
7447	6
7448	5
7449	7
7450	8
7451	7
7452	6
7453	7
7454	6
7455	5
7456	5
7457	4
7458	4
7459	5
7460	5
7461	6
7462	5
7463	4
7464	6
7465	7
7466	6
7467	5
7468	6
7469	5
7470	4
7471	4
7472	3
7473	5
7474	5
7475	5
7476	5
7477	5
7478	6
7479	8
7480	9
7481	8
7482	7
7483	8
7484	7
7485	6
7486	7
7487	6
7488	5
7489	5
7490	6
7491	5
7492	4
7493	5
7494	5
7495	5
7496	5
7497	6
7498	8
7499	9
7500	8
7501	7
7502	8
7503	7
7504	6
7505	7
7506	6
7507	5
7508	5
7509	6
7510	5
7511	4
7512	4
7513	5
7514	7
7515	8
7516	8
7517	9
7518	8
7519	7
7520	7
7521	8
7522	7
7523	6
7524	7
7525	7
7526	8
7527	7
7528	6
7529	6
7530	7
7531	6
7532	5
7533	5
7534	5
7535	6
7536	5
7537	4
7538	4
7539	5
7540	5
7541	6
7542	5
7543	4
7544	6
7545	7
7546	6
7547	5
7548	6
7549	5
7550	4
7551	5
7552	4
7553	3
7554	4
7555	4
7556	4
7557	4
7558	5
7559	5
7560	6
7561	5
7562	4
7563	6
7564	7
7565	6
7566	5
7567	6
7568	5
7569	4
7570	5
7571	4
7572	3
7573	3
7574	3
7575	3
7576	4
7577	4
7578	5
7579	4
7580	3
7581	5
7582	6
7583	5
7584	4
7585	5
7586	4
7587	3
7588	3
7589	2
7590	2
7591	2
7592	2
7593	3
7594	3
7595	4
7596	4
7597	5
7598	7
7599	8
7600	8
7601	9
7602	8
7603	7
7604	7
7605	8
7606	7
7607	6
7608	7
7609	7
7610	8
7611	7
7612	6
7613	6
7614	7
7615	6
7616	5
7617	6
7618	6
7619	7
7620	6
7621	5
7622	5
7623	6
7624	5
7625	4
7626	4
7627	5
7628	7
7629	8
7630	7
7631	6
7632	7
7633	6
7634	5
7635	5
7636	4
7637	4
7638	5
7639	4
7640	3
7641	5
7642	6
7643	6
7644	7
7645	7
7646	8
7647	7
7648	6
7649	8
7650	9
7651	8
7652	7
7653	8
7654	7
7655	6
7656	7
7657	6
7658	5
7659	5
7660	6
7661	8
7662	9
7663	8
7664	7
7665	8
7666	7
7667	6
7668	7
7669	6
7670	5
7671	5
7672	5
7673	4
7674	5
7675	5
7676	5
7677	5
7678	6
7679	5
7680	4
7681	4
7682	5
7683	7
7684	8
7685	7
7686	6
7687	7
7688	6
7689	5
7690	6
7691	5
7692	4
7693	4
7694	5
7695	4
7696	3
7697	4
7698	4
7699	5
7700	5
7701	6
7702	5
7703	4
7704	6
7705	7
7706	6
7707	5
7708	6
7709	5
7710	4
7711	4
7712	3
7713	3
7714	4
7715	4
7716	5
7717	4
7718	3
7719	5
7720	6
7721	5
7722	4
7723	5
7724	4
7725	3
7726	3
7727	2
7728	4
7729	4
7730	4
7731	5
7732	7
7733	8
7734	8
7735	9
7736	8
7737	7
7738	7
7739	8
7740	7
7741	6
7742	7
7743	7
7744	7
7745	6
7746	6
7747	7
7748	6
7749	5
7750	6
7751	6
7752	7
7753	6
7754	5
7755	5
7756	6
7757	5
7758	4
7759	4
7760	5
7761	7
7762	8
7763	7
7764	6
7765	7
7766	6
7767	5
7768	6
7769	5
7770	4
7771	4
7772	5
7773	4
7774	3
7775	4
7776	4
7777	4
7778	4
7779	5
7780	7
7781	8
7782	7
7783	6
7784	7
7785	6
7786	5
7787	6
7788	5
7789	4
7790	4
7791	5
7792	4
7793	3
7794	3
7795	4
7796	6
7797	7
7798	7
7799	8
7800	7
7801	6
7802	6
7803	7
7804	6
7805	5
7806	5
7807	5
7808	6
7809	5
7810	4
7811	5
7812	5
7813	6
7814	5
7815	4
7816	4
7817	5
7818	4
7819	3
7820	3
7821	4
7822	4
7823	5
7824	4
7825	3
7826	5
7827	6
7828	5
7829	4
7830	5
7831	4
7832	3
7833	4
7834	3
7835	2
7836	3
7837	3
7838	4
7839	4
7840	5
7841	5
7842	6
7843	5
7844	4
7845	6
7846	7
7847	6
7848	5
7849	6
7850	5
7851	4
7852	5
7853	4
7854	3
7855	5
7856	6
7857	6
7858	7
7859	6
7860	5
7861	5
7862	5
7863	4
7864	5
7865	5
7866	6
7867	5
7868	4
7869	4
7870	5
7871	4
7872	3
7873	4
7874	4
7875	4
7876	3
7877	3
7878	4
7879	3
7880	2
7881	2
7882	2
7883	2
7884	3
7885	3
7886	4
7887	3
7888	2
7889	4
7890	4
7891	3
7892	4
7893	3
7894	2
7895	3
7896	2
7897	1
7898	1
7899	3
7900	3
7901	4
7902	6
7903	7
7904	7
7905	8
7906	10
7907	11
7908	11
7909	12
7910	13
7911	14
7912	14
7913	15
7914	15
7915	14
7916	16
7917	15
7918	14
7919	13
7920	13
7921	14
7922	16
7923	15
7924	14
7925	13
7926	13
7927	12
7928	13
7929	13
7930	14
7931	14
7932	13
7933	15
7934	14
7935	13
7936	12
7937	12
7938	13
7939	13
7940	12
7941	14
7942	13
7943	12
7944	11
7945	11
7946	12
7947	14
7948	15
7949	15
7950	14
7951	14
7952	13
7953	14
7954	14
7955	13
7956	12
7957	13
7958	13
7959	12
7960	12
7961	11
7962	11
7963	12
7964	12
7965	11
7966	13
7967	12
7968	11
7969	10
7970	10
7971	11
7972	13
7973	14
7974	14
7975	15
7976	17
7977	16
7978	15
7979	14
7980	14
7981	13
7982	13
7983	14
7984	16
7985	15
7986	14
7987	13
7988	13
7989	12
7990	13
7991	13
7992	14
7993	14
7994	13
7995	15
7996	14
7997	13
7998	12
7999	12
8000	13
8001	15
8002	14
8003	13
8004	12
8005	12
8006	11
8007	12
8008	12
8009	13
8010	13
8011	12
8012	14
8013	13
8014	12
8015	11
8016	11
8017	12
8018	12
8019	11
8020	13
8021	12
8022	11
8023	10
8024	10
8025	11
8026	13
8027	14
8028	14
8029	13
8030	13
8031	12
8032	13
8033	13
8034	12
8035	12
8036	11
8037	12
8038	12
8039	11
8040	10
8041	10
8042	11
8043	11
8044	10
8045	12
8046	11
8047	10
8048	9
8049	10
8050	9
8051	9
8052	10
8053	12
8054	13
8055	12
8056	12
8057	13
8058	15
8059	14
8060	13
8061	12
8062	12
8063	11
8064	12
8065	12
8066	13
8067	13
8068	12
8069	14
8070	13
8071	12
8072	11
8073	11
8074	12
8075	14
8076	13
8077	12
8078	11
8079	11
8080	10
8081	11
8082	11
8083	12
8084	12
8085	11
8086	13
8087	12
8088	11
8089	10
8090	10
8091	11
8092	13
8093	12
8094	11
8095	10
8096	10
8097	9
8098	9
8099	10
8100	10
8101	11
8102	11
8103	10
8104	12
8105	11
8106	10
8107	9
8108	11
8109	12
8110	12
8111	11
8112	11
8113	10
8114	11
8115	11
8116	10
8117	10
8118	9
8119	10
8120	9
8121	9
8122	8
8123	9
8124	9
8125	10
8126	10
8127	11
8128	11
8129	12
8130	14
8131	13
8132	12
8133	11
8134	11
8135	10
8136	12
8137	13
8138	13
8139	12
8140	12
8141	11
8142	12
8143	12
8144	11
8145	11
8146	10
8147	11
8148	11
8149	10
8150	10
8151	9
8152	11
8153	12
8154	12
8155	13
8156	14
8157	13
8158	12
8159	12
8160	11
8161	10
8162	11
8163	11
8164	12
8165	12
8166	11
8167	13
8168	12
8169	11
8170	10
8171	10
8172	11
8173	13
8174	12
8175	11
8176	10
8177	10
8178	9
8179	10
8180	10
8181	11
8182	11
8183	10
8184	12
8185	11
8186	10
8187	9
8188	9
8189	10
8190	10
8191	9
8192	11
8193	10
8194	9
8195	8
8196	7
8197	6
8198	6
8199	7
8200	9
8201	10
8202	10
8203	11
8204	13
8205	14
8206	14
8207	15
8208	17
8209	16
8210	15
8211	14
8212	14
8213	13
8214	13
8215	14
8216	16
8217	15
8218	14
8219	13
8220	13
8221	12
8222	13
8223	13
8224	14
8225	14
8226	13
8227	15
8228	14
8229	13
8230	12
8231	12
8232	13
8233	15
8234	14
8235	13
8236	12
8237	12
8238	11
8239	12
8240	12
8241	13
8242	13
8243	12
8244	14
8245	13
8246	12
8247	11
8248	11
8249	12
8250	12
8251	11
8252	13
8253	12
8254	11
8255	10
8256	10
8257	11
8258	13
8259	14
8260	14
8261	13
8262	13
8263	12
8264	13
8265	13
8266	12
8267	11
8268	12
8269	12
8270	11
8271	11
8272	10
8273	10
8274	11
8275	11
8276	10
8277	12
8278	11
8279	10
8280	9
8281	9
8282	10
8283	12
8284	13
8285	13
8286	14
8287	16
8288	15
8289	14
8290	13
8291	13
8292	12
8293	12
8294	12
8295	11
8296	12
8297	12
8298	13
8299	13
8300	12
8301	14
8302	13
8303	12
8304	11
8305	11
8306	12
8307	14
8308	13
8309	12
8310	11
8311	11
8312	10
8313	11
8314	11
8315	12
8316	12
8317	11
8318	13
8319	12
8320	11
8321	10
8322	10
8323	11
8324	11
8325	10
8326	12
8327	11
8328	10
8329	9
8330	9
8331	10
8332	12
8333	13
8334	13
8335	12
8336	12
8337	11
8338	12
8339	12
8340	11
8341	11
8342	10
8343	11
8344	11
8345	10
8346	9
8347	9
8348	10
8349	10
8350	9
8351	11
8352	10
8353	9
8354	8
8355	9
8356	8
8357	8
8358	9
8359	11
8360	12
8361	12
8362	13
8363	15
8364	14
8365	13
8366	12
8367	12
8368	11
8369	10
8370	11
8371	11
8372	12
8373	12
8374	11
8375	13
8376	12
8377	11
8378	10
8379	10
8380	11
8381	13
8382	12
8383	11
8384	10
8385	10
8386	9
8387	10
8388	10
8389	11
8390	11
8391	10
8392	12
8393	11
8394	10
8395	9
8396	9
8397	10
8398	12
8399	11
8400	10
8401	9
8402	9
8403	8
8404	8
8405	9
8406	9
8407	10
8408	10
8409	9
8410	11
8411	10
8412	9
8413	8
8414	10
8415	11
8416	11
8417	10
8418	10
8419	9
8420	10
8421	10
8422	9
8423	9
8424	8
8425	9
8426	9
8427	8
8428	7
8429	8
8430	7
8431	7
8432	8
8433	8
8434	9
8435	9
8436	10
8437	12
8438	11
8439	10
8440	9
8441	9
8442	8
8443	10
8444	11
8445	11
8446	10
8447	10
8448	9
8449	10
8450	10
8451	9
8452	9
8453	8
8454	9
8455	9
8456	8
8457	8
8458	7
8459	9
8460	10
8461	9
8462	9
8463	10
8464	11
8465	10
8466	9
8467	9
8468	8
8469	9
8470	9
8471	10
8472	10
8473	9
8474	11
8475	10
8476	9
8477	8
8478	8
8479	9
8480	11
8481	10
8482	9
8483	8
8484	8
8485	7
8486	8
8487	8
8488	9
8489	9
8490	8
8491	10
8492	9
8493	8
8494	7
8495	7
8496	8
8497	8
8498	7
8499	9
8500	8
8501	7
8502	6
8503	5
8504	4
8505	5
8506	5
8507	6
8508	6
8509	7
8510	7
8511	8
8512	10
8513	11
8514	11
8515	12
8516	14
8517	13
8518	12
8519	11
8520	11
8521	10
8522	10
8523	11
8524	13
8525	12
8526	11
8527	10
8528	10
8529	9
8530	10
8531	10
8532	11
8533	11
8534	10
8535	12
8536	11
8537	10
8538	9
8539	9
8540	10
8541	12
8542	11
8543	10
8544	9
8545	9
8546	8
8547	9
8548	9
8549	10
8550	10
8551	9
8552	11
8553	10
8554	9
8555	8
8556	8
8557	9
8558	9
8559	8
8560	10
8561	9
8562	8
8563	7
8564	7
8565	8
8566	10
8567	11
8568	11
8569	10
8570	10
8571	9
8572	10
8573	10
8574	9
8575	9
8576	8
8577	9
8578	9
8579	8
8580	7
8581	7
8582	8
8583	8
8584	7
8585	9
8586	8
8587	7
8588	6
8589	8
8590	9
8591	9
8592	10
8593	10
8594	11
8595	13
8596	12
8597	11
8598	10
8599	10
8600	9
8601	11
8602	12
8603	12
8604	11
8605	11
8606	10
8607	11
8608	11
8609	10
8610	10
8611	9
8612	10
8613	10
8614	9
8615	9
8616	8
8617	8
8618	9
8619	11
8620	12
8621	12
8622	11
8623	10
8624	11
8625	11
8626	10
8627	10
8628	9
8629	10
8630	10
8631	9
8632	9
8633	8
8634	8
8635	9
8636	9
8637	8
8638	10
8639	9
8640	8
8641	7
8642	8
8643	7
8644	7
8645	8
8646	10
8647	11
8648	11
8649	10
8650	10
8651	9
8652	10
8653	10
8654	9
8655	9
8656	8
8657	9
8658	9
8659	8
8660	8
8661	7
8662	7
8663	8
8664	8
8665	7
8666	9
8667	8
8668	7
8669	6
8670	7
8671	7
8672	8
8673	8
8674	9
8675	9
8676	8
8677	10
8678	9
8679	8
8680	7
8681	8
8682	9
8683	9
8684	8
8685	7
8686	8
8687	8
8688	7
8689	7
8690	6
8691	6
8692	7
8693	7
8694	8
8695	8
8696	7
8697	9
8698	8
8699	7
8700	6
8701	7
8702	8
8703	8
8704	7
8705	7
8706	6
8707	7
8708	7
8709	6
8710	6
8711	5
8712	6
8713	7
8714	6
8715	6
8716	7
8717	8
8718	9
8719	9
8720	10
8721	10
8722	9
8723	9
8724	8
8725	8
8726	9
8727	11
8728	10
8729	9
8730	8
8731	8
8732	7
8733	8
8734	8
8735	9
8736	9
8737	8
8738	10
8739	9
8740	8
8741	7
8742	7
8743	8
8744	9
8745	8
8746	7
8747	7
8748	6
8749	6
8750	7
8751	7
8752	8
8753	8
8754	7
8755	9
8756	8
8757	7
8758	6
8759	8
8760	9
8761	9
8762	8
8763	8
8764	7
8765	8
8766	8
8767	7
8768	7
8769	6
8770	7
8771	7
8772	6
8773	6
8774	5
8775	6
8776	5
8777	4
8778	4
8779	5
8780	5
8781	6
8782	6
8783	7
8784	9
8785	10
8786	10
8787	11
8788	13
8789	12
8790	11
8791	10
8792	10
8793	9
8794	9
8795	10
8796	12
8797	11
8798	10
8799	9
8800	9
8801	8
8802	9
8803	9
8804	10
8805	10
8806	9
8807	11
8808	10
8809	9
8810	8
8811	8
8812	9
8813	11
8814	10
8815	9
8816	8
8817	8
8818	7
8819	8
8820	8
8821	9
8822	9
8823	8
8824	10
8825	9
8826	8
8827	7
8828	7
8829	8
8830	8
8831	7
8832	9
8833	8
8834	7
8835	6
8836	6
8837	7
8838	9
8839	10
8840	10
8841	9
8842	9
8843	8
8844	9
8845	9
8846	8
8847	7
8848	8
8849	8
8850	7
8851	7
8852	6
8853	6
8854	7
8855	7
8856	6
8857	8
8858	7
8859	6
8860	5
8861	7
8862	8
8863	7
8864	7
8865	8
8866	10
8867	11
8868	11
8869	10
8870	10
8871	9
8872	10
8873	10
8874	9
8875	9
8876	8
8877	9
8878	9
8879	8
8880	8
8881	7
8882	7
8883	8
8884	8
8885	7
8886	9
8887	8
8888	7
8889	6
8890	7
8891	7
8892	8
8893	8
8894	9
8895	11
8896	10
8897	9
8898	8
8899	8
8900	7
8901	9
8902	10
8903	10
8904	9
8905	9
8906	8
8907	9
8908	9
8909	8
8910	8
8911	7
8912	8
8913	8
8914	7
8915	7
8916	6
8917	6
8918	7
8919	9
8920	10
8921	9
8922	9
8923	8
8924	9
8925	9
8926	8
8927	8
8928	7
8929	8
8930	8
8931	7
8932	7
8933	6
8934	6
8935	7
8936	7
8937	6
8938	8
8939	7
8940	6
8941	5
8942	6
8943	6
8944	7
8945	7
8946	8
8947	8
8948	7
8949	9
8950	8
8951	7
8952	6
8953	7
8954	8
8955	8
8956	7
8957	7
8958	6
8959	7
8960	7
8961	6
8962	6
8963	5
8964	5
8965	6
8966	6
8967	7
8968	7
8969	6
8970	8
8971	7
8972	6
8973	5
8974	6
8975	7
8976	6
8977	6
8978	5
8979	6
8980	6
8981	5
8982	5
8983	4
8984	5
8985	6
8986	5
8987	5
8988	6
8989	7
8990	8
8991	8
8992	9
8993	11
8994	10
8995	9
8996	8
8997	8
8998	7
8999	7
9000	8
9001	8
9002	7
9003	7
9004	6
9005	7
9006	7
9007	8
9008	8
9009	7
9010	9
9011	8
9012	7
9013	6
9014	6
9015	7
9016	8
9017	7
9018	6
9019	6
9020	5
9021	5
9022	6
9023	6
9024	7
9025	7
9026	6
9027	8
9028	7
9029	6
9030	5
9031	7
9032	8
9033	8
9034	7
9035	7
9036	6
9037	7
9038	7
9039	6
9040	6
9041	5
9042	6
9043	6
9044	5
9045	5
9046	4
9047	5
9048	4
9049	3
9050	2
9051	2
9052	3
9053	5
9054	6
9055	6
9056	7
9057	9
9058	10
9059	10
9060	11
9061	13
9062	14
9063	14
9064	14
9065	14
9066	13
9067	13
9068	14
9069	16
9070	15
9071	14
9072	13
9073	13
9074	12
9075	13
9076	13
9077	14
9078	14
9079	13
9080	14
9081	13
9082	12
9083	12
9084	13
9085	15
9086	14
9087	13
9088	12
9089	12
9090	11
9091	12
9092	12
9093	13
9094	13
9095	12
9096	14
9097	13
9098	12
9099	11
9100	11
9101	12
9102	12
9103	11
9104	13
9105	12
9106	11
9107	10
9108	10
9109	11
9110	13
9111	14
9112	14
9113	13
9114	13
9115	12
9116	13
9117	13
9118	12
9119	11
9120	12
9121	12
9122	11
9123	11
9124	10
9125	10
9126	11
9127	11
9128	10
9129	12
9130	11
9131	10
9132	9
9133	9
9134	10
9135	12
9136	13
9137	13
9138	14
9139	16
9140	15
9141	14
9142	13
9143	13
9144	12
9145	12
9146	13
9147	15
9148	14
9149	13
9150	12
9151	12
9152	11
9153	12
9154	12
9155	13
9156	12
9157	14
9158	13
9159	12
9160	11
9161	11
9162	12
9163	14
9164	13
9165	12
9166	11
9167	10
9168	11
9169	11
9170	12
9171	12
9172	11
9173	13
9174	12
9175	11
9176	10
9177	10
9178	11
9179	11
9180	10
9181	12
9182	11
9183	10
9184	9
9185	9
9186	10
9187	12
9188	13
9189	13
9190	12
9191	12
9192	11
9193	12
9194	12
9195	11
9196	11
9197	10
9198	11
9199	11
9200	10
9201	9
9202	9
9203	10
9204	10
9205	9
9206	11
9207	10
9208	9
9209	8
9210	9
9211	8
9212	8
9213	9
9214	11
9215	12
9216	11
9217	11
9218	12
9219	14
9220	13
9221	12
9222	11
9223	11
9224	10
9225	11
9226	11
9227	12
9228	12
9229	11
9230	13
9231	12
9232	11
9233	10
9234	10
9235	11
9236	13
9237	12
9238	11
9239	10
9240	10
9241	9
9242	10
9243	10
9244	11
9245	11
9246	10
9247	12
9248	11
9249	10
9250	9
9251	9
9252	10
9253	12
9254	11
9255	10
9256	9
9257	9
9258	8
9259	8
9260	9
9261	9
9262	10
9263	10
9264	9
9265	11
9266	10
9267	9
9268	8
9269	10
9270	11
9271	10
9272	10
9273	9
9274	10
9275	10
9276	9
9277	9
9278	8
9279	9
9280	8
9281	8
9282	7
9283	8
9284	8
9285	9
9286	9
9287	10
9288	10
9289	11
9290	13
9291	12
9292	11
9293	10
9294	10
9295	9
9296	11
9297	12
9298	12
9299	11
9300	11
9301	10
9302	11
9303	11
9304	10
9305	10
9306	9
9307	10
9308	10
9309	9
9310	9
9311	8
9312	10
9313	11
9314	11
9315	12
9316	13
9317	12
9318	11
9319	11
9320	10
9321	9
9322	10
9323	10
9324	11
9325	11
9326	10
9327	12
9328	11
9329	10
9330	9
9331	9
9332	10
9333	12
9334	11
9335	10
9336	9
9337	9
9338	8
9339	9
9340	9
9341	10
9342	10
9343	9
9344	11
9345	10
9346	9
9347	8
9348	8
9349	9
9350	9
9351	8
9352	10
9353	9
9354	8
9355	7
9356	6
9357	5
9358	4
9359	3
9360	4
9361	4
9362	5
9363	5
9364	6
9365	6
9366	7
9367	9
9368	10
9369	10
9370	11
9371	13
9372	12
9373	11
9374	10
9375	10
9376	9
9377	9
9378	10
9379	12
9380	11
9381	10
9382	9
9383	9
9384	8
9385	9
9386	9
9387	10
9388	10
9389	9
9390	11
9391	10
9392	9
9393	8
9394	8
9395	9
9396	11
9397	10
9398	9
9399	8
9400	8
9401	7
9402	8
9403	8
9404	9
9405	9
9406	8
9407	10
9408	9
9409	8
9410	7
9411	7
9412	8
9413	8
9414	7
9415	9
9416	8
9417	7
9418	6
9419	6
9420	7
9421	9
9422	10
9423	10
9424	9
9425	9
9426	8
9427	9
9428	9
9429	8
9430	8
9431	7
9432	8
9433	8
9434	7
9435	6
9436	6
9437	7
9438	7
9439	6
9440	8
9441	7
9442	6
9443	5
9444	7
9445	8
9446	8
9447	9
9448	9
9449	10
9450	12
9451	11
9452	10
9453	9
9454	9
9455	8
9456	10
9457	11
9458	11
9459	10
9460	10
9461	9
9462	10
9463	10
9464	9
9465	9
9466	8
9467	9
9468	9
9469	8
9470	8
9471	7
9472	7
9473	8
9474	10
9475	11
9476	11
9477	10
9478	9
9479	10
9480	10
9481	9
9482	9
9483	8
9484	9
9485	9
9486	8
9487	8
9488	7
9489	7
9490	8
9491	8
9492	7
9493	9
9494	8
9495	7
9496	6
9497	7
9498	6
9499	6
9500	7
9501	8
9502	9
9503	9
9504	8
9505	8
9506	7
9507	8
9508	8
9509	7
9510	7
9511	6
9512	6
9513	7
9514	7
9515	6
9516	8
9517	7
9518	6
9519	5
9520	6
9521	6
9522	7
9523	7
9524	8
9525	8
9526	7
9527	9
9528	8
9529	7
9530	6
9531	7
9532	8
9533	8
9534	7
9535	6
9536	7
9537	7
9538	6
9539	6
9540	5
9541	5
9542	6
9543	6
9544	7
9545	7
9546	6
9547	8
9548	7
9549	6
9550	5
9551	6
9552	7
9553	7
9554	6
9555	6
9556	5
9557	6
9558	6
9559	5
9560	5
9561	4
9562	5
9563	6
9564	5
9565	4
9566	5
9567	5
9568	6
9569	6
9570	7
9571	7
9572	8
9573	10
9574	9
9575	8
9576	7
9577	7
9578	6
9579	8
9580	9
9581	9
9582	8
9583	8
9584	7
9585	8
9586	8
9587	7
9588	7
9589	6
9590	7
9591	7
9592	6
9593	6
9594	5
9595	5
9596	6
9597	6
9598	7
9599	8
9600	7
9601	6
9602	6
9603	5
9604	5
9605	6
9606	7
9607	6
9608	5
9609	5
9610	4
9611	4
9612	5
9613	5
9614	6
9615	6
9616	7
9617	9
9618	8
9619	7
9620	6
9621	6
9622	5
9623	7
9624	8
9625	8
9626	7
9627	7
9628	6
9629	7
9630	7
9631	6
9632	6
9633	5
9634	6
9635	6
9636	5
9637	5
9638	4
9639	5
9640	6
9641	6
9642	7
9643	7
9644	6
9645	6
9646	5
9647	5
9648	6
9649	7
9650	6
9651	5
9652	5
9653	4
9654	5
9655	5
9656	6
9657	6
9658	5
9659	7
9660	6
9661	5
9662	4
9663	3
9664	3
9665	4
9666	4
9667	5
9668	5
9669	6
9670	8
9671	9
9672	9
9673	10
9674	12
9675	11
9676	10
9677	9
9678	9
9679	8
9680	8
9681	9
9682	11
9683	10
9684	9
9685	8
9686	8
9687	7
9688	8
9689	8
9690	9
9691	9
9692	8
9693	10
9694	9
9695	8
9696	7
9697	7
9698	8
9699	10
9700	9
9701	8
9702	7
9703	7
9704	6
9705	7
9706	7
9707	8
9708	8
9709	7
9710	9
9711	8
9712	7
9713	6
9714	6
9715	7
9716	7
9717	6
9718	8
9719	7
9720	6
9721	5
9722	5
9723	6
9724	7
9725	8
9726	8
9727	7
9728	7
9729	6
9730	7
9731	7
9732	6
9733	5
9734	4
9735	6
9736	7
9737	6
9738	6
9739	7
9740	9
9741	10
9742	10
9743	9
9744	9
9745	8
9746	9
9747	9
9748	8
9749	8
9750	7
9751	8
9752	8
9753	7
9754	7
9755	6
9756	6
9757	7
9758	7
9759	6
9760	8
9761	7
9762	6
9763	5
9764	6
9765	6
9766	7
9767	7
9768	8
9769	10
9770	9
9771	8
9772	7
9773	7
9774	6
9775	8
9776	9
9777	9
9778	8
9779	8
9780	7
9781	8
9782	8
9783	7
9784	7
9785	6
9786	7
9787	7
9788	6
9789	6
9790	5
9791	5
9792	6
9793	8
9794	9
9795	8
9796	8
9797	7
9798	8
9799	8
9800	7
9801	7
9802	6
9803	7
9804	7
9805	6
9806	6
9807	5
9808	5
9809	6
9810	6
9811	5
9812	7
9813	6
9814	5
9815	4
9816	5
9817	5
9818	6
9819	6
9820	7
9821	7
9822	6
9823	8
9824	7
9825	6
9826	5
9827	6
9828	7
9829	7
9830	6
9831	6
9832	5
9833	6
9834	6
9835	5
9836	5
9837	4
9838	4
9839	5
9840	5
9841	6
9842	6
9843	5
9844	7
9845	6
9846	5
9847	4
9848	5
9849	6
9850	5
9851	5
9852	4
9853	5
9854	5
9855	4
9856	4
9857	3
9858	4
9859	5
9860	4
9861	4
9862	5
9863	6
9864	7
9865	7
9866	8
9867	10
9868	9
9869	8
9870	7
9871	7
9872	6
9873	6
9874	7
9875	7
9876	6
9877	6
9878	5
9879	6
9880	6
9881	7
9882	7
9883	6
9884	8
9885	7
9886	6
9887	5
9888	5
9889	6
9890	7
9891	6
9892	5
9893	5
9894	4
9895	4
9896	5
9897	5
9898	6
9899	6
9900	5
9901	7
9902	6
9903	5
9904	4
9905	6
9906	7
9907	7
9908	6
9909	6
9910	5
9911	6
9912	6
9913	5
9914	5
9915	4
9916	5
9917	5
9918	4
9919	4
9920	3
9921	4
9922	3
9923	2
9924	1
9925	1
9926	3
9927	3
9928	4
9929	6
9930	7
9931	7
9932	8
9933	10
9934	11
9935	11
9936	12
9937	13
9938	14
9939	14
9940	15
9941	15
9942	16
9943	15
9944	14
9945	16
9946	17
9947	16
9948	15
9949	16
9950	15
9951	14
9952	15
9953	14
9954	13
9955	13
9956	14
9957	16
9958	17
9959	16
9960	15
9961	16
9962	15
9963	14
9964	15
9965	14
9966	13
9967	13
9968	14
9969	13
9970	12
9971	13
9972	13
9973	14
9974	14
9975	15
9976	14
9977	13
9978	15
9979	16
9980	15
9981	14
9982	15
9983	14
9984	13
9985	14
9986	13
9987	12
9988	12
9989	13
9990	13
9991	14
9992	13
9993	12
9994	14
9995	15
9996	14
9997	13
9998	14
9999	13
10000	12
10001	12
10002	11
10003	11
10004	12
10005	14
10006	15
10007	15
10008	16
10009	15
10010	14
10011	14
10012	15
10013	14
10014	13
10015	13
10016	13
10017	14
10018	13
10019	12
10020	13
10021	13
10022	14
10023	13
10024	12
10025	12
10026	13
10027	12
10028	11
10029	11
10030	12
10031	12
10032	13
10033	12
10034	11
10035	13
10036	14
10037	13
10038	12
10039	13
10040	12
10041	11
10042	12
10043	11
10044	10
10045	10
10046	11
10047	13
10048	14
10049	14
10050	15
10051	17
10052	18
10053	17
10054	16
10055	17
10056	16
10057	15
10058	16
10059	15
10060	14
10061	14
10062	15
10063	14
10064	13
10065	13
10066	14
10067	16
10068	17
10069	16
10070	15
10071	16
10072	15
10073	14
10074	15
10075	14
10076	13
10077	13
10078	14
10079	13
10080	12
10081	13
10082	13
10083	14
10084	14
10085	15
10086	14
10087	13
10088	15
10089	15
10090	14
10091	15
10092	14
10093	13
10094	14
10095	13
10096	12
10097	12
10098	13
10099	15
10100	16
10101	15
10102	14
10103	15
10104	14
10105	13
10106	14
10107	13
10108	12
10109	12
10110	13
10111	12
10112	11
10113	12
10114	12
10115	13
10116	13
10117	14
10118	13
10119	12
10120	14
10121	15
10122	14
10123	13
10124	14
10125	13
10126	12
10127	12
10128	11
10129	11
10130	12
10131	12
10132	13
10133	12
10134	11
10135	13
10136	14
10137	13
10138	12
10139	13
10140	12
10141	11
10142	12
10143	11
10144	10
10145	10
10146	11
10147	13
10148	14
10149	14
10150	15
10151	14
10152	13
10153	13
10154	14
10155	13
10156	12
10157	13
10158	13
10159	14
10160	13
10161	12
10162	12
10163	13
10164	12
10165	11
10166	11
10167	11
10168	12
10169	11
10170	10
10171	10
10172	11
10173	11
10174	12
10175	11
10176	10
10177	12
10178	13
10179	12
10180	11
10181	12
10182	11
10183	10
10184	11
10185	10
10186	9
10187	9
10188	9
10189	10
10190	12
10191	12
10192	12
10193	13
10194	15
10195	16
10196	15
10197	14
10198	15
10199	14
10200	13
10201	14
10202	13
10203	12
10204	12
10205	13
10206	12
10207	11
10208	12
10209	12
10210	13
10211	13
10212	14
10213	13
10214	12
10215	14
10216	14
10217	13
10218	14
10219	13
10220	12
10221	13
10222	12
10223	11
10224	11
10225	12
10226	14
10227	15
10228	14
10229	13
10230	14
10231	13
10232	12
10233	13
10234	12
10235	11
10236	11
10237	12
10238	11
10239	10
10240	11
10241	11
10242	12
10243	12
10244	13
10245	12
10246	11
10247	13
10248	14
10249	13
10250	12
10251	12
10252	11
10253	12
10254	11
10255	10
10256	10
10257	11
10258	13
10259	13
10260	12
10261	13
10262	12
10263	11
10264	12
10265	11
10266	10
10267	10
10268	11
10269	10
10270	9
10271	9
10272	10
10273	10
10274	11
10275	11
10276	12
10277	11
10278	10
10279	12
10280	13
10281	12
10282	11
10283	12
10284	11
10285	10
10286	11
10287	10
10288	9
10289	11
10290	12
10291	12
10292	13
10293	12
10294	11
10295	11
10296	12
10297	11
10298	10
10299	11
10300	11
10301	12
10302	11
10303	10
10304	10
10305	11
10306	10
10307	9
10308	9
10309	9
10310	10
10311	9
10312	8
10313	8
10314	8
10315	9
10316	9
10317	10
10318	10
10319	11
10320	13
10321	14
10322	13
10323	12
10324	13
10325	12
10326	11
10327	12
10328	11
10329	10
10330	10
10331	11
10332	10
10333	9
10334	11
10335	12
10336	12
10337	13
10338	12
10339	11
10340	11
10341	12
10342	11
10343	10
10344	11
10345	11
10346	12
10347	11
10348	10
10349	10
10350	11
10351	10
10352	9
10353	10
10354	10
10355	11
10356	10
10357	9
10358	9
10359	10
10360	9
10361	8
10362	10
10363	10
10364	10
10365	10
10366	10
10367	11
10368	10
10369	9
10370	10
10371	10
10372	11
10373	11
10374	12
10375	11
10376	10
10377	12
10378	12
10379	11
10380	11
10381	10
10382	11
10383	10
10384	9
10385	9
10386	10
10387	12
10388	13
10389	12
10390	11
10391	12
10392	11
10393	10
10394	11
10395	10
10396	9
10397	9
10398	10
10399	9
10400	8
10401	9
10402	9
10403	10
10404	10
10405	11
10406	10
10407	9
10408	11
10409	11
10410	10
10411	11
10412	10
10413	9
10414	10
10415	9
10416	8
10417	8
10418	9
10419	9
10420	10
10421	9
10422	8
10423	10
10424	11
10425	10
10426	9
10427	10
10428	9
10429	8
10430	8
10431	7
10432	6
10433	6
10434	7
10435	9
10436	10
10437	10
10438	11
10439	13
10440	14
10441	14
10442	15
10443	17
10444	18
10445	17
10446	16
10447	17
10448	16
10449	15
10450	16
10451	15
10452	14
10453	14
10454	15
10455	14
10456	13
10457	13
10458	14
10459	16
10460	17
10461	16
10462	15
10463	16
10464	15
10465	14
10466	15
10467	14
10468	13
10469	13
10470	14
10471	13
10472	12
10473	13
10474	13
10475	14
10476	14
10477	15
10478	14
10479	13
10480	15
10481	16
10482	15
10483	14
10484	14
10485	13
10486	14
10487	13
10488	12
10489	12
10490	13
10491	15
10492	16
10493	15
10494	14
10495	15
10496	14
10497	13
10498	14
10499	13
10500	12
10501	12
10502	13
10503	12
10504	11
10505	12
10506	12
10507	13
10508	13
10509	14
10510	13
10511	12
10512	14
10513	15
10514	14
10515	13
10516	14
10517	13
10518	12
10519	13
10520	12
10521	11
10522	11
10523	12
10524	12
10525	13
10526	12
10527	11
10528	13
10529	14
10530	13
10531	12
10532	13
10533	12
10534	11
10535	11
10536	10
10537	10
10538	11
10539	13
10540	14
10541	14
10542	15
10543	14
10544	13
10545	13
10546	14
10547	13
10548	12
10549	12
10550	12
10551	13
10552	12
10553	11
10554	12
10555	12
10556	13
10557	12
10558	11
10559	11
10560	12
10561	11
10562	10
10563	10
10564	11
10565	11
10566	12
10567	11
10568	10
10569	12
10570	13
10571	12
10572	11
10573	12
10574	11
10575	10
10576	11
10577	10
10578	9
10579	9
10580	10
10581	12
10582	13
10583	13
10584	14
10585	16
10586	17
10587	16
10588	15
10589	16
10590	15
10591	14
10592	15
10593	14
10594	13
10595	13
10596	14
10597	13
10598	12
10599	12
10600	11
10601	12
10602	12
10603	13
10604	13
10605	14
10606	13
10607	12
10608	14
10609	14
10610	13
10611	14
10612	13
10613	12
10614	13
10615	12
10616	11
10617	11
10618	12
10619	14
10620	15
10621	14
10622	13
10623	14
10624	13
10625	12
10626	13
10627	12
10628	11
10629	11
10630	12
10631	11
10632	10
10633	11
10634	11
10635	12
10636	12
10637	13
10638	12
10639	11
10640	13
10641	14
10642	13
10643	12
10644	13
10645	12
10646	11
10647	11
10648	10
10649	10
10650	11
10651	11
10652	12
10653	11
10654	10
10655	12
10656	13
10657	12
10658	11
10659	12
10660	11
10661	10
10662	11
10663	10
10664	9
10665	9
10666	10
10667	12
10668	13
10669	13
10670	14
10671	13
10672	12
10673	12
10674	13
10675	12
10676	11
10677	12
10678	12
10679	13
10680	12
10681	11
10682	11
10683	12
10684	11
10685	10
10686	10
10687	10
10688	11
10689	10
10690	9
10691	9
10692	10
10693	10
10694	11
10695	10
10696	9
10697	11
10698	12
10699	11
10700	10
10701	11
10702	10
10703	9
10704	10
10705	9
10706	8
10707	8
10708	8
10709	9
10710	11
10711	11
10712	11
10713	12
10714	14
10715	15
10716	14
10717	13
10718	14
10719	13
10720	12
10721	13
10722	12
10723	11
10724	11
10725	12
10726	11
10727	10
10728	11
10729	11
10730	12
10731	12
10732	13
10733	12
10734	11
10735	13
10736	13
10737	12
10738	13
10739	12
10740	11
10741	12
10742	11
10743	10
10744	10
10745	11
10746	13
10747	13
10748	12
10749	13
10750	12
10751	11
10752	12
10753	11
10754	10
10755	10
10756	11
10757	10
10758	9
10759	10
10760	10
10761	11
10762	11
10763	12
10764	11
10765	10
10766	12
10767	13
10768	12
10769	11
10770	11
10771	10
10772	11
10773	10
10774	9
10775	9
10776	10
10777	12
10778	13
10779	12
10780	11
10781	12
10782	11
10783	10
10784	11
10785	10
10786	9
10787	9
10788	10
10789	9
10790	8
10791	8
10792	9
10793	9
10794	10
10795	10
10796	11
10797	10
10798	9
10799	11
10800	12
10801	11
10802	10
10803	11
10804	10
10805	9
10806	10
10807	9
10808	8
10809	10
10810	11
10811	11
10812	12
10813	11
10814	10
10815	10
10816	11
10817	10
10818	9
10819	10
10820	10
10821	11
10822	10
10823	9
10824	9
10825	10
10826	9
10827	8
10828	8
10829	8
10830	9
10831	8
10832	7
10833	7
10834	7
10835	8
10836	8
10837	9
10838	9
10839	10
10840	12
10841	13
10842	12
10843	11
10844	12
10845	11
10846	10
10847	11
10848	10
10849	9
10850	9
10851	10
10852	9
10853	8
10854	10
10855	11
10856	11
10857	12
10858	11
10859	10
10860	10
10861	11
10862	10
10863	9
10864	10
10865	10
10866	11
10867	10
10868	9
10869	9
10870	10
10871	9
10872	8
10873	9
10874	9
10875	10
10876	9
10877	8
10878	8
10879	9
10880	8
10881	7
10882	9
10883	9
10884	9
10885	9
10886	9
10887	10
10888	9
10889	8
10890	9
10891	9
10892	10
10893	10
10894	11
10895	10
10896	9
10897	11
10898	11
10899	10
10900	10
10901	9
10902	10
10903	9
10904	8
10905	8
10906	9
10907	11
10908	12
10909	11
10910	10
10911	11
10912	10
10913	9
10914	10
10915	9
10916	8
10917	8
10918	9
10919	8
10920	7
10921	8
10922	8
10923	9
10924	9
10925	10
10926	9
10927	8
10928	10
10929	11
10930	10
10931	9
10932	10
10933	9
10934	8
10935	8
10936	7
10937	7
10938	8
10939	8
10940	9
10941	8
10942	7
10943	9
10944	9
10945	8
10946	9
10947	8
10948	7
10949	8
10950	7
10951	6
10952	5
10953	4
10954	5
10955	5
10956	6
10957	6
10958	7
10959	7
10960	8
10961	10
10962	11
10963	11
10964	12
10965	14
10966	15
10967	14
10968	13
10969	14
10970	13
10971	12
10972	13
10973	12
10974	11
10975	11
10976	12
10977	11
10978	10
10979	10
10980	11
10981	13
10982	14
10983	13
10984	12
10985	13
10986	12
10987	11
10988	12
10989	11
10990	10
10991	10
10992	11
10993	10
10994	9
10995	10
10996	10
10997	11
10998	11
10999	12
11000	11
11001	10
11002	12
11003	12
11004	11
11005	12
11006	11
11007	10
11008	11
11009	10
11010	9
11011	9
11012	10
11013	12
11014	13
11015	12
11016	11
11017	12
11018	11
11019	10
11020	11
11021	10
11022	9
11023	9
11024	10
11025	9
11026	8
11027	9
11028	9
11029	10
11030	10
11031	11
11032	10
11033	9
11034	11
11035	12
11036	11
11037	10
11038	11
11039	10
11040	9
11041	9
11042	8
11043	8
11044	9
11045	9
11046	10
11047	9
11048	8
11049	10
11050	11
11051	10
11052	9
11053	10
11054	9
11055	8
11056	9
11057	8
11058	7
11059	7
11060	8
11061	10
11062	11
11063	11
11064	12
11065	11
11066	10
11067	10
11068	11
11069	10
11070	9
11071	10
11072	10
11073	11
11074	10
11075	9
11076	9
11077	10
11078	9
11079	8
11080	8
11081	8
11082	9
11083	8
11084	7
11085	7
11086	8
11087	8
11088	9
11089	8
11090	7
11091	9
11092	10
11093	9
11094	8
11095	9
11096	8
11097	7
11098	8
11099	7
11100	6
11101	8
11102	9
11103	9
11104	10
11105	10
11106	11
11107	13
11108	14
11109	13
11110	12
11111	13
11112	12
11113	11
11114	12
11115	11
11116	10
11117	10
11118	11
11119	10
11120	9
11121	11
11122	12
11123	12
11124	12
11125	11
11126	11
11127	12
11128	11
11129	10
11130	11
11131	11
11132	12
11133	11
11134	10
11135	10
11136	11
11137	10
11138	9
11139	10
11140	10
11141	11
11142	10
11143	9
11144	9
11145	10
11146	9
11147	8
11148	8
11149	9
11150	11
11151	11
11152	11
11153	12
11154	11
11155	10
11156	11
11157	11
11158	11
11159	10
11160	10
11161	11
11162	10
11163	9
11164	10
11165	10
11166	11
11167	10
11168	9
11169	9
11170	10
11171	9
11172	8
11173	8
11174	9
11175	9
11176	10
11177	9
11178	8
11179	10
11180	11
11181	10
11182	9
11183	10
11184	9
11185	8
11186	9
11187	8
11188	7
11189	7
11190	7
11191	8
11192	10
11193	11
11194	11
11195	12
11196	11
11197	10
11198	10
11199	11
11200	10
11201	9
11202	10
11203	10
11204	10
11205	9
11206	9
11207	10
11208	9
11209	8
11210	9
11211	9
11212	10
11213	9
11214	8
11215	8
11216	9
11217	8
11218	7
11219	7
11220	8
11221	8
11222	9
11223	8
11224	7
11225	9
11226	10
11227	9
11228	8
11229	9
11230	8
11231	7
11232	8
11233	7
11234	6
11235	7
11236	7
11237	7
11238	7
11239	8
11240	8
11241	9
11242	8
11243	7
11244	9
11245	10
11246	9
11247	8
11248	9
11249	8
11250	7
11251	8
11252	7
11253	6
11254	6
11255	6
11256	6
11257	7
11258	7
11259	8
11260	7
11261	6
11262	8
11263	9
11264	8
11265	7
11266	8
11267	7
11268	6
11269	7
11270	6
11271	5
11272	4
11273	4
11274	5
11275	5
11276	6
11277	6
11278	7
11279	9
11280	10
11281	10
11282	11
11283	13
11284	14
11285	13
11286	12
11287	13
11288	12
11289	11
11290	12
11291	11
11292	10
11293	10
11294	11
11295	10
11296	9
11297	9
11298	10
11299	12
11300	13
11301	12
11302	11
11303	11
11304	10
11305	11
11306	10
11307	9
11308	9
11309	9
11310	8
11311	9
11312	9
11313	10
11314	10
11315	11
11316	10
11317	9
11318	11
11319	12
11320	11
11321	10
11322	10
11323	9
11324	10
11325	9
11326	8
11327	8
11328	9
11329	11
11330	12
11331	11
11332	10
11333	11
11334	10
11335	9
11336	10
11337	9
11338	8
11339	8
11340	9
11341	8
11342	7
11343	8
11344	8
11345	9
11346	9
11347	10
11348	9
11349	8
11350	10
11351	11
11352	10
11353	9
11354	10
11355	9
11356	8
11357	9
11358	8
11359	7
11360	7
11361	8
11362	8
11363	9
11364	8
11365	7
11366	9
11367	10
11368	9
11369	8
11370	9
11371	8
11372	7
11373	7
11374	6
11375	6
11376	7
11377	9
11378	10
11379	10
11380	11
11381	10
11382	9
11383	9
11384	10
11385	9
11386	8
11387	8
11388	8
11389	9
11390	8
11391	7
11392	8
11393	8
11394	9
11395	8
11396	7
11397	7
11398	8
11399	7
11400	6
11401	6
11402	7
11403	7
11404	8
11405	7
11406	6
11407	8
11408	9
11409	8
11410	7
11411	8
11412	7
11413	6
11414	7
11415	6
11416	5
11417	7
11418	7
11419	7
11420	8
11421	10
11422	11
11423	11
11424	12
11425	11
11426	10
11427	10
11428	11
11429	10
11430	9
11431	10
11432	10
11433	11
11434	10
11435	9
11436	9
11437	10
11438	9
11439	8
11440	9
11441	9
11442	10
11443	9
11444	8
11445	8
11446	9
11447	8
11448	7
11449	7
11450	8
11451	8
11452	9
11453	8
11454	7
11455	9
11456	10
11457	9
11458	8
11459	9
11460	8
11461	7
11462	8
11463	7
11464	6
11465	7
11466	7
11467	8
11468	8
11469	9
11470	11
11471	12
11472	11
11473	10
11474	11
11475	10
11476	9
11477	10
11478	9
11479	8
11480	8
11481	9
11482	8
11483	7
11484	9
11485	10
11486	10
11487	11
11488	10
11489	9
11490	9
11491	9
11492	8
11493	9
11494	9
11495	9
11496	8
11497	8
11498	9
11499	8
11500	7
11501	8
11502	8
11503	9
11504	8
11505	7
11506	7
11507	8
11508	7
11509	6
11510	6
11511	7
11512	9
11513	9
11514	9
11515	9
11516	8
11517	9
11518	9
11519	10
11520	9
11521	8
11522	8
11523	9
11524	8
11525	7
11526	8
11527	8
11528	8
11529	7
11530	7
11531	8
11532	7
11533	6
11534	6
11535	7
11536	7
11537	8
11538	7
11539	6
11540	8
11541	8
11542	7
11543	8
11544	7
11545	6
11546	7
11547	6
11548	5
11549	6
11550	6
11551	6
11552	6
11553	7
11554	7
11555	8
11556	7
11557	6
11558	8
11559	9
11560	8
11561	7
11562	8
11563	7
11564	6
11565	7
11566	6
11567	5
11568	5
11569	5
11570	5
11571	6
11572	6
11573	7
11574	6
11575	5
11576	7
11577	8
11578	7
11579	6
11580	7
11581	6
11582	5
11583	6
11584	5
11585	4
11586	3
11587	2
11588	2
11589	3
11590	5
11591	5
11592	5
11593	6
11594	8
11595	9
11596	9
11597	10
11598	12
11599	13
11600	13
11601	13
11602	13
11603	13
11604	12
11605	12
11606	13
11607	15
11608	16
11609	15
11610	14
11611	15
11612	14
11613	13
11614	14
11615	13
11616	12
11617	12
11618	13
11619	12
11620	11
11621	12
11622	12
11623	12
11624	12
11625	13
11626	12
11627	11
11628	11
11629	12
11630	14
11631	15
11632	14
11633	13
11634	14
11635	13
11636	12
11637	13
11638	12
11639	11
11640	11
11641	11
11642	10
11643	11
11644	11
11645	12
11646	12
11647	13
11648	12
11649	11
11650	13
11651	14
11652	13
11653	12
11654	13
11655	12
11656	11
11657	12
11658	11
11659	10
11660	10
11661	11
11662	11
11663	12
11664	11
11665	10
11666	12
11667	13
11668	12
11669	11
11670	12
11671	11
11672	10
11673	10
11674	9
11675	9
11676	10
11677	12
11678	13
11679	13
11680	14
11681	13
11682	12
11683	12
11684	13
11685	12
11686	11
11687	11
11688	11
11689	12
11690	11
11691	10
11692	11
11693	11
11694	12
11695	11
11696	10
11697	10
11698	11
11699	10
11700	9
11701	9
11702	10
11703	10
11704	11
11705	10
11706	9
11707	11
11708	12
11709	11
11710	10
11711	11
11712	10
11713	9
11714	10
11715	9
11716	8
11717	8
11718	9
11719	11
11720	12
11721	12
11722	13
11723	15
11724	16
11725	15
11726	14
11727	15
11728	14
11729	13
11730	14
11731	13
11732	12
11733	12
11734	13
11735	12
11736	11
11737	11
11738	12
11739	14
11740	15
11741	14
11742	13
11743	14
11744	13
11745	12
11746	13
11747	12
11748	11
11749	11
11750	12
11751	11
11752	10
11753	11
11754	11
11755	11
11756	13
11757	13
11758	12
11759	13
11760	12
11761	11
11762	12
11763	11
11764	10
11765	10
11766	10
11767	12
11768	13
11769	12
11770	11
11771	12
11772	11
11773	10
11774	11
11775	10
11776	9
11777	10
11778	10
11779	11
11780	11
11781	12
11782	11
11783	10
11784	12
11785	13
11786	12
11787	11
11788	12
11789	11
11790	10
11791	10
11792	9
11793	9
11794	10
11795	10
11796	11
11797	10
11798	9
11799	11
11800	12
11801	11
11802	10
11803	11
11804	10
11805	9
11806	10
11807	9
11808	8
11809	8
11810	9
11811	11
11812	12
11813	12
11814	13
11815	12
11816	11
11817	11
11818	12
11819	11
11820	10
11821	11
11822	11
11823	12
11824	11
11825	10
11826	10
11827	11
11828	10
11829	9
11830	9
11831	9
11832	10
11833	9
11834	8
11835	8
11836	9
11837	9
11838	10
11839	9
11840	8
11841	10
11842	11
11843	10
11844	9
11845	10
11846	9
11847	8
11848	9
11849	8
11850	7
11851	7
11852	7
11853	8
11854	10
11855	10
11856	10
11857	11
11858	13
11859	14
11860	13
11861	12
11862	13
11863	12
11864	11
11865	12
11866	11
11867	10
11868	10
11869	11
11870	10
11871	9
11872	10
11873	10
11874	11
11875	11
11876	12
11877	11
11878	10
11879	12
11880	12
11881	11
11882	12
11883	11
11884	10
11885	11
11886	10
11887	9
11888	9
11889	10
11890	12
11891	13
11892	12
11893	11
11894	12
11895	11
11896	10
11897	11
11898	10
11899	9
11900	9
11901	10
11902	9
11903	8
11904	9
11905	9
11906	10
11907	10
11908	11
11909	10
11910	9
11911	11
11912	12
11913	11
11914	10
11915	10
11916	9
11917	10
11918	9
11919	8
11920	8
11921	9
11922	11
11923	11
11924	10
11925	11
11926	10
11927	9
11928	10
11929	9
11930	8
11931	8
11932	9
11933	8
11934	7
11935	7
11936	8
11937	8
11938	9
11939	9
11940	10
11941	9
11942	8
11943	10
11944	11
11945	10
11946	9
11947	10
11948	9
11949	8
11950	9
11951	8
11952	7
11953	9
11954	9
11955	9
11956	10
11957	9
11958	8
11959	9
11960	9
11961	10
11962	9
11963	8
11964	8
11965	9
11966	8
11967	7
11968	7
11969	7
11970	8
11971	7
11972	6
11973	6
11974	6
11975	7
11976	7
11977	8
11978	8
11979	9
11980	11
11981	12
11982	11
11983	10
11984	11
11985	10
11986	9
11987	10
11988	9
11989	8
11990	8
11991	9
11992	8
11993	7
11994	9
11995	10
11996	10
11997	11
11998	10
11999	9
12000	9
12001	10
12002	9
12003	8
12004	9
12005	9
12006	10
12007	9
12008	8
12009	8
12010	9
12011	8
12012	7
12013	8
12014	8
12015	9
12016	8
12017	7
12018	7
12019	8
12020	7
12021	6
12022	8
12023	8
12024	8
12025	8
12026	8
12027	9
12028	8
12029	7
12030	8
12031	8
12032	9
12033	9
12034	10
12035	9
12036	8
12037	10
12038	10
12039	9
12040	9
12041	8
12042	9
12043	8
12044	7
12045	7
12046	8
12047	10
12048	11
12049	10
12050	9
12051	10
12052	9
12053	8
12054	9
12055	8
12056	7
12057	7
12058	8
12059	7
12060	6
12061	7
12062	7
12063	8
12064	8
12065	9
12066	8
12067	7
12068	9
12069	9
12070	8
12071	9
12072	8
12073	7
12074	8
12075	7
12076	6
12077	6
12078	7
12079	7
12080	8
12081	7
12082	6
12083	8
12084	9
12085	8
12086	7
12087	8
12088	7
12089	6
12090	6
12091	5
12092	4
12093	3
12094	4
12095	4
12096	5
12097	5
12098	6
12099	6
12100	7
12101	9
12102	10
12103	10
12104	11
12105	13
12106	14
12107	13
12108	12
12109	13
12110	12
12111	11
12112	12
12113	11
12114	10
12115	10
12116	11
12117	10
12118	9
12119	9
12120	10
12121	12
12122	13
12123	12
12124	11
12125	12
12126	11
12127	10
12128	11
12129	10
12130	9
12131	9
12132	10
12133	9
12134	8
12135	9
12136	9
12137	10
12138	10
12139	11
12140	10
12141	9
12142	11
12143	11
12144	10
12145	11
12146	10
12147	9
12148	10
12149	9
12150	8
12151	8
12152	9
12153	11
12154	12
12155	11
12156	10
12157	11
12158	10
12159	9
12160	10
12161	9
12162	8
12163	8
12164	9
12165	8
12166	7
12167	8
12168	8
12169	9
12170	9
12171	10
12172	9
12173	8
12174	10
12175	11
12176	10
12177	9
12178	10
12179	9
12180	8
12181	8
12182	7
12183	7
12184	8
12185	8
12186	9
12187	8
12188	7
12189	9
12190	10
12191	9
12192	8
12193	9
12194	8
12195	7
12196	8
12197	7
12198	6
12199	6
12200	7
12201	9
12202	10
12203	10
12204	11
12205	10
12206	9
12207	9
12208	10
12209	9
12210	8
12211	9
12212	9
12213	10
12214	9
12215	8
12216	8
12217	9
12218	8
12219	7
12220	7
12221	7
12222	8
12223	7
12224	6
12225	6
12226	7
12227	7
12228	8
12229	7
12230	6
12231	8
12232	9
12233	8
12234	7
12235	8
12236	7
12237	6
12238	7
12239	6
12240	5
12241	7
12242	8
12243	8
12244	9
12245	9
12246	10
12247	12
12248	13
12249	12
12250	11
12251	12
12252	11
12253	10
12254	11
12255	10
12256	9
12257	9
12258	10
12259	9
12260	8
12261	10
12262	11
12263	11
12264	12
12265	11
12266	10
12267	10
12268	11
12269	10
12270	9
12271	10
12272	10
12273	11
12274	10
12275	9
12276	9
12277	10
12278	9
12279	8
12280	9
12281	9
12282	10
12283	9
12284	8
12285	8
12286	9
12287	8
12288	7
12289	7
12290	8
12291	10
12292	10
12293	10
12294	11
12295	10
12296	9
12297	10
12298	10
12299	10
12300	9
12301	9
12302	10
12303	9
12304	8
12305	9
12306	9
12307	10
12308	9
12309	8
12310	8
12311	9
12312	8
12313	7
12314	7
12315	8
12316	8
12317	9
12318	8
12319	7
12320	9
12321	10
12322	9
12323	8
12324	9
12325	8
12326	7
12327	8
12328	7
12329	6
12330	6
12331	6
12332	6
12333	6
12334	7
12335	7
12336	8
12337	7
12338	6
12339	8
12340	9
12341	8
12342	7
12343	8
12344	7
12345	6
12346	7
12347	6
12348	5
12349	6
12350	6
12351	6
12352	6
12353	7
12354	7
12355	8
12356	7
12357	6
12358	8
12359	9
12360	8
12361	7
12362	8
12363	7
12364	6
12365	7
12366	6
12367	5
12368	5
12369	6
12370	6
12371	7
12372	7
12373	8
12374	7
12375	6
12376	8
12377	9
12378	8
12379	7
12380	8
12381	7
12382	6
12383	7
12384	6
12385	5
12386	7
12387	8
12388	8
12389	9
12390	8
12391	7
12392	7
12393	8
12394	7
12395	6
12396	7
12397	7
12398	7
12399	6
12400	6
12401	7
12402	6
12403	5
12404	6
12405	6
12406	7
12407	6
12408	5
12409	5
12410	5
12411	4
12412	3
12413	3
12414	4
12415	4
12416	5
12417	5
12418	6
12419	8
12420	9
12421	9
12422	10
12423	12
12424	13
12425	12
12426	11
12427	12
12428	11
12429	10
12430	11
12431	10
12432	9
12433	9
12434	10
12435	9
12436	8
12437	8
12438	9
12439	11
12440	12
12441	11
12442	10
12443	10
12444	9
12445	10
12446	9
12447	8
12448	8
12449	8
12450	7
12451	8
12452	8
12453	9
12454	9
12455	10
12456	9
12457	8
12458	10
12459	11
12460	10
12461	9
12462	9
12463	8
12464	9
12465	8
12466	7
12467	7
12468	8
12469	10
12470	11
12471	10
12472	9
12473	10
12474	9
12475	8
12476	9
12477	8
12478	7
12479	7
12480	8
12481	7
12482	6
12483	7
12484	7
12485	8
12486	8
12487	9
12488	8
12489	7
12490	9
12491	10
12492	9
12493	8
12494	9
12495	8
12496	7
12497	8
12498	7
12499	6
12500	6
12501	7
12502	7
12503	8
12504	7
12505	6
12506	8
12507	9
12508	8
12509	7
12510	8
12511	7
12512	6
12513	6
12514	5
12515	5
12516	5
12517	7
12518	8
12519	8
12520	9
12521	8
12522	7
12523	7
12524	8
12525	7
12526	6
12527	6
12528	6
12529	7
12530	6
12531	5
12532	6
12533	6
12534	7
12535	6
12536	5
12537	5
12538	6
12539	5
12540	4
12541	6
12542	6
12543	6
12544	7
12545	9
12546	10
12547	10
12548	11
12549	10
12550	9
12551	9
12552	10
12553	9
12554	8
12555	9
12556	9
12557	10
12558	9
12559	8
12560	8
12561	9
12562	8
12563	7
12564	8
12565	8
12566	9
12567	8
12568	7
12569	7
12570	8
12571	7
12572	6
12573	6
12574	7
12575	7
12576	8
12577	7
12578	6
12579	8
12580	9
12581	8
12582	7
12583	8
12584	7
12585	6
12586	6
12587	5
12588	6
12589	6
12590	7
12591	7
12592	8
12593	10
12594	11
12595	10
12596	9
12597	10
12598	9
12599	8
12600	9
12601	8
12602	7
12603	7
12604	8
12605	7
12606	6
12607	8
12608	9
12609	9
12610	10
12611	9
12612	8
12613	8
12614	8
12615	7
12616	8
12617	8
12618	8
12619	7
12620	7
12621	8
12622	7
12623	6
12624	7
12625	7
12626	8
12627	7
12628	6
12629	6
12630	7
12631	6
12632	5
12633	5
12634	6
12635	8
12636	8
12637	8
12638	8
12639	7
12640	8
12641	8
12642	9
12643	8
12644	7
12645	7
12646	8
12647	7
12648	6
12649	7
12650	7
12651	8
12652	7
12653	6
12654	6
12655	7
12656	6
12657	5
12658	5
12659	6
12660	6
12661	7
12662	6
12663	5
12664	7
12665	7
12666	6
12667	6
12668	5
12669	6
12670	5
12671	4
12672	5
12673	5
12674	5
12675	5
12676	6
12677	6
12678	7
12679	6
12680	5
12681	7
12682	8
12683	7
12684	6
12685	7
12686	6
12687	5
12688	6
12689	5
12690	4
12691	4
12692	4
12693	4
12694	5
12695	5
12696	6
12697	5
12698	4
12699	6
12700	7
12701	6
12702	5
12703	6
12704	5
12705	4
12706	5
12707	4
12708	3
12709	2
12710	1
12711	1
12712	3
12713	3
12714	4
12715	6
12716	7
12717	7
12718	8
12719	10
12720	11
12721	11
12722	12
12723	13
12724	14
12725	14
12726	15
12727	15
12728	16
12729	18
12730	17
12731	16
12732	15
12733	15
12734	14
12735	16
12736	17
12737	17
12738	16
12739	16
12740	15
12741	16
12742	16
12743	15
12744	15
12745	14
12746	15
12747	15
12748	14
12749	14
12750	13
12751	13
12752	14
12753	16
12754	17
12755	17
12756	16
12757	16
12758	15
12759	16
12760	16
12761	15
12762	15
12763	14
12764	15
12765	15
12766	14
12767	14
12768	13
12769	13
12770	14
12771	14
12772	13
12773	15
12774	14
12775	13
12776	12
12777	13
12778	13
12779	14
12780	14
12781	15
12782	15
12783	14
12784	16
12785	15
12786	14
12787	13
12788	15
12789	16
12790	16
12791	15
12792	15
12793	14
12794	15
12795	15
12796	14
12797	14
12798	13
12799	14
12800	14
12801	13
12802	13
12803	12
12804	12
12805	13
12806	13
12807	14
12808	14
12809	13
12810	15
12811	14
12812	13
12813	12
12814	13
12815	14
12816	14
12817	13
12818	13
12819	12
12820	13
12821	13
12822	12
12823	12
12824	11
12825	11
12826	12
12827	13
12828	14
12829	14
12830	15
12831	17
12832	16
12833	15
12834	14
12835	14
12836	13
12837	13
12838	14
12839	16
12840	15
12841	14
12842	13
12843	13
12844	12
12845	13
12846	13
12847	14
12848	14
12849	13
12850	14
12851	13
12852	12
12853	12
12854	13
12855	15
12856	14
12857	13
12858	12
12859	12
12860	11
12861	11
12862	12
12863	12
12864	13
12865	13
12866	12
12867	14
12868	13
12869	12
12870	11
12871	13
12872	14
12873	14
12874	13
12875	13
12876	12
12877	13
12878	13
12879	12
12880	12
12881	11
12882	12
12883	12
12884	11
12885	10
12886	10
12887	11
12888	13
12889	14
12890	14
12891	15
12892	17
12893	18
12894	18
12895	17
12896	17
12897	16
12898	17
12899	17
12900	16
12901	16
12902	15
12903	16
12904	16
12905	15
12906	15
12907	14
12908	14
12909	15
12910	17
12911	16
12912	15
12913	14
12914	14
12915	13
12916	13
12917	14
12918	16
12919	17
12920	17
12921	16
12922	16
12923	15
12924	16
12925	16
12926	15
12927	15
12928	14
12929	15
12930	15
12931	14
12932	14
12933	13
12934	13
12935	14
12936	16
12937	15
12938	14
12939	13
12940	13
12941	12
12942	13
12943	13
12944	14
12945	14
12946	15
12947	17
12948	16
12949	15
12950	14
12951	14
12952	13
12953	14
12954	15
12955	15
12956	14
12957	14
12958	13
12959	14
12960	14
12961	13
12962	13
12963	12
12964	12
12965	13
12966	15
12967	16
12968	16
12969	15
12970	15
12971	14
12972	15
12973	15
12974	14
12975	14
12976	13
12977	14
12978	14
12979	13
12980	13
12981	12
12982	12
12983	13
12984	13
12985	12
12986	14
12987	13
12988	12
12989	11
12990	12
12991	12
12992	13
12993	13
12994	14
12995	14
12996	13
12997	15
12998	14
12999	13
13000	12
13001	13
13002	14
13003	14
13004	13
13005	13
13006	12
13007	13
13008	13
13009	12
13010	12
13011	11
13012	11
13013	12
13014	12
13015	13
13016	13
13017	12
13018	14
13019	13
13020	12
13021	11
13022	13
13023	14
13024	14
13025	13
13026	13
13027	12
13028	13
13029	13
13030	12
13031	12
13032	11
13033	12
13034	12
13035	11
13036	11
13037	10
13038	10
13039	11
13040	12
13041	13
13042	13
13043	14
13044	15
13045	14
13046	13
13047	13
13048	12
13049	12
13050	13
13051	15
13052	14
13053	13
13054	12
13055	12
13056	11
13057	12
13058	12
13059	13
13060	13
13061	12
13062	13
13063	12
13064	11
13065	11
13066	12
13067	14
13068	13
13069	12
13070	11
13071	11
13072	10
13073	10
13074	11
13075	11
13076	12
13077	12
13078	11
13079	13
13080	12
13081	11
13082	10
13083	12
13084	13
13085	13
13086	12
13087	12
13088	11
13089	12
13090	12
13091	11
13092	11
13093	10
13094	11
13095	10
13096	10
13097	9
13098	8
13099	9
13100	9
13101	10
13102	10
13103	11
13104	11
13105	12
13106	14
13107	15
13108	15
13109	14
13110	14
13111	13
13112	14
13113	14
13114	13
13115	13
13116	12
13117	13
13118	13
13119	12
13120	12
13121	11
13122	11
13123	12
13124	14
13125	13
13126	12
13127	11
13128	11
13129	10
13130	12
13131	13
13132	13
13133	14
13134	14
13135	13
13136	15
13137	14
13138	13
13139	12
13140	12
13141	13
13142	15
13143	14
13144	13
13145	12
13146	12
13147	11
13148	12
13149	12
13150	13
13151	13
13152	12
13153	13
13154	12
13155	11
13156	11
13157	12
13158	14
13159	13
13160	12
13161	11
13162	11
13163	10
13164	11
13165	11
13166	12
13167	12
13168	11
13169	13
13170	12
13171	11
13172	10
13173	10
13174	11
13175	11
13176	10
13177	12
13178	11
13179	10
13180	9
13181	10
13182	11
13183	11
13184	12
13185	12
13186	13
13187	15
13188	14
13189	13
13190	12
13191	12
13192	11
13193	11
13194	12
13195	12
13196	11
13197	11
13198	10
13199	10
13200	11
13201	13
13202	14
13203	14
13204	13
13205	13
13206	12
13207	13
13208	12
13209	12
13210	11
13211	12
13212	12
13213	11
13214	11
13215	10
13216	10
13217	11
13218	11
13219	10
13220	12
13221	11
13222	10
13223	9
13224	10
13225	10
13226	11
13227	11
13228	12
13229	12
13230	11
13231	13
13232	12
13233	11
13234	10
13235	11
13236	12
13237	12
13238	11
13239	11
13240	10
13241	11
13242	10
13243	10
13244	9
13245	9
13246	10
13247	10
13248	11
13249	11
13250	10
13251	12
13252	11
13253	10
13254	9
13255	10
13256	11
13257	11
13258	10
13259	10
13260	9
13261	10
13262	9
13263	9
13264	8
13265	8
13266	9
13267	9
13268	10
13269	10
13270	11
13271	13
13272	14
13273	14
13274	13
13275	13
13276	12
13277	13
13278	13
13279	12
13280	12
13281	11
13282	12
13283	12
13284	11
13285	11
13286	10
13287	10
13288	11
13289	13
13290	12
13291	11
13292	10
13293	10
13294	9
13295	11
13296	12
13297	12
13298	13
13299	13
13300	12
13301	13
13302	12
13303	11
13304	11
13305	12
13306	14
13307	13
13308	12
13309	11
13310	11
13311	10
13312	11
13313	11
13314	12
13315	12
13316	11
13317	13
13318	12
13319	11
13320	10
13321	10
13322	11
13323	13
13324	12
13325	11
13326	10
13327	10
13328	9
13329	10
13330	10
13331	11
13332	11
13333	10
13334	12
13335	11
13336	10
13337	9
13338	9
13339	10
13340	10
13341	9
13342	11
13343	10
13344	9
13345	8
13346	9
13347	10
13348	10
13349	11
13350	11
13351	12
13352	14
13353	13
13354	12
13355	11
13356	11
13357	10
13358	11
13359	12
13360	12
13361	11
13362	11
13363	10
13364	11
13365	11
13366	10
13367	10
13368	9
13369	9
13370	10
13371	12
13372	13
13373	13
13374	12
13375	12
13376	11
13377	12
13378	12
13379	11
13380	11
13381	10
13382	11
13383	10
13384	10
13385	9
13386	9
13387	10
13388	10
13389	9
13390	11
13391	10
13392	9
13393	8
13394	9
13395	9
13396	10
13397	10
13398	11
13399	11
13400	10
13401	12
13402	11
13403	10
13404	9
13405	10
13406	11
13407	11
13408	10
13409	10
13410	9
13411	10
13412	9
13413	9
13414	8
13415	8
13416	9
13417	9
13418	10
13419	10
13420	9
13421	11
13422	10
13423	9
13424	8
13425	9
13426	10
13427	10
13428	9
13429	9
13430	8
13431	9
13432	9
13433	8
13434	7
13435	6
13436	6
13437	7
13438	9
13439	10
13440	10
13441	11
13442	13
13443	14
13444	14
13445	15
13446	17
13447	18
13448	18
13449	17
13450	17
13451	16
13452	17
13453	17
13454	16
13455	16
13456	15
13457	16
13458	16
13459	15
13460	15
13461	14
13462	14
13463	15
13464	17
13465	16
13466	15
13467	14
13468	14
13469	13
13470	13
13471	14
13472	16
13473	17
13474	17
13475	16
13476	16
13477	15
13478	16
13479	16
13480	15
13481	15
13482	14
13483	15
13484	15
13485	14
13486	14
13487	13
13488	13
13489	14
13490	16
13491	15
13492	14
13493	13
13494	13
13495	12
13496	13
13497	13
13498	14
13499	14
13500	15
13501	17
13502	16
13503	15
13504	14
13505	14
13506	13
13507	14
13508	15
13509	15
13510	14
13511	14
13512	13
13513	14
13514	14
13515	13
13516	13
13517	12
13518	12
13519	13
13520	15
13521	16
13522	16
13523	15
13524	15
13525	14
13526	15
13527	15
13528	14
13529	14
13530	13
13531	14
13532	14
13533	13
13534	13
13535	12
13536	12
13537	13
13538	13
13539	12
13540	14
13541	13
13542	12
13543	11
13544	12
13545	12
13546	13
13547	13
13548	14
13549	14
13550	13
13551	15
13552	14
13553	13
13554	12
13555	14
13556	15
13557	15
13558	14
13559	14
13560	13
13561	14
13562	14
13563	13
13564	13
13565	12
13566	13
13567	13
13568	12
13569	12
13570	11
13571	11
13572	12
13573	12
13574	13
13575	13
13576	12
13577	14
13578	13
13579	12
13580	11
13581	12
13582	13
13583	13
13584	12
13585	12
13586	11
13587	12
13588	12
13589	11
13590	11
13591	10
13592	10
13593	11
13594	12
13595	13
13596	13
13597	14
13598	16
13599	15
13600	14
13601	13
13602	13
13603	12
13604	12
13605	13
13606	14
13607	13
13608	12
13609	12
13610	11
13611	12
13612	12
13613	13
13614	13
13615	12
13616	13
13617	12
13618	11
13619	11
13620	12
13621	14
13622	13
13623	12
13624	11
13625	11
13626	10
13627	10
13628	11
13629	11
13630	12
13631	12
13632	11
13633	13
13634	12
13635	11
13636	10
13637	12
13638	13
13639	13
13640	12
13641	12
13642	11
13643	12
13644	12
13645	11
13646	11
13647	10
13648	11
13649	11
13650	10
13651	9
13652	9
13653	10
13654	12
13655	13
13656	13
13657	14
13658	16
13659	17
13660	17
13661	16
13662	16
13663	15
13664	16
13665	16
13666	15
13667	15
13668	14
13669	15
13670	15
13671	14
13672	14
13673	13
13674	13
13675	14
13676	16
13677	15
13678	14
13679	13
13680	13
13681	12
13682	12
13683	12
13684	12
13685	13
13686	12
13687	12
13688	11
13689	12
13690	12
13691	13
13692	13
13693	14
13694	16
13695	15
13696	14
13697	13
13698	13
13699	12
13700	13
13701	14
13702	14
13703	13
13704	13
13705	12
13706	13
13707	13
13708	12
13709	12
13710	11
13711	11
13712	12
13713	14
13714	15
13715	15
13716	14
13717	14
13718	13
13719	14
13720	14
13721	13
13722	13
13723	12
13724	13
13725	13
13726	12
13727	12
13728	11
13729	11
13730	12
13731	12
13732	11
13733	13
13734	12
13735	11
13736	10
13737	11
13738	11
13739	12
13740	12
13741	13
13742	13
13743	12
13744	14
13745	13
13746	12
13747	11
13748	12
13749	13
13750	13
13751	12
13752	12
13753	11
13754	12
13755	12
13756	11
13757	11
13758	10
13759	10
13760	11
13761	11
13762	12
13763	12
13764	11
13765	13
13766	12
13767	11
13768	10
13769	12
13770	13
13771	13
13772	12
13773	12
13774	11
13775	12
13776	12
13777	11
13778	11
13779	10
13780	11
13781	11
13782	10
13783	10
13784	9
13785	9
13786	10
13787	11
13788	12
13789	12
13790	13
13791	14
13792	13
13793	12
13794	12
13795	11
13796	11
13797	12
13798	14
13799	13
13800	12
13801	11
13802	11
13803	10
13804	11
13805	11
13806	12
13807	12
13808	11
13809	12
13810	11
13811	10
13812	10
13813	11
13814	13
13815	12
13816	11
13817	10
13818	10
13819	9
13820	9
13821	10
13822	10
13823	11
13824	11
13825	10
13826	12
13827	11
13828	10
13829	9
13830	11
13831	12
13832	12
13833	11
13834	11
13835	10
13836	11
13837	11
13838	10
13839	10
13840	9
13841	10
13842	9
13843	9
13844	8
13845	7
13846	8
13847	8
13848	9
13849	9
13850	10
13851	10
13852	11
13853	13
13854	14
13855	14
13856	13
13857	13
13858	12
13859	13
13860	13
13861	12
13862	12
13863	11
13864	12
13865	12
13866	11
13867	11
13868	10
13869	10
13870	11
13871	13
13872	12
13873	11
13874	10
13875	10
13876	9
13877	11
13878	12
13879	12
13880	13
13881	13
13882	12
13883	14
13884	13
13885	12
13886	11
13887	11
13888	12
13889	14
13890	13
13891	12
13892	11
13893	11
13894	10
13895	11
13896	11
13897	12
13898	12
13899	11
13900	12
13901	11
13902	10
13903	10
13904	11
13905	13
13906	12
13907	11
13908	10
13909	10
13910	9
13911	10
13912	10
13913	11
13914	11
13915	10
13916	12
13917	11
13918	10
13919	9
13920	9
13921	10
13922	10
13923	9
13924	11
13925	10
13926	9
13927	8
13928	9
13929	10
13930	10
13931	11
13932	11
13933	12
13934	14
13935	13
13936	12
13937	11
13938	11
13939	10
13940	11
13941	12
13942	12
13943	11
13944	10
13945	11
13946	11
13947	10
13948	10
13949	9
13950	9
13951	10
13952	11
13953	12
13954	12
13955	11
13956	11
13957	10
13958	11
13959	11
13960	10
13961	10
13962	9
13963	9
13964	10
13965	10
13966	9
13967	11
13968	10
13969	9
13970	8
13971	9
13972	9
13973	10
13974	10
13975	11
13976	11
13977	10
13978	12
13979	11
13980	10
13981	9
13982	10
13983	11
13984	11
13985	10
13986	10
13987	9
13988	10
13989	9
13990	9
13991	8
13992	8
13993	9
13994	9
13995	10
13996	10
13997	9
13998	11
13999	10
14000	9
14001	8
14002	9
14003	10
14004	10
14005	9
14006	9
14007	8
14008	9
14009	8
14010	8
14011	7
14012	7
14013	8
14014	8
14015	9
14016	9
14017	10
14018	12
14019	13
14020	13
14021	12
14022	12
14023	11
14024	12
14025	12
14026	11
14027	11
14028	10
14029	11
14030	11
14031	10
14032	10
14033	9
14034	8
14035	10
14036	11
14037	11
14038	12
14039	12
14040	11
14041	12
14042	11
14043	10
14044	10
14045	11
14046	13
14047	12
14048	11
14049	10
14050	10
14051	9
14052	10
14053	10
14054	11
14055	11
14056	10
14057	12
14058	11
14059	10
14060	9
14061	9
14062	10
14063	12
14064	11
14065	10
14066	9
14067	9
14068	8
14069	9
14070	9
14071	10
14072	10
14073	9
14074	11
14075	10
14076	9
14077	8
14078	8
14079	9
14080	9
14081	8
14082	10
14083	9
14084	8
14085	7
14086	8
14087	9
14088	9
14089	10
14090	10
14091	11
14092	13
14093	12
14094	11
14095	10
14096	10
14097	9
14098	9
14099	10
14100	10
14101	9
14102	9
14103	8
14104	8
14105	9
14106	11
14107	12
14108	12
14109	11
14110	11
14111	10
14112	11
14113	11
14114	10
14115	10
14116	9
14117	10
14118	9
14119	9
14120	8
14121	8
14122	9
14123	9
14124	8
14125	10
14126	9
14127	8
14128	7
14129	8
14130	8
14131	9
14132	9
14133	10
14134	10
14135	9
14136	11
14137	10
14138	9
14139	8
14140	9
14141	10
14142	10
14143	9
14144	9
14145	8
14146	9
14147	8
14148	8
14149	7
14150	7
14151	8
14152	8
14153	9
14154	9
14155	8
14156	10
14157	9
14158	8
14159	7
14160	8
14161	9
14162	9
14163	8
14164	8
14165	7
14166	8
14167	8
14168	7
14169	6
14170	5
14171	4
14172	3
14173	3
14174	4
14175	3
14176	3
14177	4
14178	4
14179	5
14180	5
14181	6
14182	8
14183	9
14184	9
14185	10
14186	12
14187	13
14188	13
14189	12
14190	12
14191	11
14192	12
14193	12
14194	11
14195	11
14196	10
14197	11
14198	11
14199	10
14200	10
14201	9
14202	9
14203	10
14204	12
14205	11
14206	10
14207	9
14208	9
14209	8
14210	8
14211	9
14212	10
14213	11
14214	11
14215	10
14216	10
14217	9
14218	10
14219	10
14220	9
14221	9
14222	8
14223	7
14224	8
14225	8
14226	9
14227	9
14228	10
14229	12
14230	11
14231	10
14232	9
14233	9
14234	8
14235	9
14236	10
14237	10
14238	9
14239	9
14240	8
14241	9
14242	9
14243	8
14244	8
14245	7
14246	7
14247	8
14248	10
14249	11
14250	11
14251	10
14252	10
14253	9
14254	10
14255	10
14256	9
14257	9
14258	8
14259	9
14260	9
14261	8
14262	8
14263	7
14264	7
14265	8
14266	8
14267	7
14268	9
14269	8
14270	7
14271	6
14272	7
14273	7
14274	8
14275	8
14276	9
14277	9
14278	8
14279	10
14280	9
14281	8
14282	7
14283	9
14284	10
14285	10
14286	9
14287	9
14288	8
14289	9
14290	9
14291	8
14292	8
14293	7
14294	8
14295	8
14296	7
14297	7
14298	6
14299	6
14300	7
14301	7
14302	8
14303	8
14304	7
14305	9
14306	8
14307	7
14308	6
14309	7
14310	8
14311	8
14312	7
14313	7
14314	6
14315	7
14316	7
14317	6
14318	6
14319	5
14320	5
14321	6
14322	7
14323	8
14324	8
14325	9
14326	11
14327	10
14328	9
14329	8
14330	8
14331	7
14332	7
14333	8
14334	10
14335	9
14336	8
14337	7
14338	7
14339	6
14340	7
14341	7
14342	8
14343	8
14344	7
14345	8
14346	7
14347	6
14348	6
14349	7
14350	9
14351	8
14352	7
14353	6
14354	6
14355	5
14356	5
14357	6
14358	6
14359	7
14360	7
14361	6
14362	8
14363	7
14364	6
14365	5
14366	7
14367	8
14368	8
14369	7
14370	7
14371	6
14372	7
14373	7
14374	6
14375	6
14376	5
14377	6
14378	6
14379	5
14380	4
14381	5
14382	6
14383	6
14384	7
14385	7
14386	8
14387	10
14388	11
14389	11
14390	10
14391	10
14392	9
14393	10
14394	10
14395	9
14396	9
14397	8
14398	9
14399	9
14400	8
14401	8
14402	7
14403	7
14404	8
14405	10
14406	9
14407	8
14408	7
14409	7
14410	6
14411	8
14412	9
14413	9
14414	10
14415	10
14416	9
14417	10
14418	9
14419	8
14420	8
14421	9
14422	11
14423	10
14424	9
14425	8
14426	8
14427	7
14428	8
14429	8
14430	9
14431	9
14432	8
14433	9
14434	8
14435	7
14436	7
14437	8
14438	10
14439	9
14440	8
14441	7
14442	7
14443	6
14444	7
14445	7
14446	8
14447	8
14448	7
14449	9
14450	8
14451	7
14452	6
14453	6
14454	7
14455	7
14456	6
14457	8
14458	7
14459	6
14460	5
14461	5
14462	6
14463	7
14464	8
14465	8
14466	9
14467	9
14468	8
14469	8
14470	7
14471	7
14472	8
14473	10
14474	9
14475	8
14476	7
14477	7
14478	6
14479	7
14480	7
14481	8
14482	8
14483	7
14484	9
14485	8
14486	7
14487	6
14488	6
14489	7
14490	8
14491	7
14492	6
14493	6
14494	5
14495	5
14496	6
14497	6
14498	7
14499	7
14500	6
14501	8
14502	7
14503	6
14504	5
14505	7
14506	8
14507	8
14508	7
14509	7
14510	6
14511	7
14512	7
14513	6
14514	6
14515	5
14516	6
14517	5
14518	5
14519	4
14520	5
14521	5
14522	6
14523	6
14524	7
14525	7
14526	8
14527	10
14528	9
14529	8
14530	7
14531	7
14532	6
14533	8
14534	9
14535	9
14536	8
14537	8
14538	7
14539	8
14540	8
14541	7
14542	7
14543	6
14544	7
14545	7
14546	6
14547	6
14548	5
14549	7
14550	8
14551	8
14552	9
14553	10
14554	9
14555	8
14556	8
14557	7
14558	7
14559	8
14560	10
14561	9
14562	8
14563	7
14564	7
14565	6
14566	7
14567	6
14568	6
14569	7
14570	9
14571	8
14572	7
14573	6
14574	6
14575	5
14576	6
14577	6
14578	7
14579	7
14580	6
14581	8
14582	7
14583	6
14584	5
14585	5
14586	6
14587	6
14588	5
14589	7
14590	6
14591	5
14592	4
14593	3
14594	2
14595	2
14596	3
14597	4
14598	5
14599	5
14600	6
14601	6
14602	7
14603	9
14604	10
14605	10
14606	11
14607	13
14608	14
14609	14
14610	15
14611	17
14612	16
14613	15
14614	14
14615	14
14616	13
14617	13
14618	14
14619	15
14620	14
14621	13
14622	13
14623	12
14624	13
14625	13
14626	14
14627	13
14628	15
14629	14
14630	13
14631	12
14632	12
14633	13
14634	15
14635	14
14636	13
14637	12
14638	12
14639	11
14640	12
14641	12
14642	13
14643	13
14644	12
14645	14
14646	13
14647	12
14648	11
14649	11
14650	12
14651	12
14652	11
14653	13
14654	12
14655	11
14656	10
14657	10
14658	11
14659	13
14660	14
14661	14
14662	13
14663	13
14664	12
14665	13
14666	13
14667	12
14668	11
14669	12
14670	12
14671	11
14672	11
14673	10
14674	10
14675	11
14676	11
14677	10
14678	12
14679	11
14680	10
14681	9
14682	8
14683	9
14684	8
14685	8
14686	9
14687	11
14688	12
14689	12
14690	13
14691	15
14692	14
14693	13
14694	12
14695	12
14696	11
14697	11
14698	12
14699	13
14700	12
14701	11
14702	11
14703	10
14704	11
14705	11
14706	12
14707	12
14708	11
14709	13
14710	12
14711	11
14712	10
14713	10
14714	11
14715	13
14716	12
14717	11
14718	10
14719	10
14720	9
14721	10
14722	10
14723	11
14724	11
14725	10
14726	12
14727	11
14728	10
14729	9
14730	9
14731	10
14732	12
14733	11
14734	10
14735	9
14736	9
14737	8
14738	8
14739	9
14740	9
14741	10
14742	10
14743	9
14744	11
14745	10
14746	9
14747	8
14748	10
14749	11
14750	11
14751	10
14752	10
14753	9
14754	10
14755	10
14756	9
14757	9
14758	8
14759	9
14760	9
14761	8
14762	7
14763	8
14764	7
14765	7
14766	8
14767	8
14768	9
14769	9
14770	10
14771	12
14772	11
14773	10
14774	9
14775	9
14776	8
14777	10
14778	11
14779	11
14780	10
14781	10
14782	9
14783	10
14784	10
14785	9
14786	9
14787	8
14788	9
14789	9
14790	8
14791	8
14792	7
14793	9
14794	10
14795	9
14796	9
14797	10
14798	11
14799	10
14800	9
14801	9
14802	8
14803	9
14804	9
14805	10
14806	10
14807	9
14808	11
14809	10
14810	9
14811	8
14812	8
14813	9
14814	11
14815	10
14816	9
14817	8
14818	8
14819	7
14820	8
14821	8
14822	9
14823	9
14824	8
14825	10
14826	9
14827	8
14828	7
14829	7
14830	8
14831	8
14832	7
14833	9
14834	8
14835	7
14836	6
14837	5
14838	7
14839	8
14840	8
14841	9
14842	9
14843	10
14844	11
14845	12
14846	11
14847	10
14848	11
14849	11
14850	12
14851	12
14852	11
14853	13
14854	12
14855	11
14856	10
14857	10
14858	11
14859	11
14860	10
14861	12
14862	11
14863	10
14864	9
14865	9
14866	10
14867	12
14868	13
14869	13
14870	12
14871	12
14872	11
14873	12
14874	12
14875	11
14876	11
14877	10
14878	11
14879	11
14880	10
14881	9
14882	9
14883	10
14884	10
14885	9
14886	11
14887	10
14888	9
14889	8
14890	9
14891	10
14892	9
14893	9
14894	10
14895	12
14896	13
14897	13
14898	12
14899	11
14900	12
14901	12
14902	11
14903	11
14904	10
14905	11
14906	10
14907	10
14908	9
14909	9
14910	10
14911	10
14912	9
14913	11
14914	10
14915	9
14916	8
14917	9
14918	9
14919	10
14920	10
14921	11
14922	11
14923	10
14924	12
14925	11
14926	10
14927	9
14928	10
14929	11
14930	11
14931	10
14932	9
14933	10
14934	9
14935	9
14936	8
14937	8
14938	9
14939	9
14940	10
14941	10
14942	9
14943	11
14944	10
14945	9
14946	8
14947	10
14948	11
14949	11
14950	10
14951	10
14952	9
14953	10
14954	10
14955	9
14956	9
14957	8
14958	9
14959	9
14960	8
14961	8
14962	7
14963	6
14964	7
14965	6
14966	6
14967	7
14968	9
14969	10
14970	10
14971	11
14972	13
14973	14
14974	14
14975	13
14976	13
14977	12
14978	13
14979	13
14980	12
14981	12
14982	11
14983	12
14984	12
14985	11
14986	10
14987	10
14988	11
14989	13
14990	12
14991	11
14992	10
14993	10
14994	9
14995	9
14996	10
14997	12
14998	13
14999	13
15000	12
15001	12
15002	11
15003	12
15004	12
15005	11
15006	11
15007	10
15008	11
15009	11
15010	10
15011	10
15012	9
15013	9
15014	10
15015	12
15016	11
15017	10
15018	9
15019	9
15020	8
15021	9
15022	9
15023	10
15024	10
15025	11
15026	13
15027	12
15028	11
15029	10
15030	10
15031	9
15032	9
15033	10
15034	10
15035	9
15036	8
15037	8
15038	9
15039	11
15040	12
15041	12
15042	11
15043	11
15044	10
15045	11
15046	11
15047	10
15048	9
15049	10
15050	10
15051	9
15052	9
15053	8
15054	8
15055	9
15056	9
15057	8
15058	10
15059	9
15060	8
15061	7
15062	8
15063	8
15064	9
15065	9
15066	10
15067	12
15068	11
15069	10
15070	9
15071	9
15072	8
15073	9
15074	10
15075	10
15076	9
15077	9
15078	8
15079	9
15080	9
15081	8
15082	8
15083	7
15084	7
15085	8
15086	9
15087	10
15088	10
15089	9
15090	9
15091	8
15092	9
15093	9
15094	8
15095	8
15096	7
15097	7
15098	8
15099	8
15100	7
15101	9
15102	8
15103	7
15104	6
15105	5
15106	4
15107	3
15108	4
15109	4
15110	5
15111	5
15112	6
15113	6
15114	7
15115	9
15116	10
15117	10
15118	11
15119	13
15120	14
15121	14
15122	13
15123	13
15124	12
15125	13
15126	13
15127	12
15128	12
15129	11
15130	12
15131	12
15132	11
15133	11
15134	10
15135	10
15136	11
15137	13
15138	12
15139	11
15140	10
15141	10
15142	9
15143	9
15144	10
15145	12
15146	13
15147	13
15148	12
15149	12
15150	11
15151	12
15152	12
15153	11
15154	11
15155	10
15156	11
15157	11
15158	10
15159	10
15160	9
15161	9
15162	10
15163	12
15164	11
15165	10
15166	9
15167	9
15168	8
15169	9
15170	9
15171	10
15172	10
15173	11
15174	13
15175	12
15176	11
15177	10
15178	10
15179	9
15180	10
15181	11
15182	11
15183	10
15184	10
15185	9
15186	10
15187	10
15188	9
15189	9
15190	8
15191	8
15192	9
15193	11
15194	12
15195	12
15196	11
15197	11
15198	10
15199	11
15200	11
15201	10
15202	10
15203	9
15204	10
15205	10
15206	9
15207	9
15208	8
15209	8
15210	9
15211	9
15212	8
15213	10
15214	9
15215	8
15216	7
15217	8
15218	8
15219	9
15220	9
15221	10
15222	10
15223	9
15224	11
15225	10
15226	9
15227	8
15228	9
15229	10
15230	10
15231	9
15232	9
15233	8
15234	9
15235	9
15236	8
15237	8
15238	7
15239	7
15240	8
15241	8
15242	9
15243	9
15244	8
15245	10
15246	9
15247	8
15248	7
15249	9
15250	10
15251	10
15252	9
15253	9
15254	8
15255	9
15256	9
15257	8
15258	8
15259	7
15260	8
15261	8
15262	7
15263	7
15264	6
15265	6
15266	7
15267	8
15268	9
15269	9
15270	10
15271	11
15272	10
15273	9
15274	9
15275	8
15276	8
15277	9
15278	11
15279	10
15280	9
15281	8
15282	8
15283	7
15284	8
15285	8
15286	9
15287	9
15288	8
15289	9
15290	8
15291	7
15292	7
15293	8
15294	10
15295	9
15296	8
15297	7
15298	7
15299	6
15300	6
15301	7
15302	7
15303	8
15304	8
15305	7
15306	9
15307	8
15308	7
15309	6
15310	8
15311	9
15312	9
15313	8
15314	8
15315	7
15316	8
15317	8
15318	7
15319	7
15320	6
15321	7
15322	6
15323	5
15324	6
15325	7
15326	7
15327	8
15328	8
15329	9
15330	11
15331	12
15332	12
15333	11
15334	11
15335	10
15336	11
15337	11
15338	10
15339	10
15340	9
15341	10
15342	10
15343	9
15344	9
15345	8
15346	8
15347	9
15348	11
15349	10
15350	9
15351	8
15352	8
15353	7
15354	9
15355	10
15356	10
15357	11
15358	11
15359	10
15360	10
15361	9
15362	9
15363	10
15364	12
15365	11
15366	10
15367	9
15368	9
15369	8
15370	9
15371	9
15372	10
15373	10
15374	9
15375	10
15376	9
15377	8
15378	8
15379	9
15380	11
15381	10
15382	9
15383	8
15384	8
15385	7
15386	8
15387	8
15388	9
15389	9
15390	8
15391	10
15392	9
15393	8
15394	7
15395	7
15396	8
15397	8
15398	7
15399	9
15400	8
15401	7
15402	6
15403	6
15404	7
15405	8
15406	9
15407	9
15408	10
15409	10
15410	9
15411	11
15412	10
15413	9
15414	8
15415	8
15416	9
15417	10
15418	9
15419	8
15420	8
15421	7
15422	8
15423	8
15424	9
15425	9
15426	8
15427	8
15428	7
15429	7
15430	8
15431	10
15432	9
15433	8
15434	7
15435	7
15436	6
15437	6
15438	7
15439	7
15440	8
15441	8
15442	7
15443	9
15444	8
15445	7
15446	6
15447	8
15448	9
15449	9
15450	8
15451	8
15452	7
15453	8
15454	8
15455	7
15456	7
15457	6
15458	7
15459	7
15460	6
15461	5
15462	6
15463	5
15464	5
15465	6
15466	6
15467	7
15468	7
15469	8
15470	10
15471	9
15472	8
15473	7
15474	7
15475	6
15476	8
15477	9
15478	9
15479	8
15480	8
15481	7
15482	8
15483	8
15484	7
15485	7
15486	6
15487	7
15488	7
15489	6
15490	6
15491	5
15492	7
15493	8
15494	8
15495	9
15496	11
15497	10
15498	9
15499	8
15500	8
15501	7
15502	7
15503	8
15504	9
15505	8
15506	7
15507	7
15508	6
15509	7
15510	6
15511	6
15512	7
15513	9
15514	8
15515	7
15516	6
15517	6
15518	5
15519	6
15520	6
15521	7
15522	7
15523	6
15524	8
15525	7
15526	6
15527	5
15528	5
15529	6
15530	6
15531	5
15532	6
15533	5
15534	4
15535	3
15536	3
15537	4
15538	4
15539	5
15540	5
15541	6
15542	8
15543	9
15544	9
15545	10
15546	12
15547	13
15548	13
15549	12
15550	12
15551	11
15552	12
15553	12
15554	11
15555	11
15556	10
15557	11
15558	11
15559	10
15560	10
15561	9
15562	9
15563	10
15564	12
15565	11
15566	10
15567	9
15568	9
15569	8
15570	8
15571	9
15572	10
15573	11
15574	11
15575	10
15576	10
15577	9
15578	10
15579	10
15580	9
15581	9
15582	8
15583	8
15584	9
15585	11
15586	10
15587	9
15588	8
15589	8
15590	7
15591	8
15592	8
15593	9
15594	9
15595	10
15596	12
15597	11
15598	10
15599	9
15600	9
15601	8
15602	9
15603	10
15604	10
15605	9
15606	9
15607	8
15608	9
15609	9
15610	8
15611	8
15612	7
15613	7
15614	8
15615	10
15616	11
15617	11
15618	10
15619	10
15620	9
15621	10
15622	10
15623	9
15624	9
15625	8
15626	9
15627	9
15628	8
15629	8
15630	7
15631	7
15632	8
15633	8
15634	7
15635	9
15636	8
15637	7
15638	6
15639	7
15640	7
15641	8
15642	8
15643	9
15644	9
15645	8
15646	10
15647	9
15648	8
15649	7
15650	9
15651	10
15652	10
15653	9
15654	9
15655	8
15656	9
15657	9
15658	8
15659	8
15660	7
15661	8
15662	8
15663	7
15664	7
15665	6
15666	6
15667	7
15668	7
15669	8
15670	8
15671	7
15672	9
15673	8
15674	7
15675	6
15676	7
15677	8
15678	8
15679	7
15680	7
15681	6
15682	7
15683	7
15684	6
15685	6
15686	5
15687	5
15688	6
15689	7
15690	8
15691	8
15692	9
15693	11
15694	10
15695	9
15696	8
15697	8
15698	7
15699	7
15700	8
15701	9
15702	8
15703	7
15704	6
15705	7
15706	7
15707	8
15708	8
15709	7
15710	8
15711	7
15712	6
15713	6
15714	7
15715	9
15716	8
15717	7
15718	6
15719	6
15720	5
15721	5
15722	6
15723	6
15724	7
15725	6
15726	8
15727	7
15728	6
15729	5
15730	7
15731	8
15732	8
15733	7
15734	7
15735	6
15736	7
15737	7
15738	6
15739	6
15740	5
15741	6
15742	5
15743	4
15744	5
15745	6
15746	6
15747	7
15748	7
15749	8
15750	10
15751	11
15752	11
15753	10
15754	10
15755	9
15756	10
15757	10
15758	9
15759	9
15760	8
15761	9
15762	9
15763	8
15764	8
15765	7
15766	7
15767	8
15768	10
15769	9
15770	8
15771	7
15772	7
15773	6
15774	8
15775	9
15776	9
15777	10
15778	10
15779	9
15780	10
15781	9
15782	8
15783	8
15784	9
15785	11
15786	10
15787	9
15788	8
15789	8
15790	7
15791	8
15792	7
15793	7
15794	8
15795	10
15796	9
15797	8
15798	7
15799	7
15800	6
15801	7
15802	7
15803	8
15804	8
15805	7
15806	9
15807	8
15808	7
15809	6
15810	6
15811	7
15812	7
15813	6
15814	8
15815	7
15816	6
15817	5
15818	5
15819	6
15820	7
15821	8
15822	8
15823	9
15824	9
15825	8
15826	8
15827	7
15828	7
15829	8
15830	10
15831	9
15832	8
15833	7
15834	7
15835	6
15836	7
15837	7
15838	8
15839	8
15840	7
15841	9
15842	8
15843	7
15844	6
15845	6
15846	7
15847	8
15848	7
15849	6
15850	6
15851	5
15852	5
15853	6
15854	6
15855	7
15856	7
15857	6
15858	8
15859	7
15860	6
15861	5
15862	6
15863	7
15864	7
15865	6
15866	6
15867	5
15868	6
15869	5
15870	5
15871	4
15872	5
15873	5
15874	6
15875	6
15876	7
15877	7
15878	8
15879	10
15880	9
15881	8
15882	7
15883	7
15884	6
15885	8
15886	9
15887	9
15888	8
15889	8
15890	7
15891	8
15892	8
15893	7
15894	7
15895	6
15896	7
15897	7
15898	6
15899	6
15900	5
15901	7
15902	8
15903	8
15904	9
15905	10
15906	9
15907	8
15908	8
15909	7
15910	7
15911	8
15912	10
15913	9
15914	8
15915	7
15916	7
15917	6
15918	7
15919	6
15920	6
15921	7
15922	9
15923	8
15924	7
15925	6
15926	6
15927	5
15928	6
15929	6
15930	7
15931	7
15932	6
15933	8
15934	7
15935	6
15936	5
15937	5
15938	6
15939	6
15940	5
15941	7
15942	6
15943	5
15944	4
15945	3
15946	2
15947	1
15948	1
15949	3
15950	3
15951	4
15952	6
15953	7
15954	7
15955	8
15956	10
15957	11
15958	11
15959	12
15960	13
15961	14
15962	14
15963	15
15964	15
15965	16
15966	18
15967	19
15968	18
15969	17
15970	18
15971	17
15972	16
15973	17
15974	16
15975	15
15976	15
15977	16
15978	15
15979	14
15980	16
15981	17
15982	17
15983	18
15984	17
15985	16
15986	16
15987	17
15988	16
15989	15
15990	16
15991	16
15992	17
15993	16
15994	15
15995	15
15996	16
15997	15
15998	14
15999	15
16000	15
16001	16
16002	15
16003	14
16004	14
16005	15
16006	14
16007	13
16008	13
16009	14
16010	16
16011	17
16012	17
16013	18
16014	17
16015	16
16016	16
16017	17
16018	16
16019	15
16020	16
16021	16
16022	17
16023	16
16024	15
16025	15
16026	16
16027	15
16028	14
16029	15
16030	15
16031	16
16032	15
16033	14
16034	14
16035	15
16036	14
16037	13
16038	13
16039	14
16040	14
16041	15
16042	14
16043	13
16044	15
16045	16
16046	15
16047	14
16048	15
16049	14
16050	13
16051	14
16052	13
16053	12
16054	13
16055	13
16056	14
16057	14
16058	15
16059	15
16060	16
16061	15
16062	14
16063	16
16064	17
16065	16
16066	15
16067	16
16068	15
16069	14
16070	15
16071	14
16072	13
16073	15
16074	16
16075	16
16076	17
16077	16
16078	15
16079	15
16080	16
16081	15
16082	14
16083	15
16084	15
16085	15
16086	14
16087	14
16088	15
16089	14
16090	13
16091	14
16092	14
16093	15
16094	14
16095	13
16096	13
16097	14
16098	13
16099	12
16100	12
16101	12
16102	12
16103	13
16104	13
16105	14
16106	13
16107	12
16108	14
16109	15
16110	14
16111	13
16112	14
16113	13
16114	12
16115	13
16116	12
16117	11
16118	11
16119	11
16120	11
16121	12
16122	12
16123	13
16124	13
16125	14
16126	13
16127	12
16128	14
16129	15
16130	14
16131	13
16132	14
16133	13
16134	12
16135	13
16136	12
16137	11
16138	13
16139	14
16140	14
16141	15
16142	14
16143	13
16144	13
16145	14
16146	13
16147	12
16148	13
16149	13
16150	14
16151	13
16152	12
16153	12
16154	13
16155	12
16156	11
16157	12
16158	12
16159	13
16160	12
16161	11
16162	11
16163	12
16164	11
16165	10
16166	10
16167	11
16168	13
16169	14
16170	14
16171	15
16172	17
16173	18
16174	18
16175	19
16176	18
16177	17
16178	17
16179	18
16180	17
16181	16
16182	17
16183	17
16184	18
16185	17
16186	16
16187	16
16188	17
16189	16
16190	15
16191	16
16192	16
16193	17
16194	16
16195	15
16196	15
16197	16
16198	15
16199	14
16200	14
16201	15
16202	17
16203	18
16204	17
16205	16
16206	17
16207	16
16208	15
16209	16
16210	15
16211	14
16212	14
16213	15
16214	14
16215	13
16216	13
16217	14
16218	16
16219	17
16220	17
16221	18
16222	17
16223	16
16224	16
16225	16
16226	15
16227	16
16228	16
16229	17
16230	16
16231	15
16232	15
16233	16
16234	15
16235	14
16236	15
16237	15
16238	16
16239	15
16240	14
16241	14
16242	15
16243	14
16244	13
16245	13
16246	14
16247	16
16248	17
16249	16
16250	15
16251	16
16252	15
16253	14
16254	15
16255	14
16256	13
16257	13
16258	14
16259	13
16260	12
16261	13
16262	13
16263	13
16264	13
16265	14
16266	16
16267	17
16268	16
16269	15
16270	16
16271	15
16272	14
16273	15
16274	14
16275	13
16276	13
16277	14
16278	13
16279	12
16280	12
16281	13
16282	15
16283	16
16284	16
16285	17
16286	16
16287	15
16288	15
16289	15
16290	14
16291	15
16292	15
16293	16
16294	15
16295	14
16296	14
16297	15
16298	14
16299	13
16300	14
16301	14
16302	15
16303	14
16304	13
16305	13
16306	14
16307	13
16308	12
16309	12
16310	13
16311	13
16312	14
16313	13
16314	12
16315	14
16316	15
16317	14
16318	13
16319	14
16320	13
16321	12
16322	13
16323	12
16324	11
16325	12
16326	12
16327	12
16328	12
16329	13
16330	13
16331	14
16332	13
16333	12
16334	14
16335	15
16336	14
16337	13
16338	14
16339	13
16340	12
16341	13
16342	12
16343	11
16344	11
16345	12
16346	12
16347	13
16348	13
16349	14
16350	13
16351	12
16352	14
16353	15
16354	14
16355	13
16356	14
16357	13
16358	12
16359	13
16360	12
16361	11
16362	13
16363	14
16364	14
16365	14
16366	13
16367	13
16368	14
16369	13
16370	12
16371	13
16372	13
16373	14
16374	13
16375	12
16376	12
16377	13
16378	12
16379	11
16380	12
16381	12
16382	13
16383	12
16384	11
16385	11
16386	12
16387	11
16388	10
16389	10
16390	10
16391	10
16392	11
16393	11
16394	12
16395	12
16396	13
16397	12
16398	11
16399	13
16400	14
16401	13
16402	12
16403	13
16404	12
16405	11
16406	12
16407	11
16408	10
16409	12
16410	13
16411	13
16412	14
16413	13
16414	12
16415	12
16416	13
16417	12
16418	11
16419	12
16420	12
16421	13
16422	12
16423	11
16424	11
16425	12
16426	11
16427	10
16428	11
16429	11
16430	12
16431	11
16432	10
16433	10
16434	11
16435	10
16436	9
16437	8
16438	9
16439	9
16440	10
16441	10
16442	11
16443	11
16444	12
16445	14
16446	15
16447	15
16448	16
16449	15
16450	14
16451	14
16452	15
16453	14
16454	13
16455	14
16456	14
16457	15
16458	14
16459	13
16460	13
16461	14
16462	13
16463	12
16464	13
16465	13
16466	14
16467	13
16468	12
16469	12
16470	13
16471	12
16472	11
16473	11
16474	12
16475	14
16476	15
16477	14
16478	13
16479	14
16480	13
16481	12
16482	13
16483	12
16484	11
16485	11
16486	12
16487	11
16488	10
16489	12
16490	13
16491	13
16492	14
16493	14
16494	15
16495	14
16496	13
16497	15
16498	16
16499	15
16500	14
16501	15
16502	14
16503	13
16504	14
16505	13
16506	12
16507	12
16508	13
16509	15
16510	16
16511	15
16512	14
16513	15
16514	14
16515	13
16516	14
16517	13
16518	12
16519	12
16520	13
16521	12
16522	11
16523	12
16524	12
16525	12
16526	12
16527	13
16528	12
16529	11
16530	11
16531	12
16532	14
16533	15
16534	14
16535	13
16536	14
16537	13
16538	12
16539	13
16540	12
16541	11
16542	11
16543	12
16544	11
16545	10
16546	11
16547	11
16548	12
16549	12
16550	13
16551	12
16552	11
16553	13
16554	14
16555	13
16556	12
16557	13
16558	12
16559	11
16560	11
16561	10
16562	10
16563	11
16564	11
16565	12
16566	11
16567	10
16568	12
16569	13
16570	12
16571	11
16572	12
16573	11
16574	10
16575	10
16576	9
16577	11
16578	11
16579	11
16580	11
16581	11
16582	12
16583	14
16584	15
16585	14
16586	13
16587	14
16588	13
16589	12
16590	13
16591	12
16592	11
16593	11
16594	12
16595	11
16596	10
16597	11
16598	11
16599	11
16600	11
16601	12
16602	14
16603	15
16604	14
16605	13
16606	14
16607	13
16608	12
16609	13
16610	12
16611	11
16612	11
16613	12
16614	11
16615	10
16616	10
16617	11
16618	13
16619	14
16620	14
16621	15
16622	14
16623	13
16624	13
16625	14
16626	13
16627	12
16628	12
16629	12
16630	13
16631	12
16632	11
16633	12
16634	12
16635	13
16636	12
16637	11
16638	11
16639	12
16640	11
16641	10
16642	10
16643	11
16644	11
16645	12
16646	11
16647	10
16648	12
16649	13
16650	12
16651	11
16652	12
16653	11
16654	10
16655	11
16656	10
16657	9
16658	10
16659	10
16660	10
16661	10
16662	11
16663	11
16664	12
16665	11
16666	10
16667	12
16668	13
16669	12
16670	11
16671	12
16672	11
16673	10
16674	11
16675	10
16676	9
16677	9
16678	9
16679	9
16680	10
16681	10
16682	11
16683	10
16684	9
16685	11
16686	12
16687	11
16688	10
16689	11
16690	10
16691	9
16692	10
16693	9
16694	8
16695	8
16696	9
16697	9
16698	10
16699	10
16700	11
16701	13
16702	14
16703	14
16704	15
16705	14
16706	13
16707	13
16708	14
16709	13
16710	12
16711	13
16712	13
16713	14
16714	13
16715	12
16716	12
16717	13
16718	12
16719	11
16720	12
16721	12
16722	13
16723	12
16724	11
16725	11
16726	12
16727	11
16728	10
16729	10
16730	11
16731	13
16732	14
16733	13
16734	12
16735	13
16736	12
16737	11
16738	12
16739	11
16740	10
16741	10
16742	11
16743	10
16744	9
16745	11
16746	12
16747	12
16748	12
16749	12
16750	13
16751	12
16752	11
16753	11
16754	12
16755	14
16756	15
16757	14
16758	13
16759	14
16760	13
16761	12
16762	13
16763	12
16764	11
16765	11
16766	12
16767	11
16768	10
16769	11
16770	11
16771	12
16772	12
16773	13
16774	12
16775	11
16776	13
16777	14
16778	13
16779	12
16780	13
16781	12
16782	11
16783	12
16784	11
16785	10
16786	10
16787	11
16788	13
16789	14
16790	13
16791	12
16792	13
16793	12
16794	11
16795	12
16796	11
16797	10
16798	10
16799	11
16800	10
16801	9
16802	10
16803	10
16804	11
16805	11
16806	12
16807	11
16808	10
16809	12
16810	13
16811	12
16812	11
16813	12
16814	11
16815	10
16816	10
16817	9
16818	9
16819	10
16820	10
16821	11
16822	10
16823	9
16824	11
16825	12
16826	11
16827	10
16828	11
16829	10
16830	9
16831	9
16832	8
16833	10
16834	10
16835	10
16836	10
16837	10
16838	11
16839	13
16840	14
16841	13
16842	12
16843	13
16844	12
16845	11
16846	12
16847	11
16848	10
16849	10
16850	11
16851	10
16852	9
16853	10
16854	10
16855	11
16856	11
16857	12
16858	14
16859	15
16860	14
16861	13
16862	14
16863	13
16864	12
16865	13
16866	12
16867	11
16868	11
16869	12
16870	11
16871	10
16872	12
16873	13
16874	13
16875	13
16876	12
16877	12
16878	13
16879	12
16880	11
16881	12
16882	12
16883	13
16884	12
16885	11
16886	11
16887	11
16888	10
16889	11
16890	11
16891	12
16892	11
16893	10
16894	10
16895	10
16896	9
16897	9
16898	10
16899	12
16900	13
16901	13
16902	14
16903	13
16904	12
16905	12
16906	13
16907	12
16908	11
16909	12
16910	12
16911	13
16912	12
16913	11
16914	11
16915	12
16916	11
16917	10
16918	10
16919	10
16920	11
16921	10
16922	9
16923	9
16924	10
16925	10
16926	11
16927	10
16928	9
16929	11
16930	12
16931	11
16932	10
16933	11
16934	10
16935	9
16936	10
16937	9
16938	8
16939	9
16940	9
16941	9
16942	9
16943	10
16944	10
16945	11
16946	10
16947	9
16948	11
16949	12
16950	11
16951	10
16952	11
16953	10
16954	9
16955	10
16956	9
16957	8
16958	8
16959	8
16960	8
16961	9
16962	9
16963	10
16964	9
16965	8
16966	10
16967	11
16968	10
16969	9
16970	10
16971	9
16972	8
16973	9
16974	8
16975	7
16976	7
16977	7
16978	7
16979	8
16980	8
16981	9
16982	9
16983	10
16984	12
16985	13
16986	13
16987	14
16988	13
16989	12
16990	12
16991	13
16992	12
16993	11
16994	12
16995	12
16996	13
16997	12
16998	11
16999	11
17000	12
17001	11
17002	10
17003	11
17004	11
17005	12
17006	11
17007	10
17008	10
17009	11
17010	10
17011	9
17012	9
17013	10
17014	12
17015	13
17016	12
17017	11
17018	11
17019	10
17020	11
17021	10
17022	9
17023	9
17024	10
17025	9
17026	8
17027	10
17028	11
17029	11
17030	11
17031	11
17032	12
17033	11
17034	10
17035	10
17036	11
17037	13
17038	14
17039	13
17040	12
17041	13
17042	12
17043	11
17044	12
17045	11
17046	10
17047	10
17048	11
17049	10
17050	9
17051	10
17052	10
17053	11
17054	11
17055	12
17056	11
17057	10
17058	12
17059	13
17060	12
17061	11
17062	12
17063	11
17064	10
17065	11
17066	10
17067	9
17068	9
17069	10
17070	12
17071	13
17072	12
17073	11
17074	12
17075	11
17076	10
17077	11
17078	10
17079	9
17080	9
17081	10
17082	9
17083	8
17084	9
17085	9
17086	10
17087	10
17088	11
17089	10
17090	9
17091	11
17092	12
17093	11
17094	10
17095	11
17096	10
17097	9
17098	9
17099	8
17100	8
17101	9
17102	9
17103	10
17104	9
17105	8
17106	10
17107	11
17108	10
17109	9
17110	10
17111	9
17112	8
17113	8
17114	7
17115	9
17116	9
17117	9
17118	10
17119	12
17120	13
17121	13
17122	14
17123	13
17124	12
17125	12
17126	13
17127	12
17128	11
17129	12
17130	12
17131	12
17132	11
17133	11
17134	12
17135	11
17136	10
17137	11
17138	11
17139	12
17140	11
17141	10
17142	10
17143	11
17144	10
17145	9
17146	9
17147	10
17148	12
17149	13
17150	12
17151	11
17152	12
17153	11
17154	10
17155	11
17156	10
17157	9
17158	9
17159	10
17160	9
17161	8
17162	9
17163	9
17164	9
17165	9
17166	10
17167	12
17168	13
17169	12
17170	11
17171	12
17172	11
17173	10
17174	11
17175	10
17176	9
17177	9
17178	10
17179	9
17180	8
17181	8
17182	9
17183	11
17184	12
17185	12
17186	13
17187	12
17188	11
17189	11
17190	12
17191	11
17192	10
17193	11
17194	11
17195	12
17196	11
17197	10
17198	10
17199	11
17200	10
17201	9
17202	9
17203	9
17204	10
17205	9
17206	8
17207	8
17208	9
17209	9
17210	10
17211	9
17212	8
17213	10
17214	11
17215	10
17216	9
17217	10
17218	9
17219	8
17220	9
17221	8
17222	7
17223	8
17224	8
17225	8
17226	8
17227	9
17228	9
17229	10
17230	9
17231	8
17232	10
17233	11
17234	10
17235	9
17236	10
17237	9
17238	8
17239	9
17240	8
17241	7
17242	7
17243	8
17244	8
17245	9
17246	9
17247	10
17248	9
17249	8
17250	10
17251	11
17252	10
17253	9
17254	10
17255	9
17256	8
17257	9
17258	8
17259	7
17260	9
17261	10
17262	10
17263	10
17264	9
17265	9
17266	10
17267	9
17268	8
17269	9
17270	9
17271	10
17272	9
17273	8
17274	8
17275	9
17276	8
17277	7
17278	8
17279	8
17280	9
17281	8
17282	7
17283	7
17284	7
17285	6
17286	6
17287	7
17288	9
17289	10
17290	10
17291	11
17292	13
17293	14
17294	14
17295	15
17296	17
17297	18
17298	18
17299	18
17300	17
17301	17
17302	18
17303	17
17304	16
17305	17
17306	17
17307	18
17308	17
17309	16
17310	16
17311	17
17312	16
17313	15
17314	16
17315	16
17316	17
17317	16
17318	15
17319	15
17320	16
17321	15
17322	14
17323	14
17324	15
17325	17
17326	18
17327	17
17328	16
17329	17
17330	16
17331	15
17332	16
17333	15
17334	14
17335	14
17336	15
17337	14
17338	13
17339	13
17340	14
17341	16
17342	17
17343	17
17344	18
17345	17
17346	16
17347	16
17348	16
17349	15
17350	16
17351	16
17352	17
17353	16
17354	15
17355	15
17356	16
17357	15
17358	14
17359	15
17360	15
17361	16
17362	15
17363	14
17364	14
17365	15
17366	14
17367	13
17368	13
17369	14
17370	16
17371	17
17372	16
17373	15
17374	16
17375	15
17376	14
17377	15
17378	14
17379	13
17380	13
17381	14
17382	13
17383	12
17384	13
17385	13
17386	13
17387	13
17388	14
17389	16
17390	17
17391	16
17392	15
17393	16
17394	15
17395	14
17396	15
17397	14
17398	13
17399	13
17400	14
17401	13
17402	12
17403	12
17404	13
17405	15
17406	16
17407	16
17408	16
17409	15
17410	15
17411	16
17412	15
17413	14
17414	15
17415	15
17416	16
17417	15
17418	14
17419	14
17420	15
17421	14
17422	13
17423	14
17424	14
17425	15
17426	14
17427	13
17428	13
17429	14
17430	13
17431	12
17432	12
17433	13
17434	13
17435	14
17436	13
17437	12
17438	14
17439	15
17440	14
17441	13
17442	14
17443	13
17444	12
17445	13
17446	12
17447	11
17448	12
17449	12
17450	13
17451	13
17452	14
17453	14
17454	15
17455	14
17456	13
17457	15
17458	16
17459	15
17460	14
17461	15
17462	14
17463	13
17464	14
17465	13
17466	12
17467	14
17468	15
17469	15
17470	16
17471	15
17472	14
17473	14
17474	14
17475	13
17476	14
17477	14
17478	15
17479	14
17480	13
17481	13
17482	14
17483	13
17484	12
17485	13
17486	13
17487	14
17488	13
17489	12
17490	12
17491	13
17492	12
17493	11
17494	11
17495	11
17496	11
17497	12
17498	12
17499	13
17500	12
17501	11
17502	13
17503	14
17504	13
17505	12
17506	13
17507	12
17508	11
17509	12
17510	11
17511	10
17512	10
17513	10
17514	10
17515	11
17516	11
17517	12
17518	12
17519	13
17520	12
17521	11
17522	13
17523	14
17524	13
17525	12
17526	13
17527	12
17528	11
17529	12
17530	11
17531	10
17532	12
17533	13
17534	13
17535	14
17536	13
17537	12
17538	12
17539	13
17540	12
17541	11
17542	12
17543	12
17544	13
17545	12
17546	11
17547	11
17548	12
17549	11
17550	10
17551	11
17552	11
17553	12
17554	11
17555	10
17556	10
17557	11
17558	10
17559	9
17560	9
17561	10
17562	12
17563	13
17564	13
17565	14
17566	16
17567	17
17568	17
17569	18
17570	17
17571	16
17572	16
17573	17
17574	16
17575	15
17576	16
17577	16
17578	17
17579	16
17580	15
17581	15
17582	16
17583	15
17584	14
17585	15
17586	15
17587	16
17588	15
17589	14
17590	14
17591	15
17592	14
17593	13
17594	13
17595	14
17596	16
17597	17
17598	16
17599	15
17600	16
17601	15
17602	14
17603	15
17604	14
17605	13
17606	13
17607	14
17608	13
17609	12
17610	12
17611	12
17612	12
17613	12
17614	12
17615	13
17616	12
17617	11
17618	12
17619	12
17620	12
17621	12
17622	13
17623	15
17624	16
17625	15
17626	14
17627	15
17628	14
17629	13
17630	14
17631	13
17632	12
17633	12
17634	13
17635	12
17636	11
17637	11
17638	12
17639	14
17640	15
17641	15
17642	16
17643	15
17644	14
17645	14
17646	15
17647	14
17648	13
17649	14
17650	14
17651	15
17652	14
17653	13
17654	13
17655	14
17656	13
17657	12
17658	13
17659	13
17660	14
17661	13
17662	12
17663	12
17664	13
17665	12
17666	11
17667	11
17668	12
17669	12
17670	13
17671	12
17672	11
17673	13
17674	14
17675	13
17676	12
17677	13
17678	12
17679	11
17680	12
17681	11
17682	10
17683	11
17684	11
17685	11
17686	11
17687	12
17688	12
17689	13
17690	12
17691	11
17692	13
17693	14
17694	13
17695	12
17696	13
17697	12
17698	11
17699	12
17700	11
17701	10
17702	10
17703	11
17704	11
17705	12
17706	12
17707	13
17708	12
17709	11
17710	13
17711	14
17712	13
17713	12
17714	13
17715	12
17716	11
17717	12
17718	11
17719	10
17720	12
17721	13
17722	13
17723	13
17724	12
17725	12
17726	13
17727	12
17728	11
17729	12
17730	12
17731	13
17732	12
17733	11
17734	11
17735	12
17736	11
17737	10
17738	11
17739	11
17740	12
17741	11
17742	10
17743	10
17744	11
17745	10
17746	9
17747	9
17748	9
17749	9
17750	10
17751	10
17752	11
17753	11
17754	12
17755	11
17756	10
17757	12
17758	13
17759	12
17760	11
17761	12
17762	11
17763	10
17764	11
17765	10
17766	9
17767	11
17768	12
17769	12
17770	13
17771	12
17772	11
17773	11
17774	12
17775	11
17776	10
17777	11
17778	11
17779	12
17780	11
17781	10
17782	10
17783	11
17784	10
17785	9
17786	10
17787	10
17788	11
17789	10
17790	9
17791	9
17792	10
17793	9
17794	8
17795	7
17796	8
17797	8
17798	9
17799	9
17800	10
17801	10
17802	11
17803	13
17804	14
17805	14
17806	15
17807	14
17808	13
17809	13
17810	14
17811	13
17812	12
17813	13
17814	13
17815	14
17816	13
17817	12
17818	12
17819	13
17820	12
17821	11
17822	12
17823	12
17824	13
17825	12
17826	11
17827	11
17828	12
17829	11
17830	10
17831	10
17832	11
17833	13
17834	14
17835	13
17836	12
17837	13
17838	12
17839	11
17840	12
17841	11
17842	10
17843	10
17844	11
17845	10
17846	9
17847	11
17848	12
17849	12
17850	13
17851	13
17852	14
17853	13
17854	12
17855	14
17856	15
17857	14
17858	13
17859	14
17860	13
17861	12
17862	13
17863	12
17864	11
17865	11
17866	12
17867	14
17868	15
17869	14
17870	13
17871	14
17872	13
17873	12
17874	13
17875	12
17876	11
17877	11
17878	12
17879	11
17880	10
17881	11
17882	11
17883	11
17884	11
17885	11
17886	10
17887	10
17888	11
17889	13
17890	13
17891	12
17892	13
17893	12
17894	11
17895	12
17896	11
17897	10
17898	10
17899	11
17900	10
17901	9
17902	10
17903	10
17904	11
17905	11
17906	12
17907	11
17908	10
17909	12
17910	13
17911	12
17912	11
17913	12
17914	11
17915	10
17916	10
17917	9
17918	9
17919	10
17920	10
17921	11
17922	10
17923	9
17924	11
17925	12
17926	11
17927	10
17928	11
17929	10
17930	9
17931	9
17932	8
17933	10
17934	10
17935	10
17936	10
17937	10
17938	11
17939	13
17940	14
17941	13
17942	12
17943	13
17944	12
17945	11
17946	12
17947	11
17948	10
17949	10
17950	11
17951	10
17952	9
17953	10
17954	10
17955	11
17956	11
17957	12
17958	14
17959	15
17960	14
17961	13
17962	14
17963	13
17964	12
17965	13
17966	12
17967	11
17968	11
17969	11
17970	10
17971	12
17972	12
17973	12
17974	13
17975	12
17976	11
17977	12
17978	12
17979	12
17980	11
17981	11
17982	12
17983	11
17984	10
17985	11
17986	11
17987	11
17988	10
17989	10
17990	11
17991	10
17992	9
17993	9
17994	9
17995	9
17996	10
17997	10
17998	11
17999	10
18000	9
18001	11
18002	12
18003	11
18004	10
18005	11
18006	10
18007	9
18008	9
18009	8
18010	9
18011	9
18012	9
18013	9
18014	10
18015	10
18016	11
18017	10
18018	9
18019	11
18020	12
18021	11
18022	10
18023	11
18024	10
18025	9
18026	10
18027	9
18028	8
18029	8
18030	9
18031	9
18032	10
18033	10
18034	11
18035	10
18036	9
18037	11
18038	12
18039	11
18040	10
18041	11
18042	10
18043	9
18044	10
18045	9
18046	8
18047	10
18048	11
18049	11
18050	12
18051	11
18052	10
18053	10
18054	11
18055	10
18056	9
18057	9
18058	9
18059	10
18060	9
18061	8
18062	9
18063	9
18064	10
18065	9
18066	8
18067	8
18068	8
18069	7
18070	7
18071	8
18072	8
18073	9
18074	9
18075	9
18076	11
18077	12
18078	12
18079	13
18080	12
18081	11
18082	11
18083	12
18084	11
18085	10
18086	11
18087	11
18088	12
18089	11
18090	10
18091	10
18092	11
18093	10
18094	9
18095	10
18096	10
18097	11
18098	10
18099	9
18100	9
18101	10
18102	9
18103	8
18104	10
18105	11
18106	11
18107	11
18108	11
18109	12
18110	11
18111	10
18112	10
18113	11
18114	13
18115	14
18116	13
18117	12
18118	13
18119	12
18120	11
18121	12
18122	11
18123	10
18124	10
18125	11
18126	10
18127	9
18128	10
18129	10
18130	11
18131	11
18132	12
18133	11
18134	10
18135	12
18136	13
18137	12
18138	11
18139	12
18140	11
18141	10
18142	11
18143	10
18144	9
18145	9
18146	10
18147	12
18148	13
18149	12
18150	11
18151	12
18152	11
18153	10
18154	11
18155	10
18156	9
18157	9
18158	10
18159	9
18160	8
18161	9
18162	9
18163	10
18164	10
18165	11
18166	10
18167	9
18168	11
18169	12
18170	11
18171	10
18172	11
18173	10
18174	9
18175	9
18176	8
18177	8
18178	9
18179	9
18180	10
18181	9
18182	8
18183	10
18184	11
18185	10
18186	9
18187	10
18188	9
18189	8
18190	8
18191	7
18192	9
18193	9
18194	9
18195	9
18196	9
18197	10
18198	12
18199	13
18200	12
18201	11
18202	12
18203	11
18204	10
18205	11
18206	10
18207	9
18208	9
18209	10
18210	9
18211	8
18212	9
18213	9
18214	9
18215	9
18216	10
18217	12
18218	13
18219	12
18220	11
18221	12
18222	11
18223	10
18224	11
18225	10
18226	9
18227	9
18228	10
18229	9
18230	8
18231	8
18232	9
18233	11
18234	12
18235	12
18236	13
18237	12
18238	11
18239	11
18240	12
18241	11
18242	10
18243	11
18244	11
18245	12
18246	11
18247	10
18248	10
18249	11
18250	10
18251	9
18252	9
18253	9
18254	10
18255	9
18256	8
18257	8
18258	9
18259	9
18260	10
18261	9
18262	8
18263	10
18264	11
18265	10
18266	9
18267	10
18268	9
18269	8
18270	9
18271	8
18272	7
18273	8
18274	8
18275	8
18276	8
18277	9
18278	9
18279	10
18280	9
18281	8
18282	10
18283	11
18284	10
18285	9
18286	10
18287	9
18288	8
18289	9
18290	8
18291	7
18292	7
18293	7
18294	7
18295	8
18296	8
18297	9
18298	8
18299	7
18300	9
18301	10
18302	9
18303	8
18304	9
18305	8
18306	7
18307	7
18308	6
18309	6
18310	6
18311	6
18312	7
18313	7
18314	8
18315	8
18316	9
18317	11
18318	12
18319	12
18320	13
18321	12
18322	11
18323	11
18324	12
18325	11
18326	10
18327	11
18328	11
18329	12
18330	11
18331	10
18332	10
18333	11
18334	10
18335	9
18336	10
18337	10
18338	11
18339	10
18340	9
18341	9
18342	10
18343	9
18344	8
18345	8
18346	9
18347	11
18348	12
18349	11
18350	10
18351	11
18352	10
18353	9
18354	9
18355	8
18356	8
18357	9
18358	8
18359	7
18360	9
18361	10
18362	10
18363	11
18364	11
18365	12
18366	11
18367	10
18368	12
18369	13
18370	12
18371	11
18372	12
18373	11
18374	10
18375	11
18376	10
18377	9
18378	9
18379	10
18380	12
18381	13
18382	12
18383	11
18384	12
18385	11
18386	10
18387	11
18388	10
18389	9
18390	9
18391	9
18392	8
18393	9
18394	9
18395	9
18396	9
18397	10
18398	9
18399	8
18400	8
18401	9
18402	11
18403	12
18404	11
18405	10
18406	11
18407	10
18408	9
18409	10
18410	9
18411	8
18412	8
18413	9
18414	8
18415	7
18416	8
18417	8
18418	9
18419	9
18420	10
18421	9
18422	8
18423	10
18424	11
18425	10
18426	9
18427	10
18428	9
18429	8
18430	8
18431	7
18432	7
18433	8
18434	8
18435	9
18436	8
18437	7
18438	9
18439	10
18440	9
18441	8
18442	9
18443	8
18444	7
18445	7
18446	6
18447	8
18448	8
18449	8
18450	9
18451	11
18452	12
18453	12
18454	13
18455	12
18456	11
18457	11
18458	12
18459	11
18460	10
18461	11
18462	11
18463	11
18464	10
18465	10
18466	11
18467	10
18468	9
18469	10
18470	10
18471	11
18472	10
18473	9
18474	9
18475	10
18476	9
18477	8
18478	8
18479	9
18480	11
18481	12
18482	11
18483	10
18484	11
18485	10
18486	9
18487	10
18488	9
18489	8
18490	8
18491	9
18492	8
18493	7
18494	8
18495	8
18496	8
18497	8
18498	9
18499	11
18500	12
18501	11
18502	10
18503	11
18504	10
18505	9
18506	10
18507	9
18508	8
18509	8
18510	9
18511	8
18512	7
18513	7
18514	8
18515	10
18516	11
18517	11
18518	12
18519	11
18520	10
18521	10
18522	11
18523	10
18524	9
18525	9
18526	9
18527	10
18528	9
18529	8
18530	9
18531	9
18532	10
18533	9
18534	8
18535	8
18536	9
18537	8
18538	7
18539	7
18540	8
18541	8
18542	9
18543	8
18544	7
18545	9
18546	10
18547	9
18548	8
18549	9
18550	8
18551	7
18552	8
18553	7
18554	6
18555	7
18556	7
18557	8
18558	8
18559	9
18560	9
18561	10
18562	9
18563	8
18564	10
18565	11
18566	10
18567	9
18568	10
18569	9
18570	8
18571	9
18572	8
18573	7
18574	9
18575	10
18576	10
18577	11
18578	10
18579	9
18580	9
18581	9
18582	8
18583	9
18584	9
18585	10
18586	9
18587	8
18588	8
18589	9
18590	8
18591	7
18592	8
18593	8
18594	8
18595	7
18596	7
18597	8
18598	7
18599	6
18600	6
18601	6
18602	6
18603	7
18604	7
18605	8
18606	7
18607	6
18608	8
18609	8
18610	7
18611	8
18612	7
18613	6
18614	7
18615	6
18616	5
18617	4
18618	3
18619	3
18620	3
18621	3
18622	4
18623	4
18624	5
18625	5
18626	6
18627	8
18628	9
18629	9
18630	10
18631	12
18632	13
18633	13
18634	14
18635	13
18636	12
18637	12
18638	13
18639	12
18640	11
18641	12
18642	12
18643	13
18644	12
18645	11
18646	11
18647	12
18648	11
18649	10
18650	11
18651	11
18652	12
18653	11
18654	10
18655	10
18656	11
18657	10
18658	9
18659	9
18660	10
18661	12
18662	13
18663	12
18664	11
18665	12
18666	11
18667	10
18668	11
18669	10
18670	9
18671	9
18672	10
18673	9
18674	8
18675	8
18676	8
18677	8
18678	9
18679	11
18680	12
18681	11
18682	10
18683	11
18684	10
18685	9
18686	10
18687	9
18688	8
18689	8
18690	9
18691	8
18692	7
18693	8
18694	8
18695	9
18696	9
18697	10
18698	12
18699	13
18700	12
18701	11
18702	12
18703	11
18704	10
18705	11
18706	10
18707	9
18708	9
18709	10
18710	9
18711	8
18712	10
18713	11
18714	11
18715	12
18716	11
18717	10
18718	10
18719	11
18720	10
18721	9
18722	10
18723	10
18724	10
18725	9
18726	9
18727	10
18728	9
18729	8
18730	9
18731	9
18732	10
18733	9
18734	8
18735	8
18736	9
18737	8
18738	7
18739	7
18740	8
18741	10
18742	11
18743	11
18744	11
18745	10
18746	10
18747	11
18748	10
18749	9
18750	10
18751	10
18752	11
18753	10
18754	9
18755	9
18756	10
18757	9
18758	8
18759	9
18760	9
18761	10
18762	9
18763	8
18764	8
18765	9
18766	8
18767	7
18768	7
18769	8
18770	8
18771	9
18772	8
18773	7
18774	9
18775	10
18776	9
18777	8
18778	9
18779	8
18780	7
18781	8
18782	7
18783	6
18784	7
18785	7
18786	8
18787	8
18788	9
18789	9
18790	10
18791	9
18792	8
18793	10
18794	11
18795	10
18796	9
18797	10
18798	9
18799	8
18800	9
18801	8
18802	7
18803	9
18804	10
18805	10
18806	11
18807	10
18808	9
18809	9
18810	10
18811	9
18812	8
18813	9
18814	9
18815	9
18816	8
18817	8
18818	9
18819	8
18820	7
18821	8
18822	8
18823	9
18824	8
18825	7
18826	7
18827	8
18828	7
18829	6
18830	6
18831	6
18832	6
18833	7
18834	7
18835	8
18836	7
18837	6
18838	8
18839	9
18840	8
18841	7
18842	8
18843	7
18844	6
18845	7
18846	6
18847	5
18848	5
18849	5
18850	5
18851	6
18852	6
18853	6
18854	6
18855	7
18856	6
18857	5
18858	7
18859	8
18860	8
18861	9
18862	8
18863	7
18864	7
18865	8
18866	7
18867	6
18868	7
18869	7
18870	8
18871	7
18872	6
18873	6
18874	7
18875	6
18876	5
18877	6
18878	6
18879	6
18880	5
18881	5
18882	6
18883	5
18884	4
18885	3
18886	5
18887	6
18888	6
18889	6
18890	6
18891	7
18892	9
18893	10
18894	10
18895	11
18896	13
18897	14
18898	13
18899	12
18900	13
18901	12
18902	11
18903	12
18904	11
18905	10
18906	10
18907	11
18908	10
18909	9
18910	9
18911	10
18912	12
18913	12
18914	11
18915	12
18916	11
18917	10
18918	11
18919	10
18920	9
18921	9
18922	10
18923	9
18924	8
18925	9
18926	9
18927	9
18928	9
18929	10
18930	9
18931	8
18932	8
18933	9
18934	11
18935	12
18936	11
18937	10
18938	11
18939	10
18940	9
18941	10
18942	9
18943	8
18944	8
18945	9
18946	8
18947	7
18948	7
18949	7
18950	8
18951	10
18952	11
18953	10
18954	9
18955	9
18956	8
18957	9
18958	8
18959	7
18960	7
18961	8
18962	7
18963	6
18964	6
18965	7
18966	7
18967	8
18968	8
18969	9
18970	8
18971	7
18972	9
18973	10
18974	9
18975	8
18976	9
18977	8
18978	7
18979	8
18980	7
18981	6
18982	8
18983	9
18984	9
18985	10
18986	9
18987	8
18988	8
18989	9
18990	8
18991	7
18992	8
18993	8
18994	9
18995	8
18996	7
18997	7
18998	8
18999	7
19000	6
19001	6
19002	6
19003	7
19004	6
19005	5
19006	5
19007	6
19008	8
19009	9
19010	9
19011	10
19012	12
19013	13
19014	13
19015	14
19016	13
19017	12
19018	12
19019	12
19020	11
19021	12
19022	12
19023	13
19024	12
19025	11
19026	11
19027	12
19028	11
19029	10
19030	11
19031	11
19032	12
19033	11
19034	10
19035	10
19036	11
19037	10
19038	9
19039	9
19040	10
19041	12
19042	13
19043	12
19044	11
19045	12
19046	11
19047	10
19048	11
19049	10
19050	9
19051	9
19052	10
19053	9
19054	8
19055	8
19056	8
19057	8
19058	8
19059	8
19060	9
19061	8
19062	7
19063	8
19064	8
19065	8
19066	8
19067	9
19068	11
19069	11
19070	10
19071	11
19072	10
19073	9
19074	10
19075	9
19076	8
19077	8
19078	9
19079	8
19080	7
19081	7
19082	8
19083	10
19084	11
19085	11
19086	12
19087	11
19088	10
19089	10
19090	11
19091	10
19092	9
19093	10
19094	10
19095	11
19096	10
19097	9
19098	9
19099	10
19100	9
19101	8
19102	9
19103	9
19104	10
19105	9
19106	8
19107	8
19108	9
19109	8
19110	7
19111	7
19112	8
19113	8
19114	9
19115	8
19116	7
19117	9
19118	10
19119	9
19120	8
19121	9
19122	8
19123	7
19124	8
19125	7
19126	6
19127	7
19128	7
19129	7
19130	7
19131	8
19132	8
19133	9
19134	8
19135	7
19136	9
19137	10
19138	9
19139	8
19140	9
19141	8
19142	7
19143	8
19144	7
19145	6
19146	6
19147	7
19148	7
19149	8
19150	8
19151	9
19152	8
19153	7
19154	9
19155	10
19156	9
19157	8
19158	9
19159	8
19160	7
19161	8
19162	7
19163	6
19164	8
19165	9
19166	9
19167	9
19168	8
19169	8
19170	9
19171	8
19172	7
19173	8
19174	8
19175	9
19176	8
19177	7
19178	7
19179	8
19180	7
19181	6
19182	7
19183	7
19184	8
19185	7
19186	6
19187	6
19188	7
19189	6
19190	5
19191	5
19192	5
19193	5
19194	5
19195	7
19196	8
19197	8
19198	8
19199	7
19200	7
19201	8
19202	7
19203	6
19204	7
19205	7
19206	8
19207	7
19208	6
19209	6
19210	7
19211	6
19212	5
19213	6
19214	6
19215	7
19216	6
19217	5
19218	5
19219	6
19220	5
19221	4
19222	5
19223	5
19224	6
19225	6
19226	7
19227	9
19228	10
19229	10
19230	11
19231	13
19232	14
19233	13
19234	12
19235	13
19236	12
19237	11
19238	12
19239	11
19240	10
19241	10
19242	11
19243	10
19244	9
19245	9
19246	10
19247	12
19248	13
19249	12
19250	11
19251	12
19252	11
19253	10
19254	11
19255	10
19256	9
19257	9
19258	10
19259	9
19260	8
19261	9
19262	9
19263	10
19264	10
19265	11
19266	10
19267	9
19268	11
19269	11
19270	10
19271	11
19272	10
19273	9
19274	10
19275	9
19276	8
19277	8
19278	9
19279	11
19280	12
19281	11
19282	10
19283	11
19284	10
19285	9
19286	10
19287	9
19288	8
19289	8
19290	9
19291	8
19292	7
19293	8
19294	8
19295	9
19296	9
19297	10
19298	9
19299	8
19300	10
19301	11
19302	10
19303	9
19304	10
19305	9
19306	8
19307	8
19308	7
19309	7
19310	8
19311	8
19312	9
19313	8
19314	7
19315	9
19316	10
19317	9
19318	8
19319	9
19320	8
19321	7
19322	8
19323	7
19324	6
19325	6
19326	7
19327	9
19328	10
19329	10
19330	11
19331	10
19332	9
19333	9
19334	10
19335	9
19336	8
19337	9
19338	9
19339	10
19340	9
19341	8
19342	8
19343	9
19344	8
19345	7
19346	7
19347	7
19348	8
19349	7
19350	6
19351	6
19352	7
19353	7
19354	8
19355	7
19356	6
19357	8
19358	9
19359	8
19360	7
19361	8
19362	7
19363	6
19364	7
19365	6
19366	5
19367	7
19368	8
19369	8
19370	8
19371	8
19372	8
19373	8
19374	9
19375	8
19376	7
19377	7
19378	8
19379	10
19380	10
19381	10
19382	11
19383	10
19384	9
19385	10
19386	10
19387	11
19388	10
19389	9
19390	9
19391	10
19392	9
19393	8
19394	9
19395	9
19396	10
19397	9
19398	8
19399	8
19400	9
19401	8
19402	7
19403	7
19404	8
19405	8
19406	9
19407	8
19408	7
19409	9
19410	10
19411	9
19412	8
19413	9
19414	8
19415	7
19416	8
19417	7
19418	6
19419	6
19420	6
19421	7
19422	9
19423	9
19424	9
19425	10
19426	9
19427	8
19428	9
19429	9
19430	10
19431	9
19432	8
19433	8
19434	9
19435	8
19436	7
19437	8
19438	8
19439	9
19440	8
19441	7
19442	7
19443	8
19444	7
19445	6
19446	6
19447	7
19448	7
19449	8
19450	7
19451	6
19452	8
19453	9
19454	8
19455	7
19456	8
19457	7
19458	6
19459	7
19460	6
19461	5
19462	6
19463	6
19464	6
19465	6
19466	7
19467	7
19468	8
19469	7
19470	6
19471	8
19472	9
19473	8
19474	7
19475	8
19476	7
19477	6
19478	7
19479	6
19480	5
19481	5
19482	5
19483	5
19484	6
19485	6
19486	7
19487	6
19488	5
19489	7
19490	8
19491	7
19492	6
19493	7
19494	6
19495	5
19496	6
19497	5
19498	4
19499	4
19500	4
19501	4
19502	5
19503	5
19504	6
19505	6
19506	7
19507	9
19508	10
19509	9
19510	8
19511	9
19512	8
19513	7
19514	8
19515	7
19516	6
19517	6
19518	7
19519	6
19520	5
19521	7
19522	8
19523	8
19524	9
19525	8
19526	7
19527	7
19528	8
19529	7
19530	6
19531	7
19532	7
19533	8
19534	7
19535	6
19536	6
19537	7
19538	6
19539	5
19540	6
19541	6
19542	7
19543	6
19544	5
19545	5
19546	6
19547	5
19548	4
19549	6
19550	7
19551	7
19552	8
19553	10
19554	11
19555	10
19556	9
19557	10
19558	9
19559	8
19560	9
19561	8
19562	7
19563	7
19564	8
19565	7
19566	6
19567	6
19568	6
19569	6
19570	7
19571	6
19572	5
19573	6
19574	6
19575	7
19576	7
19577	8
19578	7
19579	6
19580	8
19581	8
19582	7
19583	8
19584	7
19585	6
19586	7
19587	6
19588	5
19589	5
19590	6
19591	8
19592	9
19593	8
19594	7
19595	8
19596	7
19597	6
19598	7
19599	6
19600	5
19601	5
19602	6
19603	5
19604	4
19605	5
19606	5
19607	6
19608	6
19609	7
19610	6
19611	5
19612	7
19613	8
19614	7
19615	6
19616	7
19617	6
19618	5
19619	5
19620	4
19621	4
19622	5
19623	5
19624	6
19625	5
19626	4
19627	6
19628	7
19629	6
19630	5
19631	6
19632	5
19633	4
19634	5
19635	4
19636	3
19637	4
19638	4
19639	5
19640	5
19641	6
19642	6
19643	7
19644	9
19645	10
19646	10
19647	11
19648	10
19649	9
19650	9
19651	10
19652	9
19653	8
19654	9
19655	9
19656	10
19657	9
19658	8
19659	8
19660	9
19661	8
19662	7
19663	8
19664	8
19665	9
19666	8
19667	7
19668	7
19669	8
19670	7
19671	6
19672	6
19673	7
19674	9
19675	10
19676	9
19677	8
19678	9
19679	8
19680	7
19681	8
19682	7
19683	6
19684	6
19685	7
19686	6
19687	5
19688	7
19689	8
19690	8
19691	9
19692	9
19693	10
19694	9
19695	8
19696	10
19697	11
19698	10
19699	9
19700	10
19701	9
19702	8
19703	9
19704	8
19705	7
19706	7
19707	8
19708	10
19709	11
19710	10
19711	9
19712	10
19713	9
19714	8
19715	9
19716	8
19717	7
19718	7
19719	8
19720	7
19721	6
19722	7
19723	7
19724	7
19725	7
19726	8
19727	7
19728	6
19729	6
19730	7
19731	9
19732	10
19733	9
19734	8
19735	9
19736	8
19737	7
19738	8
19739	7
19740	6
19741	6
19742	7
19743	6
19744	5
19745	6
19746	6
19747	7
19748	7
19749	8
19750	7
19751	6
19752	8
19753	9
19754	8
19755	7
19756	8
19757	7
19758	6
19759	6
19760	5
19761	5
19762	6
19763	6
19764	7
19765	6
19766	5
19767	7
19768	8
19769	7
19770	6
19771	7
19772	6
19773	5
19774	5
19775	4
19776	6
19777	6
19778	6
19779	6
19780	6
19781	7
19782	9
19783	10
19784	9
19785	8
19786	9
19787	8
19788	7
19789	8
19790	7
19791	6
19792	6
19793	7
19794	6
19795	5
19796	6
19797	6
19798	7
19799	7
19800	8
19801	10
19802	11
19803	10
19804	9
19805	10
19806	9
19807	8
19808	9
19809	8
19810	7
19811	7
19812	8
19813	7
19814	6
19815	8
19816	9
19817	9
19818	10
19819	9
19820	8
19821	8
19822	8
19823	7
19824	8
19825	8
19826	8
19827	7
19828	7
19829	8
19830	7
19831	6
19832	7
19833	7
19834	7
19835	6
19836	6
19837	7
19838	6
19839	5
19840	5
19841	6
19842	8
19843	9
19844	9
19845	10
19846	9
19847	8
19848	8
19849	9
19850	8
19851	7
19852	7
19853	7
19854	7
19855	6
19856	7
19857	7
19858	8
19859	7
19860	6
19861	6
19862	7
19863	6
19864	5
19865	5
19866	6
19867	6
19868	7
19869	6
19870	5
19871	7
19872	8
19873	7
19874	6
19875	7
19876	6
19877	5
19878	6
19879	5
19880	4
19881	5
19882	5
19883	5
19884	5
19885	6
19886	6
19887	7
19888	6
19889	5
19890	7
19891	8
19892	7
19893	6
19894	7
19895	6
19896	5
19897	5
19898	4
19899	4
19900	4
19901	4
19902	5
19903	5
19904	6
19905	5
19906	4
19907	6
19908	7
19909	6
19910	5
19911	6
19912	5
19913	4
19914	5
19915	4
19916	3
19917	3
19918	4
19919	4
19920	5
19921	5
19922	6
19923	8
19924	9
19925	9
19926	10
19927	9
19928	8
19929	8
19930	9
19931	8
19932	7
19933	8
19934	8
19935	9
19936	8
19937	7
19938	7
19939	8
19940	7
19941	6
19942	7
19943	7
19944	8
19945	7
19946	6
19947	6
19948	7
19949	6
19950	5
19951	5
19952	6
19953	8
19954	9
19955	8
19956	7
19957	8
19958	7
19959	6
19960	7
19961	6
19962	5
19963	5
19964	6
19965	5
19966	4
19967	6
19968	7
19969	7
19970	7
19971	7
19972	8
19973	7
19974	6
19975	6
19976	7
19977	9
19978	10
19979	9
19980	8
19981	9
19982	8
19983	7
19984	8
19985	7
19986	6
19987	6
19988	7
19989	6
19990	5
19991	6
19992	6
19993	7
19994	7
19995	8
19996	7
19997	6
19998	8
19999	9
20000	8
20001	7
20002	8
20003	7
20004	6
20005	7
20006	6
20007	5
20008	5
20009	6
20010	8
20011	9
20012	8
20013	7
20014	8
20015	7
20016	6
20017	7
20018	6
20019	5
20020	5
20021	6
20022	5
20023	4
20024	5
20025	5
20026	6
20027	6
20028	7
20029	6
20030	5
20031	7
20032	8
20033	7
20034	6
20035	7
20036	6
20037	5
20038	5
20039	4
20040	4
20041	5
20042	5
20043	6
20044	5
20045	4
20046	6
20047	7
20048	6
20049	5
20050	6
20051	5
20052	4
20053	4
20054	3
20055	5
20056	5
20057	5
20058	6
20059	8
20060	9
20061	9
20062	9
20063	8
20064	8
20065	9
20066	8
20067	7
20068	8
20069	8
20070	9
20071	8
20072	7
20073	7
20074	6
20075	7
20076	7
20077	8
20078	7
20079	6
20080	6
20081	6
20082	5
20083	5
20084	6
20085	8
20086	9
20087	8
20088	7
20089	8
20090	7
20091	6
20092	7
20093	6
20094	5
20095	5
20096	6
20097	5
20098	4
20099	5
20100	5
20101	5
20102	5
20103	6
20104	8
20105	8
20106	7
20107	8
20108	7
20109	6
20110	7
20111	6
20112	5
20113	5
20114	6
20115	5
20116	4
20117	4
20118	5
20119	7
20120	8
20121	8
20122	9
20123	8
20124	7
20125	7
20126	8
20127	7
20128	6
20129	7
20130	7
20131	8
20132	7
20133	6
20134	6
20135	7
20136	6
20137	5
20138	5
20139	5
20140	6
20141	5
20142	4
20143	4
20144	5
20145	5
20146	6
20147	5
20148	4
20149	6
20150	7
20151	6
20152	5
20153	6
20154	5
20155	4
20156	5
20157	4
20158	3
20159	3
20160	3
20161	3
20162	3
20163	4
20164	4
20165	5
20166	4
20167	3
20168	5
20169	6
20170	5
20171	4
20172	5
20173	4
20174	3
20175	4
20176	3
20177	2
20178	2
20179	2
20180	2
20181	3
20182	5
20183	6
20184	6
20185	7
20186	9
20187	10
20188	10
20189	11
20190	13
20191	14
20192	14
20193	14
20194	14
20195	15
20196	14
20197	13
20198	13
20199	14
20200	16
20201	17
20202	16
20203	15
20204	16
20205	15
20206	14
20207	15
20208	14
20209	13
20210	13
20211	14
20212	13
20213	12
20214	13
20215	13
20216	14
20217	14
20218	15
20219	14
20220	13
20221	15
20222	16
20223	15
20224	14
20225	14
20226	13
20227	14
20228	13
20229	12
20230	12
20231	13
20232	15
20233	16
20234	15
20235	14
20236	15
20237	14
20238	13
20239	14
20240	13
20241	12
20242	12
20243	13
20244	12
20245	11
20246	11
20247	11
20248	11
20249	13
20250	14
20251	13
20252	12
20253	13
20254	12
20255	11
20256	11
20257	10
20258	10
20259	11
20260	13
20261	14
20262	14
20263	15
20264	14
20265	13
20266	13
20267	14
20268	13
20269	12
20270	12
20271	12
20272	13
20273	12
20274	11
20275	12
20276	12
20277	13
20278	12
20279	11
20280	11
20281	12
20282	11
20283	10
20284	10
20285	11
20286	11
20287	12
20288	11
20289	10
20290	12
20291	13
20292	12
20293	11
20294	12
20295	11
20296	10
20297	11
20298	10
20299	9
20300	9
20301	10
20302	12
20303	13
20304	13
20305	14
20306	16
20307	17
20308	16
20309	15
20310	16
20311	15
20312	14
20313	15
20314	14
20315	13
20316	13
20317	14
20318	13
20319	12
20320	12
20321	13
20322	15
20323	16
20324	15
20325	14
20326	15
20327	14
20328	13
20329	14
20330	13
20331	12
20332	12
20333	13
20334	12
20335	11
20336	12
20337	12
20338	13
20339	13
20340	14
20341	13
20342	12
20343	14
20344	14
20345	13
20346	14
20347	13
20348	12
20349	13
20350	12
20351	11
20352	11
20353	12
20354	14
20355	15
20356	14
20357	13
20358	14
20359	13
20360	12
20361	13
20362	12
20363	11
20364	11
20365	12
20366	11
20367	10
20368	11
20369	11
20370	12
20371	12
20372	13
20373	12
20374	11
20375	13
20376	14
20377	13
20378	12
20379	12
20380	11
20381	11
20382	10
20383	10
20384	11
20385	11
20386	12
20387	11
20388	10
20389	12
20390	13
20391	12
20392	11
20393	12
20394	11
20395	10
20396	11
20397	10
20398	9
20399	9
20400	10
20401	12
20402	13
20403	13
20404	14
20405	13
20406	12
20407	12
20408	13
20409	12
20410	11
20411	12
20412	12
20413	13
20414	12
20415	11
20416	11
20417	11
20418	10
20419	10
20420	10
20421	11
20422	10
20423	9
20424	9
20425	10
20426	10
20427	11
20428	10
20429	9
20430	11
20431	12
20432	11
20433	10
20434	11
20435	10
20436	9
20437	10
20438	9
20439	8
20440	8
20441	8
20442	9
20443	11
20444	11
20445	11
20446	12
20447	14
20448	15
20449	14
20450	13
20451	14
20452	13
20453	12
20454	13
20455	12
20456	11
20457	11
20458	12
20459	11
20460	10
20461	11
20462	11
20463	12
20464	12
20465	13
20466	12
20467	11
20468	13
20469	13
20470	12
20471	13
20472	12
20473	11
20474	12
20475	11
20476	10
20477	10
20478	11
20479	13
20480	14
20481	13
20482	12
20483	13
20484	12
20485	11
20486	12
20487	11
20488	10
20489	10
20490	11
20491	10
20492	9
20493	10
20494	10
20495	11
20496	11
20497	12
20498	11
20499	10
20500	12
20501	13
20502	12
20503	11
20504	11
20505	10
20506	11
20507	10
20508	9
20509	9
20510	10
20511	12
20512	12
20513	11
20514	11
20515	10
20516	11
20517	10
20518	9
20519	9
20520	10
20521	9
20522	8
20523	8
20524	9
20525	9
20526	10
20527	10
20528	11
20529	10
20530	9
20531	11
20532	12
20533	11
20534	10
20535	11
20536	10
20537	9
20538	10
20539	9
20540	8
20541	10
20542	11
20543	11
20544	12
20545	11
20546	10
20547	10
20548	11
20549	10
20550	9
20551	10
20552	10
20553	11
20554	10
20555	9
20556	9
20557	10
20558	9
20559	8
20560	8
20561	8
20562	9
20563	8
20564	7
20565	7
20566	7
20567	7
20568	7
20569	8
20570	8
20571	9
20572	11
20573	12
20574	11
20575	10
20576	11
20577	10
20578	9
20579	10
20580	9
20581	8
20582	8
20583	9
20584	8
20585	7
20586	9
20587	8
20588	9
20589	9
20590	10
20591	9
20592	8
20593	8
20594	9
20595	8
20596	7
20597	8
20598	8
20599	9
20600	8
20601	7
20602	7
20603	8
20604	7
20605	6
20606	6
20607	7
20608	9
20609	9
20610	9
20611	10
20612	12
20613	13
20614	13
20615	14
20616	13
20617	12
20618	12
20619	13
20620	12
20621	11
20622	12
20623	12
20624	13
20625	12
20626	11
20627	11
20628	12
20629	11
20630	10
20631	10
20632	10
20633	11
20634	10
20635	9
20636	9
20637	10
20638	12
20639	13
20640	12
20641	11
20642	12
20643	11
20644	10
20645	11
20646	10
20647	9
20648	9
20649	10
20650	9
20651	8
20652	9
20653	9
20654	9
20655	9
20656	10
20657	12
20658	13
20659	12
20660	11
20661	12
20662	11
20663	10
20664	11
20665	10
20666	9
20667	9
20668	10
20669	9
20670	8
20671	8
20672	8
20673	8
20674	9
20675	9
20676	10
20677	9
20678	8
20679	10
20680	11
20681	10
20682	9
20683	10
20684	9
20685	8
20686	9
20687	8
20688	7
20689	8
20690	8
20691	9
20692	9
20693	9
20694	9
20695	10
20696	9
20697	8
20698	10
20699	11
20700	11
20701	12
20702	11
20703	10
20704	10
20705	11
20706	10
20707	9
20708	9
20709	9
20710	10
20711	9
20712	8
20713	7
20714	7
20715	8
20716	10
20717	11
20718	11
20719	11
20720	10
20721	10
20722	11
20723	10
20724	9
20725	10
20726	10
20727	11
20728	10
20729	9
20730	9
20731	10
20732	9
20733	8
20734	9
20735	9
20736	10
20737	9
20738	8
20739	8
20740	9
20741	8
20742	7
20743	7
20744	8
20745	8
20746	9
20747	8
20748	7
20749	9
20750	10
20751	9
20752	8
20753	9
20754	8
20755	7
20756	8
20757	7
20758	6
20759	6
20760	5
20761	5
20762	6
20763	8
20764	8
20765	8
20766	9
20767	11
20768	12
20769	12
20770	13
20771	15
20772	16
20773	15
20774	14
20775	15
20776	14
20777	13
20778	14
20779	13
20780	12
20781	12
20782	13
20783	12
20784	11
20785	11
20786	12
20787	14
20788	15
20789	14
20790	13
20791	14
20792	13
20793	12
20794	13
20795	12
20796	11
20797	11
20798	12
20799	11
20800	10
20801	11
20802	11
20803	12
20804	12
20805	13
20806	12
20807	11
20808	13
20809	14
20810	13
20811	12
20812	12
20813	11
20814	12
20815	11
20816	10
20817	10
20818	11
20819	13
20820	14
20821	13
20822	12
20823	13
20824	12
20825	11
20826	12
20827	11
20828	10
20829	10
20830	11
20831	10
20832	9
20833	10
20834	10
20835	11
20836	11
20837	12
20838	11
20839	10
20840	12
20841	13
20842	12
20843	11
20844	12
20845	11
20846	10
20847	11
20848	10
20849	9
20850	9
20851	10
20852	10
20853	11
20854	10
20855	9
20856	11
20857	12
20858	11
20859	10
20860	11
20861	10
20862	9
20863	9
20864	8
20865	8
20866	9
20867	11
20868	12
20869	12
20870	13
20871	12
20872	11
20873	11
20874	12
20875	11
20876	10
20877	10
20878	10
20879	11
20880	10
20881	9
20882	10
20883	10
20884	11
20885	10
20886	9
20887	9
20888	10
20889	9
20890	8
20891	8
20892	9
20893	9
20894	10
20895	9
20896	8
20897	10
20898	11
20899	10
20900	9
20901	10
20902	9
20903	8
20904	9
20905	8
20906	7
20907	7
20908	7
20909	8
20910	10
20911	11
20912	11
20913	12
20914	14
20915	15
20916	14
20917	13
20918	14
20919	13
20920	12
20921	13
20922	12
20923	11
20924	11
20925	12
20926	11
20927	10
20928	10
20929	11
20930	13
20931	14
20932	13
20933	12
20934	13
20935	12
20936	11
20937	11
20938	10
20939	10
20940	11
20941	10
20942	9
20943	10
20944	10
20945	11
20946	11
20947	12
20948	11
20949	10
20950	12
20951	12
20952	11
20953	12
20954	11
20955	10
20956	11
20957	10
20958	9
20959	9
20960	10
20961	12
20962	13
20963	12
20964	11
20965	12
20966	11
20967	10
20968	11
20969	10
20970	9
20971	9
20972	10
20973	9
20974	8
20975	9
20976	9
20977	9
20978	9
20979	10
20980	9
20981	8
20982	8
20983	9
20984	11
20985	12
20986	11
20987	10
20988	11
20989	10
20990	9
20991	10
20992	9
20993	8
20994	8
20995	9
20996	8
20997	7
20998	7
20999	8
21000	8
21001	9
21002	9
21003	10
21004	9
21005	8
21006	10
21007	11
21008	10
21009	9
21010	10
21011	9
21012	8
21013	9
21014	8
21015	7
21016	9
21017	10
21018	10
21019	11
21020	10
21021	9
21022	9
21023	10
21024	9
21025	8
21026	9
21027	9
21028	10
21029	9
21030	8
21031	8
21032	9
21033	8
21034	7
21035	7
21036	7
21037	8
21038	7
21039	6
21040	6
21041	6
21042	7
21043	7
21044	8
21045	8
21046	9
21047	11
21048	12
21049	11
21050	10
21051	11
21052	10
21053	9
21054	10
21055	9
21056	8
21057	8
21058	9
21059	8
21060	7
21061	9
21062	10
21063	10
21064	11
21065	10
21066	9
21067	9
21068	9
21069	8
21070	9
21071	9
21072	10
21073	9
21074	8
21075	8
21076	9
21077	8
21078	7
21079	8
21080	8
21081	9
21082	8
21083	7
21084	7
21085	8
21086	7
21087	6
21088	8
21089	8
21090	8
21091	8
21092	8
21093	8
21094	7
21095	8
21096	8
21097	9
21098	9
21099	10
21100	9
21101	8
21102	10
21103	10
21104	9
21105	9
21106	8
21107	9
21108	8
21109	7
21110	7
21111	8
21112	10
21113	11
21114	10
21115	9
21116	10
21117	9
21118	8
21119	9
21120	8
21121	7
21122	7
21123	8
21124	7
21125	6
21126	7
21127	7
21128	8
21129	8
21130	9
21131	8
21132	7
21133	9
21134	10
21135	9
21136	8
21137	9
21138	8
21139	7
21140	7
21141	6
21142	6
21143	7
21144	7
21145	8
21146	7
21147	6
21148	8
21149	8
21150	7
21151	8
21152	7
21153	6
21154	7
21155	6
21156	5
21157	4
21158	3
21159	2
21160	2
21161	3
21162	3
21163	4
21164	4
21165	5
21166	7
21167	8
21168	8
21169	9
21170	11
21171	12
21172	12
21173	13
21174	12
21175	11
21176	11
21177	12
21178	11
21179	10
21180	10
21181	10
21182	11
21183	10
21184	9
21185	10
21186	10
21187	11
21188	10
21189	9
21190	9
21191	10
21192	9
21193	8
21194	8
21195	7
21196	7
21197	8
21198	10
21199	10
21200	10
21201	11
21202	10
21203	9
21204	10
21205	10
21206	11
21207	10
21208	9
21209	9
21210	9
21211	8
21212	9
21213	9
21214	10
21215	9
21216	8
21217	8
21218	8
21219	7
21220	7
21221	8
21222	10
21223	11
21224	10
21225	9
21226	10
21227	9
21228	8
21229	9
21230	8
21231	7
21232	7
21233	8
21234	7
21235	6
21236	7
21237	7
21238	7
21239	7
21240	8
21241	10
21242	11
21243	10
21244	9
21245	10
21246	9
21247	8
21248	9
21249	8
21250	7
21251	7
21252	8
21253	7
21254	6
21255	6
21256	7
21257	9
21258	10
21259	10
21260	11
21261	10
21262	9
21263	9
21264	9
21265	8
21266	9
21267	9
21268	10
21269	9
21270	8
21271	8
21272	9
21273	8
21274	7
21275	8
21276	8
21277	7
21278	7
21279	8
21280	7
21281	6
21282	6
21283	7
21284	7
21285	8
21286	7
21287	6
21288	8
21289	9
21290	8
21291	7
21292	8
21293	7
21294	6
21295	7
21296	6
21297	5
21298	6
21299	6
21300	6
21301	6
21302	7
21303	7
21304	8
21305	7
21306	6
21307	8
21308	9
21309	8
21310	7
21311	8
21312	7
21313	6
21314	7
21315	6
21316	5
21317	5
21318	6
21319	6
21320	7
21321	7
21322	8
21323	7
21324	6
21325	8
21326	9
21327	8
21328	7
21329	8
21330	7
21331	6
21332	7
21333	6
21334	5
21335	7
21336	8
21337	8
21338	7
21339	7
21340	8
21341	7
21342	6
21343	7
21344	7
21345	8
21346	7
21347	6
21348	6
21349	7
21350	6
21351	5
21352	6
21353	6
21354	7
21355	6
21356	5
21357	5
21358	5
21359	4
21360	4
21361	4
21362	4
21363	5
21364	5
21365	6
21366	6
21367	7
21368	6
21369	5
21370	7
21371	8
21372	7
21373	6
21374	7
21375	6
21376	5
21377	6
21378	5
21379	4
21380	6
21381	7
21382	7
21383	8
21384	7
21385	6
21386	6
21387	7
21388	6
21389	5
21390	6
21391	6
21392	6
21393	5
21394	5
21395	6
21396	5
21397	4
21398	3
21399	2
21400	4
21401	4
21402	4
21403	5
21404	7
21405	8
21406	8
21407	7
21408	7
21409	8
21410	10
21411	11
21412	11
21413	12
21414	11
21415	10
21416	10
21417	11
21418	10
21419	9
21420	10
21421	10
21422	11
21423	10
21424	9
21425	9
21426	10
21427	9
21428	8
21429	9
21430	9
21431	10
21432	9
21433	8
21434	8
21435	9
21436	8
21437	7
21438	7
21439	8
21440	10
21441	11
21442	10
21443	9
21444	10
21445	9
21446	8
21447	9
21448	8
21449	7
21450	7
21451	8
21452	7
21453	6
21454	7
21455	7
21456	7
21457	7
21458	8
21459	10
21460	11
21461	10
21462	9
21463	10
21464	9
21465	8
21466	9
21467	8
21468	7
21469	7
21470	7
21471	6
21472	6
21473	7
21474	9
21475	10
21476	10
21477	11
21478	10
21479	9
21480	9
21481	10
21482	9
21483	8
21484	9
21485	9
21486	10
21487	9
21488	8
21489	8
21490	9
21491	8
21492	7
21493	8
21494	8
21495	9
21496	8
21497	7
21498	7
21499	8
21500	7
21501	6
21502	6
21503	7
21504	7
21505	8
21506	7
21507	6
21508	8
21509	9
21510	8
21511	7
21512	8
21513	7
21514	6
21515	7
21516	6
21517	5
21518	6
21519	6
21520	7
21521	7
21522	8
21523	8
21524	9
21525	8
21526	7
21527	9
21528	10
21529	9
21530	8
21531	9
21532	8
21533	7
21534	7
21535	6
21536	8
21537	9
21538	9
21539	10
21540	9
21541	8
21542	8
21543	8
21544	7
21545	8
21546	8
21547	9
21548	8
21549	7
21550	7
21551	8
21552	7
21553	6
21554	7
21555	7
21556	8
21557	7
21558	6
21559	6
21560	7
21561	6
21562	5
21563	5
21564	5
21565	5
21566	6
21567	6
21568	6
21569	5
21570	7
21571	7
21572	6
21573	7
21574	6
21575	5
21576	6
21577	5
21578	4
21579	4
21580	4
21581	4
21582	5
21583	5
21584	5
21585	7
21586	8
21587	7
21588	6
21589	7
21590	6
21591	5
21592	6
21593	5
21594	4
21595	6
21596	7
21597	7
21598	7
21599	6
21600	6
21601	7
21602	6
21603	5
21604	6
21605	6
21606	7
21607	6
21608	5
21609	5
21610	6
21611	5
21612	4
21613	5
21614	5
21615	6
21616	5
21617	4
21618	4
21619	5
21620	4
21621	3
21622	4
21623	4
21624	4
21625	4
21626	5
21627	7
21628	8
21629	8
21630	9
21631	11
21632	11
21633	10
21634	11
21635	10
21636	9
21637	10
21638	9
21639	8
21640	8
21641	9
21642	8
21643	7
21644	7
21645	8
21646	10
21647	11
21648	10
21649	9
21650	10
21651	9
21652	8
21653	9
21654	8
21655	7
21656	7
21657	8
21658	7
21659	6
21660	7
21661	7
21662	8
21663	8
21664	9
21665	8
21666	7
21667	9
21668	10
21669	9
21670	8
21671	8
21672	7
21673	8
21674	7
21675	6
21676	6
21677	7
21678	9
21679	10
21680	9
21681	8
21682	9
21683	8
21684	7
21685	8
21686	7
21687	6
21688	6
21689	7
21690	6
21691	5
21692	6
21693	6
21694	7
21695	7
21696	8
21697	7
21698	6
21699	8
21700	9
21701	8
21702	7
21703	8
21704	7
21705	6
21706	7
21707	6
21708	5
21709	5
21710	6
21711	6
21712	6
21713	5
21714	7
21715	8
21716	7
21717	6
21718	7
21719	6
21720	5
21721	5
21722	4
21723	4
21724	5
21725	7
21726	8
21727	8
21728	9
21729	8
21730	7
21731	7
21732	8
21733	7
21734	6
21735	6
21736	6
21737	6
21738	5
21739	6
21740	6
21741	7
21742	6
21743	5
21744	5
21745	6
21746	5
21747	4
21748	4
21749	4
21750	6
21751	7
21752	6
21753	5
21754	6
21755	5
21756	4
21757	5
21758	4
21759	3
21760	3
21761	3
21762	3
21763	4
21764	4
21765	5
21766	5
21767	6
21768	8
21769	9
21770	8
21771	7
21772	8
21773	7
21774	6
21775	7
21776	6
21777	5
21778	5
21779	6
21780	5
21781	4
21782	6
21783	7
21784	7
21785	8
21786	7
21787	6
21788	6
21789	7
21790	6
21791	5
21792	6
21793	6
21794	7
21795	6
21796	5
21797	5
21798	6
21799	5
21800	4
21801	5
21802	5
21803	5
21804	4
21805	4
21806	5
21807	4
21808	3
21809	5
21810	6
21811	6
21812	6
21813	6
21814	7
21815	6
21816	5
21817	5
21818	6
21819	8
21820	9
21821	8
21822	7
21823	8
21824	7
21825	6
21826	7
21827	6
21828	5
21829	5
21830	6
21831	5
21832	4
21833	5
21834	5
21835	6
21836	6
21837	7
21838	6
21839	5
21840	7
21841	8
21842	7
21843	6
21844	6
21845	5
21846	6
21847	5
21848	4
21849	4
21850	5
21851	7
21852	8
21853	7
21854	6
21855	7
21856	6
21857	5
21858	6
21859	5
21860	4
21861	4
21862	5
21863	4
21864	3
21865	4
21866	4
21867	5
21868	5
21869	6
21870	5
21871	4
21872	6
21873	7
21874	6
21875	5
21876	6
21877	5
21878	4
21879	5
21880	4
21881	3
21882	3
21883	3
21884	5
21885	6
21886	5
21887	4
21888	5
21889	4
21890	3
21891	3
21892	2
21893	3
21894	3
21895	3
21896	3
21897	4
21898	4
21899	5
21900	7
21901	8
21902	8
21903	9
21904	8
21905	7
21906	7
21907	8
21908	7
21909	6
21910	7
21911	7
21912	8
21913	7
21914	6
21915	6
21916	7
21917	6
21918	5
21919	6
21920	6
21921	6
21922	5
21923	5
21924	6
21925	5
21926	4
21927	4
21928	5
21929	7
21930	8
21931	7
21932	6
21933	7
21934	6
21935	5
21936	6
21937	5
21938	4
21939	4
21940	5
21941	4
21942	3
21943	5
21944	6
21945	6
21946	6
21947	6
21948	7
21949	6
21950	5
21951	5
21952	6
21953	8
21954	8
21955	7
21956	7
21957	6
21958	7
21959	6
21960	5
21961	5
21962	6
21963	5
21964	4
21965	5
21966	5
21967	5
21968	5
21969	6
21970	5
21971	4
21972	4
21973	5
21974	7
21975	8
21976	7
21977	6
21978	7
21979	6
21980	5
21981	6
21982	5
21983	4
21984	4
21985	5
21986	4
21987	3
21988	3
21989	3
21990	4
21991	4
21992	5
21993	4
21994	3
21995	5
21996	6
21997	5
21998	4
21999	5
22000	4
22001	3
22002	3
22003	2
22004	2
22005	2
22006	4
22007	5
22008	5
22009	5
22010	5
22011	6
22012	8
22013	9
22014	8
22015	7
22016	8
22017	7
22018	6
22019	7
22020	6
22021	5
22022	5
22023	6
22024	5
22025	4
22026	4
22027	5
22028	7
22029	7
22030	7
22031	8
22032	7
22033	6
22034	7
22035	7
22036	8
22037	7
22038	6
22039	6
22040	6
22041	5
22042	6
22043	6
22044	7
22045	6
22046	5
22047	5
22048	6
22049	5
22050	4
22051	4
22052	5
22053	7
22054	8
22055	7
22056	6
22057	7
22058	6
22059	5
22060	6
22061	5
22062	4
22063	4
22064	5
22065	4
22066	3
22067	4
22068	4
22069	5
22070	5
22071	6
22072	8
22073	9
22074	8
22075	7
22076	8
22077	7
22078	6
22079	7
22080	6
22081	5
22082	5
22083	6
22084	5
22085	4
22086	6
22087	7
22088	7
22089	7
22090	6
22091	6
22092	7
22093	6
22094	5
22095	5
22096	5
22097	5
22098	4
22099	5
22100	5
22101	6
22102	5
22103	4
22104	4
22105	4
22106	3
22107	3
22108	3
22109	3
22110	4
22111	4
22112	5
22113	4
22114	3
22115	5
22116	6
22117	5
22118	4
22119	5
22120	4
22121	3
22122	4
22123	3
22124	2
22125	3
22126	3
22127	4
22128	4
22129	5
22130	5
22131	6
22132	5
22133	4
22134	6
22135	7
22136	6
22137	5
22138	6
22139	5
22140	4
22141	5
22142	4
22143	3
22144	5
22145	6
22146	6
22147	7
22148	6
22149	5
22150	5
22151	5
22152	4
22153	5
22154	5
22155	5
22156	4
22157	4
22158	5
22159	4
22160	3
22161	4
22162	4
22163	4
22164	3
22165	3
22166	4
22167	3
22168	2
22169	2
22170	2
22171	2
22172	3
22173	3
22174	4
22175	3
22176	2
22177	4
22178	5
22179	4
22180	3
22181	4
22182	3
22183	2
22184	2
22185	1
22186	1
22187	3
22188	3
22189	4
22190	6
22191	7
22192	7
22193	8
22194	10
22195	11
22196	11
22197	12
22198	13
22199	14
22200	14
22201	15
22202	15
22203	16
22204	18
22205	19
22206	19
22207	18
22208	18
22209	17
22210	18
22211	18
22212	17
22213	17
22214	16
22215	17
22216	17
22217	16
22218	16
22219	15
22220	15
22221	16
22222	18
22223	17
22224	16
22225	15
22226	15
22227	14
22228	16
22229	17
22230	17
22231	18
22232	18
22233	17
22234	18
22235	17
22236	16
22237	16
22238	17
22239	19
22240	18
22241	17
22242	16
22243	16
22244	15
22245	16
22246	16
22247	17
22248	17
22249	16
22250	18
22251	17
22252	16
22253	15
22254	15
22255	16
22256	18
22257	17
22258	16
22259	15
22260	15
22261	14
22262	15
22263	15
22264	16
22265	16
22266	15
22267	17
22268	16
22269	15
22270	14
22271	14
22272	15
22273	15
22274	14
22275	16
22276	15
22277	14
22278	13
22279	13
22280	14
22281	16
22282	17
22283	17
22284	18
22285	20
22286	19
22287	18
22288	17
22289	17
22290	16
22291	16
22292	17
22293	19
22294	18
22295	17
22296	16
22297	16
22298	15
22299	16
22300	16
22301	17
22302	17
22303	16
22304	18
22305	17
22306	16
22307	15
22308	15
22309	16
22310	18
22311	17
22312	16
22313	15
22314	15
22315	14
22316	15
22317	15
22318	16
22319	16
22320	15
22321	17
22322	16
22323	15
22324	14
22325	14
22326	15
22327	17
22328	16
22329	15
22330	14
22331	14
22332	13
22333	13
22334	14
22335	14
22336	15
22337	15
22338	14
22339	16
22340	15
22341	14
22342	13
22343	15
22344	16
22345	16
22346	15
22347	15
22348	14
22349	15
22350	15
22351	14
22352	14
22353	13
22354	14
22355	13
22356	13
22357	12
22358	13
22359	13
22360	14
22361	14
22362	15
22363	15
22364	16
22365	18
22366	17
22367	16
22368	15
22369	15
22370	14
22371	16
22372	17
22373	17
22374	16
22375	16
22376	15
22377	16
22378	16
22379	15
22380	15
22381	14
22382	15
22383	15
22384	14
22385	14
22386	13
22387	15
22388	16
22389	16
22390	17
22391	18
22392	17
22393	16
22394	16
22395	15
22396	15
22397	16
22398	18
22399	17
22400	16
22401	15
22402	15
22403	14
22404	15
22405	14
22406	14
22407	15
22408	17
22409	16
22410	15
22411	14
22412	14
22413	13
22414	14
22415	14
22416	15
22417	15
22418	14
22419	16
22420	15
22421	14
22422	13
22423	13
22424	14
22425	14
22426	13
22427	15
22428	14
22429	13
22430	12
22431	11
22432	10
22433	10
22434	11
22435	13
22436	14
22437	14
22438	15
22439	17
22440	18
22441	18
22442	19
22443	21
22444	20
22445	19
22446	18
22447	18
22448	17
22449	17
22450	18
22451	20
22452	19
22453	18
22454	17
22455	17
22456	16
22457	17
22458	17
22459	18
22460	18
22461	17
22462	19
22463	18
22464	17
22465	16
22466	16
22467	17
22468	19
22469	18
22470	17
22471	16
22472	16
22473	15
22474	16
22475	16
22476	17
22477	17
22478	16
22479	18
22480	17
22481	16
22482	15
22483	15
22484	16
22485	16
22486	15
22487	17
22488	16
22489	15
22490	14
22491	14
22492	15
22493	17
22494	18
22495	18
22496	17
22497	17
22498	16
22499	17
22500	17
22501	16
22502	15
22503	16
22504	16
22505	15
22506	15
22507	14
22508	14
22509	15
22510	15
22511	14
22512	16
22513	15
22514	14
22515	13
22516	13
22517	14
22518	16
22519	17
22520	17
22521	18
22522	20
22523	19
22524	18
22525	17
22526	17
22527	16
22528	16
22529	16
22530	15
22531	16
22532	16
22533	17
22534	17
22535	16
22536	18
22537	17
22538	16
22539	15
22540	15
22541	16
22542	18
22543	17
22544	16
22545	15
22546	15
22547	14
22548	15
22549	15
22550	16
22551	16
22552	15
22553	17
22554	16
22555	15
22556	14
22557	14
22558	15
22559	15
22560	14
22561	16
22562	15
22563	14
22564	13
22565	13
22566	14
22567	16
22568	17
22569	17
22570	16
22571	16
22572	15
22573	16
22574	16
22575	15
22576	15
22577	14
22578	15
22579	15
22580	14
22581	13
22582	13
22583	14
22584	14
22585	13
22586	15
22587	14
22588	13
22589	12
22590	13
22591	12
22592	12
22593	13
22594	15
22595	16
22596	16
22597	17
22598	19
22599	18
22600	17
22601	16
22602	16
22603	15
22604	14
22605	15
22606	15
22607	16
22608	16
22609	15
22610	17
22611	16
22612	15
22613	14
22614	14
22615	15
22616	17
22617	16
22618	15
22619	14
22620	14
22621	13
22622	14
22623	14
22624	15
22625	15
22626	14
22627	16
22628	15
22629	14
22630	13
22631	13
22632	14
22633	16
22634	15
22635	14
22636	13
22637	13
22638	12
22639	12
22640	13
22641	13
22642	14
22643	14
22644	13
22645	15
22646	14
22647	13
22648	12
22649	14
22650	15
22651	15
22652	14
22653	14
22654	13
22655	14
22656	14
22657	13
22658	13
22659	12
22660	13
22661	13
22662	12
22663	11
22664	12
22665	11
22666	11
22667	12
22668	12
22669	13
22670	13
22671	14
22672	16
22673	15
22674	14
22675	13
22676	13
22677	12
22678	14
22679	15
22680	15
22681	14
22682	14
22683	13
22684	14
22685	14
22686	13
22687	13
22688	12
22689	13
22690	13
22691	12
22692	12
22693	11
22694	13
22695	14
22696	13
22697	13
22698	14
22699	15
22700	14
22701	13
22702	13
22703	12
22704	13
22705	13
22706	14
22707	14
22708	13
22709	15
22710	14
22711	13
22712	12
22713	12
22714	13
22715	15
22716	14
22717	13
22718	12
22719	12
22720	11
22721	12
22722	12
22723	13
22724	13
22725	12
22726	14
22727	13
22728	12
22729	11
22730	11
22731	12
22732	12
22733	11
22734	13
22735	12
22736	11
22737	10
22738	9
22739	8
22740	9
22741	9
22742	10
22743	10
22744	11
22745	11
22746	12
22747	14
22748	15
22749	15
22750	16
22751	18
22752	17
22753	16
22754	15
22755	15
22756	14
22757	14
22758	15
22759	17
22760	16
22761	15
22762	14
22763	14
22764	13
22765	14
22766	14
22767	15
22768	15
22769	14
22770	16
22771	15
22772	14
22773	13
22774	13
22775	14
22776	16
22777	15
22778	14
22779	13
22780	13
22781	12
22782	13
22783	13
22784	14
22785	14
22786	13
22787	15
22788	14
22789	13
22790	12
22791	12
22792	13
22793	13
22794	12
22795	14
22796	13
22797	12
22798	11
22799	11
22800	12
22801	14
22802	15
22803	15
22804	14
22805	14
22806	13
22807	14
22808	14
22809	13
22810	13
22811	12
22812	13
22813	13
22814	12
22815	11
22816	11
22817	12
22818	12
22819	11
22820	13
22821	12
22822	11
22823	10
22824	12
22825	13
22826	13
22827	14
22828	14
22829	15
22830	17
22831	16
22832	15
22833	14
22834	14
22835	13
22836	15
22837	16
22838	16
22839	15
22840	15
22841	14
22842	15
22843	15
22844	14
22845	14
22846	13
22847	14
22848	14
22849	13
22850	13
22851	12
22852	12
22853	13
22854	15
22855	16
22856	16
22857	15
22858	14
22859	15
22860	15
22861	14
22862	14
22863	13
22864	14
22865	14
22866	13
22867	13
22868	12
22869	12
22870	13
22871	13
22872	12
22873	14
22874	13
22875	12
22876	11
22877	12
22878	11
22879	11
22880	12
22881	14
22882	15
22883	15
22884	14
22885	14
22886	13
22887	14
22888	14
22889	13
22890	13
22891	12
22892	13
22893	13
22894	12
22895	12
22896	11
22897	11
22898	12
22899	12
22900	11
22901	13
22902	12
22903	11
22904	10
22905	11
22906	11
22907	12
22908	12
22909	13
22910	13
22911	12
22912	14
22913	13
22914	12
22915	11
22916	12
22917	13
22918	13
22919	12
22920	11
22921	12
22922	12
22923	11
22924	11
22925	10
22926	10
22927	11
22928	11
22929	12
22930	12
22931	11
22932	13
22933	12
22934	11
22935	10
22936	11
22937	12
22938	12
22939	11
22940	11
22941	10
22942	11
22943	11
22944	10
22945	10
22946	9
22947	10
22948	11
22949	10
22950	10
22951	11
22952	12
22953	13
22954	13
22955	14
22956	14
22957	13
22958	13
22959	12
22960	12
22961	13
22962	15
22963	14
22964	13
22965	12
22966	12
22967	11
22968	12
22969	12
22970	13
22971	13
22972	12
22973	14
22974	13
22975	12
22976	11
22977	11
22978	12
22979	13
22980	12
22981	11
22982	11
22983	10
22984	10
22985	11
22986	11
22987	12
22988	12
22989	11
22990	13
22991	12
22992	11
22993	10
22994	12
22995	13
22996	13
22997	12
22998	12
22999	11
23000	12
23001	12
23002	11
23003	11
23004	10
23005	11
23006	11
23007	10
23008	10
23009	9
23010	10
23011	9
23012	8
23013	8
23014	9
23015	9
23016	10
23017	10
23018	11
23019	13
23020	14
23021	14
23022	15
23023	17
23024	16
23025	15
23026	14
23027	14
23028	13
23029	13
23030	14
23031	16
23032	15
23033	14
23034	13
23035	13
23036	12
23037	13
23038	13
23039	14
23040	14
23041	13
23042	15
23043	14
23044	13
23045	12
23046	12
23047	13
23048	15
23049	14
23050	13
23051	12
23052	12
23053	11
23054	12
23055	12
23056	13
23057	13
23058	12
23059	14
23060	13
23061	12
23062	11
23063	11
23064	12
23065	12
23066	11
23067	13
23068	12
23069	11
23070	10
23071	10
23072	11
23073	13
23074	14
23075	14
23076	13
23077	13
23078	12
23079	13
23080	13
23081	12
23082	11
23083	12
23084	12
23085	11
23086	11
23087	10
23088	10
23089	11
23090	11
23091	10
23092	12
23093	11
23094	10
23095	9
23096	11
23097	12
23098	11
23099	11
23100	12
23101	14
23102	15
23103	15
23104	14
23105	14
23106	13
23107	14
23108	14
23109	13
23110	13
23111	12
23112	13
23113	13
23114	12
23115	12
23116	11
23117	11
23118	12
23119	12
23120	11
23121	13
23122	12
23123	11
23124	10
23125	11
23126	11
23127	12
23128	12
23129	13
23130	15
23131	14
23132	13
23133	12
23134	12
23135	11
23136	13
23137	14
23138	14
23139	13
23140	13
23141	12
23142	13
23143	13
23144	12
23145	12
23146	11
23147	12
23148	12
23149	11
23150	11
23151	10
23152	10
23153	11
23154	13
23155	14
23156	13
23157	13
23158	12
23159	13
23160	13
23161	12
23162	12
23163	11
23164	12
23165	12
23166	11
23167	11
23168	10
23169	10
23170	11
23171	11
23172	10
23173	12
23174	11
23175	10
23176	9
23177	10
23178	10
23179	11
23180	11
23181	12
23182	12
23183	11
23184	13
23185	12
23186	11
23187	10
23188	11
23189	12
23190	12
23191	11
23192	11
23193	10
23194	11
23195	11
23196	10
23197	10
23198	9
23199	9
23200	10
23201	10
23202	11
23203	11
23204	10
23205	12
23206	11
23207	10
23208	9
23209	10
23210	11
23211	10
23212	10
23213	9
23214	10
23215	10
23216	9
23217	9
23218	8
23219	9
23220	10
23221	10
23222	11
23223	11
23224	12
23225	14
23226	15
23227	15
23228	14
23229	14
23230	13
23231	14
23232	14
23233	13
23234	13
23235	12
23236	13
23237	13
23238	12
23239	12
23240	11
23241	11
23242	12
23243	14
23244	13
23245	12
23246	11
23247	11
23248	10
23249	12
23250	13
23251	12
23252	12
23253	13
23254	15
23255	14
23256	13
23257	12
23258	12
23259	11
23260	12
23261	12
23262	13
23263	13
23264	12
23265	13
23266	12
23267	11
23268	11
23269	11
23270	11
23271	10
23272	11
23273	11
23274	12
23275	12
23276	11
23277	13
23278	12
23279	11
23280	10
23281	9
23282	9
23283	10
23284	11
23285	12
23286	12
23287	13
23288	15
23289	14
23290	13
23291	12
23292	12
23293	11
23294	11
23295	12
23296	12
23297	11
23298	11
23299	10
23300	11
23301	11
23302	12
23303	12
23304	11
23305	13
23306	12
23307	11
23308	10
23309	10
23310	11
23311	12
23312	11
23313	10
23314	10
23315	9
23316	9
23317	10
23318	10
23319	11
23320	11
23321	10
23322	12
23323	11
23324	10
23325	9
23326	11
23327	12
23328	12
23329	11
23330	11
23331	10
23332	11
23333	11
23334	10
23335	10
23336	9
23337	10
23338	10
23339	9
23340	9
23341	8
23342	9
23343	8
23344	7
23345	6
23346	6
23347	7
23348	9
23349	10
23350	10
23351	11
23352	13
23353	14
23354	14
23355	15
23356	17
23357	18
23358	18
23359	18
23360	18
23361	17
23362	17
23363	18
23364	20
23365	19
23366	18
23367	17
23368	17
23369	16
23370	17
23371	17
23372	18
23373	18
23374	17
23375	18
23376	17
23377	16
23378	16
23379	17
23380	19
23381	18
23382	17
23383	16
23384	16
23385	15
23386	16
23387	16
23388	17
23389	17
23390	16
23391	18
23392	17
23393	16
23394	15
23395	15
23396	16
23397	16
23398	15
23399	17
23400	16
23401	15
23402	14
23403	14
23404	15
23405	17
23406	18
23407	18
23408	17
23409	17
23410	16
23411	17
23412	17
23413	16
23414	15
23415	16
23416	16
23417	15
23418	15
23419	14
23420	14
23421	15
23422	15
23423	14
23424	16
23425	15
23426	14
23427	13
23428	13
23429	14
23430	16
23431	17
23432	17
23433	18
23434	20
23435	19
23436	18
23437	17
23438	17
23439	16
23440	16
23441	17
23442	19
23443	18
23444	17
23445	16
23446	16
23447	15
23448	16
23449	16
23450	17
23451	16
23452	18
23453	17
23454	16
23455	15
23456	15
23457	16
23458	18
23459	17
23460	16
23461	15
23462	14
23463	15
23464	15
23465	16
23466	16
23467	15
23468	17
23469	16
23470	15
23471	14
23472	14
23473	15
23474	15
23475	14
23476	16
23477	15
23478	14
23479	13
23480	13
23481	14
23482	16
23483	17
23484	17
23485	16
23486	16
23487	15
23488	16
23489	16
23490	15
23491	15
23492	14
23493	15
23494	15
23495	14
23496	13
23497	13
23498	14
23499	14
23500	13
23501	15
23502	14
23503	13
23504	12
23505	13
23506	12
23507	12
23508	13
23509	15
23510	16
23511	15
23512	15
23513	16
23514	18
23515	17
23516	16
23517	15
23518	15
23519	14
23520	15
23521	15
23522	16
23523	16
23524	15
23525	17
23526	16
23527	15
23528	14
23529	14
23530	15
23531	17
23532	16
23533	15
23534	14
23535	14
23536	13
23537	14
23538	14
23539	15
23540	15
23541	14
23542	16
23543	15
23544	14
23545	13
23546	13
23547	14
23548	16
23549	15
23550	14
23551	13
23552	13
23553	12
23554	12
23555	13
23556	13
23557	14
23558	14
23559	13
23560	15
23561	14
23562	13
23563	12
23564	14
23565	15
23566	14
23567	14
23568	13
23569	14
23570	14
23571	13
23572	13
23573	12
23574	13
23575	12
23576	12
23577	11
23578	12
23579	12
23580	13
23581	13
23582	14
23583	14
23584	15
23585	17
23586	16
23587	15
23588	14
23589	14
23590	13
23591	15
23592	16
23593	16
23594	15
23595	15
23596	14
23597	15
23598	15
23599	14
23600	14
23601	13
23602	14
23603	14
23604	13
23605	13
23606	12
23607	14
23608	15
23609	15
23610	16
23611	17
23612	16
23613	15
23614	15
23615	14
23616	13
23617	14
23618	14
23619	15
23620	15
23621	14
23622	16
23623	15
23624	14
23625	13
23626	13
23627	14
23628	16
23629	15
23630	14
23631	13
23632	13
23633	12
23634	13
23635	13
23636	14
23637	14
23638	13
23639	15
23640	14
23641	13
23642	12
23643	12
23644	13
23645	13
23646	12
23647	14
23648	13
23649	12
23650	11
23651	10
23652	9
23653	9
23654	10
23655	12
23656	13
23657	13
23658	14
23659	16
23660	17
23661	17
23662	18
23663	20
23664	19
23665	18
23666	17
23667	17
23668	16
23669	16
23670	17
23671	19
23672	18
23673	17
23674	16
23675	16
23676	15
23677	16
23678	16
23679	17
23680	17
23681	16
23682	18
23683	17
23684	16
23685	15
23686	15
23687	16
23688	18
23689	17
23690	16
23691	15
23692	15
23693	14
23694	15
23695	15
23696	16
23697	16
23698	15
23699	17
23700	16
23701	15
23702	14
23703	14
23704	15
23705	15
23706	14
23707	16
23708	15
23709	14
23710	13
23711	13
23712	14
23713	16
23714	17
23715	17
23716	16
23717	16
23718	15
23719	16
23720	16
23721	15
23722	14
23723	15
23724	15
23725	14
23726	14
23727	13
23728	13
23729	14
23730	14
23731	13
23732	15
23733	14
23734	13
23735	12
23736	12
23737	12
23738	11
23739	12
23740	11
23741	11
23742	12
23743	14
23744	15
23745	15
23746	16
23747	18
23748	17
23749	16
23750	15
23751	15
23752	14
23753	14
23754	15
23755	17
23756	16
23757	15
23758	14
23759	14
23760	13
23761	14
23762	14
23763	15
23764	15
23765	14
23766	16
23767	15
23768	14
23769	13
23770	13
23771	14
23772	16
23773	15
23774	14
23775	13
23776	13
23777	12
23778	13
23779	13
23780	14
23781	14
23782	13
23783	14
23784	13
23785	12
23786	12
23787	13
23788	15
23789	14
23790	13
23791	12
23792	12
23793	11
23794	11
23795	12
23796	12
23797	13
23798	13
23799	12
23800	14
23801	13
23802	12
23803	11
23804	13
23805	14
23806	14
23807	13
23808	12
23809	13
23810	13
23811	12
23812	12
23813	11
23814	12
23815	12
23816	11
23817	10
23818	11
23819	10
23820	10
23821	11
23822	11
23823	12
23824	12
23825	13
23826	15
23827	14
23828	13
23829	12
23830	12
23831	11
23832	13
23833	14
23834	14
23835	13
23836	13
23837	12
23838	13
23839	13
23840	12
23841	12
23842	11
23843	12
23844	12
23845	11
23846	11
23847	10
23848	12
23849	13
23850	12
23851	12
23852	13
23853	14
23854	13
23855	12
23856	12
23857	11
23858	12
23859	12
23860	13
23861	13
23862	12
23863	14
23864	13
23865	12
23866	11
23867	11
23868	12
23869	14
23870	13
23871	12
23872	11
23873	11
23874	10
23875	11
23876	11
23877	12
23878	12
23879	11
23880	13
23881	12
23882	11
23883	10
23884	10
23885	11
23886	11
23887	10
23888	12
23889	11
23890	10
23891	9
23892	8
23893	7
23894	8
23895	8
23896	9
23897	9
23898	10
23899	10
23900	11
23901	13
23902	14
23903	14
23904	15
23905	17
23906	16
23907	15
23908	14
23909	14
23910	13
23911	13
23912	14
23913	16
23914	15
23915	14
23916	13
23917	13
23918	12
23919	13
23920	13
23921	14
23922	14
23923	13
23924	15
23925	14
23926	13
23927	12
23928	12
23929	13
23930	15
23931	14
23932	13
23933	12
23934	12
23935	11
23936	12
23937	12
23938	13
23939	13
23940	12
23941	14
23942	13
23943	12
23944	11
23945	11
23946	12
23947	12
23948	11
23949	13
23950	12
23951	11
23952	10
23953	10
23954	11
23955	13
23956	14
23957	14
23958	13
23959	13
23960	12
23961	13
23962	13
23963	12
23964	12
23965	11
23966	12
23967	12
23968	11
23969	10
23970	10
23971	11
23972	11
23973	10
23974	12
23975	11
23976	10
23977	9
23978	11
23979	12
23980	12
23981	13
23982	13
23983	14
23984	16
23985	15
23986	14
23987	13
23988	13
23989	12
23990	14
23991	15
23992	15
23993	14
23994	14
23995	13
23996	14
23997	14
23998	13
23999	13
24000	12
24001	13
24002	13
24003	12
24004	12
24005	11
24006	11
24007	12
24008	14
24009	15
24010	15
24011	14
24012	13
24013	14
24014	14
24015	13
24016	13
24017	12
24018	13
24019	13
24020	12
24021	12
24022	11
24023	11
24024	12
24025	12
24026	11
24027	13
24028	12
24029	11
24030	10
24031	11
24032	10
24033	10
24034	11
24035	12
24036	13
24037	13
24038	12
24039	12
24040	11
24041	12
24042	12
24043	11
24044	11
24045	10
24046	10
24047	11
24048	11
24049	10
24050	12
24051	11
24052	10
24053	9
24054	10
24055	10
24056	11
24057	11
24058	12
24059	12
24060	11
24061	13
24062	12
24063	11
24064	10
24065	11
24066	12
24067	12
24068	11
24069	10
24070	11
24071	11
24072	10
24073	10
24074	9
24075	9
24076	10
24077	10
24078	11
24079	11
24080	10
24081	12
24082	11
24083	10
24084	9
24085	10
24086	11
24087	11
24088	10
24089	10
24090	9
24091	10
24092	10
24093	9
24094	9
24095	8
24096	9
24097	10
24098	10
24099	11
24100	11
24101	12
24102	14
24103	15
24104	15
24105	14
24106	14
24107	13
24108	14
24109	14
24110	13
24111	13
24112	12
24113	13
24114	13
24115	12
24116	12
24117	11
24118	11
24119	12
24120	14
24121	13
24122	12
24123	11
24124	11
24125	10
24126	11
24127	12
24128	11
24129	11
24130	12
24131	14
24132	13
24133	12
24134	11
24135	11
24136	10
24137	11
24138	10
24139	10
24140	11
24141	11
24142	10
24143	12
24144	11
24145	10
24146	9
24147	8
24148	9
24149	8
24150	8
24151	9
24152	9
24153	10
24154	10
24155	11
24156	13
24157	12
24158	11
24159	10
24160	10
24161	9
24162	11
24163	12
24164	12
24165	11
24166	11
24167	10
24168	11
24169	11
24170	10
24171	10
24172	9
24173	10
24174	10
24175	9
24176	9
24177	8
24178	9
24179	10
24180	10
24181	11
24182	11
24183	10
24184	10
24185	9
24186	9
24187	10
24188	11
24189	10
24190	9
24191	9
24192	8
24193	9
24194	9
24195	10
24196	10
24197	9
24198	11
24199	10
24200	9
24201	8
24202	7
24203	7
24204	8
24205	8
24206	9
24207	9
24208	10
24209	12
24210	13
24211	13
24212	14
24213	16
24214	15
24215	14
24216	13
24217	13
24218	12
24219	12
24220	13
24221	15
24222	14
24223	13
24224	12
24225	12
24226	11
24227	12
24228	12
24229	13
24230	13
24231	12
24232	14
24233	13
24234	12
24235	11
24236	11
24237	12
24238	14
24239	13
24240	12
24241	11
24242	11
24243	10
24244	11
24245	11
24246	12
24247	12
24248	11
24249	13
24250	12
24251	11
24252	10
24253	10
24254	11
24255	11
24256	10
24257	12
24258	11
24259	10
24260	9
24261	9
24262	10
24263	11
24264	12
24265	12
24266	11
24267	11
24268	10
24269	11
24270	11
24271	10
24272	9
24273	8
24274	10
24275	11
24276	10
24277	10
24278	11
24279	13
24280	14
24281	14
24282	13
24283	13
24284	12
24285	13
24286	13
24287	12
24288	12
24289	11
24290	12
24291	12
24292	11
24293	11
24294	10
24295	10
24296	11
24297	11
24298	10
24299	12
24300	11
24301	10
24302	9
24303	10
24304	10
24305	11
24306	11
24307	12
24308	14
24309	13
24310	12
24311	11
24312	11
24313	10
24314	12
24315	13
24316	13
24317	12
24318	12
24319	11
24320	12
24321	12
24322	11
24323	11
24324	10
24325	11
24326	11
24327	10
24328	10
24329	9
24330	9
24331	10
24332	12
24333	13
24334	12
24335	12
24336	11
24337	12
24338	12
24339	11
24340	11
24341	10
24342	11
24343	11
24344	10
24345	10
24346	9
24347	9
24348	10
24349	10
24350	9
24351	11
24352	10
24353	9
24354	8
24355	9
24356	9
24357	10
24358	10
24359	11
24360	11
24361	10
24362	12
24363	11
24364	10
24365	9
24366	10
24367	11
24368	11
24369	10
24370	10
24371	9
24372	10
24373	10
24374	9
24375	9
24376	8
24377	8
24378	9
24379	9
24380	10
24381	10
24382	9
24383	11
24384	10
24385	9
24386	8
24387	9
24388	10
24389	9
24390	9
24391	8
24392	9
24393	9
24394	8
24395	8
24396	7
24397	8
24398	9
24399	8
24400	8
24401	9
24402	10
24403	11
24404	11
24405	12
24406	14
24407	13
24408	12
24409	11
24410	11
24411	10
24412	10
24413	11
24414	11
24415	10
24416	10
24417	9
24418	10
24419	10
24420	11
24421	11
24422	10
24423	12
24424	11
24425	10
24426	9
24427	9
24428	10
24429	11
24430	10
24431	9
24432	9
24433	8
24434	8
24435	9
24436	9
24437	10
24438	10
24439	9
24440	11
24441	10
24442	9
24443	8
24444	10
24445	11
24446	11
24447	10
24448	10
24449	9
24450	10
24451	10
24452	9
24453	9
24454	8
24455	9
24456	9
24457	8
24458	8
24459	7
24460	8
24461	7
24462	6
24463	5
24464	4
24465	3
24466	2
24467	1
24468	1
24469	3
24470	3
24471	4
24472	6
24473	7
24474	7
24475	8
24476	10
24477	11
24478	11
24479	12
24480	13
24481	14
24482	14
24483	15
24484	15
24485	16
24486	18
24487	19
24488	19
24489	20
24490	19
24491	18
24492	18
24493	19
24494	18
24495	17
24496	18
24497	18
24498	19
24499	18
24500	17
24501	17
24502	18
24503	17
24504	16
24505	17
24506	17
24507	18
24508	17
24509	16
24510	16
24511	17
24512	16
24513	15
24514	15
24515	16
24516	18
24517	19
24518	18
24519	17
24520	18
24521	17
24522	16
24523	17
24524	16
24525	15
24526	15
24527	16
24528	15
24529	14
24530	16
24531	17
24532	17
24533	17
24534	17
24535	18
24536	17
24537	16
24538	16
24539	17
24540	19
24541	20
24542	19
24543	18
24544	19
24545	18
24546	17
24547	18
24548	17
24549	16
24550	16
24551	17
24552	16
24553	15
24554	16
24555	16
24556	17
24557	17
24558	18
24559	17
24560	16
24561	18
24562	19
24563	18
24564	17
24565	18
24566	17
24567	16
24568	17
24569	16
24570	15
24571	15
24572	16
24573	18
24574	19
24575	18
24576	17
24577	18
24578	17
24579	16
24580	17
24581	16
24582	15
24583	15
24584	16
24585	15
24586	14
24587	15
24588	15
24589	16
24590	16
24591	17
24592	16
24593	15
24594	17
24595	18
24596	17
24597	16
24598	17
24599	16
24600	15
24601	15
24602	14
24603	14
24604	15
24605	15
24606	16
24607	15
24608	14
24609	16
24610	17
24611	16
24612	15
24613	16
24614	15
24615	14
24616	14
24617	13
24618	13
24619	14
24620	16
24621	17
24622	17
24623	18
24624	20
24625	21
24626	20
24627	19
24628	20
24629	19
24630	18
24631	19
24632	18
24633	17
24634	17
24635	18
24636	17
24637	16
24638	16
24639	17
24640	19
24641	20
24642	19
24643	18
24644	19
24645	18
24646	17
24647	18
24648	17
24649	16
24650	16
24651	17
24652	16
24653	15
24654	16
24655	16
24656	17
24657	17
24658	18
24659	17
24660	16
24661	18
24662	18
24663	17
24664	18
24665	17
24666	16
24667	17
24668	16
24669	15
24670	15
24671	16
24672	18
24673	19
24674	18
24675	17
24676	18
24677	17
24678	16
24679	17
24680	16
24681	15
24682	15
24683	16
24684	15
24685	14
24686	15
24687	15
24688	16
24689	16
24690	17
24691	16
24692	15
24693	17
24694	18
24695	17
24696	16
24697	16
24698	15
24699	16
24700	15
24701	14
24702	14
24703	15
24704	17
24705	18
24706	17
24707	16
24708	17
24709	16
24710	15
24711	16
24712	15
24713	14
24714	14
24715	15
24716	14
24717	13
24718	13
24719	14
24720	14
24721	15
24722	15
24723	16
24724	15
24725	14
24726	16
24727	17
24728	16
24729	15
24730	16
24731	15
24732	14
24733	15
24734	14
24735	13
24736	15
24737	16
24738	16
24739	17
24740	16
24741	15
24742	15
24743	16
24744	15
24745	14
24746	15
24747	15
24748	16
24749	15
24750	14
24751	14
24752	15
24753	14
24754	13
24755	13
24756	13
24757	14
24758	13
24759	12
24760	12
24761	12
24762	13
24763	13
24764	14
24765	14
24766	15
24767	17
24768	18
24769	17
24770	16
24771	17
24772	16
24773	15
24774	16
24775	15
24776	14
24777	14
24778	15
24779	14
24780	13
24781	15
24782	16
24783	16
24784	17
24785	16
24786	15
24787	15
24788	16
24789	15
24790	14
24791	15
24792	15
24793	16
24794	15
24795	14
24796	14
24797	15
24798	14
24799	13
24800	14
24801	14
24802	15
24803	14
24804	13
24805	13
24806	14
24807	13
24808	12
24809	14
24810	15
24811	15
24812	15
24813	15
24814	16
24815	15
24816	14
24817	14
24818	15
24819	17
24820	17
24821	16
24822	16
24823	15
24824	16
24825	15
24826	14
24827	14
24828	15
24829	14
24830	13
24831	13
24832	13
24833	14
24834	16
24835	17
24836	16
24837	15
24838	16
24839	15
24840	14
24841	15
24842	14
24843	13
24844	13
24845	14
24846	13
24847	12
24848	13
24849	13
24850	14
24851	14
24852	15
24853	14
24854	13
24855	15
24856	16
24857	15
24858	14
24859	14
24860	13
24861	14
24862	13
24863	12
24864	12
24865	13
24866	13
24867	14
24868	13
24869	12
24870	14
24871	15
24872	14
24873	13
24874	14
24875	13
24876	12
24877	12
24878	11
24879	10
24880	10
24881	11
24882	13
24883	14
24884	14
24885	15
24886	17
24887	18
24888	18
24889	19
24890	21
24891	22
24892	21
24893	20
24894	21
24895	20
24896	19
24897	20
24898	19
24899	18
24900	18
24901	19
24902	18
24903	17
24904	17
24905	18
24906	20
24907	21
24908	20
24909	19
24910	20
24911	19
24912	18
24913	19
24914	18
24915	17
24916	17
24917	18
24918	17
24919	16
24920	17
24921	17
24922	18
24923	18
24924	19
24925	18
24926	17
24927	19
24928	20
24929	19
24930	18
24931	18
24932	17
24933	18
24934	17
24935	16
24936	16
24937	17
24938	19
24939	20
24940	19
24941	18
24942	19
24943	18
24944	17
24945	18
24946	17
24947	16
24948	16
24949	17
24950	16
24951	15
24952	16
24953	16
24954	17
24955	17
24956	18
24957	17
24958	16
24959	18
24960	19
24961	18
24962	17
24963	18
24964	17
24965	16
24966	17
24967	16
24968	15
24969	15
24970	16
24971	16
24972	17
24973	16
24974	15
24975	17
24976	18
24977	17
24978	16
24979	17
24980	16
24981	15
24982	15
24983	14
24984	14
24985	15
24986	17
24987	18
24988	18
24989	19
24990	18
24991	17
24992	17
24993	18
24994	17
24995	16
24996	16
24997	16
24998	17
24999	16
25000	15
25001	16
25002	16
25003	17
25004	16
25005	15
25006	15
25007	16
25008	15
25009	14
25010	14
25011	15
25012	15
25013	16
25014	15
25015	14
25016	16
25017	17
25018	16
25019	15
25020	16
25021	15
25022	14
25023	15
25024	14
25025	13
25026	13
25027	14
25028	16
25029	17
25030	17
25031	18
25032	20
25033	21
25034	20
25035	19
25036	20
25037	19
25038	18
25039	19
25040	18
25041	17
25042	17
25043	18
25044	17
25045	16
25046	16
25047	15
25048	16
25049	16
25050	17
25051	17
25052	18
25053	17
25054	16
25055	18
25056	18
25057	17
25058	18
25059	17
25060	16
25061	17
25062	16
25063	15
25064	15
25065	16
25066	18
25067	19
25068	18
25069	17
25070	18
25071	17
25072	16
25073	17
25074	16
25075	15
25076	15
25077	16
25078	15
25079	14
25080	15
25081	15
25082	16
25083	16
25084	17
25085	16
25086	15
25087	17
25088	18
25089	17
25090	16
25091	17
25092	16
25093	15
25094	15
25095	14
25096	14
25097	15
25098	15
25099	16
25100	15
25101	14
25102	16
25103	17
25104	16
25105	15
25106	16
25107	15
25108	14
25109	15
25110	14
25111	13
25112	13
25113	14
25114	16
25115	17
25116	17
25117	18
25118	17
25119	16
25120	16
25121	17
25122	16
25123	15
25124	16
25125	16
25126	17
25127	16
25128	15
25129	15
25130	16
25131	15
25132	14
25133	14
25134	14
25135	15
25136	14
25137	13
25138	13
25139	14
25140	14
25141	15
25142	14
25143	13
25144	15
25145	16
25146	15
25147	14
25148	15
25149	14
25150	13
25151	14
25152	13
25153	12
25154	12
25155	12
25156	13
25157	15
25158	15
25159	15
25160	16
25161	18
25162	19
25163	18
25164	17
25165	18
25166	17
25167	16
25168	17
25169	16
25170	15
25171	15
25172	16
25173	15
25174	14
25175	15
25176	15
25177	16
25178	16
25179	17
25180	16
25181	15
25182	17
25183	17
25184	16
25185	17
25186	16
25187	15
25188	16
25189	15
25190	14
25191	14
25192	15
25193	17
25194	17
25195	16
25196	17
25197	16
25198	15
25199	16
25200	15
25201	14
25202	14
25203	15
25204	14
25205	13
25206	14
25207	14
25208	15
25209	15
25210	16
25211	15
25212	14
25213	16
25214	17
25215	16
25216	15
25217	15
25218	14
25219	15
25220	14
25221	13
25222	13
25223	14
25224	16
25225	17
25226	16
25227	15
25228	16
25229	15
25230	14
25231	15
25232	14
25233	13
25234	13
25235	14
25236	13
25237	12
25238	12
25239	13
25240	13
25241	14
25242	14
25243	15
25244	14
25245	13
25246	15
25247	16
25248	15
25249	14
25250	15
25251	14
25252	13
25253	14
25254	13
25255	12
25256	14
25257	15
25258	15
25259	16
25260	15
25261	14
25262	14
25263	15
25264	14
25265	13
25266	14
25267	14
25268	15
25269	14
25270	13
25271	13
25272	14
25273	13
25274	12
25275	12
25276	12
25277	13
25278	12
25279	11
25280	11
25281	11
25282	12
25283	12
25284	13
25285	13
25286	14
25287	16
25288	17
25289	16
25290	15
25291	16
25292	15
25293	14
25294	15
25295	14
25296	13
25297	13
25298	14
25299	13
25300	12
25301	14
25302	15
25303	15
25304	16
25305	15
25306	14
25307	14
25308	15
25309	14
25310	13
25311	14
25312	14
25313	15
25314	14
25315	13
25316	13
25317	14
25318	13
25319	12
25320	13
25321	13
25322	14
25323	13
25324	12
25325	12
25326	13
25327	12
25328	11
25329	13
25330	13
25331	13
25332	13
25333	13
25334	14
25335	13
25336	12
25337	13
25338	13
25339	14
25340	14
25341	15
25342	14
25343	13
25344	15
25345	15
25346	14
25347	14
25348	13
25349	14
25350	13
25351	12
25352	12
25353	13
25354	15
25355	16
25356	15
25357	14
25358	15
25359	14
25360	13
25361	14
25362	13
25363	12
25364	12
25365	13
25366	12
25367	11
25368	12
25369	12
25370	13
25371	13
25372	14
25373	13
25374	12
25375	14
25376	15
25377	14
25378	13
25379	14
25380	13
25381	12
25382	12
25383	11
25384	11
25385	12
25386	12
25387	13
25388	12
25389	11
25390	13
25391	13
25392	12
25393	13
25394	12
25395	11
25396	12
25397	11
25398	10
25399	9
25400	8
25401	9
25402	9
25403	10
25404	10
25405	11
25406	11
25407	12
25408	14
25409	15
25410	15
25411	16
25412	18
25413	19
25414	18
25415	17
25416	18
25417	17
25418	16
25419	17
25420	16
25421	15
25422	15
25423	16
25424	15
25425	14
25426	14
25427	15
25428	17
25429	18
25430	17
25431	16
25432	17
25433	16
25434	15
25435	16
25436	15
25437	14
25438	14
25439	15
25440	14
25441	13
25442	14
25443	14
25444	15
25445	15
25446	16
25447	15
25448	14
25449	16
25450	16
25451	15
25452	16
25453	15
25454	14
25455	15
25456	14
25457	13
25458	13
25459	14
25460	16
25461	17
25462	16
25463	15
25464	16
25465	15
25466	14
25467	15
25468	14
25469	13
25470	13
25471	14
25472	13
25473	12
25474	13
25475	13
25476	14
25477	14
25478	15
25479	14
25480	13
25481	15
25482	16
25483	15
25484	14
25485	15
25486	14
25487	13
25488	13
25489	12
25490	12
25491	13
25492	13
25493	14
25494	13
25495	12
25496	14
25497	15
25498	14
25499	13
25500	14
25501	13
25502	12
25503	13
25504	12
25505	11
25506	11
25507	12
25508	14
25509	15
25510	15
25511	16
25512	15
25513	14
25514	14
25515	15
25516	14
25517	13
25518	14
25519	14
25520	15
25521	14
25522	13
25523	13
25524	14
25525	13
25526	12
25527	12
25528	12
25529	13
25530	12
25531	11
25532	11
25533	12
25534	12
25535	13
25536	12
25537	11
25538	13
25539	14
25540	13
25541	12
25542	13
25543	12
25544	11
25545	12
25546	11
25547	10
25548	12
25549	13
25550	13
25551	14
25552	14
25553	15
25554	17
25555	18
25556	17
25557	16
25558	17
25559	16
25560	15
25561	16
25562	15
25563	14
25564	14
25565	15
25566	14
25567	13
25568	15
25569	16
25570	16
25571	16
25572	15
25573	15
25574	16
25575	15
25576	14
25577	15
25578	15
25579	16
25580	15
25581	14
25582	14
25583	15
25584	14
25585	13
25586	14
25587	14
25588	15
25589	14
25590	13
25591	13
25592	14
25593	13
25594	12
25595	12
25596	13
25597	15
25598	15
25599	15
25600	16
25601	15
25602	14
25603	15
25604	15
25605	15
25606	14
25607	14
25608	15
25609	14
25610	13
25611	14
25612	14
25613	15
25614	14
25615	13
25616	13
25617	14
25618	13
25619	12
25620	12
25621	13
25622	13
25623	14
25624	13
25625	12
25626	14
25627	15
25628	14
25629	13
25630	14
25631	13
25632	12
25633	13
25634	12
25635	11
25636	11
25637	11
25638	12
25639	14
25640	15
25641	15
25642	16
25643	15
25644	14
25645	14
25646	15
25647	14
25648	13
25649	14
25650	14
25651	14
25652	13
25653	13
25654	14
25655	13
25656	12
25657	13
25658	13
25659	14
25660	13
25661	12
25662	12
25663	13
25664	12
25665	11
25666	11
25667	12
25668	12
25669	13
25670	12
25671	11
25672	13
25673	14
25674	13
25675	12
25676	13
25677	12
25678	11
25679	12
25680	11
25681	10
25682	11
25683	11
25684	11
25685	11
25686	12
25687	12
25688	13
25689	12
25690	11
25691	13
25692	14
25693	13
25694	12
25695	13
25696	12
25697	11
25698	12
25699	11
25700	10
25701	10
25702	10
25703	10
25704	11
25705	11
25706	12
25707	11
25708	10
25709	12
25710	13
25711	12
25712	11
25713	12
25714	11
25715	10
25716	11
25717	10
25718	9
25719	8
25720	8
25721	9
25722	9
25723	10
25724	10
25725	11
25726	13
25727	14
25728	14
25729	15
25730	17
25731	18
25732	17
25733	16
25734	17
25735	16
25736	15
25737	16
25738	15
25739	14
25740	14
25741	15
25742	14
25743	13
25744	13
25745	14
25746	16
25747	17
25748	16
25749	15
25750	15
25751	14
25752	15
25753	14
25754	13
25755	13
25756	13
25757	12
25758	13
25759	13
25760	14
25761	14
25762	15
25763	14
25764	13
25765	15
25766	16
25767	15
25768	14
25769	14
25770	13
25771	14
25772	13
25773	12
25774	12
25775	13
25776	15
25777	16
25778	15
25779	14
25780	15
25781	14
25782	13
25783	14
25784	13
25785	12
25786	12
25787	13
25788	12
25789	11
25790	12
25791	12
25792	13
25793	13
25794	14
25795	13
25796	12
25797	14
25798	15
25799	14
25800	13
25801	14
25802	13
25803	12
25804	13
25805	12
25806	11
25807	11
25808	12
25809	12
25810	13
25811	12
25812	11
25813	13
25814	14
25815	13
25816	12
25817	13
25818	12
25819	11
25820	11
25821	10
25822	10
25823	11
25824	13
25825	14
25826	14
25827	15
25828	14
25829	13
25830	13
25831	14
25832	13
25833	12
25834	12
25835	12
25836	13
25837	12
25838	11
25839	12
25840	12
25841	13
25842	12
25843	11
25844	11
25845	12
25846	11
25847	10
25848	10
25849	11
25850	11
25851	12
25852	11
25853	10
25854	12
25855	13
25856	12
25857	11
25858	12
25859	11
25860	10
25861	11
25862	10
25863	9
25864	11
25865	11
25866	11
25867	12
25868	14
25869	15
25870	15
25871	16
25872	15
25873	14
25874	14
25875	15
25876	14
25877	13
25878	14
25879	14
25880	15
25881	14
25882	13
25883	13
25884	14
25885	13
25886	12
25887	13
25888	13
25889	14
25890	13
25891	12
25892	12
25893	13
25894	12
25895	11
25896	11
25897	12
25898	12
25899	13
25900	12
25901	11
25902	13
25903	14
25904	13
25905	12
25906	13
25907	12
25908	11
25909	12
25910	11
25911	10
25912	11
25913	11
25914	12
25915	12
25916	13
25917	15
25918	16
25919	15
25920	14
25921	15
25922	14
25923	13
25924	14
25925	13
25926	12
25927	12
25928	13
25929	12
25930	11
25931	13
25932	14
25933	14
25934	15
25935	14
25936	13
25937	13
25938	13
25939	12
25940	13
25941	13
25942	13
25943	12
25944	12
25945	13
25946	12
25947	11
25948	12
25949	12
25950	13
25951	12
25952	11
25953	11
25954	12
25955	11
25956	10
25957	10
25958	11
25959	13
25960	13
25961	13
25962	13
25963	12
25964	13
25965	13
25966	14
25967	13
25968	12
25969	12
25970	13
25971	12
25972	11
25973	12
25974	12
25975	12
25976	11
25977	11
25978	12
25979	11
25980	10
25981	10
25982	11
25983	11
25984	12
25985	11
25986	10
25987	12
25988	12
25989	11
25990	12
25991	11
25992	10
25993	11
25994	10
25995	9
25996	10
25997	10
25998	10
25999	10
26000	11
26001	11
26002	12
26003	11
26004	10
26005	12
26006	13
26007	12
26008	11
26009	12
26010	11
26011	10
26012	11
26013	10
26014	9
26015	9
26016	9
26017	9
26018	10
26019	10
26020	11
26021	10
26022	9
26023	11
26024	12
26025	11
26026	10
26027	11
26028	10
26029	9
26030	10
26031	9
26032	8
26033	7
26034	6
26035	6
26036	7
26037	9
26038	10
26039	10
26040	11
26041	13
26042	14
26043	14
26044	15
26045	17
26046	18
26047	18
26048	18
26049	18
26050	19
26051	18
26052	17
26053	17
26054	18
26055	20
26056	21
26057	20
26058	19
26059	20
26060	19
26061	18
26062	19
26063	18
26064	17
26065	17
26066	18
26067	17
26068	16
26069	17
26070	17
26071	17
26072	17
26073	18
26074	17
26075	16
26076	16
26077	17
26078	19
26079	20
26080	19
26081	18
26082	19
26083	18
26084	17
26085	18
26086	17
26087	16
26088	16
26089	17
26090	16
26091	15
26092	16
26093	16
26094	17
26095	17
26096	18
26097	17
26098	16
26099	18
26100	19
26101	18
26102	17
26103	18
26104	17
26105	16
26106	17
26107	16
26108	15
26109	15
26110	16
26111	16
26112	17
26113	16
26114	15
26115	17
26116	18
26117	17
26118	16
26119	17
26120	16
26121	15
26122	15
26123	14
26124	14
26125	15
26126	17
26127	18
26128	18
26129	19
26130	18
26131	17
26132	17
26133	18
26134	17
26135	16
26136	16
26137	16
26138	17
26139	16
26140	15
26141	16
26142	16
26143	17
26144	16
26145	15
26146	15
26147	16
26148	15
26149	14
26150	14
26151	15
26152	15
26153	16
26154	15
26155	14
26156	16
26157	17
26158	16
26159	15
26160	16
26161	15
26162	14
26163	15
26164	14
26165	13
26166	13
26167	14
26168	16
26169	17
26170	17
26171	18
26172	20
26173	21
26174	20
26175	19
26176	20
26177	19
26178	18
26179	19
26180	18
26181	17
26182	17
26183	18
26184	17
26185	16
26186	16
26187	17
26188	19
26189	20
26190	19
26191	18
26192	19
26193	18
26194	17
26195	18
26196	17
26197	16
26198	16
26199	17
26200	16
26201	15
26202	16
26203	16
26204	16
26205	18
26206	18
26207	17
26208	18
26209	17
26210	16
26211	17
26212	16
26213	15
26214	15
26215	15
26216	17
26217	18
26218	17
26219	16
26220	17
26221	16
26222	15
26223	16
26224	15
26225	14
26226	15
26227	15
26228	16
26229	16
26230	17
26231	16
26232	15
26233	17
26234	18
26235	17
26236	16
26237	17
26238	16
26239	15
26240	15
26241	14
26242	14
26243	15
26244	15
26245	16
26246	15
26247	14
26248	16
26249	17
26250	16
26251	15
26252	16
26253	15
26254	14
26255	15
26256	14
26257	13
26258	13
26259	14
26260	16
26261	17
26262	17
26263	18
26264	17
26265	16
26266	16
26267	17
26268	16
26269	15
26270	16
26271	16
26272	17
26273	16
26274	15
26275	15
26276	16
26277	15
26278	14
26279	14
26280	14
26281	15
26282	14
26283	13
26284	13
26285	14
26286	14
26287	15
26288	14
26289	13
26290	15
26291	16
26292	15
26293	14
26294	15
26295	14
26296	13
26297	14
26298	13
26299	12
26300	12
26301	12
26302	13
26303	15
26304	15
26305	15
26306	16
26307	18
26308	19
26309	18
26310	17
26311	18
26312	17
26313	16
26314	17
26315	16
26316	15
26317	15
26318	16
26319	15
26320	14
26321	15
26322	15
26323	16
26324	16
26325	17
26326	16
26327	15
26328	17
26329	17
26330	16
26331	17
26332	16
26333	15
26334	16
26335	15
26336	14
26337	14
26338	15
26339	17
26340	18
26341	17
26342	16
26343	17
26344	16
26345	15
26346	16
26347	15
26348	14
26349	14
26350	15
26351	14
26352	13
26353	14
26354	14
26355	15
26356	15
26357	16
26358	15
26359	14
26360	16
26361	17
26362	16
26363	15
26364	15
26365	14
26366	15
26367	14
26368	13
26369	13
26370	14
26371	16
26372	16
26373	15
26374	16
26375	15
26376	14
26377	15
26378	14
26379	13
26380	13
26381	14
26382	13
26383	12
26384	12
26385	13
26386	13
26387	14
26388	14
26389	15
26390	14
26391	13
26392	15
26393	16
26394	15
26395	14
26396	15
26397	14
26398	13
26399	14
26400	13
26401	12
26402	14
26403	14
26404	14
26405	15
26406	14
26407	13
26408	14
26409	14
26410	15
26411	14
26412	13
26413	13
26414	14
26415	13
26416	12
26417	12
26418	12
26419	13
26420	12
26421	11
26422	11
26423	11
26424	12
26425	12
26426	13
26427	13
26428	14
26429	16
26430	17
26431	16
26432	15
26433	16
26434	15
26435	14
26436	15
26437	14
26438	13
26439	13
26440	14
26441	13
26442	12
26443	14
26444	15
26445	15
26446	16
26447	15
26448	14
26449	14
26450	15
26451	14
26452	13
26453	14
26454	14
26455	15
26456	14
26457	13
26458	13
26459	14
26460	13
26461	12
26462	13
26463	13
26464	14
26465	13
26466	12
26467	12
26468	13
26469	12
26470	11
26471	13
26472	13
26473	13
26474	13
26475	13
26476	14
26477	13
26478	12
26479	13
26480	13
26481	14
26482	14
26483	15
26484	14
26485	13
26486	15
26487	15
26488	14
26489	14
26490	13
26491	14
26492	13
26493	12
26494	12
26495	13
26496	15
26497	16
26498	15
26499	14
26500	15
26501	14
26502	13
26503	14
26504	13
26505	12
26506	12
26507	13
26508	12
26509	11
26510	12
26511	12
26512	13
26513	13
26514	14
26515	13
26516	12
26517	14
26518	14
26519	13
26520	14
26521	13
26522	12
26523	13
26524	12
26525	11
26526	11
26527	12
26528	12
26529	13
26530	12
26531	11
26532	13
26533	14
26534	13
26535	12
26536	13
26537	12
26538	11
26539	11
26540	10
26541	9
26542	9
26543	10
26544	12
26545	13
26546	13
26547	14
26548	16
26549	17
26550	17
26551	18
26552	20
26553	21
26554	20
26555	19
26556	20
26557	19
26558	18
26559	19
26560	18
26561	17
26562	17
26563	18
26564	17
26565	16
26566	16
26567	17
26568	19
26569	20
26570	19
26571	18
26572	19
26573	18
26574	17
26575	18
26576	17
26577	16
26578	16
26579	17
26580	16
26581	15
26582	16
26583	16
26584	17
26585	17
26586	18
26587	17
26588	16
26589	18
26590	19
26591	18
26592	17
26593	17
26594	16
26595	17
26596	16
26597	15
26598	15
26599	16
26600	18
26601	19
26602	18
26603	17
26604	18
26605	17
26606	16
26607	17
26608	16
26609	15
26610	15
26611	16
26612	15
26613	14
26614	15
26615	15
26616	16
26617	16
26618	17
26619	16
26620	15
26621	17
26622	18
26623	17
26624	16
26625	17
26626	16
26627	15
26628	16
26629	15
26630	14
26631	14
26632	15
26633	15
26634	16
26635	15
26636	14
26637	16
26638	17
26639	16
26640	15
26641	16
26642	15
26643	14
26644	14
26645	13
26646	13
26647	14
26648	16
26649	17
26650	17
26651	18
26652	17
26653	16
26654	16
26655	17
26656	16
26657	15
26658	15
26659	15
26660	16
26661	15
26662	14
26663	15
26664	15
26665	16
26666	15
26667	14
26668	14
26669	15
26670	14
26671	13
26672	13
26673	14
26674	14
26675	14
26676	13
26677	15
26678	16
26679	15
26680	14
26681	15
26682	14
26683	13
26684	14
26685	13
26686	12
26687	12
26688	11
26689	11
26690	11
26691	12
26692	14
26693	15
26694	15
26695	16
26696	18
26697	19
26698	18
26699	17
26700	18
26701	17
26702	16
26703	17
26704	16
26705	15
26706	15
26707	16
26708	15
26709	14
26710	14
26711	15
26712	17
26713	18
26714	17
26715	16
26716	17
26717	16
26718	15
26719	16
26720	15
26721	14
26722	14
26723	15
26724	14
26725	13
26726	14
26727	14
26728	15
26729	15
26730	16
26731	15
26732	14
26733	16
26734	16
26735	15
26736	16
26737	15
26738	14
26739	15
26740	14
26741	13
26742	13
26743	14
26744	16
26745	17
26746	16
26747	15
26748	16
26749	15
26750	14
26751	15
26752	14
26753	13
26754	13
26755	14
26756	13
26757	12
26758	13
26759	13
26760	13
26761	13
26762	14
26763	13
26764	12
26765	12
26766	13
26767	15
26768	16
26769	15
26770	14
26771	15
26772	14
26773	13
26774	14
26775	13
26776	12
26777	12
26778	13
26779	12
26780	11
26781	11
26782	12
26783	12
26784	13
26785	13
26786	14
26787	13
26788	12
26789	14
26790	15
26791	14
26792	13
26793	14
26794	13
26795	12
26796	13
26797	12
26798	11
26799	13
26800	13
26801	13
26802	14
26803	13
26804	12
26805	13
26806	13
26807	14
26808	13
26809	12
26810	12
26811	13
26812	12
26813	11
26814	11
26815	11
26816	12
26817	11
26818	10
26819	10
26820	10
26821	11
26822	11
26823	12
26824	12
26825	13
26826	15
26827	16
26828	15
26829	14
26830	15
26831	14
26832	13
26833	14
26834	13
26835	12
26836	12
26837	13
26838	12
26839	11
26840	13
26841	14
26842	14
26843	15
26844	14
26845	13
26846	13
26847	14
26848	13
26849	12
26850	13
26851	13
26852	14
26853	13
26854	12
26855	12
26856	13
26857	12
26858	11
26859	12
26860	12
26861	13
26862	12
26863	11
26864	11
26865	12
26866	11
26867	10
26868	12
26869	12
26870	12
26871	12
26872	12
26873	13
26874	12
26875	11
26876	12
26877	12
26878	13
26879	13
26880	14
26881	13
26882	12
26883	14
26884	14
26885	13
26886	13
26887	12
26888	13
26889	12
26890	11
26891	11
26892	12
26893	14
26894	15
26895	14
26896	13
26897	14
26898	13
26899	12
26900	13
26901	12
26902	11
26903	11
26904	12
26905	11
26906	10
26907	11
26908	11
26909	12
26910	12
26911	13
26912	12
26913	11
26914	13
26915	14
26916	13
26917	12
26918	13
26919	12
26920	11
26921	11
26922	10
26923	10
26924	11
26925	11
26926	12
26927	11
26928	10
26929	12
26930	12
26931	11
26932	12
26933	11
26934	10
26935	11
26936	10
26937	9
26938	8
26939	7
26940	8
26941	8
26942	9
26943	9
26944	10
26945	10
26946	11
26947	13
26948	14
26949	14
26950	15
26951	17
26952	18
26953	17
26954	16
26955	17
26956	16
26957	15
26958	16
26959	15
26960	14
26961	14
26962	15
26963	14
26964	13
26965	13
26966	14
26967	16
26968	17
26969	16
26970	15
26971	16
26972	15
26973	14
26974	15
26975	14
26976	13
26977	13
26978	14
26979	13
26980	12
26981	13
26982	13
26983	14
26984	14
26985	15
26986	14
26987	13
26988	15
26989	15
26990	14
26991	15
26992	14
26993	13
26994	14
26995	13
26996	12
26997	12
26998	13
26999	15
27000	16
27001	15
27002	14
27003	15
27004	14
27005	13
27006	14
27007	13
27008	12
27009	12
27010	13
27011	12
27012	11
27013	12
27014	12
27015	13
27016	13
27017	14
27018	13
27019	12
27020	14
27021	15
27022	14
27023	13
27024	14
27025	13
27026	12
27027	12
27028	11
27029	11
27030	12
27031	12
27032	13
27033	12
27034	11
27035	13
27036	14
27037	13
27038	12
27039	13
27040	12
27041	11
27042	12
27043	11
27044	10
27045	10
27046	11
27047	13
27048	14
27049	14
27050	15
27051	14
27052	13
27053	13
27054	14
27055	13
27056	12
27057	13
27058	13
27059	14
27060	13
27061	12
27062	12
27063	13
27064	12
27065	11
27066	11
27067	11
27068	12
27069	11
27070	10
27071	10
27072	11
27073	11
27074	12
27075	11
27076	10
27077	12
27078	13
27079	12
27080	11
27081	12
27082	11
27083	10
27084	11
27085	10
27086	9
27087	11
27088	12
27089	12
27090	13
27091	13
27092	14
27093	16
27094	17
27095	16
27096	15
27097	16
27098	15
27099	14
27100	15
27101	14
27102	13
27103	13
27104	14
27105	13
27106	12
27107	14
27108	15
27109	15
27110	15
27111	14
27112	14
27113	15
27114	14
27115	13
27116	14
27117	14
27118	15
27119	14
27120	13
27121	13
27122	14
27123	13
27124	12
27125	13
27126	13
27127	14
27128	13
27129	12
27130	12
27131	13
27132	12
27133	11
27134	11
27135	12
27136	14
27137	14
27138	14
27139	15
27140	14
27141	13
27142	14
27143	14
27144	14
27145	13
27146	13
27147	14
27148	13
27149	12
27150	13
27151	13
27152	14
27153	13
27154	12
27155	12
27156	13
27157	12
27158	11
27159	11
27160	12
27161	12
27162	13
27163	12
27164	11
27165	13
27166	14
27167	13
27168	12
27169	13
27170	12
27171	11
27172	12
27173	11
27174	10
27175	10
27176	10
27177	10
27178	10
27179	11
27180	11
27181	12
27182	11
27183	10
27184	12
27185	13
27186	12
27187	11
27188	12
27189	11
27190	10
27191	11
27192	10
27193	9
27194	10
27195	10
27196	10
27197	10
27198	11
27199	11
27200	12
27201	11
27202	10
27203	12
27204	13
27205	12
27206	11
27207	12
27208	11
27209	10
27210	11
27211	10
27212	9
27213	9
27214	10
27215	10
27216	11
27217	11
27218	12
27219	11
27220	10
27221	12
27222	13
27223	12
27224	11
27225	12
27226	11
27227	10
27228	11
27229	10
27230	9
27231	11
27232	12
27233	12
27234	13
27235	12
27236	11
27237	11
27238	12
27239	11
27240	10
27241	11
27242	11
27243	11
27244	10
27245	10
27246	11
27247	10
27248	9
27249	10
27250	10
27251	11
27252	10
27253	9
27254	9
27255	9
27256	8
27257	7
27258	7
27259	8
27260	8
27261	9
27262	9
27263	10
27264	12
27265	13
27266	13
27267	14
27268	16
27269	17
27270	16
27271	15
27272	16
27273	15
27274	14
27275	15
27276	14
27277	13
27278	13
27279	14
27280	13
27281	12
27282	12
27283	13
27284	15
27285	16
27286	15
27287	14
27288	14
27289	13
27290	14
27291	13
27292	12
27293	12
27294	12
27295	11
27296	12
27297	12
27298	13
27299	13
27300	14
27301	13
27302	12
27303	14
27304	15
27305	14
27306	13
27307	13
27308	12
27309	13
27310	12
27311	11
27312	11
27313	12
27314	14
27315	15
27316	14
27317	13
27318	14
27319	13
27320	12
27321	13
27322	12
27323	11
27324	11
27325	12
27326	11
27327	10
27328	11
27329	11
27330	12
27331	12
27332	13
27333	12
27334	11
27335	13
27336	14
27337	13
27338	12
27339	13
27340	12
27341	11
27342	12
27343	11
27344	10
27345	10
27346	11
27347	11
27348	12
27349	11
27350	10
27351	12
27352	13
27353	12
27354	11
27355	12
27356	11
27357	10
27358	10
27359	9
27360	9
27361	9
27362	11
27363	12
27364	12
27365	13
27366	12
27367	11
27368	11
27369	12
27370	11
27371	10
27372	10
27373	10
27374	11
27375	10
27376	9
27377	10
27378	10
27379	11
27380	10
27381	9
27382	9
27383	10
27384	9
27385	8
27386	10
27387	10
27388	10
27389	11
27390	13
27391	14
27392	14
27393	15
27394	14
27395	13
27396	13
27397	14
27398	13
27399	12
27400	13
27401	13
27402	14
27403	13
27404	12
27405	12
27406	13
27407	12
27408	11
27409	12
27410	12
27411	13
27412	12
27413	11
27414	11
27415	12
27416	11
27417	10
27418	10
27419	11
27420	11
27421	12
27422	11
27423	10
27424	12
27425	13
27426	12
27427	11
27428	12
27429	11
27430	10
27431	10
27432	9
27433	10
27434	10
27435	11
27436	11
27437	12
27438	14
27439	15
27440	14
27441	13
27442	14
27443	13
27444	12
27445	13
27446	12
27447	11
27448	11
27449	12
27450	11
27451	10
27452	12
27453	13
27454	13
27455	14
27456	13
27457	12
27458	12
27459	12
27460	11
27461	12
27462	12
27463	12
27464	11
27465	11
27466	12
27467	11
27468	10
27469	11
27470	11
27471	12
27472	11
27473	10
27474	10
27475	11
27476	10
27477	9
27478	9
27479	10
27480	12
27481	12
27482	12
27483	12
27484	11
27485	12
27486	12
27487	13
27488	12
27489	11
27490	11
27491	12
27492	11
27493	10
27494	11
27495	11
27496	11
27497	10
27498	10
27499	11
27500	10
27501	9
27502	9
27503	10
27504	10
27505	11
27506	10
27507	9
27508	11
27509	11
27510	10
27511	10
27512	9
27513	10
27514	9
27515	8
27516	9
27517	9
27518	9
27519	9
27520	10
27521	10
27522	11
27523	10
27524	9
27525	11
27526	12
27527	11
27528	10
27529	11
27530	10
27531	9
27532	10
27533	9
27534	8
27535	8
27536	8
27537	8
27538	9
27539	9
27540	10
27541	9
27542	8
27543	10
27544	11
27545	10
27546	9
27547	10
27548	9
27549	8
27550	9
27551	8
27552	7
27553	6
27554	5
27555	4
27556	5
27557	5
27558	6
27559	6
27560	7
27561	7
27562	8
27563	10
27564	11
27565	11
27566	12
27567	14
27568	15
27569	15
27570	16
27571	18
27572	19
27573	18
27574	17
27575	18
27576	17
27577	16
27578	17
27579	16
27580	15
27581	15
27582	16
27583	15
27584	14
27585	14
27586	15
27587	17
27588	18
27589	17
27590	16
27591	16
27592	15
27593	16
27594	15
27595	14
27596	14
27597	15
27598	14
27599	13
27600	14
27601	14
27602	15
27603	15
27604	16
27605	15
27606	14
27607	16
27608	17
27609	16
27610	15
27611	15
27612	14
27613	15
27614	14
27615	13
27616	13
27617	14
27618	16
27619	17
27620	16
27621	15
27622	16
27623	15
27624	14
27625	15
27626	14
27627	13
27628	13
27629	14
27630	13
27631	12
27632	13
27633	13
27634	14
27635	14
27636	15
27637	14
27638	13
27639	15
27640	16
27641	15
27642	14
27643	15
27644	14
27645	13
27646	14
27647	13
27648	12
27649	12
27650	13
27651	13
27652	14
27653	13
27654	12
27655	14
27656	15
27657	14
27658	13
27659	14
27660	13
27661	12
27662	12
27663	11
27664	11
27665	12
27666	14
27667	15
27668	15
27669	15
27670	14
27671	14
27672	14
27673	13
27674	13
27675	13
27676	14
27677	13
27678	12
27679	13
27680	13
27681	14
27682	13
27683	12
27684	12
27685	13
27686	12
27687	11
27688	11
27689	12
27690	12
27691	13
27692	12
27693	11
27694	13
27695	14
27696	13
27697	12
27698	13
27699	12
27700	11
27701	12
27702	11
27703	10
27704	10
27705	11
27706	13
27707	14
27708	14
27709	14
27710	16
27711	16
27712	15
27713	15
27714	14
27715	15
27716	14
27717	13
27718	13
27719	14
27720	15
27721	16
27722	15
27723	14
27724	15
27725	14
27726	13
27727	13
27728	14
27729	13
27730	12
27731	13
27732	13
27733	14
27734	14
27735	15
27736	14
27737	13
27738	15
27739	15
27740	14
27741	15
27742	14
27743	13
27744	14
27745	13
27746	12
27747	12
27748	13
27749	15
27750	16
27751	15
27752	14
27753	15
27754	14
27755	13
27756	14
27757	13
27758	12
27759	12
27760	13
27761	12
27762	11
27763	12
27764	12
27765	13
27766	13
27767	14
27768	13
27769	12
27770	14
27771	15
27772	14
27773	13
27774	14
27775	13
27776	12
27777	12
27778	11
27779	11
27780	12
27781	12
27782	13
27783	12
27784	11
27785	13
27786	14
27787	13
27788	12
27789	13
27790	12
27791	11
27792	12
27793	11
27794	10
27795	10
27796	11
27797	13
27798	14
27799	14
27800	15
27801	14
27802	13
27803	13
27804	14
27805	13
27806	12
27807	13
27808	13
27809	14
27810	13
27811	12
27812	12
27813	13
27814	12
27815	11
27816	11
27817	11
27818	12
27819	11
27820	10
27821	10
27822	11
27823	11
27824	12
27825	11
27826	10
27827	12
27828	13
27829	12
27830	11
27831	12
27832	11
27833	10
27834	11
27835	10
27836	9
27837	9
27838	9
27839	10
27840	12
27841	12
27842	12
27843	13
27844	15
27845	16
27846	15
27847	14
27848	15
27849	14
27850	13
27851	14
27852	13
27853	12
27854	12
27855	13
27856	12
27857	11
27858	12
27859	12
27860	13
27861	13
27862	14
27863	13
27864	12
27865	14
27866	14
27867	13
27868	14
27869	13
27870	12
27871	12
27872	11
27873	11
27874	12
27875	14
27876	14
27877	13
27878	14
27879	13
27880	12
27881	13
27882	12
27883	11
27884	11
27885	12
27886	11
27887	10
27888	11
27889	11
27890	12
27891	12
27892	13
27893	12
27894	11
27895	13
27896	14
27897	13
27898	12
27899	12
27900	11
27901	11
27902	10
27903	10
27904	11
27905	13
27906	14
27907	13
27908	12
27909	13
27910	12
27911	11
27912	12
27913	11
27914	10
27915	10
27916	11
27917	10
27918	9
27919	9
27920	10
27921	10
27922	11
27923	11
27924	12
27925	11
27926	10
27927	12
27928	13
27929	12
27930	11
27931	12
27932	11
27933	10
27934	11
27935	10
27936	9
27937	11
27938	12
27939	12
27940	13
27941	12
27942	11
27943	11
27944	12
27945	11
27946	10
27947	11
27948	11
27949	12
27950	11
27951	10
27952	10
27953	11
27954	10
27955	9
27956	9
27957	9
27958	10
27959	9
27960	8
27961	8
27962	8
27963	9
27964	9
27965	10
27966	10
27967	11
27968	13
27969	14
27970	13
27971	12
27972	13
27973	12
27974	11
27975	12
27976	11
27977	10
27978	10
27979	11
27980	10
27981	9
27982	11
27983	12
27984	12
27985	13
27986	12
27987	11
27988	11
27989	12
27990	11
27991	10
27992	11
27993	11
27994	12
27995	11
27996	10
27997	10
27998	11
27999	10
28000	9
28001	10
28002	10
28003	11
28004	10
28005	9
28006	9
28007	10
28008	9
28009	8
28010	10
28011	10
28012	10
28013	10
28014	10
28015	11
28016	10
28017	9
28018	10
28019	10
28020	11
28021	11
28022	12
28023	11
28024	10
28025	12
28026	12
28027	11
28028	11
28029	10
28030	11
28031	10
28032	9
28033	9
28034	10
28035	12
28036	13
28037	12
28038	11
28039	12
28040	11
28041	10
28042	11
28043	10
28044	9
28045	9
28046	10
28047	9
28048	8
28049	9
28050	9
28051	10
28052	10
28053	11
28054	10
28055	9
28056	11
28057	12
28058	11
28059	10
28060	11
28061	10
28062	9
28063	9
28064	8
28065	8
28066	9
28067	9
28068	10
28069	9
28070	8
28071	10
28072	10
28073	9
28074	10
28075	9
28076	8
28077	9
28078	8
28079	7
28080	6
28081	5
28082	7
28083	8
28084	8
28085	9
28086	11
28087	11
28088	11
28089	12
28090	14
28091	15
28092	15
28093	16
28094	18
28095	19
28096	18
28097	17
28098	18
28099	17
28100	16
28101	17
28102	16
28103	15
28104	15
28105	16
28106	15
28107	14
28108	14
28109	15
28110	17
28111	18
28112	17
28113	16
28114	17
28115	16
28116	15
28117	16
28118	15
28119	14
28120	14
28121	15
28122	14
28123	13
28124	14
28125	14
28126	15
28127	15
28128	16
28129	15
28130	14
28131	16
28132	15
28133	16
28134	15
28135	14
28136	15
28137	14
28138	13
28139	13
28140	14
28141	16
28142	17
28143	16
28144	15
28145	16
28146	15
28147	14
28148	15
28149	14
28150	13
28151	13
28152	13
28153	12
28154	13
28155	13
28156	14
28157	14
28158	15
28159	14
28160	13
28161	15
28162	16
28163	15
28164	14
28165	15
28166	14
28167	13
28168	13
28169	12
28170	12
28171	13
28172	13
28173	14
28174	13
28175	12
28176	14
28177	15
28178	14
28179	13
28180	14
28181	13
28182	12
28183	13
28184	12
28185	11
28186	11
28187	12
28188	14
28189	15
28190	15
28191	16
28192	15
28193	14
28194	14
28195	15
28196	14
28197	13
28198	14
28199	14
28200	15
28201	14
28202	13
28203	13
28204	14
28205	13
28206	12
28207	12
28208	12
28209	13
28210	12
28211	11
28212	11
28213	11
28214	11
28215	12
28216	11
28217	10
28218	10
28219	10
28220	11
28221	13
28222	14
28223	14
28224	14
28225	14
28226	15
28227	14
28228	13
28229	13
28230	14
28231	16
28232	17
28233	16
28234	15
28235	16
28236	15
28237	14
28238	15
28239	14
28240	13
28241	13
28242	14
28243	13
28244	12
28245	13
28246	13
28247	14
28248	14
28249	15
28250	14
28251	13
28252	15
28253	16
28254	15
28255	14
28256	15
28257	14
28258	13
28259	14
28260	13
28261	12
28262	12
28263	13
28264	15
28265	16
28266	15
28267	14
28268	15
28269	14
28270	13
28271	14
28272	13
28273	12
28274	12
28275	13
28276	12
28277	11
28278	12
28279	12
28280	13
28281	13
28282	14
28283	13
28284	12
28285	14
28286	15
28287	14
28288	13
28289	13
28290	12
28291	13
28292	12
28293	11
28294	11
28295	12
28296	14
28297	15
28298	14
28299	13
28300	14
28301	13
28302	12
28303	13
28304	12
28305	11
28306	11
28307	12
28308	11
28309	10
28310	10
28311	11
28312	11
28313	12
28314	12
28315	13
28316	12
28317	11
28318	13
28319	14
28320	13
28321	12
28322	13
28323	12
28324	11
28325	12
28326	11
28327	10
28328	12
28329	13
28330	13
28331	14
28332	13
28333	12
28334	12
28335	13
28336	12
28337	11
28338	12
28339	12
28340	13
28341	12
28342	11
28343	11
28344	12
28345	11
28346	10
28347	10
28348	10
28349	11
28350	10
28351	9
28352	9
28353	9
28354	10
28355	10
28356	11
28357	11
28358	12
28359	14
28360	15
28361	14
28362	13
28363	14
28364	13
28365	12
28366	13
28367	12
28368	11
28369	11
28370	12
28371	11
28372	10
28373	12
28374	13
28375	13
28376	14
28377	13
28378	12
28379	12
28380	13
28381	12
28382	11
28383	12
28384	12
28385	13
28386	12
28387	11
28388	11
28389	12
28390	11
28391	10
28392	11
28393	11
28394	12
28395	11
28396	10
28397	10
28398	11
28399	10
28400	9
28401	11
28402	11
28403	11
28404	11
28405	11
28406	12
28407	11
28408	10
28409	11
28410	11
28411	12
28412	12
28413	13
28414	12
28415	11
28416	13
28417	13
28418	12
28419	12
28420	11
28421	12
28422	11
28423	10
28424	10
28425	11
28426	13
28427	14
28428	13
28429	12
28430	13
28431	12
28432	11
28433	12
28434	11
28435	10
28436	10
28437	11
28438	10
28439	9
28440	10
28441	10
28442	11
28443	11
28444	12
28445	11
28446	10
28447	12
28448	12
28449	11
28450	12
28451	11
28452	10
28453	11
28454	10
28455	9
28456	9
28457	10
28458	10
28459	11
28460	10
28461	9
28462	11
28463	12
28464	11
28465	10
28466	11
28467	10
28468	9
28469	9
28470	8
28471	7
28472	7
28473	6
28474	5
28475	5
28476	5
28477	6
28478	6
28479	7
28480	7
28481	8
28482	10
28483	11
28484	11
28485	12
28486	14
28487	15
28488	14
28489	13
28490	14
28491	13
28492	12
28493	13
28494	12
28495	11
28496	11
28497	12
28498	11
28499	10
28500	10
28501	11
28502	13
28503	14
28504	13
28505	12
28506	13
28507	12
28508	11
28509	12
28510	11
28511	10
28512	10
28513	11
28514	10
28515	9
28516	10
28517	10
28518	11
28519	11
28520	12
28521	11
28522	10
28523	12
28524	13
28525	12
28526	11
28527	11
28528	10
28529	11
28530	10
28531	9
28532	9
28533	10
28534	12
28535	13
28536	12
28537	11
28538	12
28539	11
28540	10
28541	11
28542	10
28543	9
28544	9
28545	10
28546	9
28547	8
28548	9
28549	9
28550	10
28551	10
28552	11
28553	10
28554	9
28555	11
28556	12
28557	11
28558	10
28559	11
28560	10
28561	9
28562	10
28563	9
28564	8
28565	8
28566	9
28567	9
28568	10
28569	9
28570	8
28571	10
28572	11
28573	10
28574	9
28575	10
28576	9
28577	8
28578	8
28579	7
28580	7
28581	8
28582	10
28583	11
28584	11
28585	12
28586	11
28587	10
28588	10
28589	11
28590	10
28591	9
28592	9
28593	9
28594	10
28595	9
28596	8
28597	9
28598	9
28599	10
28600	9
28601	8
28602	8
28603	9
28604	8
28605	7
28606	7
28607	8
28608	8
28609	8
28610	7
28611	9
28612	10
28613	9
28614	8
28615	9
28616	8
28617	7
28618	8
28619	7
28620	6
28621	8
28622	8
28623	8
28624	9
28625	11
28626	12
28627	12
28628	13
28629	12
28630	11
28631	11
28632	11
28633	10
28634	11
28635	11
28636	12
28637	11
28638	10
28639	10
28640	11
28641	10
28642	9
28643	10
28644	10
28645	11
28646	10
28647	9
28648	9
28649	10
28650	9
28651	8
28652	8
28653	9
28654	9
28655	10
28656	9
28657	8
28658	10
28659	11
28660	10
28661	9
28662	10
28663	9
28664	8
28665	9
28666	8
28667	7
28668	8
28669	8
28670	9
28671	9
28672	10
28673	12
28674	13
28675	12
28676	11
28677	12
28678	11
28679	10
28680	11
28681	10
28682	9
28683	9
28684	10
28685	9
28686	8
28687	10
28688	11
28689	11
28690	12
28691	11
28692	10
28693	10
28694	10
28695	9
28696	10
28697	10
28698	10
28699	9
28700	9
28701	10
28702	9
28703	8
28704	9
28705	9
28706	10
28707	9
28708	8
28709	8
28710	9
28711	8
28712	7
28713	7
28714	8
28715	10
28716	10
28717	10
28718	11
28719	10
28720	9
28721	10
28722	10
28723	11
28724	10
28725	9
28726	9
28727	10
28728	9
28729	8
28730	9
28731	9
28732	10
28733	9
28734	8
28735	8
28736	9
28737	8
28738	7
28739	7
28740	8
28741	8
28742	9
28743	8
28744	7
28745	9
28746	10
28747	9
28748	8
28749	9
28750	8
28751	7
28752	8
28753	7
28754	6
28755	7
28756	7
28757	7
28758	7
28759	8
28760	8
28761	9
28762	8
28763	7
28764	9
28765	10
28766	9
28767	8
28768	9
28769	8
28770	7
28771	8
28772	7
28773	6
28774	6
28775	6
28776	6
28777	7
28778	7
28779	8
28780	7
28781	6
28782	8
28783	9
28784	8
28785	7
28786	8
28787	7
28788	6
28789	7
28790	6
28791	5
28792	4
28793	4
28794	5
28795	5
28796	6
28797	6
28798	7
28799	9
28800	10
28801	10
28802	11
28803	13
28804	14
28805	14
28806	15
28807	16
28808	17
28809	16
28810	15
28811	16
28812	15
28813	14
28814	14
28815	15
28816	14
28817	13
28818	13
28819	13
28820	15
28821	15
28822	14
28823	14
28824	13
28825	14
28826	13
28827	12
28828	13
28829	13
28830	14
28831	14
28832	15
28833	14
28834	13
28835	15
28836	16
28837	15
28838	14
28839	14
28840	13
28841	14
28842	13
28843	12
28844	12
28845	13
28846	15
28847	16
28848	15
28849	14
28850	15
28851	14
28852	13
28853	14
28854	13
28855	12
28856	12
28857	13
28858	12
28859	11
28860	12
28861	12
28862	13
28863	13
28864	14
28865	13
28866	12
28867	14
28868	15
28869	14
28870	13
28871	14
28872	13
28873	12
28874	13
28875	12
28876	11
28877	11
28878	12
28879	12
28880	13
28881	12
28882	11
28883	13
28884	14
28885	13
28886	12
28887	13
28888	12
28889	11
28890	11
28891	10
28892	10
28893	11
28894	13
28895	14
28896	14
28897	14
28898	13
28899	13
28900	14
28901	13
28902	12
28903	12
28904	12
28905	13
28906	12
28907	11
28908	12
28909	12
28910	13
28911	12
28912	11
28913	11
28914	12
28915	11
28916	10
28917	10
28918	11
28919	11
28920	12
28921	11
28922	10
28923	12
28924	13
28925	12
28926	11
28927	12
28928	11
28929	10
28930	11
28931	10
28932	9
28933	9
28934	10
28935	12
28936	13
28937	13
28938	14
28939	16
28940	17
28941	16
28942	15
28943	15
28944	14
28945	15
28946	14
28947	13
28948	13
28949	14
28950	13
28951	12
28952	12
28953	13
28954	15
28955	16
28956	15
28957	14
28958	15
28959	14
28960	13
28961	14
28962	13
28963	12
28964	12
28965	13
28966	12
28967	11
28968	12
28969	12
28970	13
28971	13
28972	14
28973	13
28974	12
28975	14
28976	14
28977	13
28978	13
28979	12
28980	13
28981	12
28982	11
28983	11
28984	12
28985	14
28986	15
28987	14
28988	13
28989	14
28990	13
28991	12
28992	13
28993	12
28994	11
28995	11
28996	12
28997	11
28998	10
28999	11
29000	11
29001	12
29002	12
29003	13
29004	12
29005	11
29006	13
29007	14
29008	13
29009	12
29010	13
29011	12
29012	11
29013	11
29014	10
29015	10
29016	11
29017	11
29018	12
29019	11
29020	10
29021	12
29022	13
29023	12
29024	11
29025	12
29026	11
29027	10
29028	11
29029	10
29030	9
29031	9
29032	9
29033	9
29034	10
29035	10
29036	11
29037	10
29038	9
29039	11
29040	12
29041	11
29042	10
29043	11
29044	10
29045	9
29046	10
29047	9
29048	8
29049	8
29050	8
29051	9
29052	11
29053	11
29054	11
29055	12
29056	14
29057	15
29058	14
29059	13
29060	14
29061	13
29062	12
29063	13
29064	12
29065	11
29066	11
29067	12
29068	11
29069	10
29070	10
29071	10
29072	11
29073	13
29074	14
29075	13
29076	12
29077	13
29078	12
29079	11
29080	12
29081	11
29082	10
29083	10
29084	11
29085	10
29086	9
29087	10
29088	10
29089	11
29090	11
29091	12
29092	11
29093	10
29094	12
29095	13
29096	12
29097	11
29098	11
29099	10
29100	10
29101	9
29102	9
29103	10
29104	12
29105	12
29106	11
29107	12
29108	11
29109	10
29110	11
29111	10
29112	9
29113	9
29114	10
29115	9
29116	8
29117	8
29118	9
29119	9
29120	10
29121	10
29122	11
29123	10
29124	9
29125	11
29126	12
29127	11
29128	10
29129	11
29130	10
29131	9
29132	10
29133	9
29134	8
29135	10
29136	11
29137	11
29138	12
29139	11
29140	10
29141	10
29142	11
29143	10
29144	9
29145	10
29146	10
29147	11
29148	10
29149	9
29150	9
29151	10
29152	9
29153	8
29154	8
29155	8
29156	9
29157	8
29158	7
29159	7
29160	7
29161	8
29162	8
29163	9
29164	9
29165	10
29166	12
29167	13
29168	12
29169	11
29170	12
29171	11
29172	10
29173	11
29174	10
29175	9
29176	9
29177	10
29178	9
29179	8
29180	10
29181	11
29182	11
29183	12
29184	11
29185	10
29186	10
29187	10
29188	9
29189	10
29190	10
29191	11
29192	10
29193	9
29194	9
29195	10
29196	9
29197	8
29198	9
29199	9
29200	10
29201	9
29202	8
29203	8
29204	9
29205	8
29206	7
29207	9
29208	9
29209	9
29210	9
29211	9
29212	10
29213	9
29214	8
29215	9
29216	9
29217	10
29218	10
29219	11
29220	10
29221	9
29222	11
29223	11
29224	10
29225	10
29226	9
29227	10
29228	9
29229	8
29230	8
29231	9
29232	11
29233	12
29234	11
29235	10
29236	11
29237	10
29238	9
29239	10
29240	9
29241	8
29242	8
29243	9
29244	8
29245	7
29246	7
29247	7
29248	8
29249	8
29250	9
29251	8
29252	7
29253	9
29254	10
29255	9
29256	8
29257	9
29258	8
29259	7
29260	7
29261	6
29262	6
29263	6
29264	6
29265	6
29266	8
29267	9
29268	9
29269	10
29270	12
29271	12
29272	11
29273	12
29274	11
29275	10
29276	11
29277	10
29278	9
29279	9
29280	10
29281	9
29282	8
29283	8
29284	8
29285	8
29286	9
29287	8
29288	7
29289	7
29290	7
29291	8
29292	10
29293	11
29294	10
29295	9
29296	9
29297	8
29298	9
29299	8
29300	7
29301	7
29302	8
29303	7
29304	6
29305	6
29306	6
29307	7
29308	7
29309	8
29310	7
29311	6
29312	8
29313	9
29314	8
29315	7
29316	8
29317	7
29318	6
29319	7
29320	6
29321	5
29322	4
29323	6
29324	7
29325	7
29326	7
29327	7
29328	7
29329	7
29330	7
29331	7
29332	8
29333	8
29334	9
29335	11
29336	12
29337	11
29338	10
29339	11
29340	10
29341	9
29342	10
29343	9
29344	8
29345	8
29346	9
29347	8
29348	7
29349	9
29350	10
29351	10
29352	11
29353	10
29354	9
29355	9
29356	10
29357	9
29358	8
29359	9
29360	9
29361	10
29362	9
29363	8
29364	8
29365	9
29366	8
29367	7
29368	8
29369	8
29370	9
29371	8
29372	7
29373	7
29374	8
29375	7
29376	6
29377	6
29378	7
29379	9
29380	9
29381	9
29382	10
29383	12
29384	13
29385	13
29386	14
29387	16
29388	17
29389	16
29390	15
29391	16
29392	15
29393	14
29394	15
29395	14
29396	13
29397	13
29398	14
29399	13
29400	12
29401	12
29402	13
29403	15
29404	16
29405	15
29406	14
29407	15
29408	14
29409	13
29410	14
29411	13
29412	12
29413	12
29414	13
29415	12
29416	11
29417	12
29418	12
29419	13
29420	13
29421	14
29422	13
29423	12
29424	14
29425	14
29426	13
29427	12
29428	13
29429	12
29430	11
29431	11
29432	12
29433	14
29434	15
29435	14
29436	13
29437	14
29438	13
29439	12
29440	13
29441	12
29442	11
29443	11
29444	11
29445	10
29446	11
29447	11
29448	12
29449	12
29450	13
29451	12
29452	11
29453	13
29454	14
29455	13
29456	12
29457	13
29458	12
29459	11
29460	12
29461	11
29462	10
29463	10
29464	11
29465	11
29466	12
29467	11
29468	10
29469	12
29470	13
29471	12
29472	11
29473	12
29474	11
29475	10
29476	10
29477	9
29478	9
29479	10
29480	12
29481	13
29482	13
29483	14
29484	13
29485	12
29486	12
29487	13
29488	12
29489	11
29490	11
29491	11
29492	12
29493	11
29494	10
29495	11
29496	11
29497	11
29498	10
29499	10
29500	11
29501	10
29502	9
29503	9
29504	9
29505	9
29506	10
29507	9
29508	8
29509	8
29510	8
29511	9
29512	11
29513	12
29514	12
29515	13
29516	15
29517	16
29518	15
29519	14
29520	15
29521	14
29522	13
29523	14
29524	13
29525	12
29526	12
29527	13
29528	12
29529	11
29530	11
29531	11
29532	11
29533	12
29534	11
29535	10
29536	11
29537	11
29538	12
29539	12
29540	13
29541	12
29542	11
29543	13
29544	13
29545	12
29546	13
29547	12
29548	11
29549	12
29550	11
29551	10
29552	10
29553	11
29554	13
29555	14
29556	13
29557	12
29558	13
29559	12
29560	11
29561	12
29562	11
29563	10
29564	10
29565	11
29566	10
29567	9
29568	10
29569	10
29570	11
29571	11
29572	12
29573	11
29574	10
29575	12
29576	13
29577	12
29578	11
29579	12
29580	11
29581	10
29582	11
29583	10
29584	9
29585	9
29586	10
29587	12
29588	13
29589	12
29590	11
29591	12
29592	11
29593	10
29594	11
29595	10
29596	9
29597	9
29598	10
29599	9
29600	8
29601	8
29602	9
29603	9
29604	10
29605	10
29606	11
29607	10
29608	9
29609	11
29610	12
29611	11
29612	10
29613	11
29614	10
29615	9
29616	10
29617	9
29618	8
29619	10
29620	11
29621	11
29622	12
29623	11
29624	10
29625	10
29626	11
29627	10
29628	9
29629	10
29630	10
29631	11
29632	10
29633	9
29634	9
29635	10
29636	9
29637	8
29638	8
29639	8
29640	9
29641	8
29642	7
29643	7
29644	7
29645	8
29646	8
29647	9
29648	9
29649	10
29650	12
29651	13
29652	12
29653	11
29654	12
29655	11
29656	10
29657	11
29658	10
29659	9
29660	9
29661	10
29662	9
29663	8
29664	10
29665	11
29666	11
29667	12
29668	11
29669	10
29670	10
29671	11
29672	10
29673	9
29674	10
29675	10
29676	11
29677	10
29678	9
29679	9
29680	10
29681	9
29682	8
29683	9
29684	9
29685	10
29686	9
29687	8
29688	8
29689	9
29690	8
29691	7
29692	9
29693	9
29694	9
29695	9
29696	9
29697	10
29698	9
29699	8
29700	9
29701	9
29702	10
29703	10
29704	11
29705	10
29706	9
29707	11
29708	11
29709	10
29710	10
29711	9
29712	10
29713	9
29714	8
29715	8
29716	9
29717	11
29718	12
29719	11
29720	10
29721	11
29722	10
29723	9
29724	10
29725	9
29726	8
29727	8
29728	9
29729	8
29730	7
29731	8
29732	8
29733	9
29734	9
29735	10
29736	9
29737	8
29738	10
29739	11
29740	10
29741	9
29742	10
29743	9
29744	8
29745	8
29746	7
29747	7
29748	8
29749	8
29750	9
29751	8
29752	7
29753	9
29754	9
29755	8
29756	9
29757	8
29758	7
29759	8
29760	7
29761	6
29762	5
29763	4
29764	4
29765	4
29766	5
29767	5
29768	6
29769	6
29770	7
29771	9
29772	10
29773	10
29774	11
29775	13
29776	14
29777	13
29778	12
29779	13
29780	12
29781	11
29782	12
29783	11
29784	10
29785	10
29786	11
29787	10
29788	9
29789	9
29790	10
29791	12
29792	13
29793	12
29794	11
29795	12
29796	11
29797	10
29798	11
29799	10
29800	9
29801	9
29802	9
29803	8
29804	9
29805	9
29806	10
29807	10
29808	11
29809	10
29810	9
29811	11
29812	11
29813	10
29814	11
29815	10
29816	9
29817	10
29818	9
29819	8
29820	8
29821	9
29822	11
29823	12
29824	11
29825	10
29826	11
29827	10
29828	9
29829	10
29830	9
29831	8
29832	8
29833	9
29834	8
29835	7
29836	8
29837	8
29838	9
29839	9
29840	10
29841	9
29842	8
29843	10
29844	11
29845	10
29846	9
29847	10
29848	9
29849	8
29850	8
29851	7
29852	7
29853	8
29854	8
29855	8
29856	7
29857	9
29858	10
29859	9
29860	8
29861	9
29862	8
29863	7
29864	8
29865	7
29866	6
29867	6
29868	7
29869	9
29870	10
29871	10
29872	11
29873	10
29874	9
29875	9
29876	10
29877	9
29878	8
29879	9
29880	9
29881	10
29882	9
29883	8
29884	8
29885	9
29886	8
29887	7
29888	7
29889	7
29890	8
29891	7
29892	6
29893	6
29894	7
29895	7
29896	7
29897	6
29898	8
29899	9
29900	8
29901	7
29902	8
29903	7
29904	6
29905	7
29906	6
29907	5
29908	7
29909	8
29910	8
29911	9
29912	9
29913	10
29914	12
29915	13
29916	12
29917	11
29918	12
29919	11
29920	10
29921	11
29922	10
29923	9
29924	9
29925	10
29926	9
29927	8
29928	10
29929	11
29930	11
29931	11
29932	10
29933	10
29934	11
29935	10
29936	9
29937	10
29938	10
29939	11
29940	10
29941	9
29942	9
29943	10
29944	9
29945	8
29946	9
29947	9
29948	10
29949	9
29950	8
29951	8
29952	9
29953	8
29954	7
29955	7
29956	8
29957	10
29958	10
29959	10
29960	11
29961	10
29962	9
29963	10
29964	10
29965	11
29966	10
29967	9
29968	9
29969	10
29970	9
29971	8
29972	9
29973	9
29974	10
29975	9
29976	8
29977	8
29978	9
29979	8
29980	7
29981	7
29982	8
29983	8
29984	9
29985	8
29986	7
29987	9
29988	10
29989	9
29990	8
29991	9
29992	8
29993	7
29994	8
29995	7
29996	6
29997	6
29998	6
29999	6
30000	6
30001	7
30002	7
30003	8
30004	7
30005	6
30006	8
30007	9
30008	8
30009	7
30010	8
30011	7
30012	6
30013	7
30014	6
30015	5
30016	6
30017	6
30018	6
30019	6
30020	7
30021	7
30022	8
30023	7
30024	6
30025	8
30026	9
30027	8
30028	7
30029	8
30030	7
30031	6
30032	7
30033	6
30034	5
30035	5
30036	6
30037	6
30038	7
30039	7
30040	8
30041	7
30042	6
30043	8
30044	9
30045	8
30046	7
30047	8
30048	7
30049	6
30050	7
30051	6
30052	5
30053	7
30054	8
30055	8
30056	9
30057	8
30058	7
30059	7
30060	8
30061	7
30062	6
30063	7
30064	7
30065	7
30066	6
30067	6
30068	7
30069	6
30070	5
30071	6
30072	6
30073	7
30074	6
30075	5
30076	5
30077	5
30078	4
30079	3
30080	2
30081	1
30082	1
30083	3
30084	3
30085	4
30086	6
30087	7
30088	7
30089	8
30090	10
30091	11
30092	11
30093	12
30094	13
30095	14
30096	14
30097	15
30098	15
30099	16
30100	18
30101	19
30102	19
30103	20
30104	22
30105	21
30106	20
30107	19
30108	19
30109	18
30110	18
30111	19
30112	21
30113	20
30114	19
30115	18
30116	18
30117	17
30118	18
30119	18
30120	19
30121	19
30122	18
30123	20
30124	19
30125	18
30126	17
30127	17
30128	18
30129	20
30130	19
30131	18
30132	17
30133	17
30134	16
30135	17
30136	17
30137	18
30138	18
30139	17
30140	19
30141	18
30142	17
30143	16
30144	16
30145	17
30146	17
30147	16
30148	18
30149	17
30150	16
30151	15
30152	15
30153	16
30154	18
30155	19
30156	19
30157	18
30158	18
30159	17
30160	18
30161	18
30162	17
30163	16
30164	17
30165	17
30166	16
30167	16
30168	15
30169	15
30170	16
30171	16
30172	15
30173	17
30174	16
30175	15
30176	14
30177	16
30178	17
30179	16
30180	16
30181	17
30182	19
30183	20
30184	20
30185	19
30186	19
30187	18
30188	19
30189	19
30190	18
30191	18
30192	17
30193	18
30194	18
30195	17
30196	17
30197	16
30198	16
30199	17
30200	17
30201	16
30202	18
30203	17
30204	16
30205	15
30206	16
30207	16
30208	17
30209	17
30210	18
30211	20
30212	19
30213	18
30214	17
30215	17
30216	16
30217	18
30218	19
30219	19
30220	18
30221	18
30222	17
30223	18
30224	17
30225	17
30226	16
30227	17
30228	17
30229	16
30230	16
30231	15
30232	15
30233	16
30234	18
30235	19
30236	18
30237	18
30238	17
30239	18
30240	18
30241	17
30242	17
30243	16
30244	17
30245	17
30246	16
30247	16
30248	15
30249	15
30250	16
30251	16
30252	15
30253	17
30254	16
30255	15
30256	14
30257	15
30258	15
30259	16
30260	16
30261	17
30262	17
30263	16
30264	18
30265	17
30266	16
30267	15
30268	16
30269	17
30270	17
30271	16
30272	16
30273	15
30274	16
30275	16
30276	15
30277	15
30278	14
30279	14
30280	15
30281	15
30282	16
30283	16
30284	15
30285	17
30286	16
30287	15
30288	14
30289	15
30290	16
30291	15
30292	15
30293	14
30294	15
30295	15
30296	14
30297	14
30298	13
30299	13
30300	14
30301	16
30302	17
30303	17
30304	18
30305	20
30306	21
30307	21
30308	20
30309	20
30310	19
30311	20
30312	20
30313	19
30314	19
30315	18
30316	19
30317	19
30318	18
30319	18
30320	17
30321	17
30322	18
30323	20
30324	19
30325	18
30326	17
30327	17
30328	16
30329	16
30330	17
30331	19
30332	20
30333	20
30334	19
30335	19
30336	18
30337	19
30338	19
30339	18
30340	18
30341	17
30342	18
30343	18
30344	17
30345	17
30346	16
30347	16
30348	17
30349	19
30350	18
30351	17
30352	16
30353	16
30354	15
30355	16
30356	16
30357	17
30358	17
30359	18
30360	20
30361	19
30362	18
30363	17
30364	17
30365	16
30366	17
30367	18
30368	18
30369	17
30370	17
30371	16
30372	17
30373	17
30374	16
30375	16
30376	15
30377	15
30378	16
30379	18
30380	19
30381	19
30382	18
30383	18
30384	17
30385	18
30386	18
30387	17
30388	17
30389	16
30390	17
30391	17
30392	16
30393	16
30394	15
30395	15
30396	16
30397	16
30398	15
30399	17
30400	16
30401	15
30402	14
30403	15
30404	15
30405	16
30406	16
30407	17
30408	19
30409	18
30410	17
30411	16
30412	16
30413	15
30414	16
30415	17
30416	17
30417	16
30418	16
30419	15
30420	16
30421	16
30422	15
30423	15
30424	14
30425	14
30426	15
30427	17
30428	18
30429	18
30430	17
30431	17
30432	16
30433	17
30434	17
30435	16
30436	16
30437	15
30438	16
30439	16
30440	15
30441	15
30442	14
30443	14
30444	15
30445	15
30446	14
30447	16
30448	15
30449	14
30450	13
30451	13
30452	14
30453	14
30454	15
30455	15
30456	16
30457	18
30458	17
30459	16
30460	15
30461	15
30462	14
30463	16
30464	17
30465	17
30466	16
30467	16
30468	15
30469	16
30470	16
30471	15
30472	15
30473	14
30474	15
30475	15
30476	14
30477	14
30478	13
30479	14
30480	15
30481	15
30482	16
30483	17
30484	16
30485	15
30486	15
30487	14
30488	14
30489	15
30490	16
30491	15
30492	14
30493	14
30494	13
30495	14
30496	14
30497	15
30498	15
30499	14
30500	15
30501	14
30502	13
30503	13
30504	14
30505	16
30506	15
30507	14
30508	13
30509	13
30510	12
30511	11
30512	11
30513	12
30514	13
30515	14
30516	14
30517	15
30518	17
30519	18
30520	18
30521	19
30522	21
30523	20
30524	19
30525	18
30526	18
30527	17
30528	17
30529	18
30530	20
30531	19
30532	18
30533	17
30534	17
30535	16
30536	17
30537	17
30538	18
30539	18
30540	17
30541	19
30542	18
30543	17
30544	16
30545	16
30546	17
30547	19
30548	18
30549	17
30550	16
30551	16
30552	15
30553	16
30554	16
30555	17
30556	17
30557	16
30558	18
30559	17
30560	16
30561	15
30562	15
30563	16
30564	16
30565	15
30566	17
30567	16
30568	15
30569	14
30570	14
30571	15
30572	17
30573	18
30574	18
30575	17
30576	17
30577	16
30578	17
30579	17
30580	16
30581	15
30582	16
30583	16
30584	15
30585	15
30586	14
30587	14
30588	15
30589	15
30590	14
30591	16
30592	15
30593	14
30594	13
30595	13
30596	14
30597	14
30598	15
30599	15
30600	16
30601	16
30602	15
30603	17
30604	16
30605	15
30606	14
30607	14
30608	15
30609	15
30610	14
30611	14
30612	13
30613	13
30614	14
30615	16
30616	17
30617	17
30618	16
30619	16
30620	15
30621	16
30622	16
30623	15
30624	15
30625	14
30626	15
30627	15
30628	14
30629	14
30630	13
30631	13
30632	14
30633	14
30634	13
30635	15
30636	14
30637	13
30638	12
30639	13
30640	12
30641	12
30642	13
30643	14
30644	15
30645	15
30646	16
30647	18
30648	17
30649	16
30650	15
30651	15
30652	14
30653	13
30654	14
30655	14
30656	15
30657	15
30658	14
30659	16
30660	15
30661	14
30662	13
30663	12
30664	12
30665	13
30666	13
30667	14
30668	14
30669	13
30670	15
30671	14
30672	13
30673	12
30674	14
30675	15
30676	15
30677	14
30678	14
30679	13
30680	14
30681	14
30682	13
30683	13
30684	12
30685	13
30686	13
30687	12
30688	12
30689	11
30690	11
30691	12
30692	12
30693	13
30694	13
30695	14
30696	16
30697	17
30698	17
30699	16
30700	16
30701	15
30702	16
30703	16
30704	15
30705	15
30706	14
30707	15
30708	15
30709	14
30710	14
30711	13
30712	13
30713	14
30714	16
30715	15
30716	14
30717	13
30718	13
30719	12
30720	14
30721	15
30722	15
30723	16
30724	16
30725	15
30726	16
30727	15
30728	14
30729	14
30730	15
30731	17
30732	16
30733	15
30734	14
30735	14
30736	13
30737	14
30738	14
30739	15
30740	15
30741	14
30742	16
30743	15
30744	14
30745	13
30746	13
30747	14
30748	16
30749	15
30750	14
30751	13
30752	13
30753	12
30754	13
30755	13
30756	14
30757	14
30758	13
30759	15
30760	14
30761	13
30762	12
30763	12
30764	13
30765	13
30766	12
30767	14
30768	13
30769	12
30770	11
30771	13
30772	14
30773	13
30774	12
30775	13
30776	13
30777	14
30778	14
30779	15
30780	17
30781	16
30782	15
30783	14
30784	14
30785	13
30786	15
30787	16
30788	15
30789	15
30790	14
30791	15
30792	15
30793	14
30794	13
30795	14
30796	14
30797	13
30798	13
30799	12
30800	12
30801	13
30802	15
30803	16
30804	16
30805	15
30806	15
30807	14
30808	15
30809	15
30810	14
30811	14
30812	13
30813	14
30814	13
30815	13
30816	12
30817	12
30818	13
30819	13
30820	12
30821	14
30822	13
30823	12
30824	11
30825	12
30826	12
30827	13
30828	13
30829	14
30830	14
30831	13
30832	15
30833	14
30834	13
30835	12
30836	13
30837	14
30838	14
30839	13
30840	13
30841	12
30842	13
30843	12
30844	12
30845	11
30846	11
30847	12
30848	12
30849	13
30850	13
30851	12
30852	14
30853	13
30854	12
30855	11
30856	13
30857	14
30858	13
30859	13
30860	12
30861	13
30862	13
30863	12
30864	12
30865	11
30866	12
30867	12
30868	11
30869	10
30870	10
30871	11
30872	13
30873	14
30874	14
30875	15
30876	17
30877	18
30878	18
30879	19
30880	21
30881	22
30882	22
30883	21
30884	21
30885	20
30886	21
30887	21
30888	20
30889	20
30890	19
30891	20
30892	20
30893	19
30894	19
30895	18
30896	18
30897	19
30898	21
30899	20
30900	19
30901	18
30902	18
30903	17
30904	17
30905	18
30906	20
30907	21
30908	21
30909	20
30910	20
30911	19
30912	20
30913	20
30914	19
30915	19
30916	18
30917	19
30918	19
30919	18
30920	18
30921	17
30922	17
30923	18
30924	20
30925	19
30926	18
30927	17
30928	17
30929	16
30930	17
30931	17
30932	18
30933	18
30934	19
30935	21
30936	20
30937	19
30938	18
30939	18
30940	17
30941	17
30942	18
30943	18
30944	17
30945	17
30946	16
30947	16
30948	17
30949	19
30950	20
30951	20
30952	19
30953	19
30954	18
30955	19
30956	19
30957	18
30958	18
30959	17
30960	18
30961	18
30962	17
30963	17
30964	16
30965	16
30966	17
30967	17
30968	16
30969	18
30970	17
30971	16
30972	15
30973	16
30974	16
30975	17
30976	17
30977	18
30978	18
30979	17
30980	19
30981	18
30982	17
30983	16
30984	18
30985	19
30986	19
30987	18
30988	18
30989	17
30990	18
30991	18
30992	17
30993	17
30994	16
30995	17
30996	17
30997	16
30998	16
30999	15
31000	15
31001	16
31002	16
31003	17
31004	17
31005	16
31006	18
31007	17
31008	16
31009	15
31010	16
31011	17
31012	17
31013	16
31014	16
31015	15
31016	16
31017	16
31018	15
31019	15
31020	14
31021	14
31022	15
31023	16
31024	17
31025	17
31026	18
31027	20
31028	19
31029	18
31030	17
31031	17
31032	16
31033	16
31034	17
31035	18
31036	17
31037	16
31038	16
31039	15
31040	16
31041	15
31042	15
31043	16
31044	18
31045	17
31046	16
31047	15
31048	15
31049	14
31050	14
31051	15
31052	15
31053	16
31054	16
31055	15
31056	17
31057	16
31058	15
31059	14
31060	16
31061	17
31062	17
31063	16
31064	16
31065	15
31066	16
31067	16
31068	15
31069	15
31070	14
31071	15
31072	15
31073	14
31074	13
31075	13
31076	14
31077	16
31078	17
31079	17
31080	18
31081	20
31082	21
31083	21
31084	20
31085	20
31086	19
31087	20
31088	20
31089	19
31090	19
31091	18
31092	19
31093	19
31094	18
31095	18
31096	17
31097	17
31098	18
31099	20
31100	19
31101	18
31102	17
31103	17
31104	16
31105	15
31106	16
31107	16
31108	17
31109	17
31110	18
31111	20
31112	19
31113	18
31114	17
31115	17
31116	16
31117	17
31118	18
31119	18
31120	17
31121	17
31122	16
31123	17
31124	17
31125	16
31126	16
31127	15
31128	15
31129	16
31130	18
31131	19
31132	19
31133	18
31134	18
31135	17
31136	18
31137	18
31138	17
31139	17
31140	16
31141	17
31142	17
31143	16
31144	16
31145	15
31146	15
31147	16
31148	16
31149	15
31150	17
31151	16
31152	15
31153	14
31154	15
31155	15
31156	16
31157	16
31158	17
31159	17
31160	16
31161	18
31162	17
31163	16
31164	15
31165	16
31166	17
31167	17
31168	16
31169	16
31170	15
31171	16
31172	16
31173	15
31174	15
31175	14
31176	14
31177	15
31178	15
31179	16
31180	16
31181	15
31182	17
31183	16
31184	15
31185	14
31186	16
31187	17
31188	17
31189	16
31190	16
31191	15
31192	16
31193	16
31194	15
31195	15
31196	14
31197	15
31198	15
31199	14
31200	14
31201	13
31202	13
31203	14
31204	15
31205	16
31206	16
31207	17
31208	18
31209	17
31210	16
31211	16
31212	15
31213	15
31214	16
31215	18
31216	17
31217	16
31218	15
31219	15
31220	14
31221	15
31222	15
31223	16
31224	16
31225	15
31226	16
31227	15
31228	14
31229	14
31230	15
31231	17
31232	16
31233	15
31234	14
31235	14
31236	13
31237	13
31238	14
31239	14
31240	15
31241	15
31242	14
31243	16
31244	15
31245	14
31246	13
31247	15
31248	16
31249	16
31250	15
31251	15
31252	14
31253	15
31254	15
31255	14
31256	14
31257	13
31258	14
31259	13
31260	13
31261	12
31262	11
31263	12
31264	12
31265	13
31266	13
31267	14
31268	14
31269	15
31270	17
31271	18
31272	18
31273	17
31274	17
31275	16
31276	17
31277	17
31278	16
31279	16
31280	15
31281	16
31282	16
31283	15
31284	15
31285	14
31286	14
31287	15
31288	17
31289	16
31290	15
31291	14
31292	14
31293	13
31294	15
31295	16
31296	16
31297	17
31298	17
31299	16
31300	18
31301	17
31302	16
31303	15
31304	15
31305	16
31306	18
31307	17
31308	16
31309	15
31310	15
31311	14
31312	15
31313	15
31314	16
31315	16
31316	15
31317	16
31318	15
31319	14
31320	14
31321	15
31322	17
31323	16
31324	15
31325	14
31326	14
31327	13
31328	14
31329	14
31330	15
31331	15
31332	14
31333	16
31334	15
31335	14
31336	13
31337	13
31338	14
31339	14
31340	13
31341	15
31342	14
31343	13
31344	12
31345	13
31346	14
31347	14
31348	15
31349	15
31350	16
31351	18
31352	17
31353	16
31354	15
31355	15
31356	14
31357	15
31358	16
31359	16
31360	15
31361	15
31362	14
31363	15
31364	15
31365	14
31366	14
31367	13
31368	13
31369	14
31370	16
31371	17
31372	17
31373	16
31374	16
31375	15
31376	16
31377	15
31378	15
31379	14
31380	15
31381	15
31382	14
31383	14
31384	13
31385	13
31386	14
31387	14
31388	13
31389	15
31390	14
31391	13
31392	12
31393	13
31394	13
31395	14
31396	14
31397	15
31398	15
31399	14
31400	16
31401	15
31402	14
31403	13
31404	14
31405	15
31406	15
31407	14
31408	14
31409	13
31410	14
31411	13
31412	13
31413	12
31414	12
31415	13
31416	13
31417	14
31418	14
31419	13
31420	15
31421	14
31422	13
31423	12
31424	13
31425	14
31426	14
31427	13
31428	13
31429	12
31430	13
31431	12
31432	12
31433	11
31434	11
31435	12
31436	12
31437	13
31438	13
31439	14
31440	16
31441	17
31442	17
31443	16
31444	16
31445	15
31446	16
31447	16
31448	15
31449	15
31450	14
31451	15
31452	15
31453	14
31454	14
31455	13
31456	13
31457	14
31458	16
31459	15
31460	14
31461	13
31462	13
31463	12
31464	14
31465	15
31466	15
31467	16
31468	16
31469	15
31470	16
31471	15
31472	14
31473	14
31474	15
31475	17
31476	16
31477	15
31478	14
31479	14
31480	13
31481	14
31482	14
31483	15
31484	15
31485	14
31486	16
31487	15
31488	14
31489	13
31490	13
31491	14
31492	16
31493	15
31494	14
31495	13
31496	13
31497	12
31498	13
31499	13
31500	14
31501	14
31502	13
31503	15
31504	14
31505	13
31506	12
31507	12
31508	13
31509	13
31510	12
31511	14
31512	13
31513	12
31514	11
31515	12
31516	13
31517	13
31518	14
31519	14
31520	15
31521	17
31522	16
31523	15
31524	14
31525	14
31526	13
31527	13
31528	14
31529	14
31530	13
31531	13
31532	12
31533	12
31534	13
31535	15
31536	16
31537	16
31538	15
31539	15
31540	14
31541	15
31542	15
31543	14
31544	14
31545	13
31546	14
31547	13
31548	13
31549	12
31550	12
31551	13
31552	13
31553	12
31554	14
31555	13
31556	12
31557	11
31558	12
31559	12
31560	13
31561	13
31562	14
31563	14
31564	13
31565	15
31566	14
31567	13
31568	12
31569	13
31570	14
31571	14
31572	13
31573	13
31574	12
31575	13
31576	12
31577	12
31578	11
31579	11
31580	12
31581	12
31582	13
31583	13
31584	12
31585	14
31586	13
31587	12
31588	11
31589	12
31590	13
31591	13
31592	12
31593	12
31594	11
31595	12
31596	12
31597	11
31598	10
31599	9
31600	8
31601	7
31602	7
31603	8
31604	7
31605	7
31606	8
31607	8
31608	9
31609	9
31610	10
31611	12
31612	13
31613	13
31614	14
31615	16
31616	17
31617	17
31618	16
31619	16
31620	15
31621	16
31622	16
31623	15
31624	15
31625	14
31626	15
31627	15
31628	14
31629	14
31630	13
31631	13
31632	14
31633	16
31634	15
31635	14
31636	13
31637	13
31638	12
31639	12
31640	13
31641	15
31642	16
31643	16
31644	15
31645	15
31646	14
31647	15
31648	15
31649	14
31650	14
31651	13
31652	14
31653	14
31654	13
31655	13
31656	12
31657	12
31658	13
31659	15
31660	14
31661	13
31662	12
31663	12
31664	11
31665	12
31666	12
31667	13
31668	13
31669	14
31670	16
31671	15
31672	14
31673	13
31674	13
31675	12
31676	13
31677	14
31678	14
31679	13
31680	13
31681	12
31682	13
31683	13
31684	12
31685	12
31686	11
31687	11
31688	12
31689	14
31690	15
31691	15
31692	14
31693	14
31694	13
31695	14
31696	14
31697	13
31698	13
31699	12
31700	13
31701	13
31702	12
31703	12
31704	11
31705	11
31706	12
31707	12
31708	11
31709	13
31710	12
31711	11
31712	10
31713	11
31714	11
31715	12
31716	12
31717	13
31718	13
31719	12
31720	14
31721	13
31722	12
31723	11
31724	13
31725	14
31726	14
31727	13
31728	13
31729	12
31730	13
31731	13
31732	12
31733	12
31734	11
31735	12
31736	12
31737	11
31738	11
31739	10
31740	10
31741	11
31742	11
31743	12
31744	12
31745	11
31746	13
31747	12
31748	11
31749	10
31750	11
31751	12
31752	12
31753	11
31754	11
31755	10
31756	11
31757	11
31758	10
31759	10
31760	9
31761	9
31762	10
31763	11
31764	12
31765	12
31766	13
31767	15
31768	14
31769	13
31770	12
31771	12
31772	11
31773	11
31774	12
31775	13
31776	12
31777	11
31778	11
31779	10
31780	11
31781	11
31782	12
31783	12
31784	11
31785	12
31786	11
31787	10
31788	10
31789	11
31790	13
31791	12
31792	11
31793	10
31794	10
31795	9
31796	9
31797	10
31798	10
31799	11
31800	11
31801	10
31802	11
31803	10
31804	9
31805	11
31806	12
31807	12
31808	11
31809	11
31810	10
31811	11
31812	11
31813	10
31814	10
31815	9
31816	10
31817	10
31818	9
31819	8
31820	9
31821	10
31822	10
31823	11
31824	11
31825	12
31826	14
31827	15
31828	15
31829	14
31830	14
31831	13
31832	14
31833	14
31834	13
31835	13
31836	12
31837	13
31838	13
31839	12
31840	12
31841	11
31842	11
31843	12
31844	14
31845	13
31846	12
31847	11
31848	11
31849	10
31850	12
31851	13
31852	13
31853	14
31854	14
31855	13
31856	14
31857	13
31858	12
31859	12
31860	13
31861	15
31862	14
31863	13
31864	12
31865	12
31866	11
31867	12
31868	12
31869	13
31870	13
31871	12
31872	13
31873	12
31874	11
31875	11
31876	12
31877	14
31878	13
31879	12
31880	11
31881	11
31882	10
31883	11
31884	11
31885	12
31886	12
31887	11
31888	13
31889	12
31890	11
31891	10
31892	10
31893	11
31894	11
31895	10
31896	12
31897	11
31898	10
31899	9
31900	9
31901	10
31902	11
31903	12
31904	12
31905	13
31906	13
31907	12
31908	12
31909	11
31910	11
31911	12
31912	14
31913	13
31914	12
31915	11
31916	11
31917	10
31918	11
31919	11
31920	12
31921	12
31922	11
31923	13
31924	12
31925	11
31926	10
31927	10
31928	11
31929	12
31930	11
31931	10
31932	10
31933	9
31934	9
31935	10
31936	10
31937	11
31938	11
31939	10
31940	12
31941	11
31942	10
31943	9
31944	11
31945	12
31946	12
31947	11
31948	11
31949	10
31950	11
31951	11
31952	10
31953	10
31954	9
31955	10
31956	9
31957	9
31958	8
31959	9
31960	9
31961	10
31962	10
31963	11
31964	11
31965	12
31966	14
31967	13
31968	12
31969	11
31970	11
31971	10
31972	12
31973	13
31974	13
31975	12
31976	12
31977	11
31978	12
31979	12
31980	11
31981	11
31982	10
31983	11
31984	11
31985	10
31986	10
31987	9
31988	11
31989	12
31990	12
31991	13
31992	14
31993	13
31994	12
31995	12
31996	11
31997	11
31998	12
31999	14
32000	13
32001	12
32002	11
32003	11
32004	10
32005	11
32006	10
32007	10
32008	11
32009	13
32010	12
32011	11
32012	10
32013	10
32014	9
32015	10
32016	10
32017	11
32018	11
32019	10
32020	12
32021	11
32022	10
32023	9
32024	9
32025	10
32026	10
32027	9
32028	11
32029	10
32030	9
32031	8
32032	7
32033	6
32034	6
32035	7
32036	9
32037	10
32038	10
32039	11
32040	12
32041	13
32042	13
32043	14
32044	16
32045	17
32046	17
32047	17
32048	17
32049	18
32050	20
32051	19
32052	18
32053	17
32054	17
32055	16
32056	16
32057	17
32058	19
32059	20
32060	19
32061	18
32062	19
32063	19
32064	18
32065	18
32066	17
32067	18
32068	18
32069	17
32070	17
32071	16
32072	16
32073	17
32074	19
32075	18
32076	17
32077	16
32078	16
32079	15
32080	16
32081	15
32082	15
32083	16
32084	18
32085	19
32086	19
32087	18
32088	18
32089	17
32090	18
32091	18
32092	17
32093	17
32094	16
32095	17
32096	17
32097	16
32098	16
32099	15
32100	15
32101	16
32102	16
32103	15
32104	17
32105	16
32106	15
32107	14
32108	15
32109	15
32110	16
32111	16
32112	17
32113	17
32114	16
32115	18
32116	17
32117	16
32118	15
32119	17
32120	18
32121	18
32122	17
32123	17
32124	16
32125	17
32126	17
32127	16
32128	16
32129	15
32130	16
32131	16
32132	15
32133	15
32134	14
32135	14
32136	15
32137	15
32138	16
32139	16
32140	15
32141	17
32142	16
32143	15
32144	14
32145	15
32146	16
32147	16
32148	15
32149	15
32150	14
32151	15
32152	15
32153	14
32154	14
32155	13
32156	13
32157	14
32158	15
32159	16
32160	15
32161	15
32162	16
32163	17
32164	16
32165	15
32166	15
32167	14
32168	15
32169	15
32170	16
32171	16
32172	15
32173	16
32174	15
32175	14
32176	14
32177	15
32178	17
32179	16
32180	15
32181	14
32182	14
32183	13
32184	13
32185	14
32186	14
32187	15
32188	15
32189	14
32190	16
32191	15
32192	14
32193	13
32194	15
32195	16
32196	16
32197	15
32198	15
32199	14
32200	15
32201	15
32202	14
32203	14
32204	13
32205	14
32206	14
32207	13
32208	12
32209	12
32210	13
32211	14
32212	15
32213	14
32214	13
32215	14
32216	14
32217	15
32218	15
32219	16
32220	16
32221	15
32222	17
32223	16
32224	15
32225	14
32226	16
32227	17
32228	17
32229	16
32230	15
32231	16
32232	16
32233	15
32234	15
32235	14
32236	15
32237	14
32238	14
32239	13
32240	13
32241	14
32242	14
32243	15
32244	15
32245	14
32246	16
32247	15
32248	14
32249	13
32250	15
32251	16
32252	16
32253	15
32254	15
32255	14
32256	15
32257	15
32258	14
32259	14
32260	13
32261	14
32262	14
32263	13
32264	13
32265	12
32266	12
32267	13
32268	14
32269	15
32270	15
32271	16
32272	18
32273	17
32274	16
32275	15
32276	15
32277	14
32278	14
32279	15
32280	17
32281	16
32282	15
32283	14
32284	14
32285	13
32286	14
32287	14
32288	15
32289	15
32290	14
32291	16
32292	15
32293	14
32294	13
32295	13
32296	14
32297	16
32298	15
32299	14
32300	13
32301	13
32302	12
32303	12
32304	13
32305	13
32306	14
32307	14
32308	13
32309	15
32310	14
32311	13
32312	12
32313	14
32314	15
32315	15
32316	14
32317	14
32318	13
32319	14
32320	14
32321	13
32322	13
32323	12
32324	13
32325	12
32326	12
32327	11
32328	12
32329	12
32330	13
32331	13
32332	14
32333	14
32334	15
32335	17
32336	18
32337	18
32338	17
32339	17
32340	16
32341	17
32342	17
32343	16
32344	16
32345	15
32346	16
32347	16
32348	15
32349	15
32350	14
32351	14
32352	15
32353	17
32354	16
32355	15
32356	14
32357	14
32358	13
32359	15
32360	16
32361	16
32362	17
32363	17
32364	16
32365	18
32366	17
32367	16
32368	15
32369	15
32370	16
32371	18
32372	17
32373	16
32374	15
32375	15
32376	14
32377	15
32378	15
32379	16
32380	16
32381	15
32382	16
32383	15
32384	14
32385	14
32386	15
32387	17
32388	16
32389	15
32390	14
32391	14
32392	13
32393	14
32394	14
32395	15
32396	15
32397	14
32398	16
32399	15
32400	14
32401	13
32402	13
32403	14
32404	14
32405	13
32406	15
32407	14
32408	13
32409	12
32410	13
32411	14
32412	13
32413	13
32414	14
32415	16
32416	17
32417	17
32418	16
32419	16
32420	15
32421	16
32422	15
32423	15
32424	14
32425	15
32426	15
32427	14
32428	14
32429	13
32430	13
32431	14
32432	14
32433	13
32434	15
32435	14
32436	13
32437	12
32438	13
32439	13
32440	14
32441	14
32442	15
32443	15
32444	14
32445	16
32446	15
32447	14
32448	13
32449	15
32450	16
32451	16
32452	15
32453	14
32454	15
32455	14
32456	14
32457	13
32458	14
32459	13
32460	13
32461	12
32462	12
32463	13
32464	13
32465	14
32466	14
32467	13
32468	15
32469	14
32470	13
32471	12
32472	13
32473	14
32474	14
32475	13
32476	13
32477	12
32478	13
32479	12
32480	12
32481	11
32482	11
32483	12
32484	12
32485	13
32486	13
32487	14
32488	16
32489	17
32490	17
32491	16
32492	16
32493	15
32494	16
32495	16
32496	15
32497	15
32498	14
32499	15
32500	15
32501	14
32502	14
32503	13
32504	13
32505	14
32506	16
32507	15
32508	14
32509	13
32510	13
32511	12
32512	14
32513	15
32514	15
32515	16
32516	16
32517	15
32518	16
32519	15
32520	14
32521	14
32522	15
32523	17
32524	16
32525	15
32526	14
32527	14
32528	13
32529	14
32530	14
32531	15
32532	15
32533	14
32534	16
32535	15
32536	14
32537	13
32538	13
32539	14
32540	16
32541	15
32542	14
32543	13
32544	13
32545	12
32546	13
32547	13
32548	14
32549	14
32550	13
32551	15
32552	14
32553	13
32554	12
32555	12
32556	13
32557	13
32558	12
32559	14
32560	13
32561	12
32562	11
32563	12
32564	13
32565	13
32566	14
32567	14
32568	15
32569	17
32570	16
32571	15
32572	14
32573	14
32574	13
32575	14
32576	15
32577	15
32578	14
32579	14
32580	13
32581	14
32582	14
32583	13
32584	13
32585	12
32586	12
32587	13
32588	15
32589	16
32590	16
32591	15
32592	15
32593	14
32594	15
32595	15
32596	14
32597	14
32598	13
32599	14
32600	13
32601	13
32602	12
32603	12
32604	13
32605	13
32606	12
32607	14
32608	13
32609	12
32610	11
32611	12
32612	12
32613	13
32614	13
32615	14
32616	14
32617	13
32618	15
32619	14
32620	13
32621	12
32622	13
32623	14
32624	14
32625	13
32626	13
32627	12
32628	13
32629	12
32630	12
32631	11
32632	11
32633	12
32634	12
32635	13
32636	13
32637	12
32638	14
32639	13
32640	12
32641	11
32642	12
32643	13
32644	13
32645	12
32646	12
32647	11
32648	12
32649	12
32650	11
32651	10
32652	9
32653	9
32654	10
32655	12
32656	13
32657	13
32658	14
32659	16
32660	17
32661	17
32662	18
32663	20
32664	21
32665	21
32666	20
32667	20
32668	19
32669	20
32670	20
32671	19
32672	19
32673	18
32674	19
32675	19
32676	18
32677	18
32678	17
32679	17
32680	18
32681	20
32682	19
32683	18
32684	17
32685	17
32686	16
32687	16
32688	17
32689	19
32690	20
32691	20
32692	19
32693	19
32694	18
32695	19
32696	19
32697	18
32698	18
32699	17
32700	18
32701	18
32702	17
32703	17
32704	16
32705	16
32706	17
32707	19
32708	18
32709	17
32710	16
32711	16
32712	15
32713	16
32714	16
32715	17
32716	17
32717	18
32718	20
32719	19
32720	18
32721	17
32722	17
32723	16
32724	17
32725	18
32726	18
32727	17
32728	17
32729	16
32730	17
32731	17
32732	16
32733	16
32734	15
32735	15
32736	16
32737	18
32738	19
32739	19
32740	18
32741	18
32742	17
32743	18
32744	18
32745	17
32746	17
32747	16
32748	17
32749	17
32750	16
32751	16
32752	15
32753	15
32754	16
32755	16
32756	15
32757	17
32758	16
32759	15
32760	14
32761	15
32762	15
32763	16
32764	16
32765	17
32766	17
32767	16
32768	18
32769	17
32770	16
32771	15
32772	17
32773	18
32774	18
32775	17
32776	17
32777	16
32778	17
32779	17
32780	16
32781	16
32782	15
32783	16
32784	16
32785	15
32786	15
32787	14
32788	14
32789	15
32790	15
32791	16
32792	16
32793	15
32794	17
32795	16
32796	15
32797	14
32798	15
32799	16
32800	16
32801	15
32802	15
32803	14
32804	15
32805	15
32806	14
32807	14
32808	13
32809	13
32810	14
32811	15
32812	16
32813	16
32814	17
32815	19
32816	18
32817	17
32818	16
32819	16
32820	15
32821	15
32822	16
32823	17
32824	16
32825	15
32826	15
32827	14
32828	15
32829	15
32830	16
32831	16
32832	15
32833	16
32834	15
32835	14
32836	14
32837	15
32838	17
32839	16
32840	15
32841	14
32842	14
32843	13
32844	13
32845	14
32846	13
32847	15
32848	16
32849	16
32850	15
32851	15
32852	14
32853	15
32854	15
32855	14
32856	14
32857	13
32858	14
32859	14
32860	13
32861	12
32862	11
32863	10
32864	11
32865	11
32866	12
32867	12
32868	13
32869	13
32870	14
32871	16
32872	17
32873	17
32874	16
32875	16
32876	15
32877	16
32878	16
32879	15
32880	15
32881	14
32882	15
32883	15
32884	14
32885	14
32886	13
32887	13
32888	14
32889	16
32890	15
32891	14
32892	13
32893	13
32894	12
32895	14
32896	15
32897	15
32898	16
32899	16
32900	15
32901	17
32902	16
32903	15
32904	14
32905	14
32906	15
32907	17
32908	16
32909	15
32910	14
32911	14
32912	13
32913	14
32914	14
32915	15
32916	15
32917	14
32918	15
32919	14
32920	13
32921	13
32922	14
32923	16
32924	15
32925	14
32926	13
32927	13
32928	12
32929	13
32930	13
32931	14
32932	14
32933	13
32934	15
32935	14
32936	13
32937	12
32938	12
32939	13
32940	13
32941	12
32942	14
32943	13
32944	12
32945	11
32946	13
32947	14
32948	13
32949	13
32950	14
32951	16
32952	17
32953	17
32954	16
32955	16
32956	15
32957	16
32958	16
32959	15
32960	15
32961	14
32962	15
32963	15
32964	14
32965	14
32966	13
32967	13
32968	14
32969	16
32970	15
32971	14
32972	13
32973	13
32974	12
32975	13
32976	13
32977	14
32978	14
32979	15
32980	17
32981	16
32982	15
32983	14
32984	14
32985	13
32986	14
32987	15
32988	15
32989	14
32990	13
32991	14
32992	13
32993	13
32994	12
32995	12
32996	13
32997	14
32998	15
32999	15
33000	14
33001	14
33002	13
33003	14
33004	14
33005	13
33006	13
33007	12
33008	12
33009	13
33010	13
33011	12
33012	14
33013	13
33014	12
33015	11
33016	12
33017	12
33018	13
33019	13
33020	14
33021	14
33022	13
33023	15
33024	14
33025	13
33026	12
33027	14
33028	15
33029	15
33030	14
33031	14
33032	13
33033	14
33034	13
33035	13
33036	12
33037	13
33038	12
33039	12
33040	11
33041	11
33042	12
33043	12
33044	13
33045	13
33046	12
33047	14
33048	13
33049	12
33050	11
33051	12
33052	13
33053	13
33054	12
33055	12
33056	11
33057	12
33058	11
33059	11
33060	10
33061	10
33062	11
33063	11
33064	12
33065	12
33066	13
33067	15
33068	16
33069	16
33070	15
33071	15
33072	14
33073	15
33074	15
33075	14
33076	14
33077	13
33078	14
33079	14
33080	13
33081	13
33082	12
33083	11
33084	13
33085	14
33086	14
33087	15
33088	15
33089	14
33090	15
33091	14
33092	13
33093	13
33094	14
33095	16
33096	15
33097	14
33098	13
33099	13
33100	12
33101	13
33102	13
33103	14
33104	14
33105	13
33106	15
33107	14
33108	13
33109	12
33110	12
33111	13
33112	15
33113	14
33114	13
33115	12
33116	12
33117	11
33118	12
33119	12
33120	13
33121	13
33122	12
33123	14
33124	13
33125	12
33126	11
33127	11
33128	12
33129	12
33130	11
33131	13
33132	12
33133	11
33134	10
33135	11
33136	12
33137	12
33138	13
33139	13
33140	14
33141	16
33142	15
33143	14
33144	13
33145	13
33146	12
33147	12
33148	13
33149	13
33150	12
33151	12
33152	11
33153	11
33154	12
33155	14
33156	15
33157	15
33158	14
33159	14
33160	13
33161	14
33162	14
33163	13
33164	13
33165	12
33166	13
33167	12
33168	12
33169	11
33170	11
33171	12
33172	12
33173	11
33174	13
33175	12
33176	11
33177	10
33178	11
33179	11
33180	12
33181	12
33182	13
33183	13
33184	12
33185	14
33186	13
33187	12
33188	11
33189	12
33190	13
33191	13
33192	12
33193	12
33194	11
33195	12
33196	11
33197	11
33198	10
33199	10
33200	11
33201	11
33202	12
33203	12
33204	11
33205	13
33206	12
33207	11
33208	10
33209	11
33210	12
33211	12
33212	11
33213	11
33214	10
33215	11
33216	11
33217	10
33218	9
33219	8
33220	7
33221	6
33222	6
33223	7
33224	6
33225	6
33226	7
33227	7
33228	8
33229	8
33230	9
33231	11
33232	12
33233	12
33234	13
33235	15
33236	16
33237	16
33238	15
33239	15
33240	14
33241	15
33242	15
33243	14
33244	14
33245	13
33246	14
33247	14
33248	13
33249	13
33250	12
33251	12
33252	13
33253	14
33254	13
33255	12
33256	12
33257	11
33258	11
33259	12
33260	14
33261	15
33262	15
33263	14
33264	14
33265	13
33266	14
33267	14
33268	13
33269	13
33270	12
33271	13
33272	13
33273	12
33274	12
33275	11
33276	11
33277	12
33278	14
33279	13
33280	12
33281	11
33282	11
33283	10
33284	11
33285	11
33286	12
33287	12
33288	13
33289	15
33290	14
33291	13
33292	12
33293	12
33294	11
33295	12
33296	13
33297	13
33298	12
33299	12
33300	11
33301	12
33302	12
33303	11
33304	11
33305	10
33306	10
33307	11
33308	13
33309	14
33310	14
33311	13
33312	13
33313	12
33314	13
33315	13
33316	12
33317	12
33318	11
33319	12
33320	11
33321	11
33322	10
33323	10
33324	11
33325	11
33326	10
33327	12
33328	11
33329	10
33330	9
33331	10
33332	10
33333	11
33334	11
33335	12
33336	12
33337	11
33338	13
33339	12
33340	11
33341	10
33342	11
33343	12
33344	12
33345	11
33346	11
33347	10
33348	11
33349	11
33350	10
33351	10
33352	9
33353	9
33354	10
33355	10
33356	11
33357	11
33358	10
33359	12
33360	11
33361	10
33362	9
33363	11
33364	12
33365	12
33366	11
33367	11
33368	10
33369	11
33370	11
33371	10
33372	10
33373	9
33374	10
33375	10
33376	9
33377	9
33378	8
33379	8
33380	9
33381	10
33382	11
33383	11
33384	12
33385	13
33386	12
33387	11
33388	11
33389	10
33390	10
33391	11
33392	13
33393	12
33394	11
33395	10
33396	10
33397	9
33398	10
33399	10
33400	11
33401	11
33402	10
33403	11
33404	10
33405	9
33406	9
33407	10
33408	12
33409	11
33410	10
33411	9
33412	9
33413	8
33414	8
33415	9
33416	9
33417	10
33418	10
33419	9
33420	11
33421	10
33422	9
33423	8
33424	10
33425	11
33426	11
33427	10
33428	10
33429	9
33430	10
33431	10
33432	9
33433	9
33434	8
33435	9
33436	8
33437	8
33438	7
33439	8
33440	9
33441	9
33442	10
33443	10
33444	11
33445	13
33446	14
33447	14
33448	13
33449	13
33450	12
33451	13
33452	13
33453	12
33454	12
33455	11
33456	12
33457	12
33458	11
33459	11
33460	10
33461	10
33462	11
33463	13
33464	12
33465	11
33466	10
33467	10
33468	9
33469	11
33470	12
33471	12
33472	13
33473	13
33474	12
33475	13
33476	12
33477	11
33478	11
33479	12
33480	14
33481	13
33482	12
33483	11
33484	10
33485	11
33486	11
33487	12
33488	12
33489	11
33490	12
33491	11
33492	10
33493	10
33494	11
33495	13
33496	12
33497	11
33498	10
33499	10
33500	9
33501	10
33502	10
33503	11
33504	11
33505	10
33506	12
33507	11
33508	10
33509	9
33510	9
33511	10
33512	10
33513	9
33514	11
33515	10
33516	9
33517	8
33518	7
33519	8
33520	8
33521	9
33522	9
33523	10
33524	10
33525	11
33526	13
33527	12
33528	11
33529	10
33530	10
33531	9
33532	11
33533	12
33534	12
33535	11
33536	11
33537	10
33538	11
33539	11
33540	10
33541	10
33542	9
33543	10
33544	10
33545	9
33546	9
33547	8
33548	9
33549	10
33550	10
33551	11
33552	11
33553	10
33554	10
33555	9
33556	9
33557	10
33558	12
33559	11
33560	10
33561	9
33562	9
33563	8
33564	9
33565	8
33566	8
33567	9
33568	9
33569	8
33570	10
33571	9
33572	8
33573	7
33574	7
33575	8
33576	8
33577	9
33578	9
33579	10
33580	12
33581	11
33582	10
33583	9
33584	9
33585	8
33586	10
33587	11
33588	11
33589	10
33590	10
33591	9
33592	10
33593	10
33594	9
33595	9
33596	8
33597	9
33598	9
33599	8
33600	8
33601	7
33602	9
33603	10
33604	10
33605	11
33606	13
33607	12
33608	11
33609	10
33610	10
33611	9
33612	9
33613	10
33614	11
33615	10
33616	9
33617	9
33618	8
33619	9
33620	8
33621	8
33622	9
33623	11
33624	10
33625	9
33626	8
33627	8
33628	7
33629	8
33630	8
33631	9
33632	9
33633	8
33634	10
33635	9
33636	8
33637	7
33638	7
33639	8
33640	8
33641	7
33642	9
33643	8
33644	7
33645	6
33646	5
33647	4
33648	3
33649	3
33650	4
33651	4
33652	5
33653	4
33654	3
33655	3
33656	4
33657	4
33658	5
33659	5
33660	6
33661	7
33662	8
33663	8
33664	9
33665	9
33666	10
33667	12
33668	13
33669	13
33670	14
33671	16
33672	15
33673	14
33674	13
33675	13
33676	12
33677	12
33678	13
33679	15
33680	14
33681	13
33682	12
33683	12
33684	11
33685	12
33686	12
33687	13
33688	13
33689	12
33690	14
33691	13
33692	12
33693	11
33694	11
33695	12
33696	14
33697	13
33698	12
33699	11
33700	11
33701	10
33702	11
33703	11
33704	12
33705	12
33706	11
33707	13
33708	12
33709	11
33710	10
33711	10
33712	11
33713	11
33714	10
33715	12
33716	11
33717	10
33718	9
33719	9
33720	10
33721	12
33722	13
33723	13
33724	12
33725	12
33726	11
33727	12
33728	12
33729	11
33730	10
33731	11
33732	11
33733	10
33734	10
33735	9
33736	9
33737	10
33738	10
33739	9
33740	11
33741	10
33742	9
33743	8
33744	10
33745	11
33746	10
33747	10
33748	11
33749	13
33750	14
33751	14
33752	13
33753	13
33754	12
33755	13
33756	13
33757	12
33758	12
33759	11
33760	12
33761	12
33762	11
33763	11
33764	10
33765	10
33766	11
33767	11
33768	10
33769	12
33770	11
33771	10
33772	9
33773	10
33774	9
33775	9
33776	10
33777	12
33778	13
33779	12
33780	12
33781	11
33782	12
33783	12
33784	11
33785	11
33786	10
33787	11
33788	11
33789	10
33790	10
33791	9
33792	9
33793	10
33794	10
33795	9
33796	11
33797	10
33798	9
33799	8
33800	9
33801	9
33802	10
33803	10
33804	11
33805	11
33806	10
33807	12
33808	11
33809	10
33810	9
33811	10
33812	11
33813	11
33814	10
33815	10
33816	9
33817	10
33818	10
33819	9
33820	9
33821	8
33822	8
33823	9
33824	9
33825	10
33826	10
33827	9
33828	11
33829	10
33830	9
33831	8
33832	9
33833	10
33834	9
33835	9
33836	8
33837	9
33838	9
33839	8
33840	8
33841	7
33842	7
33843	8
33844	10
33845	11
33846	11
33847	12
33848	14
33849	15
33850	15
33851	14
33852	14
33853	13
33854	14
33855	14
33856	13
33857	13
33858	12
33859	13
33860	13
33861	12
33862	12
33863	11
33864	11
33865	12
33866	14
33867	13
33868	12
33869	11
33870	11
33871	10
33872	9
33873	10
33874	10
33875	11
33876	11
33877	12
33878	13
33879	12
33880	11
33881	11
33882	10
33883	11
33884	12
33885	12
33886	11
33887	11
33888	10
33889	11
33890	11
33891	10
33892	10
33893	9
33894	9
33895	10
33896	12
33897	13
33898	13
33899	12
33900	12
33901	11
33902	12
33903	12
33904	11
33905	11
33906	10
33907	11
33908	11
33909	10
33910	10
33911	9
33912	9
33913	10
33914	10
33915	9
33916	11
33917	10
33918	9
33919	8
33920	9
33921	9
33922	10
33923	10
33924	11
33925	13
33926	12
33927	11
33928	10
33929	10
33930	9
33931	11
33932	12
33933	12
33934	11
33935	11
33936	10
33937	11
33938	10
33939	10
33940	9
33941	10
33942	10
33943	9
33944	9
33945	8
33946	8
33947	9
33948	11
33949	12
33950	12
33951	11
33952	11
33953	10
33954	11
33955	11
33956	10
33957	10
33958	9
33959	10
33960	10
33961	9
33962	9
33963	8
33964	8
33965	9
33966	9
33967	8
33968	10
33969	9
33970	8
33971	7
33972	7
33973	8
33974	7
33975	7
33976	8
33977	8
33978	9
33979	9
33980	8
33981	9
33982	8
33983	7
33984	7
33985	8
33986	10
33987	9
33988	8
33989	7
33990	7
33991	6
33992	5
33993	5
33994	6
33995	7
33996	8
33997	8
33998	9
33999	11
34000	12
34001	12
34002	13
34003	15
34004	14
34005	13
34006	12
34007	12
34008	11
34009	11
34010	12
34011	14
34012	13
34013	12
34014	11
34015	11
34016	10
34017	11
34018	11
34019	12
34020	12
34021	11
34022	13
34023	12
34024	11
34025	10
34026	10
34027	11
34028	13
34029	12
34030	11
34031	10
34032	10
34033	9
34034	10
34035	10
34036	11
34037	10
34038	12
34039	11
34040	10
34041	9
34042	9
34043	10
34044	10
34045	9
34046	11
34047	10
34048	9
34049	8
34050	8
34051	9
34052	11
34053	12
34054	12
34055	11
34056	11
34057	10
34058	11
34059	11
34060	10
34061	9
34062	10
34063	10
34064	9
34065	9
34066	8
34067	8
34068	9
34069	9
34070	8
34071	10
34072	9
34073	8
34074	7
34075	7
34076	8
34077	9
34078	10
34079	10
34080	11
34081	11
34082	10
34083	12
34084	11
34085	10
34086	9
34087	9
34088	10
34089	11
34090	10
34091	9
34092	9
34093	8
34094	9
34095	8
34096	8
34097	9
34098	9
34099	8
34100	10
34101	9
34102	8
34103	7
34104	7
34105	8
34106	10
34107	11
34108	11
34109	10
34110	10
34111	9
34112	10
34113	10
34114	9
34115	9
34116	8
34117	9
34118	9
34119	8
34120	7
34121	7
34122	8
34123	8
34124	7
34125	9
34126	8
34127	7
34128	6
34129	7
34130	6
34131	6
34132	7
34133	8
34134	9
34135	9
34136	10
34137	12
34138	11
34139	10
34140	9
34141	9
34142	8
34143	7
34144	8
34145	8
34146	9
34147	9
34148	8
34149	10
34150	9
34151	8
34152	7
34153	6
34154	6
34155	7
34156	7
34157	8
34158	8
34159	7
34160	9
34161	8
34162	7
34163	6
34164	8
34165	9
34166	9
34167	8
34168	8
34169	7
34170	8
34171	8
34172	7
34173	7
34174	6
34175	7
34176	6
34177	6
34178	5
34179	4
34180	5
34181	6
34182	6
34183	7
34184	7
34185	8
34186	10
34187	11
34188	11
34189	12
34190	13
34191	14
34192	14
34193	13
34194	13
34195	12
34196	13
34197	13
34198	12
34199	12
34200	11
34201	11
34202	12
34203	14
34204	13
34205	12
34206	11
34207	11
34208	10
34209	10
34210	11
34211	13
34212	14
34213	14
34214	13
34215	12
34216	13
34217	13
34218	12
34219	12
34220	11
34221	12
34222	12
34223	11
34224	11
34225	10
34226	10
34227	11
34228	13
34229	12
34230	11
34231	10
34232	10
34233	9
34234	10
34235	10
34236	11
34237	11
34238	12
34239	13
34240	12
34241	11
34242	11
34243	10
34244	10
34245	11
34246	11
34247	10
34248	10
34249	9
34250	9
34251	10
34252	12
34253	13
34254	13
34255	12
34256	12
34257	11
34258	12
34259	12
34260	11
34261	11
34262	10
34263	11
34264	11
34265	10
34266	10
34267	9
34268	9
34269	10
34270	10
34271	9
34272	11
34273	10
34274	9
34275	8
34276	9
34277	9
34278	10
34279	10
34280	11
34281	11
34282	10
34283	12
34284	11
34285	10
34286	9
34287	10
34288	11
34289	11
34290	10
34291	10
34292	9
34293	10
34294	10
34295	9
34296	9
34297	8
34298	8
34299	9
34300	9
34301	10
34302	10
34303	9
34304	11
34305	10
34306	9
34307	8
34308	10
34309	11
34310	11
34311	10
34312	10
34313	9
34314	10
34315	10
34316	9
34317	9
34318	8
34319	9
34320	9
34321	8
34322	8
34323	7
34324	7
34325	8
34326	9
34327	10
34328	10
34329	11
34330	13
34331	12
34332	11
34333	10
34334	10
34335	9
34336	9
34337	10
34338	12
34339	11
34340	10
34341	9
34342	8
34343	9
34344	9
34345	10
34346	10
34347	9
34348	11
34349	10
34350	9
34351	8
34352	8
34353	9
34354	11
34355	10
34356	9
34357	8
34358	8
34359	7
34360	7
34361	8
34362	8
34363	9
34364	9
34365	8
34366	10
34367	9
34368	8
34369	7
34370	9
34371	10
34372	10
34373	9
34374	9
34375	8
34376	9
34377	9
34378	8
34379	8
34380	7
34381	8
34382	7
34383	7
34384	6
34385	7
34386	8
34387	7
34388	7
34389	8
34390	9
34391	10
34392	10
34393	11
34394	11
34395	10
34396	12
34397	11
34398	10
34399	9
34400	9
34401	10
34402	11
34403	10
34404	9
34405	9
34406	8
34407	9
34408	9
34409	10
34410	10
34411	9
34412	9
34413	8
34414	8
34415	9
34416	11
34417	10
34418	9
34419	8
34420	8
34421	7
34422	7
34423	8
34424	8
34425	9
34426	9
34427	8
34428	10
34429	9
34430	8
34431	7
34432	9
34433	10
34434	10
34435	9
34436	9
34437	8
34438	9
34439	9
34440	8
34441	8
34442	7
34443	8
34444	8
34445	7
34446	6
34447	7
34448	6
34449	6
34450	7
34451	7
34452	8
34453	8
34454	9
34455	11
34456	10
34457	9
34458	8
34459	8
34460	7
34461	9
34462	10
34463	10
34464	9
34465	9
34466	8
34467	9
34468	9
34469	8
34470	8
34471	7
34472	8
34473	8
34474	7
34475	7
34476	6
34477	6
34478	7
34479	7
34480	8
34481	8
34482	7
34483	7
34484	6
34485	6
34486	7
34487	8
34488	7
34489	6
34490	6
34491	5
34492	5
34493	6
34494	8
34495	9
34496	9
34497	10
34498	12
34499	13
34500	13
34501	14
34502	16
34503	15
34504	14
34505	13
34506	13
34507	12
34508	12
34509	13
34510	14
34511	13
34512	12
34513	12
34514	11
34515	12
34516	12
34517	13
34518	13
34519	12
34520	14
34521	13
34522	12
34523	11
34524	11
34525	12
34526	14
34527	13
34528	12
34529	11
34530	11
34531	10
34532	11
34533	11
34534	12
34535	12
34536	11
34537	13
34538	12
34539	11
34540	10
34541	10
34542	11
34543	11
34544	10
34545	12
34546	11
34547	10
34548	9
34549	9
34550	10
34551	12
34552	13
34553	13
34554	12
34555	12
34556	11
34557	12
34558	12
34559	11
34560	10
34561	11
34562	11
34563	10
34564	10
34565	9
34566	9
34567	10
34568	10
34569	9
34570	11
34571	10
34572	9
34573	8
34574	8
34575	9
34576	11
34577	12
34578	12
34579	13
34580	15
34581	14
34582	13
34583	12
34584	12
34585	11
34586	11
34587	12
34588	14
34589	13
34590	12
34591	11
34592	11
34593	10
34594	11
34595	11
34596	12
34597	12
34598	11
34599	13
34600	12
34601	11
34602	10
34603	10
34604	11
34605	13
34606	12
34607	11
34608	10
34609	10
34610	9
34611	10
34612	10
34613	11
34614	11
34615	10
34616	10
34617	9
34618	9
34619	10
34620	10
34621	9
34622	11
34623	10
34624	9
34625	8
34626	8
34627	9
34628	11
34629	12
34630	12
34631	11
34632	11
34633	10
34634	11
34635	11
34636	10
34637	10
34638	9
34639	10
34640	10
34641	9
34642	8
34643	8
34644	9
34645	9
34646	8
34647	10
34648	9
34649	8
34650	7
34651	8
34652	7
34653	7
34654	8
34655	10
34656	11
34657	11
34658	12
34659	14
34660	13
34661	12
34662	11
34663	11
34664	10
34665	9
34666	10
34667	10
34668	11
34669	11
34670	10
34671	12
34672	11
34673	10
34674	9
34675	9
34676	9
34677	8
34678	9
34679	9
34680	10
34681	10
34682	9
34683	11
34684	10
34685	9
34686	8
34687	8
34688	9
34689	11
34690	10
34691	9
34692	8
34693	8
34694	7
34695	7
34696	8
34697	8
34698	9
34699	9
34700	8
34701	10
34702	9
34703	8
34704	7
34705	9
34706	10
34707	10
34708	9
34709	9
34710	8
34711	9
34712	9
34713	8
34714	8
34715	7
34716	8
34717	8
34718	7
34719	6
34720	7
34721	6
34722	6
34723	7
34724	9
34725	10
34726	9
34727	9
34728	10
34729	12
34730	11
34731	10
34732	9
34733	9
34734	8
34735	9
34736	9
34737	10
34738	10
34739	9
34740	11
34741	10
34742	9
34743	8
34744	8
34745	9
34746	11
34747	10
34748	9
34749	8
34750	8
34751	7
34752	8
34753	8
34754	9
34755	9
34756	8
34757	10
34758	9
34759	8
34760	7
34761	7
34762	8
34763	10
34764	9
34765	8
34766	7
34767	7
34768	6
34769	6
34770	7
34771	7
34772	8
34773	8
34774	7
34775	9
34776	8
34777	7
34778	6
34779	8
34780	9
34781	9
34782	8
34783	8
34784	7
34785	8
34786	8
34787	7
34788	7
34789	6
34790	7
34791	6
34792	6
34793	5
34794	4
34795	3
34796	2
34797	1
34798	1
34799	3
34800	3
34801	4
34802	6
34803	7
34804	7
34805	8
34806	10
34807	11
34808	11
34809	12
34810	13
34811	14
34812	14
34813	15
34814	15
34815	16
34816	18
34817	19
34818	19
34819	20
34820	22
34821	23
34822	22
34823	21
34824	22
34825	21
34826	20
34827	21
34828	20
34829	19
34830	19
34831	20
34832	19
34833	18
34834	18
34835	19
34836	21
34837	22
34838	21
34839	20
34840	21
34841	20
34842	19
34843	20
34844	19
34845	18
34846	18
34847	19
34848	18
34849	17
34850	18
34851	18
34852	19
34853	19
34854	20
34855	19
34856	18
34857	20
34858	21
34859	20
34860	19
34861	19
34862	18
34863	19
34864	18
34865	17
34866	17
34867	18
34868	20
34869	21
34870	20
34871	19
34872	20
34873	19
34874	18
34875	19
34876	18
34877	17
34878	17
34879	18
34880	17
34881	16
34882	17
34883	17
34884	18
34885	18
34886	19
34887	18
34888	17
34889	19
34890	20
34891	19
34892	18
34893	19
34894	18
34895	17
34896	18
34897	17
34898	16
34899	16
34900	17
34901	17
34902	18
34903	17
34904	16
34905	18
34906	19
34907	18
34908	17
34909	18
34910	17
34911	16
34912	16
34913	15
34914	15
34915	16
34916	18
34917	19
34918	19
34919	20
34920	19
34921	18
34922	18
34923	19
34924	18
34925	17
34926	17
34927	17
34928	18
34929	17
34930	16
34931	17
34932	17
34933	18
34934	17
34935	16
34936	16
34937	17
34938	16
34939	15
34940	15
34941	16
34942	16
34943	17
34944	16
34945	15
34946	17
34947	18
34948	17
34949	16
34950	17
34951	16
34952	15
34953	16
34954	15
34955	14
34956	16
34957	16
34958	16
34959	17
34960	19
34961	20
34962	20
34963	21
34964	20
34965	19
34966	19
34967	20
34968	19
34969	18
34970	19
34971	19
34972	20
34973	19
34974	18
34975	18
34976	19
34977	18
34978	17
34979	18
34980	18
34981	19
34982	18
34983	17
34984	17
34985	18
34986	17
34987	16
34988	16
34989	17
34990	17
34991	18
34992	17
34993	16
34994	18
34995	19
34996	18
34997	17
34998	18
34999	17
35000	16
35001	17
35002	16
35003	15
35004	16
35005	16
35006	17
35007	17
35008	18
35009	20
35010	21
35011	20
35012	19
35013	20
35014	19
35015	18
35016	19
35017	18
35018	17
35019	17
35020	18
35021	17
35022	16
35023	18
35024	19
35025	19
35026	20
35027	19
35028	18
35029	18
35030	18
35031	17
35032	18
35033	17
35034	17
35035	18
35036	17
35037	16
35038	17
35039	17
35040	18
35041	17
35042	16
35043	16
35044	17
35045	16
35046	15
35047	15
35048	16
35049	18
35050	18
35051	18
35052	19
35053	18
35054	17
35055	18
35056	18
35057	19
35058	18
35059	17
35060	17
35061	18
35062	17
35063	16
35064	17
35065	17
35066	18
35067	17
35068	16
35069	16
35070	17
35071	16
35072	15
35073	15
35074	16
35075	16
35076	17
35077	16
35078	15
35079	17
35080	18
35081	17
35082	16
35083	17
35084	16
35085	15
35086	16
35087	15
35088	14
35089	15
35090	15
35091	15
35092	15
35093	16
35094	16
35095	17
35096	16
35097	15
35098	17
35099	18
35100	17
35101	16
35102	17
35103	16
35104	15
35105	16
35106	15
35107	14
35108	14
35109	14
35110	14
35111	15
35112	15
35113	16
35114	15
35115	14
35116	16
35117	17
35118	16
35119	15
35120	16
35121	15
35122	14
35123	15
35124	14
35125	13
35126	13
35127	14
35128	16
35129	17
35130	17
35131	18
35132	20
35133	21
35134	21
35135	22
35136	21
35137	20
35138	20
35139	21
35140	20
35141	19
35142	20
35143	20
35144	21
35145	20
35146	19
35147	19
35148	20
35149	19
35150	18
35151	19
35152	19
35153	20
35154	19
35155	18
35156	18
35157	18
35158	17
35159	17
35160	18
35161	20
35162	21
35163	20
35164	19
35165	20
35166	19
35167	18
35168	19
35169	18
35170	17
35171	17
35172	18
35173	17
35174	16
35175	16
35176	17
35177	19
35178	20
35179	20
35180	21
35181	20
35182	19
35183	19
35184	20
35185	19
35186	18
35187	19
35188	19
35189	20
35190	19
35191	18
35192	18
35193	19
35194	18
35195	17
35196	18
35197	18
35198	19
35199	18
35200	17
35201	17
35202	18
35203	17
35204	16
35205	16
35206	17
35207	19
35208	20
35209	19
35210	18
35211	19
35212	18
35213	17
35214	18
35215	17
35216	16
35217	16
35218	17
35219	16
35220	15
35221	16
35222	16
35223	16
35224	16
35225	17
35226	19
35227	20
35228	19
35229	18
35230	19
35231	18
35232	17
35233	18
35234	17
35235	16
35236	16
35237	17
35238	16
35239	15
35240	15
35241	16
35242	18
35243	19
35244	19
35245	20
35246	19
35247	18
35248	18
35249	18
35250	17
35251	18
35252	18
35253	19
35254	18
35255	17
35256	17
35257	18
35258	17
35259	16
35260	17
35261	17
35262	18
35263	17
35264	16
35265	16
35266	17
35267	16
35268	15
35269	15
35270	16
35271	16
35272	17
35273	16
35274	15
35275	17
35276	18
35277	17
35278	16
35279	17
35280	16
35281	15
35282	16
35283	15
35284	14
35285	15
35286	15
35287	15
35288	15
35289	16
35290	18
35291	19
35292	18
35293	17
35294	18
35295	17
35296	16
35297	17
35298	16
35299	15
35300	15
35301	16
35302	15
35303	14
35304	14
35305	15
35306	17
35307	18
35308	18
35309	18
35310	17
35311	17
35312	18
35313	17
35314	16
35315	17
35316	17
35317	18
35318	17
35319	16
35320	16
35321	17
35322	16
35323	15
35324	16
35325	16
35326	17
35327	16
35328	15
35329	15
35330	15
35331	14
35332	14
35333	15
35334	15
35335	16
35336	15
35337	14
35338	16
35339	17
35340	16
35341	15
35342	16
35343	15
35344	14
35345	15
35346	14
35347	13
35348	13
35349	13
35350	13
35351	14
35352	14
35353	15
35354	17
35355	18
35356	17
35357	16
35358	17
35359	16
35360	15
35361	16
35362	15
35363	14
35364	14
35365	15
35366	14
35367	13
35368	15
35369	16
35370	16
35371	17
35372	16
35373	15
35374	15
35375	16
35376	15
35377	14
35378	15
35379	15
35380	16
35381	15
35382	14
35383	14
35384	15
35385	14
35386	13
35387	14
35388	14
35389	15
35390	14
35391	13
35392	13
35393	14
35394	13
35395	12
35396	11
35397	11
35398	11
35399	11
35400	12
35401	12
35402	13
35403	13
35404	14
35405	16
35406	17
35407	17
35408	18
35409	17
35410	16
35411	16
35412	17
35413	16
35414	15
35415	16
35416	16
35417	17
35418	16
35419	15
35420	15
35421	16
35422	15
35423	14
35424	15
35425	15
35426	16
35427	15
35428	14
35429	14
35430	15
35431	14
35432	13
35433	13
35434	14
35435	16
35436	17
35437	16
35438	15
35439	16
35440	15
35441	14
35442	15
35443	14
35444	13
35445	13
35446	14
35447	13
35448	12
35449	14
35450	15
35451	15
35452	15
35453	15
35454	16
35455	15
35456	14
35457	14
35458	15
35459	17
35460	18
35461	17
35462	16
35463	17
35464	16
35465	15
35466	16
35467	15
35468	14
35469	14
35470	15
35471	14
35472	13
35473	14
35474	14
35475	15
35476	15
35477	16
35478	15
35479	14
35480	16
35481	17
35482	16
35483	15
35484	16
35485	15
35486	14
35487	15
35488	14
35489	13
35490	13
35491	14
35492	16
35493	17
35494	16
35495	15
35496	16
35497	15
35498	14
35499	15
35500	14
35501	13
35502	13
35503	14
35504	13
35505	12
35506	13
35507	13
35508	14
35509	14
35510	15
35511	14
35512	13
35513	15
35514	16
35515	15
35516	14
35517	15
35518	14
35519	13
35520	13
35521	12
35522	12
35523	13
35524	13
35525	14
35526	13
35527	12
35528	14
35529	15
35530	14
35531	13
35532	14
35533	13
35534	12
35535	12
35536	11
35537	13
35538	13
35539	13
35540	14
35541	16
35542	17
35543	17
35544	18
35545	17
35546	16
35547	16
35548	17
35549	16
35550	15
35551	16
35552	16
35553	17
35554	16
35555	15
35556	15
35557	16
35558	15
35559	14
35560	15
35561	15
35562	16
35563	15
35564	14
35565	14
35566	15
35567	14
35568	13
35569	13
35570	14
35571	16
35572	17
35573	16
35574	15
35575	16
35576	15
35577	14
35578	15
35579	14
35580	13
35581	13
35582	14
35583	13
35584	12
35585	13
35586	13
35587	13
35588	13
35589	14
35590	16
35591	17
35592	16
35593	15
35594	16
35595	15
35596	14
35597	15
35598	14
35599	13
35600	13
35601	14
35602	13
35603	12
35604	12
35605	13
35606	15
35607	16
35608	16
35609	17
35610	16
35611	15
35612	15
35613	16
35614	15
35615	14
35616	15
35617	15
35618	16
35619	15
35620	14
35621	14
35622	15
35623	14
35624	13
35625	13
35626	13
35627	14
35628	13
35629	12
35630	12
35631	13
35632	13
35633	14
35634	13
35635	12
35636	14
35637	15
35638	14
35639	13
35640	14
35641	13
35642	12
35643	13
35644	12
35645	11
35646	12
35647	12
35648	12
35649	12
35650	13
35651	13
35652	14
35653	13
35654	12
35655	14
35656	15
35657	14
35658	13
35659	14
35660	13
35661	12
35662	13
35663	12
35664	11
35665	11
35666	12
35667	12
35668	13
35669	13
35670	14
35671	13
35672	12
35673	14
35674	15
35675	14
35676	13
35677	14
35678	13
35679	12
35680	13
35681	12
35682	11
35683	13
35684	14
35685	14
35686	14
35687	13
35688	13
35689	14
35690	13
35691	12
35692	13
35693	13
35694	14
35695	13
35696	12
35697	12
35698	13
35699	12
35700	11
35701	11
35702	11
35703	12
35704	11
35705	10
35706	10
35707	11
35708	13
35709	14
35710	14
35711	15
35712	17
35713	18
35714	18
35715	19
35716	21
35717	22
35718	22
35719	22
35720	21
35721	21
35722	22
35723	21
35724	20
35725	21
35726	21
35727	22
35728	21
35729	20
35730	20
35731	21
35732	20
35733	19
35734	20
35735	20
35736	21
35737	20
35738	19
35739	19
35740	20
35741	19
35742	18
35743	18
35744	19
35745	21
35746	22
35747	21
35748	20
35749	21
35750	20
35751	19
35752	20
35753	19
35754	18
35755	18
35756	19
35757	18
35758	17
35759	17
35760	18
35761	20
35762	21
35763	21
35764	22
35765	21
35766	20
35767	20
35768	20
35769	19
35770	20
35771	20
35772	20
35773	19
35774	19
35775	20
35776	19
35777	18
35778	19
35779	19
35780	20
35781	19
35782	18
35783	18
35784	19
35785	18
35786	17
35787	17
35788	18
35789	20
35790	21
35791	20
35792	19
35793	20
35794	19
35795	18
35796	19
35797	18
35798	17
35799	17
35800	18
35801	17
35802	16
35803	17
35804	17
35805	17
35806	17
35807	18
35808	20
35809	21
35810	20
35811	19
35812	20
35813	19
35814	18
35815	19
35816	18
35817	17
35818	17
35819	18
35820	17
35821	16
35822	16
35823	17
35824	19
35825	20
35826	20
35827	20
35828	19
35829	19
35830	20
35831	19
35832	18
35833	19
35834	19
35835	20
35836	19
35837	18
35838	18
35839	19
35840	18
35841	17
35842	18
35843	18
35844	19
35845	18
35846	17
35847	17
35848	18
35849	17
35850	16
35851	16
35852	17
35853	17
35854	18
35855	17
35856	16
35857	18
35858	19
35859	18
35860	17
35861	18
35862	17
35863	16
35864	17
35865	16
35866	15
35867	16
35868	16
35869	17
35870	17
35871	18
35872	18
35873	19
35874	18
35875	17
35876	19
35877	20
35878	19
35879	18
35880	19
35881	18
35882	17
35883	18
35884	17
35885	16
35886	18
35887	19
35888	19
35889	20
35890	19
35891	18
35892	18
35893	18
35894	17
35895	18
35896	18
35897	19
35898	18
35899	17
35900	17
35901	18
35902	17
35903	16
35904	17
35905	17
35906	18
35907	17
35908	16
35909	16
35910	17
35911	16
35912	15
35913	15
35914	15
35915	15
35916	16
35917	16
35918	17
35919	16
35920	15
35921	17
35922	18
35923	17
35924	16
35925	17
35926	16
35927	15
35928	16
35929	15
35930	14
35931	14
35932	14
35933	14
35934	15
35935	15
35936	16
35937	16
35938	17
35939	16
35940	15
35941	17
35942	18
35943	17
35944	16
35945	17
35946	16
35947	15
35948	16
35949	15
35950	14
35951	16
35952	17
35953	17
35954	18
35955	17
35956	16
35957	16
35958	17
35959	16
35960	15
35961	16
35962	16
35963	17
35964	16
35965	15
35966	15
35967	16
35968	15
35969	14
35970	15
35971	15
35972	16
35973	15
35974	14
35975	14
35976	15
35977	14
35978	13
35979	13
35980	14
35981	16
35982	17
35983	17
35984	18
35985	20
35986	21
35987	21
35988	22
35989	21
35990	20
35991	20
35992	21
35993	20
35994	19
35995	20
35996	20
35997	21
35998	20
35999	19
36000	19
36001	20
36002	19
36003	18
36004	19
36005	19
36006	20
36007	19
36008	18
36009	18
36010	19
36011	18
36012	17
36013	17
36014	18
36015	20
36016	21
36017	20
36018	19
36019	20
36020	19
36021	18
36022	19
36023	18
36024	17
36025	17
36026	17
36027	16
36028	16
36029	16
36030	16
36031	16
36032	16
36033	17
36034	16
36035	15
36036	16
36037	16
36038	16
36039	16
36040	17
36041	19
36042	20
36043	19
36044	18
36045	18
36046	17
36047	18
36048	17
36049	16
36050	16
36051	17
36052	16
36053	15
36054	15
36055	16
36056	18
36057	19
36058	19
36059	20
36060	19
36061	18
36062	18
36063	19
36064	18
36065	17
36066	18
36067	18
36068	19
36069	18
36070	17
36071	17
36072	18
36073	17
36074	16
36075	17
36076	17
36077	18
36078	17
36079	16
36080	16
36081	17
36082	16
36083	15
36084	15
36085	16
36086	16
36087	17
36088	16
36089	15
36090	17
36091	18
36092	17
36093	16
36094	17
36095	16
36096	15
36097	16
36098	15
36099	14
36100	15
36101	15
36102	15
36103	15
36104	16
36105	16
36106	17
36107	16
36108	15
36109	17
36110	18
36111	17
36112	16
36113	17
36114	16
36115	15
36116	16
36117	15
36118	14
36119	14
36120	15
36121	15
36122	16
36123	16
36124	17
36125	16
36126	15
36127	17
36128	18
36129	17
36130	16
36131	17
36132	16
36133	15
36134	16
36135	15
36136	14
36137	16
36138	17
36139	17
36140	17
36141	16
36142	16
36143	17
36144	16
36145	15
36146	16
36147	16
36148	17
36149	16
36150	15
36151	15
36152	16
36153	15
36154	14
36155	15
36156	15
36157	16
36158	15
36159	14
36160	14
36161	15
36162	14
36163	13
36164	13
36165	13
36166	13
36167	14
36168	14
36169	15
36170	15
36171	16
36172	15
36173	14
36174	16
36175	17
36176	16
36177	15
36178	16
36179	15
36180	14
36181	15
36182	14
36183	13
36184	15
36185	16
36186	16
36187	17
36188	16
36189	15
36190	15
36191	16
36192	15
36193	14
36194	15
36195	15
36196	16
36197	15
36198	14
36199	14
36200	15
36201	14
36202	13
36203	14
36204	14
36205	15
36206	14
36207	13
36208	13
36209	14
36210	13
36211	12
36212	11
36213	12
36214	12
36215	13
36216	13
36217	14
36218	14
36219	15
36220	17
36221	18
36222	18
36223	19
36224	18
36225	17
36226	17
36227	18
36228	17
36229	16
36230	17
36231	17
36232	18
36233	17
36234	16
36235	16
36236	17
36237	16
36238	15
36239	16
36240	16
36241	17
36242	16
36243	15
36244	15
36245	16
36246	15
36247	14
36248	14
36249	15
36250	17
36251	18
36252	17
36253	16
36254	17
36255	16
36256	15
36257	16
36258	15
36259	14
36260	14
36261	15
36262	14
36263	13
36264	15
36265	16
36266	16
36267	17
36268	17
36269	18
36270	17
36271	16
36272	18
36273	19
36274	18
36275	17
36276	18
36277	17
36278	16
36279	17
36280	16
36281	15
36282	15
36283	16
36284	18
36285	19
36286	18
36287	17
36288	18
36289	17
36290	16
36291	17
36292	16
36293	15
36294	15
36295	16
36296	15
36297	14
36298	15
36299	15
36300	15
36301	15
36302	16
36303	15
36304	14
36305	14
36306	15
36307	17
36308	18
36309	17
36310	16
36311	17
36312	16
36313	15
36314	16
36315	15
36316	14
36317	14
36318	15
36319	14
36320	13
36321	14
36322	14
36323	15
36324	15
36325	16
36326	15
36327	14
36328	16
36329	17
36330	16
36331	15
36332	16
36333	15
36334	14
36335	14
36336	13
36337	13
36338	14
36339	14
36340	15
36341	14
36342	13
36343	15
36344	16
36345	15
36346	14
36347	15
36348	14
36349	13
36350	13
36351	12
36352	14
36353	14
36354	14
36355	14
36356	14
36357	15
36358	17
36359	18
36360	17
36361	16
36362	17
36363	16
36364	15
36365	16
36366	15
36367	14
36368	14
36369	15
36370	14
36371	13
36372	14
36373	14
36374	15
36375	15
36376	16
36377	18
36378	19
36379	18
36380	17
36381	18
36382	17
36383	16
36384	17
36385	16
36386	15
36387	15
36388	16
36389	15
36390	14
36391	16
36392	17
36393	17
36394	18
36395	17
36396	16
36397	16
36398	16
36399	15
36400	16
36401	16
36402	16
36403	15
36404	15
36405	16
36406	15
36407	14
36408	15
36409	15
36410	15
36411	14
36412	14
36413	15
36414	14
36415	13
36416	13
36417	14
36418	16
36419	17
36420	17
36421	18
36422	17
36423	16
36424	16
36425	17
36426	16
36427	15
36428	15
36429	15
36430	16
36431	15
36432	14
36433	15
36434	15
36435	16
36436	15
36437	14
36438	14
36439	15
36440	14
36441	13
36442	13
36443	14
36444	14
36445	15
36446	14
36447	13
36448	15
36449	16
36450	15
36451	14
36452	15
36453	14
36454	13
36455	14
36456	13
36457	12
36458	13
36459	13
36460	13
36461	13
36462	14
36463	14
36464	15
36465	14
36466	13
36467	15
36468	16
36469	15
36470	14
36471	15
36472	14
36473	13
36474	14
36475	13
36476	12
36477	12
36478	12
36479	12
36480	13
36481	13
36482	14
36483	13
36484	12
36485	14
36486	15
36487	14
36488	13
36489	14
36490	13
36491	12
36492	13
36493	12
36494	11
36495	11
36496	12
36497	12
36498	13
36499	13
36500	14
36501	16
36502	17
36503	17
36504	18
36505	17
36506	16
36507	16
36508	17
36509	16
36510	15
36511	16
36512	16
36513	17
36514	16
36515	15
36516	15
36517	16
36518	15
36519	14
36520	15
36521	15
36522	16
36523	15
36524	14
36525	14
36526	15
36527	14
36528	13
36529	13
36530	14
36531	16
36532	17
36533	16
36534	15
36535	16
36536	15
36537	14
36538	15
36539	14
36540	13
36541	13
36542	13
36543	12
36544	14
36545	15
36546	15
36547	15
36548	15
36549	16
36550	15
36551	14
36552	14
36553	15
36554	17
36555	18
36556	17
36557	16
36558	17
36559	16
36560	15
36561	16
36562	15
36563	14
36564	14
36565	15
36566	14
36567	13
36568	14
36569	14
36570	15
36571	15
36572	16
36573	15
36574	14
36575	16
36576	17
36577	16
36578	15
36579	16
36580	15
36581	14
36582	15
36583	14
36584	13
36585	13
36586	14
36587	16
36588	17
36589	16
36590	15
36591	16
36592	15
36593	14
36594	15
36595	14
36596	13
36597	13
36598	14
36599	13
36600	12
36601	13
36602	13
36603	14
36604	14
36605	15
36606	14
36607	13
36608	15
36609	16
36610	15
36611	14
36612	15
36613	14
36614	13
36615	13
36616	12
36617	12
36618	13
36619	13
36620	14
36621	13
36622	12
36623	14
36624	15
36625	14
36626	13
36627	14
36628	13
36629	12
36630	12
36631	11
36632	13
36633	13
36634	13
36635	13
36636	13
36637	14
36638	16
36639	17
36640	16
36641	15
36642	16
36643	15
36644	14
36645	15
36646	14
36647	13
36648	13
36649	14
36650	13
36651	12
36652	13
36653	13
36654	13
36655	13
36656	14
36657	16
36658	17
36659	16
36660	15
36661	16
36662	15
36663	14
36664	15
36665	14
36666	13
36667	13
36668	14
36669	13
36670	12
36671	12
36672	13
36673	15
36674	16
36675	16
36676	17
36677	16
36678	15
36679	15
36680	16
36681	15
36682	14
36683	15
36684	15
36685	16
36686	15
36687	14
36688	14
36689	15
36690	14
36691	13
36692	13
36693	13
36694	14
36695	13
36696	12
36697	12
36698	13
36699	13
36700	14
36701	13
36702	12
36703	14
36704	15
36705	14
36706	13
36707	14
36708	13
36709	12
36710	13
36711	12
36712	11
36713	12
36714	12
36715	12
36716	12
36717	13
36718	13
36719	14
36720	13
36721	12
36722	14
36723	15
36724	14
36725	13
36726	14
36727	13
36728	12
36729	13
36730	12
36731	11
36732	11
36733	11
36734	11
36735	12
36736	12
36737	13
36738	12
36739	11
36740	13
36741	14
36742	13
36743	12
36744	13
36745	12
36746	11
36747	11
36748	10
36749	10
36750	10
36751	10
36752	11
36753	11
36754	12
36755	12
36756	13
36757	15
36758	16
36759	16
36760	16
36761	15
36762	15
36763	16
36764	15
36765	14
36766	15
36767	15
36768	16
36769	15
36770	14
36771	14
36772	15
36773	14
36774	13
36775	14
36776	14
36777	15
36778	14
36779	13
36780	13
36781	14
36782	13
36783	12
36784	12
36785	13
36786	15
36787	16
36788	15
36789	14
36790	15
36791	14
36792	13
36793	13
36794	12
36795	12
36796	13
36797	12
36798	11
36799	13
36800	14
36801	14
36802	15
36803	15
36804	16
36805	15
36806	14
36807	16
36808	17
36809	16
36810	15
36811	16
36812	15
36813	14
36814	15
36815	14
36816	13
36817	13
36818	14
36819	16
36820	17
36821	16
36822	15
36823	16
36824	15
36825	14
36826	15
36827	14
36828	13
36829	13
36830	13
36831	12
36832	13
36833	13
36834	13
36835	13
36836	14
36837	13
36838	12
36839	12
36840	13
36841	15
36842	16
36843	15
36844	14
36845	15
36846	14
36847	13
36848	14
36849	13
36850	12
36851	12
36852	13
36853	12
36854	11
36855	12
36856	12
36857	13
36858	13
36859	14
36860	13
36861	12
36862	14
36863	15
36864	14
36865	13
36866	14
36867	13
36868	12
36869	12
36870	11
36871	11
36872	12
36873	12
36874	13
36875	12
36876	11
36877	13
36878	14
36879	13
36880	12
36881	13
36882	12
36883	11
36884	11
36885	10
36886	12
36887	12
36888	12
36889	13
36890	15
36891	16
36892	16
36893	17
36894	16
36895	15
36896	15
36897	16
36898	15
36899	14
36900	15
36901	15
36902	15
36903	14
36904	14
36905	15
36906	14
36907	13
36908	14
36909	14
36910	15
36911	14
36912	13
36913	13
36914	14
36915	13
36916	12
36917	12
36918	13
36919	15
36920	16
36921	15
36922	14
36923	15
36924	14
36925	13
36926	14
36927	13
36928	12
36929	12
36930	13
36931	12
36932	11
36933	12
36934	12
36935	12
36936	12
36937	13
36938	15
36939	16
36940	15
36941	14
36942	15
36943	14
36944	13
36945	14
36946	13
36947	12
36948	12
36949	13
36950	12
36951	11
36952	11
36953	12
36954	14
36955	15
36956	15
36957	16
36958	15
36959	14
36960	14
36961	15
36962	14
36963	13
36964	13
36965	13
36966	14
36967	13
36968	12
36969	13
36970	13
36971	14
36972	13
36973	12
36974	12
36975	13
36976	12
36977	11
36978	11
36979	12
36980	12
36981	13
36982	12
36983	11
36984	13
36985	14
36986	13
36987	12
36988	13
36989	12
36990	11
36991	12
36992	11
36993	10
36994	11
36995	11
36996	12
36997	12
36998	13
36999	13
37000	14
37001	13
37002	12
37003	14
37004	15
37005	14
37006	13
37007	14
37008	13
37009	12
37010	13
37011	12
37012	11
37013	13
37014	14
37015	14
37016	15
37017	14
37018	13
37019	13
37020	13
37021	12
37022	13
37023	13
37024	14
37025	13
37026	12
37027	12
37028	13
37029	12
37030	11
37031	12
37032	12
37033	12
37034	11
37035	11
37036	12
37037	11
37038	10
37039	10
37040	10
37041	10
37042	11
37043	11
37044	12
37045	11
37046	10
37047	12
37048	13
37049	12
37050	11
37051	12
37052	11
37053	10
37054	11
37055	10
37056	9
37057	8
37058	7
37059	7
37060	7
37061	7
37062	8
37063	8
37064	9
37065	9
37066	10
37067	12
37068	13
37069	13
37070	14
37071	16
37072	17
37073	17
37074	18
37075	17
37076	16
37077	16
37078	17
37079	16
37080	15
37081	16
37082	16
37083	17
37084	16
37085	15
37086	15
37087	16
37088	15
37089	14
37090	15
37091	15
37092	16
37093	15
37094	14
37095	14
37096	15
37097	14
37098	13
37099	13
37100	14
37101	16
37102	17
37103	16
37104	15
37105	16
37106	15
37107	14
37108	15
37109	14
37110	13
37111	13
37112	14
37113	13
37114	12
37115	12
37116	13
37117	15
37118	16
37119	16
37120	17
37121	16
37122	15
37123	15
37124	16
37125	15
37126	14
37127	15
37128	15
37129	16
37130	15
37131	14
37132	14
37133	15
37134	14
37135	13
37136	14
37137	14
37138	15
37139	14
37140	13
37141	13
37142	14
37143	13
37144	12
37145	12
37146	13
37147	15
37148	16
37149	15
37150	14
37151	15
37152	14
37153	13
37154	14
37155	13
37156	12
37157	12
37158	13
37159	12
37160	11
37161	12
37162	12
37163	12
37164	12
37165	13
37166	15
37167	16
37168	15
37169	14
37170	15
37171	14
37172	13
37173	14
37174	13
37175	12
37176	12
37177	13
37178	12
37179	11
37180	11
37181	12
37182	14
37183	15
37184	15
37185	15
37186	14
37187	14
37188	15
37189	14
37190	13
37191	14
37192	14
37193	15
37194	14
37195	13
37196	13
37197	14
37198	13
37199	12
37200	13
37201	13
37202	14
37203	13
37204	12
37205	12
37206	13
37207	12
37208	11
37209	11
37210	12
37211	12
37212	13
37213	12
37214	11
37215	13
37216	14
37217	13
37218	12
37219	13
37220	12
37221	11
37222	12
37223	11
37224	10
37225	11
37226	11
37227	12
37228	12
37229	13
37230	13
37231	14
37232	13
37233	12
37234	14
37235	15
37236	14
37237	13
37238	14
37239	13
37240	12
37241	13
37242	12
37243	11
37244	13
37245	14
37246	14
37247	15
37248	14
37249	13
37250	13
37251	13
37252	12
37253	13
37254	13
37255	14
37256	13
37257	12
37258	12
37259	13
37260	12
37261	11
37262	12
37263	12
37264	13
37265	12
37266	11
37267	11
37268	12
37269	11
37270	10
37271	10
37272	10
37273	10
37274	11
37275	11
37276	12
37277	11
37278	10
37279	12
37280	13
37281	12
37282	11
37283	12
37284	11
37285	10
37286	11
37287	10
37288	9
37289	9
37290	9
37291	9
37292	10
37293	10
37294	10
37295	10
37296	11
37297	10
37298	9
37299	11
37300	12
37301	12
37302	13
37303	12
37304	11
37305	11
37306	12
37307	11
37308	10
37309	11
37310	11
37311	12
37312	11
37313	10
37314	10
37315	11
37316	10
37317	9
37318	10
37319	10
37320	10
37321	9
37322	9
37323	10
37324	9
37325	8
37326	7
37327	9
37328	10
37329	10
37330	10
37331	10
37332	11
37333	13
37334	14
37335	14
37336	15
37337	17
37338	18
37339	17
37340	16
37341	17
37342	16
37343	15
37344	16
37345	15
37346	14
37347	14
37348	15
37349	14
37350	13
37351	13
37352	14
37353	16
37354	16
37355	15
37356	16
37357	15
37358	14
37359	15
37360	14
37361	13
37362	13
37363	14
37364	13
37365	12
37366	13
37367	13
37368	13
37369	13
37370	14
37371	13
37372	12
37373	12
37374	13
37375	15
37376	16
37377	15
37378	14
37379	15
37380	14
37381	13
37382	14
37383	13
37384	12
37385	12
37386	13
37387	12
37388	11
37389	11
37390	11
37391	12
37392	14
37393	15
37394	14
37395	13
37396	13
37397	12
37398	13
37399	12
37400	11
37401	11
37402	12
37403	11
37404	10
37405	10
37406	11
37407	11
37408	12
37409	12
37410	13
37411	12
37412	11
37413	13
37414	14
37415	13
37416	12
37417	13
37418	12
37419	11
37420	12
37421	11
37422	10
37423	12
37424	13
37425	13
37426	14
37427	13
37428	12
37429	12
37430	13
37431	12
37432	11
37433	12
37434	12
37435	13
37436	12
37437	11
37438	11
37439	12
37440	11
37441	10
37442	10
37443	10
37444	11
37445	10
37446	9
37447	9
37448	10
37449	12
37450	13
37451	13
37452	14
37453	16
37454	17
37455	17
37456	18
37457	17
37458	16
37459	16
37460	16
37461	15
37462	16
37463	16
37464	17
37465	16
37466	15
37467	15
37468	16
37469	15
37470	14
37471	15
37472	15
37473	16
37474	15
37475	14
37476	14
37477	15
37478	14
37479	13
37480	13
37481	14
37482	16
37483	17
37484	16
37485	15
37486	16
37487	15
37488	14
37489	15
37490	14
37491	13
37492	13
37493	14
37494	13
37495	12
37496	12
37497	12
37498	12
37499	12
37500	12
37501	13
37502	12
37503	11
37504	12
37505	12
37506	12
37507	12
37508	13
37509	15
37510	15
37511	14
37512	15
37513	14
37514	13
37515	14
37516	13
37517	12
37518	12
37519	13
37520	12
37521	11
37522	11
37523	12
37524	14
37525	15
37526	15
37527	16
37528	15
37529	14
37530	14
37531	15
37532	14
37533	13
37534	14
37535	14
37536	15
37537	14
37538	13
37539	13
37540	14
37541	13
37542	12
37543	13
37544	13
37545	14
37546	13
37547	12
37548	12
37549	13
37550	12
37551	11
37552	11
37553	12
37554	12
37555	13
37556	12
37557	11
37558	13
37559	14
37560	13
37561	12
37562	13
37563	12
37564	11
37565	12
37566	11
37567	10
37568	11
37569	11
37570	11
37571	11
37572	12
37573	12
37574	13
37575	12
37576	11
37577	13
37578	14
37579	13
37580	12
37581	13
37582	12
37583	11
37584	12
37585	11
37586	10
37587	10
37588	11
37589	11
37590	12
37591	12
37592	13
37593	12
37594	11
37595	13
37596	14
37597	13
37598	12
37599	13
37600	12
37601	11
37602	12
37603	11
37604	10
37605	12
37606	13
37607	13
37608	13
37609	12
37610	12
37611	13
37612	12
37613	11
37614	12
37615	12
37616	13
37617	12
37618	11
37619	11
37620	12
37621	11
37622	10
37623	11
37624	11
37625	12
37626	11
37627	10
37628	10
37629	11
37630	10
37631	9
37632	9
37633	9
37634	9
37635	9
37636	11
37637	12
37638	12
37639	13
37640	12
37641	11
37642	11
37643	12
37644	11
37645	10
37646	11
37647	11
37648	11
37649	10
37650	10
37651	11
37652	10
37653	9
37654	10
37655	10
37656	11
37657	10
37658	9
37659	9
37660	10
37661	9
37662	8
37663	9
37664	9
37665	10
37666	10
37667	11
37668	13
37669	14
37670	14
37671	15
37672	17
37673	18
37674	17
37675	16
37676	17
37677	16
37678	15
37679	16
37680	15
37681	14
37682	14
37683	15
37684	14
37685	13
37686	13
37687	14
37688	16
37689	17
37690	16
37691	15
37692	16
37693	15
37694	14
37695	15
37696	14
37697	13
37698	13
37699	14
37700	13
37701	12
37702	13
37703	13
37704	14
37705	14
37706	15
37707	14
37708	13
37709	15
37710	15
37711	14
37712	15
37713	14
37714	13
37715	14
37716	13
37717	12
37718	12
37719	13
37720	15
37721	16
37722	15
37723	14
37724	15
37725	14
37726	13
37727	14
37728	13
37729	12
37730	12
37731	13
37732	12
37733	11
37734	12
37735	12
37736	13
37737	13
37738	14
37739	13
37740	12
37741	14
37742	15
37743	14
37744	13
37745	14
37746	13
37747	12
37748	12
37749	11
37750	11
37751	12
37752	12
37753	13
37754	12
37755	11
37756	13
37757	14
37758	13
37759	12
37760	13
37761	12
37762	11
37763	12
37764	11
37765	10
37766	10
37767	11
37768	13
37769	14
37770	14
37771	15
37772	14
37773	13
37774	13
37775	14
37776	13
37777	12
37778	13
37779	13
37780	14
37781	13
37782	12
37783	12
37784	13
37785	12
37786	11
37787	11
37788	11
37789	12
37790	11
37791	10
37792	10
37793	11
37794	11
37795	12
37796	11
37797	10
37798	12
37799	13
37800	12
37801	11
37802	12
37803	11
37804	10
37805	11
37806	10
37807	9
37808	11
37809	12
37810	12
37811	12
37812	12
37813	12
37814	12
37815	13
37816	12
37817	11
37818	11
37819	12
37820	14
37821	14
37822	14
37823	15
37824	14
37825	13
37826	14
37827	14
37828	15
37829	14
37830	13
37831	13
37832	14
37833	13
37834	12
37835	13
37836	13
37837	14
37838	13
37839	12
37840	12
37841	13
37842	12
37843	11
37844	11
37845	12
37846	12
37847	13
37848	12
37849	11
37850	13
37851	14
37852	13
37853	12
37854	13
37855	12
37856	11
37857	12
37858	11
37859	10
37860	10
37861	10
37862	11
37863	13
37864	13
37865	13
37866	14
37867	13
37868	12
37869	13
37870	13
37871	14
37872	13
37873	12
37874	12
37875	13
37876	12
37877	11
37878	12
37879	12
37880	13
37881	12
37882	11
37883	11
37884	12
37885	11
37886	10
37887	10
37888	11
37889	11
37890	12
37891	11
37892	10
37893	12
37894	13
37895	12
37896	11
37897	12
37898	11
37899	10
37900	11
37901	10
37902	9
37903	10
37904	10
37905	10
37906	10
37907	11
37908	11
37909	12
37910	11
37911	10
37912	12
37913	13
37914	12
37915	11
37916	12
37917	11
37918	10
37919	11
37920	10
37921	9
37922	9
37923	9
37924	9
37925	10
37926	10
37927	11
37928	10
37929	9
37930	11
37931	12
37932	11
37933	10
37934	11
37935	10
37936	9
37937	10
37938	9
37939	8
37940	8
37941	8
37942	8
37943	9
37944	9
37945	10
37946	10
37947	11
37948	13
37949	14
37950	13
37951	12
37952	13
37953	12
37954	11
37955	12
37956	11
37957	10
37958	10
37959	11
37960	10
37961	9
37962	11
37963	12
37964	12
37965	13
37966	12
37967	11
37968	11
37969	12
37970	11
37971	10
37972	11
37973	11
37974	12
37975	11
37976	10
37977	10
37978	11
37979	10
37980	9
37981	10
37982	10
37983	11
37984	10
37985	9
37986	9
37987	10
37988	9
37989	8
37990	10
37991	11
37992	11
37993	12
37994	14
37995	15
37996	14
37997	13
37998	14
37999	13
38000	12
38001	13
38002	12
38003	11
38004	11
38005	12
38006	11
38007	10
38008	10
38009	10
38010	10
38011	11
38012	10
38013	9
38014	10
38015	10
38016	11
38017	11
38018	12
38019	11
38020	10
38021	12
38022	12
38023	11
38024	12
38025	11
38026	10
38027	11
38028	10
38029	9
38030	9
38031	10
38032	12
38033	13
38034	12
38035	11
38036	12
38037	11
38038	10
38039	11
38040	10
38041	9
38042	9
38043	10
38044	9
38045	8
38046	9
38047	9
38048	10
38049	10
38050	11
38051	10
38052	9
38053	11
38054	12
38055	11
38056	10
38057	11
38058	10
38059	9
38060	9
38061	8
38062	8
38063	9
38064	9
38065	10
38066	9
38067	8
38068	10
38069	11
38070	10
38071	9
38072	10
38073	9
38074	8
38075	9
38076	8
38077	7
38078	8
38079	8
38080	9
38081	9
38082	10
38083	10
38084	11
38085	13
38086	14
38087	14
38088	15
38089	14
38090	13
38091	13
38092	14
38093	13
38094	12
38095	13
38096	13
38097	14
38098	13
38099	12
38100	12
38101	13
38102	12
38103	11
38104	12
38105	12
38106	13
38107	12
38108	11
38109	11
38110	12
38111	11
38112	10
38113	10
38114	11
38115	13
38116	14
38117	13
38118	12
38119	13
38120	12
38121	11
38122	12
38123	11
38124	10
38125	10
38126	11
38127	10
38128	9
38129	11
38130	12
38131	12
38132	13
38133	13
38134	14
38135	13
38136	12
38137	14
38138	15
38139	14
38140	13
38141	14
38142	13
38143	12
38144	13
38145	12
38146	11
38147	11
38148	12
38149	14
38150	15
38151	14
38152	13
38153	14
38154	13
38155	12
38156	13
38157	12
38158	11
38159	11
38160	12
38161	11
38162	10
38163	11
38164	11
38165	11
38166	11
38167	12
38168	11
38169	10
38170	10
38171	11
38172	13
38173	14
38174	13
38175	12
38176	13
38177	12
38178	11
38179	12
38180	11
38181	10
38182	10
38183	11
38184	10
38185	9
38186	10
38187	10
38188	11
38189	11
38190	12
38191	11
38192	10
38193	12
38194	13
38195	12
38196	11
38197	12
38198	11
38199	10
38200	10
38201	9
38202	9
38203	10
38204	10
38205	11
38206	10
38207	9
38208	11
38209	12
38210	11
38211	10
38212	11
38213	10
38214	9
38215	9
38216	8
38217	10
38218	10
38219	10
38220	10
38221	10
38222	11
38223	13
38224	14
38225	13
38226	12
38227	13
38228	12
38229	11
38230	12
38231	11
38232	10
38233	10
38234	11
38235	10
38236	9
38237	10
38238	10
38239	11
38240	11
38241	12
38242	14
38243	15
38244	14
38245	13
38246	14
38247	13
38248	12
38249	13
38250	12
38251	11
38252	11
38253	12
38254	11
38255	10
38256	12
38257	13
38258	13
38259	14
38260	13
38261	12
38262	12
38263	12
38264	11
38265	12
38266	12
38267	12
38268	11
38269	11
38270	12
38271	11
38272	10
38273	11
38274	11
38275	11
38276	10
38277	10
38278	11
38279	10
38280	9
38281	9
38282	10
38283	12
38284	13
38285	13
38286	14
38287	13
38288	12
38289	12
38290	13
38291	12
38292	11
38293	11
38294	11
38295	11
38296	10
38297	11
38298	11
38299	12
38300	11
38301	10
38302	10
38303	11
38304	10
38305	9
38306	9
38307	10
38308	10
38309	11
38310	10
38311	9
38312	11
38313	12
38314	11
38315	10
38316	11
38317	10
38318	9
38319	10
38320	9
38321	8
38322	9
38323	9
38324	9
38325	9
38326	10
38327	10
38328	11
38329	10
38330	9
38331	11
38332	12
38333	11
38334	10
38335	11
38336	10
38337	9
38338	9
38339	8
38340	8
38341	8
38342	8
38343	9
38344	9
38345	10
38346	9
38347	8
38348	10
38349	11
38350	10
38351	9
38352	10
38353	9
38354	8
38355	9
38356	8
38357	7
38358	7
38359	8
38360	8
38361	9
38362	9
38363	10
38364	12
38365	13
38366	13
38367	14
38368	13
38369	12
38370	12
38371	13
38372	12
38373	11
38374	12
38375	12
38376	13
38377	12
38378	11
38379	11
38380	12
38381	11
38382	10
38383	11
38384	11
38385	12
38386	11
38387	10
38388	10
38389	11
38390	10
38391	9
38392	9
38393	10
38394	12
38395	13
38396	12
38397	11
38398	12
38399	11
38400	10
38401	11
38402	10
38403	9
38404	9
38405	10
38406	9
38407	8
38408	10
38409	11
38410	11
38411	11
38412	11
38413	12
38414	11
38415	10
38416	10
38417	11
38418	13
38419	14
38420	13
38421	12
38422	13
38423	12
38424	11
38425	12
38426	11
38427	10
38428	10
38429	11
38430	10
38431	9
38432	10
38433	10
38434	11
38435	11
38436	12
38437	11
38438	10
38439	12
38440	13
38441	12
38442	11
38443	12
38444	11
38445	10
38446	11
38447	10
38448	9
38449	9
38450	10
38451	12
38452	13
38453	12
38454	11
38455	12
38456	11
38457	10
38458	11
38459	10
38460	9
38461	9
38462	10
38463	9
38464	8
38465	9
38466	9
38467	10
38468	10
38469	11
38470	10
38471	9
38472	11
38473	12
38474	11
38475	10
38476	11
38477	10
38478	9
38479	9
38480	8
38481	8
38482	9
38483	9
38484	10
38485	9
38486	8
38487	10
38488	11
38489	10
38490	9
38491	10
38492	9
38493	8
38494	8
38495	7
38496	9
38497	9
38498	9
38499	10
38500	12
38501	13
38502	13
38503	13
38504	12
38505	12
38506	13
38507	12
38508	11
38509	12
38510	12
38511	13
38512	12
38513	11
38514	11
38515	10
38516	11
38517	11
38518	12
38519	11
38520	10
38521	10
38522	10
38523	9
38524	9
38525	10
38526	12
38527	13
38528	12
38529	11
38530	12
38531	11
38532	10
38533	11
38534	10
38535	9
38536	9
38537	10
38538	9
38539	8
38540	9
38541	9
38542	9
38543	9
38544	10
38545	12
38546	12
38547	11
38548	12
38549	11
38550	10
38551	11
38552	10
38553	9
38554	9
38555	10
38556	9
38557	8
38558	8
38559	9
38560	11
38561	12
38562	12
38563	13
38564	12
38565	11
38566	11
38567	12
38568	11
38569	10
38570	11
38571	11
38572	12
38573	11
38574	10
38575	10
38576	11
38577	10
38578	9
38579	9
38580	9
38581	10
38582	9
38583	8
38584	8
38585	9
38586	9
38587	10
38588	9
38589	8
38590	10
38591	11
38592	10
38593	9
38594	10
38595	9
38596	8
38597	9
38598	8
38599	7
38600	7
38601	7
38602	7
38603	7
38604	8
38605	8
38606	9
38607	8
38608	7
38609	9
38610	10
38611	9
38612	8
38613	9
38614	8
38615	7
38616	8
38617	7
38618	6
38619	6
38620	7
38621	9
38622	10
38623	10
38624	11
38625	13
38626	14
38627	14
38628	15
38629	17
38630	18
38631	18
38632	18
38633	18
38634	19
38635	21
38636	22
38637	21
38638	20
38639	21
38640	20
38641	19
38642	20
38643	19
38644	18
38645	18
38646	19
38647	18
38648	17
38649	17
38650	18
38651	20
38652	19
38653	20
38654	20
38655	20
38656	19
38657	19
38658	20
38659	19
38660	18
38661	19
38662	19
38663	20
38664	19
38665	18
38666	18
38667	19
38668	18
38669	17
38670	17
38671	18
38672	20
38673	21
38674	20
38675	19
38676	20
38677	19
38678	18
38679	19
38680	18
38681	17
38682	17
38683	18
38684	17
38685	16
38686	16
38687	16
38688	17
38689	19
38690	20
38691	20
38692	21
38693	20
38694	19
38695	19
38696	20
38697	19
38698	18
38699	19
38700	19
38701	20
38702	19
38703	18
38704	18
38705	19
38706	18
38707	17
38708	18
38709	18
38710	19
38711	18
38712	17
38713	17
38714	18
38715	17
38716	16
38717	16
38718	17
38719	17
38720	18
38721	17
38722	16
38723	18
38724	19
38725	18
38726	17
38727	18
38728	17
38729	16
38730	17
38731	16
38732	15
38733	16
38734	16
38735	17
38736	17
38737	18
38738	18
38739	19
38740	18
38741	17
38742	19
38743	20
38744	19
38745	18
38746	19
38747	18
38748	17
38749	18
38750	17
38751	16
38752	18
38753	19
38754	19
38755	20
38756	19
38757	18
38758	18
38759	18
38760	17
38761	18
38762	18
38763	19
38764	18
38765	17
38766	17
38767	18
38768	17
38769	16
38770	17
38771	17
38772	18
38773	17
38774	16
38775	16
38776	17
38777	16
38778	15
38779	15
38780	15
38781	15
38782	16
38783	16
38784	17
38785	16
38786	15
38787	17
38788	18
38789	17
38790	16
38791	17
38792	16
38793	15
38794	16
38795	15
38796	14
38797	14
38798	14
38799	14
38800	15
38801	15
38802	16
38803	16
38804	17
38805	16
38806	15
38807	17
38808	18
38809	17
38810	16
38811	17
38812	16
38813	15
38814	16
38815	15
38816	14
38817	16
38818	17
38819	17
38820	18
38821	17
38822	16
38823	16
38824	17
38825	16
38826	15
38827	16
38828	16
38829	17
38830	16
38831	15
38832	15
38833	16
38834	15
38835	14
38836	15
38837	15
38838	16
38839	15
38840	14
38841	14
38842	15
38843	14
38844	13
38845	13
38846	14
38847	16
38848	17
38849	17
38850	18
38851	20
38852	21
38853	21
38854	22
38855	21
38856	20
38857	20
38858	20
38859	19
38860	20
38861	20
38862	21
38863	20
38864	19
38865	19
38866	20
38867	19
38868	18
38869	19
38870	19
38871	20
38872	19
38873	18
38874	18
38875	19
38876	18
38877	17
38878	17
38879	18
38880	20
38881	21
38882	20
38883	19
38884	20
38885	19
38886	18
38887	19
38888	18
38889	17
38890	17
38891	18
38892	17
38893	16
38894	16
38895	16
38896	16
38897	17
38898	19
38899	20
38900	19
38901	18
38902	19
38903	18
38904	17
38905	18
38906	17
38907	16
38908	16
38909	17
38910	16
38911	15
38912	16
38913	16
38914	16
38915	16
38916	16
38917	16
38918	17
38919	16
38920	15
38921	15
38922	16
38923	18
38924	19
38925	19
38926	20
38927	19
38928	18
38929	18
38930	18
38931	17
38932	18
38933	18
38934	19
38935	18
38936	17
38937	17
38938	18
38939	17
38940	16
38941	17
38942	17
38943	18
38944	17
38945	16
38946	16
38947	17
38948	16
38949	15
38950	15
38951	16
38952	16
38953	17
38954	16
38955	15
38956	17
38957	18
38958	17
38959	16
38960	17
38961	16
38962	15
38963	16
38964	15
38965	14
38966	15
38967	15
38968	15
38969	15
38970	16
38971	16
38972	17
38973	16
38974	15
38975	17
38976	18
38977	17
38978	16
38979	17
38980	16
38981	15
38982	16
38983	15
38984	14
38985	14
38986	15
38987	15
38988	16
38989	16
38990	17
38991	16
38992	15
38993	17
38994	18
38995	17
38996	16
38997	17
38998	16
38999	15
39000	16
39001	15
39002	14
39003	16
39004	17
39005	17
39006	17
39007	16
39008	16
39009	17
39010	16
39011	15
39012	16
39013	16
39014	17
39015	16
39016	15
39017	15
39018	16
39019	15
39020	14
39021	15
39022	15
39023	16
39024	15
39025	14
39026	14
39027	15
39028	14
39029	13
39030	13
39031	13
39032	13
39033	14
39034	14
39035	15
39036	15
39037	16
39038	15
39039	14
39040	16
39041	17
39042	16
39043	15
39044	16
39045	15
39046	14
39047	15
39048	14
39049	13
39050	15
39051	16
39052	16
39053	17
39054	16
39055	15
39056	15
39057	16
39058	15
39059	14
39060	15
39061	15
39062	16
39063	15
39064	14
39065	14
39066	15
39067	14
39068	13
39069	14
39070	14
39071	15
39072	14
39073	13
39074	13
39075	14
39076	13
39077	12
39078	13
39079	13
39080	13
39081	13
39082	14
39083	16
39084	16
39085	16
39086	17
39087	19
39088	19
39089	18
39090	19
39091	18
39092	17
39093	18
39094	17
39095	16
39096	16
39097	16
39098	15
39099	16
39100	16
39101	17
39102	17
39103	17
39104	16
39105	18
39106	19
39107	18
39108	17
39109	17
39110	16
39111	17
39112	16
39113	15
39114	15
39115	15
39116	17
39117	18
39118	17
39119	16
39120	16
39121	15
39122	16
39123	15
39124	14
39125	15
39126	15
39127	16
39128	16
39129	17
39130	16
39131	15
39132	17
39133	18
39134	17
39135	16
39136	17
39137	16
39138	15
39139	16
39140	15
39141	14
39142	14
39143	15
39144	15
39145	16
39146	15
39147	14
39148	16
39149	17
39150	16
39151	15
39152	16
39153	15
39154	14
39155	14
39156	13
39157	13
39158	14
39159	16
39160	17
39161	17
39162	18
39163	17
39164	16
39165	16
39166	17
39167	16
39168	15
39169	15
39170	15
39171	16
39172	15
39173	14
39174	15
39175	15
39176	16
39177	15
39178	14
39179	14
39180	15
39181	14
39182	13
39183	13
39184	14
39185	14
39186	15
39187	14
39188	13
39189	15
39190	16
39191	15
39192	14
39193	15
39194	14
39195	13
39196	14
39197	13
39198	12
39199	12
39200	12
39201	12
39202	12
39203	12
39204	13
39205	13
39206	14
39207	16
39208	17
39209	16
39210	15
39211	16
39212	15
39213	14
39214	15
39215	14
39216	13
39217	13
39218	14
39219	13
39220	12
39221	14
39222	14
39223	14
39224	14
39225	13
39226	14
39227	14
39228	15
39229	14
39230	13
39231	13
39232	14
39233	13
39234	12
39235	13
39236	13
39237	14
39238	13
39239	12
39240	12
39241	13
39242	12
39243	11
39244	12
39245	12
39246	13
39247	13
39248	14
39249	14
39250	15
39251	17
39252	18
39253	18
39254	19
39255	18
39256	17
39257	17
39258	18
39259	17
39260	16
39261	17
39262	17
39263	18
39264	17
39265	16
39266	16
39267	17
39268	16
39269	15
39270	16
39271	16
39272	17
39273	16
39274	15
39275	15
39276	16
39277	15
39278	14
39279	14
39280	15
39281	17
39282	18
39283	17
39284	16
39285	17
39286	16
39287	15
39288	16
39289	15
39290	14
39291	14
39292	15
39293	14
39294	13
39295	15
39296	16
39297	16
39298	17
39299	17
39300	18
39301	17
39302	16
39303	18
39304	19
39305	18
39306	17
39307	18
39308	17
39309	16
39310	17
39311	16
39312	15
39313	15
39314	16
39315	18
39316	19
39317	18
39318	17
39319	18
39320	17
39321	16
39322	17
39323	16
39324	15
39325	15
39326	16
39327	15
39328	14
39329	15
39330	15
39331	15
39332	15
39333	16
39334	15
39335	14
39336	14
39337	15
39338	17
39339	18
39340	17
39341	16
39342	17
39343	16
39344	15
39345	16
39346	15
39347	14
39348	14
39349	15
39350	14
39351	13
39352	14
39353	14
39354	15
39355	15
39356	16
39357	15
39358	14
39359	16
39360	17
39361	16
39362	15
39363	16
39364	15
39365	14
39366	14
39367	13
39368	13
39369	14
39370	14
39371	15
39372	14
39373	13
39374	15
39375	16
39376	15
39377	14
39378	15
39379	14
39380	13
39381	13
39382	12
39383	14
39384	14
39385	14
39386	14
39387	14
39388	15
39389	17
39390	18
39391	17
39392	16
39393	17
39394	16
39395	15
39396	16
39397	15
39398	14
39399	14
39400	15
39401	14
39402	13
39403	14
39404	14
39405	15
39406	15
39407	16
39408	18
39409	19
39410	18
39411	17
39412	18
39413	17
39414	16
39415	17
39416	16
39417	15
39418	15
39419	16
39420	15
39421	14
39422	16
39423	17
39424	17
39425	18
39426	17
39427	16
39428	16
39429	16
39430	15
39431	16
39432	16
39433	16
39434	15
39435	15
39436	16
39437	15
39438	14
39439	15
39440	15
39441	15
39442	14
39443	14
39444	15
39445	14
39446	13
39447	13
39448	14
39449	16
39450	17
39451	17
39452	18
39453	17
39454	16
39455	16
39456	17
39457	16
39458	15
39459	15
39460	15
39461	16
39462	15
39463	14
39464	15
39465	15
39466	16
39467	15
39468	14
39469	14
39470	15
39471	14
39472	13
39473	13
39474	14
39475	14
39476	15
39477	14
39478	13
39479	15
39480	16
39481	15
39482	14
39483	15
39484	14
39485	13
39486	14
39487	13
39488	12
39489	13
39490	13
39491	13
39492	13
39493	14
39494	14
39495	15
39496	14
39497	13
39498	15
39499	16
39500	15
39501	14
39502	15
39503	14
39504	13
39505	14
39506	13
39507	12
39508	12
39509	12
39510	12
39511	13
39512	13
39513	14
39514	13
39515	12
39516	14
39517	15
39518	14
39519	13
39520	14
39521	13
39522	12
39523	13
39524	12
39525	11
39526	11
39527	12
39528	12
39529	13
39530	13
39531	14
39532	16
39533	17
39534	17
39535	18
39536	17
39537	16
39538	16
39539	17
39540	16
39541	15
39542	16
39543	16
39544	17
39545	16
39546	15
39547	15
39548	16
39549	15
39550	14
39551	15
39552	15
39553	16
39554	15
39555	14
39556	14
39557	15
39558	14
39559	13
39560	13
39561	14
39562	16
39563	17
39564	16
39565	15
39566	16
39567	15
39568	14
39569	15
39570	14
39571	13
39572	13
39573	14
39574	13
39575	12
39576	14
39577	15
39578	15
39579	15
39580	15
39581	16
39582	15
39583	14
39584	14
39585	15
39586	17
39587	18
39588	17
39589	16
39590	17
39591	16
39592	15
39593	16
39594	15
39595	14
39596	14
39597	15
39598	14
39599	13
39600	14
39601	14
39602	15
39603	15
39604	16
39605	15
39606	14
39607	16
39608	17
39609	16
39610	15
39611	16
39612	15
39613	14
39614	15
39615	14
39616	13
39617	13
39618	14
39619	16
39620	17
39621	16
39622	15
39623	16
39624	15
39625	14
39626	15
39627	14
39628	13
39629	13
39630	14
39631	13
39632	12
39633	13
39634	13
39635	14
39636	14
39637	15
39638	14
39639	13
39640	15
39641	16
39642	15
39643	14
39644	15
39645	14
39646	13
39647	13
39648	12
39649	12
39650	13
39651	13
39652	14
39653	13
39654	12
39655	14
39656	15
39657	14
39658	13
39659	14
39660	13
39661	12
39662	12
39663	11
39664	13
39665	13
39666	13
39667	13
39668	13
39669	14
39670	16
39671	17
39672	16
39673	15
39674	16
39675	15
39676	14
39677	15
39678	14
39679	13
39680	13
39681	14
39682	13
39683	12
39684	13
39685	13
39686	14
39687	14
39688	15
39689	17
39690	18
39691	17
39692	16
39693	17
39694	16
39695	15
39696	16
39697	15
39698	14
39699	14
39700	15
39701	14
39702	13
39703	15
39704	16
39705	16
39706	16
39707	15
39708	15
39709	16
39710	15
39711	14
39712	15
39713	15
39714	16
39715	15
39716	14
39717	14
39718	14
39719	13
39720	14
39721	14
39722	15
39723	14
39724	13
39725	13
39726	12
39727	12
39728	13
39729	15
39730	16
39731	16
39732	17
39733	16
39734	15
39735	15
39736	16
39737	15
39738	14
39739	15
39740	15
39741	16
39742	15
39743	14
39744	14
39745	15
39746	14
39747	13
39748	13
39749	13
39750	14
39751	13
39752	12
39753	12
39754	13
39755	13
39756	14
39757	13
39758	12
39759	14
39760	15
39761	14
39762	13
39763	14
39764	13
39765	12
39766	13
39767	12
39768	11
39769	12
39770	12
39771	12
39772	12
39773	13
39774	13
39775	14
39776	13
39777	12
39778	14
39779	15
39780	14
39781	13
39782	14
39783	13
39784	12
39785	13
39786	12
39787	11
39788	11
39789	11
39790	11
39791	12
39792	12
39793	13
39794	12
39795	11
39796	13
39797	14
39798	13
39799	12
39800	13
39801	12
39802	11
39803	12
39804	11
39805	10
39806	10
39807	10
39808	10
39809	11
39810	11
39811	12
39812	12
39813	13
39814	15
39815	16
39816	16
39817	17
39818	16
39819	15
39820	15
39821	16
39822	15
39823	14
39824	15
39825	15
39826	16
39827	15
39828	14
39829	14
39830	15
39831	14
39832	13
39833	14
39834	14
39835	15
39836	14
39837	13
39838	13
39839	14
39840	13
39841	12
39842	12
39843	12
39844	12
39845	12
39846	11
39847	13
39848	14
39849	14
39850	14
39851	14
39852	15
39853	14
39854	13
39855	13
39856	14
39857	16
39858	17
39859	16
39860	15
39861	16
39862	15
39863	14
39864	15
39865	14
39866	13
39867	13
39868	14
39869	13
39870	12
39871	13
39872	13
39873	13
39874	15
39875	16
39876	15
39877	14
39878	15
39879	14
39880	13
39881	14
39882	13
39883	12
39884	12
39885	13
39886	15
39887	16
39888	15
39889	14
39890	15
39891	14
39892	13
39893	14
39894	13
39895	12
39896	12
39897	13
39898	12
39899	11
39900	12
39901	12
39902	13
39903	13
39904	14
39905	13
39906	12
39907	14
39908	15
39909	14
39910	13
39911	14
39912	13
39913	12
39914	12
39915	11
39916	11
39917	12
39918	12
39919	13
39920	12
39921	11
39922	13
39923	14
39924	13
39925	12
39926	13
39927	12
39928	11
39929	11
39930	10
39931	12
39932	12
39933	12
39934	13
39935	15
39936	16
39937	16
39938	17
39939	16
39940	15
39941	15
39942	16
39943	15
39944	14
39945	15
39946	15
39947	15
39948	14
39949	14
39950	15
39951	14
39952	13
39953	14
39954	14
39955	15
39956	14
39957	13
39958	13
39959	14
39960	13
39961	12
39962	12
39963	13
39964	15
39965	16
39966	15
39967	14
39968	15
39969	14
39970	13
39971	14
39972	13
39973	12
39974	12
39975	13
39976	12
39977	11
39978	12
39979	12
39980	12
39981	12
39982	12
39983	12
39984	12
39985	11
39986	11
39987	12
39988	14
39989	15
39990	15
39991	16
39992	15
39993	14
39994	14
39995	15
39996	14
39997	13
39998	14
39999	14
40000	15
40001	14
40002	13
40003	13
40004	14
40005	13
40006	12
40007	12
40008	12
40009	13
40010	12
40011	11
40012	11
40013	12
40014	12
40015	12
40016	11
40017	13
40018	14
40019	13
40020	12
40021	13
40022	12
40023	11
40024	12
40025	11
40026	10
40027	11
40028	11
40029	11
40030	11
40031	11
40032	13
40033	14
40034	13
40035	12
40036	13
40037	12
40038	11
40039	12
40040	11
40041	10
40042	10
40043	10
40044	12
40045	13
40046	13
40047	13
40048	12
40049	12
40050	12
40051	11
40052	12
40053	12
40054	13
40055	12
40056	11
40057	11
40058	12
40059	11
40060	10
40061	11
40062	11
40063	12
40064	11
40065	10
40066	10
40067	9
40068	9
40069	10
40070	12
40071	12
40072	12
40073	13
40074	15
40075	16
40076	16
40077	17
40078	19
40079	20
40080	20
40081	20
40082	19
40083	19
40084	20
40085	19
40086	18
40087	19
40088	19
40089	20
40090	19
40091	18
40092	18
40093	19
40094	18
40095	17
40096	18
40097	18
40098	19
40099	18
40100	17
40101	17
40102	18
40103	17
40104	16
40105	16
40106	17
40107	19
40108	20
40109	19
40110	18
40111	19
40112	18
40113	17
40114	18
40115	17
40116	16
40117	16
40118	17
40119	16
40120	15
40121	15
40122	16
40123	18
40124	19
40125	19
40126	20
40127	19
40128	18
40129	18
40130	18
40131	17
40132	18
40133	18
40134	18
40135	17
40136	17
40137	18
40138	17
40139	16
40140	17
40141	17
40142	18
40143	17
40144	16
40145	16
40146	17
40147	16
40148	15
40149	15
40150	16
40151	18
40152	19
40153	18
40154	17
40155	18
40156	17
40157	16
40158	17
40159	16
40160	15
40161	15
40162	16
40163	15
40164	14
40165	15
40166	15
40167	15
40168	15
40169	16
40170	18
40171	19
40172	18
40173	17
40174	18
40175	17
40176	16
40177	17
40178	16
40179	15
40180	15
40181	16
40182	15
40183	14
40184	14
40185	15
40186	17
40187	18
40188	18
40189	18
40190	17
40191	17
40192	18
40193	17
40194	16
40195	17
40196	17
40197	18
40198	17
40199	16
40200	16
40201	17
40202	16
40203	15
40204	16
40205	16
40206	17
40207	16
40208	15
40209	15
40210	16
40211	15
40212	14
40213	14
40214	15
40215	15
40216	16
40217	15
40218	14
40219	16
40220	17
40221	16
40222	15
40223	16
40224	15
40225	14
40226	15
40227	14
40228	13
40229	14
40230	14
40231	15
40232	15
40233	16
40234	16
40235	17
40236	16
40237	15
40238	17
40239	18
40240	17
40241	16
40242	17
40243	16
40244	15
40245	16
40246	15
40247	14
40248	16
40249	17
40250	17
40251	18
40252	17
40253	16
40254	16
40255	16
40256	15
40257	16
40258	16
40259	17
40260	16
40261	15
40262	15
40263	16
40264	15
40265	14
40266	15
40267	15
40268	16
40269	15
40270	14
40271	14
40272	15
40273	14
40274	13
40275	13
40276	13
40277	13
40278	14
40279	14
40280	15
40281	14
40282	13
40283	15
40284	16
40285	15
40286	14
40287	15
40288	14
40289	13
40290	14
40291	13
40292	12
40293	12
40294	12
40295	12
40296	12
40297	14
40298	15
40299	15
40300	16
40301	15
40302	14
40303	14
40304	14
40305	13
40306	14
40307	14
40308	15
40309	14
40310	13
40311	13
40312	14
40313	13
40314	12
40315	13
40316	13
40317	14
40318	13
40319	12
40320	12
40321	12
40322	11
40323	10
40324	11
40325	11
40326	12
40327	12
40328	13
40329	13
40330	14
40331	16
40332	17
40333	17
40334	18
40335	17
40336	16
40337	16
40338	17
40339	16
40340	15
40341	16
40342	16
40343	17
40344	16
40345	15
40346	15
40347	16
40348	15
40349	14
40350	15
40351	15
40352	16
40353	15
40354	14
40355	14
40356	15
40357	14
40358	13
40359	13
40360	14
40361	16
40362	17
40363	16
40364	15
40365	16
40366	15
40367	14
40368	15
40369	14
40370	13
40371	13
40372	14
40373	13
40374	12
40375	14
40376	15
40377	15
40378	16
40379	16
40380	17
40381	16
40382	15
40383	17
40384	18
40385	17
40386	16
40387	17
40388	16
40389	15
40390	16
40391	15
40392	14
40393	14
40394	15
40395	17
40396	18
40397	17
40398	16
40399	17
40400	16
40401	15
40402	16
40403	15
40404	14
40405	14
40406	15
40407	14
40408	13
40409	14
40410	14
40411	14
40412	14
40413	14
40414	13
40415	13
40416	14
40417	16
40418	16
40419	15
40420	16
40421	15
40422	14
40423	15
40424	14
40425	13
40426	13
40427	14
40428	13
40429	12
40430	13
40431	13
40432	14
40433	14
40434	15
40435	14
40436	13
40437	15
40438	16
40439	15
40440	14
40441	15
40442	14
40443	13
40444	13
40445	12
40446	12
40447	13
40448	13
40449	14
40450	13
40451	12
40452	14
40453	15
40454	14
40455	13
40456	14
40457	13
40458	12
40459	12
40460	11
40461	13
40462	13
40463	13
40464	14
40465	16
40466	17
40467	17
40468	18
40469	17
40470	16
40471	16
40472	17
40473	16
40474	15
40475	16
40476	16
40477	17
40478	16
40479	15
40480	15
40481	15
40482	14
40483	15
40484	15
40485	16
40486	15
40487	14
40488	14
40489	15
40490	14
40491	13
40492	13
40493	14
40494	16
40495	17
40496	16
40497	15
40498	16
40499	15
40500	14
40501	15
40502	14
40503	13
40504	13
40505	14
40506	13
40507	12
40508	13
40509	13
40510	13
40511	13
40512	14
40513	16
40514	17
40515	16
40516	15
40517	16
40518	15
40519	14
40520	15
40521	14
40522	13
40523	13
40524	13
40525	12
40526	12
40527	12
40528	12
40529	13
40530	13
40531	14
40532	13
40533	12
40534	14
40535	15
40536	14
40537	13
40538	14
40539	13
40540	12
40541	12
40542	11
40543	12
40544	12
40545	13
40546	13
40547	14
40548	14
40549	15
40550	14
40551	13
40552	15
40553	16
40554	15
40555	14
40556	15
40557	14
40558	13
40559	14
40560	13
40561	12
40562	14
40563	15
40564	15
40565	16
40566	15
40567	14
40568	14
40569	14
40570	13
40571	13
40572	13
40573	14
40574	13
40575	12
40576	12
40577	12
40578	12
40579	11
40580	11
40581	12
40582	12
40583	13
40584	13
40585	14
40586	13
40587	12
40588	14
40589	15
40590	14
40591	13
40592	14
40593	13
40594	12
40595	13
40596	12
40597	11
40598	13
40599	14
40600	14
40601	15
40602	14
40603	13
40604	13
40605	14
40606	13
40607	12
40608	12
40609	12
40610	13
40611	12
40612	11
40613	12
40614	12
40615	13
40616	12
40617	11
40618	11
40619	11
40620	10
40621	10
40622	11
40623	11
40624	12
40625	12
40626	12
40627	14
40628	15
40629	15
40630	16
40631	15
40632	14
40633	14
40634	15
40635	14
40636	13
40637	14
40638	14
40639	15
40640	14
40641	13
40642	13
40643	14
40644	13
40645	12
40646	13
40647	13
40648	14
40649	13
40650	12
40651	12
40652	13
40653	12
40654	11
40655	13
40656	14
40657	14
40658	14
40659	14
40660	15
40661	14
40662	13
40663	13
40664	14
40665	16
40666	17
40667	16
40668	15
40669	16
40670	15
40671	14
40672	15
40673	14
40674	13
40675	13
40676	14
40677	13
40678	12
40679	13
40680	13
40681	14
40682	14
40683	14
40684	13
40685	15
40686	16
40687	15
40688	14
40689	15
40690	14
40691	13
40692	14
40693	13
40694	12
40695	12
40696	13
40697	15
40698	16
40699	15
40700	14
40701	15
40702	14
40703	13
40704	14
40705	13
40706	12
40707	12
40708	13
40709	12
40710	11
40711	12
40712	12
40713	13
40714	13
40715	14
40716	13
40717	12
40718	14
40719	15
40720	14
40721	13
40722	14
40723	13
40724	12
40725	12
40726	11
40727	11
40728	12
40729	12
40730	13
40731	12
40732	11
40733	13
40734	14
40735	13
40736	12
40737	13
40738	12
40739	11
40740	11
40741	10
40742	12
40743	12
40744	12
40745	12
40746	12
40747	13
40748	15
40749	16
40750	15
40751	14
40752	15
40753	14
40754	13
40755	13
40756	12
40757	12
40758	13
40759	12
40760	11
40761	12
40762	12
40763	12
40764	12
40765	13
40766	15
40767	16
40768	15
40769	14
40770	15
40771	14
40772	13
40773	14
40774	13
40775	12
40776	12
40777	13
40778	12
40779	11
40780	11
40781	12
40782	14
40783	15
40784	15
40785	16
40786	15
40787	14
40788	14
40789	15
40790	14
40791	13
40792	14
40793	14
40794	15
40795	14
40796	13
40797	13
40798	14
40799	13
40800	12
40801	12
40802	12
40803	13
40804	12
40805	11
40806	11
40807	12
40808	12
40809	13
40810	12
40811	11
40812	13
40813	14
40814	13
40815	12
40816	13
40817	12
40818	11
40819	12
40820	11
40821	10
40822	11
40823	11
40824	11
40825	11
40826	12
40827	12
40828	13
40829	12
40830	11
40831	13
40832	14
40833	13
40834	12
40835	13
40836	12
40837	11
40838	12
40839	11
40840	10
40841	10
40842	10
40843	10
40844	11
40845	11
40846	12
40847	11
40848	10
40849	12
40850	13
40851	12
40852	11
40853	12
40854	11
40855	10
40856	10
40857	9
40858	9
40859	9
40860	9
40861	10
40862	10
40863	11
40864	11
40865	12
40866	14
40867	15
40868	15
40869	16
40870	15
40871	14
40872	14
40873	15
40874	14
40875	13
40876	14
40877	14
40878	15
40879	14
40880	13
40881	13
40882	14
40883	13
40884	12
40885	13
40886	13
40887	14
40888	13
40889	12
40890	12
40891	13
40892	12
40893	11
40894	11
40895	12
40896	14
40897	15
40898	14
40899	13
40900	14
40901	13
40902	12
40903	12
40904	11
40905	11
40906	12
40907	11
40908	10
40909	12
40910	13
40911	13
40912	14
40913	14
40914	15
40915	14
40916	13
40917	15
40918	16
40919	15
40920	14
40921	15
40922	14
40923	13
40924	14
40925	13
40926	12
40927	12
40928	13
40929	15
40930	16
40931	15
40932	14
40933	15
40934	14
40935	13
40936	14
40937	13
40938	12
40939	12
40940	11
40941	12
40942	12
40943	12
40944	12
40945	13
40946	12
40947	11
40948	11
40949	12
40950	14
40951	15
40952	14
40953	13
40954	14
40955	13
40956	12
40957	13
40958	12
40959	11
40960	11
40961	12
40962	11
40963	10
40964	11
40965	11
40966	12
40967	12
40968	13
40969	12
40970	11
40971	13
40972	14
40973	13
40974	12
40975	13
40976	12
40977	11
40978	11
40979	10
40980	10
40981	11
40982	11
40983	12
40984	11
40985	10
40986	12
40987	13
40988	12
40989	11
40990	12
40991	11
40992	10
40993	10
40994	9
40995	11
40996	11
40997	11
40998	12
40999	14
41000	15
41001	15
41002	16
41003	15
41004	14
41005	14
41006	15
41007	14
41008	13
41009	14
41010	14
41011	15
41012	14
41013	13
41014	13
41015	13
41016	12
41017	13
41018	13
41019	14
41020	13
41021	12
41022	12
41023	13
41024	12
41025	11
41026	11
41027	12
41028	14
41029	15
41030	14
41031	13
41032	14
41033	13
41034	12
41035	13
41036	12
41037	11
41038	11
41039	12
41040	11
41041	10
41042	11
41043	11
41044	11
41045	11
41046	12
41047	14
41048	15
41049	14
41050	13
41051	14
41052	13
41053	12
41054	13
41055	12
41056	11
41057	11
41058	12
41059	11
41060	10
41061	10
41062	11
41063	13
41064	14
41065	14
41066	15
41067	14
41068	13
41069	13
41070	14
41071	13
41072	12
41073	12
41074	12
41075	13
41076	12
41077	11
41078	12
41079	12
41080	13
41081	12
41082	11
41083	11
41084	12
41085	11
41086	10
41087	10
41088	11
41089	11
41090	12
41091	11
41092	10
41093	12
41094	13
41095	12
41096	11
41097	12
41098	11
41099	10
41100	11
41101	10
41102	9
41103	10
41104	10
41105	11
41106	11
41107	12
41108	12
41109	13
41110	12
41111	11
41112	13
41113	14
41114	13
41115	12
41116	13
41117	12
41118	11
41119	12
41120	11
41121	10
41122	12
41123	13
41124	13
41125	14
41126	13
41127	12
41128	12
41129	12
41130	11
41131	12
41132	12
41133	13
41134	12
41135	11
41136	11
41137	12
41138	11
41139	10
41140	11
41141	11
41142	11
41143	10
41144	10
41145	11
41146	10
41147	9
41148	9
41149	9
41150	9
41151	10
41152	10
41153	11
41154	10
41155	9
41156	11
41157	11
41158	10
41159	11
41160	10
41161	9
41162	10
41163	9
41164	8
41165	7
41166	6
41167	6
41168	6
41169	6
41170	7
41171	7
41172	8
41173	8
41174	9
41175	11
41176	12
41177	12
41178	13
41179	15
41180	16
41181	16
41182	17
41183	16
41184	15
41185	15
41186	16
41187	15
41188	14
41189	15
41190	15
41191	15
41192	14
41193	14
41194	15
41195	14
41196	13
41197	14
41198	14
41199	15
41200	14
41201	13
41202	13
41203	14
41204	13
41205	12
41206	12
41207	11
41208	11
41209	12
41210	14
41211	14
41212	14
41213	15
41214	14
41215	13
41216	14
41217	14
41218	15
41219	14
41220	13
41221	13
41222	13
41223	12
41224	13
41225	13
41226	14
41227	13
41228	12
41229	12
41230	12
41231	11
41232	11
41233	12
41234	14
41235	15
41236	14
41237	13
41238	14
41239	13
41240	12
41241	13
41242	12
41243	11
41244	11
41245	12
41246	11
41247	10
41248	11
41249	11
41250	11
41251	11
41252	12
41253	14
41254	15
41255	14
41256	13
41257	14
41258	13
41259	12
41260	13
41261	12
41262	11
41263	11
41264	12
41265	11
41266	10
41267	10
41268	11
41269	13
41270	14
41271	14
41272	15
41273	14
41274	13
41275	13
41276	13
41277	12
41278	13
41279	13
41280	14
41281	13
41282	12
41283	12
41284	13
41285	12
41286	11
41287	12
41288	12
41289	11
41290	11
41291	12
41292	11
41293	10
41294	10
41295	11
41296	11
41297	12
41298	11
41299	10
41300	12
41301	13
41302	12
41303	11
41304	12
41305	11
41306	10
41307	11
41308	10
41309	9
41310	10
41311	10
41312	10
41313	10
41314	11
41315	11
41316	12
41317	11
41318	10
41319	12
41320	13
41321	12
41322	11
41323	12
41324	11
41325	10
41326	11
41327	10
41328	9
41329	9
41330	10
41331	10
41332	11
41333	11
41334	12
41335	11
41336	10
41337	12
41338	13
41339	12
41340	11
41341	12
41342	11
41343	10
41344	11
41345	10
41346	9
41347	11
41348	12
41349	12
41350	11
41351	11
41352	12
41353	11
41354	10
41355	11
41356	11
41357	12
41358	11
41359	10
41360	10
41361	11
41362	10
41363	9
41364	10
41365	10
41366	11
41367	10
41368	9
41369	9
41370	9
41371	8
41372	8
41373	8
41374	8
41375	9
41376	9
41377	9
41378	9
41379	10
41380	9
41381	8
41382	10
41383	11
41384	11
41385	12
41386	11
41387	10
41388	10
41389	11
41390	10
41391	9
41392	10
41393	10
41394	11
41395	10
41396	9
41397	9
41398	10
41399	9
41400	8
41401	8
41402	8
41403	8
41404	7
41405	6
41406	8
41407	9
41408	9
41409	10
41410	12
41411	13
41412	13
41413	12
41414	12
41415	13
41416	15
41417	16
41418	16
41419	16
41420	15
41421	15
41422	16
41423	15
41424	14
41425	15
41426	15
41427	16
41428	15
41429	14
41430	14
41431	15
41432	14
41433	13
41434	14
41435	14
41436	15
41437	14
41438	13
41439	13
41440	14
41441	13
41442	12
41443	12
41444	13
41445	15
41446	16
41447	15
41448	14
41449	15
41450	14
41451	13
41452	14
41453	13
41454	12
41455	12
41456	13
41457	12
41458	11
41459	12
41460	12
41461	12
41462	12
41463	13
41464	15
41465	15
41466	14
41467	15
41468	14
41469	13
41470	14
41471	13
41472	12
41473	12
41474	12
41475	11
41476	11
41477	12
41478	14
41479	15
41480	15
41481	16
41482	15
41483	14
41484	14
41485	15
41486	14
41487	13
41488	14
41489	14
41490	15
41491	14
41492	13
41493	13
41494	14
41495	13
41496	12
41497	13
41498	13
41499	14
41500	13
41501	12
41502	12
41503	13
41504	12
41505	11
41506	11
41507	12
41508	12
41509	13
41510	12
41511	11
41512	13
41513	14
41514	13
41515	12
41516	13
41517	12
41518	11
41519	12
41520	11
41521	10
41522	11
41523	11
41524	12
41525	12
41526	13
41527	13
41528	14
41529	13
41530	12
41531	14
41532	15
41533	14
41534	13
41535	14
41536	13
41537	12
41538	13
41539	12
41540	11
41541	13
41542	14
41543	14
41544	15
41545	14
41546	13
41547	13
41548	13
41549	12
41550	13
41551	13
41552	14
41553	13
41554	12
41555	12
41556	13
41557	12
41558	11
41559	12
41560	12
41561	13
41562	12
41563	11
41564	11
41565	12
41566	11
41567	10
41568	10
41569	10
41570	10
41571	11
41572	11
41573	11
41574	10
41575	12
41576	12
41577	11
41578	12
41579	11
41580	10
41581	11
41582	10
41583	9
41584	9
41585	9
41586	9
41587	9
41588	11
41589	12
41590	12
41591	12
41592	11
41593	11
41594	11
41595	10
41596	11
41597	11
41598	12
41599	11
41600	10
41601	10
41602	11
41603	10
41604	9
41605	10
41606	10
41607	11
41608	10
41609	9
41610	9
41611	10
41612	9
41613	8
41614	8
41615	8
41616	8
41617	9
41618	11
41619	12
41620	12
41621	13
41622	15
41623	15
41624	14
41625	15
41626	14
41627	13
41628	14
41629	13
41630	12
41631	12
41632	13
41633	12
41634	11
41635	11
41636	12
41637	14
41638	15
41639	14
41640	13
41641	14
41642	13
41643	12
41644	13
41645	12
41646	11
41647	11
41648	12
41649	11
41650	10
41651	9
41652	10
41653	10
41654	10
41655	10
41656	11
41657	10
41658	9
41659	9
41660	10
41661	12
41662	13
41663	12
41664	11
41665	12
41666	11
41667	10
41668	11
41669	10
41670	9
41671	9
41672	10
41673	9
41674	8
41675	8
41676	9
41677	9
41678	10
41679	10
41680	11
41681	10
41682	9
41683	11
41684	12
41685	11
41686	10
41687	11
41688	10
41689	9
41690	10
41691	9
41692	8
41693	10
41694	11
41695	11
41696	12
41697	11
41698	10
41699	10
41700	11
41701	10
41702	9
41703	10
41704	10
41705	11
41706	10
41707	9
41708	9
41709	10
41710	9
41711	8
41712	8
41713	8
41714	8
41715	7
41716	8
41717	8
41718	8
41719	8
41720	9
41721	11
41722	12
41723	12
41724	13
41725	15
41726	15
41727	14
41728	15
41729	14
41730	13
41731	14
41732	13
41733	12
41734	12
41735	13
41736	12
41737	11
41738	11
41739	12
41740	14
41741	15
41742	14
41743	13
41744	14
41745	13
41746	12
41747	13
41748	12
41749	11
41750	11
41751	12
41752	11
41753	10
41754	11
41755	11
41756	12
41757	12
41758	13
41759	12
41760	11
41761	13
41762	14
41763	13
41764	12
41765	12
41766	11
41767	12
41768	11
41769	10
41770	10
41771	11
41772	13
41773	14
41774	13
41775	12
41776	13
41777	12
41778	11
41779	12
41780	11
41781	10
41782	10
41783	11
41784	10
41785	9
41786	10
41787	10
41788	11
41789	11
41790	12
41791	11
41792	10
41793	12
41794	13
41795	12
41796	11
41797	12
41798	11
41799	10
41800	11
41801	10
41802	9
41803	9
41804	10
41805	10
41806	10
41807	9
41808	11
41809	12
41810	11
41811	10
41812	11
41813	10
41814	9
41815	9
41816	8
41817	8
41818	9
41819	11
41820	12
41821	12
41822	13
41823	12
41824	11
41825	11
41826	12
41827	11
41828	10
41829	10
41830	10
41831	10
41832	9
41833	10
41834	10
41835	11
41836	10
41837	9
41838	9
41839	10
41840	9
41841	8
41842	8
41843	8
41844	10
41845	11
41846	10
41847	9
41848	10
41849	9
41850	8
41851	9
41852	8
41853	7
41854	7
41855	7
41856	7
41857	8
41858	8
41859	9
41860	9
41861	10
41862	12
41863	13
41864	12
41865	11
41866	12
41867	11
41868	10
41869	11
41870	10
41871	9
41872	9
41873	10
41874	9
41875	8
41876	10
41877	11
41878	11
41879	12
41880	11
41881	10
41882	10
41883	11
41884	10
41885	9
41886	10
41887	10
41888	11
41889	10
41890	9
41891	9
41892	10
41893	9
41894	8
41895	9
41896	9
41897	9
41898	8
41899	8
41900	9
41901	8
41902	7
41903	9
41904	10
41905	10
41906	10
41907	10
41908	11
41909	10
41910	9
41911	9
41912	10
41913	12
41914	13
41915	12
41916	11
41917	12
41918	11
41919	10
41920	11
41921	10
41922	9
41923	9
41924	10
41925	9
41926	8
41927	9
41928	9
41929	10
41930	10
41931	11
41932	10
41933	9
41934	11
41935	12
41936	11
41937	10
41938	10
41939	9
41940	10
41941	9
41942	8
41943	8
41944	9
41945	11
41946	12
41947	11
41948	10
41949	11
41950	10
41951	9
41952	10
41953	9
41954	8
41955	8
41956	9
41957	8
41958	7
41959	8
41960	8
41961	9
41962	9
41963	10
41964	9
41965	8
41966	10
41967	11
41968	10
41969	9
41970	10
41971	9
41972	8
41973	9
41974	8
41975	7
41976	7
41977	7
41978	9
41979	10
41980	9
41981	8
41982	9
41983	8
41984	7
41985	7
41986	6
41987	7
41988	7
41989	8
41990	8
41991	9
41992	9
41993	10
41994	12
41995	13
41996	13
41997	14
41998	13
41999	12
42000	12
42001	13
42002	12
42003	11
42004	12
42005	12
42006	13
42007	12
42008	11
42009	11
42010	12
42011	11
42012	10
42013	11
42014	11
42015	11
42016	10
42017	10
42018	11
42019	10
42020	9
42021	9
42022	10
42023	12
42024	13
42025	12
42026	11
42027	12
42028	11
42029	10
42030	11
42031	10
42032	9
42033	9
42034	10
42035	9
42036	8
42037	10
42038	11
42039	11
42040	12
42041	12
42042	13
42043	12
42044	11
42045	13
42046	14
42047	13
42048	12
42049	13
42050	12
42051	11
42052	12
42053	11
42054	10
42055	10
42056	11
42057	13
42058	14
42059	13
42060	12
42061	12
42062	11
42063	12
42064	11
42065	10
42066	10
42067	11
42068	10
42069	9
42070	10
42071	10
42072	10
42073	10
42074	11
42075	10
42076	9
42077	9
42078	10
42079	12
42080	13
42081	12
42082	11
42083	12
42084	11
42085	10
42086	11
42087	10
42088	9
42089	9
42090	10
42091	9
42092	8
42093	8
42094	8
42095	9
42096	9
42097	10
42098	9
42099	8
42100	10
42101	11
42102	10
42103	9
42104	10
42105	9
42106	8
42107	8
42108	7
42109	9
42110	9
42111	9
42112	10
42113	12
42114	13
42115	13
42116	14
42117	13
42118	12
42119	12
42120	13
42121	12
42122	11
42123	12
42124	12
42125	13
42126	12
42127	11
42128	11
42129	10
42130	11
42131	11
42132	12
42133	11
42134	10
42135	10
42136	11
42137	10
42138	9
42139	9
42140	10
42141	12
42142	13
42143	12
42144	11
42145	12
42146	11
42147	10
42148	11
42149	10
42150	9
42151	9
42152	10
42153	9
42154	8
42155	9
42156	9
42157	9
42158	9
42159	10
42160	12
42161	13
42162	12
42163	11
42164	12
42165	11
42166	10
42167	10
42168	9
42169	9
42170	10
42171	9
42172	8
42173	8
42174	9
42175	11
42176	12
42177	12
42178	13
42179	12
42180	11
42181	11
42182	12
42183	11
42184	10
42185	10
42186	10
42187	11
42188	10
42189	9
42190	10
42191	10
42192	11
42193	10
42194	9
42195	9
42196	10
42197	9
42198	8
42199	8
42200	9
42201	9
42202	10
42203	9
42204	8
42205	10
42206	11
42207	10
42208	9
42209	10
42210	9
42211	8
42212	9
42213	8
42214	7
42215	7
42216	7
42217	7
42218	7
42219	6
42220	6
42221	6
42222	8
42223	9
42224	9
42225	9
42226	9
42227	10
42228	12
42229	13
42230	12
42231	11
42232	12
42233	11
42234	10
42235	11
42236	10
42237	9
42238	9
42239	10
42240	9
42241	8
42242	8
42243	9
42244	11
42245	11
42246	11
42247	12
42248	11
42249	10
42250	11
42251	11
42252	12
42253	11
42254	10
42255	10
42256	10
42257	9
42258	10
42259	10
42260	11
42261	10
42262	9
42263	9
42264	10
42265	9
42266	8
42267	8
42268	9
42269	11
42270	12
42271	11
42272	10
42273	11
42274	10
42275	9
42276	10
42277	9
42278	8
42279	8
42280	9
42281	8
42282	7
42283	8
42284	8
42285	9
42286	9
42287	10
42288	12
42289	13
42290	12
42291	11
42292	12
42293	11
42294	10
42295	11
42296	10
42297	9
42298	9
42299	10
42300	9
42301	8
42302	10
42303	11
42304	11
42305	11
42306	10
42307	10
42308	11
42309	10
42310	9
42311	9
42312	9
42313	9
42314	8
42315	9
42316	9
42317	10
42318	9
42319	8
42320	8
42321	8
42322	7
42323	7
42324	7
42325	7
42326	8
42327	8
42328	9
42329	8
42330	7
42331	9
42332	10
42333	9
42334	8
42335	9
42336	8
42337	7
42338	8
42339	7
42340	6
42341	7
42342	7
42343	8
42344	8
42345	9
42346	9
42347	10
42348	9
42349	8
42350	10
42351	11
42352	10
42353	9
42354	10
42355	9
42356	8
42357	9
42358	8
42359	7
42360	9
42361	10
42362	10
42363	11
42364	10
42365	9
42366	9
42367	9
42368	8
42369	9
42370	9
42371	9
42372	8
42373	8
42374	9
42375	8
42376	7
42377	8
42378	8
42379	8
42380	7
42381	7
42382	8
42383	7
42384	6
42385	6
42386	6
42387	6
42388	7
42389	7
42390	8
42391	7
42392	6
42393	8
42394	9
42395	8
42396	7
42397	8
42398	7
42399	6
42400	6
42401	5
42402	4
42403	3
42404	3
42405	3
42406	3
42407	3
42408	3
42409	4
42410	4
42411	4
42412	4
42413	4
42414	6
42415	6
42416	6
42417	7
42418	9
42419	10
42420	10
42421	11
42422	13
42423	14
42424	13
42425	12
42426	13
42427	12
42428	11
42429	12
42430	11
42431	10
42432	10
42433	11
42434	10
42435	9
42436	9
42437	10
42438	12
42439	13
42440	12
42441	11
42442	12
42443	11
42444	10
42445	11
42446	10
42447	9
42448	9
42449	10
42450	9
42451	8
42452	9
42453	9
42454	10
42455	10
42456	11
42457	10
42458	9
42459	11
42460	12
42461	11
42462	10
42463	10
42464	9
42465	10
42466	9
42467	8
42468	8
42469	9
42470	11
42471	12
42472	11
42473	10
42474	11
42475	10
42476	9
42477	10
42478	9
42479	8
42480	8
42481	9
42482	8
42483	7
42484	8
42485	8
42486	9
42487	9
42488	10
42489	9
42490	8
42491	10
42492	11
42493	10
42494	9
42495	10
42496	9
42497	8
42498	9
42499	8
42500	7
42501	7
42502	8
42503	8
42504	9
42505	8
42506	7
42507	9
42508	10
42509	9
42510	8
42511	9
42512	8
42513	7
42514	7
42515	6
42516	6
42517	7
42518	9
42519	10
42520	10
42521	11
42522	10
42523	9
42524	9
42525	10
42526	9
42527	8
42528	8
42529	8
42530	9
42531	8
42532	7
42533	8
42534	8
42535	9
42536	8
42537	7
42538	7
42539	8
42540	7
42541	6
42542	6
42543	7
42544	7
42545	8
42546	7
42547	6
42548	8
42549	9
42550	8
42551	7
42552	8
42553	7
42554	6
42555	7
42556	6
42557	5
42558	5
42559	5
42560	6
42561	8
42562	9
42563	9
42564	10
42565	12
42566	13
42567	12
42568	11
42569	12
42570	11
42571	10
42572	11
42573	10
42574	9
42575	9
42576	10
42577	9
42578	8
42579	8
42580	8
42581	8
42582	9
42583	8
42584	7
42585	8
42586	8
42587	9
42588	9
42589	10
42590	9
42591	8
42592	10
42593	10
42594	9
42595	10
42596	9
42597	8
42598	9
42599	8
42600	7
42601	7
42602	7
42603	7
42604	8
42605	7
42606	6
42607	7
42608	7
42609	8
42610	8
42611	9
42612	8
42613	7
42614	9
42615	10
42616	9
42617	8
42618	9
42619	8
42620	7
42621	8
42622	7
42623	6
42624	6
42625	7
42626	9
42627	10
42628	9
42629	8
42630	9
42631	8
42632	7
42633	8
42634	7
42635	6
42636	6
42637	7
42638	6
42639	5
42640	5
42641	6
42642	6
42643	7
42644	7
42645	8
42646	7
42647	6
42648	8
42649	9
42650	8
42651	7
42652	8
42653	7
42654	6
42655	7
42656	6
42657	5
42658	7
42659	8
42660	8
42661	9
42662	8
42663	7
42664	7
42665	8
42666	7
42667	6
42668	7
42669	7
42670	8
42671	7
42672	6
42673	6
42674	7
42675	6
42676	5
42677	4
42678	5
42679	5
42680	6
42681	6
42682	7
42683	9
42684	10
42685	10
42686	11
42687	10
42688	9
42689	9
42690	10
42691	9
42692	8
42693	9
42694	9
42695	10
42696	9
42697	8
42698	8
42699	9
42700	8
42701	7
42702	8
42703	8
42704	9
42705	8
42706	7
42707	7
42708	8
42709	7
42710	6
42711	6
42712	7
42713	9
42714	10
42715	9
42716	8
42717	9
42718	8
42719	7
42720	8
42721	7
42722	6
42723	6
42724	7
42725	6
42726	5
42727	7
42728	7
42729	7
42730	7
42731	7
42732	8
42733	7
42734	6
42735	6
42736	6
42737	7
42738	9
42739	10
42740	9
42741	8
42742	9
42743	8
42744	7
42745	8
42746	7
42747	6
42748	6
42749	7
42750	6
42751	5
42752	5
42753	5
42754	4
42755	4
42756	5
42757	7
42758	7
42759	7
42760	8
42761	10
42762	11
42763	10
42764	9
42765	10
42766	9
42767	8
42768	9
42769	8
42770	7
42771	7
42772	8
42773	7
42774	6
42775	7
42776	7
42777	8
42778	8
42779	9
42780	8
42781	7
42782	9
42783	9
42784	8
42785	9
42786	8
42787	7
42788	7
42789	6
42790	6
42791	7
42792	9
42793	10
42794	9
42795	8
42796	9
42797	8
42798	7
42799	8
42800	7
42801	6
42802	6
42803	7
42804	6
42805	5
42806	6
42807	6
42808	7
42809	7
42810	8
42811	7
42812	6
42813	8
42814	9
42815	8
42816	7
42817	7
42818	6
42819	7
42820	6
42821	5
42822	5
42823	5
42824	5
42825	5
42826	4
42827	4
42828	5
42829	5
42830	6
42831	6
42832	6
42833	5
42834	7
42835	8
42836	7
42837	6
42838	7
42839	6
42840	5
42841	6
42842	5
42843	4
42844	6
42845	7
42846	7
42847	8
42848	7
42849	6
42850	6
42851	7
42852	6
42853	5
42854	6
42855	6
42856	7
42857	6
42858	5
42859	5
42860	6
42861	5
42862	4
42863	4
42864	4
42865	5
42866	4
42867	3
42868	5
42869	6
42870	6
42871	7
42872	7
42873	8
42874	10
42875	11
42876	11
42877	11
42878	11
42879	12
42880	14
42881	15
42882	14
42883	13
42884	14
42885	13
42886	12
42887	13
42888	12
42889	11
42890	11
42891	12
42892	11
42893	10
42894	10
42895	11
42896	13
42897	14
42898	14
42899	15
42900	14
42901	13
42902	13
42903	14
42904	13
42905	12
42906	12
42907	12
42908	13
42909	12
42910	11
42911	12
42912	12
42913	13
42914	12
42915	11
42916	11
42917	12
42918	11
42919	10
42920	10
42921	11
42922	13
42923	14
42924	13
42925	12
42926	13
42927	12
42928	11
42929	12
42930	11
42931	10
42932	10
42933	11
42934	10
42935	9
42936	10
42937	10
42938	10
42939	10
42940	10
42941	10
42942	11
42943	10
42944	9
42945	9
42946	10
42947	12
42948	13
42949	13
42950	14
42951	13
42952	12
42953	12
42954	12
42955	11
42956	12
42957	12
42958	13
42959	12
42960	11
42961	11
42962	12
42963	11
42964	10
42965	11
42966	11
42967	12
42968	11
42969	10
42970	10
42971	11
42972	10
42973	9
42974	9
42975	10
42976	10
42977	11
42978	10
42979	9
42980	11
42981	12
42982	11
42983	10
42984	11
42985	10
42986	9
42987	10
42988	9
42989	8
42990	9
42991	9
42992	9
42993	9
42994	10
42995	10
42996	11
42997	10
42998	9
42999	11
43000	12
43001	11
43002	10
43003	11
43004	10
43005	9
43006	10
43007	9
43008	8
43009	8
43010	9
43011	9
43012	10
43013	10
43014	11
43015	10
43016	9
43017	11
43018	12
43019	11
43020	10
43021	11
43022	10
43023	9
43024	10
43025	9
43026	8
43027	10
43028	11
43029	11
43030	12
43031	11
43032	10
43033	10
43034	11
43035	10
43036	9
43037	10
43038	10
43039	11
43040	10
43041	9
43042	9
43043	9
43044	8
43045	9
43046	9
43047	10
43048	9
43049	8
43050	8
43051	9
43052	8
43053	7
43054	7
43055	7
43056	7
43057	8
43058	8
43059	9
43060	9
43061	10
43062	9
43063	8
43064	10
43065	11
43066	10
43067	9
43068	10
43069	9
43070	8
43071	9
43072	8
43073	7
43074	9
43075	9
43076	9
43077	10
43078	9
43079	8
43080	9
43081	9
43082	10
43083	9
43084	8
43085	8
43086	8
43087	7
43088	8
43089	8
43090	9
43091	8
43092	7
43093	7
43094	8
43095	7
43096	6
43097	5
43098	5
43099	6
43100	8
43101	9
43102	9
43103	10
43104	12
43105	13
43106	13
43107	14
43108	16
43109	17
43110	16
43111	15
43112	16
43113	15
43114	14
43115	15
43116	14
43117	13
43118	13
43119	14
43120	13
43121	12
43122	12
43123	12
43124	12
43125	13
43126	12
43127	11
43128	12
43129	12
43130	13
43131	13
43132	14
43133	13
43134	12
43135	14
43136	15
43137	14
43138	13
43139	14
43140	13
43141	12
43142	13
43143	12
43144	11
43145	11
43146	12
43147	14
43148	15
43149	14
43150	13
43151	14
43152	13
43153	12
43154	13
43155	12
43156	11
43157	11
43158	12
43159	11
43160	10
43161	11
43162	11
43163	12
43164	12
43165	12
43166	11
43167	13
43168	14
43169	13
43170	12
43171	13
43172	12
43173	11
43174	12
43175	11
43176	10
43177	10
43178	11
43179	11
43180	11
43181	10
43182	12
43183	13
43184	12
43185	11
43186	12
43187	11
43188	10
43189	9
43190	9
43191	10
43192	12
43193	13
43194	13
43195	14
43196	13
43197	12
43198	12
43199	13
43200	12
43201	11
43202	11
43203	11
43204	12
43205	11
43206	10
43207	11
43208	11
43209	12
43210	11
43211	10
43212	10
43213	11
43214	10
43215	9
43216	9
43217	10
43218	10
43219	11
43220	10
43221	9
43222	11
43223	12
43224	11
43225	10
43226	11
43227	10
43228	9
43229	10
43230	9
43231	8
43232	8
43233	9
43234	11
43235	12
43236	12
43237	13
43238	15
43239	16
43240	15
43241	14
43242	15
43243	14
43244	13
43245	14
43246	13
43247	12
43248	12
43249	13
43250	12
43251	11
43252	11
43253	12
43254	14
43255	15
43256	14
43257	13
43258	14
43259	13
43260	12
43261	13
43262	12
43263	11
43264	11
43265	12
43266	11
43267	10
43268	11
43269	11
43270	12
43271	12
43272	13
43273	12
43274	11
43275	13
43276	13
43277	12
43278	13
43279	12
43280	11
43281	12
43282	11
43283	10
43284	10
43285	11
43286	13
43287	14
43288	13
43289	12
43290	13
43291	12
43292	11
43293	12
43294	11
43295	10
43296	10
43297	11
43298	10
43299	9
43300	10
43301	10
43302	10
43303	10
43304	10
43305	9
43306	9
43307	10
43308	10
43309	11
43310	10
43311	9
43312	11
43313	12
43314	11
43315	10
43316	11
43317	10
43318	9
43319	10
43320	9
43321	8
43322	8
43323	9
43324	11
43325	12
43326	12
43327	13
43328	12
43329	11
43330	11
43331	12
43332	11
43333	10
43334	11
43335	11
43336	12
43337	11
43338	10
43339	10
43340	11
43341	10
43342	9
43343	9
43344	9
43345	10
43346	9
43347	8
43348	8
43349	8
43350	8
43351	9
43352	8
43353	7
43354	7
43355	7
43356	8
43357	10
43358	10
43359	10
43360	11
43361	13
43362	14
43363	13
43364	12
43365	13
43366	12
43367	11
43368	12
43369	11
43370	10
43371	10
43372	11
43373	10
43374	9
43375	10
43376	10
43377	11
43378	11
43379	12
43380	11
43381	10
43382	12
43383	12
43384	11
43385	12
43386	11
43387	10
43388	11
43389	10
43390	9
43391	9
43392	9
43393	9
43394	10
43395	9
43396	8
43397	9
43398	9
43399	10
43400	10
43401	11
43402	10
43403	9
43404	11
43405	12
43406	11
43407	10
43408	10
43409	9
43410	9
43411	8
43412	8
43413	9
43414	11
43415	12
43416	11
43417	10
43418	11
43419	10
43420	9
43421	10
43422	9
43423	8
43424	8
43425	9
43426	8
43427	7
43428	7
43429	8
43430	8
43431	9
43432	9
43433	10
43434	9
43435	8
43436	10
43437	11
43438	10
43439	9
43440	10
43441	9
43442	8
43443	9
43444	8
43445	7
43446	9
43447	10
43448	10
43449	11
43450	10
43451	9
43452	9
43453	10
43454	9
43455	8
43456	9
43457	9
43458	10
43459	9
43460	8
43461	8
43462	9
43463	8
43464	7
43465	7
43466	7
43467	8
43468	7
43469	6
43470	6
43471	6
43472	7
43473	9
43474	9
43475	9
43476	10
43477	12
43478	13
43479	12
43480	11
43481	12
43482	11
43483	10
43484	11
43485	10
43486	9
43487	9
43488	10
43489	9
43490	8
43491	9
43492	9
43493	10
43494	10
43495	11
43496	10
43497	9
43498	11
43499	11
43500	10
43501	11
43502	10
43503	9
43504	9
43505	8
43506	8
43507	9
43508	11
43509	12
43510	11
43511	10
43512	11
43513	10
43514	9
43515	10
43516	9
43517	8
43518	8
43519	9
43520	8
43521	7
43522	8
43523	8
43524	9
43525	9
43526	10
43527	9
43528	8
43529	10
43530	11
43531	10
43532	9
43533	9
43534	8
43535	9
43536	8
43537	7
43538	7
43539	8
43540	10
43541	10
43542	9
43543	10
43544	9
43545	8
43546	9
43547	8
43548	7
43549	7
43550	8
43551	7
43552	6
43553	6
43554	7
43555	7
43556	8
43557	8
43558	9
43559	8
43560	7
43561	9
43562	9
43563	8
43564	9
43565	8
43566	7
43567	8
43568	7
43569	6
43570	8
43571	9
43572	9
43573	10
43574	9
43575	8
43576	8
43577	9
43578	8
43579	7
43580	8
43581	8
43582	9
43583	8
43584	7
43585	7
43586	8
43587	7
43588	6
43589	6
43590	6
43591	7
43592	6
43593	5
43594	4
43595	5
43596	5
43597	6
43598	6
43599	6
43600	6
43601	6
43602	8
43603	8
43604	8
43605	9
43606	11
43607	12
43608	11
43609	10
43610	11
43611	10
43612	9
43613	10
43614	9
43615	8
43616	8
43617	9
43618	8
43619	7
43620	8
43621	8
43622	9
43623	9
43624	10
43625	9
43626	8
43627	10
43628	10
43629	9
43630	10
43631	9
43632	8
43633	9
43634	8
43635	7
43636	7
43637	8
43638	10
43639	11
43640	10
43641	9
43642	10
43643	9
43644	8
43645	9
43646	8
43647	7
43648	7
43649	8
43650	7
43651	6
43652	7
43653	7
43654	8
43655	8
43656	9
43657	8
43658	7
43659	9
43660	10
43661	9
43662	8
43663	8
43664	7
43665	7
43666	6
43667	6
43668	7
43669	9
43670	9
43671	8
43672	9
43673	8
43674	7
43675	7
43676	6
43677	6
43678	6
43679	5
43680	7
43681	7
43682	7
43683	7
43684	9
43685	9
43686	9
43687	10
43688	12
43689	13
43690	12
43691	11
43692	12
43693	11
43694	10
43695	11
43696	10
43697	9
43698	9
43699	10
43700	9
43701	8
43702	9
43703	9
43704	9
43705	9
43706	10
43707	9
43708	8
43709	8
43710	9
43711	11
43712	12
43713	11
43714	10
43715	11
43716	10
43717	9
43718	10
43719	9
43720	8
43721	8
43722	9
43723	8
43724	7
43725	8
43726	8
43727	9
43728	9
43729	10
43730	9
43731	8
43732	10
43733	11
43734	10
43735	9
43736	10
43737	9
43738	8
43739	8
43740	7
43741	7
43742	8
43743	8
43744	9
43745	8
43746	7
43747	9
43748	10
43749	9
43750	8
43751	9
43752	8
43753	7
43754	7
43755	6
43756	6
43757	6
43758	7
43759	9
43760	10
43761	10
43762	11
43763	13
43764	13
43765	12
43766	13
43767	12
43768	11
43769	12
43770	11
43771	10
43772	10
43773	11
43774	10
43775	9
43776	9
43777	10
43778	12
43779	13
43780	12
43781	11
43782	12
43783	11
43784	10
43785	11
43786	10
43787	9
43788	9
43789	10
43790	9
43791	8
43792	8
43793	8
43794	9
43795	11
43796	12
43797	11
43798	10
43799	11
43800	10
43801	9
43802	10
43803	9
43804	8
43805	8
43806	9
43807	8
43808	7
43809	8
43810	8
43811	9
43812	9
43813	10
43814	9
43815	8
43816	10
43817	11
43818	10
43819	9
43820	9
43821	8
43822	9
43823	8
43824	7
43825	7
43826	8
43827	10
43828	11
43829	10
43830	9
43831	9
43832	8
43833	9
43834	8
43835	7
43836	7
43837	8
43838	7
43839	6
43840	6
43841	6
43842	8
43843	8
43844	8
43845	8
43846	7
43847	8
43848	8
43849	9
43850	8
43851	7
43852	7
43853	8
43854	7
43855	6
43856	6
43857	6
43858	7
43859	6
43860	5
43861	4
43862	4
43863	4
43864	6
43865	7
43866	7
43867	8
43868	10
43869	11
43870	11
43871	12
43872	14
43873	15
43874	14
43875	13
43876	14
43877	13
43878	12
43879	12
43880	11
43881	11
43882	12
43883	11
43884	10
43885	10
43886	11
43887	13
43888	14
43889	13
43890	12
43891	13
43892	12
43893	11
43894	12
43895	11
43896	10
43897	10
43898	11
43899	10
43900	9
43901	10
43902	10
43903	11
43904	11
43905	12
43906	11
43907	10
43908	12
43909	13
43910	12
43911	11
43912	11
43913	10
43914	11
43915	10
43916	9
43917	9
43918	9
43919	9
43920	10
43921	9
43922	8
43923	9
43924	9
43925	9
43926	11
43927	12
43928	11
43929	10
43930	11
43931	10
43932	9
43933	10
43934	9
43935	8
43936	8
43937	8
43938	8
43939	8
43940	7
43941	7
43942	8
43943	10
43944	11
43945	11
43946	12
43947	11
43948	10
43949	10
43950	11
43951	10
43952	9
43953	9
43954	9
43955	10
43956	9
43957	8
43958	9
43959	9
43960	10
43961	9
43962	8
43963	8
43964	9
43965	8
43966	7
43967	7
43968	8
43969	8
43970	8
43971	7
43972	9
43973	10
43974	9
43975	8
43976	9
43977	8
43978	7
43979	8
43980	7
43981	6
43982	6
43983	6
43984	6
43985	7
43986	9
43987	10
43988	10
43989	11
43990	10
43991	9
43992	9
43993	10
43994	9
43995	8
43996	9
43997	9
43998	10
43999	9
44000	8
44001	8
44002	9
44003	8
44004	7
44005	8
44006	8
44007	9
44008	8
44009	7
44010	7
44011	7
44012	6
44013	6
44014	7
44015	7
44016	8
44017	7
44018	6
44019	8
44020	8
44021	7
44022	8
44023	7
44024	6
44025	7
44026	6
44027	5
44028	5
44029	5
44030	6
44031	8
44032	9
44033	9
44034	10
44035	12
44036	13
44037	12
44038	11
44039	12
44040	11
44041	10
44042	11
44043	10
44044	9
44045	9
44046	10
44047	9
44048	8
44049	8
44050	9
44051	11
44052	12
44053	11
44054	10
44055	10
44056	9
44057	10
44058	9
44059	8
44060	8
44061	9
44062	8
44063	7
44064	8
44065	8
44066	9
44067	9
44068	10
44069	9
44070	8
44071	10
44072	10
44073	9
44074	10
44075	9
44076	8
44077	9
44078	8
44079	7
44080	7
44081	7
44082	7
44083	8
44084	7
44085	6
44086	7
44087	7
44088	8
44089	8
44090	9
44091	8
44092	7
44093	9
44094	10
44095	9
44096	8
44097	8
44098	7
44099	8
44100	7
44101	6
44102	6
44103	7
44104	9
44105	10
44106	9
44107	8
44108	9
44109	8
44110	7
44111	8
44112	7
44113	6
44114	6
44115	7
44116	6
44117	5
44118	5
44119	6
44120	6
44121	7
44122	7
44123	8
44124	7
44125	6
44126	8
44127	9
44128	8
44129	7
44130	8
44131	7
44132	6
44133	7
44134	6
44135	5
44136	7
44137	8
44138	8
44139	9
44140	8
44141	7
44142	7
44143	8
44144	7
44145	6
44146	7
44147	7
44148	8
44149	7
44150	6
44151	6
44152	7
44153	6
44154	5
44155	5
44156	5
44157	6
44158	5
44159	4
44160	5
44161	5
44162	6
44163	6
44164	7
44165	9
44166	10
44167	10
44168	11
44169	10
44170	9
44171	9
44172	9
44173	8
44174	9
44175	9
44176	10
44177	9
44178	8
44179	8
44180	9
44181	8
44182	7
44183	8
44184	8
44185	9
44186	8
44187	7
44188	7
44189	8
44190	7
44191	6
44192	6
44193	7
44194	9
44195	10
44196	9
44197	8
44198	9
44199	8
44200	7
44201	8
44202	7
44203	6
44204	6
44205	7
44206	6
44207	5
44208	7
44209	7
44210	7
44211	7
44212	7
44213	8
44214	7
44215	6
44216	7
44217	7
44218	7
44219	7
44220	7
44221	6
44222	6
44223	7
44224	9
44225	10
44226	9
44227	8
44228	9
44229	8
44230	7
44231	8
44232	7
44233	6
44234	6
44235	7
44236	6
44237	5
44238	6
44239	6
44240	6
44241	8
44242	9
44243	8
44244	7
44245	7
44246	6
44247	6
44248	5
44249	5
44250	6
44251	6
44252	6
44253	5
44254	7
44255	8
44256	7
44257	6
44258	7
44259	6
44260	5
44261	5
44262	4
44263	4
44264	4
44265	4
44266	5
44267	5
44268	6
44269	6
44270	7
44271	6
44272	5
44273	7
44274	7
44275	6
44276	7
44277	6
44278	5
44279	6
44280	5
44281	4
44282	6
44283	7
44284	7
44285	8
44286	7
44287	6
44288	6
44289	7
44290	6
44291	5
44292	6
44293	6
44294	7
44295	6
44296	5
44297	5
44298	6
44299	5
44300	4
44301	5
44302	5
44303	6
44304	5
44305	4
44306	4
44307	5
44308	4
44309	3
44310	2
44311	1
44312	1
44313	3
44314	3
44315	4
44316	6
44317	7
44318	7
44319	8
44320	10
44321	11
44322	11
44323	12
44324	13
44325	14
44326	14
44327	15
44328	15
44329	16
44330	18
44331	19
44332	19
44333	20
44334	22
44335	23
44336	23
44337	22
44338	22
44339	21
44340	22
44341	22
44342	21
44343	21
44344	20
44345	21
44346	21
44347	20
44348	20
44349	19
44350	19
44351	20
44352	22
44353	21
44354	20
44355	19
44356	19
44357	18
44358	18
44359	19
44360	21
44361	22
44362	22
44363	21
44364	21
44365	20
44366	21
44367	21
44368	20
44369	20
44370	19
44371	20
44372	20
44373	19
44374	19
44375	18
44376	18
44377	19
44378	21
44379	20
44380	19
44381	18
44382	18
44383	17
44384	18
44385	18
44386	19
44387	19
44388	20
44389	22
44390	21
44391	20
44392	19
44393	19
44394	18
44395	19
44396	20
44397	20
44398	19
44399	19
44400	18
44401	19
44402	19
44403	18
44404	18
44405	17
44406	17
44407	18
44408	20
44409	21
44410	21
44411	20
44412	20
44413	19
44414	20
44415	20
44416	19
44417	19
44418	18
44419	19
44420	19
44421	18
44422	18
44423	17
44424	17
44425	18
44426	18
44427	17
44428	19
44429	18
44430	17
44431	16
44432	17
44433	17
44434	18
44435	18
44436	19
44437	19
44438	18
44439	20
44440	19
44441	18
44442	17
44443	19
44444	20
44445	20
44446	19
44447	19
44448	18
44449	19
44450	19
44451	18
44452	18
44453	17
44454	18
44455	18
44456	17
44457	17
44458	16
44459	16
44460	17
44461	17
44462	18
44463	18
44464	17
44465	19
44466	18
44467	17
44468	16
44469	17
44470	18
44471	18
44472	17
44473	17
44474	16
44475	17
44476	17
44477	16
44478	16
44479	15
44480	15
44481	16
44482	17
44483	18
44484	18
44485	19
44486	21
44487	20
44488	19
44489	18
44490	18
44491	17
44492	17
44493	18
44494	19
44495	18
44496	17
44497	17
44498	16
44499	17
44500	17
44501	18
44502	18
44503	17
44504	18
44505	17
44506	16
44507	16
44508	17
44509	19
44510	18
44511	17
44512	16
44513	16
44514	15
44515	15
44516	16
44517	16
44518	17
44519	17
44520	16
44521	18
44522	17
44523	16
44524	15
44525	17
44526	18
44527	18
44528	17
44529	17
44530	16
44531	17
44532	17
44533	16
44534	16
44535	15
44536	16
44537	16
44538	15
44539	14
44540	15
44541	16
44542	16
44543	17
44544	17
44545	18
44546	20
44547	21
44548	21
44549	20
44550	20
44551	19
44552	20
44553	20
44554	19
44555	19
44556	18
44557	19
44558	19
44559	18
44560	18
44561	17
44562	17
44563	18
44564	20
44565	19
44566	18
44567	17
44568	17
44569	16
44570	18
44571	19
44572	19
44573	20
44574	20
44575	19
44576	20
44577	19
44578	18
44579	18
44580	19
44581	21
44582	20
44583	19
44584	18
44585	18
44586	17
44587	18
44588	17
44589	17
44590	18
44591	20
44592	19
44593	18
44594	17
44595	17
44596	16
44597	17
44598	17
44599	18
44600	18
44601	17
44602	19
44603	18
44604	17
44605	16
44606	16
44607	17
44608	17
44609	16
44610	18
44611	17
44612	16
44613	15
44614	15
44615	16
44616	17
44617	18
44618	18
44619	19
44620	19
44621	18
44622	18
44623	17
44624	17
44625	18
44626	20
44627	19
44628	18
44629	17
44630	17
44631	16
44632	17
44633	17
44634	18
44635	18
44636	17
44637	19
44638	18
44639	17
44640	16
44641	16
44642	17
44643	18
44644	17
44645	16
44646	16
44647	15
44648	15
44649	16
44650	16
44651	17
44652	17
44653	16
44654	18
44655	17
44656	16
44657	15
44658	17
44659	18
44660	18
44661	17
44662	17
44663	16
44664	17
44665	17
44666	16
44667	16
44668	15
44669	16
44670	15
44671	15
44672	14
44673	15
44674	15
44675	16
44676	16
44677	17
44678	17
44679	18
44680	20
44681	19
44682	18
44683	17
44684	17
44685	16
44686	18
44687	19
44688	19
44689	18
44690	18
44691	17
44692	18
44693	18
44694	17
44695	17
44696	16
44697	17
44698	17
44699	16
44700	16
44701	15
44702	17
44703	18
44704	18
44705	19
44706	20
44707	19
44708	18
44709	18
44710	17
44711	17
44712	18
44713	20
44714	19
44715	18
44716	17
44717	17
44718	16
44719	17
44720	16
44721	16
44722	17
44723	19
44724	18
44725	17
44726	16
44727	16
44728	15
44729	16
44730	16
44731	17
44732	17
44733	16
44734	18
44735	17
44736	16
44737	15
44738	15
44739	16
44740	16
44741	15
44742	17
44743	16
44744	15
44745	14
44746	13
44747	13
44748	14
44749	16
44750	17
44751	17
44752	18
44753	20
44754	21
44755	21
44756	22
44757	24
44758	23
44759	22
44760	21
44761	21
44762	20
44763	20
44764	21
44765	23
44766	22
44767	21
44768	20
44769	20
44770	19
44771	20
44772	20
44773	21
44774	21
44775	20
44776	22
44777	21
44778	20
44779	19
44780	19
44781	20
44782	22
44783	21
44784	20
44785	19
44786	19
44787	18
44788	19
44789	19
44790	20
44791	20
44792	19
44793	21
44794	20
44795	19
44796	18
44797	18
44798	18
44799	18
44800	17
44801	17
44802	18
44803	20
44804	21
44805	21
44806	20
44807	20
44808	19
44809	20
44810	20
44811	19
44812	18
44813	19
44814	19
44815	18
44816	18
44817	17
44818	17
44819	18
44820	18
44821	17
44822	19
44823	18
44824	17
44825	16
44826	16
44827	17
44828	19
44829	20
44830	20
44831	21
44832	23
44833	22
44834	21
44835	20
44836	20
44837	19
44838	19
44839	20
44840	22
44841	21
44842	20
44843	19
44844	19
44845	18
44846	19
44847	19
44848	20
44849	20
44850	19
44851	21
44852	20
44853	19
44854	18
44855	18
44856	19
44857	21
44858	20
44859	19
44860	18
44861	18
44862	17
44863	18
44864	18
44865	19
44866	19
44867	18
44868	20
44869	19
44870	18
44871	17
44872	17
44873	18
44874	18
44875	17
44876	19
44877	18
44878	17
44879	16
44880	16
44881	17
44882	19
44883	20
44884	20
44885	19
44886	19
44887	18
44888	19
44889	19
44890	18
44891	18
44892	17
44893	18
44894	18
44895	17
44896	16
44897	16
44898	17
44899	17
44900	16
44901	18
44902	17
44903	16
44904	15
44905	16
44906	15
44907	15
44908	16
44909	18
44910	19
44911	19
44912	20
44913	22
44914	21
44915	20
44916	19
44917	19
44918	18
44919	17
44920	18
44921	18
44922	19
44923	19
44924	18
44925	20
44926	19
44927	18
44928	17
44929	17
44930	18
44931	20
44932	19
44933	18
44934	17
44935	17
44936	16
44937	17
44938	17
44939	18
44940	18
44941	17
44942	19
44943	18
44944	17
44945	16
44946	16
44947	17
44948	19
44949	18
44950	17
44951	16
44952	16
44953	15
44954	15
44955	16
44956	16
44957	17
44958	17
44959	16
44960	18
44961	17
44962	16
44963	15
44964	17
44965	18
44966	18
44967	17
44968	17
44969	16
44970	17
44971	17
44972	16
44973	16
44974	15
44975	16
44976	16
44977	15
44978	14
44979	15
44980	14
44981	14
44982	15
44983	17
44984	18
44985	17
44986	17
44987	18
44988	20
44989	19
44990	18
44991	17
44992	17
44993	16
44994	17
44995	17
44996	18
44997	18
44998	17
44999	19
45000	18
45001	17
45002	16
45003	16
45004	17
45005	19
45006	18
45007	17
45008	16
45009	16
45010	15
45011	16
45012	16
45013	17
45014	17
45015	16
45016	18
45017	17
45018	16
45019	15
45020	15
45021	15
45022	14
45023	14
45024	15
45025	15
45026	16
45027	16
45028	15
45029	17
45030	16
45031	15
45032	14
45033	16
45034	17
45035	17
45036	16
45037	16
45038	15
45039	16
45040	16
45041	15
45042	15
45043	14
45044	15
45045	14
45046	14
45047	13
45048	12
45049	11
45050	11
45051	12
45052	14
45053	15
45054	15
45055	16
45056	18
45057	19
45058	19
45059	20
45060	22
45061	23
45062	23
45063	22
45064	22
45065	21
45066	22
45067	22
45068	21
45069	21
45070	20
45071	21
45072	21
45073	20
45074	20
45075	19
45076	19
45077	20
45078	22
45079	21
45080	20
45081	19
45082	19
45083	18
45084	18
45085	19
45086	21
45087	22
45088	22
45089	21
45090	21
45091	20
45092	21
45093	21
45094	20
45095	20
45096	19
45097	20
45098	20
45099	19
45100	19
45101	18
45102	18
45103	19
45104	21
45105	20
45106	19
45107	18
45108	18
45109	17
45110	18
45111	18
45112	19
45113	19
45114	20
45115	22
45116	21
45117	20
45118	19
45119	19
45120	18
45121	19
45122	20
45123	20
45124	19
45125	19
45126	18
45127	19
45128	19
45129	18
45130	18
45131	17
45132	17
45133	18
45134	20
45135	21
45136	21
45137	20
45138	20
45139	19
45140	20
45141	20
45142	19
45143	19
45144	18
45145	19
45146	19
45147	18
45148	18
45149	17
45150	17
45151	18
45152	18
45153	17
45154	19
45155	18
45156	17
45157	16
45158	17
45159	17
45160	18
45161	18
45162	19
45163	19
45164	18
45165	20
45166	19
45167	18
45168	17
45169	19
45170	20
45171	20
45172	19
45173	19
45174	18
45175	19
45176	19
45177	18
45178	18
45179	17
45180	18
45181	18
45182	17
45183	17
45184	16
45185	16
45186	17
45187	17
45188	18
45189	18
45190	17
45191	19
45192	18
45193	17
45194	16
45195	17
45196	18
45197	18
45198	17
45199	17
45200	16
45201	17
45202	17
45203	16
45204	16
45205	15
45206	15
45207	16
45208	17
45209	18
45210	18
45211	19
45212	21
45213	20
45214	19
45215	18
45216	18
45217	17
45218	17
45219	18
45220	19
45221	18
45222	17
45223	17
45224	16
45225	17
45226	17
45227	18
45228	18
45229	17
45230	18
45231	17
45232	16
45233	16
45234	17
45235	19
45236	18
45237	17
45238	16
45239	16
45240	15
45241	15
45242	16
45243	16
45244	17
45245	17
45246	16
45247	18
45248	17
45249	16
45250	15
45251	17
45252	18
45253	18
45254	17
45255	17
45256	16
45257	17
45258	17
45259	16
45260	16
45261	15
45262	16
45263	16
45264	15
45265	14
45266	13
45267	12
45268	13
45269	12
45270	12
45271	13
45272	14
45273	15
45274	15
45275	16
45276	16
45277	17
45278	19
45279	18
45280	17
45281	16
45282	16
45283	15
45284	15
45285	16
45286	16
45287	15
45288	15
45289	14
45290	14
45291	15
45292	17
45293	18
45294	18
45295	17
45296	17
45297	16
45298	17
45299	17
45300	16
45301	16
45302	15
45303	16
45304	16
45305	15
45306	15
45307	14
45308	14
45309	15
45310	15
45311	14
45312	16
45313	15
45314	14
45315	13
45316	14
45317	14
45318	15
45319	15
45320	16
45321	18
45322	17
45323	16
45324	15
45325	15
45326	14
45327	16
45328	17
45329	17
45330	16
45331	16
45332	15
45333	16
45334	16
45335	15
45336	15
45337	14
45338	15
45339	15
45340	14
45341	14
45342	13
45343	13
45344	14
45345	15
45346	16
45347	16
45348	15
45349	15
45350	14
45351	15
45352	15
45353	14
45354	13
45355	13
45356	14
45357	14
45358	13
45359	15
45360	14
45361	13
45362	12
45363	12
45364	13
45365	13
45366	14
45367	14
45368	15
45369	17
45370	16
45371	15
45372	14
45373	14
45374	13
45375	15
45376	16
45377	16
45378	15
45379	15
45380	14
45381	15
45382	15
45383	14
45384	14
45385	13
45386	14
45387	14
45388	13
45389	13
45390	12
45391	13
45392	14
45393	14
45394	15
45395	16
45396	15
45397	14
45398	14
45399	13
45400	13
45401	14
45402	16
45403	15
45404	14
45405	13
45406	13
45407	12
45408	13
45409	13
45410	14
45411	14
45412	13
45413	14
45414	13
45415	12
45416	12
45417	13
45418	15
45419	14
45420	13
45421	12
45422	12
45423	11
45424	10
45425	10
45426	11
45427	13
45428	14
45429	14
45430	15
45431	17
45432	18
45433	18
45434	19
45435	21
45436	22
45437	22
45438	22
45439	22
45440	21
45441	21
45442	22
45443	24
45444	23
45445	22
45446	21
45447	21
45448	20
45449	21
45450	21
45451	22
45452	22
45453	21
45454	23
45455	22
45456	21
45457	20
45458	20
45459	21
45460	23
45461	22
45462	21
45463	20
45464	20
45465	19
45466	20
45467	20
45468	21
45469	21
45470	20
45471	22
45472	21
45473	20
45474	19
45475	19
45476	20
45477	20
45478	19
45479	21
45480	20
45481	19
45482	18
45483	18
45484	19
45485	21
45486	22
45487	22
45488	21
45489	21
45490	20
45491	21
45492	21
45493	20
45494	19
45495	20
45496	20
45497	19
45498	19
45499	18
45500	18
45501	19
45502	19
45503	18
45504	20
45505	19
45506	18
45507	17
45508	17
45509	18
45510	20
45511	21
45512	21
45513	22
45514	24
45515	23
45516	22
45517	21
45518	21
45519	20
45520	20
45521	21
45522	23
45523	22
45524	21
45525	20
45526	20
45527	19
45528	20
45529	19
45530	19
45531	20
45532	22
45533	21
45534	20
45535	19
45536	19
45537	18
45538	19
45539	19
45540	20
45541	20
45542	19
45543	21
45544	20
45545	19
45546	18
45547	18
45548	19
45549	19
45550	18
45551	20
45552	19
45553	18
45554	17
45555	17
45556	18
45557	20
45558	21
45559	21
45560	20
45561	20
45562	19
45563	20
45564	20
45565	19
45566	19
45567	18
45568	19
45569	19
45570	18
45571	17
45572	17
45573	18
45574	18
45575	17
45576	19
45577	18
45578	17
45579	16
45580	17
45581	16
45582	16
45583	17
45584	19
45585	20
45586	19
45587	19
45588	20
45589	22
45590	21
45591	20
45592	19
45593	19
45594	18
45595	19
45596	19
45597	20
45598	20
45599	19
45600	21
45601	20
45602	19
45603	18
45604	18
45605	19
45606	21
45607	20
45608	19
45609	18
45610	18
45611	17
45612	18
45613	18
45614	19
45615	19
45616	18
45617	20
45618	19
45619	18
45620	17
45621	17
45622	18
45623	20
45624	19
45625	18
45626	17
45627	17
45628	16
45629	16
45630	17
45631	17
45632	18
45633	18
45634	17
45635	19
45636	18
45637	17
45638	16
45639	18
45640	19
45641	19
45642	18
45643	18
45644	17
45645	18
45646	18
45647	17
45648	17
45649	16
45650	17
45651	16
45652	16
45653	15
45654	16
45655	16
45656	17
45657	17
45658	18
45659	18
45660	19
45661	21
45662	20
45663	19
45664	18
45665	18
45666	17
45667	19
45668	20
45669	20
45670	19
45671	19
45672	18
45673	19
45674	19
45675	18
45676	18
45677	17
45678	18
45679	18
45680	17
45681	17
45682	16
45683	18
45684	19
45685	19
45686	20
45687	21
45688	20
45689	19
45690	19
45691	18
45692	17
45693	18
45694	18
45695	19
45696	19
45697	18
45698	20
45699	19
45700	18
45701	17
45702	17
45703	18
45704	20
45705	19
45706	18
45707	17
45708	17
45709	16
45710	17
45711	17
45712	18
45713	18
45714	17
45715	19
45716	18
45717	17
45718	16
45719	16
45720	17
45721	17
45722	16
45723	18
45724	17
45725	16
45726	15
45727	14
45728	13
45729	13
45730	14
45731	16
45732	17
45733	17
45734	18
45735	20
45736	21
45737	21
45738	22
45739	24
45740	23
45741	22
45742	21
45743	21
45744	20
45745	20
45746	21
45747	23
45748	22
45749	21
45750	20
45751	20
45752	19
45753	20
45754	20
45755	21
45756	21
45757	20
45758	22
45759	21
45760	20
45761	19
45762	19
45763	20
45764	22
45765	21
45766	20
45767	19
45768	19
45769	18
45770	19
45771	19
45772	20
45773	20
45774	19
45775	21
45776	20
45777	19
45778	18
45779	18
45780	19
45781	19
45782	18
45783	20
45784	19
45785	18
45786	17
45787	17
45788	18
45789	20
45790	21
45791	21
45792	20
45793	20
45794	19
45795	20
45796	20
45797	19
45798	18
45799	19
45800	19
45801	18
45802	18
45803	17
45804	17
45805	18
45806	18
45807	17
45808	19
45809	18
45810	17
45811	16
45812	16
45813	16
45814	15
45815	16
45816	15
45817	15
45818	16
45819	18
45820	19
45821	19
45822	20
45823	22
45824	21
45825	20
45826	19
45827	19
45828	18
45829	18
45830	19
45831	21
45832	20
45833	19
45834	18
45835	18
45836	17
45837	18
45838	18
45839	19
45840	19
45841	18
45842	20
45843	19
45844	18
45845	17
45846	17
45847	18
45848	20
45849	19
45850	18
45851	17
45852	17
45853	16
45854	17
45855	17
45856	18
45857	18
45858	17
45859	18
45860	17
45861	16
45862	16
45863	17
45864	19
45865	18
45866	17
45867	16
45868	16
45869	15
45870	15
45871	16
45872	16
45873	17
45874	17
45875	16
45876	18
45877	17
45878	16
45879	15
45880	17
45881	18
45882	18
45883	17
45884	17
45885	16
45886	17
45887	17
45888	16
45889	16
45890	15
45891	16
45892	16
45893	15
45894	14
45895	15
45896	14
45897	14
45898	15
45899	15
45900	16
45901	16
45902	17
45903	19
45904	18
45905	17
45906	16
45907	16
45908	15
45909	17
45910	18
45911	18
45912	17
45913	17
45914	16
45915	17
45916	17
45917	16
45918	16
45919	15
45920	16
45921	16
45922	15
45923	15
45924	14
45925	16
45926	17
45927	16
45928	16
45929	17
45930	18
45931	17
45932	16
45933	16
45934	15
45935	16
45936	16
45937	17
45938	17
45939	16
45940	18
45941	17
45942	16
45943	15
45944	15
45945	16
45946	18
45947	17
45948	16
45949	15
45950	15
45951	14
45952	15
45953	15
45954	16
45955	16
45956	15
45957	17
45958	16
45959	15
45960	14
45961	14
45962	15
45963	15
45964	14
45965	16
45966	15
45967	14
45968	13
45969	12
45970	11
45971	12
45972	12
45973	13
45974	13
45975	14
45976	14
45977	15
45978	17
45979	18
45980	18
45981	19
45982	21
45983	20
45984	19
45985	18
45986	18
45987	17
45988	17
45989	18
45990	20
45991	19
45992	18
45993	17
45994	17
45995	16
45996	17
45997	17
45998	18
45999	18
46000	17
46001	19
46002	18
46003	17
46004	16
46005	16
46006	17
46007	19
46008	18
46009	17
46010	16
46011	16
46012	15
46013	16
46014	16
46015	17
46016	17
46017	16
46018	18
46019	17
46020	16
46021	15
46022	15
46023	16
46024	16
46025	15
46026	17
46027	16
46028	15
46029	14
46030	14
46031	15
46032	17
46033	18
46034	18
46035	17
46036	17
46037	16
46038	17
46039	17
46040	16
46041	16
46042	15
46043	16
46044	16
46045	15
46046	14
46047	14
46048	15
46049	15
46050	14
46051	16
46052	15
46053	14
46054	13
46055	15
46056	16
46057	16
46058	17
46059	17
46060	18
46061	20
46062	19
46063	18
46064	17
46065	17
46066	16
46067	18
46068	19
46069	19
46070	18
46071	18
46072	17
46073	18
46074	18
46075	17
46076	17
46077	16
46078	17
46079	17
46080	16
46081	16
46082	15
46083	15
46084	16
46085	18
46086	19
46087	19
46088	18
46089	17
46090	18
46091	18
46092	17
46093	17
46094	16
46095	17
46096	17
46097	16
46098	16
46099	15
46100	15
46101	16
46102	16
46103	15
46104	17
46105	16
46106	15
46107	14
46108	15
46109	14
46110	14
46111	15
46112	17
46113	18
46114	18
46115	17
46116	17
46117	16
46118	17
46119	17
46120	16
46121	16
46122	15
46123	16
46124	16
46125	15
46126	15
46127	14
46128	14
46129	15
46130	15
46131	14
46132	16
46133	15
46134	14
46135	13
46136	14
46137	14
46138	15
46139	15
46140	16
46141	16
46142	15
46143	17
46144	16
46145	15
46146	14
46147	15
46148	16
46149	16
46150	15
46151	14
46152	15
46153	15
46154	14
46155	14
46156	13
46157	13
46158	14
46159	14
46160	15
46161	15
46162	14
46163	16
46164	15
46165	14
46166	13
46167	14
46168	15
46169	15
46170	14
46171	14
46172	13
46173	14
46174	14
46175	13
46176	13
46177	12
46178	13
46179	14
46180	14
46181	15
46182	15
46183	16
46184	18
46185	19
46186	19
46187	18
46188	18
46189	17
46190	18
46191	18
46192	17
46193	17
46194	16
46195	17
46196	17
46197	16
46198	16
46199	15
46200	15
46201	16
46202	18
46203	17
46204	16
46205	15
46206	15
46207	14
46208	16
46209	17
46210	17
46211	18
46212	18
46213	17
46214	18
46215	17
46216	16
46217	16
46218	16
46219	15
46220	16
46221	15
46222	15
46223	16
46224	18
46225	17
46226	16
46227	15
46228	15
46229	14
46230	15
46231	14
46232	14
46233	15
46234	15
46235	14
46236	16
46237	15
46238	14
46239	13
46240	13
46241	14
46242	15
46243	16
46244	16
46245	17
46246	17
46247	16
46248	16
46249	15
46250	15
46251	16
46252	18
46253	17
46254	16
46255	15
46256	15
46257	14
46258	15
46259	15
46260	16
46261	16
46262	15
46263	17
46264	16
46265	15
46266	14
46267	14
46268	15
46269	16
46270	15
46271	14
46272	14
46273	13
46274	13
46275	14
46276	14
46277	15
46278	15
46279	14
46280	16
46281	15
46282	14
46283	13
46284	15
46285	16
46286	16
46287	15
46288	15
46289	14
46290	15
46291	15
46292	14
46293	14
46294	13
46295	14
46296	14
46297	13
46298	13
46299	12
46300	13
46301	12
46302	11
46303	11
46304	12
46305	12
46306	13
46307	13
46308	14
46309	16
46310	17
46311	17
46312	18
46313	20
46314	19
46315	18
46316	17
46317	17
46318	16
46319	16
46320	17
46321	19
46322	18
46323	17
46324	16
46325	16
46326	15
46327	16
46328	16
46329	17
46330	17
46331	16
46332	18
46333	17
46334	16
46335	15
46336	15
46337	16
46338	17
46339	16
46340	15
46341	15
46342	14
46343	15
46344	15
46345	16
46346	16
46347	15
46348	17
46349	16
46350	15
46351	14
46352	14
46353	15
46354	15
46355	14
46356	16
46357	15
46358	14
46359	13
46360	13
46361	14
46362	16
46363	17
46364	17
46365	16
46366	16
46367	15
46368	16
46369	16
46370	15
46371	14
46372	15
46373	15
46374	14
46375	14
46376	13
46377	12
46378	14
46379	15
46380	14
46381	14
46382	15
46383	17
46384	18
46385	18
46386	17
46387	17
46388	16
46389	17
46390	17
46391	16
46392	16
46393	15
46394	16
46395	16
46396	15
46397	15
46398	14
46399	14
46400	15
46401	15
46402	14
46403	16
46404	15
46405	14
46406	13
46407	14
46408	14
46409	15
46410	15
46411	16
46412	18
46413	17
46414	16
46415	15
46416	15
46417	14
46418	16
46419	17
46420	17
46421	16
46422	16
46423	15
46424	16
46425	16
46426	15
46427	15
46428	14
46429	15
46430	15
46431	14
46432	14
46433	13
46434	13
46435	14
46436	16
46437	17
46438	16
46439	16
46440	15
46441	16
46442	16
46443	15
46444	15
46445	14
46446	15
46447	15
46448	14
46449	14
46450	13
46451	13
46452	14
46453	14
46454	13
46455	15
46456	14
46457	13
46458	12
46459	13
46460	13
46461	14
46462	14
46463	15
46464	15
46465	14
46466	16
46467	15
46468	14
46469	13
46470	14
46471	15
46472	15
46473	14
46474	14
46475	13
46476	14
46477	14
46478	13
46479	13
46480	12
46481	12
46482	13
46483	13
46484	14
46485	14
46486	13
46487	15
46488	14
46489	13
46490	12
46491	13
46492	14
46493	13
46494	13
46495	12
46496	13
46497	13
46498	12
46499	12
46500	11
46501	12
46502	13
46503	12
46504	12
46505	13
46506	14
46507	15
46508	15
46509	16
46510	18
46511	17
46512	16
46513	15
46514	15
46515	14
46516	14
46517	15
46518	15
46519	14
46520	14
46521	13
46522	14
46523	14
46524	15
46525	15
46526	14
46527	16
46528	15
46529	14
46530	13
46531	13
46532	14
46533	15
46534	14
46535	13
46536	13
46537	12
46538	12
46539	13
46540	13
46541	14
46542	14
46543	13
46544	15
46545	14
46546	13
46547	12
46548	14
46549	15
46550	15
46551	14
46552	14
46553	13
46554	14
46555	14
46556	13
46557	13
46558	12
46559	13
46560	13
46561	12
46562	12
46563	11
46564	12
46565	11
46566	10
46567	9
46568	8
46569	7
46570	6
46571	6
46572	7
46573	9
46574	10
46575	10
46576	11
46577	13
46578	14
46579	14
46580	15
46581	17
46582	18
46583	18
46584	18
46585	18
46586	19
46587	21
46588	22
46589	22
46590	21
46591	21
46592	20
46593	21
46594	21
46595	20
46596	20
46597	19
46598	20
46599	20
46600	19
46601	19
46602	18
46603	18
46604	19
46605	19
46606	18
46607	20
46608	19
46609	18
46610	17
46611	17
46612	18
46613	19
46614	20
46615	19
46616	19
46617	20
46618	22
46619	21
46620	20
46621	19
46622	19
46623	18
46624	19
46625	19
46626	20
46627	20
46628	19
46629	21
46630	20
46631	19
46632	18
46633	18
46634	19
46635	19
46636	18
46637	20
46638	19
46639	18
46640	17
46641	17
46642	18
46643	20
46644	21
46645	21
46646	20
46647	20
46648	19
46649	20
46650	20
46651	19
46652	19
46653	18
46654	19
46655	19
46656	18
46657	17
46658	17
46659	18
46660	18
46661	17
46662	19
46663	18
46664	17
46665	16
46666	17
46667	17
46668	18
46669	18
46670	19
46671	21
46672	22
46673	21
46674	21
46675	20
46676	21
46677	21
46678	20
46679	20
46680	19
46681	20
46682	20
46683	19
46684	19
46685	18
46686	18
46687	19
46688	21
46689	20
46690	19
46691	18
46692	18
46693	17
46694	19
46695	20
46696	19
46697	19
46698	20
46699	22
46700	21
46701	20
46702	19
46703	19
46704	18
46705	19
46706	18
46707	18
46708	19
46709	21
46710	20
46711	19
46712	18
46713	17
46714	18
46715	18
46716	19
46717	19
46718	18
46719	20
46720	19
46721	18
46722	17
46723	17
46724	18
46725	18
46726	17
46727	19
46728	18
46729	17
46730	16
46731	16
46732	17
46733	19
46734	20
46735	20
46736	21
46737	23
46738	22
46739	21
46740	20
46741	20
46742	19
46743	19
46744	20
46745	22
46746	21
46747	20
46748	19
46749	19
46750	18
46751	19
46752	19
46753	20
46754	20
46755	19
46756	21
46757	20
46758	19
46759	18
46760	18
46761	19
46762	21
46763	20
46764	19
46765	18
46766	18
46767	17
46768	18
46769	18
46770	19
46771	19
46772	18
46773	20
46774	19
46775	18
46776	17
46777	17
46778	18
46779	20
46780	19
46781	18
46782	17
46783	17
46784	16
46785	16
46786	17
46787	17
46788	18
46789	18
46790	17
46791	19
46792	18
46793	17
46794	16
46795	18
46796	19
46797	18
46798	18
46799	17
46800	18
46801	18
46802	17
46803	17
46804	16
46805	17
46806	16
46807	16
46808	15
46809	16
46810	16
46811	17
46812	17
46813	18
46814	18
46815	19
46816	21
46817	20
46818	19
46819	18
46820	18
46821	17
46822	19
46823	20
46824	20
46825	19
46826	19
46827	18
46828	19
46829	19
46830	18
46831	18
46832	17
46833	18
46834	18
46835	17
46836	17
46837	16
46838	18
46839	19
46840	19
46841	20
46842	21
46843	20
46844	19
46845	19
46846	18
46847	17
46848	18
46849	17
46850	17
46851	18
46852	20
46853	19
46854	18
46855	17
46856	17
46857	16
46858	17
46859	17
46860	18
46861	18
46862	17
46863	18
46864	17
46865	16
46866	16
46867	17
46868	17
46869	16
46870	18
46871	17
46872	16
46873	15
46874	14
46875	13
46876	13
46877	14
46878	16
46879	17
46880	17
46881	18
46882	20
46883	21
46884	21
46885	22
46886	24
46887	23
46888	22
46889	21
46890	21
46891	20
46892	19
46893	20
46894	20
46895	21
46896	21
46897	20
46898	22
46899	21
46900	20
46901	19
46902	19
46903	20
46904	22
46905	21
46906	20
46907	19
46908	19
46909	18
46910	19
46911	19
46912	20
46913	20
46914	19
46915	21
46916	20
46917	19
46918	18
46919	18
46920	19
46921	19
46922	18
46923	20
46924	19
46925	18
46926	17
46927	17
46928	18
46929	20
46930	21
46931	21
46932	20
46933	20
46934	19
46935	20
46936	20
46937	19
46938	18
46939	19
46940	19
46941	18
46942	18
46943	17
46944	17
46945	18
46946	18
46947	17
46948	18
46949	17
46950	16
46951	16
46952	17
46953	19
46954	20
46955	20
46956	21
46957	23
46958	22
46959	21
46960	20
46961	20
46962	19
46963	19
46964	19
46965	18
46966	19
46967	19
46968	20
46969	20
46970	19
46971	21
46972	20
46973	19
46974	18
46975	18
46976	19
46977	21
46978	20
46979	19
46980	18
46981	18
46982	17
46983	18
46984	18
46985	19
46986	19
46987	18
46988	20
46989	19
46990	18
46991	17
46992	17
46993	18
46994	18
46995	17
46996	19
46997	18
46998	17
46999	16
47000	16
47001	17
47002	19
47003	20
47004	20
47005	19
47006	19
47007	18
47008	19
47009	19
47010	18
47011	18
47012	17
47013	18
47014	18
47015	17
47016	16
47017	16
47018	17
47019	16
47020	18
47021	17
47022	16
47023	15
47024	16
47025	15
47026	15
47027	16
47028	18
47029	19
47030	19
47031	20
47032	22
47033	21
47034	20
47035	19
47036	19
47037	18
47038	17
47039	18
47040	18
47041	19
47042	19
47043	18
47044	20
47045	19
47046	18
47047	17
47048	17
47049	18
47050	20
47051	19
47052	18
47053	17
47054	17
47055	16
47056	17
47057	17
47058	18
47059	18
47060	17
47061	19
47062	18
47063	17
47064	16
47065	16
47066	17
47067	19
47068	18
47069	17
47070	16
47071	16
47072	15
47073	15
47074	16
47075	16
47076	17
47077	17
47078	16
47079	18
47080	17
47081	16
47082	15
47083	17
47084	18
47085	18
47086	17
47087	17
47088	16
47089	17
47090	17
47091	16
47092	16
47093	15
47094	16
47095	16
47096	15
47097	14
47098	15
47099	14
47100	14
47101	15
47102	15
47103	16
47104	16
47105	17
47106	19
47107	18
47108	17
47109	16
47110	16
47111	15
47112	17
47113	18
47114	18
47115	17
47116	17
47117	16
47118	17
47119	17
47120	16
47121	15
47122	16
47123	16
47124	15
47125	15
47126	14
47127	16
47128	17
47129	16
47130	16
47131	17
47132	18
47133	17
47134	16
47135	16
47136	15
47137	16
47138	16
47139	17
47140	17
47141	16
47142	18
47143	17
47144	16
47145	15
47146	15
47147	16
47148	18
47149	17
47150	16
47151	15
47152	14
47153	15
47154	15
47155	16
47156	16
47157	15
47158	17
47159	16
47160	15
47161	14
47162	14
47163	15
47164	15
47165	14
47166	16
47167	15
47168	14
47169	13
47170	12
47171	11
47172	12
47173	12
47174	13
47175	13
47176	14
47177	14
47178	15
47179	17
47180	18
47181	18
47182	19
47183	21
47184	20
47185	19
47186	18
47187	18
47188	17
47189	17
47190	18
47191	20
47192	19
47193	18
47194	17
47195	17
47196	16
47197	17
47198	17
47199	18
47200	18
47201	17
47202	19
47203	18
47204	17
47205	16
47206	16
47207	17
47208	19
47209	18
47210	17
47211	16
47212	16
47213	15
47214	16
47215	16
47216	17
47217	17
47218	16
47219	18
47220	17
47221	16
47222	15
47223	15
47224	16
47225	16
47226	15
47227	17
47228	16
47229	15
47230	14
47231	14
47232	15
47233	17
47234	18
47235	18
47236	17
47237	17
47238	16
47239	17
47240	17
47241	16
47242	16
47243	15
47244	16
47245	16
47246	15
47247	14
47248	14
47249	15
47250	15
47251	14
47252	16
47253	15
47254	14
47255	13
47256	15
47257	16
47258	16
47259	17
47260	17
47261	18
47262	20
47263	19
47264	18
47265	17
47266	17
47267	16
47268	18
47269	19
47270	19
47271	18
47272	18
47273	17
47274	18
47275	18
47276	17
47277	17
47278	16
47279	17
47280	17
47281	16
47282	16
47283	15
47284	15
47285	16
47286	18
47287	19
47288	19
47289	18
47290	17
47291	18
47292	18
47293	17
47294	17
47295	16
47296	17
47297	17
47298	16
47299	16
47300	15
47301	15
47302	16
47303	16
47304	15
47305	17
47306	16
47307	15
47308	14
47309	15
47310	14
47311	14
47312	15
47313	17
47314	18
47315	18
47316	17
47317	17
47318	16
47319	17
47320	17
47321	16
47322	16
47323	15
47324	16
47325	16
47326	15
47327	15
47328	14
47329	14
47330	15
47331	15
47332	14
47333	16
47334	15
47335	14
47336	13
47337	14
47338	14
47339	15
47340	15
47341	16
47342	16
47343	15
47344	17
47345	16
47346	15
47347	14
47348	15
47349	16
47350	16
47351	15
47352	14
47353	15
47354	15
47355	14
47356	14
47357	13
47358	13
47359	14
47360	14
47361	15
47362	15
47363	14
47364	16
47365	15
47366	14
47367	13
47368	14
47369	15
47370	15
47371	14
47372	14
47373	13
47374	14
47375	14
47376	13
47377	13
47378	12
47379	13
47380	14
47381	13
47382	13
47383	14
47384	15
47385	16
47386	16
47387	17
47388	17
47389	16
47390	15
47391	15
47392	16
47393	18
47394	17
47395	16
47396	15
47397	15
47398	14
47399	15
47400	15
47401	16
47402	16
47403	15
47404	17
47405	16
47406	15
47407	14
47408	14
47409	15
47410	16
47411	15
47412	14
47413	14
47414	13
47415	13
47416	14
47417	14
47418	15
47419	15
47420	14
47421	16
47422	15
47423	14
47424	13
47425	15
47426	16
47427	15
47428	15
47429	14
47430	15
47431	15
47432	14
47433	14
47434	13
47435	14
47436	14
47437	13
47438	13
47439	12
47440	13
47441	12
47442	11
47443	11
47444	12
47445	12
47446	13
47447	13
47448	14
47449	16
47450	17
47451	17
47452	18
47453	20
47454	19
47455	18
47456	17
47457	17
47458	16
47459	16
47460	17
47461	19
47462	18
47463	17
47464	16
47465	16
47466	15
47467	16
47468	16
47469	17
47470	17
47471	16
47472	18
47473	17
47474	16
47475	15
47476	15
47477	16
47478	18
47479	17
47480	16
47481	15
47482	15
47483	14
47484	15
47485	15
47486	16
47487	16
47488	15
47489	17
47490	16
47491	15
47492	14
47493	14
47494	15
47495	15
47496	14
47497	16
47498	15
47499	14
47500	13
47501	13
47502	14
47503	16
47504	17
47505	17
47506	16
47507	16
47508	15
47509	16
47510	16
47511	15
47512	14
47513	15
47514	15
47515	14
47516	14
47517	13
47518	13
47519	14
47520	14
47521	13
47522	15
47523	14
47524	13
47525	12
47526	14
47527	15
47528	14
47529	14
47530	15
47531	17
47532	18
47533	18
47534	17
47535	17
47536	16
47537	17
47538	17
47539	16
47540	16
47541	15
47542	16
47543	16
47544	15
47545	15
47546	14
47547	14
47548	15
47549	15
47550	14
47551	16
47552	15
47553	14
47554	13
47555	14
47556	14
47557	15
47558	15
47559	16
47560	18
47561	17
47562	16
47563	15
47564	15
47565	14
47566	16
47567	17
47568	17
47569	16
47570	15
47571	16
47572	16
47573	15
47574	15
47575	14
47576	15
47577	15
47578	14
47579	14
47580	13
47581	13
47582	14
47583	16
47584	17
47585	16
47586	16
47587	15
47588	16
47589	16
47590	15
47591	15
47592	14
47593	15
47594	15
47595	14
47596	14
47597	13
47598	13
47599	14
47600	14
47601	13
47602	15
47603	14
47604	13
47605	12
47606	13
47607	13
47608	14
47609	14
47610	15
47611	15
47612	14
47613	16
47614	15
47615	14
47616	13
47617	14
47618	15
47619	15
47620	14
47621	14
47622	13
47623	14
47624	14
47625	13
47626	13
47627	12
47628	12
47629	13
47630	13
47631	14
47632	14
47633	13
47634	15
47635	14
47636	13
47637	12
47638	13
47639	14
47640	13
47641	13
47642	12
47643	13
47644	13
47645	12
47646	12
47647	11
47648	12
47649	13
47650	13
47651	14
47652	14
47653	15
47654	17
47655	18
47656	18
47657	17
47658	17
47659	16
47660	17
47661	17
47662	16
47663	16
47664	15
47665	16
47666	16
47667	15
47668	15
47669	14
47670	14
47671	15
47672	17
47673	16
47674	15
47675	14
47676	14
47677	13
47678	15
47679	16
47680	15
47681	15
47682	16
47683	18
47684	17
47685	16
47686	15
47687	15
47688	14
47689	15
47690	15
47691	16
47692	16
47693	15
47694	16
47695	15
47696	14
47697	14
47698	14
47699	14
47700	13
47701	14
47702	14
47703	15
47704	15
47705	14
47706	16
47707	15
47708	14
47709	13
47710	12
47711	12
47712	13
47713	14
47714	15
47715	15
47716	16
47717	18
47718	17
47719	16
47720	15
47721	15
47722	14
47723	14
47724	15
47725	15
47726	14
47727	14
47728	13
47729	14
47730	14
47731	15
47732	15
47733	14
47734	16
47735	15
47736	14
47737	13
47738	13
47739	14
47740	15
47741	14
47742	13
47743	13
47744	12
47745	12
47746	13
47747	13
47748	14
47749	14
47750	13
47751	15
47752	14
47753	13
47754	12
47755	14
47756	15
47757	15
47758	14
47759	14
47760	13
47761	14
47762	14
47763	13
47764	13
47765	12
47766	13
47767	13
47768	12
47769	12
47770	11
47771	12
47772	11
47773	10
47774	9
47775	9
47776	10
47777	11
47778	12
47779	12
47780	13
47781	13
47782	14
47783	16
47784	17
47785	17
47786	18
47787	19
47788	20
47789	20
47790	19
47791	19
47792	18
47793	19
47794	19
47795	18
47796	18
47797	17
47798	17
47799	18
47800	20
47801	19
47802	18
47803	17
47804	17
47805	16
47806	16
47807	17
47808	18
47809	19
47810	19
47811	18
47812	18
47813	17
47814	18
47815	18
47816	17
47817	17
47818	16
47819	16
47820	17
47821	19
47822	18
47823	17
47824	16
47825	15
47826	16
47827	15
47828	15
47829	16
47830	18
47831	19
47832	19
47833	18
47834	18
47835	17
47836	18
47837	18
47838	17
47839	17
47840	16
47841	17
47842	16
47843	15
47844	15
47845	16
47846	16
47847	15
47848	17
47849	16
47850	15
47851	14
47852	15
47853	15
47854	16
47855	16
47856	17
47857	17
47858	16
47859	18
47860	17
47861	16
47862	15
47863	16
47864	17
47865	17
47866	16
47867	16
47868	15
47869	16
47870	16
47871	15
47872	15
47873	14
47874	14
47875	15
47876	15
47877	16
47878	16
47879	15
47880	17
47881	16
47882	15
47883	14
47884	16
47885	17
47886	17
47887	16
47888	16
47889	15
47890	16
47891	16
47892	15
47893	15
47894	14
47895	15
47896	15
47897	14
47898	14
47899	13
47900	13
47901	14
47902	15
47903	16
47904	16
47905	17
47906	18
47907	17
47908	16
47909	16
47910	15
47911	15
47912	16
47913	18
47914	17
47915	16
47916	15
47917	15
47918	14
47919	15
47920	15
47921	16
47922	16
47923	15
47924	16
47925	15
47926	14
47927	14
47928	15
47929	17
47930	16
47931	15
47932	14
47933	14
47934	13
47935	13
47936	14
47937	13
47938	15
47939	16
47940	16
47941	15
47942	15
47943	14
47944	15
47945	15
47946	14
47947	14
47948	13
47949	14
47950	13
47951	13
47952	12
47953	13
47954	14
47955	14
47956	15
47957	15
47958	16
47959	18
47960	19
47961	19
47962	18
47963	18
47964	17
47965	18
47966	18
47967	17
47968	17
47969	16
47970	17
47971	17
47972	16
47973	16
47974	15
47975	15
47976	16
47977	18
47978	17
47979	16
47980	15
47981	15
47982	14
47983	16
47984	17
47985	16
47986	16
47987	17
47988	19
47989	18
47990	17
47991	16
47992	15
47993	16
47994	16
47995	17
47996	17
47997	16
47998	17
47999	16
48000	15
48001	15
48002	16
48003	18
48004	17
48005	16
48006	15
48007	15
48008	14
48009	15
48010	15
48011	16
48012	16
48013	15
48014	17
48015	16
48016	15
48017	14
48018	14
48019	15
48020	15
48021	14
48022	16
48023	15
48024	14
48025	13
48026	13
48027	14
48028	15
48029	16
48030	15
48031	15
48032	16
48033	17
48034	16
48035	15
48036	15
48037	14
48038	15
48039	15
48040	16
48041	16
48042	15
48043	16
48044	15
48045	14
48046	14
48047	15
48048	17
48049	16
48050	15
48051	14
48052	14
48053	13
48054	13
48055	14
48056	14
48057	15
48058	15
48059	14
48060	15
48061	14
48062	13
48063	15
48064	16
48065	16
48066	15
48067	15
48068	14
48069	15
48070	15
48071	14
48072	14
48073	13
48074	14
48075	14
48076	13
48077	12
48078	13
48079	12
48080	12
48081	13
48082	13
48083	14
48084	14
48085	15
48086	17
48087	16
48088	15
48089	14
48090	14
48091	13
48092	15
48093	16
48094	16
48095	15
48096	15
48097	14
48098	15
48099	15
48100	14
48101	13
48102	14
48103	14
48104	13
48105	13
48106	12
48107	14
48108	15
48109	15
48110	16
48111	18
48112	17
48113	16
48114	15
48115	15
48116	14
48117	14
48118	15
48119	16
48120	15
48121	14
48122	14
48123	13
48124	14
48125	13
48126	13
48127	14
48128	16
48129	15
48130	14
48131	13
48132	13
48133	12
48134	13
48135	13
48136	14
48137	14
48138	13
48139	15
48140	14
48141	13
48142	12
48143	12
48144	13
48145	13
48146	12
48147	14
48148	13
48149	12
48150	11
48151	11
48152	12
48153	13
48154	14
48155	14
48156	15
48157	17
48158	18
48159	18
48160	19
48161	21
48162	20
48163	19
48164	18
48165	18
48166	17
48167	17
48168	18
48169	20
48170	19
48171	18
48172	17
48173	17
48174	16
48175	17
48176	17
48177	18
48178	18
48179	17
48180	19
48181	18
48182	17
48183	16
48184	16
48185	17
48186	19
48187	18
48188	17
48189	16
48190	16
48191	15
48192	16
48193	16
48194	17
48195	16
48196	18
48197	17
48198	16
48199	15
48200	15
48201	16
48202	16
48203	15
48204	16
48205	15
48206	14
48207	14
48208	15
48209	17
48210	18
48211	18
48212	17
48213	17
48214	16
48215	17
48216	17
48217	16
48218	15
48219	16
48220	16
48221	15
48222	15
48223	14
48224	14
48225	15
48226	15
48227	14
48228	16
48229	15
48230	14
48231	13
48232	13
48233	14
48234	15
48235	16
48236	16
48237	17
48238	17
48239	16
48240	18
48241	17
48242	16
48243	15
48244	15
48245	16
48246	18
48247	17
48248	16
48249	15
48250	15
48251	14
48252	15
48253	14
48254	14
48255	15
48256	15
48257	14
48258	16
48259	15
48260	14
48261	13
48262	13
48263	14
48264	16
48265	17
48266	17
48267	16
48268	16
48269	15
48270	16
48271	16
48272	15
48273	15
48274	14
48275	15
48276	15
48277	14
48278	13
48279	13
48280	14
48281	13
48282	15
48283	14
48284	13
48285	12
48286	13
48287	12
48288	12
48289	13
48290	15
48291	16
48292	16
48293	17
48294	19
48295	18
48296	17
48297	16
48298	16
48299	15
48300	14
48301	15
48302	15
48303	16
48304	16
48305	15
48306	17
48307	16
48308	15
48309	14
48310	14
48311	14
48312	13
48313	14
48314	14
48315	15
48316	15
48317	14
48318	14
48319	13
48320	12
48321	12
48322	13
48323	13
48324	14
48325	14
48326	13
48327	15
48328	14
48329	13
48330	12
48331	14
48332	15
48333	15
48334	14
48335	14
48336	13
48337	14
48338	14
48339	13
48340	13
48341	12
48342	13
48343	13
48344	12
48345	11
48346	10
48347	9
48348	9
48349	10
48350	12
48351	13
48352	12
48353	12
48354	13
48355	15
48356	16
48357	16
48358	17
48359	19
48360	20
48361	20
48362	19
48363	19
48364	18
48365	19
48366	18
48367	18
48368	17
48369	18
48370	18
48371	17
48372	17
48373	16
48374	16
48375	17
48376	19
48377	18
48378	17
48379	16
48380	16
48381	15
48382	15
48383	16
48384	18
48385	19
48386	19
48387	18
48388	18
48389	17
48390	18
48391	18
48392	17
48393	17
48394	16
48395	17
48396	17
48397	16
48398	16
48399	15
48400	15
48401	16
48402	18
48403	17
48404	16
48405	15
48406	15
48407	14
48408	15
48409	15
48410	16
48411	15
48412	16
48413	17
48414	16
48415	16
48416	15
48417	16
48418	16
48419	15
48420	15
48421	14
48422	14
48423	15
48424	17
48425	18
48426	18
48427	17
48428	17
48429	16
48430	17
48431	17
48432	16
48433	16
48434	15
48435	16
48436	16
48437	15
48438	15
48439	14
48440	14
48441	15
48442	15
48443	14
48444	16
48445	15
48446	14
48447	13
48448	14
48449	14
48450	15
48451	15
48452	16
48453	16
48454	15
48455	17
48456	16
48457	15
48458	14
48459	15
48460	16
48461	16
48462	15
48463	15
48464	14
48465	15
48466	15
48467	14
48468	14
48469	13
48470	13
48471	14
48472	14
48473	15
48474	15
48475	14
48476	16
48477	15
48478	14
48479	13
48480	15
48481	16
48482	16
48483	15
48484	15
48485	14
48486	15
48487	15
48488	14
48489	14
48490	13
48491	14
48492	14
48493	13
48494	13
48495	12
48496	12
48497	13
48498	14
48499	15
48500	15
48501	16
48502	17
48503	16
48504	15
48505	15
48506	14
48507	14
48508	15
48509	17
48510	16
48511	15
48512	14
48513	14
48514	13
48515	14
48516	14
48517	15
48518	15
48519	14
48520	15
48521	14
48522	13
48523	13
48524	14
48525	16
48526	15
48527	14
48528	13
48529	13
48530	12
48531	12
48532	13
48533	13
48534	14
48535	14
48536	13
48537	15
48538	14
48539	13
48540	12
48541	14
48542	15
48543	15
48544	14
48545	14
48546	13
48547	14
48548	14
48549	13
48550	13
48551	12
48552	13
48553	12
48554	12
48555	11
48556	12
48557	11
48558	11
48559	12
48560	13
48561	14
48562	14
48563	15
48564	15
48565	16
48566	18
48567	17
48568	16
48569	15
48570	15
48571	14
48572	16
48573	17
48574	17
48575	16
48576	16
48577	15
48578	16
48579	16
48580	15
48581	15
48582	14
48583	15
48584	15
48585	14
48586	14
48587	13
48588	13
48589	14
48590	15
48591	16
48592	16
48593	15
48594	14
48595	15
48596	15
48597	14
48598	14
48599	13
48600	13
48601	14
48602	14
48603	13
48604	15
48605	14
48606	13
48607	12
48608	13
48609	13
48610	14
48611	14
48612	15
48613	17
48614	16
48615	15
48616	14
48617	14
48618	13
48619	13
48620	14
48621	14
48622	13
48623	13
48624	12
48625	12
48626	13
48627	15
48628	16
48629	16
48630	15
48631	15
48632	14
48633	15
48634	15
48635	14
48636	14
48637	13
48638	14
48639	14
48640	13
48641	13
48642	12
48643	12
48644	13
48645	13
48646	12
48647	14
48648	13
48649	12
48650	11
48651	11
48652	12
48653	12
48654	13
48655	13
48656	14
48657	16
48658	15
48659	14
48660	13
48661	13
48662	12
48663	14
48664	15
48665	15
48666	14
48667	14
48668	13
48669	14
48670	14
48671	13
48672	13
48673	12
48674	13
48675	13
48676	12
48677	12
48678	11
48679	12
48680	13
48681	13
48682	14
48683	16
48684	15
48685	14
48686	13
48687	13
48688	12
48689	12
48690	13
48691	14
48692	13
48693	12
48694	11
48695	12
48696	12
48697	13
48698	13
48699	12
48700	13
48701	12
48702	11
48703	11
48704	12
48705	14
48706	13
48707	12
48708	11
48709	11
48710	10
48711	9
48712	8
48713	7
48714	6
48715	5
48716	4
48717	5
48718	4
48719	3
48720	2
48721	1
48722	1
48723	3
48724	3
48725	4
48726	6
48727	7
48728	7
48729	8
48730	10
48731	11
48732	11
48733	12
48734	13
48735	14
48736	14
48737	15
48738	15
48739	16
48740	18
48741	19
48742	19
48743	20
48744	22
48745	23
48746	23
48747	24
48748	23
48749	22
48750	22
48751	23
48752	22
48753	21
48754	22
48755	22
48756	23
48757	22
48758	21
48759	21
48760	22
48761	21
48762	20
48763	21
48764	21
48765	22
48766	21
48767	20
48768	20
48769	21
48770	20
48771	19
48772	19
48773	20
48774	22
48775	23
48776	22
48777	21
48778	22
48779	21
48780	20
48781	21
48782	20
48783	19
48784	19
48785	20
48786	19
48787	18
48788	18
48789	19
48790	21
48791	22
48792	22
48793	23
48794	22
48795	21
48796	21
48797	22
48798	21
48799	20
48800	21
48801	21
48802	22
48803	21
48804	20
48805	20
48806	21
48807	20
48808	19
48809	20
48810	20
48811	21
48812	20
48813	19
48814	19
48815	20
48816	19
48817	18
48818	18
48819	19
48820	21
48821	22
48822	21
48823	20
48824	21
48825	20
48826	19
48827	20
48828	19
48829	18
48830	18
48831	19
48832	18
48833	17
48834	18
48835	18
48836	18
48837	18
48838	19
48839	21
48840	22
48841	21
48842	20
48843	21
48844	20
48845	19
48846	20
48847	19
48848	18
48849	18
48850	19
48851	18
48852	17
48853	17
48854	18
48855	20
48856	21
48857	21
48858	21
48859	20
48860	20
48861	21
48862	20
48863	19
48864	20
48865	20
48866	21
48867	20
48868	19
48869	19
48870	20
48871	19
48872	18
48873	19
48874	19
48875	20
48876	19
48877	18
48878	18
48879	19
48880	18
48881	17
48882	17
48883	18
48884	18
48885	19
48886	18
48887	17
48888	19
48889	20
48890	19
48891	18
48892	19
48893	18
48894	17
48895	18
48896	17
48897	16
48898	17
48899	17
48900	18
48901	18
48902	19
48903	19
48904	20
48905	19
48906	18
48907	20
48908	21
48909	20
48910	19
48911	20
48912	19
48913	18
48914	19
48915	18
48916	17
48917	19
48918	20
48919	20
48920	21
48921	20
48922	19
48923	19
48924	19
48925	18
48926	19
48927	19
48928	20
48929	19
48930	18
48931	18
48932	19
48933	18
48934	17
48935	18
48936	18
48937	19
48938	18
48939	17
48940	17
48941	18
48942	17
48943	16
48944	16
48945	16
48946	16
48947	17
48948	17
48949	18
48950	17
48951	16
48952	18
48953	19
48954	18
48955	17
48956	18
48957	17
48958	16
48959	17
48960	16
48961	15
48962	15
48963	15
48964	15
48965	16
48966	16
48967	17
48968	17
48969	18
48970	17
48971	16
48972	18
48973	19
48974	18
48975	17
48976	18
48977	17
48978	16
48979	17
48980	16
48981	15
48982	17
48983	18
48984	18
48985	19
48986	18
48987	17
48988	17
48989	18
48990	17
48991	16
48992	17
48993	17
48994	18
48995	17
48996	16
48997	16
48998	17
48999	16
49000	15
49001	16
49002	16
49003	17
49004	16
49005	15
49006	15
49007	16
49008	15
49009	14
49010	13
49011	13
49012	14
49013	16
49014	17
49015	17
49016	18
49017	20
49018	21
49019	21
49020	22
49021	24
49022	25
49023	24
49024	23
49025	24
49026	23
49027	22
49028	23
49029	22
49030	21
49031	21
49032	22
49033	21
49034	20
49035	20
49036	21
49037	23
49038	24
49039	23
49040	22
49041	23
49042	22
49043	21
49044	22
49045	21
49046	20
49047	20
49048	21
49049	20
49050	19
49051	20
49052	20
49053	21
49054	21
49055	22
49056	21
49057	20
49058	22
49059	23
49060	22
49061	21
49062	21
49063	20
49064	21
49065	20
49066	19
49067	19
49068	20
49069	22
49070	23
49071	22
49072	21
49073	22
49074	21
49075	20
49076	21
49077	20
49078	19
49079	19
49080	20
49081	19
49082	18
49083	19
49084	19
49085	20
49086	20
49087	21
49088	20
49089	19
49090	21
49091	22
49092	21
49093	20
49094	21
49095	20
49096	19
49097	20
49098	19
49099	18
49100	18
49101	18
49102	18
49103	19
49104	18
49105	17
49106	17
49107	18
49108	20
49109	21
49110	21
49111	22
49112	21
49113	20
49114	20
49115	21
49116	20
49117	19
49118	19
49119	19
49120	20
49121	19
49122	18
49123	19
49124	19
49125	20
49126	19
49127	18
49128	18
49129	19
49130	18
49131	17
49132	17
49133	18
49134	18
49135	19
49136	18
49137	17
49138	19
49139	20
49140	19
49141	18
49142	19
49143	18
49144	17
49145	18
49146	17
49147	16
49148	16
49149	17
49150	19
49151	20
49152	20
49153	21
49154	23
49155	24
49156	23
49157	22
49158	23
49159	22
49160	21
49161	22
49162	21
49163	20
49164	20
49165	21
49166	20
49167	19
49168	19
49169	20
49170	22
49171	23
49172	22
49173	21
49174	22
49175	21
49176	20
49177	21
49178	20
49179	19
49180	19
49181	20
49182	19
49183	18
49184	19
49185	19
49186	20
49187	20
49188	21
49189	20
49190	19
49191	21
49192	21
49193	20
49194	21
49195	20
49196	19
49197	20
49198	19
49199	18
49200	18
49201	19
49202	21
49203	22
49204	21
49205	20
49206	21
49207	20
49208	19
49209	20
49210	19
49211	18
49212	18
49213	19
49214	18
49215	17
49216	18
49217	18
49218	19
49219	19
49220	20
49221	19
49222	18
49223	20
49224	21
49225	20
49226	19
49227	20
49228	19
49229	18
49230	18
49231	17
49232	17
49233	18
49234	18
49235	19
49236	18
49237	17
49238	19
49239	20
49240	19
49241	18
49242	19
49243	18
49244	17
49245	18
49246	17
49247	16
49248	16
49249	17
49250	19
49251	20
49252	20
49253	21
49254	20
49255	19
49256	19
49257	20
49258	19
49259	18
49260	19
49261	19
49262	20
49263	19
49264	18
49265	18
49266	19
49267	18
49268	17
49269	17
49270	17
49271	18
49272	17
49273	16
49274	16
49275	17
49276	17
49277	18
49278	17
49279	16
49280	18
49281	19
49282	18
49283	17
49284	18
49285	17
49286	16
49287	17
49288	16
49289	15
49290	15
49291	15
49292	16
49293	18
49294	18
49295	18
49296	19
49297	21
49298	22
49299	21
49300	20
49301	21
49302	20
49303	19
49304	20
49305	19
49306	18
49307	18
49308	19
49309	18
49310	17
49311	18
49312	18
49313	19
49314	19
49315	20
49316	19
49317	18
49318	20
49319	20
49320	19
49321	20
49322	19
49323	18
49324	19
49325	18
49326	17
49327	17
49328	18
49329	20
49330	20
49331	19
49332	20
49333	19
49334	18
49335	19
49336	18
49337	17
49338	17
49339	18
49340	17
49341	16
49342	17
49343	17
49344	18
49345	18
49346	19
49347	18
49348	17
49349	19
49350	20
49351	19
49352	18
49353	18
49354	17
49355	17
49356	16
49357	16
49358	17
49359	19
49360	20
49361	19
49362	18
49363	19
49364	18
49365	17
49366	18
49367	17
49368	16
49369	16
49370	17
49371	16
49372	15
49373	15
49374	16
49375	16
49376	17
49377	17
49378	18
49379	17
49380	16
49381	18
49382	19
49383	18
49384	17
49385	18
49386	17
49387	16
49388	17
49389	16
49390	15
49391	17
49392	18
49393	18
49394	19
49395	18
49396	17
49397	17
49398	18
49399	17
49400	16
49401	17
49402	17
49403	18
49404	17
49405	16
49406	16
49407	17
49408	16
49409	15
49410	15
49411	15
49412	16
49413	15
49414	14
49415	14
49416	14
49417	15
49418	17
49419	17
49420	17
49421	18
49422	20
49423	21
49424	20
49425	19
49426	20
49427	19
49428	18
49429	19
49430	18
49431	17
49432	17
49433	18
49434	17
49435	16
49436	17
49437	17
49438	18
49439	18
49440	19
49441	18
49442	17
49443	19
49444	19
49445	18
49446	19
49447	18
49448	17
49449	17
49450	16
49451	16
49452	17
49453	19
49454	20
49455	19
49456	18
49457	19
49458	18
49459	17
49460	18
49461	17
49462	16
49463	16
49464	17
49465	16
49466	15
49467	16
49468	16
49469	17
49470	17
49471	18
49472	17
49473	16
49474	18
49475	19
49476	18
49477	17
49478	17
49479	16
49480	17
49481	16
49482	15
49483	15
49484	15
49485	15
49486	16
49487	15
49488	14
49489	14
49490	15
49491	15
49492	16
49493	16
49494	17
49495	16
49496	15
49497	17
49498	18
49499	17
49500	16
49501	17
49502	16
49503	15
49504	16
49505	15
49506	14
49507	16
49508	17
49509	17
49510	18
49511	17
49512	16
49513	16
49514	17
49515	16
49516	15
49517	16
49518	16
49519	17
49520	16
49521	15
49522	15
49523	16
49524	15
49525	14
49526	14
49527	14
49528	15
49529	14
49530	13
49531	12
49532	11
49533	11
49534	12
49535	14
49536	15
49537	15
49538	16
49539	18
49540	19
49541	19
49542	20
49543	22
49544	23
49545	23
49546	23
49547	22
49548	22
49549	23
49550	22
49551	21
49552	22
49553	22
49554	23
49555	22
49556	21
49557	21
49558	22
49559	21
49560	20
49561	21
49562	21
49563	22
49564	21
49565	20
49566	20
49567	21
49568	20
49569	19
49570	19
49571	20
49572	22
49573	23
49574	22
49575	21
49576	22
49577	21
49578	20
49579	21
49580	20
49581	19
49582	19
49583	20
49584	19
49585	18
49586	18
49587	19
49588	21
49589	22
49590	22
49591	23
49592	22
49593	21
49594	21
49595	22
49596	21
49597	20
49598	21
49599	21
49600	22
49601	21
49602	20
49603	20
49604	21
49605	20
49606	19
49607	20
49608	20
49609	21
49610	20
49611	19
49612	19
49613	20
49614	19
49615	18
49616	18
49617	19
49618	21
49619	22
49620	21
49621	20
49622	21
49623	20
49624	19
49625	20
49626	19
49627	18
49628	18
49629	19
49630	18
49631	17
49632	18
49633	18
49634	18
49635	18
49636	19
49637	21
49638	22
49639	21
49640	20
49641	21
49642	20
49643	19
49644	20
49645	19
49646	18
49647	18
49648	19
49649	18
49650	17
49651	17
49652	18
49653	20
49654	21
49655	21
49656	21
49657	20
49658	20
49659	21
49660	20
49661	19
49662	20
49663	20
49664	21
49665	20
49666	19
49667	19
49668	20
49669	19
49670	18
49671	19
49672	19
49673	20
49674	19
49675	18
49676	18
49677	19
49678	18
49679	17
49680	17
49681	18
49682	18
49683	19
49684	18
49685	17
49686	19
49687	20
49688	19
49689	18
49690	19
49691	18
49692	17
49693	18
49694	17
49695	16
49696	17
49697	17
49698	18
49699	18
49700	19
49701	19
49702	20
49703	19
49704	18
49705	20
49706	21
49707	20
49708	19
49709	20
49710	19
49711	18
49712	19
49713	18
49714	17
49715	19
49716	20
49717	20
49718	21
49719	20
49720	19
49721	19
49722	19
49723	18
49724	19
49725	19
49726	20
49727	19
49728	18
49729	18
49730	19
49731	18
49732	17
49733	18
49734	18
49735	19
49736	18
49737	17
49738	17
49739	18
49740	17
49741	16
49742	16
49743	16
49744	16
49745	17
49746	17
49747	18
49748	17
49749	16
49750	18
49751	19
49752	18
49753	17
49754	18
49755	17
49756	16
49757	17
49758	16
49759	15
49760	15
49761	15
49762	15
49763	16
49764	16
49765	17
49766	17
49767	18
49768	17
49769	16
49770	18
49771	19
49772	18
49773	17
49774	18
49775	17
49776	16
49777	17
49778	16
49779	15
49780	17
49781	18
49782	18
49783	19
49784	18
49785	17
49786	17
49787	18
49788	17
49789	16
49790	17
49791	17
49792	18
49793	17
49794	16
49795	16
49796	17
49797	16
49798	15
49799	16
49800	16
49801	17
49802	16
49803	15
49804	15
49805	16
49806	15
49807	14
49808	14
49809	15
49810	17
49811	18
49812	18
49813	19
49814	21
49815	22
49816	22
49817	23
49818	22
49819	21
49820	21
49821	22
49822	21
49823	20
49824	21
49825	21
49826	22
49827	21
49828	20
49829	20
49830	21
49831	20
49832	19
49833	20
49834	20
49835	21
49836	20
49837	19
49838	19
49839	20
49840	19
49841	18
49842	18
49843	19
49844	21
49845	22
49846	21
49847	20
49848	21
49849	20
49850	19
49851	20
49852	19
49853	18
49854	18
49855	19
49856	18
49857	17
49858	17
49859	18
49860	20
49861	21
49862	21
49863	22
49864	21
49865	20
49866	20
49867	20
49868	19
49869	20
49870	20
49871	21
49872	20
49873	19
49874	19
49875	20
49876	19
49877	18
49878	18
49879	18
49880	19
49881	18
49882	17
49883	17
49884	18
49885	20
49886	21
49887	20
49888	19
49889	20
49890	19
49891	18
49892	19
49893	18
49894	17
49895	17
49896	18
49897	17
49898	16
49899	17
49900	17
49901	17
49902	17
49903	18
49904	20
49905	21
49906	20
49907	19
49908	20
49909	19
49910	18
49911	19
49912	18
49913	17
49914	17
49915	18
49916	17
49917	16
49918	16
49919	17
49920	19
49921	20
49922	20
49923	21
49924	20
49925	19
49926	19
49927	19
49928	18
49929	19
49930	19
49931	20
49932	19
49933	18
49934	18
49935	19
49936	18
49937	17
49938	18
49939	18
49940	18
49941	17
49942	17
49943	18
49944	17
49945	16
49946	16
49947	17
49948	17
49949	18
49950	17
49951	16
49952	18
49953	19
49954	18
49955	17
49956	18
49957	17
49958	16
49959	17
49960	16
49961	15
49962	16
49963	16
49964	16
49965	16
49966	17
49967	17
49968	18
49969	17
49970	16
49971	18
49972	19
49973	18
49974	17
49975	18
49976	17
49977	16
49978	17
49979	16
49980	15
49981	15
49982	16
49983	16
49984	17
49985	17
49986	18
49987	17
49988	16
49989	18
49990	19
49991	18
49992	17
49993	18
49994	17
49995	16
49996	17
49997	16
49998	15
49999	17
50000	18
50001	18
50002	18
50003	17
50004	17
50005	18
50006	17
50007	16
50008	17
50009	17
50010	18
50011	17
50012	16
50013	16
50014	17
50015	16
50016	15
50017	16
50018	16
50019	17
50020	16
50021	15
50022	15
50023	16
50024	15
50025	14
50026	14
50027	14
50028	14
50029	15
50030	15
50031	16
50032	16
50033	17
50034	16
50035	15
50036	17
50037	18
50038	17
50039	16
50040	17
50041	16
50042	15
50043	16
50044	15
50045	14
50046	16
50047	17
50048	17
50049	18
50050	17
50051	16
50052	16
50053	17
50054	16
50055	15
50056	16
50057	16
50058	17
50059	16
50060	15
50061	15
50062	16
50063	15
50064	14
50065	15
50066	15
50067	16
50068	15
50069	14
50070	14
50071	15
50072	14
50073	13
50074	12
50075	11
50076	11
50077	12
50078	12
50079	13
50080	13
50081	14
50082	16
50083	17
50084	17
50085	18
50086	20
50087	21
50088	20
50089	19
50090	20
50091	19
50092	18
50093	19
50094	18
50095	17
50096	17
50097	18
50098	17
50099	16
50100	16
50101	17
50102	19
50103	20
50104	19
50105	18
50106	19
50107	18
50108	17
50109	18
50110	17
50111	16
50112	16
50113	17
50114	16
50115	15
50116	16
50117	16
50118	17
50119	17
50120	18
50121	17
50122	16
50123	18
50124	19
50125	18
50126	17
50127	17
50128	16
50129	17
50130	16
50131	15
50132	15
50133	16
50134	18
50135	19
50136	18
50137	17
50138	18
50139	17
50140	16
50141	17
50142	16
50143	15
50144	15
50145	16
50146	15
50147	14
50148	15
50149	15
50150	16
50151	16
50152	17
50153	16
50154	15
50155	17
50156	18
50157	17
50158	16
50159	17
50160	16
50161	15
50162	16
50163	15
50164	14
50165	14
50166	15
50167	15
50168	16
50169	15
50170	14
50171	16
50172	17
50173	16
50174	15
50175	16
50176	15
50177	14
50178	14
50179	13
50180	13
50181	14
50182	16
50183	17
50184	17
50185	18
50186	17
50187	16
50188	16
50189	17
50190	16
50191	15
50192	15
50193	15
50194	15
50195	14
50196	15
50197	15
50198	16
50199	15
50200	14
50201	14
50202	15
50203	14
50204	13
50205	13
50206	14
50207	14
50208	15
50209	14
50210	13
50211	15
50212	16
50213	15
50214	14
50215	15
50216	14
50217	13
50218	14
50219	13
50220	12
50221	14
50222	14
50223	14
50224	15
50225	17
50226	18
50227	18
50228	19
50229	18
50230	17
50231	17
50232	18
50233	17
50234	16
50235	17
50236	17
50237	18
50238	17
50239	16
50240	16
50241	17
50242	16
50243	15
50244	16
50245	16
50246	17
50247	16
50248	15
50249	15
50250	16
50251	15
50252	14
50253	14
50254	15
50255	15
50256	16
50257	15
50258	14
50259	16
50260	17
50261	16
50262	15
50263	16
50264	15
50265	14
50266	15
50267	14
50268	13
50269	14
50270	14
50271	15
50272	15
50273	16
50274	18
50275	19
50276	18
50277	17
50278	18
50279	17
50280	16
50281	17
50282	16
50283	15
50284	15
50285	16
50286	15
50287	14
50288	16
50289	17
50290	17
50291	18
50292	17
50293	16
50294	16
50295	16
50296	15
50297	16
50298	16
50299	17
50300	16
50301	15
50302	15
50303	16
50304	15
50305	14
50306	15
50307	15
50308	16
50309	15
50310	14
50311	14
50312	15
50313	14
50314	13
50315	13
50316	14
50317	16
50318	16
50319	16
50320	17
50321	16
50322	15
50323	16
50324	16
50325	17
50326	16
50327	15
50328	15
50329	16
50330	15
50331	14
50332	15
50333	15
50334	16
50202
0.9473334
