1	1
2	2
3	5
4	5
5	5
6	6
7	9
8	10
9	10
10	11
11	11
12	14
13	14
14	14
15	15
16	18
17	19
18	21
19	21
20	21
21	22
22	24
23	24
24	24
25	27
26	29
27	29
28	29
29	31
30	31
31	31
32	33
33	33
34	34
35	37
36	38
37	40
38	43
39	43
40	43
41	43
42	44
43	44
44	45
45	47
46	50
47	50
48	50
49	50
50	51
51	51
52	54
53	56
54	57
55	57
56	58
57	58
58	60
59	61
60	61
61	62
62	62
63	64
64	65
65	65
66	66
67	67
68	70
69	71
70	73
71	76
72	78
73	78
74	78
75	80
76	80
77	80
78	82
79	82
80	82
81	83
82	85
83	85
84	85
85	86
86	88
87	91
88	93
89	93
90	93
91	95
92	95
93	95
94	97
95	97
96	97
97	98
98	100
99	100
100	100
101	103
102	105
103	106
104	108
105	108
106	108
107	109
108	111
109	111
110	111
111	113
112	114
113	116
114	116
115	116
116	117
117	119
118	119
119	119
120	121
121	122
122	124
123	124
124	124
125	125
126	127
127	127
128	128
129	131
130	132
131	134
132	137
133	139
134	140
135	140
136	141
137	141
138	143
139	144
140	144
141	145
142	145
143	147
144	148
145	148
146	149
147	149
148	150
149	152
150	155
151	155
152	155
153	155
154	156
155	156
156	157
157	159
158	162
159	164
160	165
161	165
162	166
163	166
164	168
165	169
166	169
167	170
168	170
169	172
170	173
171	173
172	174
173	174
174	175
175	177
176	180
177	180
178	180
179	180
180	181
181	181
182	184
183	186
184	187
185	189
186	190
187	190
188	192
189	192
190	192
191	193
192	195
193	198
194	198
195	198
196	198
197	199
198	199
199	201
200	202
201	204
202	205
203	205
204	207
205	207
206	207
207	208
208	210
209	213
210	213
211	213
212	213
213	214
214	214
215	216
216	217
217	219
218	220
219	220
220	223
221	223
222	223
223	223
224	224
225	226
226	227
227	227
228	230
229	230
230	230
231	231
232	234
233	235
234	237
235	240
236	242
237	243
238	245
239	245
240	245
241	246
242	248
243	248
244	248
245	250
246	251
247	253
248	253
249	253
250	254
251	256
252	256
253	256
254	258
255	259
256	261
257	261
258	261
259	262
260	264
261	264
262	264
263	265
264	267
265	270
266	272
267	272
268	272
269	274
270	274
271	274
272	276
273	276
274	276
275	277
276	279
277	279
278	279
279	280
280	282
281	285
282	287
283	288
284	290
285	290
286	290
287	291
288	293
289	293
290	293
291	295
292	296
293	298
294	298
295	298
296	299
297	301
298	301
299	301
300	303
301	304
302	306
303	306
304	306
305	307
306	309
307	309
308	309
309	310
310	312
311	315
312	317
313	317
314	317
315	319
316	319
317	319
318	321
319	321
320	321
321	322
322	324
323	324
324	324
325	327
326	329
327	330
328	332
329	333
330	335
331	335
332	335
333	337
334	339
335	339
336	339
337	341
338	341
339	341
340	342
341	344
342	347
343	349
344	349
345	349
346	351
347	351
348	351
349	353
350	353
351	353
352	354
353	356
354	356
355	356
356	358
357	359
358	361
359	362
360	364
361	364
362	364
363	366
364	368
365	368
366	368
367	370
368	370
369	370
370	371
371	373
372	376
373	378
374	378
375	378
376	380
377	380
378	380
379	382
380	382
381	382
382	383
383	385
384	385
385	385
386	387
387	388
388	390
389	391
390	393
391	393
392	393
393	396
394	398
395	398
396	398
397	400
398	400
399	400
400	401
401	401
402	402
403	404
404	405
405	407
406	407
407	407
408	410
409	412
410	412
411	412
412	414
413	414
414	414
415	415
416	416
417	419
418	420
419	422
420	425
421	427
422	428
423	430
424	433
425	433
426	433
427	433
428	434
429	434
430	435
431	437
432	440
433	440
434	440
435	440
436	441
437	441
438	443
439	444
440	446
441	447
442	447
443	450
444	450
445	450
446	450
447	451
448	453
449	456
450	456
451	456
452	456
453	457
454	457
455	459
456	460
457	462
458	463
459	463
460	466
461	466
462	466
463	466
464	467
465	469
466	470
467	470
468	473
469	473
470	473
471	473
472	474
473	476
474	479
475	481
476	482
477	482
478	483
479	483
480	485
481	486
482	486
483	486
484	488
485	489
486	489
487	490
488	490
489	491
490	493
491	494
492	494
493	497
494	497
495	497
496	497
497	498
498	500
499	503
500	505
501	506
502	508
503	511
504	511
505	511
506	511
507	512
508	512
509	513
510	515
511	518
512	518
513	518
514	518
515	519
516	519
517	521
518	522
519	524
520	525
521	525
522	528
523	528
524	528
525	528
526	529
527	531
528	534
529	534
530	534
531	534
532	535
533	535
534	537
535	538
536	540
537	541
538	541
539	544
540	544
541	544
542	544
543	545
544	547
545	548
546	548
547	551
548	551
549	551
550	551
551	552
552	554
553	557
554	559
555	560
556	560
557	561
558	561
559	563
560	564
561	564
562	565
563	565
564	567
565	568
566	568
567	568
568	569
569	571
570	572
571	572
572	575
573	575
574	575
575	575
576	578
577	580
578	581
579	583
580	584
581	586
582	589
583	589
584	589
585	589
586	590
587	590
588	592
589	594
590	595
591	595
592	596
593	596
594	598
595	599
596	599
597	600
598	600
599	601
600	603
601	606
602	608
603	609
604	609
605	609
606	611
607	612
608	612
609	613
610	613
611	615
612	616
613	616
614	617
615	617
616	618
617	620
618	621
619	621
620	624
621	624
622	624
623	624
624	626
625	627
626	629
627	630
628	632
629	635
630	635
631	635
632	635
633	636
634	636
635	638
636	640
637	641
638	641
639	642
640	642
641	644
642	645
643	645
644	646
645	646
646	647
647	649
648	652
649	654
650	654
651	655
652	655
653	657
654	658
655	658
656	659
657	659
658	661
659	662
660	662
661	663
662	663
663	664
664	666
665	667
666	667
667	670
668	670
669	670
670	670
671	672
672	673
673	675
674	676
675	678
676	679
677	679
678	682
679	682
680	682
681	682
682	685
683	687
684	688
685	688
686	688
687	690
688	691
689	691
690	692
691	692
692	693
693	694
694	694
695	695
696	697
697	698
698	700
699	701
700	701
701	704
702	704
703	704
704	704
705	707
706	709
707	709
708	710
709	710
710	712
711	713
712	713
713	714
714	714
715	715
716	716
717	717
718	720
719	721
720	723
721	726
722	728
723	729
724	731
725	734
726	736
727	736
728	736
729	738
730	738
731	738
732	740
733	740
734	740
735	741
736	743
737	743
738	743
739	744
740	746
741	749
742	751
743	751
744	751
745	753
746	753
747	753
748	755
749	755
750	755
751	756
752	758
753	758
754	758
755	760
756	761
757	763
758	764
759	766
760	766
761	766
762	769
763	771
764	771
765	771
766	772
767	772
768	774
769	774
770	774
771	775
772	777
773	780
774	782
775	782
776	782
777	784
778	784
779	784
780	786
781	786
782	786
783	787
784	789
785	789
786	789
787	791
788	792
789	794
790	795
791	797
792	797
793	797
794	800
795	802
796	802
797	802
798	804
799	804
800	804
801	806
802	806
803	806
804	807
805	809
806	810
807	812
808	812
809	812
810	815
811	817
812	817
813	817
814	819
815	819
816	819
817	820
818	820
819	821
820	823
821	826
822	828
823	829
824	831
825	831
826	831
827	832
828	834
829	834
830	834
831	836
832	837
833	839
834	839
835	839
836	839
837	841
838	842
839	844
840	844
841	844
842	845
843	847
844	847
845	847
846	848
847	850
848	851
849	853
850	853
851	853
852	856
853	858
854	858
855	858
856	860
857	860
858	860
859	862
860	862
861	862
862	863
863	865
864	868
865	870
866	871
867	873
868	876
869	878
870	878
871	878
872	880
873	880
874	880
875	882
876	882
877	882
878	883
879	885
880	885
881	885
882	886
883	888
884	891
885	893
886	893
887	893
888	895
889	895
890	895
891	897
892	897
893	897
894	898
895	900
896	900
897	900
898	902
899	903
900	905
901	906
902	908
903	908
904	908
905	911
906	912
907	912
908	914
909	914
910	914
911	916
912	916
913	916
914	917
915	919
916	922
917	924
918	924
919	924
920	926
921	926
922	926
923	928
924	928
925	928
926	929
927	931
928	931
929	931
930	933
931	934
932	936
933	937
934	939
935	939
936	939
937	942
938	944
939	944
940	944
941	946
942	946
943	946
944	947
945	947
946	948
947	950
948	951
949	953
950	953
951	953
952	956
953	958
954	958
955	958
956	960
957	960
958	960
959	962
960	962
961	962
962	963
963	965
964	968
965	970
966	971
967	973
968	973
969	973
970	974
971	976
972	976
973	976
974	978
975	979
976	981
977	981
978	981
979	982
980	984
981	984
982	984
983	986
984	987
985	989
986	989
987	989
988	989
989	990
990	992
991	993
992	995
993	995
994	995
995	998
996	1000
997	1000
998	1000
999	1002
1000	1002
1001	1002
1002	1004
1003	1004
1004	1004
1005	1007
1006	1009
1007	1010
1008	1012
1009	1013
1010	1015
1011	1018
1012	1020
1013	1020
1014	1020
1015	1022
1016	1022
1017	1022
1018	1024
1019	1024
1020	1024
1021	1025
1022	1027
1023	1027
1024	1027
1025	1029
1026	1031
1027	1032
1028	1034
1029	1034
1030	1034
1031	1035
1032	1037
1033	1037
1034	1037
1035	1039
1036	1040
1037	1042
1038	1042
1039	1042
1040	1043
1041	1045
1042	1045
1043	1045
1044	1046
1045	1048
1046	1051
1047	1053
1048	1054
1049	1056
1050	1056
1051	1056
1052	1056
1053	1058
1054	1059
1055	1061
1056	1061
1057	1061
1058	1062
1059	1064
1060	1064
1061	1064
1062	1066
1063	1067
1064	1069
1065	1069
1066	1069
1067	1070
1068	1072
1069	1072
1070	1072
1071	1073
1072	1075
1073	1076
1074	1078
1075	1078
1076	1078
1077	1081
1078	1083
1079	1083
1080	1083
1081	1085
1082	1085
1083	1085
1084	1087
1085	1087
1086	1087
1087	1089
1088	1090
1089	1092
1090	1093
1091	1095
1092	1098
1093	1100
1094	1100
1095	1100
1096	1102
1097	1102
1098	1102
1099	1104
1100	1104
1101	1104
1102	1105
1103	1107
1104	1107
1105	1107
1106	1109
1107	1111
1108	1112
1109	1114
1110	1114
1111	1114
1112	1115
1113	1116
1114	1116
1115	1118
1116	1119
1117	1121
1118	1121
1119	1121
1120	1122
1121	1124
1122	1124
1123	1124
1124	1125
1125	1127
1126	1130
1127	1132
1128	1132
1129	1133
1130	1135
1131	1135
1132	1135
1133	1137
1134	1138
1135	1139
1136	1139
1137	1140
1138	1142
1139	1142
1140	1142
1141	1144
1142	1145
1143	1147
1144	1147
1145	1147
1146	1148
1147	1150
1148	1150
1149	1150
1150	1151
1151	1153
1152	1154
1153	1156
1154	1156
1155	1156
1156	1159
1157	1161
1158	1161
1159	1161
1160	1163
1161	1163
1162	1163
1163	1165
1164	1165
1165	1165
1166	1167
1167	1168
1168	1170
1169	1171
1170	1173
1171	1174
1172	1176
1173	1176
1174	1176
1175	1179
1176	1181
1177	1181
1178	1181
1179	1183
1180	1183
1181	1183
1182	1185
1183	1185
1184	1185
1185	1188
1186	1190
1187	1191
1188	1193
1189	1193
1190	1193
1191	1193
1192	1195
1193	1196
1194	1197
1195	1197
1196	1198
1197	1200
1198	1200
1199	1200
1200	1201
1201	1202
1202	1204
1203	1204
1204	1204
1205	1205
1206	1207
1207	1208
1208	1210
1209	1211
1210	1213
1211	1213
1212	1213
1213	1216
1214	1218
1215	1218
1216	1218
1217	1220
1218	1220
1219	1220
1220	1222
1221	1222
1222	1222
1223	1225
1224	1227
1225	1227
1226	1228
1227	1230
1228	1230
1229	1230
1230	1232
1231	1233
1232	1234
1233	1234
1234	1235
1235	1237
1236	1237
1237	1237
1238	1238
1239	1239
1240	1241
1241	1241
1242	1242
1243	1245
1244	1246
1245	1248
1246	1251
1247	1253
1248	1254
1249	1256
1250	1259
1251	1261
1252	1262
1253	1262
1254	1263
1255	1263
1256	1265
1257	1266
1258	1266
1259	1267
1260	1267
1261	1269
1262	1270
1263	1270
1264	1271
1265	1271
1266	1272
1267	1274
1268	1277
1269	1277
1270	1277
1271	1277
1272	1278
1273	1278
1274	1279
1275	1281
1276	1284
1277	1286
1278	1287
1279	1287
1280	1288
1281	1288
1282	1290
1283	1291
1284	1291
1285	1292
1286	1292
1287	1294
1288	1295
1289	1295
1290	1296
1291	1296
1292	1297
1293	1299
1294	1302
1295	1302
1296	1302
1297	1302
1298	1303
1299	1303
1300	1305
1301	1306
1302	1308
1303	1309
1304	1311
1305	1314
1306	1314
1307	1314
1308	1314
1309	1315
1310	1315
1311	1318
1312	1320
1313	1321
1314	1321
1315	1322
1316	1322
1317	1323
1318	1324
1319	1324
1320	1326
1321	1327
1322	1327
1323	1328
1324	1328
1325	1329
1326	1331
1327	1334
1328	1336
1329	1337
1330	1337
1331	1338
1332	1338
1333	1340
1334	1341
1335	1341
1336	1342
1337	1342
1338	1344
1339	1345
1340	1345
1341	1346
1342	1346
1343	1347
1344	1349
1345	1350
1346	1350
1347	1353
1348	1353
1349	1353
1350	1353
1351	1355
1352	1356
1353	1358
1354	1359
1355	1361
1356	1362
1357	1362
1358	1365
1359	1365
1360	1365
1361	1365
1362	1368
1363	1370
1364	1371
1365	1371
1366	1372
1367	1372
1368	1374
1369	1375
1370	1375
1371	1376
1372	1376
1373	1378
1374	1379
1375	1379
1376	1380
1377	1380
1378	1381
1379	1383
1380	1384
1381	1386
1382	1387
1383	1387
1384	1390
1385	1390
1386	1390
1387	1390
1388	1393
1389	1395
1390	1396
1391	1396
1392	1397
1393	1397
1394	1399
1395	1400
1396	1400
1397	1401
1398	1401
1399	1402
1400	1403
1401	1403
1402	1404
1403	1406
1404	1409
1405	1411
1406	1412
1407	1414
1408	1417
1409	1417
1410	1417
1411	1417
1412	1418
1413	1418
1414	1419
1415	1421
1416	1423
1417	1423
1418	1423
1419	1424
1420	1424
1421	1426
1422	1427
1423	1429
1424	1430
1425	1430
1426	1433
1427	1433
1428	1433
1429	1433
1430	1433
1431	1435
1432	1436
1433	1438
1434	1439
1435	1439
1436	1441
1437	1441
1438	1441
1439	1442
1440	1444
1441	1447
1442	1447
1443	1447
1444	1447
1445	1448
1446	1448
1447	1449
1448	1451
1449	1452
1450	1454
1451	1455
1452	1455
1453	1458
1454	1458
1455	1458
1456	1458
1457	1461
1458	1463
1459	1464
1460	1464
1461	1465
1462	1465
1463	1467
1464	1468
1465	1468
1466	1469
1467	1469
1468	1471
1469	1472
1470	1472
1471	1472
1472	1473
1473	1475
1474	1478
1475	1480
1476	1481
1477	1483
1478	1486
1479	1488
1480	1489
1481	1489
1482	1490
1483	1490
1484	1492
1485	1493
1486	1493
1487	1494
1488	1494
1489	1496
1490	1497
1491	1497
1492	1498
1493	1498
1494	1499
1495	1501
1496	1504
1497	1504
1498	1504
1499	1504
1500	1505
1501	1505
1502	1506
1503	1508
1504	1511
1505	1513
1506	1514
1507	1514
1508	1515
1509	1515
1510	1517
1511	1518
1512	1518
1513	1519
1514	1519
1515	1521
1516	1522
1517	1522
1518	1523
1519	1523
1520	1524
1521	1526
1522	1529
1523	1529
1524	1529
1525	1529
1526	1530
1527	1530
1528	1532
1529	1533
1530	1535
1531	1536
1532	1538
1533	1541
1534	1541
1535	1541
1536	1541
1537	1542
1538	1542
1539	1545
1540	1546
1541	1547
1542	1547
1543	1549
1544	1550
1545	1550
1546	1551
1547	1551
1548	1553
1549	1554
1550	1554
1551	1555
1552	1555
1553	1556
1554	1558
1555	1561
1556	1563
1557	1564
1558	1564
1559	1565
1560	1565
1561	1567
1562	1568
1563	1568
1564	1569
1565	1569
1566	1571
1567	1572
1568	1572
1569	1573
1570	1573
1571	1574
1572	1576
1573	1577
1574	1577
1575	1580
1576	1580
1577	1580
1578	1580
1579	1582
1580	1583
1581	1585
1582	1586
1583	1588
1584	1589
1585	1589
1586	1592
1587	1592
1588	1592
1589	1592
1590	1595
1591	1597
1592	1598
1593	1598
1594	1599
1595	1599
1596	1601
1597	1602
1598	1602
1599	1603
1600	1603
1601	1604
1602	1605
1603	1605
1604	1606
1605	1608
1606	1609
1607	1611
1608	1612
1609	1612
1610	1615
1611	1615
1612	1615
1613	1615
1614	1618
1615	1620
1616	1621
1617	1621
1618	1622
1619	1622
1620	1624
1621	1625
1622	1625
1623	1626
1624	1626
1625	1628
1626	1629
1627	1629
1628	1630
1629	1630
1630	1631
1631	1633
1632	1636
1633	1638
1634	1639
1635	1641
1636	1643
1637	1643
1638	1643
1639	1644
1640	1644
1641	1645
1642	1647
1643	1650
1644	1650
1645	1650
1646	1650
1647	1651
1648	1651
1649	1653
1650	1654
1651	1656
1652	1657
1653	1657
1654	1659
1655	1659
1656	1659
1657	1660
1658	1662
1659	1665
1660	1665
1661	1665
1662	1665
1663	1666
1664	1666
1665	1668
1666	1669
1667	1671
1668	1672
1669	1672
1670	1675
1671	1675
1672	1675
1673	1675
1674	1675
1675	1676
1676	1678
1677	1679
1678	1681
1679	1682
1680	1682
1681	1685
1682	1685
1683	1685
1684	1685
1685	1688
1686	1690
1687	1691
1688	1691
1689	1692
1690	1692
1691	1694
1692	1695
1693	1695
1694	1696
1695	1696
1696	1698
1697	1698
1698	1699
1699	1699
1700	1702
1701	1704
1702	1705
1703	1707
1704	1708
1705	1710
1706	1713
1707	1715
1708	1716
1709	1716
1710	1717
1711	1717
1712	1719
1713	1720
1714	1720
1715	1721
1716	1721
1717	1723
1718	1724
1719	1724
1720	1725
1721	1725
1722	1726
1723	1728
1724	1731
1725	1731
1726	1731
1727	1731
1728	1732
1729	1732
1730	1734
1731	1736
1732	1737
1733	1739
1734	1740
1735	1740
1736	1742
1737	1742
1738	1742
1739	1743
1740	1745
1741	1747
1742	1747
1743	1747
1744	1748
1745	1748
1746	1750
1747	1751
1748	1753
1749	1754
1750	1754
1751	1757
1752	1757
1753	1757
1754	1757
1755	1758
1756	1760
1757	1761
1758	1761
1759	1763
1760	1763
1761	1763
1762	1764
1763	1766
1764	1769
1765	1771
1766	1772
1767	1774
1768	1777
1769	1777
1770	1777
1771	1777
1772	1778
1773	1778
1774	1778
1775	1780
1776	1781
1777	1783
1778	1784
1779	1784
1780	1787
1781	1787
1782	1787
1783	1787
1784	1788
1785	1790
1786	1792
1787	1792
1788	1792
1789	1793
1790	1793
1791	1795
1792	1796
1793	1798
1794	1799
1795	1799
1796	1800
1797	1800
1798	1801
1799	1803
1800	1806
1801	1806
1802	1806
1803	1806
1804	1807
1805	1807
1806	1808
1807	1810
1808	1811
1809	1813
1810	1814
1811	1814
1812	1817
1813	1817
1814	1817
1815	1817
1816	1820
1817	1822
1818	1823
1819	1823
1820	1824
1821	1824
1822	1826
1823	1827
1824	1827
1825	1828
1826	1828
1827	1830
1828	1831
1829	1831
1830	1831
1831	1833
1832	1834
1833	1836
1834	1837
1835	1839
1836	1842
1837	1844
1838	1845
1839	1845
1840	1846
1841	1846
1842	1848
1843	1849
1844	1849
1845	1850
1846	1850
1847	1852
1848	1853
1849	1853
1850	1854
1851	1854
1852	1855
1853	1857
1854	1860
1855	1860
1856	1860
1857	1860
1858	1861
1859	1861
1860	1863
1861	1865
1862	1866
1863	1868
1864	1869
1865	1869
1866	1871
1867	1871
1868	1871
1869	1872
1870	1873
1871	1874
1872	1874
1873	1876
1874	1877
1875	1879
1876	1880
1877	1880
1878	1882
1879	1882
1880	1882
1881	1883
1882	1885
1883	1886
1884	1886
1885	1889
1886	1889
1887	1889
1888	1889
1889	1890
1890	1892
1891	1895
1892	1897
1893	1897
1894	1898
1895	1900
1896	1903
1897	1903
1898	1903
1899	1903
1900	1904
1901	1904
1902	1906
1903	1907
1904	1908
1905	1909
1906	1909
1907	1910
1908	1912
1909	1915
1910	1915
1911	1915
1912	1915
1913	1916
1914	1916
1915	1918
1916	1919
1917	1921
1918	1922
1919	1922
1920	1925
1921	1925
1922	1925
1923	1925
1924	1926
1925	1928
1926	1930
1927	1930
1928	1930
1929	1931
1930	1931
1931	1932
1932	1934
1933	1935
1934	1937
1935	1938
1936	1938
1937	1941
1938	1941
1939	1941
1940	1941
1941	1944
1942	1946
1943	1947
1944	1947
1945	1948
1946	1948
1947	1950
1948	1951
1949	1951
1950	1952
1951	1952
1952	1954
1953	1954
1954	1955
1955	1955
1956	1957
1957	1958
1958	1960
1959	1961
1960	1963
1961	1964
1962	1966
1963	1969
1964	1969
1965	1969
1966	1969
1967	1970
1968	1970
1969	1973
1970	1975
1971	1976
1972	1976
1973	1977
1974	1977
1975	1979
1976	1980
1977	1980
1978	1981
1979	1981
1980	1983
1981	1984
1982	1984
1983	1985
1984	1985
1985	1988
1986	1990
1987	1991
1988	1993
1989	1995
1990	1995
1991	1995
1992	1996
1993	1996
1994	1996
1995	1998
1996	1999
1997	2000
1998	2001
1999	2001
2000	2002
2001	2004
2002	2007
2003	2007
2004	2007
2005	2007
2006	2008
2007	2008
2008	2009
2009	2010
2010	2012
2011	2013
2012	2013
2013	2016
2014	2016
2015	2016
2016	2016
2017	2017
2018	2019
2019	2020
2020	2022
2021	2023
2022	2025
2023	2028
2024	2028
2025	2028
2026	2028
2027	2029
2028	2029
2029	2032
2030	2034
2031	2035
2032	2035
2033	2036
2034	2036
2035	2038
2036	2039
2037	2039
2038	2040
2039	2040
2040	2042
2041	2043
2042	2043
2043	2044
2044	2044
2045	2047
2046	2049
2047	2049
2048	2050
2049	2052
2050	2054
2051	2054
2052	2054
2053	2055
2054	2055
2055	2057
2056	2058
2057	2059
2058	2060
2059	2060
2060	2061
2061	2063
2062	2066
2063	2066
2064	2066
2065	2066
2066	2067
2067	2067
2068	2068
2069	2069
2070	2071
2071	2072
2072	2072
2073	2075
2074	2075
2075	2075
2076	2076
2077	2079
2078	2080
2079	2082
2080	2085
2081	2087
2082	2088
2083	2090
2084	2093
2085	2095
2086	2096
2087	2097
2088	2097
2089	2098
2090	2100
2091	2100
2092	2100
2093	2102
2094	2103
2095	2105
2096	2105
2097	2105
2098	2106
2099	2108
2100	2108
2101	2108
2102	2110
2103	2111
2104	2113
2105	2113
2106	2113
2107	2114
2108	2116
2109	2116
2110	2116
2111	2117
2112	2119
2113	2122
2114	2124
2115	2124
2116	2124
2117	2126
2118	2126
2119	2126
2120	2128
2121	2128
2122	2128
2123	2129
2124	2131
2125	2131
2126	2131
2127	2132
2128	2134
2129	2137
2130	2139
2131	2140
2132	2142
2133	2142
2134	2142
2135	2143
2136	2145
2137	2145
2138	2145
2139	2147
2140	2148
2141	2150
2142	2150
2143	2150
2144	2151
2145	2153
2146	2153
2147	2153
2148	2155
2149	2156
2150	2158
2151	2158
2152	2158
2153	2159
2154	2161
2155	2161
2156	2161
2157	2162
2158	2164
2159	2167
2160	2169
2161	2169
2162	2169
2163	2171
2164	2171
2165	2171
2166	2173
2167	2173
2168	2173
2169	2174
2170	2176
2171	2176
2172	2176
2173	2178
2174	2179
2175	2181
2176	2182
2177	2184
2178	2187
2179	2189
2180	2189
2181	2189
2182	2191
2183	2191
2184	2191
2185	2193
2186	2193
2187	2193
2188	2194
2189	2196
2190	2196
2191	2196
2192	2199
2193	2201
2194	2202
2195	2204
2196	2204
2197	2204
2198	2205
2199	2207
2200	2207
2201	2207
2202	2208
2203	2209
2204	2211
2205	2211
2206	2211
2207	2213
2208	2214
2209	2216
2210	2216
2211	2216
2212	2217
2213	2219
2214	2219
2215	2219
2216	2220
2217	2222
2218	2225
2219	2227
2220	2228
2221	2229
2222	2229
2223	2230
2224	2232
2225	2232
2226	2232
2227	2234
2228	2235
2229	2237
2230	2237
2231	2237
2232	2238
2233	2240
2234	2240
2235	2240
2236	2242
2237	2243
2238	2245
2239	2245
2240	2245
2241	2246
2242	2248
2243	2248
2244	2248
2245	2249
2246	2251
2247	2252
2248	2254
2249	2254
2250	2254
2251	2257
2252	2259
2253	2259
2254	2259
2255	2261
2256	2261
2257	2261
2258	2263
2259	2263
2260	2263
2261	2265
2262	2266
2263	2268
2264	2269
2265	2271
2266	2272
2267	2274
2268	2274
2269	2274
2270	2277
2271	2279
2272	2279
2273	2279
2274	2281
2275	2281
2276	2281
2277	2283
2278	2283
2279	2283
2280	2286
2281	2288
2282	2289
2283	2291
2284	2291
2285	2291
2286	2292
2287	2293
2288	2293
2289	2295
2290	2296
2291	2297
2292	2297
2293	2298
2294	2300
2295	2300
2296	2300
2297	2302
2298	2303
2299	2305
2300	2305
2301	2305
2302	2306
2303	2308
2304	2308
2305	2308
2306	2309
2307	2311
2308	2312
2309	2314
2310	2315
2311	2317
2312	2317
2313	2317
2314	2320
2315	2322
2316	2322
2317	2322
2318	2324
2319	2324
2320	2324
2321	2326
2322	2326
2323	2326
2324	2329
2325	2331
2326	2332
2327	2333
2328	2333
2329	2334
2330	2336
2331	2336
2332	2336
2333	2338
2334	2339
2335	2341
2336	2341
2337	2341
2338	2342
2339	2344
2340	2344
2341	2344
2342	2345
2343	2346
2344	2348
2345	2348
2346	2348
2347	2349
2348	2351
2349	2354
2350	2356
2351	2357
2352	2359
2353	2362
2354	2364
2355	2364
2356	2364
2357	2366
2358	2366
2359	2366
2360	2368
2361	2368
2362	2368
2363	2369
2364	2371
2365	2371
2366	2371
2367	2372
2368	2374
2369	2376
2370	2378
2371	2378
2372	2378
2373	2380
2374	2380
2375	2380
2376	2381
2377	2383
2378	2383
2379	2383
2380	2385
2381	2386
2382	2388
2383	2389
2384	2391
2385	2391
2386	2391
2387	2394
2388	2395
2389	2395
2390	2397
2391	2397
2392	2397
2393	2399
2394	2399
2395	2399
2396	2399
2397	2401
2398	2402
2399	2404
2400	2405
2401	2407
2402	2407
2403	2407
2404	2409
2405	2411
2406	2411
2407	2411
2408	2412
2409	2412
2410	2413
2411	2415
2412	2418
2413	2420
2414	2420
2415	2420
2416	2422
2417	2422
2418	2422
2419	2424
2420	2424
2421	2424
2422	2425
2423	2427
2424	2427
2425	2427
2426	2428
2427	2430
2428	2431
2429	2433
2430	2434
2431	2436
2432	2436
2433	2436
2434	2439
2435	2441
2436	2441
2437	2441
2438	2443
2439	2443
2440	2443
2441	2445
2442	2445
2443	2445
2444	2448
2445	2450
2446	2451
2447	2453
2448	2453
2449	2453
2450	2454
2451	2456
2452	2456
2453	2456
2454	2458
2455	2459
2456	2461
2457	2461
2458	2461
2459	2462
2460	2464
2461	2464
2462	2464
2463	2466
2464	2467
2465	2469
2466	2469
2467	2469
2468	2469
2469	2470
2470	2472
2471	2475
2472	2477
2473	2478
2474	2480
2475	2483
2476	2485
2477	2486
2478	2488
2479	2488
2480	2488
2481	2489
2482	2491
2483	2491
2484	2491
2485	2493
2486	2494
2487	2496
2488	2496
2489	2496
2490	2497
2491	2499
2492	2499
2493	2499
2494	2501
2495	2502
2496	2504
2497	2504
2498	2504
2499	2505
2500	2507
2501	2507
2502	2507
2503	2508
2504	2510
2505	2513
2506	2515
2507	2515
2508	2515
2509	2517
2510	2517
2511	2517
2512	2519
2513	2519
2514	2519
2515	2520
2516	2522
2517	2522
2518	2522
2519	2523
2520	2525
2521	2528
2522	2530
2523	2531
2524	2533
2525	2533
2526	2533
2527	2534
2528	2535
2529	2535
2530	2537
2531	2538
2532	2540
2533	2540
2534	2540
2535	2541
2536	2543
2537	2543
2538	2543
2539	2545
2540	2546
2541	2548
2542	2548
2543	2548
2544	2549
2545	2551
2546	2551
2547	2551
2548	2552
2549	2554
2550	2557
2551	2559
2552	2559
2553	2559
2554	2561
2555	2561
2556	2561
2557	2563
2558	2563
2559	2563
2560	2564
2561	2566
2562	2566
2563	2566
2564	2568
2565	2569
2566	2571
2567	2572
2568	2574
2569	2577
2570	2579
2571	2579
2572	2579
2573	2581
2574	2581
2575	2581
2576	2583
2577	2583
2578	2583
2579	2584
2580	2586
2581	2586
2582	2586
2583	2589
2584	2590
2585	2591
2586	2593
2587	2593
2588	2593
2589	2595
2590	2596
2591	2598
2592	2598
2593	2598
2594	2599
2595	2601
2596	2601
2597	2601
2598	2603
2599	2604
2600	2606
2601	2606
2602	2606
2603	2607
2604	2609
2605	2609
2606	2609
2607	2610
2608	2612
2609	2615
2610	2617
2611	2618
2612	2620
2613	2620
2614	2620
2615	2621
2616	2622
2617	2622
2618	2624
2619	2625
2620	2627
2621	2627
2622	2627
2623	2628
2624	2630
2625	2630
2626	2630
2627	2632
2628	2633
2629	2635
2630	2635
2631	2635
2632	2636
2633	2638
2634	2638
2635	2638
2636	2639
2637	2641
2638	2642
2639	2644
2640	2644
2641	2644
2642	2647
2643	2649
2644	2649
2645	2649
2646	2651
2647	2651
2648	2651
2649	2653
2650	2653
2651	2653
2652	2655
2653	2656
2654	2658
2655	2659
2656	2661
2657	2662
2658	2664
2659	2664
2660	2664
2661	2667
2662	2669
2663	2669
2664	2669
2665	2671
2666	2671
2667	2671
2668	2673
2669	2673
2670	2673
2671	2676
2672	2678
2673	2679
2674	2681
2675	2681
2676	2681
2677	2682
2678	2683
2679	2683
2680	2685
2681	2686
2682	2688
2683	2688
2684	2688
2685	2689
2686	2691
2687	2691
2688	2691
2689	2692
2690	2693
2691	2695
2692	2695
2693	2695
2694	2696
2695	2698
2696	2699
2697	2701
2698	2702
2699	2704
2700	2704
2701	2704
2702	2707
2703	2709
2704	2709
2705	2709
2706	2711
2707	2711
2708	2711
2709	2713
2710	2713
2711	2713
2712	2716
2713	2718
2714	2719
2715	2720
2716	2720
2717	2721
2718	2723
2719	2723
2720	2723
2721	2725
2722	2726
2723	2727
2724	2727
2725	2728
2726	2730
2727	2730
2728	2730
2729	2732
2730	2733
2731	2735
2732	2735
2733	2735
2734	2736
2735	2738
2736	2738
2737	2738
2738	2739
2739	2741
2740	2744
2741	2746
2742	2747
2743	2749
2744	2751
2745	2753
2746	2753
2747	2753
2748	2755
2749	2755
2750	2755
2751	2756
2752	2758
2753	2758
2754	2758
2755	2759
2756	2761
2757	2764
2758	2766
2759	2766
2760	2766
2761	2768
2762	2768
2763	2768
2764	2770
2765	2770
2766	2770
2767	2771
2768	2773
2769	2773
2770	2773
2771	2775
2772	2776
2773	2778
2774	2779
2775	2781
2776	2781
2777	2781
2778	2783
2779	2784
2780	2784
2781	2786
2782	2786
2783	2786
2784	2787
2785	2789
2786	2792
2787	2794
2788	2794
2789	2794
2790	2796
2791	2796
2792	2796
2793	2798
2794	2798
2795	2798
2796	2799
2797	2801
2798	2801
2799	2801
2800	2803
2801	2804
2802	2806
2803	2807
2804	2809
2805	2809
2806	2809
2807	2812
2808	2814
2809	2814
2810	2814
2811	2815
2812	2815
2813	2817
2814	2817
2815	2817
2816	2817
2817	2818
2818	2820
2819	2821
2820	2823
2821	2824
2822	2826
2823	2826
2824	2826
2825	2829
2826	2831
2827	2831
2828	2831
2829	2833
2830	2833
2831	2833
2832	2835
2833	2835
2834	2835
2835	2838
2836	2840
2837	2841
2838	2843
2839	2843
2840	2843
2841	2844
2842	2846
2843	2846
2844	2846
2845	2848
2846	2849
2847	2851
2848	2851
2849	2851
2850	2852
2851	2854
2852	2854
2853	2854
2854	2856
2855	2856
2856	2857
2857	2859
2858	2859
2859	2859
2860	2862
2861	2864
2862	2865
2863	2867
2864	2868
2865	2870
2866	2873
2867	2875
2868	2876
2869	2878
2870	2878
2871	2878
2872	2879
2873	2880
2874	2880
2875	2882
2876	2883
2877	2885
2878	2885
2879	2885
2880	2886
2881	2888
2882	2888
2883	2888
2884	2890
2885	2891
2886	2893
2887	2893
2888	2893
2889	2894
2890	2896
2891	2896
2892	2896
2893	2897
2894	2899
2895	2902
2896	2904
2897	2904
2898	2904
2899	2906
2900	2906
2901	2906
2902	2908
2903	2908
2904	2908
2905	2909
2906	2911
2907	2911
2908	2911
2909	2913
2910	2915
2911	2916
2912	2918
2913	2919
2914	2921
2915	2921
2916	2921
2917	2923
2918	2925
2919	2925
2920	2925
2921	2927
2922	2927
2923	2927
2924	2928
2925	2930
2926	2932
2927	2934
2928	2934
2929	2934
2930	2936
2931	2936
2932	2936
2933	2937
2934	2939
2935	2939
2936	2939
2937	2941
2938	2942
2939	2944
2940	2945
2941	2947
2942	2947
2943	2947
2944	2950
2945	2952
2946	2952
2947	2952
2948	2954
2949	2954
2950	2954
2951	2955
2952	2955
2953	2956
2954	2958
2955	2959
2956	2961
2957	2961
2958	2961
2959	2963
2960	2965
2961	2965
2962	2965
2963	2966
2964	2966
2965	2967
2966	2969
2967	2972
2968	2974
2969	2975
2970	2977
2971	2980
2972	2982
2973	2982
2974	2982
2975	2984
2976	2984
2977	2984
2978	2986
2979	2986
2980	2986
2981	2987
2982	2989
2983	2989
2984	2989
2985	2989
2986	2991
2987	2992
2988	2994
2989	2995
2990	2997
2991	2997
2992	2997
2993	3000
2994	3001
2995	3001
2996	3003
2997	3003
2998	3003
2999	3005
3000	3005
3001	3005
3002	3006
3003	3008
3004	3010
3005	3012
3006	3012
3007	3012
3008	3014
3009	3014
3010	3014
3011	3015
3012	3017
3013	3017
3014	3017
3015	3019
3016	3020
3017	3022
3018	3023
3019	3025
3020	3025
3021	3025
3022	3026
3023	3028
3024	3028
3025	3028
3026	3029
3027	3031
3028	3034
3029	3036
3030	3036
3031	3036
3032	3038
3033	3038
3034	3038
3035	3040
3036	3040
3037	3040
3038	3041
3039	3043
3040	3043
3041	3043
3042	3044
3043	3046
3044	3047
3045	3049
3046	3050
3047	3052
3048	3052
3049	3052
3050	3055
3051	3057
3052	3057
3053	3057
3054	3059
3055	3059
3056	3059
3057	3061
3058	3061
3059	3061
3060	3064
3061	3066
3062	3067
3063	3069
3064	3069
3065	3069
3066	3070
3067	3072
3068	3072
3069	3072
3070	3074
3071	3075
3072	3077
3073	3077
3074	3077
3075	3078
3076	3080
3077	3080
3078	3080
3079	3082
3080	3083
3081	3085
3082	3085
3083	3085
3084	3085
3085	3087
3086	3088
3087	3090
3088	3091
3089	3093
3090	3096
3091	3098
3092	3099
3093	3100
3094	3100
3095	3101
3096	3103
3097	3103
3098	3103
3099	3105
3100	3106
3101	3108
3102	3108
3103	3108
3104	3109
3105	3111
3106	3111
3107	3111
3108	3113
3109	3114
3110	3116
3111	3116
3112	3116
3113	3117
3114	3119
3115	3119
3116	3119
3117	3120
3118	3122
3119	3125
3120	3127
3121	3127
3122	3127
3123	3129
3124	3129
3125	3129
3126	3131
3127	3131
3128	3131
3129	3132
3130	3134
3131	3134
3132	3134
3133	3136
3134	3138
3135	3139
3136	3141
3137	3142
3138	3144
3139	3144
3140	3144
3141	3146
3142	3148
3143	3148
3144	3148
3145	3150
3146	3150
3147	3150
3148	3151
3149	3152
3150	3153
3151	3155
3152	3155
3153	3155
3154	3157
3155	3158
3156	3160
3157	3161
3158	3163
3159	3163
3160	3163
3161	3165
3162	3166
3163	3166
3164	3167
3165	3167
3166	3168
3167	3170
3168	3171
3169	3173
3170	3173
3171	3173
3172	3176
3173	3178
3174	3178
3175	3178
3176	3180
3177	3180
3178	3180
3179	3181
3180	3181
3181	3182
3182	3184
3183	3187
3184	3189
3185	3189
3186	3190
3187	3192
3188	3195
3189	3197
3190	3197
3191	3197
3192	3199
3193	3199
3194	3199
3195	3201
3196	3201
3197	3201
3198	3202
3199	3204
3200	3204
3201	3204
3202	3206
3203	3207
3204	3208
3205	3209
3206	3211
3207	3211
3208	3211
3209	3212
3210	3214
3211	3217
3212	3219
3213	3219
3214	3219
3215	3221
3216	3221
3217	3221
3218	3223
3219	3223
3220	3223
3221	3224
3222	3226
3223	3226
3224	3226
3225	3228
3226	3229
3227	3231
3228	3232
3229	3234
3230	3234
3231	3234
3232	3237
3233	3239
3234	3239
3235	3239
3236	3240
3237	3240
3238	3242
3239	3242
3240	3242
3241	3243
3242	3245
3243	3247
3244	3248
3245	3248
3246	3250
3247	3250
3248	3250
3249	3251
3250	3253
3251	3253
3252	3253
3253	3254
3254	3256
3255	3257
3256	3259
3257	3260
3258	3262
3259	3262
3260	3262
3261	3265
3262	3267
3263	3267
3264	3267
3265	3269
3266	3269
3267	3269
3268	3271
3269	3271
3270	3271
3271	3274
3272	3276
3273	3277
3274	3279
3275	3279
3276	3279
3277	3280
3278	3282
3279	3282
3280	3282
3281	3284
3282	3285
3283	3287
3284	3287
3285	3287
3286	3288
3287	3290
3288	3290
3289	3290
3290	3292
3291	3292
3292	3293
3293	3295
3294	3295
3295	3295
3296	3297
3297	3298
3298	3300
3299	3301
3300	3303
3301	3304
3302	3306
3303	3309
3304	3311
3305	3311
3306	3311
3307	3313
3308	3313
3309	3313
3310	3315
3311	3315
3312	3315
3313	3316
3314	3318
3315	3318
3316	3318
3317	3321
3318	3323
3319	3324
3320	3326
3321	3326
3322	3326
3323	3327
3324	3329
3325	3329
3326	3329
3327	3331
3328	3332
3329	3334
3330	3334
3331	3334
3332	3335
3333	3337
3334	3337
3335	3337
3336	3339
3337	3340
3338	3342
3339	3342
3340	3342
3341	3343
3342	3345
3343	3345
3344	3345
3345	3348
3346	3350
3347	3351
3348	3353
3349	3355
3350	3357
3351	3357
3352	3357
3353	3359
3354	3359
3355	3359
3356	3360
3357	3362
3358	3362
3359	3362
3360	3362
3361	3364
3362	3365
3363	3366
3364	3367
3365	3369
3366	3369
3367	3369
3368	3370
3369	3372
3370	3375
3371	3377
3372	3377
3373	3377
3374	3379
3375	3379
3376	3379
3377	3381
3378	3381
3379	3381
3380	3382
3381	3384
3382	3384
3383	3384
3384	3385
3385	3386
3386	3388
3387	3389
3388	3391
3389	3391
3390	3391
3391	3394
3392	3396
3393	3396
3394	3396
3395	3398
3396	3398
3397	3398
3398	3399
3399	3399
3400	3400
3401	3402
3402	3403
3403	3405
3404	3406
3405	3408
3406	3411
3407	3413
3408	3413
3409	3413
3410	3415
3411	3415
3412	3415
3413	3417
3414	3417
3415	3417
3416	3418
3417	3420
3418	3420
3419	3420
3420	3423
3421	3425
3422	3426
3423	3428
3424	3428
3425	3428
3426	3429
3427	3431
3428	3431
3429	3431
3430	3433
3431	3434
3432	3436
3433	3436
3434	3436
3435	3437
3436	3439
3437	3439
3438	3439
3439	3441
3440	3442
3441	3444
3442	3444
3443	3444
3444	3445
3445	3447
3446	3447
3447	3447
3448	3450
3449	3452
3450	3452
3451	3453
3452	3455
3453	3457
3454	3459
3455	3459
3456	3459
3457	3461
3458	3461
3459	3461
3460	3462
3461	3464
3462	3464
3463	3464
3464	3466
3465	3467
3466	3468
3467	3469
3468	3471
3469	3471
3470	3471
3471	3472
3472	3474
3473	3477
3474	3479
3475	3479
3476	3479
3477	3481
3478	3481
3479	3481
3480	3483
3481	3483
3482	3483
3483	3484
3484	3486
3485	3486
3486	3486
3487	3487
3488	3488
3489	3490
3490	3491
3491	3493
3492	3493
3493	3493
3494	3496
3495	3498
3496	3498
3497	3498
3498	3500
3499	3500
3500	3500
3501	3501
3502	3502
3503	3505
3504	3506
3505	3508
3506	3511
3507	3513
3508	3514
3509	3516
3510	3519
3511	3521
3512	3522
3513	3523
3514	3524
3515	3524
3516	3525
3517	3527
3518	3530
3519	3530
3520	3530
3521	3530
3522	3531
3523	3531
3524	3533
3525	3534
3526	3536
3527	3537
3528	3537
3529	3540
3530	3540
3531	3540
3532	3540
3533	3541
3534	3543
3535	3546
3536	3546
3537	3546
3538	3546
3539	3547
3540	3547
3541	3549
3542	3550
3543	3552
3544	3553
3545	3553
3546	3556
3547	3556
3548	3556
3549	3556
3550	3557
3551	3559
3552	3560
3553	3560
3554	3563
3555	3563
3556	3563
3557	3563
3558	3564
3559	3566
3560	3569
3561	3571
3562	3572
3563	3572
3564	3573
3565	3573
3566	3575
3567	3576
3568	3576
3569	3576
3570	3578
3571	3579
3572	3579
3573	3580
3574	3580
3575	3581
3576	3583
3577	3584
3578	3584
3579	3587
3580	3587
3581	3587
3582	3587
3583	3588
3584	3590
3585	3593
3586	3595
3587	3596
3588	3598
3589	3601
3590	3601
3591	3601
3592	3601
3593	3602
3594	3602
3595	3603
3596	3605
3597	3608
3598	3608
3599	3608
3600	3608
3601	3609
3602	3609
3603	3611
3604	3612
3605	3614
3606	3615
3607	3615
3608	3618
3609	3618
3610	3618
3611	3618
3612	3619
3613	3621
3614	3624
3615	3624
3616	3624
3617	3624
3618	3625
3619	3625
3620	3627
3621	3628
3622	3630
3623	3631
3624	3631
3625	3634
3626	3634
3627	3634
3628	3634
3629	3635
3630	3637
3631	3638
3632	3638
3633	3641
3634	3641
3635	3641
3636	3641
3637	3642
3638	3644
3639	3647
3640	3649
3641	3650
3642	3650
3643	3651
3644	3651
3645	3653
3646	3654
3647	3654
3648	3655
3649	3655
3650	3657
3651	3658
3652	3658
3653	3658
3654	3659
3655	3661
3656	3662
3657	3662
3658	3665
3659	3665
3660	3665
3661	3665
3662	3667
3663	3668
3664	3670
3665	3671
3666	3673
3667	3676
3668	3678
3669	3679
3670	3679
3671	3680
3672	3680
3673	3682
3674	3683
3675	3683
3676	3684
3677	3684
3678	3686
3679	3687
3680	3687
3681	3688
3682	3688
3683	3689
3684	3691
3685	3694
3686	3694
3687	3694
3688	3694
3689	3695
3690	3695
3691	3698
3692	3700
3693	3701
3694	3703
3695	3704
3696	3704
3697	3706
3698	3706
3699	3706
3700	3707
3701	3709
3702	3712
3703	3712
3704	3712
3705	3712
3706	3713
3707	3713
3708	3714
3709	3715
3710	3717
3711	3720
3712	3720
3713	3720
3714	3720
3715	3721
3716	3721
3717	3723
3718	3724
3719	3726
3720	3727
3721	3727
3722	3730
3723	3730
3724	3730
3725	3730
3726	3731
3727	3733
3728	3734
3729	3734
3730	3737
3731	3737
3732	3737
3733	3737
3734	3738
3735	3740
3736	3743
3737	3745
3738	3746
3739	3747
3740	3748
3741	3748
3742	3749
3743	3751
3744	3754
3745	3754
3746	3754
3747	3754
3748	3755
3749	3755
3750	3757
3751	3758
3752	3760
3753	3761
3754	3761
3755	3764
3756	3764
3757	3764
3758	3764
3759	3765
3760	3767
3761	3770
3762	3770
3763	3770
3764	3770
3765	3771
3766	3771
3767	3773
3768	3774
3769	3776
3770	3777
3771	3777
3772	3780
3773	3780
3774	3780
3775	3780
3776	3781
3777	3783
3778	3786
3779	3786
3780	3786
3781	3786
3782	3787
3783	3787
3784	3788
3785	3790
3786	3791
3787	3793
3788	3794
3789	3794
3790	3797
3791	3797
3792	3797
3793	3797
3794	3800
3795	3802
3796	3803
3797	3803
3798	3804
3799	3804
3800	3806
3801	3807
3802	3807
3803	3808
3804	3808
3805	3810
3806	3810
3807	3811
3808	3811
3809	3813
3810	3814
3811	3816
3812	3817
3813	3819
3814	3820
3815	3822
3816	3825
3817	3825
3818	3825
3819	3825
3820	3826
3821	3826
3822	3829
3823	3831
3824	3832
3825	3832
3826	3833
3827	3833
3828	3835
3829	3836
3830	3836
3831	3837
3832	3837
3833	3839
3834	3840
3835	3840
3836	3841
3837	3841
3838	3844
3839	3846
3840	3847
3841	3849
3842	3851
3843	3851
3844	3851
3845	3852
3846	3852
3847	3853
3848	3854
3849	3855
3850	3855
3851	3857
3852	3858
3853	3859
3854	3860
3855	3860
3856	3861
3857	3863
3858	3866
3859	3866
3860	3866
3861	3866
3862	3867
3863	3867
3864	3869
3865	3870
3866	3872
3867	3873
3868	3873
3869	3876
3870	3876
3871	3876
3872	3876
3873	3877
3874	3879
3875	3880
3876	3880
3877	3883
3878	3883
3879	3883
3880	3883
3881	3884
3882	3886
3883	3887
3884	3889
3885	3890
3886	3892
3887	3895
3888	3895
3889	3895
3890	3895
3891	3896
3892	3896
3893	3899
3894	3901
3895	3902
3896	3902
3897	3903
3898	3903
3899	3905
3900	3906
3901	3906
3902	3907
3903	3907
3904	3909
3905	3910
3906	3910
3907	3911
3908	3911
3909	3914
3910	3916
3911	3917
3912	3918
3913	3919
3914	3919
3915	3920
3916	3922
3917	3924
3918	3924
3919	3924
3920	3925
3921	3925
3922	3927
3923	3928
3924	3930
3925	3931
3926	3931
3927	3934
3928	3934
3929	3934
3930	3934
3931	3935
3932	3937
3933	3940
3934	3940
3935	3940
3936	3940
3937	3941
3938	3941
3939	3942
3940	3943
3941	3945
3942	3946
3943	3946
3944	3949
3945	3949
3946	3949
3947	3949
3948	3950
3949	3952
3950	3955
3951	3957
3952	3958
3953	3960
3954	3963
3955	3965
3956	3966
3957	3966
3958	3967
3959	3967
3960	3969
3961	3970
3962	3970
3963	3971
3964	3971
3965	3973
3966	3974
3967	3974
3968	3975
3969	3975
3970	3976
3971	3978
3972	3981
3973	3981
3974	3981
3975	3981
3976	3982
3977	3982
3978	3983
3979	3985
3980	3987
3981	3989
3982	3990
3983	3990
3984	3990
3985	3992
3986	3993
3987	3993
3988	3993
3989	3994
3990	3996
3991	3999
3992	3999
3993	3999
3994	3999
3995	4000
3996	4000
3997	4002
3998	4003
3999	4005
4000	4006
4001	4008
4002	4011
4003	4011
4004	4011
4005	4011
4006	4012
4007	4012
4008	4015
4009	4016
4010	4017
4011	4017
4012	4019
4013	4020
4014	4020
4015	4021
4016	4021
4017	4023
4018	4024
4019	4024
4020	4025
4021	4025
4022	4025
4023	4027
4024	4028
4025	4030
4026	4031
4027	4033
4028	4036
4029	4036
4030	4036
4031	4036
4032	4037
4033	4037
4034	4039
4035	4041
4036	4042
4037	4042
4038	4042
4039	4043
4040	4044
4041	4044
4042	4045
4043	4047
4044	4050
4045	4052
4046	4053
4047	4053
4048	4054
4049	4054
4050	4056
4051	4057
4052	4057
4053	4058
4054	4058
4055	4060
4056	4061
4057	4061
4058	4062
4059	4062
4060	4063
4061	4065
4062	4066
4063	4066
4064	4069
4065	4069
4066	4069
4067	4069
4068	4070
4069	4072
4070	4073
4071	4075
4072	4076
4073	4078
4074	4081
4075	4081
4076	4081
4077	4081
4078	4082
4079	4082
4080	4085
4081	4087
4082	4088
4083	4088
4084	4089
4085	4089
4086	4091
4087	4092
4088	4092
4089	4093
4090	4093
4091	4095
4092	4096
4093	4096
4094	4097
4095	4097
4096	4100
4097	4102
4098	4103
4099	4105
4100	4107
4101	4107
4102	4107
4103	4108
4104	4108
4105	4109
4106	4111
4107	4113
4108	4113
4109	4113
4110	4114
4111	4114
4112	4116
4113	4117
4114	4119
4115	4120
4116	4120
4117	4122
4118	4122
4119	4122
4120	4123
4121	4125
4122	4128
4123	4128
4124	4128
4125	4128
4126	4129
4127	4129
4128	4131
4129	4132
4130	4134
4131	4135
4132	4135
4133	4138
4134	4138
4135	4138
4136	4138
4137	4138
4138	4139
4139	4141
4140	4144
4141	4146
4142	4147
4143	4149
4144	4152
4145	4154
4146	4155
4147	4157
4148	4160
4149	4160
4150	4160
4151	4160
4152	4161
4153	4161
4154	4162
4155	4164
4156	4167
4157	4167
4158	4167
4159	4167
4160	4168
4161	4168
4162	4170
4163	4171
4164	4173
4165	4174
4166	4174
4167	4177
4168	4177
4169	4177
4170	4177
4171	4178
4172	4180
4173	4183
4174	4183
4175	4183
4176	4183
4177	4184
4178	4184
4179	4186
4180	4187
4181	4189
4182	4190
4183	4190
4184	4193
4185	4193
4186	4193
4187	4193
4188	4194
4189	4196
4190	4197
4191	4197
4192	4200
4193	4200
4194	4200
4195	4200
4196	4201
4197	4203
4198	4206
4199	4208
4200	4209
4201	4209
4202	4210
4203	4210
4204	4212
4205	4213
4206	4213
4207	4213
4208	4215
4209	4216
4210	4216
4211	4217
4212	4217
4213	4218
4214	4220
4215	4221
4216	4221
4217	4224
4218	4224
4219	4224
4220	4224
4221	4225
4222	4227
4223	4230
4224	4232
4225	4233
4226	4235
4227	4238
4228	4238
4229	4238
4230	4238
4231	4239
4232	4239
4233	4240
4234	4241
4235	4241
4236	4243
4237	4244
4238	4246
4239	4247
4240	4247
4241	4250
4242	4250
4243	4250
4244	4250
4245	4251
4246	4253
4247	4256
4248	4256
4249	4256
4250	4256
4251	4257
4252	4257
4253	4259
4254	4260
4255	4262
4256	4263
4257	4263
4258	4266
4259	4266
4260	4266
4261	4266
4262	4267
4263	4269
4264	4270
4265	4270
4266	4273
4267	4273
4268	4273
4269	4273
4270	4274
4271	4276
4272	4279
4273	4281
4274	4282
4275	4282
4276	4283
4277	4283
4278	4285
4279	4286
4280	4286
4281	4287
4282	4287
4283	4289
4284	4290
4285	4290
4286	4290
4287	4291
4288	4293
4289	4294
4290	4294
4291	4297
4292	4297
4293	4297
4294	4297
4295	4299
4296	4300
4297	4302
4298	4303
4299	4305
4300	4308
4301	4310
4302	4311
4303	4311
4304	4312
4305	4312
4306	4314
4307	4315
4308	4315
4309	4316
4310	4316
4311	4318
4312	4319
4313	4319
4314	4320
4315	4320
4316	4321
4317	4323
4318	4326
4319	4326
4320	4326
4321	4326
4322	4327
4323	4327
4324	4330
4325	4331
4326	4332
4327	4334
4328	4337
4329	4337
4330	4337
4331	4337
4332	4338
4333	4338
4334	4340
4335	4341
4336	4343
4337	4344
4338	4344
4339	4346
4340	4346
4341	4346
4342	4347
4343	4349
4344	4352
4345	4352
4346	4352
4347	4352
4348	4353
4349	4353
4350	4355
4351	4356
4352	4358
4353	4359
4354	4359
4355	4362
4356	4362
4357	4362
4358	4362
4359	4363
4360	4365
4361	4366
4362	4366
4363	4369
4364	4369
4365	4369
4366	4369
4367	4370
4368	4372
4369	4375
4370	4377
4371	4378
4372	4380
4373	4383
4374	4383
4375	4383
4376	4383
4377	4384
4378	4384
4379	4385
4380	4386
4381	4387
4382	4387
4383	4389
4384	4390
4385	4392
4386	4393
4387	4393
4388	4396
4389	4396
4390	4396
4391	4396
4392	4397
4393	4399
4394	4402
4395	4402
4396	4402
4397	4402
4398	4403
4399	4403
4400	4405
4401	4406
4402	4408
4403	4409
4404	4409
4405	4411
4406	4411
4407	4411
4408	4412
4409	4414
4410	4417
4411	4417
4412	4417
4413	4417
4414	4418
4415	4418
4416	4419
4417	4421
4418	4422
4419	4424
4420	4425
4421	4425
4422	4428
4423	4428
4424	4428
4425	4428
4426	4431
4427	4433
4428	4434
4429	4434
4430	4435
4431	4435
4432	4437
4433	4438
4434	4438
4435	4439
4436	4439
4437	4441
4438	4442
4439	4442
4440	4442
4441	4444
4442	4445
4443	4447
4444	4448
4445	4450
4446	4451
4447	4453
4448	4456
4449	4456
4450	4456
4451	4456
4452	4457
4453	4457
4454	4460
4455	4462
4456	4463
4457	4463
4458	4464
4459	4464
4460	4466
4461	4467
4462	4467
4463	4468
4464	4468
4465	4470
4466	4471
4467	4471
4468	4472
4469	4472
4470	4475
4471	4477
4472	4478
4473	4480
4474	4482
4475	4482
4476	4482
4477	4483
4478	4483
4479	4484
4480	4485
4481	4486
4482	4486
4483	4488
4484	4489
4485	4491
4486	4492
4487	4492
4488	4495
4489	4495
4490	4495
4491	4495
4492	4496
4493	4498
4494	4501
4495	4501
4496	4501
4497	4501
4498	4502
4499	4502
4500	4503
4501	4504
4502	4506
4503	4507
4504	4507
4505	4510
4506	4510
4507	4510
4508	4510
4509	4511
4510	4513
4511	4514
4512	4516
4513	4517
4514	4519
4515	4522
4516	4522
4517	4522
4518	4522
4519	4523
4520	4523
4521	4526
4522	4528
4523	4529
4524	4529
4525	4530
4526	4530
4527	4532
4528	4533
4529	4533
4530	4534
4531	4534
4532	4536
4533	4537
4534	4537
4535	4538
4536	4538
4537	4541
4538	4543
4539	4544
4540	4545
4541	4546
4542	4546
4543	4547
4544	4549
4545	4551
4546	4551
4547	4551
4548	4552
4549	4552
4550	4554
4551	4555
4552	4556
4553	4557
4554	4557
4555	4558
4556	4560
4557	4563
4558	4563
4559	4563
4560	4563
4561	4564
4562	4564
4563	4566
4564	4567
4565	4569
4566	4570
4567	4570
4568	4573
4569	4573
4570	4573
4571	4573
4572	4574
4573	4576
4574	4577
4575	4577
4576	4580
4577	4580
4578	4580
4579	4580
4580	4581
4581	4583
4582	4586
4583	4588
4584	4589
4585	4591
4586	4593
4587	4595
4588	4595
4589	4596
4590	4596
4591	4598
4592	4599
4593	4599
4594	4599
4595	4600
4596	4602
4597	4605
4598	4605
4599	4605
4600	4605
4601	4606
4602	4606
4603	4607
4604	4609
4605	4612
4606	4614
4607	4615
4608	4615
4609	4616
4610	4616
4611	4618
4612	4619
4613	4619
4614	4620
4615	4620
4616	4622
4617	4623
4618	4623
4619	4624
4620	4624
4621	4625
4622	4627
4623	4630
4624	4630
4625	4630
4626	4630
4627	4631
4628	4631
4629	4633
4630	4634
4631	4636
4632	4637
4633	4639
4634	4642
4635	4642
4636	4642
4637	4642
4638	4643
4639	4643
4640	4645
4641	4646
4642	4647
4643	4647
4644	4649
4645	4650
4646	4650
4647	4650
4648	4651
4649	4653
4650	4656
4651	4658
4652	4659
4653	4659
4654	4660
4655	4660
4656	4662
4657	4663
4658	4663
4659	4664
4660	4664
4661	4666
4662	4667
4663	4667
4664	4668
4665	4668
4666	4669
4667	4671
4668	4672
4669	4672
4670	4675
4671	4675
4672	4675
4673	4675
4674	4677
4675	4678
4676	4680
4677	4681
4678	4683
4679	4686
4680	4686
4681	4686
4682	4686
4683	4687
4684	4687
4685	4690
4686	4692
4687	4693
4688	4693
4689	4694
4690	4694
4691	4695
4692	4696
4693	4696
4694	4698
4695	4699
4696	4699
4697	4700
4698	4700
4699	4700
4700	4701
4701	4703
4702	4704
4703	4706
4704	4707
4705	4709
4706	4712
4707	4712
4708	4712
4709	4712
4710	4713
4711	4713
4712	4716
4713	4718
4714	4719
4715	4719
4716	4720
4717	4720
4718	4722
4719	4723
4720	4723
4721	4724
4722	4724
4723	4726
4724	4727
4725	4727
4726	4728
4727	4728
4728	4731
4729	4733
4730	4734
4731	4736
4732	4738
4733	4738
4734	4738
4735	4739
4736	4739
4737	4740
4738	4742
4739	4744
4740	4744
4741	4744
4742	4745
4743	4745
4744	4747
4745	4748
4746	4750
4747	4751
4748	4751
4749	4753
4750	4753
4751	4753
4752	4754
4753	4756
4754	4759
4755	4759
4756	4759
4757	4759
4758	4760
4759	4760
4760	4762
4761	4762
4762	4763
4763	4765
4764	4766
4765	4766
4766	4769
4767	4769
4768	4769
4769	4769
4770	4772
4771	4774
4772	4775
4773	4777
4774	4778
4775	4780
4776	4783
4777	4785
4778	4786
4779	4788
4780	4791
4781	4791
4782	4791
4783	4791
4784	4792
4785	4792
4786	4793
4787	4794
4788	4795
4789	4795
4790	4797
4791	4798
4792	4800
4793	4801
4794	4801
4795	4804
4796	4804
4797	4804
4798	4804
4799	4805
4800	4807
4801	4809
4802	4809
4803	4809
4804	4810
4805	4810
4806	4812
4807	4813
4808	4815
4809	4816
4810	4816
4811	4819
4812	4819
4813	4819
4814	4819
4815	4820
4816	4822
4817	4823
4818	4823
4819	4826
4820	4826
4821	4826
4822	4826
4823	4827
4824	4829
4825	4832
4826	4834
4827	4835
4828	4835
4829	4836
4830	4836
4831	4838
4832	4839
4833	4839
4834	4840
4835	4840
4836	4842
4837	4843
4838	4843
4839	4843
4840	4844
4841	4846
4842	4847
4843	4847
4844	4850
4845	4850
4846	4850
4847	4850
4848	4852
4849	4854
4850	4855
4851	4857
4852	4858
4853	4860
4854	4863
4855	4863
4856	4863
4857	4863
4858	4864
4859	4864
4860	4866
4861	4868
4862	4869
4863	4869
4864	4870
4865	4870
4866	4872
4867	4873
4868	4873
4869	4874
4870	4874
4871	4875
4872	4877
4873	4879
4874	4881
4875	4881
4876	4882
4877	4882
4878	4884
4879	4885
4880	4885
4881	4885
4882	4886
4883	4888
4884	4889
4885	4889
4886	4892
4887	4892
4888	4892
4889	4892
4890	4894
4891	4895
4892	4897
4893	4898
4894	4900
4895	4901
4896	4901
4897	4904
4898	4904
4899	4904
4900	4904
4901	4907
4902	4909
4903	4910
4904	4910
4905	4910
4906	4912
4907	4913
4908	4913
4909	4914
4910	4914
4911	4915
4912	4916
4913	4916
4914	4917
4915	4919
4916	4920
4917	4922
4918	4923
4919	4923
4920	4926
4921	4926
4922	4926
4923	4926
4924	4928
4925	4930
4926	4930
4927	4931
4928	4931
4929	4932
4930	4933
4931	4933
4932	4934
4933	4936
4934	4939
4935	4941
4936	4942
4937	4944
4938	4947
4939	4949
4940	4950
4941	4950
4942	4951
4943	4951
4944	4953
4945	4954
4946	4954
4947	4955
4948	4955
4949	4957
4950	4958
4951	4958
4952	4959
4953	4959
4954	4960
4955	4962
4956	4965
4957	4965
4958	4965
4959	4965
4960	4966
4961	4966
4962	4966
4963	4968
4964	4969
4965	4971
4966	4972
4967	4974
4968	4977
4969	4977
4970	4977
4971	4977
4972	4978
4973	4978
4974	4981
4975	4982
4976	4983
4977	4983
4978	4985
4979	4986
4980	4986
4981	4987
4982	4987
4983	4989
4984	4990
4985	4990
4986	4991
4987	4991
4988	4992
4989	4994
4990	4996
4991	4998
4992	4999
4993	4999
4994	4999
4995	5001
4996	5001
4997	5002
4998	5002
4999	5003
5000	5005
5001	5006
5002	5006
5003	5009
5004	5009
5005	5009
5006	5009
5007	5011
5008	5012
5009	5014
5010	5015
5011	5017
5012	5020
5013	5020
5014	5020
5015	5020
5016	5021
5017	5021
5018	5022
5019	5024
5020	5025
5021	5025
5022	5025
5023	5026
5024	5028
5025	5031
5026	5033
5027	5034
5028	5034
5029	5035
5030	5035
5031	5037
5032	5038
5033	5038
5034	5039
5035	5039
5036	5041
5037	5042
5038	5042
5039	5043
5040	5043
5041	5044
5042	5046
5043	5047
5044	5047
5045	5050
5046	5050
5047	5050
5048	5050
5049	5051
5050	5053
5051	5054
5052	5056
5053	5057
5054	5059
5055	5062
5056	5062
5057	5062
5058	5062
5059	5063
5060	5063
5061	5066
5062	5068
5063	5069
5064	5069
5065	5070
5066	5070
5067	5072
5068	5073
5069	5073
5070	5074
5071	5074
5072	5076
5073	5077
5074	5077
5075	5078
5076	5078
5077	5081
5078	5083
5079	5084
5080	5086
5081	5088
5082	5088
5083	5088
5084	5089
5085	5089
5086	5090
5087	5092
5088	5094
5089	5094
5090	5094
5091	5095
5092	5095
5093	5097
5094	5098
5095	5100
5096	5101
5097	5101
5098	5103
5099	5103
5100	5103
5101	5104
5102	5106
5103	5109
5104	5109
5105	5109
5106	5109
5107	5110
5108	5110
5109	5112
5110	5113
5111	5115
5112	5116
5113	5116
5114	5119
5115	5119
5116	5119
5117	5119
5118	5119
5119	5121
5120	5122
5121	5124
5122	5125
5123	5127
5124	5130
5125	5132
5126	5133
5127	5134
5128	5135
5129	5135
5130	5136
5131	5138
5132	5141
5133	5141
5134	5141
5135	5141
5136	5142
5137	5142
5138	5144
5139	5145
5140	5147
5141	5148
5142	5148
5143	5151
5144	5151
5145	5151
5146	5151
5147	5152
5148	5154
5149	5156
5150	5156
5151	5156
5152	5157
5153	5157
5154	5159
5155	5160
5156	5162
5157	5163
5158	5163
5159	5166
5160	5166
5161	5166
5162	5166
5163	5167
5164	5169
5165	5170
5166	5170
5167	5173
5168	5173
5169	5173
5170	5173
5171	5174
5172	5176
5173	5179
5174	5181
5175	5182
5176	5182
5177	5183
5178	5183
5179	5185
5180	5186
5181	5186
5182	5186
5183	5188
5184	5189
5185	5189
5186	5190
5187	5190
5188	5191
5189	5193
5190	5194
5191	5194
5192	5197
5193	5197
5194	5197
5195	5197
5196	5199
5197	5201
5198	5202
5199	5204
5200	5205
5201	5207
5202	5210
5203	5210
5204	5210
5205	5210
5206	5211
5207	5211
5208	5213
5209	5215
5210	5216
5211	5216
5212	5217
5213	5217
5214	5219
5215	5220
5216	5220
5217	5221
5218	5221
5219	5222
5220	5223
5221	5224
5222	5226
5223	5227
5224	5227
5225	5230
5226	5230
5227	5230
5228	5230
5229	5232
5230	5233
5231	5235
5232	5236
5233	5238
5234	5239
5235	5239
5236	5242
5237	5242
5238	5242
5239	5242
5240	5244
5241	5245
5242	5246
5243	5246
5244	5247
5245	5248
5246	5248
5247	5249
5248	5251
5249	5252
5250	5254
5251	5255
5252	5255
5253	5258
5254	5258
5255	5258
5256	5258
5257	5261
5258	5263
5259	5263
5260	5264
5261	5264
5262	5266
5263	5267
5264	5267
5265	5268
5266	5268
5267	5269
5268	5270
5269	5270
5270	5271
5271	5273
5272	5276
5273	5278
5274	5278
5275	5279
5276	5281
5277	5284
5278	5286
5279	5287
5280	5287
5281	5288
5282	5288
5283	5290
5284	5291
5285	5291
5286	5292
5287	5292
5288	5294
5289	5295
5290	5295
5291	5296
5292	5296
5293	5297
5294	5299
5295	5302
5296	5302
5297	5302
5298	5302
5299	5303
5300	5303
5301	5305
5302	5306
5303	5307
5304	5308
5305	5310
5306	5313
5307	5313
5308	5313
5309	5313
5310	5314
5311	5314
5312	5315
5313	5317
5314	5320
5315	5322
5316	5323
5317	5323
5318	5324
5319	5324
5320	5326
5321	5327
5322	5327
5323	5328
5324	5328
5325	5330
5326	5331
5327	5331
5328	5332
5329	5332
5330	5333
5331	5335
5332	5336
5333	5336
5334	5339
5335	5339
5336	5339
5337	5339
5338	5341
5339	5342
5340	5344
5341	5345
5342	5347
5343	5350
5344	5350
5345	5350
5346	5350
5347	5351
5348	5351
5349	5354
5350	5356
5351	5357
5352	5357
5353	5358
5354	5358
5355	5359
5356	5360
5357	5360
5358	5362
5359	5363
5360	5363
5361	5364
5362	5364
5363	5365
5364	5367
5365	5369
5366	5370
5367	5371
5368	5371
5369	5373
5370	5374
5371	5374
5372	5374
5373	5375
5374	5377
5375	5378
5376	5378
5377	5381
5378	5381
5379	5381
5380	5381
5381	5382
5382	5384
5383	5385
5384	5387
5385	5388
5386	5390
5387	5393
5388	5393
5389	5393
5390	5393
5391	5394
5392	5394
5393	5397
5394	5399
5395	5400
5396	5400
5397	5401
5398	5401
5399	5403
5400	5404
5401	5404
5402	5405
5403	5405
5404	5407
5405	5408
5406	5408
5407	5409
5408	5409
5409	5412
5410	5414
5411	5415
5412	5417
5413	5419
5414	5419
5415	5419
5416	5420
5417	5420
5418	5421
5419	5423
5420	5425
5421	5425
5422	5425
5423	5426
5424	5426
5425	5428
5426	5429
5427	5431
5428	5432
5429	5432
5430	5434
5431	5434
5432	5434
5433	5435
5434	5437
5435	5440
5436	5440
5437	5440
5438	5440
5439	5441
5440	5441
5441	5443
5442	5443
5443	5444
5444	5446
5445	5447
5446	5447
5447	5450
5448	5450
5449	5450
5450	5450
5451	5452
5452	5453
5453	5455
5454	5456
5455	5458
5456	5459
5457	5461
5458	5464
5459	5466
5460	5467
5461	5467
5462	5468
5463	5468
5464	5470
5465	5471
5466	5471
5467	5472
5468	5472
5469	5474
5470	5475
5471	5475
5472	5476
5473	5476
5474	5477
5475	5479
5476	5482
5477	5482
5478	5482
5479	5482
5480	5483
5481	5483
5482	5486
5483	5488
5484	5489
5485	5491
5486	5492
5487	5492
5488	5494
5489	5494
5490	5494
5491	5495
5492	5497
5493	5500
5494	5500
5495	5500
5496	5500
5497	5501
5498	5501
5499	5503
5500	5504
5501	5506
5502	5507
5503	5507
5504	5509
5505	5509
5506	5509
5507	5510
5508	5512
5509	5515
5510	5515
5511	5515
5512	5515
5513	5516
5514	5516
5515	5518
5516	5519
5517	5521
5518	5522
5519	5522
5520	5525
5521	5525
5522	5525
5523	5525
5524	5526
5525	5528
5526	5529
5527	5529
5528	5532
5529	5532
5530	5532
5531	5532
5532	5535
5533	5537
5534	5538
5535	5540
5536	5542
5537	5544
5538	5545
5539	5545
5540	5546
5541	5546
5542	5548
5543	5549
5544	5549
5545	5550
5546	5550
5547	5551
5548	5553
5549	5556
5550	5556
5551	5556
5552	5556
5553	5557
5554	5557
5555	5557
5556	5559
5557	5560
5558	5561
5559	5562
5560	5564
5561	5567
5562	5567
5563	5567
5564	5567
5565	5568
5566	5568
5567	5569
5568	5571
5569	5574
5570	5576
5571	5577
5572	5577
5573	5578
5574	5578
5575	5580
5576	5580
5577	5581
5578	5581
5579	5583
5580	5584
5581	5584
5582	5584
5583	5585
5584	5587
5585	5588
5586	5588
5587	5591
5588	5591
5589	5591
5590	5591
5591	5592
5592	5593
5593	5595
5594	5596
5595	5598
5596	5599
5597	5599
5598	5602
5599	5602
5600	5602
5601	5602
5602	5605
5603	5607
5604	5608
5605	5608
5606	5609
5607	5609
5608	5611
5609	5611
5610	5612
5611	5612
5612	5613
5613	5614
5614	5614
5615	5615
5616	5617
5617	5618
5618	5620
5619	5621
5620	5623
5621	5626
5622	5628
5623	5629
5624	5629
5625	5630
5626	5630
5627	5632
5628	5633
5629	5633
5630	5634
5631	5634
5632	5636
5633	5637
5634	5637
5635	5638
5636	5638
5637	5639
5638	5641
5639	5644
5640	5644
5641	5644
5642	5644
5643	5645
5644	5645
5645	5648
5646	5650
5647	5651
5648	5653
5649	5654
5650	5654
5651	5656
5652	5656
5653	5656
5654	5657
5655	5659
5656	5662
5657	5662
5658	5662
5659	5662
5660	5663
5661	5663
5662	5665
5663	5666
5664	5668
5665	5669
5666	5669
5667	5671
5668	5671
5669	5671
5670	5672
5671	5674
5672	5677
5673	5677
5674	5677
5675	5677
5676	5678
5677	5678
5678	5680
5679	5681
5680	5683
5681	5684
5682	5684
5683	5687
5684	5687
5685	5687
5686	5687
5687	5688
5688	5690
5689	5691
5690	5691
5691	5694
5692	5694
5693	5694
5694	5694
5695	5697
5696	5699
5697	5699
5698	5700
5699	5702
5700	5704
5701	5706
5702	5707
5703	5707
5704	5708
5705	5708
5706	5710
5707	5711
5708	5711
5709	5712
5710	5712
5711	5713
5712	5715
5713	5718
5714	5718
5715	5718
5716	5718
5717	5719
5718	5719
5719	5721
5720	5722
5721	5723
5722	5724
5723	5726
5724	5729
5725	5729
5726	5729
5727	5729
5728	5730
5729	5730
5730	5731
5731	5733
5732	5736
5733	5738
5734	5739
5735	5739
5736	5740
5737	5740
5738	5742
5739	5743
5740	5743
5741	5743
5742	5745
5743	5745
5744	5746
5745	5746
5746	5747
5747	5749
5748	5750
5749	5750
5750	5753
5751	5753
5752	5753
5753	5753
5754	5754
5755	5755
5756	5757
5757	5758
5758	5760
5759	5761
5760	5761
5761	5764
5762	5764
5763	5764
5764	5764
5765	5767
5766	5769
5767	5770
5768	5770
5769	5771
5770	5771
5771	5773
5772	5773
5773	5774
5774	5774
5775	5775
5776	5776
5777	5777
5778	5780
5779	5781
5780	5783
5781	5786
5782	5788
5783	5789
5784	5791
5785	5794
5786	5796
5787	5797
5788	5798
5789	5799
5790	5801
5791	5801
5792	5801
5793	5802
5794	5804
5795	5807
5796	5809
5797	5809
5798	5809
5799	5811
5800	5811
5801	5811
5802	5813
5803	5813
5804	5813
5805	5814
5806	5816
5807	5816
5808	5816
5809	5818
5810	5819
5811	5821
5812	5822
5813	5824
5814	5824
5815	5824
5816	5827
5817	5829
5818	5829
5819	5829
5820	5830
5821	5830
5822	5832
5823	5832
5824	5832
5825	5833
5826	5835
5827	5838
5828	5840
5829	5840
5830	5840
5831	5842
5832	5842
5833	5842
5834	5844
5835	5844
5836	5844
5837	5845
5838	5847
5839	5847
5840	5847
5841	5849
5842	5850
5843	5852
5844	5853
5845	5855
5846	5855
5847	5855
5848	5858
5849	5860
5850	5860
5851	5860
5852	5862
5853	5862
5854	5862
5855	5864
5856	5864
5857	5864
5858	5865
5859	5867
5860	5868
5861	5870
5862	5870
5863	5870
5864	5873
5865	5875
5866	5875
5867	5875
5868	5877
5869	5877
5870	5877
5871	5878
5872	5878
5873	5879
5874	5881
5875	5884
5876	5886
5877	5887
5878	5889
5879	5889
5880	5889
5881	5890
5882	5892
5883	5892
5884	5892
5885	5894
5886	5895
5887	5897
5888	5897
5889	5897
5890	5897
5891	5899
5892	5900
5893	5902
5894	5902
5895	5902
5896	5903
5897	5905
5898	5905
5899	5905
5900	5906
5901	5908
5902	5909
5903	5911
5904	5911
5905	5911
5906	5914
5907	5916
5908	5916
5909	5916
5910	5918
5911	5918
5912	5918
5913	5920
5914	5920
5915	5920
5916	5921
5917	5923
5918	5926
5919	5928
5920	5929
5921	5931
5922	5934
5923	5936
5924	5936
5925	5936
5926	5938
5927	5938
5928	5938
5929	5940
5930	5940
5931	5940
5932	5941
5933	5943
5934	5943
5935	5943
5936	5944
5937	5946
5938	5949
5939	5951
5940	5951
5941	5951
5942	5953
5943	5953
5944	5953
5945	5955
5946	5955
5947	5955
5948	5956
5949	5958
5950	5958
5951	5958
5952	5960
5953	5961
5954	5963
5955	5964
5956	5966
5957	5966
5958	5966
5959	5969
5960	5970
5961	5970
5962	5972
5963	5972
5964	5972
5965	5974
5966	5974
5967	5974
5968	5975
5969	5977
5970	5980
5971	5982
5972	5982
5973	5982
5974	5984
5975	5984
5976	5984
5977	5986
5978	5986
5979	5986
5980	5987
5981	5989
5982	5989
5983	5989
5984	5991
5985	5992
5986	5994
5987	5995
5988	5997
5989	5997
5990	5997
5991	6000
5992	6002
5993	6002
5994	6002
5995	6004
5996	6004
5997	6004
5998	6005
5999	6005
6000	6006
6001	6008
6002	6009
6003	6011
6004	6011
6005	6011
6006	6014
6007	6016
6008	6016
6009	6016
6010	6018
6011	6018
6012	6018
6013	6020
6014	6020
6015	6020
6016	6021
6017	6023
6018	6026
6019	6028
6020	6029
6021	6031
6022	6031
6023	6031
6024	6032
6025	6034
6026	6034
6027	6034
6028	6036
6029	6037
6030	6039
6031	6039
6032	6039
6033	6040
6034	6042
6035	6042
6036	6042
6037	6044
6038	6045
6039	6047
6040	6047
6041	6047
6042	6047
6043	6048
6044	6050
6045	6051
6046	6053
6047	6053
6048	6053
6049	6056
6050	6058
6051	6058
6052	6058
6053	6060
6054	6060
6055	6060
6056	6062
6057	6062
6058	6062
6059	6064
6060	6065
6061	6067
6062	6068
6063	6070
6064	6073
6065	6075
6066	6076
6067	6078
6068	6078
6069	6078
6070	6079
6071	6081
6072	6081
6073	6081
6074	6083
6075	6084
6076	6086
6077	6086
6078	6086
6079	6087
6080	6089
6081	6089
6082	6089
6083	6091
6084	6092
6085	6094
6086	6094
6087	6094
6088	6095
6089	6097
6090	6097
6091	6097
6092	6098
6093	6100
6094	6103
6095	6105
6096	6105
6097	6105
6098	6107
6099	6107
6100	6107
6101	6109
6102	6109
6103	6109
6104	6110
6105	6112
6106	6112
6107	6112
6108	6115
6109	6117
6110	6118
6111	6120
6112	6121
6113	6123
6114	6123
6115	6123
6116	6125
6117	6127
6118	6127
6119	6127
6120	6129
6121	6129
6122	6129
6123	6130
6124	6132
6125	6135
6126	6137
6127	6137
6128	6137
6129	6139
6130	6139
6131	6139
6132	6140
6133	6140
6134	6141
6135	6143
6136	6143
6137	6143
6138	6144
6139	6145
6140	6147
6141	6150
6142	6152
6143	6152
6144	6152
6145	6154
6146	6154
6147	6154
6148	6156
6149	6156
6150	6156
6151	6157
6152	6159
6153	6159
6154	6159
6155	6161
6156	6162
6157	6164
6158	6165
6159	6167
6160	6167
6161	6167
6162	6170
6163	6172
6164	6172
6165	6172
6166	6173
6167	6173
6168	6174
6169	6174
6170	6175
6171	6177
6172	6178
6173	6180
6174	6180
6175	6180
6176	6183
6177	6185
6178	6185
6179	6185
6180	6187
6181	6187
6182	6187
6183	6188
6184	6188
6185	6189
6186	6191
6187	6194
6188	6196
6189	6197
6190	6198
6191	6199
6192	6201
6193	6201
6194	6201
6195	6202
6196	6204
6197	6207
6198	6209
6199	6209
6200	6209
6201	6211
6202	6211
6203	6211
6204	6213
6205	6213
6206	6213
6207	6214
6208	6216
6209	6216
6210	6216
6211	6218
6212	6219
6213	6221
6214	6222
6215	6224
6216	6224
6217	6224
6218	6227
6219	6228
6220	6228
6221	6230
6222	6230
6223	6230
6224	6232
6225	6232
6226	6232
6227	6233
6228	6235
6229	6238
6230	6240
6231	6240
6232	6240
6233	6242
6234	6242
6235	6242
6236	6244
6237	6244
6238	6244
6239	6245
6240	6247
6241	6247
6242	6247
6243	6249
6244	6250
6245	6252
6246	6253
6247	6255
6248	6255
6249	6255
6250	6258
6251	6260
6252	6260
6253	6260
6254	6261
6255	6261
6256	6263
6257	6263
6258	6263
6259	6264
6260	6266
6261	6269
6262	6270
6263	6270
6264	6272
6265	6272
6266	6272
6267	6274
6268	6274
6269	6274
6270	6275
6271	6277
6272	6277
6273	6277
6274	6278
6275	6280
6276	6281
6277	6283
6278	6284
6279	6286
6280	6286
6281	6286
6282	6289
6283	6291
6284	6291
6285	6291
6286	6293
6287	6293
6288	6293
6289	6295
6290	6295
6291	6295
6292	6298
6293	6300
6294	6301
6295	6303
6296	6303
6297	6303
6298	6304
6299	6306
6300	6306
6301	6306
6302	6308
6303	6309
6304	6311
6305	6311
6306	6311
6307	6312
6308	6314
6309	6314
6310	6314
6311	6316
6312	6316
6313	6317
6314	6319
6315	6319
6316	6319
6317	6321
6318	6322
6319	6324
6320	6325
6321	6327
6322	6328
6323	6330
6324	6333
6325	6335
6326	6335
6327	6335
6328	6337
6329	6337
6330	6337
6331	6339
6332	6339
6333	6339
6334	6340
6335	6342
6336	6342
6337	6342
6338	6345
6339	6347
6340	6348
6341	6350
6342	6350
6343	6350
6344	6351
6345	6353
6346	6353
6347	6353
6348	6355
6349	6356
6350	6358
6351	6358
6352	6358
6353	6359
6354	6361
6355	6361
6356	6361
6357	6363
6358	6364
6359	6366
6360	6366
6361	6366
6362	6367
6363	6369
6364	6369
6365	6369
6366	6372
6367	6374
6368	6375
6369	6377
6370	6379
6371	6381
6372	6381
6373	6381
6374	6383
6375	6383
6376	6383
6377	6384
6378	6386
6379	6386
6380	6386
6381	6387
6382	6388
6383	6389
6384	6391
6385	6391
6386	6391
6387	6393
6388	6394
6389	6395
6390	6396
6391	6398
6392	6398
6393	6398
6394	6399
6395	6401
6396	6404
6397	6406
6398	6406
6399	6406
6400	6408
6401	6408
6402	6408
6403	6410
6404	6410
6405	6410
6406	6411
6407	6413
6408	6413
6409	6413
6410	6415
6411	6416
6412	6418
6413	6419
6414	6421
6415	6421
6416	6421
6417	6424
6418	6425
6419	6425
6420	6426
6421	6426
6422	6427
6423	6427
6424	6428
6425	6430
6426	6431
6427	6433
6428	6433
6429	6433
6430	6436
6431	6438
6432	6438
6433	6438
6434	6440
6435	6440
6436	6440
6437	6441
6438	6441
6439	6442
6440	6444
6441	6445
6442	6447
6443	6448
6444	6450
6445	6453
6446	6455
6447	6455
6448	6455
6449	6457
6450	6457
6451	6457
6452	6459
6453	6459
6454	6459
6455	6460
6456	6462
6457	6462
6458	6462
6459	6465
6460	6467
6461	6468
6462	6470
6463	6470
6464	6470
6465	6471
6466	6473
6467	6473
6468	6473
6469	6475
6470	6476
6471	6478
6472	6478
6473	6478
6474	6479
6475	6481
6476	6481
6477	6481
6478	6483
6479	6484
6480	6486
6481	6486
6482	6486
6483	6487
6484	6489
6485	6489
6486	6489
6487	6492
6488	6494
6489	6495
6490	6496
6491	6497
6492	6499
6493	6499
6494	6499
6495	6500
6496	6502
6497	6504
6498	6506
6499	6506
6500	6506
6501	6508
6502	6508
6503	6508
6504	6509
6505	6511
6506	6511
6507	6511
6508	6513
6509	6514
6510	6516
6511	6517
6512	6519
6513	6519
6514	6519
6515	6522
6516	6523
6517	6523
6518	6525
6519	6525
6520	6525
6521	6526
6522	6526
6523	6527
6524	6529
6525	6532
6526	6534
6527	6534
6528	6534
6529	6536
6530	6536
6531	6536
6532	6538
6533	6538
6534	6538
6535	6539
6536	6541
6537	6541
6538	6541
6539	6542
6540	6543
6541	6545
6542	6546
6543	6548
6544	6548
6545	6548
6546	6551
6547	6553
6548	6553
6549	6553
6550	6555
6551	6555
6552	6555
6553	6556
6554	6556
6555	6557
6556	6559
6557	6562
6558	6564
6559	6565
6560	6567
6561	6570
6562	6572
6563	6573
6564	6574
6565	6574
6566	6575
6567	6577
6568	6577
6569	6577
6570	6579
6571	6580
6572	6582
6573	6582
6574	6582
6575	6583
6576	6585
6577	6585
6578	6585
6579	6587
6580	6588
6581	6590
6582	6590
6583	6590
6584	6591
6585	6593
6586	6593
6587	6593
6588	6594
6589	6596
6590	6599
6591	6601
6592	6601
6593	6601
6594	6603
6595	6603
6596	6603
6597	6605
6598	6605
6599	6605
6600	6606
6601	6608
6602	6608
6603	6608
6604	6609
6605	6611
6606	6613
6607	6615
6608	6616
6609	6618
6610	6618
6611	6618
6612	6618
6613	6620
6614	6621
6615	6623
6616	6623
6617	6623
6618	6623
6619	6624
6620	6626
6621	6629
6622	6631
6623	6631
6624	6631
6625	6633
6626	6633
6627	6633
6628	6635
6629	6635
6630	6635
6631	6636
6632	6638
6633	6638
6634	6638
6635	6640
6636	6641
6637	6643
6638	6644
6639	6646
6640	6649
6641	6651
6642	6651
6643	6651
6644	6653
6645	6653
6646	6653
6647	6655
6648	6655
6649	6655
6650	6656
6651	6658
6652	6658
6653	6658
6654	6661
6655	6662
6656	6663
6657	6665
6658	6665
6659	6665
6660	6667
6661	6668
6662	6670
6663	6670
6664	6670
6665	6671
6666	6673
6667	6673
6668	6673
6669	6675
6670	6676
6671	6678
6672	6678
6673	6678
6674	6679
6675	6681
6676	6681
6677	6681
6678	6681
6679	6683
6680	6684
6681	6686
6682	6687
6683	6689
6684	6692
6685	6694
6686	6694
6687	6694
6688	6696
6689	6696
6690	6696
6691	6698
6692	6698
6693	6698
6694	6699
6695	6701
6696	6701
6697	6701
6698	6703
6699	6705
6700	6706
6701	6708
6702	6708
6703	6708
6704	6708
6705	6709
6706	6710
6707	6712
6708	6712
6709	6712
6710	6713
6711	6715
6712	6718
6713	6720
6714	6721
6715	6722
6716	6722
6717	6723
6718	6725
6719	6725
6720	6725
6721	6727
6722	6728
6723	6729
6724	6729
6725	6730
6726	6732
6727	6732
6728	6732
6729	6734
6730	6735
6731	6737
6732	6737
6733	6737
6734	6738
6735	6740
6736	6740
6737	6740
6738	6741
6739	6743
6740	6744
6741	6746
6742	6746
6743	6746
6744	6749
6745	6751
6746	6751
6747	6751
6748	6753
6749	6753
6750	6753
6751	6755
6752	6755
6753	6755
6754	6756
6755	6758
6756	6759
6757	6761
6758	6762
6759	6764
6760	6767
6761	6769
6762	6769
6763	6769
6764	6771
6765	6771
6766	6771
6767	6773
6768	6773
6769	6773
6770	6774
6771	6776
6772	6776
6773	6776
6774	6779
6775	6781
6776	6782
6777	6784
6778	6784
6779	6784
6780	6785
6781	6787
6782	6787
6783	6787
6784	6789
6785	6790
6786	6792
6787	6792
6788	6792
6789	6793
6790	6795
6791	6795
6792	6795
6793	6797
6794	6798
6795	6800
6796	6800
6797	6800
6798	6801
6799	6803
6800	6803
6801	6803
6802	6806
6803	6808
6804	6809
6805	6811
6806	6813
6807	6815
6808	6815
6809	6815
6810	6817
6811	6817
6812	6817
6813	6818
6814	6820
6815	6820
6816	6820
6817	6821
6818	6823
6819	6825
6820	6827
6821	6827
6822	6827
6823	6829
6824	6829
6825	6829
6826	6830
6827	6832
6828	6832
6829	6832
6830	6834
6831	6835
6832	6837
6833	6838
6834	6840
6835	6840
6836	6840
6837	6842
6838	6843
6839	6843
6840	6845
6841	6845
6842	6845
6843	6846
6844	6848
6845	6851
6846	6853
6847	6853
6848	6853
6849	6855
6850	6855
6851	6855
6852	6857
6853	6857
6854	6857
6855	6858
6856	6860
6857	6860
6858	6860
6859	6862
6860	6863
6861	6865
6862	6866
6863	6868
6864	6868
6865	6868
6866	6871
6867	6873
6868	6873
6869	6873
6870	6875
6871	6875
6872	6875
6873	6876
6874	6876
6875	6876
6876	6877
6877	6879
6878	6882
6879	6884
6880	6885
6881	6887
6882	6890
6883	6892
6884	6893
6885	6895
6886	6898
6887	6900
6888	6900
6889	6900
6890	6902
6891	6902
6892	6902
6893	6904
6894	6904
6895	6904
6896	6905
6897	6907
6898	6907
6899	6907
6900	6908
6901	6910
6902	6913
6903	6915
6904	6915
6905	6915
6906	6917
6907	6917
6908	6917
6909	6919
6910	6919
6911	6919
6912	6920
6913	6922
6914	6922
6915	6922
6916	6924
6917	6925
6918	6927
6919	6928
6920	6930
6921	6930
6922	6930
6923	6933
6924	6934
6925	6934
6926	6935
6927	6935
6928	6937
6929	6937
6930	6937
6931	6938
6932	6940
6933	6943
6934	6945
6935	6945
6936	6945
6937	6947
6938	6947
6939	6947
6940	6949
6941	6949
6942	6949
6943	6950
6944	6952
6945	6952
6946	6952
6947	6954
6948	6955
6949	6957
6950	6958
6951	6960
6952	6960
6953	6960
6954	6963
6955	6965
6956	6965
6957	6965
6958	6967
6959	6967
6960	6967
6961	6969
6962	6969
6963	6969
6964	6970
6965	6972
6966	6973
6967	6975
6968	6975
6969	6975
6970	6978
6971	6980
6972	6980
6973	6980
6974	6982
6975	6982
6976	6982
6977	6983
6978	6983
6979	6984
6980	6986
6981	6989
6982	6991
6983	6992
6984	6994
6985	6994
6986	6994
6987	6995
6988	6997
6989	6997
6990	6997
6991	6999
6992	7000
6993	7002
6994	7002
6995	7002
6996	7002
6997	7004
6998	7005
6999	7006
7000	7006
7001	7007
7002	7009
7003	7009
7004	7009
7005	7010
7006	7012
7007	7013
7008	7015
7009	7015
7010	7015
7011	7018
7012	7020
7013	7020
7014	7020
7015	7022
7016	7022
7017	7022
7018	7024
7019	7024
7020	7024
7021	7025
7022	7027
7023	7030
7024	7032
7025	7033
7026	7035
7027	7038
7028	7040
7029	7040
7030	7040
7031	7042
7032	7042
7033	7042
7034	7044
7035	7044
7036	7044
7037	7045
7038	7047
7039	7047
7040	7047
7041	7048
7042	7049
7043	7049
7044	7051
7045	7052
7046	7054
7047	7055
7048	7057
7049	7057
7050	7057
7051	7060
7052	7061
7053	7061
7054	7063
7055	7063
7056	7063
7057	7065
7058	7065
7059	7065
7060	7066
7061	7068
7062	7071
7063	7073
7064	7073
7065	7073
7066	7075
7067	7075
7068	7075
7069	7077
7070	7077
7071	7077
7072	7078
7073	7080
7074	7080
7075	7080
7076	7082
7077	7083
7078	7085
7079	7086
7080	7088
7081	7088
7082	7088
7083	7091
7084	7093
7085	7093
7086	7093
7087	7095
7088	7095
7089	7095
7090	7096
7091	7096
7092	7097
7093	7099
7094	7100
7095	7102
7096	7102
7097	7102
7098	7105
7099	7107
7100	7107
7101	7107
7102	7109
7103	7109
7104	7109
7105	7111
7106	7111
7107	7111
7108	7112
7109	7114
7110	7117
7111	7119
7112	7120
7113	7122
7114	7122
7115	7122
7116	7123
7117	7125
7118	7125
7119	7125
7120	7127
7121	7128
7122	7130
7123	7130
7124	7130
7125	7131
7126	7133
7127	7133
7128	7133
7129	7135
7130	7136
7131	7138
7132	7138
7133	7138
7134	7138
7135	7139
7136	7141
7137	7142
7138	7144
7139	7144
7140	7144
7141	7147
7142	7149
7143	7149
7144	7149
7145	7151
7146	7151
7147	7151
7148	7153
7149	7153
7150	7153
7151	7155
7152	7156
7153	7158
7154	7159
7155	7161
7156	7164
7157	7166
7158	7167
7159	7169
7160	7169
7161	7169
7162	7170
7163	7172
7164	7172
7165	7172
7166	7174
7167	7175
7168	7177
7169	7177
7170	7177
7171	7178
7172	7180
7173	7180
7174	7180
7175	7182
7176	7183
7177	7185
7178	7185
7179	7185
7180	7186
7181	7188
7182	7188
7183	7188
7184	7189
7185	7191
7186	7194
7187	7196
7188	7196
7189	7196
7190	7198
7191	7198
7192	7198
7193	7200
7194	7200
7195	7200
7196	7201
7197	7203
7198	7203
7199	7203
7200	7206
7201	7207
7202	7208
7203	7210
7204	7213
7205	7215
7206	7215
7207	7215
7208	7217
7209	7217
7210	7217
7211	7219
7212	7219
7213	7219
7214	7220
7215	7222
7216	7222
7217	7222
7218	7224
7219	7225
7220	7227
7221	7228
7222	7230
7223	7230
7224	7230
7225	7232
7226	7234
7227	7234
7228	7234
7229	7236
7230	7236
7231	7236
7232	7237
7233	7239
7234	7242
7235	7244
7236	7244
7237	7244
7238	7245
7239	7245
7240	7247
7241	7247
7242	7247
7243	7248
7244	7250
7245	7250
7246	7250
7247	7252
7248	7253
7249	7255
7250	7256
7251	7258
7252	7258
7253	7258
7254	7261
7255	7263
7256	7263
7257	7263
7258	7265
7259	7265
7260	7265
7261	7266
7262	7266
7263	7267
7264	7269
7265	7270
7266	7272
7267	7272
7268	7272
7269	7275
7270	7277
7271	7277
7272	7277
7273	7278
7274	7278
7275	7279
7276	7279
7277	7280
7278	7282
7279	7285
7280	7287
7281	7288
7282	7290
7283	7293
7284	7295
7285	7295
7286	7295
7287	7297
7288	7297
7289	7297
7290	7299
7291	7299
7292	7299
7293	7300
7294	7302
7295	7302
7296	7302
7297	7303
7298	7304
7299	7305
7300	7307
7301	7307
7302	7307
7303	7309
7304	7310
7305	7312
7306	7313
7307	7315
7308	7315
7309	7315
7310	7318
7311	7319
7312	7319
7313	7321
7314	7321
7315	7321
7316	7323
7317	7323
7318	7323
7319	7324
7320	7326
7321	7329
7322	7330
7323	7330
7324	7332
7325	7332
7326	7332
7327	7334
7328	7334
7329	7334
7330	7335
7331	7337
7332	7337
7333	7337
7334	7339
7335	7340
7336	7342
7337	7343
7338	7345
7339	7345
7340	7345
7341	7347
7342	7349
7343	7349
7344	7349
7345	7350
7346	7350
7347	7351
7348	7353
7349	7356
7350	7358
7351	7358
7352	7358
7353	7360
7354	7360
7355	7360
7356	7362
7357	7362
7358	7362
7359	7363
7360	7365
7361	7365
7362	7365
7363	7366
7364	7368
7365	7369
7366	7371
7367	7372
7368	7374
7369	7374
7370	7374
7371	7377
7372	7379
7373	7379
7374	7379
7375	7381
7376	7381
7377	7381
7378	7383
7379	7383
7380	7383
7381	7386
7382	7388
7383	7389
7384	7391
7385	7391
7386	7391
7387	7392
7388	7394
7389	7394
7390	7394
7391	7396
7392	7397
7393	7399
7394	7399
7395	7399
7396	7400
7397	7402
7398	7402
7399	7402
7400	7404
7401	7405
7402	7407
7403	7407
7404	7407
7405	7407
7406	7409
7407	7410
7408	7412
7409	7413
7410	7415
7411	7416
7412	7418
7413	7421
7414	7423
7415	7423
7416	7423
7417	7425
7418	7425
7419	7425
7420	7427
7421	7427
7422	7427
7423	7428
7424	7430
7425	7430
7426	7430
7427	7433
7428	7435
7429	7436
7430	7438
7431	7438
7432	7438
7433	7439
7434	7441
7435	7441
7436	7441
7437	7443
7438	7444
7439	7446
7440	7446
7441	7446
7442	7447
7443	7449
7444	7449
7445	7449
7446	7451
7447	7452
7448	7454
7449	7454
7450	7454
7451	7455
7452	7457
7453	7457
7454	7457
7455	7460
7456	7462
7457	7463
7458	7465
7459	7467
7460	7469
7461	7469
7462	7469
7463	7471
7464	7471
7465	7471
7466	7472
7467	7474
7468	7474
7469	7474
7470	7475
7471	7476
7472	7477
7473	7479
7474	7479
7475	7479
7476	7481
7477	7482
7478	7484
7479	7485
7480	7487
7481	7487
7482	7487
7483	7490
7484	7492
7485	7492
7486	7492
7487	7493
7488	7493
7489	7494
7490	7494
7491	7495
7492	7497
7493	7500
7494	7502
7495	7502
7496	7502
7497	7503
7498	7503
7499	7505
7500	7505
7501	7505
7502	7506
7503	7508
7504	7508
7505	7508
7506	7509
7507	7510
7508	7512
7509	7513
7510	7515
7511	7515
7512	7515
7513	7518
7514	7520
7515	7520
7516	7520
7517	7522
7518	7522
7519	7522
7520	7523
7521	7523
7522	7524
7523	7526
7524	7527
7525	7529
7526	7530
7527	7532
7528	7535
7529	7537
7530	7537
7531	7537
7532	7539
7533	7539
7534	7539
7535	7541
7536	7541
7537	7541
7538	7542
7539	7543
7540	7543
7541	7546
7542	7548
7543	7549
7544	7551
7545	7551
7546	7551
7547	7552
7548	7554
7549	7554
7550	7554
7551	7556
7552	7557
7553	7559
7554	7559
7555	7559
7556	7560
7557	7562
7558	7562
7559	7562
7560	7564
7561	7565
7562	7567
7563	7567
7564	7567
7565	7568
7566	7570
7567	7570
7568	7570
7569	7573
7570	7575
7571	7576
7572	7577
7573	7578
7574	7580
7575	7580
7576	7580
7577	7581
7578	7583
7579	7585
7580	7587
7581	7587
7582	7587
7583	7589
7584	7589
7585	7589
7586	7590
7587	7592
7588	7592
7589	7592
7590	7594
7591	7595
7592	7596
7593	7597
7594	7599
7595	7599
7596	7599
7597	7600
7598	7602
7599	7605
7600	7607
7601	7607
7602	7607
7603	7609
7604	7609
7605	7609
7606	7611
7607	7611
7608	7611
7609	7612
7610	7614
7611	7614
7612	7614
7613	7616
7614	7617
7615	7619
7616	7620
7617	7622
7618	7622
7619	7622
7620	7625
7621	7627
7622	7627
7623	7627
7624	7629
7625	7629
7626	7629
7627	7630
7628	7630
7629	7631
7630	7633
7631	7634
7632	7636
7633	7636
7634	7636
7635	7639
7636	7640
7637	7640
7638	7641
7639	7641
7640	7642
7641	7642
7642	7643
7643	7645
7644	7648
7645	7650
7646	7651
7647	7653
7648	7655
7649	7657
7650	7657
7651	7658
7652	7660
7653	7660
7654	7660
7655	7662
7656	7663
7657	7665
7658	7665
7659	7665
7660	7665
7661	7666
7662	7668
7663	7671
7664	7673
7665	7673
7666	7673
7667	7675
7668	7675
7669	7675
7670	7677
7671	7677
7672	7677
7673	7678
7674	7680
7675	7680
7676	7680
7677	7681
7678	7683
7679	7686
7680	7688
7681	7689
7682	7691
7683	7691
7684	7691
7685	7692
7686	7693
7687	7693
7688	7695
7689	7696
7690	7698
7691	7698
7692	7698
7693	7699
7694	7701
7695	7701
7696	7701
7697	7703
7698	7704
7699	7706
7700	7706
7701	7706
7702	7707
7703	7709
7704	7709
7705	7709
7706	7710
7707	7712
7708	7715
7709	7717
7710	7717
7711	7717
7712	7719
7713	7719
7714	7719
7715	7721
7716	7721
7717	7721
7718	7722
7719	7724
7720	7724
7721	7724
7722	7726
7723	7727
7724	7729
7725	7730
7726	7732
7727	7735
7728	7737
7729	7737
7730	7737
7731	7739
7732	7739
7733	7739
7734	7741
7735	7741
7736	7741
7737	7742
7738	7744
7739	7744
7740	7744
7741	7746
7742	7747
7743	7748
7744	7750
7745	7750
7746	7750
7747	7752
7748	7753
7749	7755
7750	7755
7751	7755
7752	7755
7753	7756
7754	7758
7755	7761
7756	7763
7757	7764
7758	7766
7759	7766
7760	7766
7761	7767
7762	7768
7763	7768
7764	7770
7765	7771
7766	7773
7767	7773
7768	7773
7769	7774
7770	7776
7771	7776
7772	7776
7773	7778
7774	7779
7775	7781
7776	7781
7777	7781
7778	7782
7779	7784
7780	7784
7781	7784
7782	7785
7783	7787
7784	7788
7785	7790
7786	7790
7787	7790
7788	7793
7789	7795
7790	7795
7791	7795
7792	7797
7793	7797
7794	7797
7795	7799
7796	7799
7797	7799
7798	7801
7799	7802
7800	7804
7801	7805
7802	7807
7803	7810
7804	7812
7805	7812
7806	7812
7807	7814
7808	7814
7809	7814
7810	7815
7811	7815
7812	7816
7813	7818
7814	7818
7815	7818
7816	7821
7817	7823
7818	7824
7819	7826
7820	7826
7821	7826
7822	7827
7823	7828
7824	7828
7825	7829
7826	7830
7827	7832
7828	7832
7829	7832
7830	7834
7831	7835
7832	7837
7833	7837
7834	7837
7835	7838
7836	7839
7837	7839
7838	7839
7839	7840
7840	7842
7841	7843
7842	7845
7843	7846
7844	7848
7845	7851
7846	7853
7847	7853
7848	7853
7849	7855
7850	7855
7851	7855
7852	7857
7853	7857
7854	7857
7855	7858
7856	7860
7857	7860
7858	7860
7859	7863
7860	7865
7861	7866
7862	7868
7863	7868
7864	7868
7865	7869
7866	7869
7867	7871
7868	7872
7869	7874
7870	7874
7871	7874
7872	7875
7873	7877
7874	7877
7875	7877
7876	7879
7877	7880
7878	7882
7879	7882
7880	7882
7881	7883
7882	7885
7883	7885
7884	7885
7885	7888
7886	7890
7887	7891
7888	7893
7889	7895
7890	7897
7891	7897
7892	7897
7893	7899
7894	7899
7895	7899
7896	7900
7897	7902
7898	7902
7899	7902
7900	7903
7901	7905
7902	7907
7903	7909
7904	7909
7905	7909
7906	7911
7907	7911
7908	7911
7909	7912
7910	7914
7911	7914
7912	7914
7913	7916
7914	7917
7915	7919
7916	7920
7917	7922
7918	7922
7919	7922
7920	7924
7921	7925
7922	7925
7923	7927
7924	7927
7925	7927
7926	7928
7927	7930
7928	7933
7929	7935
7930	7935
7931	7935
7932	7937
7933	7937
7934	7937
7935	7939
7936	7939
7937	7939
7938	7940
7939	7942
7940	7942
7941	7942
7942	7944
7943	7944
7944	7945
7945	7947
7946	7948
7947	7949
7948	7949
7949	7952
7950	7954
7951	7954
7952	7954
7953	7955
7954	7955
7955	7956
7956	7956
7957	7959
7958	7961
7959	7962
7960	7964
7961	7965
7962	7967
7963	7970
7964	7972
7965	7973
7966	7975
7967	7978
7968	7980
7969	7980
7970	7980
7971	7982
7972	7982
7973	7982
7974	7984
7975	7984
7976	7984
7977	7985
7978	7987
7979	7987
7980	7987
7981	7988
7982	7989
7983	7990
7984	7992
7985	7992
7986	7992
7987	7994
7988	7995
7989	7997
7990	7998
7991	8000
7992	8000
7993	8000
7994	8003
7995	8004
7996	8004
7997	8006
7998	8006
7999	8006
8000	8008
8001	8008
8002	8008
8003	8009
8004	8011
8005	8013
8006	8015
8007	8015
8008	8015
8009	8017
8010	8017
8011	8017
8012	8018
8013	8020
8014	8020
8015	8020
8016	8022
8017	8023
8018	8025
8019	8026
8020	8028
8021	8028
8022	8028
8023	8031
8024	8033
8025	8033
8026	8033
8027	8034
8028	8034
8029	8035
8030	8035
8031	8036
8032	8038
8033	8039
8034	8041
8035	8041
8036	8041
8037	8044
8038	8046
8039	8046
8040	8046
8041	8048
8042	8048
8043	8048
8044	8050
8045	8050
8046	8050
8047	8051
8048	8053
8049	8056
8050	8058
8051	8059
8052	8061
8053	8061
8054	8061
8055	8062
8056	8064
8057	8064
8058	8064
8059	8066
8060	8067
8061	8069
8062	8069
8063	8069
8064	8070
8065	8072
8066	8072
8067	8072
8068	8074
8069	8075
8070	8077
8071	8077
8072	8077
8073	8077
8074	8078
8075	8080
8076	8081
8077	8082
8078	8082
8079	8085
8080	8087
8081	8087
8082	8087
8083	8089
8084	8089
8085	8089
8086	8091
8087	8091
8088	8091
8089	8093
8090	8095
8091	8096
8092	8098
8093	8099
8094	8101
8095	8104
8096	8106
8097	8106
8098	8106
8099	8108
8100	8108
8101	8108
8102	8110
8103	8110
8104	8110
8105	8111
8106	8113
8107	8113
8108	8113
8109	8115
8110	8117
8111	8118
8112	8120
8113	8120
8114	8120
8115	8121
8116	8122
8117	8122
8118	8124
8119	8125
8120	8127
8121	8127
8122	8127
8123	8128
8124	8130
8125	8130
8126	8130
8127	8131
8128	8133
8129	8135
8130	8137
8131	8137
8132	8138
8133	8140
8134	8140
8135	8140
8136	8142
8137	8143
8138	8145
8139	8145
8140	8145
8141	8145
8142	8146
8143	8148
8144	8149
8145	8151
8146	8151
8147	8151
8148	8154
8149	8156
8150	8156
8151	8156
8152	8158
8153	8158
8154	8158
8155	8160
8156	8160
8157	8160
8158	8162
8159	8163
8160	8165
8161	8166
8162	8168
8163	8169
8164	8171
8165	8171
8166	8171
8167	8174
8168	8176
8169	8176
8170	8176
8171	8178
8172	8178
8173	8178
8174	8180
8175	8180
8176	8180
8177	8183
8178	8185
8179	8186
8180	8188
8181	8188
8182	8188
8183	8188
8184	8190
8185	8191
8186	8192
8187	8192
8188	8193
8189	8195
8190	8195
8191	8195
8192	8196
8193	8197
8194	8199
8195	8199
8196	8199
8197	8200
8198	8202
8199	8203
8200	8205
8201	8206
8202	8208
8203	8208
8204	8208
8205	8211
8206	8213
8207	8213
8208	8213
8209	8215
8210	8215
8211	8215
8212	8217
8213	8217
8214	8217
8215	8219
8216	8221
8217	8221
8218	8222
8219	8224
8220	8224
8221	8224
8222	8225
8223	8226
8224	8228
8225	8228
8226	8228
8227	8229
8228	8231
8229	8234
8230	8236
8231	8237
8232	8239
8233	8242
8234	8244
8235	8245
8236	8247
8237	8247
8238	8247
8239	8248
8240	8250
8241	8250
8242	8250
8243	8252
8244	8253
8245	8255
8246	8255
8247	8255
8248	8256
8249	8258
8250	8258
8251	8258
8252	8260
8253	8261
8254	8262
8255	8262
8256	8263
8257	8264
8258	8264
8259	8265
8260	8267
8261	8270
8262	8272
8263	8272
8264	8272
8265	8274
8266	8274
8267	8274
8268	8276
8269	8276
8270	8276
8271	8277
8272	8279
8273	8279
8274	8279
8275	8279
8276	8281
8277	8282
8278	8284
8279	8285
8280	8287
8281	8290
8282	8292
8283	8292
8284	8292
8285	8294
8286	8294
8287	8294
8288	8296
8289	8296
8290	8296
8291	8297
8292	8299
8293	8299
8294	8299
8295	8302
8296	8303
8297	8304
8298	8306
8299	8306
8300	8306
8301	8308
8302	8309
8303	8311
8304	8311
8305	8311
8306	8312
8307	8314
8308	8314
8309	8314
8310	8316
8311	8317
8312	8319
8313	8319
8314	8319
8315	8320
8316	8322
8317	8322
8318	8322
8319	8323
8320	8325
8321	8327
8322	8329
8323	8330
8324	8332
8325	8332
8326	8332
8327	8332
8328	8334
8329	8334
8330	8335
8331	8337
8332	8337
8333	8337
8334	8338
8335	8340
8336	8341
8337	8343
8338	8343
8339	8343
8340	8346
8341	8348
8342	8348
8343	8348
8344	8350
8345	8350
8346	8350
8347	8352
8348	8352
8349	8352
8350	8354
8351	8355
8352	8357
8353	8358
8354	8360
8355	8363
8356	8365
8357	8365
8358	8365
8359	8367
8360	8367
8361	8367
8362	8369
8363	8369
8364	8369
8365	8370
8366	8372
8367	8372
8368	8372
8369	8373
8370	8375
8371	8376
8372	8378
8373	8378
8374	8378
8375	8378
8376	8379
8377	8381
8378	8384
8379	8386
8380	8387
8381	8388
8382	8388
8383	8389
8384	8391
8385	8391
8386	8391
8387	8393
8388	8394
8389	8395
8390	8395
8391	8396
8392	8398
8393	8398
8394	8398
8395	8400
8396	8401
8397	8403
8398	8403
8399	8403
8400	8404
8401	8406
8402	8406
8403	8406
8404	8407
8405	8409
8406	8410
8407	8412
8408	8412
8409	8412
8410	8415
8411	8417
8412	8417
8413	8417
8414	8419
8415	8419
8416	8419
8417	8421
8418	8421
8419	8421
8420	8422
8421	8424
8422	8425
8423	8427
8424	8428
8425	8430
8426	8433
8427	8435
8428	8435
8429	8435
8430	8437
8431	8437
8432	8437
8433	8439
8434	8439
8435	8439
8436	8440
8437	8442
8438	8442
8439	8442
8440	8445
8441	8447
8442	8448
8443	8450
8444	8450
8445	8450
8446	8451
8447	8453
8448	8453
8449	8453
8450	8455
8451	8456
8452	8458
8453	8458
8454	8458
8455	8459
8456	8461
8457	8461
8458	8461
8459	8463
8460	8464
8461	8466
8462	8466
8463	8466
8464	8467
8465	8469
8466	8469
8467	8469
8468	8472
8469	8474
8470	8475
8471	8477
8472	8479
8473	8481
8474	8481
8475	8481
8476	8483
8477	8483
8478	8483
8479	8484
8480	8486
8481	8486
8482	8486
8483	8487
8484	8489
8485	8491
8486	8493
8487	8493
8488	8493
8489	8495
8490	8495
8491	8495
8492	8496
8493	8497
8494	8497
8495	8499
8496	8500
8497	8502
8498	8503
8499	8505
8500	8505
8501	8505
8502	8507
8503	8508
8504	8508
8505	8510
8506	8510
8507	8510
8508	8511
8509	8513
8510	8516
8511	8518
8512	8518
8513	8518
8514	8520
8515	8520
8516	8520
8517	8522
8518	8522
8519	8522
8520	8523
8521	8525
8522	8525
8523	8525
8524	8527
8525	8528
8526	8530
8527	8531
8528	8533
8529	8533
8530	8533
8531	8536
8532	8538
8533	8538
8534	8538
8535	8540
8536	8540
8537	8540
8538	8541
8539	8541
8540	8541
8541	8543
8542	8544
8543	8546
8544	8547
8545	8549
8546	8552
8547	8554
8548	8555
8549	8556
8550	8557
8551	8559
8552	8559
8553	8559
8554	8560
8555	8562
8556	8565
8557	8567
8558	8567
8559	8567
8560	8569
8561	8569
8562	8569
8563	8571
8564	8571
8565	8571
8566	8572
8567	8574
8568	8574
8569	8574
8570	8576
8571	8577
8572	8579
8573	8580
8574	8582
8575	8582
8576	8582
8577	8585
8578	8587
8579	8587
8580	8587
8581	8588
8582	8588
8583	8590
8584	8590
8585	8590
8586	8591
8587	8593
8588	8595
8589	8597
8590	8597
8591	8597
8592	8599
8593	8599
8594	8599
8595	8600
8596	8602
8597	8602
8598	8602
8599	8604
8600	8605
8601	8607
8602	8608
8603	8610
8604	8610
8605	8610
8606	8613
8607	8615
8608	8615
8609	8615
8610	8617
8611	8617
8612	8617
8613	8619
8614	8619
8615	8619
8616	8620
8617	8622
8618	8623
8619	8625
8620	8625
8621	8625
8622	8628
8623	8630
8624	8630
8625	8630
8626	8631
8627	8631
8628	8632
8629	8632
8630	8633
8631	8635
8632	8638
8633	8640
8634	8641
8635	8643
8636	8643
8637	8643
8638	8644
8639	8646
8640	8646
8641	8646
8642	8648
8643	8649
8644	8651
8645	8651
8646	8651
8647	8651
8648	8653
8649	8654
8650	8656
8651	8656
8652	8656
8653	8657
8654	8659
8655	8659
8656	8659
8657	8660
8658	8662
8659	8663
8660	8664
8661	8664
8662	8667
8663	8669
8664	8669
8665	8669
8666	8671
8667	8671
8668	8671
8669	8673
8670	8673
8671	8673
8672	8675
8673	8677
8674	8678
8675	8680
8676	8681
8677	8683
8678	8686
8679	8688
8680	8688
8681	8688
8682	8690
8683	8690
8684	8690
8685	8692
8686	8692
8687	8692
8688	8693
8689	8695
8690	8695
8691	8695
8692	8697
8693	8699
8694	8700
8695	8702
8696	8702
8697	8702
8698	8703
8699	8704
8700	8704
8701	8706
8702	8707
8703	8709
8704	8709
8705	8709
8706	8710
8707	8712
8708	8712
8709	8712
8710	8713
8711	8714
8712	8715
8713	8717
8714	8718
8715	8720
8716	8720
8717	8720
8718	8723
8719	8725
8720	8725
8721	8725
8722	8727
8723	8727
8724	8727
8725	8729
8726	8729
8727	8729
8728	8731
8729	8732
8730	8734
8731	8735
8732	8737
8733	8738
8734	8740
8735	8740
8736	8740
8737	8743
8738	8745
8739	8745
8740	8745
8741	8747
8742	8747
8743	8747
8744	8749
8745	8749
8746	8749
8747	8751
8748	8752
8749	8753
8750	8755
8751	8755
8752	8755
8753	8756
8754	8757
8755	8759
8756	8759
8757	8759
8758	8760
8759	8762
8760	8763
8761	8765
8762	8766
8763	8768
8764	8768
8765	8768
8766	8771
8767	8773
8768	8773
8769	8773
8770	8775
8771	8775
8772	8775
8773	8777
8774	8777
8775	8777
8776	8780
8777	8782
8778	8782
8779	8783
8780	8785
8781	8785
8782	8785
8783	8787
8784	8788
8785	8789
8786	8789
8787	8790
8788	8792
8789	8792
8790	8792
8791	8793
8792	8794
8793	8796
8794	8796
8795	8796
8796	8797
8797	8799
8798	8802
8799	8804
8800	8804
8801	8805
8802	8807
8803	8810
8804	8812
8805	8813
8806	8815
8807	8815
8808	8815
8809	8816
8810	8818
8811	8818
8812	8818
8813	8820
8814	8821
8815	8823
8816	8823
8817	8823
8818	8824
8819	8826
8820	8826
8821	8826
8822	8828
8823	8829
8824	8830
8825	8830
8826	8831
8827	8832
8828	8832
8829	8833
8830	8835
8831	8838
8832	8840
8833	8840
8834	8840
8835	8842
8836	8842
8837	8842
8838	8844
8839	8844
8840	8844
8841	8845
8842	8847
8843	8847
8844	8847
8845	8849
8846	8850
8847	8851
8848	8852
8849	8854
8850	8857
8851	8859
8852	8859
8853	8859
8854	8861
8855	8861
8856	8861
8857	8863
8858	8863
8859	8863
8860	8864
8861	8866
8862	8866
8863	8866
8864	8867
8865	8869
8866	8872
8867	8874
8868	8875
8869	8877
8870	8877
8871	8877
8872	8878
8873	8879
8874	8879
8875	8881
8876	8882
8877	8884
8878	8884
8879	8884
8880	8885
8881	8887
8882	8887
8883	8887
8884	8889
8885	8890
8886	8892
8887	8892
8888	8892
8889	8893
8890	8895
8891	8895
8892	8895
8893	8896
8894	8898
8895	8899
8896	8901
8897	8901
8898	8901
8899	8904
8900	8906
8901	8906
8902	8906
8903	8908
8904	8908
8905	8908
8906	8910
8907	8910
8908	8910
8909	8912
8910	8913
8911	8915
8912	8916
8913	8918
8914	8921
8915	8923
8916	8923
8917	8923
8918	8925
8919	8925
8920	8925
8921	8927
8922	8927
8923	8927
8924	8928
8925	8930
8926	8930
8927	8930
8928	8933
8929	8935
8930	8936
8931	8938
8932	8938
8933	8938
8934	8939
8935	8940
8936	8940
8937	8941
8938	8942
8939	8944
8940	8944
8941	8944
8942	8946
8943	8947
8944	8949
8945	8949
8946	8949
8947	8950
8948	8952
8949	8952
8950	8952
8951	8953
8952	8955
8953	8957
8954	8958
8955	8959
8956	8961
8957	8961
8958	8961
8959	8963
8960	8964
8961	8966
8962	8966
8963	8966
8964	8966
8965	8967
8966	8969
8967	8970
8968	8972
8969	8972
8970	8972
8971	8975
8972	8977
8973	8977
8974	8977
8975	8979
8976	8979
8977	8979
8978	8981
8979	8981
8980	8981
8981	8982
8982	8984
8983	8985
8984	8987
8985	8988
8986	8990
8987	8993
8988	8995
8989	8995
8990	8995
8991	8997
8992	8997
8993	8997
8994	8999
8995	8999
8996	8999
8997	9000
8998	9002
8999	9002
9000	9002
9001	9005
9002	9007
9003	9008
9004	9010
9005	9010
9006	9010
9007	9011
9008	9013
9009	9013
9010	9013
9011	9015
9012	9016
9013	9018
9014	9018
9015	9018
9016	9019
9017	9021
9018	9021
9019	9021
9020	9023
9021	9024
9022	9026
9023	9026
9024	9026
9025	9027
9026	9029
9027	9029
9028	9029
9029	9032
9030	9034
9031	9035
9032	9037
9033	9039
9034	9041
9035	9041
9036	9041
9037	9043
9038	9043
9039	9043
9040	9044
9041	9045
9042	9045
9043	9046
9044	9048
9045	9050
9046	9052
9047	9052
9048	9052
9049	9054
9050	9054
9051	9054
9052	9055
9053	9057
9054	9057
9055	9057
9056	9059
9057	9060
9058	9062
9059	9063
9060	9065
9061	9065
9062	9065
9063	9067
9064	9068
9065	9068
9066	9070
9067	9070
9068	9070
9069	9071
9070	9073
9071	9076
9072	9078
9073	9078
9074	9078
9075	9080
9076	9080
9077	9080
9078	9082
9079	9082
9080	9082
9081	9083
9082	9085
9083	9085
9084	9085
9085	9087
9086	9087
9087	9088
9088	9090
9089	9091
9090	9093
9091	9093
9092	9093
9093	9096
9094	9098
9095	9098
9096	9098
9097	9100
9098	9100
9099	9100
9100	9101
9101	9101
9102	9103
9103	9104
9104	9106
9105	9107
9106	9109
9107	9110
9108	9112
9109	9115
9110	9117
9111	9118
9112	9120
9113	9120
9114	9120
9115	9121
9116	9123
9117	9123
9118	9123
9119	9125
9120	9126
9121	9128
9122	9128
9123	9128
9124	9129
9125	9131
9126	9131
9127	9131
9128	9133
9129	9134
9130	9136
9131	9136
9132	9136
9133	9137
9134	9139
9135	9139
9136	9139
9137	9140
9138	9142
9139	9145
9140	9147
9141	9147
9142	9147
9143	9149
9144	9149
9145	9149
9146	9151
9147	9151
9148	9151
9149	9152
9150	9154
9151	9154
9152	9154
9153	9157
9154	9159
9155	9160
9156	9162
9157	9163
9158	9165
9159	9165
9160	9165
9161	9167
9162	9169
9163	9169
9164	9169
9165	9171
9166	9171
9167	9171
9168	9172
9169	9174
9170	9177
9171	9179
9172	9179
9173	9179
9174	9181
9175	9181
9176	9181
9177	9183
9178	9183
9179	9183
9180	9184
9181	9186
9182	9186
9183	9186
9184	9188
9185	9189
9186	9191
9187	9192
9188	9194
9189	9194
9190	9194
9191	9196
9192	9198
9193	9198
9194	9198
9195	9200
9196	9200
9197	9200
9198	9201
9199	9203
9200	9206
9201	9208
9202	9208
9203	9208
9204	9210
9205	9210
9206	9210
9207	9212
9208	9212
9209	9212
9210	9213
9211	9215
9212	9215
9213	9215
9214	9217
9215	9218
9216	9220
9217	9221
9218	9223
9219	9223
9220	9223
9221	9226
9222	9228
9223	9228
9224	9228
9225	9230
9226	9230
9227	9230
9228	9231
9229	9231
9230	9232
9231	9234
9232	9235
9233	9237
9234	9237
9235	9237
9236	9240
9237	9241
9238	9241
9239	9243
9240	9243
9241	9243
9242	9244
9243	9244
9244	9247
9245	9249
9246	9250
9247	9252
9248	9254
9249	9256
9250	9257
9251	9259
9252	9259
9253	9259
9254	9260
9255	9262
9256	9262
9257	9262
9258	9264
9259	9265
9260	9267
9261	9267
9262	9267
9263	9268
9264	9270
9265	9270
9266	9270
9267	9271
9268	9273
9269	9276
9270	9278
9271	9278
9272	9278
9273	9280
9274	9280
9275	9280
9276	9282
9277	9282
9278	9282
9279	9283
9280	9284
9281	9284
9282	9284
9283	9286
9284	9287
9285	9288
9286	9289
9287	9291
9288	9294
9289	9295
9290	9295
9291	9297
9292	9297
9293	9297
9294	9299
9295	9299
9296	9299
9297	9300
9298	9302
9299	9302
9300	9302
9301	9303
9302	9305
9303	9308
9304	9310
9305	9311
9306	9312
9307	9312
9308	9313
9309	9315
9310	9315
9311	9315
9312	9317
9313	9317
9314	9318
9315	9320
9316	9320
9317	9320
9318	9322
9319	9323
9320	9325
9321	9325
9322	9325
9323	9325
9324	9326
9325	9328
9326	9329
9327	9331
9328	9331
9329	9331
9330	9334
9331	9336
9332	9336
9333	9336
9334	9338
9335	9338
9336	9338
9337	9340
9338	9340
9339	9340
9340	9341
9341	9342
9342	9344
9343	9345
9344	9347
9345	9348
9346	9350
9347	9350
9348	9350
9349	9353
9350	9355
9351	9355
9352	9355
9353	9357
9354	9357
9355	9357
9356	9359
9357	9359
9358	9359
9359	9362
9360	9364
9361	9365
9362	9366
9363	9366
9364	9367
9365	9369
9366	9369
9367	9369
9368	9371
9369	9371
9370	9372
9371	9374
9372	9374
9373	9374
9374	9375
9375	9376
9376	9378
9377	9378
9378	9378
9379	9379
9380	9381
9381	9382
9382	9384
9383	9385
9384	9387
9385	9390
9386	9392
9387	9393
9388	9395
9389	9395
9390	9395
9391	9396
9392	9398
9393	9398
9394	9398
9395	9400
9396	9401
9397	9403
9398	9403
9399	9403
9400	9404
9401	9406
9402	9406
9403	9406
9404	9408
9405	9409
9406	9411
9407	9411
9408	9411
9409	9412
9410	9414
9411	9414
9412	9414
9413	9415
9414	9417
9415	9420
9416	9422
9417	9422
9418	9422
9419	9424
9420	9424
9421	9424
9422	9426
9423	9426
9424	9426
9425	9427
9426	9429
9427	9429
9428	9429
9429	9432
9430	9434
9431	9435
9432	9437
9433	9438
9434	9440
9435	9440
9436	9440
9437	9442
9438	9444
9439	9444
9440	9444
9441	9446
9442	9446
9443	9446
9444	9447
9445	9449
9446	9452
9447	9454
9448	9454
9449	9454
9450	9456
9451	9456
9452	9456
9453	9458
9454	9458
9455	9458
9456	9459
9457	9461
9458	9461
9459	9461
9460	9463
9461	9464
9462	9466
9463	9467
9464	9469
9465	9469
9466	9469
9467	9471
9468	9473
9469	9473
9470	9473
9471	9475
9472	9475
9473	9475
9474	9476
9475	9478
9476	9481
9477	9483
9478	9483
9479	9483
9480	9485
9481	9485
9482	9485
9483	9487
9484	9487
9485	9487
9486	9488
9487	9490
9488	9490
9489	9490
9490	9492
9491	9493
9492	9495
9493	9496
9494	9498
9495	9498
9496	9498
9497	9501
9498	9502
9499	9502
9500	9504
9501	9504
9502	9504
9503	9505
9504	9505
9505	9506
9506	9508
9507	9509
9508	9511
9509	9511
9510	9511
9511	9514
9512	9516
9513	9516
9514	9516
9515	9518
9516	9518
9517	9518
9518	9519
9519	9519
9520	9522
9521	9524
9522	9524
9523	9525
9524	9527
9525	9529
9526	9531
9527	9532
9528	9534
9529	9534
9530	9534
9531	9535
9532	9537
9533	9537
9534	9537
9535	9539
9536	9540
9537	9542
9538	9542
9539	9542
9540	9543
9541	9545
9542	9545
9543	9545
9544	9546
9545	9548
9546	9551
9547	9553
9548	9553
9549	9553
9550	9555
9551	9555
9552	9555
9553	9557
9554	9557
9555	9557
9556	9558
9557	9559
9558	9559
9559	9561
9560	9562
9561	9563
9562	9564
9563	9566
9564	9569
9565	9570
9566	9570
9567	9572
9568	9572
9569	9572
9570	9574
9571	9574
9572	9574
9573	9575
9574	9577
9575	9577
9576	9577
9577	9578
9578	9580
9579	9583
9580	9585
9581	9586
9582	9588
9583	9588
9584	9588
9585	9589
9586	9590
9587	9590
9588	9592
9589	9593
9590	9595
9591	9595
9592	9595
9593	9595
9594	9597
9595	9597
9596	9598
9597	9600
9598	9600
9599	9600
9600	9601
9601	9603
9602	9604
9603	9606
9604	9606
9605	9606
9606	9609
9607	9611
9608	9611
9609	9611
9610	9613
9611	9613
9612	9613
9613	9615
9614	9615
9615	9615
9616	9616
9617	9617
9618	9619
9619	9620
9620	9622
9621	9623
9622	9625
9623	9625
9624	9625
9625	9628
9626	9630
9627	9630
9628	9630
9629	9632
9630	9632
9631	9632
9632	9634
9633	9634
9634	9634
9635	9637
9636	9639
9637	9640
9638	9642
9639	9642
9640	9642
9641	9643
9642	9644
9643	9644
9644	9646
9645	9646
9646	9647
9647	9649
9648	9649
9649	9649
9650	9650
9651	9651
9652	9653
9653	9653
9654	9654
9655	9657
9656	9658
9657	9660
9658	9663
9659	9665
9660	9666
9661	9668
9662	9671
9663	9673
9664	9674
9665	9675
9666	9676
9667	9678
9668	9681
9669	9681
9670	9681
9671	9681
9672	9682
9673	9682
9674	9683
9675	9685
9676	9688
9677	9690
9678	9691
9679	9691
9680	9692
9681	9692
9682	9694
9683	9695
9684	9695
9685	9696
9686	9696
9687	9698
9688	9699
9689	9699
9690	9700
9691	9700
9692	9701
9693	9703
9694	9706
9695	9706
9696	9706
9697	9706
9698	9707
9699	9707
9700	9709
9701	9710
9702	9712
9703	9713
9704	9715
9705	9718
9706	9718
9707	9718
9708	9718
9709	9719
9710	9719
9711	9722
9712	9724
9713	9725
9714	9725
9715	9726
9716	9726
9717	9727
9718	9728
9719	9728
9720	9730
9721	9731
9722	9731
9723	9732
9724	9732
9725	9733
9726	9735
9727	9738
9728	9740
9729	9741
9730	9741
9731	9742
9732	9742
9733	9744
9734	9745
9735	9745
9736	9746
9737	9746
9738	9748
9739	9749
9740	9749
9741	9750
9742	9750
9743	9751
9744	9753
9745	9754
9746	9754
9747	9757
9748	9757
9749	9757
9750	9757
9751	9759
9752	9760
9753	9762
9754	9763
9755	9765
9756	9766
9757	9766
9758	9769
9759	9769
9760	9769
9761	9769
9762	9772
9763	9774
9764	9775
9765	9775
9766	9776
9767	9776
9768	9778
9769	9779
9770	9779
9771	9780
9772	9780
9773	9782
9774	9783
9775	9783
9776	9784
9777	9784
9778	9785
9779	9787
9780	9788
9781	9790
9782	9791
9783	9791
9784	9794
9785	9794
9786	9794
9787	9794
9788	9797
9789	9799
9790	9800
9791	9800
9792	9801
9793	9801
9794	9803
9795	9804
9796	9804
9797	9805
9798	9805
9799	9806
9800	9807
9801	9807
9802	9808
9803	9810
9804	9813
9805	9815
9806	9816
9807	9818
9808	9821
9809	9821
9810	9821
9811	9821
9812	9822
9813	9822
9814	9823
9815	9825
9816	9827
9817	9827
9818	9827
9819	9828
9820	9828
9821	9830
9822	9831
9823	9833
9824	9834
9825	9834
9826	9837
9827	9837
9828	9837
9829	9837
9830	9837
9831	9839
9832	9840
9833	9842
9834	9843
9835	9843
9836	9845
9837	9845
9838	9845
9839	9846
9840	9848
9841	9851
9842	9851
9843	9851
9844	9851
9845	9852
9846	9852
9847	9853
9848	9855
9849	9856
9850	9858
9851	9859
9852	9859
9853	9862
9854	9862
9855	9862
9856	9862
9857	9865
9858	9867
9859	9868
9860	9868
9861	9869
9862	9869
9863	9871
9864	9872
9865	9872
9866	9873
9867	9873
9868	9875
9869	9876
9870	9876
9871	9876
9872	9877
9873	9879
9874	9882
9875	9884
9876	9885
9877	9887
9878	9890
9879	9892
9880	9893
9881	9893
9882	9894
9883	9894
9884	9896
9885	9897
9886	9897
9887	9898
9888	9898
9889	9900
9890	9901
9891	9901
9892	9902
9893	9902
9894	9903
9895	9905
9896	9908
9897	9908
9898	9908
9899	9908
9900	9909
9901	9909
9902	9910
9903	9912
9904	9915
9905	9917
9906	9918
9907	9918
9908	9918
9909	9920
9910	9921
9911	9921
9912	9922
9913	9922
9914	9924
9915	9925
9916	9925
9917	9926
9918	9926
9919	9927
9920	9929
9921	9932
9922	9932
9923	9932
9924	9932
9925	9933
9926	9933
9927	9935
9928	9936
9929	9938
9930	9939
9931	9941
9932	9944
9933	9944
9934	9944
9935	9944
9936	9945
9937	9945
9938	9948
9939	9949
9940	9950
9941	9950
9942	9952
9943	9953
9944	9953
9945	9954
9946	9954
9947	9956
9948	9957
9949	9957
9950	9958
9951	9958
9952	9959
9953	9961
9954	9964
9955	9966
9956	9967
9957	9967
9958	9968
9959	9968
9960	9970
9961	9971
9962	9971
9963	9972
9964	9972
9965	9974
9966	9975
9967	9975
9968	9976
9969	9976
9970	9977
9971	9979
9972	9980
9973	9980
9974	9983
9975	9983
9976	9983
9977	9983
9978	9985
9979	9986
9980	9988
9981	9989
9982	9991
9983	9992
9984	9992
9985	9995
9986	9995
9987	9995
9988	9995
9989	9998
9990	10000
9991	10001
9992	10001
9993	10002
9994	10002
9995	10004
9996	10005
9997	10005
9998	10006
9999	10006
10000	10007
10001	10008
10002	10008
10003	10009
10004	10011
10005	10012
10006	10014
10007	10015
10008	10015
10009	10018
10010	10018
10011	10018
10012	10018
10013	10021
10014	10023
10015	10024
10016	10024
10017	10025
10018	10025
10019	10027
10020	10028
10021	10028
10022	10029
10023	10029
10024	10031
10025	10032
10026	10032
10027	10033
10028	10033
10029	10034
10030	10036
10031	10039
10032	10041
10033	10042
10034	10044
10035	10046
10036	10046
10037	10046
10038	10047
10039	10047
10040	10048
10041	10050
10042	10053
10043	10053
10044	10053
10045	10053
10046	10054
10047	10054
10048	10056
10049	10057
10050	10059
10051	10060
10052	10060
10053	10062
10054	10062
10055	10062
10056	10063
10057	10065
10058	10068
10059	10068
10060	10068
10061	10068
10062	10069
10063	10069
10064	10071
10065	10072
10066	10074
10067	10075
10068	10075
10069	10078
10070	10078
10071	10078
10072	10078
10073	10078
10074	10079
10075	10081
10076	10082
10077	10084
10078	10085
10079	10085
10080	10088
10081	10088
10082	10088
10083	10088
10084	10091
10085	10093
10086	10094
10087	10094
10088	10095
10089	10095
10090	10097
10091	10098
10092	10098
10093	10099
10094	10099
10095	10101
10096	10101
10097	10102
10098	10102
10099	10104
10100	10105
10101	10107
10102	10108
10103	10110
10104	10113
10105	10115
10106	10116
10107	10118
10108	10120
10109	10120
10110	10120
10111	10121
10112	10121
10113	10122
10114	10124
10115	10127
10116	10127
10117	10127
10118	10127
10119	10128
10120	10128
10121	10130
10122	10131
10123	10133
10124	10134
10125	10134
10126	10137
10127	10137
10128	10137
10129	10137
10130	10138
10131	10140
10132	10143
10133	10143
10134	10143
10135	10143
10136	10144
10137	10144
10138	10146
10139	10147
10140	10149
10141	10150
10142	10150
10143	10153
10144	10153
10145	10153
10146	10153
10147	10154
10148	10156
10149	10157
10150	10157
10151	10160
10152	10160
10153	10160
10154	10160
10155	10161
10156	10163
10157	10166
10158	10168
10159	10169
10160	10169
10161	10170
10162	10170
10163	10172
10164	10173
10165	10173
10166	10173
10167	10175
10168	10176
10169	10176
10170	10177
10171	10177
10172	10178
10173	10180
10174	10181
10175	10181
10176	10184
10177	10184
10178	10184
10179	10184
10180	10187
10181	10189
10182	10190
10183	10192
10184	10193
10185	10195
10186	10198
10187	10198
10188	10198
10189	10198
10190	10199
10191	10199
10192	10201
10193	10203
10194	10204
10195	10204
10196	10205
10197	10205
10198	10207
10199	10208
10200	10208
10201	10209
10202	10209
10203	10210
10204	10212
10205	10215
10206	10217
10207	10218
10208	10218
10209	10219
10210	10219
10211	10221
10212	10222
10213	10222
10214	10223
10215	10223
10216	10224
10217	10225
10218	10225
10219	10226
10220	10228
10221	10229
10222	10229
10223	10232
10224	10232
10225	10232
10226	10232
10227	10233
10228	10234
10229	10236
10230	10239
10231	10241
10232	10241
10233	10242
10234	10242
10235	10244
10236	10245
10237	10245
10238	10246
10239	10246
10240	10248
10241	10249
10242	10249
10243	10250
10244	10250
10245	10251
10246	10253
10247	10254
10248	10254
10249	10257
10250	10257
10251	10257
10252	10257
10253	10259
10254	10260
10255	10262
10256	10263
10257	10265
10258	10266
10259	10266
10260	10269
10261	10269
10262	10269
10263	10269
10264	10272
10265	10274
10266	10275
10267	10275
10268	10276
10269	10276
10270	10277
10271	10278
10272	10278
10273	10279
10274	10280
10275	10280
10276	10281
10277	10283
10278	10284
10279	10286
10280	10287
10281	10287
10282	10290
10283	10290
10284	10290
10285	10290
10286	10293
10287	10295
10288	10295
10289	10296
10290	10296
10291	10298
10292	10299
10293	10299
10294	10300
10295	10300
10296	10301
10297	10302
10298	10302
10299	10303
10300	10305
10301	10308
10302	10310
10303	10311
10304	10312
10305	10313
10306	10315
10307	10318
10308	10318
10309	10318
10310	10318
10311	10319
10312	10319
10313	10320
10314	10322
10315	10325
10316	10327
10317	10328
10318	10328
10319	10329
10320	10329
10321	10331
10322	10332
10323	10332
10324	10333
10325	10333
10326	10335
10327	10336
10328	10336
10329	10337
10330	10337
10331	10338
10332	10340
10333	10343
10334	10343
10335	10343
10336	10343
10337	10344
10338	10344
10339	10346
10340	10347
10341	10349
10342	10350
10343	10352
10344	10355
10345	10355
10346	10355
10347	10355
10348	10356
10349	10356
10350	10359
10351	10360
10352	10361
10353	10361
10354	10363
10355	10364
10356	10364
10357	10365
10358	10365
10359	10367
10360	10368
10361	10368
10362	10369
10363	10369
10364	10370
10365	10372
10366	10375
10367	10377
10368	10378
10369	10378
10370	10379
10371	10379
10372	10381
10373	10382
10374	10382
10375	10383
10376	10383
10377	10385
10378	10386
10379	10386
10380	10387
10381	10387
10382	10388
10383	10390
10384	10391
10385	10391
10386	10394
10387	10394
10388	10394
10389	10394
10390	10396
10391	10397
10392	10399
10393	10400
10394	10402
10395	10405
10396	10405
10397	10405
10398	10405
10399	10406
10400	10406
10401	10409
10402	10411
10403	10412
10404	10412
10405	10413
10406	10413
10407	10414
10408	10415
10409	10415
10410	10417
10411	10418
10412	10418
10413	10419
10414	10419
10415	10420
10416	10422
10417	10425
10418	10426
10419	10427
10420	10427
10421	10429
10422	10430
10423	10430
10424	10431
10425	10431
10426	10433
10427	10434
10428	10434
10429	10434
10430	10435
10431	10437
10432	10438
10433	10438
10434	10441
10435	10441
10436	10441
10437	10441
10438	10442
10439	10444
10440	10445
10441	10447
10442	10448
10443	10450
10444	10453
10445	10453
10446	10453
10447	10453
10448	10454
10449	10454
10450	10457
10451	10459
10452	10460
10453	10460
10454	10461
10455	10461
10456	10463
10457	10464
10458	10464
10459	10465
10460	10465
10461	10467
10462	10468
10463	10468
10464	10469
10465	10469
10466	10472
10467	10474
10468	10475
10469	10477
10470	10479
10471	10479
10472	10479
10473	10480
10474	10480
10475	10481
10476	10483
10477	10485
10478	10485
10479	10485
10480	10486
10481	10486
10482	10488
10483	10489
10484	10491
10485	10492
10486	10492
10487	10494
10488	10494
10489	10494
10490	10495
10491	10497
10492	10500
10493	10500
10494	10500
10495	10500
10496	10501
10497	10501
10498	10503
10499	10503
10500	10504
10501	10506
10502	10507
10503	10507
10504	10510
10505	10510
10506	10510
10507	10510
10508	10512
10509	10513
10510	10515
10511	10516
10512	10518
10513	10519
10514	10521
10515	10524
10516	10526
10517	10527
10518	10527
10519	10528
10520	10528
10521	10530
10522	10531
10523	10531
10524	10532
10525	10532
10526	10534
10527	10535
10528	10535
10529	10536
10530	10536
10531	10537
10532	10539
10533	10542
10534	10542
10535	10542
10536	10542
10537	10543
10538	10543
10539	10546
10540	10548
10541	10549
10542	10551
10543	10552
10544	10552
10545	10555
10546	10555
10547	10555
10548	10555
10549	10556
10550	10558
10551	10561
10552	10561
10553	10561
10554	10561
10555	10562
10556	10562
10557	10564
10558	10565
10559	10567
10560	10568
10561	10568
10562	10570
10563	10570
10564	10570
10565	10571
10566	10573
10567	10576
10568	10576
10569	10576
10570	10576
10571	10577
10572	10577
10573	10579
10574	10580
10575	10582
10576	10583
10577	10583
10578	10586
10579	10586
10580	10586
10581	10586
10582	10587
10583	10589
10584	10590
10585	10590
10586	10593
10587	10593
10588	10593
10589	10593
10590	10596
10591	10598
10592	10599
10593	10601
10594	10603
10595	10605
10596	10606
10597	10606
10598	10607
10599	10607
10600	10609
10601	10610
10602	10610
10603	10611
10604	10611
10605	10612
10606	10614
10607	10617
10608	10617
10609	10617
10610	10617
10611	10618
10612	10618
10613	10619
10614	10620
10615	10621
10616	10623
10617	10626
10618	10626
10619	10626
10620	10626
10621	10627
10622	10627
10623	10629
10624	10630
10625	10631
10626	10632
10627	10634
10628	10637
10629	10637
10630	10637
10631	10637
10632	10638
10633	10638
10634	10639
10635	10641
10636	10644
10637	10646
10638	10647
10639	10647
10640	10648
10641	10648
10642	10650
10643	10650
10644	10651
10645	10651
10646	10653
10647	10654
10648	10654
10649	10655
10650	10655
10651	10656
10652	10658
10653	10659
10654	10659
10655	10662
10656	10662
10657	10662
10658	10662
10659	10664
10660	10665
10661	10667
10662	10668
10663	10670
10664	10671
10665	10671
10666	10674
10667	10674
10668	10674
10669	10674
10670	10677
10671	10678
10672	10679
10673	10679
10674	10680
10675	10681
10676	10681
10677	10682
10678	10683
10679	10683
10680	10684
10681	10686
10682	10687
10683	10689
10684	10690
10685	10690
10686	10693
10687	10693
10688	10693
10689	10693
10690	10696
10691	10698
10692	10699
10693	10699
10694	10700
10695	10700
10696	10702
10697	10702
10698	10703
10699	10703
10700	10704
10701	10705
10702	10705
10703	10706
10704	10708
10705	10709
10706	10711
10707	10712
10708	10714
10709	10717
10710	10719
10711	10720
10712	10720
10713	10721
10714	10721
10715	10723
10716	10724
10717	10724
10718	10725
10719	10725
10720	10727
10721	10728
10722	10728
10723	10729
10724	10729
10725	10730
10726	10732
10727	10735
10728	10735
10729	10735
10730	10735
10731	10736
10732	10736
10733	10739
10734	10741
10735	10742
10736	10744
10737	10745
10738	10745
10739	10747
10740	10747
10741	10747
10742	10748
10743	10750
10744	10753
10745	10753
10746	10753
10747	10753
10748	10754
10749	10754
10750	10756
10751	10757
10752	10759
10753	10760
10754	10760
10755	10762
10756	10762
10757	10762
10758	10763
10759	10765
10760	10768
10761	10768
10762	10768
10763	10768
10764	10769
10765	10769
10766	10771
10767	10772
10768	10774
10769	10775
10770	10775
10771	10778
10772	10778
10773	10778
10774	10778
10775	10779
10776	10781
10777	10782
10778	10782
10779	10785
10780	10785
10781	10785
10782	10785
10783	10788
10784	10790
10785	10791
10786	10792
10787	10793
10788	10795
10789	10798
10790	10798
10791	10798
10792	10798
10793	10799
10794	10799
10795	10800
10796	10802
10797	10804
10798	10806
10799	10807
10800	10807
10801	10808
10802	10808
10803	10810
10804	10811
10805	10811
10806	10812
10807	10812
10808	10813
10809	10815
10810	10818
10811	10818
10812	10818
10813	10818
10814	10819
10815	10819
10816	10821
10817	10822
10818	10824
10819	10825
10820	10827
10821	10830
10822	10830
10823	10830
10824	10830
10825	10831
10826	10831
10827	10834
10828	10835
10829	10836
10830	10836
10831	10838
10832	10839
10833	10839
10834	10840
10835	10840
10836	10841
10837	10842
10838	10842
10839	10843
10840	10845
10841	10848
10842	10850
10843	10851
10844	10851
10845	10852
10846	10852
10847	10854
10848	10855
10849	10855
10850	10855
10851	10857
10852	10857
10853	10858
10854	10858
10855	10859
10856	10861
10857	10862
10858	10862
10859	10865
10860	10865
10861	10865
10862	10865
10863	10866
10864	10867
10865	10869
10866	10870
10867	10872
10868	10873
10869	10873
10870	10876
10871	10876
10872	10876
10873	10876
10874	10879
10875	10881
10876	10882
10877	10882
10878	10883
10879	10883
10880	10885
10881	10885
10882	10886
10883	10886
10884	10887
10885	10888
10886	10888
10887	10889
10888	10891
10889	10894
10890	10896
10891	10897
10892	10899
10893	10902
10894	10904
10895	10905
10896	10906
10897	10907
10898	10907
10899	10908
10900	10910
10901	10913
10902	10913
10903	10913
10904	10913
10905	10914
10906	10914
10907	10916
10908	10917
10909	10919
10910	10920
10911	10920
10912	10923
10913	10923
10914	10923
10915	10923
10916	10924
10917	10926
10918	10929
10919	10929
10920	10929
10921	10929
10922	10930
10923	10930
10924	10932
10925	10933
10926	10935
10927	10936
10928	10936
10929	10939
10930	10939
10931	10939
10932	10939
10933	10940
10934	10942
10935	10943
10936	10943
10937	10946
10938	10946
10939	10946
10940	10946
10941	10947
10942	10949
10943	10952
10944	10954
10945	10955
10946	10955
10947	10956
10948	10956
10949	10958
10950	10959
10951	10959
10952	10959
10953	10961
10954	10962
10955	10962
10956	10963
10957	10963
10958	10964
10959	10966
10960	10967
10961	10967
10962	10970
10963	10970
10964	10970
10965	10970
10966	10971
10967	10973
10968	10975
10969	10977
10970	10978
10971	10980
10972	10983
10973	10983
10974	10983
10975	10983
10976	10984
10977	10984
10978	10984
10979	10986
10980	10987
10981	10989
10982	10990
10983	10990
10984	10993
10985	10993
10986	10993
10987	10993
10988	10993
10989	10994
10990	10996
10991	10999
10992	11001
10993	11002
10994	11002
10995	11003
10996	11003
10997	11005
10998	11006
10999	11006
11000	11007
11001	11007
11002	11009
11003	11010
11004	11010
11005	11010
11006	11011
11007	11013
11008	11014
11009	11014
11010	11017
11011	11017
11012	11017
11013	11017
11014	11019
11015	11020
11016	11022
11017	11023
11018	11025
11019	11028
11020	11030
11021	11031
11022	11031
11023	11032
11024	11032
11025	11034
11026	11035
11027	11035
11028	11036
11029	11036
11030	11038
11031	11039
11032	11039
11033	11040
11034	11040
11035	11041
11036	11043
11037	11046
11038	11046
11039	11046
11040	11046
11041	11047
11042	11047
11043	11050
11044	11051
11045	11052
11046	11054
11047	11057
11048	11057
11049	11057
11050	11057
11051	11058
11052	11058
11053	11060
11054	11061
11055	11063
11056	11064
11057	11064
11058	11066
11059	11066
11060	11066
11061	11067
11062	11069
11063	11072
11064	11072
11065	11072
11066	11072
11067	11073
11068	11073
11069	11075
11070	11076
11071	11078
11072	11079
11073	11079
11074	11082
11075	11082
11076	11082
11077	11082
11078	11083
11079	11085
11080	11086
11081	11086
11082	11089
11083	11089
11084	11089
11085	11089
11086	11089
11087	11091
11088	11092
11089	11094
11090	11095
11091	11097
11092	11100
11093	11102
11094	11103
11095	11103
11096	11104
11097	11104
11098	11106
11099	11107
11100	11107
11101	11108
11102	11108
11103	11110
11104	11111
11105	11111
11106	11112
11107	11112
11108	11113
11109	11115
11110	11118
11111	11118
11112	11118
11113	11118
11114	11119
11115	11119
11116	11121
11117	11123
11118	11124
11119	11126
11120	11127
11121	11127
11122	11129
11123	11129
11124	11129
11125	11129
11126	11130
11127	11131
11128	11133
11129	11136
11130	11136
11131	11136
11132	11136
11133	11137
11134	11137
11135	11138
11136	11140
11137	11143
11138	11145
11139	11146
11140	11147
11141	11148
11142	11148
11143	11149
11144	11151
11145	11154
11146	11154
11147	11154
11148	11154
11149	11155
11150	11155
11151	11157
11152	11158
11153	11159
11154	11160
11155	11160
11156	11161
11157	11163
11158	11166
11159	11166
11160	11166
11161	11166
11162	11167
11163	11167
11164	11169
11165	11170
11166	11172
11167	11173
11168	11173
11169	11176
11170	11176
11171	11176
11172	11176
11173	11177
11174	11179
11175	11181
11176	11181
11177	11181
11178	11182
11179	11182
11180	11183
11181	11185
11182	11186
11183	11188
11184	11189
11185	11189
11186	11192
11187	11192
11188	11192
11189	11192
11190	11195
11191	11197
11192	11198
11193	11198
11194	11199
11195	11199
11196	11201
11197	11202
11198	11202
11199	11203
11200	11203
11201	11205
11202	11205
11203	11206
11204	11206
11205	11207
11206	11209
11207	11210
11208	11212
11209	11213
11210	11215
11211	11218
11212	11220
11213	11221
11214	11221
11215	11222
11216	11222
11217	11224
11218	11225
11219	11225
11220	11226
11221	11226
11222	11228
11223	11229
11224	11229
11225	11230
11226	11230
11227	11231
11228	11233
11229	11236
11230	11236
11231	11236
11232	11236
11233	11237
11234	11237
11235	11240
11236	11242
11237	11243
11238	11245
11239	11246
11240	11246
11241	11248
11242	11248
11243	11248
11244	11249
11245	11251
11246	11254
11247	11254
11248	11254
11249	11254
11250	11255
11251	11255
11252	11257
11253	11258
11254	11260
11255	11261
11256	11261
11257	11264
11258	11264
11259	11264
11260	11264
11261	11265
11262	11267
11263	11270
11264	11270
11265	11270
11266	11270
11267	11271
11268	11271
11269	11273
11270	11274
11271	11276
11272	11277
11273	11277
11274	11280
11275	11280
11276	11280
11277	11280
11278	11281
11279	11283
11280	11284
11281	11284
11282	11287
11283	11287
11284	11287
11285	11287
11286	11290
11287	11292
11288	11293
11289	11295
11290	11297
11291	11299
11292	11299
11293	11300
11294	11300
11295	11302
11296	11303
11297	11303
11298	11303
11299	11304
11300	11306
11301	11309
11302	11309
11303	11309
11304	11309
11305	11310
11306	11310
11307	11311
11308	11313
11309	11315
11310	11317
11311	11318
11312	11318
11313	11319
11314	11319
11315	11321
11316	11322
11317	11322
11318	11323
11319	11323
11320	11324
11321	11326
11322	11329
11323	11329
11324	11329
11325	11329
11326	11330
11327	11330
11328	11332
11329	11333
11330	11335
11331	11336
11332	11338
11333	11341
11334	11341
11335	11341
11336	11341
11337	11342
11338	11342
11339	11344
11340	11345
11341	11346
11342	11346
11343	11348
11344	11349
11345	11349
11346	11349
11347	11350
11348	11352
11349	11355
11350	11357
11351	11358
11352	11358
11353	11359
11354	11359
11355	11361
11356	11362
11357	11362
11358	11363
11359	11363
11360	11365
11361	11365
11362	11366
11363	11366
11364	11367
11365	11369
11366	11370
11367	11370
11368	11373
11369	11373
11370	11373
11371	11373
11372	11375
11373	11376
11374	11378
11375	11379
11376	11381
11377	11382
11378	11382
11379	11385
11380	11385
11381	11385
11382	11385
11383	11388
11384	11390
11385	11391
11386	11391
11387	11392
11388	11392
11389	11394
11390	11394
11391	11395
11392	11395
11393	11396
11394	11397
11395	11397
11396	11397
11397	11398
11398	11400
11399	11403
11400	11405
11401	11406
11402	11408
11403	11411
11404	11413
11405	11414
11406	11416
11407	11419
11408	11421
11409	11421
11410	11422
11411	11422
11412	11424
11413	11425
11414	11425
11415	11426
11416	11426
11417	11428
11418	11429
11419	11429
11420	11430
11421	11430
11422	11431
11423	11433
11424	11436
11425	11436
11426	11436
11427	11436
11428	11437
11429	11437
11430	11438
11431	11440
11432	11443
11433	11445
11434	11446
11435	11446
11436	11447
11437	11447
11438	11449
11439	11449
11440	11450
11441	11450
11442	11452
11443	11453
11444	11453
11445	11454
11446	11454
11447	11455
11448	11457
11449	11460
11450	11460
11451	11460
11452	11460
11453	11461
11454	11461
11455	11463
11456	11464
11457	11466
11458	11467
11459	11469
11460	11472
11461	11472
11462	11472
11463	11472
11464	11473
11465	11473
11466	11476
11467	11477
11468	11478
11469	11478
11470	11479
11471	11480
11472	11480
11473	11482
11474	11483
11475	11483
11476	11484
11477	11484
11478	11485
11479	11487
11480	11490
11481	11492
11482	11493
11483	11493
11484	11494
11485	11494
11486	11496
11487	11497
11488	11497
11489	11498
11490	11498
11491	11500
11492	11501
11493	11501
11494	11502
11495	11502
11496	11503
11497	11505
11498	11506
11499	11506
11500	11509
11501	11509
11502	11509
11503	11509
11504	11511
11505	11512
11506	11514
11507	11515
11508	11517
11509	11518
11510	11518
11511	11521
11512	11521
11513	11521
11514	11521
11515	11524
11516	11526
11517	11527
11518	11527
11519	11528
11520	11528
11521	11530
11522	11531
11523	11531
11524	11532
11525	11532
11526	11534
11527	11535
11528	11535
11529	11536
11530	11536
11531	11537
11532	11539
11533	11540
11534	11542
11535	11543
11536	11543
11537	11546
11538	11546
11539	11546
11540	11546
11541	11549
11542	11551
11543	11552
11544	11552
11545	11553
11546	11553
11547	11555
11548	11556
11549	11556
11550	11557
11551	11557
11552	11558
11553	11559
11554	11559
11555	11560
11556	11562
11557	11565
11558	11567
11559	11568
11560	11570
11561	11573
11562	11573
11563	11573
11564	11573
11565	11574
11566	11574
11567	11575
11568	11577
11569	11579
11570	11579
11571	11579
11572	11580
11573	11580
11574	11582
11575	11583
11576	11585
11577	11586
11578	11586
11579	11589
11580	11589
11581	11589
11582	11589
11583	11589
11584	11591
11585	11592
11586	11593
11587	11594
11588	11594
11589	11595
11590	11597
11591	11600
11592	11600
11593	11600
11594	11600
11595	11601
11596	11601
11597	11602
11598	11604
11599	11605
11600	11607
11601	11608
11602	11608
11603	11611
11604	11611
11605	11611
11606	11611
11607	11614
11608	11616
11609	11617
11610	11617
11611	11618
11612	11618
11613	11620
11614	11621
11615	11621
11616	11622
11617	11622
11618	11624
11619	11625
11620	11625
11621	11625
11622	11626
11623	11628
11624	11631
11625	11633
11626	11634
11627	11636
11628	11639
11629	11641
11630	11642
11631	11642
11632	11643
11633	11643
11634	11645
11635	11646
11636	11646
11637	11647
11638	11647
11639	11649
11640	11650
11641	11650
11642	11651
11643	11651
11644	11652
11645	11654
11646	11657
11647	11657
11648	11657
11649	11657
11650	11658
11651	11658
11652	11659
11653	11660
11654	11660
11655	11662
11656	11663
11657	11665
11658	11666
11659	11668
11660	11671
11661	11671
11662	11671
11663	11671
11664	11672
11665	11672
11666	11675
11667	11676
11668	11677
11669	11677
11670	11679
11671	11680
11672	11680
11673	11681
11674	11681
11675	11683
11676	11684
11677	11684
11678	11685
11679	11685
11680	11686
11681	11688
11682	11691
11683	11693
11684	11694
11685	11694
11686	11694
11687	11696
11688	11697
11689	11697
11690	11698
11691	11698
11692	11700
11693	11701
11694	11701
11695	11702
11696	11702
11697	11703
11698	11705
11699	11706
11700	11706
11701	11709
11702	11709
11703	11709
11704	11709
11705	11711
11706	11712
11707	11714
11708	11715
11709	11717
11710	11718
11711	11718
11712	11721
11713	11721
11714	11721
11715	11721
11716	11724
11717	11726
11718	11727
11719	11727
11720	11728
11721	11728
11722	11730
11723	11731
11724	11731
11725	11732
11726	11732
11727	11733
11728	11734
11729	11734
11730	11735
11731	11737
11732	11738
11733	11740
11734	11741
11735	11741
11736	11744
11737	11744
11738	11744
11739	11744
11740	11747
11741	11749
11742	11750
11743	11750
11744	11751
11745	11751
11746	11753
11747	11754
11748	11754
11749	11755
11750	11755
11751	11757
11752	11758
11753	11758
11754	11759
11755	11759
11756	11760
11757	11762
11758	11765
11759	11767
11760	11768
11761	11770
11762	11772
11763	11772
11764	11772
11765	11773
11766	11773
11767	11774
11768	11776
11769	11779
11770	11779
11771	11779
11772	11779
11773	11780
11774	11780
11775	11782
11776	11783
11777	11785
11778	11786
11779	11786
11780	11788
11781	11788
11782	11788
11783	11789
11784	11791
11785	11794
11786	11794
11787	11794
11788	11794
11789	11795
11790	11795
11791	11797
11792	11798
11793	11800
11794	11801
11795	11801
11796	11804
11797	11804
11798	11804
11799	11804
11800	11804
11801	11805
11802	11807
11803	11808
11804	11810
11805	11811
11806	11811
11807	11814
11808	11814
11809	11814
11810	11814
11811	11817
11812	11819
11813	11820
11814	11820
11815	11821
11816	11821
11817	11823
11818	11824
11819	11824
11820	11825
11821	11825
11822	11827
11823	11827
11824	11828
11825	11828
11826	11830
11827	11831
11828	11833
11829	11834
11830	11836
11831	11839
11832	11841
11833	11842
11834	11844
11835	11847
11836	11847
11837	11847
11838	11847
11839	11848
11840	11848
11841	11849
11842	11851
11843	11853
11844	11853
11845	11853
11846	11854
11847	11854
11848	11856
11849	11857
11850	11859
11851	11860
11852	11860
11853	11863
11854	11863
11855	11863
11856	11863
11857	11864
11858	11866
11859	11869
11860	11869
11861	11869
11862	11869
11863	11870
11864	11870
11865	11872
11866	11873
11867	11875
11868	11876
11869	11876
11870	11879
11871	11879
11872	11879
11873	11879
11874	11880
11875	11882
11876	11883
11877	11883
11878	11886
11879	11886
11880	11886
11881	11886
11882	11887
11883	11889
11884	11892
11885	11894
11886	11895
11887	11895
11888	11896
11889	11896
11890	11898
11891	11899
11892	11899
11893	11900
11894	11900
11895	11902
11896	11903
11897	11903
11898	11903
11899	11904
11900	11906
11901	11907
11902	11907
11903	11910
11904	11910
11905	11910
11906	11910
11907	11913
11908	11914
11909	11915
11910	11917
11911	11920
11912	11922
11913	11923
11914	11923
11915	11923
11916	11925
11917	11926
11918	11926
11919	11927
11920	11927
11921	11929
11922	11930
11923	11930
11924	11931
11925	11931
11926	11932
11927	11934
11928	11935
11929	11935
11930	11938
11931	11938
11932	11938
11933	11938
11934	11940
11935	11941
11936	11943
11937	11944
11938	11946
11939	11949
11940	11949
11941	11949
11942	11949
11943	11950
11944	11950
11945	11952
11946	11954
11947	11954
11948	11955
11949	11955
11950	11957
11951	11958
11952	11958
11953	11959
11954	11959
11955	11960
11956	11962
11957	11965
11958	11967
11959	11968
11960	11968
11961	11969
11962	11969
11963	11970
11964	11971
11965	11971
11966	11973
11967	11974
11968	11974
11969	11975
11970	11975
11971	11976
11972	11978
11973	11979
11974	11979
11975	11982
11976	11982
11977	11982
11978	11982
11979	11984
11980	11985
11981	11987
11982	11988
11983	11990
11984	11991
11985	11991
11986	11994
11987	11994
11988	11994
11989	11994
11990	11997
11991	11999
11992	12000
11993	12000
11994	12000
11995	12002
11996	12003
11997	12003
11998	12004
11999	12004
12000	12005
12001	12006
12002	12006
12003	12007
12004	12009
12005	12010
12006	12012
12007	12013
12008	12013
12009	12016
12010	12016
12011	12016
12012	12016
12013	12019
12014	12021
12015	12022
12016	12022
12017	12023
12018	12023
12019	12024
12020	12025
12021	12025
12022	12026
12023	12027
12024	12027
12025	12028
12026	12030
12027	12033
12028	12035
12029	12036
12030	12038
12031	12041
12032	12043
12033	12044
12034	12044
12035	12045
12036	12045
12037	12047
12038	12048
12039	12048
12040	12049
12041	12049
12042	12051
12043	12052
12044	12052
12045	12053
12046	12053
12047	12054
12048	12056
12049	12059
12050	12059
12051	12059
12052	12059
12053	12060
12054	12060
12055	12061
12056	12062
12057	12063
12058	12065
12059	12068
12060	12068
12061	12068
12062	12068
12063	12069
12064	12069
12065	12071
12066	12072
12067	12074
12068	12075
12069	12077
12070	12080
12071	12080
12072	12080
12073	12080
12074	12081
12075	12081
12076	12084
12077	12085
12078	12086
12079	12086
12080	12088
12081	12089
12082	12089
12083	12090
12084	12090
12085	12092
12086	12093
12087	12093
12088	12094
12089	12094
12090	12095
12091	12097
12092	12100
12093	12101
12094	12102
12095	12102
12096	12104
12097	12105
12098	12105
12099	12105
12100	12107
12101	12108
12102	12108
12103	12109
12104	12109
12105	12110
12106	12112
12107	12113
12108	12113
12109	12116
12110	12116
12111	12116
12112	12116
12113	12118
12114	12119
12115	12121
12116	12122
12117	12124
12118	12127
12119	12127
12120	12127
12121	12127
12122	12128
12123	12128
12124	12130
12125	12132
12126	12133
12127	12133
12128	12134
12129	12134
12130	12135
12131	12136
12132	12136
12133	12137
12134	12139
12135	12142
12136	12144
12137	12145
12138	12145
12139	12146
12140	12146
12141	12148
12142	12149
12143	12149
12144	12150
12145	12150
12146	12152
12147	12153
12148	12153
12149	12154
12150	12154
12151	12155
12152	12157
12153	12158
12154	12158
12155	12161
12156	12161
12157	12161
12158	12161
12159	12162
12160	12164
12161	12165
12162	12167
12163	12168
12164	12170
12165	12173
12166	12173
12167	12173
12168	12173
12169	12174
12170	12174
12171	12177
12172	12179
12173	12180
12174	12180
12175	12181
12176	12181
12177	12183
12178	12184
12179	12184
12180	12185
12181	12185
12182	12187
12183	12188
12184	12188
12185	12189
12186	12189
12187	12192
12188	12194
12189	12195
12190	12197
12191	12199
12192	12199
12193	12199
12194	12200
12195	12200
12196	12201
12197	12203
12198	12205
12199	12205
12200	12205
12201	12206
12202	12206
12203	12208
12204	12209
12205	12211
12206	12212
12207	12212
12208	12214
12209	12214
12210	12214
12211	12215
12212	12217
12213	12220
12214	12220
12215	12220
12216	12220
12217	12221
12218	12221
12219	12223
12220	12224
12221	12226
12222	12227
12223	12227
12224	12230
12225	12230
12226	12230
12227	12230
12228	12230
12229	12232
12230	12233
12231	12235
12232	12236
12233	12238
12234	12239
12235	12241
12236	12244
12237	12246
12238	12247
12239	12247
12240	12248
12241	12248
12242	12250
12243	12251
12244	12251
12245	12252
12246	12252
12247	12254
12248	12255
12249	12255
12250	12256
12251	12256
12252	12257
12253	12259
12254	12262
12255	12262
12256	12262
12257	12262
12258	12263
12259	12263
12260	12266
12261	12268
12262	12269
12263	12271
12264	12272
12265	12272
12266	12274
12267	12274
12268	12274
12269	12275
12270	12277
12271	12280
12272	12280
12273	12280
12274	12280
12275	12281
12276	12281
12277	12283
12278	12284
12279	12286
12280	12287
12281	12287
12282	12289
12283	12289
12284	12289
12285	12290
12286	12292
12287	12295
12288	12295
12289	12295
12290	12295
12291	12296
12292	12296
12293	12298
12294	12299
12295	12301
12296	12302
12297	12302
12298	12305
12299	12305
12300	12305
12301	12305
12302	12306
12303	12308
12304	12309
12305	12309
12306	12312
12307	12312
12308	12312
12309	12312
12310	12315
12311	12317
12312	12318
12313	12320
12314	12322
12315	12324
12316	12325
12317	12325
12318	12326
12319	12326
12320	12328
12321	12329
12322	12329
12323	12330
12324	12330
12325	12331
12326	12333
12327	12336
12328	12336
12329	12336
12330	12336
12331	12337
12332	12337
12333	12338
12334	12339
12335	12340
12336	12342
12337	12345
12338	12345
12339	12345
12340	12345
12341	12346
12342	12346
12343	12348
12344	12349
12345	12351
12346	12352
12347	12354
12348	12357
12349	12357
12350	12357
12351	12357
12352	12358
12353	12358
12354	12361
12355	12363
12356	12364
12357	12364
12358	12364
12359	12365
12360	12366
12361	12366
12362	12367
12363	12368
12364	12368
12365	12369
12366	12371
12367	12374
12368	12376
12369	12377
12370	12377
12371	12378
12372	12378
12373	12379
12374	12379
12375	12381
12376	12382
12377	12382
12378	12382
12379	12383
12380	12385
12381	12386
12382	12386
12383	12389
12384	12389
12385	12389
12386	12389
12387	12390
12388	12391
12389	12393
12390	12394
12391	12396
12392	12397
12393	12397
12394	12400
12395	12400
12396	12400
12397	12400
12398	12403
12399	12405
12400	12406
12401	12406
12402	12407
12403	12407
12404	12409
12405	12409
12406	12410
12407	12410
12408	12411
12409	12412
12410	12412
12411	12413
12412	12415
12413	12416
12414	12418
12415	12419
12416	12421
12417	12424
12418	12426
12419	12427
12420	12427
12421	12428
12422	12428
12423	12430
12424	12431
12425	12431
12426	12432
12427	12432
12428	12434
12429	12435
12430	12435
12431	12436
12432	12436
12433	12437
12434	12438
12435	12441
12436	12441
12437	12441
12438	12441
12439	12444
12440	12446
12441	12447
12442	12449
12443	12450
12444	12450
12445	12452
12446	12452
12447	12452
12448	12453
12449	12455
12450	12458
12451	12458
12452	12458
12453	12458
12454	12459
12455	12459
12456	12461
12457	12462
12458	12464
12459	12465
12460	12465
12461	12468
12462	12468
12463	12468
12464	12468
12465	12469
12466	12471
12467	12474
12468	12474
12469	12474
12470	12474
12471	12475
12472	12475
12473	12477
12474	12478
12475	12480
12476	12481
12477	12481
12478	12484
12479	12484
12480	12484
12481	12484
12482	12485
12483	12487
12484	12488
12485	12488
12486	12491
12487	12491
12488	12491
12489	12491
12490	12494
12491	12496
12492	12497
12493	12498
12494	12499
12495	12501
12496	12504
12497	12504
12498	12504
12499	12504
12500	12505
12501	12505
12502	12506
12503	12508
12504	12510
12505	12512
12506	12513
12507	12513
12508	12514
12509	12514
12510	12516
12511	12517
12512	12517
12513	12518
12514	12518
12515	12519
12516	12521
12517	12524
12518	12524
12519	12524
12520	12524
12521	12525
12522	12525
12523	12527
12524	12528
12525	12529
12526	12530
12527	12532
12528	12535
12529	12535
12530	12535
12531	12535
12532	12536
12533	12536
12534	12537
12535	12539
12536	12542
12537	12544
12538	12545
12539	12545
12540	12546
12541	12546
12542	12548
12543	12549
12544	12549
12545	12550
12546	12550
12547	12552
12548	12552
12549	12553
12550	12553
12551	12554
12552	12556
12553	12557
12554	12557
12555	12560
12556	12560
12557	12560
12558	12560
12559	12562
12560	12563
12561	12565
12562	12566
12563	12568
12564	12569
12565	12569
12566	12572
12567	12572
12568	12572
12569	12572
12570	12575
12571	12577
12572	12578
12573	12578
12574	12579
12575	12579
12576	12581
12577	12581
12578	12582
12579	12582
12580	12583
12581	12584
12582	12584
12583	12585
12584	12587
12585	12588
12586	12590
12587	12591
12588	12591
12589	12594
12590	12594
12591	12594
12592	12594
12593	12597
12594	12598
12595	12599
12596	12599
12597	12600
12598	12601
12599	12601
12600	12602
12601	12603
12602	12603
12603	12604
12604	12606
12605	12609
12606	12611
12607	12612
12608	12614
12609	12616
12610	12618
12611	12618
12612	12619
12613	12621
12614	12624
12615	12624
12616	12624
12617	12624
12618	12625
12619	12625
12620	12627
12621	12628
12622	12630
12623	12631
12624	12631
12625	12634
12626	12634
12627	12634
12628	12634
12629	12634
12630	12635
12631	12637
12632	12640
12633	12642
12634	12643
12635	12643
12636	12644
12637	12644
12638	12646
12639	12647
12640	12647
12641	12647
12642	12649
12643	12650
12644	12650
12645	12651
12646	12651
12647	12652
12648	12654
12649	12655
12650	12655
12651	12658
12652	12658
12653	12658
12654	12658
12655	12659
12656	12661
12657	12664
12658	12666
12659	12667
12660	12669
12661	12672
12662	12672
12663	12672
12664	12672
12665	12673
12666	12673
12667	12674
12668	12675
12669	12676
12670	12676
12671	12678
12672	12679
12673	12681
12674	12682
12675	12682
12676	12685
12677	12685
12678	12685
12679	12685
12680	12686
12681	12688
12682	12691
12683	12691
12684	12691
12685	12691
12686	12692
12687	12692
12688	12694
12689	12695
12690	12697
12691	12698
12692	12698
12693	12701
12694	12701
12695	12701
12696	12701
12697	12702
12698	12704
12699	12705
12700	12705
12701	12708
12702	12708
12703	12708
12704	12708
12705	12709
12706	12711
12707	12714
12708	12716
12709	12717
12710	12717
12711	12718
12712	12718
12713	12720
12714	12721
12715	12721
12716	12722
12717	12722
12718	12724
12719	12725
12720	12725
12721	12725
12722	12726
12723	12728
12724	12729
12725	12729
12726	12732
12727	12732
12728	12732
12729	12732
12730	12734
12731	12735
12732	12737
12733	12738
12734	12740
12735	12743
12736	12745
12737	12746
12738	12746
12739	12747
12740	12747
12741	12749
12742	12750
12743	12750
12744	12751
12745	12751
12746	12753
12747	12754
12748	12754
12749	12755
12750	12755
12751	12756
12752	12758
12753	12761
12754	12761
12755	12761
12756	12761
12757	12762
12758	12762
12759	12764
12760	12765
12761	12766
12762	12768
12763	12771
12764	12771
12765	12771
12766	12771
12767	12772
12768	12772
12769	12774
12770	12775
12771	12777
12772	12778
12773	12778
12774	12780
12775	12780
12776	12780
12777	12780
12778	12781
12779	12783
12780	12786
12781	12788
12782	12789
12783	12791
12784	12794
12785	12794
12786	12794
12787	12794
12788	12795
12789	12795
12790	12796
12791	12797
12792	12798
12793	12798
12794	12800
12795	12801
12796	12803
12797	12804
12798	12804
12799	12807
12800	12807
12801	12807
12802	12807
12803	12808
12804	12810
12805	12812
12806	12812
12807	12812
12808	12813
12809	12813
12810	12815
12811	12816
12812	12818
12813	12819
12814	12819
12815	12822
12816	12822
12817	12822
12818	12822
12819	12823
12820	12825
12821	12828
12822	12828
12823	12828
12824	12828
12825	12829
12826	12829
12827	12830
12828	12832
12829	12833
12830	12835
12831	12836
12832	12836
12833	12839
12834	12839
12835	12839
12836	12839
12837	12842
12838	12844
12839	12845
12840	12845
12841	12846
12842	12846
12843	12848
12844	12849
12845	12849
12846	12850
12847	12850
12848	12852
12849	12853
12850	12853
12851	12853
12852	12855
12853	12856
12854	12858
12855	12859
12856	12861
12857	12864
12858	12866
12859	12867
12860	12867
12861	12868
12862	12868
12863	12870
12864	12871
12865	12871
12866	12872
12867	12872
12868	12873
12869	12874
12870	12874
12871	12875
12872	12877
12873	12880
12874	12880
12875	12880
12876	12880
12877	12881
12878	12881
12879	12884
12880	12886
12881	12887
12882	12889
12883	12890
12884	12890
12885	12892
12886	12892
12887	12892
12888	12893
12889	12894
12890	12895
12891	12895
12892	12896
12893	12897
12894	12899
12895	12902
12896	12902
12897	12902
12898	12902
12899	12903
12900	12903
12901	12905
12902	12906
12903	12908
12904	12909
12905	12909
12906	12912
12907	12912
12908	12912
12909	12912
12910	12913
12911	12914
12912	12915
12913	12915
12914	12915
12915	12916
12916	12918
12917	12919
12918	12921
12919	12922
12920	12924
12921	12927
12922	12929
12923	12930
12924	12930
12925	12931
12926	12931
12927	12933
12928	12934
12929	12934
12930	12935
12931	12935
12932	12937
12933	12938
12934	12938
12935	12939
12936	12939
12937	12940
12938	12942
12939	12945
12940	12945
12941	12945
12942	12945
12943	12946
12944	12946
12945	12949
12946	12951
12947	12952
12948	12954
12949	12955
12950	12955
12951	12958
12952	12958
12953	12958
12954	12958
12955	12959
12956	12959
12957	12961
12958	12962
12959	12964
12960	12965
12961	12965
12962	12967
12963	12967
12964	12967
12965	12968
12966	12970
12967	12973
12968	12973
12969	12973
12970	12973
12971	12974
12972	12974
12973	12976
12974	12977
12975	12979
12976	12980
12977	12980
12978	12983
12979	12983
12980	12983
12981	12983
12982	12984
12983	12986
12984	12987
12985	12987
12986	12990
12987	12990
12988	12990
12989	12990
12990	12993
12991	12995
12992	12996
12993	12998
12994	13000
12995	13002
12996	13003
12997	13003
12998	13004
12999	13004
13000	13006
13001	13007
13002	13007
13003	13008
13004	13008
13005	13009
13006	13011
13007	13014
13008	13014
13009	13014
13010	13014
13011	13015
13012	13015
13013	13016
13014	13018
13015	13020
13016	13022
13017	13023
13018	13023
13019	13023
13020	13025
13021	13025
13022	13026
13023	13026
13024	13027
13025	13029
13026	13032
13027	13032
13028	13032
13029	13032
13030	13033
13031	13033
13032	13035
13033	13036
13034	13038
13035	13039
13036	13041
13037	13044
13038	13044
13039	13044
13040	13044
13041	13045
13042	13045
13043	13047
13044	13048
13045	13049
13046	13049
13047	13051
13048	13051
13049	13052
13050	13052
13051	13053
13052	13055
13053	13058
13054	13060
13055	13061
13056	13061
13057	13062
13058	13062
13059	13064
13060	13064
13061	13065
13062	13065
13063	13067
13064	13068
13065	13068
13066	13069
13067	13069
13068	13070
13069	13072
13070	13073
13071	13073
13072	13076
13073	13076
13074	13076
13075	13076
13076	13078
13077	13078
13078	13079
13079	13081
13080	13082
13081	13083
13082	13084
13083	13084
13084	13087
13085	13089
13086	13090
13087	13090
13088	13091
13089	13091
13090	13092
13091	13092
13092	13093
13093	13094
13094	13094
13095	13097
13096	13099
13097	13100
13098	13102
13099	13103
13100	13105
13101	13108
13102	13110
13103	13111
13104	13113
13105	13116
13106	13118
13107	13119
13108	13119
13109	13120
13110	13120
13111	13122
13112	13123
13113	13123
13114	13124
13115	13124
13116	13126
13117	13127
13118	13127
13119	13128
13120	13128
13121	13129
13122	13131
13123	13134
13124	13134
13125	13134
13126	13134
13127	13135
13128	13135
13129	13136
13130	13137
13131	13138
13132	13140
13133	13143
13134	13143
13135	13143
13136	13143
13137	13144
13138	13144
13139	13146
13140	13147
13141	13149
13142	13150
13143	13152
13144	13155
13145	13155
13146	13155
13147	13155
13148	13156
13149	13156
13150	13159
13151	13160
13152	13161
13153	13161
13154	13163
13155	13163
13156	13164
13157	13164
13158	13166
13159	13167
13160	13167
13161	13168
13162	13168
13163	13169
13164	13171
13165	13173
13166	13175
13167	13176
13168	13176
13169	13176
13170	13178
13171	13179
13172	13179
13173	13180
13174	13180
13175	13181
13176	13183
13177	13184
13178	13184
13179	13187
13180	13187
13181	13187
13182	13187
13183	13189
13184	13190
13185	13192
13186	13193
13187	13195
13188	13196
13189	13196
13190	13199
13191	13199
13192	13199
13193	13199
13194	13202
13195	13204
13196	13205
13197	13205
13198	13206
13199	13206
13200	13207
13201	13208
13202	13208
13203	13209
13204	13210
13205	13210
13206	13211
13207	13213
13208	13214
13209	13216
13210	13217
13211	13217
13212	13220
13213	13220
13214	13220
13215	13220
13216	13223
13217	13225
13218	13226
13219	13226
13220	13227
13221	13227
13222	13229
13223	13230
13224	13230
13225	13231
13226	13231
13227	13233
13228	13234
13229	13234
13230	13234
13231	13235
13232	13237
13233	13240
13234	13242
13235	13243
13236	13245
13237	13247
13238	13247
13239	13247
13240	13248
13241	13248
13242	13249
13243	13251
13244	13254
13245	13254
13246	13254
13247	13254
13248	13255
13249	13255
13250	13257
13251	13258
13252	13260
13253	13261
13254	13261
13255	13263
13256	13263
13257	13263
13258	13264
13259	13266
13260	13269
13261	13269
13262	13269
13263	13269
13264	13270
13265	13270
13266	13272
13267	13273
13268	13275
13269	13276
13270	13276
13271	13279
13272	13279
13273	13279
13274	13279
13275	13279
13276	13280
13277	13282
13278	13283
13279	13284
13280	13285
13281	13285
13282	13288
13283	13290
13284	13291
13285	13291
13286	13292
13287	13292
13288	13294
13289	13295
13290	13295
13291	13296
13292	13296
13293	13298
13294	13298
13295	13299
13296	13299
13297	13301
13298	13303
13299	13304
13300	13306
13301	13307
13302	13309
13303	13312
13304	13314
13305	13315
13306	13315
13307	13316
13308	13316
13309	13318
13310	13318
13311	13319
13312	13319
13313	13321
13314	13322
13315	13322
13316	13323
13317	13323
13318	13324
13319	13326
13320	13329
13321	13329
13322	13329
13323	13329
13324	13330
13325	13330
13326	13332
13327	13334
13328	13335
13329	13337
13330	13338
13331	13338
13332	13340
13333	13340
13334	13340
13335	13341
13336	13342
13337	13343
13338	13343
13339	13345
13340	13346
13341	13348
13342	13349
13343	13349
13344	13350
13345	13350
13346	13351
13347	13353
13348	13354
13349	13354
13350	13357
13351	13357
13352	13357
13353	13357
13354	13358
13355	13360
13356	13362
13357	13364
13358	13364
13359	13365
13360	13367
13361	13370
13362	13370
13363	13370
13364	13370
13365	13371
13366	13371
13367	13373
13368	13374
13369	13376
13370	13377
13371	13377
13372	13380
13373	13380
13374	13380
13375	13380
13376	13380
13377	13381
13378	13383
13379	13384
13380	13386
13381	13387
13382	13387
13383	13390
13384	13390
13385	13390
13386	13390
13387	13393
13388	13395
13389	13396
13390	13396
13391	13397
13392	13397
13393	13399
13394	13400
13395	13400
13396	13401
13397	13401
13398	13403
13399	13403
13400	13404
13401	13404
13402	13406
13403	13407
13404	13409
13405	13410
13406	13412
13407	13413
13408	13415
13409	13418
13410	13418
13411	13418
13412	13418
13413	13419
13414	13419
13415	13422
13416	13424
13417	13425
13418	13425
13419	13426
13420	13426
13421	13428
13422	13429
13423	13429
13424	13430
13425	13430
13426	13432
13427	13433
13428	13433
13429	13434
13430	13434
13431	13437
13432	13439
13433	13440
13434	13442
13435	13444
13436	13444
13437	13444
13438	13445
13439	13445
13440	13445
13441	13447
13442	13448
13443	13449
13444	13450
13445	13450
13446	13451
13447	13453
13448	13456
13449	13456
13450	13456
13451	13456
13452	13457
13453	13457
13454	13458
13455	13459
13456	13461
13457	13462
13458	13462
13459	13465
13460	13465
13461	13465
13462	13465
13463	13466
13464	13468
13465	13469
13466	13471
13467	13472
13468	13474
13469	13477
13470	13477
13471	13477
13472	13477
13473	13478
13474	13478
13475	13481
13476	13483
13477	13484
13478	13484
13479	13485
13480	13485
13481	13487
13482	13488
13483	13488
13484	13489
13485	13489
13486	13491
13487	13492
13488	13492
13489	13493
13490	13493
13491	13495
13492	13497
13493	13497
13494	13498
13495	13500
13496	13502
13497	13502
13498	13502
13499	13503
13500	13503
13501	13504
13502	13505
13503	13507
13504	13508
13505	13508
13506	13511
13507	13511
13508	13511
13509	13511
13510	13512
13511	13514
13512	13517
13513	13519
13514	13520
13515	13522
13516	13525
13517	13527
13518	13528
13519	13530
13520	13532
13521	13532
13522	13532
13523	13533
13524	13533
13525	13534
13526	13536
13527	13539
13528	13539
13529	13539
13530	13539
13531	13540
13532	13540
13533	13542
13534	13543
13535	13545
13536	13546
13537	13546
13538	13549
13539	13549
13540	13549
13541	13549
13542	13550
13543	13552
13544	13555
13545	13555
13546	13555
13547	13555
13548	13556
13549	13556
13550	13558
13551	13559
13552	13560
13553	13563
13554	13563
13555	13563
13556	13563
13557	13564
13558	13565
13559	13568
13560	13568
13561	13568
13562	13568
13563	13569
13564	13571
13565	13574
13566	13576
13567	13577
13568	13577
13569	13578
13570	13578
13571	13580
13572	13580
13573	13580
13574	13582
13575	13583
13576	13583
13577	13584
13578	13584
13579	13585
13580	13587
13581	13588
13582	13588
13583	13591
13584	13591
13585	13591
13586	13591
13587	13591
13588	13593
13589	13594
13590	13596
13591	13597
13592	13599
13593	13602
13594	13604
13595	13605
13596	13605
13597	13606
13598	13606
13599	13608
13600	13609
13601	13609
13602	13610
13603	13610
13604	13612
13605	13613
13606	13613
13607	13614
13608	13614
13609	13615
13610	13617
13611	13620
13612	13620
13613	13620
13614	13620
13615	13621
13616	13621
13617	13624
13618	13625
13619	13626
13620	13628
13621	13631
13622	13631
13623	13631
13624	13631
13625	13632
13626	13632
13627	13634
13628	13635
13629	13637
13630	13638
13631	13638
13632	13640
13633	13640
13634	13640
13635	13641
13636	13643
13637	13646
13638	13646
13639	13646
13640	13646
13641	13647
13642	13647
13643	13649
13644	13650
13645	13652
13646	13652
13647	13655
13648	13655
13649	13655
13650	13655
13651	13656
13652	13658
13653	13659
13654	13659
13655	13662
13656	13662
13657	13662
13658	13662
13659	13663
13660	13665
13661	13667
13662	13669
13663	13670
13664	13672
13665	13673
13666	13673
13667	13676
13668	13676
13669	13676
13670	13676
13671	13676
13672	13678
13673	13678
13674	13679
13675	13681
13676	13684
13677	13684
13678	13684
13679	13684
13680	13685
13681	13685
13682	13686
13683	13688
13684	13689
13685	13691
13686	13692
13687	13692
13688	13695
13689	13695
13690	13695
13691	13695
13692	13698
13693	13700
13694	13701
13695	13701
13696	13702
13697	13702
13698	13704
13699	13705
13700	13705
13701	13706
13702	13706
13703	13708
13704	13709
13705	13709
13706	13709
13707	13711
13708	13712
13709	13714
13710	13715
13711	13717
13712	13720
13713	13722
13714	13723
13715	13723
13716	13724
13717	13724
13718	13726
13719	13727
13720	13727
13721	13728
13722	13728
13723	13730
13724	13731
13725	13731
13726	13732
13727	13732
13728	13733
13729	13735
13730	13738
13731	13738
13732	13738
13733	13738
13734	13739
13735	13739
13736	13740
13737	13742
13738	13743
13739	13745
13740	13746
13741	13746
13742	13748
13743	13748
13744	13748
13745	13748
13746	13749
13747	13751
13748	13754
13749	13756
13750	13757
13751	13758
13752	13759
13753	13759
13754	13760
13755	13762
13756	13765
13757	13765
13758	13765
13759	13765
13760	13766
13761	13766
13762	13768
13763	13769
13764	13770
13765	13771
13766	13771
13767	13772
13768	13774
13769	13777
13770	13777
13771	13777
13772	13777
13773	13778
13774	13778
13775	13780
13776	13781
13777	13783
13778	13784
13779	13784
13780	13787
13781	13787
13782	13787
13783	13787
13784	13788
13785	13790
13786	13792
13787	13792
13788	13792
13789	13793
13790	13793
13791	13794
13792	13796
13793	13797
13794	13799
13795	13800
13796	13800
13797	13803
13798	13803
13799	13803
13800	13803
13801	13806
13802	13808
13803	13809
13804	13809
13805	13810
13806	13810
13807	13812
13808	13813
13809	13813
13810	13814
13811	13814
13812	13816
13813	13816
13814	13817
13815	13817
13816	13818
13817	13820
13818	13821
13819	13823
13820	13824
13821	13826
13822	13829
13823	13831
13824	13832
13825	13832
13826	13833
13827	13833
13828	13835
13829	13836
13830	13836
13831	13837
13832	13837
13833	13839
13834	13840
13835	13840
13836	13841
13837	13841
13838	13842
13839	13844
13840	13847
13841	13847
13842	13847
13843	13847
13844	13848
13845	13848
13846	13851
13847	13853
13848	13854
13849	13856
13850	13857
13851	13857
13852	13859
13853	13859
13854	13859
13855	13860
13856	13862
13857	13865
13858	13865
13859	13865
13860	13865
13861	13866
13862	13866
13863	13868
13864	13869
13865	13871
13866	13872
13867	13872
13868	13875
13869	13875
13870	13875
13871	13875
13872	13876
13873	13878
13874	13881
13875	13881
13876	13881
13877	13881
13878	13882
13879	13882
13880	13884
13881	13885
13882	13887
13883	13888
13884	13888
13885	13891
13886	13891
13887	13891
13888	13891
13889	13892
13890	13894
13891	13895
13892	13895
13893	13898
13894	13898
13895	13898
13896	13898
13897	13901
13898	13903
13899	13904
13900	13906
13901	13908
13902	13910
13903	13910
13904	13911
13905	13911
13906	13913
13907	13914
13908	13914
13909	13914
13910	13915
13911	13917
13912	13920
13913	13920
13914	13920
13915	13920
13916	13921
13917	13921
13918	13922
13919	13924
13920	13926
13921	13928
13922	13929
13923	13929
13924	13930
13925	13930
13926	13932
13927	13933
13928	13933
13929	13934
13930	13934
13931	13935
13932	13936
13933	13939
13934	13939
13935	13939
13936	13939
13937	13941
13938	13942
13939	13944
13940	13945
13941	13947
13942	13950
13943	13950
13944	13950
13945	13950
13946	13951
13947	13951
13948	13953
13949	13954
13950	13955
13951	13955
13952	13957
13953	13958
13954	13958
13955	13958
13956	13959
13957	13961
13958	13964
13959	13966
13960	13967
13961	13967
13962	13968
13963	13968
13964	13970
13965	13971
13966	13971
13967	13972
13968	13972
13969	13974
13970	13974
13971	13975
13972	13975
13973	13976
13974	13978
13975	13979
13976	13979
13977	13982
13978	13982
13979	13982
13980	13982
13981	13984
13982	13985
13983	13987
13984	13988
13985	13990
13986	13991
13987	13991
13988	13994
13989	13994
13990	13994
13991	13994
13992	13997
13993	13999
13994	14000
13995	14000
13996	14001
13997	14001
13998	14003
13999	14003
14000	14004
14001	14004
14002	14005
14003	14006
14004	14006
14005	14006
14006	14008
14007	14009
14008	14011
14009	14012
14010	14014
14011	14017
14012	14019
14013	14020
14014	14021
14015	14022
14016	14024
14017	14027
14018	14027
14019	14027
14020	14027
14021	14028
14022	14028
14023	14029
14024	14031
14025	14034
14026	14036
14027	14037
14028	14037
14029	14038
14030	14038
14031	14040
14032	14041
14033	14041
14034	14042
14035	14042
14036	14044
14037	14045
14038	14045
14039	14046
14040	14046
14041	14047
14042	14049
14043	14052
14044	14052
14045	14052
14046	14052
14047	14053
14048	14053
14049	14055
14050	14056
14051	14058
14052	14059
14053	14061
14054	14064
14055	14064
14056	14064
14057	14064
14058	14065
14059	14065
14060	14068
14061	14070
14062	14070
14063	14071
14064	14071
14065	14072
14066	14073
14067	14073
14068	14075
14069	14076
14070	14076
14071	14077
14072	14077
14073	14078
14074	14080
14075	14082
14076	14084
14077	14084
14078	14085
14079	14085
14080	14087
14081	14088
14082	14088
14083	14089
14084	14089
14085	14090
14086	14092
14087	14093
14088	14093
14089	14096
14090	14096
14091	14096
14092	14096
14093	14098
14094	14099
14095	14101
14096	14102
14097	14104
14098	14105
14099	14105
14100	14108
14101	14108
14102	14108
14103	14108
14104	14111
14105	14113
14106	14114
14107	14114
14108	14115
14109	14115
14110	14117
14111	14118
14112	14118
14113	14119
14114	14119
14115	14121
14116	14121
14117	14122
14118	14122
14119	14123
14120	14125
14121	14126
14122	14128
14123	14129
14124	14129
14125	14132
14126	14132
14127	14132
14128	14132
14129	14135
14130	14137
14131	14138
14132	14138
14133	14139
14134	14139
14135	14140
14136	14141
14137	14141
14138	14142
14139	14143
14140	14143
14141	14144
14142	14146
14143	14149
14144	14151
14145	14152
14146	14154
14147	14157
14148	14157
14149	14157
14150	14157
14151	14158
14152	14158
14153	14159
14154	14161
14155	14163
14156	14163
14157	14163
14158	14164
14159	14164
14160	14166
14161	14167
14162	14169
14163	14170
14164	14170
14165	14173
14166	14173
14167	14173
14168	14173
14169	14173
14170	14175
14171	14176
14172	14178
14173	14179
14174	14179
14175	14181
14176	14181
14177	14181
14178	14182
14179	14184
14180	14187
14181	14187
14182	14187
14183	14187
14184	14188
14185	14188
14186	14189
14187	14191
14188	14192
14189	14193
14190	14194
14191	14194
14192	14197
14193	14199
14194	14200
14195	14200
14196	14201
14197	14201
14198	14203
14199	14204
14200	14204
14201	14205
14202	14205
14203	14207
14204	14208
14205	14208
14206	14208
14207	14210
14208	14212
14209	14213
14210	14215
14211	14216
14212	14218
14213	14221
14214	14223
14215	14224
14216	14224
14217	14225
14218	14225
14219	14227
14220	14227
14221	14228
14222	14228
14223	14230
14224	14231
14225	14231
14226	14232
14227	14232
14228	14233
14229	14235
14230	14238
14231	14238
14232	14238
14233	14238
14234	14238
14235	14240
14236	14242
14237	14243
14238	14245
14239	14246
14240	14246
14241	14248
14242	14248
14243	14248
14244	14249
14245	14250
14246	14251
14247	14251
14248	14253
14249	14254
14250	14256
14251	14257
14252	14257
14253	14260
14254	14260
14255	14260
14256	14260
14257	14261
14258	14263
14259	14264
14260	14264
14261	14265
14262	14265
14263	14266
14264	14267
14265	14268
14266	14270
14267	14271
14268	14273
14269	14274
14270	14274
14271	14277
14272	14277
14273	14277
14274	14277
14275	14280
14276	14282
14277	14283
14278	14283
14279	14283
14280	14285
14281	14286
14282	14286
14283	14287
14284	14287
14285	14289
14286	14290
14287	14290
14288	14290
14289	14292
14290	14293
14291	14295
14292	14296
14293	14298
14294	14299
14295	14301
14296	14304
14297	14304
14298	14304
14299	14304
14300	14305
14301	14305
14302	14308
14303	14310
14304	14311
14305	14311
14306	14312
14307	14312
14308	14314
14309	14315
14310	14315
14311	14316
14312	14316
14313	14318
14314	14319
14315	14319
14316	14320
14317	14320
14318	14322
14319	14323
14320	14324
14321	14326
14322	14328
14323	14328
14324	14328
14325	14329
14326	14329
14327	14330
14328	14331
14329	14333
14330	14334
14331	14334
14332	14337
14333	14337
14334	14337
14335	14337
14336	14338
14337	14340
14338	14341
14339	14343
14340	14344
14341	14346
14342	14349
14343	14349
14344	14349
14345	14349
14346	14350
14347	14350
14348	14353
14349	14355
14350	14356
14351	14356
14352	14357
14353	14357
14354	14359
14355	14360
14356	14360
14357	14361
14358	14361
14359	14363
14360	14364
14361	14364
14362	14365
14363	14365
14364	14368
14365	14370
14366	14370
14367	14371
14368	14373
14369	14375
14370	14375
14371	14375
14372	14376
14373	14376
14374	14378
14375	14379
14376	14380
14377	14381
14378	14381
14379	14382
14380	14384
14381	14387
14382	14387
14383	14387
14384	14387
14385	14388
14386	14388
14387	14389
14388	14390
14389	14392
14390	14393
14391	14393
14392	14396
14393	14396
14394	14396
14395	14396
14396	14397
14397	14399
14398	14402
14399	14404
14400	14404
14401	14405
14402	14407
14403	14410
14404	14412
14405	14413
14406	14415
14407	14418
14408	14418
14409	14418
14410	14418
14411	14419
14412	14419
14413	14420
14414	14422
14415	14424
14416	14424
14417	14424
14418	14425
14419	14425
14420	14427
14421	14428
14422	14430
14423	14431
14424	14431
14425	14434
14426	14434
14427	14434
14428	14434
14429	14435
14430	14437
14431	14440
14432	14440
14433	14440
14434	14440
14435	14441
14436	14441
14437	14443
14438	14444
14439	14445
14440	14448
14441	14448
14442	14448
14443	14448
14444	14449
14445	14450
14446	14453
14447	14453
14448	14453
14449	14453
14450	14454
14451	14456
14452	14459
14453	14461
14454	14462
14455	14462
14456	14463
14457	14463
14458	14465
14459	14466
14460	14466
14461	14467
14462	14467
14463	14469
14464	14469
14465	14469
14466	14470
14467	14472
14468	14473
14469	14473
14470	14476
14471	14476
14472	14476
14473	14476
14474	14478
14475	14479
14476	14480
14477	14481
14478	14483
14479	14486
14480	14488
14481	14489
14482	14489
14483	14489
14484	14491
14485	14492
14486	14492
14487	14493
14488	14493
14489	14495
14490	14496
14491	14496
14492	14496
14493	14497
14494	14499
14495	14502
14496	14502
14497	14502
14498	14502
14499	14503
14500	14503
14501	14504
14502	14506
14503	14509
14504	14511
14505	14512
14506	14514
14507	14517
14508	14517
14509	14517
14510	14517
14511	14518
14512	14518
14513	14519
14514	14520
14515	14521
14516	14521
14517	14523
14518	14524
14519	14526
14520	14527
14521	14527
14522	14530
14523	14530
14524	14530
14525	14530
14526	14531
14527	14533
14528	14535
14529	14535
14530	14535
14531	14536
14532	14536
14533	14538
14534	14539
14535	14541
14536	14542
14537	14542
14538	14545
14539	14545
14540	14545
14541	14545
14542	14546
14543	14548
14544	14551
14545	14551
14546	14551
14547	14551
14548	14552
14549	14552
14550	14553
14551	14555
14552	14556
14553	14558
14554	14558
14555	14561
14556	14561
14557	14561
14558	14561
14559	14564
14560	14566
14561	14567
14562	14567
14563	14568
14564	14568
14565	14570
14566	14571
14567	14571
14568	14572
14569	14572
14570	14574
14571	14575
14572	14575
14573	14575
14574	14577
14575	14578
14576	14580
14577	14581
14578	14583
14579	14586
14580	14588
14581	14589
14582	14589
14583	14590
14584	14590
14585	14592
14586	14593
14587	14593
14588	14594
14589	14594
14590	14596
14591	14597
14592	14597
14593	14598
14594	14598
14595	14599
14596	14601
14597	14604
14598	14604
14599	14604
14600	14604
14601	14605
14602	14605
14603	14608
14604	14610
14605	14611
14606	14613
14607	14614
14608	14614
14609	14616
14610	14616
14611	14616
14612	14617
14613	14618
14614	14619
14615	14619
14616	14620
14617	14621
14618	14623
14619	14626
14620	14626
14621	14626
14622	14626
14623	14627
14624	14627
14625	14629
14626	14630
14627	14632
14628	14633
14629	14633
14630	14636
14631	14636
14632	14636
14633	14636
14634	14637
14635	14639
14636	14639
14637	14642
14638	14642
14639	14642
14640	14642
14641	14643
14642	14645
14643	14647
14644	14648
14645	14649
14646	14651
14647	14654
14648	14654
14649	14654
14650	14654
14651	14655
14652	14655
14653	14657
14654	14658
14655	14660
14656	14661
14657	14661
14658	14664
14659	14664
14660	14664
14661	14664
14662	14664
14663	14665
14664	14667
14665	14668
14666	14670
14667	14671
14668	14671
14669	14674
14670	14674
14671	14674
14672	14674
14673	14677
14674	14679
14675	14680
14676	14680
14677	14681
14678	14681
14679	14683
14680	14684
14681	14684
14682	14685
14683	14685
14684	14687
14685	14687
14686	14688
14687	14688
14688	14689
14689	14691
14690	14692
14691	14694
14692	14695
14693	14697
14694	14700
14695	14702
14696	14703
14697	14703
14698	14704
14699	14704
14700	14706
14701	14707
14702	14707
14703	14708
14704	14708
14705	14710
14706	14711
14707	14711
14708	14712
14709	14712
14710	14713
14711	14715
14712	14718
14713	14718
14714	14718
14715	14718
14716	14719
14717	14719
14718	14722
14719	14724
14720	14725
14721	14727
14722	14728
14723	14728
14724	14731
14725	14731
14726	14731
14727	14731
14728	14732
14729	14734
14730	14737
14731	14737
14732	14737
14733	14737
14734	14738
14735	14738
14736	14740
14737	14741
14738	14743
14739	14744
14740	14744
14741	14746
14742	14746
14743	14746
14744	14747
14745	14749
14746	14752
14747	14752
14748	14752
14749	14752
14750	14753
14751	14753
14752	14755
14753	14756
14754	14758
14755	14759
14756	14759
14757	14762
14758	14762
14759	14762
14760	14762
14761	14763
14762	14765
14763	14766
14764	14766
14765	14769
14766	14769
14767	14769
14768	14769
14769	14772
14770	14774
14771	14775
14772	14777
14773	14779
14774	14781
14775	14782
14776	14782
14777	14783
14778	14783
14779	14785
14780	14786
14781	14786
14782	14787
14783	14787
14784	14788
14785	14789
14786	14792
14787	14792
14788	14792
14789	14792
14790	14793
14791	14795
14792	14797
14793	14799
14794	14800
14795	14800
14796	14800
14797	14802
14798	14802
14799	14803
14800	14803
14801	14804
14802	14806
14803	14809
14804	14809
14805	14809
14806	14809
14807	14810
14808	14810
14809	14812
14810	14813
14811	14815
14812	14816
14813	14818
14814	14821
14815	14821
14816	14821
14817	14821
14818	14822
14819	14822
14820	14824
14821	14825
14822	14826
14823	14826
14824	14828
14825	14828
14826	14829
14827	14829
14828	14830
14829	14832
14830	14835
14831	14837
14832	14838
14833	14838
14834	14839
14835	14839
14836	14841
14837	14841
14838	14842
14839	14842
14840	14844
14841	14845
14842	14845
14843	14846
14844	14846
14845	14847
14846	14849
14847	14850
14848	14850
14849	14853
14850	14853
14851	14853
14852	14853
14853	14855
14854	14855
14855	14856
14856	14858
14857	14859
14858	14861
14859	14862
14860	14862
14861	14865
14862	14865
14863	14865
14864	14865
14865	14868
14866	14870
14867	14871
14868	14871
14869	14872
14870	14872
14871	14874
14872	14874
14873	14875
14874	14875
14875	14876
14876	14877
14877	14877
14878	14879
14879	14880
14880	14882
14881	14883
14882	14885
14883	14886
14884	14888
14885	14891
14886	14893
14887	14894
14888	14896
14889	14899
14890	14899
14891	14899
14892	14899
14893	14900
14894	14900
14895	14901
14896	14903
14897	14906
14898	14906
14899	14906
14900	14906
14901	14907
14902	14907
14903	14909
14904	14910
14905	14912
14906	14913
14907	14913
14908	14916
14909	14916
14910	14916
14911	14916
14912	14917
14913	14919
14914	14922
14915	14922
14916	14922
14917	14922
14918	14923
14919	14923
14920	14925
14921	14926
14922	14928
14923	14929
14924	14929
14925	14932
14926	14932
14927	14932
14928	14932
14929	14933
14930	14935
14931	14936
14932	14936
14933	14939
14934	14939
14935	14939
14936	14939
14937	14940
14938	14942
14939	14945
14940	14947
14941	14948
14942	14948
14943	14949
14944	14949
14945	14951
14946	14952
14947	14952
14948	14953
14949	14953
14950	14955
14951	14956
14952	14956
14953	14956
14954	14957
14955	14959
14956	14960
14957	14960
14958	14962
14959	14962
14960	14962
14961	14965
14962	14967
14963	14968
14964	14970
14965	14971
14966	14973
14967	14976
14968	14976
14969	14976
14970	14976
14971	14977
14972	14977
14973	14979
14974	14981
14975	14982
14976	14982
14977	14983
14978	14983
14979	14985
14980	14986
14981	14986
14982	14987
14983	14987
14984	14988
14985	14990
14986	14993
14987	14995
14988	14996
14989	14996
14990	14996
14991	14998
14992	14998
14993	14999
14994	14999
14995	15001
14996	15002
14997	15002
14998	15003
14999	15003
15000	15004
15001	15006
15002	15007
15003	15007
15004	15010
15005	15010
15006	15010
15007	15010
15008	15012
15009	15013
15010	15015
15011	15016
15012	15018
15013	15021
15014	15021
15015	15021
15016	15021
15017	15021
15018	15023
15019	15025
15020	15026
15021	15026
15022	15027
15023	15027
15024	15029
15025	15030
15026	15030
15027	15031
15028	15031
15029	15032
15030	15034
15031	15037
15032	15039
15033	15039
15034	15039
15035	15041
15036	15042
15037	15042
15038	15043
15039	15043
15040	15045
15041	15046
15042	15046
15043	15047
15044	15047
15045	15048
15046	15050
15047	15051
15048	15051
15049	15054
15050	15054
15051	15054
15052	15054
15053	15056
15054	15057
15055	15059
15056	15060
15057	15062
15058	15063
15059	15063
15060	15066
15061	15066
15062	15066
15063	15066
15064	15069
15065	15071
15066	15072
15067	15072
15068	15072
15069	15074
15070	15075
15071	15075
15072	15076
15073	15076
15074	15077
15075	15078
15076	15078
15077	15079
15078	15081
15079	15082
15080	15084
15081	15085
15082	15085
15083	15088
15084	15088
15085	15088
15086	15088
15087	15091
15088	15092
15089	15093
15090	15093
15091	15095
15092	15096
15093	15096
15094	15097
15095	15097
15096	15098
15097	15099
15098	15099
15099	15102
15100	15104
15101	15105
15102	15107
15103	15109
15104	15111
15105	15112
15106	15114
15107	15115
15108	15115
15109	15118
15110	15118
15111	15118
15112	15118
15113	15119
15114	15121
15115	15123
15116	15123
15117	15123
15118	15124
15119	15124
15120	15126
15121	15127
15122	15129
15123	15129
15124	15132
15125	15132
15126	15132
15127	15132
15128	15133
15129	15135
15130	15136
15131	15136
15132	15137
15133	15137
15134	15138
15135	15140
15136	15143
15137	15145
15138	15146
15139	15146
15140	15147
15141	15147
15142	15149
15143	15150
15144	15150
15145	15150
15146	15152
15147	15153
15148	15153
15149	15154
15150	15154
15151	15155
15152	15156
15153	15159
15154	15159
15155	15159
15156	15159
15157	15159
15158	15161
15159	15162
15160	15163
15161	15164
15162	15166
15163	15169
15164	15170
15165	15171
15166	15171
15167	15173
15168	15174
15169	15174
15170	15175
15171	15175
15172	15177
15173	15178
15174	15178
15175	15179
15176	15179
15177	15180
15178	15182
15179	15185
15180	15185
15181	15185
15182	15185
15183	15186
15184	15186
15185	15187
15186	15189
15187	15192
15188	15194
15189	15195
15190	15196
15191	15197
15192	15197
15193	15198
15194	15200
15195	15203
15196	15203
15197	15203
15198	15203
15199	15204
15200	15204
15201	15206
15202	15206
15203	15207
15204	15209
15205	15212
15206	15212
15207	15212
15208	15212
15209	15212
15210	15214
15211	15215
15212	15217
15213	15218
15214	15218
15215	15221
15216	15221
15217	15221
15218	15221
15219	15221
15220	15222
15221	15224
15222	15225
15223	15227
15224	15228
15225	15228
15226	15231
15227	15231
15228	15231
15229	15231
15230	15234
15231	15236
15232	15237
15233	15237
15234	15238
15235	15238
15236	15240
15237	15241
15238	15241
15239	15242
15240	15242
15241	15244
15242	15244
15243	15245
15244	15245
15245	15246
15246	15247
15247	15249
15248	15250
15249	15252
15250	15253
15251	15255
15252	15258
15253	15258
15254	15258
15255	15258
15256	15259
15257	15259
15258	15262
15259	15264
15260	15265
15261	15265
15262	15266
15263	15266
15264	15268
15265	15269
15266	15269
15267	15270
15268	15270
15269	15272
15270	15273
15271	15273
15272	15274
15273	15274
15274	15277
15275	15279
15276	15280
15277	15281
15278	15282
15279	15282
15280	15283
15281	15285
15282	15287
15283	15287
15284	15287
15285	15288
15286	15288
15287	15290
15288	15290
15289	15291
15290	15293
15291	15296
15292	15296
15293	15296
15294	15296
15295	15297
15296	15297
15297	15298
15298	15299
15299	15301
15300	15302
15301	15302
15302	15305
15303	15305
15304	15305
15305	15305
15306	15306
15307	15308
15308	15309
15309	15311
15310	15312
15311	15314
15312	15317
15313	15319
15314	15320
15315	15322
15316	15325
15317	15325
15318	15325
15319	15325
15320	15326
15321	15326
15322	15327
15323	15329
15324	15332
15325	15332
15326	15332
15327	15332
15328	15333
15329	15333
15330	15335
15331	15336
15332	15338
15333	15339
15334	15339
15335	15342
15336	15342
15337	15342
15338	15342
15339	15343
15340	15345
15341	15348
15342	15348
15343	15348
15344	15348
15345	15349
15346	15349
15347	15351
15348	15352
15349	15354
15350	15355
15351	15355
15352	15358
15353	15358
15354	15358
15355	15358
15356	15359
15357	15361
15358	15362
15359	15362
15360	15365
15361	15365
15362	15365
15363	15365
15364	15366
15365	15368
15366	15371
15367	15373
15368	15374
15369	15374
15370	15375
15371	15375
15372	15377
15373	15378
15374	15378
15375	15378
15376	15380
15377	15381
15378	15381
15379	15382
15380	15382
15381	15383
15382	15385
15383	15386
15384	15386
15385	15388
15386	15388
15387	15388
15388	15391
15389	15393
15390	15394
15391	15396
15392	15397
15393	15399
15394	15402
15395	15402
15396	15402
15397	15402
15398	15402
15399	15404
15400	15406
15401	15407
15402	15407
15403	15408
15404	15408
15405	15410
15406	15411
15407	15411
15408	15412
15409	15412
15410	15413
15411	15415
15412	15418
15413	15420
15414	15420
15415	15420
15416	15422
15417	15423
15418	15423
15419	15424
15420	15424
15421	15426
15422	15427
15423	15427
15424	15428
15425	15428
15426	15429
15427	15431
15428	15432
15429	15432
15430	15435
15431	15435
15432	15435
15433	15435
15434	15437
15435	15438
15436	15440
15437	15441
15438	15443
15439	15446
15440	15446
15441	15446
15442	15446
15443	15447
15444	15447
15445	15449
15446	15451
15447	15452
15448	15452
15449	15453
15450	15453
15451	15455
15452	15456
15453	15456
15454	15457
15455	15457
15456	15458
15457	15460
15458	15463
15459	15465
15460	15465
15461	15466
15462	15466
15463	15468
15464	15469
15465	15469
15466	15470
15467	15470
15468	15472
15469	15472
15470	15473
15471	15473
15472	15474
15473	15476
15474	15477
15475	15477
15476	15480
15477	15480
15478	15480
15479	15480
15480	15482
15481	15483
15482	15485
15483	15486
15484	15488
15485	15489
15486	15489
15487	15492
15488	15492
15489	15492
15490	15492
15491	15495
15492	15496
15493	15497
15494	15497
15495	15499
15496	15500
15497	15500
15498	15501
15499	15501
15500	15502
15501	15503
15502	15503
15503	15504
15504	15506
15505	15507
15506	15509
15507	15510
15508	15510
15509	15513
15510	15513
15511	15513
15512	15513
15513	15516
15514	15518
15515	15518
15516	15519
15517	15519
15518	15521
15519	15522
15520	15522
15521	15523
15522	15523
15523	15524
15524	15525
15525	15525
15526	15528
15527	15530
15528	15530
15529	15531
15530	15533
15531	15535
15532	15537
15533	15538
15534	15540
15535	15541
15536	15541
15537	15544
15538	15544
15539	15544
15540	15544
15541	15545
15542	15547
15543	15549
15544	15549
15545	15549
15546	15550
15547	15550
15548	15552
15549	15553
15550	15555
15551	15556
15552	15556
15553	15557
15554	15557
15555	15558
15556	15560
15557	15560
15558	15563
15559	15563
15560	15563
15561	15563
15562	15564
15563	15566
15564	15569
15565	15571
15566	15572
15567	15572
15568	15573
15569	15573
15570	15575
15571	15576
15572	15576
15573	15577
15574	15577
15575	15579
15576	15580
15577	15580
15578	15580
15579	15581
15580	15582
15581	15585
15582	15585
15583	15585
15584	15585
15585	15587
15586	15588
15587	15589
15588	15590
15589	15592
15590	15595
15591	15596
15592	15597
15593	15597
15594	15599
15595	15600
15596	15600
15597	15601
15598	15601
15599	15603
15600	15604
15601	15604
15602	15605
15603	15605
15604	15606
15605	15608
15606	15611
15607	15611
15608	15611
15609	15611
15610	15612
15611	15612
15612	15613
15613	15615
15614	15618
15615	15620
15616	15621
15617	15623
15618	15626
15619	15626
15620	15626
15621	15626
15622	15627
15623	15627
15624	15628
15625	15629
15626	15630
15627	15630
15628	15632
15629	15633
15630	15635
15631	15636
15632	15636
15633	15639
15634	15639
15635	15639
15636	15639
15637	15639
15638	15641
15639	15641
15640	15642
15641	15644
15642	15647
15643	15647
15644	15647
15645	15647
15646	15647
15647	15648
15648	15650
15649	15651
15650	15653
15651	15654
15652	15654
15653	15657
15654	15657
15655	15657
15656	15657
15657	15660
15658	15662
15659	15663
15660	15663
15661	15664
15662	15664
15663	15666
15664	15667
15665	15667
15666	15668
15667	15668
15668	15670
15669	15671
15670	15671
15671	15671
15672	15672
15673	15673
15674	15675
15675	15676
15676	15678
15677	15679
15678	15681
15679	15684
15680	15684
15681	15684
15682	15684
15683	15685
15684	15685
15685	15688
15686	15690
15687	15691
15688	15691
15689	15692
15690	15692
15691	15694
15692	15695
15693	15695
15694	15696
15695	15696
15696	15698
15697	15699
15698	15699
15699	15700
15700	15700
15701	15703
15702	15705
15703	15706
15704	15708
15705	15710
15706	15710
15707	15710
15708	15711
15709	15711
15710	15712
15711	15713
15712	15714
15713	15714
15714	15716
15715	15716
15716	15717
15717	15719
15718	15722
15719	15722
15720	15722
15721	15722
15722	15723
15723	15723
15724	15724
15725	15725
15726	15727
15727	15728
15728	15728
15729	15731
15730	15731
15731	15731
15732	15732
15733	15735
15734	15736
15735	15738
15736	15741
15737	15743
15738	15744
15739	15746
15740	15749
15741	15751
15742	15752
15743	15753
15744	15754
15745	15756
15746	15759
15747	15761
15748	15761
15749	15761
15750	15763
15751	15763
15752	15763
15753	15765
15754	15765
15755	15765
15756	15766
15757	15768
15758	15768
15759	15768
15760	15769
15761	15771
15762	15774
15763	15776
15764	15777
15765	15779
15766	15779
15767	15779
15768	15780
15769	15782
15770	15782
15771	15782
15772	15784
15773	15785
15774	15787
15775	15787
15776	15787
15777	15788
15778	15790
15779	15790
15780	15790
15781	15792
15782	15793
15783	15795
15784	15795
15785	15795
15786	15796
15787	15798
15788	15798
15789	15798
15790	15799
15791	15801
15792	15804
15793	15806
15794	15806
15795	15806
15796	15808
15797	15808
15798	15808
15799	15810
15800	15810
15801	15810
15802	15811
15803	15813
15804	15813
15805	15813
15806	15815
15807	15816
15808	15818
15809	15819
15810	15821
15811	15824
15812	15826
15813	15826
15814	15826
15815	15828
15816	15828
15817	15828
15818	15830
15819	15830
15820	15830
15821	15831
15822	15833
15823	15833
15824	15833
15825	15836
15826	15838
15827	15839
15828	15841
15829	15841
15830	15841
15831	15842
15832	15844
15833	15844
15834	15844
15835	15845
15836	15846
15837	15848
15838	15848
15839	15848
15840	15850
15841	15851
15842	15853
15843	15853
15844	15853
15845	15854
15846	15856
15847	15856
15848	15856
15849	15857
15850	15859
15851	15862
15852	15864
15853	15865
15854	15867
15855	15867
15856	15867
15857	15868
15858	15870
15859	15870
15860	15870
15861	15872
15862	15873
15863	15875
15864	15875
15865	15875
15866	15876
15867	15878
15868	15878
15869	15878
15870	15880
15871	15881
15872	15883
15873	15883
15874	15883
15875	15884
15876	15886
15877	15886
15878	15886
15879	15887
15880	15889
15881	15890
15882	15892
15883	15892
15884	15892
15885	15895
15886	15897
15887	15897
15888	15897
15889	15899
15890	15899
15891	15899
15892	15901
15893	15901
15894	15901
15895	15903
15896	15904
15897	15906
15898	15907
15899	15909
15900	15910
15901	15912
15902	15912
15903	15912
15904	15915
15905	15917
15906	15917
15907	15917
15908	15919
15909	15919
15910	15919
15911	15921
15912	15921
15913	15921
15914	15924
15915	15926
15916	15927
15917	15929
15918	15929
15919	15929
15920	15930
15921	15931
15922	15931
15923	15933
15924	15934
15925	15935
15926	15935
15927	15936
15928	15938
15929	15938
15930	15938
15931	15940
15932	15941
15933	15943
15934	15943
15935	15943
15936	15944
15937	15946
15938	15946
15939	15946
15940	15947
15941	15949
15942	15950
15943	15952
15944	15953
15945	15955
15946	15955
15947	15955
15948	15958
15949	15960
15950	15960
15951	15960
15952	15962
15953	15962
15954	15962
15955	15964
15956	15964
15957	15964
15958	15967
15959	15969
15960	15970
15961	15972
15962	15972
15963	15972
15964	15973
15965	15975
15966	15975
15967	15975
15968	15977
15969	15978
15970	15980
15971	15980
15972	15980
15973	15981
15974	15983
15975	15983
15976	15983
15977	15984
15978	15985
15979	15987
15980	15987
15981	15987
15982	15988
15983	15990
15984	15993
15985	15995
15986	15996
15987	15998
15988	16001
15989	16003
15990	16003
15991	16003
15992	16005
15993	16005
15994	16005
15995	16007
15996	16007
15997	16007
15998	16008
15999	16010
16000	16010
16001	16010
16002	16011
16003	16013
16004	16015
16005	16017
16006	16017
16007	16017
16008	16019
16009	16019
16010	16019
16011	16020
16012	16022
16013	16022
16014	16022
16015	16024
16016	16025
16017	16027
16018	16028
16019	16030
16020	16030
16021	16030
16022	16033
16023	16034
16024	16034
16025	16036
16026	16036
16027	16036
16028	16038
16029	16038
16030	16038
16031	16038
16032	16040
16033	16041
16034	16043
16035	16044
16036	16046
16037	16046
16038	16046
16039	16048
16040	16050
16041	16050
16042	16050
16043	16051
16044	16051
16045	16052
16046	16054
16047	16057
16048	16059
16049	16059
16050	16059
16051	16061
16052	16061
16053	16061
16054	16063
16055	16063
16056	16063
16057	16064
16058	16066
16059	16066
16060	16066
16061	16067
16062	16069
16063	16070
16064	16072
16065	16073
16066	16075
16067	16075
16068	16075
16069	16078
16070	16080
16071	16080
16072	16080
16073	16082
16074	16082
16075	16082
16076	16084
16077	16084
16078	16084
16079	16087
16080	16089
16081	16090
16082	16092
16083	16092
16084	16092
16085	16093
16086	16095
16087	16095
16088	16095
16089	16097
16090	16098
16091	16100
16092	16100
16093	16100
16094	16101
16095	16103
16096	16103
16097	16103
16098	16105
16099	16106
16100	16108
16101	16108
16102	16108
16103	16108
16104	16109
16105	16111
16106	16114
16107	16116
16108	16117
16109	16119
16110	16122
16111	16124
16112	16125
16113	16127
16114	16127
16115	16127
16116	16128
16117	16130
16118	16130
16119	16130
16120	16132
16121	16133
16122	16135
16123	16135
16124	16135
16125	16136
16126	16138
16127	16138
16128	16138
16129	16140
16130	16141
16131	16143
16132	16143
16133	16143
16134	16144
16135	16146
16136	16146
16137	16146
16138	16147
16139	16149
16140	16152
16141	16154
16142	16154
16143	16154
16144	16156
16145	16156
16146	16156
16147	16158
16148	16158
16149	16158
16150	16159
16151	16161
16152	16161
16153	16161
16154	16162
16155	16164
16156	16167
16157	16169
16158	16170
16159	16172
16160	16172
16161	16172
16162	16172
16163	16174
16164	16175
16165	16177
16166	16177
16167	16177
16168	16178
16169	16180
16170	16180
16171	16180
16172	16182
16173	16183
16174	16185
16175	16185
16176	16185
16177	16186
16178	16188
16179	16188
16180	16188
16181	16189
16182	16191
16183	16194
16184	16196
16185	16196
16186	16196
16187	16198
16188	16198
16189	16198
16190	16200
16191	16200
16192	16200
16193	16201
16194	16203
16195	16203
16196	16203
16197	16205
16198	16206
16199	16208
16200	16209
16201	16211
16202	16214
16203	16216
16204	16216
16205	16216
16206	16218
16207	16218
16208	16218
16209	16220
16210	16220
16211	16220
16212	16221
16213	16223
16214	16223
16215	16223
16216	16226
16217	16227
16218	16228
16219	16230
16220	16230
16221	16230
16222	16232
16223	16233
16224	16235
16225	16235
16226	16235
16227	16236
16228	16238
16229	16238
16230	16238
16231	16240
16232	16241
16233	16243
16234	16243
16235	16243
16236	16244
16237	16246
16238	16246
16239	16246
16240	16247
16241	16249
16242	16252
16243	16254
16244	16255
16245	16257
16246	16257
16247	16257
16248	16258
16249	16259
16250	16259
16251	16261
16252	16262
16253	16264
16254	16264
16255	16264
16256	16265
16257	16267
16258	16267
16259	16267
16260	16269
16261	16270
16262	16272
16263	16272
16264	16272
16265	16273
16266	16275
16267	16275
16268	16275
16269	16276
16270	16278
16271	16279
16272	16281
16273	16281
16274	16281
16275	16284
16276	16286
16277	16286
16278	16286
16279	16288
16280	16288
16281	16288
16282	16290
16283	16290
16284	16290
16285	16292
16286	16293
16287	16295
16288	16296
16289	16298
16290	16299
16291	16301
16292	16301
16293	16301
16294	16304
16295	16306
16296	16306
16297	16306
16298	16308
16299	16308
16300	16308
16301	16310
16302	16310
16303	16310
16304	16313
16305	16315
16306	16316
16307	16318
16308	16318
16309	16318
16310	16319
16311	16320
16312	16320
16313	16322
16314	16323
16315	16325
16316	16325
16317	16325
16318	16326
16319	16328
16320	16328
16321	16328
16322	16329
16323	16330
16324	16332
16325	16332
16326	16332
16327	16333
16328	16335
16329	16336
16330	16338
16331	16339
16332	16341
16333	16341
16334	16341
16335	16344
16336	16346
16337	16346
16338	16346
16339	16348
16340	16348
16341	16348
16342	16350
16343	16350
16344	16350
16345	16353
16346	16355
16347	16356
16348	16357
16349	16357
16350	16358
16351	16360
16352	16360
16353	16360
16354	16362
16355	16363
16356	16364
16357	16364
16358	16365
16359	16367
16360	16367
16361	16367
16362	16369
16363	16370
16364	16372
16365	16372
16366	16372
16367	16373
16368	16375
16369	16375
16370	16375
16371	16376
16372	16378
16373	16381
16374	16383
16375	16384
16376	16386
16377	16388
16378	16390
16379	16390
16380	16390
16381	16392
16382	16392
16383	16392
16384	16393
16385	16395
16386	16395
16387	16395
16388	16396
16389	16398
16390	16401
16391	16403
16392	16403
16393	16403
16394	16405
16395	16405
16396	16405
16397	16407
16398	16407
16399	16407
16400	16408
16401	16410
16402	16410
16403	16410
16404	16412
16405	16413
16406	16415
16407	16416
16408	16418
16409	16418
16410	16418
16411	16420
16412	16421
16413	16421
16414	16423
16415	16423
16416	16423
16417	16424
16418	16426
16419	16429
16420	16431
16421	16431
16422	16431
16423	16433
16424	16433
16425	16433
16426	16435
16427	16435
16428	16435
16429	16436
16430	16438
16431	16438
16432	16438
16433	16440
16434	16441
16435	16443
16436	16444
16437	16446
16438	16446
16439	16446
16440	16449
16441	16451
16442	16451
16443	16451
16444	16452
16445	16452
16446	16454
16447	16454
16448	16454
16449	16454
16450	16455
16451	16457
16452	16458
16453	16460
16454	16461
16455	16463
16456	16463
16457	16463
16458	16466
16459	16468
16460	16468
16461	16468
16462	16470
16463	16470
16464	16470
16465	16472
16466	16472
16467	16472
16468	16475
16469	16477
16470	16478
16471	16480
16472	16480
16473	16480
16474	16481
16475	16483
16476	16483
16477	16483
16478	16485
16479	16486
16480	16488
16481	16488
16482	16488
16483	16489
16484	16491
16485	16491
16486	16491
16487	16493
16488	16493
16489	16494
16490	16496
16491	16496
16492	16496
16493	16498
16494	16499
16495	16501
16496	16502
16497	16504
16498	16507
16499	16509
16500	16510
16501	16512
16502	16514
16503	16516
16504	16516
16505	16516
16506	16518
16507	16518
16508	16518
16509	16519
16510	16521
16511	16521
16512	16521
16513	16522
16514	16524
16515	16527
16516	16529
16517	16529
16518	16529
16519	16531
16520	16531
16521	16531
16522	16533
16523	16533
16524	16533
16525	16534
16526	16536
16527	16536
16528	16536
16529	16538
16530	16539
16531	16541
16532	16542
16533	16544
16534	16544
16535	16544
16536	16547
16537	16549
16538	16549
16539	16549
16540	16550
16541	16550
16542	16552
16543	16552
16544	16552
16545	16553
16546	16555
16547	16558
16548	16560
16549	16560
16550	16560
16551	16561
16552	16561
16553	16563
16554	16563
16555	16563
16556	16564
16557	16566
16558	16566
16559	16566
16560	16568
16561	16569
16562	16571
16563	16572
16564	16574
16565	16574
16566	16574
16567	16577
16568	16579
16569	16579
16570	16579
16571	16581
16572	16581
16573	16581
16574	16583
16575	16583
16576	16583
16577	16584
16578	16586
16579	16587
16580	16589
16581	16589
16582	16589
16583	16592
16584	16594
16585	16594
16586	16594
16587	16596
16588	16596
16589	16596
16590	16597
16591	16597
16592	16598
16593	16600
16594	16603
16595	16605
16596	16606
16597	16608
16598	16608
16599	16608
16600	16609
16601	16611
16602	16611
16603	16611
16604	16613
16605	16614
16606	16616
16607	16616
16608	16616
16609	16616
16610	16618
16611	16619
16612	16621
16613	16621
16614	16621
16615	16622
16616	16624
16617	16624
16618	16624
16619	16625
16620	16627
16621	16628
16622	16630
16623	16630
16624	16630
16625	16633
16626	16635
16627	16635
16628	16635
16629	16637
16630	16637
16631	16637
16632	16639
16633	16639
16634	16639
16635	16642
16636	16644
16637	16645
16638	16647
16639	16648
16640	16650
16641	16653
16642	16655
16643	16655
16644	16655
16645	16657
16646	16657
16647	16657
16648	16659
16649	16659
16650	16659
16651	16660
16652	16662
16653	16662
16654	16662
16655	16664
16656	16666
16657	16667
16658	16669
16659	16669
16660	16669
16661	16670
16662	16672
16663	16672
16664	16672
16665	16674
16666	16675
16667	16677
16668	16677
16669	16677
16670	16678
16671	16680
16672	16680
16673	16680
16674	16681
16675	16683
16676	16686
16677	16688
16678	16689
16679	16691
16680	16691
16681	16691
16682	16692
16683	16693
16684	16693
16685	16695
16686	16696
16687	16698
16688	16698
16689	16698
16690	16699
16691	16700
16692	16700
16693	16701
16694	16702
16695	16704
16696	16704
16697	16704
16698	16705
16699	16707
16700	16708
16701	16710
16702	16710
16703	16710
16704	16713
16705	16715
16706	16715
16707	16715
16708	16717
16709	16717
16710	16717
16711	16719
16712	16719
16713	16719
16714	16720
16715	16721
16716	16723
16717	16726
16718	16728
16719	16728
16720	16729
16721	16731
16722	16731
16723	16731
16724	16733
16725	16734
16726	16735
16727	16735
16728	16736
16729	16738
16730	16738
16731	16738
16732	16740
16733	16741
16734	16743
16735	16743
16736	16743
16737	16744
16738	16745
16739	16745
16740	16746
16741	16748
16742	16749
16743	16751
16744	16751
16745	16751
16746	16754
16747	16756
16748	16756
16749	16756
16750	16758
16751	16758
16752	16758
16753	16760
16754	16760
16755	16760
16756	16762
16757	16763
16758	16765
16759	16766
16760	16768
16761	16769
16762	16771
16763	16771
16764	16771
16765	16774
16766	16776
16767	16776
16768	16776
16769	16778
16770	16778
16771	16778
16772	16780
16773	16780
16774	16780
16775	16783
16776	16785
16777	16786
16778	16788
16779	16788
16780	16788
16781	16789
16782	16790
16783	16790
16784	16791
16785	16792
16786	16794
16787	16794
16788	16794
16789	16795
16790	16796
16791	16798
16792	16798
16793	16798
16794	16799
16795	16801
16796	16802
16797	16804
16798	16805
16799	16807
16800	16807
16801	16807
16802	16810
16803	16812
16804	16812
16805	16812
16806	16814
16807	16814
16808	16814
16809	16816
16810	16816
16811	16816
16812	16819
16813	16821
16814	16821
16815	16822
16816	16824
16817	16824
16818	16824
16819	16826
16820	16827
16821	16828
16822	16828
16823	16829
16824	16831
16825	16831
16826	16831
16827	16832
16828	16833
16829	16835
16830	16835
16831	16835
16832	16836
16833	16838
16834	16841
16835	16843
16836	16844
16837	16845
16838	16846
16839	16848
16840	16851
16841	16853
16842	16853
16843	16853
16844	16854
16845	16854
16846	16856
16847	16856
16848	16856
16849	16857
16850	16859
16851	16859
16852	16859
16853	16860
16854	16862
16855	16865
16856	16867
16857	16868
16858	16870
16859	16870
16860	16870
16861	16871
16862	16873
16863	16873
16864	16873
16865	16875
16866	16876
16867	16878
16868	16878
16869	16878
16870	16879
16871	16881
16872	16881
16873	16881
16874	16883
16875	16884
16876	16886
16877	16886
16878	16886
16879	16887
16880	16889
16881	16889
16882	16889
16883	16890
16884	16892
16885	16895
16886	16897
16887	16897
16888	16897
16889	16899
16890	16899
16891	16899
16892	16901
16893	16901
16894	16901
16895	16902
16896	16904
16897	16904
16898	16904
16899	16906
16900	16907
16901	16909
16902	16910
16903	16912
16904	16915
16905	16917
16906	16917
16907	16917
16908	16919
16909	16919
16910	16919
16911	16921
16912	16921
16913	16921
16914	16922
16915	16924
16916	16924
16917	16924
16918	16927
16919	16928
16920	16929
16921	16931
16922	16931
16923	16931
16924	16933
16925	16934
16926	16936
16927	16936
16928	16936
16929	16937
16930	16938
16931	16938
16932	16940
16933	16941
16934	16943
16935	16943
16936	16943
16937	16944
16938	16945
16939	16945
16940	16946
16941	16948
16942	16951
16943	16953
16944	16954
16945	16956
16946	16956
16947	16956
16948	16957
16949	16958
16950	16958
16951	16960
16952	16961
16953	16963
16954	16963
16955	16963
16956	16964
16957	16966
16958	16966
16959	16966
16960	16968
16961	16969
16962	16971
16963	16971
16964	16971
16965	16972
16966	16974
16967	16974
16968	16974
16969	16975
16970	16977
16971	16978
16972	16980
16973	16980
16974	16980
16975	16983
16976	16985
16977	16985
16978	16985
16979	16987
16980	16987
16981	16987
16982	16989
16983	16989
16984	16989
16985	16991
16986	16992
16987	16994
16988	16995
16989	16997
16990	17000
16991	17002
16992	17002
16993	17002
16994	17004
16995	17004
16996	17004
16997	17006
16998	17006
16999	17006
17000	17007
17001	17009
17002	17009
17003	17009
17004	17012
17005	17014
17006	17015
17007	17017
17008	17017
17009	17017
17010	17018
17011	17019
17012	17019
17013	17020
17014	17021
17015	17023
17016	17023
17017	17023
17018	17025
17019	17026
17020	17028
17021	17028
17022	17028
17023	17029
17024	17031
17025	17031
17026	17031
17027	17032
17028	17034
17029	17037
17030	17038
17031	17039
17032	17041
17033	17041
17034	17041
17035	17043
17036	17044
17037	17045
17038	17045
17039	17046
17040	17048
17041	17048
17042	17048
17043	17050
17044	17051
17045	17053
17046	17053
17047	17053
17048	17053
17049	17054
17050	17056
17051	17057
17052	17059
17053	17059
17054	17059
17055	17062
17056	17064
17057	17064
17058	17064
17059	17066
17060	17066
17061	17066
17062	17068
17063	17068
17064	17068
17065	17069
17066	17071
17067	17072
17068	17074
17069	17075
17070	17077
17071	17080
17072	17082
17073	17082
17074	17082
17075	17084
17076	17084
17077	17084
17078	17086
17079	17086
17080	17086
17081	17087
17082	17089
17083	17089
17084	17089
17085	17092
17086	17094
17087	17095
17088	17097
17089	17097
17090	17097
17091	17098
17092	17100
17093	17100
17094	17100
17095	17102
17096	17103
17097	17105
17098	17105
17099	17105
17100	17106
17101	17108
17102	17108
17103	17108
17104	17110
17105	17111
17106	17113
17107	17113
17108	17113
17109	17114
17110	17116
17111	17116
17112	17116
17113	17119
17114	17121
17115	17122
17116	17124
17117	17126
17118	17128
17119	17128
17120	17128
17121	17130
17122	17130
17123	17130
17124	17131
17125	17133
17126	17133
17127	17133
17128	17134
17129	17136
17130	17138
17131	17140
17132	17140
17133	17140
17134	17142
17135	17142
17136	17142
17137	17143
17138	17145
17139	17145
17140	17145
17141	17147
17142	17148
17143	17150
17144	17151
17145	17153
17146	17153
17147	17153
17148	17155
17149	17156
17150	17156
17151	17158
17152	17158
17153	17158
17154	17159
17155	17161
17156	17164
17157	17166
17158	17166
17159	17166
17160	17168
17161	17168
17162	17168
17163	17170
17164	17170
17165	17170
17166	17171
17167	17173
17168	17173
17169	17173
17170	17175
17171	17175
17172	17176
17173	17178
17174	17179
17175	17181
17176	17181
17177	17181
17178	17184
17179	17186
17180	17186
17181	17186
17182	17188
17183	17188
17184	17188
17185	17189
17186	17189
17187	17191
17188	17192
17189	17194
17190	17195
17191	17197
17192	17198
17193	17200
17194	17203
17195	17205
17196	17206
17197	17208
17198	17208
17199	17208
17200	17209
17201	17211
17202	17211
17203	17211
17204	17213
17205	17214
17206	17216
17207	17216
17208	17216
17209	17217
17210	17219
17211	17219
17212	17219
17213	17221
17214	17222
17215	17224
17216	17224
17217	17224
17218	17225
17219	17227
17220	17227
17221	17227
17222	17228
17223	17230
17224	17233
17225	17235
17226	17235
17227	17235
17228	17237
17229	17237
17230	17237
17231	17239
17232	17239
17233	17239
17234	17240
17235	17242
17236	17242
17237	17242
17238	17245
17239	17247
17240	17248
17241	17250
17242	17251
17243	17253
17244	17253
17245	17253
17246	17256
17247	17257
17248	17257
17249	17259
17250	17259
17251	17259
17252	17261
17253	17261
17254	17261
17255	17262
17256	17264
17257	17267
17258	17269
17259	17269
17260	17269
17261	17271
17262	17271
17263	17271
17264	17273
17265	17273
17266	17273
17267	17274
17268	17276
17269	17276
17270	17276
17271	17278
17272	17279
17273	17281
17274	17282
17275	17284
17276	17284
17277	17284
17278	17286
17279	17288
17280	17288
17281	17288
17282	17290
17283	17290
17284	17290
17285	17291
17286	17293
17287	17296
17288	17298
17289	17298
17290	17298
17291	17300
17292	17300
17293	17300
17294	17302
17295	17302
17296	17302
17297	17303
17298	17305
17299	17305
17300	17305
17301	17307
17302	17308
17303	17310
17304	17311
17305	17313
17306	17313
17307	17313
17308	17316
17309	17318
17310	17318
17311	17318
17312	17320
17313	17320
17314	17320
17315	17321
17316	17321
17317	17322
17318	17324
17319	17325
17320	17327
17321	17327
17322	17327
17323	17330
17324	17332
17325	17332
17326	17332
17327	17334
17328	17334
17329	17334
17330	17335
17331	17335
17332	17338
17333	17340
17334	17341
17335	17343
17336	17345
17337	17347
17338	17348
17339	17350
17340	17350
17341	17350
17342	17351
17343	17353
17344	17353
17345	17353
17346	17355
17347	17356
17348	17358
17349	17358
17350	17358
17351	17359
17352	17361
17353	17361
17354	17361
17355	17362
17356	17364
17357	17367
17358	17369
17359	17369
17360	17369
17361	17371
17362	17371
17363	17371
17364	17373
17365	17373
17366	17373
17367	17374
17368	17376
17369	17376
17370	17376
17371	17377
17372	17378
17373	17379
17374	17381
17375	17384
17376	17386
17377	17386
17378	17386
17379	17388
17380	17388
17381	17388
17382	17390
17383	17390
17384	17390
17385	17391
17386	17393
17387	17393
17388	17393
17389	17395
17390	17396
17391	17397
17392	17398
17393	17400
17394	17403
17395	17404
17396	17404
17397	17406
17398	17406
17399	17406
17400	17408
17401	17408
17402	17408
17403	17409
17404	17411
17405	17411
17406	17411
17407	17412
17408	17414
17409	17417
17410	17419
17411	17420
17412	17421
17413	17421
17414	17422
17415	17424
17416	17424
17417	17424
17418	17426
17419	17426
17420	17427
17421	17429
17422	17429
17423	17429
17424	17431
17425	17432
17426	17434
17427	17434
17428	17434
17429	17435
17430	17437
17431	17437
17432	17437
17433	17438
17434	17440
17435	17441
17436	17443
17437	17443
17438	17443
17439	17446
17440	17448
17441	17448
17442	17448
17443	17450
17444	17450
17445	17450
17446	17452
17447	17452
17448	17452
17449	17454
17450	17455
17451	17457
17452	17458
17453	17460
17454	17461
17455	17463
17456	17463
17457	17463
17458	17466
17459	17468
17460	17468
17461	17468
17462	17470
17463	17470
17464	17470
17465	17472
17466	17472
17467	17472
17468	17475
17469	17476
17470	17477
17471	17479
17472	17479
17473	17479
17474	17480
17475	17481
17476	17483
17477	17483
17478	17483
17479	17484
17480	17485
17481	17487
17482	17487
17483	17487
17484	17488
17485	17490
17486	17491
17487	17493
17488	17494
17489	17496
17490	17496
17491	17496
17492	17499
17493	17501
17494	17501
17495	17501
17496	17503
17497	17503
17498	17503
17499	17505
17500	17505
17501	17505
17502	17508
17503	17510
17504	17511
17505	17512
17506	17512
17507	17513
17508	17515
17509	17515
17510	17515
17511	17517
17512	17517
17513	17518
17514	17520
17515	17520
17516	17520
17517	17521
17518	17522
17519	17524
17520	17524
17521	17524
17522	17525
17523	17527
17524	17528
17525	17530
17526	17531
17527	17533
17528	17536
17529	17538
17530	17539
17531	17541
17532	17541
17533	17541
17534	17542
17535	17544
17536	17544
17537	17544
17538	17546
17539	17547
17540	17549
17541	17549
17542	17549
17543	17550
17544	17552
17545	17552
17546	17552
17547	17554
17548	17555
17549	17557
17550	17557
17551	17557
17552	17558
17553	17560
17554	17560
17555	17560
17556	17561
17557	17563
17558	17566
17559	17568
17560	17568
17561	17568
17562	17570
17563	17570
17564	17570
17565	17572
17566	17572
17567	17572
17568	17573
17569	17575
17570	17575
17571	17575
17572	17578
17573	17580
17574	17581
17575	17583
17576	17584
17577	17586
17578	17586
17579	17586
17580	17588
17581	17590
17582	17590
17583	17590
17584	17592
17585	17592
17586	17592
17587	17593
17588	17595
17589	17598
17590	17600
17591	17600
17592	17600
17593	17602
17594	17602
17595	17602
17596	17604
17597	17604
17598	17604
17599	17605
17600	17607
17601	17607
17602	17607
17603	17609
17604	17610
17605	17612
17606	17613
17607	17615
17608	17615
17609	17615
17610	17617
17611	17619
17612	17619
17613	17619
17614	17621
17615	17621
17616	17621
17617	17622
17618	17624
17619	17627
17620	17629
17621	17629
17622	17629
17623	17631
17624	17631
17625	17631
17626	17633
17627	17633
17628	17633
17629	17634
17630	17636
17631	17636
17632	17636
17633	17638
17634	17639
17635	17641
17636	17642
17637	17644
17638	17644
17639	17644
17640	17647
17641	17648
17642	17648
17643	17650
17644	17650
17645	17650
17646	17651
17647	17651
17648	17652
17649	17654
17650	17655
17651	17657
17652	17657
17653	17657
17654	17660
17655	17662
17656	17662
17657	17662
17658	17664
17659	17664
17660	17664
17661	17665
17662	17665
17663	17668
17664	17670
17665	17671
17666	17672
17667	17673
17668	17675
17669	17678
17670	17680
17671	17680
17672	17680
17673	17682
17674	17682
17675	17682
17676	17684
17677	17684
17678	17684
17679	17685
17680	17687
17681	17687
17682	17687
17683	17688
17684	17690
17685	17692
17686	17694
17687	17695
17688	17697
17689	17697
17690	17697
17691	17698
17692	17700
17693	17700
17694	17700
17695	17702
17696	17703
17697	17705
17698	17705
17699	17705
17700	17706
17701	17708
17702	17708
17703	17708
17704	17709
17705	17711
17706	17714
17707	17716
17708	17716
17709	17716
17710	17718
17711	17718
17712	17718
17713	17720
17714	17720
17715	17720
17716	17721
17717	17723
17718	17723
17719	17723
17720	17725
17721	17726
17722	17728
17723	17729
17724	17731
17725	17734
17726	17736
17727	17736
17728	17736
17729	17738
17730	17738
17731	17738
17732	17740
17733	17740
17734	17740
17735	17741
17736	17743
17737	17743
17738	17743
17739	17746
17740	17747
17741	17748
17742	17750
17743	17750
17744	17750
17745	17752
17746	17753
17747	17755
17748	17755
17749	17755
17750	17756
17751	17757
17752	17757
17753	17758
17754	17759
17755	17761
17756	17761
17757	17761
17758	17762
17759	17764
17760	17767
17761	17769
17762	17770
17763	17772
17764	17772
17765	17772
17766	17773
17767	17774
17768	17774
17769	17776
17770	17777
17771	17779
17772	17779
17773	17779
17774	17779
17775	17781
17776	17781
17777	17782
17778	17784
17779	17784
17780	17784
17781	17785
17782	17787
17783	17788
17784	17790
17785	17790
17786	17790
17787	17793
17788	17795
17789	17795
17790	17795
17791	17797
17792	17797
17793	17797
17794	17799
17795	17799
17796	17799
17797	17800
17798	17801
17799	17803
17800	17804
17801	17806
17802	17807
17803	17809
17804	17809
17805	17809
17806	17812
17807	17814
17808	17814
17809	17814
17810	17816
17811	17816
17812	17816
17813	17818
17814	17818
17815	17818
17816	17821
17817	17823
17818	17824
17819	17826
17820	17826
17821	17826
17822	17827
17823	17828
17824	17828
17825	17830
17826	17830
17827	17831
17828	17833
17829	17833
17830	17833
17831	17834
17832	17835
17833	17837
17834	17837
17835	17837
17836	17838
17837	17840
17838	17843
17839	17845
17840	17846
17841	17848
17842	17851
17843	17853
17844	17854
17845	17855
17846	17856
17847	17858
17848	17858
17849	17858
17850	17859
17851	17861
17852	17864
17853	17866
17854	17866
17855	17866
17856	17868
17857	17868
17858	17868
17859	17870
17860	17870
17861	17870
17862	17871
17863	17873
17864	17873
17865	17873
17866	17875
17867	17876
17868	17878
17869	17879
17870	17881
17871	17881
17872	17881
17873	17884
17874	17886
17875	17886
17876	17886
17877	17887
17878	17887
17879	17889
17880	17889
17881	17889
17882	17890
17883	17892
17884	17895
17885	17897
17886	17897
17887	17897
17888	17899
17889	17899
17890	17899
17891	17901
17892	17901
17893	17901
17894	17902
17895	17904
17896	17904
17897	17904
17898	17906
17899	17907
17900	17909
17901	17910
17902	17911
17903	17911
17904	17914
17905	17916
17906	17916
17907	17916
17908	17918
17909	17918
17910	17918
17911	17920
17912	17920
17913	17920
17914	17921
17915	17923
17916	17924
17917	17925
17918	17925
17919	17928
17920	17930
17921	17930
17922	17930
17923	17932
17924	17932
17925	17932
17926	17933
17927	17933
17928	17934
17929	17936
17930	17939
17931	17941
17932	17942
17933	17944
17934	17944
17935	17944
17936	17945
17937	17947
17938	17947
17939	17947
17940	17949
17941	17950
17942	17952
17943	17952
17944	17952
17945	17952
17946	17954
17947	17955
17948	17957
17949	17957
17950	17957
17951	17958
17952	17960
17953	17960
17954	17960
17955	17961
17956	17963
17957	17964
17958	17966
17959	17966
17960	17966
17961	17969
17962	17971
17963	17971
17964	17971
17965	17973
17966	17973
17967	17973
17968	17975
17969	17975
17970	17975
17971	17976
17972	17978
17973	17980
17974	17982
17975	17983
17976	17985
17977	17988
17978	17990
17979	17990
17980	17990
17981	17992
17982	17992
17983	17992
17984	17994
17985	17994
17986	17994
17987	17995
17988	17997
17989	17997
17990	17997
17991	17997
17992	17999
17993	18000
17994	18002
17995	18003
17996	18005
17997	18005
17998	18005
17999	18008
18000	18009
18001	18009
18002	18011
18003	18011
18004	18011
18005	18013
18006	18013
18007	18013
18008	18013
18009	18014
18010	18016
18011	18019
18012	18021
18013	18022
18014	18024
18015	18024
18016	18024
18017	18025
18018	18027
18019	18027
18020	18027
18021	18029
18022	18030
18023	18032
18024	18032
18025	18032
18026	18033
18027	18035
18028	18035
18029	18035
18030	18037
18031	18038
18032	18040
18033	18040
18034	18040
18035	18040
18036	18041
18037	18043
18038	18044
18039	18046
18040	18046
18041	18046
18042	18049
18043	18051
18044	18051
18045	18051
18046	18053
18047	18053
18048	18053
18049	18055
18050	18055
18051	18055
18052	18057
18053	18058
18054	18060
18055	18061
18056	18063
18057	18066
18058	18068
18059	18069
18060	18071
18061	18071
18062	18071
18063	18072
18064	18074
18065	18074
18066	18074
18067	18076
18068	18077
18069	18079
18070	18079
18071	18079
18072	18080
18073	18082
18074	18082
18075	18082
18076	18084
18077	18085
18078	18087
18079	18087
18080	18087
18081	18088
18082	18090
18083	18090
18084	18090
18085	18091
18086	18093
18087	18096
18088	18098
18089	18098
18090	18098
18091	18100
18092	18100
18093	18100
18094	18102
18095	18102
18096	18102
18097	18103
18098	18105
18099	18105
18100	18105
18101	18108
18102	18109
18103	18110
18104	18112
18105	18115
18106	18117
18107	18117
18108	18117
18109	18119
18110	18119
18111	18119
18112	18121
18113	18121
18114	18121
18115	18122
18116	18124
18117	18124
18118	18124
18119	18126
18120	18127
18121	18129
18122	18130
18123	18132
18124	18132
18125	18132
18126	18134
18127	18136
18128	18136
18129	18136
18130	18138
18131	18138
18132	18138
18133	18139
18134	18141
18135	18144
18136	18146
18137	18146
18138	18146
18139	18147
18140	18147
18141	18149
18142	18149
18143	18149
18144	18150
18145	18152
18146	18152
18147	18152
18148	18154
18149	18155
18150	18157
18151	18158
18152	18160
18153	18160
18154	18160
18155	18163
18156	18165
18157	18165
18158	18165
18159	18167
18160	18167
18161	18167
18162	18168
18163	18168
18164	18169
18165	18171
18166	18172
18167	18174
18168	18174
18169	18174
18170	18177
18171	18179
18172	18179
18173	18179
18174	18180
18175	18180
18176	18181
18177	18181
18178	18181
18179	18183
18180	18184
18181	18186
18182	18187
18183	18189
18184	18192
18185	18194
18186	18195
18187	18196
18188	18196
18189	18197
18190	18199
18191	18199
18192	18199
18193	18201
18194	18202
18195	18204
18196	18204
18197	18204
18198	18205
18199	18207
18200	18207
18201	18207
18202	18209
18203	18210
18204	18211
18205	18211
18206	18212
18207	18214
18208	18214
18209	18214
18210	18215
18211	18217
18212	18220
18213	18222
18214	18222
18215	18222
18216	18224
18217	18224
18218	18224
18219	18226
18220	18226
18221	18226
18222	18227
18223	18229
18224	18229
18225	18229
18226	18231
18227	18233
18228	18234
18229	18236
18230	18237
18231	18239
18232	18239
18233	18239
18234	18241
18235	18243
18236	18243
18237	18243
18238	18245
18239	18245
18240	18245
18241	18245
18242	18246
18243	18247
18244	18249
18245	18252
18246	18254
18247	18254
18248	18254
18249	18256
18250	18256
18251	18256
18252	18257
18253	18257
18254	18258
18255	18260
18256	18260
18257	18260
18258	18261
18259	18263
18260	18266
18261	18268
18262	18269
18263	18270
18264	18271
18265	18273
18266	18273
18267	18273
18268	18274
18269	18276
18270	18279
18271	18281
18272	18281
18273	18281
18274	18283
18275	18283
18276	18283
18277	18285
18278	18285
18279	18285
18280	18286
18281	18288
18282	18288
18283	18288
18284	18290
18285	18291
18286	18292
18287	18293
18288	18295
18289	18295
18290	18295
18291	18296
18292	18298
18293	18301
18294	18303
18295	18303
18296	18303
18297	18305
18298	18305
18299	18305
18300	18307
18301	18307
18302	18307
18303	18308
18304	18310
18305	18310
18306	18310
18307	18312
18308	18313
18309	18315
18310	18316
18311	18318
18312	18318
18313	18318
18314	18321
18315	18323
18316	18323
18317	18323
18318	18324
18319	18324
18320	18326
18321	18326
18322	18326
18323	18327
18324	18329
18325	18331
18326	18332
18327	18332
18328	18333
18329	18333
18330	18334
18331	18336
18332	18336
18333	18336
18334	18337
18335	18339
18336	18340
18337	18342
18338	18343
18339	18344
18340	18344
18341	18347
18342	18349
18343	18349
18344	18349
18345	18351
18346	18351
18347	18351
18348	18353
18349	18353
18350	18353
18351	18356
18352	18358
18353	18359
18354	18361
18355	18361
18356	18361
18357	18362
18358	18364
18359	18364
18360	18364
18361	18366
18362	18367
18363	18369
18364	18369
18365	18369
18366	18370
18367	18372
18368	18372
18369	18372
18370	18374
18371	18374
18372	18375
18373	18377
18374	18377
18375	18377
18376	18378
18377	18380
18378	18381
18379	18383
18380	18384
18381	18386
18382	18389
18383	18391
18384	18392
18385	18394
18386	18394
18387	18394
18388	18395
18389	18397
18390	18397
18391	18397
18392	18399
18393	18400
18394	18402
18395	18402
18396	18402
18397	18403
18398	18405
18399	18405
18400	18405
18401	18407
18402	18408
18403	18410
18404	18410
18405	18410
18406	18411
18407	18413
18408	18413
18409	18413
18410	18414
18411	18416
18412	18419
18413	18421
18414	18421
18415	18421
18416	18422
18417	18422
18418	18424
18419	18424
18420	18424
18421	18425
18422	18427
18423	18427
18424	18427
18425	18430
18426	18432
18427	18433
18428	18435
18429	18436
18430	18438
18431	18438
18432	18438
18433	18440
18434	18442
18435	18442
18436	18442
18437	18444
18438	18444
18439	18444
18440	18445
18441	18447
18442	18450
18443	18452
18444	18452
18445	18452
18446	18454
18447	18454
18448	18454
18449	18456
18450	18456
18451	18456
18452	18457
18453	18459
18454	18459
18455	18459
18456	18461
18457	18462
18458	18464
18459	18465
18460	18467
18461	18467
18462	18467
18463	18470
18464	18472
18465	18472
18466	18472
18467	18473
18468	18473
18469	18475
18470	18475
18471	18475
18472	18476
18473	18478
18474	18481
18475	18483
18476	18483
18477	18483
18478	18485
18479	18485
18480	18485
18481	18487
18482	18487
18483	18487
18484	18488
18485	18490
18486	18490
18487	18490
18488	18492
18489	18493
18490	18495
18491	18496
18492	18498
18493	18498
18494	18498
18495	18501
18496	18503
18497	18503
18498	18503
18499	18505
18500	18505
18501	18505
18502	18506
18503	18506
18504	18507
18505	18509
18506	18510
18507	18512
18508	18512
18509	18512
18510	18515
18511	18517
18512	18517
18513	18517
18514	18519
18515	18519
18516	18519
18517	18520
18518	18520
18519	18523
18520	18525
18521	18526
18522	18528
18523	18530
18524	18532
18525	18532
18526	18533
18527	18535
18528	18535
18529	18535
18530	18537
18531	18538
18532	18540
18533	18540
18534	18540
18535	18540
18536	18541
18537	18543
18538	18546
18539	18548
18540	18548
18541	18548
18542	18550
18543	18550
18544	18550
18545	18552
18546	18552
18547	18552
18548	18553
18549	18555
18550	18555
18551	18555
18552	18556
18553	18558
18554	18560
18555	18562
18556	18563
18557	18565
18558	18565
18559	18565
18560	18566
18561	18568
18562	18568
18563	18568
18564	18570
18565	18571
18566	18573
18567	18573
18568	18573
18569	18574
18570	18576
18571	18576
18572	18576
18573	18577
18574	18579
18575	18582
18576	18584
18577	18584
18578	18584
18579	18586
18580	18586
18581	18586
18582	18588
18583	18588
18584	18588
18585	18589
18586	18590
18587	18590
18588	18592
18589	18593
18590	18595
18591	18596
18592	18598
18593	18601
18594	18603
18595	18603
18596	18603
18597	18605
18598	18605
18599	18605
18600	18607
18601	18607
18602	18607
18603	18608
18604	18610
18605	18610
18606	18610
18607	18612
18608	18613
18609	18614
18610	18616
18611	18616
18612	18616
18613	18618
18614	18619
18615	18621
18616	18621
18617	18621
18618	18621
18619	18622
18620	18624
18621	18627
18622	18629
18623	18630
18624	18632
18625	18632
18626	18632
18627	18633
18628	18634
18629	18634
18630	18636
18631	18637
18632	18639
18633	18639
18634	18639
18635	18640
18636	18641
18637	18641
18638	18643
18639	18643
18640	18644
18641	18646
18642	18646
18643	18646
18644	18647
18645	18649
18646	18650
18647	18652
18648	18652
18649	18652
18650	18655
18651	18657
18652	18657
18653	18657
18654	18659
18655	18659
18656	18659
18657	18661
18658	18661
18659	18661
18660	18663
18661	18664
18662	18666
18663	18667
18664	18669
18665	18670
18666	18672
18667	18672
18668	18672
18669	18675
18670	18677
18671	18677
18672	18677
18673	18679
18674	18679
18675	18679
18676	18681
18677	18681
18678	18681
18679	18684
18680	18686
18681	18687
18682	18689
18683	18689
18684	18689
18685	18690
18686	18691
18687	18691
18688	18693
18689	18693
18690	18694
18691	18696
18692	18696
18693	18696
18694	18697
18695	18698
18696	18700
18697	18700
18698	18700
18699	18700
18700	18701
18701	18703
18702	18706
18703	18708
18704	18709
18705	18711
18706	18714
18707	18716
18708	18717
18709	18719
18710	18722
18711	18724
18712	18724
18713	18725
18714	18727
18715	18727
18716	18727
18717	18729
18718	18730
18719	18732
18720	18732
18721	18732
18722	18733
18723	18735
18724	18735
18725	18735
18726	18737
18727	18738
18728	18740
18729	18740
18730	18740
18731	18741
18732	18743
18733	18743
18734	18743
18735	18744
18736	18746
18737	18749
18738	18751
18739	18751
18740	18751
18741	18753
18742	18753
18743	18753
18744	18755
18745	18755
18746	18755
18747	18756
18748	18758
18749	18758
18750	18758
18751	18759
18752	18761
18753	18764
18754	18766
18755	18767
18756	18769
18757	18769
18758	18769
18759	18770
18760	18771
18761	18771
18762	18773
18763	18773
18764	18774
18765	18776
18766	18776
18767	18776
18768	18778
18769	18779
18770	18781
18771	18781
18772	18781
18773	18782
18774	18784
18775	18784
18776	18784
18777	18785
18778	18787
18779	18790
18780	18792
18781	18792
18782	18792
18783	18794
18784	18794
18785	18794
18786	18796
18787	18796
18788	18796
18789	18797
18790	18799
18791	18799
18792	18799
18793	18801
18794	18802
18795	18804
18796	18805
18797	18807
18798	18810
18799	18812
18800	18812
18801	18812
18802	18814
18803	18814
18804	18814
18805	18816
18806	18816
18807	18816
18808	18817
18809	18819
18810	18819
18811	18819
18812	18822
18813	18823
18814	18824
18815	18826
18816	18826
18817	18826
18818	18827
18819	18828
18820	18830
18821	18830
18822	18830
18823	18832
18824	18833
18825	18835
18826	18835
18827	18835
18828	18836
18829	18838
18830	18838
18831	18838
18832	18839
18833	18841
18834	18844
18835	18846
18836	18847
18837	18848
18838	18848
18839	18849
18840	18851
18841	18851
18842	18851
18843	18853
18844	18854
18845	18856
18846	18856
18847	18856
18848	18857
18849	18859
18850	18859
18851	18859
18852	18861
18853	18862
18854	18864
18855	18864
18856	18864
18857	18865
18858	18867
18859	18867
18860	18867
18861	18868
18862	18870
18863	18871
18864	18873
18865	18873
18866	18873
18867	18876
18868	18878
18869	18878
18870	18878
18871	18880
18872	18880
18873	18880
18874	18882
18875	18882
18876	18882
18877	18884
18878	18885
18879	18887
18880	18888
18881	18890
18882	18891
18883	18893
18884	18893
18885	18893
18886	18896
18887	18898
18888	18898
18889	18898
18890	18900
18891	18900
18892	18900
18893	18902
18894	18902
18895	18902
18896	18905
18897	18907
18898	18908
18899	18910
18900	18910
18901	18910
18902	18911
18903	18912
18904	18912
18905	18914
18906	18915
18907	18916
18908	18916
18909	18917
18910	18919
18911	18919
18912	18919
18913	18921
18914	18922
18915	18924
18916	18924
18917	18924
18918	18925
18919	18927
18920	18927
18921	18927
18922	18928
18923	18930
18924	18931
18925	18933
18926	18934
18927	18936
18928	18936
18929	18936
18930	18939
18931	18941
18932	18941
18933	18941
18934	18943
18935	18943
18936	18943
18937	18945
18938	18945
18939	18945
18940	18948
18941	18950
18942	18951
18943	18952
18944	18952
18945	18953
18946	18955
18947	18955
18948	18955
18949	18957
18950	18958
18951	18960
18952	18960
18953	18960
18954	18961
18955	18963
18956	18963
18957	18963
18958	18964
18959	18965
18960	18967
18961	18967
18962	18967
18963	18968
18964	18970
18965	18973
18966	18975
18967	18976
18968	18978
18969	18981
18970	18983
18971	18983
18972	18983
18973	18985
18974	18985
18975	18985
18976	18987
18977	18987
18978	18987
18979	18988
18980	18990
18981	18990
18982	18990
18983	18991
18984	18993
18985	18995
18986	18996
18987	18996
18988	18998
18989	18998
18990	18998
18991	18999
18992	19001
18993	19001
18994	19001
18995	19003
18996	19004
18997	19006
18998	19007
18999	19009
19000	19009
19001	19009
19002	19012
19003	19013
19004	19013
19005	19015
19006	19015
19007	19015
19008	19017
19009	19017
19010	19017
19011	19017
19012	19019
19013	19020
19014	19021
19015	19022
19016	19023
19017	19023
19018	19024
19019	19026
19020	19029
19021	19031
19022	19031
19023	19031
19024	19033
19025	19033
19026	19033
19027	19035
19028	19035
19029	19035
19030	19036
19031	19038
19032	19038
19033	19038
19034	19039
19035	19041
19036	19042
19037	19044
19038	19045
19039	19047
19040	19047
19041	19047
19042	19050
19043	19052
19044	19052
19045	19052
19046	19054
19047	19054
19048	19054
19049	19056
19050	19056
19051	19056
19052	19059
19053	19061
19054	19062
19055	19064
19056	19064
19057	19064
19058	19065
19059	19067
19060	19067
19061	19067
19062	19069
19063	19070
19064	19072
19065	19072
19066	19072
19067	19073
19068	19075
19069	19075
19070	19075
19071	19077
19072	19078
19073	19080
19074	19080
19075	19080
19076	19080
19077	19081
19078	19083
19079	19086
19080	19088
19081	19089
19082	19091
19083	19094
19084	19096
19085	19097
19086	19099
19087	19099
19088	19099
19089	19100
19090	19102
19091	19102
19092	19102
19093	19104
19094	19105
19095	19107
19096	19107
19097	19107
19098	19108
19099	19110
19100	19110
19101	19110
19102	19112
19103	19113
19104	19115
19105	19115
19106	19115
19107	19116
19108	19118
19109	19118
19110	19118
19111	19119
19112	19121
19113	19124
19114	19126
19115	19126
19116	19126
19117	19128
19118	19128
19119	19128
19120	19130
19121	19130
19122	19130
19123	19131
19124	19132
19125	19132
19126	19133
19127	19134
19128	19134
19129	19136
19130	19137
19131	19139
19132	19140
19133	19142
19134	19145
19135	19147
19136	19147
19137	19147
19138	19148
19139	19148
19140	19150
19141	19150
19142	19150
19143	19151
19144	19153
19145	19153
19146	19153
19147	19156
19148	19157
19149	19158
19150	19160
19151	19160
19152	19160
19153	19162
19154	19163
19155	19165
19156	19165
19157	19165
19158	19166
19159	19168
19160	19168
19161	19168
19162	19170
19163	19171
19164	19173
19165	19173
19166	19173
19167	19174
19168	19176
19169	19176
19170	19176
19171	19177
19172	19179
19173	19182
19174	19184
19175	19185
19176	19187
19177	19187
19178	19187
19179	19187
19180	19189
19181	19190
19182	19192
19183	19192
19184	19192
19185	19193
19186	19195
19187	19195
19188	19195
19189	19197
19190	19198
19191	19200
19192	19200
19193	19200
19194	19201
19195	19203
19196	19203
19197	19203
19198	19204
19199	19206
19200	19207
19201	19209
19202	19209
19203	19209
19204	19212
19205	19214
19206	19214
19207	19214
19208	19216
19209	19216
19210	19216
19211	19218
19212	19218
19213	19218
19214	19220
19215	19221
19216	19223
19217	19224
19218	19226
19219	19227
19220	19229
19221	19229
19222	19229
19223	19232
19224	19234
19225	19234
19226	19234
19227	19236
19228	19236
19229	19236
19230	19238
19231	19238
19232	19238
19233	19241
19234	19243
19235	19244
19236	19246
19237	19246
19238	19246
19239	19247
19240	19249
19241	19249
19242	19249
19243	19251
19244	19252
19245	19254
19246	19254
19247	19254
19248	19255
19249	19257
19250	19257
19251	19257
19252	19258
19253	19259
19254	19261
19255	19261
19256	19261
19257	19262
19258	19264
19259	19265
19260	19267
19261	19268
19262	19270
19263	19270
19264	19270
19265	19273
19266	19275
19267	19275
19268	19275
19269	19277
19270	19277
19271	19277
19272	19279
19273	19279
19274	19279
19275	19282
19276	19284
19277	19285
19278	19286
19279	19286
19280	19287
19281	19289
19282	19289
19283	19289
19284	19291
19285	19292
19286	19293
19287	19293
19288	19294
19289	19296
19290	19296
19291	19296
19292	19298
19293	19299
19294	19301
19295	19301
19296	19301
19297	19302
19298	19304
19299	19304
19300	19304
19301	19305
19302	19307
19303	19310
19304	19312
19305	19313
19306	19315
19307	19317
19308	19319
19309	19319
19310	19319
19311	19321
19312	19321
19313	19321
19314	19322
19315	19324
19316	19324
19317	19324
19318	19325
19319	19327
19320	19330
19321	19332
19322	19332
19323	19332
19324	19334
19325	19334
19326	19334
19327	19336
19328	19336
19329	19336
19330	19337
19331	19339
19332	19339
19333	19339
19334	19341
19335	19342
19336	19344
19337	19345
19338	19347
19339	19347
19340	19347
19341	19349
19342	19350
19343	19350
19344	19352
19345	19352
19346	19352
19347	19353
19348	19355
19349	19358
19350	19360
19351	19360
19352	19360
19353	19362
19354	19362
19355	19362
19356	19364
19357	19364
19358	19364
19359	19365
19360	19367
19361	19367
19362	19367
19363	19369
19364	19370
19365	19372
19366	19373
19367	19375
19368	19375
19369	19375
19370	19378
19371	19380
19372	19380
19373	19380
19374	19381
19375	19381
19376	19383
19377	19383
19378	19383
19379	19383
19380	19384
19381	19386
19382	19387
19383	19389
19384	19390
19385	19392
19386	19392
19387	19392
19388	19395
19389	19397
19390	19397
19391	19397
19392	19399
19393	19399
19394	19399
19395	19401
19396	19401
19397	19401
19398	19404
19399	19406
19400	19407
19401	19409
19402	19409
19403	19409
19404	19410
19405	19412
19406	19412
19407	19412
19408	19414
19409	19415
19410	19417
19411	19417
19412	19417
19413	19418
19414	19420
19415	19420
19416	19420
19417	19422
19418	19422
19419	19423
19420	19425
19421	19425
19422	19425
19423	19427
19424	19428
19425	19430
19426	19431
19427	19433
19428	19436
19429	19438
19430	19439
19431	19441
19432	19444
19433	19445
19434	19445
19435	19447
19436	19447
19437	19447
19438	19449
19439	19449
19440	19449
19441	19450
19442	19452
19443	19452
19444	19452
19445	19453
19446	19455
19447	19457
19448	19458
19449	19458
19450	19460
19451	19460
19452	19460
19453	19461
19454	19463
19455	19463
19456	19463
19457	19465
19458	19466
19459	19468
19460	19469
19461	19470
19462	19470
19463	19473
19464	19474
19465	19474
19466	19476
19467	19476
19468	19476
19469	19478
19470	19478
19471	19478
19472	19479
19473	19481
19474	19484
19475	19486
19476	19486
19477	19486
19478	19488
19479	19488
19480	19488
19481	19489
19482	19489
19483	19490
19484	19492
19485	19492
19486	19492
19487	19494
19488	19495
19489	19497
19490	19498
19491	19500
19492	19500
19493	19500
19494	19503
19495	19505
19496	19505
19497	19505
19498	19507
19499	19507
19500	19507
19501	19508
19502	19508
19503	19509
19504	19511
19505	19512
19506	19514
19507	19514
19508	19514
19509	19517
19510	19519
19511	19519
19512	19519
19513	19521
19514	19521
19515	19521
19516	19523
19517	19523
19518	19523
19519	19524
19520	19526
19521	19529
19522	19531
19523	19532
19524	19534
19525	19534
19526	19534
19527	19535
19528	19537
19529	19537
19530	19537
19531	19539
19532	19540
19533	19542
19534	19542
19535	19542
19536	19543
19537	19545
19538	19545
19539	19545
19540	19547
19541	19548
19542	19550
19543	19550
19544	19550
19545	19550
19546	19551
19547	19553
19548	19554
19549	19556
19550	19556
19551	19556
19552	19559
19553	19561
19554	19561
19555	19561
19556	19563
19557	19563
19558	19563
19559	19565
19560	19565
19561	19565
19562	19568
19563	19569
19564	19570
19565	19572
19566	19575
19567	19577
19568	19578
19569	19580
19570	19580
19571	19580
19572	19580
19573	19582
19574	19583
19575	19585
19576	19585
19577	19585
19578	19586
19579	19587
19580	19587
19581	19589
19582	19590
19583	19592
19584	19592
19585	19592
19586	19593
19587	19595
19588	19595
19589	19595
19590	19596
19591	19598
19592	19599
19593	19601
19594	19601
19595	19601
19596	19604
19597	19606
19598	19606
19599	19606
19600	19608
19601	19608
19602	19608
19603	19610
19604	19610
19605	19610
19606	19612
19607	19613
19608	19615
19609	19616
19610	19618
19611	19621
19612	19623
19613	19623
19614	19623
19615	19625
19616	19625
19617	19625
19618	19627
19619	19627
19620	19627
19621	19628
19622	19630
19623	19630
19624	19630
19625	19632
19626	19634
19627	19634
19628	19635
19629	19636
19630	19636
19631	19638
19632	19639
19633	19641
19634	19641
19635	19641
19636	19642
19637	19644
19638	19644
19639	19644
19640	19645
19641	19647
19642	19650
19643	19652
19644	19653
19645	19654
19646	19654
19647	19655
19648	19657
19649	19657
19650	19657
19651	19658
19652	19659
19653	19661
19654	19661
19655	19661
19656	19663
19657	19664
19658	19666
19659	19666
19660	19666
19661	19667
19662	19668
19663	19668
19664	19669
19665	19671
19666	19672
19667	19674
19668	19674
19669	19674
19670	19677
19671	19678
19672	19678
19673	19680
19674	19680
19675	19680
19676	19682
19677	19682
19678	19682
19679	19684
19680	19685
19681	19687
19682	19688
19683	19690
19684	19691
19685	19693
19686	19693
19687	19693
19688	19696
19689	19698
19690	19698
19691	19698
19692	19700
19693	19700
19694	19700
19695	19702
19696	19702
19697	19702
19698	19705
19699	19707
19700	19708
19701	19710
19702	19710
19703	19710
19704	19710
19705	19712
19706	19713
19707	19714
19708	19714
19709	19715
19710	19717
19711	19717
19712	19717
19713	19718
19714	19719
19715	19721
19716	19721
19717	19721
19718	19722
19719	19724
19720	19725
19721	19727
19722	19728
19723	19730
19724	19730
19725	19730
19726	19733
19727	19735
19728	19735
19729	19735
19730	19737
19731	19737
19732	19737
19733	19739
19734	19739
19735	19739
19736	19742
19737	19744
19738	19745
19739	19746
19740	19746
19741	19747
19742	19749
19743	19749
19744	19749
19745	19750
19746	19751
19747	19753
19748	19753
19749	19753
19750	19754
19751	19755
19752	19757
19753	19757
19754	19757
19755	19758
19756	19760
19757	19763
19758	19765
19759	19766
19760	19768
19761	19771
19762	19773
19763	19774
19764	19776
19765	19776
19766	19776
19767	19777
19768	19779
19769	19779
19770	19779
19771	19781
19772	19782
19773	19784
19774	19784
19775	19784
19776	19785
19777	19787
19778	19787
19779	19787
19780	19789
19781	19790
19782	19792
19783	19792
19784	19792
19785	19793
19786	19795
19787	19795
19788	19795
19789	19796
19790	19798
19791	19801
19792	19803
19793	19803
19794	19803
19795	19805
19796	19805
19797	19805
19798	19807
19799	19807
19800	19807
19801	19808
19802	19810
19803	19810
19804	19810
19805	19811
19806	19812
19807	19813
19808	19815
19809	19818
19810	19820
19811	19820
19812	19820
19813	19822
19814	19822
19815	19822
19816	19823
19817	19823
19818	19824
19819	19826
19820	19826
19821	19826
19822	19828
19823	19829
19824	19831
19825	19832
19826	19834
19827	19837
19828	19839
19829	19839
19830	19839
19831	19841
19832	19841
19833	19841
19834	19843
19835	19843
19836	19843
19837	19844
19838	19846
19839	19846
19840	19846
19841	19849
19842	19850
19843	19851
19844	19853
19845	19853
19846	19853
19847	19855
19848	19856
19849	19858
19850	19858
19851	19858
19852	19859
19853	19861
19854	19861
19855	19861
19856	19863
19857	19864
19858	19866
19859	19866
19860	19866
19861	19867
19862	19869
19863	19869
19864	19869
19865	19870
19866	19872
19867	19875
19868	19876
19869	19877
19870	19879
19871	19879
19872	19879
19873	19881
19874	19882
19875	19884
19876	19884
19877	19884
19878	19884
19879	19886
19880	19887
19881	19888
19882	19888
19883	19889
19884	19890
19885	19890
19886	19891
19887	19893
19888	19894
19889	19896
19890	19896
19891	19896
19892	19899
19893	19901
19894	19901
19895	19901
19896	19903
19897	19903
19898	19903
19899	19905
19900	19905
19901	19905
19902	19907
19903	19908
19904	19910
19905	19911
19906	19913
19907	19916
19908	19918
19909	19918
19910	19918
19911	19920
19912	19920
19913	19920
19914	19921
19915	19921
19916	19922
19917	19924
19918	19924
19919	19924
19920	19926
19921	19928
19922	19929
19923	19931
19924	19931
19925	19931
19926	19932
19927	19933
19928	19933
19929	19934
19930	19935
19931	19937
19932	19937
19933	19937
19934	19938
19935	19940
19936	19943
19937	19945
19938	19946
19939	19947
19940	19947
19941	19948
19942	19950
19943	19950
19944	19950
19945	19952
19946	19953
19947	19954
19948	19954
19949	19955
19950	19957
19951	19957
19952	19957
19953	19959
19954	19960
19955	19962
19956	19962
19957	19962
19958	19963
19959	19965
19960	19965
19961	19965
19962	19966
19963	19968
19964	19969
19965	19971
19966	19971
19967	19971
19968	19974
19969	19976
19970	19976
19971	19976
19972	19978
19973	19978
19974	19978
19975	19980
19976	19980
19977	19980
19978	19981
19979	19983
19980	19984
19981	19986
19982	19987
19983	19989
19984	19992
19985	19994
19986	19994
19987	19994
19988	19996
19989	19996
19990	19996
19991	19998
19992	19998
19993	19998
19994	19999
19995	20001
19996	20001
19997	20001
19998	20004
19999	20006
20000	20007
20001	20009
20002	20009
20003	20009
20004	20010
20005	20012
20006	20012
20007	20012
20008	20014
20009	20015
20010	20017
20011	20017
20012	20017
20013	20018
20014	20020
20015	20020
20016	20020
20017	20022
20018	20023
20019	20025
20020	20025
20021	20025
20022	20026
20023	20028
20024	20028
20025	20028
20026	20031
20027	20033
20028	20034
20029	20036
20030	20038
20031	20040
20032	20040
20033	20040
20034	20042
20035	20042
20036	20042
20037	20043
20038	20045
20039	20045
20040	20045
20041	20046
20042	20048
20043	20050
20044	20052
20045	20052
20046	20052
20047	20054
20048	20054
20049	20054
20050	20055
20051	20057
20052	20057
20053	20057
20054	20059
20055	20060
20056	20062
20057	20063
20058	20065
20059	20065
20060	20065
20061	20067
20062	20068
20063	20068
20064	20070
20065	20070
20066	20070
20067	20071
20068	20073
20069	20076
20070	20078
20071	20078
20072	20078
20073	20080
20074	20080
20075	20080
20076	20082
20077	20082
20078	20082
20079	20083
20080	20085
20081	20085
20082	20085
20083	20087
20084	20088
20085	20090
20086	20091
20087	20093
20088	20093
20089	20093
20090	20096
20091	20098
20092	20098
20093	20098
20094	20100
20095	20100
20096	20100
20097	20101
20098	20101
20099	20101
20100	20103
20101	20104
20102	20106
20103	20107
20104	20109
20105	20110
20106	20112
20107	20115
20108	20117
20109	20118
20110	20120
20111	20120
20112	20120
20113	20121
20114	20123
20115	20123
20116	20123
20117	20125
20118	20126
20119	20128
20120	20128
20121	20128
20122	20129
20123	20131
20124	20131
20125	20131
20126	20133
20127	20134
20128	20136
20129	20136
20130	20136
20131	20137
20132	20139
20133	20139
20134	20139
20135	20140
20136	20142
20137	20145
20138	20147
20139	20147
20140	20147
20141	20149
20142	20149
20143	20149
20144	20151
20145	20151
20146	20151
20147	20152
20148	20154
20149	20154
20150	20154
20151	20157
20152	20159
20153	20160
20154	20162
20155	20163
20156	20165
20157	20165
20158	20165
20159	20167
20160	20169
20161	20169
20162	20169
20163	20171
20164	20171
20165	20171
20166	20172
20167	20174
20168	20177
20169	20179
20170	20179
20171	20179
20172	20181
20173	20181
20174	20181
20175	20183
20176	20183
20177	20183
20178	20184
20179	20186
20180	20186
20181	20186
20182	20188
20183	20189
20184	20191
20185	20192
20186	20193
20187	20193
20188	20195
20189	20197
20190	20197
20191	20197
20192	20199
20193	20199
20194	20199
20195	20200
20196	20202
20197	20205
20198	20206
20199	20206
20200	20208
20201	20208
20202	20208
20203	20210
20204	20210
20205	20210
20206	20211
20207	20213
20208	20213
20209	20213
20210	20215
20211	20216
20212	20218
20213	20219
20214	20221
20215	20221
20216	20221
20217	20224
20218	20226
20219	20226
20220	20226
20221	20228
20222	20228
20223	20228
20224	20229
20225	20229
20226	20230
20227	20232
20228	20233
20229	20235
20230	20235
20231	20235
20232	20238
20233	20239
20234	20239
20235	20241
20236	20241
20237	20241
20238	20242
20239	20242
20240	20245
20241	20247
20242	20248
20243	20250
20244	20252
20245	20254
20246	20255
20247	20257
20248	20257
20249	20257
20250	20258
20251	20260
20252	20260
20253	20260
20254	20262
20255	20263
20256	20265
20257	20265
20258	20265
20259	20266
20260	20268
20261	20268
20262	20268
20263	20269
20264	20271
20265	20274
20266	20276
20267	20276
20268	20276
20269	20278
20270	20278
20271	20278
20272	20280
20273	20280
20274	20280
20275	20281
20276	20283
20277	20283
20278	20283
20279	20284
20280	20285
20281	20286
20282	20288
20283	20291
20284	20293
20285	20293
20286	20293
20287	20295
20288	20295
20289	20295
20290	20297
20291	20297
20292	20297
20293	20298
20294	20300
20295	20300
20296	20300
20297	20302
20298	20303
20299	20305
20300	20306
20301	20308
20302	20311
20303	20313
20304	20313
20305	20313
20306	20315
20307	20315
20308	20315
20309	20317
20310	20317
20311	20317
20312	20318
20313	20319
20314	20319
20315	20322
20316	20324
20317	20325
20318	20327
20319	20327
20320	20327
20321	20327
20322	20328
20323	20329
20324	20331
20325	20331
20326	20331
20327	20332
20328	20333
20329	20335
20330	20335
20331	20335
20332	20336
20333	20338
20334	20341
20335	20343
20336	20344
20337	20345
20338	20345
20339	20346
20340	20348
20341	20348
20342	20348
20343	20349
20344	20349
20345	20351
20346	20352
20347	20354
20348	20354
20349	20354
20350	20354
20351	20355
20352	20357
20353	20358
20354	20360
20355	20360
20356	20360
20357	20363
20358	20365
20359	20365
20360	20365
20361	20367
20362	20367
20363	20367
20364	20368
20365	20368
20366	20369
20367	20370
20368	20372
20369	20373
20370	20375
20371	20376
20372	20378
20373	20378
20374	20378
20375	20381
20376	20383
20377	20383
20378	20383
20379	20385
20380	20385
20381	20385
20382	20387
20383	20387
20384	20387
20385	20390
20386	20392
20387	20393
20388	20394
20389	20394
20390	20395
20391	20397
20392	20397
20393	20397
20394	20399
20395	20399
20396	20400
20397	20402
20398	20402
20399	20402
20400	20403
20401	20404
20402	20406
20403	20406
20404	20406
20405	20407
20406	20409
20407	20410
20408	20412
20409	20413
20410	20415
20411	20418
20412	20420
20413	20421
20414	20423
20415	20423
20416	20423
20417	20424
20418	20426
20419	20426
20420	20426
20421	20428
20422	20429
20423	20431
20424	20431
20425	20431
20426	20432
20427	20434
20428	20434
20429	20434
20430	20436
20431	20437
20432	20439
20433	20439
20434	20439
20435	20440
20436	20442
20437	20442
20438	20442
20439	20443
20440	20444
20441	20447
20442	20449
20443	20449
20444	20449
20445	20451
20446	20451
20447	20451
20448	20452
20449	20452
20450	20455
20451	20457
20452	20458
20453	20460
20454	20461
20455	20463
20456	20463
20457	20463
20458	20465
20459	20467
20460	20467
20461	20467
20462	20469
20463	20469
20464	20469
20465	20470
20466	20472
20467	20475
20468	20477
20469	20477
20470	20477
20471	20479
20472	20479
20473	20479
20474	20481
20475	20481
20476	20481
20477	20482
20478	20484
20479	20484
20480	20484
20481	20486
20482	20487
20483	20489
20484	20490
20485	20492
20486	20492
20487	20492
20488	20495
20489	20497
20490	20497
20491	20497
20492	20498
20493	20498
20494	20500
20495	20500
20496	20500
20497	20501
20498	20503
20499	20506
20500	20508
20501	20508
20502	20508
20503	20510
20504	20510
20505	20510
20506	20512
20507	20512
20508	20512
20509	20513
20510	20515
20511	20515
20512	20515
20513	20517
20514	20518
20515	20520
20516	20521
20517	20523
20518	20523
20519	20523
20520	20526
20521	20528
20522	20528
20523	20528
20524	20530
20525	20530
20526	20530
20527	20531
20528	20531
20529	20532
20530	20534
20531	20535
20532	20537
20533	20537
20534	20537
20535	20540
20536	20542
20537	20542
20538	20542
20539	20544
20540	20544
20541	20544
20542	20545
20543	20545
20544	20548
20545	20550
20546	20551
20547	20552
20548	20553
20549	20555
20550	20558
20551	20560
20552	20560
20553	20560
20554	20562
20555	20562
20556	20562
20557	20564
20558	20564
20559	20564
20560	20565
20561	20567
20562	20567
20563	20567
20564	20568
20565	20570
20566	20572
20567	20574
20568	20575
20569	20577
20570	20577
20571	20577
20572	20578
20573	20580
20574	20580
20575	20580
20576	20582
20577	20583
20578	20585
20579	20585
20580	20585
20581	20586
20582	20588
20583	20588
20584	20588
20585	20589
20586	20591
20587	20594
20588	20596
20589	20596
20590	20596
20591	20598
20592	20598
20593	20598
20594	20600
20595	20600
20596	20600
20597	20601
20598	20603
20599	20603
20600	20603
20601	20605
20602	20606
20603	20607
20604	20608
20605	20610
20606	20613
20607	20614
20608	20614
20609	20616
20610	20616
20611	20616
20612	20618
20613	20618
20614	20618
20615	20619
20616	20621
20617	20621
20618	20621
20619	20622
20620	20624
20621	20627
20622	20629
20623	20630
20624	20632
20625	20632
20626	20632
20627	20633
20628	20634
20629	20634
20630	20636
20631	20637
20632	20639
20633	20639
20634	20639
20635	20640
20636	20642
20637	20642
20638	20642
20639	20644
20640	20644
20641	20645
20642	20647
20643	20647
20644	20647
20645	20648
20646	20650
20647	20651
20648	20653
20649	20653
20650	20653
20651	20656
20652	20658
20653	20658
20654	20658
20655	20660
20656	20660
20657	20660
20658	20662
20659	20662
20660	20662
20661	20664
20662	20665
20663	20667
20664	20668
20665	20670
20666	20671
20667	20673
20668	20673
20669	20673
20670	20676
20671	20678
20672	20678
20673	20678
20674	20680
20675	20680
20676	20680
20677	20682
20678	20682
20679	20682
20680	20685
20681	20687
20682	20688
20683	20690
20684	20690
20685	20690
20686	20691
20687	20692
20688	20692
20689	20694
20690	20694
20691	20695
20692	20697
20693	20697
20694	20697
20695	20698
20696	20699
20697	20701
20698	20701
20699	20701
20700	20702
20701	20704
20702	20705
20703	20707
20704	20708
20705	20709
20706	20709
20707	20712
20708	20714
20709	20714
20710	20714
20711	20716
20712	20716
20713	20716
20714	20717
20715	20717
20716	20720
20717	20721
20718	20722
20719	20724
20720	20724
20721	20724
20722	20725
20723	20726
20724	20728
20725	20728
20726	20728
20727	20729
20728	20730
20729	20732
20730	20732
20731	20732
20732	20733
20733	20735
20734	20738
20735	20740
20736	20741
20737	20743
20738	20745
20739	20747
20740	20747
20741	20748
20742	20750
20743	20753
20744	20755
20745	20755
20746	20755
20747	20757
20748	20757
20749	20757
20750	20759
20751	20759
20752	20759
20753	20760
20754	20762
20755	20762
20756	20762
20757	20764
20758	20765
20759	20767
20760	20768
20761	20770
20762	20770
20763	20770
20764	20773
20765	20775
20766	20775
20767	20775
20768	20776
20769	20776
20770	20778
20771	20778
20772	20778
20773	20778
20774	20779
20775	20781
20776	20784
20777	20786
20778	20787
20779	20789
20780	20789
20781	20789
20782	20790
20783	20792
20784	20792
20785	20792
20786	20794
20787	20795
20788	20797
20789	20797
20790	20797
20791	20797
20792	20799
20793	20800
20794	20802
20795	20802
20796	20802
20797	20803
20798	20805
20799	20805
20800	20805
20801	20806
20802	20808
20803	20809
20804	20811
20805	20811
20806	20811
20807	20814
20808	20816
20809	20816
20810	20816
20811	20818
20812	20818
20813	20818
20814	20820
20815	20820
20816	20820
20817	20821
20818	20823
20819	20826
20820	20828
20821	20829
20822	20831
20823	20834
20824	20836
20825	20836
20826	20836
20827	20838
20828	20838
20829	20838
20830	20840
20831	20840
20832	20840
20833	20841
20834	20843
20835	20843
20836	20843
20837	20844
20838	20845
20839	20846
20840	20848
20841	20848
20842	20848
20843	20850
20844	20851
20845	20853
20846	20854
20847	20856
20848	20856
20849	20856
20850	20859
20851	20860
20852	20860
20853	20862
20854	20862
20855	20862
20856	20864
20857	20864
20858	20864
20859	20865
20860	20867
20861	20870
20862	20872
20863	20872
20864	20872
20865	20874
20866	20874
20867	20874
20868	20876
20869	20876
20870	20876
20871	20877
20872	20879
20873	20879
20874	20879
20875	20881
20876	20882
20877	20884
20878	20885
20879	20886
20880	20886
20881	20889
20882	20891
20883	20891
20884	20891
20885	20893
20886	20893
20887	20893
20888	20894
20889	20894
20890	20895
20891	20897
20892	20898
20893	20899
20894	20899
20895	20902
20896	20904
20897	20904
20898	20904
20899	20906
20900	20906
20901	20906
20902	20908
20903	20908
20904	20908
20905	20909
20906	20911
20907	20914
20908	20916
20909	20917
20910	20919
20911	20919
20912	20919
20913	20920
20914	20922
20915	20922
20916	20922
20917	20924
20918	20925
20919	20927
20920	20927
20921	20927
20922	20928
20923	20930
20924	20930
20925	20930
20926	20932
20927	20933
20928	20935
20929	20935
20930	20935
20931	20935
20932	20936
20933	20938
20934	20939
20935	20941
20936	20941
20937	20941
20938	20944
20939	20946
20940	20946
20941	20946
20942	20948
20943	20948
20944	20948
20945	20950
20946	20950
20947	20950
20948	20952
20949	20953
20950	20955
20951	20956
20952	20958
20953	20961
20954	20963
20955	20964
20956	20966
20957	20966
20958	20966
20959	20967
20960	20968
20961	20968
20962	20970
20963	20971
20964	20973
20965	20973
20966	20973
20967	20974
20968	20976
20969	20976
20970	20976
20971	20978
20972	20979
20973	20981
20974	20981
20975	20981
20976	20982
20977	20983
20978	20983
20979	20984
20980	20986
20981	20989
20982	20991
20983	20991
20984	20991
20985	20993
20986	20993
20987	20993
20988	20995
20989	20995
20990	20995
20991	20996
20992	20998
20993	20998
20994	20998
20995	21000
20996	21001
20997	21002
20998	21004
20999	21007
21000	21009
21001	21009
21002	21009
21003	21010
21004	21010
21005	21012
21006	21012
21007	21012
21008	21013
21009	21015
21010	21015
21011	21015
21012	21017
21013	21018
21014	21020
21015	21021
21016	21023
21017	21023
21018	21023
21019	21025
21020	21027
21021	21027
21022	21027
21023	21029
21024	21029
21025	21029
21026	21029
21027	21030
21028	21032
21029	21035
21030	21037
21031	21038
21032	21040
21033	21043
21034	21045
21035	21045
21036	21045
21037	21047
21038	21047
21039	21047
21040	21049
21041	21049
21042	21049
21043	21050
21044	21052
21045	21052
21046	21052
21047	21053
21048	21054
21049	21055
21050	21057
21051	21057
21052	21057
21053	21059
21054	21060
21055	21062
21056	21063
21057	21065
21058	21065
21059	21065
21060	21068
21061	21069
21062	21069
21063	21071
21064	21071
21065	21071
21066	21073
21067	21073
21068	21073
21069	21074
21070	21076
21071	21078
21072	21079
21073	21079
21074	21081
21075	21081
21076	21081
21077	21082
21078	21082
21079	21084
21080	21085
21081	21087
21082	21088
21083	21090
21084	21090
21085	21090
21086	21093
21087	21095
21088	21095
21089	21095
21090	21096
21091	21096
21092	21097
21093	21097
21094	21098
21095	21100
21096	21103
21097	21105
21098	21105
21099	21105
21100	21107
21101	21107
21102	21107
21103	21109
21104	21109
21105	21109
21106	21110
21107	21112
21108	21112
21109	21112
21110	21113
21111	21115
21112	21116
21113	21118
21114	21119
21115	21120
21116	21120
21117	21123
21118	21125
21119	21125
21120	21125
21121	21127
21122	21127
21123	21127
21124	21129
21125	21129
21126	21129
21127	21132
21128	21134
21129	21135
21130	21137
21131	21137
21132	21137
21133	21138
21134	21140
21135	21140
21136	21140
21137	21142
21138	21143
21139	21145
21140	21145
21141	21145
21142	21146
21143	21148
21144	21148
21145	21148
21146	21150
21147	21151
21148	21153
21149	21153
21150	21153
21151	21153
21152	21155
21153	21156
21154	21158
21155	21159
21156	21161
21157	21164
21158	21166
21159	21167
21160	21169
21161	21169
21162	21169
21163	21170
21164	21172
21165	21172
21166	21172
21167	21174
21168	21175
21169	21177
21170	21177
21171	21177
21172	21178
21173	21179
21174	21179
21175	21180
21176	21181
21177	21183
21178	21183
21179	21183
21180	21184
21181	21186
21182	21189
21183	21191
21184	21191
21185	21191
21186	21193
21187	21193
21188	21193
21189	21195
21190	21195
21191	21195
21192	21196
21193	21198
21194	21198
21195	21198
21196	21201
21197	21203
21198	21204
21199	21206
21200	21207
21201	21209
21202	21209
21203	21209
21204	21211
21205	21213
21206	21213
21207	21213
21208	21215
21209	21215
21210	21215
21211	21216
21212	21217
21213	21218
21214	21220
21215	21220
21216	21220
21217	21221
21218	21222
21219	21224
21220	21227
21221	21229
21222	21229
21223	21229
21224	21231
21225	21231
21226	21231
21227	21232
21228	21232
21229	21233
21230	21235
21231	21235
21232	21235
21233	21237
21234	21238
21235	21240
21236	21241
21237	21243
21238	21243
21239	21243
21240	21246
21241	21247
21242	21247
21243	21248
21244	21248
21245	21249
21246	21249
21247	21250
21248	21251
21249	21252
21250	21254
21251	21254
21252	21254
21253	21254
21254	21255
21255	21257
21256	21258
21257	21260
21258	21261
21259	21263
21260	21266
21261	21268
21262	21269
21263	21270
21264	21270
21265	21271
21266	21273
21267	21273
21268	21273
21269	21275
21270	21276
21271	21278
21272	21278
21273	21278
21274	21279
21275	21280
21276	21280
21277	21282
21278	21283
21279	21285
21280	21285
21281	21285
21282	21286
21283	21288
21284	21288
21285	21288
21286	21289
21287	21291
21288	21294
21289	21296
21290	21296
21291	21296
21292	21298
21293	21298
21294	21298
21295	21299
21296	21299
21297	21300
21298	21302
21299	21302
21300	21302
21301	21305
21302	21307
21303	21308
21304	21310
21305	21311
21306	21313
21307	21313
21308	21313
21309	21316
21310	21317
21311	21317
21312	21319
21313	21319
21314	21319
21315	21321
21316	21321
21317	21321
21318	21322
21319	21322
21320	21324
21321	21325
21322	21327
21323	21328
21324	21330
21325	21330
21326	21330
21327	21332
21328	21334
21329	21334
21330	21334
21331	21336
21332	21336
21333	21336
21334	21337
21335	21339
21336	21342
21337	21344
21338	21344
21339	21344
21340	21346
21341	21346
21342	21346
21343	21348
21344	21348
21345	21348
21346	21349
21347	21351
21348	21351
21349	21351
21350	21353
21351	21354
21352	21356
21353	21357
21354	21359
21355	21359
21356	21359
21357	21362
21358	21364
21359	21364
21360	21364
21361	21366
21362	21366
21363	21366
21364	21367
21365	21367
21366	21368
21367	21370
21368	21371
21369	21373
21370	21373
21371	21373
21372	21376
21373	21377
21374	21377
21375	21379
21376	21379
21377	21379
21378	21380
21379	21380
21380	21383
21381	21385
21382	21386
21383	21388
21384	21390
21385	21392
21386	21393
21387	21395
21388	21395
21389	21395
21390	21396
21391	21398
21392	21398
21393	21398
21394	21400
21395	21401
21396	21403
21397	21403
21398	21403
21399	21404
21400	21406
21401	21406
21402	21406
21403	21407
21404	21409
21405	21412
21406	21414
21407	21414
21408	21414
21409	21416
21410	21416
21411	21416
21412	21418
21413	21418
21414	21418
21415	21419
21416	21420
21417	21420
21418	21421
21419	21423
21420	21425
21421	21427
21422	21428
21423	21430
21424	21430
21425	21430
21426	21430
21427	21432
21428	21432
21429	21433
21430	21435
21431	21435
21432	21435
21433	21436
21434	21438
21435	21441
21436	21443
21437	21443
21438	21443
21439	21445
21440	21445
21441	21445
21442	21447
21443	21447
21444	21447
21445	21448
21446	21450
21447	21450
21448	21450
21449	21452
21450	21453
21451	21455
21452	21456
21453	21458
21454	21461
21455	21463
21456	21463
21457	21463
21458	21465
21459	21465
21460	21465
21461	21467
21462	21467
21463	21467
21464	21468
21465	21470
21466	21470
21467	21470
21468	21472
21469	21473
21470	21474
21471	21476
21472	21476
21473	21476
21474	21478
21475	21478
21476	21479
21477	21481
21478	21481
21479	21481
21480	21482
21481	21484
21482	21487
21483	21489
21484	21490
21485	21491
21486	21491
21487	21492
21488	21494
21489	21494
21490	21494
21491	21496
21492	21496
21493	21497
21494	21499
21495	21499
21496	21499
21497	21501
21498	21502
21499	21504
21500	21504
21501	21504
21502	21505
21503	21506
21504	21506
21505	21507
21506	21509
21507	21510
21508	21512
21509	21512
21510	21512
21511	21515
21512	21517
21513	21517
21514	21517
21515	21519
21516	21519
21517	21519
21518	21521
21519	21521
21520	21521
21521	21523
21522	21523
21523	21524
21524	21526
21525	21527
21526	21528
21527	21529
21528	21531
21529	21531
21530	21531
21531	21534
21532	21536
21533	21537
21534	21538
21535	21538
21536	21539
21537	21541
21538	21541
21539	21541
21540	21542
21541	21542
21542	21543
21543	21544
21544	21545
21545	21545
21546	21548
21547	21550
21548	21551
21549	21553
21550	21554
21551	21556
21552	21559
21553	21561
21554	21562
21555	21564
21556	21567
21557	21569
21558	21570
21559	21571
21560	21571
21561	21572
21562	21574
21563	21574
21564	21574
21565	21576
21566	21577
21567	21579
21568	21579
21569	21579
21570	21580
21571	21582
21572	21582
21573	21582
21574	21584
21575	21585
21576	21587
21577	21587
21578	21587
21579	21588
21580	21590
21581	21590
21582	21590
21583	21591
21584	21593
21585	21596
21586	21598
21587	21598
21588	21598
21589	21600
21590	21600
21591	21600
21592	21602
21593	21602
21594	21602
21595	21603
21596	21605
21597	21605
21598	21605
21599	21606
21600	21607
21601	21608
21602	21610
21603	21613
21604	21615
21605	21615
21606	21615
21607	21617
21608	21617
21609	21617
21610	21619
21611	21619
21612	21619
21613	21620
21614	21622
21615	21622
21616	21622
21617	21624
21618	21625
21619	21627
21620	21628
21621	21630
21622	21633
21623	21633
21624	21635
21625	21635
21626	21635
21627	21637
21628	21637
21629	21637
21630	21638
21631	21640
21632	21640
21633	21640
21634	21643
21635	21644
21636	21645
21637	21647
21638	21647
21639	21647
21640	21649
21641	21649
21642	21650
21643	21651
21644	21651
21645	21653
21646	21654
21647	21656
21648	21656
21649	21656
21650	21657
21651	21659
21652	21659
21653	21659
21654	21660
21655	21662
21656	21664
21657	21666
21658	21667
21659	21669
21660	21669
21661	21669
21662	21669
21663	21671
21664	21672
21665	21674
21666	21674
21667	21674
21668	21675
21669	21676
21670	21676
21671	21677
21672	21679
21673	21680
21674	21682
21675	21682
21676	21682
21677	21685
21678	21687
21679	21687
21680	21687
21681	21689
21682	21689
21683	21689
21684	21691
21685	21691
21686	21691
21687	21693
21688	21694
21689	21696
21690	21697
21691	21699
21692	21700
21693	21702
21694	21702
21695	21702
21696	21705
21697	21707
21698	21707
21699	21707
21700	21709
21701	21709
21702	21709
21703	21711
21704	21711
21705	21711
21706	21714
21707	21716
21708	21717
21709	21719
21710	21719
21711	21719
21712	21720
21713	21721
21714	21721
21715	21722
21716	21723
21717	21725
21718	21725
21719	21725
21720	21726
21721	21727
21722	21729
21723	21729
21724	21729
21725	21730
21726	21732
21727	21733
21728	21735
21729	21736
21730	21738
21731	21738
21732	21738
21733	21741
21734	21743
21735	21743
21736	21743
21737	21745
21738	21745
21739	21745
21740	21747
21741	21747
21742	21747
21743	21750
21744	21752
21745	21753
21746	21754
21747	21754
21748	21755
21749	21757
21750	21757
21751	21757
21752	21759
21753	21760
21754	21761
21755	21761
21756	21762
21757	21764
21758	21764
21759	21764
21760	21766
21761	21767
21762	21769
21763	21769
21764	21769
21765	21769
21766	21770
21767	21772
21768	21775
21769	21777
21770	21778
21771	21780
21772	21782
21773	21784
21774	21784
21775	21784
21776	21786
21777	21786
21778	21786
21779	21787
21780	21789
21781	21789
21782	21789
21783	21790
21784	21792
21785	21795
21786	21797
21787	21797
21788	21797
21789	21799
21790	21799
21791	21799
21792	21801
21793	21801
21794	21801
21795	21802
21796	21804
21797	21804
21798	21804
21799	21806
21800	21807
21801	21809
21802	21810
21803	21812
21804	21812
21805	21812
21806	21814
21807	21815
21808	21815
21809	21817
21810	21817
21811	21817
21812	21818
21813	21820
21814	21823
21815	21825
21816	21825
21817	21825
21818	21827
21819	21827
21820	21827
21821	21829
21822	21829
21823	21829
21824	21830
21825	21832
21826	21832
21827	21832
21828	21834
21829	21835
21830	21837
21831	21838
21832	21840
21833	21840
21834	21840
21835	21843
21836	21845
21837	21845
21838	21845
21839	21846
21840	21846
21841	21848
21842	21848
21843	21848
21844	21848
21845	21849
21846	21851
21847	21852
21848	21853
21849	21854
21850	21855
21851	21855
21852	21858
21853	21860
21854	21861
21855	21862
21856	21862
21857	21863
21858	21865
21859	21865
21860	21865
21861	21867
21862	21868
21863	21870
21864	21870
21865	21870
21866	21871
21867	21873
21868	21873
21869	21873
21870	21875
21871	21875
21872	21876
21873	21878
21874	21878
21875	21878
21876	21880
21877	21882
21878	21883
21879	21885
21880	21886
21881	21888
21882	21891
21883	21893
21884	21894
21885	21895
21886	21895
21887	21896
21888	21898
21889	21898
21890	21898
21891	21900
21892	21900
21893	21901
21894	21903
21895	21903
21896	21903
21897	21905
21898	21906
21899	21908
21900	21908
21901	21908
21902	21909
21903	21911
21904	21911
21905	21911
21906	21912
21907	21914
21908	21917
21909	21919
21910	21919
21911	21919
21912	21921
21913	21921
21914	21921
21915	21923
21916	21923
21917	21923
21918	21924
21919	21925
21920	21925
21921	21927
21922	21929
21923	21930
21924	21932
21925	21933
21926	21934
21927	21934
21928	21936
21929	21938
21930	21938
21931	21938
21932	21940
21933	21940
21934	21940
21935	21941
21936	21942
21937	21943
21938	21944
21939	21944
21940	21946
21941	21947
21942	21949
21943	21950
21944	21952
21945	21952
21946	21952
21947	21953
21948	21954
21949	21954
21950	21955
21951	21957
21952	21958
21953	21960
21954	21960
21955	21960
21956	21963
21957	21965
21958	21965
21959	21965
21960	21967
21961	21967
21962	21967
21963	21968
21964	21968
21965	21969
21966	21971
21967	21973
21968	21975
21969	21975
21970	21976
21971	21978
21972	21981
21973	21983
21974	21983
21975	21983
21976	21985
21977	21985
21978	21985
21979	21987
21980	21987
21981	21987
21982	21988
21983	21990
21984	21990
21985	21990
21986	21992
21987	21993
21988	21995
21989	21996
21990	21998
21991	21998
21992	21998
21993	22001
21994	22003
21995	22003
21996	22003
21997	22004
21998	22004
21999	22006
22000	22006
22001	22006
22002	22006
22003	22007
22004	22009
22005	22010
22006	22012
22007	22013
22008	22015
22009	22015
22010	22015
22011	22018
22012	22020
22013	22020
22014	22020
22015	22022
22016	22022
22017	22022
22018	22024
22019	22024
22020	22024
22021	22027
22022	22029
22023	22030
22024	22031
22025	22031
22026	22032
22027	22034
22028	22034
22029	22034
22030	22036
22031	22037
22032	22039
22033	22039
22034	22039
22035	22040
22036	22042
22037	22042
22038	22042
22039	22044
22040	22044
22041	22045
22042	22047
22043	22047
22044	22047
22045	22049
22046	22050
22047	22052
22048	22053
22049	22055
22050	22056
22051	22058
22052	22061
22053	22063
22054	22063
22055	22063
22056	22065
22057	22065
22058	22065
22059	22067
22060	22067
22061	22067
22062	22068
22063	22069
22064	22069
22065	22072
22066	22074
22067	22075
22068	22076
22069	22076
22070	22077
22071	22079
22072	22079
22073	22079
22074	22081
22075	22082
22076	22084
22077	22084
22078	22084
22079	22085
22080	22087
22081	22087
22082	22087
22083	22089
22084	22090
22085	22091
22086	22091
22087	22092
22088	22094
22089	22094
22090	22094
22091	22097
22092	22099
22093	22100
22094	22102
22095	22104
22096	22106
22097	22106
22098	22106
22099	22108
22100	22108
22101	22108
22102	22109
22103	22111
22104	22111
22105	22111
22106	22111
22107	22113
22108	22114
22109	22115
22110	22116
22111	22118
22112	22118
22113	22118
22114	22119
22115	22121
22116	22124
22117	22126
22118	22126
22119	22126
22120	22128
22121	22128
22122	22128
22123	22130
22124	22130
22125	22130
22126	22131
22127	22133
22128	22133
22129	22133
22130	22134
22131	22135
22132	22137
22133	22138
22134	22140
22135	22140
22136	22140
22137	22143
22138	22145
22139	22145
22140	22145
22141	22147
22142	22147
22143	22147
22144	22148
22145	22148
22146	22149
22147	22151
22148	22152
22149	22154
22150	22155
22151	22157
22152	22160
22153	22162
22154	22162
22155	22162
22156	22164
22157	22164
22158	22164
22159	22166
22160	22166
22161	22166
22162	22167
22163	22169
22164	22169
22165	22169
22166	22172
22167	22174
22168	22175
22169	22176
22170	22176
22171	22177
22172	22179
22173	22179
22174	22179
22175	22181
22176	22182
22177	22183
22178	22183
22179	22184
22180	22186
22181	22186
22182	22186
22183	22188
22184	22189
22185	22191
22186	22191
22187	22191
22188	22192
22189	22194
22190	22194
22191	22194
22192	22196
22193	22198
22194	22198
22195	22199
22196	22201
22197	22203
22198	22205
22199	22205
22200	22205
22201	22207
22202	22207
22203	22207
22204	22208
22205	22210
22206	22210
22207	22210
22208	22211
22209	22212
22210	22214
22211	22215
22212	22217
22213	22217
22214	22217
22215	22220
22216	22222
22217	22222
22218	22222
22219	22224
22220	22224
22221	22224
22222	22225
22223	22225
22224	22226
22225	22228
22226	22231
22227	22233
22228	22234
22229	22236
22230	22239
22231	22241
22232	22242
22233	22244
22234	22246
22235	22248
22236	22248
22237	22248
22238	22250
22239	22250
22240	22250
22241	22251
22242	22253
22243	22253
22244	22253
22245	22254
22246	22256
22247	22259
22248	22261
22249	22261
22250	22261
22251	22263
22252	22263
22253	22263
22254	22265
22255	22265
22256	22265
22257	22266
22258	22268
22259	22268
22260	22268
22261	22270
22262	22271
22263	22273
22264	22274
22265	22276
22266	22276
22267	22276
22268	22279
22269	22281
22270	22281
22271	22281
22272	22282
22273	22282
22274	22284
22275	22284
22276	22284
22277	22285
22278	22287
22279	22290
22280	22292
22281	22292
22282	22292
22283	22294
22284	22294
22285	22294
22286	22296
22287	22296
22288	22296
22289	22297
22290	22299
22291	22299
22292	22299
22293	22301
22294	22302
22295	22303
22296	22306
22297	22308
22298	22308
22299	22308
22300	22310
22301	22310
22302	22310
22303	22312
22304	22312
22305	22312
22306	22313
22307	22314
22308	22317
22309	22319
22310	22319
22311	22319
22312	22321
22313	22321
22314	22321
22315	22322
22316	22322
22317	22323
22318	22325
22319	22328
22320	22330
22321	22331
22322	22332
22323	22332
22324	22333
22325	22335
22326	22335
22327	22335
22328	22337
22329	22337
22330	22337
22331	22339
22332	22340
22333	22342
22334	22342
22335	22342
22336	22343
22337	22345
22338	22345
22339	22345
22340	22346
22341	22348
22342	22349
22343	22351
22344	22351
22345	22351
22346	22354
22347	22356
22348	22356
22349	22356
22350	22358
22351	22358
22352	22358
22353	22360
22354	22360
22355	22360
22356	22360
22357	22362
22358	22363
22359	22365
22360	22366
22361	22368
22362	22371
22363	22373
22364	22374
22365	22376
22366	22376
22367	22376
22368	22377
22369	22379
22370	22379
22371	22379
22372	22381
22373	22382
22374	22384
22375	22384
22376	22384
22377	22385
22378	22387
22379	22387
22380	22387
22381	22389
22382	22390
22383	22391
22384	22391
22385	22392
22386	22394
22387	22394
22388	22394
22389	22395
22390	22397
22391	22400
22392	22402
22393	22402
22394	22402
22395	22404
22396	22404
22397	22404
22398	22406
22399	22406
22400	22406
22401	22407
22402	22409
22403	22409
22404	22409
22405	22412
22406	22413
22407	22414
22408	22416
22409	22419
22410	22421
22411	22421
22412	22421
22413	22423
22414	22423
22415	22423
22416	22425
22417	22425
22418	22425
22419	22426
22420	22428
22421	22428
22422	22428
22423	22430
22424	22431
22425	22433
22426	22434
22427	22436
22428	22436
22429	22436
22430	22438
22431	22440
22432	22440
22433	22440
22434	22442
22435	22442
22436	22442
22437	22443
22438	22445
22439	22448
22440	22450
22441	22450
22442	22450
22443	22451
22444	22451
22445	22453
22446	22453
22447	22453
22448	22454
22449	22456
22450	22456
22451	22456
22452	22458
22453	22459
22454	22461
22455	22461
22456	22464
22457	22465
22458	22465
22459	22467
22460	22467
22461	22467
22462	22468
22463	22468
22464	22469
22465	22471
22466	22472
22467	22474
22468	22474
22469	22474
22470	22477
22471	22479
22472	22479
22473	22479
22474	22480
22475	22480
22476	22481
22477	22481
22478	22482
22479	22484
22480	22486
22481	22488
22482	22489
22483	22491
22484	22492
22485	22494
22486	22494
22487	22494
22488	22497
22489	22498
22490	22498
22491	22500
22492	22500
22493	22500
22494	22502
22495	22502
22496	22502
22497	22502
22498	22504
22499	22504
22500	22505
22501	22507
22502	22510
22503	22512
22504	22512
22505	22512
22506	22514
22507	22514
22508	22514
22509	22516
22510	22516
22511	22516
22512	22517
22513	22519
22514	22519
22515	22519
22516	22520
22517	22522
22518	22523
22519	22525
22520	22526
22521	22528
22522	22528
22523	22528
22524	22531
22525	22533
22526	22533
22527	22533
22528	22535
22529	22535
22530	22535
22531	22537
22532	22537
22533	22537
22534	22540
22535	22542
22536	22543
22537	22545
22538	22545
22539	22545
22540	22546
22541	22548
22542	22548
22543	22548
22544	22550
22545	22551
22546	22553
22547	22553
22548	22553
22549	22554
22550	22556
22551	22556
22552	22556
22553	22558
22554	22559
22555	22561
22556	22561
22557	22561
22558	22561
22559	22563
22560	22564
22561	22566
22562	22567
22563	22569
22564	22572
22565	22574
22566	22575
22567	22576
22568	22576
22569	22577
22570	22579
22571	22579
22572	22579
22573	22581
22574	22582
22575	22584
22576	22584
22577	22584
22578	22585
22579	22587
22580	22587
22581	22587
22582	22589
22583	22590
22584	22592
22585	22592
22586	22592
22587	22593
22588	22595
22589	22595
22590	22595
22591	22596
22592	22598
22593	22601
22594	22603
22595	22603
22596	22603
22597	22605
22598	22605
22599	22605
22600	22607
22601	22607
22602	22607
22603	22608
22604	22610
22605	22610
22606	22610
22607	22611
22608	22613
22609	22614
22610	22616
22611	22617
22612	22619
22613	22619
22614	22619
22615	22621
22616	22623
22617	22623
22618	22623
22619	22625
22620	22625
22621	22625
22622	22625
22623	22626
22624	22628
22625	22631
22626	22633
22627	22634
22628	22635
22629	22636
22630	22638
22631	22638
22632	22638
22633	22639
22634	22641
22635	22644
22636	22646
22637	22646
22638	22646
22639	22648
22640	22648
22641	22648
22642	22650
22643	22650
22644	22650
22645	22651
22646	22653
22647	22653
22648	22653
22649	22655
22650	22656
22651	22657
22652	22658
22653	22660
22654	22660
22655	22660
22656	22661
22657	22663
22658	22666
22659	22668
22660	22668
22661	22668
22662	22670
22663	22670
22664	22670
22665	22672
22666	22672
22667	22672
22668	22673
22669	22675
22670	22675
22671	22675
22672	22677
22673	22678
22674	22680
22675	22681
22676	22683
22677	22683
22678	22683
22679	22686
22680	22688
22681	22688
22682	22688
22683	22689
22684	22689
22685	22691
22686	22691
22687	22691
22688	22692
22689	22694
22690	22696
22691	22697
22692	22697
22693	22698
22694	22698
22695	22699
22696	22701
22697	22701
22698	22701
22699	22702
22700	22704
22701	22705
22702	22707
22703	22708
22704	22709
22705	22709
22706	22712
22707	22714
22708	22714
22709	22714
22710	22716
22711	22716
22712	22716
22713	22718
22714	22718
22715	22718
22716	22721
22717	22723
22718	22724
22719	22726
22720	22726
22721	22726
22722	22727
22723	22729
22724	22729
22725	22729
22726	22731
22727	22732
22728	22734
22729	22734
22730	22734
22731	22735
22732	22737
22733	22737
22734	22737
22735	22739
22736	22739
22737	22740
22738	22742
22739	22742
22740	22742
22741	22743
22742	22745
22743	22746
22744	22748
22745	22749
22746	22751
22747	22754
22748	22756
22749	22757
22750	22759
22751	22759
22752	22759
22753	22760
22754	22760
22755	22762
22756	22763
22757	22765
22758	22765
22759	22765
22760	22766
22761	22768
22762	22768
22763	22768
22764	22770
22765	22771
22766	22773
22767	22773
22768	22773
22769	22774
22770	22776
22771	22776
22772	22776
22773	22777
22774	22779
22775	22782
22776	22784
22777	22784
22778	22784
22779	22786
22780	22786
22781	22786
22782	22788
22783	22788
22784	22788
22785	22789
22786	22791
22787	22791
22788	22791
22789	22794
22790	22796
22791	22797
22792	22799
22793	22800
22794	22802
22795	22802
22796	22802
22797	22804
22798	22806
22799	22806
22800	22806
22801	22808
22802	22808
22803	22808
22804	22809
22805	22811
22806	22814
22807	22816
22808	22816
22809	22816
22810	22818
22811	22818
22812	22818
22813	22820
22814	22820
22815	22820
22816	22821
22817	22823
22818	22823
22819	22823
22820	22825
22821	22826
22822	22828
22823	22829
22824	22831
22825	22831
22826	22831
22827	22834
22828	22836
22829	22836
22830	22836
22831	22836
22832	22838
22833	22838
22834	22838
22835	22839
22836	22841
22837	22844
22838	22845
22839	22845
22840	22847
22841	22847
22842	22847
22843	22849
22844	22849
22845	22849
22846	22850
22847	22851
22848	22851
22849	22853
22850	22854
22851	22856
22852	22857
22853	22859
22854	22859
22855	22859
22856	22862
22857	22864
22858	22864
22859	22864
22860	22866
22861	22866
22862	22866
22863	22867
22864	22867
22865	22868
22866	22870
22867	22871
22868	22873
22869	22873
22870	22873
22871	22876
22872	22878
22873	22878
22874	22878
22875	22880
22876	22880
22877	22880
22878	22881
22879	22881
22880	22884
22881	22886
22882	22887
22883	22889
22884	22891
22885	22893
22886	22893
22887	22894
22888	22895
22889	22895
22890	22897
22891	22898
22892	22900
22893	22900
22894	22900
22895	22900
22896	22901
22897	22903
22898	22906
22899	22908
22900	22908
22901	22908
22902	22910
22903	22910
22904	22910
22905	22910
22906	22911
22907	22913
22908	22913
22909	22913
22910	22914
22911	22916
22912	22918
22913	22920
22914	22921
22915	22923
22916	22923
22917	22923
22918	22924
22919	22926
22920	22926
22921	22926
22922	22928
22923	22929
22924	22931
22925	22931
22926	22931
22927	22932
22928	22934
22929	22934
22930	22934
22931	22935
22932	22936
22933	22939
22934	22941
22935	22941
22936	22941
22937	22943
22938	22943
22939	22943
22940	22945
22941	22945
22942	22945
22943	22947
22944	22948
22945	22950
22946	22951
22947	22953
22948	22956
22949	22958
22950	22958
22951	22958
22952	22960
22953	22960
22954	22960
22955	22962
22956	22962
22957	22962
22958	22963
22959	22965
22960	22965
22961	22965
22962	22967
22963	22968
22964	22969
22965	22971
22966	22971
22967	22971
22968	22973
22969	22974
22970	22976
22971	22976
22972	22976
22973	22976
22974	22977
22975	22979
22976	22982
22977	22984
22978	22985
22979	22987
22980	22987
22981	22987
22982	22988
22983	22989
22984	22989
22985	22991
22986	22992
22987	22994
22988	22994
22989	22994
22990	22995
22991	22996
22992	22996
22993	22998
22994	22998
22995	22999
22996	23001
22997	23001
22998	23001
22999	23002
23000	23004
23001	23005
23002	23007
23003	23007
23004	23007
23005	23010
23006	23012
23007	23012
23008	23012
23009	23014
23010	23014
23011	23014
23012	23016
23013	23016
23014	23016
23015	23018
23016	23019
23017	23021
23018	23022
23019	23024
23020	23025
23021	23027
23022	23027
23023	23027
23024	23030
23025	23032
23026	23032
23027	23032
23028	23033
23029	23033
23030	23035
23031	23035
23032	23035
23033	23038
23034	23040
23035	23041
23036	23043
23037	23043
23038	23043
23039	23044
23040	23045
23041	23045
23042	23047
23043	23047
23044	23048
23045	23049
23046	23049
23047	23050
23048	23051
23049	23053
23050	23053
23051	23053
23052	23053
23053	23055
23054	23056
23055	23058
23056	23059
23057	23061
23058	23064
23059	23066
23060	23067
23061	23068
23062	23069
23063	23071
23064	23074
23065	23076
23066	23076
23067	23076
23068	23078
23069	23078
23070	23078
23071	23080
23072	23080
23073	23080
23074	23081
23075	23083
23076	23083
23077	23083
23078	23084
23079	23086
23080	23089
23081	23091
23082	23092
23083	23093
23084	23093
23085	23094
23086	23095
23087	23095
23088	23097
23089	23098
23090	23100
23091	23100
23092	23100
23093	23101
23094	23103
23095	23103
23096	23103
23097	23105
23098	23106
23099	23108
23100	23108
23101	23108
23102	23109
23103	23111
23104	23111
23105	23111
23106	23112
23107	23114
23108	23117
23109	23119
23110	23119
23111	23119
23112	23121
23113	23121
23114	23121
23115	23123
23116	23123
23117	23123
23118	23124
23119	23126
23120	23126
23121	23126
23122	23128
23123	23129
23124	23131
23125	23132
23126	23134
23127	23137
23128	23137
23129	23139
23130	23139
23131	23139
23132	23141
23133	23141
23134	23141
23135	23142
23136	23144
23137	23144
23138	23144
23139	23147
23140	23149
23141	23149
23142	23150
23143	23151
23144	23151
23145	23152
23146	23153
23147	23155
23148	23155
23149	23155
23150	23157
23151	23158
23152	23160
23153	23160
23154	23160
23155	23161
23156	23163
23157	23163
23158	23163
23159	23164
23160	23166
23161	23168
23162	23170
23163	23170
23164	23171
23165	23173
23166	23173
23167	23173
23168	23175
23169	23176
23170	23178
23171	23178
23172	23178
23173	23179
23174	23180
23175	23180
23176	23181
23177	23183
23178	23184
23179	23186
23180	23186
23181	23186
23182	23189
23183	23191
23184	23191
23185	23191
23186	23193
23187	23193
23188	23193
23189	23195
23190	23195
23191	23195
23192	23197
23193	23198
23194	23200
23195	23201
23196	23203
23197	23204
23198	23206
23199	23206
23200	23206
23201	23209
23202	23211
23203	23211
23204	23211
23205	23213
23206	23213
23207	23213
23208	23215
23209	23215
23210	23215
23211	23218
23212	23220
23213	23221
23214	23223
23215	23223
23216	23223
23217	23224
23218	23225
23219	23225
23220	23227
23221	23228
23222	23229
23223	23229
23224	23230
23225	23232
23226	23232
23227	23232
23228	23234
23229	23234
23230	23235
23231	23237
23232	23237
23233	23237
23234	23238
23235	23240
23236	23241
23237	23243
23238	23244
23239	23246
23240	23246
23241	23246
23242	23249
23243	23251
23244	23251
23245	23251
23246	23253
23247	23253
23248	23253
23249	23255
23250	23255
23251	23255
23252	23258
23253	23260
23254	23261
23255	23262
23256	23262
23257	23263
23258	23265
23259	23265
23260	23265
23261	23266
23262	23267
23263	23269
23264	23269
23265	23269
23266	23270
23267	23271
23268	23273
23269	23273
23270	23273
23271	23274
23272	23276
23273	23279
23274	23281
23275	23282
23276	23284
23277	23287
23278	23289
23279	23289
23280	23289
23281	23291
23282	23291
23283	23291
23284	23293
23285	23293
23286	23293
23287	23294
23288	23296
23289	23296
23290	23296
23291	23297
23292	23299
23293	23301
23294	23303
23295	23303
23296	23303
23297	23305
23298	23305
23299	23305
23300	23306
23301	23308
23302	23308
23303	23308
23304	23310
23305	23311
23306	23313
23307	23314
23308	23316
23309	23316
23310	23316
23311	23319
23312	23320
23313	23320
23314	23322
23315	23322
23316	23322
23317	23324
23318	23324
23319	23324
23320	23324
23321	23326
23322	23327
23323	23329
23324	23330
23325	23332
23326	23332
23327	23332
23328	23334
23329	23336
23330	23336
23331	23336
23332	23337
23333	23337
23334	23338
23335	23340
23336	23343
23337	23345
23338	23345
23339	23345
23340	23347
23341	23347
23342	23347
23343	23349
23344	23349
23345	23349
23346	23350
23347	23352
23348	23352
23349	23352
23350	23353
23351	23355
23352	23356
23353	23357
23354	23358
23355	23359
23356	23359
23357	23362
23358	23364
23359	23365
23360	23367
23361	23367
23362	23367
23363	23368
23364	23369
23365	23369
23366	23371
23367	23372
23368	23374
23369	23374
23370	23374
23371	23375
23372	23377
23373	23377
23374	23377
23375	23379
23376	23380
23377	23382
23378	23382
23379	23382
23380	23382
23381	23384
23382	23386
23383	23387
23384	23389
23385	23390
23386	23392
23387	23395
23388	23397
23389	23398
23390	23400
23391	23400
23392	23400
23393	23401
23394	23402
23395	23402
23396	23404
23397	23404
23398	23405
23399	23407
23400	23407
23401	23407
23402	23409
23403	23410
23404	23412
23405	23412
23406	23412
23407	23413
23408	23415
23409	23415
23410	23415
23411	23416
23412	23418
23413	23421
23414	23423
23415	23423
23416	23423
23417	23425
23418	23425
23419	23425
23420	23427
23421	23427
23422	23427
23423	23427
23424	23429
23425	23431
23426	23432
23427	23434
23428	23435
23429	23435
23430	23437
23431	23439
23432	23439
23433	23439
23434	23441
23435	23441
23436	23441
23437	23442
23438	23443
23439	23444
23440	23445
23441	23445
23442	23447
23443	23448
23444	23450
23445	23451
23446	23453
23447	23453
23448	23453
23449	23456
23450	23458
23451	23458
23452	23458
23453	23460
23454	23460
23455	23460
23456	23461
23457	23461
23458	23462
23459	23464
23460	23465
23461	23467
23462	23467
23463	23467
23464	23468
23465	23469
23466	23469
23467	23470
23468	23471
23469	23472
23470	23474
23471	23475
23472	23477
23473	23478
23474	23480
23475	23480
23476	23480
23477	23483
23478	23485
23479	23485
23480	23485
23481	23487
23482	23487
23483	23487
23484	23489
23485	23489
23486	23489
23487	23492
23488	23494
23489	23495
23490	23496
23491	23496
23492	23496
23493	23498
23494	23499
23495	23501
23496	23501
23497	23501
23498	23502
23499	23504
23500	23504
23501	23504
23502	23506
23503	23507
23504	23509
23505	23509
23506	23509
23507	23509
23508	23511
23509	23512
23510	23514
23511	23515
23512	23517
23513	23518
23514	23520
23515	23523
23516	23525
23517	23525
23518	23525
23519	23527
23520	23527
23521	23527
23522	23529
23523	23529
23524	23529
23525	23530
23526	23532
23527	23532
23528	23532
23529	23535
23530	23537
23531	23538
23532	23539
23533	23539
23534	23540
23535	23542
23536	23542
23537	23542
23538	23544
23539	23545
23540	23546
23541	23546
23542	23547
23543	23549
23544	23549
23545	23549
23546	23551
23547	23552
23548	23554
23549	23554
23550	23554
23551	23555
23552	23557
23553	23557
23554	23557
23555	23559
23556	23560
23557	23561
23558	23563
23559	23565
23560	23567
23561	23567
23562	23567
23563	23569
23564	23569
23565	23569
23566	23570
23567	23572
23568	23572
23569	23572
23570	23573
23571	23574
23572	23576
23573	23577
23574	23579
23575	23579
23576	23579
23577	23582
23578	23584
23579	23584
23580	23584
23581	23586
23582	23586
23583	23586
23584	23587
23585	23587
23586	23588
23587	23590
23588	23591
23589	23593
23590	23594
23591	23596
23592	23599
23593	23601
23594	23601
23595	23601
23596	23603
23597	23603
23598	23603
23599	23605
23600	23605
23601	23605
23602	23606
23603	23607
23604	23607
23605	23610
23606	23612
23607	23613
23608	23615
23609	23615
23610	23615
23611	23616
23612	23618
23613	23618
23614	23618
23615	23620
23616	23621
23617	23622
23618	23622
23619	23623
23620	23625
23621	23625
23622	23625
23623	23627
23624	23628
23625	23630
23626	23630
23627	23630
23628	23631
23629	23632
23630	23632
23631	23635
23632	23637
23633	23637
23634	23638
23635	23640
23636	23642
23637	23644
23638	23644
23639	23644
23640	23646
23641	23646
23642	23646
23643	23647
23644	23649
23645	23649
23646	23649
23647	23651
23648	23652
23649	23653
23650	23654
23651	23656
23652	23656
23653	23656
23654	23657
23655	23659
23656	23662
23657	23664
23658	23664
23659	23664
23660	23666
23661	23666
23662	23666
23663	23668
23664	23668
23665	23668
23666	23669
23667	23671
23668	23671
23669	23671
23670	23672
23671	23673
23672	23675
23673	23676
23674	23678
23675	23678
23676	23678
23677	23681
23678	23683
23679	23683
23680	23683
23681	23685
23682	23685
23683	23685
23684	23686
23685	23686
23686	23687
23687	23689
23688	23692
23689	23694
23690	23694
23691	23695
23692	23697
23693	23700
23694	23702
23695	23703
23696	23705
23697	23708
23698	23710
23699	23710
23700	23710
23701	23712
23702	23712
23703	23712
23704	23714
23705	23714
23706	23714
23707	23715
23708	23717
23709	23717
23710	23717
23711	23718
23712	23720
23713	23722
23714	23724
23715	23724
23716	23724
23717	23726
23718	23726
23719	23726
23720	23727
23721	23729
23722	23729
23723	23729
23724	23731
23725	23732
23726	23734
23727	23735
23728	23737
23729	23737
23730	23737
23731	23740
23732	23741
23733	23741
23734	23743
23735	23743
23736	23743
23737	23745
23738	23745
23739	23745
23740	23746
23741	23748
23742	23751
23743	23753
23744	23753
23745	23753
23746	23755
23747	23755
23748	23755
23749	23757
23750	23757
23751	23757
23752	23758
23753	23760
23754	23760
23755	23760
23756	23762
23757	23763
23758	23764
23759	23767
23760	23769
23761	23769
23762	23769
23763	23771
23764	23771
23765	23771
23766	23772
23767	23772
23768	23773
23769	23774
23770	23777
23771	23779
23772	23779
23773	23779
23774	23781
23775	23781
23776	23781
23777	23783
23778	23783
23779	23783
23780	23784
23781	23786
23782	23789
23783	23791
23784	23792
23785	23794
23786	23794
23787	23794
23788	23795
23789	23796
23790	23796
23791	23798
23792	23799
23793	23801
23794	23801
23795	23801
23796	23802
23797	23804
23798	23804
23799	23804
23800	23806
23801	23806
23802	23806
23803	23807
23804	23809
23805	23810
23806	23812
23807	23812
23808	23812
23809	23815
23810	23817
23811	23817
23812	23817
23813	23819
23814	23819
23815	23819
23816	23821
23817	23821
23818	23821
23819	23823
23820	23824
23821	23825
23822	23826
23823	23828
23824	23831
23825	23833
23826	23834
23827	23836
23828	23836
23829	23836
23830	23836
23831	23838
23832	23839
23833	23841
23834	23841
23835	23841
23836	23842
23837	23844
23838	23844
23839	23844
23840	23846
23841	23847
23842	23848
23843	23848
23844	23848
23845	23849
23846	23851
23847	23854
23848	23856
23849	23856
23850	23856
23851	23858
23852	23858
23853	23858
23854	23860
23855	23860
23856	23860
23857	23861
23858	23863
23859	23863
23860	23863
23861	23864
23862	23866
23863	23869
23864	23871
23865	23872
23866	23874
23867	23877
23868	23879
23869	23879
23870	23879
23871	23881
23872	23881
23873	23881
23874	23883
23875	23883
23876	23883
23877	23884
23878	23886
23879	23886
23880	23886
23881	23887
23882	23888
23883	23889
23884	23891
23885	23891
23886	23891
23887	23893
23888	23894
23889	23896
23890	23897
23891	23899
23892	23899
23893	23899
23894	23902
23895	23903
23896	23903
23897	23905
23898	23905
23899	23905
23900	23907
23901	23907
23902	23907
23903	23908
23904	23910
23905	23912
23906	23913
23907	23913
23908	23915
23909	23915
23910	23915
23911	23916
23912	23918
23913	23918
23914	23918
23915	23920
23916	23921
23917	23923
23918	23924
23919	23926
23920	23926
23921	23926
23922	23929
23923	23931
23924	23931
23925	23931
23926	23932
23927	23932
23928	23933
23929	23933
23930	23934
23931	23936
23932	23939
23933	23941
23934	23941
23935	23941
23936	23943
23937	23943
23938	23943
23939	23945
23940	23945
23941	23945
23942	23946
23943	23947
23944	23947
23945	23948
23946	23950
23947	23951
23948	23953
23949	23953
23950	23956
23951	23958
23952	23958
23953	23958
23954	23960
23955	23960
23956	23960
23957	23962
23958	23962
23959	23962
23960	23965
23961	23967
23962	23968
23963	23970
23964	23970
23965	23970
23966	23971
23967	23973
23968	23973
23969	23973
23970	23975
23971	23976
23972	23978
23973	23978
23974	23978
23975	23979
23976	23981
23977	23981
23978	23981
23979	23983
23980	23984
23981	23986
23982	23986
23983	23986
23984	23986
23985	23988
23986	23989
23987	23991
23988	23992
23989	23994
23990	23997
23991	23999
23992	24000
23993	24002
23994	24002
23995	24002
23996	24003
23997	24005
23998	24005
23999	24005
24000	24007
24001	24008
24002	24010
24003	24010
24004	24010
24005	24011
24006	24013
24007	24013
24008	24013
24009	24015
24010	24016
24011	24018
24012	24018
24013	24018
24014	24019
24015	24020
24016	24020
24017	24021
24018	24023
24019	24026
24020	24028
24021	24028
24022	24028
24023	24030
24024	24030
24025	24030
24026	24032
24027	24032
24028	24032
24029	24033
24030	24035
24031	24035
24032	24035
24033	24038
24034	24040
24035	24041
24036	24043
24037	24044
24038	24046
24039	24046
24040	24046
24041	24048
24042	24050
24043	24050
24044	24050
24045	24052
24046	24052
24047	24052
24048	24053
24049	24054
24050	24055
24051	24057
24052	24057
24053	24057
24054	24058
24055	24059
24056	24061
24057	24064
24058	24066
24059	24066
24060	24066
24061	24068
24062	24068
24063	24068
24064	24070
24065	24070
24066	24070
24067	24071
24068	24073
24069	24073
24070	24073
24071	24075
24072	24076
24073	24078
24074	24079
24075	24081
24076	24081
24077	24081
24078	24084
24079	24085
24080	24085
24081	24086
24082	24086
24083	24087
24084	24087
24085	24088
24086	24090
24087	24090
24088	24093
24089	24094
24090	24094
24091	24096
24092	24096
24093	24096
24094	24097
24095	24097
24096	24098
24097	24100
24098	24102
24099	24103
24100	24104
24101	24106
24102	24109
24103	24111
24104	24111
24105	24111
24106	24113
24107	24113
24108	24113
24109	24115
24110	24115
24111	24115
24112	24116
24113	24118
24114	24118
24115	24118
24116	24120
24117	24121
24118	24123
24119	24124
24120	24126
24121	24126
24122	24126
24123	24129
24124	24131
24125	24131
24126	24131
24127	24132
24128	24132
24129	24134
24130	24134
24131	24134
24132	24134
24133	24135
24134	24137
24135	24138
24136	24140
24137	24141
24138	24143
24139	24143
24140	24143
24141	24146
24142	24148
24143	24148
24144	24148
24145	24150
24146	24150
24147	24150
24148	24152
24149	24152
24150	24152
24151	24155
24152	24157
24153	24158
24154	24160
24155	24160
24156	24160
24157	24161
24158	24163
24159	24163
24160	24163
24161	24165
24162	24166
24163	24168
24164	24168
24165	24168
24166	24169
24167	24171
24168	24171
24169	24171
24170	24173
24171	24173
24172	24174
24173	24176
24174	24176
24175	24176
24176	24177
24177	24179
24178	24180
24179	24182
24180	24183
24181	24185
24182	24188
24183	24190
24184	24191
24185	24191
24186	24192
24187	24194
24188	24194
24189	24194
24190	24196
24191	24197
24192	24199
24193	24199
24194	24199
24195	24200
24196	24202
24197	24202
24198	24202
24199	24204
24200	24205
24201	24207
24202	24207
24203	24207
24204	24208
24205	24210
24206	24210
24207	24210
24208	24211
24209	24213
24210	24216
24211	24218
24212	24218
24213	24218
24214	24220
24215	24220
24216	24220
24217	24222
24218	24222
24219	24222
24220	24223
24221	24225
24222	24225
24223	24225
24224	24228
24225	24230
24226	24231
24227	24233
24228	24234
24229	24236
24230	24236
24231	24236
24232	24239
24233	24239
24234	24241
24235	24241
24236	24241
24237	24243
24238	24243
24239	24243
24240	24244
24241	24246
24242	24249
24243	24250
24244	24250
24245	24252
24246	24252
24247	24252
24248	24254
24249	24254
24250	24254
24251	24255
24252	24256
24253	24256
24254	24258
24255	24259
24256	24261
24257	24262
24258	24264
24259	24264
24260	24264
24261	24266
24262	24268
24263	24268
24264	24268
24265	24270
24266	24270
24267	24270
24268	24271
24269	24273
24270	24276
24271	24278
24272	24278
24273	24278
24274	24280
24275	24280
24276	24280
24277	24282
24278	24282
24279	24282
24280	24283
24281	24285
24282	24285
24283	24285
24284	24287
24285	24288
24286	24290
24287	24291
24288	24293
24289	24293
24290	24293
24291	24296
24292	24298
24293	24298
24294	24298
24295	24300
24296	24300
24297	24300
24298	24301
24299	24301
24300	24302
24301	24304
24302	24305
24303	24307
24304	24307
24305	24307
24306	24310
24307	24312
24308	24312
24309	24312
24310	24314
24311	24314
24312	24314
24313	24315
24314	24315
24315	24318
24316	24320
24317	24321
24318	24323
24319	24325
24320	24327
24321	24328
24322	24330
24323	24330
24324	24330
24325	24331
24326	24333
24327	24333
24328	24333
24329	24335
24330	24336
24331	24338
24332	24338
24333	24338
24334	24339
24335	24341
24336	24341
24337	24341
24338	24342
24339	24343
24340	24346
24341	24348
24342	24348
24343	24348
24344	24350
24345	24350
24346	24350
24347	24352
24348	24352
24349	24352
24350	24353
24351	24355
24352	24357
24353	24359
24354	24360
24355	24361
24356	24361
24357	24361
24358	24363
24359	24363
24360	24364
24361	24366
24362	24366
24363	24366
24364	24367
24365	24369
24366	24372
24367	24374
24368	24374
24369	24374
24370	24374
24371	24376
24372	24376
24373	24376
24374	24377
24375	24379
24376	24379
24377	24379
24378	24381
24379	24382
24380	24384
24381	24385
24382	24387
24383	24390
24384	24392
24385	24392
24386	24392
24387	24394
24388	24394
24389	24394
24390	24396
24391	24396
24392	24396
24393	24397
24394	24399
24395	24399
24396	24399
24397	24401
24398	24402
24399	24403
24400	24405
24401	24405
24402	24405
24403	24407
24404	24407
24405	24408
24406	24410
24407	24410
24408	24410
24409	24411
24410	24413
24411	24416
24412	24418
24413	24419
24414	24420
24415	24420
24416	24421
24417	24423
24418	24423
24419	24423
24420	24425
24421	24425
24422	24426
24423	24428
24424	24428
24425	24428
24426	24430
24427	24431
24428	24433
24429	24433
24430	24433
24431	24434
24432	24435
24433	24435
24434	24436
24435	24438
24436	24439
24437	24441
24438	24441
24439	24441
24440	24444
24441	24446
24442	24446
24443	24446
24444	24448
24445	24448
24446	24448
24447	24450
24448	24450
24449	24450
24450	24452
24451	24452
24452	24453
24453	24455
24454	24456
24455	24458
24456	24459
24457	24461
24458	24461
24459	24461
24460	24464
24461	24465
24462	24465
24463	24467
24464	24467
24465	24467
24466	24469
24467	24469
24468	24469
24469	24472
24470	24474
24471	24475
24472	24476
24473	24476
24474	24477
24475	24479
24476	24479
24477	24479
24478	24481
24479	24481
24480	24482
24481	24483
24482	24483
24483	24484
24484	24485
24485	24486
24486	24486
24487	24488
24488	24489
24489	24491
24490	24492
24491	24494
24492	24495
24493	24497
24494	24500
24495	24502
24496	24503
24497	24505
24498	24508
24499	24510
24500	24510
24501	24510
24502	24512
24503	24512
24504	24512
24505	24514
24506	24514
24507	24514
24508	24515
24509	24517
24510	24517
24511	24517
24512	24518
24513	24520
24514	24523
24515	24524
24516	24524
24517	24526
24518	24526
24519	24526
24520	24528
24521	24528
24522	24528
24523	24529
24524	24531
24525	24531
24526	24531
24527	24533
24528	24534
24529	24536
24530	24537
24531	24539
24532	24539
24533	24539
24534	24542
24535	24543
24536	24543
24537	24545
24538	24545
24539	24545
24540	24547
24541	24547
24542	24547
24543	24548
24544	24550
24545	24553
24546	24555
24547	24555
24548	24555
24549	24557
24550	24557
24551	24557
24552	24559
24553	24559
24554	24559
24555	24560
24556	24562
24557	24562
24558	24562
24559	24564
24560	24565
24561	24567
24562	24568
24563	24570
24564	24570
24565	24570
24566	24573
24567	24575
24568	24575
24569	24575
24570	24577
24571	24577
24572	24577
24573	24578
24574	24578
24575	24579
24576	24581
24577	24582
24578	24584
24579	24584
24580	24584
24581	24587
24582	24589
24583	24589
24584	24589
24585	24591
24586	24591
24587	24591
24588	24593
24589	24593
24590	24593
24591	24594
24592	24596
24593	24599
24594	24601
24595	24602
24596	24604
24597	24604
24598	24604
24599	24605
24600	24607
24601	24607
24602	24607
24603	24609
24604	24610
24605	24612
24606	24612
24607	24612
24608	24613
24609	24615
24610	24615
24611	24615
24612	24617
24613	24618
24614	24620
24615	24620
24616	24620
24617	24620
24618	24621
24619	24623
24620	24624
24621	24625
24622	24625
24623	24627
24624	24629
24625	24629
24626	24629
24627	24631
24628	24631
24629	24631
24630	24634
24631	24636
24632	24637
24633	24639
24634	24640
24635	24642
24636	24645
24637	24647
24638	24647
24639	24647
24640	24649
24641	24649
24642	24649
24643	24651
24644	24651
24645	24651
24646	24652
24647	24654
24648	24654
24649	24654
24650	24656
24651	24658
24652	24659
24653	24661
24654	24661
24655	24661
24656	24662
24657	24664
24658	24664
24659	24664
24660	24666
24661	24667
24662	24668
24663	24668
24664	24669
24665	24670
24666	24670
24667	24671
24668	24673
24669	24676
24670	24678
24671	24679
24672	24681
24673	24681
24674	24681
24675	24681
24676	24683
24677	24683
24678	24684
24679	24686
24680	24686
24681	24686
24682	24688
24683	24689
24684	24691
24685	24691
24686	24691
24687	24692
24688	24694
24689	24694
24690	24694
24691	24695
24692	24697
24693	24698
24694	24700
24695	24700
24696	24700
24697	24703
24698	24705
24699	24705
24700	24705
24701	24707
24702	24707
24703	24707
24704	24709
24705	24709
24706	24709
24707	24711
24708	24712
24709	24714
24710	24715
24711	24717
24712	24720
24713	24722
24714	24722
24715	24722
24716	24724
24717	24724
24718	24724
24719	24726
24720	24726
24721	24726
24722	24726
24723	24728
24724	24730
24725	24731
24726	24733
24727	24733
24728	24733
24729	24734
24730	24735
24731	24735
24732	24737
24733	24738
24734	24740
24735	24740
24736	24740
24737	24741
24738	24743
24739	24743
24740	24743
24741	24744
24742	24746
24743	24749
24744	24751
24745	24751
24746	24751
24747	24753
24748	24754
24749	24755
24750	24755
24751	24756
24752	24758
24753	24758
24754	24758
24755	24760
24756	24761
24757	24763
24758	24763
24759	24763
24760	24764
24761	24765
24762	24765
24763	24766
24764	24768
24765	24769
24766	24771
24767	24771
24768	24771
24769	24774
24770	24776
24771	24776
24772	24776
24773	24778
24774	24778
24775	24778
24776	24780
24777	24780
24778	24780
24779	24782
24780	24783
24781	24785
24782	24786
24783	24788
24784	24789
24785	24791
24786	24791
24787	24791
24788	24794
24789	24796
24790	24796
24791	24796
24792	24798
24793	24798
24794	24798
24795	24799
24796	24799
24797	24802
24798	24804
24799	24805
24800	24806
24801	24806
24802	24806
24803	24808
24804	24809
24805	24810
24806	24810
24807	24811
24808	24813
24809	24813
24810	24813
24811	24814
24812	24815
24813	24817
24814	24817
24815	24817
24816	24818
24817	24820
24818	24821
24819	24823
24820	24824
24821	24826
24822	24826
24823	24826
24824	24829
24825	24831
24826	24831
24827	24831
24828	24833
24829	24833
24830	24833
24831	24835
24832	24835
24833	24835
24834	24838
24835	24839
24836	24840
24837	24842
24838	24842
24839	24842
24840	24844
24841	24845
24842	24846
24843	24846
24844	24847
24845	24849
24846	24849
24847	24849
24848	24850
24849	24851
24850	24853
24851	24853
24852	24853
24853	24856
24854	24858
24855	24859
24856	24861
24857	24863
24858	24865
24859	24866
24860	24868
24861	24869
24862	24871
24863	24871
24864	24871
24865	24874
24866	24876
24867	24876
24868	24876
24869	24877
24870	24877
24871	24879
24872	24879
24873	24879
24874	24880
24875	24882
24876	24884
24877	24885
24878	24885
24879	24887
24880	24887
24881	24887
24882	24888
24883	24890
24884	24890
24885	24890
24886	24892
24887	24893
24888	24895
24889	24895
24890	24898
24891	24900
24892	24900
24893	24900
24894	24902
24895	24902
24896	24902
24897	24904
24898	24904
24899	24904
24900	24905
24901	24907
24902	24908
24903	24910
24904	24910
24905	24910
24906	24911
24907	24912
24908	24912
24909	24913
24910	24915
24911	24918
24912	24920
24913	24921
24914	24922
24915	24922
24916	24923
24917	24925
24918	24925
24919	24925
24920	24927
24921	24928
24922	24930
24923	24930
24924	24930
24925	24930
24926	24932
24927	24933
24928	24935
24929	24935
24930	24935
24931	24936
24932	24938
24933	24938
24934	24938
24935	24939
24936	24940
24937	24943
24938	24945
24939	24945
24940	24945
24941	24947
24942	24947
24943	24947
24944	24949
24945	24949
24946	24949
24947	24949
24948	24951
24949	24952
24950	24953
24951	24954
24952	24956
24953	24959
24954	24960
24955	24961
24956	24963
24957	24963
24958	24963
24959	24965
24960	24966
24961	24968
24962	24968
24963	24968
24964	24969
24965	24971
24966	24971
24967	24971
24968	24973
24969	24974
24970	24976
24971	24976
24972	24976
24973	24977
24974	24979
24975	24979
24976	24979
24977	24980
24978	24982
24979	24985
24980	24987
24981	24987
24982	24987
24983	24989
24984	24989
24985	24989
24986	24991
24987	24991
24988	24991
24989	24992
24990	24994
24991	24994
24992	24994
24993	24995
24994	24997
24995	25000
24996	25002
24997	25003
24998	25004
24999	25005
25000	25007
25001	25007
25002	25007
25003	25008
25004	25010
25005	25013
25006	25015
25007	25015
25008	25015
25009	25017
25010	25017
25011	25017
25012	25019
25013	25019
25014	25019
25015	25020
25016	25022
25017	25022
25018	25022
25019	25024
25020	25024
25021	25025
25022	25027
25023	25030
25024	25032
25025	25032
25026	25032
25027	25034
25028	25034
25029	25034
25030	25036
25031	25036
25032	25036
25033	25036
25034	25038
25035	25039
25036	25041
25037	25042
25038	25044
25039	25044
25040	25044
25041	25047
25042	25049
25043	25049
25044	25049
25045	25050
25046	25050
25047	25052
25048	25052
25049	25052
25050	25052
25051	25053
25052	25055
25053	25056
25054	25058
25055	25059
25056	25061
25057	25061
25058	25061
25059	25064
25060	25066
25061	25066
25062	25066
25063	25068
25064	25068
25065	25068
25066	25070
25067	25070
25068	25070
25069	25073
25070	25075
25071	25076
25072	25078
25073	25078
25074	25078
25075	25079
25076	25081
25077	25081
25078	25081
25079	25083
25080	25084
25081	25086
25082	25086
25083	25086
25084	25087
25085	25089
25086	25089
25087	25089
25088	25091
25089	25091
25090	25092
25091	25093
25092	25093
25093	25094
25094	25095
25095	25097
25096	25098
25097	25100
25098	25101
25099	25103
25100	25106
25101	25108
25102	25108
25103	25108
25104	25110
25105	25110
25106	25110
25107	25112
25108	25112
25109	25112
25110	25113
25111	25115
25112	25115
25113	25115
25114	25118
25115	25120
25116	25121
25117	25123
25118	25123
25119	25123
25120	25124
25121	25126
25122	25126
25123	25126
25124	25128
25125	25129
25126	25130
25127	25130
25128	25131
25129	25133
25130	25133
25131	25133
25132	25135
25133	25136
25134	25138
25135	25138
25136	25138
25137	25139
25138	25141
25139	25141
25140	25141
25141	25144
25142	25146
25143	25147
25144	25148
25145	25149
25146	25151
25147	25151
25148	25151
25149	25152
25150	25154
25151	25156
25152	25158
25153	25158
25154	25158
25155	25160
25156	25160
25157	25160
25158	25161
25159	25163
25160	25163
25161	25163
25162	25165
25163	25165
25164	25166
25165	25168
25166	25171
25167	25173
25168	25173
25169	25173
25170	25175
25171	25175
25172	25175
25173	25177
25174	25177
25175	25177
25176	25178
25177	25179
25178	25179
25179	25180
25180	25181
25181	25183
25182	25184
25183	25186
25184	25186
25185	25186
25186	25189
25187	25191
25188	25191
25189	25191
25190	25193
25191	25193
25192	25193
25193	25194
25194	25194
25195	25195
25196	25197
25197	25198
25198	25200
25199	25201
25200	25203
25201	25206
25202	25208
25203	25209
25204	25211
25205	25214
25206	25215
25207	25215
25208	25217
25209	25217
25210	25217
25211	25219
25212	25219
25213	25219
25214	25220
25215	25222
25216	25222
25217	25222
25218	25223
25219	25225
25220	25228
25221	25230
25222	25230
25223	25230
25224	25231
25225	25231
25226	25233
25227	25233
25228	25233
25229	25234
25230	25235
25231	25235
25232	25237
25233	25238
25234	25240
25235	25241
25236	25243
25237	25243
25238	25243
25239	25246
25240	25248
25241	25248
25242	25248
25243	25249
25244	25249
25245	25251
25246	25251
25247	25251
25248	25252
25249	25254
25250	25257
25251	25259
25252	25259
25253	25259
25254	25261
25255	25261
25256	25261
25257	25263
25258	25263
25259	25263
25260	25264
25261	25266
25262	25266
25263	25266
25264	25268
25265	25269
25266	25271
25267	25272
25268	25274
25269	25274
25270	25274
25271	25277
25272	25279
25273	25279
25274	25279
25275	25281
25276	25281
25277	25281
25278	25283
25279	25283
25280	25283
25281	25284
25282	25286
25283	25287
25284	25289
25285	25289
25286	25289
25287	25292
25288	25294
25289	25294
25290	25294
25291	25296
25292	25296
25293	25296
25294	25297
25295	25297
25296	25298
25297	25300
25298	25303
25299	25305
25300	25306
25301	25308
25302	25308
25303	25308
25304	25309
25305	25311
25306	25311
25307	25311
25308	25313
25309	25314
25310	25314
25311	25314
25312	25316
25313	25317
25314	25319
25315	25319
25316	25319
25317	25320
25318	25322
25319	25322
25320	25322
25321	25323
25322	25325
25323	25326
25324	25327
25325	25327
25326	25329
25327	25331
25328	25331
25329	25331
25330	25333
25331	25333
25332	25333
25333	25336
25334	25338
25335	25339
25336	25341
25337	25342
25338	25344
25339	25347
25340	25349
25341	25349
25342	25349
25343	25351
25344	25351
25345	25351
25346	25353
25347	25353
25348	25353
25349	25353
25350	25355
25351	25357
25352	25358
25353	25360
25354	25360
25355	25360
25356	25361
25357	25363
25358	25363
25359	25363
25360	25365
25361	25366
25362	25368
25363	25368
25364	25368
25365	25369
25366	25371
25367	25371
25368	25371
25369	25372
25370	25374
25371	25377
25372	25379
25373	25379
25374	25379
25375	25381
25376	25382
25377	25384
25378	25384
25379	25384
25380	25385
25381	25386
25382	25386
25383	25388
25384	25389
25385	25391
25386	25391
25387	25391
25388	25392
25389	25394
25390	25394
25391	25394
25392	25395
25393	25397
25394	25398
25395	25400
25396	25400
25397	25400
25398	25403
25399	25405
25400	25405
25401	25405
25402	25407
25403	25407
25404	25407
25405	25409
25406	25409
25407	25409
25408	25411
25409	25412
25410	25414
25411	25415
25412	25417
25413	25420
25414	25422
25415	25422
25416	25422
25417	25424
25418	25424
25419	25424
25420	25426
25421	25426
25422	25426
25423	25427
25424	25429
25425	25429
25426	25429
25427	25431
25428	25433
25429	25434
25430	25436
25431	25436
25432	25436
25433	25437
25434	25438
25435	25438
25436	25440
25437	25441
25438	25442
25439	25442
25440	25443
25441	25444
25442	25444
25443	25445
25444	25447
25445	25450
25446	25452
25447	25452
25448	25453
25449	25454
25450	25454
25451	25456
25452	25457
25453	25458
25454	25458
25455	25459
25456	25461
25457	25461
25458	25461
25459	25463
25460	25463
25461	25464
25462	25466
25463	25466
25464	25466
25465	25467
25466	25469
25467	25470
25468	25472
25469	25472
25470	25472
25471	25475
25472	25476
25473	25476
25474	25478
25475	25478
25476	25478
25477	25480
25478	25480
25479	25480
25480	25482
25481	25483
25482	25485
25483	25486
25484	25488
25485	25489
25486	25491
25487	25491
25488	25491
25489	25494
25490	25496
25491	25496
25492	25496
25493	25498
25494	25498
25495	25498
25496	25500
25497	25500
25498	25500
25499	25503
25500	25504
25501	25505
25502	25507
25503	25507
25504	25507
25505	25509
25506	25510
25507	25511
25508	25511
25509	25512
25510	25514
25511	25514
25512	25514
25513	25515
25514	25516
25515	25518
25516	25518
25517	25518
25518	25519
25519	25521
25520	25522
25521	25524
25522	25525
25523	25527
25524	25527
25525	25527
25526	25530
25527	25532
25528	25532
25529	25532
25530	25534
25531	25534
25532	25534
25533	25535
25534	25535
25535	25538
25536	25540
25537	25540
25538	25541
25539	25542
25540	25542
25541	25544
25542	25545
25543	25546
25544	25546
25545	25547
25546	25549
25547	25549
25548	25549
25549	25550
25550	25551
25551	25553
25552	25553
25553	25553
25554	25556
25555	25558
25556	25558
25557	25559
25558	25561
25559	25563
25560	25565
25561	25566
25562	25568
25563	25569
25564	25571
25565	25571
25566	25571
25567	25574
25568	25575
25569	25575
25570	25577
25571	25577
25572	25577
25573	25579
25574	25579
25575	25579
25576	25580
25577	25582
25578	25584
25579	25586
25580	25586
25581	25586
25582	25587
25583	25587
25584	25588
25585	25590
25586	25590
25587	25590
25588	25592
25589	25593
25590	25595
25591	25596
25592	25598
25593	25598
25594	25598
25595	25599
25596	25600
25597	25600
25598	25601
25599	25603
25600	25603
25601	25606
25602	25608
25603	25608
25604	25608
25605	25610
25606	25610
25607	25610
25608	25612
25609	25612
25610	25612
25611	25613
25612	25615
25613	25618
25614	25620
25615	25621
25616	25623
25617	25623
25618	25623
25619	25624
25620	25625
25621	25625
25622	25627
25623	25628
25624	25630
25625	25630
25626	25630
25627	25631
25628	25633
25629	25633
25630	25633
25631	25635
25632	25636
25633	25638
25634	25638
25635	25638
25636	25638
25637	25639
25638	25640
25639	25643
25640	25645
25641	25645
25642	25645
25643	25647
25644	25647
25645	25647
25646	25649
25647	25649
25648	25649
25649	25651
25650	25652
25651	25653
25652	25654
25653	25656
25654	25659
25655	25660
25656	25661
25657	25663
25658	25663
25659	25663
25660	25665
25661	25666
25662	25668
25663	25668
25664	25668
25665	25669
25666	25671
25667	25671
25668	25671
25669	25673
25670	25674
25671	25676
25672	25676
25673	25676
25674	25677
25675	25679
25676	25679
25677	25679
25678	25680
25679	25682
25680	25685
25681	25687
25682	25687
25683	25687
25684	25689
25685	25689
25686	25689
25687	25691
25688	25691
25689	25691
25690	25692
25691	25694
25692	25694
25693	25694
25694	25695
25695	25697
25696	25700
25697	25702
25698	25703
25699	25705
25700	25708
25701	25710
25702	25710
25703	25710
25704	25712
25705	25712
25706	25712
25707	25714
25708	25714
25709	25714
25710	25715
25711	25717
25712	25717
25713	25717
25714	25718
25715	25719
25716	25720
25717	25722
25718	25722
25719	25722
25720	25724
25721	25725
25722	25727
25723	25728
25724	25730
25725	25730
25726	25730
25727	25733
25728	25734
25729	25734
25730	25736
25731	25736
25732	25736
25733	25738
25734	25738
25735	25738
25736	25738
25737	25740
25738	25740
25739	25741
25740	25743
25741	25746
25742	25748
25743	25748
25744	25748
25745	25750
25746	25750
25747	25750
25748	25752
25749	25752
25750	25752
25751	25752
25752	25753
25753	25755
25754	25756
25755	25758
25756	25759
25757	25761
25758	25761
25759	25761
25760	25764
25761	25766
25762	25766
25763	25766
25764	25768
25765	25768
25766	25768
25767	25770
25768	25770
25769	25770
25770	25773
25771	25775
25772	25776
25773	25778
25774	25778
25775	25778
25776	25779
25777	25781
25778	25781
25779	25781
25780	25783
25781	25784
25782	25786
25783	25786
25784	25786
25785	25787
25786	25789
25787	25789
25788	25789
25789	25791
25790	25792
25791	25793
25792	25793
25793	25793
25794	25794
25795	25795
25796	25797
25797	25798
25798	25800
25799	25801
25800	25803
25801	25806
25802	25808
25803	25808
25804	25808
25805	25810
25806	25810
25807	25810
25808	25812
25809	25812
25810	25812
25811	25813
25812	25815
25813	25815
25814	25815
25815	25818
25816	25820
25817	25821
25818	25822
25819	25822
25820	25823
25821	25825
25822	25825
25823	25825
25824	25827
25825	25828
25826	25830
25827	25830
25828	25830
25829	25831
25830	25832
25831	25832
25832	25834
25833	25835
25834	25837
25835	25837
25836	25837
25837	25838
25838	25840
25839	25840
25840	25840
25841	25843
25842	25845
25843	25846
25844	25848
25845	25850
25846	25852
25847	25852
25848	25852
25849	25854
25850	25854
25851	25854
25852	25855
25853	25857
25854	25857
25855	25857
25856	25858
25857	25859
25858	25860
25859	25862
25860	25862
25861	25862
25862	25864
25863	25864
25864	25865
25865	25867
25866	25870
25867	25872
25868	25872
25869	25872
25870	25873
25871	25873
25872	25875
25873	25875
25874	25875
25875	25876
25876	25877
25877	25877
25878	25878
25879	25879
25880	25881
25881	25882
25882	25884
25883	25884
25884	25884
25885	25887
25886	25889
25887	25889
25888	25889
25889	25891
25890	25891
25891	25891
25892	25892
25893	25893
25894	25896
25895	25897
25896	25899
25897	25902
25898	25904
25899	25905
25900	25907
25901	25910
25902	25912
25903	25913
25904	25914
25905	25915
25906	25917
25907	25920
25908	25922
25909	25923
25910	25923
25911	25924
25912	25924
25913	25926
25914	25927
25915	25927
25916	25928
25917	25928
25918	25930
25919	25931
25920	25931
25921	25932
25922	25932
25923	25933
25924	25935
25925	25936
25926	25936
25927	25939
25928	25939
25929	25939
25930	25939
25931	25940
25932	25942
25933	25945
25934	25947
25935	25948
25936	25950
25937	25953
25938	25953
25939	25953
25940	25953
25941	25954
25942	25954
25943	25955
25944	25957
25945	25960
25946	25960
25947	25960
25948	25960
25949	25961
25950	25961
25951	25963
25952	25964
25953	25966
25954	25967
25955	25967
25956	25970
25957	25970
25958	25970
25959	25970
25960	25971
25961	25973
25962	25976
25963	25976
25964	25976
25965	25976
25966	25977
25967	25977
25968	25979
25969	25980
25970	25982
25971	25983
25972	25983
25973	25986
25974	25986
25975	25986
25976	25986
25977	25987
25978	25989
25979	25990
25980	25990
25981	25993
25982	25993
25983	25993
25984	25993
25985	25994
25986	25996
25987	25999
25988	26001
25989	26002
25990	26002
25991	26003
25992	26003
25993	26005
25994	26006
25995	26006
25996	26007
25997	26007
25998	26009
25999	26010
26000	26010
26001	26010
26002	26011
26003	26013
26004	26014
26005	26014
26006	26017
26007	26017
26008	26017
26009	26017
26010	26019
26011	26020
26012	26022
26013	26023
26014	26025
26015	26028
26016	26030
26017	26031
26018	26031
26019	26032
26020	26032
26021	26034
26022	26035
26023	26035
26024	26036
26025	26036
26026	26038
26027	26039
26028	26039
26029	26040
26030	26040
26031	26041
26032	26043
26033	26046
26034	26046
26035	26046
26036	26046
26037	26047
26038	26047
26039	26050
26040	26052
26041	26053
26042	26055
26043	26056
26044	26056
26045	26058
26046	26058
26047	26058
26048	26059
26049	26061
26050	26064
26051	26064
26052	26064
26053	26064
26054	26065
26055	26065
26056	26066
26057	26067
26058	26069
26059	26072
26060	26072
26061	26072
26062	26072
26063	26073
26064	26073
26065	26075
26066	26076
26067	26078
26068	26079
26069	26079
26070	26082
26071	26082
26072	26082
26073	26082
26074	26083
26075	26085
26076	26086
26077	26086
26078	26089
26079	26089
26080	26089
26081	26089
26082	26090
26083	26092
26084	26095
26085	26097
26086	26098
26087	26100
26088	26103
26089	26103
26090	26103
26091	26103
26092	26104
26093	26104
26094	26105
26095	26107
26096	26110
26097	26110
26098	26110
26099	26110
26100	26111
26101	26111
26102	26113
26103	26114
26104	26116
26105	26117
26106	26117
26107	26120
26108	26120
26109	26120
26110	26120
26111	26121
26112	26123
26113	26126
26114	26126
26115	26126
26116	26126
26117	26127
26118	26127
26119	26129
26120	26130
26121	26132
26122	26133
26123	26133
26124	26136
26125	26136
26126	26136
26127	26136
26128	26137
26129	26139
26130	26142
26131	26142
26132	26142
26133	26142
26134	26143
26135	26143
26136	26144
26137	26146
26138	26147
26139	26149
26140	26150
26141	26150
26142	26153
26143	26153
26144	26153
26145	26153
26146	26156
26147	26158
26148	26159
26149	26159
26150	26160
26151	26160
26152	26162
26153	26163
26154	26163
26155	26164
26156	26164
26157	26166
26158	26166
26159	26167
26160	26167
26161	26169
26162	26170
26163	26172
26164	26173
26165	26175
26166	26176
26167	26178
26168	26181
26169	26181
26170	26181
26171	26181
26172	26182
26173	26182
26174	26185
26175	26187
26176	26188
26177	26188
26178	26189
26179	26189
26180	26191
26181	26192
26182	26192
26183	26193
26184	26193
26185	26195
26186	26196
26187	26196
26188	26197
26189	26197
26190	26200
26191	26202
26192	26203
26193	26205
26194	26207
26195	26207
26196	26207
26197	26208
26198	26208
26199	26209
26200	26210
26201	26211
26202	26211
26203	26213
26204	26214
26205	26215
26206	26216
26207	26216
26208	26217
26209	26219
26210	26222
26211	26222
26212	26222
26213	26222
26214	26223
26215	26223
26216	26225
26217	26226
26218	26228
26219	26229
26220	26229
26221	26232
26222	26232
26223	26232
26224	26232
26225	26233
26226	26235
26227	26236
26228	26236
26229	26239
26230	26239
26231	26239
26232	26239
26233	26240
26234	26242
26235	26243
26236	26245
26237	26246
26238	26248
26239	26251
26240	26251
26241	26251
26242	26251
26243	26252
26244	26252
26245	26255
26246	26257
26247	26258
26248	26258
26249	26259
26250	26259
26251	26261
26252	26262
26253	26262
26254	26263
26255	26263
26256	26265
26257	26266
26258	26266
26259	26267
26260	26267
26261	26270
26262	26272
26263	26273
26264	26275
26265	26278
26266	26278
26267	26278
26268	26278
26269	26279
26270	26279
26271	26280
26272	26282
26273	26284
26274	26284
26275	26284
26276	26285
26277	26285
26278	26287
26279	26288
26280	26290
26281	26291
26282	26291
26283	26294
26284	26294
26285	26294
26286	26294
26287	26295
26288	26297
26289	26300
26290	26300
26291	26300
26292	26300
26293	26301
26294	26301
26295	26302
26296	26303
26297	26305
26298	26306
26299	26306
26300	26309
26301	26309
26302	26309
26303	26309
26304	26310
26305	26312
26306	26315
26307	26317
26308	26318
26309	26320
26310	26323
26311	26325
26312	26326
26313	26326
26314	26327
26315	26327
26316	26329
26317	26330
26318	26330
26319	26331
26320	26331
26321	26333
26322	26334
26323	26334
26324	26335
26325	26335
26326	26336
26327	26338
26328	26341
26329	26341
26330	26341
26331	26341
26332	26342
26333	26342
26334	26343
26335	26345
26336	26347
26337	26349
26338	26350
26339	26350
26340	26350
26341	26352
26342	26353
26343	26353
26344	26353
26345	26354
26346	26356
26347	26359
26348	26359
26349	26359
26350	26359
26351	26360
26352	26360
26353	26362
26354	26363
26355	26365
26356	26366
26357	26368
26358	26371
26359	26371
26360	26371
26361	26371
26362	26372
26363	26372
26364	26375
26365	26376
26366	26377
26367	26377
26368	26379
26369	26380
26370	26380
26371	26381
26372	26381
26373	26383
26374	26384
26375	26384
26376	26385
26377	26385
26378	26385
26379	26387
26380	26388
26381	26390
26382	26391
26383	26393
26384	26396
26385	26396
26386	26396
26387	26396
26388	26397
26389	26397
26390	26399
26391	26401
26392	26402
26393	26402
26394	26402
26395	26403
26396	26404
26397	26404
26398	26405
26399	26407
26400	26410
26401	26412
26402	26413
26403	26413
26404	26414
26405	26414
26406	26416
26407	26417
26408	26417
26409	26418
26410	26418
26411	26420
26412	26421
26413	26421
26414	26422
26415	26422
26416	26423
26417	26425
26418	26426
26419	26426
26420	26429
26421	26429
26422	26429
26423	26429
26424	26430
26425	26432
26426	26433
26427	26435
26428	26436
26429	26438
26430	26441
26431	26441
26432	26441
26433	26441
26434	26442
26435	26442
26436	26445
26437	26447
26438	26448
26439	26448
26440	26449
26441	26449
26442	26451
26443	26452
26444	26452
26445	26453
26446	26453
26447	26455
26448	26456
26449	26456
26450	26457
26451	26457
26452	26460
26453	26462
26454	26463
26455	26465
26456	26467
26457	26467
26458	26467
26459	26468
26460	26468
26461	26469
26462	26471
26463	26473
26464	26473
26465	26473
26466	26474
26467	26474
26468	26476
26469	26477
26470	26479
26471	26480
26472	26480
26473	26482
26474	26482
26475	26482
26476	26483
26477	26485
26478	26488
26479	26488
26480	26488
26481	26488
26482	26489
26483	26489
26484	26491
26485	26492
26486	26494
26487	26495
26488	26495
26489	26498
26490	26498
26491	26498
26492	26498
26493	26498
26494	26499
26495	26501
26496	26504
26497	26506
26498	26507
26499	26509
26500	26512
26501	26514
26502	26515
26503	26517
26504	26520
26505	26520
26506	26520
26507	26520
26508	26521
26509	26521
26510	26522
26511	26524
26512	26527
26513	26527
26514	26527
26515	26527
26516	26528
26517	26528
26518	26530
26519	26531
26520	26533
26521	26534
26522	26534
26523	26537
26524	26537
26525	26537
26526	26537
26527	26538
26528	26540
26529	26543
26530	26543
26531	26543
26532	26543
26533	26544
26534	26544
26535	26546
26536	26547
26537	26549
26538	26550
26539	26550
26540	26553
26541	26553
26542	26553
26543	26553
26544	26554
26545	26556
26546	26557
26547	26557
26548	26560
26549	26560
26550	26560
26551	26560
26552	26561
26553	26563
26554	26566
26555	26568
26556	26569
26557	26569
26558	26570
26559	26570
26560	26572
26561	26573
26562	26573
26563	26573
26564	26575
26565	26576
26566	26576
26567	26577
26568	26577
26569	26578
26570	26580
26571	26581
26572	26581
26573	26584
26574	26584
26575	26584
26576	26584
26577	26585
26578	26587
26579	26590
26580	26592
26581	26593
26582	26595
26583	26598
26584	26598
26585	26598
26586	26598
26587	26599
26588	26599
26589	26599
26590	26601
26591	26602
26592	26604
26593	26605
26594	26605
26595	26608
26596	26608
26597	26608
26598	26608
26599	26609
26600	26611
26601	26614
26602	26614
26603	26614
26604	26614
26605	26615
26606	26615
26607	26617
26608	26618
26609	26620
26610	26621
26611	26621
26612	26624
26613	26624
26614	26624
26615	26624
26616	26625
26617	26627
26618	26628
26619	26628
26620	26631
26621	26631
26622	26631
26623	26631
26624	26632
26625	26634
26626	26637
26627	26639
26628	26640
26629	26640
26630	26641
26631	26641
26632	26643
26633	26644
26634	26644
26635	26645
26636	26645
26637	26647
26638	26648
26639	26648
26640	26648
26641	26649
26642	26651
26643	26652
26644	26652
26645	26655
26646	26655
26647	26655
26648	26655
26649	26657
26650	26658
26651	26660
26652	26661
26653	26663
26654	26666
26655	26668
26656	26669
26657	26669
26658	26670
26659	26670
26660	26672
26661	26673
26662	26673
26663	26674
26664	26674
26665	26676
26666	26677
26667	26677
26668	26678
26669	26678
26670	26679
26671	26681
26672	26684
26673	26684
26674	26684
26675	26684
26676	26685
26677	26685
26678	26688
26679	26689
26680	26690
26681	26692
26682	26695
26683	26695
26684	26695
26685	26695
26686	26696
26687	26696
26688	26698
26689	26699
26690	26701
26691	26702
26692	26702
26693	26704
26694	26704
26695	26704
26696	26705
26697	26707
26698	26710
26699	26710
26700	26710
26701	26710
26702	26711
26703	26711
26704	26713
26705	26714
26706	26716
26707	26717
26708	26717
26709	26720
26710	26720
26711	26720
26712	26720
26713	26721
26714	26723
26715	26724
26716	26724
26717	26727
26718	26727
26719	26727
26720	26727
26721	26728
26722	26730
26723	26733
26724	26735
26725	26736
26726	26738
26727	26741
26728	26741
26729	26741
26730	26741
26731	26742
26732	26742
26733	26743
26734	26744
26735	26745
26736	26745
26737	26747
26738	26748
26739	26750
26740	26751
26741	26751
26742	26754
26743	26754
26744	26754
26745	26754
26746	26755
26747	26757
26748	26760
26749	26760
26750	26760
26751	26760
26752	26761
26753	26761
26754	26763
26755	26764
26756	26766
26757	26767
26758	26767
26759	26770
26760	26770
26761	26770
26762	26770
26763	26771
26764	26773
26765	26776
26766	26776
26767	26776
26768	26776
26769	26777
26770	26777
26771	26778
26772	26780
26773	26781
26774	26783
26775	26784
26776	26784
26777	26787
26778	26787
26779	26787
26780	26787
26781	26790
26782	26792
26783	26793
26784	26793
26785	26794
26786	26794
26787	26796
26788	26797
26789	26797
26790	26798
26791	26798
26792	26800
26793	26801
26794	26801
26795	26801
26796	26803
26797	26804
26798	26806
26799	26807
26800	26809
26801	26810
26802	26812
26803	26815
26804	26815
26805	26815
26806	26815
26807	26816
26808	26816
26809	26819
26810	26821
26811	26822
26812	26822
26813	26823
26814	26823
26815	26825
26816	26826
26817	26826
26818	26827
26819	26827
26820	26829
26821	26830
26822	26830
26823	26831
26824	26831
26825	26834
26826	26836
26827	26837
26828	26839
26829	26841
26830	26841
26831	26841
26832	26842
26833	26842
26834	26843
26835	26844
26836	26845
26837	26845
26838	26847
26839	26848
26840	26850
26841	26851
26842	26851
26843	26854
26844	26854
26845	26854
26846	26854
26847	26855
26848	26857
26849	26860
26850	26860
26851	26860
26852	26860
26853	26861
26854	26861
26855	26862
26856	26863
26857	26865
26858	26866
26859	26866
26860	26869
26861	26869
26862	26869
26863	26869
26864	26870
26865	26872
26866	26873
26867	26875
26868	26876
26869	26878
26870	26881
26871	26881
26872	26881
26873	26881
26874	26882
26875	26882
26876	26885
26877	26887
26878	26888
26879	26888
26880	26889
26881	26889
26882	26891
26883	26892
26884	26892
26885	26893
26886	26893
26887	26895
26888	26896
26889	26896
26890	26897
26891	26897
26892	26900
26893	26902
26894	26903
26895	26904
26896	26905
26897	26905
26898	26906
26899	26908
26900	26910
26901	26910
26902	26910
26903	26911
26904	26911
26905	26913
26906	26914
26907	26915
26908	26916
26909	26916
26910	26917
26911	26919
26912	26922
26913	26922
26914	26922
26915	26922
26916	26923
26917	26923
26918	26925
26919	26926
26920	26928
26921	26929
26922	26929
26923	26932
26924	26932
26925	26932
26926	26932
26927	26933
26928	26935
26929	26936
26930	26936
26931	26939
26932	26939
26933	26939
26934	26939
26935	26940
26936	26942
26937	26945
26938	26947
26939	26948
26940	26950
26941	26952
26942	26954
26943	26954
26944	26955
26945	26955
26946	26957
26947	26958
26948	26958
26949	26958
26950	26959
26951	26961
26952	26964
26953	26964
26954	26964
26955	26964
26956	26965
26957	26965
26958	26966
26959	26968
26960	26971
26961	26973
26962	26974
26963	26974
26964	26975
26965	26975
26966	26977
26967	26978
26968	26978
26969	26979
26970	26979
26971	26981
26972	26982
26973	26982
26974	26983
26975	26983
26976	26984
26977	26986
26978	26989
26979	26989
26980	26989
26981	26989
26982	26990
26983	26990
26984	26992
26985	26993
26986	26995
26987	26996
26988	26998
26989	27001
26990	27001
26991	27001
26992	27001
26993	27002
26994	27002
26995	27004
26996	27005
26997	27006
26998	27006
26999	27008
27000	27009
27001	27009
27002	27009
27003	27010
27004	27012
27005	27015
27006	27017
27007	27018
27008	27018
27009	27019
27010	27019
27011	27021
27012	27022
27013	27022
27014	27023
27015	27023
27016	27025
27017	27026
27018	27026
27019	27027
27020	27027
27021	27028
27022	27030
27023	27031
27024	27031
27025	27034
27026	27034
27027	27034
27028	27034
27029	27036
27030	27037
27031	27039
27032	27040
27033	27042
27034	27045
27035	27045
27036	27045
27037	27045
27038	27046
27039	27046
27040	27049
27041	27051
27042	27052
27043	27052
27044	27053
27045	27053
27046	27054
27047	27055
27048	27055
27049	27057
27050	27058
27051	27058
27052	27059
27053	27059
27054	27059
27055	27060
27056	27062
27057	27063
27058	27065
27059	27066
27060	27068
27061	27071
27062	27071
27063	27071
27064	27071
27065	27072
27066	27072
27067	27075
27068	27077
27069	27078
27070	27078
27071	27079
27072	27079
27073	27081
27074	27082
27075	27082
27076	27083
27077	27083
27078	27085
27079	27086
27080	27086
27081	27087
27082	27087
27083	27090
27084	27092
27085	27093
27086	27095
27087	27097
27088	27097
27089	27097
27090	27098
27091	27098
27092	27099
27093	27101
27094	27103
27095	27103
27096	27103
27097	27104
27098	27104
27099	27106
27100	27107
27101	27109
27102	27110
27103	27110
27104	27112
27105	27112
27106	27112
27107	27113
27108	27115
27109	27118
27110	27118
27111	27118
27112	27118
27113	27119
27114	27119
27115	27121
27116	27121
27117	27122
27118	27124
27119	27125
27120	27125
27121	27128
27122	27128
27123	27128
27124	27128
27125	27130
27126	27131
27127	27133
27128	27134
27129	27136
27130	27139
27131	27141
27132	27142
27133	27144
27134	27146
27135	27148
27136	27149
27137	27149
27138	27150
27139	27150
27140	27152
27141	27153
27142	27153
27143	27154
27144	27154
27145	27155
27146	27157
27147	27160
27148	27160
27149	27160
27150	27160
27151	27161
27152	27161
27153	27162
27154	27164
27155	27167
27156	27169
27157	27170
27158	27170
27159	27171
27160	27171
27161	27173
27162	27174
27163	27174
27164	27175
27165	27175
27166	27177
27167	27178
27168	27178
27169	27179
27170	27179
27171	27180
27172	27182
27173	27185
27174	27185
27175	27185
27176	27185
27177	27186
27178	27186
27179	27188
27180	27189
27181	27191
27182	27192
27183	27194
27184	27197
27185	27197
27186	27197
27187	27197
27188	27198
27189	27198
27190	27201
27191	27203
27192	27204
27193	27204
27194	27205
27195	27205
27196	27206
27197	27207
27198	27207
27199	27209
27200	27210
27201	27210
27202	27211
27203	27211
27204	27212
27205	27214
27206	27217
27207	27219
27208	27220
27209	27220
27210	27221
27211	27221
27212	27222
27213	27223
27214	27223
27215	27225
27216	27226
27217	27226
27218	27227
27219	27227
27220	27228
27221	27230
27222	27231
27223	27231
27224	27234
27225	27234
27226	27234
27227	27234
27228	27236
27229	27237
27230	27239
27231	27240
27232	27242
27233	27243
27234	27243
27235	27246
27236	27246
27237	27246
27238	27246
27239	27249
27240	27251
27241	27252
27242	27252
27243	27253
27244	27253
27245	27255
27246	27256
27247	27256
27248	27257
27249	27257
27250	27259
27251	27260
27252	27260
27253	27261
27254	27261
27255	27262
27256	27264
27257	27265
27258	27267
27259	27268
27260	27268
27261	27271
27262	27271
27263	27271
27264	27271
27265	27274
27266	27276
27267	27277
27268	27277
27269	27278
27270	27278
27271	27280
27272	27280
27273	27281
27274	27281
27275	27282
27276	27283
27277	27283
27278	27284
27279	27286
27280	27289
27281	27291
27282	27292
27283	27294
27284	27297
27285	27297
27286	27297
27287	27297
27288	27298
27289	27298
27290	27299
27291	27301
27292	27303
27293	27303
27294	27303
27295	27304
27296	27304
27297	27306
27298	27307
27299	27309
27300	27310
27301	27310
27302	27313
27303	27313
27304	27313
27305	27313
27306	27313
27307	27315
27308	27316
27309	27318
27310	27319
27311	27319
27312	27321
27313	27321
27314	27321
27315	27322
27316	27324
27317	27327
27318	27327
27319	27327
27320	27327
27321	27328
27322	27328
27323	27329
27324	27331
27325	27332
27326	27334
27327	27335
27328	27335
27329	27337
27330	27337
27331	27337
27332	27340
27333	27342
27334	27343
27335	27343
27336	27344
27337	27344
27338	27346
27339	27347
27340	27347
27341	27348
27342	27348
27343	27350
27344	27351
27345	27351
27346	27351
27347	27354
27348	27356
27349	27357
27350	27359
27351	27360
27352	27362
27353	27365
27354	27367
27355	27368
27356	27368
27357	27369
27358	27369
27359	27371
27360	27372
27361	27372
27362	27373
27363	27373
27364	27375
27365	27376
27366	27376
27367	27377
27368	27377
27369	27378
27370	27380
27371	27383
27372	27383
27373	27383
27374	27383
27375	27384
27376	27384
27377	27386
27378	27388
27379	27389
27380	27391
27381	27392
27382	27392
27383	27394
27384	27394
27385	27394
27386	27395
27387	27397
27388	27398
27389	27398
27390	27399
27391	27399
27392	27401
27393	27402
27394	27404
27395	27405
27396	27405
27397	27408
27398	27408
27399	27408
27400	27408
27401	27409
27402	27411
27403	27412
27404	27412
27405	27414
27406	27414
27407	27414
27408	27415
27409	27417
27410	27420
27411	27422
27412	27423
27413	27425
27414	27428
27415	27428
27416	27428
27417	27428
27418	27429
27419	27429
27420	27430
27421	27431
27422	27432
27423	27432
27424	27434
27425	27435
27426	27437
27427	27438
27428	27438
27429	27441
27430	27441
27431	27441
27432	27441
27433	27442
27434	27443
27435	27444
27436	27444
27437	27445
27438	27446
27439	27448
27440	27451
27441	27451
27442	27451
27443	27451
27444	27452
27445	27452
27446	27453
27447	27455
27448	27456
27449	27458
27450	27459
27451	27459
27452	27462
27453	27462
27454	27462
27455	27462
27456	27465
27457	27467
27458	27468
27459	27468
27460	27469
27461	27469
27462	27471
27463	27472
27464	27472
27465	27473
27466	27473
27467	27475
27468	27476
27469	27476
27470	27476
27471	27477
27472	27478
27473	27480
27474	27483
27475	27485
27476	27485
27477	27486
27478	27488
27479	27491
27480	27491
27481	27491
27482	27491
27483	27492
27484	27492
27485	27494
27486	27495
27487	27496
27488	27497
27489	27497
27490	27498
27491	27500
27492	27503
27493	27503
27494	27503
27495	27503
27496	27504
27497	27504
27498	27506
27499	27507
27500	27509
27501	27510
27502	27510
27503	27513
27504	27513
27505	27513
27506	27513
27507	27514
27508	27515
27509	27516
27510	27516
27511	27517
27512	27519
27513	27520
27514	27522
27515	27523
27516	27523
27517	27526
27518	27526
27519	27526
27520	27526
27521	27529
27522	27531
27523	27532
27524	27532
27525	27533
27526	27533
27527	27535
27528	27536
27529	27536
27530	27537
27531	27537
27532	27539
27533	27539
27534	27540
27535	27540
27536	27542
27537	27543
27538	27545
27539	27546
27540	27548
27541	27549
27542	27551
27543	27554
27544	27554
27545	27554
27546	27554
27547	27555
27548	27555
27549	27558
27550	27560
27551	27561
27552	27561
27553	27562
27554	27562
27555	27564
27556	27565
27557	27565
27558	27566
27559	27566
27560	27568
27561	27569
27562	27569
27563	27570
27564	27570
27565	27573
27566	27575
27567	27576
27568	27578
27569	27580
27570	27580
27571	27580
27572	27581
27573	27581
27574	27582
27575	27583
27576	27584
27577	27584
27578	27585
27579	27586
27580	27588
27581	27591
27582	27591
27583	27591
27584	27591
27585	27592
27586	27592
27587	27593
27588	27594
27589	27596
27590	27597
27591	27597
27592	27600
27593	27600
27594	27600
27595	27600
27596	27601
27597	27603
27598	27604
27599	27606
27600	27607
27601	27609
27602	27612
27603	27612
27604	27612
27605	27612
27606	27613
27607	27613
27608	27616
27609	27618
27610	27619
27611	27619
27612	27620
27613	27620
27614	27622
27615	27623
27616	27623
27617	27624
27618	27624
27619	27626
27620	27627
27621	27627
27622	27628
27623	27628
27624	27631
27625	27633
27626	27633
27627	27634
27628	27636
27629	27638
27630	27638
27631	27638
27632	27639
27633	27639
27634	27641
27635	27642
27636	27643
27637	27644
27638	27644
27639	27645
27640	27647
27641	27650
27642	27650
27643	27650
27644	27650
27645	27651
27646	27651
27647	27652
27648	27653
27649	27655
27650	27656
27651	27656
27652	27659
27653	27659
27654	27659
27655	27659
27656	27660
27657	27662
27658	27665
27659	27667
27660	27668
27661	27669
27662	27670
27663	27672
27664	27675
27665	27677
27666	27678
27667	27678
27668	27679
27669	27679
27670	27680
27671	27681
27672	27681
27673	27683
27674	27684
27675	27684
27676	27685
27677	27685
27678	27686
27679	27688
27680	27689
27681	27689
27682	27692
27683	27692
27684	27692
27685	27692
27686	27693
27687	27695
27688	27698
27689	27700
27690	27701
27691	27703
27692	27706
27693	27706
27694	27706
27695	27706
27696	27707
27697	27707
27698	27708
27699	27710
27700	27713
27701	27713
27702	27713
27703	27713
27704	27714
27705	27714
27706	27716
27707	27717
27708	27719
27709	27720
27710	27720
27711	27723
27712	27723
27713	27723
27714	27723
27715	27724
27716	27726
27717	27729
27718	27729
27719	27729
27720	27729
27721	27730
27722	27730
27723	27732
27724	27733
27725	27735
27726	27735
27727	27738
27728	27738
27729	27738
27730	27738
27731	27739
27732	27741
27733	27741
27734	27744
27735	27744
27736	27744
27737	27744
27738	27745
27739	27747
27740	27750
27741	27752
27742	27753
27743	27753
27744	27754
27745	27754
27746	27756
27747	27757
27748	27757
27749	27758
27750	27758
27751	27760
27752	27761
27753	27761
27754	27761
27755	27762
27756	27764
27757	27765
27758	27765
27759	27768
27760	27768
27761	27768
27762	27768
27763	27770
27764	27771
27765	27773
27766	27774
27767	27776
27768	27779
27769	27781
27770	27782
27771	27782
27772	27783
27773	27783
27774	27785
27775	27786
27776	27786
27777	27787
27778	27787
27779	27789
27780	27790
27781	27790
27782	27791
27783	27791
27784	27792
27785	27794
27786	27797
27787	27797
27788	27797
27789	27797
27790	27798
27791	27798
27792	27801
27793	27802
27794	27803
27795	27805
27796	27808
27797	27808
27798	27808
27799	27808
27800	27809
27801	27809
27802	27811
27803	27812
27804	27814
27805	27815
27806	27815
27807	27817
27808	27817
27809	27817
27810	27818
27811	27819
27812	27820
27813	27820
27814	27822
27815	27823
27816	27825
27817	27826
27818	27826
27819	27829
27820	27829
27821	27829
27822	27829
27823	27830
27824	27831
27825	27832
27826	27832
27827	27833
27828	27835
27829	27838
27830	27840
27831	27841
27832	27843
27833	27846
27834	27846
27835	27846
27836	27846
27837	27847
27838	27847
27839	27848
27840	27849
27841	27850
27842	27850
27843	27852
27844	27853
27845	27855
27846	27856
27847	27856
27848	27859
27849	27859
27850	27859
27851	27859
27852	27860
27853	27862
27854	27865
27855	27865
27856	27865
27857	27865
27858	27866
27859	27866
27860	27868
27861	27869
27862	27871
27863	27872
27864	27872
27865	27875
27866	27875
27867	27875
27868	27875
27869	27876
27870	27878
27871	27881
27872	27881
27873	27881
27874	27881
27875	27882
27876	27882
27877	27883
27878	27885
27879	27886
27880	27888
27881	27889
27882	27889
27883	27892
27884	27892
27885	27892
27886	27892
27887	27895
27888	27897
27889	27898
27890	27898
27891	27899
27892	27899
27893	27901
27894	27902
27895	27902
27896	27903
27897	27903
27898	27905
27899	27906
27900	27906
27901	27906
27902	27908
27903	27909
27904	27911
27905	27912
27906	27914
27907	27917
27908	27919
27909	27920
27910	27920
27911	27921
27912	27921
27913	27923
27914	27924
27915	27924
27916	27925
27917	27925
27918	27927
27919	27928
27920	27928
27921	27929
27922	27929
27923	27930
27924	27932
27925	27935
27926	27935
27927	27935
27928	27935
27929	27936
27930	27936
27931	27939
27932	27941
27933	27942
27934	27944
27935	27945
27936	27945
27937	27947
27938	27947
27939	27947
27940	27948
27941	27949
27942	27950
27943	27950
27944	27951
27945	27952
27946	27954
27947	27957
27948	27957
27949	27957
27950	27957
27951	27958
27952	27958
27953	27960
27954	27961
27955	27963
27956	27964
27957	27964
27958	27967
27959	27967
27960	27967
27961	27967
27962	27968
27963	27970
27964	27971
27965	27971
27966	27974
27967	27974
27968	27974
27969	27974
27970	27975
27971	27977
27972	27980
27973	27981
27974	27982
27975	27984
27976	27987
27977	27987
27978	27987
27979	27987
27980	27988
27981	27988
27982	27990
27983	27991
27984	27992
27985	27993
27986	27993
27987	27994
27988	27996
27989	27999
27990	27999
27991	27999
27992	27999
27993	28000
27994	28000
27995	28002
27996	28003
27997	28005
27998	28006
27999	28006
28000	28009
28001	28009
28002	28009
28003	28009
28004	28009
28005	28010
28006	28012
28007	28013
28008	28015
28009	28016
28010	28016
28011	28019
28012	28019
28013	28019
28014	28019
28015	28022
28016	28024
28017	28025
28018	28025
28019	28026
28020	28026
28021	28028
28022	28029
28023	28029
28024	28030
28025	28030
28026	28032
28027	28032
28028	28033
28029	28033
28030	28034
28031	28036
28032	28037
28033	28039
28034	28040
28035	28042
28036	28045
28037	28047
28038	28048
28039	28048
28040	28049
28041	28049
28042	28051
28043	28052
28044	28052
28045	28053
28046	28053
28047	28055
28048	28056
28049	28056
28050	28057
28051	28057
28052	28058
28053	28060
28054	28063
28055	28063
28056	28063
28057	28063
28058	28064
28059	28064
28060	28067
28061	28069
28062	28070
28063	28072
28064	28073
28065	28073
28066	28076
28067	28076
28068	28076
28069	28076
28070	28077
28071	28079
28072	28082
28073	28082
28074	28082
28075	28082
28076	28083
28077	28083
28078	28085
28079	28086
28080	28088
28081	28089
28082	28089
28083	28091
28084	28091
28085	28091
28086	28092
28087	28094
28088	28097
28089	28097
28090	28097
28091	28097
28092	28098
28093	28098
28094	28100
28095	28101
28096	28103
28097	28104
28098	28104
28099	28107
28100	28107
28101	28107
28102	28107
28103	28108
28104	28110
28105	28111
28106	28111
28107	28114
28108	28114
28109	28114
28110	28114
28111	28117
28112	28119
28113	28120
28114	28122
28115	28124
28116	28126
28117	28127
28118	28127
28119	28128
28120	28128
28121	28130
28122	28131
28123	28131
28124	28132
28125	28132
28126	28133
28127	28135
28128	28138
28129	28138
28130	28138
28131	28138
28132	28138
28133	28139
28134	28141
28135	28143
28136	28145
28137	28146
28138	28146
28139	28146
28140	28148
28141	28148
28142	28149
28143	28149
28144	28150
28145	28152
28146	28155
28147	28155
28148	28155
28149	28155
28150	28156
28151	28156
28152	28158
28153	28159
28154	28161
28155	28162
28156	28164
28157	28167
28158	28167
28159	28167
28160	28167
28161	28168
28162	28168
28163	28170
28164	28171
28165	28172
28166	28172
28167	28174
28168	28174
28169	28175
28170	28175
28171	28176
28172	28178
28173	28181
28174	28183
28175	28184
28176	28184
28177	28185
28178	28185
28179	28187
28180	28187
28181	28188
28182	28188
28183	28190
28184	28191
28185	28191
28186	28192
28187	28192
28188	28193
28189	28195
28190	28196
28191	28196
28192	28199
28193	28199
28194	28199
28195	28199
28196	28201
28197	28201
28198	28202
28199	28204
28200	28205
28201	28207
28202	28208
28203	28208
28204	28211
28205	28211
28206	28211
28207	28211
28208	28214
28209	28216
28210	28217
28211	28217
28212	28218
28213	28218
28214	28220
28215	28220
28216	28221
28217	28221
28218	28222
28219	28223
28220	28223
28221	28225
28222	28226
28223	28228
28224	28229
28225	28231
28226	28232
28227	28234
28228	28237
28229	28239
28230	28240
28231	28242
28232	28245
28233	28245
28234	28245
28235	28245
28236	28246
28237	28246
28238	28247
28239	28249
28240	28252
28241	28252
28242	28252
28243	28252
28244	28253
28245	28253
28246	28255
28247	28256
28248	28258
28249	28259
28250	28259
28251	28262
28252	28262
28253	28262
28254	28262
28255	28263
28256	28265
28257	28268
28258	28268
28259	28268
28260	28268
28261	28269
28262	28269
28263	28271
28264	28272
28265	28274
28266	28275
28267	28275
28268	28278
28269	28278
28270	28278
28271	28278
28272	28279
28273	28281
28274	28282
28275	28282
28276	28285
28277	28285
28278	28285
28279	28285
28280	28286
28281	28288
28282	28291
28283	28293
28284	28294
28285	28294
28286	28295
28287	28295
28288	28297
28289	28298
28290	28298
28291	28299
28292	28299
28293	28301
28294	28302
28295	28302
28296	28302
28297	28303
28298	28305
28299	28306
28300	28306
28301	28309
28302	28309
28303	28309
28304	28309
28305	28312
28306	28314
28307	28315
28308	28317
28309	28318
28310	28320
28311	28323
28312	28323
28313	28323
28314	28323
28315	28324
28316	28324
28317	28327
28318	28328
28319	28329
28320	28329
28321	28331
28322	28332
28323	28332
28324	28333
28325	28333
28326	28335
28327	28336
28328	28336
28329	28337
28330	28337
28331	28338
28332	28340
28333	28343
28334	28345
28335	28346
28336	28346
28337	28346
28338	28348
28339	28349
28340	28349
28341	28350
28342	28350
28343	28352
28344	28353
28345	28353
28346	28354
28347	28354
28348	28355
28349	28357
28350	28358
28351	28358
28352	28361
28353	28361
28354	28361
28355	28361
28356	28363
28357	28364
28358	28366
28359	28367
28360	28369
28361	28372
28362	28372
28363	28372
28364	28372
28365	28372
28366	28374
28367	28376
28368	28377
28369	28377
28370	28378
28371	28378
28372	28380
28373	28381
28374	28381
28375	28382
28376	28382
28377	28383
28378	28385
28379	28388
28380	28390
28381	28391
28382	28391
28383	28391
28384	28393
28385	28394
28386	28394
28387	28395
28388	28395
28389	28397
28390	28398
28391	28398
28392	28399
28393	28399
28394	28400
28395	28402
28396	28403
28397	28403
28398	28406
28399	28406
28400	28406
28401	28406
28402	28408
28403	28409
28404	28411
28405	28412
28406	28414
28407	28415
28408	28415
28409	28418
28410	28418
28411	28418
28412	28418
28413	28421
28414	28423
28415	28424
28416	28424
28417	28424
28418	28426
28419	28427
28420	28427
28421	28428
28422	28428
28423	28429
28424	28430
28425	28430
28426	28431
28427	28433
28428	28434
28429	28436
28430	28437
28431	28437
28432	28440
28433	28440
28434	28440
28435	28440
28436	28443
28437	28445
28438	28446
28439	28446
28440	28447
28441	28447
28442	28449
28443	28450
28444	28450
28445	28451
28446	28451
28447	28452
28448	28453
28449	28453
28450	28456
28451	28458
28452	28459
28453	28461
28454	28463
28455	28465
28456	28466
28457	28468
28458	28469
28459	28469
28460	28472
28461	28472
28462	28472
28463	28472
28464	28473
28465	28475
28466	28477
28467	28477
28468	28477
28469	28478
28470	28478
28471	28480
28472	28481
28473	28483
28474	28484
28475	28484
28476	28487
28477	28487
28478	28487
28479	28487
28480	28488
28481	28490
28482	28491
28483	28491
28484	28493
28485	28493
28486	28493
28487	28494
28488	28496
28489	28499
28490	28501
28491	28502
28492	28502
28493	28503
28494	28503
28495	28505
28496	28506
28497	28506
28498	28506
28499	28508
28500	28509
28501	28509
28502	28510
28503	28510
28504	28511
28505	28513
28506	28513
28507	28516
28508	28516
28509	28516
28510	28516
28511	28517
28512	28518
28513	28519
28514	28521
28515	28524
28516	28526
28517	28527
28518	28527
28519	28528
28520	28528
28521	28530
28522	28531
28523	28531
28524	28531
28525	28533
28526	28534
28527	28534
28528	28534
28529	28535
28530	28537
28531	28538
28532	28538
28533	28541
28534	28541
28535	28541
28536	28541
28537	28543
28538	28544
28539	28545
28540	28546
28541	28548
28542	28551
28543	28552
28544	28553
28545	28553
28546	28555
28547	28556
28548	28556
28549	28557
28550	28557
28551	28559
28552	28560
28553	28560
28554	28561
28555	28561
28556	28562
28557	28564
28558	28567
28559	28567
28560	28567
28561	28567
28562	28568
28563	28568
28564	28569
28565	28571
28566	28574
28567	28576
28568	28577
28569	28578
28570	28579
28571	28579
28572	28580
28573	28582
28574	28585
28575	28585
28576	28585
28577	28585
28578	28586
28579	28586
28580	28588
28581	28588
28582	28589
28583	28591
28584	28594
28585	28594
28586	28594
28587	28594
28588	28594
28589	28596
28590	28597
28591	28599
28592	28600
28593	28600
28594	28603
28595	28603
28596	28603
28597	28603
28598	28604
28599	28606
28600	28608
28601	28608
28602	28608
28603	28609
28604	28609
28605	28610
28606	28612
28607	28613
28608	28615
28609	28616
28610	28616
28611	28619
28612	28619
28613	28619
28614	28619
28615	28622
28616	28624
28617	28625
28618	28625
28619	28626
28620	28626
28621	28628
28622	28629
28623	28629
28624	28630
28625	28630
28626	28632
28627	28632
28628	28633
28629	28633
28630	28635
28631	28636
28632	28638
28633	28639
28634	28641
28635	28642
28636	28644
28637	28647
28638	28647
28639	28647
28640	28647
28641	28648
28642	28648
28643	28651
28644	28653
28645	28654
28646	28654
28647	28655
28648	28655
28649	28657
28650	28658
28651	28658
28652	28659
28653	28659
28654	28661
28655	28662
28656	28662
28657	28663
28658	28663
28659	28666
28660	28667
28661	28668
28662	28670
28663	28672
28664	28672
28665	28672
28666	28673
28667	28673
28668	28674
28669	28675
28670	28677
28671	28680
28672	28680
28673	28680
28674	28680
28675	28681
28676	28681
28677	28682
28678	28683
28679	28685
28680	28686
28681	28686
28682	28689
28683	28689
28684	28689
28685	28689
28686	28690
28687	28692
28688	28693
28689	28695
28690	28696
28691	28698
28692	28701
28693	28701
28694	28701
28695	28701
28696	28702
28697	28702
28698	28705
28699	28707
28700	28708
28701	28708
28702	28709
28703	28709
28704	28711
28705	28712
28706	28712
28707	28713
28708	28713
28709	28715
28710	28716
28711	28716
28712	28717
28713	28717
28714	28720
28715	28722
28716	28723
28717	28724
28718	28725
28719	28725
28720	28726
28721	28728
28722	28730
28723	28730
28724	28730
28725	28731
28726	28731
28727	28733
28728	28733
28729	28734
28730	28736
28731	28739
28732	28739
28733	28739
28734	28739
28735	28740
28736	28740
28737	28741
28738	28742
28739	28744
28740	28745
28741	28745
28742	28748
28743	28748
28744	28748
28745	28748
28746	28749
28747	28751
28748	28752
28749	28754
28750	28755
28751	28757
28752	28760
28753	28762
28754	28763
28755	28765
28756	28768
28757	28768
28758	28768
28759	28768
28760	28769
28761	28769
28762	28770
28763	28772
28764	28775
28765	28775
28766	28775
28767	28775
28768	28776
28769	28776
28770	28778
28771	28779
28772	28781
28773	28782
28774	28782
28775	28785
28776	28785
28777	28785
28778	28785
28779	28786
28780	28788
28781	28791
28782	28791
28783	28791
28784	28791
28785	28792
28786	28792
28787	28794
28788	28795
28789	28797
28790	28798
28791	28798
28792	28801
28793	28801
28794	28801
28795	28801
28796	28802
28797	28804
28798	28805
28799	28805
28800	28808
28801	28808
28802	28808
28803	28808
28804	28809
28805	28811
28806	28814
28807	28816
28808	28817
28809	28817
28810	28818
28811	28818
28812	28820
28813	28821
28814	28821
28815	28821
28816	28823
28817	28824
28818	28824
28819	28825
28820	28825
28821	28826
28822	28828
28823	28829
28824	28829
28825	28831
28826	28831
28827	28831
28828	28834
28829	28836
28830	28837
28831	28839
28832	28840
28833	28842
28834	28845
28835	28845
28836	28845
28837	28845
28838	28846
28839	28846
28840	28848
28841	28850
28842	28851
28843	28851
28844	28852
28845	28852
28846	28854
28847	28855
28848	28855
28849	28856
28850	28856
28851	28857
28852	28859
28853	28862
28854	28864
28855	28865
28856	28865
28857	28865
28858	28867
28859	28868
28860	28868
28861	28869
28862	28869
28863	28871
28864	28872
28865	28872
28866	28873
28867	28873
28868	28874
28869	28876
28870	28877
28871	28877
28872	28880
28873	28880
28874	28880
28875	28880
28876	28882
28877	28883
28878	28885
28879	28886
28880	28888
28881	28891
28882	28891
28883	28891
28884	28891
28885	28892
28886	28892
28887	28894
28888	28896
28889	28897
28890	28897
28891	28898
28892	28898
28893	28900
28894	28901
28895	28901
28896	28902
28897	28902
28898	28903
28899	28905
28900	28908
28901	28910
28902	28910
28903	28911
28904	28911
28905	28913
28906	28914
28907	28914
28908	28915
28909	28915
28910	28917
28911	28918
28912	28918
28913	28919
28914	28919
28915	28920
28916	28922
28917	28923
28918	28923
28919	28926
28920	28926
28921	28926
28922	28926
28923	28928
28924	28929
28925	28931
28926	28932
28927	28934
28928	28935
28929	28935
28930	28938
28931	28938
28932	28938
28933	28938
28934	28941
28935	28942
28936	28943
28937	28943
28938	28945
28939	28946
28940	28946
28941	28947
28942	28947
28943	28948
28944	28949
28945	28949
28946	28950
28947	28952
28948	28953
28949	28955
28950	28956
28951	28956
28952	28959
28953	28959
28954	28959
28955	28959
28956	28962
28957	28964
28958	28964
28959	28965
28960	28965
28961	28967
28962	28968
28963	28968
28964	28969
28965	28969
28966	28970
28967	28971
28968	28971
28969	28974
28970	28976
28971	28977
28972	28978
28973	28979
28974	28981
28975	28984
28976	28986
28977	28987
28978	28987
28979	28988
28980	28988
28981	28990
28982	28991
28983	28991
28984	28991
28985	28993
28986	28994
28987	28994
28988	28994
28989	28995
28990	28997
28991	28998
28992	28998
28993	29001
28994	29001
28995	29001
28996	29001
28997	29002
28998	29004
28999	29006
29000	29008
29001	29009
29002	29011
29003	29012
29004	29012
29005	29015
29006	29015
29007	29015
29008	29015
29009	29016
29010	29018
29011	29020
29012	29020
29013	29020
29014	29021
29015	29021
29016	29023
29017	29024
29018	29026
29019	29027
29020	29027
29021	29028
29022	29028
29023	29029
29024	29031
29025	29032
29026	29032
29027	29035
29028	29035
29029	29035
29030	29035
29031	29036
29032	29038
29033	29041
29034	29043
29035	29044
29036	29044
29037	29045
29038	29045
29039	29047
29040	29048
29041	29048
29042	29049
29043	29049
29044	29051
29045	29052
29046	29052
29047	29052
29048	29053
29049	29055
29050	29055
29051	29058
29052	29058
29053	29058
29054	29058
29055	29060
29056	29061
29057	29063
29058	29064
29059	29066
29060	29069
29061	29071
29062	29072
29063	29072
29064	29073
29065	29073
29066	29075
29067	29076
29068	29076
29069	29077
29070	29077
29071	29079
29072	29080
29073	29080
29074	29081
29075	29081
29076	29082
29077	29084
29078	29087
29079	29087
29080	29087
29081	29087
29082	29088
29083	29088
29084	29091
29085	29092
29086	29093
29087	29095
29088	29098
29089	29098
29090	29098
29091	29098
29092	29099
29093	29099
29094	29101
29095	29102
29096	29104
29097	29105
29098	29105
29099	29107
29100	29107
29101	29107
29102	29108
29103	29109
29104	29110
29105	29110
29106	29111
29107	29112
29108	29114
29109	29115
29110	29115
29111	29118
29112	29118
29113	29118
29114	29118
29115	29119
29116	29121
29117	29124
29118	29126
29119	29127
29120	29129
29121	29132
29122	29132
29123	29132
29124	29132
29125	29133
29126	29133
29127	29134
29128	29135
29129	29136
29130	29136
29131	29138
29132	29139
29133	29141
29134	29142
29135	29142
29136	29145
29137	29145
29138	29145
29139	29145
29140	29145
29141	29147
29142	29147
29143	29148
29144	29150
29145	29153
29146	29153
29147	29153
29148	29153
29149	29154
29150	29154
29151	29155
29152	29157
29153	29158
29154	29160
29155	29161
29156	29161
29157	29164
29158	29164
29159	29164
29160	29164
29161	29167
29162	29169
29163	29170
29164	29170
29165	29171
29166	29171
29167	29173
29168	29174
29169	29174
29170	29175
29171	29175
29172	29177
29173	29178
29174	29178
29175	29178
29176	29179
29177	29180
29178	29182
29179	29183
29180	29185
29181	29186
29182	29188
29183	29191
29184	29191
29185	29191
29186	29191
29187	29192
29188	29192
29189	29195
29190	29197
29191	29198
29192	29198
29193	29199
29194	29199
29195	29201
29196	29202
29197	29202
29198	29203
29199	29203
29200	29205
29201	29206
29202	29206
29203	29207
29204	29207
29205	29210
29206	29212
29207	29213
29208	29215
29209	29217
29210	29217
29211	29217
29212	29218
29213	29218
29214	29219
29215	29220
29216	29221
29217	29221
29218	29223
29219	29223
29220	29224
29221	29226
29222	29229
29223	29229
29224	29229
29225	29229
29226	29230
29227	29230
29228	29231
29229	29232
29230	29234
29231	29235
29232	29235
29233	29238
29234	29238
29235	29238
29236	29238
29237	29239
29238	29241
29239	29244
29240	29246
29241	29247
29242	29249
29243	29252
29244	29254
29245	29255
29246	29256
29247	29257
29248	29259
29249	29262
29250	29262
29251	29262
29252	29262
29253	29263
29254	29263
29255	29264
29256	29266
29257	29269
29258	29271
29259	29272
29260	29272
29261	29273
29262	29273
29263	29275
29264	29276
29265	29276
29266	29277
29267	29277
29268	29279
29269	29280
29270	29280
29271	29281
29272	29281
29273	29282
29274	29284
29275	29287
29276	29287
29277	29287
29278	29287
29279	29288
29280	29288
29281	29290
29282	29291
29283	29293
29284	29294
29285	29296
29286	29299
29287	29299
29288	29299
29289	29299
29290	29300
29291	29300
29292	29303
29293	29305
29294	29306
29295	29306
29296	29307
29297	29307
29298	29308
29299	29309
29300	29309
29301	29311
29302	29312
29303	29312
29304	29313
29305	29313
29306	29314
29307	29316
29308	29319
29309	29321
29310	29322
29311	29322
29312	29323
29313	29323
29314	29325
29315	29325
29316	29326
29317	29326
29318	29328
29319	29329
29320	29329
29321	29330
29322	29330
29323	29331
29324	29333
29325	29334
29326	29334
29327	29337
29328	29337
29329	29337
29330	29337
29331	29339
29332	29340
29333	29342
29334	29343
29335	29344
29336	29347
29337	29347
29338	29347
29339	29347
29340	29350
29341	29352
29342	29353
29343	29353
29344	29354
29345	29354
29346	29356
29347	29357
29348	29357
29349	29358
29350	29358
29351	29360
29352	29361
29353	29361
29354	29362
29355	29362
29356	29363
29357	29365
29358	29366
29359	29367
29360	29368
29361	29368
29362	29371
29363	29373
29364	29374
29365	29374
29366	29375
29367	29375
29368	29377
29369	29377
29370	29378
29371	29378
29372	29379
29373	29380
29374	29380
29375	29381
29376	29383
29377	29386
29378	29388
29379	29389
29380	29391
29381	29394
29382	29394
29383	29394
29384	29394
29385	29395
29386	29395
29387	29396
29388	29398
29389	29400
29390	29400
29391	29400
29392	29401
29393	29401
29394	29403
29395	29404
29396	29406
29397	29407
29398	29407
29399	29409
29400	29409
29401	29409
29402	29409
29403	29411
29404	29412
29405	29414
29406	29415
29407	29415
29408	29417
29409	29417
29410	29417
29411	29418
29412	29420
29413	29423
29414	29423
29415	29423
29416	29423
29417	29424
29418	29424
29419	29425
29420	29427
29421	29428
29422	29430
29423	29431
29424	29431
29425	29434
29426	29434
29427	29434
29428	29434
29429	29437
29430	29439
29431	29440
29432	29440
29433	29441
29434	29441
29435	29443
29436	29444
29437	29444
29438	29445
29439	29445
29440	29447
29441	29448
29442	29448
29443	29448
29444	29449
29445	29451
29446	29453
29447	29455
29448	29456
29449	29458
29450	29461
29451	29463
29452	29463
29453	29464
29454	29464
29455	29466
29456	29467
29457	29467
29458	29468
29459	29468
29460	29470
29461	29471
29462	29471
29463	29472
29464	29472
29465	29473
29466	29475
29467	29478
29468	29478
29469	29478
29470	29478
29471	29479
29472	29479
29473	29479
29474	29481
29475	29482
29476	29484
29477	29485
29478	29487
29479	29490
29480	29490
29481	29490
29482	29490
29483	29491
29484	29491
29485	29494
29486	29495
29487	29496
29488	29496
29489	29498
29490	29499
29491	29499
29492	29500
29493	29500
29494	29502
29495	29503
29496	29503
29497	29504
29498	29504
29499	29504
29500	29505
29501	29507
29502	29510
29503	29512
29504	29513
29505	29515
29506	29517
29507	29517
29508	29517
29509	29518
29510	29518
29511	29519
29512	29521
29513	29524
29514	29524
29515	29524
29516	29524
29517	29525
29518	29525
29519	29527
29520	29528
29521	29530
29522	29531
29523	29531
29524	29533
29525	29533
29526	29533
29527	29534
29528	29536
29529	29539
29530	29539
29531	29539
29532	29539
29533	29540
29534	29540
29535	29542
29536	29543
29537	29545
29538	29546
29539	29546
29540	29549
29541	29549
29542	29549
29543	29549
29544	29549
29545	29550
29546	29552
29547	29553
29548	29555
29549	29556
29550	29556
29551	29559
29552	29559
29553	29559
29554	29559
29555	29562
29556	29564
29557	29565
29558	29565
29559	29566
29560	29566
29561	29568
29562	29569
29563	29569
29564	29570
29565	29570
29566	29572
29567	29572
29568	29573
29569	29573
29570	29575
29571	29576
29572	29578
29573	29579
29574	29581
29575	29584
29576	29586
29577	29587
29578	29589
29579	29592
29580	29592
29581	29592
29582	29592
29583	29593
29584	29593
29585	29594
29586	29596
29587	29598
29588	29598
29589	29598
29590	29599
29591	29599
29592	29601
29593	29602
29594	29604
29595	29605
29596	29605
29597	29608
29598	29608
29599	29608
29600	29608
29601	29609
29602	29611
29603	29614
29604	29614
29605	29614
29606	29614
29607	29615
29608	29615
29609	29617
29610	29618
29611	29620
29612	29621
29613	29621
29614	29624
29615	29624
29616	29624
29617	29624
29618	29625
29619	29627
29620	29628
29621	29628
29622	29631
29623	29631
29624	29631
29625	29631
29626	29632
29627	29634
29628	29637
29629	29639
29630	29640
29631	29640
29632	29641
29633	29641
29634	29643
29635	29644
29636	29644
29637	29645
29638	29645
29639	29647
29640	29648
29641	29648
29642	29648
29643	29649
29644	29651
29645	29652
29646	29652
29647	29655
29648	29655
29649	29655
29650	29655
29651	29658
29652	29659
29653	29660
29654	29662
29655	29665
29656	29667
29657	29668
29658	29668
29659	29668
29660	29670
29661	29671
29662	29671
29663	29672
29664	29672
29665	29674
29666	29675
29667	29675
29668	29676
29669	29676
29670	29677
29671	29679
29672	29680
29673	29680
29674	29683
29675	29683
29676	29683
29677	29683
29678	29685
29679	29686
29680	29688
29681	29689
29682	29691
29683	29694
29684	29694
29685	29694
29686	29694
29687	29695
29688	29695
29689	29697
29690	29699
29691	29700
29692	29700
29693	29701
29694	29701
29695	29703
29696	29704
29697	29704
29698	29705
29699	29705
29700	29706
29701	29708
29702	29711
29703	29713
29704	29713
29705	29714
29706	29714
29707	29715
29708	29716
29709	29716
29710	29718
29711	29719
29712	29719
29713	29720
29714	29720
29715	29721
29716	29723
29717	29724
29718	29724
29719	29727
29720	29727
29721	29727
29722	29727
29723	29729
29724	29730
29725	29732
29726	29733
29727	29735
29728	29736
29729	29736
29730	29738
29731	29738
29732	29738
29733	29741
29734	29743
29735	29744
29736	29744
29737	29744
29738	29746
29739	29747
29740	29747
29741	29748
29742	29748
29743	29749
29744	29750
29745	29750
29746	29751
29747	29753
29748	29754
29749	29756
29750	29757
29751	29757
29752	29760
29753	29760
29754	29760
29755	29760
29756	29763
29757	29765
29758	29765
29759	29766
29760	29766
29761	29767
29762	29768
29763	29768
29764	29769
29765	29770
29766	29770
29767	29770
29768	29772
29769	29773
29770	29775
29771	29776
29772	29778
29773	29781
29774	29783
29775	29784
29776	29785
29777	29786
29778	29786
29779	29787
29780	29789
29781	29792
29782	29792
29783	29792
29784	29792
29785	29793
29786	29793
29787	29795
29788	29796
29789	29798
29790	29799
29791	29799
29792	29802
29793	29802
29794	29802
29795	29802
29796	29803
29797	29805
29798	29808
29799	29808
29800	29808
29801	29808
29802	29809
29803	29809
29804	29811
29805	29812
29806	29813
29807	29816
29808	29816
29809	29816
29810	29816
29811	29817
29812	29819
29813	29820
29814	29820
29815	29822
29816	29822
29817	29822
29818	29823
29819	29825
29820	29828
29821	29830
29822	29831
29823	29831
29824	29832
29825	29832
29826	29834
29827	29835
29828	29835
29829	29835
29830	29837
29831	29838
29832	29838
29833	29839
29834	29839
29835	29840
29836	29842
29837	29843
29838	29843
29839	29846
29840	29846
29841	29846
29842	29846
29843	29848
29844	29850
29845	29851
29846	29853
29847	29854
29848	29856
29849	29859
29850	29859
29851	29859
29852	29859
29853	29860
29854	29860
29855	29862
29856	29864
29857	29865
29858	29865
29859	29866
29860	29866
29861	29868
29862	29869
29863	29869
29864	29870
29865	29870
29866	29870
29867	29871
29868	29872
29869	29874
29870	29877
29871	29879
29872	29879
29873	29880
29874	29880
29875	29882
29876	29883
29877	29883
29878	29884
29879	29884
29880	29885
29881	29886
29882	29886
29883	29887
29884	29889
29885	29890
29886	29890
29887	29893
29888	29893
29889	29893
29890	29893
29891	29894
29892	29896
29893	29899
29894	29901
29895	29902
29896	29903
29897	29904
29898	29906
29899	29909
29900	29909
29901	29909
29902	29909
29903	29910
29904	29910
29905	29911
29906	29913
29907	29916
29908	29918
29909	29919
29910	29919
29911	29920
29912	29920
29913	29922
29914	29923
29915	29923
29916	29924
29917	29924
29918	29926
29919	29927
29920	29927
29921	29928
29922	29928
29923	29929
29924	29931
29925	29934
29926	29934
29927	29934
29928	29934
29929	29935
29930	29935
29931	29937
29932	29938
29933	29939
29934	29940
29935	29942
29936	29945
29937	29945
29938	29945
29939	29945
29940	29946
29941	29946
29942	29947
29943	29949
29944	29952
29945	29954
29946	29955
29947	29955
29948	29956
29949	29956
29950	29958
29951	29959
29952	29959
29953	29960
29954	29960
29955	29962
29956	29963
29957	29963
29958	29964
29959	29964
29960	29965
29961	29967
29962	29968
29963	29968
29964	29970
29965	29970
29966	29970
29967	29972
29968	29973
29969	29975
29970	29976
29971	29978
29972	29981
29973	29981
29974	29981
29975	29981
29976	29982
29977	29982
29978	29985
29979	29987
29980	29988
29981	29988
29982	29989
29983	29989
29984	29990
29985	29991
29986	29991
29987	29993
29988	29994
29989	29994
29990	29995
29991	29995
29992	29996
29993	29998
29994	30000
29995	30001
29996	30002
29997	30002
29998	30003
29999	30004
30000	30004
30001	30005
30002	30007
30003	30008
30004	30008
30005	30011
30006	30011
30007	30011
30008	30011
30009	30012
30010	30014
30011	30015
30012	30017
30013	30018
30014	30019
30015	30022
30016	30022
30017	30022
30018	30022
30019	30025
30020	30027
30021	30028
30022	30028
30023	30029
30024	30029
30025	30031
30026	30032
30027	30032
30028	30033
30029	30033
30030	30035
30031	30036
30032	30036
30033	30037
30034	30037
30035	30040
30036	30042
30037	30043
30038	30045
30039	30047
30040	30047
30041	30047
30042	30048
30043	30048
30044	30049
30045	30051
30046	30053
30047	30053
30048	30053
30049	30054
30050	30054
30051	30056
30052	30057
30053	30059
30054	30060
30055	30060
30056	30062
30057	30062
30058	30062
30059	30063
30060	30065
30061	30067
30062	30067
30063	30067
30064	30068
30065	30068
30066	30070
30067	30070
30068	30071
30069	30073
30070	30074
30071	30074
30072	30077
30073	30077
30074	30077
30075	30077
30076	30078
30077	30080
30078	30081
30079	30083
30080	30084
30081	30086
30082	30089
30083	30091
30084	30092
30085	30094
30086	30097
30087	30097
30088	30097
30089	30097
30090	30098
30091	30098
30092	30099
30093	30101
30094	30104
30095	30104
30096	30104
30097	30104
30098	30105
30099	30105
30100	30107
30101	30108
30102	30110
30103	30111
30104	30111
30105	30114
30106	30114
30107	30114
30108	30114
30109	30115
30110	30117
30111	30120
30112	30120
30113	30120
30114	30120
30115	30121
30116	30121
30117	30123
30118	30124
30119	30126
30120	30127
30121	30127
30122	30130
30123	30130
30124	30130
30125	30130
30126	30131
30127	30133
30128	30134
30129	30134
30130	30137
30131	30137
30132	30137
30133	30137
30134	30138
30135	30140
30136	30143
30137	30145
30138	30146
30139	30146
30140	30147
30141	30147
30142	30148
30143	30148
30144	30150
30145	30151
30146	30151
30147	30152
30148	30152
30149	30153
30150	30155
30151	30156
30152	30156
30153	30159
30154	30159
30155	30159
30156	30159
30157	30162
30158	30164
30159	30165
30160	30167
30161	30168
30162	30170
30163	30173
30164	30173
30165	30173
30166	30173
30167	30174
30168	30174
30169	30176
30170	30178
30171	30179
30172	30179
30173	30180
30174	30180
30175	30182
30176	30183
30177	30183
30178	30184
30179	30184
30180	30185
30181	30187
30182	30190
30183	30192
30184	30193
30185	30193
30186	30194
30187	30194
30188	30196
30189	30197
30190	30197
30191	30198
30192	30198
30193	30200
30194	30201
30195	30201
30196	30202
30197	30202
30198	30203
30199	30205
30200	30206
30201	30206
30202	30209
30203	30209
30204	30209
30205	30209
30206	30211
30207	30212
30208	30214
30209	30215
30210	30217
30211	30220
30212	30220
30213	30220
30214	30220
30215	30221
30216	30221
30217	30224
30218	30226
30219	30227
30220	30227
30221	30228
30222	30228
30223	30229
30224	30230
30225	30230
30226	30232
30227	30233
30228	30233
30229	30234
30230	30234
30231	30235
30232	30237
30233	30240
30234	30242
30235	30242
30236	30243
30237	30243
30238	30245
30239	30246
30240	30246
30241	30247
30242	30247
30243	30249
30244	30250
30245	30250
30246	30251
30247	30251
30248	30252
30249	30254
30250	30255
30251	30255
30252	30258
30253	30258
30254	30258
30255	30258
30256	30260
30257	30261
30258	30263
30259	30264
30260	30266
30261	30267
30262	30267
30263	30270
30264	30270
30265	30270
30266	30270
30267	30273
30268	30275
30269	30276
30270	30276
30271	30276
30272	30278
30273	30279
30274	30279
30275	30280
30276	30280
30277	30281
30278	30282
30279	30282
30280	30283
30281	30285
30282	30286
30283	30288
30284	30289
30285	30289
30286	30292
30287	30292
30288	30292
30289	30292
30290	30295
30291	30297
30292	30297
30293	30298
30294	30298
30295	30300
30296	30301
30297	30301
30298	30302
30299	30302
30300	30303
30301	30304
30302	30304
30303	30307
30304	30309
30305	30310
30306	30312
30307	30314
30308	30316
30309	30316
30310	30317
30311	30319
30312	30322
30313	30322
30314	30322
30315	30322
30316	30323
30317	30323
30318	30325
30319	30326
30320	30328
30321	30329
30322	30329
30323	30332
30324	30332
30325	30332
30326	30332
30327	30332
30328	30333
30329	30335
30330	30338
30331	30340
30332	30341
30333	30341
30334	30342
30335	30342
30336	30344
30337	30345
30338	30345
30339	30345
30340	30347
30341	30348
30342	30348
30343	30349
30344	30349
30345	30350
30346	30352
30347	30353
30348	30353
30349	30356
30350	30356
30351	30356
30352	30356
30353	30357
30354	30359
30355	30361
30356	30363
30357	30364
30358	30366
30359	30367
30360	30367
30361	30370
30362	30370
30363	30370
30364	30370
30365	30371
30366	30373
30367	30375
30368	30375
30369	30375
30370	30376
30371	30376
30372	30378
30373	30379
30374	30381
30375	30382
30376	30382
30377	30384
30378	30384
30379	30384
30380	30385
30381	30387
30382	30388
30383	30388
30384	30391
30385	30391
30386	30391
30387	30391
30388	30392
30389	30394
30390	30397
30391	30399
30392	30400
30393	30400
30394	30401
30395	30401
30396	30403
30397	30404
30398	30404
30399	30405
30400	30405
30401	30407
30402	30408
30403	30408
30404	30408
30405	30409
30406	30410
30407	30413
30408	30413
30409	30413
30410	30413
30411	30415
30412	30416
30413	30418
30414	30419
30415	30421
30416	30424
30417	30426
30418	30427
30419	30427
30420	30427
30421	30429
30422	30430
30423	30430
30424	30431
30425	30431
30426	30433
30427	30434
30428	30434
30429	30435
30430	30435
30431	30436
30432	30438
30433	30441
30434	30441
30435	30441
30436	30441
30437	30442
30438	30442
30439	30444
30440	30445
30441	30446
30442	30448
30443	30451
30444	30451
30445	30451
30446	30451
30447	30452
30448	30452
30449	30454
30450	30455
30451	30457
30452	30458
30453	30458
30454	30461
30455	30461
30456	30461
30457	30461
30458	30461
30459	30462
30460	30464
30461	30467
30462	30469
30463	30470
30464	30472
30465	30475
30466	30475
30467	30475
30468	30475
30469	30476
30470	30476
30471	30477
30472	30478
30473	30479
30474	30479
30475	30481
30476	30482
30477	30484
30478	30485
30479	30485
30480	30488
30481	30488
30482	30488
30483	30488
30484	30489
30485	30490
30486	30491
30487	30491
30488	30493
30489	30493
30490	30494
30491	30496
30492	30498
30493	30498
30494	30498
30495	30499
30496	30499
30497	30500
30498	30502
30499	30503
30500	30505
30501	30506
30502	30506
30503	30509
30504	30509
30505	30509
30506	30509
30507	30512
30508	30514
30509	30515
30510	30515
30511	30516
30512	30516
30513	30518
30514	30519
30515	30519
30516	30520
30517	30520
30518	30522
30519	30523
30520	30523
30521	30523
30522	30525
30523	30526
30524	30528
30525	30529
30526	30531
30527	30532
30528	30534
30529	30537
30530	30537
30531	30537
30532	30537
30533	30538
30534	30538
30535	30541
30536	30543
30537	30544
30538	30544
30539	30545
30540	30545
30541	30547
30542	30548
30543	30548
30544	30549
30545	30549
30546	30551
30547	30552
30548	30552
30549	30553
30550	30553
30551	30556
30552	30558
30553	30559
30554	30561
30555	30563
30556	30563
30557	30563
30558	30564
30559	30564
30560	30565
30561	30566
30562	30567
30563	30567
30564	30569
30565	30569
30566	30570
30567	30572
30568	30575
30569	30575
30570	30575
30571	30575
30572	30576
30573	30576
30574	30577
30575	30578
30576	30580
30577	30581
30578	30581
30579	30583
30580	30583
30581	30583
30582	30583
30583	30584
30584	30586
30585	30589
30586	30591
30587	30592
30588	30594
30589	30597
30590	30599
30591	30600
30592	30602
30593	30605
30594	30607
30595	30607
30596	30608
30597	30610
30598	30613
30599	30613
30600	30613
30601	30613
30602	30614
30603	30614
30604	30616
30605	30617
30606	30619
30607	30620
30608	30620
30609	30622
30610	30622
30611	30622
30612	30623
30613	30625
30614	30628
30615	30628
30616	30628
30617	30628
30618	30629
30619	30629
30620	30631
30621	30632
30622	30634
30623	30635
30624	30635
30625	30638
30626	30638
30627	30638
30628	30638
30629	30639
30630	30641
30631	30642
30632	30642
30633	30645
30634	30645
30635	30645
30636	30645
30637	30646
30638	30648
30639	30651
30640	30653
30641	30654
30642	30654
30643	30655
30644	30655
30645	30657
30646	30658
30647	30658
30648	30658
30649	30660
30650	30661
30651	30661
30652	30662
30653	30662
30654	30663
30655	30665
30656	30666
30657	30666
30658	30669
30659	30669
30660	30669
30661	30669
30662	30670
30663	30672
30664	30675
30665	30677
30666	30678
30667	30680
30668	30683
30669	30683
30670	30683
30671	30683
30672	30684
30673	30684
30674	30685
30675	30686
30676	30687
30677	30687
30678	30689
30679	30689
30680	30690
30681	30692
30682	30694
30683	30694
30684	30694
30685	30694
30686	30696
30687	30697
30688	30699
30689	30700
30690	30700
30691	30703
30692	30703
30693	30703
30694	30703
30695	30704
30696	30706
30697	30707
30698	30707
30699	30710
30700	30710
30701	30710
30702	30710
30703	30711
30704	30713
30705	30716
30706	30718
30707	30719
30708	30719
30709	30720
30710	30720
30711	30722
30712	30723
30713	30723
30714	30724
30715	30724
30716	30726
30717	30727
30718	30727
30719	30727
30720	30728
30721	30730
30722	30731
30723	30731
30724	30734
30725	30734
30726	30734
30727	30734
30728	30736
30729	30737
30730	30739
30731	30740
30732	30742
30733	30745
30734	30747
30735	30748
30736	30748
30737	30748
30738	30750
30739	30750
30740	30751
30741	30751
30742	30753
30743	30754
30744	30754
30745	30755
30746	30755
30747	30756
30748	30758
30749	30761
30750	30761
30751	30761
30752	30761
30753	30762
30754	30762
30755	30765
30756	30766
30757	30767
30758	30769
30759	30770
30760	30770
30761	30772
30762	30772
30763	30772
30764	30773
30765	30774
30766	30776
30767	30779
30768	30779
30769	30779
30770	30779
30771	30780
30772	30780
30773	30782
30774	30783
30775	30785
30776	30786
30777	30786
30778	30788
30779	30788
30780	30788
30781	30789
30782	30791
30783	30792
30784	30792
30785	30795
30786	30795
30787	30795
30788	30795
30789	30796
30790	30798
30791	30801
30792	30803
30793	30804
30794	30805
30795	30806
30796	30806
30797	30807
30798	30809
30799	30812
30800	30812
30801	30812
30802	30812
30803	30813
30804	30813
30805	30815
30806	30816
30807	30818
30808	30819
30809	30819
30810	30822
30811	30822
30812	30822
30813	30822
30814	30823
30815	30825
30816	30828
30817	30828
30818	30828
30819	30828
30820	30829
30821	30829
30822	30831
30823	30832
30824	30834
30825	30835
30826	30835
30827	30838
30828	30838
30829	30838
30830	30838
30831	30839
30832	30841
30833	30844
30834	30844
30835	30844
30836	30844
30837	30845
30838	30845
30839	30846
30840	30848
30841	30849
30842	30851
30843	30852
30844	30852
30845	30855
30846	30855
30847	30855
30848	30855
30849	30858
30850	30860
30851	30860
30852	30861
30853	30861
30854	30863
30855	30864
30856	30864
30857	30865
30858	30865
30859	30867
30860	30867
30861	30868
30862	30868
30863	30870
30864	30871
30865	30873
30866	30874
30867	30876
30868	30877
30869	30879
30870	30882
30871	30882
30872	30882
30873	30882
30874	30883
30875	30883
30876	30886
30877	30888
30878	30889
30879	30889
30880	30890
30881	30890
30882	30892
30883	30893
30884	30893
30885	30894
30886	30894
30887	30896
30888	30897
30889	30897
30890	30898
30891	30898
30892	30901
30893	30903
30894	30904
30895	30906
30896	30908
30897	30908
30898	30908
30899	30909
30900	30909
30901	30910
30902	30911
30903	30912
30904	30912
30905	30914
30906	30915
30907	30916
30908	30917
30909	30917
30910	30918
30911	30920
30912	30923
30913	30923
30914	30923
30915	30923
30916	30924
30917	30924
30918	30926
30919	30927
30920	30929
30921	30930
30922	30930
30923	30932
30924	30932
30925	30932
30926	30933
30927	30935
30928	30936
30929	30936
30930	30939
30931	30939
30932	30939
30933	30939
30934	30940
30935	30942
30936	30943
30937	30945
30938	30946
30939	30948
30940	30951
30941	30951
30942	30951
30943	30951
30944	30952
30945	30952
30946	30955
30947	30957
30948	30958
30949	30958
30950	30958
30951	30960
30952	30961
30953	30961
30954	30962
30955	30962
30956	30964
30957	30965
30958	30965
30959	30966
30960	30966
30961	30969
30962	30971
30963	30972
30964	30973
30965	30974
30966	30974
30967	30975
30968	30977
30969	30979
30970	30979
30971	30979
30972	30980
30973	30980
30974	30982
30975	30983
30976	30985
30977	30986
30978	30986
30979	30989
30980	30989
30981	30989
30982	30989
30983	30990
30984	30992
30985	30995
30986	30995
30987	30995
30988	30995
30989	30996
30990	30996
30991	30997
30992	30998
30993	31000
30994	31001
30995	31001
30996	31004
30997	31004
30998	31004
30999	31004
31000	31005
31001	31007
31002	31010
31003	31012
31004	31013
31005	31015
31006	31018
31007	31020
31008	31021
31009	31021
31010	31022
31011	31022
31012	31024
31013	31025
31014	31025
31015	31026
31016	31026
31017	31028
31018	31029
31019	31029
31020	31030
31021	31030
31022	31031
31023	31033
31024	31036
31025	31036
31026	31036
31027	31036
31028	31037
31029	31037
31030	31038
31031	31040
31032	31042
31033	31043
31034	31044
31035	31044
31036	31046
31037	31047
31038	31047
31039	31047
31040	31048
31041	31050
31042	31053
31043	31053
31044	31053
31045	31053
31046	31054
31047	31054
31048	31056
31049	31057
31050	31059
31051	31060
31052	31062
31053	31065
31054	31065
31055	31065
31056	31065
31057	31066
31058	31066
31059	31069
31060	31070
31061	31071
31062	31071
31063	31073
31064	31074
31065	31074
31066	31075
31067	31075
31068	31077
31069	31078
31070	31078
31071	31079
31072	31079
31073	31079
31074	31081
31075	31082
31076	31083
31077	31084
31078	31085
31079	31086
31080	31086
31081	31087
31082	31089
31083	31092
31084	31094
31085	31095
31086	31095
31087	31096
31088	31096
31089	31098
31090	31099
31091	31099
31092	31100
31093	31100
31094	31102
31095	31103
31096	31103
31097	31104
31098	31104
31099	31105
31100	31107
31101	31108
31102	31108
31103	31111
31104	31111
31105	31111
31106	31111
31107	31112
31108	31114
31109	31115
31110	31117
31111	31118
31112	31120
31113	31123
31114	31123
31115	31123
31116	31123
31117	31123
31118	31126
31119	31128
31120	31129
31121	31129
31122	31130
31123	31130
31124	31132
31125	31133
31126	31133
31127	31134
31128	31134
31129	31136
31130	31137
31131	31137
31132	31138
31133	31138
31134	31141
31135	31143
31136	31144
31137	31146
31138	31148
31139	31148
31140	31148
31141	31149
31142	31149
31143	31150
31144	31152
31145	31154
31146	31154
31147	31154
31148	31155
31149	31155
31150	31157
31151	31158
31152	31160
31153	31161
31154	31161
31155	31163
31156	31163
31157	31163
31158	31164
31159	31166
31160	31169
31161	31169
31162	31169
31163	31169
31164	31170
31165	31170
31166	31172
31167	31173
31168	31175
31169	31175
31170	31178
31171	31178
31172	31178
31173	31178
31174	31178
31175	31179
31176	31181
31177	31184
31178	31186
31179	31187
31180	31189
31181	31192
31182	31194
31183	31195
31184	31197
31185	31200
31186	31200
31187	31200
31188	31200
31189	31201
31190	31201
31191	31202
31192	31204
31193	31207
31194	31207
31195	31207
31196	31207
31197	31208
31198	31208
31199	31210
31200	31211
31201	31213
31202	31214
31203	31214
31204	31216
31205	31216
31206	31216
31207	31217
31208	31219
31209	31222
31210	31222
31211	31222
31212	31222
31213	31223
31214	31223
31215	31225
31216	31226
31217	31228
31218	31229
31219	31229
31220	31232
31221	31232
31222	31232
31223	31232
31224	31233
31225	31235
31226	31236
31227	31236
31228	31239
31229	31239
31230	31239
31231	31239
31232	31240
31233	31242
31234	31245
31235	31247
31236	31248
31237	31248
31238	31249
31239	31249
31240	31251
31241	31252
31242	31252
31243	31252
31244	31254
31245	31255
31246	31255
31247	31256
31248	31256
31249	31257
31250	31258
31251	31261
31252	31261
31253	31261
31254	31261
31255	31262
31256	31263
31257	31263
31258	31265
31259	31266
31260	31268
31261	31269
31262	31271
31263	31274
31264	31276
31265	31277
31266	31277
31267	31278
31268	31278
31269	31279
31270	31280
31271	31280
31272	31282
31273	31283
31274	31283
31275	31284
31276	31284
31277	31285
31278	31287
31279	31290
31280	31290
31281	31290
31282	31290
31283	31290
31284	31293
31285	31294
31286	31295
31287	31297
31288	31300
31289	31300
31290	31300
31291	31300
31292	31301
31293	31301
31294	31303
31295	31304
31296	31306
31297	31307
31298	31307
31299	31309
31300	31309
31301	31309
31302	31310
31303	31312
31304	31315
31305	31315
31306	31315
31307	31315
31308	31316
31309	31316
31310	31318
31311	31319
31312	31321
31313	31322
31314	31322
31315	31325
31316	31325
31317	31325
31318	31325
31319	31326
31320	31328
31321	31329
31322	31329
31323	31332
31324	31332
31325	31332
31326	31332
31327	31333
31328	31335
31329	31338
31330	31340
31331	31341
31332	31343
31333	31346
31334	31346
31335	31346
31336	31346
31337	31347
31338	31347
31339	31347
31340	31349
31341	31350
31342	31352
31343	31353
31344	31353
31345	31356
31346	31356
31347	31356
31348	31356
31349	31357
31350	31359
31351	31362
31352	31362
31353	31362
31354	31362
31355	31363
31356	31363
31357	31365
31358	31366
31359	31368
31360	31369
31361	31369
31362	31371
31363	31371
31364	31371
31365	31372
31366	31374
31367	31377
31368	31377
31369	31377
31370	31377
31371	31378
31372	31378
31373	31379
31374	31381
31375	31382
31376	31384
31377	31385
31378	31385
31379	31388
31380	31388
31381	31388
31382	31388
31383	31391
31384	31393
31385	31394
31386	31394
31387	31394
31388	31396
31389	31397
31390	31397
31391	31398
31392	31398
31393	31400
31394	31401
31395	31401
31396	31401
31397	31403
31398	31404
31399	31406
31400	31407
31401	31409
31402	31410
31403	31412
31404	31415
31405	31415
31406	31415
31407	31415
31408	31416
31409	31416
31410	31419
31411	31421
31412	31422
31413	31422
31414	31423
31415	31423
31416	31425
31417	31426
31418	31426
31419	31427
31420	31427
31421	31429
31422	31430
31423	31430
31424	31431
31425	31431
31426	31434
31427	31436
31428	31437
31429	31439
31430	31441
31431	31441
31432	31441
31433	31442
31434	31442
31435	31443
31436	31445
31437	31446
31438	31446
31439	31447
31440	31447
31441	31449
31442	31450
31443	31452
31444	31453
31445	31453
31446	31456
31447	31456
31448	31456
31449	31456
31450	31457
31451	31459
31452	31462
31453	31462
31454	31462
31455	31462
31456	31463
31457	31463
31458	31464
31459	31465
31460	31467
31461	31468
31462	31468
31463	31471
31464	31471
31465	31471
31466	31471
31467	31472
31468	31474
31469	31475
31470	31477
31471	31478
31472	31480
31473	31483
31474	31483
31475	31483
31476	31483
31477	31484
31478	31484
31479	31487
31480	31489
31481	31490
31482	31490
31483	31491
31484	31491
31485	31493
31486	31494
31487	31494
31488	31495
31489	31495
31490	31497
31491	31498
31492	31498
31493	31499
31494	31499
31495	31502
31496	31504
31497	31505
31498	31506
31499	31507
31500	31507
31501	31508
31502	31510
31503	31512
31504	31512
31505	31512
31506	31513
31507	31513
31508	31515
31509	31516
31510	31517
31511	31518
31512	31518
31513	31519
31514	31521
31515	31524
31516	31524
31517	31524
31518	31524
31519	31525
31520	31525
31521	31527
31522	31528
31523	31530
31524	31531
31525	31531
31526	31534
31527	31534
31528	31534
31529	31534
31530	31535
31531	31537
31532	31538
31533	31538
31534	31541
31535	31541
31536	31541
31537	31541
31538	31542
31539	31544
31540	31547
31541	31549
31542	31550
31543	31552
31544	31554
31545	31556
31546	31556
31547	31557
31548	31557
31549	31559
31550	31560
31551	31560
31552	31560
31553	31561
31554	31563
31555	31566
31556	31566
31557	31566
31558	31566
31559	31567
31560	31567
31561	31568
31562	31570
31563	31573
31564	31575
31565	31575
31566	31576
31567	31576
31568	31578
31569	31579
31570	31579
31571	31580
31572	31580
31573	31582
31574	31583
31575	31583
31576	31584
31577	31584
31578	31585
31579	31587
31580	31590
31581	31590
31582	31590
31583	31590
31584	31591
31585	31591
31586	31593
31587	31594
31588	31596
31589	31597
31590	31599
31591	31602
31592	31602
31593	31602
31594	31602
31595	31603
31596	31603
31597	31605
31598	31606
31599	31607
31600	31607
31601	31609
31602	31610
31603	31610
31604	31610
31605	31611
31606	31613
31607	31616
31608	31618
31609	31619
31610	31619
31611	31620
31612	31620
31613	31622
31614	31623
31615	31623
31616	31624
31617	31624
31618	31626
31619	31627
31620	31627
31621	31628
31622	31628
31623	31629
31624	31631
31625	31632
31626	31632
31627	31635
31628	31635
31629	31635
31630	31635
31631	31637
31632	31638
31633	31640
31634	31641
31635	31643
31636	31646
31637	31646
31638	31646
31639	31646
31640	31647
31641	31647
31642	31650
31643	31652
31644	31653
31645	31653
31646	31654
31647	31654
31648	31655
31649	31656
31650	31656
31651	31658
31652	31659
31653	31659
31654	31660
31655	31660
31656	31660
31657	31661
31658	31663
31659	31664
31660	31666
31661	31667
31662	31669
31663	31672
31664	31672
31665	31672
31666	31672
31667	31673
31668	31673
31669	31676
31670	31678
31671	31679
31672	31679
31673	31680
31674	31680
31675	31682
31676	31683
31677	31683
31678	31684
31679	31684
31680	31686
31681	31687
31682	31687
31683	31688
31684	31688
31685	31691
31686	31693
31687	31694
31688	31696
31689	31698
31690	31698
31691	31698
31692	31699
31693	31699
31694	31700
31695	31702
31696	31704
31697	31704
31698	31704
31699	31705
31700	31705
31701	31707
31702	31708
31703	31710
31704	31711
31705	31711
31706	31713
31707	31713
31708	31713
31709	31714
31710	31716
31711	31719
31712	31719
31713	31719
31714	31719
31715	31720
31716	31720
31717	31722
31718	31722
31719	31723
31720	31725
31721	31726
31722	31726
31723	31729
31724	31729
31725	31729
31726	31729
31727	31731
31728	31732
31729	31734
31730	31735
31731	31737
31732	31740
31733	31742
31734	31743
31735	31745
31736	31748
31737	31749
31738	31750
31739	31750
31740	31752
31741	31752
31742	31753
31743	31753
31744	31755
31745	31756
31746	31756
31747	31757
31748	31757
31749	31758
31750	31760
31751	31763
31752	31763
31753	31763
31754	31763
31755	31764
31756	31764
31757	31765
31758	31767
31759	31769
31760	31770
31761	31771
31762	31771
31763	31773
31764	31774
31765	31774
31766	31775
31767	31775
31768	31776
31769	31778
31770	31781
31771	31781
31772	31781
31773	31781
31774	31782
31775	31782
31776	31784
31777	31785
31778	31787
31779	31788
31780	31789
31781	31790
31782	31790
31783	31793
31784	31794
31785	31795
31786	31795
31787	31797
31788	31797
31789	31798
31790	31798
31791	31800
31792	31801
31793	31801
31794	31802
31795	31802
31796	31803
31797	31805
31798	31808
31799	31810
31800	31811
31801	31811
31802	31812
31803	31812
31804	31814
31805	31815
31806	31815
31807	31816
31808	31816
31809	31817
31810	31818
31811	31818
31812	31819
31813	31821
31814	31822
31815	31822
31816	31825
31817	31825
31818	31825
31819	31825
31820	31827
31821	31828
31822	31830
31823	31831
31824	31833
31825	31834
31826	31834
31827	31837
31828	31837
31829	31837
31830	31837
31831	31840
31832	31842
31833	31843
31834	31843
31835	31844
31836	31844
31837	31846
31838	31846
31839	31847
31840	31847
31841	31848
31842	31849
31843	31849
31844	31850
31845	31852
31846	31853
31847	31855
31848	31856
31849	31856
31850	31859
31851	31859
31852	31859
31853	31859
31854	31862
31855	31864
31856	31865
31857	31865
31858	31866
31859	31866
31860	31868
31861	31869
31862	31869
31863	31870
31864	31870
31865	31872
31866	31873
31867	31873
31868	31874
31869	31874
31870	31875
31871	31877
31872	31880
31873	31882
31874	31883
31875	31885
31876	31887
31877	31887
31878	31887
31879	31888
31880	31888
31881	31889
31882	31891
31883	31894
31884	31894
31885	31894
31886	31894
31887	31895
31888	31895
31889	31897
31890	31898
31891	31900
31892	31901
31893	31901
31894	31903
31895	31903
31896	31903
31897	31904
31898	31906
31899	31909
31900	31909
31901	31909
31902	31909
31903	31910
31904	31910
31905	31912
31906	31913
31907	31915
31908	31916
31909	31916
31910	31919
31911	31919
31912	31919
31913	31919
31914	31919
31915	31920
31916	31922
31917	31923
31918	31925
31919	31926
31920	31926
31921	31928
31922	31928
31923	31928
31924	31931
31925	31933
31926	31934
31927	31934
31928	31935
31929	31935
31930	31937
31931	31938
31932	31938
31933	31939
31934	31939
31935	31941
31936	31941
31937	31942
31938	31942
31939	31945
31940	31946
31941	31947
31942	31949
31943	31952
31944	31954
31945	31955
31946	31957
31947	31959
31948	31959
31949	31959
31950	31960
31951	31960
31952	31960
31953	31962
31954	31963
31955	31965
31956	31966
31957	31966
31958	31969
31959	31969
31960	31969
31961	31969
31962	31970
31963	31971
31964	31972
31965	31972
31966	31974
31967	31975
31968	31977
31969	31978
31970	31978
31971	31979
31972	31979
31973	31980
31974	31982
31975	31985
31976	31985
31977	31985
31978	31985
31979	31986
31980	31986
31981	31987
31982	31989
31983	31990
31984	31992
31985	31993
31986	31993
31987	31996
31988	31996
31989	31996
31990	31996
31991	31999
31992	32001
31993	32002
31994	32002
31995	32003
31996	32003
31997	32005
31998	32006
31999	32006
32000	32007
32001	32007
32002	32009
32003	32010
32004	32010
32005	32010
32006	32012
32007	32013
32008	32015
32009	32016
32010	32018
32011	32021
32012	32023
32013	32023
32014	32024
32015	32024
32016	32026
32017	32026
32018	32027
32019	32027
32020	32029
32021	32030
32022	32030
32023	32031
32024	32031
32025	32032
32026	32034
32027	32037
32028	32037
32029	32037
32030	32037
32031	32038
32032	32038
32033	32040
32034	32042
32035	32042
32036	32043
32037	32044
32038	32045
32039	32045
32040	32047
32041	32048
32042	32050
32043	32051
32044	32051
32045	32053
32046	32053
32047	32053
32048	32054
32049	32056
32050	32057
32051	32057
32052	32060
32053	32060
32054	32060
32055	32060
32056	32061
32057	32063
32058	32066
32059	32068
32060	32069
32061	32070
32062	32071
32063	32071
32064	32072
32065	32074
32066	32077
32067	32077
32068	32077
32069	32077
32070	32078
32071	32078
32072	32079
32073	32080
32074	32082
32075	32085
32076	32085
32077	32085
32078	32085
32079	32086
32080	32086
32081	32088
32082	32089
32083	32091
32084	32092
32085	32092
32086	32095
32087	32095
32088	32095
32089	32095
32090	32096
32091	32097
32092	32098
32093	32098
32094	32099
32095	32101
32096	32102
32097	32104
32098	32105
32099	32105
32100	32108
32101	32108
32102	32108
32103	32108
32104	32111
32105	32112
32106	32113
32107	32113
32108	32115
32109	32116
32110	32116
32111	32117
32112	32117
32113	32119
32114	32119
32115	32120
32116	32120
32117	32122
32118	32123
32119	32125
32120	32126
32121	32128
32122	32129
32123	32131
32124	32134
32125	32134
32126	32134
32127	32134
32128	32135
32129	32135
32130	32138
32131	32140
32132	32141
32133	32141
32134	32142
32135	32142
32136	32144
32137	32145
32138	32145
32139	32146
32140	32146
32141	32148
32142	32149
32143	32149
32144	32150
32145	32150
32146	32153
32147	32155
32148	32156
32149	32158
32150	32160
32151	32160
32152	32160
32153	32161
32154	32161
32155	32161
32156	32163
32157	32164
32158	32165
32159	32166
32160	32166
32161	32167
32162	32169
32163	32172
32164	32172
32165	32172
32166	32172
32167	32173
32168	32173
32169	32174
32170	32175
32171	32177
32172	32178
32173	32178
32174	32181
32175	32181
32176	32181
32177	32181
32178	32182
32179	32184
32180	32185
32181	32187
32182	32188
32183	32190
32184	32193
32185	32193
32186	32193
32187	32193
32188	32194
32189	32194
32190	32197
32191	32199
32192	32200
32193	32200
32194	32201
32195	32201
32196	32203
32197	32204
32198	32204
32199	32205
32200	32205
32201	32207
32202	32208
32203	32208
32204	32209
32205	32209
32206	32212
32207	32214
32208	32215
32209	32216
32210	32217
32211	32217
32212	32218
32213	32220
32214	32222
32215	32222
32216	32222
32217	32223
32218	32223
32219	32224
32220	32225
32221	32227
32222	32230
32223	32230
32224	32230
32225	32230
32226	32231
32227	32231
32228	32232
32229	32233
32230	32235
32231	32236
32232	32236
32233	32239
32234	32239
32235	32239
32236	32239
32237	32240
32238	32242
32239	32245
32240	32247
32241	32248
32242	32250
32243	32253
32244	32255
32245	32256
32246	32258
32247	32261
32248	32261
32249	32261
32250	32261
32251	32262
32252	32262
32253	32263
32254	32265
32255	32268
32256	32268
32257	32268
32258	32268
32259	32269
32260	32269
32261	32271
32262	32272
32263	32274
32264	32275
32265	32275
32266	32278
32267	32278
32268	32278
32269	32278
32270	32279
32271	32281
32272	32284
32273	32284
32274	32284
32275	32284
32276	32285
32277	32285
32278	32287
32279	32288
32280	32290
32281	32290
32282	32293
32283	32293
32284	32293
32285	32293
32286	32294
32287	32296
32288	32296
32289	32299
32290	32299
32291	32299
32292	32299
32293	32300
32294	32302
32295	32305
32296	32307
32297	32308
32298	32308
32299	32309
32300	32309
32301	32311
32302	32312
32303	32312
32304	32312
32305	32314
32306	32315
32307	32315
32308	32316
32309	32316
32310	32317
32311	32319
32312	32320
32313	32320
32314	32323
32315	32323
32316	32323
32317	32323
32318	32324
32319	32325
32320	32326
32321	32328
32322	32331
32323	32333
32324	32334
32325	32334
32326	32335
32327	32335
32328	32337
32329	32338
32330	32338
32331	32339
32332	32339
32333	32340
32334	32341
32335	32341
32336	32342
32337	32344
32338	32345
32339	32345
32340	32348
32341	32348
32342	32348
32343	32348
32344	32350
32345	32351
32346	32353
32347	32354
32348	32356
32349	32359
32350	32361
32351	32362
32352	32362
32353	32363
32354	32363
32355	32365
32356	32366
32357	32366
32358	32367
32359	32367
32360	32369
32361	32370
32362	32370
32363	32371
32364	32371
32365	32372
32366	32374
32367	32377
32368	32377
32369	32377
32370	32377
32371	32378
32372	32378
32373	32381
32374	32382
32375	32383
32376	32385
32377	32388
32378	32388
32379	32388
32380	32388
32381	32389
32382	32389
32383	32391
32384	32392
32385	32394
32386	32395
32387	32395
32388	32397
32389	32397
32390	32397
32391	32398
32392	32400
32393	32403
32394	32403
32395	32403
32396	32403
32397	32404
32398	32404
32399	32406
32400	32407
32401	32409
32402	32410
32403	32410
32404	32413
32405	32413
32406	32413
32407	32413
32408	32414
32409	32416
32410	32417
32411	32417
32412	32420
32413	32420
32414	32420
32415	32420
32416	32421
32417	32423
32418	32426
32419	32427
32420	32428
32421	32430
32422	32433
32423	32433
32424	32433
32425	32433
32426	32434
32427	32434
32428	32436
32429	32437
32430	32439
32431	32440
32432	32440
32433	32443
32434	32443
32435	32443
32436	32443
32437	32443
32438	32445
32439	32446
32440	32447
32441	32448
32442	32448
32443	32449
32444	32450
32445	32451
32446	32451
32447	32452
32448	32454
32449	32455
32450	32457
32451	32458
32452	32458
32453	32461
32454	32461
32455	32461
32456	32461
32457	32464
32458	32466
32459	32467
32460	32467
32461	32468
32462	32468
32463	32470
32464	32471
32465	32471
32466	32472
32467	32472
32468	32474
32469	32475
32470	32475
32471	32475
32472	32477
32473	32478
32474	32480
32475	32481
32476	32483
32477	32486
32478	32488
32479	32489
32480	32489
32481	32490
32482	32490
32483	32492
32484	32493
32485	32493
32486	32494
32487	32494
32488	32495
32489	32496
32490	32496
32491	32497
32492	32499
32493	32501
32494	32501
32495	32501
32496	32502
32497	32502
32498	32504
32499	32506
32500	32507
32501	32509
32502	32510
32503	32510
32504	32512
32505	32512
32506	32512
32507	32513
32508	32514
32509	32515
32510	32515
32511	32516
32512	32517
32513	32519
32514	32522
32515	32522
32516	32522
32517	32522
32518	32523
32519	32523
32520	32524
32521	32526
32522	32529
32523	32531
32524	32532
32525	32533
32526	32534
32527	32534
32528	32535
32529	32537
32530	32540
32531	32540
32532	32540
32533	32540
32534	32541
32535	32541
32536	32543
32537	32544
32538	32545
32539	32546
32540	32546
32541	32547
32542	32549
32543	32552
32544	32552
32545	32552
32546	32552
32547	32552
32548	32554
32549	32555
32550	32557
32551	32558
32552	32558
32553	32561
32554	32561
32555	32561
32556	32561
32557	32562
32558	32564
32559	32567
32560	32567
32561	32567
32562	32567
32563	32568
32564	32568
32565	32569
32566	32571
32567	32572
32568	32574
32569	32575
32570	32575
32571	32578
32572	32578
32573	32578
32574	32578
32575	32581
32576	32583
32577	32584
32578	32584
32579	32585
32580	32585
32581	32587
32582	32588
32583	32588
32584	32589
32585	32589
32586	32591
32587	32591
32588	32591
32589	32592
32590	32594
32591	32595
32592	32597
32593	32598
32594	32600
32595	32603
32596	32605
32597	32606
32598	32606
32599	32607
32600	32607
32601	32609
32602	32610
32603	32610
32604	32611
32605	32611
32606	32613
32607	32614
32608	32614
32609	32615
32610	32615
32611	32616
32612	32618
32613	32621
32614	32621
32615	32621
32616	32621
32617	32621
32618	32624
32619	32626
32620	32627
32621	32629
32622	32630
32623	32630
32624	32632
32625	32632
32626	32632
32627	32633
32628	32635
32629	32638
32630	32638
32631	32638
32632	32638
32633	32639
32634	32639
32635	32641
32636	32642
32637	32644
32638	32645
32639	32645
32640	32648
32641	32648
32642	32648
32643	32648
32644	32649
32645	32651
32646	32654
32647	32654
32648	32654
32649	32654
32650	32655
32651	32655
32652	32657
32653	32658
32654	32660
32655	32660
32656	32663
32657	32663
32658	32663
32659	32663
32660	32664
32661	32666
32662	32667
32663	32667
32664	32670
32665	32670
32666	32670
32667	32670
32668	32673
32669	32675
32670	32676
32671	32678
32672	32680
32673	32682
32674	32682
32675	32683
32676	32683
32677	32685
32678	32686
32679	32686
32680	32686
32681	32687
32682	32689
32683	32692
32684	32692
32685	32692
32686	32692
32687	32693
32688	32693
32689	32694
32690	32696
32691	32698
32692	32700
32693	32701
32694	32701
32695	32702
32696	32702
32697	32704
32698	32705
32699	32705
32700	32706
32701	32706
32702	32707
32703	32709
32704	32712
32705	32712
32706	32712
32707	32712
32708	32712
32709	32714
32710	32715
32711	32717
32712	32718
32713	32720
32714	32723
32715	32723
32716	32723
32717	32723
32718	32724
32719	32724
32720	32726
32721	32727
32722	32728
32723	32728
32724	32730
32725	32731
32726	32731
32727	32731
32728	32732
32729	32734
32730	32737
32731	32739
32732	32740
32733	32740
32734	32741
32735	32741
32736	32743
32737	32744
32738	32744
32739	32745
32740	32745
32741	32747
32742	32747
32743	32748
32744	32748
32745	32749
32746	32751
32747	32752
32748	32752
32749	32755
32750	32755
32751	32755
32752	32755
32753	32757
32754	32758
32755	32760
32756	32761
32757	32763
32758	32764
32759	32764
32760	32767
32761	32767
32762	32767
32763	32767
32764	32770
32765	32772
32766	32773
32767	32773
32768	32774
32769	32774
32770	32776
32771	32776
32772	32777
32773	32777
32774	32778
32775	32779
32776	32779
32777	32779
32778	32781
32779	32782
32780	32784
32781	32785
32782	32787
32783	32788
32784	32790
32785	32793
32786	32795
32787	32796
32788	32798
32789	32801
32790	32801
32791	32801
32792	32801
32793	32802
32794	32802
32795	32803
32796	32805
32797	32808
32798	32808
32799	32808
32800	32808
32801	32809
32802	32809
32803	32811
32804	32812
32805	32814
32806	32815
32807	32815
32808	32818
32809	32818
32810	32818
32811	32818
32812	32819
32813	32821
32814	32824
32815	32824
32816	32824
32817	32824
32818	32825
32819	32825
32820	32827
32821	32828
32822	32830
32823	32831
32824	32831
32825	32834
32826	32834
32827	32834
32828	32834
32829	32835
32830	32837
32831	32838
32832	32838
32833	32841
32834	32841
32835	32841
32836	32841
32837	32842
32838	32844
32839	32847
32840	32849
32841	32850
32842	32850
32843	32851
32844	32851
32845	32853
32846	32854
32847	32854
32848	32855
32849	32855
32850	32857
32851	32858
32852	32858
32853	32858
32854	32859
32855	32861
32856	32862
32857	32862
32858	32864
32859	32864
32860	32864
32861	32867
32862	32869
32863	32870
32864	32872
32865	32873
32866	32875
32867	32878
32868	32878
32869	32878
32870	32878
32871	32879
32872	32879
32873	32881
32874	32883
32875	32884
32876	32884
32877	32885
32878	32885
32879	32887
32880	32888
32881	32888
32882	32889
32883	32889
32884	32890
32885	32892
32886	32895
32887	32897
32888	32898
32889	32898
32890	32898
32891	32900
32892	32901
32893	32901
32894	32902
32895	32902
32896	32904
32897	32904
32898	32905
32899	32905
32900	32906
32901	32908
32902	32909
32903	32909
32904	32912
32905	32912
32906	32912
32907	32912
32908	32914
32909	32915
32910	32917
32911	32918
32912	32919
32913	32922
32914	32922
32915	32922
32916	32922
32917	32924
32918	32926
32919	32927
32920	32927
32921	32928
32922	32928
32923	32930
32924	32931
32925	32931
32926	32932
32927	32932
32928	32933
32929	32935
32930	32938
32931	32939
32932	32940
32933	32940
32934	32942
32935	32943
32936	32943
32937	32943
32938	32945
32939	32946
32940	32946
32941	32947
32942	32947
32943	32948
32944	32950
32945	32951
32946	32951
32947	32954
32948	32954
32949	32954
32950	32954
32951	32956
32952	32957
32953	32959
32954	32960
32955	32962
32956	32963
32957	32963
32958	32966
32959	32966
32960	32966
32961	32966
32962	32969
32963	32971
32964	32972
32965	32972
32966	32972
32967	32974
32968	32975
32969	32975
32970	32976
32971	32976
32972	32977
32973	32978
32974	32978
32975	32979
32976	32981
32977	32982
32978	32984
32979	32985
32980	32985
32981	32988
32982	32988
32983	32988
32984	32988
32985	32991
32986	32992
32987	32993
32988	32993
32989	32995
32990	32996
32991	32996
32992	32997
32993	32997
32994	32998
32995	32999
32996	32999
32997	33002
32998	33004
32999	33005
33000	33007
33001	33009
33002	33011
33003	33012
33004	33014
33005	33015
33006	33015
33007	33018
33008	33018
33009	33018
33010	33018
33011	33019
33012	33021
33013	33023
33014	33023
33015	33023
33016	33024
33017	33024
33018	33026
33019	33027
33020	33029
33021	33030
33022	33030
33023	33033
33024	33033
33025	33033
33026	33033
33027	33034
33028	33036
33029	33037
33030	33037
33031	33038
33032	33038
33033	33039
33034	33041
33035	33044
33036	33046
33037	33047
33038	33047
33039	33048
33040	33048
33041	33050
33042	33051
33043	33051
33044	33051
33045	33053
33046	33053
33047	33054
33048	33054
33049	33055
33050	33057
33051	33057
33052	33060
33053	33060
33054	33060
33055	33060
33056	33061
33057	33062
33058	33063
33059	33065
33060	33068
33061	33070
33062	33071
33063	33071
33064	33072
33065	33072
33066	33074
33067	33075
33068	33075
33069	33075
33070	33077
33071	33078
33072	33078
33073	33078
33074	33079
33075	33081
33076	33082
33077	33082
33078	33085
33079	33085
33080	33085
33081	33085
33082	33087
33083	33088
33084	33090
33085	33091
33086	33093
33087	33096
33088	33098
33089	33099
33090	33099
33091	33100
33092	33100
33093	33102
33094	33103
33095	33103
33096	33104
33097	33104
33098	33106
33099	33106
33100	33107
33101	33107
33102	33108
33103	33109
33104	33112
33105	33112
33106	33112
33107	33112
33108	33115
33109	33117
33110	33118
33111	33120
33112	33121
33113	33121
33114	33123
33115	33123
33116	33123
33117	33123
33118	33124
33119	33125
33120	33127
33121	33130
33122	33130
33123	33130
33124	33130
33125	33131
33126	33131
33127	33132
33128	33133
33129	33135
33130	33136
33131	33136
33132	33139
33133	33139
33134	33139
33135	33139
33136	33140
33137	33142
33138	33145
33139	33147
33140	33148
33141	33149
33142	33150
33143	33150
33144	33151
33145	33153
33146	33156
33147	33156
33148	33156
33149	33156
33150	33157
33151	33157
33152	33158
33153	33158
33154	33160
33155	33161
33156	33163
33157	33164
33158	33164
33159	33167
33160	33167
33161	33167
33162	33167
33163	33167
33164	33168
33165	33170
33166	33171
33167	33173
33168	33174
33169	33174
33170	33177
33171	33177
33172	33177
33173	33177
33174	33180
33175	33182
33176	33183
33177	33183
33178	33184
33179	33184
33180	33186
33181	33187
33182	33187
33183	33188
33184	33188
33185	33189
33186	33190
33187	33190
33188	33191
33189	33192
33190	33194
33191	33195
33192	33197
33193	33198
33194	33200
33195	33203
33196	33203
33197	33203
33198	33203
33199	33204
33200	33204
33201	33207
33202	33209
33203	33210
33204	33210
33205	33211
33206	33211
33207	33213
33208	33214
33209	33214
33210	33215
33211	33215
33212	33217
33213	33218
33214	33218
33215	33219
33216	33219
33217	33222
33218	33224
33219	33225
33220	33226
33221	33227
33222	33227
33223	33228
33224	33230
33225	33232
33226	33232
33227	33232
33228	33233
33229	33233
33230	33235
33231	33235
33232	33236
33233	33238
33234	33241
33235	33241
33236	33241
33237	33241
33238	33242
33239	33242
33240	33243
33241	33244
33242	33246
33243	33247
33244	33247
33245	33250
33246	33250
33247	33250
33248	33250
33249	33251
33250	33253
33251	33254
33252	33256
33253	33257
33254	33259
33255	33262
33256	33264
33257	33265
33258	33267
33259	33270
33260	33270
33261	33270
33262	33270
33263	33271
33264	33271
33265	33272
33266	33274
33267	33277
33268	33277
33269	33277
33270	33277
33271	33278
33272	33278
33273	33280
33274	33281
33275	33283
33276	33284
33277	33284
33278	33287
33279	33287
33280	33287
33281	33287
33282	33288
33283	33290
33284	33292
33285	33292
33286	33292
33287	33293
33288	33293
33289	33295
33290	33296
33291	33298
33292	33298
33293	33301
33294	33301
33295	33301
33296	33301
33297	33302
33298	33304
33299	33305
33300	33305
33301	33308
33302	33308
33303	33308
33304	33308
33305	33309
33306	33310
33307	33313
33308	33315
33309	33316
33310	33316
33311	33317
33312	33317
33313	33319
33314	33320
33315	33320
33316	33320
33317	33321
33318	33322
33319	33322
33320	33325
33321	33327
33322	33328
33323	33330
33324	33331
33325	33333
33326	33336
33327	33336
33328	33336
33329	33336
33330	33336
33331	33338
33332	33340
33333	33341
33334	33341
33335	33342
33336	33342
33337	33344
33338	33345
33339	33345
33340	33346
33341	33346
33342	33347
33343	33349
33344	33352
33345	33354
33346	33354
33347	33355
33348	33355
33349	33357
33350	33358
33351	33358
33352	33359
33353	33359
33354	33361
33355	33362
33356	33362
33357	33363
33358	33363
33359	33364
33360	33366
33361	33367
33362	33367
33363	33370
33364	33370
33365	33370
33366	33370
33367	33372
33368	33373
33369	33375
33370	33376
33371	33378
33372	33381
33373	33381
33374	33381
33375	33381
33376	33382
33377	33382
33378	33385
33379	33387
33380	33388
33381	33388
33382	33389
33383	33389
33384	33390
33385	33391
33386	33391
33387	33393
33388	33394
33389	33394
33390	33395
33391	33395
33392	33396
33393	33398
33394	33401
33395	33403
33396	33403
33397	33404
33398	33404
33399	33406
33400	33407
33401	33407
33402	33408
33403	33408
33404	33410
33405	33411
33406	33411
33407	33412
33408	33412
33409	33413
33410	33415
33411	33416
33412	33416
33413	33419
33414	33419
33415	33419
33416	33419
33417	33421
33418	33422
33419	33424
33420	33425
33421	33427
33422	33428
33423	33428
33424	33431
33425	33431
33426	33431
33427	33431
33428	33434
33429	33436
33430	33437
33431	33437
33432	33438
33433	33438
33434	33440
33435	33441
33436	33441
33437	33442
33438	33442
33439	33443
33440	33444
33441	33444
33442	33445
33443	33447
33444	33448
33445	33450
33446	33451
33447	33451
33448	33454
33449	33454
33450	33454
33451	33454
33452	33457
33453	33459
33454	33459
33455	33459
33456	33461
33457	33462
33458	33462
33459	33463
33460	33463
33461	33464
33462	33465
33463	33465
33464	33468
33465	33470
33466	33471
33467	33472
33468	33473
33469	33475
33470	33478
33471	33480
33472	33481
33473	33481
33474	33482
33475	33482
33476	33484
33477	33485
33478	33485
33479	33485
33480	33487
33481	33488
33482	33488
33483	33488
33484	33489
33485	33491
33486	33492
33487	33492
33488	33495
33489	33495
33490	33495
33491	33495
33492	33496
33493	33498
33494	33500
33495	33502
33496	33503
33497	33505
33498	33506
33499	33506
33500	33509
33501	33509
33502	33509
33503	33509
33504	33510
33505	33512
33506	33514
33507	33514
33508	33514
33509	33515
33510	33515
33511	33517
33512	33518
33513	33520
33514	33521
33515	33521
33516	33523
33517	33523
33518	33523
33519	33524
33520	33526
33521	33527
33522	33527
33523	33530
33524	33530
33525	33530
33526	33530
33527	33531
33528	33533
33529	33536
33530	33538
33531	33539
33532	33539
33533	33540
33534	33540
33535	33542
33536	33543
33537	33543
33538	33544
33539	33544
33540	33546
33541	33547
33542	33547
33543	33547
33544	33548
33545	33550
33546	33550
33547	33553
33548	33553
33549	33553
33550	33553
33551	33555
33552	33556
33553	33557
33554	33558
33555	33560
33556	33563
33557	33564
33558	33565
33559	33565
33560	33567
33561	33568
33562	33568
33563	33569
33564	33569
33565	33571
33566	33572
33567	33572
33568	33573
33569	33573
33570	33574
33571	33576
33572	33579
33573	33579
33574	33579
33575	33579
33576	33580
33577	33580
33578	33581
33579	33583
33580	33586
33581	33588
33582	33589
33583	33591
33584	33594
33585	33594
33586	33594
33587	33594
33588	33595
33589	33595
33590	33596
33591	33597
33592	33598
33593	33598
33594	33600
33595	33601
33596	33603
33597	33604
33598	33604
33599	33607
33600	33607
33601	33607
33602	33607
33603	33608
33604	33610
33605	33612
33606	33612
33607	33612
33608	33613
33609	33613
33610	33615
33611	33615
33612	33616
33613	33618
33614	33621
33615	33621
33616	33621
33617	33621
33618	33621
33619	33622
33620	33624
33621	33625
33622	33627
33623	33628
33624	33628
33625	33631
33626	33631
33627	33631
33628	33631
33629	33634
33630	33636
33631	33637
33632	33637
33633	33638
33634	33638
33635	33640
33636	33641
33637	33641
33638	33642
33639	33642
33640	33644
33641	33645
33642	33645
33643	33645
33644	33647
33645	33648
33646	33650
33647	33651
33648	33653
33649	33654
33650	33656
33651	33659
33652	33659
33653	33659
33654	33659
33655	33660
33656	33660
33657	33663
33658	33665
33659	33666
33660	33666
33661	33667
33662	33667
33663	33669
33664	33670
33665	33670
33666	33671
33667	33671
33668	33673
33669	33674
33670	33674
33671	33675
33672	33675
33673	33678
33674	33680
33675	33681
33676	33683
33677	33685
33678	33685
33679	33685
33680	33686
33681	33686
33682	33687
33683	33688
33684	33689
33685	33689
33686	33691
33687	33691
33688	33692
33689	33694
33690	33697
33691	33697
33692	33697
33693	33697
33694	33698
33695	33698
33696	33699
33697	33700
33698	33702
33699	33703
33700	33703
33701	33706
33702	33706
33703	33706
33704	33706
33705	33707
33706	33709
33707	33710
33708	33712
33709	33713
33710	33714
33711	33715
33712	33715
33713	33718
33714	33720
33715	33721
33716	33721
33717	33722
33718	33722
33719	33724
33720	33725
33721	33725
33722	33726
33723	33726
33724	33727
33725	33728
33726	33728
33727	33731
33728	33732
33729	33733
33730	33735
33731	33737
33732	33737
33733	33737
33734	33738
33735	33738
33736	33739
33737	33740
33738	33742
33739	33745
33740	33745
33741	33745
33742	33745
33743	33746
33744	33746
33745	33747
33746	33748
33747	33750
33748	33751
33749	33751
33750	33754
33751	33754
33752	33754
33753	33754
33754	33755
33755	33757
33756	33760
33757	33762
33758	33763
33759	33765
33760	33767
33761	33769
33762	33769
33763	33770
33764	33772
33765	33775
33766	33777
33767	33778
33768	33778
33769	33778
33770	33780
33771	33781
33772	33781
33773	33782
33774	33782
33775	33784
33776	33785
33777	33785
33778	33786
33779	33786
33780	33787
33781	33789
33782	33792
33783	33792
33784	33792
33785	33792
33786	33793
33787	33793
33788	33795
33789	33796
33790	33798
33791	33799
33792	33801
33793	33804
33794	33804
33795	33804
33796	33804
33797	33805
33798	33805
33799	33808
33800	33810
33801	33811
33802	33811
33803	33812
33804	33812
33805	33813
33806	33814
33807	33814
33808	33816
33809	33817
33810	33817
33811	33818
33812	33818
33813	33818
33814	33819
33815	33821
33816	33824
33817	33826
33818	33827
33819	33829
33820	33832
33821	33832
33822	33832
33823	33832
33824	33833
33825	33833
33826	33834
33827	33836
33828	33838
33829	33838
33830	33838
33831	33839
33832	33839
33833	33841
33834	33842
33835	33844
33836	33845
33837	33845
33838	33848
33839	33848
33840	33848
33841	33848
33842	33848
33843	33850
33844	33851
33845	33853
33846	33854
33847	33854
33848	33856
33849	33856
33850	33856
33851	33857
33852	33859
33853	33862
33854	33862
33855	33862
33856	33862
33857	33863
33858	33863
33859	33864
33860	33866
33861	33867
33862	33869
33863	33869
33864	33872
33865	33872
33866	33872
33867	33872
33868	33875
33869	33877
33870	33878
33871	33878
33872	33879
33873	33879
33874	33881
33875	33881
33876	33882
33877	33882
33878	33884
33879	33885
33880	33885
33881	33885
33882	33886
33883	33888
33884	33891
33885	33893
33886	33894
33887	33896
33888	33899
33889	33901
33890	33902
33891	33902
33892	33903
33893	33903
33894	33905
33895	33906
33896	33906
33897	33907
33898	33907
33899	33909
33900	33910
33901	33910
33902	33911
33903	33911
33904	33912
33905	33914
33906	33917
33907	33917
33908	33917
33909	33917
33910	33918
33911	33918
33912	33919
33913	33920
33914	33921
33915	33923
33916	33925
33917	33925
33918	33925
33919	33926
33920	33926
33921	33928
33922	33929
33923	33931
33924	33932
33925	33934
33926	33937
33927	33937
33928	33937
33929	33937
33930	33938
33931	33938
33932	33941
33933	33942
33934	33943
33935	33943
33936	33945
33937	33946
33938	33946
33939	33947
33940	33947
33941	33949
33942	33950
33943	33950
33944	33951
33945	33951
33946	33952
33947	33954
33948	33957
33949	33959
33950	33960
33951	33960
33952	33961
33953	33961
33954	33963
33955	33964
33956	33964
33957	33965
33958	33965
33959	33967
33960	33967
33961	33968
33962	33968
33963	33969
33964	33971
33965	33972
33966	33972
33967	33975
33968	33975
33969	33975
33970	33975
33971	33977
33972	33978
33973	33980
33974	33981
33975	33982
33976	33983
33977	33983
33978	33986
33979	33988
33980	33989
33981	33989
33982	33990
33983	33990
33984	33992
33985	33992
33986	33993
33987	33993
33988	33994
33989	33995
33990	33995
33991	33996
33992	33998
33993	33999
33994	34000
33995	34003
33996	34003
33997	34003
33998	34003
33999	34006
34000	34008
34001	34009
34002	34009
34003	34010
34004	34010
34005	34012
34006	34013
34007	34013
34008	34014
34009	34014
34010	34016
34011	34017
34012	34017
34013	34018
34014	34018
34015	34019
34016	34021
34017	34024
34018	34026
34019	34027
34020	34029
34021	34031
34022	34031
34023	34031
34024	34032
34025	34032
34026	34033
34027	34035
34028	34038
34029	34038
34030	34038
34031	34038
34032	34039
34033	34039
34034	34041
34035	34042
34036	34044
34037	34045
34038	34045
34039	34047
34040	34047
34041	34047
34042	34048
34043	34050
34044	34053
34045	34053
34046	34053
34047	34053
34048	34054
34049	34054
34050	34056
34051	34057
34052	34059
34053	34060
34054	34060
34055	34062
34056	34062
34057	34062
34058	34062
34059	34063
34060	34065
34061	34066
34062	34068
34063	34069
34064	34069
34065	34072
34066	34072
34067	34072
34068	34072
34069	34075
34070	34077
34071	34078
34072	34078
34073	34079
34074	34079
34075	34081
34076	34082
34077	34082
34078	34083
34079	34083
34080	34085
34081	34085
34082	34086
34083	34086
34084	34088
34085	34089
34086	34091
34087	34092
34088	34094
34089	34097
34090	34099
34091	34100
34092	34102
34093	34105
34094	34105
34095	34105
34096	34105
34097	34106
34098	34106
34099	34107
34100	34108
34101	34109
34102	34109
34103	34111
34104	34112
34105	34114
34106	34115
34107	34115
34108	34118
34109	34118
34110	34118
34111	34118
34112	34119
34113	34121
34114	34124
34115	34124
34116	34124
34117	34124
34118	34125
34119	34125
34120	34127
34121	34128
34122	34130
34123	34131
34124	34131
34125	34133
34126	34133
34127	34133
34128	34134
34129	34135
34130	34138
34131	34138
34132	34138
34133	34138
34134	34139
34135	34141
34136	34144
34137	34146
34138	34147
34139	34147
34140	34148
34141	34148
34142	34150
34143	34151
34144	34151
34145	34152
34146	34152
34147	34154
34148	34155
34149	34155
34150	34155
34151	34156
34152	34158
34153	34159
34154	34159
34155	34162
34156	34162
34157	34162
34158	34162
34159	34164
34160	34165
34161	34166
34162	34168
34163	34171
34164	34173
34165	34174
34166	34174
34167	34174
34168	34175
34169	34176
34170	34176
34171	34178
34172	34179
34173	34179
34174	34180
34175	34180
34176	34181
34177	34183
34178	34184
34179	34184
34180	34187
34181	34187
34182	34187
34183	34187
34184	34189
34185	34190
34186	34192
34187	34193
34188	34195
34189	34198
34190	34198
34191	34198
34192	34198
34193	34199
34194	34199
34195	34201
34196	34203
34197	34204
34198	34204
34199	34205
34200	34205
34201	34207
34202	34208
34203	34208
34204	34209
34205	34209
34206	34209
34207	34210
34208	34212
34209	34215
34210	34217
34211	34218
34212	34220
34213	34223
34214	34225
34215	34226
34216	34226
34217	34227
34218	34227
34219	34229
34220	34230
34221	34230
34222	34231
34223	34231
34224	34233
34225	34234
34226	34234
34227	34235
34228	34235
34229	34236
34230	34238
34231	34241
34232	34241
34233	34241
34234	34241
34235	34242
34236	34242
34237	34243
34238	34244
34239	34245
34240	34247
34241	34250
34242	34250
34243	34250
34244	34250
34245	34251
34246	34251
34247	34253
34248	34254
34249	34256
34250	34257
34251	34259
34252	34262
34253	34262
34254	34262
34255	34262
34256	34263
34257	34263
34258	34266
34259	34267
34260	34268
34261	34268
34262	34270
34263	34271
34264	34271
34265	34272
34266	34272
34267	34274
34268	34275
34269	34275
34270	34276
34271	34276
34272	34277
34273	34279
34274	34281
34275	34282
34276	34283
34277	34283
34278	34285
34279	34286
34280	34286
34281	34287
34282	34287
34283	34288
34284	34288
34285	34290
34286	34291
34287	34293
34288	34294
34289	34296
34290	34299
34291	34299
34292	34299
34293	34299
34294	34300
34295	34300
34296	34303
34297	34305
34298	34306
34299	34306
34300	34307
34301	34307
34302	34308
34303	34309
34304	34309
34305	34310
34306	34311
34307	34311
34308	34312
34309	34314
34310	34317
34311	34319
34312	34320
34313	34320
34314	34321
34315	34321
34316	34323
34317	34324
34318	34324
34319	34325
34320	34325
34321	34327
34322	34328
34323	34328
34324	34329
34325	34329
34326	34330
34327	34332
34328	34333
34329	34333
34330	34335
34331	34335
34332	34335
34333	34336
34334	34338
34335	34339
34336	34341
34337	34342
34338	34343
34339	34346
34340	34346
34341	34346
34342	34346
34343	34349
34344	34351
34345	34351
34346	34352
34347	34352
34348	34354
34349	34355
34350	34355
34351	34356
34352	34356
34353	34358
34354	34359
34355	34359
34356	34360
34357	34360
34358	34363
34359	34365
34360	34366
34361	34368
34362	34370
34363	34370
34364	34370
34365	34371
34366	34371
34367	34372
34368	34374
34369	34376
34370	34376
34371	34376
34372	34377
34373	34377
34374	34379
34375	34380
34376	34382
34377	34383
34378	34383
34379	34385
34380	34385
34381	34385
34382	34386
34383	34388
34384	34390
34385	34390
34386	34390
34387	34391
34388	34391
34389	34393
34390	34394
34391	34396
34392	34397
34393	34397
34394	34400
34395	34400
34396	34400
34397	34400
34398	34400
34399	34402
34400	34403
34401	34405
34402	34406
34403	34408
34404	34411
34405	34413
34406	34414
34407	34416
34408	34418
34409	34418
34410	34418
34411	34419
34412	34419
34413	34420
34414	34422
34415	34425
34416	34425
34417	34425
34418	34425
34419	34426
34420	34426
34421	34428
34422	34429
34423	34431
34424	34432
34425	34432
34426	34435
34427	34435
34428	34435
34429	34435
34430	34436
34431	34437
34432	34438
34433	34438
34434	34439
34435	34440
34436	34442
34437	34443
34438	34443
34439	34446
34440	34446
34441	34446
34442	34446
34443	34447
34444	34449
34445	34452
34446	34454
34447	34455
34448	34455
34449	34456
34450	34456
34451	34458
34452	34458
34453	34458
34454	34460
34455	34461
34456	34461
34457	34462
34458	34462
34459	34463
34460	34465
34461	34465
34462	34468
34463	34468
34464	34468
34465	34468
34466	34471
34467	34473
34468	34474
34469	34476
34470	34477
34471	34479
34472	34482
34473	34482
34474	34482
34475	34482
34476	34483
34477	34483
34478	34485
34479	34487
34480	34488
34481	34488
34482	34489
34483	34489
34484	34491
34485	34492
34486	34492
34487	34492
34488	34493
34489	34494
34490	34495
34491	34497
34492	34498
34493	34498
34494	34501
34495	34501
34496	34501
34497	34501
34498	34502
34499	34503
34500	34505
34501	34508
34502	34510
34503	34510
34504	34510
34505	34512
34506	34513
34507	34513
34508	34514
34509	34514
34510	34515
34511	34516
34512	34516
34513	34517
34514	34519
34515	34520
34516	34520
34517	34523
34518	34523
34519	34523
34520	34523
34521	34525
34522	34526
34523	34528
34524	34529
34525	34531
34526	34532
34527	34532
34528	34535
34529	34535
34530	34535
34531	34535
34532	34538
34533	34539
34534	34540
34535	34540
34536	34541
34537	34542
34538	34542
34539	34543
34540	34544
34541	34544
34542	34545
34543	34546
34544	34547
34545	34549
34546	34550
34547	34550
34548	34552
34549	34552
34550	34552
34551	34552
34552	34553
34553	34555
34554	34556
34555	34558
34556	34559
34557	34561
34558	34564
34559	34566
34560	34567
34561	34568
34562	34571
34563	34571
34564	34571
34565	34571
34566	34572
34567	34574
34568	34577
34569	34577
34570	34577
34571	34577
34572	34578
34573	34578
34574	34580
34575	34581
34576	34583
34577	34584
34578	34584
34579	34587
34580	34587
34581	34587
34582	34587
34583	34588
34584	34589
34585	34589
34586	34591
34587	34592
34588	34594
34589	34595
34590	34595
34591	34598
34592	34598
34593	34598
34594	34598
34595	34599
34596	34601
34597	34601
34598	34604
34599	34604
34600	34604
34601	34604
34602	34605
34603	34607
34604	34610
34605	34612
34606	34612
34607	34613
34608	34613
34609	34615
34610	34616
34611	34616
34612	34616
34613	34617
34614	34617
34615	34618
34616	34620
34617	34621
34618	34621
34619	34624
34620	34624
34621	34624
34622	34624
34623	34627
34624	34629
34625	34630
34626	34632
34627	34633
34628	34635
34629	34638
34630	34638
34631	34638
34632	34638
34633	34639
34634	34639
34635	34642
34636	34643
34637	34644
34638	34644
34639	34646
34640	34647
34641	34647
34642	34648
34643	34648
34644	34650
34645	34651
34646	34651
34647	34652
34648	34652
34649	34653
34650	34653
34651	34655
34652	34656
34653	34658
34654	34659
34655	34661
34656	34664
34657	34664
34658	34664
34659	34664
34660	34664
34661	34666
34662	34668
34663	34669
34664	34669
34665	34670
34666	34670
34667	34672
34668	34673
34669	34673
34670	34674
34671	34674
34672	34675
34673	34677
34674	34680
34675	34682
34676	34683
34677	34683
34678	34684
34679	34684
34680	34686
34681	34687
34682	34687
34683	34688
34684	34688
34685	34690
34686	34691
34687	34691
34688	34692
34689	34692
34690	34693
34691	34695
34692	34696
34693	34696
34694	34699
34695	34699
34696	34699
34697	34699
34698	34701
34699	34702
34700	34704
34701	34705
34702	34707
34703	34708
34704	34708
34705	34711
34706	34711
34707	34711
34708	34711
34709	34714
34710	34716
34711	34717
34712	34717
34713	34717
34714	34719
34715	34720
34716	34720
34717	34721
34718	34721
34719	34722
34720	34723
34721	34723
34722	34724
34723	34726
34724	34727
34725	34729
34726	34729
34727	34732
34728	34732
34729	34732
34730	34732
34731	34735
34732	34736
34733	34737
34734	34737
34735	34739
34736	34740
34737	34740
34738	34741
34739	34741
34740	34742
34741	34743
34742	34743
34743	34746
34744	34748
34745	34749
34746	34751
34747	34753
34748	34755
34749	34756
34750	34758
34751	34759
34752	34759
34753	34762
34754	34762
34755	34762
34756	34762
34757	34763
34758	34765
34759	34767
34760	34767
34761	34767
34762	34768
34763	34768
34764	34770
34765	34771
34766	34773
34767	34774
34768	34774
34769	34777
34770	34777
34771	34777
34772	34777
34773	34778
34774	34780
34775	34781
34776	34781
34777	34783
34778	34783
34779	34783
34780	34784
34781	34786
34782	34789
34783	34791
34784	34792
34785	34792
34786	34793
34787	34793
34788	34795
34789	34796
34790	34796
34791	34796
34792	34798
34793	34799
34794	34799
34795	34800
34796	34800
34797	34801
34798	34802
34799	34805
34800	34805
34801	34805
34802	34805
34803	34806
34804	34808
34805	34810
34806	34812
34807	34813
34808	34815
34809	34818
34810	34818
34811	34818
34812	34818
34813	34819
34814	34819
34815	34819
34816	34821
34817	34821
34818	34822
34819	34824
34820	34825
34821	34825
34822	34828
34823	34828
34824	34828
34825	34828
34826	34829
34827	34831
34828	34834
34829	34836
34830	34837
34831	34837
34832	34838
34833	34838
34834	34840
34835	34841
34836	34841
34837	34842
34838	34842
34839	34844
34840	34845
34841	34845
34842	34845
34843	34846
34844	34848
34845	34849
34846	34849
34847	34852
34848	34852
34849	34852
34850	34852
34851	34854
34852	34855
34853	34857
34854	34858
34855	34860
34856	34863
34857	34865
34858	34865
34859	34866
34860	34866
34861	34868
34862	34869
34863	34869
34864	34870
34865	34870
34866	34872
34867	34873
34868	34873
34869	34874
34870	34874
34871	34875
34872	34877
34873	34880
34874	34880
34875	34880
34876	34880
34877	34880
34878	34882
34879	34883
34880	34884
34881	34886
34882	34889
34883	34889
34884	34889
34885	34889
34886	34890
34887	34890
34888	34892
34889	34892
34890	34893
34891	34895
34892	34896
34893	34896
34894	34899
34895	34899
34896	34899
34897	34899
34898	34900
34899	34902
34900	34905
34901	34907
34902	34908
34903	34909
34904	34910
34905	34910
34906	34911
34907	34913
34908	34916
34909	34916
34910	34916
34911	34916
34912	34917
34913	34917
34914	34919
34915	34919
34916	34920
34917	34922
34918	34924
34919	34924
34920	34924
34921	34925
34922	34925
34923	34927
34924	34928
34925	34930
34926	34931
34927	34931
34928	34934
34929	34934
34930	34934
34931	34934
34932	34935
34933	34936
34934	34936
34935	34937
34936	34939
34937	34940
34938	34942
34939	34943
34940	34943
34941	34946
34942	34946
34943	34946
34944	34946
34945	34949
34946	34951
34947	34952
34948	34952
34949	34953
34950	34953
34951	34955
34952	34956
34953	34956
34954	34957
34955	34957
34956	34959
34957	34959
34958	34960
34959	34960
34960	34962
34961	34962
34962	34963
34963	34965
34964	34966
34965	34967
34966	34968
34967	34970
34968	34973
34969	34973
34970	34973
34971	34973
34972	34973
34973	34976
34974	34978
34975	34979
34976	34980
34977	34981
34978	34981
34979	34982
34980	34984
34981	34985
34982	34985
34983	34986
34984	34986
34985	34987
34986	34987
34987	34988
34988	34989
34989	34990
34990	34991
34991	34991
34992	34994
34993	34996
34994	34997
34995	34999
34996	35000
34997	35002
34998	35005
34999	35007
35000	35008
35001	35010
35002	35013
35003	35015
35004	35016
35005	35017
35006	35018
35007	35018
35008	35019
35009	35021
35010	35023
35011	35023
35012	35023
35013	35024
35014	35024
35015	35026
35016	35027
35017	35029
35018	35029
35019	35032
35020	35032
35021	35032
35022	35032
35023	35033
35024	35035
35025	35037
35026	35037
35027	35037
35028	35037
35029	35039
35030	35040
35031	35042
35032	35043
35033	35043
35034	35046
35035	35046
35036	35046
35037	35046
35038	35047
35039	35049
35040	35050
35041	35050
35042	35053
35043	35053
35044	35053
35045	35053
35046	35054
35047	35056
35048	35059
35049	35061
35050	35062
35051	35062
35052	35062
35053	35064
35054	35065
35055	35065
35056	35065
35057	35067
35058	35068
35059	35068
35060	35069
35061	35069
35062	35070
35063	35072
35064	35073
35065	35073
35066	35076
35067	35076
35068	35076
35069	35076
35070	35077
35071	35078
35072	35079
35073	35081
35074	35084
35075	35086
35076	35087
35077	35087
35078	35088
35079	35088
35080	35090
35081	35091
35082	35091
35083	35092
35084	35092
35085	35094
35086	35095
35087	35095
35088	35095
35089	35096
35090	35098
35091	35099
35092	35099
35093	35102
35094	35102
35095	35102
35096	35102
35097	35104
35098	35105
35099	35107
35100	35108
35101	35110
35102	35113
35103	35113
35104	35115
35105	35115
35106	35116
35107	35116
35108	35118
35109	35119
35110	35119
35111	35120
35112	35120
35113	35121
35114	35123
35115	35126
35116	35126
35117	35126
35118	35126
35119	35127
35120	35127
35121	35130
35122	35131
35123	35132
35124	35134
35125	35136
35126	35136
35127	35136
35128	35137
35129	35137
35130	35139
35131	35139
35132	35140
35133	35141
35134	35143
35135	35143
35136	35143
35137	35145
35138	35146
35139	35148
35140	35149
35141	35149
35142	35152
35143	35152
35144	35152
35145	35152
35146	35153
35147	35155
35148	35156
35149	35156
35150	35159
35151	35159
35152	35159
35153	35159
35154	35160
35155	35162
35156	35164
35157	35166
35158	35167
35159	35169
35160	35172
35161	35172
35162	35172
35163	35172
35164	35173
35165	35173
35166	35173
35167	35175
35168	35176
35169	35178
35170	35179
35171	35179
35172	35182
35173	35182
35174	35182
35175	35182
35176	35183
35177	35184
35178	35185
35179	35185
35180	35186
35181	35188
35182	35189
35183	35191
35184	35192
35185	35192
35186	35195
35187	35195
35188	35195
35189	35195
35190	35198
35191	35200
35192	35201
35193	35201
35194	35202
35195	35202
35196	35204
35197	35205
35198	35205
35199	35206
35200	35206
35201	35208
35202	35209
35203	35209
35204	35209
35205	35211
35206	35212
35207	35214
35208	35215
35209	35217
35210	35218
35211	35220
35212	35223
35213	35223
35214	35223
35215	35223
35216	35224
35217	35224
35218	35227
35219	35229
35220	35230
35221	35230
35222	35231
35223	35231
35224	35233
35225	35234
35226	35234
35227	35234
35228	35236
35229	35237
35230	35237
35231	35238
35232	35238
35233	35241
35234	35243
35235	35244
35236	35246
35237	35248
35238	35248
35239	35248
35240	35249
35241	35249
35242	35250
35243	35251
35244	35252
35245	35252
35246	35253
35247	35254
35248	35256
35249	35259
35250	35259
35251	35259
35252	35259
35253	35260
35254	35260
35255	35261
35256	35262
35257	35264
35258	35265
35259	35265
35260	35268
35261	35268
35262	35268
35263	35268
35264	35269
35265	35271
35266	35272
35267	35274
35268	35275
35269	35277
35270	35280
35271	35280
35272	35280
35273	35280
35274	35281
35275	35281
35276	35284
35277	35286
35278	35287
35279	35287
35280	35288
35281	35288
35282	35290
35283	35291
35284	35291
35285	35292
35286	35292
35287	35294
35288	35295
35289	35295
35290	35296
35291	35296
35292	35299
35293	35301
35294	35302
35295	35303
35296	35304
35297	35304
35298	35305
35299	35307
35300	35309
35301	35309
35302	35309
35303	35310
35304	35310
35305	35312
35306	35313
35307	35314
35308	35315
35309	35315
35310	35316
35311	35318
35312	35321
35313	35321
35314	35321
35315	35321
35316	35322
35317	35322
35318	35324
35319	35325
35320	35327
35321	35328
35322	35328
35323	35331
35324	35331
35325	35331
35326	35331
35327	35331
35328	35332
35329	35334
35330	35337
35331	35339
35332	35340
35333	35342
35334	35344
35335	35346
35336	35346
35337	35347
35338	35347
35339	35349
35340	35350
35341	35350
35342	35350
35343	35351
35344	35353
35345	35356
35346	35356
35347	35356
35348	35356
35349	35357
35350	35357
35351	35358
35352	35360
35353	35363
35354	35365
35355	35366
35356	35366
35357	35367
35358	35367
35359	35369
35360	35370
35361	35370
35362	35371
35363	35371
35364	35373
35365	35374
35366	35374
35367	35375
35368	35375
35369	35376
35370	35378
35371	35381
35372	35381
35373	35381
35374	35381
35375	35382
35376	35382
35377	35384
35378	35385
35379	35387
35380	35388
35381	35390
35382	35393
35383	35393
35384	35393
35385	35393
35386	35394
35387	35394
35388	35396
35389	35397
35390	35398
35391	35398
35392	35400
35393	35401
35394	35401
35395	35401
35396	35402
35397	35404
35398	35407
35399	35409
35400	35410
35401	35410
35402	35411
35403	35411
35404	35413
35405	35414
35406	35414
35407	35414
35408	35416
35409	35417
35410	35417
35411	35418
35412	35418
35413	35419
35414	35421
35415	35421
35416	35424
35417	35424
35418	35424
35419	35424
35420	35426
35421	35427
35422	35429
35423	35430
35424	35432
35425	35435
35426	35435
35427	35435
35428	35435
35429	35436
35430	35436
35431	35439
35432	35441
35433	35442
35434	35442
35435	35443
35436	35443
35437	35444
35438	35445
35439	35445
35440	35447
35441	35448
35442	35448
35443	35449
35444	35449
35445	35449
35446	35450
35447	35452
35448	35453
35449	35454
35450	35455
35451	35456
35452	35456
35453	35459
35454	35461
35455	35462
35456	35463
35457	35464
35458	35464
35459	35465
35460	35467
35461	35469
35462	35469
35463	35469
35464	35470
35465	35470
35466	35472
35467	35473
35468	35475
35469	35476
35470	35476
35471	35478
35472	35478
35473	35478
35474	35479
35475	35481
35476	35484
35477	35484
35478	35484
35479	35484
35480	35485
35481	35485
35482	35487
35483	35487
35484	35488
35485	35490
35486	35491
35487	35491
35488	35494
35489	35494
35490	35494
35491	35494
35492	35496
35493	35498
35494	35499
35495	35501
35496	35502
35497	35504
35498	35507
35499	35509
35500	35510
35501	35511
35502	35512
35503	35512
35504	35513
35505	35515
35506	35516
35507	35516
35508	35517
35509	35517
35510	35519
35511	35519
35512	35520
35513	35522
35514	35524
35515	35524
35516	35524
35517	35525
35518	35525
35519	35527
35520	35528
35521	35530
35522	35531
35523	35531
35524	35534
35525	35534
35526	35534
35527	35534
35528	35535
35529	35537
35530	35538
35531	35538
35532	35541
35533	35541
35534	35541
35535	35541
35536	35542
35537	35544
35538	35547
35539	35549
35540	35550
35541	35550
35542	35550
35543	35552
35544	35553
35545	35553
35546	35553
35547	35555
35548	35555
35549	35556
35550	35556
35551	35557
35552	35558
35553	35561
35554	35561
35555	35561
35556	35561
35557	35563
35558	35565
35559	35566
35560	35568
35561	35569
35562	35570
35563	35573
35564	35573
35565	35573
35566	35573
35567	35575
35568	35577
35569	35578
35570	35578
35571	35579
35572	35579
35573	35581
35574	35582
35575	35582
35576	35583
35577	35583
35578	35584
35579	35585
35580	35586
35581	35587
35582	35588
35583	35588
35584	35590
35585	35591
35586	35593
35587	35594
35588	35596
35589	35597
35590	35597
35591	35600
35592	35600
35593	35600
35594	35600
35595	35601
35596	35602
35597	35603
35598	35603
35599	35604
35600	35606
35601	35607
35602	35609
35603	35610
35604	35610
35605	35613
35606	35613
35607	35613
35608	35613
35609	35616
35610	35618
35611	35618
35612	35619
35613	35619
35614	35621
35615	35622
35616	35622
35617	35623
35618	35623
35619	35624
35620	35625
35621	35625
35622	35626
35623	35628
35624	35630
35625	35632
35626	35632
35627	35633
35628	35635
35629	35638
35630	35640
35631	35641
35632	35641
35633	35641
35634	35643
35635	35644
35636	35644
35637	35645
35638	35645
35639	35647
35640	35648
35641	35648
35642	35649
35643	35649
35644	35650
35645	35652
35646	35655
35647	35655
35648	35655
35649	35655
35650	35656
35651	35656
35652	35658
35653	35659
35654	35661
35655	35662
35656	35664
35657	35667
35658	35667
35659	35667
35660	35667
35661	35668
35662	35668
35663	35671
35664	35673
35665	35674
35666	35674
35667	35675
35668	35675
35669	35676
35670	35677
35671	35677
35672	35679
35673	35680
35674	35680
35675	35681
35676	35681
35677	35681
35678	35682
35679	35684
35680	35685
35681	35687
35682	35688
35683	35690
35684	35693
35685	35693
35686	35693
35687	35693
35688	35694
35689	35694
35690	35697
35691	35699
35692	35700
35693	35700
35694	35701
35695	35701
35696	35703
35697	35704
35698	35704
35699	35705
35700	35705
35701	35707
35702	35708
35703	35708
35704	35709
35705	35709
35706	35712
35707	35714
35708	35715
35709	35716
35710	35718
35711	35718
35712	35718
35713	35719
35714	35721
35715	35723
35716	35723
35717	35723
35718	35724
35719	35724
35720	35726
35721	35727
35722	35729
35723	35730
35724	35730
35725	35732
35726	35732
35727	35732
35728	35733
35729	35735
35730	35738
35731	35738
35732	35738
35733	35738
35734	35739
35735	35739
35736	35741
35737	35741
35738	35742
35739	35744
35740	35745
35741	35745
35742	35748
35743	35748
35744	35748
35745	35748
35746	35750
35747	35751
35748	35753
35749	35754
35750	35756
35751	35757
35752	35759
35753	35762
35754	35764
35755	35765
35756	35765
35757	35766
35758	35766
35759	35768
35760	35769
35761	35769
35762	35770
35763	35770
35764	35772
35765	35773
35766	35773
35767	35774
35768	35774
35769	35775
35770	35776
35771	35779
35772	35779
35773	35779
35774	35779
35775	35782
35776	35784
35777	35785
35778	35786
35779	35786
35780	35787
35781	35789
35782	35792
35783	35792
35784	35792
35785	35792
35786	35793
35787	35793
35788	35795
35789	35796
35790	35798
35791	35799
35792	35799
35793	35801
35794	35801
35795	35801
35796	35802
35797	35804
35798	35807
35799	35807
35800	35807
35801	35807
35802	35808
35803	35808
35804	35810
35805	35811
35806	35812
35807	35812
35808	35813
35809	35815
35810	35816
35811	35816
35812	35819
35813	35819
35814	35819
35815	35819
35816	35822
35817	35824
35818	35825
35819	35827
35820	35829
35821	35831
35822	35832
35823	35832
35824	35833
35825	35833
35826	35835
35827	35836
35828	35836
35829	35837
35830	35837
35831	35838
35832	35840
35833	35842
35834	35842
35835	35842
35836	35843
35837	35843
35838	35843
35839	35845
35840	35846
35841	35847
35842	35848
35843	35850
35844	35853
35845	35853
35846	35853
35847	35853
35848	35854
35849	35854
35850	35855
35851	35857
35852	35860
35853	35862
35854	35863
35855	35863
35856	35864
35857	35864
35858	35866
35859	35866
35860	35867
35861	35867
35862	35869
35863	35870
35864	35870
35865	35870
35866	35871
35867	35873
35868	35874
35869	35874
35870	35877
35871	35877
35872	35877
35873	35877
35874	35878
35875	35879
35876	35881
35877	35882
35878	35884
35879	35885
35880	35885
35881	35888
35882	35888
35883	35888
35884	35888
35885	35891
35886	35893
35887	35894
35888	35894
35889	35895
35890	35895
35891	35897
35892	35897
35893	35898
35894	35898
35895	35899
35896	35900
35897	35900
35898	35901
35899	35903
35900	35904
35901	35906
35902	35907
35903	35909
35904	35912
35905	35914
35906	35915
35907	35915
35908	35916
35909	35916
35910	35918
35911	35919
35912	35919
35913	35920
35914	35920
35915	35922
35916	35923
35917	35923
35918	35924
35919	35924
35920	35925
35921	35927
35922	35930
35923	35930
35924	35930
35925	35930
35926	35931
35927	35931
35928	35934
35929	35936
35930	35937
35931	35938
35932	35940
35933	35940
35934	35940
35935	35941
35936	35943
35937	35945
35938	35945
35939	35945
35940	35946
35941	35946
35942	35948
35943	35949
35944	35950
35945	35951
35946	35951
35947	35952
35948	35954
35949	35957
35950	35957
35951	35957
35952	35957
35953	35958
35954	35958
35955	35960
35956	35961
35957	35963
35958	35964
35959	35964
35960	35967
35961	35967
35962	35967
35963	35967
35964	35968
35965	35970
35966	35971
35967	35971
35968	35974
35969	35974
35970	35974
35971	35974
35972	35976
35973	35978
35974	35978
35975	35979
35976	35981
35977	35983
35978	35985
35979	35986
35980	35986
35981	35987
35982	35987
35983	35989
35984	35990
35985	35990
35986	35991
35987	35991
35988	35992
35989	35994
35990	35997
35991	35997
35992	35997
35993	35997
35994	35998
35995	35998
35996	35999
35997	36000
35998	36002
35999	36003
36000	36005
36001	36006
36002	36006
36003	36009
36004	36009
36005	36009
36006	36009
36007	36012
36008	36014
36009	36015
36010	36015
36011	36016
36012	36016
36013	36018
36014	36018
36015	36019
36016	36019
36017	36020
36018	36021
36019	36021
36020	36022
36021	36024
36022	36027
36023	36029
36024	36030
36025	36032
36026	36035
36027	36037
36028	36038
36029	36040
36030	36042
36031	36044
36032	36045
36033	36045
36034	36046
36035	36046
36036	36048
36037	36048
36038	36049
36039	36049
36040	36050
36041	36052
36042	36055
36043	36055
36044	36055
36045	36055
36046	36056
36047	36056
36048	36057
36049	36059
36050	36062
36051	36064
36052	36065
36053	36065
36054	36066
36055	36066
36056	36068
36057	36068
36058	36069
36059	36069
36060	36071
36061	36072
36062	36072
36063	36073
36064	36073
36065	36074
36066	36076
36067	36079
36068	36079
36069	36079
36070	36079
36071	36080
36072	36080
36073	36082
36074	36083
36075	36085
36076	36086
36077	36088
36078	36091
36079	36091
36080	36091
36081	36091
36082	36092
36083	36092
36084	36095
36085	36097
36086	36097
36087	36098
36088	36098
36089	36099
36090	36100
36091	36100
36092	36102
36093	36103
36094	36103
36095	36104
36096	36104
36097	36105
36098	36107
36099	36110
36100	36112
36101	36113
36102	36113
36103	36114
36104	36114
36105	36116
36106	36116
36107	36117
36108	36117
36109	36119
36110	36120
36111	36120
36112	36120
36113	36121
36114	36123
36115	36124
36116	36124
36117	36127
36118	36127
36119	36127
36120	36127
36121	36129
36122	36130
36123	36131
36124	36134
36125	36136
36126	36136
36127	36137
36128	36137
36129	36139
36130	36140
36131	36140
36132	36141
36133	36141
36134	36143
36135	36143
36136	36144
36137	36144
36138	36145
36139	36146
36140	36149
36141	36151
36142	36152
36143	36152
36144	36152
36145	36154
36146	36154
36147	36155
36148	36155
36149	36156
36150	36157
36151	36157
36152	36158
36153	36160
36154	36163
36155	36165
36156	36166
36157	36167
36158	36167
36159	36168
36160	36170
36161	36172
36162	36172
36163	36172
36164	36173
36165	36173
36166	36175
36167	36175
36168	36175
36169	36177
36170	36178
36171	36180
36172	36181
36173	36181
36174	36183
36175	36183
36176	36183
36177	36184
36178	36186
36179	36189
36180	36189
36181	36189
36182	36189
36183	36190
36184	36190
36185	36191
36186	36193
36187	36194
36188	36196
36189	36197
36190	36197
36191	36200
36192	36200
36193	36200
36194	36200
36195	36203
36196	36205
36197	36206
36198	36206
36199	36207
36200	36207
36201	36209
36202	36210
36203	36210
36204	36211
36205	36211
36206	36213
36207	36214
36208	36214
36209	36214
36210	36214
36211	36216
36212	36217
36213	36219
36214	36220
36215	36222
36216	36225
36217	36227
36218	36228
36219	36230
36220	36233
36221	36233
36222	36233
36223	36233
36224	36234
36225	36234
36226	36235
36227	36237
36228	36239
36229	36239
36230	36239
36231	36240
36232	36240
36233	36242
36234	36243
36235	36245
36236	36246
36237	36246
36238	36249
36239	36249
36240	36249
36241	36249
36242	36250
36243	36252
36244	36255
36245	36255
36246	36255
36247	36255
36248	36256
36249	36256
36250	36258
36251	36259
36252	36260
36253	36261
36254	36261
36255	36262
36256	36264
36257	36265
36258	36265
36259	36268
36260	36268
36261	36268
36262	36268
36263	36269
36264	36271
36265	36274
36266	36276
36267	36277
36268	36277
36269	36278
36270	36278
36271	36280
36272	36281
36273	36281
36274	36282
36275	36282
36276	36284
36277	36285
36278	36285
36279	36285
36280	36286
36281	36288
36282	36289
36283	36289
36284	36292
36285	36292
36286	36292
36287	36292
36288	36295
36289	36296
36290	36297
36291	36299
36292	36302
36293	36304
36294	36304
36295	36304
36296	36306
36297	36307
36298	36307
36299	36308
36300	36308
36301	36310
36302	36311
36303	36311
36304	36312
36305	36312
36306	36313
36307	36315
36308	36316
36309	36316
36310	36319
36311	36319
36312	36319
36313	36319
36314	36321
36315	36322
36316	36324
36317	36325
36318	36327
36319	36330
36320	36330
36321	36330
36322	36330
36323	36331
36324	36331
36325	36333
36326	36335
36327	36336
36328	36336
36329	36337
36330	36337
36331	36339
36332	36340
36333	36340
36334	36341
36335	36341
36336	36342
36337	36344
36338	36347
36339	36349
36340	36349
36341	36350
36342	36350
36343	36351
36344	36352
36345	36352
36346	36354
36347	36355
36348	36355
36349	36356
36350	36356
36351	36357
36352	36359
36353	36360
36354	36360
36355	36363
36356	36363
36357	36363
36358	36363
36359	36365
36360	36366
36361	36368
36362	36368
36363	36371
36364	36372
36365	36372
36366	36374
36367	36375
36368	36375
36369	36376
36370	36376
36371	36377
36372	36378
36373	36378
36374	36379
36375	36381
36376	36382
36377	36384
36378	36384
36379	36387
36380	36387
36381	36387
36382	36387
36383	36390
36384	36392
36385	36392
36386	36393
36387	36393
36388	36394
36389	36395
36390	36395
36391	36396
36392	36397
36393	36397
36394	36398
36395	36400
36396	36402
36397	36404
36398	36405
36399	36407
36400	36408
36401	36410
36402	36413
36403	36413
36404	36413
36405	36413
36406	36414
36407	36414
36408	36417
36409	36418
36410	36419
36411	36419
36412	36421
36413	36422
36414	36422
36415	36423
36416	36423
36417	36425
36418	36426
36419	36426
36420	36427
36421	36427
36422	36427
36423	36429
36424	36429
36425	36430
36426	36432
36427	36435
36428	36437
36429	36438
36430	36438
36431	36439
36432	36439
36433	36441
36434	36442
36435	36442
36436	36443
36437	36443
36438	36445
36439	36446
36440	36446
36441	36446
36442	36447
36443	36449
36444	36450
36445	36450
36446	36453
36447	36453
36448	36453
36449	36453
36450	36454
36451	36456
36452	36457
36453	36459
36454	36460
36455	36462
36456	36465
36457	36465
36458	36465
36459	36465
36460	36466
36461	36466
36462	36469
36463	36471
36464	36472
36465	36472
36466	36473
36467	36473
36468	36475
36469	36476
36470	36476
36471	36477
36472	36477
36473	36479
36474	36480
36475	36480
36476	36481
36477	36481
36478	36484
36479	36486
36480	36487
36481	36489
36482	36491
36483	36491
36484	36491
36485	36492
36486	36492
36487	36493
36488	36495
36489	36497
36490	36497
36491	36497
36492	36498
36493	36498
36494	36500
36495	36501
36496	36503
36497	36504
36498	36504
36499	36506
36500	36506
36501	36506
36502	36507
36503	36509
36504	36512
36505	36512
36506	36512
36507	36512
36508	36513
36509	36513
36510	36515
36511	36516
36512	36518
36513	36519
36514	36519
36515	36522
36516	36522
36517	36522
36518	36522
36519	36522
36520	36524
36521	36525
36522	36527
36523	36528
36524	36530
36525	36533
36526	36535
36527	36536
36528	36537
36529	36538
36530	36538
36531	36539
36532	36541
36533	36544
36534	36544
36535	36544
36536	36544
36537	36545
36538	36545
36539	36547
36540	36548
36541	36550
36542	36551
36543	36551
36544	36554
36545	36554
36546	36554
36547	36554
36548	36555
36549	36557
36550	36559
36551	36559
36552	36559
36553	36560
36554	36560
36555	36562
36556	36563
36557	36565
36558	36566
36559	36566
36560	36569
36561	36569
36562	36569
36563	36569
36564	36570
36565	36572
36566	36572
36567	36574
36568	36574
36569	36574
36570	36575
36571	36577
36572	36580
36573	36582
36574	36583
36575	36583
36576	36584
36577	36584
36578	36586
36579	36587
36580	36587
36581	36587
36582	36589
36583	36590
36584	36590
36585	36591
36586	36591
36587	36592
36588	36594
36589	36595
36590	36595
36591	36598
36592	36598
36593	36598
36594	36598
36595	36599
36596	36601
36597	36602
36598	36604
36599	36605
36600	36607
36601	36610
36602	36610
36603	36610
36604	36610
36605	36611
36606	36611
36607	36613
36608	36615
36609	36616
36610	36616
36611	36617
36612	36617
36613	36619
36614	36620
36615	36620
36616	36621
36617	36621
36618	36621
36619	36622
36620	36624
36621	36627
36622	36629
36623	36630
36624	36631
36625	36632
36626	36634
36627	36637
36628	36637
36629	36637
36630	36637
36631	36638
36632	36638
36633	36639
36634	36641
36635	36644
36636	36646
36637	36647
36638	36647
36639	36648
36640	36648
36641	36650
36642	36651
36643	36651
36644	36652
36645	36652
36646	36654
36647	36655
36648	36655
36649	36656
36650	36656
36651	36657
36652	36659
36653	36662
36654	36662
36655	36662
36656	36662
36657	36663
36658	36663
36659	36665
36660	36666
36661	36667
36662	36668
36663	36670
36664	36673
36665	36673
36666	36673
36667	36673
36668	36674
36669	36674
36670	36675
36671	36677
36672	36680
36673	36682
36674	36683
36675	36683
36676	36684
36677	36684
36678	36686
36679	36687
36680	36687
36681	36688
36682	36688
36683	36690
36684	36691
36685	36691
36686	36692
36687	36692
36688	36693
36689	36695
36690	36696
36691	36696
36692	36699
36693	36699
36694	36699
36695	36699
36696	36701
36697	36702
36698	36704
36699	36705
36700	36707
36701	36710
36702	36710
36703	36710
36704	36710
36705	36711
36706	36711
36707	36714
36708	36716
36709	36717
36710	36717
36711	36718
36712	36718
36713	36719
36714	36720
36715	36720
36716	36722
36717	36723
36718	36723
36719	36724
36720	36724
36721	36725
36722	36727
36723	36729
36724	36730
36725	36730
36726	36731
36727	36732
36728	36732
36729	36733
36730	36735
36731	36736
36732	36736
36733	36739
36734	36739
36735	36739
36736	36739
36737	36740
36738	36742
36739	36743
36740	36745
36741	36746
36742	36747
36743	36750
36744	36750
36745	36750
36746	36750
36747	36753
36748	36755
36749	36756
36750	36756
36751	36757
36752	36757
36753	36759
36754	36760
36755	36760
36756	36761
36757	36761
36758	36763
36759	36764
36760	36764
36761	36765
36762	36765
36763	36768
36764	36770
36765	36771
36766	36773
36767	36775
36768	36775
36769	36775
36770	36776
36771	36776
36772	36777
36773	36779
36774	36781
36775	36781
36776	36781
36777	36781
36778	36783
36779	36784
36780	36786
36781	36787
36782	36787
36783	36789
36784	36789
36785	36789
36786	36790
36787	36792
36788	36795
36789	36795
36790	36795
36791	36795
36792	36796
36793	36796
36794	36798
36795	36798
36796	36799
36797	36801
36798	36802
36799	36802
36800	36805
36801	36805
36802	36805
36803	36805
36804	36806
36805	36808
36806	36809
36807	36811
36808	36812
36809	36814
36810	36817
36811	36819
36812	36820
36813	36822
36814	36825
36815	36825
36816	36825
36817	36825
36818	36826
36819	36826
36820	36827
36821	36827
36822	36829
36823	36830
36824	36832
36825	36833
36826	36833
36827	36836
36828	36836
36829	36836
36830	36836
36831	36837
36832	36839
36833	36842
36834	36842
36835	36842
36836	36842
36837	36843
36838	36843
36839	36845
36840	36846
36841	36848
36842	36849
36843	36849
36844	36852
36845	36852
36846	36852
36847	36852
36848	36853
36849	36855
36850	36856
36851	36856
36852	36859
36853	36859
36854	36859
36855	36859
36856	36860
36857	36862
36858	36865
36859	36867
36860	36868
36861	36868
36862	36869
36863	36869
36864	36871
36865	36872
36866	36872
36867	36872
36868	36874
36869	36875
36870	36875
36871	36876
36872	36876
36873	36877
36874	36879
36875	36879
36876	36882
36877	36882
36878	36882
36879	36882
36880	36885
36881	36887
36882	36888
36883	36890
36884	36891
36885	36893
36886	36896
36887	36896
36888	36896
36889	36896
36890	36897
36891	36897
36892	36899
36893	36901
36894	36902
36895	36902
36896	36903
36897	36903
36898	36905
36899	36906
36900	36906
36901	36907
36902	36907
36903	36908
36904	36910
36905	36913
36906	36915
36907	36916
36908	36916
36909	36917
36910	36917
36911	36919
36912	36920
36913	36920
36914	36921
36915	36921
36916	36923
36917	36924
36918	36924
36919	36925
36920	36925
36921	36926
36922	36928
36923	36929
36924	36929
36925	36932
36926	36932
36927	36932
36928	36932
36929	36934
36930	36935
36931	36937
36932	36938
36933	36940
36934	36943
36935	36943
36936	36943
36937	36943
36938	36944
36939	36944
36940	36947
36941	36949
36942	36950
36943	36950
36944	36951
36945	36951
36946	36951
36947	36953
36948	36954
36949	36954
36950	36955
36951	36955
36952	36956
36953	36958
36954	36961
36955	36962
36956	36962
36957	36964
36958	36965
36959	36965
36960	36966
36961	36966
36962	36968
36963	36968
36964	36969
36965	36969
36966	36970
36967	36971
36968	36971
36969	36973
36970	36974
36971	36976
36972	36977
36973	36979
36974	36980
36975	36980
36976	36983
36977	36983
36978	36983
36979	36983
36980	36986
36981	36988
36982	36989
36983	36989
36984	36989
36985	36991
36986	36992
36987	36992
36988	36993
36989	36993
36990	36994
36991	36995
36992	36995
36993	36996
36994	36998
36995	36999
36996	37001
36997	37002
36998	37002
36999	37005
37000	37005
37001	37005
37002	37005
37003	37008
37004	37010
37005	37010
37006	37011
37007	37011
37008	37013
37009	37014
37010	37014
37011	37015
37012	37015
37013	37016
37014	37017
37015	37017
37016	37020
37017	37022
37018	37023
37019	37025
37020	37027
37021	37029
37022	37029
37023	37030
37024	37031
37025	37032
37026	37032
37027	37034
37028	37035
37029	37037
37030	37037
37031	37040
37032	37040
37033	37040
37034	37040
37035	37040
37036	37041
37037	37043
37038	37046
37039	37048
37040	37049
37041	37049
37042	37050
37043	37050
37044	37052
37045	37052
37046	37052
37047	37052
37048	37053
37049	37055
37050	37056
37051	37056
37052	37059
37053	37059
37054	37059
37055	37059
37056	37060
37057	37062
37058	37064
37059	37066
37060	37067
37061	37069
37062	37070
37063	37070
37064	37073
37065	37073
37066	37073
37067	37073
37068	37074
37069	37076
37070	37078
37071	37078
37072	37078
37073	37079
37074	37079
37075	37081
37076	37082
37077	37084
37078	37085
37079	37085
37080	37087
37081	37087
37082	37087
37083	37088
37084	37090
37085	37091
37086	37091
37087	37094
37088	37094
37089	37094
37090	37094
37091	37095
37092	37096
37093	37099
37094	37101
37095	37102
37096	37102
37097	37103
37098	37103
37099	37105
37100	37106
37101	37106
37102	37107
37103	37107
37104	37109
37105	37110
37106	37110
37107	37110
37108	37112
37109	37113
37110	37115
37111	37116
37112	37118
37113	37121
37114	37123
37115	37124
37116	37124
37117	37124
37118	37126
37119	37127
37120	37127
37121	37128
37122	37128
37123	37130
37124	37131
37125	37131
37126	37132
37127	37132
37128	37133
37129	37135
37130	37138
37131	37138
37132	37138
37133	37138
37134	37139
37135	37139
37136	37141
37137	37142
37138	37143
37139	37145
37140	37148
37141	37148
37142	37148
37143	37148
37144	37149
37145	37149
37146	37151
37147	37152
37148	37154
37149	37155
37150	37155
37151	37158
37152	37158
37153	37158
37154	37158
37155	37158
37156	37159
37157	37161
37158	37164
37159	37166
37160	37167
37161	37169
37162	37172
37163	37172
37164	37172
37165	37172
37166	37173
37167	37173
37168	37174
37169	37175
37170	37176
37171	37176
37172	37178
37173	37179
37174	37181
37175	37182
37176	37182
37177	37185
37178	37185
37179	37185
37180	37185
37181	37186
37182	37187
37183	37188
37184	37188
37185	37190
37186	37190
37187	37191
37188	37193
37189	37196
37190	37196
37191	37196
37192	37196
37193	37197
37194	37197
37195	37198
37196	37200
37197	37201
37198	37203
37199	37204
37200	37204
37201	37207
37202	37207
37203	37207
37204	37207
37205	37210
37206	37212
37207	37213
37208	37213
37209	37214
37210	37214
37211	37216
37212	37217
37213	37217
37214	37218
37215	37218
37216	37220
37217	37221
37218	37221
37219	37221
37220	37223
37221	37224
37222	37226
37223	37227
37224	37229
37225	37230
37226	37232
37227	37235
37228	37235
37229	37235
37230	37235
37231	37236
37232	37236
37233	37239
37234	37241
37235	37242
37236	37242
37237	37243
37238	37243
37239	37244
37240	37245
37241	37245
37242	37247
37243	37248
37244	37248
37245	37249
37246	37249
37247	37252
37248	37254
37249	37255
37250	37257
37251	37259
37252	37259
37253	37259
37254	37260
37255	37260
37256	37261
37257	37262
37258	37262
37259	37264
37260	37264
37261	37265
37262	37266
37263	37267
37264	37267
37265	37268
37266	37269
37267	37271
37268	37272
37269	37272
37270	37275
37271	37275
37272	37275
37273	37275
37274	37275
37275	37277
37276	37278
37277	37280
37278	37281
37279	37283
37280	37286
37281	37288
37282	37289
37283	37290
37284	37291
37285	37293
37286	37296
37287	37298
37288	37299
37289	37299
37290	37300
37291	37300
37292	37302
37293	37303
37294	37303
37295	37303
37296	37305
37297	37306
37298	37306
37299	37307
37300	37307
37301	37308
37302	37310
37303	37311
37304	37311
37305	37314
37306	37314
37307	37314
37308	37314
37309	37315
37310	37317
37311	37320
37312	37322
37313	37323
37314	37324
37315	37325
37316	37325
37317	37326
37318	37327
37319	37328
37320	37328
37321	37330
37322	37331
37323	37333
37324	37333
37325	37336
37326	37336
37327	37336
37328	37336
37329	37337
37330	37339
37331	37341
37332	37341
37333	37341
37334	37341
37335	37343
37336	37344
37337	37346
37338	37347
37339	37347
37340	37350
37341	37350
37342	37350
37343	37350
37344	37351
37345	37353
37346	37354
37347	37354
37348	37357
37349	37357
37350	37357
37351	37357
37352	37358
37353	37360
37354	37363
37355	37365
37356	37365
37357	37366
37358	37366
37359	37368
37360	37369
37361	37369
37362	37370
37363	37370
37364	37372
37365	37373
37366	37373
37367	37373
37368	37374
37369	37376
37370	37377
37371	37377
37372	37380
37373	37380
37374	37380
37375	37380
37376	37382
37377	37383
37378	37385
37379	37386
37380	37388
37381	37391
37382	37391
37383	37393
37384	37393
37385	37394
37386	37394
37387	37396
37388	37397
37389	37397
37390	37398
37391	37398
37392	37399
37393	37401
37394	37404
37395	37404
37396	37404
37397	37404
37398	37405
37399	37405
37400	37408
37401	37410
37402	37410
37403	37411
37404	37412
37405	37414
37406	37414
37407	37414
37408	37415
37409	37416
37410	37418
37411	37420
37412	37420
37413	37420
37414	37421
37415	37421
37416	37423
37417	37424
37418	37426
37419	37427
37420	37427
37421	37430
37422	37430
37423	37430
37424	37430
37425	37431
37426	37433
37427	37434
37428	37434
37429	37437
37430	37437
37431	37437
37432	37437
37433	37438
37434	37440
37435	37442
37436	37444
37437	37444
37438	37445
37439	37447
37440	37450
37441	37450
37442	37450
37443	37450
37444	37451
37445	37451
37446	37453
37447	37454
37448	37456
37449	37457
37450	37457
37451	37460
37452	37460
37453	37460
37454	37460
37455	37461
37456	37462
37457	37463
37458	37463
37459	37464
37460	37466
37461	37467
37462	37469
37463	37470
37464	37470
37465	37473
37466	37473
37467	37473
37468	37473
37469	37476
37470	37478
37471	37479
37472	37479
37473	37480
37474	37480
37475	37482
37476	37483
37477	37483
37478	37484
37479	37484
37480	37486
37481	37486
37482	37487
37483	37487
37484	37489
37485	37490
37486	37492
37487	37493
37488	37495
37489	37496
37490	37498
37491	37501
37492	37501
37493	37501
37494	37501
37495	37501
37496	37504
37497	37506
37498	37507
37499	37507
37500	37508
37501	37508
37502	37510
37503	37511
37504	37511
37505	37512
37506	37512
37507	37514
37508	37515
37509	37515
37510	37516
37511	37516
37512	37519
37513	37521
37514	37522
37515	37524
37516	37526
37517	37526
37518	37526
37519	37527
37520	37527
37521	37528
37522	37529
37523	37530
37524	37530
37525	37532
37526	37533
37527	37534
37528	37535
37529	37535
37530	37536
37531	37538
37532	37541
37533	37541
37534	37541
37535	37541
37536	37542
37537	37542
37538	37544
37539	37544
37540	37545
37541	37547
37542	37548
37543	37548
37544	37551
37545	37551
37546	37551
37547	37551
37548	37552
37549	37554
37550	37555
37551	37557
37552	37558
37553	37560
37554	37563
37555	37563
37556	37563
37557	37563
37558	37564
37559	37564
37560	37567
37561	37569
37562	37570
37563	37570
37564	37570
37565	37572
37566	37573
37567	37573
37568	37574
37569	37574
37570	37576
37571	37577
37572	37577
37573	37578
37574	37578
37575	37581
37576	37583
37577	37584
37578	37585
37579	37586
37580	37586
37581	37587
37582	37589
37583	37591
37584	37591
37585	37591
37586	37592
37587	37592
37588	37593
37589	37594
37590	37596
37591	37599
37592	37599
37593	37599
37594	37599
37595	37600
37596	37600
37597	37601
37598	37602
37599	37604
37600	37605
37601	37605
37602	37608
37603	37608
37604	37608
37605	37608
37606	37609
37607	37611
37608	37614
37609	37616
37610	37617
37611	37619
37612	37622
37613	37624
37614	37625
37615	37625
37616	37626
37617	37626
37618	37628
37619	37629
37620	37629
37621	37630
37622	37630
37623	37632
37624	37633
37625	37633
37626	37634
37627	37634
37628	37635
37629	37637
37630	37640
37631	37640
37632	37640
37633	37640
37634	37641
37635	37641
37636	37642
37637	37644
37638	37646
37639	37648
37640	37649
37641	37649
37642	37649
37643	37651
37644	37652
37645	37652
37646	37652
37647	37653
37648	37655
37649	37658
37650	37658
37651	37658
37652	37658
37653	37659
37654	37659
37655	37661
37656	37662
37657	37664
37658	37665
37659	37667
37660	37670
37661	37670
37662	37670
37663	37670
37664	37671
37665	37671
37666	37674
37667	37675
37668	37676
37669	37676
37670	37678
37671	37679
37672	37679
37673	37680
37674	37680
37675	37682
37676	37683
37677	37683
37678	37684
37679	37684
37680	37684
37681	37686
37682	37687
37683	37689
37684	37690
37685	37692
37686	37695
37687	37695
37688	37695
37689	37695
37690	37696
37691	37696
37692	37698
37693	37700
37694	37701
37695	37701
37696	37701
37697	37702
37698	37703
37699	37703
37700	37704
37701	37706
37702	37709
37703	37711
37704	37712
37705	37712
37706	37713
37707	37713
37708	37715
37709	37716
37710	37716
37711	37717
37712	37717
37713	37719
37714	37720
37715	37720
37716	37720
37717	37721
37718	37723
37719	37723
37720	37726
37721	37726
37722	37726
37723	37726
37724	37727
37725	37729
37726	37730
37727	37731
37728	37732
37729	37733
37730	37733
37731	37736
37732	37738
37733	37739
37734	37741
37735	37743
37736	37743
37737	37743
37738	37744
37739	37744
37740	37745
37741	37746
37742	37747
37743	37747
37744	37749
37745	37750
37746	37752
37747	37753
37748	37753
37749	37755
37750	37755
37751	37755
37752	37756
37753	37758
37754	37761
37755	37761
37756	37761
37757	37761
37758	37762
37759	37762
37760	37764
37761	37765
37762	37767
37763	37768
37764	37768
37765	37771
37766	37771
37767	37771
37768	37771
37769	37771
37770	37773
37771	37775
37772	37776
37773	37778
37774	37779
37775	37781
37776	37784
37777	37786
37778	37787
37779	37789
37780	37790
37781	37790
37782	37791
37783	37791
37784	37792
37785	37793
37786	37794
37787	37794
37788	37796
37789	37796
37790	37797
37791	37799
37792	37801
37793	37801
37794	37801
37795	37802
37796	37802
37797	37804
37798	37805
37799	37807
37800	37808
37801	37808
37802	37811
37803	37811
37804	37811
37805	37811
37806	37812
37807	37814
37808	37815
37809	37815
37810	37818
37811	37818
37812	37818
37813	37818
37814	37819
37815	37821
37816	37824
37817	37826
37818	37826
37819	37827
37820	37827
37821	37829
37822	37829
37823	37830
37824	37830
37825	37832
37826	37833
37827	37833
37828	37833
37829	37833
37830	37835
37831	37837
37832	37838
37833	37840
37834	37841
37835	37841
37836	37843
37837	37845
37838	37846
37839	37846
37840	37847
37841	37847
37842	37849
37843	37850
37844	37850
37845	37851
37846	37851
37847	37852
37848	37853
37849	37854
37850	37855
37851	37856
37852	37856
37853	37858
37854	37859
37855	37861
37856	37862
37857	37864
37858	37865
37859	37865
37860	37868
37861	37868
37862	37868
37863	37868
37864	37871
37865	37873
37866	37874
37867	37874
37868	37874
37869	37876
37870	37877
37871	37877
37872	37878
37873	37878
37874	37879
37875	37880
37876	37880
37877	37881
37878	37883
37879	37884
37880	37886
37881	37887
37882	37887
37883	37890
37884	37890
37885	37890
37886	37890
37887	37891
37888	37892
37889	37893
37890	37893
37891	37894
37892	37895
37893	37896
37894	37898
37895	37899
37896	37901
37897	37902
37898	37904
37899	37907
37900	37907
37901	37907
37902	37907
37903	37908
37904	37908
37905	37911
37906	37913
37907	37914
37908	37914
37909	37915
37910	37915
37911	37917
37912	37917
37913	37918
37914	37918
37915	37920
37916	37921
37917	37921
37918	37922
37919	37922
37920	37925
37921	37927
37922	37928
37923	37929
37924	37929
37925	37929
37926	37931
37927	37932
37928	37934
37929	37935
37930	37935
37931	37937
37932	37937
37933	37937
37934	37938
37935	37940
37936	37943
37937	37943
37938	37943
37939	37943
37940	37944
37941	37944
37942	37946
37943	37947
37944	37949
37945	37950
37946	37950
37947	37953
37948	37953
37949	37953
37950	37953
37951	37953
37952	37955
37953	37956
37954	37958
37955	37959
37956	37961
37957	37962
37958	37964
37959	37967
37960	37969
37961	37970
37962	37970
37963	37971
37964	37971
37965	37973
37966	37974
37967	37974
37968	37975
37969	37975
37970	37977
37971	37978
37972	37978
37973	37979
37974	37979
37975	37980
37976	37982
37977	37985
37978	37985
37979	37985
37980	37985
37981	37986
37982	37986
37983	37989
37984	37991
37985	37992
37986	37993
37987	37994
37988	37994
37989	37995
37990	37997
37991	38000
37992	38000
37993	38000
37994	38000
37995	38001
37996	38001
37997	38003
37998	38004
37999	38005
38000	38007
38001	38007
38002	38007
38003	38008
38004	38010
38005	38012
38006	38012
38007	38012
38008	38013
38009	38013
38010	38015
38011	38016
38012	38018
38013	38019
38014	38019
38015	38022
38016	38022
38017	38022
38018	38022
38019	38023
38020	38025
38021	38026
38022	38026
38023	38029
38024	38029
38025	38029
38026	38029
38027	38031
38028	38032
38029	38033
38030	38035
38031	38037
38032	38039
38033	38040
38034	38040
38035	38041
38036	38041
38037	38043
38038	38044
38039	38044
38040	38045
38041	38045
38042	38046
38043	38048
38044	38051
38045	38051
38046	38051
38047	38051
38048	38052
38049	38052
38050	38053
38051	38054
38052	38056
38053	38057
38054	38059
38055	38060
38056	38060
38057	38063
38058	38063
38059	38063
38060	38063
38061	38066
38062	38068
38063	38069
38064	38069
38065	38070
38066	38070
38067	38072
38068	38072
38069	38073
38070	38073
38071	38074
38072	38075
38073	38075
38074	38076
38075	38078
38076	38079
38077	38081
38078	38082
38079	38084
38080	38087
38081	38089
38082	38090
38083	38090
38084	38091
38085	38091
38086	38093
38087	38094
38088	38094
38089	38095
38090	38095
38091	38097
38092	38098
38093	38098
38094	38099
38095	38099
38096	38100
38097	38101
38098	38104
38099	38104
38100	38104
38101	38104
38102	38107
38103	38109
38104	38110
38105	38112
38106	38113
38107	38113
38108	38115
38109	38115
38110	38115
38111	38116
38112	38118
38113	38121
38114	38121
38115	38121
38116	38121
38117	38122
38118	38122
38119	38124
38120	38125
38121	38126
38122	38126
38123	38127
38124	38129
38125	38132
38126	38132
38127	38132
38128	38132
38129	38133
38130	38133
38131	38135
38132	38136
38133	38138
38134	38139
38135	38139
38136	38142
38137	38142
38138	38142
38139	38142
38140	38143
38141	38144
38142	38144
38143	38147
38144	38149
38145	38149
38146	38150
38147	38152
38148	38154
38149	38156
38150	38157
38151	38157
38152	38158
38153	38158
38154	38160
38155	38161
38156	38161
38157	38162
38158	38162
38159	38163
38160	38165
38161	38167
38162	38167
38163	38167
38164	38168
38165	38168
38166	38170
38167	38171
38168	38172
38169	38173
38170	38175
38171	38178
38172	38178
38173	38178
38174	38178
38175	38179
38176	38179
38177	38180
38178	38182
38179	38185
38180	38187
38181	38188
38182	38188
38183	38189
38184	38189
38185	38191
38186	38192
38187	38192
38188	38192
38189	38194
38190	38194
38191	38195
38192	38195
38193	38196
38194	38198
38195	38199
38196	38199
38197	38202
38198	38202
38199	38202
38200	38202
38201	38203
38202	38204
38203	38206
38204	38207
38205	38209
38206	38210
38207	38210
38208	38213
38209	38213
38210	38213
38211	38213
38212	38216
38213	38218
38214	38219
38215	38219
38216	38220
38217	38220
38218	38222
38219	38222
38220	38223
38221	38223
38222	38224
38223	38225
38224	38225
38225	38226
38226	38228
38227	38231
38228	38233
38229	38233
38230	38234
38231	38236
38232	38239
38233	38241
38234	38242
38235	38244
38236	38247
38237	38249
38238	38250
38239	38250
38240	38251
38241	38251
38242	38253
38243	38253
38244	38254
38245	38254
38246	38256
38247	38257
38248	38257
38249	38258
38250	38258
38251	38259
38252	38261
38253	38264
38254	38264
38255	38264
38256	38264
38257	38265
38258	38265
38259	38266
38260	38268
38261	38270
38262	38272
38263	38273
38264	38273
38265	38274
38266	38274
38267	38276
38268	38277
38269	38277
38270	38277
38271	38278
38272	38280
38273	38283
38274	38283
38275	38283
38276	38283
38277	38284
38278	38284
38279	38286
38280	38287
38281	38289
38282	38290
38283	38292
38284	38295
38285	38295
38286	38295
38287	38295
38288	38296
38289	38296
38290	38299
38291	38300
38292	38301
38293	38301
38294	38303
38295	38303
38296	38304
38297	38304
38298	38306
38299	38307
38300	38307
38301	38308
38302	38308
38303	38309
38304	38311
38305	38314
38306	38316
38307	38317
38308	38317
38309	38318
38310	38318
38311	38320
38312	38321
38313	38321
38314	38321
38315	38323
38316	38323
38317	38324
38318	38324
38319	38325
38320	38327
38321	38328
38322	38328
38323	38331
38324	38331
38325	38331
38326	38331
38327	38333
38328	38334
38329	38335
38330	38338
38331	38340
38332	38340
38333	38341
38334	38341
38335	38343
38336	38343
38337	38344
38338	38344
38339	38345
38340	38346
38341	38346
38342	38347
38343	38348
38344	38351
38345	38353
38346	38354
38347	38354
38348	38354
38349	38356
38350	38357
38351	38357
38352	38358
38353	38358
38354	38360
38355	38361
38356	38361
38357	38361
38358	38362
38359	38364
38360	38367
38361	38369
38362	38370
38363	38372
38364	38374
38365	38374
38366	38374
38367	38375
38368	38375
38369	38376
38370	38377
38371	38377
38372	38379
38373	38380
38374	38382
38375	38383
38376	38383
38377	38385
38378	38385
38379	38385
38380	38386
38381	38388
38382	38391
38383	38391
38384	38391
38385	38391
38386	38392
38387	38392
38388	38394
38389	38394
38390	38394
38391	38395
38392	38397
38393	38398
38394	38400
38395	38401
38396	38401
38397	38404
38398	38404
38399	38404
38400	38404
38401	38407
38402	38409
38403	38410
38404	38410
38405	38411
38406	38411
38407	38413
38408	38414
38409	38414
38410	38415
38411	38415
38412	38417
38413	38417
38414	38418
38415	38418
38416	38420
38417	38421
38418	38422
38419	38423
38420	38425
38421	38428
38422	38430
38423	38431
38424	38433
38425	38436
38426	38436
38427	38436
38428	38436
38429	38437
38430	38437
38431	38437
38432	38439
38433	38440
38434	38442
38435	38443
38436	38443
38437	38446
38438	38446
38439	38446
38440	38446
38441	38447
38442	38449
38443	38451
38444	38451
38445	38451
38446	38452
38447	38452
38448	38454
38449	38455
38450	38456
38451	38456
38452	38456
38453	38457
38454	38459
38455	38462
38456	38464
38457	38465
38458	38465
38459	38466
38460	38466
38461	38468
38462	38469
38463	38469
38464	38470
38465	38470
38466	38472
38467	38473
38468	38473
38469	38473
38470	38474
38471	38476
38472	38477
38473	38477
38474	38480
38475	38480
38476	38480
38477	38480
38478	38481
38479	38483
38480	38486
38481	38488
38482	38489
38483	38491
38484	38494
38485	38496
38486	38497
38487	38497
38488	38498
38489	38498
38490	38500
38491	38501
38492	38501
38493	38502
38494	38502
38495	38504
38496	38505
38497	38505
38498	38506
38499	38506
38500	38507
38501	38509
38502	38512
38503	38512
38504	38512
38505	38512
38506	38513
38507	38513
38508	38514
38509	38515
38510	38516
38511	38518
38512	38521
38513	38521
38514	38521
38515	38521
38516	38522
38517	38522
38518	38524
38519	38525
38520	38527
38521	38528
38522	38530
38523	38533
38524	38533
38525	38533
38526	38533
38527	38534
38528	38534
38529	38537
38530	38538
38531	38539
38532	38539
38533	38541
38534	38542
38535	38542
38536	38543
38537	38543
38538	38545
38539	38546
38540	38546
38541	38547
38542	38547
38543	38548
38544	38550
38545	38552
38546	38553
38547	38553
38548	38555
38549	38556
38550	38556
38551	38557
38552	38557
38553	38558
38554	38560
38555	38561
38556	38561
38557	38564
38558	38564
38559	38564
38560	38564
38561	38566
38562	38567
38563	38569
38564	38570
38565	38572
38566	38575
38567	38575
38568	38575
38569	38575
38570	38576
38571	38576
38572	38579
38573	38581
38574	38582
38575	38582
38576	38583
38577	38583
38578	38584
38579	38585
38580	38585
38581	38586
38582	38587
38583	38587
38584	38588
38585	38590
38586	38593
38587	38595
38588	38596
38589	38596
38590	38597
38591	38597
38592	38599
38593	38600
38594	38600
38595	38601
38596	38601
38597	38603
38598	38604
38599	38604
38600	38605
38601	38605
38602	38606
38603	38607
38604	38608
38605	38608
38606	38609
38607	38611
38608	38612
38609	38614
38610	38614
38611	38617
38612	38619
38613	38620
38614	38620
38615	38621
38616	38621
38617	38623
38618	38624
38619	38624
38620	38625
38621	38625
38622	38627
38623	38628
38624	38628
38625	38629
38626	38629
38627	38632
38628	38634
38629	38635
38630	38637
38631	38639
38632	38639
38633	38639
38634	38639
38635	38640
38636	38642
38637	38644
38638	38644
38639	38644
38640	38645
38641	38645
38642	38647
38643	38648
38644	38650
38645	38651
38646	38651
38647	38653
38648	38653
38649	38653
38650	38654
38651	38656
38652	38659
38653	38659
38654	38659
38655	38659
38656	38660
38657	38660
38658	38662
38659	38663
38660	38665
38661	38666
38662	38666
38663	38669
38664	38669
38665	38669
38666	38669
38667	38669
38668	38671
38669	38672
38670	38674
38671	38675
38672	38677
38673	38680
38674	38682
38675	38683
38676	38685
38677	38687
38678	38687
38679	38687
38680	38688
38681	38688
38682	38689
38683	38691
38684	38694
38685	38694
38686	38694
38687	38694
38688	38695
38689	38695
38690	38697
38691	38698
38692	38700
38693	38701
38694	38701
38695	38704
38696	38704
38697	38704
38698	38704
38699	38705
38700	38707
38701	38710
38702	38710
38703	38710
38704	38710
38705	38711
38706	38711
38707	38713
38708	38714
38709	38716
38710	38717
38711	38717
38712	38720
38713	38720
38714	38720
38715	38720
38716	38721
38717	38722
38718	38723
38719	38723
38720	38724
38721	38726
38722	38729
38723	38731
38724	38732
38725	38732
38726	38733
38727	38733
38728	38735
38729	38736
38730	38736
38731	38736
38732	38738
38733	38739
38734	38739
38735	38740
38736	38740
38737	38741
38738	38743
38739	38744
38740	38744
38741	38747
38742	38747
38743	38747
38744	38747
38745	38750
38746	38752
38747	38753
38748	38755
38749	38756
38750	38758
38751	38761
38752	38761
38753	38761
38754	38761
38755	38762
38756	38762
38757	38764
38758	38766
38759	38767
38760	38767
38761	38768
38762	38768
38763	38770
38764	38771
38765	38771
38766	38772
38767	38772
38768	38773
38769	38774
38770	38775
38771	38777
38772	38778
38773	38778
38774	38781
38775	38781
38776	38781
38777	38781
38778	38782
38779	38783
38780	38785
38781	38788
38782	38790
38783	38790
38784	38790
38785	38792
38786	38793
38787	38793
38788	38794
38789	38794
38790	38796
38791	38797
38792	38797
38793	38798
38794	38798
38795	38799
38796	38801
38797	38802
38798	38802
38799	38805
38800	38805
38801	38805
38802	38805
38803	38807
38804	38808
38805	38810
38806	38811
38807	38813
38808	38813
38809	38816
38810	38816
38811	38816
38812	38816
38813	38819
38814	38820
38815	38821
38816	38821
38817	38822
38818	38823
38819	38823
38820	38824
38821	38825
38822	38825
38823	38826
38824	38828
38825	38828
38826	38831
38827	38832
38828	38832
38829	38834
38830	38835
38831	38835
38832	38836
38833	38836
38834	38837
38835	38838
38836	38838
38837	38839
38838	38841
38839	38843
38840	38844
38841	38845
38842	38847
38843	38850
38844	38852
38845	38853
38846	38853
38847	38854
38848	38854
38849	38856
38850	38857
38851	38857
38852	38857
38853	38859
38854	38859
38855	38859
38856	38860
38857	38862
38858	38863
38859	38863
38860	38866
38861	38866
38862	38866
38863	38866
38864	38868
38865	38869
38866	38871
38867	38872
38868	38874
38869	38877
38870	38877
38871	38877
38872	38877
38873	38878
38874	38878
38875	38881
38876	38883
38877	38884
38878	38884
38879	38885
38880	38885
38881	38886
38882	38887
38883	38887
38884	38889
38885	38890
38886	38890
38887	38891
38888	38891
38889	38891
38890	38892
38891	38894
38892	38895
38893	38897
38894	38898
38895	38900
38896	38903
38897	38903
38898	38903
38899	38903
38900	38904
38901	38904
38902	38907
38903	38909
38904	38910
38905	38910
38906	38911
38907	38911
38908	38913
38909	38914
38910	38914
38911	38915
38912	38915
38913	38917
38914	38918
38915	38918
38916	38919
38917	38919
38918	38922
38919	38924
38920	38925
38921	38927
38922	38929
38923	38929
38924	38929
38925	38930
38926	38930
38927	38931
38928	38933
38929	38935
38930	38935
38931	38935
38932	38936
38933	38936
38934	38938
38935	38939
38936	38941
38937	38942
38938	38942
38939	38944
38940	38944
38941	38944
38942	38945
38943	38947
38944	38950
38945	38950
38946	38950
38947	38950
38948	38950
38949	38952
38950	38952
38951	38953
38952	38955
38953	38956
38954	38956
38955	38959
38956	38959
38957	38959
38958	38959
38959	38960
38960	38962
38961	38963
38962	38965
38963	38966
38964	38968
38965	38971
38966	38973
38967	38974
38968	38974
38969	38975
38970	38977
38971	38980
38972	38980
38973	38980
38974	38980
38975	38981
38976	38981
38977	38983
38978	38984
38979	38986
38980	38987
38981	38987
38982	38990
38983	38990
38984	38990
38985	38990
38986	38991
38987	38993
38988	38996
38989	38996
38990	38996
38991	38996
38992	38997
38993	38997
38994	38999
38995	39000
38996	39002
38997	39003
38998	39003
38999	39006
39000	39006
39001	39006
39002	39006
39003	39007
39004	39009
39005	39010
39006	39010
39007	39013
39008	39013
39009	39013
39010	39013
39011	39014
39012	39016
39013	39019
39014	39021
39015	39022
39016	39022
39017	39023
39018	39023
39019	39025
39020	39026
39021	39026
39022	39027
39023	39027
39024	39029
39025	39029
39026	39029
39027	39030
39028	39032
39029	39032
39030	39034
39031	39034
39032	39034
39033	39037
39034	39039
39035	39040
39036	39042
39037	39043
39038	39045
39039	39048
39040	39048
39041	39048
39042	39048
39043	39049
39044	39049
39045	39052
39046	39052
39047	39054
39048	39055
39049	39055
39050	39056
39051	39056
39052	39058
39053	39059
39054	39059
39055	39060
39056	39060
39057	39061
39058	39063
39059	39066
39060	39067
39061	39067
39062	39069
39063	39069
39064	39070
39065	39070
39066	39072
39067	39073
39068	39073
39069	39074
39070	39074
39071	39075
39072	39076
39073	39076
39074	39078
39075	39079
39076	39081
39077	39082
39078	39084
39079	39087
39080	39087
39081	39087
39082	39087
39083	39088
39084	39088
39085	39090
39086	39092
39087	39093
39088	39093
39089	39094
39090	39094
39091	39096
39092	39097
39093	39097
39094	39098
39095	39098
39096	39099
39097	39101
39098	39104
39099	39106
39100	39107
39101	39107
39102	39108
39103	39108
39104	39110
39105	39111
39106	39111
39107	39112
39108	39112
39109	39114
39110	39115
39111	39115
39112	39116
39113	39116
39114	39117
39115	39119
39116	39120
39117	39120
39118	39123
39119	39123
39120	39123
39121	39123
39122	39125
39123	39126
39124	39128
39125	39129
39126	39131
39127	39132
39128	39132
39129	39135
39130	39135
39131	39135
39132	39135
39133	39138
39134	39140
39135	39141
39136	39141
39137	39141
39138	39143
39139	39144
39140	39144
39141	39145
39142	39145
39143	39146
39144	39147
39145	39147
39146	39148
39147	39150
39148	39151
39149	39153
39150	39154
39151	39154
39152	39157
39153	39157
39154	39157
39155	39157
39156	39160
39157	39162
39158	39162
39159	39163
39160	39163
39161	39165
39162	39166
39163	39166
39164	39167
39165	39167
39166	39168
39167	39169
39168	39169
39169	39172
39170	39174
39171	39175
39172	39177
39173	39179
39174	39181
39175	39182
39176	39184
39177	39185
39178	39185
39179	39188
39180	39188
39181	39188
39182	39188
39183	39189
39184	39191
39185	39193
39186	39193
39187	39193
39188	39194
39189	39194
39190	39196
39191	39197
39192	39199
39193	39200
39194	39200
39195	39203
39196	39203
39197	39203
39198	39203
39199	39204
39200	39206
39201	39207
39202	39207
39203	39209
39204	39209
39205	39209
39206	39210
39207	39211
39208	39214
39209	39216
39210	39217
39211	39217
39212	39218
39213	39218
39214	39220
39215	39221
39216	39221
39217	39221
39218	39223
39219	39224
39220	39224
39221	39225
39222	39225
39223	39226
39224	39228
39225	39230
39226	39232
39227	39233
39228	39234
39229	39235
39230	39235
39231	39235
39232	39237
39233	39237
39234	39238
39235	39240
39236	39240
39237	39243
39238	39243
39239	39243
39240	39243
39241	39244
39242	39246
39243	39249
39244	39251
39245	39252
39246	39252
39247	39253
39248	39253
39249	39253
39250	39255
39251	39255
39252	39255
39253	39256
39254	39258
39255	39259
39256	39259
39257	39262
39258	39262
39259	39262
39260	39262
39261	39264
39262	39265
39263	39267
39264	39268
39265	39270
39266	39273
39267	39275
39268	39275
39269	39276
39270	39276
39271	39278
39272	39279
39273	39279
39274	39280
39275	39280
39276	39282
39277	39283
39278	39283
39279	39284
39280	39284
39281	39285
39282	39287
39283	39290
39284	39290
39285	39290
39286	39290
39287	39291
39288	39291
39289	39293
39290	39294
39291	39295
39292	39297
39293	39300
39294	39300
39295	39300
39296	39300
39297	39301
39298	39301
39299	39303
39300	39303
39301	39304
39302	39306
39303	39307
39304	39307
39305	39310
39306	39310
39307	39310
39308	39310
39309	39311
39310	39313
39311	39316
39312	39318
39313	39319
39314	39320
39315	39321
39316	39321
39317	39322
39318	39324
39319	39327
39320	39327
39321	39327
39322	39327
39323	39328
39324	39328
39325	39330
39326	39330
39327	39331
39328	39333
39329	39335
39330	39335
39331	39335
39332	39336
39333	39336
39334	39338
39335	39339
39336	39341
39337	39342
39338	39342
39339	39345
39340	39345
39341	39345
39342	39345
39343	39346
39344	39347
39345	39347
39346	39348
39347	39350
39348	39351
39349	39353
39350	39354
39351	39354
39352	39357
39353	39357
39354	39357
39355	39357
39356	39360
39357	39362
39358	39363
39359	39363
39360	39364
39361	39364
39362	39366
39363	39367
39364	39367
39365	39367
39366	39369
39367	39369
39368	39370
39369	39370
39370	39372
39371	39372
39372	39373
39373	39375
39374	39376
39375	39378
39376	39379
39377	39381
39378	39384
39379	39384
39380	39384
39381	39384
39382	39385
39383	39385
39384	39388
39385	39389
39386	39390
39387	39390
39388	39392
39389	39393
39390	39393
39391	39394
39392	39394
39393	39396
39394	39397
39395	39397
39396	39398
39397	39398
39398	39401
39399	39403
39400	39404
39401	39405
39402	39405
39403	39406
39404	39408
39405	39410
39406	39410
39407	39410
39408	39411
39409	39411
39410	39413
39411	39413
39412	39414
39413	39415
39414	39416
39415	39416
39416	39417
39417	39418
39418	39419
39419	39420
39420	39420
39421	39422
39422	39423
39423	39425
39424	39426
39425	39428
39426	39429
39427	39431
39428	39434
39429	39436
39430	39437
39431	39439
39432	39442
39433	39444
39434	39445
39435	39445
39436	39445
39437	39447
39438	39448
39439	39448
39440	39449
39441	39449
39442	39451
39443	39452
39444	39452
39445	39453
39446	39453
39447	39454
39448	39456
39449	39458
39450	39458
39451	39458
39452	39459
39453	39459
39454	39460
39455	39462
39456	39465
39457	39466
39458	39466
39459	39468
39460	39469
39461	39469
39462	39470
39463	39470
39464	39472
39465	39473
39466	39473
39467	39474
39468	39474
39469	39475
39470	39477
39471	39480
39472	39480
39473	39480
39474	39480
39475	39481
39476	39481
39477	39483
39478	39484
39479	39486
39480	39487
39481	39489
39482	39492
39483	39492
39484	39492
39485	39492
39486	39493
39487	39493
39488	39496
39489	39497
39490	39498
39491	39498
39492	39500
39493	39501
39494	39501
39495	39502
39496	39502
39497	39504
39498	39505
39499	39505
39500	39506
39501	39506
39502	39507
39503	39509
39504	39512
39505	39514
39506	39515
39507	39515
39508	39516
39509	39516
39510	39518
39511	39519
39512	39519
39513	39520
39514	39520
39515	39522
39516	39523
39517	39523
39518	39524
39519	39524
39520	39525
39521	39527
39522	39527
39523	39530
39524	39530
39525	39530
39526	39530
39527	39532
39528	39533
39529	39535
39530	39536
39531	39538
39532	39539
39533	39539
39534	39542
39535	39542
39536	39542
39537	39542
39538	39545
39539	39547
39540	39548
39541	39548
39542	39549
39543	39549
39544	39551
39545	39552
39546	39552
39547	39552
39548	39553
39549	39554
39550	39554
39551	39555
39552	39557
39553	39558
39554	39560
39555	39561
39556	39561
39557	39564
39558	39564
39559	39564
39560	39564
39561	39567
39562	39569
39563	39570
39564	39570
39565	39571
39566	39571
39567	39573
39568	39574
39569	39574
39570	39575
39571	39575
39572	39577
39573	39578
39574	39578
39575	39579
39576	39579
39577	39580
39578	39582
39579	39585
39580	39587
39581	39588
39582	39590
39583	39592
39584	39592
39585	39592
39586	39593
39587	39593
39588	39594
39589	39596
39590	39599
39591	39599
39592	39599
39593	39599
39594	39600
39595	39600
39596	39602
39597	39603
39598	39605
39599	39606
39600	39606
39601	39608
39602	39608
39603	39608
39604	39609
39605	39611
39606	39613
39607	39613
39608	39613
39609	39614
39610	39614
39611	39616
39612	39617
39613	39619
39614	39619
39615	39621
39616	39621
39617	39621
39618	39621
39619	39622
39620	39624
39621	39625
39622	39626
39623	39626
39624	39628
39625	39630
39626	39631
39627	39631
39628	39632
39629	39632
39630	39634
39631	39635
39632	39635
39633	39635
39634	39638
39635	39640
39636	39641
39637	39643
39638	39644
39639	39646
39640	39649
39641	39651
39642	39652
39643	39652
39644	39653
39645	39653
39646	39655
39647	39655
39648	39656
39649	39656
39650	39658
39651	39659
39652	39659
39653	39660
39654	39660
39655	39661
39656	39663
39657	39666
39658	39666
39659	39666
39660	39666
39661	39667
39662	39667
39663	39669
39664	39671
39665	39672
39666	39674
39667	39675
39668	39675
39669	39677
39670	39677
39671	39677
39672	39678
39673	39680
39674	39682
39675	39682
39676	39682
39677	39683
39678	39683
39679	39685
39680	39686
39681	39687
39682	39690
39683	39690
39684	39690
39685	39690
39686	39691
39687	39692
39688	39693
39689	39693
39690	39694
39691	39696
39692	39699
39693	39701
39694	39702
39695	39704
39696	39706
39697	39706
39698	39706
39699	39706
39700	39706
39701	39708
39702	39708
39703	39709
39704	39711
39705	39712
39706	39712
39707	39713
39708	39713
39709	39715
39710	39716
39711	39718
39712	39719
39713	39719
39714	39720
39715	39720
39716	39721
39717	39723
39718	39726
39719	39726
39720	39726
39721	39726
39722	39727
39723	39727
39724	39728
39725	39730
39726	39731
39727	39733
39728	39734
39729	39734
39730	39737
39731	39737
39732	39737
39733	39737
39734	39740
39735	39742
39736	39743
39737	39743
39738	39744
39739	39744
39740	39746
39741	39746
39742	39747
39743	39747
39744	39749
39745	39750
39746	39750
39747	39750
39748	39752
39749	39753
39750	39755
39751	39756
39752	39758
39753	39761
39754	39763
39755	39764
39756	39764
39757	39764
39758	39766
39759	39766
39760	39767
39761	39767
39762	39769
39763	39770
39764	39770
39765	39771
39766	39771
39767	39771
39768	39773
39769	39775
39770	39776
39771	39778
39772	39779
39773	39779
39774	39781
39775	39781
39776	39781
39777	39782
39778	39783
39779	39784
39780	39784
39781	39786
39782	39787
39783	39789
39784	39790
39785	39790
39786	39792
39787	39792
39788	39792
39789	39793
39790	39795
39791	39796
39792	39796
39793	39799
39794	39799
39795	39799
39796	39799
39797	39800
39798	39802
39799	39805
39800	39807
39801	39807
39802	39807
39803	39809
39804	39810
39805	39811
39806	39812
39807	39812
39808	39813
39809	39815
39810	39818
39811	39818
39812	39818
39813	39818
39814	39819
39815	39819
39816	39821
39817	39822
39818	39824
39819	39825
39820	39825
39821	39827
39822	39827
39823	39827
39824	39828
39825	39829
39826	39830
39827	39830
39828	39831
39829	39833
39830	39834
39831	39836
39832	39837
39833	39837
39834	39840
39835	39840
39836	39840
39837	39840
39838	39843
39839	39845
39840	39845
39841	39845
39842	39847
39843	39848
39844	39848
39845	39849
39846	39849
39847	39851
39848	39851
39849	39852
39850	39852
39851	39854
39852	39855
39853	39857
39854	39858
39855	39860
39856	39861
39857	39863
39858	39866
39859	39866
39860	39866
39861	39866
39862	39867
39863	39867
39864	39870
39865	39872
39866	39872
39867	39872
39868	39874
39869	39875
39870	39875
39871	39876
39872	39876
39873	39877
39874	39878
39875	39878
39876	39881
39877	39883
39878	39884
39879	39885
39880	39885
39881	39885
39882	39887
39883	39888
39884	39889
39885	39890
39886	39890
39887	39891
39888	39893
39889	39896
39890	39896
39891	39896
39892	39896
39893	39897
39894	39897
39895	39898
39896	39899
39897	39901
39898	39902
39899	39902
39900	39905
39901	39905
39902	39905
39903	39905
39904	39906
39905	39908
39906	39909
39907	39911
39908	39912
39909	39914
39910	39917
39911	39917
39912	39917
39913	39917
39914	39918
39915	39918
39916	39921
39917	39923
39918	39924
39919	39924
39920	39925
39921	39925
39922	39927
39923	39928
39924	39928
39925	39929
39926	39929
39927	39931
39928	39932
39929	39932
39930	39933
39931	39933
39932	39936
39933	39937
39934	39938
39935	39940
39936	39942
39937	39942
39938	39942
39939	39943
39940	39943
39941	39945
39942	39946
39943	39947
39944	39948
39945	39948
39946	39949
39947	39951
39948	39954
39949	39954
39950	39954
39951	39954
39952	39955
39953	39955
39954	39956
39955	39957
39956	39959
39957	39960
39958	39960
39959	39963
39960	39963
39961	39963
39962	39963
39963	39966
39964	39968
39965	39969
39966	39971
39967	39973
39968	39975
39969	39976
39970	39978
39971	39979
39972	39981
39973	39983
39974	39983
39975	39983
39976	39984
39977	39984
39978	39987
39979	39989
39980	39989
39981	39990
39982	39990
39983	39991
39984	39992
39985	39992
39986	39994
39987	39995
39988	39995
39989	39996
39990	39996
39991	39997
39992	39999
39993	40001
39994	40002
39995	40003
39996	40003
39997	40005
39998	40006
39999	40006
40000	40006
40001	40007
40002	40009
40003	40010
40004	40010
40005	40013
40006	40013
40007	40013
40008	40013
40009	40015
40010	40016
40011	40018
40012	40018
40013	40021
40014	40023
40015	40024
40016	40024
40017	40025
40018	40025
40019	40027
40020	40028
40021	40028
40022	40029
40023	40029
40024	40031
40025	40031
40026	40032
40027	40032
40028	40033
40029	40035
40030	40036
40031	40038
40032	40039
40033	40039
40034	40041
40035	40041
40036	40041
40037	40042
40038	40043
40039	40044
40040	40044
40041	40045
40042	40047
40043	40050
40044	40052
40045	40053
40046	40054
40047	40054
40048	40055
40049	40057
40050	40059
40051	40059
40052	40059
40053	40060
40054	40060
40055	40062
40056	40063
40057	40065
40058	40065
40059	40067
40060	40067
40061	40067
40062	40067
40063	40069
40064	40070
40065	40072
40066	40073
40067	40073
40068	40075
40069	40075
40070	40075
40071	40076
40072	40078
40073	40081
40074	40081
40075	40081
40076	40081
40077	40082
40078	40082
40079	40083
40080	40084
40081	40087
40082	40089
40083	40090
40084	40090
40085	40091
40086	40091
40087	40093
40088	40094
40089	40094
40090	40095
40091	40095
40092	40097
40093	40098
40094	40098
40095	40098
40096	40098
40097	40100
40098	40101
40099	40102
40100	40103
40101	40105
40102	40108
40103	40109
40104	40110
40105	40112
40106	40115
40107	40115
40108	40115
40109	40115
40110	40116
40111	40116
40112	40118
40113	40119
40114	40121
40115	40122
40116	40122
40117	40125
40118	40125
40119	40125
40120	40125
40121	40126
40122	40128
40123	40130
40124	40130
40125	40130
40126	40131
40127	40131
40128	40133
40129	40134
40130	40136
40131	40136
40132	40139
40133	40139
40134	40139
40135	40139
40136	40140
40137	40142
40138	40143
40139	40143
40140	40145
40141	40145
40142	40145
40143	40146
40144	40148
40145	40151
40146	40153
40147	40154
40148	40154
40149	40155
40150	40155
40151	40157
40152	40158
40153	40158
40154	40158
40155	40160
40156	40161
40157	40161
40158	40162
40159	40162
40160	40163
40161	40165
40162	40165
40163	40168
40164	40168
40165	40168
40166	40168
40167	40169
40168	40171
40169	40174
40170	40176
40171	40177
40172	40178
40173	40179
40174	40181
40175	40184
40176	40184
40177	40184
40178	40184
40179	40185
40180	40185
40181	40186
40182	40188
40183	40191
40184	40193
40185	40194
40186	40194
40187	40195
40188	40195
40189	40197
40190	40198
40191	40198
40192	40199
40193	40199
40194	40201
40195	40202
40196	40202
40197	40203
40198	40203
40199	40204
40200	40206
40201	40209
40202	40209
40203	40209
40204	40209
40205	40210
40206	40210
40207	40212
40208	40212
40209	40213
40210	40215
40211	40218
40212	40220
40213	40220
40214	40221
40215	40221
40216	40223
40217	40224
40218	40224
40219	40224
40220	40226
40221	40227
40222	40227
40223	40228
40224	40228
40225	40228
40226	40230
40227	40231
40228	40233
40229	40234
40230	40236
40231	40239
40232	40239
40233	40239
40234	40239
40235	40240
40236	40240
40237	40243
40238	40245
40239	40246
40240	40246
40241	40247
40242	40247
40243	40248
40244	40249
40245	40249
40246	40251
40247	40252
40248	40252
40249	40253
40250	40253
40251	40253
40252	40254
40253	40256
40254	40257
40255	40259
40256	40260
40257	40262
40258	40265
40259	40265
40260	40265
40261	40265
40262	40265
40263	40268
40264	40270
40265	40271
40266	40271
40267	40272
40268	40272
40269	40274
40270	40275
40271	40275
40272	40276
40273	40276
40274	40278
40275	40279
40276	40279
40277	40280
40278	40280
40279	40283
40280	40285
40281	40286
40282	40288
40283	40290
40284	40290
40285	40290
40286	40291
40287	40291
40288	40292
40289	40294
40290	40296
40291	40296
40292	40296
40293	40297
40294	40297
40295	40299
40296	40300
40297	40302
40298	40303
40299	40303
40300	40305
40301	40305
40302	40305
40303	40306
40304	40308
40305	40309
40306	40309
40307	40310
40308	40310
40309	40312
40310	40312
40311	40313
40312	40314
40313	40315
40314	40315
40315	40316
40316	40317
40317	40319
40318	40320
40319	40322
40320	40323
40321	40325
40322	40328
40323	40330
40324	40331
40325	40331
40326	40332
40327	40332
40328	40334
40329	40335
40330	40335
40331	40336
40332	40336
40333	40338
40334	40339
40335	40339
40336	40340
40337	40340
40338	40341
40339	40343
40340	40345
40341	40345
40342	40345
40343	40346
40344	40346
40345	40349
40346	40351
40347	40352
40348	40354
40349	40355
40350	40355
40351	40357
40352	40357
40353	40357
40354	40358
40355	40360
40356	40363
40357	40363
40358	40363
40359	40363
40360	40364
40361	40364
40362	40366
40363	40367
40364	40368
40365	40369
40366	40369
40367	40370
40368	40372
40369	40375
40370	40375
40371	40375
40372	40375
40373	40376
40374	40376
40375	40378
40376	40379
40377	40381
40378	40382
40379	40382
40380	40385
40381	40385
40382	40385
40383	40385
40384	40386
40385	40388
40386	40389
40387	40389
40388	40392
40389	40392
40390	40392
40391	40392
40392	40395
40393	40397
40394	40398
40395	40399
40396	40400
40397	40402
40398	40405
40399	40405
40400	40405
40401	40405
40402	40406
40403	40406
40404	40407
40405	40409
40406	40411
40407	40413
40408	40414
40409	40414
40410	40415
40411	40415
40412	40417
40413	40418
40414	40418
40415	40419
40416	40419
40417	40420
40418	40422
40419	40425
40420	40425
40421	40425
40422	40425
40423	40425
40424	40427
40425	40427
40426	40428
40427	40430
40428	40433
40429	40435
40430	40435
40431	40436
40432	40436
40433	40438
40434	40439
40435	40439
40436	40439
40437	40441
40438	40441
40439	40442
40440	40442
40441	40443
40442	40444
40443	40445
40444	40445
40445	40446
40446	40447
40447	40449
40448	40450
40449	40452
40450	40453
40451	40453
40452	40456
40453	40456
40454	40456
40455	40456
40456	40459
40457	40461
40458	40462
40459	40462
40460	40463
40461	40463
40462	40465
40463	40465
40464	40466
40465	40466
40466	40467
40467	40468
40468	40468
40469	40469
40470	40471
40471	40472
40472	40474
40473	40475
40474	40477
40475	40480
40476	40482
40477	40483
40478	40485
40479	40488
40480	40489
40481	40489
40482	40491
40483	40492
40484	40492
40485	40493
40486	40493
40487	40495
40488	40496
40489	40496
40490	40497
40491	40497
40492	40498
40493	40500
40494	40503
40495	40503
40496	40503
40497	40503
40498	40504
40499	40504
40500	40505
40501	40507
40502	40510
40503	40512
40504	40512
40505	40513
40506	40513
40507	40514
40508	40515
40509	40515
40510	40517
40511	40518
40512	40518
40513	40519
40514	40519
40515	40520
40516	40521
40517	40522
40518	40522
40519	40524
40520	40525
40521	40527
40522	40528
40523	40530
40524	40533
40525	40533
40526	40533
40527	40533
40528	40534
40529	40534
40530	40537
40531	40539
40532	40540
40533	40540
40534	40541
40535	40541
40536	40542
40537	40543
40538	40543
40539	40545
40540	40546
40541	40546
40542	40547
40543	40547
40544	40548
40545	40550
40546	40553
40547	40555
40548	40556
40549	40556
40550	40557
40551	40557
40552	40559
40553	40560
40554	40560
40555	40561
40556	40561
40557	40563
40558	40564
40559	40564
40560	40565
40561	40565
40562	40566
40563	40568
40564	40568
40565	40571
40566	40571
40567	40571
40568	40571
40569	40573
40570	40574
40571	40576
40572	40577
40573	40579
40574	40580
40575	40580
40576	40583
40577	40583
40578	40583
40579	40583
40580	40586
40581	40588
40582	40589
40583	40589
40584	40590
40585	40590
40586	40592
40587	40593
40588	40593
40589	40594
40590	40594
40591	40596
40592	40597
40593	40597
40594	40598
40595	40598
40596	40599
40597	40601
40598	40602
40599	40604
40600	40605
40601	40605
40602	40608
40603	40608
40604	40608
40605	40608
40606	40611
40607	40613
40608	40614
40609	40614
40610	40615
40611	40615
40612	40617
40613	40618
40614	40618
40615	40618
40616	40619
40617	40620
40618	40620
40619	40621
40620	40623
40621	40626
40622	40628
40623	40629
40624	40631
40625	40634
40626	40634
40627	40634
40628	40634
40629	40635
40630	40635
40631	40636
40632	40638
40633	40640
40634	40640
40635	40640
40636	40641
40637	40641
40638	40643
40639	40644
40640	40644
40641	40644
40642	40646
40643	40647
40644	40649
40645	40650
40646	40650
40647	40652
40648	40652
40649	40652
40650	40653
40651	40655
40652	40657
40653	40657
40654	40657
40655	40658
40656	40658
40657	40659
40658	40661
40659	40662
40660	40663
40661	40663
40662	40665
40663	40667
40664	40668
40665	40668
40666	40669
40667	40669
40668	40671
40669	40672
40670	40672
40671	40672
40672	40675
40673	40677
40674	40678
40675	40680
40676	40681
40677	40683
40678	40686
40679	40688
40680	40688
40681	40689
40682	40689
40683	40691
40684	40691
40685	40692
40686	40692
40687	40694
40688	40695
40689	40695
40690	40696
40691	40696
40692	40696
40693	40698
40694	40700
40695	40701
40696	40703
40697	40704
40698	40704
40699	40706
40700	40706
40701	40706
40702	40707
40703	40709
40704	40711
40705	40711
40706	40711
40707	40712
40708	40712
40709	40714
40710	40715
40711	40717
40712	40718
40713	40718
40714	40721
40715	40721
40716	40721
40717	40721
40718	40722
40719	40724
40720	40725
40721	40725
40722	40727
40723	40727
40724	40727
40725	40728
40726	40730
40727	40733
40728	40735
40729	40735
40730	40735
40731	40737
40732	40738
40733	40740
40734	40741
40735	40741
40736	40743
40737	40743
40738	40743
40739	40744
40740	40745
40741	40746
40742	40746
40743	40748
40744	40749
40745	40751
40746	40752
40747	40752
40748	40753
40749	40753
40750	40754
40751	40756
40752	40759
40753	40759
40754	40759
40755	40759
40756	40760
40757	40760
40758	40761
40759	40763
40760	40764
40761	40766
40762	40767
40763	40767
40764	40770
40765	40770
40766	40770
40767	40770
40768	40773
40769	40775
40770	40775
40771	40775
40772	40777
40773	40778
40774	40778
40775	40779
40776	40779
40777	40781
40778	40782
40779	40782
40780	40782
40781	40784
40782	40785
40783	40787
40784	40788
40785	40790
40786	40793
40787	40795
40788	40796
40789	40796
40790	40797
40791	40797
40792	40799
40793	40799
40794	40800
40795	40800
40796	40802
40797	40803
40798	40803
40799	40804
40800	40804
40801	40805
40802	40807
40803	40810
40804	40810
40805	40810
40806	40810
40807	40811
40808	40811
40809	40813
40810	40815
40811	40816
40812	40818
40813	40819
40814	40819
40815	40821
40816	40821
40817	40821
40818	40822
40819	40823
40820	40824
40821	40824
40822	40826
40823	40827
40824	40828
40825	40829
40826	40829
40827	40830
40828	40831
40829	40834
40830	40834
40831	40834
40832	40834
40833	40835
40834	40837
40835	40840
40836	40842
40837	40842
40838	40843
40839	40844
40840	40844
40841	40846
40842	40847
40843	40848
40844	40849
40845	40849
40846	40850
40847	40852
40848	40855
40849	40855
40850	40855
40851	40855
40852	40856
40853	40856
40854	40858
40855	40858
40856	40859
40857	40861
40858	40862
40859	40862
40860	40863
40861	40863
40862	40864
40863	40866
40864	40867
40865	40869
40866	40870
40867	40870
40868	40873
40869	40873
40870	40873
40871	40873
40872	40876
40873	40877
40874	40878
40875	40878
40876	40880
40877	40880
40878	40881
40879	40881
40880	40883
40881	40883
40882	40884
40883	40884
40884	40886
40885	40887
40886	40889
40887	40890
40888	40892
40889	40893
40890	40895
40891	40898
40892	40898
40893	40898
40894	40898
40895	40899
40896	40899
40897	40902
40898	40904
40899	40905
40900	40905
40901	40906
40902	40906
40903	40908
40904	40909
40905	40909
40906	40910
40907	40910
40908	40912
40909	40913
40910	40913
40911	40914
40912	40914
40913	40917
40914	40918
40915	40919
40916	40921
40917	40923
40918	40923
40919	40923
40920	40924
40921	40924
40922	40926
40923	40927
40924	40928
40925	40929
40926	40929
40927	40930
40928	40932
40929	40935
40930	40935
40931	40935
40932	40935
40933	40936
40934	40936
40935	40937
40936	40938
40937	40940
40938	40941
40939	40941
40940	40944
40941	40944
40942	40944
40943	40944
40944	40945
40945	40947
40946	40948
40947	40950
40948	40951
40949	40953
40950	40956
40951	40956
40952	40956
40953	40956
40954	40957
40955	40957
40956	40960
40957	40962
40958	40963
40959	40963
40960	40964
40961	40964
40962	40966
40963	40966
40964	40966
40965	40967
40966	40968
40967	40968
40968	40971
40969	40973
40970	40973
40971	40974
40972	40975
40973	40975
40974	40977
40975	40978
40976	40979
40977	40980
40978	40980
40979	40981
40980	40983
40981	40986
40982	40986
40983	40986
40984	40986
40985	40987
40986	40987
40987	40988
40988	40989
40989	40991
40990	40992
40991	40992
40992	40995
40993	40995
40994	40995
40995	40995
40996	40998
40997	41000
40998	41000
40999	41001
41000	41003
41001	41005
41002	41007
41003	41008
41004	41010
41005	41011
41006	41013
41007	41015
41008	41015
41009	41015
41010	41016
41011	41016
41012	41019
41013	41020
41014	41021
41015	41021
41016	41023
41017	41023
41018	41024
41019	41024
41020	41026
41021	41027
41022	41027
41023	41028
41024	41028
41025	41029
41026	41031
41027	41033
41028	41035
41029	41036
41030	41036
41031	41036
41032	41037
41033	41038
41034	41038
41035	41039
41036	41041
41037	41042
41038	41042
41039	41045
41040	41045
41041	41045
41042	41045
41043	41047
41044	41048
41045	41050
41046	41051
41047	41053
41048	41054
41049	41054
41050	41056
41051	41056
41052	41056
41053	41057
41054	41058
41055	41059
41056	41059
41057	41060
41058	41062
41059	41062
41060	41065
41061	41067
41062	41068
41063	41068
41064	41069
41065	41069
41066	41071
41067	41072
41068	41072
41069	41073
41070	41073
41071	41075
41072	41076
41073	41076
41074	41076
41075	41077
41076	41079
41077	41082
41078	41084
41079	41085
41080	41087
41081	41089
41082	41089
41083	41089
41084	41090
41085	41090
41086	41091
41087	41092
41088	41092
41089	41094
41090	41095
41091	41097
41092	41098
41093	41098
41094	41100
41095	41100
41096	41100
41097	41101
41098	41103
41099	41106
41100	41106
41101	41106
41102	41106
41103	41107
41104	41107
41105	41109
41106	41110
41107	41112
41108	41112
41109	41114
41110	41114
41111	41114
41112	41114
41113	41115
41114	41116
41115	41119
41116	41121
41117	41122
41118	41122
41119	41123
41120	41123
41121	41125
41122	41126
41123	41126
41124	41127
41125	41127
41126	41129
41127	41129
41128	41130
41129	41130
41130	41132
41131	41133
41132	41134
41133	41135
41134	41137
41135	41140
41136	41141
41137	41142
41138	41144
41139	41147
41140	41147
41141	41147
41142	41147
41143	41148
41144	41148
41145	41150
41146	41151
41147	41153
41148	41154
41149	41154
41150	41157
41151	41157
41152	41157
41153	41157
41154	41158
41155	41160
41156	41162
41157	41162
41158	41162
41159	41163
41160	41163
41161	41165
41162	41166
41163	41168
41164	41169
41165	41169
41166	41171
41167	41171
41168	41171
41169	41172
41170	41174
41171	41174
41172	41177
41173	41177
41174	41177
41175	41177
41176	41178
41177	41180
41178	41183
41179	41185
41180	41186
41181	41186
41182	41187
41183	41187
41184	41189
41185	41190
41186	41190
41187	41191
41188	41191
41189	41193
41190	41194
41191	41194
41192	41194
41193	41195
41194	41197
41195	41197
41196	41200
41197	41200
41198	41200
41199	41200
41200	41201
41201	41203
41202	41206
41203	41208
41204	41209
41205	41211
41206	41214
41207	41216
41208	41217
41209	41217
41210	41218
41211	41218
41212	41220
41213	41221
41214	41221
41215	41222
41216	41222
41217	41224
41218	41225
41219	41225
41220	41226
41221	41226
41222	41227
41223	41229
41224	41232
41225	41232
41226	41232
41227	41232
41228	41233
41229	41233
41230	41234
41231	41235
41232	41236
41233	41238
41234	41241
41235	41241
41236	41241
41237	41241
41238	41242
41239	41242
41240	41244
41241	41245
41242	41247
41243	41248
41244	41250
41245	41253
41246	41253
41247	41253
41248	41253
41249	41254
41250	41254
41251	41257
41252	41258
41253	41259
41254	41259
41255	41261
41256	41262
41257	41262
41258	41263
41259	41263
41260	41265
41261	41266
41262	41266
41263	41267
41264	41267
41265	41267
41266	41269
41267	41269
41268	41270
41269	41272
41270	41275
41271	41277
41272	41278
41273	41278
41274	41278
41275	41280
41276	41281
41277	41281
41278	41281
41279	41283
41280	41284
41281	41284
41282	41284
41283	41284
41284	41285
41285	41287
41286	41288
41287	41290
41288	41291
41289	41293
41290	41296
41291	41296
41292	41296
41293	41296
41294	41296
41295	41299
41296	41301
41297	41302
41298	41302
41299	41303
41300	41303
41301	41305
41302	41306
41303	41306
41304	41307
41305	41307
41306	41309
41307	41310
41308	41310
41309	41311
41310	41311
41311	41314
41312	41316
41313	41317
41314	41319
41315	41321
41316	41321
41317	41321
41318	41322
41319	41322
41320	41323
41321	41325
41322	41327
41323	41327
41324	41327
41325	41328
41326	41328
41327	41330
41328	41331
41329	41333
41330	41334
41331	41334
41332	41336
41333	41336
41334	41336
41335	41337
41336	41339
41337	41340
41338	41340
41339	41341
41340	41341
41341	41343
41342	41344
41343	41345
41344	41346
41345	41346
41346	41346
41347	41347
41348	41348
41349	41350
41350	41351
41351	41353
41352	41354
41353	41356
41354	41359
41355	41361
41356	41362
41357	41362
41358	41363
41359	41363
41360	41365
41361	41366
41362	41366
41363	41367
41364	41367
41365	41369
41366	41370
41367	41370
41368	41371
41369	41371
41370	41372
41371	41374
41372	41376
41373	41376
41374	41376
41375	41377
41376	41377
41377	41380
41378	41382
41379	41383
41380	41384
41381	41385
41382	41385
41383	41386
41384	41388
41385	41391
41386	41391
41387	41391
41388	41391
41389	41392
41390	41392
41391	41394
41392	41395
41393	41397
41394	41398
41395	41398
41396	41400
41397	41400
41398	41400
41399	41401
41400	41402
41401	41403
41402	41403
41403	41405
41404	41406
41405	41408
41406	41409
41407	41409
41408	41412
41409	41412
41410	41412
41411	41412
41412	41413
41413	41415
41414	41416
41415	41416
41416	41419
41417	41419
41418	41419
41419	41419
41420	41422
41421	41424
41422	41425
41423	41427
41424	41429
41425	41431
41426	41432
41427	41432
41428	41433
41429	41433
41430	41435
41431	41436
41432	41436
41433	41437
41434	41437
41435	41438
41436	41440
41437	41443
41438	41443
41439	41443
41440	41443
41441	41443
41442	41444
41443	41445
41444	41446
41445	41448
41446	41451
41447	41451
41448	41451
41449	41451
41450	41452
41451	41452
41452	41454
41453	41454
41454	41455
41455	41457
41456	41460
41457	41462
41458	41463
41459	41463
41460	41463
41461	41464
41462	41465
41463	41465
41464	41467
41465	41468
41466	41468
41467	41468
41468	41469
41469	41470
41470	41471
41471	41471
41472	41472
41473	41473
41474	41475
41475	41476
41476	41478
41477	41479
41478	41479
41479	41482
41480	41482
41481	41482
41482	41482
41483	41485
41484	41487
41485	41488
41486	41488
41487	41489
41488	41489
41489	41491
41490	41491
41491	41491
41492	41492
41493	41493
41494	41494
41495	41497
41496	41498
41497	41500
41498	41503
41499	41505
41500	41506
41501	41508
41502	41511
41503	41513
41504	41514
41505	41515
41506	41516
41507	41518
41508	41521
41509	41523
41510	41524
41511	41526
41512	41526
41513	41526
41514	41527
41515	41529
41516	41529
41517	41529
41518	41531
41519	41532
41520	41534
41521	41534
41522	41534
41523	41535
41524	41537
41525	41537
41526	41537
41527	41539
41528	41540
41529	41542
41530	41542
41531	41542
41532	41543
41533	41545
41534	41545
41535	41545
41536	41546
41537	41548
41538	41549
41539	41551
41540	41551
41541	41551
41542	41554
41543	41556
41544	41556
41545	41556
41546	41558
41547	41558
41548	41558
41549	41560
41550	41560
41551	41560
41552	41561
41553	41563
41554	41566
41555	41568
41556	41569
41557	41571
41558	41574
41559	41576
41560	41576
41561	41576
41562	41578
41563	41578
41564	41578
41565	41580
41566	41580
41567	41580
41568	41581
41569	41583
41570	41583
41571	41583
41572	41584
41573	41586
41574	41589
41575	41591
41576	41591
41577	41591
41578	41593
41579	41593
41580	41593
41581	41595
41582	41595
41583	41595
41584	41596
41585	41598
41586	41598
41587	41598
41588	41600
41589	41601
41590	41603
41591	41604
41592	41606
41593	41606
41594	41606
41595	41609
41596	41610
41597	41610
41598	41612
41599	41612
41600	41612
41601	41614
41602	41614
41603	41614
41604	41615
41605	41617
41606	41620
41607	41622
41608	41622
41609	41622
41610	41624
41611	41624
41612	41624
41613	41626
41614	41626
41615	41626
41616	41627
41617	41629
41618	41629
41619	41629
41620	41631
41621	41632
41622	41634
41623	41635
41624	41637
41625	41637
41626	41637
41627	41640
41628	41642
41629	41642
41630	41642
41631	41644
41632	41644
41633	41644
41634	41645
41635	41645
41636	41646
41637	41648
41638	41649
41639	41651
41640	41651
41641	41651
41642	41654
41643	41656
41644	41656
41645	41656
41646	41658
41647	41658
41648	41658
41649	41660
41650	41660
41651	41660
41652	41661
41653	41663
41654	41666
41655	41668
41656	41669
41657	41671
41658	41671
41659	41671
41660	41672
41661	41674
41662	41674
41663	41674
41664	41676
41665	41677
41666	41679
41667	41679
41668	41679
41669	41680
41670	41682
41671	41682
41672	41682
41673	41684
41674	41685
41675	41687
41676	41687
41677	41687
41678	41687
41679	41688
41680	41690
41681	41691
41682	41693
41683	41693
41684	41693
41685	41696
41686	41698
41687	41698
41688	41698
41689	41700
41690	41700
41691	41700
41692	41702
41693	41702
41694	41702
41695	41704
41696	41705
41697	41707
41698	41708
41699	41710
41700	41713
41701	41715
41702	41716
41703	41718
41704	41718
41705	41718
41706	41719
41707	41721
41708	41721
41709	41721
41710	41723
41711	41724
41712	41726
41713	41726
41714	41726
41715	41727
41716	41729
41717	41729
41718	41729
41719	41731
41720	41732
41721	41734
41722	41734
41723	41734
41724	41735
41725	41737
41726	41737
41727	41737
41728	41738
41729	41740
41730	41743
41731	41745
41732	41745
41733	41745
41734	41747
41735	41747
41736	41747
41737	41749
41738	41749
41739	41749
41740	41750
41741	41752
41742	41752
41743	41752
41744	41755
41745	41757
41746	41758
41747	41760
41748	41761
41749	41763
41750	41763
41751	41763
41752	41765
41753	41767
41754	41767
41755	41767
41756	41769
41757	41769
41758	41769
41759	41770
41760	41772
41761	41775
41762	41777
41763	41777
41764	41777
41765	41779
41766	41779
41767	41779
41768	41780
41769	41780
41770	41781
41771	41783
41772	41783
41773	41783
41774	41784
41775	41785
41776	41787
41777	41790
41778	41792
41779	41792
41780	41792
41781	41794
41782	41794
41783	41794
41784	41796
41785	41796
41786	41796
41787	41797
41788	41799
41789	41799
41790	41799
41791	41801
41792	41802
41793	41804
41794	41805
41795	41807
41796	41807
41797	41807
41798	41810
41799	41812
41800	41812
41801	41812
41802	41813
41803	41813
41804	41814
41805	41814
41806	41815
41807	41817
41808	41818
41809	41820
41810	41820
41811	41820
41812	41823
41813	41825
41814	41825
41815	41825
41816	41827
41817	41827
41818	41827
41819	41828
41820	41828
41821	41829
41822	41831
41823	41834
41824	41836
41825	41837
41826	41839
41827	41842
41828	41844
41829	41844
41830	41844
41831	41846
41832	41846
41833	41846
41834	41848
41835	41848
41836	41848
41837	41849
41838	41851
41839	41851
41840	41851
41841	41852
41842	41854
41843	41857
41844	41859
41845	41859
41846	41859
41847	41861
41848	41861
41849	41861
41850	41863
41851	41863
41852	41863
41853	41864
41854	41866
41855	41866
41856	41866
41857	41868
41858	41869
41859	41871
41860	41872
41861	41874
41862	41874
41863	41874
41864	41877
41865	41878
41866	41878
41867	41880
41868	41880
41869	41880
41870	41882
41871	41882
41872	41882
41873	41883
41874	41885
41875	41888
41876	41890
41877	41890
41878	41890
41879	41892
41880	41892
41881	41892
41882	41894
41883	41894
41884	41894
41885	41895
41886	41897
41887	41897
41888	41897
41889	41899
41890	41900
41891	41902
41892	41903
41893	41905
41894	41905
41895	41905
41896	41908
41897	41910
41898	41910
41899	41910
41900	41911
41901	41911
41902	41913
41903	41913
41904	41913
41905	41914
41906	41916
41907	41919
41908	41921
41909	41921
41910	41921
41911	41923
41912	41923
41913	41923
41914	41925
41915	41925
41916	41925
41917	41926
41918	41928
41919	41928
41920	41928
41921	41929
41922	41931
41923	41932
41924	41934
41925	41935
41926	41937
41927	41937
41928	41937
41929	41940
41930	41942
41931	41942
41932	41942
41933	41944
41934	41944
41935	41944
41936	41946
41937	41946
41938	41946
41939	41949
41940	41951
41941	41952
41942	41954
41943	41954
41944	41954
41945	41955
41946	41957
41947	41957
41948	41957
41949	41959
41950	41960
41951	41962
41952	41962
41953	41962
41954	41963
41955	41965
41956	41965
41957	41965
41958	41967
41959	41967
41960	41968
41961	41970
41962	41970
41963	41970
41964	41972
41965	41973
41966	41975
41967	41976
41968	41978
41969	41979
41970	41981
41971	41984
41972	41986
41973	41986
41974	41986
41975	41988
41976	41988
41977	41988
41978	41990
41979	41990
41980	41990
41981	41991
41982	41993
41983	41993
41984	41993
41985	41996
41986	41998
41987	41999
41988	42001
41989	42001
41990	42001
41991	42002
41992	42004
41993	42004
41994	42004
41995	42006
41996	42007
41997	42009
41998	42009
41999	42009
42000	42010
42001	42012
42002	42012
42003	42012
42004	42014
42005	42015
42006	42017
42007	42017
42008	42017
42009	42018
42010	42020
42011	42020
42012	42020
42013	42023
42014	42025
42015	42026
42016	42028
42017	42030
42018	42032
42019	42032
42020	42032
42021	42034
42022	42034
42023	42034
42024	42035
42025	42037
42026	42037
42027	42037
42028	42038
42029	42039
42030	42040
42031	42042
42032	42042
42033	42042
42034	42044
42035	42045
42036	42046
42037	42047
42038	42049
42039	42049
42040	42049
42041	42050
42042	42052
42043	42055
42044	42057
42045	42057
42046	42057
42047	42059
42048	42059
42049	42059
42050	42061
42051	42061
42052	42061
42053	42062
42054	42064
42055	42064
42056	42064
42057	42066
42058	42067
42059	42069
42060	42070
42061	42072
42062	42072
42063	42072
42064	42075
42065	42076
42066	42076
42067	42077
42068	42077
42069	42078
42070	42078
42071	42079
42072	42081
42073	42082
42074	42084
42075	42084
42076	42084
42077	42087
42078	42089
42079	42089
42080	42089
42081	42091
42082	42091
42083	42091
42084	42092
42085	42092
42086	42093
42087	42095
42088	42096
42089	42098
42090	42099
42091	42101
42092	42104
42093	42106
42094	42106
42095	42106
42096	42108
42097	42108
42098	42108
42099	42110
42100	42110
42101	42110
42102	42111
42103	42113
42104	42113
42105	42113
42106	42116
42107	42118
42108	42119
42109	42121
42110	42121
42111	42121
42112	42122
42113	42124
42114	42124
42115	42124
42116	42126
42117	42127
42118	42129
42119	42129
42120	42129
42121	42130
42122	42132
42123	42132
42124	42132
42125	42134
42126	42135
42127	42137
42128	42137
42129	42137
42130	42138
42131	42140
42132	42140
42133	42140
42134	42143
42135	42145
42136	42146
42137	42148
42138	42151
42139	42153
42140	42153
42141	42153
42142	42155
42143	42155
42144	42155
42145	42156
42146	42156
42147	42157
42148	42159
42149	42159
42150	42159
42151	42160
42152	42162
42153	42164
42154	42166
42155	42166
42156	42166
42157	42168
42158	42168
42159	42168
42160	42169
42161	42171
42162	42171
42163	42171
42164	42173
42165	42174
42166	42176
42167	42177
42168	42179
42169	42179
42170	42179
42171	42182
42172	42183
42173	42183
42174	42185
42175	42185
42176	42185
42177	42186
42178	42186
42179	42187
42180	42189
42181	42192
42182	42194
42183	42194
42184	42194
42185	42196
42186	42196
42187	42196
42188	42198
42189	42198
42190	42198
42191	42199
42192	42201
42193	42201
42194	42201
42195	42202
42196	42203
42197	42205
42198	42206
42199	42208
42200	42208
42201	42208
42202	42211
42203	42213
42204	42213
42205	42213
42206	42215
42207	42215
42208	42215
42209	42216
42210	42216
42211	42217
42212	42219
42213	42222
42214	42224
42215	42225
42216	42227
42217	42230
42218	42232
42219	42233
42220	42234
42221	42234
42222	42235
42223	42237
42224	42237
42225	42237
42226	42239
42227	42240
42228	42242
42229	42242
42230	42242
42231	42243
42232	42245
42233	42245
42234	42245
42235	42247
42236	42248
42237	42250
42238	42250
42239	42250
42240	42251
42241	42253
42242	42253
42243	42253
42244	42254
42245	42256
42246	42259
42247	42261
42248	42261
42249	42261
42250	42263
42251	42263
42252	42263
42253	42265
42254	42265
42255	42265
42256	42266
42257	42268
42258	42268
42259	42268
42260	42269
42261	42271
42262	42273
42263	42275
42264	42276
42265	42278
42266	42278
42267	42278
42268	42278
42269	42280
42270	42281
42271	42283
42272	42283
42273	42283
42274	42283
42275	42284
42276	42286
42277	42289
42278	42291
42279	42291
42280	42291
42281	42293
42282	42293
42283	42293
42284	42295
42285	42295
42286	42295
42287	42296
42288	42298
42289	42298
42290	42298
42291	42300
42292	42301
42293	42303
42294	42304
42295	42306
42296	42309
42297	42311
42298	42311
42299	42311
42300	42313
42301	42313
42302	42313
42303	42315
42304	42315
42305	42315
42306	42316
42307	42318
42308	42318
42309	42318
42310	42321
42311	42322
42312	42323
42313	42325
42314	42325
42315	42325
42316	42327
42317	42328
42318	42330
42319	42330
42320	42330
42321	42331
42322	42333
42323	42333
42324	42333
42325	42335
42326	42336
42327	42338
42328	42338
42329	42338
42330	42339
42331	42341
42332	42341
42333	42341
42334	42341
42335	42343
42336	42344
42337	42346
42338	42347
42339	42349
42340	42352
42341	42354
42342	42354
42343	42354
42344	42356
42345	42356
42346	42356
42347	42358
42348	42358
42349	42358
42350	42359
42351	42361
42352	42361
42353	42361
42354	42363
42355	42365
42356	42366
42357	42368
42358	42368
42359	42368
42360	42368
42361	42369
42362	42370
42363	42372
42364	42372
42365	42372
42366	42373
42367	42375
42368	42378
42369	42380
42370	42381
42371	42382
42372	42382
42373	42383
42374	42385
42375	42385
42376	42385
42377	42387
42378	42388
42379	42389
42380	42389
42381	42390
42382	42392
42383	42392
42384	42392
42385	42394
42386	42395
42387	42397
42388	42397
42389	42397
42390	42398
42391	42400
42392	42400
42393	42400
42394	42401
42395	42403
42396	42404
42397	42406
42398	42406
42399	42406
42400	42409
42401	42411
42402	42411
42403	42411
42404	42413
42405	42413
42406	42413
42407	42415
42408	42415
42409	42415
42410	42416
42411	42418
42412	42419
42413	42421
42414	42422
42415	42424
42416	42427
42417	42429
42418	42429
42419	42429
42420	42431
42421	42431
42422	42431
42423	42433
42424	42433
42425	42433
42426	42434
42427	42436
42428	42436
42429	42436
42430	42439
42431	42441
42432	42442
42433	42444
42434	42444
42435	42444
42436	42445
42437	42447
42438	42447
42439	42447
42440	42449
42441	42450
42442	42452
42443	42452
42444	42452
42445	42453
42446	42455
42447	42455
42448	42455
42449	42457
42450	42458
42451	42460
42452	42460
42453	42460
42454	42461
42455	42463
42456	42463
42457	42463
42458	42466
42459	42468
42460	42469
42461	42471
42462	42473
42463	42475
42464	42475
42465	42475
42466	42477
42467	42477
42468	42477
42469	42478
42470	42480
42471	42480
42472	42480
42473	42481
42474	42483
42475	42485
42476	42487
42477	42487
42478	42487
42479	42489
42480	42489
42481	42489
42482	42490
42483	42492
42484	42492
42485	42492
42486	42494
42487	42495
42488	42497
42489	42498
42490	42500
42491	42500
42492	42500
42493	42502
42494	42503
42495	42503
42496	42505
42497	42505
42498	42505
42499	42506
42500	42508
42501	42511
42502	42513
42503	42513
42504	42513
42505	42515
42506	42515
42507	42515
42508	42517
42509	42517
42510	42517
42511	42518
42512	42520
42513	42520
42514	42520
42515	42522
42516	42523
42517	42525
42518	42526
42519	42528
42520	42528
42521	42528
42522	42531
42523	42533
42524	42533
42525	42533
42526	42535
42527	42535
42528	42535
42529	42536
42530	42536
42531	42536
42532	42537
42533	42539
42534	42542
42535	42544
42536	42545
42537	42547
42538	42550
42539	42552
42540	42553
42541	42555
42542	42558
42543	42560
42544	42560
42545	42560
42546	42562
42547	42562
42548	42562
42549	42564
42550	42564
42551	42564
42552	42565
42553	42567
42554	42567
42555	42567
42556	42568
42557	42570
42558	42573
42559	42575
42560	42575
42561	42575
42562	42577
42563	42577
42564	42577
42565	42579
42566	42579
42567	42579
42568	42580
42569	42582
42570	42582
42571	42582
42572	42584
42573	42585
42574	42587
42575	42588
42576	42590
42577	42590
42578	42590
42579	42593
42580	42594
42581	42594
42582	42595
42583	42595
42584	42597
42585	42597
42586	42597
42587	42598
42588	42600
42589	42603
42590	42605
42591	42605
42592	42605
42593	42607
42594	42607
42595	42607
42596	42609
42597	42609
42598	42609
42599	42610
42600	42612
42601	42612
42602	42612
42603	42614
42604	42615
42605	42617
42606	42618
42607	42620
42608	42620
42609	42620
42610	42623
42611	42625
42612	42625
42613	42625
42614	42627
42615	42627
42616	42627
42617	42629
42618	42629
42619	42629
42620	42630
42621	42632
42622	42633
42623	42635
42624	42635
42625	42635
42626	42638
42627	42640
42628	42640
42629	42640
42630	42642
42631	42642
42632	42642
42633	42643
42634	42643
42635	42644
42636	42646
42637	42649
42638	42651
42639	42652
42640	42654
42641	42654
42642	42654
42643	42655
42644	42657
42645	42657
42646	42657
42647	42659
42648	42660
42649	42662
42650	42662
42651	42662
42652	42662
42653	42664
42654	42665
42655	42666
42656	42666
42657	42667
42658	42669
42659	42669
42660	42669
42661	42670
42662	42672
42663	42673
42664	42675
42665	42675
42666	42675
42667	42678
42668	42680
42669	42680
42670	42680
42671	42682
42672	42682
42673	42682
42674	42684
42675	42684
42676	42684
42677	42685
42678	42687
42679	42690
42680	42692
42681	42693
42682	42695
42683	42698
42684	42700
42685	42700
42686	42700
42687	42702
42688	42702
42689	42702
42690	42704
42691	42704
42692	42704
42693	42705
42694	42707
42695	42707
42696	42707
42697	42707
42698	42709
42699	42710
42700	42712
42701	42713
42702	42715
42703	42715
42704	42715
42705	42718
42706	42719
42707	42719
42708	42721
42709	42721
42710	42721
42711	42723
42712	42723
42713	42723
42714	42724
42715	42726
42716	42729
42717	42731
42718	42731
42719	42731
42720	42733
42721	42733
42722	42733
42723	42735
42724	42735
42725	42735
42726	42736
42727	42738
42728	42738
42729	42738
42730	42740
42731	42741
42732	42743
42733	42744
42734	42746
42735	42746
42736	42746
42737	42749
42738	42751
42739	42751
42740	42751
42741	42753
42742	42753
42743	42753
42744	42754
42745	42754
42746	42755
42747	42757
42748	42758
42749	42760
42750	42760
42751	42760
42752	42763
42753	42765
42754	42765
42755	42765
42756	42767
42757	42767
42758	42767
42759	42769
42760	42769
42761	42769
42762	42770
42763	42772
42764	42775
42765	42777
42766	42778
42767	42780
42768	42780
42769	42780
42770	42781
42771	42783
42772	42783
42773	42783
42774	42785
42775	42786
42776	42788
42777	42788
42778	42788
42779	42789
42780	42791
42781	42791
42782	42791
42783	42793
42784	42794
42785	42796
42786	42796
42787	42796
42788	42796
42789	42797
42790	42799
42791	42800
42792	42802
42793	42802
42794	42802
42795	42805
42796	42807
42797	42807
42798	42807
42799	42809
42800	42809
42801	42809
42802	42811
42803	42811
42804	42811
42805	42813
42806	42814
42807	42816
42808	42817
42809	42819
42810	42822
42811	42824
42812	42825
42813	42827
42814	42827
42815	42827
42816	42828
42817	42830
42818	42830
42819	42830
42820	42832
42821	42833
42822	42835
42823	42835
42824	42835
42825	42836
42826	42838
42827	42838
42828	42838
42829	42840
42830	42841
42831	42843
42832	42843
42833	42843
42834	42844
42835	42846
42836	42846
42837	42846
42838	42847
42839	42849
42840	42852
42841	42854
42842	42854
42843	42854
42844	42856
42845	42856
42846	42856
42847	42858
42848	42858
42849	42858
42850	42859
42851	42861
42852	42861
42853	42861
42854	42864
42855	42865
42856	42866
42857	42868
42858	42871
42859	42873
42860	42873
42861	42873
42862	42875
42863	42875
42864	42875
42865	42877
42866	42877
42867	42877
42868	42878
42869	42880
42870	42880
42871	42880
42872	42882
42873	42883
42874	42885
42875	42886
42876	42888
42877	42888
42878	42888
42879	42890
42880	42892
42881	42892
42882	42892
42883	42894
42884	42894
42885	42894
42886	42895
42887	42897
42888	42900
42889	42902
42890	42902
42891	42902
42892	42903
42893	42903
42894	42905
42895	42905
42896	42905
42897	42906
42898	42908
42899	42908
42900	42908
42901	42910
42902	42911
42903	42913
42904	42914
42905	42916
42906	42916
42907	42916
42908	42919
42909	42921
42910	42921
42911	42921
42912	42923
42913	42923
42914	42923
42915	42924
42916	42924
42917	42925
42918	42927
42919	42928
42920	42930
42921	42930
42922	42930
42923	42933
42924	42935
42925	42935
42926	42935
42927	42936
42928	42936
42929	42937
42930	42937
42931	42938
42932	42940
42933	42943
42934	42945
42935	42946
42936	42948
42937	42951
42938	42953
42939	42953
42940	42953
42941	42955
42942	42955
42943	42955
42944	42957
42945	42957
42946	42957
42947	42958
42948	42960
42949	42960
42950	42960
42951	42961
42952	42962
42953	42963
42954	42965
42955	42965
42956	42965
42957	42967
42958	42968
42959	42970
42960	42971
42961	42973
42962	42973
42963	42973
42964	42976
42965	42977
42966	42977
42967	42979
42968	42979
42969	42979
42970	42981
42971	42981
42972	42981
42973	42982
42974	42984
42975	42987
42976	42988
42977	42988
42978	42990
42979	42990
42980	42990
42981	42992
42982	42992
42983	42992
42984	42993
42985	42995
42986	42995
42987	42995
42988	42997
42989	42998
42990	43000
42991	43001
42992	43003
42993	43003
42994	43003
42995	43006
42996	43008
42997	43008
42998	43008
42999	43009
43000	43009
43001	43010
43002	43010
43003	43011
43004	43013
43005	43016
43006	43018
43007	43018
43008	43018
43009	43020
43010	43020
43011	43020
43012	43022
43013	43022
43014	43022
43015	43023
43016	43025
43017	43025
43018	43025
43019	43026
43020	43028
43021	43029
43022	43031
43023	43032
43024	43034
43025	43034
43026	43034
43027	43037
43028	43039
43029	43039
43030	43039
43031	43041
43032	43041
43033	43041
43034	43043
43035	43043
43036	43043
43037	43046
43038	43048
43039	43049
43040	43051
43041	43051
43042	43051
43043	43052
43044	43054
43045	43054
43046	43054
43047	43056
43048	43057
43049	43059
43050	43059
43051	43059
43052	43060
43053	43062
43054	43062
43055	43062
43056	43064
43057	43065
43058	43067
43059	43067
43060	43067
43061	43067
43062	43069
43063	43070
43064	43072
43065	43073
43066	43075
43067	43076
43068	43078
43069	43081
43070	43083
43071	43083
43072	43083
43073	43085
43074	43085
43075	43085
43076	43087
43077	43087
43078	43087
43079	43088
43080	43090
43081	43090
43082	43090
43083	43093
43084	43095
43085	43096
43086	43098
43087	43098
43088	43098
43089	43099
43090	43101
43091	43101
43092	43101
43093	43103
43094	43104
43095	43106
43096	43106
43097	43106
43098	43107
43099	43109
43100	43109
43101	43109
43102	43111
43103	43112
43104	43114
43105	43114
43106	43114
43107	43115
43108	43117
43109	43117
43110	43117
43111	43120
43112	43122
43113	43123
43114	43125
43115	43127
43116	43129
43117	43129
43118	43129
43119	43131
43120	43131
43121	43131
43122	43132
43123	43134
43124	43134
43125	43134
43126	43135
43127	43136
43128	43137
43129	43139
43130	43139
43131	43139
43132	43141
43133	43142
43134	43144
43135	43145
43136	43147
43137	43147
43138	43147
43139	43150
43140	43152
43141	43152
43142	43152
43143	43153
43144	43153
43145	43154
43146	43154
43147	43155
43148	43157
43149	43160
43150	43162
43151	43162
43152	43162
43153	43163
43154	43163
43155	43165
43156	43165
43157	43165
43158	43166
43159	43168
43160	43168
43161	43168
43162	43169
43163	43170
43164	43172
43165	43173
43166	43175
43167	43175
43168	43175
43169	43178
43170	43180
43171	43180
43172	43180
43173	43182
43174	43182
43175	43182
43176	43183
43177	43183
43178	43184
43179	43186
43180	43187
43181	43189
43182	43190
43183	43192
43184	43195
43185	43197
43186	43197
43187	43197
43188	43199
43189	43199
43190	43199
43191	43201
43192	43201
43193	43201
43194	43202
43195	43203
43196	43203
43197	43206
43198	43208
43199	43209
43200	43211
43201	43211
43202	43211
43203	43212
43204	43214
43205	43214
43206	43214
43207	43216
43208	43217
43209	43219
43210	43219
43211	43219
43212	43220
43213	43222
43214	43222
43215	43222
43216	43224
43217	43225
43218	43227
43219	43227
43220	43227
43221	43228
43222	43230
43223	43230
43224	43230
43225	43233
43226	43235
43227	43236
43228	43237
43229	43238
43230	43240
43231	43240
43232	43240
43233	43241
43234	43243
43235	43245
43236	43247
43237	43247
43238	43247
43239	43249
43240	43249
43241	43249
43242	43250
43243	43252
43244	43252
43245	43252
43246	43254
43247	43255
43248	43256
43249	43257
43250	43259
43251	43259
43252	43259
43253	43260
43254	43262
43255	43265
43256	43267
43257	43267
43258	43267
43259	43269
43260	43269
43261	43269
43262	43271
43263	43271
43264	43271
43265	43272
43266	43274
43267	43274
43268	43274
43269	43276
43270	43277
43271	43279
43272	43280
43273	43282
43274	43282
43275	43282
43276	43285
43277	43287
43278	43287
43279	43287
43280	43289
43281	43289
43282	43289
43283	43290
43284	43290
43285	43291
43286	43293
43287	43294
43288	43296
43289	43296
43290	43296
43291	43299
43292	43300
43293	43300
43294	43301
43295	43301
43296	43302
43297	43302
43298	43303
43299	43305
43300	43308
43301	43310
43302	43311
43303	43313
43304	43315
43305	43317
43306	43317
43307	43318
43308	43320
43309	43320
43310	43320
43311	43322
43312	43323
43313	43325
43314	43325
43315	43325
43316	43325
43317	43326
43318	43328
43319	43331
43320	43333
43321	43333
43322	43333
43323	43335
43324	43335
43325	43335
43326	43337
43327	43337
43328	43337
43329	43338
43330	43340
43331	43340
43332	43340
43333	43341
43334	43343
43335	43346
43336	43348
43337	43349
43338	43351
43339	43351
43340	43351
43341	43352
43342	43353
43343	43353
43344	43355
43345	43356
43346	43358
43347	43358
43348	43358
43349	43359
43350	43361
43351	43361
43352	43361
43353	43363
43354	43364
43355	43366
43356	43366
43357	43366
43358	43367
43359	43369
43360	43369
43361	43369
43362	43370
43363	43372
43364	43375
43365	43377
43366	43377
43367	43377
43368	43379
43369	43379
43370	43379
43371	43381
43372	43381
43373	43381
43374	43382
43375	43384
43376	43384
43377	43384
43378	43386
43379	43387
43380	43389
43381	43390
43382	43392
43383	43395
43384	43397
43385	43397
43386	43397
43387	43399
43388	43399
43389	43399
43390	43401
43391	43401
43392	43401
43393	43402
43394	43404
43395	43404
43396	43404
43397	43406
43398	43407
43399	43408
43400	43410
43401	43410
43402	43410
43403	43412
43404	43413
43405	43415
43406	43415
43407	43415
43408	43415
43409	43416
43410	43418
43411	43421
43412	43423
43413	43424
43414	43426
43415	43426
43416	43426
43417	43427
43418	43428
43419	43428
43420	43430
43421	43431
43422	43433
43423	43433
43424	43433
43425	43434
43426	43436
43427	43436
43428	43436
43429	43438
43430	43439
43431	43441
43432	43441
43433	43441
43434	43442
43435	43444
43436	43444
43437	43444
43438	43445
43439	43447
43440	43448
43441	43450
43442	43450
43443	43450
43444	43453
43445	43455
43446	43455
43447	43455
43448	43457
43449	43457
43450	43457
43451	43459
43452	43459
43453	43459
43454	43461
43455	43462
43456	43464
43457	43465
43458	43467
43459	43470
43460	43472
43461	43472
43462	43472
43463	43474
43464	43474
43465	43474
43466	43475
43467	43475
43468	43476
43469	43478
43470	43478
43471	43478
43472	43481
43473	43483
43474	43484
43475	43486
43476	43486
43477	43486
43478	43487
43479	43488
43480	43488
43481	43489
43482	43490
43483	43492
43484	43492
43485	43492
43486	43494
43487	43495
43488	43497
43489	43497
43490	43497
43491	43498
43492	43499
43493	43499
43494	43499
43495	43500
43496	43502
43497	43503
43498	43505
43499	43506
43500	43508
43501	43511
43502	43513
43503	43513
43504	43513
43505	43515
43506	43515
43507	43515
43508	43517
43509	43517
43510	43517
43511	43518
43512	43520
43513	43520
43514	43520
43515	43523
43516	43525
43517	43526
43518	43528
43519	43528
43520	43528
43521	43529
43522	43529
43523	43531
43524	43532
43525	43534
43526	43534
43527	43534
43528	43535
43529	43537
43530	43537
43531	43537
43532	43539
43533	43540
43534	43542
43535	43542
43536	43542
43537	43543
43538	43545
43539	43545
43540	43545
43541	43548
43542	43550
43543	43551
43544	43553
43545	43555
43546	43557
43547	43557
43548	43557
43549	43559
43550	43559
43551	43559
43552	43560
43553	43562
43554	43562
43555	43562
43556	43563
43557	43565
43558	43567
43559	43569
43560	43569
43561	43569
43562	43571
43563	43571
43564	43571
43565	43572
43566	43574
43567	43574
43568	43574
43569	43576
43570	43577
43571	43579
43572	43580
43573	43582
43574	43582
43575	43582
43576	43584
43577	43585
43578	43585
43579	43587
43580	43587
43581	43587
43582	43588
43583	43590
43584	43593
43585	43595
43586	43595
43587	43595
43588	43597
43589	43597
43590	43597
43591	43599
43592	43599
43593	43599
43594	43600
43595	43602
43596	43602
43597	43602
43598	43604
43599	43604
43600	43605
43601	43607
43602	43608
43603	43609
43604	43609
43605	43612
43606	43614
43607	43614
43608	43614
43609	43615
43610	43615
43611	43616
43612	43616
43613	43618
43614	43619
43615	43621
43616	43622
43617	43624
43618	43627
43619	43629
43620	43630
43621	43632
43622	43634
43623	43636
43624	43637
43625	43639
43626	43639
43627	43639
43628	43640
43629	43641
43630	43641
43631	43643
43632	43644
43633	43646
43634	43646
43635	43646
43636	43647
43637	43649
43638	43649
43639	43649
43640	43650
43641	43652
43642	43655
43643	43657
43644	43657
43645	43657
43646	43659
43647	43659
43648	43659
43649	43661
43650	43661
43651	43661
43652	43662
43653	43664
43654	43664
43655	43664
43656	43665
43657	43667
43658	43670
43659	43672
43660	43673
43661	43675
43662	43675
43663	43675
43664	43676
43665	43678
43666	43678
43667	43678
43668	43680
43669	43681
43670	43683
43671	43683
43672	43683
43673	43684
43674	43686
43675	43686
43676	43686
43677	43688
43678	43689
43679	43691
43680	43691
43681	43691
43682	43692
43683	43694
43684	43694
43685	43694
43686	43695
43687	43697
43688	43700
43689	43702
43690	43702
43691	43702
43692	43704
43693	43704
43694	43704
43695	43706
43696	43706
43697	43706
43698	43707
43699	43709
43700	43709
43701	43709
43702	43711
43703	43712
43704	43714
43705	43715
43706	43717
43707	43720
43708	43722
43709	43722
43710	43722
43711	43724
43712	43724
43713	43724
43714	43726
43715	43726
43716	43726
43717	43727
43718	43729
43719	43729
43720	43729
43721	43732
43722	43734
43723	43735
43724	43736
43725	43736
43726	43737
43727	43739
43728	43739
43729	43739
43730	43740
43731	43741
43732	43743
43733	43743
43734	43743
43735	43745
43736	43746
43737	43748
43738	43748
43739	43748
43740	43749
43741	43751
43742	43751
43743	43751
43744	43752
43745	43754
43746	43757
43747	43759
43748	43760
43749	43761
43750	43761
43751	43762
43752	43764
43753	43764
43754	43764
43755	43765
43756	43766
43757	43768
43758	43768
43759	43768
43760	43770
43761	43771
43762	43773
43763	43773
43764	43773
43765	43774
43766	43776
43767	43776
43768	43776
43769	43777
43770	43779
43771	43780
43772	43782
43773	43782
43774	43782
43775	43785
43776	43787
43777	43787
43778	43787
43779	43789
43780	43789
43781	43789
43782	43791
43783	43791
43784	43791
43785	43793
43786	43794
43787	43796
43788	43797
43789	43799
43790	43800
43791	43802
43792	43802
43793	43802
43794	43805
43795	43807
43796	43807
43797	43807
43798	43809
43799	43809
43800	43809
43801	43811
43802	43811
43803	43811
43804	43814
43805	43816
43806	43817
43807	43819
43808	43819
43809	43819
43810	43820
43811	43821
43812	43821
43813	43823
43814	43824
43815	43825
43816	43825
43817	43826
43818	43828
43819	43828
43820	43828
43821	43830
43822	43831
43823	43832
43824	43832
43825	43833
43826	43835
43827	43835
43828	43835
43829	43836
43830	43838
43831	43839
43832	43841
43833	43842
43834	43844
43835	43844
43836	43844
43837	43847
43838	43849
43839	43849
43840	43849
43841	43851
43842	43851
43843	43851
43844	43853
43845	43853
43846	43853
43847	43856
43848	43858
43849	43859
43850	43860
43851	43860
43852	43861
43853	43863
43854	43863
43855	43863
43856	43865
43857	43865
43858	43866
43859	43868
43860	43868
43861	43868
43862	43869
43863	43870
43864	43872
43865	43872
43866	43872
43867	43873
43868	43875
43869	43878
43870	43880
43871	43881
43872	43883
43873	43886
43874	43888
43875	43888
43876	43888
43877	43890
43878	43890
43879	43890
43880	43892
43881	43892
43882	43892
43883	43893
43884	43895
43885	43895
43886	43895
43887	43896
43888	43898
43889	43900
43890	43902
43891	43902
43892	43902
43893	43904
43894	43904
43895	43904
43896	43905
43897	43907
43898	43907
43899	43907
43900	43909
43901	43910
43902	43912
43903	43913
43904	43915
43905	43915
43906	43915
43907	43918
43908	43919
43909	43919
43910	43921
43911	43921
43912	43921
43913	43923
43914	43923
43915	43923
43916	43923
43917	43925
43918	43926
43919	43928
43920	43929
43921	43931
43922	43931
43923	43931
43924	43933
43925	43935
43926	43935
43927	43935
43928	43936
43929	43936
43930	43937
43931	43939
43932	43942
43933	43944
43934	43944
43935	43944
43936	43946
43937	43946
43938	43946
43939	43948
43940	43948
43941	43948
43942	43949
43943	43951
43944	43951
43945	43951
43946	43952
43947	43954
43948	43955
43949	43957
43950	43958
43951	43960
43952	43960
43953	43960
43954	43962
43955	43964
43956	43964
43957	43964
43958	43966
43959	43966
43960	43966
43961	43969
43962	43971
43963	43972
43964	43974
43965	43974
43966	43974
43967	43975
43968	43977
43969	43977
43970	43977
43971	43979
43972	43980
43973	43982
43974	43982
43975	43982
43976	43983
43977	43985
43978	43985
43979	43985
43980	43987
43981	43988
43982	43990
43983	43990
43984	43990
43985	43990
43986	43993
43987	43995
43988	43996
43989	43998
43990	43999
43991	44001
43992	44004
43993	44006
43994	44007
43995	44009
43996	44009
43997	44009
43998	44010
43999	44011
44000	44011
44001	44013
44002	44014
44003	44015
44004	44015
44005	44016
44006	44018
44007	44018
44008	44018
44009	44020
44010	44021
44011	44023
44012	44023
44013	44023
44014	44024
44015	44026
44016	44026
44017	44026
44018	44027
44019	44029
44020	44032
44021	44034
44022	44034
44023	44034
44024	44036
44025	44036
44026	44036
44027	44038
44028	44038
44029	44038
44030	44039
44031	44041
44032	44041
44033	44041
44034	44043
44035	44045
44036	44046
44037	44048
44038	44049
44039	44051
44040	44051
44041	44051
44042	44053
44043	44055
44044	44055
44045	44055
44046	44057
44047	44057
44048	44057
44049	44058
44050	44060
44051	44061
44052	44063
44053	44063
44054	44063
44055	44064
44056	44066
44057	44066
44058	44066
44059	44068
44060	44069
44061	44071
44062	44072
44063	44074
44064	44074
44065	44074
44066	44077
44067	44079
44068	44079
44069	44079
44070	44081
44071	44081
44072	44081
44073	44082
44074	44082
44075	44083
44076	44085
44077	44086
44078	44088
44079	44088
44080	44088
44081	44090
44082	44091
44083	44091
44084	44092
44085	44092
44086	44093
44087	44095
44088	44098
44089	44100
44090	44101
44091	44103
44092	44106
44093	44108
44094	44108
44095	44108
44096	44110
44097	44110
44098	44110
44099	44112
44100	44112
44101	44112
44102	44113
44103	44115
44104	44115
44105	44115
44106	44116
44107	44117
44108	44118
44109	44120
44110	44120
44111	44120
44112	44122
44113	44123
44114	44125
44115	44126
44116	44128
44117	44128
44118	44128
44119	44131
44120	44132
44121	44132
44122	44134
44123	44134
44124	44134
44125	44136
44126	44136
44127	44136
44128	44137
44129	44138
44130	44139
44131	44141
44132	44141
44133	44141
44134	44142
44135	44143
44136	44145
44137	44148
44138	44150
44139	44150
44140	44150
44141	44152
44142	44152
44143	44152
44144	44154
44145	44154
44146	44154
44147	44155
44148	44157
44149	44157
44150	44157
44151	44158
44152	44160
44153	44161
44154	44163
44155	44164
44156	44166
44157	44166
44158	44166
44159	44169
44160	44171
44161	44171
44162	44171
44163	44173
44164	44173
44165	44173
44166	44175
44167	44175
44168	44175
44169	44178
44170	44180
44171	44181
44172	44183
44173	44183
44174	44183
44175	44184
44176	44186
44177	44186
44178	44186
44179	44188
44180	44189
44181	44191
44182	44191
44183	44191
44184	44192
44185	44194
44186	44194
44187	44194
44188	44196
44189	44197
44190	44199
44191	44199
44192	44199
44193	44199
44194	44200
44195	44201
44196	44203
44197	44206
44198	44208
44199	44208
44200	44209
44201	44211
44202	44214
44203	44216
44204	44216
44205	44216
44206	44218
44207	44218
44208	44218
44209	44220
44210	44220
44211	44220
44212	44221
44213	44223
44214	44223
44215	44223
44216	44225
44217	44226
44218	44227
44219	44228
44220	44230
44221	44230
44222	44230
44223	44231
44224	44233
44225	44236
44226	44238
44227	44238
44228	44238
44229	44239
44230	44239
44231	44241
44232	44241
44233	44241
44234	44242
44235	44244
44236	44244
44237	44244
44238	44246
44239	44247
44240	44249
44241	44250
44242	44252
44243	44252
44244	44252
44245	44255
44246	44257
44247	44257
44248	44257
44249	44258
44250	44258
44251	44260
44252	44260
44253	44260
44254	44261
44255	44262
44256	44263
44257	44265
44258	44265
44259	44265
44260	44266
44261	44268
44262	44269
44263	44271
44264	44272
44265	44274
44266	44274
44267	44274
44268	44277
44269	44279
44270	44279
44271	44279
44272	44281
44273	44281
44274	44281
44275	44283
44276	44283
44277	44283
44278	44286
44279	44288
44280	44289
44281	44291
44282	44291
44283	44291
44284	44292
44285	44294
44286	44294
44287	44294
44288	44296
44289	44297
44290	44299
44291	44299
44292	44299
44293	44300
44294	44302
44295	44302
44296	44302
44297	44304
44298	44304
44299	44305
44300	44307
44301	44307
44302	44307
44303	44309
44304	44310
44305	44312
44306	44313
44307	44315
44308	44316
44309	44318
44310	44321
44311	44323
44312	44323
44313	44323
44314	44325
44315	44325
44316	44325
44317	44327
44318	44327
44319	44327
44320	44328
44321	44330
44322	44330
44323	44330
44324	44333
44325	44335
44326	44336
44327	44338
44328	44338
44329	44338
44330	44339
44331	44341
44332	44341
44333	44341
44334	44343
44335	44344
44336	44346
44337	44346
44338	44346
44339	44347
44340	44349
44341	44349
44342	44349
44343	44351
44344	44352
44345	44354
44346	44354
44347	44354
44348	44355
44349	44357
44350	44357
44351	44357
44352	44360
44353	44362
44354	44363
44355	44365
44356	44367
44357	44369
44358	44369
44359	44369
44360	44371
44361	44371
44362	44371
44363	44372
44364	44374
44365	44374
44366	44374
44367	44375
44368	44376
44369	44377
44370	44379
44371	44379
44372	44379
44373	44380
44374	44381
44375	44383
44376	44386
44377	44388
44378	44388
44379	44388
44380	44390
44381	44390
44382	44390
44383	44392
44384	44392
44385	44392
44386	44393
44387	44395
44388	44395
44389	44395
44390	44396
44391	44397
44392	44399
44393	44400
44394	44402
44395	44402
44396	44402
44397	44405
44398	44407
44399	44407
44400	44407
44401	44409
44402	44409
44403	44409
44404	44410
44405	44410
44406	44411
44407	44413
44408	44414
44409	44416
44410	44417
44411	44419
44412	44422
44413	44424
44414	44424
44415	44424
44416	44426
44417	44426
44418	44426
44419	44428
44420	44428
44421	44428
44422	44429
44423	44431
44424	44431
44425	44431
44426	44434
44427	44436
44428	44437
44429	44439
44430	44439
44431	44439
44432	44440
44433	44442
44434	44442
44435	44442
44436	44444
44437	44445
44438	44447
44439	44447
44440	44447
44441	44448
44442	44450
44443	44450
44444	44450
44445	44452
44446	44453
44447	44455
44448	44455
44449	44455
44450	44456
44451	44458
44452	44458
44453	44458
44454	44461
44455	44463
44456	44463
44457	44464
44458	44466
44459	44468
44460	44470
44461	44470
44462	44470
44463	44472
44464	44472
44465	44472
44466	44473
44467	44475
44468	44475
44469	44475
44470	44477
44471	44478
44472	44479
44473	44480
44474	44482
44475	44482
44476	44482
44477	44483
44478	44485
44479	44488
44480	44490
44481	44490
44482	44490
44483	44492
44484	44492
44485	44492
44486	44494
44487	44494
44488	44494
44489	44495
44490	44497
44491	44497
44492	44497
44493	44498
44494	44499
44495	44501
44496	44502
44497	44504
44498	44504
44499	44504
44500	44507
44501	44509
44502	44509
44503	44509
44504	44511
44505	44511
44506	44511
44507	44512
44508	44512
44509	44513
44510	44515
44511	44518
44512	44520
44513	44521
44514	44522
44515	44523
44516	44525
44517	44528
44518	44530
44519	44531
44520	44533
44521	44533
44522	44533
44523	44534
44524	44536
44525	44536
44526	44536
44527	44537
44528	44538
44529	44540
44530	44540
44531	44540
44532	44542
44533	44543
44534	44545
44535	44545
44536	44545
44537	44546
44538	44548
44539	44548
44540	44548
44541	44549
44542	44551
44543	44552
44544	44554
44545	44554
44546	44554
44547	44557
44548	44559
44549	44559
44550	44559
44551	44561
44552	44561
44553	44561
44554	44563
44555	44563
44556	44563
44557	44564
44558	44566
44559	44569
44560	44571
44561	44572
44562	44574
44563	44577
44564	44579
44565	44579
44566	44579
44567	44581
44568	44581
44569	44581
44570	44583
44571	44583
44572	44583
44573	44584
44574	44586
44575	44586
44576	44586
44577	44587
44578	44589
44579	44592
44580	44593
44581	44593
44582	44595
44583	44595
44584	44595
44585	44597
44586	44597
44587	44597
44588	44598
44589	44600
44590	44600
44591	44600
44592	44602
44593	44603
44594	44605
44595	44606
44596	44608
44597	44608
44598	44608
44599	44611
44600	44612
44601	44612
44602	44614
44603	44614
44604	44614
44605	44616
44606	44616
44607	44616
44608	44617
44609	44619
44610	44622
44611	44624
44612	44624
44613	44624
44614	44626
44615	44626
44616	44626
44617	44628
44618	44628
44619	44628
44620	44629
44621	44631
44622	44631
44623	44631
44624	44633
44625	44634
44626	44636
44627	44636
44628	44639
44629	44641
44630	44641
44631	44641
44632	44643
44633	44643
44634	44643
44635	44644
44636	44644
44637	44645
44638	44647
44639	44647
44640	44650
44641	44652
44642	44652
44643	44652
44644	44654
44645	44654
44646	44654
44647	44656
44648	44656
44649	44656
44650	44657
44651	44659
44652	44662
44653	44664
44654	44665
44655	44667
44656	44667
44657	44667
44658	44668
44659	44670
44660	44670
44661	44670
44662	44672
44663	44673
44664	44675
44665	44675
44666	44675
44667	44676
44668	44678
44669	44678
44670	44678
44671	44680
44672	44681
44673	44682
44674	44682
44675	44682
44676	44683
44677	44685
44678	44686
44679	44688
44680	44688
44681	44688
44682	44691
44683	44693
44684	44693
44685	44693
44686	44695
44687	44695
44688	44695
44689	44697
44690	44697
44691	44697
44692	44699
44693	44700
44694	44702
44695	44703
44696	44705
44697	44708
44698	44710
44699	44711
44700	44713
44701	44713
44702	44713
44703	44714
44704	44716
44705	44716
44706	44716
44707	44718
44708	44719
44709	44721
44710	44721
44711	44721
44712	44722
44713	44724
44714	44724
44715	44724
44716	44726
44717	44727
44718	44729
44719	44729
44720	44729
44721	44730
44722	44732
44723	44732
44724	44732
44725	44733
44726	44735
44727	44738
44728	44740
44729	44740
44730	44740
44731	44742
44732	44742
44733	44742
44734	44744
44735	44744
44736	44744
44737	44745
44738	44747
44739	44747
44740	44747
44741	44750
44742	44751
44743	44752
44744	44754
44745	44757
44746	44759
44747	44759
44748	44759
44749	44761
44750	44761
44751	44761
44752	44763
44753	44763
44754	44763
44755	44764
44756	44766
44757	44766
44758	44766
44759	44768
44760	44769
44761	44771
44762	44772
44763	44774
44764	44774
44765	44774
44766	44776
44767	44778
44768	44778
44769	44778
44770	44780
44771	44780
44772	44780
44773	44781
44774	44782
44775	44783
44776	44785
44777	44785
44778	44785
44779	44787
44780	44788
44781	44790
44782	44791
44783	44793
44784	44793
44785	44793
44786	44796
44787	44797
44788	44797
44789	44799
44790	44799
44791	44799
44792	44800
44793	44800
44794	44801
44795	44802
44796	44803
44797	44805
44798	44805
44799	44805
44800	44806
44801	44808
44802	44811
44803	44813
44804	44814
44805	44816
44806	44819
44807	44821
44808	44821
44809	44821
44810	44823
44811	44823
44812	44823
44813	44825
44814	44825
44815	44825
44816	44826
44817	44828
44818	44828
44819	44828
44820	44829
44821	44830
44822	44831
44823	44833
44824	44833
44825	44833
44826	44835
44827	44836
44828	44838
44829	44839
44830	44841
44831	44841
44832	44841
44833	44844
44834	44845
44835	44845
44836	44847
44837	44847
44838	44847
44839	44849
44840	44849
44841	44849
44842	44850
44843	44852
44844	44855
44845	44856
44846	44856
44847	44857
44848	44857
44849	44859
44850	44859
44851	44859
44852	44860
44853	44862
44854	44862
44855	44862
44856	44864
44857	44865
44858	44867
44859	44868
44860	44870
44861	44870
44862	44870
44863	44873
44864	44875
44865	44875
44866	44875
44867	44876
44868	44876
44869	44877
44870	44877
44871	44878
44872	44880
44873	44883
44874	44885
44875	44885
44876	44885
44877	44887
44878	44887
44879	44887
44880	44889
44881	44889
44882	44889
44883	44890
44884	44892
44885	44892
44886	44892
44887	44893
44888	44895
44889	44896
44890	44898
44891	44899
44892	44900
44893	44900
44894	44903
44895	44905
44896	44905
44897	44905
44898	44907
44899	44907
44900	44907
44901	44909
44902	44909
44903	44909
44904	44912
44905	44914
44906	44915
44907	44917
44908	44917
44909	44917
44910	44918
44911	44920
44912	44920
44913	44920
44914	44922
44915	44923
44916	44925
44917	44925
44918	44925
44919	44926
44920	44928
44921	44928
44922	44928
44923	44930
44924	44931
44925	44933
44926	44933
44927	44933
44928	44933
44929	44935
44930	44936
44931	44938
44932	44939
44933	44941
44934	44944
44935	44946
44936	44947
44937	44949
44938	44949
44939	44949
44940	44950
44941	44952
44942	44952
44943	44952
44944	44954
44945	44955
44946	44957
44947	44957
44948	44957
44949	44958
44950	44960
44951	44960
44952	44960
44953	44962
44954	44963
44955	44965
44956	44965
44957	44965
44958	44966
44959	44967
44960	44967
44961	44968
44962	44970
44963	44973
44964	44975
44965	44975
44966	44975
44967	44977
44968	44977
44969	44977
44970	44979
44971	44979
44972	44979
44973	44980
44974	44982
44975	44982
44976	44982
44977	44985
44978	44987
44979	44988
44980	44990
44981	44991
44982	44993
44983	44993
44984	44993
44985	44995
44986	44997
44987	44997
44988	44997
44989	44999
44990	44999
44991	44999
44992	45000
44993	45001
44994	45002
44995	45004
44996	45004
44997	45004
44998	45005
44999	45006
45000	45008
45001	45011
45002	45013
45003	45013
45004	45013
45005	45015
45006	45015
45007	45015
45008	45017
45009	45017
45010	45017
45011	45018
45012	45020
45013	45020
45014	45020
45015	45022
45016	45023
45017	45025
45018	45026
45019	45028
45020	45028
45021	45028
45022	45031
45023	45032
45024	45032
45025	45033
45026	45033
45027	45034
45028	45034
45029	45035
45030	45037
45031	45038
45032	45039
45033	45039
45034	45042
45035	45043
45036	45043
45037	45045
45038	45045
45039	45045
45040	45046
45041	45046
45042	45047
45043	45049
45044	45052
45045	45053
45046	45054
45047	45056
45048	45059
45049	45061
45050	45061
45051	45061
45052	45063
45053	45063
45054	45063
45055	45065
45056	45065
45057	45065
45058	45066
45059	45068
45060	45068
45061	45068
45062	45070
45063	45071
45064	45072
45065	45073
45066	45075
45067	45075
45068	45075
45069	45076
45070	45078
45071	45081
45072	45083
45073	45083
45074	45083
45075	45085
45076	45085
45077	45085
45078	45087
45079	45087
45080	45087
45081	45088
45082	45090
45083	45090
45084	45090
45085	45092
45086	45093
45087	45095
45088	45096
45089	45098
45090	45098
45091	45098
45092	45101
45093	45103
45094	45103
45095	45103
45096	45104
45097	45104
45098	45106
45099	45106
45100	45106
45101	45106
45102	45107
45103	45109
45104	45110
45105	45112
45106	45113
45107	45115
45108	45115
45109	45115
45110	45118
45111	45120
45112	45120
45113	45120
45114	45122
45115	45122
45116	45122
45117	45124
45118	45124
45119	45124
45120	45127
45121	45129
45122	45130
45123	45132
45124	45132
45125	45132
45126	45133
45127	45135
45128	45135
45129	45135
45130	45137
45131	45138
45132	45140
45133	45140
45134	45140
45135	45141
45136	45143
45137	45143
45138	45143
45139	45145
45140	45145
45141	45146
45142	45148
45143	45148
45144	45148
45145	45149
45146	45151
45147	45152
45148	45154
45149	45155
45150	45157
45151	45160
45152	45162
45153	45163
45154	45163
45155	45164
45156	45166
45157	45166
45158	45166
45159	45168
45160	45169
45161	45171
45162	45171
45163	45171
45164	45172
45165	45174
45166	45174
45167	45174
45168	45176
45169	45177
45170	45179
45171	45179
45172	45179
45173	45180
45174	45182
45175	45182
45176	45182
45177	45183
45178	45185
45179	45188
45180	45190
45181	45190
45182	45190
45183	45192
45184	45192
45185	45192
45186	45194
45187	45194
45188	45194
45189	45195
45190	45197
45191	45197
45192	45197
45193	45200
45194	45202
45195	45203
45196	45205
45197	45206
45198	45208
45199	45208
45200	45208
45201	45211
45202	45212
45203	45212
45204	45214
45205	45214
45206	45214
45207	45216
45208	45216
45209	45216
45210	45217
45211	45219
45212	45222
45213	45223
45214	45223
45215	45225
45216	45225
45217	45225
45218	45227
45219	45227
45220	45227
45221	45228
45222	45229
45223	45229
45224	45231
45225	45232
45226	45234
45227	45235
45228	45237
45229	45237
45230	45237
45231	45239
45232	45241
45233	45241
45234	45241
45235	45243
45236	45243
45237	45243
45238	45244
45239	45246
45240	45249
45241	45251
45242	45251
45243	45251
45244	45253
45245	45253
45246	45253
45247	45255
45248	45255
45249	45255
45250	45256
45251	45258
45252	45258
45253	45258
45254	45260
45255	45261
45256	45263
45257	45264
45258	45266
45259	45266
45260	45266
45261	45269
45262	45271
45263	45271
45264	45271
45265	45273
45266	45273
45267	45273
45268	45274
45269	45274
45270	45275
45271	45277
45272	45278
45273	45280
45274	45280
45275	45280
45276	45283
45277	45285
45278	45285
45279	45285
45280	45287
45281	45287
45282	45287
45283	45288
45284	45288
45285	45291
45286	45293
45287	45294
45288	45296
45289	45298
45290	45300
45291	45301
45292	45303
45293	45303
45294	45303
45295	45304
45296	45306
45297	45306
45298	45306
45299	45308
45300	45309
45301	45311
45302	45311
45303	45311
45304	45312
45305	45314
45306	45314
45307	45314
45308	45315
45309	45317
45310	45320
45311	45322
45312	45322
45313	45322
45314	45324
45315	45324
45316	45324
45317	45326
45318	45326
45319	45326
45320	45326
45321	45327
45322	45329
45323	45331
45324	45333
45325	45334
45326	45336
45327	45336
45328	45336
45329	45336
45330	45338
45331	45338
45332	45339
45333	45341
45334	45341
45335	45341
45336	45342
45337	45344
45338	45347
45339	45349
45340	45349
45341	45349
45342	45351
45343	45351
45344	45351
45345	45353
45346	45353
45347	45353
45348	45354
45349	45356
45350	45356
45351	45356
45352	45358
45353	45359
45354	45361
45355	45362
45356	45364
45357	45367
45358	45369
45359	45369
45360	45369
45361	45371
45362	45371
45363	45371
45364	45373
45365	45373
45366	45373
45367	45374
45368	45376
45369	45376
45370	45376
45371	45378
45372	45379
45373	45380
45374	45382
45375	45382
45376	45382
45377	45384
45378	45384
45379	45385
45380	45387
45381	45387
45382	45387
45383	45388
45384	45390
45385	45393
45386	45395
45387	45396
45388	45397
45389	45397
45390	45398
45391	45400
45392	45400
45393	45400
45394	45402
45395	45402
45396	45403
45397	45405
45398	45405
45399	45405
45400	45407
45401	45408
45402	45410
45403	45410
45404	45410
45405	45411
45406	45412
45407	45412
45408	45413
45409	45415
45410	45416
45411	45418
45412	45418
45413	45418
45414	45421
45415	45423
45416	45423
45417	45423
45418	45425
45419	45425
45420	45425
45421	45427
45422	45427
45423	45427
45424	45429
45425	45429
45426	45430
45427	45432
45428	45433
45429	45435
45430	45436
45431	45438
45432	45438
45433	45438
45434	45441
45435	45442
45436	45442
45437	45444
45438	45444
45439	45444
45440	45446
45441	45446
45442	45446
45443	45449
45444	45451
45445	45452
45446	45453
45447	45453
45448	45454
45449	45456
45450	45456
45451	45456
45452	45458
45453	45458
45454	45459
45455	45460
45456	45460
45457	45461
45458	45462
45459	45464
45460	45464
45461	45464
45462	45466
45463	45467
45464	45469
45465	45470
45466	45472
45467	45473
45468	45475
45469	45478
45470	45480
45471	45481
45472	45483
45473	45486
45474	45488
45475	45488
45476	45488
45477	45490
45478	45490
45479	45490
45480	45492
45481	45492
45482	45492
45483	45493
45484	45495
45485	45495
45486	45495
45487	45496
45488	45498
45489	45501
45490	45503
45491	45503
45492	45503
45493	45505
45494	45505
45495	45505
45496	45507
45497	45507
45498	45507
45499	45508
45500	45510
45501	45510
45502	45510
45503	45512
45504	45513
45505	45515
45506	45516
45507	45518
45508	45518
45509	45518
45510	45521
45511	45522
45512	45522
45513	45524
45514	45524
45515	45524
45516	45526
45517	45526
45518	45526
45519	45527
45520	45529
45521	45532
45522	45534
45523	45534
45524	45534
45525	45536
45526	45536
45527	45536
45528	45538
45529	45538
45530	45538
45531	45539
45532	45541
45533	45541
45534	45541
45535	45543
45536	45544
45537	45546
45538	45547
45539	45549
45540	45549
45541	45549
45542	45552
45543	45554
45544	45554
45545	45554
45546	45556
45547	45556
45548	45556
45549	45557
45550	45557
45551	45558
45552	45560
45553	45561
45554	45563
45555	45563
45556	45563
45557	45566
45558	45568
45559	45568
45560	45568
45561	45570
45562	45570
45563	45570
45564	45572
45565	45572
45566	45572
45567	45573
45568	45575
45569	45578
45570	45580
45571	45581
45572	45583
45573	45583
45574	45583
45575	45584
45576	45586
45577	45586
45578	45586
45579	45588
45580	45589
45581	45591
45582	45591
45583	45591
45584	45592
45585	45594
45586	45594
45587	45594
45588	45596
45589	45597
45590	45599
45591	45599
45592	45599
45593	45599
45594	45600
45595	45602
45596	45603
45597	45605
45598	45605
45599	45605
45600	45608
45601	45610
45602	45610
45603	45610
45604	45612
45605	45612
45606	45612
45607	45614
45608	45614
45609	45614
45610	45617
45611	45619
45612	45620
45613	45622
45614	45623
45615	45625
45616	45628
45617	45630
45618	45630
45619	45630
45620	45632
45621	45632
45622	45632
45623	45634
45624	45634
45625	45634
45626	45635
45627	45637
45628	45637
45629	45637
45630	45640
45631	45641
45632	45642
45633	45644
45634	45644
45635	45644
45636	45646
45637	45647
45638	45649
45639	45649
45640	45649
45641	45650
45642	45652
45643	45652
45644	45652
45645	45654
45646	45655
45647	45657
45648	45657
45649	45657
45650	45658
45651	45660
45652	45660
45653	45660
45654	45661
45655	45663
45656	45666
45657	45668
45658	45669
45659	45671
45660	45671
45661	45671
45662	45671
45663	45673
45664	45674
45665	45675
45666	45675
45667	45676
45668	45678
45669	45678
45670	45678
45671	45680
45672	45681
45673	45683
45674	45683
45675	45683
45676	45684
45677	45686
45678	45686
45679	45686
45680	45687
45681	45689
45682	45690
45683	45692
45684	45692
45685	45692
45686	45695
45687	45697
45688	45697
45689	45697
45690	45699
45691	45699
45692	45699
45693	45701
45694	45701
45695	45701
45696	45703
45697	45704
45698	45706
45699	45707
45700	45709
45701	45712
45702	45714
45703	45714
45704	45714
45705	45716
45706	45716
45707	45716
45708	45718
45709	45718
45710	45718
45711	45718
45712	45720
45713	45722
45714	45723
45715	45725
45716	45725
45717	45725
45718	45726
45719	45727
45720	45727
45721	45729
45722	45730
45723	45732
45724	45732
45725	45732
45726	45733
45727	45735
45728	45735
45729	45735
45730	45736
45731	45738
45732	45741
45733	45743
45734	45744
45735	45745
45736	45745
45737	45745
45738	45747
45739	45748
45740	45749
45741	45749
45742	45750
45743	45752
45744	45752
45745	45752
45746	45754
45747	45755
45748	45757
45749	45757
45750	45757
45751	45758
45752	45760
45753	45760
45754	45760
45755	45761
45756	45763
45757	45764
45758	45766
45759	45766
45760	45766
45761	45769
45762	45771
45763	45771
45764	45771
45765	45773
45766	45773
45767	45773
45768	45775
45769	45775
45770	45775
45771	45777
45772	45778
45773	45780
45774	45781
45775	45783
45776	45784
45777	45786
45778	45786
45779	45786
45780	45789
45781	45791
45782	45791
45783	45791
45784	45793
45785	45793
45786	45793
45787	45795
45788	45795
45789	45795
45790	45798
45791	45800
45792	45801
45793	45803
45794	45803
45795	45803
45796	45803
45797	45805
45798	45806
45799	45807
45800	45807
45801	45808
45802	45810
45803	45810
45804	45810
45805	45811
45806	45812
45807	45814
45808	45814
45809	45814
45810	45815
45811	45817
45812	45818
45813	45820
45814	45821
45815	45823
45816	45823
45817	45823
45818	45826
45819	45828
45820	45828
45821	45828
45822	45830
45823	45830
45824	45830
45825	45832
45826	45832
45827	45832
45828	45835
45829	45837
45830	45838
45831	45840
45832	45840
45833	45840
45834	45841
45835	45843
45836	45843
45837	45843
45838	45845
45839	45846
45840	45847
45841	45847
45842	45848
45843	45850
45844	45850
45845	45850
45846	45851
45847	45852
45848	45854
45849	45854
45850	45854
45851	45857
45852	45859
45853	45860
45854	45862
45855	45864
45856	45866
45857	45867
45858	45869
45859	45870
45860	45872
45861	45872
45862	45872
45863	45875
45864	45877
45865	45877
45866	45877
45867	45878
45868	45878
45869	45880
45870	45880
45871	45880
45872	45881
45873	45883
45874	45885
45875	45887
45876	45887
45877	45887
45878	45889
45879	45889
45880	45889
45881	45890
45882	45892
45883	45892
45884	45892
45885	45894
45886	45895
45887	45897
45888	45898
45889	45899
45890	45899
45891	45902
45892	45904
45893	45904
45894	45904
45895	45906
45896	45906
45897	45906
45898	45908
45899	45908
45900	45908
45901	45909
45902	45911
45903	45912
45904	45914
45905	45914
45906	45914
45907	45916
45908	45918
45909	45918
45910	45918
45911	45919
45912	45919
45913	45920
45914	45922
45915	45925
45916	45927
45917	45928
45918	45930
45919	45930
45920	45930
45921	45931
45922	45933
45923	45933
45924	45933
45925	45935
45926	45936
45927	45938
45928	45938
45929	45938
45930	45938
45931	45940
45932	45941
45933	45943
45934	45943
45935	45943
45936	45944
45937	45946
45938	45946
45939	45946
45940	45947
45941	45949
45942	45949
45943	45952
45944	45954
45945	45954
45946	45954
45947	45956
45948	45956
45949	45956
45950	45958
45951	45958
45952	45958
45953	45959
45954	45960
45955	45961
45956	45963
45957	45966
45958	45968
45959	45969
45960	45971
45961	45971
45962	45971
45963	45972
45964	45974
45965	45974
45966	45974
45967	45976
45968	45977
45969	45978
45970	45978
45971	45978
45972	45980
45973	45981
45974	45983
45975	45983
45976	45983
45977	45983
45978	45984
45979	45986
45980	45987
45981	45989
45982	45989
45983	45989
45984	45992
45985	45994
45986	45994
45987	45994
45988	45996
45989	45996
45990	45996
45991	45998
45992	45998
45993	45998
45994	46000
45995	46001
45996	46002
45997	46003
45998	46005
45999	46008
46000	46009
46001	46010
46002	46012
46003	46012
46004	46012
46005	46014
46006	46015
46007	46017
46008	46017
46009	46017
46010	46018
46011	46020
46012	46020
46013	46020
46014	46022
46015	46023
46016	46025
46017	46025
46018	46025
46019	46026
46020	46028
46021	46028
46022	46028
46023	46029
46024	46031
46025	46034
46026	46036
46027	46036
46028	46036
46029	46038
46030	46038
46031	46038
46032	46040
46033	46040
46034	46040
46035	46041
46036	46043
46037	46043
46038	46043
46039	46044
46040	46046
46041	46049
46042	46051
46043	46052
46044	46053
46045	46054
46046	46056
46047	46056
46048	46056
46049	46057
46050	46059
46051	46062
46052	46064
46053	46064
46054	46064
46055	46066
46056	46066
46057	46066
46058	46068
46059	46068
46060	46068
46061	46069
46062	46071
46063	46071
46064	46071
46065	46073
46066	46073
46067	46074
46068	46076
46069	46079
46070	46081
46071	46081
46072	46081
46073	46083
46074	46083
46075	46083
46076	46085
46077	46085
46078	46085
46079	46085
46080	46087
46081	46088
46082	46090
46083	46091
46084	46093
46085	46093
46086	46093
46087	46096
46088	46098
46089	46098
46090	46098
46091	46099
46092	46099
46093	46101
46094	46101
46095	46101
46096	46102
46097	46104
46098	46106
46099	46107
46100	46107
46101	46108
46102	46108
46103	46109
46104	46111
46105	46111
46106	46111
46107	46112
46108	46114
46109	46115
46110	46117
46111	46118
46112	46120
46113	46120
46114	46120
46115	46123
46116	46125
46117	46125
46118	46125
46119	46127
46120	46127
46121	46127
46122	46129
46123	46129
46124	46129
46125	46132
46126	46134
46127	46135
46128	46137
46129	46137
46130	46137
46131	46138
46132	46140
46133	46140
46134	46140
46135	46142
46136	46143
46137	46145
46138	46145
46139	46145
46140	46146
46141	46148
46142	46148
46143	46148
46144	46150
46145	46150
46146	46151
46147	46152
46148	46152
46149	46154
46150	46155
46151	46157
46152	46158
46153	46160
46154	46161
46155	46163
46156	46166
46157	46168
46158	46168
46159	46168
46160	46170
46161	46170
46162	46170
46163	46172
46164	46172
46165	46172
46166	46173
46167	46175
46168	46175
46169	46175
46170	46178
46171	46180
46172	46181
46173	46182
46174	46182
46175	46183
46176	46185
46177	46185
46178	46185
46179	46187
46180	46188
46181	46190
46182	46190
46183	46190
46184	46191
46185	46193
46186	46193
46187	46193
46188	46195
46189	46196
46190	46198
46191	46198
46192	46198
46193	46199
46194	46201
46195	46201
46196	46201
46197	46204
46198	46205
46199	46206
46200	46208
46201	46210
46202	46212
46203	46212
46204	46212
46205	46214
46206	46214
46207	46214
46208	46215
46209	46217
46210	46217
46211	46217
46212	46218
46213	46219
46214	46221
46215	46224
46216	46226
46217	46226
46218	46226
46219	46228
46220	46228
46221	46228
46222	46230
46223	46230
46224	46230
46225	46231
46226	46233
46227	46233
46228	46233
46229	46234
46230	46235
46231	46237
46232	46238
46233	46240
46234	46240
46235	46240
46236	46243
46237	46245
46238	46245
46239	46245
46240	46247
46241	46247
46242	46247
46243	46248
46244	46248
46245	46249
46246	46251
46247	46252
46248	46254
46249	46255
46250	46257
46251	46260
46252	46262
46253	46262
46254	46262
46255	46264
46256	46264
46257	46264
46258	46266
46259	46266
46260	46266
46261	46267
46262	46269
46263	46269
46264	46269
46265	46272
46266	46274
46267	46275
46268	46277
46269	46277
46270	46277
46271	46278
46272	46280
46273	46280
46274	46280
46275	46282
46276	46283
46277	46285
46278	46285
46279	46285
46280	46286
46281	46288
46282	46288
46283	46288
46284	46290
46285	46291
46286	46293
46287	46293
46288	46293
46289	46294
46290	46296
46291	46296
46292	46296
46293	46299
46294	46301
46295	46302
46296	46303
46297	46304
46298	46306
46299	46306
46300	46306
46301	46307
46302	46309
46303	46311
46304	46313
46305	46313
46306	46313
46307	46315
46308	46315
46309	46315
46310	46316
46311	46318
46312	46318
46313	46318
46314	46320
46315	46320
46316	46321
46317	46323
46318	46326
46319	46328
46320	46328
46321	46328
46322	46330
46323	46330
46324	46330
46325	46332
46326	46332
46327	46332
46328	46333
46329	46334
46330	46334
46331	46335
46332	46336
46333	46338
46334	46339
46335	46341
46336	46341
46337	46341
46338	46344
46339	46346
46340	46346
46341	46346
46342	46348
46343	46348
46344	46348
46345	46349
46346	46349
46347	46350
46348	46352
46349	46353
46350	46355
46351	46356
46352	46358
46353	46361
46354	46363
46355	46364
46356	46366
46357	46369
46358	46370
46359	46370
46360	46372
46361	46372
46362	46372
46363	46374
46364	46374
46365	46374
46366	46375
46367	46377
46368	46377
46369	46377
46370	46378
46371	46380
46372	46383
46373	46385
46374	46385
46375	46385
46376	46386
46377	46386
46378	46388
46379	46388
46380	46388
46381	46389
46382	46390
46383	46390
46384	46392
46385	46393
46386	46395
46387	46396
46388	46398
46389	46398
46390	46398
46391	46401
46392	46403
46393	46403
46394	46403
46395	46404
46396	46404
46397	46406
46398	46406
46399	46406
46400	46407
46401	46409
46402	46412
46403	46414
46404	46414
46405	46414
46406	46416
46407	46416
46408	46416
46409	46418
46410	46418
46411	46418
46412	46419
46413	46421
46414	46421
46415	46421
46416	46423
46417	46424
46418	46426
46419	46427
46420	46429
46421	46429
46422	46429
46423	46432
46424	46434
46425	46434
46426	46434
46427	46436
46428	46436
46429	46436
46430	46438
46431	46438
46432	46438
46433	46439
46434	46441
46435	46442
46436	46444
46437	46444
46438	46444
46439	46447
46440	46449
46441	46449
46442	46449
46443	46451
46444	46451
46445	46451
46446	46452
46447	46452
46448	46453
46449	46455
46450	46458
46451	46460
46452	46461
46453	46463
46454	46463
46455	46463
46456	46464
46457	46466
46458	46466
46459	46466
46460	46468
46461	46469
46462	46469
46463	46469
46464	46471
46465	46472
46466	46474
46467	46474
46468	46474
46469	46475
46470	46477
46471	46477
46472	46477
46473	46478
46474	46480
46475	46481
46476	46483
46477	46483
46478	46483
46479	46485
46480	46487
46481	46487
46482	46487
46483	46489
46484	46489
46485	46489
46486	46492
46487	46494
46488	46495
46489	46497
46490	46498
46491	46500
46492	46503
46493	46505
46494	46505
46495	46505
46496	46507
46497	46507
46498	46507
46499	46509
46500	46509
46501	46509
46502	46510
46503	46512
46504	46512
46505	46512
46506	46514
46507	46516
46508	46517
46509	46519
46510	46519
46511	46519
46512	46520
46513	46522
46514	46522
46515	46522
46516	46524
46517	46525
46518	46527
46519	46527
46520	46527
46521	46528
46522	46530
46523	46530
46524	46530
46525	46531
46526	46533
46527	46536
46528	46538
46529	46539
46530	46541
46531	46541
46532	46541
46533	46541
46534	46543
46535	46544
46536	46546
46537	46546
46538	46546
46539	46547
46540	46548
46541	46548
46542	46550
46543	46551
46544	46553
46545	46553
46546	46553
46547	46554
46548	46556
46549	46556
46550	46556
46551	46557
46552	46559
46553	46560
46554	46562
46555	46562
46556	46562
46557	46565
46558	46567
46559	46567
46560	46567
46561	46569
46562	46569
46563	46569
46564	46571
46565	46571
46566	46571
46567	46573
46568	46574
46569	46576
46570	46577
46571	46579
46572	46582
46573	46584
46574	46584
46575	46584
46576	46586
46577	46586
46578	46586
46579	46588
46580	46588
46581	46588
46582	46589
46583	46591
46584	46591
46585	46591
46586	46593
46587	46595
46588	46596
46589	46598
46590	46598
46591	46598
46592	46599
46593	46600
46594	46600
46595	46602
46596	46603
46597	46604
46598	46604
46599	46605
46600	46607
46601	46607
46602	46607
46603	46608
46604	46610
46605	46613
46606	46615
46607	46615
46608	46616
46609	46617
46610	46617
46611	46619
46612	46620
46613	46621
46614	46621
46615	46622
46616	46624
46617	46624
46618	46624
46619	46626
46620	46627
46621	46628
46622	46628
46623	46629
46624	46631
46625	46631
46626	46631
46627	46632
46628	46634
46629	46635
46630	46637
46631	46637
46632	46637
46633	46640
46634	46641
46635	46641
46636	46643
46637	46643
46638	46643
46639	46645
46640	46645
46641	46645
46642	46647
46643	46648
46644	46650
46645	46651
46646	46653
46647	46654
46648	46656
46649	46656
46650	46656
46651	46659
46652	46661
46653	46661
46654	46661
46655	46663
46656	46663
46657	46663
46658	46665
46659	46665
46660	46665
46661	46668
46662	46669
46663	46670
46664	46672
46665	46672
46666	46672
46667	46674
46668	46675
46669	46676
46670	46676
46671	46677
46672	46679
46673	46679
46674	46679
46675	46680
46676	46681
46677	46683
46678	46683
46679	46683
46680	46684
46681	46686
46682	46687
46683	46689
46684	46690
46685	46692
46686	46692
46687	46692
46688	46695
46689	46697
46690	46697
46691	46697
46692	46699
46693	46699
46694	46699
46695	46701
46696	46701
46697	46701
46698	46704
46699	46706
46700	46706
46701	46707
46702	46708
46703	46708
46704	46710
46705	46711
46706	46712
46707	46712
46708	46713
46709	46715
46710	46715
46711	46715
46712	46716
46713	46717
46714	46719
46715	46719
46716	46719
46717	46722
46718	46724
46719	46725
46720	46726
46721	46727
46722	46729
46723	46732
46724	46734
46725	46735
46726	46737
46727	46737
46728	46737
46729	46738
46730	46740
46731	46740
46732	46740
46733	46742
46734	46743
46735	46745
46736	46745
46737	46745
46738	46745
46739	46747
46740	46748
46741	46749
46742	46749
46743	46749
46744	46750
46745	46752
46746	46753
46747	46755
46748	46755
46749	46755
46750	46758
46751	46760
46752	46760
46753	46760
46754	46762
46755	46762
46756	46762
46757	46764
46758	46764
46759	46764
46760	46765
46761	46767
46762	46769
46763	46771
46764	46772
46765	46774
46766	46775
46767	46777
46768	46777
46769	46777
46770	46780
46771	46781
46772	46781
46773	46783
46774	46783
46775	46783
46776	46785
46777	46785
46778	46785
46779	46786
46780	46788
46781	46790
46782	46792
46783	46792
46784	46792
46785	46793
46786	46793
46787	46794
46788	46796
46789	46796
46790	46796
46791	46798
46792	46799
46793	46801
46794	46802
46795	46804
46796	46804
46797	46804
46798	46805
46799	46806
46800	46806
46801	46807
46802	46809
46803	46810
46804	46811
46805	46811
46806	46814
46807	46816
46808	46816
46809	46816
46810	46818
46811	46818
46812	46818
46813	46820
46814	46820
46815	46820
46816	46821
46817	46823
46818	46826
46819	46828
46820	46829
46821	46831
46822	46831
46823	46831
46824	46832
46825	46833
46826	46833
46827	46835
46828	46836
46829	46838
46830	46838
46831	46838
46832	46839
46833	46841
46834	46841
46835	46841
46836	46843
46837	46844
46838	46846
46839	46846
46840	46846
46841	46846
46842	46847
46843	46849
46844	46849
46845	46852
46846	46854
46847	46854
46848	46854
46849	46856
46850	46856
46851	46856
46852	46858
46853	46858
46854	46858
46855	46860
46856	46861
46857	46863
46858	46864
46859	46866
46860	46869
46861	46871
46862	46872
46863	46874
46864	46874
46865	46874
46866	46875
46867	46877
46868	46877
46869	46877
46870	46879
46871	46880
46872	46882
46873	46882
46874	46882
46875	46883
46876	46885
46877	46885
46878	46885
46879	46887
46880	46888
46881	46890
46882	46890
46883	46890
46884	46891
46885	46893
46886	46893
46887	46893
46888	46894
46889	46896
46890	46899
46891	46901
46892	46901
46893	46901
46894	46903
46895	46903
46896	46903
46897	46905
46898	46905
46899	46905
46900	46906
46901	46908
46902	46908
46903	46908
46904	46911
46905	46912
46906	46913
46907	46915
46908	46918
46909	46920
46910	46920
46911	46920
46912	46922
46913	46922
46914	46922
46915	46924
46916	46924
46917	46924
46918	46925
46919	46927
46920	46927
46921	46927
46922	46929
46923	46930
46924	46932
46925	46933
46926	46935
46927	46935
46928	46935
46929	46937
46930	46939
46931	46939
46932	46939
46933	46941
46934	46941
46935	46941
46936	46942
46937	46943
46938	46944
46939	46945
46940	46945
46941	46946
46942	46947
46943	46949
46944	46950
46945	46952
46946	46952
46947	46952
46948	46955
46949	46957
46950	46957
46951	46957
46952	46959
46953	46959
46954	46959
46955	46960
46956	46960
46957	46961
46958	46963
46959	46966
46960	46968
46961	46969
46962	46971
46963	46974
46964	46976
46965	46976
46966	46976
46967	46978
46968	46978
46969	46978
46970	46980
46971	46980
46972	46980
46973	46981
46974	46983
46975	46983
46976	46983
46977	46984
46978	46985
46979	46986
46980	46988
46981	46988
46982	46988
46983	46990
46984	46991
46985	46993
46986	46994
46987	46996
46988	46996
46989	46996
46990	46999
46991	47000
46992	47000
46993	47002
46994	47002
46995	47002
46996	47004
46997	47004
46998	47004
46999	47004
47000	47006
47001	47006
47002	47007
47003	47009
47004	47012
47005	47014
47006	47014
47007	47014
47008	47016
47009	47016
47010	47016
47011	47018
47012	47018
47013	47018
47014	47019
47015	47021
47016	47021
47017	47021
47018	47022
47019	47024
47020	47025
47021	47027
47022	47028
47023	47030
47024	47030
47025	47030
47026	47033
47027	47035
47028	47035
47029	47035
47030	47037
47031	47037
47032	47037
47033	47039
47034	47039
47035	47039
47036	47042
47037	47044
47038	47045
47039	47047
47040	47047
47041	47047
47042	47048
47043	47050
47044	47050
47045	47050
47046	47052
47047	47053
47048	47055
47049	47055
47050	47055
47051	47056
47052	47058
47053	47058
47054	47058
47055	47060
47056	47061
47057	47063
47058	47063
47059	47063
47060	47063
47061	47064
47062	47065
47063	47067
47064	47068
47065	47070
47066	47071
47067	47073
47068	47076
47069	47078
47070	47078
47071	47078
47072	47080
47073	47080
47074	47080
47075	47082
47076	47082
47077	47082
47078	47083
47079	47085
47080	47085
47081	47085
47082	47088
47083	47090
47084	47091
47085	47092
47086	47092
47087	47093
47088	47095
47089	47095
47090	47095
47091	47097
47092	47098
47093	47100
47094	47100
47095	47100
47096	47101
47097	47102
47098	47102
47099	47104
47100	47105
47101	47107
47102	47107
47103	47107
47104	47108
47105	47110
47106	47110
47107	47110
47108	47113
47109	47115
47110	47116
47111	47118
47112	47120
47113	47122
47114	47122
47115	47122
47116	47124
47117	47124
47118	47124
47119	47125
47120	47127
47121	47127
47122	47127
47123	47128
47124	47129
47125	47130
47126	47132
47127	47132
47128	47132
47129	47134
47130	47134
47131	47135
47132	47137
47133	47140
47134	47142
47135	47142
47136	47142
47137	47143
47138	47143
47139	47145
47140	47145
47141	47145
47142	47146
47143	47148
47144	47148
47145	47148
47146	47149
47147	47150
47148	47152
47149	47153
47150	47155
47151	47155
47152	47155
47153	47158
47154	47160
47155	47160
47156	47160
47157	47162
47158	47162
47159	47162
47160	47163
47161	47163
47162	47164
47163	47166
47164	47169
47165	47171
47166	47172
47167	47174
47168	47177
47169	47179
47170	47180
47171	47181
47172	47182
47173	47184
47174	47187
47175	47189
47176	47189
47177	47189
47178	47191
47179	47191
47180	47191
47181	47193
47182	47193
47183	47193
47184	47194
47185	47196
47186	47196
47187	47196
47188	47197
47189	47199
47190	47202
47191	47204
47192	47205
47193	47207
47194	47207
47195	47207
47196	47208
47197	47210
47198	47210
47199	47210
47200	47212
47201	47213
47202	47215
47203	47215
47204	47215
47205	47216
47206	47218
47207	47218
47208	47218
47209	47220
47210	47221
47211	47223
47212	47223
47213	47223
47214	47224
47215	47226
47216	47226
47217	47226
47218	47227
47219	47229
47220	47232
47221	47234
47222	47234
47223	47234
47224	47236
47225	47236
47226	47236
47227	47238
47228	47238
47229	47238
47230	47239
47231	47241
47232	47241
47233	47241
47234	47243
47235	47244
47236	47246
47237	47247
47238	47249
47239	47252
47240	47254
47241	47254
47242	47254
47243	47256
47244	47256
47245	47256
47246	47258
47247	47258
47248	47258
47249	47259
47250	47261
47251	47261
47252	47261
47253	47264
47254	47266
47255	47267
47256	47269
47257	47269
47258	47269
47259	47270
47260	47272
47261	47272
47262	47272
47263	47273
47264	47274
47265	47276
47266	47276
47267	47276
47268	47278
47269	47279
47270	47281
47271	47281
47272	47281
47273	47282
47274	47284
47275	47284
47276	47284
47277	47285
47278	47287
47279	47290
47280	47292
47281	47293
47282	47294
47283	47294
47284	47295
47285	47297
47286	47297
47287	47297
47288	47299
47289	47299
47290	47300
47291	47302
47292	47302
47293	47302
47294	47304
47295	47305
47296	47307
47297	47307
47298	47307
47299	47308
47300	47310
47301	47310
47302	47310
47303	47311
47304	47313
47305	47314
47306	47316
47307	47316
47308	47316
47309	47319
47310	47321
47311	47321
47312	47321
47313	47323
47314	47323
47315	47323
47316	47325
47317	47325
47318	47325
47319	47327
47320	47328
47321	47330
47322	47331
47323	47332
47324	47335
47325	47337
47326	47337
47327	47337
47328	47339
47329	47339
47330	47339
47331	47341
47332	47341
47333	47341
47334	47344
47335	47346
47336	47347
47337	47349
47338	47349
47339	47349
47340	47350
47341	47351
47342	47351
47343	47353
47344	47354
47345	47355
47346	47355
47347	47356
47348	47358
47349	47358
47350	47358
47351	47360
47352	47361
47353	47362
47354	47362
47355	47363
47356	47365
47357	47365
47358	47365
47359	47366
47360	47368
47361	47369
47362	47370
47363	47371
47364	47372
47365	47372
47366	47375
47367	47377
47368	47378
47369	47379
47370	47379
47371	47380
47372	47382
47373	47382
47374	47382
47375	47384
47376	47384
47377	47385
47378	47387
47379	47387
47380	47387
47381	47388
47382	47389
47383	47391
47384	47391
47385	47391
47386	47392
47387	47394
47388	47397
47389	47399
47390	47400
47391	47402
47392	47405
47393	47406
47394	47406
47395	47408
47396	47408
47397	47408
47398	47409
47399	47409
47400	47410
47401	47412
47402	47412
47403	47412
47404	47413
47405	47415
47406	47417
47407	47419
47408	47419
47409	47419
47410	47421
47411	47421
47412	47421
47413	47422
47414	47424
47415	47424
47416	47424
47417	47426
47418	47427
47419	47429
47420	47430
47421	47432
47422	47432
47423	47432
47424	47434
47425	47436
47426	47436
47427	47436
47428	47438
47429	47438
47430	47438
47431	47438
47432	47440
47433	47441
47434	47443
47435	47444
47436	47446
47437	47446
47438	47446
47439	47448
47440	47450
47441	47450
47442	47450
47443	47451
47444	47451
47445	47452
47446	47454
47447	47457
47448	47459
47449	47459
47450	47459
47451	47461
47452	47461
47453	47461
47454	47463
47455	47463
47456	47463
47457	47464
47458	47466
47459	47466
47460	47466
47461	47467
47462	47469
47463	47470
47464	47472
47465	47473
47466	47474
47467	47474
47468	47477
47469	47479
47470	47479
47471	47479
47472	47481
47473	47481
47474	47481
47475	47483
47476	47483
47477	47483
47478	47486
47479	47488
47480	47489
47481	47491
47482	47491
47483	47491
47484	47492
47485	47494
47486	47494
47487	47494
47488	47496
47489	47497
47490	47499
47491	47499
47492	47499
47493	47500
47494	47502
47495	47502
47496	47502
47497	47504
47498	47505
47499	47507
47500	47507
47501	47507
47502	47507
47503	47508
47504	47510
47505	47512
47506	47514
47507	47515
47508	47517
47509	47520
47510	47522
47511	47522
47512	47523
47513	47525
47514	47525
47515	47525
47516	47527
47517	47528
47518	47530
47519	47530
47520	47530
47521	47531
47522	47533
47523	47533
47524	47533
47525	47535
47526	47536
47527	47538
47528	47538
47529	47538
47530	47539
47531	47540
47532	47540
47533	47541
47534	47543
47535	47546
47536	47548
47537	47548
47538	47548
47539	47550
47540	47550
47541	47550
47542	47552
47543	47552
47544	47552
47545	47553
47546	47555
47547	47555
47548	47555
47549	47555
47550	47557
47551	47558
47552	47560
47553	47561
47554	47563
47555	47566
47556	47568
47557	47568
47558	47568
47559	47570
47560	47570
47561	47570
47562	47572
47563	47572
47564	47572
47565	47573
47566	47575
47567	47575
47568	47575
47569	47578
47570	47579
47571	47580
47572	47582
47573	47582
47574	47582
47575	47584
47576	47585
47577	47587
47578	47587
47579	47587
47580	47588
47581	47590
47582	47590
47583	47590
47584	47592
47585	47593
47586	47595
47587	47595
47588	47595
47589	47596
47590	47597
47591	47597
47592	47597
47593	47598
47594	47600
47595	47603
47596	47605
47597	47606
47598	47608
47599	47610
47600	47612
47601	47612
47602	47612
47603	47614
47604	47614
47605	47614
47606	47615
47607	47617
47608	47617
47609	47617
47610	47618
47611	47620
47612	47623
47613	47625
47614	47625
47615	47625
47616	47627
47617	47627
47618	47627
47619	47629
47620	47629
47621	47629
47622	47630
47623	47632
47624	47632
47625	47632
47626	47634
47627	47635
47628	47637
47629	47638
47630	47640
47631	47640
47632	47640
47633	47642
47634	47643
47635	47643
47636	47645
47637	47645
47638	47645
47639	47646
47640	47648
47641	47651
47642	47653
47643	47653
47644	47653
47645	47655
47646	47655
47647	47655
47648	47657
47649	47657
47650	47657
47651	47658
47652	47659
47653	47659
47654	47661
47655	47662
47656	47664
47657	47665
47658	47667
47659	47667
47660	47667
47661	47670
47662	47672
47663	47672
47664	47672
47665	47673
47666	47673
47667	47675
47668	47675
47669	47675
47670	47675
47671	47676
47672	47678
47673	47679
47674	47681
47675	47682
47676	47683
47677	47683
47678	47686
47679	47688
47680	47688
47681	47688
47682	47690
47683	47690
47684	47690
47685	47692
47686	47692
47687	47692
47688	47695
47689	47697
47690	47698
47691	47700
47692	47700
47693	47700
47694	47701
47695	47703
47696	47703
47697	47703
47698	47705
47699	47706
47700	47708
47701	47708
47702	47708
47703	47709
47704	47711
47705	47711
47706	47711
47707	47713
47708	47713
47709	47714
47710	47716
47711	47716
47712	47716
47713	47718
47714	47719
47715	47721
47716	47722
47717	47724
47718	47727
47719	47729
47720	47730
47721	47732
47722	47735
47723	47737
47724	47737
47725	47737
47726	47739
47727	47739
47728	47739
47729	47741
47730	47741
47731	47741
47732	47742
47733	47744
47734	47744
47735	47744
47736	47745
47737	47747
47738	47749
47739	47751
47740	47751
47741	47751
47742	47753
47743	47753
47744	47753
47745	47754
47746	47756
47747	47756
47748	47756
47749	47758
47750	47759
47751	47761
47752	47762
47753	47764
47754	47764
47755	47764
47756	47767
47757	47768
47758	47768
47759	47770
47760	47770
47761	47770
47762	47772
47763	47772
47764	47772
47765	47773
47766	47775
47767	47778
47768	47780
47769	47780
47770	47780
47771	47782
47772	47782
47773	47782
47774	47783
47775	47783
47776	47784
47777	47786
47778	47786
47779	47786
47780	47788
47781	47789
47782	47791
47783	47792
47784	47794
47785	47794
47786	47794
47787	47797
47788	47799
47789	47799
47790	47799
47791	47801
47792	47801
47793	47801
47794	47802
47795	47802
47796	47803
47797	47805
47798	47806
47799	47808
47800	47808
47801	47808
47802	47811
47803	47813
47804	47813
47805	47813
47806	47815
47807	47815
47808	47815
47809	47817
47810	47817
47811	47817
47812	47818
47813	47820
47814	47823
47815	47825
47816	47826
47817	47828
47818	47828
47819	47828
47820	47829
47821	47831
47822	47831
47823	47831
47824	47833
47825	47834
47826	47836
47827	47836
47828	47836
47829	47837
47830	47839
47831	47839
47832	47839
47833	47841
47834	47842
47835	47844
47836	47844
47837	47844
47838	47844
47839	47845
47840	47847
47841	47848
47842	47850
47843	47850
47844	47850
47845	47853
47846	47855
47847	47855
47848	47855
47849	47857
47850	47857
47851	47857
47852	47858
47853	47858
47854	47861
47855	47862
47856	47863
47857	47865
47858	47868
47859	47870
47860	47871
47861	47873
47862	47873
47863	47873
47864	47873
47865	47875
47866	47876
47867	47878
47868	47878
47869	47878
47870	47879
47871	47880
47872	47880
47873	47882
47874	47883
47875	47885
47876	47885
47877	47885
47878	47886
47879	47888
47880	47888
47881	47888
47882	47889
47883	47891
47884	47892
47885	47894
47886	47894
47887	47894
47888	47897
47889	47899
47890	47899
47891	47899
47892	47901
47893	47901
47894	47901
47895	47903
47896	47903
47897	47903
47898	47905
47899	47906
47900	47908
47901	47909
47902	47911
47903	47914
47904	47916
47905	47916
47906	47916
47907	47918
47908	47918
47909	47918
47910	47920
47911	47920
47912	47920
47913	47921
47914	47923
47915	47923
47916	47923
47917	47925
47918	47927
47919	47928
47920	47930
47921	47930
47922	47930
47923	47931
47924	47932
47925	47932
47926	47934
47927	47935
47928	47937
47929	47937
47930	47937
47931	47938
47932	47940
47933	47940
47934	47940
47935	47941
47936	47943
47937	47946
47938	47948
47939	47948
47940	47949
47941	47951
47942	47951
47943	47951
47944	47952
47945	47953
47946	47955
47947	47955
47948	47955
47949	47957
47950	47958
47951	47960
47952	47960
47953	47960
47954	47961
47955	47962
47956	47962
47957	47963
47958	47965
47959	47966
47960	47968
47961	47968
47962	47968
47963	47971
47964	47973
47965	47973
47966	47973
47967	47975
47968	47975
47969	47975
47970	47977
47971	47977
47972	47977
47973	47979
47974	47980
47975	47982
47976	47983
47977	47985
47978	47986
47979	47988
47980	47988
47981	47988
47982	47990
47983	47992
47984	47992
47985	47992
47986	47993
47987	47993
47988	47996
47989	47998
47990	47999
47991	48001
47992	48001
47993	48001
47994	48001
47995	48003
47996	48004
47997	48005
47998	48005
47999	48006
48000	48008
48001	48008
48002	48008
48003	48009
48004	48010
48005	48012
48006	48012
48007	48012
48008	48013
48009	48015
48010	48016
48011	48018
48012	48019
48013	48021
48014	48021
48015	48021
48016	48024
48017	48026
48018	48026
48019	48026
48020	48028
48021	48028
48022	48028
48023	48030
48024	48030
48025	48030
48026	48033
48027	48035
48028	48035
48029	48036
48030	48038
48031	48038
48032	48038
48033	48039
48034	48040
48035	48042
48036	48042
48037	48042
48038	48043
48039	48044
48040	48046
48041	48046
48042	48046
48043	48046
48044	48048
48045	48049
48046	48051
48047	48052
48048	48054
48049	48057
48050	48059
48051	48060
48052	48061
48053	48062
48054	48064
48055	48064
48056	48064
48057	48065
48058	48067
48059	48070
48060	48072
48061	48072
48062	48072
48063	48074
48064	48074
48065	48074
48066	48076
48067	48076
48068	48076
48069	48077
48070	48079
48071	48079
48072	48079
48073	48081
48074	48082
48075	48084
48076	48085
48077	48087
48078	48087
48079	48087
48080	48090
48081	48092
48082	48092
48083	48092
48084	48093
48085	48093
48086	48095
48087	48095
48088	48095
48089	48096
48090	48098
48091	48101
48092	48103
48093	48103
48094	48103
48095	48104
48096	48104
48097	48106
48098	48106
48099	48106
48100	48107
48101	48109
48102	48109
48103	48109
48104	48111
48105	48112
48106	48113
48107	48116
48108	48118
48109	48118
48110	48118
48111	48120
48112	48120
48113	48120
48114	48122
48115	48122
48116	48122
48117	48123
48118	48125
48119	48126
48120	48127
48121	48127
48122	48129
48123	48131
48124	48131
48125	48131
48126	48132
48127	48132
48128	48133
48129	48135
48130	48138
48131	48140
48132	48141
48133	48143
48134	48143
48135	48143
48136	48144
48137	48146
48138	48146
48139	48146
48140	48148
48141	48149
48142	48151
48143	48151
48144	48151
48145	48151
48146	48153
48147	48154
48148	48156
48149	48156
48150	48156
48151	48157
48152	48159
48153	48159
48154	48159
48155	48160
48156	48162
48157	48163
48158	48165
48159	48165
48160	48165
48161	48168
48162	48170
48163	48170
48164	48170
48165	48172
48166	48172
48167	48172
48168	48174
48169	48174
48170	48174
48171	48176
48172	48178
48173	48179
48174	48181
48175	48182
48176	48184
48177	48187
48178	48189
48179	48189
48180	48189
48181	48191
48182	48191
48183	48191
48184	48193
48185	48193
48186	48193
48187	48194
48188	48196
48189	48196
48190	48196
48191	48198
48192	48200
48193	48201
48194	48203
48195	48203
48196	48203
48197	48204
48198	48206
48199	48206
48200	48206
48201	48208
48202	48209
48203	48211
48204	48211
48205	48211
48206	48212
48207	48213
48208	48213
48209	48213
48210	48214
48211	48215
48212	48217
48213	48220
48214	48222
48215	48222
48216	48223
48217	48225
48218	48225
48219	48225
48220	48227
48221	48228
48222	48229
48223	48229
48224	48230
48225	48232
48226	48232
48227	48232
48228	48233
48229	48234
48230	48236
48231	48236
48232	48236
48233	48237
48234	48239
48235	48240
48236	48242
48237	48242
48238	48242
48239	48245
48240	48247
48241	48247
48242	48247
48243	48249
48244	48249
48245	48249
48246	48251
48247	48251
48248	48251
48249	48252
48250	48254
48251	48257
48252	48259
48253	48260
48254	48261
48255	48262
48256	48264
48257	48267
48258	48269
48259	48269
48260	48269
48261	48270
48262	48270
48263	48272
48264	48272
48265	48272
48266	48273
48267	48275
48268	48275
48269	48275
48270	48276
48271	48278
48272	48281
48273	48283
48274	48284
48275	48286
48276	48286
48277	48286
48278	48287
48279	48289
48280	48289
48281	48289
48282	48291
48283	48292
48284	48294
48285	48294
48286	48294
48287	48295
48288	48297
48289	48297
48290	48297
48291	48299
48292	48300
48293	48302
48294	48302
48295	48302
48296	48303
48297	48305
48298	48305
48299	48305
48300	48306
48301	48308
48302	48311
48303	48313
48304	48313
48305	48313
48306	48315
48307	48315
48308	48315
48309	48317
48310	48317
48311	48317
48312	48318
48313	48320
48314	48320
48315	48320
48316	48322
48317	48323
48318	48324
48319	48325
48320	48327
48321	48330
48322	48332
48323	48332
48324	48332
48325	48334
48326	48334
48327	48334
48328	48335
48329	48335
48330	48336
48331	48338
48332	48338
48333	48338
48334	48339
48335	48341
48336	48344
48337	48346
48338	48347
48339	48349
48340	48349
48341	48349
48342	48350
48343	48351
48344	48351
48345	48353
48346	48354
48347	48356
48348	48356
48349	48356
48350	48357
48351	48358
48352	48358
48353	48360
48354	48361
48355	48363
48356	48363
48357	48363
48358	48364
48359	48366
48360	48366
48361	48366
48362	48367
48363	48369
48364	48370
48365	48371
48366	48371
48367	48373
48368	48375
48369	48375
48370	48375
48371	48377
48372	48377
48373	48377
48374	48379
48375	48380
48376	48382
48377	48383
48378	48385
48379	48388
48380	48390
48381	48390
48382	48390
48383	48392
48384	48392
48385	48392
48386	48394
48387	48394
48388	48394
48389	48395
48390	48397
48391	48397
48392	48397
48393	48400
48394	48402
48395	48403
48396	48405
48397	48405
48398	48405
48399	48406
48400	48407
48401	48407
48402	48408
48403	48409
48404	48411
48405	48411
48406	48411
48407	48413
48408	48414
48409	48416
48410	48416
48411	48416
48412	48417
48413	48419
48414	48419
48415	48419
48416	48420
48417	48422
48418	48424
48419	48425
48420	48426
48421	48428
48422	48428
48423	48428
48424	48429
48425	48430
48426	48432
48427	48432
48428	48432
48429	48433
48430	48435
48431	48436
48432	48438
48433	48438
48434	48438
48435	48441
48436	48443
48437	48443
48438	48443
48439	48445
48440	48445
48441	48445
48442	48447
48443	48447
48444	48447
48445	48448
48446	48450
48447	48451
48448	48453
48449	48454
48450	48455
48451	48458
48452	48460
48453	48460
48454	48460
48455	48462
48456	48462
48457	48462
48458	48463
48459	48463
48460	48466
48461	48468
48462	48469
48463	48471
48464	48471
48465	48471
48466	48472
48467	48474
48468	48474
48469	48474
48470	48476
48471	48477
48472	48479
48473	48479
48474	48479
48475	48480
48476	48482
48477	48482
48478	48482
48479	48484
48480	48485
48481	48487
48482	48487
48483	48487
48484	48488
48485	48490
48486	48490
48487	48490
48488	48493
48489	48495
48490	48496
48491	48498
48492	48500
48493	48502
48494	48502
48495	48502
48496	48504
48497	48504
48498	48504
48499	48505
48500	48507
48501	48507
48502	48507
48503	48508
48504	48510
48505	48512
48506	48514
48507	48514
48508	48514
48509	48516
48510	48516
48511	48516
48512	48517
48513	48519
48514	48519
48515	48519
48516	48521
48517	48522
48518	48524
48519	48525
48520	48527
48521	48527
48522	48527
48523	48529
48524	48530
48525	48530
48526	48532
48527	48532
48528	48532
48529	48533
48530	48535
48531	48537
48532	48539
48533	48539
48534	48539
48535	48541
48536	48541
48537	48541
48538	48542
48539	48543
48540	48543
48541	48545
48542	48545
48543	48546
48544	48548
48545	48549
48546	48551
48547	48551
48548	48551
48549	48554
48550	48556
48551	48556
48552	48556
48553	48558
48554	48558
48555	48558
48556	48559
48557	48559
48558	48560
48559	48562
48560	48563
48561	48565
48562	48566
48563	48568
48564	48571
48565	48573
48566	48574
48567	48576
48568	48579
48569	48581
48570	48581
48571	48581
48572	48583
48573	48583
48574	48583
48575	48585
48576	48585
48577	48585
48578	48586
48579	48588
48580	48588
48581	48588
48582	48589
48583	48591
48584	48594
48585	48596
48586	48596
48587	48596
48588	48597
48589	48597
48590	48599
48591	48599
48592	48599
48593	48600
48594	48601
48595	48601
48596	48603
48597	48604
48598	48606
48599	48607
48600	48609
48601	48609
48602	48609
48603	48612
48604	48614
48605	48614
48606	48614
48607	48615
48608	48615
48609	48617
48610	48617
48611	48617
48612	48618
48613	48620
48614	48623
48615	48625
48616	48625
48617	48625
48618	48627
48619	48627
48620	48627
48621	48629
48622	48629
48623	48629
48624	48630
48625	48632
48626	48632
48627	48632
48628	48634
48629	48635
48630	48637
48631	48638
48632	48640
48633	48640
48634	48640
48635	48643
48636	48645
48637	48645
48638	48645
48639	48647
48640	48647
48641	48647
48642	48648
48643	48648
48644	48649
48645	48651
48646	48652
48647	48654
48648	48654
48649	48654
48650	48657
48651	48659
48652	48659
48653	48659
48654	48661
48655	48661
48656	48661
48657	48662
48658	48662
48659	48663
48660	48665
48661	48668
48662	48670
48663	48671
48664	48672
48665	48672
48666	48673
48667	48675
48668	48675
48669	48675
48670	48676
48671	48676
48672	48678
48673	48679
48674	48681
48675	48681
48676	48681
48677	48682
48678	48684
48679	48684
48680	48684
48681	48685
48682	48687
48683	48688
48684	48690
48685	48690
48686	48690
48687	48693
48688	48695
48689	48695
48690	48695
48691	48696
48692	48696
48693	48697
48694	48697
48695	48700
48696	48702
48697	48703
48698	48705
48699	48706
48700	48708
48701	48711
48702	48713
48703	48713
48704	48713
48705	48715
48706	48715
48707	48715
48708	48717
48709	48717
48710	48717
48711	48718
48712	48719
48713	48719
48714	48721
48715	48723
48716	48724
48717	48726
48718	48726
48719	48726
48720	48727
48721	48729
48722	48729
48723	48729
48724	48731
48725	48732
48726	48734
48727	48734
48728	48734
48729	48735
48730	48737
48731	48737
48732	48737
48733	48738
48734	48740
48735	48743
48736	48745
48737	48746
48738	48747
48739	48747
48740	48748
48741	48749
48742	48749
48743	48751
48744	48752
48745	48754
48746	48754
48747	48754
48748	48755
48749	48757
48750	48757
48751	48757
48752	48759
48753	48760
48754	48762
48755	48762
48756	48762
48757	48763
48758	48765
48759	48765
48760	48765
48761	48766
48762	48768
48763	48769
48764	48771
48765	48771
48766	48771
48767	48774
48768	48776
48769	48776
48770	48776
48771	48778
48772	48778
48773	48778
48774	48780
48775	48780
48776	48780
48777	48782
48778	48783
48779	48785
48780	48786
48781	48788
48782	48791
48783	48793
48784	48793
48785	48793
48786	48795
48787	48795
48788	48795
48789	48797
48790	48797
48791	48797
48792	48798
48793	48800
48794	48800
48795	48800
48796	48803
48797	48805
48798	48806
48799	48808
48800	48808
48801	48808
48802	48809
48803	48810
48804	48810
48805	48811
48806	48812
48807	48813
48808	48813
48809	48815
48810	48816
48811	48818
48812	48818
48813	48818
48814	48819
48815	48821
48816	48821
48817	48821
48818	48822
48819	48824
48820	48827
48821	48829
48822	48829
48823	48830
48824	48832
48825	48832
48826	48832
48827	48834
48828	48835
48829	48836
48830	48836
48831	48837
48832	48839
48833	48839
48834	48839
48835	48841
48836	48842
48837	48844
48838	48844
48839	48844
48840	48845
48841	48847
48842	48847
48843	48847
48844	48848
48845	48850
48846	48851
48847	48853
48848	48853
48849	48853
48850	48856
48851	48858
48852	48858
48853	48858
48854	48860
48855	48860
48856	48860
48857	48862
48858	48862
48859	48862
48860	48864
48861	48865
48862	48867
48863	48868
48864	48870
48865	48871
48866	48873
48867	48873
48868	48873
48869	48876
48870	48878
48871	48878
48872	48878
48873	48880
48874	48880
48875	48880
48876	48882
48877	48882
48878	48882
48879	48885
48880	48887
48881	48888
48882	48890
48883	48890
48884	48890
48885	48890
48886	48892
48887	48893
48888	48894
48889	48894
48890	48895
48891	48897
48892	48897
48893	48897
48894	48898
48895	48899
48896	48901
48897	48901
48898	48901
48899	48902
48900	48904
48901	48905
48902	48907
48903	48908
48904	48910
48905	48910
48906	48910
48907	48913
48908	48915
48909	48915
48910	48915
48911	48917
48912	48917
48913	48917
48914	48919
48915	48919
48916	48919
48917	48922
48918	48924
48919	48924
48920	48925
48921	48927
48922	48927
48923	48927
48924	48929
48925	48930
48926	48931
48927	48931
48928	48932
48929	48934
48930	48934
48931	48934
48932	48935
48933	48936
48934	48938
48935	48938
48936	48938
48937	48941
48938	48943
48939	48944
48940	48946
48941	48948
48942	48950
48943	48950
48944	48951
48945	48953
48946	48956
48947	48957
48948	48957
48949	48959
48950	48959
48951	48959
48952	48961
48953	48961
48954	48961
48955	48962
48956	48964
48957	48964
48958	48964
48959	48966
48960	48967
48961	48969
48962	48970
48963	48972
48964	48972
48965	48972
48966	48975
48967	48977
48968	48977
48969	48977
48970	48979
48971	48979
48972	48979
48973	48981
48974	48981
48975	48981
48976	48981
48977	48982
48978	48984
48979	48987
48980	48989
48981	48990
48982	48992
48983	48992
48984	48992
48985	48993
48986	48995
48987	48995
48988	48995
48989	48997
48990	48998
48991	49000
48992	49000
48993	49000
48994	49000
48995	49002
48996	49003
48997	49004
48998	49004
48999	49005
49000	49006
49001	49006
49002	49007
49003	49009
49004	49010
49005	49012
49006	49012
49007	49012
49008	49015
49009	49017
49010	49017
49011	49017
49012	49019
49013	49019
49014	49019
49015	49021
49016	49021
49017	49021
49018	49022
49019	49024
49020	49026
49021	49028
49022	49029
49023	49031
49024	49032
49025	49034
49026	49034
49027	49034
49028	49037
49029	49038
49030	49038
49031	49040
49032	49040
49033	49040
49034	49042
49035	49042
49036	49042
49037	49043
49038	49045
49039	49047
49040	49049
49041	49049
49042	49049
49043	49051
49044	49051
49045	49051
49046	49052
49047	49054
49048	49054
49049	49054
49050	49056
49051	49057
49052	49059
49053	49060
49054	49062
49055	49062
49056	49062
49057	49064
49058	49065
49059	49065
49060	49066
49061	49066
49062	49067
49063	49069
49064	49070
49065	49072
49066	49072
49067	49072
49068	49075
49069	49077
49070	49077
49071	49077
49072	49079
49073	49079
49074	49079
49075	49081
49076	49081
49077	49081
49078	49082
49079	49084
49080	49087
49081	49089
49082	49090
49083	49092
49084	49092
49085	49092
49086	49093
49087	49095
49088	49095
49089	49095
49090	49097
49091	49098
49092	49100
49093	49100
49094	49100
49095	49101
49096	49103
49097	49103
49098	49103
49099	49105
49100	49106
49101	49108
49102	49108
49103	49108
49104	49108
49105	49109
49106	49110
49107	49113
49108	49115
49109	49115
49110	49115
49111	49117
49112	49117
49113	49117
49114	49119
49115	49119
49116	49119
49117	49121
49118	49122
49119	49124
49120	49125
49121	49127
49122	49130
49123	49132
49124	49133
49125	49135
49126	49135
49127	49135
49128	49135
49129	49137
49130	49138
49131	49140
49132	49140
49133	49140
49134	49141
49135	49143
49136	49143
49137	49143
49138	49145
49139	49146
49140	49148
49141	49148
49142	49148
49143	49149
49144	49151
49145	49151
49146	49151
49147	49152
49148	49154
49149	49157
49150	49159
49151	49159
49152	49159
49153	49161
49154	49161
49155	49161
49156	49163
49157	49163
49158	49163
49159	49164
49160	49166
49161	49166
49162	49166
49163	49168
49164	49169
49165	49170
49166	49172
49167	49175
49168	49177
49169	49177
49170	49177
49171	49179
49172	49179
49173	49179
49174	49181
49175	49181
49176	49181
49177	49182
49178	49184
49179	49184
49180	49184
49181	49186
49182	49187
49183	49189
49184	49190
49185	49192
49186	49192
49187	49192
49188	49195
49189	49197
49190	49197
49191	49197
49192	49199
49193	49199
49194	49199
49195	49200
49196	49200
49197	49200
49198	49201
49199	49203
49200	49206
49201	49208
49202	49209
49203	49211
49204	49214
49205	49216
49206	49216
49207	49216
49208	49218
49209	49218
49210	49218
49211	49220
49212	49220
49213	49220
49214	49221
49215	49223
49216	49223
49217	49223
49218	49224
49219	49225
49220	49226
49221	49228
49222	49228
49223	49228
49224	49230
49225	49231
49226	49233
49227	49234
49228	49236
49229	49236
49230	49236
49231	49239
49232	49240
49233	49240
49234	49242
49235	49242
49236	49242
49237	49244
49238	49244
49239	49244
49240	49245
49241	49246
49242	49247
49243	49248
49244	49248
49245	49250
49246	49250
49247	49251
49248	49253
49249	49255
49250	49257
49251	49257
49252	49257
49253	49259
49254	49259
49255	49259
49256	49260
49257	49261
49258	49261
49259	49262
49260	49264
49261	49265
49262	49267
49263	49268
49264	49270
49265	49270
49266	49270
49267	49273
49268	49275
49269	49275
49270	49275
49271	49277
49272	49277
49273	49277
49274	49279
49275	49279
49276	49279
49277	49282
49278	49284
49279	49285
49280	49287
49281	49287
49282	49287
49283	49288
49284	49290
49285	49290
49286	49290
49287	49292
49288	49293
49289	49295
49290	49295
49291	49295
49292	49296
49293	49297
49294	49297
49295	49299
49296	49300
49297	49301
49298	49301
49299	49301
49300	49303
49301	49304
49302	49306
49303	49307
49304	49309
49305	49310
49306	49312
49307	49315
49308	49317
49309	49317
49310	49317
49311	49319
49312	49319
49313	49319
49314	49321
49315	49321
49316	49321
49317	49322
49318	49324
49319	49324
49320	49324
49321	49327
49322	49329
49323	49330
49324	49332
49325	49332
49326	49332
49327	49333
49328	49335
49329	49335
49330	49335
49331	49337
49332	49338
49333	49340
49334	49340
49335	49340
49336	49341
49337	49343
49338	49343
49339	49343
49340	49345
49341	49346
49342	49348
49343	49348
49344	49348
49345	49349
49346	49351
49347	49351
49348	49351
49349	49354
49350	49356
49351	49357
49352	49359
49353	49361
49354	49363
49355	49363
49356	49363
49357	49365
49358	49365
49359	49365
49360	49366
49361	49368
49362	49368
49363	49368
49364	49369
49365	49370
49366	49371
49367	49373
49368	49373
49369	49373
49370	49375
49371	49375
49372	49376
49373	49378
49374	49381
49375	49383
49376	49383
49377	49383
49378	49385
49379	49385
49380	49385
49381	49387
49382	49387
49383	49387
49384	49388
49385	49390
49386	49390
49387	49390
49388	49391
49389	49392
49390	49394
49391	49395
49392	49397
49393	49397
49394	49397
49395	49399
49396	49401
49397	49401
49398	49401
49399	49402
49400	49402
49401	49402
49402	49403
49403	49405
49404	49408
49405	49410
49406	49411
49407	49413
49408	49416
49409	49418
49410	49419
49411	49421
49412	49424
49413	49426
49414	49426
49415	49427
49416	49429
49417	49432
49418	49434
49419	49434
49420	49434
49421	49436
49422	49436
49423	49436
49424	49438
49425	49438
49426	49438
49427	49439
49428	49441
49429	49441
49430	49441
49431	49443
49432	49444
49433	49446
49434	49447
49435	49449
49436	49449
49437	49449
49438	49451
49439	49452
49440	49452
49441	49454
49442	49454
49443	49454
49444	49455
49445	49457
49446	49460
49447	49462
49448	49462
49449	49462
49450	49464
49451	49464
49452	49464
49453	49466
49454	49466
49455	49466
49456	49467
49457	49468
49458	49468
49459	49470
49460	49471
49461	49473
49462	49474
49463	49476
49464	49476
49465	49476
49466	49479
49467	49481
49468	49481
49469	49481
49470	49483
49471	49483
49472	49483
49473	49485
49474	49485
49475	49485
49476	49486
49477	49488
49478	49489
49479	49491
49480	49491
49481	49491
49482	49494
49483	49496
49484	49496
49485	49496
49486	49498
49487	49498
49488	49498
49489	49499
49490	49499
49491	49500
49492	49502
49493	49505
49494	49507
49495	49508
49496	49509
49497	49509
49498	49510
49499	49512
49500	49512
49501	49512
49502	49514
49503	49515
49504	49517
49505	49517
49506	49517
49507	49517
49508	49519
49509	49520
49510	49522
49511	49522
49512	49522
49513	49523
49514	49525
49515	49525
49516	49525
49517	49526
49518	49528
49519	49529
49520	49531
49521	49531
49522	49531
49523	49534
49524	49536
49525	49536
49526	49536
49527	49538
49528	49538
49529	49538
49530	49540
49531	49540
49532	49540
49533	49541
49534	49543
49535	49546
49536	49548
49537	49549
49538	49551
49539	49554
49540	49555
49541	49555
49542	49557
49543	49557
49544	49557
49545	49559
49546	49559
49547	49559
49548	49560
49549	49562
49550	49562
49551	49562
49552	49563
49553	49564
49554	49565
49555	49567
49556	49567
49557	49567
49558	49569
49559	49569
49560	49570
49561	49572
49562	49574
49563	49576
49564	49576
49565	49576
49566	49578
49567	49578
49568	49578
49569	49578
49570	49580
49571	49581
49572	49583
49573	49584
49574	49586
49575	49586
49576	49586
49577	49589
49578	49591
49579	49591
49580	49591
49581	49593
49582	49593
49583	49593
49584	49594
49585	49594
49586	49595
49587	49597
49588	49598
49589	49600
49590	49600
49591	49600
49592	49603
49593	49605
49594	49605
49595	49605
49596	49607
49597	49607
49598	49607
49599	49609
49600	49609
49601	49609
49602	49610
49603	49612
49604	49615
49605	49617
49606	49618
49607	49620
49608	49620
49609	49620
49610	49621
49611	49623
49612	49623
49613	49623
49614	49625
49615	49626
49616	49628
49617	49628
49618	49628
49619	49629
49620	49631
49621	49631
49622	49631
49623	49633
49624	49634
49625	49636
49626	49636
49627	49636
49628	49636
49629	49637
49630	49639
49631	49640
49632	49642
49633	49642
49634	49642
49635	49645
49636	49647
49637	49647
49638	49647
49639	49649
49640	49649
49641	49649
49642	49651
49643	49651
49644	49651
49645	49653
49646	49654
49647	49656
49648	49657
49649	49659
49650	49662
49651	49664
49652	49665
49653	49665
49654	49665
49655	49667
49656	49667
49657	49668
49658	49669
49659	49669
49660	49671
49661	49672
49662	49673
49663	49673
49664	49674
49665	49676
49666	49676
49667	49676
49668	49677
49669	49679
49670	49682
49671	49684
49672	49684
49673	49684
49674	49686
49675	49686
49676	49686
49677	49688
49678	49688
49679	49688
49680	49689
49681	49691
49682	49691
49683	49691
49684	49694
49685	49695
49686	49696
49687	49698
49688	49699
49689	49701
49690	49701
49691	49701
49692	49703
49693	49705
49694	49705
49695	49705
49696	49707
49697	49707
49698	49707
49699	49708
49700	49709
49701	49711
49702	49714
49703	49716
49704	49716
49705	49716
49706	49718
49707	49718
49708	49718
49709	49720
49710	49720
49711	49720
49712	49721
49713	49723
49714	49723
49715	49723
49716	49725
49717	49726
49718	49728
49719	49729
49720	49731
49721	49731
49722	49731
49723	49733
49724	49735
49725	49735
49726	49735
49727	49736
49728	49736
49729	49737
49730	49739
49731	49740
49732	49742
49733	49742
49734	49742
49735	49745
49736	49747
49737	49747
49738	49747
49739	49749
49740	49749
49741	49749
49742	49750
49743	49750
49744	49751
49745	49753
49746	49756
49747	49758
49748	49759
49749	49760
49750	49761
49751	49763
49752	49763
49753	49763
49754	49764
49755	49766
49756	49769
49757	49771
49758	49771
49759	49771
49760	49773
49761	49773
49762	49773
49763	49775
49764	49775
49765	49775
49766	49776
49767	49778
49768	49778
49769	49778
49770	49780
49771	49781
49772	49783
49773	49784
49774	49786
49775	49786
49776	49786
49777	49789
49778	49790
49779	49790
49780	49792
49781	49792
49782	49792
49783	49793
49784	49793
49785	49794
49786	49796
49787	49799
49788	49801
49789	49801
49790	49801
49791	49803
49792	49803
49793	49803
49794	49805
49795	49805
49796	49805
49797	49806
49798	49808
49799	49808
49800	49808
49801	49810
49802	49811
49803	49813
49804	49814
49805	49816
49806	49816
49807	49816
49808	49819
49809	49821
49810	49821
49811	49821
49812	49822
49813	49822
49814	49824
49815	49824
49816	49824
49817	49825
49818	49827
49819	49830
49820	49831
49821	49831
49822	49833
49823	49833
49824	49833
49825	49835
49826	49835
49827	49835
49828	49836
49829	49838
49830	49838
49831	49838
49832	49839
49833	49841
49834	49842
49835	49844
49836	49845
49837	49847
49838	49847
49839	49847
49840	49850
49841	49852
49842	49852
49843	49852
49844	49854
49845	49854
49846	49854
49847	49856
49848	49856
49849	49856
49850	49859
49851	49861
49852	49861
49853	49862
49854	49864
49855	49864
49856	49864
49857	49866
49858	49867
49859	49869
49860	49869
49861	49869
49862	49870
49863	49872
49864	49872
49865	49872
49866	49874
49867	49874
49868	49875
49869	49877
49870	49877
49871	49877
49872	49879
49873	49880
49874	49882
49875	49883
49876	49885
49877	49886
49878	49888
49879	49891
49880	49893
49881	49893
49882	49893
49883	49895
49884	49895
49885	49895
49886	49897
49887	49897
49888	49897
49889	49898
49890	49900
49891	49900
49892	49900
49893	49903
49894	49905
49895	49906
49896	49908
49897	49908
49898	49908
49899	49909
49900	49911
49901	49911
49902	49911
49903	49913
49904	49914
49905	49916
49906	49916
49907	49916
49908	49917
49909	49919
49910	49919
49911	49919
49912	49921
49913	49922
49914	49924
49915	49924
49916	49924
49917	49925
49918	49927
49919	49927
49920	49927
49921	49930
49922	49932
49923	49933
49924	49935
49925	49937
49926	49939
49927	49939
49928	49939
49929	49941
49930	49941
49931	49941
49932	49942
49933	49944
49934	49944
49935	49944
49936	49945
49937	49946
49938	49947
49939	49949
49940	49949
49941	49949
49942	49951
49943	49952
49944	49953
49945	49954
49946	49956
49947	49956
49948	49956
49949	49957
49950	49959
49951	49962
49952	49964
49953	49964
49954	49964
49955	49966
49956	49966
49957	49966
49958	49968
49959	49968
49960	49968
49961	49969
49962	49971
49963	49971
49964	49971
49965	49973
49966	49974
49967	49976
49968	49977
49969	49979
49970	49979
49971	49979
49972	49981
49973	49982
49974	49982
49975	49983
49976	49983
49977	49984
49978	49986
49979	49987
49980	49989
49981	49989
49982	49989
49983	49992
49984	49994
49985	49994
49986	49994
49987	49996
49988	49996
49989	49996
49990	49997
49991	49997
49992	49998
49993	50000
49994	50001
49995	50003
49996	50004
49997	50006
49998	50009
49999	50011
50000	50011
50001	50011
50002	50013
50003	50013
50004	50013
50005	50015
50006	50015
50007	50015
50008	50016
50009	50018
50010	50018
50011	50018
50012	50021
50013	50023
50014	50024
50015	50026
50016	50026
50017	50026
50018	50026
50019	50028
50020	50029
50021	50031
50022	50031
50023	50031
50024	50032
50025	50034
50026	50034
50027	50034
50028	50036
50029	50037
50030	50039
50031	50039
50032	50039
50033	50040
50034	50042
50035	50042
50036	50042
50037	50045
50038	50047
50039	50048
50040	50049
50041	50050
50042	50052
50043	50052
50044	50052
50045	50053
50046	50055
50047	50057
50048	50059
50049	50059
50050	50059
50051	50061
50052	50061
50053	50061
50054	50062
50055	50064
50056	50064
50057	50064
50058	50066
50059	50067
50060	50069
50061	50070
50062	50072
50063	50072
50064	50072
50065	50075
50066	50076
50067	50076
50068	50078
50069	50078
50070	50078
50071	50079
50072	50079
50073	50080
50074	50082
50075	50085
50076	50087
50077	50087
50078	50087
50079	50089
50080	50089
50081	50089
50082	50091
50083	50091
50084	50091
50085	50092
50086	50094
50087	50094
50088	50094
50089	50095
50090	50096
50091	50098
50092	50099
50093	50101
50094	50101
50095	50101
50096	50104
50097	50106
50098	50106
50099	50106
50100	50108
50101	50108
50102	50108
50103	50109
50104	50109
50105	50110
50106	50112
50107	50115
50108	50117
50109	50118
50110	50120
50111	50123
50112	50125
50113	50126
50114	50127
50115	50127
50116	50128
50117	50130
50118	50130
50119	50130
50120	50132
50121	50133
50122	50135
50123	50135
50124	50135
50125	50136
50126	50138
50127	50138
50128	50138
50129	50140
50130	50141
50131	50142
50132	50142
50133	50143
50134	50145
50135	50145
50136	50145
50137	50146
50138	50148
50139	50151
50140	50153
50141	50153
50142	50153
50143	50155
50144	50155
50145	50155
50146	50157
50147	50157
50148	50157
50149	50158
50150	50160
50151	50160
50152	50160
50153	50161
50154	50163
50155	50165
50156	50166
50157	50167
50158	50169
50159	50169
50160	50169
50161	50171
50162	50172
50163	50174
50164	50174
50165	50174
50166	50174
50167	50175
50168	50177
50169	50180
50170	50182
50171	50182
50172	50182
50173	50184
50174	50184
50175	50184
50176	50186
50177	50186
50178	50186
50179	50187
50180	50189
50181	50189
50182	50189
50183	50191
50184	50192
50185	50194
50186	50195
50187	50197
50188	50200
50189	50202
50190	50202
50191	50202
50192	50204
50193	50204
50194	50204
50195	50206
50196	50206
50197	50206
50198	50207
50199	50209
50200	50209
50201	50209
50202	50212
50203	50213
50204	50214
50205	50216
50206	50216
50207	50216
50208	50218
50209	50219
50210	50221
50211	50221
50212	50221
50213	50222
50214	50224
50215	50224
50216	50224
50217	50226
50218	50227
50219	50229
50220	50229
50221	50229
50222	50230
50223	50232
50224	50232
50225	50232
50226	50232
50227	50234
50228	50235
50229	50236
50230	50237
50231	50238
50232	50239
50233	50241
50234	50241
50235	50241
50236	50242
50237	50244
50238	50247
50239	50249
50240	50250
50241	50251
50242	50251
50243	50252
50244	50253
50245	50253
50246	50255
50247	50256
50248	50257
50249	50257
50250	50258
50251	50260
50252	50260
50253	50260
50254	50262
50255	50263
50256	50264
50257	50264
50258	50265
50259	50267
50260	50267
50261	50267
50262	50268
50263	50270
50264	50271
50265	50273
50266	50273
50267	50273
50268	50276
50269	50277
50270	50277
50271	50278
50272	50278
50273	50279
50274	50279
50275	50280
50276	50282
50277	50283
50278	50285
50279	50286
50280	50288
50281	50291
50282	50293
50283	50293
50284	50293
50285	50295
50286	50295
50287	50295
50288	50297
50289	50297
50290	50297
50291	50297
50292	50300
50293	50302
50294	50303
50295	50305
50296	50305
50297	50305
50298	50306
50299	50308
50300	50308
50301	50308
50302	50310
50303	50311
50304	50313
50305	50313
50306	50313
50307	50314
50308	50315
50309	50315
50310	50317
50311	50318
50312	50320
50313	50320
50314	50320
50315	50321
50316	50323
50317	50323
50318	50323
50319	50326
50320	50328
50321	50329
50322	50331
50323	50333
50324	50335
50325	50335
50326	50335
50327	50337
50328	50337
50329	50337
50330	50338
50331	50340
50332	50340
50333	50340
50334	50341
50335	50343
50336	50345
50337	50347
50338	50347
50339	50347
50340	50349
50341	50349
50342	50349
50343	50350
50344	50350
50345	50352
50346	50353
50347	50355
50348	50356
50349	50358
50350	50358
50351	50358
50352	50360
50353	50361
50354	50361
50355	50363
50356	50363
50357	50363
50358	50364
50359	50366
50360	50369
50361	50371
50362	50371
50363	50371
50364	50373
50365	50373
50366	50373
50367	50375
50368	50375
50369	50375
50370	50376
50371	50378
50372	50378
50373	50378
50374	50380
50375	50381
50376	50383
50377	50383
50378	50386
50379	50388
50380	50388
50381	50388
50382	50390
50383	50390
50384	50390
50385	50391
50386	50391
50387	50391
50388	50392
50389	50394
50390	50397
50391	50399
50392	50400
50393	50402
50394	50405
50395	50407
50396	50408
50397	50410
50398	50413
50399	50415
50400	50415
50401	50415
50402	50417
50403	50417
50404	50417
50405	50419
50406	50419
50407	50419
50408	50420
50409	50422
50410	50422
50411	50422
50412	50423
50413	50425
50414	50428
50415	50430
50416	50430
50417	50430
50418	50432
50419	50432
50420	50432
50421	50434
50422	50434
50423	50434
50424	50435
50425	50437
50426	50437
50427	50437
50428	50439
50429	50440
50430	50442
50431	50443
50432	50444
50433	50444
50434	50446
50435	50447
50436	50447
50437	50449
50438	50449
50439	50449
50440	50450
50441	50452
50442	50455
50443	50457
50444	50457
50445	50457
50446	50459
50447	50459
50448	50459
50449	50461
50450	50461
50451	50461
50452	50462
50453	50464
50454	50464
50455	50464
50456	50466
50457	50467
50458	50469
50459	50470
50460	50472
50461	50472
50462	50472
50463	50475
50464	50477
50465	50477
50466	50477
50467	50479
50468	50479
50469	50479
50470	50481
50471	50481
50472	50481
50473	50482
50474	50484
50475	50485
50476	50487
50477	50487
50478	50487
50479	50490
50480	50492
50481	50492
50482	50492
50483	50494
50484	50494
50485	50494
50486	50495
50487	50495
50488	50496
50489	50498
50490	50501
50491	50503
50492	50504
50493	50506
50494	50506
50495	50506
50496	50507
50497	50509
50498	50509
50499	50509
50500	50511
50501	50512
50502	50514
50503	50514
50504	50514
50505	50514
50506	50516
50507	50517
50508	50518
50509	50518
50510	50519
50511	50521
50512	50521
50513	50521
50514	50522
50515	50523
50516	50526
50517	50527
50518	50527
50519	50529
50520	50529
50521	50529
50522	50531
50523	50531
50524	50531
50525	50532
50526	50533
50527	50533
50528	50535
50529	50536
50530	50538
50531	50539
50532	50541
50533	50544
50534	50546
50535	50547
50536	50548
50537	50548
50538	50549
50539	50551
50540	50551
50541	50551
50542	50552
50543	50553
50544	50555
50545	50555
50546	50555
50547	50557
50548	50558
50549	50560
50550	50560
50551	50560
50552	50561
50553	50563
50554	50563
50555	50563
50556	50564
50557	50566
50558	50569
50559	50570
50560	50570
50561	50571
50562	50571
50563	50573
50564	50573
50565	50573
50566	50573
50567	50576
50568	50577
50569	50578
50570	50580
50571	50583
50572	50585
50573	50585
50574	50585
50575	50587
50576	50587
50577	50587
50578	50589
50579	50589
50580	50589
50581	50590
50582	50592
50583	50592
50584	50592
50585	50594
50586	50595
50587	50597
50588	50598
50589	50600
50590	50600
50591	50600
50592	50602
50593	50604
50594	50604
50595	50604
50596	50606
50597	50606
50598	50606
50599	50607
50600	50609
50601	50612
50602	50614
50603	50614
50604	50614
50605	50615
50606	50615
50607	50617
50608	50617
50609	50617
50610	50618
50611	50620
50612	50620
50613	50620
50614	50622
50615	50623
50616	50625
50617	50626
50618	50628
50619	50628
50620	50628
50621	50631
50622	50633
50623	50633
50624	50633
50625	50635
50626	50635
50627	50635
50628	50636
50629	50636
50630	50637
50631	50639
50632	50640
50633	50642
50634	50642
50635	50642
50636	50645
50637	50647
50638	50647
50639	50647
50640	50648
50641	50648
50642	50649
50643	50649
50644	50650
50645	50652
50646	50655
50647	50657
50648	50658
50649	50660
50650	50663
50651	50665
50652	50665
50653	50665
50654	50667
50655	50667
50656	50667
50657	50669
50658	50669
50659	50669
50660	50670
50661	50672
50662	50672
50663	50672
50664	50672
50665	50674
50666	50675
50667	50677
50668	50678
50669	50680
50670	50680
50671	50680
50672	50683
50673	50684
50674	50684
50675	50686
50676	50686
50677	50686
50678	50688
50679	50688
50680	50688
50681	50689
50682	50691
50683	50694
50684	50696
50685	50696
50686	50696
50687	50698
50688	50698
50689	50698
50690	50700
50691	50700
50692	50700
50693	50701
50694	50703
50695	50703
50696	50703
50697	50705
50698	50706
50699	50708
50700	50709
50701	50711
50702	50711
50703	50711
50704	50713
50705	50715
50706	50715
50707	50715
50708	50717
50709	50717
50710	50717
50711	50718
50712	50720
50713	50723
50714	50725
50715	50725
50716	50725
50717	50727
50718	50727
50719	50727
50720	50729
50721	50729
50722	50729
50723	50730
50724	50732
50725	50732
50726	50732
50727	50733
50728	50735
50729	50736
50730	50738
50731	50739
50732	50741
50733	50741
50734	50741
50735	50744
50736	50746
50737	50746
50738	50746
50739	50748
50740	50748
50741	50748
50742	50750
50743	50750
50744	50750
50745	50753
50746	50755
50747	50756
50748	50758
50749	50758
50750	50758
50751	50758
50752	50760
50753	50761
50754	50763
50755	50763
50756	50763
50757	50764
50758	50766
50759	50766
50760	50766
50761	50768
50762	50769
50763	50771
50764	50771
50765	50771
50766	50771
50767	50773
50768	50774
50769	50776
50770	50777
50771	50779
50772	50780
50773	50782
50774	50785
50775	50787
50776	50787
50777	50787
50778	50789
50779	50789
50780	50789
50781	50791
50782	50791
50783	50791
50784	50792
50785	50794
50786	50794
50787	50794
50788	50797
50789	50799
50790	50800
50791	50802
50792	50802
50793	50802
50794	50803
50795	50805
50796	50805
50797	50805
50798	50807
50799	50808
50800	50810
50801	50810
50802	50810
50803	50811
50804	50813
50805	50813
50806	50813
50807	50815
50808	50816
50809	50818
50810	50818
50811	50818
50812	50819
50813	50821
50814	50821
50815	50821
50816	50824
50817	50826
50818	50827
50819	50829
50820	50831
50821	50833
50822	50833
50823	50833
50824	50835
50825	50835
50826	50835
50827	50836
50828	50838
50829	50838
50830	50838
50831	50839
50832	50841
50833	50842
50834	50844
50835	50844
50836	50844
50837	50845
50838	50847
50839	50847
50840	50847
50841	50849
50842	50850
50843	50852
50844	50853
50845	50855
50846	50855
50847	50855
50848	50858
50849	50860
50850	50860
50851	50860
50852	50860
50853	50861
50854	50861
50855	50862
50856	50864
50857	50867
50858	50869
50859	50869
50860	50869
50861	50870
50862	50870
50863	50872
50864	50872
50865	50872
50866	50873
50867	50875
50868	50875
50869	50875
50870	50876
50871	50877
50872	50879
50873	50880
50874	50882
50875	50882
50876	50882
50877	50885
50878	50887
50879	50887
50880	50887
50881	50889
50882	50889
50883	50889
50884	50890
50885	50890
50886	50891
50887	50893
50888	50894
50889	50896
50890	50897
50891	50899
50892	50902
50893	50904
50894	50904
50895	50904
50896	50906
50897	50906
50898	50906
50899	50908
50900	50908
50901	50908
50902	50909
50903	50910
50904	50910
50905	50913
50906	50915
50907	50916
50908	50918
50909	50918
50910	50918
50911	50919
50912	50921
50913	50921
50914	50921
50915	50923
50916	50924
50917	50925
50918	50925
50919	50926
50920	50928
50921	50928
50922	50928
50923	50930
50924	50931
50925	50933
50926	50933
50927	50933
50928	50934
50929	50936
50930	50936
50931	50936
50932	50939
50933	50941
50934	50942
50935	50943
50936	50944
50937	50946
50938	50946
50939	50946
50940	50947
50941	50949
50942	50951
50943	50953
50944	50953
50945	50953
50946	50955
50947	50955
50948	50955
50949	50956
50950	50958
50951	50958
50952	50958
50953	50960
50954	50961
50955	50962
50956	50963
50957	50965
50958	50965
50959	50965
50960	50966
50961	50968
50962	50971
50963	50973
50964	50973
50965	50973
50966	50975
50967	50975
50968	50975
50969	50977
50970	50977
50971	50977
50972	50978
50973	50980
50974	50980
50975	50980
50976	50982
50977	50983
50978	50985
50979	50986
50980	50988
50981	50988
50982	50988
50983	50991
50984	50993
50985	50993
50986	50993
50987	50995
50988	50995
50989	50995
50990	50996
50991	50996
50992	50997
50993	50999
50994	51000
50995	51002
50996	51002
50997	51002
50998	51005
50999	51006
51000	51006
51001	51007
51002	51007
51003	51008
51004	51008
51005	51009
51006	51011
51007	51014
51008	51016
51009	51017
51010	51019
51011	51021
51012	51023
51013	51023
51014	51024
51015	51026
51016	51026
51017	51026
51018	51028
51019	51029
51020	51031
51021	51031
51022	51031
51023	51031
51024	51032
51025	51034
51026	51037
51027	51039
51028	51039
51029	51039
51030	51041
51031	51041
51032	51041
51033	51043
51034	51043
51035	51043
51036	51044
51037	51046
51038	51046
51039	51046
51040	51047
51041	51049
51042	51052
51043	51054
51044	51054
51045	51055
51046	51056
51047	51056
51048	51058
51049	51059
51050	51061
51051	51061
51052	51061
51053	51062
51054	51064
51055	51064
51056	51064
51057	51066
51058	51067
51059	51069
51060	51069
51061	51069
51062	51070
51063	51070
51064	51071
51065	51073
51066	51076
51067	51078
51068	51078
51069	51078
51070	51080
51071	51080
51072	51080
51073	51082
51074	51082
51075	51082
51076	51083
51077	51085
51078	51085
51079	51085
51080	51087
51081	51088
51082	51090
51083	51091
51084	51093
51085	51096
51086	51098
51087	51098
51088	51098
51089	51100
51090	51100
51091	51100
51092	51102
51093	51102
51094	51102
51095	51103
51096	51105
51097	51105
51098	51105
51099	51107
51100	51108
51101	51109
51102	51111
51103	51111
51104	51111
51105	51113
51106	51114
51107	51116
51108	51116
51109	51116
51110	51116
51111	51117
51112	51119
51113	51122
51114	51124
51115	51125
51116	51127
51117	51127
51118	51127
51119	51128
51120	51129
51121	51129
51122	51131
51123	51132
51124	51134
51125	51134
51126	51134
51127	51135
51128	51137
51129	51137
51130	51137
51131	51139
51132	51140
51133	51142
51134	51142
51135	51142
51136	51143
51137	51145
51138	51145
51139	51145
51140	51146
51141	51148
51142	51149
51143	51151
51144	51151
51145	51151
51146	51154
51147	51156
51148	51156
51149	51156
51150	51158
51151	51158
51152	51158
51153	51160
51154	51160
51155	51160
51156	51162
51157	51163
51158	51165
51159	51166
51160	51168
51161	51171
51162	51173
51163	51173
51164	51173
51165	51175
51166	51175
51167	51175
51168	51176
51169	51176
51170	51177
51171	51179
51172	51179
51173	51179
51174	51182
51175	51184
51176	51185
51177	51187
51178	51187
51179	51187
51180	51188
51181	51189
51182	51189
51183	51190
51184	51191
51185	51193
51186	51193
51187	51193
51188	51195
51189	51196
51190	51198
51191	51198
51192	51198
51193	51199
51194	51199
51195	51199
51196	51200
51197	51202
51198	51203
51199	51205
51200	51206
51201	51208
51202	51211
51203	51213
51204	51213
51205	51213
51206	51215
51207	51215
51208	51215
51209	51217
51210	51217
51211	51217
51212	51218
51213	51220
51214	51220
51215	51220
51216	51223
51217	51225
51218	51226
51219	51228
51220	51228
51221	51228
51222	51229
51223	51229
51224	51231
51225	51232
51226	51234
51227	51234
51228	51234
51229	51235
51230	51237
51231	51237
51232	51237
51233	51239
51234	51240
51235	51242
51236	51242
51237	51242
51238	51243
51239	51245
51240	51245
51241	51245
51242	51248
51243	51250
51244	51251
51245	51253
51246	51255
51247	51257
51248	51257
51249	51257
51250	51259
51251	51259
51252	51259
51253	51260
51254	51261
51255	51261
51256	51262
51257	51264
51258	51266
51259	51268
51260	51268
51261	51268
51262	51270
51263	51270
51264	51270
51265	51271
51266	51273
51267	51273
51268	51273
51269	51275
51270	51276
51271	51278
51272	51279
51273	51281
51274	51281
51275	51281
51276	51283
51277	51284
51278	51284
51279	51286
51280	51286
51281	51286
51282	51287
51283	51289
51284	51292
51285	51294
51286	51294
51287	51294
51288	51296
51289	51296
51290	51296
51291	51298
51292	51298
51293	51298
51294	51299
51295	51301
51296	51301
51297	51301
51298	51303
51299	51303
51300	51304
51301	51306
51302	51307
51303	51308
51304	51308
51305	51311
51306	51313
51307	51313
51308	51313
51309	51314
51310	51314
51311	51315
51312	51315
51313	51317
51314	51318
51315	51320
51316	51321
51317	51323
51318	51326
51319	51328
51320	51329
51321	51331
51322	51334
51323	51335
51324	51336
51325	51338
51326	51338
51327	51338
51328	51340
51329	51340
51330	51341
51331	51343
51332	51343
51333	51343
51334	51345
51335	51346
51336	51348
51337	51348
51338	51348
51339	51349
51340	51351
51341	51351
51342	51351
51343	51352
51344	51354
51345	51357
51346	51358
51347	51358
51348	51360
51349	51360
51350	51360
51351	51362
51352	51362
51353	51362
51354	51363
51355	51365
51356	51365
51357	51365
51358	51366
51359	51368
51360	51370
51361	51371
51362	51372
51363	51373
51364	51373
51365	51375
51366	51376
51367	51378
51368	51378
51369	51378
51370	51379
51371	51381
51372	51381
51373	51381
51374	51382
51375	51384
51376	51387
51377	51389
51378	51389
51379	51389
51380	51391
51381	51391
51382	51391
51383	51393
51384	51393
51385	51393
51386	51394
51387	51396
51388	51396
51389	51396
51390	51398
51391	51399
51392	51401
51393	51402
51394	51403
51395	51404
51396	51406
51397	51406
51398	51406
51399	51409
51400	51410
51401	51411
51402	51413
51403	51413
51404	51413
51405	51415
51406	51415
51407	51416
51408	51418
51409	51418
51410	51418
51411	51420
51412	51421
51413	51423
51414	51423
51415	51423
51416	51424
51417	51426
51418	51426
51419	51426
51420	51427
51421	51429
51422	51432
51423	51434
51424	51435
51425	51437
51426	51437
51427	51437
51428	51438
51429	51439
51430	51439
51431	51441
51432	51442
51433	51444
51434	51444
51435	51444
51436	51445
51437	51447
51438	51447
51439	51447
51440	51448
51441	51449
51442	51451
51443	51451
51444	51451
51445	51452
51446	51454
51447	51455
51448	51457
51449	51457
51450	51457
51451	51460
51452	51462
51453	51462
51454	51462
51455	51464
51456	51464
51457	51464
51458	51466
51459	51466
51460	51466
51461	51468
51462	51469
51463	51471
51464	51472
51465	51474
51466	51475
51467	51477
51468	51477
51469	51477
51470	51480
51471	51482
51472	51482
51473	51482
51474	51484
51475	51484
51476	51484
51477	51486
51478	51486
51479	51486
51480	51489
51481	51491
51482	51492
51483	51494
51484	51494
51485	51494
51486	51495
51487	51496
51488	51496
51489	51498
51490	51498
51491	51499
51492	51501
51493	51501
51494	51501
51495	51502
51496	51503
51497	51505
51498	51505
51499	51505
51500	51506
51501	51508
51502	51509
51503	51511
51504	51512
51505	51514
51506	51514
51507	51514
51508	51517
51509	51519
51510	51519
51511	51519
51512	51521
51513	51521
51514	51521
51515	51523
51516	51523
51517	51523
51518	51526
51519	51528
51520	51529
51521	51530
51522	51530
51523	51531
51524	51533
51525	51533
51526	51533
51527	51535
51528	51536
51529	51537
51530	51537
51531	51538
51532	51540
51533	51540
51534	51540
51535	51542
51536	51543
51537	51545
51538	51545
51539	51545
51540	51546
51541	51547
51542	51547
51543	51548
51544	51550
51545	51553
51546	51555
51547	51556
51548	51558
51549	51560
51550	51562
51551	51562
51552	51562
51553	51564
51554	51564
51555	51564
51556	51565
51557	51567
51558	51567
51559	51567
51560	51568
51561	51570
51562	51573
51563	51575
51564	51575
51565	51575
51566	51577
51567	51577
51568	51577
51569	51579
51570	51579
51571	51579
51572	51580
51573	51582
51574	51582
51575	51582
51576	51584
51577	51585
51578	51587
51579	51588
51580	51590
51581	51590
51582	51590
51583	51592
51584	51593
51585	51593
51586	51595
51587	51595
51588	51595
51589	51596
51590	51598
51591	51601
51592	51603
51593	51603
51594	51603
51595	51605
51596	51605
51597	51605
51598	51607
51599	51607
51600	51607
51601	51608
51602	51610
51603	51610
51604	51610
51605	51612
51606	51613
51607	51615
51608	51616
51609	51618
51610	51618
51611	51618
51612	51621
51613	51623
51614	51623
51615	51623
51616	51624
51617	51624
51618	51626
51619	51626
51620	51626
51621	51626
51622	51627
51623	51629
51624	51630
51625	51632
51626	51633
51627	51635
51628	51635
51629	51635
51630	51637
51631	51639
51632	51639
51633	51639
51634	51641
51635	51641
51636	51641
51637	51644
51638	51646
51639	51647
51640	51649
51641	51649
51642	51649
51643	51650
51644	51652
51645	51652
51646	51652
51647	51654
51648	51655
51649	51657
51650	51657
51651	51657
51652	51658
51653	51660
51654	51660
51655	51660
51656	51662
51657	51662
51658	51663
51659	51665
51660	51665
51661	51665
51662	51668
51663	51669
51664	51670
51665	51672
51666	51675
51667	51677
51668	51678
51669	51680
51670	51682
51671	51684
51672	51684
51673	51684
51674	51686
51675	51686
51676	51686
51677	51687
51678	51689
51679	51689
51680	51689
51681	51689
51682	51691
51683	51692
51684	51694
51685	51695
51686	51697
51687	51697
51688	51697
51689	51700
51690	51701
51691	51701
51692	51703
51693	51703
51694	51703
51695	51705
51696	51705
51697	51705
51698	51706
51699	51707
51700	51708
51701	51710
51702	51710
51703	51710
51704	51712
51705	51713
51706	51715
51707	51716
51708	51718
51709	51718
51710	51718
51711	51719
51712	51721
51713	51721
51714	51721
51715	51722
51716	51724
51717	51727
51718	51729
51719	51729
51720	51729
51721	51731
51722	51731
51723	51731
51724	51732
51725	51732
51726	51733
51727	51735
51728	51735
51729	51735
51730	51736
51731	51738
51732	51739
51733	51741
51734	51742
51735	51744
51736	51744
51737	51744
51738	51747
51739	51749
51740	51749
51741	51749
51742	51751
51743	51751
51744	51751
51745	51753
51746	51753
51747	51753
51748	51756
51749	51758
51750	51759
51751	51761
51752	51761
51753	51761
51754	51762
51755	51763
51756	51763
51757	51765
51758	51766
51759	51768
51760	51768
51761	51768
51762	51769
51763	51771
51764	51771
51765	51771
51766	51773
51767	51774
51768	51776
51769	51776
51770	51776
51771	51776
51772	51778
51773	51779
51774	51781
51775	51782
51776	51784
51777	51787
51778	51789
51779	51789
51780	51790
51781	51791
51782	51791
51783	51793
51784	51793
51785	51794
51786	51796
51787	51796
51788	51796
51789	51798
51790	51799
51791	51801
51792	51801
51793	51801
51794	51802
51795	51803
51796	51803
51797	51804
51798	51806
51799	51809
51800	51811
51801	51811
51802	51811
51803	51813
51804	51813
51805	51813
51806	51815
51807	51815
51808	51815
51809	51816
51810	51817
51811	51817
51812	51819
51813	51821
51814	51821
51815	51822
51816	51823
51817	51824
51818	51826
51819	51826
51820	51826
51821	51828
51822	51829
51823	51831
51824	51832
51825	51834
51826	51834
51827	51834
51828	51836
51829	51837
51830	51837
51831	51838
51832	51838
51833	51839
51834	51841
51835	51842
51836	51844
51837	51844
51838	51844
51839	51847
51840	51849
51841	51849
51842	51849
51843	51851
51844	51851
51845	51851
51846	51852
51847	51852
51848	51853
51849	51855
51850	51858
51851	51860
51852	51861
51853	51862
51854	51863
51855	51865
51856	51865
51857	51865
51858	51866
51859	51868
51860	51871
51861	51873
51862	51873
51863	51873
51864	51875
51865	51875
51866	51875
51867	51877
51868	51877
51869	51877
51870	51878
51871	51880
51872	51880
51873	51880
51874	51881
51875	51882
51876	51884
51877	51887
51878	51889
51879	51889
51880	51889
51881	51891
51882	51891
51883	51891
51884	51893
51885	51893
51886	51893
51887	51894
51888	51896
51889	51896
51890	51896
51891	51898
51892	51899
51893	51901
51894	51902
51895	51904
51896	51904
51897	51904
51898	51907
51899	51909
51900	51909
51901	51909
51902	51910
51903	51910
51904	51912
51905	51912
51906	51912
51907	51913
51908	51914
51909	51915
51910	51917
51911	51917
51912	51917
51913	51918
51914	51920
51915	51921
51916	51923
51917	51924
51918	51926
51919	51926
51920	51926
51921	51929
51922	51930
51923	51930
51924	51932
51925	51932
51926	51932
51927	51934
51928	51934
51929	51934
51930	51937
51931	51938
51932	51939
51933	51941
51934	51941
51935	51941
51936	51943
51937	51944
51938	51946
51939	51946
51940	51946
51941	51947
51942	51949
51943	51949
51944	51949
51945	51951
51946	51951
51947	51952
51948	51954
51949	51954
51950	51954
51951	51956
51952	51957
51953	51959
51954	51960
51955	51962
51956	51963
51957	51965
51958	51968
51959	51970
51960	51970
51961	51970
51962	51972
51963	51972
51964	51972
51965	51974
51966	51974
51967	51974
51968	51975
51969	51977
51970	51977
51971	51977
51972	51980
51973	51982
51974	51983
51975	51985
51976	51985
51977	51985
51978	51986
51979	51988
51980	51988
51981	51988
51982	51990
51983	51991
51984	51993
51985	51993
51986	51993
51987	51994
51988	51996
51989	51996
51990	51996
51991	51998
51992	51999
51993	52001
51994	52001
51995	52001
51996	52002
51997	52004
51998	52004
51999	52004
52000	52007
52001	52009
52002	52010
52003	52012
52004	52014
52005	52015
52006	52015
52007	52017
52008	52017
52009	52017
52010	52018
52011	52020
52012	52020
52013	52020
52014	52020
52015	52022
52016	52023
52017	52024
52018	52025
52019	52027
52020	52027
52021	52027
52022	52028
52023	52030
52024	52033
52025	52035
52026	52035
52027	52035
52028	52037
52029	52037
52030	52037
52031	52039
52032	52039
52033	52039
52034	52040
52035	52042
52036	52042
52037	52042
52038	52043
52039	52044
52040	52046
52041	52047
52042	52049
52043	52049
52044	52049
52045	52052
52046	52054
52047	52054
52048	52054
52049	52056
52050	52056
52051	52056
52052	52057
52053	52057
52054	52058
52055	52060
52056	52061
52057	52063
52058	52064
52059	52066
52060	52069
52061	52071
52062	52071
52063	52071
52064	52073
52065	52073
52066	52073
52067	52075
52068	52075
52069	52075
52070	52076
52071	52078
52072	52078
52073	52078
52074	52081
52075	52083
52076	52084
52077	52086
52078	52086
52079	52086
52080	52087
52081	52089
52082	52089
52083	52089
52084	52091
52085	52092
52086	52094
52087	52094
52088	52094
52089	52095
52090	52097
52091	52097
52092	52097
52093	52099
52094	52100
52095	52102
52096	52102
52097	52102
52098	52103
52099	52105
52100	52105
52101	52105
52102	52108
52103	52110
52104	52111
52105	52112
52106	52113
52107	52115
52108	52115
52109	52115
52110	52116
52111	52118
52112	52120
52113	52122
52114	52122
52115	52122
52116	52124
52117	52124
52118	52124
52119	52125
52120	52127
52121	52127
52122	52127
52123	52128
52124	52129
52125	52131
52126	52134
52127	52136
52128	52136
52129	52136
52130	52138
52131	52138
52132	52138
52133	52140
52134	52140
52135	52140
52136	52141
52137	52143
52138	52143
52139	52143
52140	52144
52141	52145
52142	52147
52143	52148
52144	52150
52145	52150
52146	52150
52147	52153
52148	52155
52149	52155
52150	52155
52151	52157
52152	52157
52153	52157
52154	52158
52155	52158
52156	52159
52157	52161
52158	52164
52159	52166
52160	52167
52161	52169
52162	52172
52163	52174
52164	52175
52165	52177
52166	52180
52167	52181
52168	52181
52169	52183
52170	52183
52171	52183
52172	52185
52173	52185
52174	52185
52175	52186
52176	52188
52177	52188
52178	52188
52179	52189
52180	52191
52181	52194
52182	52196
52183	52196
52184	52196
52185	52198
52186	52198
52187	52198
52188	52200
52189	52200
52190	52200
52191	52201
52192	52203
52193	52203
52194	52203
52195	52205
52196	52206
52197	52208
52198	52209
52199	52211
52200	52211
52201	52211
52202	52214
52203	52216
52204	52216
52205	52216
52206	52217
52207	52217
52208	52219
52209	52219
52210	52219
52211	52220
52212	52222
52213	52225
52214	52227
52215	52227
52216	52227
52217	52229
52218	52229
52219	52229
52220	52231
52221	52231
52222	52231
52223	52232
52224	52234
52225	52234
52226	52234
52227	52236
52228	52237
52229	52239
52230	52239
52231	52242
52232	52244
52233	52244
52234	52244
52235	52246
52236	52246
52237	52246
52238	52248
52239	52248
52240	52248
52241	52249
52242	52251
52243	52251
52244	52254
52245	52256
52246	52256
52247	52256
52248	52258
52249	52258
52250	52258
52251	52259
52252	52259
52253	52260
52254	52262
52255	52265
52256	52267
52257	52268
52258	52270
52259	52270
52260	52270
52261	52271
52262	52273
52263	52273
52264	52273
52265	52275
52266	52276
52267	52277
52268	52277
52269	52277
52270	52279
52271	52280
52272	52282
52273	52282
52274	52282
52275	52283
52276	52285
52277	52285
52278	52285
52279	52286
52280	52288
52281	52289
52282	52291
52283	52291
52284	52291
52285	52294
52286	52296
52287	52296
52288	52296
52289	52298
52290	52298
52291	52298
52292	52300
52293	52300
52294	52300
52295	52301
52296	52302
52297	52303
52298	52305
52299	52308
52300	52310
52301	52311
52302	52313
52303	52313
52304	52313
52305	52314
52306	52316
52307	52316
52308	52316
52309	52318
52310	52319
52311	52321
52312	52321
52313	52321
52314	52322
52315	52324
52316	52324
52317	52324
52318	52325
52319	52326
52320	52328
52321	52328
52322	52328
52323	52329
52324	52331
52325	52332
52326	52334
52327	52334
52328	52334
52329	52337
52330	52339
52331	52339
52332	52339
52333	52341
52334	52341
52335	52341
52336	52343
52337	52343
52338	52343
52339	52345
52340	52346
52341	52348
52342	52349
52343	52351
52344	52354
52345	52356
52346	52357
52347	52359
52348	52359
52349	52359
52350	52360
52351	52362
52352	52362
52353	52362
52354	52364
52355	52365
52356	52367
52357	52367
52358	52367
52359	52368
52360	52370
52361	52370
52362	52370
52363	52372
52364	52373
52365	52374
52366	52374
52367	52375
52368	52377
52369	52377
52370	52377
52371	52378
52372	52380
52373	52383
52374	52385
52375	52385
52376	52385
52377	52387
52378	52387
52379	52387
52380	52389
52381	52389
52382	52389
52383	52390
52384	52392
52385	52392
52386	52392
52387	52395
52388	52396
52389	52397
52390	52399
52391	52402
52392	52404
52393	52404
52394	52404
52395	52406
52396	52406
52397	52406
52398	52408
52399	52408
52400	52408
52401	52409
52402	52411
52403	52411
52404	52411
52405	52413
52406	52414
52407	52416
52408	52417
52409	52419
52410	52419
52411	52419
52412	52421
52413	52423
52414	52423
52415	52423
52416	52425
52417	52425
52418	52425
52419	52426
52420	52428
52421	52431
52422	52433
52423	52433
52424	52433
52425	52434
52426	52434
52427	52436
52428	52436
52429	52436
52430	52437
52431	52439
52432	52439
52433	52439
52434	52441
52435	52442
52436	52444
52437	52445
52438	52446
52439	52446
52440	52449
52441	52449
52442	52451
52443	52451
52444	52451
52445	52452
52446	52452
52447	52453
52448	52455
52449	52456
52450	52458
52451	52458
52452	52458
52453	52461
52454	52463
52455	52463
52456	52463
52457	52464
52458	52464
52459	52465
52460	52465
52461	52466
52462	52468
52463	52471
52464	52472
52465	52473
52466	52475
52467	52478
52468	52480
52469	52480
52470	52480
52471	52482
52472	52482
52473	52482
52474	52484
52475	52484
52476	52484
52477	52485
52478	52487
52479	52487
52480	52487
52481	52489
52482	52490
52483	52492
52484	52493
52485	52495
52486	52495
52487	52495
52488	52498
52489	52499
52490	52499
52491	52501
52492	52501
52493	52501
52494	52503
52495	52503
52496	52503
52497	52503
52498	52505
52499	52506
52500	52507
52501	52508
52502	52509
52503	52509
52504	52510
52505	52511
52506	52512
52507	52513
52508	52513
52509	52514
52510	52516
52511	52517
52512	52519
52513	52520
52514	52522
52515	52522
52516	52522
52517	52525
52518	52527
52519	52527
52520	52527
52521	52529
52522	52529
52523	52529
52524	52531
52525	52531
52526	52531
52527	52534
52528	52536
52529	52537
52530	52539
52531	52539
52532	52539
52533	52540
52534	52542
52535	52542
52536	52542
52537	52544
52538	52545
52539	52547
52540	52547
52541	52547
52542	52548
52543	52550
52544	52550
52545	52550
52546	52552
52547	52553
52548	52555
52549	52555
52550	52555
52551	52555
52552	52557
52553	52558
52554	52560
52555	52561
52556	52563
52557	52566
52558	52568
52559	52569
52560	52570
52561	52570
52562	52571
52563	52573
52564	52573
52565	52573
52566	52575
52567	52576
52568	52578
52569	52578
52570	52578
52571	52579
52572	52581
52573	52581
52574	52581
52575	52582
52576	52583
52577	52585
52578	52585
52579	52585
52580	52586
52581	52588
52582	52590
52583	52591
52584	52591
52585	52593
52586	52593
52587	52593
52588	52594
52589	52596
52590	52596
52591	52596
52592	52598
52593	52600
52594	52601
52595	52603
52596	52604
52597	52606
52598	52606
52599	52606
52600	52608
52601	52610
52602	52610
52603	52610
52604	52611
52605	52611
52606	52612
52607	52613
52608	52614
52609	52616
52610	52616
52611	52616
52612	52617
52613	52618
52614	52620
52615	52623
52616	52625
52617	52625
52618	52625
52619	52627
52620	52627
52621	52627
52622	52628
52623	52628
52624	52629
52625	52631
52626	52631
52627	52631
52628	52632
52629	52634
52630	52637
52631	52639
52632	52640
52633	52641
52634	52642
52635	52644
52636	52644
52637	52644
52638	52645
52639	52647
52640	52650
52641	52652
52642	52652
52643	52652
52644	52654
52645	52654
52646	52654
52647	52656
52648	52656
52649	52656
52650	52657
52651	52659
52652	52659
52653	52659
52654	52661
52655	52662
52656	52663
52657	52664
52658	52666
52659	52666
52660	52666
52661	52667
52662	52669
52663	52672
52664	52674
52665	52674
52666	52674
52667	52676
52668	52676
52669	52676
52670	52678
52671	52678
52672	52678
52673	52678
52674	52680
52675	52681
52676	52683
52677	52684
52678	52686
52679	52686
52680	52686
52681	52689
52682	52691
52683	52691
52684	52691
52685	52692
52686	52692
52687	52694
52688	52694
52689	52694
52690	52695
52691	52697
52692	52700
52693	52701
52694	52701
52695	52702
52696	52702
52697	52703
52698	52703
52699	52704
52700	52706
52701	52706
52702	52706
52703	52707
52704	52709
52705	52710
52706	52712
52707	52713
52708	52714
52709	52714
52710	52717
52711	52719
52712	52719
52713	52719
52714	52721
52715	52721
52716	52721
52717	52723
52718	52723
52719	52723
52720	52726
52721	52728
52722	52729
52723	52731
52724	52731
52725	52731
52726	52732
52727	52734
52728	52734
52729	52734
52730	52736
52731	52737
52732	52739
52733	52739
52734	52739
52735	52740
52736	52741
52737	52741
52738	52743
52739	52743
52740	52743
52741	52744
52742	52746
52743	52747
52744	52749
52745	52750
52746	52752
52747	52755
52748	52757
52749	52758
52750	52760
52751	52760
52752	52760
52753	52761
52754	52761
52755	52763
52756	52764
52757	52766
52758	52766
52759	52766
52760	52767
52761	52769
52762	52769
52763	52769
52764	52771
52765	52772
52766	52774
52767	52774
52768	52774
52769	52775
52770	52777
52771	52777
52772	52777
52773	52778
52774	52780
52775	52783
52776	52785
52777	52785
52778	52785
52779	52787
52780	52787
52781	52787
52782	52789
52783	52789
52784	52789
52785	52789
52786	52792
52787	52794
52788	52795
52789	52797
52790	52798
52791	52800
52792	52800
52793	52800
52794	52802
52795	52804
52796	52804
52797	52804
52798	52806
52799	52806
52800	52806
52801	52807
52802	52809
52803	52812
52804	52814
52805	52814
52806	52814
52807	52816
52808	52816
52809	52816
52810	52818
52811	52818
52812	52818
52813	52819
52814	52821
52815	52821
52816	52821
52817	52823
52818	52824
52819	52826
52820	52827
52821	52829
52822	52829
52823	52829
52824	52832
52825	52834
52826	52834
52827	52834
52828	52835
52829	52835
52830	52837
52831	52837
52832	52837
52833	52838
52834	52840
52835	52843
52836	52844
52837	52844
52838	52846
52839	52846
52840	52846
52841	52847
52842	52847
52843	52848
52844	52849
52845	52849
52846	52851
52847	52852
52848	52854
52849	52854
52850	52857
52851	52859
52852	52859
52853	52859
52854	52861
52855	52861
52856	52861
52857	52862
52858	52862
52859	52863
52860	52865
52861	52866
52862	52868
52863	52868
52864	52868
52865	52871
52866	52873
52867	52873
52868	52873
52869	52875
52870	52875
52871	52875
52872	52876
52873	52876
52874	52879
52875	52881
52876	52882
52877	52884
52878	52886
52879	52888
52880	52888
52881	52889
52882	52891
52883	52891
52884	52891
52885	52893
52886	52894
52887	52896
52888	52896
52889	52896
52890	52896
52891	52897
52892	52899
52893	52902
52894	52904
52895	52904
52896	52904
52897	52906
52898	52906
52899	52906
52900	52908
52901	52908
52902	52908
52903	52909
52904	52911
52905	52911
52906	52911
52907	52912
52908	52914
52909	52916
52910	52918
52911	52919
52912	52921
52913	52921
52914	52921
52915	52922
52916	52924
52917	52924
52918	52924
52919	52926
52920	52927
52921	52929
52922	52929
52923	52929
52924	52930
52925	52932
52926	52932
52927	52932
52928	52933
52929	52935
52930	52938
52931	52940
52931
1.4336395
